frame_id,timestamp_ms,c2w_m00,c2w_m01,c2w_m02,c2w_m03,c2w_m10,c2w_m11,c2w_m12,c2w_m13,c2w_m20,c2w_m21,c2w_m22,c2w_m23,c2w_m30,c2w_m31,c2w_m32,c2w_m33,camera_model,camera_fx,camera_fy,camera_cx,camera_cy,camera_radial_k1,camera_radial_k2,camera_radial_k3,camera_radial_k4,camera_radial_k5,camera_radial_k6,camera_tangential_p1,camera_tangential_p2,input_keys,input_actions,input_mouse_buttons,input_mouse_dx,input_mouse_dy
0,0,,,,,,,,,,,,,,,,,,,,,,,,,,,,,,,,,0.0,0.0
1,33,,,,,,,,,,,,,,,,,,,,,,,,,,,,,,,,,0.0,0.0
2,67,,,,,,,,,,,,,,,,,,,,,,,,,,,,,,,,,0.0,0.0
3,100,,,,,,,,,,,,,,,,,,,,,,,,,,,,,,,,,0.0,0.0
4,133,,,,,,,,,,,,,,,,,,,,,,,,,,,,,,,,,0.0,0.0
5,167,,,,,,,,,,,,,,,,,,,,,,,,,,,,,,,,,0.0,0.0
6,200,,,,,,,,,,,,,,,,,,,,,,,,,,,,,,,,,0.0,0.0
7,233,,,,,,,,,,,,,,,,,,,,,,,,,,,,,,,,,0.0,0.0
8,267,,,,,,,,,,,,,,,,,,,,,,,,,,,,,,,,,0.0,0.0
9,300,,,,,,,,,,,,,,,,,,,,,,,,,,,,,,,,,0.0,0.0
10,367,,,,,,,,,,,,,,,,,,,,,,,,,,,,,,,,,0.0,0.0
11,400,,,,,,,,,,,,,,,,,,,,,,,,,,,,,,,,,0.0,0.0
12,433,,,,,,,,,,,,,,,,,,,,,,,,,,,,,,,,,0.0,0.0
13,467,,,,,,,,,,,,,,,,,,,,,,,,,,,,,,,,,0.0,0.0
14,500,,,,,,,,,,,,,,,,,,,,,,,,,,,,,,,,,0.0,0.0
15,533,,,,,,,,,,,,,,,,,,,,,,,,,,,,,,,,,0.0,0.0
16,567,,,,,,,,,,,,,,,,,,,,,,,,,,,,,,,,,0.0,0.0
17,600,,,,,,,,,,,,,,,,,,,,,,,,,,,,,,,,,0.0,0.0
18,633,,,,,,,,,,,,,,,,,,,,,,,,,,,,,,,,,0.0,0.0
19,667,,,,,,,,,,,,,,,,,,,,,,,,,,,,,,,,,0.0,0.0
20,733,,,,,,,,,,,,,,,,,,,,,,,,,,,,,,,,,0.0,0.0
21,800,,,,,,,,,,,,,,,,,,,,,,,,,,,,,,,,,0.0,0.0
22,833,,,,,,,,,,,,,,,,,,,,,,,,,,,,,,,,,0.0,0.0
23,867,,,,,,,,,,,,,,,,,,,,,,,,,,,,,,,,,0.0,0.0
24,900,,,,,,,,,,,,,,,,,,,,,,,,,,,,,,,,,0.0,0.0
25,933,,,,,,,,,,,,,,,,,,,,,,,,,,,,,,,movement_look_x_axis,,3.0,0.0
26,967,,,,,,,,,,,,,,,,,,,,,,,,,,,,,,,,,0.0,0.0
27,1000,,,,,,,,,,,,,,,,,,,,,,,,,,,,,,,,,0.0,0.0
28,1033,,,,,,,,,,,,,,,,,,,,,,,,,,,,,,,,,0.0,0.0
29,1067,,,,,,,,,,,,,,,,,,,,,,,,,,,,,,,,,0.0,0.0
30,1100,,,,,,,,,,,,,,,,,,,,,,,,,,,,,,,,,0.0,0.0
31,1133,,,,,,,,,,,,,,,,,,,,,,,,,,,,,,,,,0.0,0.0
32,1167,,,,,,,,,,,,,,,,,,,,,,,,,,,,,,,,,0.0,0.0
33,1233,,,,,,,,,,,,,,,,,,,,,,,,,,,,,,,,,0.0,0.0
34,1267,,,,,,,,,,,,,,,,,,,,,,,,,,,,,,,,,0.0,0.0
35,1300,,,,,,,,,,,,,,,,,,,,,,,,,,,,,,,,,0.0,0.0
36,1333,,,,,,,,,,,,,,,,,,,,,,,,,,,,,,,,,0.0,0.0
37,1367,,,,,,,,,,,,,,,,,,,,,,,,,,,,,,,,,0.0,0.0
38,1400,,,,,,,,,,,,,,,,,,,,,,,,,,,,,,,,,0.0,0.0
39,1433,,,,,,,,,,,,,,,,,,,,,,,,,,,,,,,,,0.0,0.0
40,1467,,,,,,,,,,,,,,,,,,,,,,,,,,,,,,,,,0.0,0.0
41,1500,,,,,,,,,,,,,,,,,,,,,,,,,,,,,,,,,0.0,0.0
42,1533,,,,,,,,,,,,,,,,,,,,,,,,,,,,,,,,,0.0,0.0
43,1567,,,,,,,,,,,,,,,,,,,,,,,,,,,,,,,,,0.0,0.0
44,1600,,,,,,,,,,,,,,,,,,,,,,,,,,,,,,,,,0.0,0.0
45,1633,,,,,,,,,,,,,,,,,,,,,,,,,,,,,,,,,0.0,0.0
46,1667,,,,,,,,,,,,,,,,,,,,,,,,,,,,,,,,,0.0,0.0
47,1700,,,,,,,,,,,,,,,,,,,,,,,,,,,,,,,,,0.0,0.0
48,1733,,,,,,,,,,,,,,,,,,,,,,,,,,,,,,,,,0.0,0.0
49,1767,,,,,,,,,,,,,,,,,,,,,,,,,,,,,,,,,0.0,0.0
50,1800,,,,,,,,,,,,,,,,,,,,,,,,,,,,,,,,,0.0,0.0
51,1833,,,,,,,,,,,,,,,,,,,,,,,,,,,,,,,,,0.0,0.0
52,1867,,,,,,,,,,,,,,,,,,,,,,,,,,,,,,,,,0.0,0.0
53,1900,,,,,,,,,,,,,,,,,,,,,,,,,,,,,,,,,0.0,0.0
54,1933,,,,,,,,,,,,,,,,,,,,,,,,,,,,,,,,,0.0,0.0
55,2000,,,,,,,,,,,,,,,,,,,,,,,,,,,,,,,,,0.0,0.0
56,2067,,,,,,,,,,,,,,,,,,,,,,,,,,,,,,,,,0.0,0.0
57,2100,,,,,,,,,,,,,,,,,,,,,,,,,,,,,,,,,0.0,0.0
58,2133,,,,,,,,,,,,,,,,,,,,,,,,,,,,,,,,,0.0,0.0
59,2167,,,,,,,,,,,,,,,,,,,,,,,,,,,,,,,,,0.0,0.0
60,2200,,,,,,,,,,,,,,,,,,,,,,,,,,,,,,,,,0.0,0.0
61,2233,,,,,,,,,,,,,,,,,,,,,,,,,,,,,,,,,0.0,0.0
62,2267,,,,,,,,,,,,,,,,,,,,,,,,,,,,,,,,,0.0,0.0
63,2300,,,,,,,,,,,,,,,,,,,,,,,,,,,,,,,,,0.0,0.0
64,2367,,,,,,,,,,,,,,,,,,,,,,,,,,,,,,,,,0.0,0.0
65,2433,,,,,,,,,,,,,,,,,,,,,,,,,,,,,,,,,0.0,0.0
66,2467,,,,,,,,,,,,,,,,,,,,,,,,,,,,,,,,,0.0,0.0
67,2500,,,,,,,,,,,,,,,,,,,,,,,,,,,,,,,,,0.0,0.0
68,2533,,,,,,,,,,,,,,,,,,,,,,,,,,,,,,,,,0.0,0.0
69,2567,,,,,,,,,,,,,,,,,,,,,,,,,,,,,,,,,0.0,0.0
70,2600,,,,,,,,,,,,,,,,,,,,,,,,,,,,,,,,,0.0,0.0
71,2633,,,,,,,,,,,,,,,,,,,,,,,,,,,,,,,,,0.0,0.0
72,2667,,,,,,,,,,,,,,,,,,,,,,,,,,,,,,,,,0.0,0.0
73,2700,,,,,,,,,,,,,,,,,,,,,,,,,,,,,,,,,0.0,0.0
74,2733,,,,,,,,,,,,,,,,,,,,,,,,,,,,,,,,,0.0,0.0
75,2800,,,,,,,,,,,,,,,,,,,,,,,,,,,,,,,,,0.0,0.0
76,2833,,,,,,,,,,,,,,,,,,,,,,,,,,,,,,,,,0.0,0.0
77,2867,,,,,,,,,,,,,,,,,,,,,,,,,,,,,,,,,0.0,0.0
78,2900,,,,,,,,,,,,,,,,,,,,,,,,,,,,,,,,,0.0,0.0
79,2933,,,,,,,,,,,,,,,,,,,,,,,,,,,,,,,,,0.0,0.0
80,2967,,,,,,,,,,,,,,,,,,,,,,,,,,,,,,,,,0.0,0.0
81,3000,,,,,,,,,,,,,,,,,,,,,,,,,,,,,,,,,0.0,0.0
82,3033,,,,,,,,,,,,,,,,,,,,,,,,,,,,,,,,,0.0,0.0
83,3067,,,,,,,,,,,,,,,,,,,,,,,,,,,,,,,,,0.0,0.0
84,3100,,,,,,,,,,,,,,,,,,,,,,,,,,,,,,,,,0.0,0.0
85,3133,,,,,,,,,,,,,,,,,,,,,,,,,,,,,,,,,0.0,0.0
86,3167,,,,,,,,,,,,,,,,,,,,,,,,,,,,,,,,,0.0,0.0
87,3200,,,,,,,,,,,,,,,,,,,,,,,,,,,,,,,,,0.0,0.0
88,3267,,,,,,,,,,,,,,,,,,,,,,,,,,,,,,,,,0.0,0.0
89,3300,,,,,,,,,,,,,,,,,,,,,,,,,,,,,,,,,0.0,0.0
90,3333,,,,,,,,,,,,,,,,,,,,,,,,,,,,,,,,,0.0,0.0
91,3367,,,,,,,,,,,,,,,,,,,,,,,,,,,,,,,,,0.0,0.0
92,3400,,,,,,,,,,,,,,,,,,,,,,,,,,,,,,,,,0.0,0.0
93,3433,,,,,,,,,,,,,,,,,,,,,,,,,,,,,,,,,0.0,0.0
94,3467,,,,,,,,,,,,,,,,,,,,,,,,,,,,,,,,,0.0,0.0
95,3500,,,,,,,,,,,,,,,,,,,,,,,,,,,,,,,,,0.0,0.0
96,3567,,,,,,,,,,,,,,,,,,,,,,,,,,,,,,,,,0.0,0.0
97,3600,,,,,,,,,,,,,,,,,,,,,,,,,,,,,,,,,0.0,0.0
98,3667,,,,,,,,,,,,,,,,,,,,,,,,,,,,,,,,,0.0,0.0
99,3700,,,,,,,,,,,,,,,,,,,,,,,,,,,,,,,,,0.0,0.0
100,3733,,,,,,,,,,,,,,,,,,,,,,,,,,,,,,,,,0.0,0.0
101,3767,,,,,,,,,,,,,,,,,,,,,,,,,,,,,,,,,0.0,0.0
102,3800,,,,,,,,,,,,,,,,,,,,,,,,,,,,,,,,,0.0,0.0
103,3833,,,,,,,,,,,,,,,,,,,,,,,,,,,,,,,,,0.0,0.0
104,3867,,,,,,,,,,,,,,,,,,,,,,,,,,,,,,,,,0.0,0.0
105,3900,,,,,,,,,,,,,,,,,,,,,,,,,,,,,,,,,0.0,0.0
106,3967,,,,,,,,,,,,,,,,,,,,,,,,,,,,,,,,,0.0,0.0
107,4000,,,,,,,,,,,,,,,,,,,,,,,,,,,,,,,,,0.0,0.0
108,4067,,,,,,,,,,,,,,,,,,,,,,,,,,,,,,,,,0.0,0.0
109,4100,,,,,,,,,,,,,,,,,,,,,,,,,,,,,,,,,0.0,0.0
110,4133,,,,,,,,,,,,,,,,,,,,,,,,,,,,,,,,,0.0,0.0
111,4167,,,,,,,,,,,,,,,,,,,,,,,,,,,,,,,,,0.0,0.0
112,4200,,,,,,,,,,,,,,,,,,,,,,,,,,,,,,,,,0.0,0.0
113,4233,,,,,,,,,,,,,,,,,,,,,,,,,,,,,,,,,0.0,0.0
114,4267,,,,,,,,,,,,,,,,,,,,,,,,,,,,,,,,,0.0,0.0
115,4333,,,,,,,,,,,,,,,,,,,,,,,,,,,,,,,,,0.0,0.0
116,4367,,,,,,,,,,,,,,,,,,,,,,,,,,,,,,,,,0.0,0.0
117,4400,,,,,,,,,,,,,,,,,,,,,,,,,,,,,,,,,0.0,0.0
118,4433,,,,,,,,,,,,,,,,,,,,,,,,,,,,,,,,,0.0,0.0
119,4467,,,,,,,,,,,,,,,,,,,,,,,,,,,,,,,,,0.0,0.0
120,4500,,,,,,,,,,,,,,,,,,,,,,,,,,,,,,,,,0.0,0.0
121,4533,,,,,,,,,,,,,,,,,,,,,,,,,,,,,,,,,0.0,0.0
122,4567,,,,,,,,,,,,,,,,,,,,,,,,,,,,,,,,,0.0,0.0
123,4600,,,,,,,,,,,,,,,,,,,,,,,,,,,,,,,,,0.0,0.0
124,4633,,,,,,,,,,,,,,,,,,,,,,,,,,,,,,,,,0.0,0.0
125,4667,,,,,,,,,,,,,,,,,,,,,,,,,,,,,,,,,0.0,0.0
126,4700,,,,,,,,,,,,,,,,,,,,,,,,,,,,,,,,,0.0,0.0
127,4767,,,,,,,,,,,,,,,,,,,,,,,,,,,,,,,,,0.0,0.0
128,4800,,,,,,,,,,,,,,,,,,,,,,,,,,,,,,,,,0.0,0.0
129,4833,,,,,,,,,,,,,,,,,,,,,,,,,,,,,,,,,0.0,0.0
130,4867,,,,,,,,,,,,,,,,,,,,,,,,,,,,,,,,,0.0,0.0
131,4900,,,,,,,,,,,,,,,,,,,,,,,,,,,,,,,,,0.0,0.0
132,4933,,,,,,,,,,,,,,,,,,,,,,,,,,,,,,,,,0.0,0.0
133,4967,,,,,,,,,,,,,,,,,,,,,,,,,,,,,,,,,0.0,0.0
134,5000,,,,,,,,,,,,,,,,,,,,,,,,,,,,,,,,,0.0,0.0
135,5033,,,,,,,,,,,,,,,,,,,,,,,,,,,,,,,,,0.0,0.0
136,5100,,,,,,,,,,,,,,,,,,,,,,,,,,,,,,,,,0.0,0.0
137,5133,,,,,,,,,,,,,,,,,,,,,,,,,,,,,,,,,0.0,0.0
138,5167,,,,,,,,,,,,,,,,,,,,,,,,,,,,,,,,,0.0,0.0
139,5200,,,,,,,,,,,,,,,,,,,,,,,,,,,,,,,,,0.0,0.0
140,5233,,,,,,,,,,,,,,,,,,,,,,,,,,,,,,,,,0.0,0.0
141,5267,,,,,,,,,,,,,,,,,,,,,,,,,,,,,,,,,0.0,0.0
142,5300,,,,,,,,,,,,,,,,,,,,,,,,,,,,,,,,,0.0,0.0
143,5333,,,,,,,,,,,,,,,,,,,,,,,,,,,,,,,,,0.0,0.0
144,5367,,,,,,,,,,,,,,,,,,,,,,,,,,,,,,,,,0.0,0.0
145,5400,,,,,,,,,,,,,,,,,,,,,,,,,,,,,,,,,0.0,0.0
146,5433,,,,,,,,,,,,,,,,,,,,,,,,,,,,,,,,,0.0,0.0
147,5467,,,,,,,,,,,,,,,,,,,,,,,,,,,,,,,,,0.0,0.0
148,5500,,,,,,,,,,,,,,,,,,,,,,,,,,,,,,,,,0.0,0.0
149,5567,,,,,,,,,,,,,,,,,,,,,,,,,,,,,,,,,0.0,0.0
150,5600,,,,,,,,,,,,,,,,,,,,,,,,,,,,,,,,,0.0,0.0
151,5633,,,,,,,,,,,,,,,,,,,,,,,,,,,,,,,,,0.0,0.0
152,5667,,,,,,,,,,,,,,,,,,,,,,,,,,,,,,,,,0.0,0.0
153,5700,,,,,,,,,,,,,,,,,,,,,,,,,,,,,,,,,0.0,0.0
154,5733,,,,,,,,,,,,,,,,,,,,,,,,,,,,,,,,,0.0,0.0
155,5800,,,,,,,,,,,,,,,,,,,,,,,,,,,,,,,,,0.0,0.0
156,5833,,,,,,,,,,,,,,,,,,,,,,,,,,,,,,,,,0.0,0.0
157,5867,,,,,,,,,,,,,,,,,,,,,,,,,,,,,,,,,0.0,0.0
158,5900,,,,,,,,,,,,,,,,,,,,,,,,,,,,,,,,,0.0,0.0
159,5933,,,,,,,,,,,,,,,,,,,,,,,,,,,,,,,,,0.0,0.0
160,5967,,,,,,,,,,,,,,,,,,,,,,,,,,,,,,,,,0.0,0.0
161,6000,,,,,,,,,,,,,,,,,,,,,,,,,,,,,,,,,0.0,0.0
162,6033,,,,,,,,,,,,,,,,,,,,,,,,,,,,,,,,,0.0,0.0
163,6067,,,,,,,,,,,,,,,,,,,,,,,,,,,,,,,,,0.0,0.0
164,6100,,,,,,,,,,,,,,,,,,,,,,,,,,,,,,,,,0.0,0.0
165,6133,,,,,,,,,,,,,,,,,,,,,,,,,,,,,,,,,0.0,0.0
166,6167,,,,,,,,,,,,,,,,,,,,,,,,,,,,,,,,,0.0,0.0
167,6200,,,,,,,,,,,,,,,,,,,,,,,,,,,,,,E,general_primary_interact,,0.0,0.0
168,6233,,,,,,,,,,,,,,,,,,,,,,,,,,,,,,E,general_primary_interact,,0.0,0.0
169,6267,,,,,,,,,,,,,,,,,,,,,,,,,,,,,,E,general_primary_interact,,0.0,0.0
170,6300,,,,,,,,,,,,,,,,,,,,,,,,,,,,,,E,general_primary_interact,,0.0,0.0
171,6333,,,,,,,,,,,,,,,,,,,,,,,,,,,,,,E,general_primary_interact,,0.0,0.0
172,6367,,,,,,,,,,,,,,,,,,,,,,,,,,,,,,,,,0.0,0.0
173,6400,,,,,,,,,,,,,,,,,,,,,,,,,,,,,,,,,0.0,0.0
174,6433,,,,,,,,,,,,,,,,,,,,,,,,,,,,,,,,,0.0,0.0
175,6467,,,,,,,,,,,,,,,,,,,,,,,,,,,,,,,,,0.0,0.0
176,6500,,,,,,,,,,,,,,,,,,,,,,,,,,,,,,,,,0.0,0.0
177,6567,,,,,,,,,,,,,,,,,,,,,,,,,,,,,,,,,0.0,0.0
178,6600,,,,,,,,,,,,,,,,,,,,,,,,,,,,,,,,,0.0,0.0
179,6633,,,,,,,,,,,,,,,,,,,,,,,,,,,,,,,,,0.0,0.0
180,6667,,,,,,,,,,,,,,,,,,,,,,,,,,,,,,,,,0.0,0.0
181,6700,,,,,,,,,,,,,,,,,,,,,,,,,,,,,,,movement_look_x_axis|movement_look_y_axis,,5.0,-10.0
182,6733,,,,,,,,,,,,,,,,,,,,,,,,,,,,,,,,,0.0,0.0
183,6767,,,,,,,,,,,,,,,,,,,,,,,,,,,,,,,movement_look_x_axis|movement_look_y_axis,,7.0,-23.0
184,6800,,,,,,,,,,,,,,,,,,,,,,,,,,,,,,,movement_look_x_axis|movement_look_y_axis,,3.0,-23.0
185,6833,,,,,,,,,,,,,,,,,,,,,,,,,,,,,,,movement_look_x_axis|movement_look_y_axis,,-3.0,-15.0
186,6867,,,,,,,,,,,,,,,,,,,,,,,,,,,,,,,movement_look_x_axis|movement_look_y_axis,,-4.0,-10.0
187,6900,,,,,,,,,,,,,,,,,,,,,,,,,,,,,,,movement_look_x_axis|movement_look_y_axis,,-15.0,-28.0
188,6933,,,,,,,,,,,,,,,,,,,,,,,,,,,,,,,movement_look_x_axis|movement_look_y_axis,,-12.0,-50.0
189,6967,,,,,,,,,,,,,,,,,,,,,,,,,,,,,,,movement_look_x_axis|movement_look_y_axis,,-1.0,-57.0
190,7033,,,,,,,,,,,,,,,,,,,,,,,,,,,,,,,,,0.0,0.0
191,7067,,,,,,,,,,,,,,,,,,,,,,,,,,,,,,,,,0.0,0.0
192,7100,,,,,,,,,,,,,,,,,,,,,,,,,,,,,,,,,0.0,0.0
193,7133,,,,,,,,,,,,,,,,,,,,,,,,,,,,,,,,,0.0,0.0
194,7167,,,,,,,,,,,,,,,,,,,,,,,,,,,,,,,,,0.0,0.0
195,7200,,,,,,,,,,,,,,,,,,,,,,,,,,,,,,,,,0.0,0.0
196,7233,,,,,,,,,,,,,,,,,,,,,,,,,,,,,,,,,0.0,0.0
197,7267,,,,,,,,,,,,,,,,,,,,,,,,,,,,,,,movement_look_y_axis,,0.0,-8.0
198,7333,,,,,,,,,,,,,,,,,,,,,,,,,,,,,,,movement_look_x_axis|movement_look_y_axis,,2.0,-18.0
199,7367,,,,,,,,,,,,,,,,,,,,,,,,,,,,,,,movement_look_x_axis|movement_look_y_axis,,1.0,-6.0
200,7400,,,,,,,,,,,,,,,,,,,,,,,,,,,,,,,,,0.0,0.0
201,7433,,,,,,,,,,,,,,,,,,,,,,,,,,,,,,,,,0.0,0.0
202,7467,,,,,,,,,,,,,,,,,,,,,,,,,,,,,,,,,0.0,0.0
203,7500,,,,,,,,,,,,,,,,,,,,,,,,,,,,,,,,,0.0,0.0
204,7533,,,,,,,,,,,,,,,,,,,,,,,,,,,,,,,,,0.0,0.0
205,7567,,,,,,,,,,,,,,,,,,,,,,,,,,,,,,,,,0.0,0.0
206,7600,,,,,,,,,,,,,,,,,,,,,,,,,,,,,,,,,0.0,0.0
207,7633,,,,,,,,,,,,,,,,,,,,,,,,,,,,,,,,,0.0,0.0
208,7667,,,,,,,,,,,,,,,,,,,,,,,,,,,,,,,,,0.0,0.0
209,7700,,,,,,,,,,,,,,,,,,,,,,,,,,,,,,,,,0.0,0.0
210,7767,,,,,,,,,,,,,,,,,,,,,,,,,,,,,,,,,0.0,0.0
211,7800,,,,,,,,,,,,,,,,,,,,,,,,,,,,,,,,,0.0,0.0
212,7833,,,,,,,,,,,,,,,,,,,,,,,,,,,,,,,,,0.0,0.0
213,7867,,,,,,,,,,,,,,,,,,,,,,,,,,,,,,,,,0.0,0.0
214,7900,,,,,,,,,,,,,,,,,,,,,,,,,,,,,,,,,0.0,0.0
215,7933,,,,,,,,,,,,,,,,,,,,,,,,,,,,,,,,,0.0,0.0
216,7967,,,,,,,,,,,,,,,,,,,,,,,,,,,,,,,,,0.0,0.0
217,8000,,,,,,,,,,,,,,,,,,,,,,,,,,,,,,,,,0.0,0.0
218,8033,,,,,,,,,,,,,,,,,,,,,,,,,,,,,,,,,0.0,0.0
219,8067,,,,,,,,,,,,,,,,,,,,,,,,,,,,,,,,,0.0,0.0
220,8133,,,,,,,,,,,,,,,,,,,,,,,,,,,,,,,,,0.0,0.0
221,8167,,,,,,,,,,,,,,,,,,,,,,,,,,,,,,,,,0.0,0.0
222,8200,,,,,,,,,,,,,,,,,,,,,,,,,,,,,,,,,0.0,0.0
223,8233,,,,,,,,,,,,,,,,,,,,,,,,,,,,,,,,,0.0,0.0
224,8267,,,,,,,,,,,,,,,,,,,,,,,,,,,,,,,,,0.0,0.0
225,8300,,,,,,,,,,,,,,,,,,,,,,,,,,,,,,,,,0.0,0.0
226,8333,,,,,,,,,,,,,,,,,,,,,,,,,,,,,,,,,0.0,0.0
227,8367,,,,,,,,,,,,,,,,,,,,,,,,,,,,,,,,,0.0,0.0
228,8400,,,,,,,,,,,,,,,,,,,,,,,,,,,,,,,,,0.0,0.0
229,8433,,,,,,,,,,,,,,,,,,,,,,,,,,,,,,,,,0.0,0.0
230,8467,,,,,,,,,,,,,,,,,,,,,,,,,,,,,,,,,0.0,0.0
231,8533,,,,,,,,,,,,,,,,,,,,,,,,,,,,,,,,,0.0,0.0
232,8567,,,,,,,,,,,,,,,,,,,,,,,,,,,,,,,,,0.0,0.0
233,8600,,,,,,,,,,,,,,,,,,,,,,,,,,,,,,,,,0.0,0.0
234,8633,,,,,,,,,,,,,,,,,,,,,,,,,,,,,,,,,0.0,0.0
235,8667,,,,,,,,,,,,,,,,,,,,,,,,,,,,,,,,,0.0,0.0
236,8700,,,,,,,,,,,,,,,,,,,,,,,,,,,,,,,,,0.0,0.0
237,8733,,,,,,,,,,,,,,,,,,,,,,,,,,,,,,,,,0.0,0.0
238,8767,,,,,,,,,,,,,,,,,,,,,,,,,,,,,,,,,0.0,0.0
239,8800,,,,,,,,,,,,,,,,,,,,,,,,,,,,,,,,,0.0,0.0
240,8833,,,,,,,,,,,,,,,,,,,,,,,,,,,,,,,,,0.0,0.0
241,8867,,,,,,,,,,,,,,,,,,,,,,,,,,,,,,,,,0.0,0.0
242,8900,,,,,,,,,,,,,,,,,,,,,,,,,,,,,,,,,0.0,0.0
243,8933,,,,,,,,,,,,,,,,,,,,,,,,,,,,,,,,,0.0,0.0
244,9000,,,,,,,,,,,,,,,,,,,,,,,,,,,,,,,,,0.0,0.0
245,9033,,,,,,,,,,,,,,,,,,,,,,,,,,,,,,,,,0.0,0.0
246,9067,,,,,,,,,,,,,,,,,,,,,,,,,,,,,,,,,0.0,0.0
247,9100,,,,,,,,,,,,,,,,,,,,,,,,,,,,,,,,,0.0,0.0
248,9133,,,,,,,,,,,,,,,,,,,,,,,,,,,,,,,,,0.0,0.0
249,9167,,,,,,,,,,,,,,,,,,,,,,,,,,,,,,,,,0.0,0.0
250,9200,,,,,,,,,,,,,,,,,,,,,,,,,,,,,,,,,0.0,0.0
251,9233,,,,,,,,,,,,,,,,,,,,,,,,,,,,,,,,,0.0,0.0
252,9267,,,,,,,,,,,,,,,,,,,,,,,,,,,,,,E,general_primary_interact,,0.0,0.0
253,9333,,,,,,,,,,,,,,,,,,,,,,,,,,,,,,E,general_primary_interact,,0.0,0.0
254,9367,,,,,,,,,,,,,,,,,,,,,,,,,,,,,,E,general_primary_interact,,0.0,0.0
255,9400,,,,,,,,,,,,,,,,,,,,,,,,,,,,,,E,general_primary_interact,,0.0,0.0
256,9433,,,,,,,,,,,,,,,,,,,,,,,,,,,,,,E,general_primary_interact,,0.0,0.0
257,9467,,,,,,,,,,,,,,,,,,,,,,,,,,,,,,,,,0.0,0.0
258,9500,,,,,,,,,,,,,,,,,,,,,,,,,,,,,,,,,0.0,0.0
259,9533,,,,,,,,,,,,,,,,,,,,,,,,,,,,,,,,,0.0,0.0
260,9567,,,,,,,,,,,,,,,,,,,,,,,,,,,,,,,,,0.0,0.0
261,9600,,,,,,,,,,,,,,,,,,,,,,,,,,,,,,,,,0.0,0.0
262,9633,,,,,,,,,,,,,,,,,,,,,,,,,,,,,,,,,0.0,0.0
263,9667,,,,,,,,,,,,,,,,,,,,,,,,,,,,,,,,,0.0,0.0
264,9733,,,,,,,,,,,,,,,,,,,,,,,,,,,,,,,,,0.0,0.0
265,9767,,,,,,,,,,,,,,,,,,,,,,,,,,,,,,,,,0.0,0.0
266,9800,,,,,,,,,,,,,,,,,,,,,,,,,,,,,,,,,0.0,0.0
267,9833,,,,,,,,,,,,,,,,,,,,,,,,,,,,,,,,,0.0,0.0
268,9867,,,,,,,,,,,,,,,,,,,,,,,,,,,,,,,,,0.0,0.0
269,9900,,,,,,,,,,,,,,,,,,,,,,,,,,,,,,,,,0.0,0.0
270,9933,,,,,,,,,,,,,,,,,,,,,,,,,,,,,,,,,0.0,0.0
271,9967,,,,,,,,,,,,,,,,,,,,,,,,,,,,,,,,,0.0,0.0
272,10000,,,,,,,,,,,,,,,,,,,,,,,,,,,,,,,,,0.0,0.0
273,10033,,,,,,,,,,,,,,,,,,,,,,,,,,,,,,,,,0.0,0.0
274,10100,,,,,,,,,,,,,,,,,,,,,,,,,,,,,,,,,0.0,0.0
275,10133,,,,,,,,,,,,,,,,,,,,,,,,,,,,,,,,,0.0,0.0
276,10167,,,,,,,,,,,,,,,,,,,,,,,,,,,,,,,,,0.0,0.0
277,10200,,,,,,,,,,,,,,,,,,,,,,,,,,,,,,,,,0.0,0.0
278,10233,,,,,,,,,,,,,,,,,,,,,,,,,,,,,,,,,0.0,0.0
279,10267,,,,,,,,,,,,,,,,,,,,,,,,,,,,,,,,,0.0,0.0
280,10300,,,,,,,,,,,,,,,,,,,,,,,,,,,,,,,,,0.0,0.0
281,10333,,,,,,,,,,,,,,,,,,,,,,,,,,,,,,,,,0.0,0.0
282,10367,,,,,,,,,,,,,,,,,,,,,,,,,,,,,,,,,0.0,0.0
283,10400,,,,,,,,,,,,,,,,,,,,,,,,,,,,,,,,,0.0,0.0
284,10433,,,,,,,,,,,,,,,,,,,,,,,,,,,,,,,,,0.0,0.0
285,10467,,,,,,,,,,,,,,,,,,,,,,,,,,,,,,,,,0.0,0.0
286,10500,,,,,,,,,,,,,,,,,,,,,,,,,,,,,,,,,0.0,0.0
287,10567,,,,,,,,,,,,,,,,,,,,,,,,,,,,,,,,,0.0,0.0
288,10600,,,,,,,,,,,,,,,,,,,,,,,,,,,,,,,,,0.0,0.0
289,10633,,,,,,,,,,,,,,,,,,,,,,,,,,,,,,,,,0.0,0.0
290,10667,,,,,,,,,,,,,,,,,,,,,,,,,,,,,,,,,0.0,0.0
291,10700,,,,,,,,,,,,,,,,,,,,,,,,,,,,,,,,,0.0,0.0
292,10733,,,,,,,,,,,,,,,,,,,,,,,,,,,,,,,,,0.0,0.0
293,10767,,,,,,,,,,,,,,,,,,,,,,,,,,,,,,,,,0.0,0.0
294,10800,,,,,,,,,,,,,,,,,,,,,,,,,,,,,,,,,0.0,0.0
295,10833,,,,,,,,,,,,,,,,,,,,,,,,,,,,,,,,,0.0,0.0
296,10867,,,,,,,,,,,,,,,,,,,,,,,,,,,,,,,,,0.0,0.0
297,10900,,,,,,,,,,,,,,,,,,,,,,,,,,,,,,,,,0.0,0.0
298,10933,,,,,,,,,,,,,,,,,,,,,,,,,,,,,,,,,0.0,0.0
299,10967,,,,,,,,,,,,,,,,,,,,,,,,,,,,,,,,,0.0,0.0
300,11033,,,,,,,,,,,,,,,,,,,,,,,,,,,,,,,,,0.0,0.0
301,11067,,,,,,,,,,,,,,,,,,,,,,,,,,,,,,,,,0.0,0.0
302,11100,,,,,,,,,,,,,,,,,,,,,,,,,,,,,,,,,0.0,0.0
303,11133,,,,,,,,,,,,,,,,,,,,,,,,,,,,,,,,,0.0,0.0
304,11167,,,,,,,,,,,,,,,,,,,,,,,,,,,,,,,,,0.0,0.0
305,11200,,,,,,,,,,,,,,,,,,,,,,,,,,,,,,,,,0.0,0.0
306,11233,,,,,,,,,,,,,,,,,,,,,,,,,,,,,,,,,0.0,0.0
307,11267,,,,,,,,,,,,,,,,,,,,,,,,,,,,,,,,,0.0,0.0
308,11300,,,,,,,,,,,,,,,,,,,,,,,,,,,,,,,,,0.0,0.0
309,11333,,,,,,,,,,,,,,,,,,,,,,,,,,,,,,,,,0.0,0.0
310,11367,,,,,,,,,,,,,,,,,,,,,,,,,,,,,,,,,0.0,0.0
311,11433,,,,,,,,,,,,,,,,,,,,,,,,,,,,,,,,,0.0,0.0
312,11467,,,,,,,,,,,,,,,,,,,,,,,,,,,,,,,,,0.0,0.0
313,11500,,,,,,,,,,,,,,,,,,,,,,,,,,,,,,,,,0.0,0.0
314,11533,,,,,,,,,,,,,,,,,,,,,,,,,,,,,,,,,0.0,0.0
315,11567,,,,,,,,,,,,,,,,,,,,,,,,,,,,,,,,,0.0,0.0
316,11600,,,,,,,,,,,,,,,,,,,,,,,,,,,,,,,,,0.0,0.0
317,11633,,,,,,,,,,,,,,,,,,,,,,,,,,,,,,,,,0.0,0.0
318,11667,,,,,,,,,,,,,,,,,,,,,,,,,,,,,,,,,0.0,0.0
319,11700,,,,,,,,,,,,,,,,,,,,,,,,,,,,,,,,,0.0,0.0
320,11767,,,,,,,,,,,,,,,,,,,,,,,,,,,,,,,,,0.0,0.0
321,11800,,,,,,,,,,,,,,,,,,,,,,,,,,,,,,,,,0.0,0.0
322,11833,,,,,,,,,,,,,,,,,,,,,,,,,,,,,,,,,0.0,0.0
323,11867,,,,,,,,,,,,,,,,,,,,,,,,,,,,,,,,,0.0,0.0
324,11900,,,,,,,,,,,,,,,,,,,,,,,,,,,,,,,,,0.0,0.0
325,11933,,,,,,,,,,,,,,,,,,,,,,,,,,,,,,,,,0.0,0.0
326,11967,,,,,,,,,,,,,,,,,,,,,,,,,,,,,,,,,0.0,0.0
327,12000,,,,,,,,,,,,,,,,,,,,,,,,,,,,,,,,,0.0,0.0
328,12033,,,,,,,,,,,,,,,,,,,,,,,,,,,,,,,,,0.0,0.0
329,12067,,,,,,,,,,,,,,,,,,,,,,,,,,,,,,,,,0.0,0.0
330,12100,,,,,,,,,,,,,,,,,,,,,,,,,,,,,,,,,0.0,0.0
331,12133,,,,,,,,,,,,,,,,,,,,,,,,,,,,,,,,,0.0,0.0
332,12167,,,,,,,,,,,,,,,,,,,,,,,,,,,,,,,,,0.0,0.0
333,12233,,,,,,,,,,,,,,,,,,,,,,,,,,,,,,,,,0.0,0.0
334,12267,,,,,,,,,,,,,,,,,,,,,,,,,,,,,,,,,0.0,0.0
335,12300,,,,,,,,,,,,,,,,,,,,,,,,,,,,,,,,,0.0,0.0
336,12333,,,,,,,,,,,,,,,,,,,,,,,,,,,,,,,,,0.0,0.0
337,12367,,,,,,,,,,,,,,,,,,,,,,,,,,,,,,,,,0.0,0.0
338,12400,,,,,,,,,,,,,,,,,,,,,,,,,,,,,,,,,0.0,0.0
339,12433,,,,,,,,,,,,,,,,,,,,,,,,,,,,,,,,,0.0,0.0
340,12467,,,,,,,,,,,,,,,,,,,,,,,,,,,,,,,,,0.0,0.0
341,12533,,,,,,,,,,,,,,,,,,,,,,,,,,,,,,,,,0.0,0.0
342,12567,,,,,,,,,,,,,,,,,,,,,,,,,,,,,,,,,0.0,0.0
343,12600,,,,,,,,,,,,,,,,,,,,,,,,,,,,,,,,,0.0,0.0
344,12633,,,,,,,,,,,,,,,,,,,,,,,,,,,,,,,,,0.0,0.0
345,12667,,,,,,,,,,,,,,,,,,,,,,,,,,,,,,,,,0.0,0.0
346,12700,,,,,,,,,,,,,,,,,,,,,,,,,,,,,,,,,0.0,0.0
347,12733,,,,,,,,,,,,,,,,,,,,,,,,,,,,,,,,,0.0,0.0
348,12767,,,,,,,,,,,,,,,,,,,,,,,,,,,,,,,,,0.0,0.0
349,12800,,,,,,,,,,,,,,,,,,,,,,,,,,,,,,,,,0.0,0.0
350,12833,,,,,,,,,,,,,,,,,,,,,,,,,,,,,,,,,0.0,0.0
351,12867,,,,,,,,,,,,,,,,,,,,,,,,,,,,,,,movement_look_x_axis|movement_look_y_axis,,-4.0,5.0
352,12933,,,,,,,,,,,,,,,,,,,,,,,,,,,,,,,,,0.0,0.0
353,12967,,,,,,,,,,,,,,,,,,,,,,,,,,,,,,,,,0.0,0.0
354,13033,,,,,,,,,,,,,,,,,,,,,,,,,,,,,,,equipment_primary_tool_action,Left,0.0,0.0
355,13067,,,,,,,,,,,,,,,,,,,,,,,,,,,,,,,equipment_primary_tool_action,Left,0.0,0.0
356,13100,,,,,,,,,,,,,,,,,,,,,,,,,,,,,,,equipment_primary_tool_action,Left,0.0,0.0
357,13133,,,,,,,,,,,,,,,,,,,,,,,,,,,,,,,equipment_primary_tool_action,Left,0.0,0.0
358,13167,,,,,,,,,,,,,,,,,,,,,,,,,,,,,,,equipment_primary_tool_action,Left,0.0,0.0
359,13200,,,,,,,,,,,,,,,,,,,,,,,,,,,,,,,,,0.0,0.0
360,13233,,,,,,,,,,,,,,,,,,,,,,,,,,,,,,,,,0.0,0.0
361,13267,,,,,,,,,,,,,,,,,,,,,,,,,,,,,,,,,0.0,0.0
362,13300,,,,,,,,,,,,,,,,,,,,,,,,,,,,,,,,,0.0,0.0
363,13333,,,,,,,,,,,,,,,,,,,,,,,,,,,,,,,,,0.0,0.0
364,13367,,,,,,,,,,,,,,,,,,,,,,,,,,,,,,,,,0.0,0.0
365,13400,,,,,,,,,,,,,,,,,,,,,,,,,,,,,,,,,0.0,0.0
366,13433,,,,,,,,,,,,,,,,,,,,,,,,,,,,,,,,,0.0,0.0
367,13467,,,,,,,,,,,,,,,,,,,,,,,,,,,,,,,,,0.0,0.0
368,13500,,,,,,,,,,,,,,,,,,,,,,,,,,,,,,,,,0.0,0.0
369,13533,,,,,,,,,,,,,,,,,,,,,,,,,,,,,,,,,0.0,0.0
370,13567,,,,,,,,,,,,,,,,,,,,,,,,,,,,,,,,,0.0,0.0
371,13600,,,,,,,,,,,,,,,,,,,,,,,,,,,,,,,movement_look_y_axis,,0.0,2.0
372,13633,,,,,,,,,,,,,,,,,,,,,,,,,,,,,,,movement_look_y_axis,,0.0,18.0
373,13667,,,,,,,,,,,,,,,,,,,,,,,,,,,,,,,movement_look_y_axis,,0.0,50.0
374,13700,,,,,,,,,,,,,,,,,,,,,,,,,,,,,,,movement_look_y_axis,,0.0,74.0
375,13733,,,,,,,,,,,,,,,,,,,,,,,,,,,,,,,movement_look_x_axis|movement_look_y_axis,,7.0,100.0
376,13767,,,,,,,,,,,,,,,,,,,,,,,,,,,,,,,movement_look_x_axis|movement_look_y_axis,,1.0,85.0
377,13800,,,,,,,,,,,,,,,,,,,,,,,,,,,,,,,movement_look_x_axis|movement_look_y_axis,,11.0,67.0
378,13833,,,,,,,,,,,,,,,,,,,,,,,,,,,,,,,movement_look_x_axis|movement_look_y_axis,,10.0,51.0
379,13867,,,,,,,,,,,,,,,,,,,,,,,,,,,,,,,movement_look_x_axis|movement_look_y_axis,,1.0,54.0
380,13900,,,,,,,,,,,,,,,,,,,,,,,,,,,,,,,movement_look_x_axis|movement_look_y_axis,,3.0,36.0
381,13933,,,,,,,,,,,,,,,,,,,,,,,,,,,,,,,movement_look_y_axis,,0.0,2.0
382,13967,,,,,,,,,,,,,,,,,,,,,,,,,,,,,,,,,0.0,0.0
383,14000,,,,,,,,,,,,,,,,,,,,,,,,,,,,,,,,,0.0,0.0
384,14067,,,,,,,,,,,,,,,,,,,,,,,,,,,,,,,,,0.0,0.0
385,14100,,,,,,,,,,,,,,,,,,,,,,,,,,,,,,,,,0.0,0.0
386,14133,,,,,,,,,,,,,,,,,,,,,,,,,,,,,,,,,0.0,0.0
387,14167,,,,,,,,,,,,,,,,,,,,,,,,,,,,,,,,,0.0,0.0
388,14200,,,,,,,,,,,,,,,,,,,,,,,,,,,,,,,,,0.0,0.0
389,14233,,,,,,,,,,,,,,,,,,,,,,,,,,,,,,,,,0.0,0.0
390,14267,,,,,,,,,,,,,,,,,,,,,,,,,,,,,,,,,0.0,0.0
391,14300,,,,,,,,,,,,,,,,,,,,,,,,,,,,,,,,,0.0,0.0
392,14333,,,,,,,,,,,,,,,,,,,,,,,,,,,,,,,,,0.0,0.0
393,14367,,,,,,,,,,,,,,,,,,,,,,,,,,,,,,,,,0.0,0.0
394,14400,,,,,,,,,,,,,,,,,,,,,,,,,,,,,,,movement_look_y_axis,,0.0,-1.0
395,14433,,,,,,,,,,,,,,,,,,,,,,,,,,,,,,,movement_look_y_axis,,0.0,-9.0
396,14467,,,,,,,,,,,,,,,,,,,,,,,,,,,,,,,movement_look_y_axis,,0.0,-11.0
397,14500,,,,,,,,,,,,,,,,,,,,,,,,,,,,,,,movement_look_x_axis|movement_look_y_axis,,-2.0,-10.0
398,14533,,,,,,,,,,,,,,,,,,,,,,,,,,,,,,,movement_look_x_axis|movement_look_y_axis,,-2.0,-11.0
399,14567,,,,,,,,,,,,,,,,,,,,,,,,,,,,,,,movement_look_x_axis|movement_look_y_axis,,-2.0,-6.0
400,14600,,,,,,,,,,,,,,,,,,,,,,,,,,,,,,,movement_look_x_axis|movement_look_y_axis,,-2.0,-5.0
401,14633,,,,,,,,,,,,,,,,,,,,,,,,,,,,,,,,,0.0,0.0
402,14667,,,,,,,,,,,,,,,,,,,,,,,,,,,,,,,,,0.0,0.0
403,14700,,,,,,,,,,,,,,,,,,,,,,,,,,,,,,,,,0.0,0.0
404,14733,,,,,,,,,,,,,,,,,,,,,,,,,,,,,,,movement_look_x_axis|movement_look_y_axis,,-2.0,-3.0
405,14767,,,,,,,,,,,,,,,,,,,,,,,,,,,,,,,movement_look_x_axis|movement_look_y_axis,,-6.0,-10.0
406,14800,,,,,,,,,,,,,,,,,,,,,,,,,,,,,,,movement_look_x_axis|movement_look_y_axis,,-12.0,-12.0
407,14833,,,,,,,,,,,,,,,,,,,,,,,,,,,,,,,movement_look_x_axis|movement_look_y_axis,,-4.0,-5.0
408,14867,,,,,,,,,,,,,,,,,,,,,,,,,,,,,,,,,0.0,0.0
409,14933,,,,,,,,,,,,,,,,,,,,,,,,,,,,,,E,general_primary_interact,,0.0,0.0
410,14967,,,,,,,,,,,,,,,,,,,,,,,,,,,,,,E,general_primary_interact,,0.0,0.0
411,15000,,,,,,,,,,,,,,,,,,,,,,,,,,,,,,E,general_primary_interact,,0.0,0.0
412,15033,,,,,,,,,,,,,,,,,,,,,,,,,,,,,,E,general_primary_interact,,0.0,0.0
413,15067,,,,,,,,,,,,,,,,,,,,,,,,,,,,,,E,general_primary_interact,,0.0,0.0
414,15100,,,,,,,,,,,,,,,,,,,,,,,,,,,,,,E,general_primary_interact,,0.0,0.0
415,15133,,,,,,,,,,,,,,,,,,,,,,,,,,,,,,E,general_primary_interact,,0.0,0.0
416,15167,,,,,,,,,,,,,,,,,,,,,,,,,,,,,,E,general_primary_interact,,0.0,0.0
417,15233,,,,,,,,,,,,,,,,,,,,,,,,,,,,,,E,general_primary_interact,,0.0,0.0
418,15267,,,,,,,,,,,,,,,,,,,,,,,,,,,,,,E,general_primary_interact|movement_look_x_axis,,-2.0,0.0
419,15333,,,,,,,,,,,,,,,,,,,,,,,,,,,,,,E,general_primary_interact,,0.0,0.0
420,15367,,,,,,,,,,,,,,,,,,,,,,,,,,,,,,E,general_primary_interact,,0.0,0.0
421,15400,,,,,,,,,,,,,,,,,,,,,,,,,,,,,,E,general_primary_interact,,0.0,0.0
422,15433,,,,,,,,,,,,,,,,,,,,,,,,,,,,,,E,general_primary_interact,,0.0,0.0
423,15467,,,,,,,,,,,,,,,,,,,,,,,,,,,,,,E,general_primary_interact,,0.0,0.0
424,15500,,,,,,,,,,,,,,,,,,,,,,,,,,,,,,E,general_primary_interact,,0.0,0.0
425,15567,,,,,,,,,,,,,,,,,,,,,,,,,,,,,,E,general_primary_interact,,0.0,0.0
426,15600,,,,,,,,,,,,,,,,,,,,,,,,,,,,,,E,general_primary_interact,,0.0,0.0
427,15633,,,,,,,,,,,,,,,,,,,,,,,,,,,,,,E,general_primary_interact,,0.0,0.0
428,15667,,,,,,,,,,,,,,,,,,,,,,,,,,,,,,E,general_primary_interact,,0.0,0.0
429,15700,,,,,,,,,,,,,,,,,,,,,,,,,,,,,,E,general_primary_interact,,0.0,0.0
430,15767,,,,,,,,,,,,,,,,,,,,,,,,,,,,,,E,general_primary_interact,,0.0,0.0
431,15800,,,,,,,,,,,,,,,,,,,,,,,,,,,,,,E,general_primary_interact,,0.0,0.0
432,15833,,,,,,,,,,,,,,,,,,,,,,,,,,,,,,E,general_primary_interact,,0.0,0.0
433,15867,,,,,,,,,,,,,,,,,,,,,,,,,,,,,,E,general_primary_interact,,0.0,0.0
434,15900,,,,,,,,,,,,,,,,,,,,,,,,,,,,,,E,general_primary_interact,,0.0,0.0
435,15933,,,,,,,,,,,,,,,,,,,,,,,,,,,,,,E,general_primary_interact,,0.0,0.0
436,15967,,,,,,,,,,,,,,,,,,,,,,,,,,,,,,E,general_primary_interact,,0.0,0.0
437,16033,,,,,,,,,,,,,,,,,,,,,,,,,,,,,,,,,0.0,0.0
438,16067,,,,,,,,,,,,,,,,,,,,,,,,,,,,,,,,,0.0,0.0
439,16100,,,,,,,,,,,,,,,,,,,,,,,,,,,,,,,,,0.0,0.0
440,16133,,,,,,,,,,,,,,,,,,,,,,,,,,,,,,,,,0.0,0.0
441,16167,,,,,,,,,,,,,,,,,,,,,,,,,,,,,,,,,0.0,0.0
442,16200,,,,,,,,,,,,,,,,,,,,,,,,,,,,,,,,,0.0,0.0
443,16233,,,,,,,,,,,,,,,,,,,,,,,,,,,,,,,,,0.0,0.0
444,16267,,,,,,,,,,,,,,,,,,,,,,,,,,,,,,,,,0.0,0.0
445,16333,,,,,,,,,,,,,,,,,,,,,,,,,,,,,,,,,0.0,0.0
446,16367,,,,,,,,,,,,,,,,,,,,,,,,,,,,,,,,,0.0,0.0
447,16400,,,,,,,,,,,,,,,,,,,,,,,,,,,,,,,,,0.0,0.0
448,16433,,,,,,,,,,,,,,,,,,,,,,,,,,,,,,,,,0.0,0.0
449,16467,,,,,,,,,,,,,,,,,,,,,,,,,,,,,,,,,0.0,0.0
450,16500,,,,,,,,,,,,,,,,,,,,,,,,,,,,,,E,general_primary_interact,,0.0,0.0
451,16533,,,,,,,,,,,,,,,,,,,,,,,,,,,,,,E,general_primary_interact,,0.0,0.0
452,16567,,,,,,,,,,,,,,,,,,,,,,,,,,,,,,E,general_primary_interact,,0.0,0.0
453,16600,,,,,,,,,,,,,,,,,,,,,,,,,,,,,,E,general_primary_interact,,0.0,0.0
454,16633,,,,,,,,,,,,,,,,,,,,,,,,,,,,,,E,general_primary_interact,,0.0,0.0
455,16667,,,,,,,,,,,,,,,,,,,,,,,,,,,,,,E,general_primary_interact,,0.0,0.0
456,16700,,,,,,,,,,,,,,,,,,,,,,,,,,,,,,E,general_primary_interact,,0.0,0.0
457,16733,,,,,,,,,,,,,,,,,,,,,,,,,,,,,,E,general_primary_interact,,0.0,0.0
458,16800,,,,,,,,,,,,,,,,,,,,,,,,,,,,,,E,general_primary_interact,,0.0,0.0
459,16833,,,,,,,,,,,,,,,,,,,,,,,,,,,,,,E,general_primary_interact,,0.0,0.0
460,16867,,,,,,,,,,,,,,,,,,,,,,,,,,,,,,E,general_primary_interact,,0.0,0.0
461,16900,,,,,,,,,,,,,,,,,,,,,,,,,,,,,,E,general_primary_interact,,0.0,0.0
462,16933,,,,,,,,,,,,,,,,,,,,,,,,,,,,,,E,general_primary_interact,,0.0,0.0
463,16967,,,,,,,,,,,,,,,,,,,,,,,,,,,,,,E,general_primary_interact,,0.0,0.0
464,17000,,,,,,,,,,,,,,,,,,,,,,,,,,,,,,E,general_primary_interact,,0.0,0.0
465,17067,,,,,,,,,,,,,,,,,,,,,,,,,,,,,,E,general_primary_interact,,0.0,0.0
466,17100,,,,,,,,,,,,,,,,,,,,,,,,,,,,,,E,general_primary_interact,,0.0,0.0
467,17133,,,,,,,,,,,,,,,,,,,,,,,,,,,,,,E,general_primary_interact,,0.0,0.0
468,17167,,,,,,,,,,,,,,,,,,,,,,,,,,,,,,E,general_primary_interact,,0.0,0.0
469,17200,,,,,,,,,,,,,,,,,,,,,,,,,,,,,,E,general_primary_interact,,0.0,0.0
470,17233,,,,,,,,,,,,,,,,,,,,,,,,,,,,,,E,general_primary_interact,,0.0,0.0
471,17267,,,,,,,,,,,,,,,,,,,,,,,,,,,,,,E,general_primary_interact,,0.0,0.0
472,17300,,,,,,,,,,,,,,,,,,,,,,,,,,,,,,E,general_primary_interact,,0.0,0.0
473,17333,,,,,,,,,,,,,,,,,,,,,,,,,,,,,,E,general_primary_interact,,0.0,0.0
474,17367,,,,,,,,,,,,,,,,,,,,,,,,,,,,,,E,general_primary_interact,,0.0,0.0
475,17433,,,,,,,,,,,,,,,,,,,,,,,,,,,,,,E,general_primary_interact,,0.0,0.0
476,17467,,,,,,,,,,,,,,,,,,,,,,,,,,,,,,E,general_primary_interact,,0.0,0.0
477,17533,,,,,,,,,,,,,,,,,,,,,,,,,,,,,,E,general_primary_interact,,0.0,0.0
478,17567,,,,,,,,,,,,,,,,,,,,,,,,,,,,,,E,general_primary_interact,,0.0,0.0
479,17600,,,,,,,,,,,,,,,,,,,,,,,,,,,,,,E,general_primary_interact,,0.0,0.0
480,17633,,,,,,,,,,,,,,,,,,,,,,,,,,,,,,E,general_primary_interact,,0.0,0.0
481,17667,,,,,,,,,,,,,,,,,,,,,,,,,,,,,,E,general_primary_interact,,0.0,0.0
482,17700,,,,,,,,,,,,,,,,,,,,,,,,,,,,,,E,general_primary_interact,,0.0,0.0
483,17733,,,,,,,,,,,,,,,,,,,,,,,,,,,,,,E,general_primary_interact,,0.0,0.0
484,17767,,,,,,,,,,,,,,,,,,,,,,,,,,,,,,E,general_primary_interact,,0.0,0.0
485,17833,,,,,,,,,,,,,,,,,,,,,,,,,,,,,,E,general_primary_interact,,0.0,0.0
486,17867,,,,,,,,,,,,,,,,,,,,,,,,,,,,,,E,general_primary_interact,,0.0,0.0
487,17900,,,,,,,,,,,,,,,,,,,,,,,,,,,,,,E|F,general_primary_interact|general_flashlight,,0.0,0.0
488,17933,,,,,,,,,,,,,,,,,,,,,,,,,,,,,,E|F,general_primary_interact|general_flashlight,,0.0,0.0
489,17967,,,,,,,,,,,,,,,,,,,,,,,,,,,,,,E|F,general_primary_interact|general_flashlight,,0.0,0.0
490,18000,,,,,,,,,,,,,,,,,,,,,,,,,,,,,,E|F,general_primary_interact|general_flashlight,,0.0,0.0
491,18033,,,,,,,,,,,,,,,,,,,,,,,,,,,,,,E|F,general_primary_interact|general_flashlight,,0.0,0.0
492,18067,,,,,,,,,,,,,,,,,,,,,,,,,,,,,,E|F,general_primary_interact|general_flashlight,,0.0,0.0
493,18100,,,,,,,,,,,,,,,,,,,,,,,,,,,,,,E|F,general_primary_interact|general_flashlight,,0.0,0.0
494,18133,,,,,,,,,,,,,,,,,,,,,,,,,,,,,,E|F,general_primary_interact|general_flashlight,,0.0,0.0
495,18167,,,,,,,,,,,,,,,,,,,,,,,,,,,,,,E,general_primary_interact,,0.0,0.0
496,18200,,,,,,,,,,,,,,,,,,,,,,,,,,,,,,E,general_primary_interact,,0.0,0.0
497,18233,,,,,,,,,,,,,,,,,,,,,,,,,,,,,,E,general_primary_interact,,0.0,0.0
498,18300,,,,,,,,,,,,,,,,,,,,,,,,,,,,,,E,general_primary_interact,,0.0,0.0
499,18333,,,,,,,,,,,,,,,,,,,,,,,,,,,,,,E,general_primary_interact,,0.0,0.0
500,18367,,,,,,,,,,,,,,,,,,,,,,,,,,,,,,,,,0.0,0.0
501,18400,,,,,,,,,,,,,,,,,,,,,,,,,,,,,,,,,0.0,0.0
502,18433,,,,,,,,,,,,,,,,,,,,,,,,,,,,,,,,,0.0,0.0
503,18467,,,,,,,,,,,,,,,,,,,,,,,,,,,,,,,,,0.0,0.0
504,18533,,,,,,,,,,,,,,,,,,,,,,,,,,,,,,,,,0.0,0.0
505,18567,,,,,,,,,,,,,,,,,,,,,,,,,,,,,,,,,0.0,0.0
506,18600,,,,,,,,,,,,,,,,,,,,,,,,,,,,,,E,general_primary_interact,,0.0,0.0
507,18633,,,,,,,,,,,,,,,,,,,,,,,,,,,,,,E,general_primary_interact,,0.0,0.0
508,18667,,,,,,,,,,,,,,,,,,,,,,,,,,,,,,E,general_primary_interact,,0.0,0.0
509,18700,,,,,,,,,,,,,,,,,,,,,,,,,,,,,,E,general_primary_interact,,0.0,0.0
510,18733,,,,,,,,,,,,,,,,,,,,,,,,,,,,,,E,general_primary_interact,,0.0,0.0
511,18767,,,,,,,,,,,,,,,,,,,,,,,,,,,,,,E,general_primary_interact|movement_look_y_axis,,0.0,-19.0
512,18800,,,,,,,,,,,,,,,,,,,,,,,,,,,,,,E,general_primary_interact|movement_look_x_axis|movement_look_y_axis,,8.0,-43.0
513,18833,,,,,,,,,,,,,,,,,,,,,,,,,,,,,,E,general_primary_interact|movement_look_x_axis|movement_look_y_axis,,8.0,-43.0
514,18867,,,,,,,,,,,,,,,,,,,,,,,,,,,,,,E,general_primary_interact|movement_look_x_axis|movement_look_y_axis,,5.0,-27.0
515,18900,,,,,,,,,,,,,,,,,,,,,,,,,,,,,,E,general_primary_interact|movement_look_x_axis|movement_look_y_axis,,1.0,-20.0
516,18933,,,,,,,,,,,,,,,,,,,,,,,,,,,,,,E,general_primary_interact|movement_look_x_axis|movement_look_y_axis,,-1.0,-8.0
517,18967,,,,,,,,,,,,,,,,,,,,,,,,,,,,,,E,general_primary_interact|movement_look_x_axis|movement_look_y_axis,,-1.0,-1.0
518,19033,,,,,,,,,,,,,,,,,,,,,,,,,,,,,,E,general_primary_interact|movement_look_x_axis|movement_look_y_axis,,-1.0,-7.0
519,19067,,,,,,,,,,,,,,,,,,,,,,,,,,,,,,E,general_primary_interact|movement_look_x_axis|movement_look_y_axis,,-5.0,-23.0
520,19100,,,,,,,,,,,,,,,,,,,,,,,,,,,,,,E,general_primary_interact|movement_look_x_axis|movement_look_y_axis,,-5.0,-28.0
521,19133,,,,,,,,,,,,,,,,,,,,,,,,,,,,,,E,general_primary_interact|movement_look_x_axis|movement_look_y_axis,,-9.0,-38.0
522,19167,,,,,,,,,,,,,,,,,,,,,,,,,,,,,,E,general_primary_interact|movement_look_x_axis|movement_look_y_axis,,-7.0,-37.0
523,19200,,,,,,,,,,,,,,,,,,,,,,,,,,,,,,E,general_primary_interact,,0.0,0.0
524,19233,,,,,,,,,,,,,,,,,,,,,,,,,,,,,,E,general_primary_interact,,0.0,0.0
525,19267,,,,,,,,,,,,,,,,,,,,,,,,,,,,,,E,general_primary_interact,,0.0,0.0
526,19333,,,,,,,,,,,,,,,,,,,,,,,,,,,,,,,,,0.0,0.0
527,19367,,,,,,,,,,,,,,,,,,,,,,,,,,,,,,,movement_look_x_axis|movement_look_y_axis,,-1.0,-2.0
528,19400,,,,,,,,,,,,,,,,,,,,,,,,,,,,,,,movement_look_x_axis|movement_look_y_axis,,-3.0,-10.0
529,19433,,,,,,,,,,,,,,,,,,,,,,,,,,,,,,,movement_look_x_axis|movement_look_y_axis,,-4.0,-21.0
530,19467,,,,,,,,,,,,,,,,,,,,,,,,,,,,,,,movement_look_x_axis|movement_look_y_axis,,-10.0,-47.0
531,19500,,,,,,,,,,,,,,,,,,,,,,,,,,,,,,,,,0.0,0.0
532,19533,,,,,,,,,,,,,,,,,,,,,,,,,,,,,,,,,0.0,0.0
533,19567,,,,,,,,,,,,,,,,,,,,,,,,,,,,,,,,,0.0,0.0
534,19600,,,,,,,,,,,,,,,,,,,,,,,,,,,,,,,,,0.0,0.0
535,19633,,,,,,,,,,,,,,,,,,,,,,,,,,,,,,,movement_look_x_axis|movement_look_y_axis,,-1.0,-3.0
536,19667,,,,,,,,,,,,,,,,,,,,,,,,,,,,,,,movement_look_x_axis|movement_look_y_axis,,-5.0,-11.0
537,19700,,,,,,,,,,,,,,,,,,,,,,,,,,,,,,,movement_look_x_axis|movement_look_y_axis,,-7.0,-15.0
538,19767,,,,,,,,,,,,,,,,,,,,,,,,,,,,,,,movement_look_y_axis,,0.0,-1.0
539,19800,,,,,,,,,,,,,,,,,,,,,,,,,,,,,,,,,0.0,0.0
540,19833,,,,,,,,,,,,,,,,,,,,,,,,,,,,,,,equipment_primary_tool_action,Left,0.0,0.0
541,19867,,,,,,,,,,,,,,,,,,,,,,,,,,,,,,,equipment_primary_tool_action,Left,0.0,0.0
542,19900,,,,,,,,,,,,,,,,,,,,,,,,,,,,,,,equipment_primary_tool_action,Left,0.0,0.0
543,19933,,,,,,,,,,,,,,,,,,,,,,,,,,,,,,,equipment_primary_tool_action,Left,0.0,0.0
544,19967,,,,,,,,,,,,,,,,,,,,,,,,,,,,,,,equipment_primary_tool_action,Left,0.0,0.0
545,20000,,,,,,,,,,,,,,,,,,,,,,,,,,,,,,,,,0.0,0.0
546,20067,,,,,,,,,,,,,,,,,,,,,,,,,,,,,,,equipment_primary_tool_action,Left,0.0,0.0
547,20100,,,,,,,,,,,,,,,,,,,,,,,,,,,,,,,equipment_primary_tool_action,Left,0.0,0.0
548,20133,,,,,,,,,,,,,,,,,,,,,,,,,,,,,,,equipment_primary_tool_action,Left,0.0,0.0
549,20167,,,,,,,,,,,,,,,,,,,,,,,,,,,,,,,equipment_primary_tool_action,Left,0.0,0.0
550,20233,,,,,,,,,,,,,,,,,,,,,,,,,,,,,,,,,0.0,0.0
551,20267,,,,,,,,,,,,,,,,,,,,,,,,,,,,,,,,,0.0,0.0
552,20300,,,,,,,,,,,,,,,,,,,,,,,,,,,,,,,equipment_primary_tool_action,Left,0.0,0.0
553,20333,,,,,,,,,,,,,,,,,,,,,,,,,,,,,,,equipment_primary_tool_action,Left,0.0,0.0
554,20367,,,,,,,,,,,,,,,,,,,,,,,,,,,,,,,equipment_primary_tool_action,Left,0.0,0.0
555,20400,,,,,,,,,,,,,,,,,,,,,,,,,,,,,,,equipment_primary_tool_action,Left,0.0,0.0
556,20433,,,,,,,,,,,,,,,,,,,,,,,,,,,,,,,equipment_primary_tool_action,Left,0.0,0.0
557,20467,,,,,,,,,,,,,,,,,,,,,,,,,,,,,,,equipment_primary_tool_action,Left,0.0,0.0
558,20500,,,,,,,,,,,,,,,,,,,,,,,,,,,,,,,,,0.0,0.0
559,20533,,,,,,,,,,,,,,,,,,,,,,,,,,,,,,,,,0.0,0.0
560,20567,,,,,,,,,,,,,,,,,,,,,,,,,,,,,,,movement_look_x_axis|movement_look_y_axis,,-1.0,-1.0
561,20600,,,,,,,,,,,,,,,,,,,,,,,,,,,,,,,movement_look_x_axis|movement_look_y_axis,,-2.0,1.0
562,20633,,,,,,,,,,,,,,,,,,,,,,,,,,,,,,,movement_look_x_axis|movement_look_y_axis,,-4.0,7.0
563,20667,,,,,,,,,,,,,,,,,,,,,,,,,,,,,,,movement_look_x_axis|movement_look_y_axis,,-3.0,7.0
564,20700,,,,,,,,,,,,,,,,,,,,,,,,,,,,,,,movement_look_x_axis|movement_look_y_axis,,-5.0,8.0
565,20733,,,,,,,,,,,,,,,,,,,,,,,,,,,,,,,movement_look_x_axis|movement_look_y_axis,,-4.0,7.0
566,20767,,,,,,,,,,,,,,,,,,,,,,,,,,,,,,,movement_look_x_axis|movement_look_y_axis,,-6.0,11.0
567,20800,,,,,,,,,,,,,,,,,,,,,,,,,,,,,,,movement_look_x_axis|movement_look_y_axis,,-24.0,40.0
568,20833,,,,,,,,,,,,,,,,,,,,,,,,,,,,,,,movement_look_x_axis|movement_look_y_axis,,-21.0,36.0
569,20867,,,,,,,,,,,,,,,,,,,,,,,,,,,,,,,movement_look_x_axis|movement_look_y_axis,,-26.0,45.0
570,20900,,,,,,,,,,,,,,,,,,,,,,,,,,,,,,,movement_look_x_axis|movement_look_y_axis,,-44.0,72.0
571,20933,,,,,,,,,,,,,,,,,,,,,,,,,,,,,,,movement_look_x_axis|movement_look_y_axis,,-63.0,126.0
572,21000,,,,,,,,,,,,,,,,,,,,,,,,,,,,,,,movement_look_x_axis|movement_look_y_axis,,-38.0,64.0
573,21033,,,,,,,,,,,,,,,,,,,,,,,,,,,,,,,movement_look_x_axis|movement_look_y_axis,,-40.0,66.0
574,21067,,,,,,,,,,,,,,,,,,,,,,,,,,,,,,,movement_look_x_axis|movement_look_y_axis,,-31.0,68.0
575,21100,,,,,,,,,,,,,,,,,,,,,,,,,,,,,,,movement_look_x_axis|movement_look_y_axis,,-31.0,78.0
576,21133,,,,,,,,,,,,,,,,,,,,,,,,,,,,,,,movement_look_x_axis|movement_look_y_axis,,-40.0,87.0
577,21167,,,,,,,,,,,,,,,,,,,,,,,,,,,,,,,,,0.0,0.0
578,21200,,,,,,,,,,,,,,,,,,,,,,,,,,,,,,,movement_look_x_axis|movement_look_y_axis,,-20.0,23.0
579,21233,,,,,,,,,,,,,,,,,,,,,,,,,,,,,,,movement_look_x_axis,,-22.0,0.0
580,21267,,,,,,,,,,,,,,,,,,,,,,,,,,,,,,,movement_look_x_axis,,-1.0,0.0
581,21333,,,,,,,,,,,,,,,,,,,,,,,,,,,,,,,,,0.0,0.0
582,21367,,,,,,,,,,,,,,,,,,,,,,,,,,,,,,,,,0.0,0.0
583,21400,,,,,,,,,,,,,,,,,,,,,,,,,,,,,,,,,0.0,0.0
584,21433,,,,,,,,,,,,,,,,,,,,,,,,,,,,,,,,,0.0,0.0
585,21467,,,,,,,,,,,,,,,,,,,,,,,,,,,,,,,,,0.0,0.0
586,21500,,,,,,,,,,,,,,,,,,,,,,,,,,,,,,,,,0.0,0.0
587,21533,,,,,,,,,,,,,,,,,,,,,,,,,,,,,,,movement_look_x_axis|movement_look_y_axis,,-1.0,-5.0
588,21567,,,,,,,,,,,,,,,,,,,,,,,,,,,,,,,movement_look_x_axis|movement_look_y_axis,,-12.0,-19.0
589,21600,,,,,,,,,,,,,,,,,,,,,,,,,,,,,,,movement_look_x_axis|movement_look_y_axis,,-19.0,-29.0
590,21633,,,,,,,,,,,,,,,,,,,,,,,,,,,,,,,movement_look_x_axis|movement_look_y_axis,,-40.0,-55.0
591,21667,,,,,,,,,,,,,,,,,,,,,,,,,,,,,,,movement_look_x_axis|movement_look_y_axis,,-41.0,-52.0
592,21700,,,,,,,,,,,,,,,,,,,,,,,,,,,,,,,movement_look_x_axis|movement_look_y_axis,,-33.0,-113.0
593,21767,,,,,,,,,,,,,,,,,,,,,,,,,,,,,,,movement_look_x_axis|movement_look_y_axis,,-12.0,-34.0
594,21800,,,,,,,,,,,,,,,,,,,,,,,,,,,,,,,movement_look_x_axis|movement_look_y_axis,,-1.0,-4.0
595,21833,,,,,,,,,,,,,,,,,,,,,,,,,,,,,,,,,0.0,0.0
596,21867,,,,,,,,,,,,,,,,,,,,,,,,,,,,,,,,,0.0,0.0
597,21900,,,,,,,,,,,,,,,,,,,,,,,,,,,,,,,,,0.0,0.0
598,21933,,,,,,,,,,,,,,,,,,,,,,,,,,,,,,,,,0.0,0.0
599,21967,,,,,,,,,,,,,,,,,,,,,,,,,,,,,,,,,0.0,0.0
600,22000,,,,,,,,,,,,,,,,,,,,,,,,,,,,,,,,,0.0,0.0
601,22033,,,,,,,,,,,,,,,,,,,,,,,,,,,,,,,,,0.0,0.0
602,22100,,,,,,,,,,,,,,,,,,,,,,,,,,,,,,,,,0.0,0.0
603,22133,,,,,,,,,,,,,,,,,,,,,,,,,,,,,,,,,0.0,0.0
604,22167,,,,,,,,,,,,,,,,,,,,,,,,,,,,,,,,,0.0,0.0
605,22200,,,,,,,,,,,,,,,,,,,,,,,,,,,,,,,,,0.0,0.0
606,22233,,,,,,,,,,,,,,,,,,,,,,,,,,,,,,,,,0.0,0.0
607,22267,,,,,,,,,,,,,,,,,,,,,,,,,,,,,,,,,0.0,0.0
608,22300,,,,,,,,,,,,,,,,,,,,,,,,,,,,,,,,,0.0,0.0
609,22333,,,,,,,,,,,,,,,,,,,,,,,,,,,,,,,,,0.0,0.0
610,22367,,,,,,,,,,,,,,,,,,,,,,,,,,,,,,,,,0.0,0.0
611,22400,,,,,,,,,,,,,,,,,,,,,,,,,,,,,,,,,0.0,0.0
612,22433,,,,,,,,,,,,,,,,,,,,,,,,,,,,,,,movement_look_x_axis|movement_look_y_axis,,1.0,-1.0
613,22500,,,,,,,,,,,,,,,,,,,,,,,,,,,,,,,movement_look_x_axis|movement_look_y_axis,,13.0,-2.0
614,22533,,,,,,,,,,,,,,,,,,,,,,,,,,,,,,,movement_look_x_axis,,32.0,0.0
615,22567,,,,,,,,,,,,,,,,,,,,,,,,,,,,,,,movement_look_x_axis,,55.0,0.0
616,22600,,,,,,,,,,,,,,,,,,,,,,,,,,,,,,,movement_look_x_axis,,110.0,0.0
617,22633,,,,,,,,,,,,,,,,,,,,,,,,,,,,,,,movement_look_x_axis,,204.0,0.0
618,22667,,,,,,,,,,,,,,,,,,,,,,,,,,,,,,,,,0.0,0.0
619,22700,,,,,,,,,,,,,,,,,,,,,,,,,,,,,,,movement_look_x_axis,,95.0,0.0
620,22733,,,,,,,,,,,,,,,,,,,,,,,,,,,,,,,movement_look_x_axis,,46.0,0.0
621,22767,,,,,,,,,,,,,,,,,,,,,,,,,,,,,,,movement_look_x_axis,,39.0,0.0
622,22833,,,,,,,,,,,,,,,,,,,,,,,,,,,,,,,movement_look_x_axis,,12.0,0.0
623,22867,,,,,,,,,,,,,,,,,,,,,,,,,,,,,,,movement_look_x_axis,,1.0,0.0
624,22900,,,,,,,,,,,,,,,,,,,,,,,,,,,,,,,,,0.0,0.0
625,22967,,,,,,,,,,,,,,,,,,,,,,,,,,,,,,,,,0.0,0.0
626,23000,,,,,,,,,,,,,,,,,,,,,,,,,,,,,,,,,0.0,0.0
627,23033,,,,,,,,,,,,,,,,,,,,,,,,,,,,,,,,,0.0,0.0
628,23067,,,,,,,,,,,,,,,,,,,,,,,,,,,,,,,,,0.0,0.0
629,23100,,,,,,,,,,,,,,,,,,,,,,,,,,,,,,,,,0.0,0.0
630,23133,,,,,,,,,,,,,,,,,,,,,,,,,,,,,,,,,0.0,0.0
631,23167,,,,,,,,,,,,,,,,,,,,,,,,,,,,,,,,,0.0,0.0
632,23233,,,,,,,,,,,,,,,,,,,,,,,,,,,,,,,,,0.0,0.0
633,23267,,,,,,,,,,,,,,,,,,,,,,,,,,,,,,E,general_primary_interact,,0.0,0.0
634,23300,,,,,,,,,,,,,,,,,,,,,,,,,,,,,,E,general_primary_interact,,0.0,0.0
635,23333,,,,,,,,,,,,,,,,,,,,,,,,,,,,,,E,general_primary_interact,,0.0,0.0
636,23367,,,,,,,,,,,,,,,,,,,,,,,,,,,,,,E,general_primary_interact,,0.0,0.0
637,23400,,,,,,,,,,,,,,,,,,,,,,,,,,,,,,E,general_primary_interact,,0.0,0.0
638,23433,,,,,,,,,,,,,,,,,,,,,,,,,,,,,,E,general_primary_interact,,0.0,0.0
639,23467,,,,,,,,,,,,,,,,,,,,,,,,,,,,,,E,general_primary_interact,,0.0,0.0
640,23500,,,,,,,,,,,,,,,,,,,,,,,,,,,,,,E,general_primary_interact,,0.0,0.0
641,23533,,,,,,,,,,,,,,,,,,,,,,,,,,,,,,E,general_primary_interact,,0.0,0.0
642,23567,,,,,,,,,,,,,,,,,,,,,,,,,,,,,,E,general_primary_interact,,0.0,0.0
643,23633,,,,,,,,,,,,,,,,,,,,,,,,,,,,,,E,general_primary_interact,,0.0,0.0
644,23667,,,,,,,,,,,,,,,,,,,,,,,,,,,,,,E,general_primary_interact,,0.0,0.0
645,23700,,,,,,,,,,,,,,,,,,,,,,,,,,,,,,E,general_primary_interact,,0.0,0.0
646,23733,,,,,,,,,,,,,,,,,,,,,,,,,,,,,,E,general_primary_interact,,0.0,0.0
647,23767,,,,,,,,,,,,,,,,,,,,,,,,,,,,,,E,general_primary_interact,,0.0,0.0
648,23800,,,,,,,,,,,,,,,,,,,,,,,,,,,,,,,,,0.0,0.0
649,23833,,,,,,,,,,,,,,,,,,,,,,,,,,,,,,,,,0.0,0.0
650,23867,,,,,,,,,,,,,,,,,,,,,,,,,,,,,,,,,0.0,0.0
651,23900,,,,,,,,,,,,,,,,,,,,,,,,,,,,,,,,,0.0,0.0
652,23933,,,,,,,,,,,,,,,,,,,,,,,,,,,,,,,,,0.0,0.0
653,24000,,,,,,,,,,,,,,,,,,,,,,,,,,,,,,,,,0.0,0.0
654,24033,,,,,,,,,,,,,,,,,,,,,,,,,,,,,,,,,0.0,0.0
655,24067,,,,,,,,,,,,,,,,,,,,,,,,,,,,,,,,,0.0,0.0
656,24100,,,,,,,,,,,,,,,,,,,,,,,,,,,,,,,,,0.0,0.0
657,24133,,,,,,,,,,,,,,,,,,,,,,,,,,,,,,,,,0.0,0.0
658,24167,,,,,,,,,,,,,,,,,,,,,,,,,,,,,,,,,0.0,0.0
659,24200,,,,,,,,,,,,,,,,,,,,,,,,,,,,,,,,,0.0,0.0
660,24233,,,,,,,,,,,,,,,,,,,,,,,,,,,,,,,,,0.0,0.0
661,24300,,,,,,,,,,,,,,,,,,,,,,,,,,,,,,,,,0.0,0.0
662,24333,,,,,,,,,,,,,,,,,,,,,,,,,,,,,,,,,0.0,0.0
663,24367,,,,,,,,,,,,,,,,,,,,,,,,,,,,,,,,,0.0,0.0
664,24400,,,,,,,,,,,,,,,,,,,,,,,,,,,,,,,,,0.0,0.0
665,24433,,,,,,,,,,,,,,,,,,,,,,,,,,,,,,,,,0.0,0.0
666,24467,,,,,,,,,,,,,,,,,,,,,,,,,,,,,,,,,0.0,0.0
667,24500,,,,,,,,,,,,,,,,,,,,,,,,,,,,,,,,,0.0,0.0
668,24533,,,,,,,,,,,,,,,,,,,,,,,,,,,,,,,,,0.0,0.0
669,24567,,,,,,,,,,,,,,,,,,,,,,,,,,,,,,W,movement_move_y_axis,,0.0,0.0
670,24600,,,,,,,,,,,,,,,,,,,,,,,,,,,,,,W,movement_move_y_axis,,0.0,0.0
671,24633,,,,,,,,,,,,,,,,,,,,,,,,,,,,,,W,movement_move_y_axis,,0.0,0.0
672,24667,,,,,,,,,,,,,,,,,,,,,,,,,,,,,,W,movement_move_y_axis,,0.0,0.0
673,24733,,,,,,,,,,,,,,,,,,,,,,,,,,,,,,W,movement_move_y_axis,,0.0,0.0
674,24767,,,,,,,,,,,,,,,,,,,,,,,,,,,,,,W,movement_move_y_axis,,0.0,0.0
675,24800,,,,,,,,,,,,,,,,,,,,,,,,,,,,,,W,movement_move_y_axis,,0.0,0.0
676,24833,,,,,,,,,,,,,,,,,,,,,,,,,,,,,,W,movement_move_y_axis,,0.0,0.0
677,24867,,,,,,,,,,,,,,,,,,,,,,,,,,,,,,W,movement_move_y_axis,,0.0,0.0
678,24900,,,,,,,,,,,,,,,,,,,,,,,,,,,,,,W,movement_move_y_axis,,0.0,0.0
679,24933,,,,,,,,,,,,,,,,,,,,,,,,,,,,,,W,movement_move_y_axis,,0.0,0.0
680,24967,,,,,,,,,,,,,,,,,,,,,,,,,,,,,,W,movement_move_y_axis,,0.0,0.0
681,25033,,,,,,,,,,,,,,,,,,,,,,,,,,,,,,W,movement_move_y_axis,,0.0,0.0
682,25067,,,,,,,,,,,,,,,,,,,,,,,,,,,,,,W,movement_move_y_axis,,0.0,0.0
683,25100,,,,,,,,,,,,,,,,,,,,,,,,,,,,,,W,movement_move_y_axis|movement_look_x_axis|movement_look_y_axis,,8.0,-9.0
684,25133,,,,,,,,,,,,,,,,,,,,,,,,,,,,,,W,movement_move_y_axis|movement_look_x_axis|movement_look_y_axis,,10.0,-10.0
685,25167,,,,,,,,,,,,,,,,,,,,,,,,,,,,,,W,movement_move_y_axis|movement_look_x_axis|movement_look_y_axis,,19.0,-19.0
686,25200,,,,,,,,,,,,,,,,,,,,,,,,,,,,,,W,movement_move_y_axis,,0.0,0.0
687,25233,,,,,,,,,,,,,,,,,,,,,,,,,,,,,,W,movement_move_y_axis|movement_look_x_axis|movement_look_y_axis,,5.0,-6.0
688,25267,,,,,,,,,,,,,,,,,,,,,,,,,,,,,,W,movement_move_y_axis|movement_look_x_axis|movement_look_y_axis,,8.0,-6.0
689,25333,,,,,,,,,,,,,,,,,,,,,,,,,,,,,,W,movement_move_y_axis|movement_look_x_axis|movement_look_y_axis,,4.0,-4.0
690,25367,,,,,,,,,,,,,,,,,,,,,,,,,,,,,,W,movement_move_y_axis|movement_look_x_axis|movement_look_y_axis,,7.0,-5.0
691,25400,,,,,,,,,,,,,,,,,,,,,,,,,,,,,,W,movement_move_y_axis|movement_look_x_axis|movement_look_y_axis,,8.0,-6.0
692,25433,,,,,,,,,,,,,,,,,,,,,,,,,,,,,,W,movement_move_y_axis|movement_look_x_axis|movement_look_y_axis,,9.0,-6.0
693,25467,,,,,,,,,,,,,,,,,,,,,,,,,,,,,,W,movement_move_y_axis|movement_look_x_axis|movement_look_y_axis,,2.0,-2.0
694,25500,,,,,,,,,,,,,,,,,,,,,,,,,,,,,,W,movement_move_y_axis,,0.0,0.0
695,25533,,,,,,,,,,,,,,,,,,,,,,,,,,,,,,W,movement_move_y_axis,,0.0,0.0
696,25567,,,,,,,,,,,,,,,,,,,,,,,,,,,,,,W,movement_move_y_axis,,0.0,0.0
697,25600,,,,,,,,,,,,,,,,,,,,,,,,,,,,,,W,movement_move_y_axis,,0.0,0.0
698,25633,,,,,,,,,,,,,,,,,,,,,,,,,,,,,,W,movement_move_y_axis,,0.0,0.0
699,25700,,,,,,,,,,,,,,,,,,,,,,,,,,,,,,W,movement_move_y_axis,,0.0,0.0
700,25733,,,,,,,,,,,,,,,,,,,,,,,,,,,,,,W,movement_move_y_axis,,0.0,0.0
701,25767,,,,,,,,,,,,,,,,,,,,,,,,,,,,,,W,movement_move_y_axis,,0.0,0.0
702,25800,,,,,,,,,,,,,,,,,,,,,,,,,,,,,,W,movement_move_y_axis,,0.0,0.0
703,25833,,,,,,,,,,,,,,,,,,,,,,,,,,,,,,W,movement_move_y_axis,,0.0,0.0
704,25867,,,,,,,,,,,,,,,,,,,,,,,,,,,,,,W,movement_move_y_axis,,0.0,0.0
705,25900,,,,,,,,,,,,,,,,,,,,,,,,,,,,,,W,movement_move_y_axis|movement_look_y_axis,,0.0,1.0
706,25933,,,,,,,,,,,,,,,,,,,,,,,,,,,,,,W,movement_move_y_axis|movement_look_x_axis|movement_look_y_axis,,-1.0,2.0
707,25967,,,,,,,,,,,,,,,,,,,,,,,,,,,,,,W,movement_move_y_axis|movement_look_x_axis|movement_look_y_axis,,-2.0,2.0
708,26000,,,,,,,,,,,,,,,,,,,,,,,,,,,,,,W,movement_move_y_axis|movement_look_x_axis|movement_look_y_axis,,-1.0,2.0
709,26033,,,,,,,,,,,,,,,,,,,,,,,,,,,,,,W,movement_move_y_axis|movement_look_x_axis|movement_look_y_axis,,-2.0,3.0
710,26067,,,,,,,,,,,,,,,,,,,,,,,,,,,,,,W,movement_move_y_axis,,0.0,0.0
711,26133,,,,,,,,,,,,,,,,,,,,,,,,,,,,,,W,movement_move_y_axis,,0.0,0.0
712,26167,,,,,,,,,,,,,,,,,,,,,,,,,,,,,,W,movement_move_y_axis,,0.0,0.0
713,26200,,,,,,,,,,,,,,,,,,,,,,,,,,,,,,W,movement_move_y_axis|movement_look_x_axis|movement_look_y_axis,,-1.0,2.0
714,26233,,,,,,,,,,,,,,,,,,,,,,,,,,,,,,W,movement_move_y_axis|movement_look_x_axis|movement_look_y_axis,,-1.0,4.0
715,26267,,,,,,,,,,,,,,,,,,,,,,,,,,,,,,W,movement_move_y_axis,,0.0,0.0
716,26300,,,,,,,,,,,,,,,,,,,,,,,,,,,,,,W,movement_move_y_axis,,0.0,0.0
717,26333,,,,,,,,,,,,,,,,,,,,,,,,,,,,,,W,movement_move_y_axis,,0.0,0.0
718,26367,,,,,,,,,,,,,,,,,,,,,,,,,,,,,,W,movement_move_y_axis,,0.0,0.0
719,26400,,,,,,,,,,,,,,,,,,,,,,,,,,,,,,W,movement_move_y_axis,,0.0,0.0
720,26433,,,,,,,,,,,,,,,,,,,,,,,,,,,,,,W,movement_move_y_axis,,0.0,0.0
721,26467,,,,,,,,,,,,,,,,,,,,,,,,,,,,,,W,movement_move_y_axis,,0.0,0.0
722,26500,,,,,,,,,,,,,,,,,,,,,,,,,,,,,,W,movement_move_y_axis,,0.0,0.0
723,26533,,,,,,,,,,,,,,,,,,,,,,,,,,,,,,W,movement_move_y_axis|movement_look_x_axis|movement_look_y_axis,,-2.0,2.0
724,26600,,,,,,,,,,,,,,,,,,,,,,,,,,,,,,W,movement_move_y_axis,,0.0,0.0
725,26633,,,,,,,,,,,,,,,,,,,,,,,,,,,,,,W,movement_move_y_axis|movement_look_y_axis,,0.0,2.0
726,26667,,,,,,,,,,,,,,,,,,,,,,,,,,,,,,W,movement_move_y_axis,,0.0,0.0
727,26700,,,,,,,,,,,,,,,,,,,,,,,,,,,,,,W,movement_move_y_axis,,0.0,0.0
728,26733,,,,,,,,,,,,,,,,,,,,,,,,,,,,,,W,movement_move_y_axis,,0.0,0.0
729,26800,,,,,,,,,,,,,,,,,,,,,,,,,,,,,,W,movement_move_y_axis|movement_look_x_axis|movement_look_y_axis,,-2.0,3.0
730,26833,,,,,,,,,,,,,,,,,,,,,,,,,,,,,,W,movement_move_y_axis|movement_look_x_axis|movement_look_y_axis,,-2.0,3.0
731,26867,,,,,,,,,,,,,,,,,,,,,,,,,,,,,,W,movement_move_y_axis|movement_look_x_axis|movement_look_y_axis,,-2.0,3.0
732,26900,,,,,,,,,,,,,,,,,,,,,,,,,,,,,,W,movement_move_y_axis|movement_look_x_axis|movement_look_y_axis,,-5.0,6.0
733,26933,,,,,,,,,,,,,,,,,,,,,,,,,,,,,,D|W,movement_move_x_axis|movement_move_y_axis|movement_look_x_axis|movement_look_y_axis,,-29.0,22.0
734,26967,,,,,,,,,,,,,,,,,,,,,,,,,,,,,,D,movement_move_x_axis,,0.0,0.0
735,27000,,,,,,,,,,,,,,,,,,,,,,,,,,,,,,D,movement_move_x_axis|movement_look_x_axis|movement_look_y_axis,,-26.0,16.0
736,27033,,,,,,,,,,,,,,,,,,,,,,,,,,,,,,D,movement_move_x_axis|movement_look_x_axis|movement_look_y_axis,,-31.0,12.0
737,27067,,,,,,,,,,,,,,,,,,,,,,,,,,,,,,D,movement_move_x_axis|movement_look_x_axis|movement_look_y_axis,,-51.0,10.0
738,27100,,,,,,,,,,,,,,,,,,,,,,,,,,,,,,D,movement_move_x_axis|movement_look_x_axis|movement_look_y_axis,,-83.0,4.0
739,27133,,,,,,,,,,,,,,,,,,,,,,,,,,,,,,D,movement_move_x_axis|movement_look_x_axis|movement_look_y_axis,,-132.0,13.0
740,27200,,,,,,,,,,,,,,,,,,,,,,,,,,,,,,D,movement_move_x_axis|movement_look_x_axis|movement_look_y_axis,,-52.0,9.0
741,27233,,,,,,,,,,,,,,,,,,,,,,,,,,,,,,D,movement_move_x_axis|movement_look_x_axis|movement_look_y_axis,,-37.0,8.0
742,27267,,,,,,,,,,,,,,,,,,,,,,,,,,,,,,D,movement_move_x_axis|movement_look_x_axis|movement_look_y_axis,,-38.0,6.0
743,27300,,,,,,,,,,,,,,,,,,,,,,,,,,,,,,D,movement_move_x_axis|movement_look_x_axis|movement_look_y_axis,,-43.0,7.0
744,27333,,,,,,,,,,,,,,,,,,,,,,,,,,,,,,,movement_look_x_axis,,-38.0,0.0
745,27367,,,,,,,,,,,,,,,,,,,,,,,,,,,,,,,,,0.0,0.0
746,27400,,,,,,,,,,,,,,,,,,,,,,,,,,,,,,,movement_look_x_axis,,-1.0,0.0
747,27433,,,,,,,,,,,,,,,,,,,,,,,,,,,,,,,,,0.0,0.0
748,27467,,,,,,,,,,,,,,,,,,,,,,,,,,,,,,,movement_look_x_axis|movement_look_y_axis,,-5.0,-5.0
749,27500,,,,,,,,,,,,,,,,,,,,,,,,,,,,,,,movement_look_x_axis|movement_look_y_axis,,-4.0,-5.0
750,27533,,,,,,,,,,,,,,,,,,,,,,,,,,,,,,,,,0.0,0.0
751,27567,,,,,,,,,,,,,,,,,,,,,,,,,,,,,,,movement_look_y_axis,,0.0,-1.0
752,27600,,,,,,,,,,,,,,,,,,,,,,,,,,,,,,,,,0.0,0.0
753,27633,,,,,,,,,,,,,,,,,,,,,,,,,,,,,,,movement_look_x_axis,,5.0,0.0
754,27667,,,,,,,,,,,,,,,,,,,,,,,,,,,,,,,movement_look_x_axis|movement_look_y_axis,,42.0,9.0
755,27700,,,,,,,,,,,,,,,,,,,,,,,,,,,,,,,movement_look_x_axis|movement_look_y_axis,,89.0,16.0
756,27733,,,,,,,,,,,,,,,,,,,,,,,,,,,,,,,movement_look_x_axis|movement_look_y_axis,,93.0,19.0
757,27800,,,,,,,,,,,,,,,,,,,,,,,,,,,,,,,movement_look_x_axis,,4.0,0.0
758,27833,,,,,,,,,,,,,,,,,,,,,,,,,,,,,,,,,0.0,0.0
759,27867,,,,,,,,,,,,,,,,,,,,,,,,,,,,,,,,,0.0,0.0
760,27900,,,,,,,,,,,,,,,,,,,,,,,,,,,,,,,,,0.0,0.0
761,27933,,,,,,,,,,,,,,,,,,,,,,,,,,,,,,,,,0.0,0.0
762,27967,,,,,,,,,,,,,,,,,,,,,,,,,,,,,,,,,0.0,0.0
763,28000,,,,,,,,,,,,,,,,,,,,,,,,,,,,,,,,,0.0,0.0
764,28033,,,,,,,,,,,,,,,,,,,,,,,,,,,,,,,,,0.0,0.0
765,28067,,,,,,,,,,,,,,,,,,,,,,,,,,,,,,,,,0.0,0.0
766,28100,,,,,,,,,,,,,,,,,,,,,,,,,,,,,,,,,0.0,0.0
767,28133,,,,,,,,,,,,,,,,,,,,,,,,,,,,,,,,,0.0,0.0
768,28167,,,,,,,,,,,,,,,,,,,,,,,,,,,,,,,,,0.0,0.0
769,28267,,,,,,,,,,,,,,,,,,,,,,,,,,,,,,,,,0.0,0.0
770,28300,,,,,,,,,,,,,,,,,,,,,,,,,,,,,,,,,0.0,0.0
771,28333,,,,,,,,,,,,,,,,,,,,,,,,,,,,,,,,,0.0,0.0
772,28400,,,,,,,,,,,,,,,,,,,,,,,,,,,,,,,,,0.0,0.0
773,28433,,,,,,,,,,,,,,,,,,,,,,,,,,,,,,,,,0.0,0.0
774,28467,,,,,,,,,,,,,,,,,,,,,,,,,,,,,,,,,0.0,0.0
775,28500,,,,,,,,,,,,,,,,,,,,,,,,,,,,,,,,,0.0,0.0
776,28533,,,,,,,,,,,,,,,,,,,,,,,,,,,,,,,,,0.0,0.0
777,28600,,,,,,,,,,,,,,,,,,,,,,,,,,,,,,,,,0.0,0.0
778,28633,,,,,,,,,,,,,,,,,,,,,,,,,,,,,,,,,0.0,0.0
779,28667,,,,,,,,,,,,,,,,,,,,,,,,,,,,,,,,,0.0,0.0
780,28700,,,,,,,,,,,,,,,,,,,,,,,,,,,,,,,,,0.0,0.0
781,28767,,,,,,,,,,,,,,,,,,,,,,,,,,,,,,,,,0.0,0.0
782,28800,,,,,,,,,,,,,,,,,,,,,,,,,,,,,,,,,0.0,0.0
783,28900,,,,,,,,,,,,,,,,,,,,,,,,,,,,,,,,,0.0,0.0
784,28933,,,,,,,,,,,,,,,,,,,,,,,,,,,,,,,,,0.0,0.0
785,28967,,,,,,,,,,,,,,,,,,,,,,,,,,,,,,,,,0.0,0.0
786,29000,,,,,,,,,,,,,,,,,,,,,,,,,,,,,,,,,0.0,0.0
787,29033,,,,,,,,,,,,,,,,,,,,,,,,,,,,,,,,,0.0,0.0
788,29100,,,,,,,,,,,,,,,,,,,,,,,,,,,,,,,,,0.0,0.0
789,29133,,,,,,,,,,,,,,,,,,,,,,,,,,,,,,,,,0.0,0.0
790,29167,,,,,,,,,,,,,,,,,,,,,,,,,,,,,,,,,0.0,0.0
791,29200,,,,,,,,,,,,,,,,,,,,,,,,,,,,,,,,,0.0,0.0
792,29233,,,,,,,,,,,,,,,,,,,,,,,,,,,,,,,,,0.0,0.0
793,29267,,,,,,,,,,,,,,,,,,,,,,,,,,,,,,,,,0.0,0.0
794,29300,,,,,,,,,,,,,,,,,,,,,,,,,,,,,,,movement_look_x_axis,,-5.0,0.0
795,29367,,,,,,,,,,,,,,,,,,,,,,,,,,,,,,,movement_look_x_axis|movement_look_y_axis,,-26.0,-9.0
796,29400,,,,,,,,,,,,,,,,,,,,,,,,,,,,,,,movement_look_x_axis|movement_look_y_axis,,-96.0,-33.0
797,29467,,,,,,,,,,,,,,,,,,,,,,,,,,,,,,,movement_look_x_axis|movement_look_y_axis,,-65.0,-13.0
798,29500,,,,,,,,,,,,,,,,,,,,,,,,,,,,,,,movement_look_x_axis|movement_look_y_axis,,-125.0,-27.0
799,29567,,,,,,,,,,,,,,,,,,,,,,,,,,,,,,,movement_look_x_axis|movement_look_y_axis,,-29.0,-12.0
800,29600,,,,,,,,,,,,,,,,,,,,,,,,,,,,,,,movement_look_x_axis|movement_look_y_axis,,-29.0,-17.0
801,29633,,,,,,,,,,,,,,,,,,,,,,,,,,,,,,,,,0.0,0.0
802,29667,,,,,,,,,,,,,,,,,,,,,,,,,,,,,,,movement_look_x_axis|movement_look_y_axis,,-7.0,-3.0
803,29700,,,,,,,,,,,,,,,,,,,,,,,,,,,,,,,movement_look_x_axis|movement_look_y_axis,,-9.0,-4.0
804,29733,,,,,,,,,,,,,,,,,,,,,,,,,,,,,,,,,0.0,0.0
805,29767,,,,,,,,,,,,,,,,,,,,,,,,,,,,,,,movement_look_x_axis|movement_look_y_axis,,-11.0,-7.0
806,29800,,,,,,,,,,,,,,,,,,,,,,,,,,,,,,,movement_look_x_axis|movement_look_y_axis,,-6.0,-7.0
807,29833,,,,,,,,,,,,,,,,,,,,,,,,,,,,,,,movement_look_x_axis,,-1.0,0.0
808,29867,,,,,,,,,,,,,,,,,,,,,,,,,,,,,,,,,0.0,0.0
809,29933,,,,,,,,,,,,,,,,,,,,,,,,,,,,,,,,,0.0,0.0
810,29967,,,,,,,,,,,,,,,,,,,,,,,,,,,,,,,,,0.0,0.0
811,30000,,,,,,,,,,,,,,,,,,,,,,,,,,,,,,,,,0.0,0.0
812,30033,,,,,,,,,,,,,,,,,,,,,,,,,,,,,,W,movement_move_y_axis|movement_look_x_axis|movement_look_y_axis,,2.0,-3.0
813,30067,,,,,,,,,,,,,,,,,,,,,,,,,,,,,,W,movement_move_y_axis|movement_look_x_axis|movement_look_y_axis,,67.0,-2.0
814,30100,,,,,,,,,,,,,,,,,,,,,,,,,,,,,,W,movement_move_y_axis,,0.0,0.0
815,30133,,,,,,,,,,,,,,,,,,,,,,,,,,,,,,W,movement_move_y_axis|movement_look_x_axis|movement_look_y_axis,,91.0,5.0
816,30200,,,,,,,,,,,,,,,,,,,,,,,,,,,,,,W,movement_move_y_axis|movement_look_x_axis,,9.0,0.0
817,30233,,,,,,,,,,,,,,,,,,,,,,,,,,,,,,W,movement_move_y_axis,,0.0,0.0
818,30267,,,,,,,,,,,,,,,,,,,,,,,,,,,,,,W,movement_move_y_axis,,0.0,0.0
819,30300,,,,,,,,,,,,,,,,,,,,,,,,,,,,,,W,movement_move_y_axis,,0.0,0.0
820,30333,,,,,,,,,,,,,,,,,,,,,,,,,,,,,,W,movement_move_y_axis,,0.0,0.0
821,30367,,,,,,,,,,,,,,,,,,,,,,,,,,,,,,W,movement_move_y_axis,,0.0,0.0
822,30400,,,,,,,,,,,,,,,,,,,,,,,,,,,,,,W,movement_move_y_axis,,0.0,0.0
823,30433,,,,,,,,,,,,,,,,,,,,,,,,,,,,,,W,movement_move_y_axis,,0.0,0.0
824,30467,,,,,,,,,,,,,,,,,,,,,,,,,,,,,,W,movement_move_y_axis,,0.0,0.0
825,30500,,,,,,,,,,,,,,,,,,,,,,,,,,,,,,W,movement_move_y_axis,,0.0,0.0
826,30533,,,,,,,,,,,,,,,,,,,,,,,,,,,,,,W,movement_move_y_axis,,0.0,0.0
827,30567,,,,,,,,,,,,,,,,,,,,,,,,,,,,,,W,movement_move_y_axis,,0.0,0.0
828,30600,,,,,,,,,,,,,,,,,,,,,,,,,,,,,,W,movement_move_y_axis,,0.0,0.0
829,30633,,,,,,,,,,,,,,,,,,,,,,,,,,,,,,W,movement_move_y_axis|movement_look_x_axis|movement_look_y_axis,,1.0,1.0
830,30667,,,,,,,,,,,,,,,,,,,,,,,,,,,,,,W,movement_move_y_axis|movement_look_x_axis|movement_look_y_axis,,-5.0,6.0
831,30700,,,,,,,,,,,,,,,,,,,,,,,,,,,,,,W,movement_move_y_axis|movement_look_x_axis|movement_look_y_axis,,-8.0,7.0
832,30733,,,,,,,,,,,,,,,,,,,,,,,,,,,,,,W,movement_move_y_axis|movement_look_x_axis|movement_look_y_axis,,-1.0,3.0
833,30767,,,,,,,,,,,,,,,,,,,,,,,,,,,,,,W,movement_move_y_axis,,0.0,0.0
834,30800,,,,,,,,,,,,,,,,,,,,,,,,,,,,,,W,movement_move_y_axis,,0.0,0.0
835,30833,,,,,,,,,,,,,,,,,,,,,,,,,,,,,,W,movement_move_y_axis,,0.0,0.0
836,30867,,,,,,,,,,,,,,,,,,,,,,,,,,,,,,W,movement_move_y_axis|movement_look_x_axis|movement_look_y_axis,,-1.0,1.0
837,30900,,,,,,,,,,,,,,,,,,,,,,,,,,,,,,W,movement_move_y_axis,,0.0,0.0
838,30933,,,,,,,,,,,,,,,,,,,,,,,,,,,,,,W,movement_move_y_axis,,0.0,0.0
839,30967,,,,,,,,,,,,,,,,,,,,,,,,,,,,,,W,movement_move_y_axis,,0.0,0.0
840,31000,,,,,,,,,,,,,,,,,,,,,,,,,,,,,,W,movement_move_y_axis,,0.0,0.0
841,31033,,,,,,,,,,,,,,,,,,,,,,,,,,,,,,W,movement_move_y_axis,,0.0,0.0
842,31067,,,,,,,,,,,,,,,,,,,,,,,,,,,,,,W,movement_move_y_axis,,0.0,0.0
843,31100,,,,,,,,,,,,,,,,,,,,,,,,,,,,,,W,movement_move_y_axis|movement_look_x_axis|movement_look_y_axis,,-1.0,2.0
844,31133,,,,,,,,,,,,,,,,,,,,,,,,,,,,,,W,movement_move_y_axis|movement_look_y_axis,,0.0,6.0
845,31167,,,,,,,,,,,,,,,,,,,,,,,,,,,,,,W,movement_move_y_axis|movement_look_y_axis,,0.0,4.0
846,31200,,,,,,,,,,,,,,,,,,,,,,,,,,,,,,W,movement_move_y_axis|movement_look_x_axis|movement_look_y_axis,,2.0,8.0
847,31233,,,,,,,,,,,,,,,,,,,,,,,,,,,,,,W,movement_move_y_axis|movement_look_x_axis|movement_look_y_axis,,2.0,3.0
848,31267,,,,,,,,,,,,,,,,,,,,,,,,,,,,,,W,movement_move_y_axis|movement_look_x_axis|movement_look_y_axis,,2.0,4.0
849,31300,,,,,,,,,,,,,,,,,,,,,,,,,,,,,,W,movement_move_y_axis|movement_look_x_axis|movement_look_y_axis,,3.0,6.0
850,31333,,,,,,,,,,,,,,,,,,,,,,,,,,,,,,W,movement_move_y_axis|movement_look_x_axis|movement_look_y_axis,,3.0,5.0
851,31400,,,,,,,,,,,,,,,,,,,,,,,,,,,,,,W,movement_move_y_axis|movement_look_x_axis|movement_look_y_axis,,1.0,1.0
852,31433,,,,,,,,,,,,,,,,,,,,,,,,,,,,,,W,movement_move_y_axis|movement_look_y_axis,,0.0,1.0
853,31467,,,,,,,,,,,,,,,,,,,,,,,,,,,,,,,movement_look_x_axis|movement_look_y_axis,,2.0,2.0
854,31500,,,,,,,,,,,,,,,,,,,,,,,,,,,,,,,,,0.0,0.0
855,31533,,,,,,,,,,,,,,,,,,,,,,,,,,,,,,,movement_look_x_axis|movement_look_y_axis,,1.0,2.0
856,31567,,,,,,,,,,,,,,,,,,,,,,,,,,,,,,,,,0.0,0.0
857,31600,,,,,,,,,,,,,,,,,,,,,,,,,,,,,,,,,0.0,0.0
858,31633,,,,,,,,,,,,,,,,,,,,,,,,,,,,,,,,,0.0,0.0
859,31667,,,,,,,,,,,,,,,,,,,,,,,,,,,,,,,,,0.0,0.0
860,31700,,,,,,,,,,,,,,,,,,,,,,,,,,,,,,,,,0.0,0.0
861,31733,,,,,,,,,,,,,,,,,,,,,,,,,,,,,,,,,0.0,0.0
862,31767,,,,,,,,,,,,,,,,,,,,,,,,,,,,,,,,,0.0,0.0
863,31800,,,,,,,,,,,,,,,,,,,,,,,,,,,,,,,,,0.0,0.0
864,31833,,,,,,,,,,,,,,,,,,,,,,,,,,,,,,,,,0.0,0.0
865,31900,,,,,,,,,,,,,,,,,,,,,,,,,,,,,,W,movement_move_y_axis,,0.0,0.0
866,31933,,,,,,,,,,,,,,,,,,,,,,,,,,,,,,W,movement_move_y_axis,,0.0,0.0
867,31967,,,,,,,,,,,,,,,,,,,,,,,,,,,,,,W,movement_move_y_axis,,0.0,0.0
868,32000,,,,,,,,,,,,,,,,,,,,,,,,,,,,,,W,movement_move_y_axis,,0.0,0.0
869,32033,,,,,,,,,,,,,,,,,,,,,,,,,,,,,,W,movement_move_y_axis,,0.0,0.0
870,32100,,,,,,,,,,,,,,,,,,,,,,,,,,,,,,,,,0.0,0.0
871,32133,,,,,,,,,,,,,,,,,,,,,,,,,,,,,,,,,0.0,0.0
872,32167,,,,,,,,,,,,,,,,,,,,,,,,,,,,,,,,,0.0,0.0
873,32233,,,,,,,,,,,,,,,,,,,,,,,,,,,,,,,,,0.0,0.0
874,32300,,,,,,,,,,,,,,,,,,,,,,,,,,,,,,,,,0.0,0.0
875,32333,,,,,,,,,,,,,,,,,,,,,,,,,,,,,,,,,0.0,0.0
876,32367,,,,,,,,,,,,,,,,,,,,,,,,,,,,,,,,,0.0,0.0
877,32400,,,,,,,,,,,,,,,,,,,,,,,,,,,,,,W,movement_move_y_axis,,0.0,0.0
878,32433,,,,,,,,,,,,,,,,,,,,,,,,,,,,,,W,movement_move_y_axis,,0.0,0.0
879,32467,,,,,,,,,,,,,,,,,,,,,,,,,,,,,,W,movement_move_y_axis,,0.0,0.0
880,32533,,,,,,,,,,,,,,,,,,,,,,,,,,,,,,W,movement_move_y_axis,,0.0,0.0
881,32567,,,,,,,,,,,,,,,,,,,,,,,,,,,,,,W,movement_move_y_axis,,0.0,0.0
882,32600,,,,,,,,,,,,,,,,,,,,,,,,,,,,,,W,movement_move_y_axis|movement_look_x_axis|movement_look_y_axis,,-4.0,-4.0
883,32633,,,,,,,,,,,,,,,,,,,,,,,,,,,,,,W,movement_move_y_axis|movement_look_x_axis|movement_look_y_axis,,-50.0,-22.0
884,32700,,,,,,,,,,,,,,,,,,,,,,,,,,,,,,W,movement_move_y_axis,,0.0,0.0
885,32733,,,,,,,,,,,,,,,,,,,,,,,,,,,,,,W,movement_move_y_axis|movement_look_x_axis,,-6.0,0.0
886,32767,,,,,,,,,,,,,,,,,,,,,,,,,,,,,,A|W,movement_move_x_axis|movement_move_y_axis|movement_look_x_axis|movement_look_y_axis,,-1.0,-1.0
887,32833,,,,,,,,,,,,,,,,,,,,,,,,,,,,,,A|W,movement_move_x_axis|movement_move_y_axis|movement_look_x_axis,,-1.0,0.0
888,32867,,,,,,,,,,,,,,,,,,,,,,,,,,,,,,A|W,movement_move_x_axis|movement_move_y_axis,,0.0,0.0
889,32900,,,,,,,,,,,,,,,,,,,,,,,,,,,,,,A|W,movement_move_x_axis|movement_move_y_axis|movement_look_x_axis,,-3.0,0.0
890,32933,,,,,,,,,,,,,,,,,,,,,,,,,,,,,,A|W,movement_move_x_axis|movement_move_y_axis|movement_look_x_axis,,-1.0,0.0
891,32967,,,,,,,,,,,,,,,,,,,,,,,,,,,,,,A|W,movement_move_x_axis|movement_move_y_axis,,0.0,0.0
892,33000,,,,,,,,,,,,,,,,,,,,,,,,,,,,,,A|W,movement_move_x_axis|movement_move_y_axis,,0.0,0.0
893,33033,,,,,,,,,,,,,,,,,,,,,,,,,,,,,,A|W,movement_move_x_axis|movement_move_y_axis,,0.0,0.0
894,33067,,,,,,,,,,,,,,,,,,,,,,,,,,,,,,A|W,movement_move_x_axis|movement_move_y_axis,,0.0,0.0
895,33100,,,,,,,,,,,,,,,,,,,,,,,,,,,,,,A|W,movement_move_x_axis|movement_move_y_axis,,0.0,0.0
896,33167,,,,,,,,,,,,,,,,,,,,,,,,,,,,,,A|W,movement_move_x_axis|movement_move_y_axis,,0.0,0.0
897,33200,,,,,,,,,,,,,,,,,,,,,,,,,,,,,,A|W,movement_move_x_axis|movement_move_y_axis,,0.0,0.0
898,33233,,,,,,,,,,,,,,,,,,,,,,,,,,,,,,A|W,movement_move_x_axis|movement_move_y_axis,,0.0,0.0
899,33267,,,,,,,,,,,,,,,,,,,,,,,,,,,,,,A|W,movement_move_x_axis|movement_move_y_axis,,0.0,0.0
900,33300,,,,,,,,,,,,,,,,,,,,,,,,,,,,,,A|W,movement_move_x_axis|movement_move_y_axis,,0.0,0.0
901,33333,,,,,,,,,,,,,,,,,,,,,,,,,,,,,,A|W,movement_move_x_axis|movement_move_y_axis,,0.0,0.0
902,33367,,,,,,,,,,,,,,,,,,,,,,,,,,,,,,A|W,movement_move_x_axis|movement_move_y_axis,,0.0,0.0
903,33400,,,,,,,,,,,,,,,,,,,,,,,,,,,,,,A|W,movement_move_x_axis|movement_move_y_axis,,0.0,0.0
904,33433,,,,,,,,,,,,,,,,,,,,,,,,,,,,,,A|W,movement_move_x_axis|movement_move_y_axis,,0.0,0.0
905,33467,,,,,,,,,,,,,,,,,,,,,,,,,,,,,,A|W,movement_move_x_axis|movement_move_y_axis,,0.0,0.0
906,33500,,,,,,,,,,,,,,,,,,,,,,,,,,,,,,A|W,movement_move_x_axis|movement_move_y_axis,,0.0,0.0
907,33533,,,,,,,,,,,,,,,,,,,,,,,,,,,,,,A|W,movement_move_x_axis|movement_move_y_axis,,0.0,0.0
908,33600,,,,,,,,,,,,,,,,,,,,,,,,,,,,,,A|W,movement_move_x_axis|movement_move_y_axis,,0.0,0.0
909,33633,,,,,,,,,,,,,,,,,,,,,,,,,,,,,,A|W,movement_move_x_axis|movement_move_y_axis,,0.0,0.0
910,33700,,,,,,,,,,,,,,,,,,,,,,,,,,,,,,A|W,movement_move_x_axis|movement_move_y_axis|movement_look_x_axis,,15.0,0.0
911,33733,,,,,,,,,,,,,,,,,,,,,,,,,,,,,,W,movement_move_y_axis|movement_look_x_axis|movement_look_y_axis,,57.0,1.0
912,33767,,,,,,,,,,,,,,,,,,,,,,,,,,,,,,W,movement_move_y_axis,,0.0,0.0
913,33800,,,,,,,,,,,,,,,,,,,,,,,,,,,,,,W,movement_move_y_axis|movement_look_x_axis|movement_look_y_axis,,43.0,5.0
914,33833,,,,,,,,,,,,,,,,,,,,,,,,,,,,,,W,movement_move_y_axis|movement_look_x_axis|movement_look_y_axis,,100.0,7.0
915,33867,,,,,,,,,,,,,,,,,,,,,,,,,,,,,,W,movement_move_y_axis,,0.0,0.0
916,33900,,,,,,,,,,,,,,,,,,,,,,,,,,,,,,W,movement_move_y_axis|movement_look_x_axis,,85.0,0.0
917,33933,,,,,,,,,,,,,,,,,,,,,,,,,,,,,,,movement_look_x_axis,,62.0,0.0
918,33967,,,,,,,,,,,,,,,,,,,,,,,,,,,,,,,movement_look_x_axis,,50.0,0.0
919,34000,,,,,,,,,,,,,,,,,,,,,,,,,,,,,,,movement_look_x_axis,,34.0,0.0
920,34033,,,,,,,,,,,,,,,,,,,,,,,,,,,,,,,movement_look_x_axis,,13.0,0.0
921,34067,,,,,,,,,,,,,,,,,,,,,,,,,,,,,,,movement_look_x_axis,,1.0,0.0
922,34100,,,,,,,,,,,,,,,,,,,,,,,,,,,,,,,,,0.0,0.0
923,34133,,,,,,,,,,,,,,,,,,,,,,,,,,,,,,,,,0.0,0.0
924,34200,,,,,,,,,,,,,,,,,,,,,,,,,,,,,,W,movement_move_y_axis,,0.0,0.0
925,34233,,,,,,,,,,,,,,,,,,,,,,,,,,,,,,W,movement_move_y_axis,,0.0,0.0
926,34267,,,,,,,,,,,,,,,,,,,,,,,,,,,,,,W,movement_move_y_axis,,0.0,0.0
927,34300,,,,,,,,,,,,,,,,,,,,,,,,,,,,,,W,movement_move_y_axis,,0.0,0.0
928,34333,,,,,,,,,,,,,,,,,,,,,,,,,,,,,,W,movement_move_y_axis|movement_look_x_axis|movement_look_y_axis,,1.0,1.0
929,34400,,,,,,,,,,,,,,,,,,,,,,,,,,,,,,W,movement_move_y_axis|movement_look_x_axis|movement_look_y_axis,,-6.0,11.0
930,34433,,,,,,,,,,,,,,,,,,,,,,,,,,,,,,,movement_look_x_axis|movement_look_y_axis,,-10.0,12.0
931,34467,,,,,,,,,,,,,,,,,,,,,,,,,,,,,,,movement_look_x_axis|movement_look_y_axis,,-26.0,21.0
932,34533,,,,,,,,,,,,,,,,,,,,,,,,,,,,,,,movement_look_x_axis|movement_look_y_axis,,-5.0,3.0
933,34667,,,,,,,,,,,,,,,,,,,,,,,,,,,,,,W,movement_move_y_axis|movement_look_x_axis|movement_look_y_axis,,-4.0,2.0
934,34700,,,,,,,,,,,,,,,,,,,,,,,,,,,,,,A|W,movement_move_x_axis|movement_move_y_axis,,0.0,0.0
935,34733,,,,,,,,,,,,,,,,,,,,,,,,,,,,,,A|W,movement_move_x_axis|movement_move_y_axis|movement_look_x_axis|movement_look_y_axis,,-9.0,16.0
936,34767,,,,,,,,,,,,,,,,,,,,,,,,,,,,,,A|W,movement_move_x_axis|movement_move_y_axis,,0.0,0.0
937,34800,,,,,,,,,,,,,,,,,,,,,,,,,,,,,,A|W,movement_move_x_axis|movement_move_y_axis,,0.0,0.0
938,34833,,,,,,,,,,,,,,,,,,,,,,,,,,,,,,A|W,movement_move_x_axis|movement_move_y_axis,,0.0,0.0
939,34867,,,,,,,,,,,,,,,,,,,,,,,,,,,,,,A|W,movement_move_x_axis|movement_move_y_axis|movement_look_x_axis|movement_look_y_axis,,-2.0,3.0
940,34900,,,,,,,,,,,,,,,,,,,,,,,,,,,,,,,,,0.0,0.0
941,34933,,,,,,,,,,,,,,,,,,,,,,,,,,,,,,,,,0.0,0.0
942,34967,,,,,,,,,,,,,,,,,,,,,,,,,,,,,,,,,0.0,0.0
943,35000,,,,,,,,,,,,,,,,,,,,,,,,,,,,,,,,,0.0,0.0
944,35033,,,,,,,,,,,,,,,,,,,,,,,,,,,,,,,,,0.0,0.0
945,35067,,,,,,,,,,,,,,,,,,,,,,,,,,,,,,,,,0.0,0.0
946,35133,,,,,,,,,,,,,,,,,,,,,,,,,,,,,,,,,0.0,0.0
947,35167,,,,,,,,,,,,,,,,,,,,,,,,,,,,,,,,,0.0,0.0
948,35200,,,,,,,,,,,,,,,,,,,,,,,,,,,,,,,,,0.0,0.0
949,35233,,,,,,,,,,,,,,,,,,,,,,,,,,,,,,,,,0.0,0.0
950,35267,,,,,,,,,,,,,,,,,,,,,,,,,,,,,,,,,0.0,0.0
951,35300,,,,,,,,,,,,,,,,,,,,,,,,,,,,,,,,,0.0,0.0
952,35333,,,,,,,,,,,,,,,,,,,,,,,,,,,,,,,,,0.0,0.0
953,35367,,,,,,,,,,,,,,,,,,,,,,,,,,,,,,,movement_look_x_axis|movement_look_y_axis,,5.0,2.0
954,35433,,,,,,,,,,,,,,,,,,,,,,,,,,,,,,,movement_look_x_axis,,36.0,0.0
955,35467,,,,,,,,,,,,,,,,,,,,,,,,,,,,,,,movement_look_x_axis,,82.0,0.0
956,35500,,,,,,,,,,,,,,,,,,,,,,,,,,,,,,,movement_look_x_axis,,113.0,0.0
957,35533,,,,,,,,,,,,,,,,,,,,,,,,,,,,,,,movement_look_x_axis,,57.0,0.0
958,35600,,,,,,,,,,,,,,,,,,,,,,,,,,,,,,,,,0.0,0.0
959,35633,,,,,,,,,,,,,,,,,,,,,,,,,,,,,,,,,0.0,0.0
960,35667,,,,,,,,,,,,,,,,,,,,,,,,,,,,,,,,,0.0,0.0
961,35700,,,,,,,,,,,,,,,,,,,,,,,,,,,,,,,movement_look_x_axis,,4.0,0.0
962,35733,,,,,,,,,,,,,,,,,,,,,,,,,,,,,,,movement_look_x_axis|movement_look_y_axis,,9.0,-3.0
963,35767,,,,,,,,,,,,,,,,,,,,,,,,,,,,,,,,,0.0,0.0
964,35800,,,,,,,,,,,,,,,,,,,,,,,,,,,,,,,movement_look_x_axis,,18.0,0.0
965,35867,,,,,,,,,,,,,,,,,,,,,,,,,,,,,,,movement_look_x_axis,,1.0,0.0
966,35967,,,,,,,,,,,,,,,,,,,,,,,,,,,,,,,,,0.0,0.0
967,36000,,,,,,,,,,,,,,,,,,,,,,,,,,,,,,,,,0.0,0.0
968,36067,,,,,,,,,,,,,,,,,,,,,,,,,,,,,,,,,0.0,0.0
969,36100,,,,,,,,,,,,,,,,,,,,,,,,,,,,,,,,,0.0,0.0
970,36133,,,,,,,,,,,,,,,,,,,,,,,,,,,,,,,,,0.0,0.0
971,36167,,,,,,,,,,,,,,,,,,,,,,,,,,,,,,,,,0.0,0.0
972,36200,,,,,,,,,,,,,,,,,,,,,,,,,,,,,,,,,0.0,0.0
973,36233,,,,,,,,,,,,,,,,,,,,,,,,,,,,,,,,,0.0,0.0
974,36267,,,,,,,,,,,,,,,,,,,,,,,,,,,,,,,,,0.0,0.0
975,36300,,,,,,,,,,,,,,,,,,,,,,,,,,,,,,,,,0.0,0.0
976,36333,,,,,,,,,,,,,,,,,,,,,,,,,,,,,,,,,0.0,0.0
977,36367,,,,,,,,,,,,,,,,,,,,,,,,,,,,,,,,,0.0,0.0
978,36433,,,,,,,,,,,,,,,,,,,,,,,,,,,,,,,,,0.0,0.0
979,36500,,,,,,,,,,,,,,,,,,,,,,,,,,,,,,,,,0.0,0.0
980,36533,,,,,,,,,,,,,,,,,,,,,,,,,,,,,,,,,0.0,0.0
981,36567,,,,,,,,,,,,,,,,,,,,,,,,,,,,,,,,,0.0,0.0
982,36600,,,,,,,,,,,,,,,,,,,,,,,,,,,,,,,,,0.0,0.0
983,36633,,,,,,,,,,,,,,,,,,,,,,,,,,,,,,,,,0.0,0.0
984,36667,,,,,,,,,,,,,,,,,,,,,,,,,,,,,,,,,0.0,0.0
985,36700,,,,,,,,,,,,,,,,,,,,,,,,,,,,,,,,,0.0,0.0
986,36733,,,,,,,,,,,,,,,,,,,,,,,,,,,,,,,,,0.0,0.0
987,36767,,,,,,,,,,,,,,,,,,,,,,,,,,,,,,,,,0.0,0.0
988,36800,,,,,,,,,,,,,,,,,,,,,,,,,,,,,,,,,0.0,0.0
989,36833,,,,,,,,,,,,,,,,,,,,,,,,,,,,,,,,,0.0,0.0
990,36967,,,,,,,,,,,,,,,,,,,,,,,,,,,,,,,,,0.0,0.0
991,37000,,,,,,,,,,,,,,,,,,,,,,,,,,,,,,,,,0.0,0.0
992,37033,,,,,,,,,,,,,,,,,,,,,,,,,,,,,,,,,0.0,0.0
993,37067,,,,,,,,,,,,,,,,,,,,,,,,,,,,,,,,,0.0,0.0
994,37100,,,,,,,,,,,,,,,,,,,,,,,,,,,,,,,,,0.0,0.0
995,37167,,,,,,,,,,,,,,,,,,,,,,,,,,,,,,,,,0.0,0.0
996,37200,,,,,,,,,,,,,,,,,,,,,,,,,,,,,,,,,0.0,0.0
997,37233,,,,,,,,,,,,,,,,,,,,,,,,,,,,,,,,,0.0,0.0
998,37267,,,,,,,,,,,,,,,,,,,,,,,,,,,,,,,,,0.0,0.0
999,37300,,,,,,,,,,,,,,,,,,,,,,,,,,,,,,,,,0.0,0.0
1000,37333,,,,,,,,,,,,,,,,,,,,,,,,,,,,,,,,,0.0,0.0
1001,37367,,,,,,,,,,,,,,,,,,,,,,,,,,,,,,,,,0.0,0.0
1002,37433,,,,,,,,,,,,,,,,,,,,,,,,,,,,,,,,,0.0,0.0
1003,37467,,,,,,,,,,,,,,,,,,,,,,,,,,,,,,,,,0.0,0.0
1004,37500,,,,,,,,,,,,,,,,,,,,,,,,,,,,,,D,movement_move_x_axis,,0.0,0.0
1005,37533,,,,,,,,,,,,,,,,,,,,,,,,,,,,,,D,movement_move_x_axis,,0.0,0.0
1006,37600,,,,,,,,,,,,,,,,,,,,,,,,,,,,,,D|W,movement_move_x_axis|movement_move_y_axis,,0.0,0.0
1007,37633,,,,,,,,,,,,,,,,,,,,,,,,,,,,,,D|W,movement_move_x_axis|movement_move_y_axis,,0.0,0.0
1008,37667,,,,,,,,,,,,,,,,,,,,,,,,,,,,,,D|W,movement_move_x_axis|movement_move_y_axis,,0.0,0.0
1009,37700,,,,,,,,,,,,,,,,,,,,,,,,,,,,,,D|W,movement_move_x_axis|movement_move_y_axis,,0.0,0.0
1010,37733,,,,,,,,,,,,,,,,,,,,,,,,,,,,,,D|W,movement_move_x_axis|movement_move_y_axis,,0.0,0.0
1011,37767,,,,,,,,,,,,,,,,,,,,,,,,,,,,,,D|W,movement_move_x_axis|movement_move_y_axis,,0.0,0.0
1012,37800,,,,,,,,,,,,,,,,,,,,,,,,,,,,,,D|W,movement_move_x_axis|movement_move_y_axis,,0.0,0.0
1013,37833,,,,,,,,,,,,,,,,,,,,,,,,,,,,,,D|W,movement_move_x_axis|movement_move_y_axis|movement_look_x_axis,,-6.0,0.0
1014,37867,,,,,,,,,,,,,,,,,,,,,,,,,,,,,,D|W,movement_move_x_axis|movement_move_y_axis|movement_look_x_axis|movement_look_y_axis,,-9.0,1.0
1015,37900,,,,,,,,,,,,,,,,,,,,,,,,,,,,,,D|W,movement_move_x_axis|movement_move_y_axis|movement_look_x_axis,,-44.0,0.0
1016,37967,,,,,,,,,,,,,,,,,,,,,,,,,,,,,,D|W,movement_move_x_axis|movement_move_y_axis|movement_look_x_axis|movement_look_y_axis,,-53.0,-4.0
1017,38000,,,,,,,,,,,,,,,,,,,,,,,,,,,,,,D|W,movement_move_x_axis|movement_move_y_axis|movement_look_x_axis,,-60.0,0.0
1018,38033,,,,,,,,,,,,,,,,,,,,,,,,,,,,,,D|W,movement_move_x_axis|movement_move_y_axis|movement_look_x_axis,,-39.0,0.0
1019,38067,,,,,,,,,,,,,,,,,,,,,,,,,,,,,,D|W,movement_move_x_axis|movement_move_y_axis|movement_look_x_axis|movement_look_y_axis,,-60.0,-5.0
1020,38133,,,,,,,,,,,,,,,,,,,,,,,,,,,,,,D|W,movement_move_x_axis|movement_move_y_axis,,0.0,0.0
1021,38167,,,,,,,,,,,,,,,,,,,,,,,,,,,,,,D|W,movement_move_x_axis|movement_move_y_axis|movement_look_x_axis,,-23.0,0.0
1022,38200,,,,,,,,,,,,,,,,,,,,,,,,,,,,,,D|W,movement_move_x_axis|movement_move_y_axis|movement_look_x_axis|movement_look_y_axis,,-34.0,-1.0
1023,38233,,,,,,,,,,,,,,,,,,,,,,,,,,,,,,D|W,movement_move_x_axis|movement_move_y_axis|movement_look_x_axis|movement_look_y_axis,,-45.0,-2.0
1024,38267,,,,,,,,,,,,,,,,,,,,,,,,,,,,,,D|W,movement_move_x_axis|movement_move_y_axis|movement_look_x_axis|movement_look_y_axis,,-93.0,-5.0
1025,38300,,,,,,,,,,,,,,,,,,,,,,,,,,,,,,D|W,movement_move_x_axis|movement_move_y_axis,,0.0,0.0
1026,38333,,,,,,,,,,,,,,,,,,,,,,,,,,,,,,D|W,movement_move_x_axis|movement_move_y_axis|movement_look_x_axis|movement_look_y_axis,,-31.0,-3.0
1027,38367,,,,,,,,,,,,,,,,,,,,,,,,,,,,,,D|W,movement_move_x_axis|movement_move_y_axis|movement_look_x_axis|movement_look_y_axis,,-12.0,-1.0
1028,38400,,,,,,,,,,,,,,,,,,,,,,,,,,,,,,D|W,movement_move_x_axis|movement_move_y_axis|movement_look_x_axis,,-1.0,0.0
1029,38433,,,,,,,,,,,,,,,,,,,,,,,,,,,,,,W,movement_move_y_axis,,0.0,0.0
1030,38467,,,,,,,,,,,,,,,,,,,,,,,,,,,,,,W,movement_move_y_axis,,0.0,0.0
1031,38500,,,,,,,,,,,,,,,,,,,,,,,,,,,,,,W,movement_move_y_axis,,0.0,0.0
1032,38533,,,,,,,,,,,,,,,,,,,,,,,,,,,,,,D,movement_move_x_axis,,0.0,0.0
1033,38567,,,,,,,,,,,,,,,,,,,,,,,,,,,,,,D,movement_move_x_axis,,0.0,0.0
1034,38600,,,,,,,,,,,,,,,,,,,,,,,,,,,,,,D,movement_move_x_axis,,0.0,0.0
1035,38633,,,,,,,,,,,,,,,,,,,,,,,,,,,,,,D,movement_move_x_axis,,0.0,0.0
1036,38667,,,,,,,,,,,,,,,,,,,,,,,,,,,,,,D,movement_move_x_axis,,0.0,0.0
1037,38700,,,,,,,,,,,,,,,,,,,,,,,,,,,,,,D,movement_move_x_axis,,0.0,0.0
1038,38733,,,,,,,,,,,,,,,,,,,,,,,,,,,,,,D,movement_move_x_axis|movement_look_x_axis|movement_look_y_axis,,3.0,-3.0
1039,38800,,,,,,,,,,,,,,,,,,,,,,,,,,,,,,D,movement_move_x_axis,,0.0,0.0
1040,38833,,,,,,,,,,,,,,,,,,,,,,,,,,,,,,D,movement_move_x_axis,,0.0,0.0
1041,38867,,,,,,,,,,,,,,,,,,,,,,,,,,,,,,D,movement_move_x_axis,,0.0,0.0
1042,38900,,,,,,,,,,,,,,,,,,,,,,,,,,,,,,,,,0.0,0.0
1043,38933,,,,,,,,,,,,,,,,,,,,,,,,,,,,,,,,,0.0,0.0
1044,38967,,,,,,,,,,,,,,,,,,,,,,,,,,,,,,,,,0.0,0.0
1045,39000,,,,,,,,,,,,,,,,,,,,,,,,,,,,,,,,,0.0,0.0
1046,39033,,,,,,,,,,,,,,,,,,,,,,,,,,,,,,,,,0.0,0.0
1047,39067,,,,,,,,,,,,,,,,,,,,,,,,,,,,,,,,,0.0,0.0
1048,39100,,,,,,,,,,,,,,,,,,,,,,,,,,,,,,,,,0.0,0.0
1049,39133,,,,,,,,,,,,,,,,,,,,,,,,,,,,,,,,,0.0,0.0
1050,39167,,,,,,,,,,,,,,,,,,,,,,,,,,,,,,,,,0.0,0.0
1051,39200,,,,,,,,,,,,,,,,,,,,,,,,,,,,,,,,,0.0,0.0
1052,39233,,,,,,,,,,,,,,,,,,,,,,,,,,,,,,,,,0.0,0.0
1053,39267,,,,,,,,,,,,,,,,,,,,,,,,,,,,,,,,,0.0,0.0
1054,39300,,,,,,,,,,,,,,,,,,,,,,,,,,,,,,,,,0.0,0.0
1055,39333,,,,,,,,,,,,,,,,,,,,,,,,,,,,,,,,,0.0,0.0
1056,39367,,,,,,,,,,,,,,,,,,,,,,,,,,,,,,,,,0.0,0.0
1057,39400,,,,,,,,,,,,,,,,,,,,,,,,,,,,,,,,,0.0,0.0
1058,39433,,,,,,,,,,,,,,,,,,,,,,,,,,,,,,,,,0.0,0.0
1059,39467,,,,,,,,,,,,,,,,,,,,,,,,,,,,,,,,,0.0,0.0
1060,39500,,,,,,,,,,,,,,,,,,,,,,,,,,,,,,,,,0.0,0.0
1061,39533,,,,,,,,,,,,,,,,,,,,,,,,,,,,,,,,,0.0,0.0
1062,39600,,,,,,,,,,,,,,,,,,,,,,,,,,,,,,,,,0.0,0.0
1063,39633,,,,,,,,,,,,,,,,,,,,,,,,,,,,,,,,,0.0,0.0
1064,39667,,,,,,,,,,,,,,,,,,,,,,,,,,,,,,,,,0.0,0.0
1065,39700,,,,,,,,,,,,,,,,,,,,,,,,,,,,,,,,,0.0,0.0
1066,39733,,,,,,,,,,,,,,,,,,,,,,,,,,,,,,,,,0.0,0.0
1067,39800,,,,,,,,,,,,,,,,,,,,,,,,,,,,,,E,general_primary_interact,,0.0,0.0
1068,39833,,,,,,,,,,,,,,,,,,,,,,,,,,,,,,E,general_primary_interact,,0.0,0.0
1069,39867,,,,,,,,,,,,,,,,,,,,,,,,,,,,,,E,general_primary_interact,,0.0,0.0
1070,39900,,,,,,,,,,,,,,,,,,,,,,,,,,,,,,E,general_primary_interact,,0.0,0.0
1071,39967,,,,,,,,,,,,,,,,,,,,,,,,,,,,,,E,general_primary_interact,,0.0,0.0
1072,40000,,,,,,,,,,,,,,,,,,,,,,,,,,,,,,E,general_primary_interact,,0.0,0.0
1073,40033,,,,,,,,,,,,,,,,,,,,,,,,,,,,,,E,general_primary_interact,,0.0,0.0
1074,40067,,,,,,,,,,,,,,,,,,,,,,,,,,,,,,E,general_primary_interact,,0.0,0.0
1075,40100,,,,,,,,,,,,,,,,,,,,,,,,,,,,,,E,general_primary_interact,,0.0,0.0
1076,40133,,,,,,,,,,,,,,,,,,,,,,,,,,,,,,E,general_primary_interact,,0.0,0.0
1077,40200,,,,,,,,,,,,,,,,,,,,,,,,,,,,,,E,general_primary_interact,,0.0,0.0
1078,40233,,,,,,,,,,,,,,,,,,,,,,,,,,,,,,E,general_primary_interact,,0.0,0.0
1079,40267,,,,,,,,,,,,,,,,,,,,,,,,,,,,,,E,general_primary_interact,,0.0,0.0
1080,40300,,,,,,,,,,,,,,,,,,,,,,,,,,,,,,,,,0.0,0.0
1081,40333,,,,,,,,,,,,,,,,,,,,,,,,,,,,,,,,,0.0,0.0
1082,40367,,,,,,,,,,,,,,,,,,,,,,,,,,,,,,,,,0.0,0.0
1083,40400,,,,,,,,,,,,,,,,,,,,,,,,,,,,,,,,,0.0,0.0
1084,40433,,,,,,,,,,,,,,,,,,,,,,,,,,,,,,,,,0.0,0.0
1085,40467,,,,,,,,,,,,,,,,,,,,,,,,,,,,,,,,,0.0,0.0
1086,40500,,,,,,,,,,,,,,,,,,,,,,,,,,,,,,,,,0.0,0.0
1087,40533,,,,,,,,,,,,,,,,,,,,,,,,,,,,,,,,,0.0,0.0
1088,40567,,,,,,,,,,,,,,,,,,,,,,,,,,,,,,,,,0.0,0.0
1089,40600,,,,,,,,,,,,,,,,,,,,,,,,,,,,,,,,,0.0,0.0
1090,40733,,,,,,,,,,,,,,,,,,,,,,,,,,,,,,,,,0.0,0.0
1091,40767,,,,,,,,,,,,,,,,,,,,,,,,,,,,,,,,,0.0,0.0
1092,40800,,,,,,,,,,,,,,,,,,,,,,,,,,,,,,,,,0.0,0.0
1093,40833,,,,,,,,,,,,,,,,,,,,,,,,,,,,,,,,,0.0,0.0
1094,40900,,,,,,,,,,,,,,,,,,,,,,,,,,,,,,,,,0.0,0.0
1095,40933,,,,,,,,,,,,,,,,,,,,,,,,,,,,,,,,,0.0,0.0
1096,40967,,,,,,,,,,,,,,,,,,,,,,,,,,,,,,,,,0.0,0.0
1097,41000,,,,,,,,,,,,,,,,,,,,,,,,,,,,,,,,,0.0,0.0
1098,41033,,,,,,,,,,,,,,,,,,,,,,,,,,,,,,,,,0.0,0.0
1099,41067,,,,,,,,,,,,,,,,,,,,,,,,,,,,,,,,,0.0,0.0
1100,41100,,,,,,,,,,,,,,,,,,,,,,,,,,,,,,,,,0.0,0.0
1101,41133,,,,,,,,,,,,,,,,,,,,,,,,,,,,,,,,,0.0,0.0
1102,41167,,,,,,,,,,,,,,,,,,,,,,,,,,,,,,,,,0.0,0.0
1103,41200,,,,,,,,,,,,,,,,,,,,,,,,,,,,,,,,,0.0,0.0
1104,41233,,,,,,,,,,,,,,,,,,,,,,,,,,,,,,,,,0.0,0.0
1105,41267,,,,,,,,,,,,,,,,,,,,,,,,,,,,,,,,,0.0,0.0
1106,41300,,,,,,,,,,,,,,,,,,,,,,,,,,,,,,,,,0.0,0.0
1107,41333,,,,,,,,,,,,,,,,,,,,,,,,,,,,,,,,,0.0,0.0
1108,41367,,,,,,,,,,,,,,,,,,,,,,,,,,,,,,,,,0.0,0.0
1109,41400,,,,,,,,,,,,,,,,,,,,,,,,,,,,,,,,,0.0,0.0
1110,41433,,,,,,,,,,,,,,,,,,,,,,,,,,,,,,,,,0.0,0.0
1111,41467,,,,,,,,,,,,,,,,,,,,,,,,,,,,,,,,,0.0,0.0
1112,41500,,,,,,,,,,,,,,,,,,,,,,,,,,,,,,,,,0.0,0.0
1113,41567,,,,,,,,,,,,,,,,,,,,,,,,,,,,,,,,,0.0,0.0
1114,41600,,,,,,,,,,,,,,,,,,,,,,,,,,,,,,,,,0.0,0.0
1115,41633,,,,,,,,,,,,,,,,,,,,,,,,,,,,,,,,,0.0,0.0
1116,41667,,,,,,,,,,,,,,,,,,,,,,,,,,,,,,,,,0.0,0.0
1117,41700,,,,,,,,,,,,,,,,,,,,,,,,,,,,,,,,,0.0,0.0
1118,41733,,,,,,,,,,,,,,,,,,,,,,,,,,,,,,,,,0.0,0.0
1119,41767,,,,,,,,,,,,,,,,,,,,,,,,,,,,,,,,,0.0,0.0
1120,41833,,,,,,,,,,,,,,,,,,,,,,,,,,,,,,,,,0.0,0.0
1121,41867,,,,,,,,,,,,,,,,,,,,,,,,,,,,,,,,,0.0,0.0
1122,41900,,,,,,,,,,,,,,,,,,,,,,,,,,,,,,,,,0.0,0.0
1123,41933,,,,,,,,,,,,,,,,,,,,,,,,,,,,,,,,,0.0,0.0
1124,41967,,,,,,,,,,,,,,,,,,,,,,,,,,,,,,,,,0.0,0.0
1125,42000,,,,,,,,,,,,,,,,,,,,,,,,,,,,,,,,,0.0,0.0
1126,42033,,,,,,,,,,,,,,,,,,,,,,,,,,,,,,,,,0.0,0.0
1127,42067,,,,,,,,,,,,,,,,,,,,,,,,,,,,,,,,,0.0,0.0
1128,42100,,,,,,,,,,,,,,,,,,,,,,,,,,,,,,,,,0.0,0.0
1129,42167,,,,,,,,,,,,,,,,,,,,,,,,,,,,,,,,,0.0,0.0
1130,42200,,,,,,,,,,,,,,,,,,,,,,,,,,,,,,,,,0.0,0.0
1131,42233,,,,,,,,,,,,,,,,,,,,,,,,,,,,,,,,,0.0,0.0
1132,42267,,,,,,,,,,,,,,,,,,,,,,,,,,,,,,,,,0.0,0.0
1133,42300,,,,,,,,,,,,,,,,,,,,,,,,,,,,,,,,,0.0,0.0
1134,42333,,,,,,,,,,,,,,,,,,,,,,,,,,,,,,,,,0.0,0.0
1135,42400,,,,,,,,,,,,,,,,,,,,,,,,,,,,,,,,,0.0,0.0
1136,42433,,,,,,,,,,,,,,,,,,,,,,,,,,,,,,,,,0.0,0.0
1137,42467,,,,,,,,,,,,,,,,,,,,,,,,,,,,,,,,,0.0,0.0
1138,42500,,,,,,,,,,,,,,,,,,,,,,,,,,,,,,,,,0.0,0.0
1139,42533,,,,,,,,,,,,,,,,,,,,,,,,,,,,,,,,,0.0,0.0
1140,42567,,,,,,,,,,,,,,,,,,,,,,,,,,,,,,,,,0.0,0.0
1141,42600,,,,,,,,,,,,,,,,,,,,,,,,,,,,,,,,,0.0,0.0
1142,42633,,,,,,,,,,,,,,,,,,,,,,,,,,,,,,,,,0.0,0.0
1143,42667,,,,,,,,,,,,,,,,,,,,,,,,,,,,,,,,,0.0,0.0
1144,42700,,,,,,,,,,,,,,,,,,,,,,,,,,,,,,,,,0.0,0.0
1145,42767,,,,,,,,,,,,,,,,,,,,,,,,,,,,,,,,,0.0,0.0
1146,42800,,,,,,,,,,,,,,,,,,,,,,,,,,,,,,,,,0.0,0.0
1147,42833,,,,,,,,,,,,,,,,,,,,,,,,,,,,,,,,,0.0,0.0
1148,42900,,,,,,,,,,,,,,,,,,,,,,,,,,,,,,,,,0.0,0.0
1149,42967,,,,,,,,,,,,,,,,,,,,,,,,,,,,,,,,,0.0,0.0
1150,43000,,,,,,,,,,,,,,,,,,,,,,,,,,,,,,,,,0.0,0.0
1151,43033,,,,,,,,,,,,,,,,,,,,,,,,,,,,,,,,,0.0,0.0
1152,43067,,,,,,,,,,,,,,,,,,,,,,,,,,,,,,,,,0.0,0.0
1153,43100,,,,,,,,,,,,,,,,,,,,,,,,,,,,,,,,,0.0,0.0
1154,43133,,,,,,,,,,,,,,,,,,,,,,,,,,,,,,,,,0.0,0.0
1155,43167,,,,,,,,,,,,,,,,,,,,,,,,,,,,,,,,,0.0,0.0
1156,43200,,,,,,,,,,,,,,,,,,,,,,,,,,,,,,,,,0.0,0.0
1157,43233,,,,,,,,,,,,,,,,,,,,,,,,,,,,,,,,,0.0,0.0
1158,43267,,,,,,,,,,,,,,,,,,,,,,,,,,,,,,,,,0.0,0.0
1159,43300,,,,,,,,,,,,,,,,,,,,,,,,,,,,,,,,,0.0,0.0
1160,43367,,,,,,,,,,,,,,,,,,,,,,,,,,,,,,,,,0.0,0.0
1161,43400,,,,,,,,,,,,,,,,,,,,,,,,,,,,,,,,,0.0,0.0
1162,43433,,,,,,,,,,,,,,,,,,,,,,,,,,,,,,,,,0.0,0.0
1163,43467,,,,,,,,,,,,,,,,,,,,,,,,,,,,,,,,,0.0,0.0
1164,43500,,,,,,,,,,,,,,,,,,,,,,,,,,,,,,,,,0.0,0.0
1165,43533,,,,,,,,,,,,,,,,,,,,,,,,,,,,,,,,,0.0,0.0
1166,43567,,,,,,,,,,,,,,,,,,,,,,,,,,,,,,,,,0.0,0.0
1167,43633,,,,,,,,,,,,,,,,,,,,,,,,,,,,,,,,,0.0,0.0
1168,43667,,,,,,,,,,,,,,,,,,,,,,,,,,,,,,,,,0.0,0.0
1169,43700,,,,,,,,,,,,,,,,,,,,,,,,,,,,,,,,,0.0,0.0
1170,43733,,,,,,,,,,,,,,,,,,,,,,,,,,,,,,,,,0.0,0.0
1171,43767,,,,,,,,,,,,,,,,,,,,,,,,,,,,,,,,,0.0,0.0
1172,43800,,,,,,,,,,,,,,,,,,,,,,,,,,,,,,,,,0.0,0.0
1173,43833,,,,,,,,,,,,,,,,,,,,,,,,,,,,,,,,,0.0,0.0
1174,43867,,,,,,,,,,,,,,,,,,,,,,,,,,,,,,,,,0.0,0.0
1175,43900,,,,,,,,,,,,,,,,,,,,,,,,,,,,,,,,,0.0,0.0
1176,43933,,,,,,,,,,,,,,,,,,,,,,,,,,,,,,,,,0.0,0.0
1177,43967,,,,,,,,,,,,,,,,,,,,,,,,,,,,,,,,,0.0,0.0
1178,44033,,,,,,,,,,,,,,,,,,,,,,,,,,,,,,,,,0.0,0.0
1179,44067,,,,,,,,,,,,,,,,,,,,,,,,,,,,,,,,,0.0,0.0
1180,44100,,,,,,,,,,,,,,,,,,,,,,,,,,,,,,,,,0.0,0.0
1181,44133,,,,,,,,,,,,,,,,,,,,,,,,,,,,,,,,,0.0,0.0
1182,44167,,,,,,,,,,,,,,,,,,,,,,,,,,,,,,,,,0.0,0.0
1183,44200,,,,,,,,,,,,,,,,,,,,,,,,,,,,,,,,,0.0,0.0
1184,44233,,,,,,,,,,,,,,,,,,,,,,,,,,,,,,,,,0.0,0.0
1185,44267,,,,,,,,,,,,,,,,,,,,,,,,,,,,,,,,,0.0,0.0
1186,44367,,,,,,,,,,,,,,,,,,,,,,,,,,,,,,,,,0.0,0.0
1187,44400,,,,,,,,,,,,,,,,,,,,,,,,,,,,,,,equipment_primary_tool_action,Left,0.0,0.0
1188,44433,,,,,,,,,,,,,,,,,,,,,,,,,,,,,,,equipment_primary_tool_action,Left,0.0,0.0
1189,44467,,,,,,,,,,,,,,,,,,,,,,,,,,,,,,,equipment_primary_tool_action,Left,0.0,0.0
1190,44500,,,,,,,,,,,,,,,,,,,,,,,,,,,,,,,equipment_primary_tool_action,Left,0.0,0.0
1191,44533,,,,,,,,,,,,,,,,,,,,,,,,,,,,,,,equipment_primary_tool_action,Left,0.0,0.0
1192,44567,,,,,,,,,,,,,,,,,,,,,,,,,,,,,,,equipment_primary_tool_action,Left,0.0,0.0
1193,44600,,,,,,,,,,,,,,,,,,,,,,,,,,,,,,,equipment_primary_tool_action,Left,0.0,0.0
1194,44633,,,,,,,,,,,,,,,,,,,,,,,,,,,,,,,equipment_primary_tool_action,Left,0.0,0.0
1195,44667,,,,,,,,,,,,,,,,,,,,,,,,,,,,,,,equipment_primary_tool_action,Left,0.0,0.0
1196,44733,,,,,,,,,,,,,,,,,,,,,,,,,,,,,,,equipment_primary_tool_action,Left,0.0,0.0
1197,44767,,,,,,,,,,,,,,,,,,,,,,,,,,,,,,,equipment_primary_tool_action,Left,0.0,0.0
1198,44800,,,,,,,,,,,,,,,,,,,,,,,,,,,,,,,equipment_primary_tool_action,Left,0.0,0.0
1199,44833,,,,,,,,,,,,,,,,,,,,,,,,,,,,,,,equipment_primary_tool_action,Left,0.0,0.0
1200,44867,,,,,,,,,,,,,,,,,,,,,,,,,,,,,,,equipment_primary_tool_action,Left,0.0,0.0
1201,44900,,,,,,,,,,,,,,,,,,,,,,,,,,,,,,,equipment_primary_tool_action,Left,0.0,0.0
1202,44933,,,,,,,,,,,,,,,,,,,,,,,,,,,,,,,equipment_primary_tool_action,Left,0.0,0.0
1203,44967,,,,,,,,,,,,,,,,,,,,,,,,,,,,,,,equipment_primary_tool_action,Left,0.0,0.0
1204,45000,,,,,,,,,,,,,,,,,,,,,,,,,,,,,,,equipment_primary_tool_action,Left,0.0,0.0
1205,45067,,,,,,,,,,,,,,,,,,,,,,,,,,,,,,,equipment_primary_tool_action,Left,0.0,0.0
1206,45100,,,,,,,,,,,,,,,,,,,,,,,,,,,,,,,,,0.0,0.0
1207,45133,,,,,,,,,,,,,,,,,,,,,,,,,,,,,,,,,0.0,0.0
1208,45167,,,,,,,,,,,,,,,,,,,,,,,,,,,,,,,,,0.0,0.0
1209,45233,,,,,,,,,,,,,,,,,,,,,,,,,,,,,,,,,0.0,0.0
1210,45267,,,,,,,,,,,,,,,,,,,,,,,,,,,,,,,,,0.0,0.0
1211,45300,,,,,,,,,,,,,,,,,,,,,,,,,,,,,,,,,0.0,0.0
1212,45333,,,,,,,,,,,,,,,,,,,,,,,,,,,,,,,equipment_primary_tool_action,Left,0.0,0.0
1213,45367,,,,,,,,,,,,,,,,,,,,,,,,,,,,,,,equipment_primary_tool_action,Left,0.0,0.0
1214,45400,,,,,,,,,,,,,,,,,,,,,,,,,,,,,,,equipment_primary_tool_action,Left,0.0,0.0
1215,45433,,,,,,,,,,,,,,,,,,,,,,,,,,,,,,,equipment_primary_tool_action,Left,0.0,0.0
1216,45500,,,,,,,,,,,,,,,,,,,,,,,,,,,,,,,equipment_primary_tool_action,Left,0.0,0.0
1217,45533,,,,,,,,,,,,,,,,,,,,,,,,,,,,,,,movement_look_x_axis|equipment_primary_tool_action,Left,1.0,0.0
1218,45567,,,,,,,,,,,,,,,,,,,,,,,,,,,,,,,movement_look_x_axis|movement_look_y_axis|equipment_primary_tool_action,Left,19.0,8.0
1219,45600,,,,,,,,,,,,,,,,,,,,,,,,,,,,,,,movement_look_x_axis|movement_look_y_axis,,22.0,8.0
1220,45633,,,,,,,,,,,,,,,,,,,,,,,,,,,,,,,movement_look_x_axis|movement_look_y_axis,,56.0,11.0
1221,45667,,,,,,,,,,,,,,,,,,,,,,,,,,,,,,,,,0.0,0.0
1222,45700,,,,,,,,,,,,,,,,,,,,,,,,,,,,,,,movement_look_x_axis|movement_look_y_axis,,41.0,8.0
1223,45733,,,,,,,,,,,,,,,,,,,,,,,,,,,,,,,movement_look_x_axis|movement_look_y_axis,,32.0,3.0
1224,45767,,,,,,,,,,,,,,,,,,,,,,,,,,,,,,,movement_look_x_axis,,3.0,0.0
1225,45800,,,,,,,,,,,,,,,,,,,,,,,,,,,,,,,,,0.0,0.0
1226,45833,,,,,,,,,,,,,,,,,,,,,,,,,,,,,,,,,0.0,0.0
1227,45867,,,,,,,,,,,,,,,,,,,,,,,,,,,,,,,,,0.0,0.0
1228,45900,,,,,,,,,,,,,,,,,,,,,,,,,,,,,,,,,0.0,0.0
1229,45933,,,,,,,,,,,,,,,,,,,,,,,,,,,,,,,,,0.0,0.0
1230,46000,,,,,,,,,,,,,,,,,,,,,,,,,,,,,,,,,0.0,0.0
1231,46033,,,,,,,,,,,,,,,,,,,,,,,,,,,,,,,,,0.0,0.0
1232,46067,,,,,,,,,,,,,,,,,,,,,,,,,,,,,,,,,0.0,0.0
1233,46100,,,,,,,,,,,,,,,,,,,,,,,,,,,,,,,,,0.0,0.0
1234,46133,,,,,,,,,,,,,,,,,,,,,,,,,,,,,,W,movement_move_y_axis,,0.0,0.0
1235,46167,,,,,,,,,,,,,,,,,,,,,,,,,,,,,,W,movement_move_y_axis,,0.0,0.0
1236,46200,,,,,,,,,,,,,,,,,,,,,,,,,,,,,,W,movement_move_y_axis,,0.0,0.0
1237,46233,,,,,,,,,,,,,,,,,,,,,,,,,,,,,,W,movement_move_y_axis,,0.0,0.0
1238,46267,,,,,,,,,,,,,,,,,,,,,,,,,,,,,,W,movement_move_y_axis,,0.0,0.0
1239,46300,,,,,,,,,,,,,,,,,,,,,,,,,,,,,,W,movement_move_y_axis,,0.0,0.0
1240,46333,,,,,,,,,,,,,,,,,,,,,,,,,,,,,,W,movement_move_y_axis,,0.0,0.0
1241,46367,,,,,,,,,,,,,,,,,,,,,,,,,,,,,,W,movement_move_y_axis,,0.0,0.0
1242,46400,,,,,,,,,,,,,,,,,,,,,,,,,,,,,,W,movement_move_y_axis,,0.0,0.0
1243,46433,,,,,,,,,,,,,,,,,,,,,,,,,,,,,,W,movement_move_y_axis,,0.0,0.0
1244,46467,,,,,,,,,,,,,,,,,,,,,,,,,,,,,,W,movement_move_y_axis,,0.0,0.0
1245,46500,,,,,,,,,,,,,,,,,,,,,,,,,,,,,,W,movement_move_y_axis,,0.0,0.0
1246,46533,,,,,,,,,,,,,,,,,,,,,,,,,,,,,,W,movement_move_y_axis,,0.0,0.0
1247,46600,,,,,,,,,,,,,,,,,,,,,,,,,,,,,,W,movement_move_y_axis,,0.0,0.0
1248,46633,,,,,,,,,,,,,,,,,,,,,,,,,,,,,,W,movement_move_y_axis,,0.0,0.0
1249,46667,,,,,,,,,,,,,,,,,,,,,,,,,,,,,,W,movement_move_y_axis,,0.0,0.0
1250,46700,,,,,,,,,,,,,,,,,,,,,,,,,,,,,,W,movement_move_y_axis,,0.0,0.0
1251,46733,,,,,,,,,,,,,,,,,,,,,,,,,,,,,,W,movement_move_y_axis|movement_look_x_axis|movement_look_y_axis,,1.0,1.0
1252,46767,,,,,,,,,,,,,,,,,,,,,,,,,,,,,,W,movement_move_y_axis,,0.0,0.0
1253,46800,,,,,,,,,,,,,,,,,,,,,,,,,,,,,,W,movement_move_y_axis|movement_look_x_axis,,-1.0,0.0
1254,46833,,,,,,,,,,,,,,,,,,,,,,,,,,,,,,,movement_look_x_axis,,-1.0,0.0
1255,46900,,,,,,,,,,,,,,,,,,,,,,,,,,,,,,,,,0.0,0.0
1256,46933,,,,,,,,,,,,,,,,,,,,,,,,,,,,,,,,,0.0,0.0
1257,46967,,,,,,,,,,,,,,,,,,,,,,,,,,,,,,,,,0.0,0.0
1258,47000,,,,,,,,,,,,,,,,,,,,,,,,,,,,,,,,,0.0,0.0
1259,47033,,,,,,,,,,,,,,,,,,,,,,,,,,,,,,,,,0.0,0.0
1260,47067,,,,,,,,,,,,,,,,,,,,,,,,,,,,,,,,,0.0,0.0
1261,47100,,,,,,,,,,,,,,,,,,,,,,,,,,,,,,,movement_look_x_axis|movement_look_y_axis,,8.0,-1.0
1262,47133,,,,,,,,,,,,,,,,,,,,,,,,,,,,,,,movement_look_x_axis|movement_look_y_axis,,30.0,-2.0
1263,47167,,,,,,,,,,,,,,,,,,,,,,,,,,,,,,,movement_look_x_axis,,47.0,0.0
1264,47200,,,,,,,,,,,,,,,,,,,,,,,,,,,,,,,movement_look_x_axis,,49.0,0.0
1265,47233,,,,,,,,,,,,,,,,,,,,,,,,,,,,,,,movement_look_x_axis,,78.0,0.0
1266,47300,,,,,,,,,,,,,,,,,,,,,,,,,,,,,,,movement_look_x_axis,,36.0,0.0
1267,47333,,,,,,,,,,,,,,,,,,,,,,,,,,,,,,,movement_look_x_axis,,18.0,0.0
1268,47367,,,,,,,,,,,,,,,,,,,,,,,,,,,,,,,movement_look_x_axis,,2.0,0.0
1269,47400,,,,,,,,,,,,,,,,,,,,,,,,,,,,,,,,,0.0,0.0
1270,47433,,,,,,,,,,,,,,,,,,,,,,,,,,,,,,,,,0.0,0.0
1271,47467,,,,,,,,,,,,,,,,,,,,,,,,,,,,,,,,,0.0,0.0
1272,47500,,,,,,,,,,,,,,,,,,,,,,,,,,,,,,,,,0.0,0.0
1273,47533,,,,,,,,,,,,,,,,,,,,,,,,,,,,,,,,,0.0,0.0
1274,47567,,,,,,,,,,,,,,,,,,,,,,,,,,,,,,,,,0.0,0.0
1275,47600,,,,,,,,,,,,,,,,,,,,,,,,,,,,,,,movement_look_x_axis,,1.0,0.0
1276,47633,,,,,,,,,,,,,,,,,,,,,,,,,,,,,,,movement_look_x_axis|movement_look_y_axis,,56.0,-7.0
1277,47700,,,,,,,,,,,,,,,,,,,,,,,,,,,,,,,movement_look_x_axis,,63.0,0.0
1278,47733,,,,,,,,,,,,,,,,,,,,,,,,,,,,,,,movement_look_x_axis,,55.0,0.0
1279,47767,,,,,,,,,,,,,,,,,,,,,,,,,,,,,,,movement_look_x_axis,,47.0,0.0
1280,47800,,,,,,,,,,,,,,,,,,,,,,,,,,,,,,,movement_look_x_axis,,23.0,0.0
1281,47833,,,,,,,,,,,,,,,,,,,,,,,,,,,,,,,movement_look_x_axis,,2.0,0.0
1282,47867,,,,,,,,,,,,,,,,,,,,,,,,,,,,,,,,,0.0,0.0
1283,47900,,,,,,,,,,,,,,,,,,,,,,,,,,,,,,,,,0.0,0.0
1284,47933,,,,,,,,,,,,,,,,,,,,,,,,,,,,,,,,,0.0,0.0
1285,47967,,,,,,,,,,,,,,,,,,,,,,,,,,,,,,,movement_look_x_axis,,-6.0,0.0
1286,48000,,,,,,,,,,,,,,,,,,,,,,,,,,,,,,,movement_look_x_axis|movement_look_y_axis,,-25.0,3.0
1287,48033,,,,,,,,,,,,,,,,,,,,,,,,,,,,,,,movement_look_x_axis,,-46.0,0.0
1288,48067,,,,,,,,,,,,,,,,,,,,,,,,,,,,,,,movement_look_x_axis,,-65.0,0.0
1289,48100,,,,,,,,,,,,,,,,,,,,,,,,,,,,,,,movement_look_x_axis,,-56.0,0.0
1290,48133,,,,,,,,,,,,,,,,,,,,,,,,,,,,,,,movement_look_x_axis|movement_look_y_axis,,-69.0,-2.0
1291,48167,,,,,,,,,,,,,,,,,,,,,,,,,,,,,,,movement_look_x_axis,,-54.0,0.0
1292,48200,,,,,,,,,,,,,,,,,,,,,,,,,,,,,,,movement_look_x_axis,,-38.0,0.0
1293,48233,,,,,,,,,,,,,,,,,,,,,,,,,,,,,,,movement_look_x_axis|movement_look_y_axis,,-90.0,-4.0
1294,48300,,,,,,,,,,,,,,,,,,,,,,,,,,,,,,,movement_look_x_axis,,-48.0,0.0
1295,48333,,,,,,,,,,,,,,,,,,,,,,,,,,,,,,,movement_look_x_axis,,-23.0,0.0
1296,48367,,,,,,,,,,,,,,,,,,,,,,,,,,,,,,,movement_look_x_axis|movement_look_y_axis,,-17.0,-3.0
1297,48400,,,,,,,,,,,,,,,,,,,,,,,,,,,,,,,movement_look_x_axis|movement_look_y_axis,,-16.0,-3.0
1298,48433,,,,,,,,,,,,,,,,,,,,,,,,,,,,,,,movement_look_x_axis|movement_look_y_axis,,-30.0,-5.0
1299,48467,,,,,,,,,,,,,,,,,,,,,,,,,,,,,,,movement_look_x_axis|movement_look_y_axis,,-7.0,-1.0
1300,48533,,,,,,,,,,,,,,,,,,,,,,,,,,,,,,,movement_look_x_axis,,-4.0,0.0
1301,48567,,,,,,,,,,,,,,,,,,,,,,,,,,,,,,,movement_look_x_axis,,-1.0,0.0
1302,48600,,,,,,,,,,,,,,,,,,,,,,,,,,,,,,,,,0.0,0.0
1303,48633,,,,,,,,,,,,,,,,,,,,,,,,,,,,,,,,,0.0,0.0
1304,48667,,,,,,,,,,,,,,,,,,,,,,,,,,,,,,,,,0.0,0.0
1305,48700,,,,,,,,,,,,,,,,,,,,,,,,,,,,,,,,,0.0,0.0
1306,48767,,,,,,,,,,,,,,,,,,,,,,,,,,,,,,,movement_look_x_axis|movement_look_y_axis,,1.0,-3.0
1307,48800,,,,,,,,,,,,,,,,,,,,,,,,,,,,,,,movement_look_x_axis|movement_look_y_axis,,2.0,-9.0
1308,48833,,,,,,,,,,,,,,,,,,,,,,,,,,,,,,,movement_look_x_axis|movement_look_y_axis,,4.0,-10.0
1309,48867,,,,,,,,,,,,,,,,,,,,,,,,,,,,,,,movement_look_x_axis|movement_look_y_axis,,2.0,-8.0
1310,48900,,,,,,,,,,,,,,,,,,,,,,,,,,,,,,,movement_look_x_axis|movement_look_y_axis,,4.0,-27.0
1311,48933,,,,,,,,,,,,,,,,,,,,,,,,,,,,,,,,,0.0,0.0
1312,48967,,,,,,,,,,,,,,,,,,,,,,,,,,,,,,,movement_look_y_axis,,0.0,-13.0
1313,49000,,,,,,,,,,,,,,,,,,,,,,,,,,,,,,,movement_look_y_axis,,0.0,-11.0
1314,49033,,,,,,,,,,,,,,,,,,,,,,,,,,,,,,,movement_look_x_axis|movement_look_y_axis,,-2.0,-12.0
1315,49067,,,,,,,,,,,,,,,,,,,,,,,,,,,,,,,movement_look_y_axis,,0.0,-13.0
1316,49100,,,,,,,,,,,,,,,,,,,,,,,,,,,,,,,movement_look_y_axis,,0.0,-15.0
1317,49133,,,,,,,,,,,,,,,,,,,,,,,,,,,,,,,movement_look_y_axis,,0.0,-17.0
1318,49167,,,,,,,,,,,,,,,,,,,,,,,,,,,,,,,movement_look_y_axis,,0.0,-24.0
1319,49200,,,,,,,,,,,,,,,,,,,,,,,,,,,,,,,movement_look_x_axis|movement_look_y_axis,,-1.0,-28.0
1320,49267,,,,,,,,,,,,,,,,,,,,,,,,,,,,,,,movement_look_y_axis,,0.0,-1.0
1321,49300,,,,,,,,,,,,,,,,,,,,,,,,,,,,,,,,,0.0,0.0
1322,49333,,,,,,,,,,,,,,,,,,,,,,,,,,,,,,,,,0.0,0.0
1323,49367,,,,,,,,,,,,,,,,,,,,,,,,,,,,,,,,,0.0,0.0
1324,49400,,,,,,,,,,,,,,,,,,,,,,,,,,,,,,,,,0.0,0.0
1325,49433,,,,,,,,,,,,,,,,,,,,,,,,,,,,,,,,,0.0,0.0
1326,49500,,,,,,,,,,,,,,,,,,,,,,,,,,,,,,,movement_look_x_axis|movement_look_y_axis,,-2.0,7.0
1327,49533,,,,,,,,,,,,,,,,,,,,,,,,,,,,,,,movement_look_y_axis,,0.0,6.0
1328,49567,,,,,,,,,,,,,,,,,,,,,,,,,,,,,,,,,0.0,0.0
1329,49600,,,,,,,,,,,,,,,,,,,,,,,,,,,,,,,movement_look_y_axis,,0.0,1.0
1330,49633,,,,,,,,,,,,,,,,,,,,,,,,,,,,,,,movement_look_x_axis|movement_look_y_axis,,-1.0,4.0
1331,49667,,,,,,,,,,,,,,,,,,,,,,,,,,,,,,,,,0.0,0.0
1332,49700,,,,,,,,,,,,,,,,,,,,,,,,,,,,,,,movement_look_y_axis,,0.0,4.0
1333,49733,,,,,,,,,,,,,,,,,,,,,,,,,,,,,,,movement_look_y_axis,,0.0,6.0
1334,49767,,,,,,,,,,,,,,,,,,,,,,,,,,,,,,,movement_look_y_axis,,0.0,24.0
1335,49833,,,,,,,,,,,,,,,,,,,,,,,,,,,,,,,movement_look_y_axis,,0.0,14.0
1336,49867,,,,,,,,,,,,,,,,,,,,,,,,,,,,,,,movement_look_x_axis|movement_look_y_axis,,1.0,18.0
1337,49900,,,,,,,,,,,,,,,,,,,,,,,,,,,,,,,movement_look_x_axis|movement_look_y_axis,,3.0,16.0
1338,49933,,,,,,,,,,,,,,,,,,,,,,,,,,,,,,,movement_look_x_axis|movement_look_y_axis,,3.0,14.0
1339,49967,,,,,,,,,,,,,,,,,,,,,,,,,,,,,,,movement_look_x_axis|movement_look_y_axis,,7.0,36.0
1340,50000,,,,,,,,,,,,,,,,,,,,,,,,,,,,,,,,,0.0,0.0
1341,50033,,,,,,,,,,,,,,,,,,,,,,,,,,,,,,,movement_look_x_axis|movement_look_y_axis,,5.0,22.0
1342,50067,,,,,,,,,,,,,,,,,,,,,,,,,,,,,,,movement_look_x_axis|movement_look_y_axis,,6.0,16.0
1343,50133,,,,,,,,,,,,,,,,,,,,,,,,,,,,,,,movement_look_y_axis,,0.0,2.0
1344,50167,,,,,,,,,,,,,,,,,,,,,,,,,,,,,,,movement_look_x_axis|movement_look_y_axis,,3.0,3.0
1345,50200,,,,,,,,,,,,,,,,,,,,,,,,,,,,,,,movement_look_x_axis|movement_look_y_axis,,4.0,2.0
1346,50233,,,,,,,,,,,,,,,,,,,,,,,,,,,,,,,movement_look_x_axis|movement_look_y_axis,,11.0,4.0
1347,50267,,,,,,,,,,,,,,,,,,,,,,,,,,,,,,,movement_look_x_axis|movement_look_y_axis,,17.0,4.0
1348,50300,,,,,,,,,,,,,,,,,,,,,,,,,,,,,,,,,0.0,0.0
1349,50333,,,,,,,,,,,,,,,,,,,,,,,,,,,,,,,movement_look_x_axis|movement_look_y_axis,,5.0,-1.0
1350,50367,,,,,,,,,,,,,,,,,,,,,,,,,,,,,,,movement_look_x_axis|movement_look_y_axis,,1.0,-1.0
1351,50400,,,,,,,,,,,,,,,,,,,,,,,,,,,,,,,,,0.0,0.0
1352,50467,,,,,,,,,,,,,,,,,,,,,,,,,,,,,,,,,0.0,0.0
1353,50500,,,,,,,,,,,,,,,,,,,,,,,,,,,,,,,,,0.0,0.0
1354,50533,,,,,,,,,,,,,,,,,,,,,,,,,,,,,,,,,0.0,0.0
1355,50567,,,,,,,,,,,,,,,,,,,,,,,,,,,,,,,,,0.0,0.0
1356,50600,,,,,,,,,,,,,,,,,,,,,,,,,,,,,,,,,0.0,0.0
1357,50633,,,,,,,,,,,,,,,,,,,,,,,,,,,,,,,,,0.0,0.0
1358,50667,,,,,,,,,,,,,,,,,,,,,,,,,,,,,,,,,0.0,0.0
1359,50700,,,,,,,,,,,,,,,,,,,,,,,,,,,,,,,,,0.0,0.0
1360,50733,,,,,,,,,,,,,,,,,,,,,,,,,,,,,,W,movement_move_y_axis,,0.0,0.0
1361,50800,,,,,,,,,,,,,,,,,,,,,,,,,,,,,,W,movement_move_y_axis,,0.0,0.0
1362,50833,,,,,,,,,,,,,,,,,,,,,,,,,,,,,,W,movement_move_y_axis,,0.0,0.0
1363,50867,,,,,,,,,,,,,,,,,,,,,,,,,,,,,,W,movement_move_y_axis,,0.0,0.0
1364,50900,,,,,,,,,,,,,,,,,,,,,,,,,,,,,,W,movement_move_y_axis,,0.0,0.0
1365,50933,,,,,,,,,,,,,,,,,,,,,,,,,,,,,,W,movement_move_y_axis,,0.0,0.0
1366,50967,,,,,,,,,,,,,,,,,,,,,,,,,,,,,,W,movement_move_y_axis,,0.0,0.0
1367,51000,,,,,,,,,,,,,,,,,,,,,,,,,,,,,,W,movement_move_y_axis,,0.0,0.0
1368,51033,,,,,,,,,,,,,,,,,,,,,,,,,,,,,,W,movement_move_y_axis,,0.0,0.0
1369,51067,,,,,,,,,,,,,,,,,,,,,,,,,,,,,,W,movement_move_y_axis,,0.0,0.0
1370,51100,,,,,,,,,,,,,,,,,,,,,,,,,,,,,,W,movement_move_y_axis,,0.0,0.0
1371,51133,,,,,,,,,,,,,,,,,,,,,,,,,,,,,,W,movement_move_y_axis,,0.0,0.0
1372,51167,,,,,,,,,,,,,,,,,,,,,,,,,,,,,,W,movement_move_y_axis|equipment_primary_tool_action,Left,0.0,0.0
1373,51200,,,,,,,,,,,,,,,,,,,,,,,,,,,,,,W,movement_move_y_axis|equipment_primary_tool_action,Left,0.0,0.0
1374,51267,,,,,,,,,,,,,,,,,,,,,,,,,,,,,,W,movement_move_y_axis|equipment_primary_tool_action,Left,0.0,0.0
1375,51300,,,,,,,,,,,,,,,,,,,,,,,,,,,,,,,equipment_primary_tool_action,Left,0.0,0.0
1376,51333,,,,,,,,,,,,,,,,,,,,,,,,,,,,,,,equipment_primary_tool_action,Left,0.0,0.0
1377,51367,,,,,,,,,,,,,,,,,,,,,,,,,,,,,,,equipment_primary_tool_action,Left,0.0,0.0
1378,51400,,,,,,,,,,,,,,,,,,,,,,,,,,,,,,,movement_look_x_axis|movement_look_y_axis|equipment_primary_tool_action,Left,15.0,-5.0
1379,51433,,,,,,,,,,,,,,,,,,,,,,,,,,,,,,,equipment_primary_tool_action,Left,0.0,0.0
1380,51467,,,,,,,,,,,,,,,,,,,,,,,,,,,,,,,movement_look_x_axis|movement_look_y_axis|equipment_primary_tool_action,Left,39.0,-5.0
1381,51500,,,,,,,,,,,,,,,,,,,,,,,,,,,,,,,movement_look_x_axis,,87.0,0.0
1382,51533,,,,,,,,,,,,,,,,,,,,,,,,,,,,,,,movement_look_x_axis,,125.0,0.0
1383,51600,,,,,,,,,,,,,,,,,,,,,,,,,,,,,,,movement_look_x_axis,,50.0,0.0
1384,51633,,,,,,,,,,,,,,,,,,,,,,,,,,,,,,,movement_look_x_axis,,38.0,0.0
1385,51667,,,,,,,,,,,,,,,,,,,,,,,,,,,,,,,movement_look_x_axis,,30.0,0.0
1386,51700,,,,,,,,,,,,,,,,,,,,,,,,,,,,,,,movement_look_x_axis|movement_look_y_axis,,42.0,1.0
1387,51733,,,,,,,,,,,,,,,,,,,,,,,,,,,,,,,movement_look_x_axis|movement_look_y_axis,,97.0,3.0
1388,51767,,,,,,,,,,,,,,,,,,,,,,,,,,,,,,,,,0.0,0.0
1389,51800,,,,,,,,,,,,,,,,,,,,,,,,,,,,,,,movement_look_x_axis|movement_look_y_axis,,43.0,1.0
1390,51833,,,,,,,,,,,,,,,,,,,,,,,,,,,,,,,movement_look_x_axis|movement_look_y_axis,,35.0,1.0
1391,51867,,,,,,,,,,,,,,,,,,,,,,,,,,,,,,,movement_look_x_axis,,19.0,0.0
1392,51900,,,,,,,,,,,,,,,,,,,,,,,,,,,,,,,movement_look_x_axis,,10.0,0.0
1393,51933,,,,,,,,,,,,,,,,,,,,,,,,,,,,,,,movement_look_x_axis,,2.0,0.0
1394,51967,,,,,,,,,,,,,,,,,,,,,,,,,,,,,,,,,0.0,0.0
1395,52000,,,,,,,,,,,,,,,,,,,,,,,,,,,,,,,,,0.0,0.0
1396,52033,,,,,,,,,,,,,,,,,,,,,,,,,,,,,,,,,0.0,0.0
1397,52100,,,,,,,,,,,,,,,,,,,,,,,,,,,,,,,,,0.0,0.0
1398,52133,,,,,,,,,,,,,,,,,,,,,,,,,,,,,,,,,0.0,0.0
1399,52167,,,,,,,,,,,,,,,,,,,,,,,,,,,,,,,,,0.0,0.0
1400,52200,,,,,,,,,,,,,,,,,,,,,,,,,,,,,,,,,0.0,0.0
1401,52233,,,,,,,,,,,,,,,,,,,,,,,,,,,,,,,,,0.0,0.0
1402,52267,,,,,,,,,,,,,,,,,,,,,,,,,,,,,,,,,0.0,0.0
1403,52300,,,,,,,,,,,,,,,,,,,,,,,,,,,,,,,,,0.0,0.0
1404,52333,,,,,,,,,,,,,,,,,,,,,,,,,,,,,,,,,0.0,0.0
1405,52367,,,,,,,,,,,,,,,,,,,,,,,,,,,,,,,,,0.0,0.0
1406,52400,,,,,,,,,,,,,,,,,,,,,,,,,,,,,,,,,0.0,0.0
1407,52433,,,,,,,,,,,,,,,,,,,,,,,,,,,,,,,,,0.0,0.0
1408,52467,,,,,,,,,,,,,,,,,,,,,,,,,,,,,,,,,0.0,0.0
1409,52500,,,,,,,,,,,,,,,,,,,,,,,,,,,,,,,,,0.0,0.0
1410,52533,,,,,,,,,,,,,,,,,,,,,,,,,,,,,,,equipment_primary_tool_action,Left,0.0,0.0
1411,52567,,,,,,,,,,,,,,,,,,,,,,,,,,,,,,,equipment_primary_tool_action,Left,0.0,0.0
1412,52600,,,,,,,,,,,,,,,,,,,,,,,,,,,,,,,equipment_primary_tool_action,Left,0.0,0.0
1413,52633,,,,,,,,,,,,,,,,,,,,,,,,,,,,,,E,general_primary_interact|equipment_primary_tool_action,Left,0.0,0.0
1414,52667,,,,,,,,,,,,,,,,,,,,,,,,,,,,,,E,general_primary_interact|equipment_primary_tool_action,Left,0.0,0.0
1415,52700,,,,,,,,,,,,,,,,,,,,,,,,,,,,,,E,general_primary_interact|equipment_primary_tool_action,Left,0.0,0.0
1416,52733,,,,,,,,,,,,,,,,,,,,,,,,,,,,,,E,general_primary_interact|equipment_primary_tool_action,Left,0.0,0.0
1417,52800,,,,,,,,,,,,,,,,,,,,,,,,,,,,,,E,general_primary_interact|equipment_primary_tool_action,Left,0.0,0.0
1418,52833,,,,,,,,,,,,,,,,,,,,,,,,,,,,,,E,general_primary_interact|equipment_primary_tool_action,Left,0.0,0.0
1419,52867,,,,,,,,,,,,,,,,,,,,,,,,,,,,,,E,general_primary_interact|equipment_primary_tool_action,Left,0.0,0.0
1420,52900,,,,,,,,,,,,,,,,,,,,,,,,,,,,,,E,general_primary_interact|equipment_primary_tool_action,Left,0.0,0.0
1421,52933,,,,,,,,,,,,,,,,,,,,,,,,,,,,,,E,general_primary_interact|equipment_primary_tool_action,Left,0.0,0.0
1422,52967,,,,,,,,,,,,,,,,,,,,,,,,,,,,,,E,general_primary_interact|equipment_primary_tool_action,Left,0.0,0.0
1423,53000,,,,,,,,,,,,,,,,,,,,,,,,,,,,,,E,general_primary_interact|equipment_primary_tool_action,Left,0.0,0.0
1424,53033,,,,,,,,,,,,,,,,,,,,,,,,,,,,,,E,general_primary_interact|equipment_primary_tool_action,Left,0.0,0.0
1425,53100,,,,,,,,,,,,,,,,,,,,,,,,,,,,,,,equipment_primary_tool_action,Left,0.0,0.0
1426,53133,,,,,,,,,,,,,,,,,,,,,,,,,,,,,,,equipment_primary_tool_action,Left,0.0,0.0
1427,53167,,,,,,,,,,,,,,,,,,,,,,,,,,,,,,,equipment_primary_tool_action,Left,0.0,0.0
1428,53200,,,,,,,,,,,,,,,,,,,,,,,,,,,,,,,equipment_primary_tool_action,Left,0.0,0.0
1429,53233,,,,,,,,,,,,,,,,,,,,,,,,,,,,,,,movement_look_x_axis,,1.0,0.0
1430,53267,,,,,,,,,,,,,,,,,,,,,,,,,,,,,,,,,0.0,0.0
1431,53300,,,,,,,,,,,,,,,,,,,,,,,,,,,,,,,movement_look_x_axis|movement_look_y_axis,,41.0,1.0
1432,53333,,,,,,,,,,,,,,,,,,,,,,,,,,,,,,,movement_look_x_axis|movement_look_y_axis,,53.0,3.0
1433,53367,,,,,,,,,,,,,,,,,,,,,,,,,,,,,,,movement_look_x_axis,,55.0,0.0
1434,53400,,,,,,,,,,,,,,,,,,,,,,,,,,,,,,,movement_look_x_axis,,47.0,0.0
1435,53433,,,,,,,,,,,,,,,,,,,,,,,,,,,,,,,movement_look_x_axis,,34.0,0.0
1436,53467,,,,,,,,,,,,,,,,,,,,,,,,,,,,,,,movement_look_x_axis,,25.0,0.0
1437,53500,,,,,,,,,,,,,,,,,,,,,,,,,,,,,,,movement_look_x_axis,,33.0,0.0
1438,53533,,,,,,,,,,,,,,,,,,,,,,,,,,,,,,,movement_look_x_axis,,73.0,0.0
1439,53600,,,,,,,,,,,,,,,,,,,,,,,,,,,,,,W,movement_move_y_axis|movement_look_x_axis,,18.0,0.0
1440,53633,,,,,,,,,,,,,,,,,,,,,,,,,,,,,,W,movement_move_y_axis|movement_look_x_axis,,2.0,0.0
1441,53667,,,,,,,,,,,,,,,,,,,,,,,,,,,,,,W,movement_move_y_axis,,0.0,0.0
1442,53700,,,,,,,,,,,,,,,,,,,,,,,,,,,,,,W,movement_move_y_axis,,0.0,0.0
1443,53733,,,,,,,,,,,,,,,,,,,,,,,,,,,,,,,,,0.0,0.0
1444,53767,,,,,,,,,,,,,,,,,,,,,,,,,,,,,,,,,0.0,0.0
1445,53800,,,,,,,,,,,,,,,,,,,,,,,,,,,,,,,,,0.0,0.0
1446,53833,,,,,,,,,,,,,,,,,,,,,,,,,,,,,,,,,0.0,0.0
1447,53867,,,,,,,,,,,,,,,,,,,,,,,,,,,,,,,,,0.0,0.0
1448,53900,,,,,,,,,,,,,,,,,,,,,,,,,,,,,,,,,0.0,0.0
1449,53967,,,,,,,,,,,,,,,,,,,,,,,,,,,,,,,,,0.0,0.0
1450,54000,,,,,,,,,,,,,,,,,,,,,,,,,,,,,,,,,0.0,0.0
1451,54033,,,,,,,,,,,,,,,,,,,,,,,,,,,,,,,,,0.0,0.0
1452,54067,,,,,,,,,,,,,,,,,,,,,,,,,,,,,,S,movement_move_y_axis,,0.0,0.0
1453,54100,,,,,,,,,,,,,,,,,,,,,,,,,,,,,,S,movement_move_y_axis,,0.0,0.0
1454,54133,,,,,,,,,,,,,,,,,,,,,,,,,,,,,,S,movement_move_y_axis,,0.0,0.0
1455,54167,,,,,,,,,,,,,,,,,,,,,,,,,,,,,,S,movement_move_y_axis,,0.0,0.0
1456,54200,,,,,,,,,,,,,,,,,,,,,,,,,,,,,,S,movement_move_y_axis,,0.0,0.0
1457,54233,,,,,,,,,,,,,,,,,,,,,,,,,,,,,,S,movement_move_y_axis,,0.0,0.0
1458,54267,,,,,,,,,,,,,,,,,,,,,,,,,,,,,,S,movement_move_y_axis,,0.0,0.0
1459,54333,,,,,,,,,,,,,,,,,,,,,,,,,,,,,,S,movement_move_y_axis,,0.0,0.0
1460,54367,,,,,,,,,,,,,,,,,,,,,,,,,,,,,,S,movement_move_y_axis,,0.0,0.0
1461,54400,,,,,,,,,,,,,,,,,,,,,,,,,,,,,,S,movement_move_y_axis,,0.0,0.0
1462,54433,,,,,,,,,,,,,,,,,,,,,,,,,,,,,,S,movement_move_y_axis,,0.0,0.0
1463,54467,,,,,,,,,,,,,,,,,,,,,,,,,,,,,,S,movement_move_y_axis,,0.0,0.0
1464,54500,,,,,,,,,,,,,,,,,,,,,,,,,,,,,,S,movement_move_y_axis,,0.0,0.0
1465,54533,,,,,,,,,,,,,,,,,,,,,,,,,,,,,,S,movement_move_y_axis,,0.0,0.0
1466,54567,,,,,,,,,,,,,,,,,,,,,,,,,,,,,,S,movement_move_y_axis,,0.0,0.0
1467,54600,,,,,,,,,,,,,,,,,,,,,,,,,,,,,,S,movement_move_y_axis,,0.0,0.0
1468,54633,,,,,,,,,,,,,,,,,,,,,,,,,,,,,,S,movement_move_y_axis,,0.0,0.0
1469,54667,,,,,,,,,,,,,,,,,,,,,,,,,,,,,,,,,0.0,0.0
1470,54700,,,,,,,,,,,,,,,,,,,,,,,,,,,,,,,,,0.0,0.0
1471,54733,,,,,,,,,,,,,,,,,,,,,,,,,,,,,,,,,0.0,0.0
1472,54767,,,,,,,,,,,,,,,,,,,,,,,,,,,,,,,movement_look_x_axis|movement_look_y_axis,,-1.0,-1.0
1473,54800,,,,,,,,,,,,,,,,,,,,,,,,,,,,,,,movement_look_x_axis|movement_look_y_axis,,-6.0,-6.0
1474,54833,,,,,,,,,,,,,,,,,,,,,,,,,,,,,,,movement_look_x_axis,,-65.0,0.0
1475,54900,,,,,,,,,,,,,,,,,,,,,,,,,,,,,,,movement_look_x_axis,,-47.0,0.0
1476,54933,,,,,,,,,,,,,,,,,,,,,,,,,,,,,,,movement_look_x_axis,,-31.0,0.0
1477,54967,,,,,,,,,,,,,,,,,,,,,,,,,,,,,,,movement_look_x_axis,,-19.0,0.0
1478,55000,,,,,,,,,,,,,,,,,,,,,,,,,,,,,,,movement_look_x_axis,,-22.0,0.0
1479,55033,,,,,,,,,,,,,,,,,,,,,,,,,,,,,,,movement_look_x_axis,,-34.0,0.0
1480,55067,,,,,,,,,,,,,,,,,,,,,,,,,,,,,,,,,0.0,0.0
1481,55100,,,,,,,,,,,,,,,,,,,,,,,,,,,,,,,movement_look_x_axis,,-40.0,0.0
1482,55167,,,,,,,,,,,,,,,,,,,,,,,,,,,,,,,movement_look_x_axis,,-22.0,0.0
1483,55200,,,,,,,,,,,,,,,,,,,,,,,,,,,,,,,movement_look_x_axis,,-11.0,0.0
1484,55233,,,,,,,,,,,,,,,,,,,,,,,,,,,,,,,movement_look_x_axis,,-3.0,0.0
1485,55267,,,,,,,,,,,,,,,,,,,,,,,,,,,,,,,movement_look_x_axis|movement_look_y_axis,,-2.0,-1.0
1486,55300,,,,,,,,,,,,,,,,,,,,,,,,,,,,,,,movement_look_x_axis|movement_look_y_axis,,-2.0,-1.0
1487,55333,,,,,,,,,,,,,,,,,,,,,,,,,,,,,,,,,0.0,0.0
1488,55367,,,,,,,,,,,,,,,,,,,,,,,,,,,,,,,movement_look_x_axis|movement_look_y_axis,,-7.0,-3.0
1489,55400,,,,,,,,,,,,,,,,,,,,,,,,,,,,,,,movement_look_x_axis|movement_look_y_axis,,-4.0,-1.0
1490,55433,,,,,,,,,,,,,,,,,,,,,,,,,,,,,,,movement_look_x_axis|movement_look_y_axis,,-6.0,-2.0
1491,55467,,,,,,,,,,,,,,,,,,,,,,,,,,,,,,,movement_look_x_axis|movement_look_y_axis,,-10.0,-1.0
1492,55500,,,,,,,,,,,,,,,,,,,,,,,,,,,,,,,movement_look_x_axis|movement_look_y_axis,,-7.0,-2.0
1493,55533,,,,,,,,,,,,,,,,,,,,,,,,,,,,,,,movement_look_x_axis,,-4.0,0.0
1494,55567,,,,,,,,,,,,,,,,,,,,,,,,,,,,,,,movement_look_x_axis,,-1.0,0.0
1495,55600,,,,,,,,,,,,,,,,,,,,,,,,,,,,,,,movement_look_x_axis|movement_look_y_axis,,-3.0,-1.0
1496,55633,,,,,,,,,,,,,,,,,,,,,,,,,,,,,,,movement_look_x_axis,,-2.0,0.0
1497,55667,,,,,,,,,,,,,,,,,,,,,,,,,,,,,,,movement_look_x_axis,,-1.0,0.0
1498,55700,,,,,,,,,,,,,,,,,,,,,,,,,,,,,,,movement_look_x_axis,,-2.0,0.0
1499,55733,,,,,,,,,,,,,,,,,,,,,,,,,,,,,,,,,0.0,0.0
1500,55767,,,,,,,,,,,,,,,,,,,,,,,,,,,,,,,,,0.0,0.0
1501,55800,,,,,,,,,,,,,,,,,,,,,,,,,,,,,,,,,0.0,0.0
1502,55833,,,,,,,,,,,,,,,,,,,,,,,,,,,,,,,,,0.0,0.0
1503,55867,,,,,,,,,,,,,,,,,,,,,,,,,,,,,,,,,0.0,0.0
1504,55900,,,,,,,,,,,,,,,,,,,,,,,,,,,,,,,,,0.0,0.0
1505,55933,,,,,,,,,,,,,,,,,,,,,,,,,,,,,,,,,0.0,0.0
1506,55967,,,,,,,,,,,,,,,,,,,,,,,,,,,,,,,,,0.0,0.0
1507,56000,,,,,,,,,,,,,,,,,,,,,,,,,,,,,,,,,0.0,0.0
1508,56033,,,,,,,,,,,,,,,,,,,,,,,,,,,,,,,,,0.0,0.0
1509,56067,,,,,,,,,,,,,,,,,,,,,,,,,,,,,,,,,0.0,0.0
1510,56100,,,,,,,,,,,,,,,,,,,,,,,,,,,,,,,,,0.0,0.0
1511,56133,,,,,,,,,,,,,,,,,,,,,,,,,,,,,,,,,0.0,0.0
1512,56167,,,,,,,,,,,,,,,,,,,,,,,,,,,,,,,,,0.0,0.0
1513,56200,,,,,,,,,,,,,,,,,,,,,,,,,,,,,,,,,0.0,0.0
1514,56233,,,,,,,,,,,,,,,,,,,,,,,,,,,,,,,,,0.0,0.0
1515,56300,,,,,,,,,,,,,,,,,,,,,,,,,,,,,,,,,0.0,0.0
1516,56333,,,,,,,,,,,,,,,,,,,,,,,,,,,,,,,,,0.0,0.0
1517,56367,,,,,,,,,,,,,,,,,,,,,,,,,,,,,,,,,0.0,0.0
1518,56400,,,,,,,,,,,,,,,,,,,,,,,,,,,,,,,,,0.0,0.0
1519,56433,,,,,,,,,,,,,,,,,,,,,,,,,,,,,,,,,0.0,0.0
1520,56467,,,,,,,,,,,,,,,,,,,,,,,,,,,,,,,,,0.0,0.0
1521,56500,,,,,,,,,,,,,,,,,,,,,,,,,,,,,,,,,0.0,0.0
1522,56533,,,,,,,,,,,,,,,,,,,,,,,,,,,,,,,,,0.0,0.0
1523,56567,,,,,,,,,,,,,,,,,,,,,,,,,,,,,,,,,0.0,0.0
1524,56600,,,,,,,,,,,,,,,,,,,,,,,,,,,,,,,,,0.0,0.0
1525,56633,,,,,,,,,,,,,,,,,,,,,,,,,,,,,,,,,0.0,0.0
1526,56667,,,,,,,,,,,,,,,,,,,,,,,,,,,,,,,,,0.0,0.0
1527,56700,,,,,,,,,,,,,,,,,,,,,,,,,,,,,,,,,0.0,0.0
1528,56733,,,,,,,,,,,,,,,,,,,,,,,,,,,,,,,,,0.0,0.0
1529,56767,,,,,,,,,,,,,,,,,,,,,,,,,,,,,,,,,0.0,0.0
1530,56800,,,,,,,,,,,,,,,,,,,,,,,,,,,,,,,,,0.0,0.0
1531,56833,,,,,,,,,,,,,,,,,,,,,,,,,,,,,,,,,0.0,0.0
1532,56867,,,,,,,,,,,,,,,,,,,,,,,,,,,,,,,,,0.0,0.0
1533,56900,,,,,,,,,,,,,,,,,,,,,,,,,,,,,,,,,0.0,0.0
1534,56933,,,,,,,,,,,,,,,,,,,,,,,,,,,,,,,,,0.0,0.0
1535,56967,,,,,,,,,,,,,,,,,,,,,,,,,,,,,,,,,0.0,0.0
1536,57000,,,,,,,,,,,,,,,,,,,,,,,,,,,,,,,,,0.0,0.0
1537,57033,,,,,,,,,,,,,,,,,,,,,,,,,,,,,,,,,0.0,0.0
1538,57067,,,,,,,,,,,,,,,,,,,,,,,,,,,,,,,,,0.0,0.0
1539,57100,,,,,,,,,,,,,,,,,,,,,,,,,,,,,,,,,0.0,0.0
1540,57133,,,,,,,,,,,,,,,,,,,,,,,,,,,,,,,,,0.0,0.0
1541,57167,,,,,,,,,,,,,,,,,,,,,,,,,,,,,,,,,0.0,0.0
1542,57200,,,,,,,,,,,,,,,,,,,,,,,,,,,,,,,,,0.0,0.0
1543,57233,,,,,,,,,,,,,,,,,,,,,,,,,,,,,,,,,0.0,0.0
1544,57300,,,,,,,,,,,,,,,,,,,,,,,,,,,,,,,,,0.0,0.0
1545,57333,,,,,,,,,,,,,,,,,,,,,,,,,,,,,,,,,0.0,0.0
1546,57367,,,,,,,,,,,,,,,,,,,,,,,,,,,,,,,,,0.0,0.0
1547,57400,,,,,,,,,,,,,,,,,,,,,,,,,,,,,,,,,0.0,0.0
1548,57467,,,,,,,,,,,,,,,,,,,,,,,,,,,,,,,,,0.0,0.0
1549,57500,,,,,,,,,,,,,,,,,,,,,,,,,,,,,,,,,0.0,0.0
1550,57533,,,,,,,,,,,,,,,,,,,,,,,,,,,,,,,,,0.0,0.0
1551,57567,,,,,,,,,,,,,,,,,,,,,,,,,,,,,,,,,0.0,0.0
1552,57600,,,,,,,,,,,,,,,,,,,,,,,,,,,,,,,,,0.0,0.0
1553,57633,,,,,,,,,,,,,,,,,,,,,,,,,,,,,,,,,0.0,0.0
1554,57667,,,,,,,,,,,,,,,,,,,,,,,,,,,,,,,,,0.0,0.0
1555,57700,,,,,,,,,,,,,,,,,,,,,,,,,,,,,,,movement_look_x_axis|movement_look_y_axis,,-2.0,-2.0
1556,57733,,,,,,,,,,,,,,,,,,,,,,,,,,,,,,,movement_look_x_axis|movement_look_y_axis,,-7.0,-16.0
1557,57800,,,,,,,,,,,,,,,,,,,,,,,,,,,,,,,movement_look_x_axis|movement_look_y_axis,,-2.0,-5.0
1558,57833,,,,,,,,,,,,,,,,,,,,,,,,,,,,,,,movement_look_x_axis|movement_look_y_axis,,-3.0,-3.0
1559,57867,,,,,,,,,,,,,,,,,,,,,,,,,,,,,,,movement_look_x_axis|movement_look_y_axis|equipment_primary_tool_action,Left,-2.0,-5.0
1560,57900,,,,,,,,,,,,,,,,,,,,,,,,,,,,,,,movement_look_x_axis|movement_look_y_axis|equipment_primary_tool_action,Left,-5.0,-7.0
1561,57933,,,,,,,,,,,,,,,,,,,,,,,,,,,,,,,movement_look_x_axis|movement_look_y_axis|equipment_primary_tool_action,Left,-15.0,-19.0
1562,57967,,,,,,,,,,,,,,,,,,,,,,,,,,,,,,,equipment_primary_tool_action,Left,0.0,0.0
1563,58000,,,,,,,,,,,,,,,,,,,,,,,,,,,,,,,movement_look_x_axis|movement_look_y_axis|equipment_primary_tool_action,Left,-15.0,-22.0
1564,58067,,,,,,,,,,,,,,,,,,,,,,,,,,,,,,,movement_look_x_axis|movement_look_y_axis|equipment_primary_tool_action,Left,-6.0,-11.0
1565,58100,,,,,,,,,,,,,,,,,,,,,,,,,,,,,,,movement_look_x_axis|movement_look_y_axis|equipment_primary_tool_action,Left,-5.0,-13.0
1566,58133,,,,,,,,,,,,,,,,,,,,,,,,,,,,,,,movement_look_x_axis|movement_look_y_axis|equipment_primary_tool_action,Left,-7.0,-17.0
1567,58200,,,,,,,,,,,,,,,,,,,,,,,,,,,,,,,movement_look_x_axis|movement_look_y_axis|equipment_primary_tool_action,Left,-8.0,-21.0
1568,58233,,,,,,,,,,,,,,,,,,,,,,,,,,,,,,,equipment_primary_tool_action,Left,0.0,0.0
1569,58267,,,,,,,,,,,,,,,,,,,,,,,,,,,,,,,movement_look_x_axis|movement_look_y_axis|equipment_primary_tool_action,Left,-5.0,-11.0
1570,58300,,,,,,,,,,,,,,,,,,,,,,,,,,,,,,,movement_look_x_axis|movement_look_y_axis|equipment_primary_tool_action,Left,-6.0,-13.0
1571,58333,,,,,,,,,,,,,,,,,,,,,,,,,,,,,,,movement_look_x_axis|movement_look_y_axis|equipment_primary_tool_action,Left,-7.0,-12.0
1572,58367,,,,,,,,,,,,,,,,,,,,,,,,,,,,,,,equipment_primary_tool_action,Left,0.0,0.0
1573,58400,,,,,,,,,,,,,,,,,,,,,,,,,,,,,,,movement_look_x_axis|movement_look_y_axis|equipment_primary_tool_action,Left,-4.0,-7.0
1574,58467,,,,,,,,,,,,,,,,,,,,,,,,,,,,,,,movement_look_x_axis|movement_look_y_axis|equipment_primary_tool_action,Left,-2.0,-4.0
1575,58500,,,,,,,,,,,,,,,,,,,,,,,,,,,,,,,movement_look_x_axis|movement_look_y_axis|equipment_primary_tool_action,Left,-2.0,-2.0
1576,58533,,,,,,,,,,,,,,,,,,,,,,,,,,,,,,,equipment_primary_tool_action,Left,0.0,0.0
1577,58567,,,,,,,,,,,,,,,,,,,,,,,,,,,,,,,equipment_primary_tool_action,Left,0.0,0.0
1578,58600,,,,,,,,,,,,,,,,,,,,,,,,,,,,,,,equipment_primary_tool_action,Left,0.0,0.0
1579,58633,,,,,,,,,,,,,,,,,,,,,,,,,,,,,,,equipment_primary_tool_action,Left,0.0,0.0
1580,58667,,,,,,,,,,,,,,,,,,,,,,,,,,,,,,,equipment_primary_tool_action,Left,0.0,0.0
1581,58700,,,,,,,,,,,,,,,,,,,,,,,,,,,,,,,equipment_primary_tool_action,Left,0.0,0.0
1582,58733,,,,,,,,,,,,,,,,,,,,,,,,,,,,,,,equipment_primary_tool_action,Left,0.0,0.0
1583,58767,,,,,,,,,,,,,,,,,,,,,,,,,,,,,,,equipment_primary_tool_action,Left,0.0,0.0
1584,58800,,,,,,,,,,,,,,,,,,,,,,,,,,,,,,,equipment_primary_tool_action,Left,0.0,0.0
1585,58867,,,,,,,,,,,,,,,,,,,,,,,,,,,,,,,equipment_primary_tool_action,Left,0.0,0.0
1586,58900,,,,,,,,,,,,,,,,,,,,,,,,,,,,,,,equipment_primary_tool_action,Left,0.0,0.0
1587,58933,,,,,,,,,,,,,,,,,,,,,,,,,,,,,,,equipment_primary_tool_action,Left,0.0,0.0
1588,58967,,,,,,,,,,,,,,,,,,,,,,,,,,,,,,,equipment_primary_tool_action,Left,0.0,0.0
1589,59000,,,,,,,,,,,,,,,,,,,,,,,,,,,,,,,equipment_primary_tool_action,Left,0.0,0.0
1590,59033,,,,,,,,,,,,,,,,,,,,,,,,,,,,,,,equipment_primary_tool_action,Left,0.0,0.0
1591,59067,,,,,,,,,,,,,,,,,,,,,,,,,,,,,,,equipment_primary_tool_action,Left,0.0,0.0
1592,59100,,,,,,,,,,,,,,,,,,,,,,,,,,,,,,,equipment_primary_tool_action,Left,0.0,0.0
1593,59133,,,,,,,,,,,,,,,,,,,,,,,,,,,,,,,equipment_primary_tool_action,Left,0.0,0.0
1594,59167,,,,,,,,,,,,,,,,,,,,,,,,,,,,,,,equipment_primary_tool_action,Left,0.0,0.0
1595,59200,,,,,,,,,,,,,,,,,,,,,,,,,,,,,,,equipment_primary_tool_action,Left,0.0,0.0
1596,59233,,,,,,,,,,,,,,,,,,,,,,,,,,,,,,,equipment_primary_tool_action,Left,0.0,0.0
1597,59267,,,,,,,,,,,,,,,,,,,,,,,,,,,,,,,equipment_primary_tool_action,Left,0.0,0.0
1598,59300,,,,,,,,,,,,,,,,,,,,,,,,,,,,,,,equipment_primary_tool_action,Left,0.0,0.0
1599,59333,,,,,,,,,,,,,,,,,,,,,,,,,,,,,,,equipment_primary_tool_action,Left,0.0,0.0
1600,59400,,,,,,,,,,,,,,,,,,,,,,,,,,,,,,,equipment_primary_tool_action,Left,0.0,0.0
1601,59433,,,,,,,,,,,,,,,,,,,,,,,,,,,,,,,equipment_primary_tool_action,Left,0.0,0.0
1602,59467,,,,,,,,,,,,,,,,,,,,,,,,,,,,,,,equipment_primary_tool_action,Left,0.0,0.0
1603,59500,,,,,,,,,,,,,,,,,,,,,,,,,,,,,,,equipment_primary_tool_action,Left,0.0,0.0
1604,59533,,,,,,,,,,,,,,,,,,,,,,,,,,,,,,,equipment_primary_tool_action,Left,0.0,0.0
1605,59567,,,,,,,,,,,,,,,,,,,,,,,,,,,,,,,equipment_primary_tool_action,Left,0.0,0.0
1606,59600,,,,,,,,,,,,,,,,,,,,,,,,,,,,,,,equipment_primary_tool_action,Left,0.0,0.0
1607,59633,,,,,,,,,,,,,,,,,,,,,,,,,,,,,,,equipment_primary_tool_action,Left,0.0,0.0
1608,59700,,,,,,,,,,,,,,,,,,,,,,,,,,,,,,,equipment_primary_tool_action,Left,0.0,0.0
1609,59733,,,,,,,,,,,,,,,,,,,,,,,,,,,,,,,equipment_primary_tool_action,Left,0.0,0.0
1610,59767,,,,,,,,,,,,,,,,,,,,,,,,,,,,,,,equipment_primary_tool_action,Left,0.0,0.0
1611,59800,,,,,,,,,,,,,,,,,,,,,,,,,,,,,,,equipment_primary_tool_action,Left,0.0,0.0
1612,59833,,,,,,,,,,,,,,,,,,,,,,,,,,,,,,,equipment_primary_tool_action,Left,0.0,0.0
1613,59867,,,,,,,,,,,,,,,,,,,,,,,,,,,,,,,equipment_primary_tool_action,Left,0.0,0.0
1614,59900,,,,,,,,,,,,,,,,,,,,,,,,,,,,,,,equipment_primary_tool_action,Left,0.0,0.0
1615,59933,,,,,,,,,,,,,,,,,,,,,,,,,,,,,,,equipment_primary_tool_action,Left,0.0,0.0
1616,59967,,,,,,,,,,,,,,,,,,,,,,,,,,,,,,,equipment_primary_tool_action,Left,0.0,0.0
1617,60000,,,,,,,,,,,,,,,,,,,,,,,,,,,,,,,equipment_primary_tool_action,Left,0.0,0.0
1618,60067,,,,,,,,,,,,,,,,,,,,,,,,,,,,,,,equipment_primary_tool_action,Left,0.0,0.0
1619,60100,,,,,,,,,,,,,,,,,,,,,,,,,,,,,,,equipment_primary_tool_action,Left,0.0,0.0
1620,60133,,,,,,,,,,,,,,,,,,,,,,,,,,,,,,,equipment_primary_tool_action,Left,0.0,0.0
1621,60167,,,,,,,,,,,,,,,,,,,,,,,,,,,,,,,equipment_primary_tool_action,Left,0.0,0.0
1622,60200,,,,,,,,,,,,,,,,,,,,,,,,,,,,,,,equipment_primary_tool_action,Left,0.0,0.0
1623,60233,,,,,,,,,,,,,,,,,,,,,,,,,,,,,,,equipment_primary_tool_action,Left,0.0,0.0
1624,60267,,,,,,,,,,,,,,,,,,,,,,,,,,,,,,,movement_look_y_axis|equipment_primary_tool_action,Left,0.0,4.0
1625,60300,,,,,,,,,,,,,,,,,,,,,,,,,,,,,,,movement_look_y_axis|equipment_primary_tool_action,Left,0.0,12.0
1626,60333,,,,,,,,,,,,,,,,,,,,,,,,,,,,,,,movement_look_x_axis|movement_look_y_axis|equipment_primary_tool_action,Left,3.0,15.0
1627,60367,,,,,,,,,,,,,,,,,,,,,,,,,,,,,,,movement_look_x_axis|movement_look_y_axis|equipment_primary_tool_action,Left,7.0,25.0
1628,60433,,,,,,,,,,,,,,,,,,,,,,,,,,,,,,,movement_look_x_axis|movement_look_y_axis|equipment_primary_tool_action,Left,4.0,9.0
1629,60467,,,,,,,,,,,,,,,,,,,,,,,,,,,,,,,movement_look_x_axis|movement_look_y_axis|equipment_primary_tool_action,Left,3.0,7.0
1630,60500,,,,,,,,,,,,,,,,,,,,,,,,,,,,,,,movement_look_x_axis|movement_look_y_axis|equipment_primary_tool_action,Left,3.0,8.0
1631,60533,,,,,,,,,,,,,,,,,,,,,,,,,,,,,,,movement_look_x_axis|movement_look_y_axis|equipment_primary_tool_action,Left,3.0,7.0
1632,60567,,,,,,,,,,,,,,,,,,,,,,,,,,,,,,,movement_look_x_axis|movement_look_y_axis|equipment_primary_tool_action,Left,7.0,18.0
1633,60600,,,,,,,,,,,,,,,,,,,,,,,,,,,,,,,equipment_primary_tool_action,Left,0.0,0.0
1634,60633,,,,,,,,,,,,,,,,,,,,,,,,,,,,,,,movement_look_x_axis|movement_look_y_axis|equipment_primary_tool_action,Left,4.0,13.0
1635,60667,,,,,,,,,,,,,,,,,,,,,,,,,,,,,,,movement_look_x_axis|movement_look_y_axis|equipment_primary_tool_action,Left,4.0,10.0
1636,60700,,,,,,,,,,,,,,,,,,,,,,,,,,,,,,,movement_look_x_axis|movement_look_y_axis|equipment_primary_tool_action,Left,1.0,10.0
1637,60733,,,,,,,,,,,,,,,,,,,,,,,,,,,,,,,movement_look_x_axis|movement_look_y_axis|equipment_primary_tool_action,Left,3.0,9.0
1638,60767,,,,,,,,,,,,,,,,,,,,,,,,,,,,,,,movement_look_x_axis|movement_look_y_axis|equipment_primary_tool_action,Left,3.0,11.0
1639,60800,,,,,,,,,,,,,,,,,,,,,,,,,,,,,,,movement_look_x_axis|movement_look_y_axis|equipment_primary_tool_action,Left,3.0,9.0
1640,60833,,,,,,,,,,,,,,,,,,,,,,,,,,,,,,,movement_look_x_axis|movement_look_y_axis|equipment_primary_tool_action,Left,8.0,37.0
1641,60900,,,,,,,,,,,,,,,,,,,,,,,,,,,,,,,movement_look_x_axis|movement_look_y_axis|equipment_primary_tool_action,Left,5.0,27.0
1642,60933,,,,,,,,,,,,,,,,,,,,,,,,,,,,,,,movement_look_x_axis|movement_look_y_axis|equipment_primary_tool_action,Left,6.0,26.0
1643,60967,,,,,,,,,,,,,,,,,,,,,,,,,,,,,,,movement_look_x_axis|movement_look_y_axis|equipment_primary_tool_action,Left,4.0,23.0
1644,61000,,,,,,,,,,,,,,,,,,,,,,,,,,,,,,,movement_look_y_axis|equipment_primary_tool_action,Left,0.0,17.0
1645,61033,,,,,,,,,,,,,,,,,,,,,,,,,,,,,,,movement_look_y_axis|equipment_primary_tool_action,Left,0.0,19.0
1646,61067,,,,,,,,,,,,,,,,,,,,,,,,,,,,,,,equipment_primary_tool_action,Left,0.0,0.0
1647,61100,,,,,,,,,,,,,,,,,,,,,,,,,,,,,,,movement_look_y_axis|equipment_primary_tool_action,Left,0.0,16.0
1648,61133,,,,,,,,,,,,,,,,,,,,,,,,,,,,,,,movement_look_x_axis|movement_look_y_axis|equipment_primary_tool_action,Left,1.0,19.0
1649,61167,,,,,,,,,,,,,,,,,,,,,,,,,,,,,,,movement_look_y_axis|equipment_primary_tool_action,Left,0.0,40.0
1650,61233,,,,,,,,,,,,,,,,,,,,,,,,,,,,,,,movement_look_y_axis|equipment_primary_tool_action,Left,0.0,20.0
1651,61267,,,,,,,,,,,,,,,,,,,,,,,,,,,,,,,movement_look_y_axis|equipment_primary_tool_action,Left,0.0,20.0
1652,61300,,,,,,,,,,,,,,,,,,,,,,,,,,,,,,,movement_look_y_axis|equipment_primary_tool_action,Left,0.0,25.0
1653,61333,,,,,,,,,,,,,,,,,,,,,,,,,,,,,,,movement_look_y_axis|equipment_primary_tool_action,Left,0.0,14.0
1654,61367,,,,,,,,,,,,,,,,,,,,,,,,,,,,,,,movement_look_x_axis|movement_look_y_axis|equipment_primary_tool_action,Left,2.0,21.0
1655,61400,,,,,,,,,,,,,,,,,,,,,,,,,,,,,,,equipment_primary_tool_action,Left,0.0,0.0
1656,61433,,,,,,,,,,,,,,,,,,,,,,,,,,,,,,,movement_look_x_axis|movement_look_y_axis|equipment_primary_tool_action,Left,6.0,28.0
1657,61500,,,,,,,,,,,,,,,,,,,,,,,,,,,,,,,movement_look_x_axis|movement_look_y_axis|equipment_primary_tool_action,Left,1.0,18.0
1658,61533,,,,,,,,,,,,,,,,,,,,,,,,,,,,,,,movement_look_y_axis|equipment_primary_tool_action,Left,0.0,30.0
1659,61567,,,,,,,,,,,,,,,,,,,,,,,,,,,,,,,movement_look_x_axis|movement_look_y_axis|equipment_primary_tool_action,Left,3.0,27.0
1660,61600,,,,,,,,,,,,,,,,,,,,,,,,,,,,,,,movement_look_y_axis|equipment_primary_tool_action,Left,0.0,4.0
1661,61633,,,,,,,,,,,,,,,,,,,,,,,,,,,,,,,movement_look_x_axis|movement_look_y_axis,,1.0,1.0
1662,61667,,,,,,,,,,,,,,,,,,,,,,,,,,,,,,,,,0.0,0.0
1663,61700,,,,,,,,,,,,,,,,,,,,,,,,,,,,,,,,,0.0,0.0
1664,61733,,,,,,,,,,,,,,,,,,,,,,,,,,,,,,,movement_look_x_axis|movement_look_y_axis|equipment_primary_tool_action,Left,14.0,18.0
1665,61800,,,,,,,,,,,,,,,,,,,,,,,,,,,,,,,movement_look_x_axis|movement_look_y_axis|equipment_primary_tool_action,Left,5.0,8.0
1666,61833,,,,,,,,,,,,,,,,,,,,,,,,,,,,,,,movement_look_x_axis|movement_look_y_axis|equipment_primary_tool_action,Left,5.0,4.0
1667,61867,,,,,,,,,,,,,,,,,,,,,,,,,,,,,,,movement_look_x_axis|equipment_primary_tool_action,Left,3.0,0.0
1668,61933,,,,,,,,,,,,,,,,,,,,,,,,,,,,,,,equipment_primary_tool_action,Left,0.0,0.0
1669,61967,,,,,,,,,,,,,,,,,,,,,,,,,,,,,,,equipment_primary_tool_action,Left,0.0,0.0
1670,62000,,,,,,,,,,,,,,,,,,,,,,,,,,,,,,,equipment_primary_tool_action,Left,0.0,0.0
1671,62033,,,,,,,,,,,,,,,,,,,,,,,,,,,,,,,equipment_primary_tool_action,Left,0.0,0.0
1672,62067,,,,,,,,,,,,,,,,,,,,,,,,,,,,,,,equipment_primary_tool_action,Left,0.0,0.0
1673,62100,,,,,,,,,,,,,,,,,,,,,,,,,,,,,,,equipment_primary_tool_action,Left,0.0,0.0
1674,62133,,,,,,,,,,,,,,,,,,,,,,,,,,,,,,,equipment_primary_tool_action,Left,0.0,0.0
1675,62167,,,,,,,,,,,,,,,,,,,,,,,,,,,,,,,equipment_primary_tool_action,Left,0.0,0.0
1676,62200,,,,,,,,,,,,,,,,,,,,,,,,,,,,,,,equipment_primary_tool_action,Left,0.0,0.0
1677,62267,,,,,,,,,,,,,,,,,,,,,,,,,,,,,,,equipment_primary_tool_action,Left,0.0,0.0
1678,62300,,,,,,,,,,,,,,,,,,,,,,,,,,,,,,,equipment_primary_tool_action,Left,0.0,0.0
1679,62333,,,,,,,,,,,,,,,,,,,,,,,,,,,,,,,equipment_primary_tool_action,Left,0.0,0.0
1680,62367,,,,,,,,,,,,,,,,,,,,,,,,,,,,,,,equipment_primary_tool_action,Left,0.0,0.0
1681,62400,,,,,,,,,,,,,,,,,,,,,,,,,,,,,,,equipment_primary_tool_action,Left,0.0,0.0
1682,62433,,,,,,,,,,,,,,,,,,,,,,,,,,,,,,,equipment_primary_tool_action,Left,0.0,0.0
1683,62467,,,,,,,,,,,,,,,,,,,,,,,,,,,,,,,equipment_primary_tool_action,Left,0.0,0.0
1684,62500,,,,,,,,,,,,,,,,,,,,,,,,,,,,,,,movement_look_x_axis|movement_look_y_axis|equipment_primary_tool_action,Left,1.0,-1.0
1685,62533,,,,,,,,,,,,,,,,,,,,,,,,,,,,,,,equipment_primary_tool_action,Left,0.0,0.0
1686,62600,,,,,,,,,,,,,,,,,,,,,,,,,,,,,,,equipment_primary_tool_action,Left,0.0,0.0
1687,62633,,,,,,,,,,,,,,,,,,,,,,,,,,,,,,,movement_look_y_axis|equipment_primary_tool_action,Left,0.0,-1.0
1688,62667,,,,,,,,,,,,,,,,,,,,,,,,,,,,,,,equipment_primary_tool_action,Left,0.0,0.0
1689,62700,,,,,,,,,,,,,,,,,,,,,,,,,,,,,,,movement_look_y_axis|equipment_primary_tool_action,Left,0.0,-1.0
1690,62733,,,,,,,,,,,,,,,,,,,,,,,,,,,,,,,movement_look_y_axis|equipment_primary_tool_action,Left,0.0,-5.0
1691,62767,,,,,,,,,,,,,,,,,,,,,,,,,,,,,,,equipment_primary_tool_action,Left,0.0,0.0
1692,62800,,,,,,,,,,,,,,,,,,,,,,,,,,,,,,,movement_look_x_axis|movement_look_y_axis|equipment_primary_tool_action,Left,-7.0,-15.0
1693,62833,,,,,,,,,,,,,,,,,,,,,,,,,,,,,,,movement_look_x_axis|movement_look_y_axis|equipment_primary_tool_action,Left,-12.0,-16.0
1694,62867,,,,,,,,,,,,,,,,,,,,,,,,,,,,,,,movement_look_x_axis|movement_look_y_axis|equipment_primary_tool_action,Left,-12.0,-10.0
1695,62900,,,,,,,,,,,,,,,,,,,,,,,,,,,,,,,movement_look_x_axis|movement_look_y_axis,,-20.0,-8.0
1696,62933,,,,,,,,,,,,,,,,,,,,,,,,,,,,,,,movement_look_x_axis|movement_look_y_axis,,-29.0,-8.0
1697,62967,,,,,,,,,,,,,,,,,,,,,,,,,,,,,,,movement_look_x_axis|movement_look_y_axis,,-31.0,-6.0
1698,63000,,,,,,,,,,,,,,,,,,,,,,,,,,,,,,,movement_look_x_axis|movement_look_y_axis,,-33.0,-12.0
1699,63067,,,,,,,,,,,,,,,,,,,,,,,,,,,,,,,movement_look_x_axis|movement_look_y_axis,,-20.0,-8.0
1700,63100,,,,,,,,,,,,,,,,,,,,,,,,,,,,,,,movement_look_x_axis|movement_look_y_axis,,-27.0,-15.0
1701,63133,,,,,,,,,,,,,,,,,,,,,,,,,,,,,,,movement_look_x_axis|movement_look_y_axis,,-34.0,-19.0
1702,63167,,,,,,,,,,,,,,,,,,,,,,,,,,,,,,,movement_look_x_axis|movement_look_y_axis,,-33.0,-15.0
1703,63200,,,,,,,,,,,,,,,,,,,,,,,,,,,,,,,movement_look_x_axis|movement_look_y_axis,,-30.0,-5.0
1704,63267,,,,,,,,,,,,,,,,,,,,,,,,,,,,,,,movement_look_x_axis|movement_look_y_axis|equipment_primary_tool_action,Left,-12.0,7.0
1705,63300,,,,,,,,,,,,,,,,,,,,,,,,,,,,,,,movement_look_x_axis|movement_look_y_axis|equipment_primary_tool_action,Left,-19.0,14.0
1706,63333,,,,,,,,,,,,,,,,,,,,,,,,,,,,,,,movement_look_x_axis|movement_look_y_axis,,-14.0,10.0
1707,63367,,,,,,,,,,,,,,,,,,,,,,,,,,,,,,,movement_look_x_axis|movement_look_y_axis,,-7.0,4.0
1708,63400,,,,,,,,,,,,,,,,,,,,,,,,,,,,,,,movement_look_x_axis|movement_look_y_axis,,-14.0,12.0
1709,63433,,,,,,,,,,,,,,,,,,,,,,,,,,,,,,,,,0.0,0.0
1710,63467,,,,,,,,,,,,,,,,,,,,,,,,,,,,,,,movement_look_x_axis|movement_look_y_axis,,-1.0,2.0
1711,63500,,,,,,,,,,,,,,,,,,,,,,,,,,,,,,,movement_look_x_axis|movement_look_y_axis,,-3.0,8.0
1712,63533,,,,,,,,,,,,,,,,,,,,,,,,,,,,,,,movement_look_x_axis|movement_look_y_axis,,-2.0,17.0
1713,63567,,,,,,,,,,,,,,,,,,,,,,,,,,,,,,,movement_look_x_axis|movement_look_y_axis,,1.0,18.0
1714,63600,,,,,,,,,,,,,,,,,,,,,,,,,,,,,,,movement_look_x_axis|movement_look_y_axis|equipment_primary_tool_action,Left,5.0,20.0
1715,63633,,,,,,,,,,,,,,,,,,,,,,,,,,,,,,,movement_look_x_axis|movement_look_y_axis|equipment_primary_tool_action,Left,10.0,22.0
1716,63667,,,,,,,,,,,,,,,,,,,,,,,,,,,,,,,movement_look_x_axis|movement_look_y_axis|equipment_primary_tool_action,Left,13.0,21.0
1717,63700,,,,,,,,,,,,,,,,,,,,,,,,,,,,,,,movement_look_x_axis|movement_look_y_axis|equipment_primary_tool_action,Left,34.0,31.0
1718,63767,,,,,,,,,,,,,,,,,,,,,,,,,,,,,,,movement_look_x_axis|movement_look_y_axis|equipment_primary_tool_action,Left,21.0,12.0
1719,63800,,,,,,,,,,,,,,,,,,,,,,,,,,,,,,,movement_look_x_axis|movement_look_y_axis|equipment_primary_tool_action,Left,31.0,15.0
1720,63833,,,,,,,,,,,,,,,,,,,,,,,,,,,,,,,movement_look_x_axis|movement_look_y_axis|equipment_primary_tool_action,Left,28.0,11.0
1721,63867,,,,,,,,,,,,,,,,,,,,,,,,,,,,,,,movement_look_x_axis|movement_look_y_axis|equipment_primary_tool_action,Left,10.0,4.0
1722,63900,,,,,,,,,,,,,,,,,,,,,,,,,,,,,,,movement_look_x_axis|movement_look_y_axis|equipment_primary_tool_action,Left,3.0,1.0
1723,63933,,,,,,,,,,,,,,,,,,,,,,,,,,,,,,,equipment_primary_tool_action,Left,0.0,0.0
1724,63967,,,,,,,,,,,,,,,,,,,,,,,,,,,,,,,equipment_primary_tool_action,Left,0.0,0.0
1725,64000,,,,,,,,,,,,,,,,,,,,,,,,,,,,,,,equipment_primary_tool_action,Left,0.0,0.0
1726,64067,,,,,,,,,,,,,,,,,,,,,,,,,,,,,,,movement_look_x_axis|movement_look_y_axis|equipment_primary_tool_action,Left,-7.0,-4.0
1727,64100,,,,,,,,,,,,,,,,,,,,,,,,,,,,,,,movement_look_x_axis|movement_look_y_axis|equipment_primary_tool_action,Left,-43.0,-12.0
1728,64167,,,,,,,,,,,,,,,,,,,,,,,,,,,,,,,movement_look_x_axis|movement_look_y_axis|equipment_primary_tool_action,Left,-66.0,-10.0
1729,64200,,,,,,,,,,,,,,,,,,,,,,,,,,,,,,,movement_look_x_axis|movement_look_y_axis,,-100.0,-14.0
1730,64233,,,,,,,,,,,,,,,,,,,,,,,,,,,,,,,,,0.0,0.0
1731,64267,,,,,,,,,,,,,,,,,,,,,,,,,,,,,,,movement_look_x_axis|movement_look_y_axis,,-18.0,-2.0
1732,64300,,,,,,,,,,,,,,,,,,,,,,,,,,,,,,,movement_look_x_axis,,-1.0,0.0
1733,64333,,,,,,,,,,,,,,,,,,,,,,,,,,,,,,,,,0.0,0.0
1734,64367,,,,,,,,,,,,,,,,,,,,,,,,,,,,,,,,,0.0,0.0
1735,64400,,,,,,,,,,,,,,,,,,,,,,,,,,,,,,,movement_look_x_axis|equipment_primary_tool_action,Left,42.0,0.0
1736,64467,,,,,,,,,,,,,,,,,,,,,,,,,,,,,,,movement_look_x_axis|equipment_primary_tool_action,Left,69.0,0.0
1737,64500,,,,,,,,,,,,,,,,,,,,,,,,,,,,,,,movement_look_x_axis|equipment_primary_tool_action,Left,91.0,0.0
1738,64533,,,,,,,,,,,,,,,,,,,,,,,,,,,,,,,movement_look_x_axis|equipment_primary_tool_action,Left,152.0,0.0
1739,64567,,,,,,,,,,,,,,,,,,,,,,,,,,,,,,,movement_look_x_axis|equipment_primary_tool_action,Left,114.0,0.0
1740,64600,,,,,,,,,,,,,,,,,,,,,,,,,,,,,,,movement_look_x_axis|movement_look_y_axis|equipment_primary_tool_action,Left,190.0,6.0
1741,64633,,,,,,,,,,,,,,,,,,,,,,,,,,,,,,,,,0.0,0.0
1742,64667,,,,,,,,,,,,,,,,,,,,,,,,,,,,,,,movement_look_x_axis|movement_look_y_axis,,76.0,8.0
1743,64700,,,,,,,,,,,,,,,,,,,,,,,,,,,,,,,movement_look_x_axis,,102.0,0.0
1744,64733,,,,,,,,,,,,,,,,,,,,,,,,,,,,,,,movement_look_x_axis,,76.0,0.0
1745,64767,,,,,,,,,,,,,,,,,,,,,,,,,,,,,,,movement_look_x_axis|movement_look_y_axis,,74.0,7.0
1746,64800,,,,,,,,,,,,,,,,,,,,,,,,,,,,,,,movement_look_x_axis|movement_look_y_axis,,92.0,8.0
1747,64833,,,,,,,,,,,,,,,,,,,,,,,,,,,,,,,movement_look_x_axis|movement_look_y_axis,,68.0,3.0
1748,64867,,,,,,,,,,,,,,,,,,,,,,,,,,,,,,,movement_look_x_axis,,37.0,0.0
1749,64933,,,,,,,,,,,,,,,,,,,,,,,,,,,,,,,movement_look_x_axis,,4.0,0.0
1750,64967,,,,,,,,,,,,,,,,,,,,,,,,,,,,,,,movement_look_x_axis|movement_look_y_axis,,8.0,-3.0
1751,65000,,,,,,,,,,,,,,,,,,,,,,,,,,,,,,,movement_look_x_axis|movement_look_y_axis,,1.0,-1.0
1752,65033,,,,,,,,,,,,,,,,,,,,,,,,,,,,,,,movement_look_x_axis|movement_look_y_axis,,5.0,-4.0
1753,65067,,,,,,,,,,,,,,,,,,,,,,,,,,,,,,,movement_look_x_axis|movement_look_y_axis,,6.0,-9.0
1754,65100,,,,,,,,,,,,,,,,,,,,,,,,,,,,,,,,,0.0,0.0
1755,65133,,,,,,,,,,,,,,,,,,,,,,,,,,,,,,,,,0.0,0.0
1756,65167,,,,,,,,,,,,,,,,,,,,,,,,,,,,,,,,,0.0,0.0
1757,65200,,,,,,,,,,,,,,,,,,,,,,,,,,,,,,,,,0.0,0.0
1758,65233,,,,,,,,,,,,,,,,,,,,,,,,,,,,,,,,,0.0,0.0
1759,65267,,,,,,,,,,,,,,,,,,,,,,,,,,,,,,,,,0.0,0.0
1760,65300,,,,,,,,,,,,,,,,,,,,,,,,,,,,,,,,,0.0,0.0
1761,65333,,,,,,,,,,,,,,,,,,,,,,,,,,,,,,,movement_look_x_axis|movement_look_y_axis,,2.0,-1.0
1762,65367,,,,,,,,,,,,,,,,,,,,,,,,,,,,,,,movement_look_x_axis,,7.0,0.0
1763,65400,,,,,,,,,,,,,,,,,,,,,,,,,,,,,,,movement_look_x_axis|movement_look_y_axis,,10.0,-2.0
1764,65433,,,,,,,,,,,,,,,,,,,,,,,,,,,,,,,movement_look_x_axis|movement_look_y_axis,,5.0,-5.0
1765,65467,,,,,,,,,,,,,,,,,,,,,,,,,,,,,,,movement_look_x_axis|movement_look_y_axis,,15.0,-11.0
1766,65500,,,,,,,,,,,,,,,,,,,,,,,,,,,,,,,movement_look_x_axis|movement_look_y_axis,,2.0,-3.0
1767,65567,,,,,,,,,,,,,,,,,,,,,,,,,,,,,,,,,0.0,0.0
1768,65600,,,,,,,,,,,,,,,,,,,,,,,,,,,,,,,,,0.0,0.0
1769,65667,,,,,,,,,,,,,,,,,,,,,,,,,,,,,,,,,0.0,0.0
1770,65700,,,,,,,,,,,,,,,,,,,,,,,,,,,,,,,,,0.0,0.0
1771,65733,,,,,,,,,,,,,,,,,,,,,,,,,,,,,,,,,0.0,0.0
1772,65767,,,,,,,,,,,,,,,,,,,,,,,,,,,,,,,,,0.0,0.0
1773,65800,,,,,,,,,,,,,,,,,,,,,,,,,,,,,,,,,0.0,0.0
1774,65833,,,,,,,,,,,,,,,,,,,,,,,,,,,,,,,,,0.0,0.0
1775,65867,,,,,,,,,,,,,,,,,,,,,,,,,,,,,,,,,0.0,0.0
1776,65900,,,,,,,,,,,,,,,,,,,,,,,,,,,,,,,movement_look_x_axis|movement_look_y_axis,,-11.0,-3.0
1777,65933,,,,,,,,,,,,,,,,,,,,,,,,,,,,,,,movement_look_x_axis|movement_look_y_axis,,-2.0,-5.0
1778,65967,,,,,,,,,,,,,,,,,,,,,,,,,,,,,,,,,0.0,0.0
1779,66000,,,,,,,,,,,,,,,,,,,,,,,,,,,,,,,,,0.0,0.0
1780,66033,,,,,,,,,,,,,,,,,,,,,,,,,,,,,,,movement_look_y_axis,,0.0,-2.0
1781,66067,,,,,,,,,,,,,,,,,,,,,,,,,,,,,,,movement_look_y_axis,,0.0,-1.0
1782,66100,,,,,,,,,,,,,,,,,,,,,,,,,,,,,,,,,0.0,0.0
1783,66167,,,,,,,,,,,,,,,,,,,,,,,,,,,,,,,,,0.0,0.0
1784,66200,,,,,,,,,,,,,,,,,,,,,,,,,,,,,,,movement_look_y_axis,,0.0,-2.0
1785,66233,,,,,,,,,,,,,,,,,,,,,,,,,,,,,,,movement_look_x_axis|movement_look_y_axis,,3.0,-3.0
1786,66300,,,,,,,,,,,,,,,,,,,,,,,,,,,,,,,movement_look_y_axis,,0.0,-1.0
1787,66333,,,,,,,,,,,,,,,,,,,,,,,,,,,,,,,,,0.0,0.0
1788,66367,,,,,,,,,,,,,,,,,,,,,,,,,,,,,,,,,0.0,0.0
1789,66433,,,,,,,,,,,,,,,,,,,,,,,,,,,,,,,,,0.0,0.0
1790,66467,,,,,,,,,,,,,,,,,,,,,,,,,,,,,,,,,0.0,0.0
1791,66500,,,,,,,,,,,,,,,,,,,,,,,,,,,,,,,,,0.0,0.0
1792,66533,,,,,,,,,,,,,,,,,,,,,,,,,,,,,,,,,0.0,0.0
1793,66567,,,,,,,,,,,,,,,,,,,,,,,,,,,,,,,,,0.0,0.0
1794,66600,,,,,,,,,,,,,,,,,,,,,,,,,,,,,,,,,0.0,0.0
1795,66633,,,,,,,,,,,,,,,,,,,,,,,,,,,,,,,,,0.0,0.0
1796,66667,,,,,,,,,,,,,,,,,,,,,,,,,,,,,,,,,0.0,0.0
1797,66700,,,,,,,,,,,,,,,,,,,,,,,,,,,,,,,,,0.0,0.0
1798,66767,,,,,,,,,,,,,,,,,,,,,,,,,,,,,,,,,0.0,0.0
1799,66800,,,,,,,,,,,,,,,,,,,,,,,,,,,,,,Q,general_cancel,,0.0,0.0
1800,66833,,,,,,,,,,,,,,,,,,,,,,,,,,,,,,Q,general_cancel,,0.0,0.0
1801,66867,,,,,,,,,,,,,,,,,,,,,,,,,,,,,,Q,general_cancel,,0.0,0.0
1802,66900,,,,,,,,,,,,,,,,,,,,,,,,,,,,,,Q,general_cancel,,0.0,0.0
1803,66933,,,,,,,,,,,,,,,,,,,,,,,,,,,,,,,,,0.0,0.0
1804,66967,,,,,,,,,,,,,,,,,,,,,,,,,,,,,,,,,0.0,0.0
1805,67000,,,,,,,,,,,,,,,,,,,,,,,,,,,,,,,,,0.0,0.0
1806,67033,,,,,,,,,,,,,,,,,,,,,,,,,,,,,,,,,0.0,0.0
1807,67067,,,,,,,,,,,,,,,,,,,,,,,,,,,,,,,,,0.0,0.0
1808,67100,,,,,,,,,,,,,,,,,,,,,,,,,,,,,,,,,0.0,0.0
1809,67133,,,,,,,,,,,,,,,,,,,,,,,,,,,,,,,,,0.0,0.0
1810,67167,,,,,,,,,,,,,,,,,,,,,,,,,,,,,,,,,0.0,0.0
1811,67200,,,,,,,,,,,,,,,,,,,,,,,,,,,,,,,,,0.0,0.0
1812,67267,,,,,,,,,,,,,,,,,,,,,,,,,,,,,,,,,0.0,0.0
1813,67300,,,,,,,,,,,,,,,,,,,,,,,,,,,,,,,,,0.0,0.0
1814,67333,,,,,,,,,,,,,,,,,,,,,,,,,,,,,,,,,0.0,0.0
1815,67367,,,,,,,,,,,,,,,,,,,,,,,,,,,,,,,movement_look_x_axis|movement_look_y_axis,,1.0,-1.0
1816,67400,,,,,,,,,,,,,,,,,,,,,,,,,,,,,,,,,0.0,0.0
1817,67433,,,,,,,,,,,,,,,,,,,,,,,,,,,,,,,,,0.0,0.0
1818,67467,,,,,,,,,,,,,,,,,,,,,,,,,,,,,,,movement_look_x_axis|movement_look_y_axis,,14.0,-2.0
1819,67500,,,,,,,,,,,,,,,,,,,,,,,,,,,,,,,movement_look_x_axis,,44.0,0.0
1820,67533,,,,,,,,,,,,,,,,,,,,,,,,,,,,,,,movement_look_x_axis|movement_look_y_axis,,114.0,5.0
1821,67600,,,,,,,,,,,,,,,,,,,,,,,,,,,,,,,movement_look_x_axis,,58.0,0.0
1822,67633,,,,,,,,,,,,,,,,,,,,,,,,,,,,,,,movement_look_x_axis|movement_look_y_axis,,60.0,10.0
1823,67667,,,,,,,,,,,,,,,,,,,,,,,,,,,,,,,movement_look_x_axis|movement_look_y_axis,,45.0,8.0
1824,67700,,,,,,,,,,,,,,,,,,,,,,,,,,,,,,,movement_look_x_axis|movement_look_y_axis,,32.0,6.0
1825,67733,,,,,,,,,,,,,,,,,,,,,,,,,,,,,,,movement_look_x_axis|movement_look_y_axis,,48.0,7.0
1826,67767,,,,,,,,,,,,,,,,,,,,,,,,,,,,,,,movement_look_x_axis|movement_look_y_axis,,21.0,3.0
1827,67833,,,,,,,,,,,,,,,,,,,,,,,,,,,,,,,movement_look_x_axis|movement_look_y_axis,,18.0,3.0
1828,67867,,,,,,,,,,,,,,,,,,,,,,,,,,,,,,,movement_look_x_axis|movement_look_y_axis,,3.0,-1.0
1829,67900,,,,,,,,,,,,,,,,,,,,,,,,,,,,,,,,,0.0,0.0
1830,67967,,,,,,,,,,,,,,,,,,,,,,,,,,,,,,,,,0.0,0.0
1831,68000,,,,,,,,,,,,,,,,,,,,,,,,,,,,,,,,,0.0,0.0
1832,68033,,,,,,,,,,,,,,,,,,,,,,,,,,,,,,,,,0.0,0.0
1833,68067,,,,,,,,,,,,,,,,,,,,,,,,,,,,,,,,,0.0,0.0
1834,68100,,,,,,,,,,,,,,,,,,,,,,,,,,,,,,,,,0.0,0.0
1835,68133,,,,,,,,,,,,,,,,,,,,,,,,,,,,,,W,movement_move_y_axis,,0.0,0.0
1836,68167,,,,,,,,,,,,,,,,,,,,,,,,,,,,,,W,movement_move_y_axis,,0.0,0.0
1837,68200,,,,,,,,,,,,,,,,,,,,,,,,,,,,,,W,movement_move_y_axis|movement_look_x_axis|movement_look_y_axis,,-3.0,1.0
1838,68233,,,,,,,,,,,,,,,,,,,,,,,,,,,,,,W,movement_move_y_axis|movement_look_x_axis|movement_look_y_axis,,-10.0,2.0
1839,68300,,,,,,,,,,,,,,,,,,,,,,,,,,,,,,W,movement_move_y_axis,,0.0,0.0
1840,68333,,,,,,,,,,,,,,,,,,,,,,,,,,,,,,W,movement_move_y_axis,,0.0,0.0
1841,68367,,,,,,,,,,,,,,,,,,,,,,,,,,,,,,W,movement_move_y_axis,,0.0,0.0
1842,68400,,,,,,,,,,,,,,,,,,,,,,,,,,,,,,W,movement_move_y_axis,,0.0,0.0
1843,68433,,,,,,,,,,,,,,,,,,,,,,,,,,,,,,W,movement_move_y_axis,,0.0,0.0
1844,68467,,,,,,,,,,,,,,,,,,,,,,,,,,,,,,W,movement_move_y_axis,,0.0,0.0
1845,68500,,,,,,,,,,,,,,,,,,,,,,,,,,,,,,W,movement_move_y_axis,,0.0,0.0
1846,68533,,,,,,,,,,,,,,,,,,,,,,,,,,,,,,,movement_look_x_axis|movement_look_y_axis,,-1.0,-1.0
1847,68567,,,,,,,,,,,,,,,,,,,,,,,,,,,,,,,movement_look_x_axis|movement_look_y_axis,,2.0,-3.0
1848,68600,,,,,,,,,,,,,,,,,,,,,,,,,,,,,,,movement_look_x_axis|movement_look_y_axis,,5.0,-4.0
1849,68633,,,,,,,,,,,,,,,,,,,,,,,,,,,,,,,movement_look_x_axis|movement_look_y_axis,,2.0,-1.0
1850,68667,,,,,,,,,,,,,,,,,,,,,,,,,,,,,,,,,0.0,0.0
1851,68733,,,,,,,,,,,,,,,,,,,,,,,,,,,,,,,,,0.0,0.0
1852,68767,,,,,,,,,,,,,,,,,,,,,,,,,,,,,,,movement_look_y_axis,,0.0,-2.0
1853,68800,,,,,,,,,,,,,,,,,,,,,,,,,,,,,,,movement_look_x_axis|movement_look_y_axis,,2.0,-3.0
1854,68833,,,,,,,,,,,,,,,,,,,,,,,,,,,,,,,movement_look_y_axis,,0.0,-2.0
1855,68867,,,,,,,,,,,,,,,,,,,,,,,,,,,,,,,,,0.0,0.0
1856,68900,,,,,,,,,,,,,,,,,,,,,,,,,,,,,,,,,0.0,0.0
1857,68933,,,,,,,,,,,,,,,,,,,,,,,,,,,,,,,,,0.0,0.0
1858,68967,,,,,,,,,,,,,,,,,,,,,,,,,,,,,,,,,0.0,0.0
1859,69000,,,,,,,,,,,,,,,,,,,,,,,,,,,,,,,movement_look_x_axis|movement_look_y_axis,,-2.0,-3.0
1860,69033,,,,,,,,,,,,,,,,,,,,,,,,,,,,,,,movement_look_x_axis|movement_look_y_axis,,-26.0,-8.0
1861,69067,,,,,,,,,,,,,,,,,,,,,,,,,,,,,,,movement_look_x_axis|movement_look_y_axis,,-71.0,-14.0
1862,69100,,,,,,,,,,,,,,,,,,,,,,,,,,,,,,,movement_look_x_axis|movement_look_y_axis,,-136.0,-30.0
1863,69133,,,,,,,,,,,,,,,,,,,,,,,,,,,,,,,movement_look_x_axis|movement_look_y_axis,,-134.0,-33.0
1864,69167,,,,,,,,,,,,,,,,,,,,,,,,,,,,,,,movement_look_x_axis|movement_look_y_axis,,-146.0,-31.0
1865,69200,,,,,,,,,,,,,,,,,,,,,,,,,,,,,,,movement_look_x_axis|movement_look_y_axis,,-250.0,-44.0
1866,69267,,,,,,,,,,,,,,,,,,,,,,,,,,,,,,,movement_look_x_axis|movement_look_y_axis,,-66.0,-10.0
1867,69300,,,,,,,,,,,,,,,,,,,,,,,,,,,,,,,movement_look_x_axis|movement_look_y_axis,,-21.0,-5.0
1868,69333,,,,,,,,,,,,,,,,,,,,,,,,,,,,,,,movement_look_x_axis|movement_look_y_axis,,-4.0,-2.0
1869,69367,,,,,,,,,,,,,,,,,,,,,,,,,,,,,,,movement_look_x_axis|movement_look_y_axis,,-13.0,-11.0
1870,69400,,,,,,,,,,,,,,,,,,,,,,,,,,,,,,,movement_look_x_axis|movement_look_y_axis,,-46.0,-32.0
1871,69433,,,,,,,,,,,,,,,,,,,,,,,,,,,,,,,,,0.0,0.0
1872,69467,,,,,,,,,,,,,,,,,,,,,,,,,,,,,,,movement_look_x_axis|movement_look_y_axis,,-16.0,-11.0
1873,69500,,,,,,,,,,,,,,,,,,,,,,,,,,,,,,,movement_look_x_axis|movement_look_y_axis,,-8.0,-10.0
1874,69533,,,,,,,,,,,,,,,,,,,,,,,,,,,,,,,movement_look_x_axis|movement_look_y_axis,,-3.0,-4.0
1875,69600,,,,,,,,,,,,,,,,,,,,,,,,,,,,,,,,,0.0,0.0
1876,69633,,,,,,,,,,,,,,,,,,,,,,,,,,,,,,W,movement_move_y_axis,,0.0,0.0
1877,69667,,,,,,,,,,,,,,,,,,,,,,,,,,,,,,W,movement_move_y_axis,,0.0,0.0
1878,69700,,,,,,,,,,,,,,,,,,,,,,,,,,,,,,W,movement_move_y_axis,,0.0,0.0
1879,69733,,,,,,,,,,,,,,,,,,,,,,,,,,,,,,W,movement_move_y_axis|movement_look_x_axis|movement_look_y_axis,,21.0,16.0
1880,69767,,,,,,,,,,,,,,,,,,,,,,,,,,,,,,W,movement_move_y_axis,,0.0,0.0
1881,69800,,,,,,,,,,,,,,,,,,,,,,,,,,,,,,W,movement_move_y_axis|movement_look_x_axis|movement_look_y_axis,,37.0,24.0
1882,69833,,,,,,,,,,,,,,,,,,,,,,,,,,,,,,W,movement_move_y_axis|movement_look_x_axis|movement_look_y_axis,,27.0,12.0
1883,69867,,,,,,,,,,,,,,,,,,,,,,,,,,,,,,W,movement_move_y_axis|movement_look_x_axis|movement_look_y_axis,,17.0,5.0
1884,69900,,,,,,,,,,,,,,,,,,,,,,,,,,,,,,W,movement_move_y_axis|movement_look_x_axis|movement_look_y_axis,,23.0,8.0
1885,69933,,,,,,,,,,,,,,,,,,,,,,,,,,,,,,W,movement_move_y_axis|movement_look_x_axis|movement_look_y_axis,,12.0,7.0
1886,69967,,,,,,,,,,,,,,,,,,,,,,,,,,,,,,W,movement_move_y_axis|movement_look_x_axis|movement_look_y_axis,,13.0,10.0
1887,70000,,,,,,,,,,,,,,,,,,,,,,,,,,,,,,W,movement_move_y_axis|movement_look_x_axis|movement_look_y_axis,,12.0,17.0
1888,70033,,,,,,,,,,,,,,,,,,,,,,,,,,,,,,W,movement_move_y_axis|movement_look_x_axis|movement_look_y_axis,,12.0,10.0
1889,70067,,,,,,,,,,,,,,,,,,,,,,,,,,,,,,W,movement_move_y_axis|movement_look_x_axis|movement_look_y_axis,,19.0,10.0
1890,70100,,,,,,,,,,,,,,,,,,,,,,,,,,,,,,W,movement_move_y_axis|movement_look_x_axis|movement_look_y_axis,,25.0,9.0
1891,70133,,,,,,,,,,,,,,,,,,,,,,,,,,,,,,W,movement_move_y_axis|movement_look_x_axis|movement_look_y_axis,,27.0,6.0
1892,70167,,,,,,,,,,,,,,,,,,,,,,,,,,,,,,W,movement_move_y_axis|movement_look_x_axis|movement_look_y_axis,,27.0,5.0
1893,70200,,,,,,,,,,,,,,,,,,,,,,,,,,,,,,W,movement_move_y_axis|movement_look_x_axis,,7.0,0.0
1894,70233,,,,,,,,,,,,,,,,,,,,,,,,,,,,,,W,movement_move_y_axis,,0.0,0.0
1895,70300,,,,,,,,,,,,,,,,,,,,,,,,,,,,,,W,movement_move_y_axis,,0.0,0.0
1896,70333,,,,,,,,,,,,,,,,,,,,,,,,,,,,,,,,,0.0,0.0
1897,70367,,,,,,,,,,,,,,,,,,,,,,,,,,,,,,,,,0.0,0.0
1898,70400,,,,,,,,,,,,,,,,,,,,,,,,,,,,,,,movement_look_x_axis,,3.0,0.0
1899,70433,,,,,,,,,,,,,,,,,,,,,,,,,,,,,,,movement_look_x_axis|movement_look_y_axis,,49.0,-4.0
1900,70467,,,,,,,,,,,,,,,,,,,,,,,,,,,,,,W,movement_move_y_axis,,0.0,0.0
1901,70500,,,,,,,,,,,,,,,,,,,,,,,,,,,,,,W,movement_move_y_axis|movement_look_x_axis,,29.0,0.0
1902,70533,,,,,,,,,,,,,,,,,,,,,,,,,,,,,,W,movement_move_y_axis|movement_look_x_axis,,2.0,0.0
1903,70567,,,,,,,,,,,,,,,,,,,,,,,,,,,,,,W,movement_move_y_axis,,0.0,0.0
1904,70600,,,,,,,,,,,,,,,,,,,,,,,,,,,,,,W,movement_move_y_axis,,0.0,0.0
1905,70633,,,,,,,,,,,,,,,,,,,,,,,,,,,,,,W,movement_move_y_axis|movement_look_x_axis|movement_look_y_axis,,13.0,-7.0
1906,70700,,,,,,,,,,,,,,,,,,,,,,,,,,,,,,W,movement_move_y_axis|movement_look_x_axis|movement_look_y_axis,,28.0,-1.0
1907,70733,,,,,,,,,,,,,,,,,,,,,,,,,,,,,,W,movement_move_y_axis|movement_look_x_axis|movement_look_y_axis,,14.0,2.0
1908,70767,,,,,,,,,,,,,,,,,,,,,,,,,,,,,,W,movement_move_y_axis,,0.0,0.0
1909,70800,,,,,,,,,,,,,,,,,,,,,,,,,,,,,,W,movement_move_y_axis,,0.0,0.0
1910,70833,,,,,,,,,,,,,,,,,,,,,,,,,,,,,,W,movement_move_y_axis,,0.0,0.0
1911,70867,,,,,,,,,,,,,,,,,,,,,,,,,,,,,,W,movement_move_y_axis,,0.0,0.0
1912,70900,,,,,,,,,,,,,,,,,,,,,,,,,,,,,,W,movement_move_y_axis,,0.0,0.0
1913,70933,,,,,,,,,,,,,,,,,,,,,,,,,,,,,,W,movement_move_y_axis,,0.0,0.0
1914,70967,,,,,,,,,,,,,,,,,,,,,,,,,,,,,,W,movement_move_y_axis,,0.0,0.0
1915,71000,,,,,,,,,,,,,,,,,,,,,,,,,,,,,,W,movement_move_y_axis,,0.0,0.0
1916,71067,,,,,,,,,,,,,,,,,,,,,,,,,,,,,,W,movement_move_y_axis,,0.0,0.0
1917,71100,,,,,,,,,,,,,,,,,,,,,,,,,,,,,,W,movement_move_y_axis,,0.0,0.0
1918,71133,,,,,,,,,,,,,,,,,,,,,,,,,,,,,,W,movement_move_y_axis|movement_look_x_axis|movement_look_y_axis,,9.0,2.0
1919,71167,,,,,,,,,,,,,,,,,,,,,,,,,,,,,,W,movement_move_y_axis|movement_look_x_axis|movement_look_y_axis,,25.0,8.0
1920,71233,,,,,,,,,,,,,,,,,,,,,,,,,,,,,,W,movement_move_y_axis,,0.0,0.0
1921,71267,,,,,,,,,,,,,,,,,,,,,,,,,,,,,,W,movement_move_y_axis|movement_look_x_axis|movement_look_y_axis,,15.0,7.0
1922,71300,,,,,,,,,,,,,,,,,,,,,,,,,,,,,,W,movement_move_y_axis|movement_look_x_axis|movement_look_y_axis,,17.0,7.0
1923,71333,,,,,,,,,,,,,,,,,,,,,,,,,,,,,,W,movement_move_y_axis,,0.0,0.0
1924,71367,,,,,,,,,,,,,,,,,,,,,,,,,,,,,,W,movement_move_y_axis|movement_look_x_axis,,2.0,0.0
1925,71400,,,,,,,,,,,,,,,,,,,,,,,,,,,,,,W,movement_move_y_axis,,0.0,0.0
1926,71433,,,,,,,,,,,,,,,,,,,,,,,,,,,,,,W,movement_move_y_axis|movement_look_x_axis,,1.0,0.0
1927,71467,,,,,,,,,,,,,,,,,,,,,,,,,,,,,,W,movement_move_y_axis|movement_look_x_axis|movement_look_y_axis,,59.0,9.0
1928,71600,,,,,,,,,,,,,,,,,,,,,,,,,,,,,,W,movement_move_y_axis,,0.0,0.0
1929,71633,,,,,,,,,,,,,,,,,,,,,,,,,,,,,,W,movement_move_y_axis,,0.0,0.0
1930,71667,,,,,,,,,,,,,,,,,,,,,,,,,,,,,,W,movement_move_y_axis|movement_look_x_axis,,1.0,0.0
1931,71700,,,,,,,,,,,,,,,,,,,,,,,,,,,,,,W,movement_move_y_axis,,0.0,0.0
1932,71733,,,,,,,,,,,,,,,,,,,,,,,,,,,,,,W,movement_move_y_axis,,0.0,0.0
1933,71767,,,,,,,,,,,,,,,,,,,,,,,,,,,,,,W,movement_move_y_axis,,0.0,0.0
1934,71800,,,,,,,,,,,,,,,,,,,,,,,,,,,,,,W,movement_move_y_axis|movement_look_x_axis|movement_look_y_axis,,3.0,-2.0
1935,71833,,,,,,,,,,,,,,,,,,,,,,,,,,,,,,W,movement_move_y_axis|movement_look_x_axis|movement_look_y_axis,,3.0,-4.0
1936,71867,,,,,,,,,,,,,,,,,,,,,,,,,,,,,,W,movement_move_y_axis,,0.0,0.0
1937,71900,,,,,,,,,,,,,,,,,,,,,,,,,,,,,,W,movement_move_y_axis,,0.0,0.0
1938,71933,,,,,,,,,,,,,,,,,,,,,,,,,,,,,,W,movement_move_y_axis|movement_look_x_axis,,2.0,0.0
1939,71967,,,,,,,,,,,,,,,,,,,,,,,,,,,,,,W,movement_move_y_axis,,0.0,0.0
1940,72000,,,,,,,,,,,,,,,,,,,,,,,,,,,,,,W,movement_move_y_axis|movement_look_x_axis|movement_look_y_axis,,12.0,-1.0
1941,72133,,,,,,,,,,,,,,,,,,,,,,,,,,,,,,W,movement_move_y_axis|movement_look_x_axis|movement_look_y_axis,,33.0,-7.0
1942,72167,,,,,,,,,,,,,,,,,,,,,,,,,,,,,,W,movement_move_y_axis|movement_look_x_axis|movement_look_y_axis,,9.0,-3.0
1943,72200,,,,,,,,,,,,,,,,,,,,,,,,,,,,,,W,movement_move_y_axis|movement_look_x_axis,,3.0,0.0
1944,72233,,,,,,,,,,,,,,,,,,,,,,,,,,,,,,W,movement_move_y_axis,,0.0,0.0
1945,72267,,,,,,,,,,,,,,,,,,,,,,,,,,,,,,W,movement_move_y_axis,,0.0,0.0
1946,72300,,,,,,,,,,,,,,,,,,,,,,,,,,,,,,W,movement_move_y_axis,,0.0,0.0
1947,72333,,,,,,,,,,,,,,,,,,,,,,,,,,,,,,W,movement_move_y_axis,,0.0,0.0
1948,72367,,,,,,,,,,,,,,,,,,,,,,,,,,,,,,W,movement_move_y_axis|movement_look_x_axis|movement_look_y_axis,,2.0,-1.0
1949,72400,,,,,,,,,,,,,,,,,,,,,,,,,,,,,,W,movement_move_y_axis|movement_look_x_axis|movement_look_y_axis,,4.0,-2.0
1950,72433,,,,,,,,,,,,,,,,,,,,,,,,,,,,,,W,movement_move_y_axis,,0.0,0.0
1951,72467,,,,,,,,,,,,,,,,,,,,,,,,,,,,,,W,movement_move_y_axis,,0.0,0.0
1952,72500,,,,,,,,,,,,,,,,,,,,,,,,,,,,,,W,movement_move_y_axis,,0.0,0.0
1953,72533,,,,,,,,,,,,,,,,,,,,,,,,,,,,,,W,movement_move_y_axis,,0.0,0.0
1954,72600,,,,,,,,,,,,,,,,,,,,,,,,,,,,,,W,movement_move_y_axis,,0.0,0.0
1955,72633,,,,,,,,,,,,,,,,,,,,,,,,,,,,,,W,movement_move_y_axis,,0.0,0.0
1956,72667,,,,,,,,,,,,,,,,,,,,,,,,,,,,,,W,movement_move_y_axis,,0.0,0.0
1957,72700,,,,,,,,,,,,,,,,,,,,,,,,,,,,,,W,movement_move_y_axis,,0.0,0.0
1958,72733,,,,,,,,,,,,,,,,,,,,,,,,,,,,,,W,movement_move_y_axis,,0.0,0.0
1959,72833,,,,,,,,,,,,,,,,,,,,,,,,,,,,,,W,movement_move_y_axis,,0.0,0.0
1960,72867,,,,,,,,,,,,,,,,,,,,,,,,,,,,,,W,movement_move_y_axis,,0.0,0.0
1961,72900,,,,,,,,,,,,,,,,,,,,,,,,,,,,,,W,movement_move_y_axis,,0.0,0.0
1962,72933,,,,,,,,,,,,,,,,,,,,,,,,,,,,,,W,movement_move_y_axis,,0.0,0.0
1963,72967,,,,,,,,,,,,,,,,,,,,,,,,,,,,,,W,movement_move_y_axis,,0.0,0.0
1964,73000,,,,,,,,,,,,,,,,,,,,,,,,,,,,,,W,movement_move_y_axis,,0.0,0.0
1965,73033,,,,,,,,,,,,,,,,,,,,,,,,,,,,,,W,movement_move_y_axis,,0.0,0.0
1966,73067,,,,,,,,,,,,,,,,,,,,,,,,,,,,,,W,movement_move_y_axis|movement_look_x_axis|movement_look_y_axis,,27.0,-12.0
1967,73167,,,,,,,,,,,,,,,,,,,,,,,,,,,,,,W,movement_move_y_axis|movement_look_x_axis|movement_look_y_axis,,8.0,-3.0
1968,73200,,,,,,,,,,,,,,,,,,,,,,,,,,,,,,W,movement_move_y_axis,,0.0,0.0
1969,73233,,,,,,,,,,,,,,,,,,,,,,,,,,,,,,W,movement_move_y_axis,,0.0,0.0
1970,73267,,,,,,,,,,,,,,,,,,,,,,,,,,,,,,W,movement_move_y_axis,,0.0,0.0
1971,73300,,,,,,,,,,,,,,,,,,,,,,,,,,,,,,W,movement_move_y_axis,,0.0,0.0
1972,73367,,,,,,,,,,,,,,,,,,,,,,,,,,,,,,W,movement_move_y_axis,,0.0,0.0
1973,73400,,,,,,,,,,,,,,,,,,,,,,,,,,,,,,W,movement_move_y_axis,,0.0,0.0
1974,73433,,,,,,,,,,,,,,,,,,,,,,,,,,,,,,W,movement_move_y_axis,,0.0,0.0
1975,73467,,,,,,,,,,,,,,,,,,,,,,,,,,,,,,Space|W,movement_move_y_axis|movement_jump,,0.0,0.0
1976,73500,,,,,,,,,,,,,,,,,,,,,,,,,,,,,,Space|W,movement_move_y_axis|movement_jump,,0.0,0.0
1977,73533,,,,,,,,,,,,,,,,,,,,,,,,,,,,,,Space|W,movement_move_y_axis|movement_jump,,0.0,0.0
1978,73567,,,,,,,,,,,,,,,,,,,,,,,,,,,,,,Space|W,movement_move_y_axis|movement_jump,,0.0,0.0
1979,73733,,,,,,,,,,,,,,,,,,,,,,,,,,,,,,W,movement_move_y_axis,,0.0,0.0
1980,73767,,,,,,,,,,,,,,,,,,,,,,,,,,,,,,W,movement_move_y_axis,,0.0,0.0
1981,73800,,,,,,,,,,,,,,,,,,,,,,,,,,,,,,W,movement_move_y_axis,,0.0,0.0
1982,73833,,,,,,,,,,,,,,,,,,,,,,,,,,,,,,W,movement_move_y_axis,,0.0,0.0
1983,73867,,,,,,,,,,,,,,,,,,,,,,,,,,,,,,W,movement_move_y_axis,,0.0,0.0
1984,73933,,,,,,,,,,,,,,,,,,,,,,,,,,,,,,W,movement_move_y_axis,,0.0,0.0
1985,73967,,,,,,,,,,,,,,,,,,,,,,,,,,,,,,W,movement_move_y_axis,,0.0,0.0
1986,74000,,,,,,,,,,,,,,,,,,,,,,,,,,,,,,W,movement_move_y_axis,,0.0,0.0
1987,74100,,,,,,,,,,,,,,,,,,,,,,,,,,,,,,W,movement_move_y_axis,,0.0,0.0
1988,74133,,,,,,,,,,,,,,,,,,,,,,,,,,,,,,W,movement_move_y_axis,,0.0,0.0
1989,74167,,,,,,,,,,,,,,,,,,,,,,,,,,,,,,W,movement_move_y_axis|movement_look_x_axis,,2.0,0.0
1990,74200,,,,,,,,,,,,,,,,,,,,,,,,,,,,,,W,movement_move_y_axis|movement_look_x_axis,,61.0,0.0
1991,74233,,,,,,,,,,,,,,,,,,,,,,,,,,,,,,W,movement_move_y_axis,,0.0,0.0
1992,74267,,,,,,,,,,,,,,,,,,,,,,,,,,,,,,W,movement_move_y_axis,,0.0,0.0
1993,74300,,,,,,,,,,,,,,,,,,,,,,,,,,,,,,W,movement_move_y_axis|movement_look_x_axis|movement_look_y_axis,,17.0,-7.0
1994,74500,,,,,,,,,,,,,,,,,,,,,,,,,,,,,,W,movement_move_y_axis,,0.0,0.0
1995,74533,,,,,,,,,,,,,,,,,,,,,,,,,,,,,,W,movement_move_y_axis,,0.0,0.0
1996,74567,,,,,,,,,,,,,,,,,,,,,,,,,,,,,,W,movement_move_y_axis,,0.0,0.0
1997,74733,,,,,,,,,,,,,,,,,,,,,,,,,,,,,,W,movement_move_y_axis,,0.0,0.0
1998,74767,,,,,,,,,,,,,,,,,,,,,,,,,,,,,,W,movement_move_y_axis,,0.0,0.0
1999,74800,,,,,,,,,,,,,,,,,,,,,,,,,,,,,,Space|W,movement_move_y_axis|movement_jump,,0.0,0.0
2000,74833,,,,,,,,,,,,,,,,,,,,,,,,,,,,,,Space|W,movement_move_y_axis|movement_jump,,0.0,0.0
2001,74867,,,,,,,,,,,,,,,,,,,,,,,,,,,,,,Space|W,movement_move_y_axis|movement_jump,,0.0,0.0
2002,74900,,,,,,,,,,,,,,,,,,,,,,,,,,,,,,Space|W,movement_move_y_axis|movement_jump,,0.0,0.0
2003,74933,,,,,,,,,,,,,,,,,,,,,,,,,,,,,,Space|W,movement_move_y_axis|movement_jump,,0.0,0.0
2004,74967,,,,,,,,,,,,,,,,,,,,,,,,,,,,,,Space|W,movement_move_y_axis|movement_jump,,0.0,0.0
2005,75100,,,,,,,,,,,,,,,,,,,,,,,,,,,,,,Space|W,movement_move_y_axis|movement_jump,,0.0,0.0
2006,75133,,,,,,,,,,,,,,,,,,,,,,,,,,,,,,Space|W,movement_move_y_axis|movement_jump,,0.0,0.0
2007,75167,,,,,,,,,,,,,,,,,,,,,,,,,,,,,,W,movement_move_y_axis,,0.0,0.0
2008,75233,,,,,,,,,,,,,,,,,,,,,,,,,,,,,,W,movement_move_y_axis,,0.0,0.0
2009,75267,,,,,,,,,,,,,,,,,,,,,,,,,,,,,,W,movement_move_y_axis,,0.0,0.0
2010,75433,,,,,,,,,,,,,,,,,,,,,,,,,,,,,,W,movement_move_y_axis,,0.0,0.0
2011,75467,,,,,,,,,,,,,,,,,,,,,,,,,,,,,,W,movement_move_y_axis,,0.0,0.0
2012,75500,,,,,,,,,,,,,,,,,,,,,,,,,,,,,,W,movement_move_y_axis,,0.0,0.0
2013,75533,,,,,,,,,,,,,,,,,,,,,,,,,,,,,,W,movement_move_y_axis,,0.0,0.0
2014,75567,,,,,,,,,,,,,,,,,,,,,,,,,,,,,,W,movement_move_y_axis,,0.0,0.0
2015,75600,,,,,,,,,,,,,,,,,,,,,,,,,,,,,,W,movement_move_y_axis,,0.0,0.0
2016,75633,,,,,,,,,,,,,,,,,,,,,,,,,,,,,,W,movement_move_y_axis,,0.0,0.0
2017,75700,,,,,,,,,,,,,,,,,,,,,,,,,,,,,,W,movement_move_y_axis,,0.0,0.0
2018,75733,,,,,,,,,,,,,,,,,,,,,,,,,,,,,,W,movement_move_y_axis,,0.0,0.0
2019,75767,,,,,,,,,,,,,,,,,,,,,,,,,,,,,,W,movement_move_y_axis,,0.0,0.0
2020,75800,,,,,,,,,,,,,,,,,,,,,,,,,,,,,,W,movement_move_y_axis,,0.0,0.0
2021,75833,,,,,,,,,,,,,,,,,,,,,,,,,,,,,,W,movement_move_y_axis|movement_look_x_axis|movement_look_y_axis,,19.0,-13.0
2022,75867,,,,,,,,,,,,,,,,,,,,,,,,,,,,,,W,movement_move_y_axis,,0.0,0.0
2023,75900,,,,,,,,,,,,,,,,,,,,,,,,,,,,,,W,movement_move_y_axis|movement_look_x_axis|movement_look_y_axis,,17.0,-8.0
2024,75933,,,,,,,,,,,,,,,,,,,,,,,,,,,,,,W,movement_move_y_axis|movement_look_x_axis|movement_look_y_axis,,92.0,-19.0
2025,76067,,,,,,,,,,,,,,,,,,,,,,,,,,,,,,W,movement_move_y_axis|movement_look_x_axis|movement_look_y_axis,,15.0,-3.0
2026,76100,,,,,,,,,,,,,,,,,,,,,,,,,,,,,,W,movement_move_y_axis|movement_look_x_axis|movement_look_y_axis,,26.0,-5.0
2027,76133,,,,,,,,,,,,,,,,,,,,,,,,,,,,,,W,movement_move_y_axis|movement_look_x_axis|movement_look_y_axis,,136.0,-27.0
2028,76167,,,,,,,,,,,,,,,,,,,,,,,,,,,,,,W,movement_move_y_axis,,0.0,0.0
2029,76200,,,,,,,,,,,,,,,,,,,,,,,,,,,,,,W,movement_move_y_axis,,0.0,0.0
2030,76267,,,,,,,,,,,,,,,,,,,,,,,,,,,,,,W,movement_move_y_axis|movement_look_x_axis|movement_look_y_axis,,45.0,-9.0
2031,76300,,,,,,,,,,,,,,,,,,,,,,,,,,,,,,W,movement_move_y_axis|movement_look_x_axis|movement_look_y_axis,,52.0,-11.0
2032,76333,,,,,,,,,,,,,,,,,,,,,,,,,,,,,,W,movement_move_y_axis|movement_look_x_axis|movement_look_y_axis,,22.0,-4.0
2033,76367,,,,,,,,,,,,,,,,,,,,,,,,,,,,,,W,movement_move_y_axis|movement_look_x_axis,,4.0,0.0
2034,76400,,,,,,,,,,,,,,,,,,,,,,,,,,,,,,Space|W,movement_move_y_axis|movement_jump,,0.0,0.0
2035,76433,,,,,,,,,,,,,,,,,,,,,,,,,,,,,,Space|W,movement_move_y_axis|movement_jump,,0.0,0.0
2036,76467,,,,,,,,,,,,,,,,,,,,,,,,,,,,,,Space|W,movement_move_y_axis|movement_jump,,0.0,0.0
2037,76500,,,,,,,,,,,,,,,,,,,,,,,,,,,,,,Space|W,movement_move_y_axis|movement_jump,,0.0,0.0
2038,76700,,,,,,,,,,,,,,,,,,,,,,,,,,,,,,W,movement_move_y_axis,,0.0,0.0
2039,76733,,,,,,,,,,,,,,,,,,,,,,,,,,,,,,W,movement_move_y_axis,,0.0,0.0
2040,76767,,,,,,,,,,,,,,,,,,,,,,,,,,,,,,W,movement_move_y_axis,,0.0,0.0
2041,76800,,,,,,,,,,,,,,,,,,,,,,,,,,,,,,W,movement_move_y_axis,,0.0,0.0
2042,76867,,,,,,,,,,,,,,,,,,,,,,,,,,,,,,W,movement_move_y_axis,,0.0,0.0
2043,76900,,,,,,,,,,,,,,,,,,,,,,,,,,,,,,W,movement_move_y_axis,,0.0,0.0
2044,76933,,,,,,,,,,,,,,,,,,,,,,,,,,,,,,W,movement_move_y_axis,,0.0,0.0
2045,76967,,,,,,,,,,,,,,,,,,,,,,,,,,,,,,W,movement_move_y_axis,,0.0,0.0
2046,77000,,,,,,,,,,,,,,,,,,,,,,,,,,,,,,W,movement_move_y_axis,,0.0,0.0
2047,77033,,,,,,,,,,,,,,,,,,,,,,,,,,,,,,W,movement_move_y_axis,,0.0,0.0
2048,77067,,,,,,,,,,,,,,,,,,,,,,,,,,,,,,W,movement_move_y_axis,,0.0,0.0
2049,77100,,,,,,,,,,,,,,,,,,,,,,,,,,,,,,W,movement_move_y_axis,,0.0,0.0
2050,77133,,,,,,,,,,,,,,,,,,,,,,,,,,,,,,W,movement_move_y_axis,,0.0,0.0
2051,77167,,,,,,,,,,,,,,,,,,,,,,,,,,,,,,W,movement_move_y_axis,,0.0,0.0
2052,77233,,,,,,,,,,,,,,,,,,,,,,,,,,,,,,W,movement_move_y_axis,,0.0,0.0
2053,77367,,,,,,,,,,,,,,,,,,,,,,,,,,,,,,W,movement_move_y_axis,,0.0,0.0
2054,77400,,,,,,,,,,,,,,,,,,,,,,,,,,,,,,W,movement_move_y_axis,,0.0,0.0
2055,77433,,,,,,,,,,,,,,,,,,,,,,,,,,,,,,W,movement_move_y_axis,,0.0,0.0
2056,77467,,,,,,,,,,,,,,,,,,,,,,,,,,,,,,W,movement_move_y_axis,,0.0,0.0
2057,77500,,,,,,,,,,,,,,,,,,,,,,,,,,,,,,W,movement_move_y_axis,,0.0,0.0
2058,77533,,,,,,,,,,,,,,,,,,,,,,,,,,,,,,W,movement_move_y_axis,,0.0,0.0
2059,77567,,,,,,,,,,,,,,,,,,,,,,,,,,,,,,W,movement_move_y_axis,,0.0,0.0
2060,77600,,,,,,,,,,,,,,,,,,,,,,,,,,,,,,W,movement_move_y_axis,,0.0,0.0
2061,77633,,,,,,,,,,,,,,,,,,,,,,,,,,,,,,W,movement_move_y_axis,,0.0,0.0
2062,77700,,,,,,,,,,,,,,,,,,,,,,,,,,,,,,W,movement_move_y_axis,,0.0,0.0
2063,77733,,,,,,,,,,,,,,,,,,,,,,,,,,,,,,Space|W,movement_move_y_axis|movement_jump,,0.0,0.0
2064,77867,,,,,,,,,,,,,,,,,,,,,,,,,,,,,,Space,movement_jump,,0.0,0.0
2065,77900,,,,,,,,,,,,,,,,,,,,,,,,,,,,,,Space,movement_jump,,0.0,0.0
2066,77933,,,,,,,,,,,,,,,,,,,,,,,,,,,,,,Space,movement_jump,,0.0,0.0
2067,77967,,,,,,,,,,,,,,,,,,,,,,,,,,,,,,W,movement_move_y_axis,,0.0,0.0
2068,78000,,,,,,,,,,,,,,,,,,,,,,,,,,,,,,W,movement_move_y_axis,,0.0,0.0
2069,78033,,,,,,,,,,,,,,,,,,,,,,,,,,,,,,W,movement_move_y_axis,,0.0,0.0
2070,78100,,,,,,,,,,,,,,,,,,,,,,,,,,,,,,W,movement_move_y_axis,,0.0,0.0
2071,78133,,,,,,,,,,,,,,,,,,,,,,,,,,,,,,W,movement_move_y_axis,,0.0,0.0
2072,78167,,,,,,,,,,,,,,,,,,,,,,,,,,,,,,W,movement_move_y_axis,,0.0,0.0
2073,78233,,,,,,,,,,,,,,,,,,,,,,,,,,,,,,W,movement_move_y_axis,,0.0,0.0
2074,78267,,,,,,,,,,,,,,,,,,,,,,,,,,,,,,W,movement_move_y_axis,,0.0,0.0
2075,78300,,,,,,,,,,,,,,,,,,,,,,,,,,,,,,W,movement_move_y_axis,,0.0,0.0
2076,78333,,,,,,,,,,,,,,,,,,,,,,,,,,,,,,W,movement_move_y_axis,,0.0,0.0
2077,78367,,,,,,,,,,,,,,,,,,,,,,,,,,,,,,W,movement_move_y_axis,,0.0,0.0
2078,78400,,,,,,,,,,,,,,,,,,,,,,,,,,,,,,W,movement_move_y_axis,,0.0,0.0
2079,78433,,,,,,,,,,,,,,,,,,,,,,,,,,,,,,W,movement_move_y_axis,,0.0,0.0
2080,78467,,,,,,,,,,,,,,,,,,,,,,,,,,,,,,W,movement_move_y_axis,,0.0,0.0
2081,78500,,,,,,,,,,,,,,,,,,,,,,,,,,,,,,W,movement_move_y_axis,,0.0,0.0
2082,78533,,,,,,,,,,,,,,,,,,,,,,,,,,,,,,W,movement_move_y_axis,,0.0,0.0
2083,78567,,,,,,,,,,,,,,,,,,,,,,,,,,,,,,W,movement_move_y_axis,,0.0,0.0
2084,78600,,,,,,,,,,,,,,,,,,,,,,,,,,,,,,W,movement_move_y_axis,,0.0,0.0
2085,78667,,,,,,,,,,,,,,,,,,,,,,,,,,,,,,W,movement_move_y_axis,,0.0,0.0
2086,78700,,,,,,,,,,,,,,,,,,,,,,,,,,,,,,W,movement_move_y_axis,,0.0,0.0
2087,78733,,,,,,,,,,,,,,,,,,,,,,,,,,,,,,W,movement_move_y_axis,,0.0,0.0
2088,78800,,,,,,,,,,,,,,,,,,,,,,,,,,,,,,W,movement_move_y_axis,,0.0,0.0
2089,78833,,,,,,,,,,,,,,,,,,,,,,,,,,,,,,W,movement_move_y_axis,,0.0,0.0
2090,78867,,,,,,,,,,,,,,,,,,,,,,,,,,,,,,W,movement_move_y_axis|movement_look_x_axis|movement_look_y_axis,,-3.0,2.0
2091,78900,,,,,,,,,,,,,,,,,,,,,,,,,,,,,,W,movement_move_y_axis|movement_look_x_axis|movement_look_y_axis,,-5.0,4.0
2092,78933,,,,,,,,,,,,,,,,,,,,,,,,,,,,,,W,movement_move_y_axis|movement_look_x_axis|movement_look_y_axis,,-1.0,1.0
2093,78967,,,,,,,,,,,,,,,,,,,,,,,,,,,,,,W,movement_move_y_axis,,0.0,0.0
2094,79000,,,,,,,,,,,,,,,,,,,,,,,,,,,,,,W,movement_move_y_axis|movement_look_x_axis|movement_look_y_axis,,-14.0,5.0
2095,79067,,,,,,,,,,,,,,,,,,,,,,,,,,,,,,W,movement_move_y_axis|movement_look_x_axis|movement_look_y_axis,,-16.0,6.0
2096,79100,,,,,,,,,,,,,,,,,,,,,,,,,,,,,,W,movement_move_y_axis|movement_look_x_axis|movement_look_y_axis,,-16.0,7.0
2097,79133,,,,,,,,,,,,,,,,,,,,,,,,,,,,,,W,movement_move_y_axis|movement_look_x_axis|movement_look_y_axis,,-8.0,3.0
2098,79167,,,,,,,,,,,,,,,,,,,,,,,,,,,,,,W,movement_move_y_axis|movement_look_x_axis|movement_look_y_axis,,-4.0,2.0
2099,79200,,,,,,,,,,,,,,,,,,,,,,,,,,,,,,W,movement_move_y_axis|movement_look_x_axis|movement_look_y_axis,,-3.0,1.0
2100,79233,,,,,,,,,,,,,,,,,,,,,,,,,,,,,,W,movement_move_y_axis,,0.0,0.0
2101,79267,,,,,,,,,,,,,,,,,,,,,,,,,,,,,,W,movement_move_y_axis,,0.0,0.0
2102,79300,,,,,,,,,,,,,,,,,,,,,,,,,,,,,,W,movement_move_y_axis,,0.0,0.0
2103,79333,,,,,,,,,,,,,,,,,,,,,,,,,,,,,,W,movement_move_y_axis,,0.0,0.0
2104,79367,,,,,,,,,,,,,,,,,,,,,,,,,,,,,,W,movement_move_y_axis,,0.0,0.0
2105,79467,,,,,,,,,,,,,,,,,,,,,,,,,,,,,,W,movement_move_y_axis|movement_look_x_axis,,-2.0,0.0
2106,79500,,,,,,,,,,,,,,,,,,,,,,,,,,,,,,W,movement_move_y_axis|movement_look_x_axis|movement_look_y_axis,,-7.0,2.0
2107,79533,,,,,,,,,,,,,,,,,,,,,,,,,,,,,,W,movement_move_y_axis|movement_look_x_axis|movement_look_y_axis,,-8.0,1.0
2108,79567,,,,,,,,,,,,,,,,,,,,,,,,,,,,,,W,movement_move_y_axis|movement_look_x_axis|movement_look_y_axis,,-18.0,6.0
2109,79600,,,,,,,,,,,,,,,,,,,,,,,,,,,,,,W,movement_move_y_axis,,0.0,0.0
2110,79633,,,,,,,,,,,,,,,,,,,,,,,,,,,,,,W,movement_move_y_axis,,0.0,0.0
2111,79667,,,,,,,,,,,,,,,,,,,,,,,,,,,,,,W,movement_move_y_axis|movement_look_x_axis|movement_look_y_axis,,-1.0,1.0
2112,79700,,,,,,,,,,,,,,,,,,,,,,,,,,,,,,W,movement_move_y_axis,,0.0,0.0
2113,79733,,,,,,,,,,,,,,,,,,,,,,,,,,,,,,W,movement_move_y_axis,,0.0,0.0
2114,79767,,,,,,,,,,,,,,,,,,,,,,,,,,,,,,W,movement_move_y_axis,,0.0,0.0
2115,79833,,,,,,,,,,,,,,,,,,,,,,,,,,,,,,W,movement_move_y_axis,,0.0,0.0
2116,79867,,,,,,,,,,,,,,,,,,,,,,,,,,,,,,W,movement_move_y_axis|movement_look_x_axis|movement_look_y_axis,,-1.0,1.0
2117,79900,,,,,,,,,,,,,,,,,,,,,,,,,,,,,,W,movement_move_y_axis|movement_look_x_axis,,-3.0,0.0
2118,79933,,,,,,,,,,,,,,,,,,,,,,,,,,,,,,W,movement_move_y_axis|movement_look_x_axis|movement_look_y_axis,,-14.0,1.0
2119,80033,,,,,,,,,,,,,,,,,,,,,,,,,,,,,,W,movement_move_y_axis,,0.0,0.0
2120,80067,,,,,,,,,,,,,,,,,,,,,,,,,,,,,,W,movement_move_y_axis,,0.0,0.0
2121,80100,,,,,,,,,,,,,,,,,,,,,,,,,,,,,,W,movement_move_y_axis,,0.0,0.0
2122,80133,,,,,,,,,,,,,,,,,,,,,,,,,,,,,,W,movement_move_y_axis,,0.0,0.0
2123,80167,,,,,,,,,,,,,,,,,,,,,,,,,,,,,,W,movement_move_y_axis,,0.0,0.0
2124,80200,,,,,,,,,,,,,,,,,,,,,,,,,,,,,,W,movement_move_y_axis,,0.0,0.0
2125,80233,,,,,,,,,,,,,,,,,,,,,,,,,,,,,,W,movement_move_y_axis,,0.0,0.0
2126,80267,,,,,,,,,,,,,,,,,,,,,,,,,,,,,,W,movement_move_y_axis,,0.0,0.0
2127,80300,,,,,,,,,,,,,,,,,,,,,,,,,,,,,,W,movement_move_y_axis,,0.0,0.0
2128,80333,,,,,,,,,,,,,,,,,,,,,,,,,,,,,,W,movement_move_y_axis,,0.0,0.0
2129,80367,,,,,,,,,,,,,,,,,,,,,,,,,,,,,,W,movement_move_y_axis,,0.0,0.0
2130,80400,,,,,,,,,,,,,,,,,,,,,,,,,,,,,,W,movement_move_y_axis,,0.0,0.0
2131,80533,,,,,,,,,,,,,,,,,,,,,,,,,,,,,,W,movement_move_y_axis,,0.0,0.0
2132,80567,,,,,,,,,,,,,,,,,,,,,,,,,,,,,,W,movement_move_y_axis,,0.0,0.0
2133,80600,,,,,,,,,,,,,,,,,,,,,,,,,,,,,,W,movement_move_y_axis,,0.0,0.0
2134,80633,,,,,,,,,,,,,,,,,,,,,,,,,,,,,,W,movement_move_y_axis,,0.0,0.0
2135,80667,,,,,,,,,,,,,,,,,,,,,,,,,,,,,,W,movement_move_y_axis,,0.0,0.0
2136,80700,,,,,,,,,,,,,,,,,,,,,,,,,,,,,,W,movement_move_y_axis,,0.0,0.0
2137,80733,,,,,,,,,,,,,,,,,,,,,,,,,,,,,,W,movement_move_y_axis,,0.0,0.0
2138,80800,,,,,,,,,,,,,,,,,,,,,,,,,,,,,,W,movement_move_y_axis,,0.0,0.0
2139,80833,,,,,,,,,,,,,,,,,,,,,,,,,,,,,,W,movement_move_y_axis,,0.0,0.0
2140,80867,,,,,,,,,,,,,,,,,,,,,,,,,,,,,,W,movement_move_y_axis,,0.0,0.0
2141,80900,,,,,,,,,,,,,,,,,,,,,,,,,,,,,,W,movement_move_y_axis,,0.0,0.0
2142,80933,,,,,,,,,,,,,,,,,,,,,,,,,,,,,,W,movement_move_y_axis,,0.0,0.0
2143,80967,,,,,,,,,,,,,,,,,,,,,,,,,,,,,,W,movement_move_y_axis,,0.0,0.0
2144,81167,,,,,,,,,,,,,,,,,,,,,,,,,,,,,,W,movement_move_y_axis,,0.0,0.0
2145,81200,,,,,,,,,,,,,,,,,,,,,,,,,,,,,,W,movement_move_y_axis,,0.0,0.0
2146,81233,,,,,,,,,,,,,,,,,,,,,,,,,,,,,,W,movement_move_y_axis,,0.0,0.0
2147,81267,,,,,,,,,,,,,,,,,,,,,,,,,,,,,,W,movement_move_y_axis,,0.0,0.0
2148,81300,,,,,,,,,,,,,,,,,,,,,,,,,,,,,,W,movement_move_y_axis,,0.0,0.0
2149,81367,,,,,,,,,,,,,,,,,,,,,,,,,,,,,,W,movement_move_y_axis,,0.0,0.0
2150,81400,,,,,,,,,,,,,,,,,,,,,,,,,,,,,,,,,0.0,0.0
2151,81433,,,,,,,,,,,,,,,,,,,,,,,,,,,,,,,,,0.0,0.0
2152,81467,,,,,,,,,,,,,,,,,,,,,,,,,,,,,,,,,0.0,0.0
2153,81533,,,,,,,,,,,,,,,,,,,,,,,,,,,,,,W,movement_move_y_axis,,0.0,0.0
2154,81567,,,,,,,,,,,,,,,,,,,,,,,,,,,,,,W,movement_move_y_axis,,0.0,0.0
2155,81600,,,,,,,,,,,,,,,,,,,,,,,,,,,,,,W,movement_move_y_axis,,0.0,0.0
2156,81667,,,,,,,,,,,,,,,,,,,,,,,,,,,,,,W,movement_move_y_axis,,0.0,0.0
2157,81700,,,,,,,,,,,,,,,,,,,,,,,,,,,,,,W,movement_move_y_axis,,0.0,0.0
2158,81733,,,,,,,,,,,,,,,,,,,,,,,,,,,,,,W,movement_move_y_axis,,0.0,0.0
2159,81767,,,,,,,,,,,,,,,,,,,,,,,,,,,,,,,,,0.0,0.0
2160,81800,,,,,,,,,,,,,,,,,,,,,,,,,,,,,,,,,0.0,0.0
2161,81833,,,,,,,,,,,,,,,,,,,,,,,,,,,,,,,,,0.0,0.0
2162,81867,,,,,,,,,,,,,,,,,,,,,,,,,,,,,,,,,0.0,0.0
2163,81900,,,,,,,,,,,,,,,,,,,,,,,,,,,,,,,,,0.0,0.0
2164,81933,,,,,,,,,,,,,,,,,,,,,,,,,,,,,,,,,0.0,0.0
2165,81967,,,,,,,,,,,,,,,,,,,,,,,,,,,,,,,,,0.0,0.0
2166,82000,,,,,,,,,,,,,,,,,,,,,,,,,,,,,,,,,0.0,0.0
2167,82033,,,,,,,,,,,,,,,,,,,,,,,,,,,,,,,,,0.0,0.0
2168,82100,,,,,,,,,,,,,,,,,,,,,,,,,,,,,,,,,0.0,0.0
2169,82133,,,,,,,,,,,,,,,,,,,,,,,,,,,,,,,movement_look_x_axis|movement_look_y_axis,,-5.0,-5.0
2170,82167,,,,,,,,,,,,,,,,,,,,,,,,,,,,,,,movement_look_x_axis|movement_look_y_axis,,-4.0,-5.0
2171,82200,,,,,,,,,,,,,,,,,,,,,,,,,,,,,,,movement_look_y_axis,,0.0,-1.0
2172,82233,,,,,,,,,,,,,,,,,,,,,,,,,,,,,,,,,0.0,0.0
2173,82267,,,,,,,,,,,,,,,,,,,,,,,,,,,,,,,,,0.0,0.0
2174,82300,,,,,,,,,,,,,,,,,,,,,,,,,,,,,,,,,0.0,0.0
2175,82333,,,,,,,,,,,,,,,,,,,,,,,,,,,,,,,,,0.0,0.0
2176,82367,,,,,,,,,,,,,,,,,,,,,,,,,,,,,,,,,0.0,0.0
2177,82467,,,,,,,,,,,,,,,,,,,,,,,,,,,,,,,,,0.0,0.0
2178,82500,,,,,,,,,,,,,,,,,,,,,,,,,,,,,,,,,0.0,0.0
2179,82533,,,,,,,,,,,,,,,,,,,,,,,,,,,,,,,,,0.0,0.0
2180,82567,,,,,,,,,,,,,,,,,,,,,,,,,,,,,,,,,0.0,0.0
2181,82600,,,,,,,,,,,,,,,,,,,,,,,,,,,,,,,,,0.0,0.0
2182,82633,,,,,,,,,,,,,,,,,,,,,,,,,,,,,,,,,0.0,0.0
2183,82667,,,,,,,,,,,,,,,,,,,,,,,,,,,,,,,,,0.0,0.0
2184,82733,,,,,,,,,,,,,,,,,,,,,,,,,,,,,,,,,0.0,0.0
2185,82767,,,,,,,,,,,,,,,,,,,,,,,,,,,,,,,,,0.0,0.0
2186,82800,,,,,,,,,,,,,,,,,,,,,,,,,,,,,,,,,0.0,0.0
2187,82833,,,,,,,,,,,,,,,,,,,,,,,,,,,,,,,,,0.0,0.0
2188,83067,,,,,,,,,,,,,,,,,,,,,,,,,,,,,,,,,0.0,0.0
2189,83100,,,,,,,,,,,,,,,,,,,,,,,,,,,,,,,,,0.0,0.0
2190,83133,,,,,,,,,,,,,,,,,,,,,,,,,,,,,,,,,0.0,0.0
2191,83167,,,,,,,,,,,,,,,,,,,,,,,,,,,,,,,,,0.0,0.0
2192,83200,,,,,,,,,,,,,,,,,,,,,,,,,,,,,,,,,0.0,0.0
2193,83233,,,,,,,,,,,,,,,,,,,,,,,,,,,,,,,,,0.0,0.0
2194,83267,,,,,,,,,,,,,,,,,,,,,,,,,,,,,,,,,0.0,0.0
2195,83300,,,,,,,,,,,,,,,,,,,,,,,,,,,,,,,,,0.0,0.0
2196,83333,,,,,,,,,,,,,,,,,,,,,,,,,,,,,,,,,0.0,0.0
2197,83367,,,,,,,,,,,,,,,,,,,,,,,,,,,,,,,,,0.0,0.0
2198,83433,,,,,,,,,,,,,,,,,,,,,,,,,,,,,,,,,0.0,0.0
2199,83467,,,,,,,,,,,,,,,,,,,,,,,,,,,,,,,,,0.0,0.0
2200,83500,,,,,,,,,,,,,,,,,,,,,,,,,,,,,,,,,0.0,0.0
2201,83533,,,,,,,,,,,,,,,,,,,,,,,,,,,,,,,,,0.0,0.0
2202,83567,,,,,,,,,,,,,,,,,,,,,,,,,,,,,,,,,0.0,0.0
2203,83600,,,,,,,,,,,,,,,,,,,,,,,,,,,,,,,,,0.0,0.0
2204,83633,,,,,,,,,,,,,,,,,,,,,,,,,,,,,,,,,0.0,0.0
2205,83667,,,,,,,,,,,,,,,,,,,,,,,,,,,,,,,,,0.0,0.0
2206,83700,,,,,,,,,,,,,,,,,,,,,,,,,,,,,,,,,0.0,0.0
2207,83733,,,,,,,,,,,,,,,,,,,,,,,,,,,,,,,,,0.0,0.0
2208,83767,,,,,,,,,,,,,,,,,,,,,,,,,,,,,,,,,0.0,0.0
2209,83800,,,,,,,,,,,,,,,,,,,,,,,,,,,,,,,,,0.0,0.0
2210,83833,,,,,,,,,,,,,,,,,,,,,,,,,,,,,,,,,0.0,0.0
2211,83867,,,,,,,,,,,,,,,,,,,,,,,,,,,,,,,,,0.0,0.0
2212,83900,,,,,,,,,,,,,,,,,,,,,,,,,,,,,,,,,0.0,0.0
2213,83933,,,,,,,,,,,,,,,,,,,,,,,,,,,,,,,,,0.0,0.0
2214,83967,,,,,,,,,,,,,,,,,,,,,,,,,,,,,,,,,0.0,0.0
2215,84000,,,,,,,,,,,,,,,,,,,,,,,,,,,,,,,,,0.0,0.0
2216,84067,,,,,,,,,,,,,,,,,,,,,,,,,,,,,,,,,0.0,0.0
2217,84100,,,,,,,,,,,,,,,,,,,,,,,,,,,,,,,,,0.0,0.0
2218,84133,,,,,,,,,,,,,,,,,,,,,,,,,,,,,,,,,0.0,0.0
2219,84167,,,,,,,,,,,,,,,,,,,,,,,,,,,,,,,,,0.0,0.0
2220,84200,,,,,,,,,,,,,,,,,,,,,,,,,,,,,,,,,0.0,0.0
2221,84233,,,,,,,,,,,,,,,,,,,,,,,,,,,,,,,,,0.0,0.0
2222,84267,,,,,,,,,,,,,,,,,,,,,,,,,,,,,,,,,0.0,0.0
2223,84300,,,,,,,,,,,,,,,,,,,,,,,,,,,,,,,,,0.0,0.0
2224,84333,,,,,,,,,,,,,,,,,,,,,,,,,,,,,,,,,0.0,0.0
2225,84367,,,,,,,,,,,,,,,,,,,,,,,,,,,,,,,,,0.0,0.0
2226,84400,,,,,,,,,,,,,,,,,,,,,,,,,,,,,,,,,0.0,0.0
2227,84433,,,,,,,,,,,,,,,,,,,,,,,,,,,,,,,,,0.0,0.0
2228,84467,,,,,,,,,,,,,,,,,,,,,,,,,,,,,,,,,0.0,0.0
2229,84500,,,,,,,,,,,,,,,,,,,,,,,,,,,,,,,,,0.0,0.0
2230,84533,,,,,,,,,,,,,,,,,,,,,,,,,,,,,,,,,0.0,0.0
2231,84567,,,,,,,,,,,,,,,,,,,,,,,,,,,,,,,,,0.0,0.0
2232,84600,,,,,,,,,,,,,,,,,,,,,,,,,,,,,,,,,0.0,0.0
2233,84633,,,,,,,,,,,,,,,,,,,,,,,,,,,,,,,,,0.0,0.0
2234,84667,,,,,,,,,,,,,,,,,,,,,,,,,,,,,,,,,0.0,0.0
2235,84700,,,,,,,,,,,,,,,,,,,,,,,,,,,,,,,,,0.0,0.0
2236,84733,,,,,,,,,,,,,,,,,,,,,,,,,,,,,,,,,0.0,0.0
2237,84767,,,,,,,,,,,,,,,,,,,,,,,,,,,,,,,,,0.0,0.0
2238,84800,,,,,,,,,,,,,,,,,,,,,,,,,,,,,,,,,0.0,0.0
2239,84833,,,,,,,,,,,,,,,,,,,,,,,,,,,,,,,movement_look_x_axis|movement_look_y_axis,,9.0,1.0
2240,84867,,,,,,,,,,,,,,,,,,,,,,,,,,,,,,,movement_look_x_axis|movement_look_y_axis,,19.0,8.0
2241,84900,,,,,,,,,,,,,,,,,,,,,,,,,,,,,,W,movement_move_y_axis|movement_look_x_axis|movement_look_y_axis,,19.0,7.0
2242,84933,,,,,,,,,,,,,,,,,,,,,,,,,,,,,,W,movement_move_y_axis|movement_look_x_axis|movement_look_y_axis,,10.0,4.0
2243,84967,,,,,,,,,,,,,,,,,,,,,,,,,,,,,,W,movement_move_y_axis|movement_look_x_axis|movement_look_y_axis,,2.0,-1.0
2244,85033,,,,,,,,,,,,,,,,,,,,,,,,,,,,,,W,movement_move_y_axis|movement_look_x_axis|movement_look_y_axis,,9.0,-4.0
2245,85067,,,,,,,,,,,,,,,,,,,,,,,,,,,,,,W,movement_move_y_axis|movement_look_x_axis|movement_look_y_axis,,12.0,-4.0
2246,85100,,,,,,,,,,,,,,,,,,,,,,,,,,,,,,W,movement_move_y_axis|movement_look_x_axis|movement_look_y_axis,,22.0,3.0
2247,85133,,,,,,,,,,,,,,,,,,,,,,,,,,,,,,W,movement_move_y_axis|movement_look_x_axis|movement_look_y_axis,,20.0,8.0
2248,85167,,,,,,,,,,,,,,,,,,,,,,,,,,,,,,W,movement_move_y_axis|movement_look_x_axis|movement_look_y_axis,,29.0,12.0
2249,85200,,,,,,,,,,,,,,,,,,,,,,,,,,,,,,W,movement_move_y_axis,,0.0,0.0
2250,85233,,,,,,,,,,,,,,,,,,,,,,,,,,,,,,W,movement_move_y_axis,,0.0,0.0
2251,85267,,,,,,,,,,,,,,,,,,,,,,,,,,,,,,W,movement_move_y_axis,,0.0,0.0
2252,85300,,,,,,,,,,,,,,,,,,,,,,,,,,,,,,W,movement_move_y_axis|movement_look_x_axis|movement_look_y_axis,,1.0,1.0
2253,85333,,,,,,,,,,,,,,,,,,,,,,,,,,,,,,W,movement_move_y_axis|movement_look_x_axis|movement_look_y_axis,,1.0,1.0
2254,85367,,,,,,,,,,,,,,,,,,,,,,,,,,,,,,W,movement_move_y_axis|movement_look_x_axis|movement_look_y_axis,,21.0,1.0
2255,85433,,,,,,,,,,,,,,,,,,,,,,,,,,,,,,W,movement_move_y_axis|movement_look_x_axis,,41.0,0.0
2256,85467,,,,,,,,,,,,,,,,,,,,,,,,,,,,,,W,movement_move_y_axis|movement_look_x_axis,,45.0,0.0
2257,85500,,,,,,,,,,,,,,,,,,,,,,,,,,,,,,,movement_look_x_axis,,30.0,0.0
2258,85533,,,,,,,,,,,,,,,,,,,,,,,,,,,,,,,movement_look_x_axis,,2.0,0.0
2259,85567,,,,,,,,,,,,,,,,,,,,,,,,,,,,,,,movement_look_x_axis|movement_look_y_axis,,11.0,-7.0
2260,85600,,,,,,,,,,,,,,,,,,,,,,,,,,,,,,,,,0.0,0.0
2261,85633,,,,,,,,,,,,,,,,,,,,,,,,,,,,,,,movement_look_x_axis|movement_look_y_axis,,2.0,-2.0
2262,85667,,,,,,,,,,,,,,,,,,,,,,,,,,,,,,,movement_look_x_axis|movement_look_y_axis,,7.0,-5.0
2263,85700,,,,,,,,,,,,,,,,,,,,,,,,,,,,,,,movement_look_x_axis|movement_look_y_axis,,23.0,-9.0
2264,85733,,,,,,,,,,,,,,,,,,,,,,,,,,,,,,,movement_look_x_axis|movement_look_y_axis,,8.0,-1.0
2265,85767,,,,,,,,,,,,,,,,,,,,,,,,,,,,,,,,,0.0,0.0
2266,85800,,,,,,,,,,,,,,,,,,,,,,,,,,,,,,,,,0.0,0.0
2267,85833,,,,,,,,,,,,,,,,,,,,,,,,,,,,,,,,,0.0,0.0
2268,85867,,,,,,,,,,,,,,,,,,,,,,,,,,,,,,,,,0.0,0.0
2269,85900,,,,,,,,,,,,,,,,,,,,,,,,,,,,,,,,,0.0,0.0
2270,85933,,,,,,,,,,,,,,,,,,,,,,,,,,,,,,,,,0.0,0.0
2271,85967,,,,,,,,,,,,,,,,,,,,,,,,,,,,,,,,,0.0,0.0
2272,86000,,,,,,,,,,,,,,,,,,,,,,,,,,,,,,,,,0.0,0.0
2273,86033,,,,,,,,,,,,,,,,,,,,,,,,,,,,,,,,,0.0,0.0
2274,86067,,,,,,,,,,,,,,,,,,,,,,,,,,,,,,,movement_look_x_axis|movement_look_y_axis,,-2.0,-3.0
2275,86133,,,,,,,,,,,,,,,,,,,,,,,,,,,,,,,,,0.0,0.0
2276,86167,,,,,,,,,,,,,,,,,,,,,,,,,,,,,,,movement_look_x_axis,,-1.0,0.0
2277,86200,,,,,,,,,,,,,,,,,,,,,,,,,,,,,,,,,0.0,0.0
2278,86233,,,,,,,,,,,,,,,,,,,,,,,,,,,,,,,,,0.0,0.0
2279,86267,,,,,,,,,,,,,,,,,,,,,,,,,,,,,,,movement_look_x_axis|movement_look_y_axis,,-6.0,-3.0
2280,86300,,,,,,,,,,,,,,,,,,,,,,,,,,,,,,,,,0.0,0.0
2281,86333,,,,,,,,,,,,,,,,,,,,,,,,,,,,,,,,,0.0,0.0
2282,86367,,,,,,,,,,,,,,,,,,,,,,,,,,,,,,,,,0.0,0.0
2283,86400,,,,,,,,,,,,,,,,,,,,,,,,,,,,,,,movement_look_x_axis|movement_look_y_axis,,-1.0,-3.0
2284,86433,,,,,,,,,,,,,,,,,,,,,,,,,,,,,,,movement_look_x_axis|movement_look_y_axis,,-3.0,-16.0
2285,86467,,,,,,,,,,,,,,,,,,,,,,,,,,,,,,,movement_look_x_axis|movement_look_y_axis,,-8.0,-4.0
2286,86500,,,,,,,,,,,,,,,,,,,,,,,,,,,,,,,,,0.0,0.0
2287,86533,,,,,,,,,,,,,,,,,,,,,,,,,,,,,,,,,0.0,0.0
2288,86567,,,,,,,,,,,,,,,,,,,,,,,,,,,,,,,,,0.0,0.0
2289,86600,,,,,,,,,,,,,,,,,,,,,,,,,,,,,,,,,0.0,0.0
2290,86633,,,,,,,,,,,,,,,,,,,,,,,,,,,,,,,,,0.0,0.0
2291,86667,,,,,,,,,,,,,,,,,,,,,,,,,,,,,,,,,0.0,0.0
2292,86700,,,,,,,,,,,,,,,,,,,,,,,,,,,,,,,,,0.0,0.0
2293,86733,,,,,,,,,,,,,,,,,,,,,,,,,,,,,,,,,0.0,0.0
2294,86767,,,,,,,,,,,,,,,,,,,,,,,,,,,,,,,,,0.0,0.0
2295,86800,,,,,,,,,,,,,,,,,,,,,,,,,,,,,,,,,0.0,0.0
2296,86833,,,,,,,,,,,,,,,,,,,,,,,,,,,,,,,movement_look_x_axis|movement_look_y_axis,,-17.0,-2.0
2297,86867,,,,,,,,,,,,,,,,,,,,,,,,,,,,,,,movement_look_x_axis|movement_look_y_axis,,-11.0,-6.0
2298,86933,,,,,,,,,,,,,,,,,,,,,,,,,,,,,,,,,0.0,0.0
2299,87000,,,,,,,,,,,,,,,,,,,,,,,,,,,,,,,,,0.0,0.0
2300,87033,,,,,,,,,,,,,,,,,,,,,,,,,,,,,,,,,0.0,0.0
2301,87067,,,,,,,,,,,,,,,,,,,,,,,,,,,,,,,,,0.0,0.0
2302,87100,,,,,,,,,,,,,,,,,,,,,,,,,,,,,,,,,0.0,0.0
2303,87133,,,,,,,,,,,,,,,,,,,,,,,,,,,,,,,,,0.0,0.0
2304,87167,,,,,,,,,,,,,,,,,,,,,,,,,,,,,,,,,0.0,0.0
2305,87200,,,,,,,,,,,,,,,,,,,,,,,,,,,,,,,,,0.0,0.0
2306,87233,,,,,,,,,,,,,,,,,,,,,,,,,,,,,,,,,0.0,0.0
2307,87267,,,,,,,,,,,,,,,,,,,,,,,,,,,,,,,,,0.0,0.0
2308,87300,,,,,,,,,,,,,,,,,,,,,,,,,,,,,,W,movement_move_y_axis,,0.0,0.0
2309,87333,,,,,,,,,,,,,,,,,,,,,,,,,,,,,,W,movement_move_y_axis,,0.0,0.0
2310,87367,,,,,,,,,,,,,,,,,,,,,,,,,,,,,,W,movement_move_y_axis,,0.0,0.0
2311,87400,,,,,,,,,,,,,,,,,,,,,,,,,,,,,,W,movement_move_y_axis,,0.0,0.0
2312,87433,,,,,,,,,,,,,,,,,,,,,,,,,,,,,,W,movement_move_y_axis,,0.0,0.0
2313,87467,,,,,,,,,,,,,,,,,,,,,,,,,,,,,,W,movement_move_y_axis,,0.0,0.0
2314,87500,,,,,,,,,,,,,,,,,,,,,,,,,,,,,,W,movement_move_y_axis,,0.0,0.0
2315,87567,,,,,,,,,,,,,,,,,,,,,,,,,,,,,,W,movement_move_y_axis,,0.0,0.0
2316,87600,,,,,,,,,,,,,,,,,,,,,,,,,,,,,,W,movement_move_y_axis,,0.0,0.0
2317,87633,,,,,,,,,,,,,,,,,,,,,,,,,,,,,,W,movement_move_y_axis,,0.0,0.0
2318,87667,,,,,,,,,,,,,,,,,,,,,,,,,,,,,,W,movement_move_y_axis,,0.0,0.0
2319,87700,,,,,,,,,,,,,,,,,,,,,,,,,,,,,,W,movement_move_y_axis,,0.0,0.0
2320,87733,,,,,,,,,,,,,,,,,,,,,,,,,,,,,,W,movement_move_y_axis,,0.0,0.0
2321,87767,,,,,,,,,,,,,,,,,,,,,,,,,,,,,,W,movement_move_y_axis,,0.0,0.0
2322,87800,,,,,,,,,,,,,,,,,,,,,,,,,,,,,,W,movement_move_y_axis,,0.0,0.0
2323,87833,,,,,,,,,,,,,,,,,,,,,,,,,,,,,,W,movement_move_y_axis,,0.0,0.0
2324,87867,,,,,,,,,,,,,,,,,,,,,,,,,,,,,,W,movement_move_y_axis,,0.0,0.0
2325,87933,,,,,,,,,,,,,,,,,,,,,,,,,,,,,,W,movement_move_y_axis,,0.0,0.0
2326,87967,,,,,,,,,,,,,,,,,,,,,,,,,,,,,,W,movement_move_y_axis,,0.0,0.0
2327,88000,,,,,,,,,,,,,,,,,,,,,,,,,,,,,,W,movement_move_y_axis,,0.0,0.0
2328,88033,,,,,,,,,,,,,,,,,,,,,,,,,,,,,,W,movement_move_y_axis,,0.0,0.0
2329,88067,,,,,,,,,,,,,,,,,,,,,,,,,,,,,,W,movement_move_y_axis|movement_look_x_axis|movement_look_y_axis,,1.0,-1.0
2330,88100,,,,,,,,,,,,,,,,,,,,,,,,,,,,,,W,movement_move_y_axis|movement_look_x_axis,,5.0,0.0
2331,88167,,,,,,,,,,,,,,,,,,,,,,,,,,,,,,W,movement_move_y_axis|movement_look_x_axis|movement_look_y_axis,,12.0,1.0
2332,88200,,,,,,,,,,,,,,,,,,,,,,,,,,,,,,W,movement_move_y_axis|movement_look_x_axis|movement_look_y_axis,,14.0,6.0
2333,88233,,,,,,,,,,,,,,,,,,,,,,,,,,,,,,W,movement_move_y_axis|movement_look_x_axis|movement_look_y_axis,,16.0,6.0
2334,88267,,,,,,,,,,,,,,,,,,,,,,,,,,,,,,W,movement_move_y_axis|movement_look_x_axis|movement_look_y_axis,,8.0,5.0
2335,88300,,,,,,,,,,,,,,,,,,,,,,,,,,,,,,W,movement_move_y_axis|movement_look_x_axis|movement_look_y_axis,,12.0,5.0
2336,88333,,,,,,,,,,,,,,,,,,,,,,,,,,,,,,W,movement_move_y_axis,,0.0,0.0
2337,88400,,,,,,,,,,,,,,,,,,,,,,,,,,,,,,W,movement_move_y_axis,,0.0,0.0
2338,88433,,,,,,,,,,,,,,,,,,,,,,,,,,,,,,W,movement_move_y_axis,,0.0,0.0
2339,88467,,,,,,,,,,,,,,,,,,,,,,,,,,,,,,W,movement_move_y_axis,,0.0,0.0
2340,88500,,,,,,,,,,,,,,,,,,,,,,,,,,,,,,W,movement_move_y_axis,,0.0,0.0
2341,88567,,,,,,,,,,,,,,,,,,,,,,,,,,,,,,W,movement_move_y_axis,,0.0,0.0
2342,88600,,,,,,,,,,,,,,,,,,,,,,,,,,,,,,W,movement_move_y_axis,,0.0,0.0
2343,88633,,,,,,,,,,,,,,,,,,,,,,,,,,,,,,W,movement_move_y_axis,,0.0,0.0
2344,88667,,,,,,,,,,,,,,,,,,,,,,,,,,,,,,W,movement_move_y_axis,,0.0,0.0
2345,88700,,,,,,,,,,,,,,,,,,,,,,,,,,,,,,W,movement_move_y_axis,,0.0,0.0
2346,88733,,,,,,,,,,,,,,,,,,,,,,,,,,,,,,W,movement_move_y_axis,,0.0,0.0
2347,88767,,,,,,,,,,,,,,,,,,,,,,,,,,,,,,W,movement_move_y_axis,,0.0,0.0
2348,88800,,,,,,,,,,,,,,,,,,,,,,,,,,,,,,,,,0.0,0.0
2349,88833,,,,,,,,,,,,,,,,,,,,,,,,,,,,,,,,,0.0,0.0
2350,88867,,,,,,,,,,,,,,,,,,,,,,,,,,,,,,,,,0.0,0.0
2351,88900,,,,,,,,,,,,,,,,,,,,,,,,,,,,,,,,,0.0,0.0
2352,88933,,,,,,,,,,,,,,,,,,,,,,,,,,,,,,,,,0.0,0.0
2353,88967,,,,,,,,,,,,,,,,,,,,,,,,,,,,,,,,,0.0,0.0
2354,89000,,,,,,,,,,,,,,,,,,,,,,,,,,,,,,,,,0.0,0.0
2355,89033,,,,,,,,,,,,,,,,,,,,,,,,,,,,,,,,,0.0,0.0
2356,89067,,,,,,,,,,,,,,,,,,,,,,,,,,,,,,,,,0.0,0.0
2357,89100,,,,,,,,,,,,,,,,,,,,,,,,,,,,,,,,,0.0,0.0
2358,89133,,,,,,,,,,,,,,,,,,,,,,,,,,,,,,,,,0.0,0.0
2359,89167,,,,,,,,,,,,,,,,,,,,,,,,,,,,,,,,,0.0,0.0
2360,89200,,,,,,,,,,,,,,,,,,,,,,,,,,,,,,,,,0.0,0.0
2361,89267,,,,,,,,,,,,,,,,,,,,,,,,,,,,,,W,movement_move_y_axis,,0.0,0.0
2362,89300,,,,,,,,,,,,,,,,,,,,,,,,,,,,,,W,movement_move_y_axis,,0.0,0.0
2363,89333,,,,,,,,,,,,,,,,,,,,,,,,,,,,,,W,movement_move_y_axis,,0.0,0.0
2364,89367,,,,,,,,,,,,,,,,,,,,,,,,,,,,,,W,movement_move_y_axis,,0.0,0.0
2365,89400,,,,,,,,,,,,,,,,,,,,,,,,,,,,,,W,movement_move_y_axis|movement_look_x_axis|movement_look_y_axis,,-42.0,25.0
2366,89433,,,,,,,,,,,,,,,,,,,,,,,,,,,,,,W,movement_move_y_axis,,0.0,0.0
2367,89467,,,,,,,,,,,,,,,,,,,,,,,,,,,,,,W,movement_move_y_axis|movement_look_x_axis|movement_look_y_axis,,-28.0,23.0
2368,89500,,,,,,,,,,,,,,,,,,,,,,,,,,,,,,W,movement_move_y_axis|movement_look_x_axis|movement_look_y_axis,,-14.0,10.0
2369,89533,,,,,,,,,,,,,,,,,,,,,,,,,,,,,,W,movement_move_y_axis,,0.0,0.0
2370,89567,,,,,,,,,,,,,,,,,,,,,,,,,,,,,,W,movement_move_y_axis,,0.0,0.0
2371,89600,,,,,,,,,,,,,,,,,,,,,,,,,,,,,,W,movement_move_y_axis,,0.0,0.0
2372,89633,,,,,,,,,,,,,,,,,,,,,,,,,,,,,,W,movement_move_y_axis,,0.0,0.0
2373,89667,,,,,,,,,,,,,,,,,,,,,,,,,,,,,,,movement_look_x_axis|movement_look_y_axis,,-23.0,18.0
2374,89733,,,,,,,,,,,,,,,,,,,,,,,,,,,,,,,movement_look_x_axis|movement_look_y_axis,,-34.0,21.0
2375,89767,,,,,,,,,,,,,,,,,,,,,,,,,,,,,,,movement_look_x_axis|movement_look_y_axis,,-28.0,16.0
2376,89800,,,,,,,,,,,,,,,,,,,,,,,,,,,,,,,movement_look_x_axis|movement_look_y_axis,,-9.0,7.0
2377,89833,,,,,,,,,,,,,,,,,,,,,,,,,,,,,,,,,0.0,0.0
2378,89867,,,,,,,,,,,,,,,,,,,,,,,,,,,,,,,,,0.0,0.0
2379,89900,,,,,,,,,,,,,,,,,,,,,,,,,,,,,,W,movement_move_y_axis,,0.0,0.0
2380,89933,,,,,,,,,,,,,,,,,,,,,,,,,,,,,,W,movement_move_y_axis,,0.0,0.0
2381,89967,,,,,,,,,,,,,,,,,,,,,,,,,,,,,,W,movement_move_y_axis,,0.0,0.0
2382,90033,,,,,,,,,,,,,,,,,,,,,,,,,,,,,,W,movement_move_y_axis,,0.0,0.0
2383,90067,,,,,,,,,,,,,,,,,,,,,,,,,,,,,,W,movement_move_y_axis,,0.0,0.0
2384,90100,,,,,,,,,,,,,,,,,,,,,,,,,,,,,,W,movement_move_y_axis,,0.0,0.0
2385,90133,,,,,,,,,,,,,,,,,,,,,,,,,,,,,,W,movement_move_y_axis,,0.0,0.0
2386,90167,,,,,,,,,,,,,,,,,,,,,,,,,,,,,,W,movement_move_y_axis,,0.0,0.0
2387,90200,,,,,,,,,,,,,,,,,,,,,,,,,,,,,,W,movement_move_y_axis,,0.0,0.0
2388,90233,,,,,,,,,,,,,,,,,,,,,,,,,,,,,,W,movement_move_y_axis,,0.0,0.0
2389,90267,,,,,,,,,,,,,,,,,,,,,,,,,,,,,,W,movement_move_y_axis,,0.0,0.0
2390,90333,,,,,,,,,,,,,,,,,,,,,,,,,,,,,,W,movement_move_y_axis,,0.0,0.0
2391,90367,,,,,,,,,,,,,,,,,,,,,,,,,,,,,,W,movement_move_y_axis,,0.0,0.0
2392,90400,,,,,,,,,,,,,,,,,,,,,,,,,,,,,,,,,0.0,0.0
2393,90433,,,,,,,,,,,,,,,,,,,,,,,,,,,,,,,,,0.0,0.0
2394,90467,,,,,,,,,,,,,,,,,,,,,,,,,,,,,,,,,0.0,0.0
2395,90533,,,,,,,,,,,,,,,,,,,,,,,,,,,,,,,,,0.0,0.0
2396,90567,,,,,,,,,,,,,,,,,,,,,,,,,,,,,,,,,0.0,0.0
2397,90600,,,,,,,,,,,,,,,,,,,,,,,,,,,,,,,,,0.0,0.0
2398,90633,,,,,,,,,,,,,,,,,,,,,,,,,,,,,,,,,0.0,0.0
2399,90667,,,,,,,,,,,,,,,,,,,,,,,,,,,,,,,,,0.0,0.0
2400,90700,,,,,,,,,,,,,,,,,,,,,,,,,,,,,,,,,0.0,0.0
2401,90733,,,,,,,,,,,,,,,,,,,,,,,,,,,,,,,,,0.0,0.0
2402,90767,,,,,,,,,,,,,,,,,,,,,,,,,,,,,,,,,0.0,0.0
2403,90800,,,,,,,,,,,,,,,,,,,,,,,,,,,,,,,,,0.0,0.0
2404,90867,,,,,,,,,,,,,,,,,,,,,,,,,,,,,,,,,0.0,0.0
2405,90900,,,,,,,,,,,,,,,,,,,,,,,,,,,,,,,,,0.0,0.0
2406,90933,,,,,,,,,,,,,,,,,,,,,,,,,,,,,,,,,0.0,0.0
2407,90967,,,,,,,,,,,,,,,,,,,,,,,,,,,,,,,,,0.0,0.0
2408,91000,,,,,,,,,,,,,,,,,,,,,,,,,,,,,,,,,0.0,0.0
2409,91033,,,,,,,,,,,,,,,,,,,,,,,,,,,,,,,,,0.0,0.0
2410,91100,,,,,,,,,,,,,,,,,,,,,,,,,,,,,,,,,0.0,0.0
2411,91133,,,,,,,,,,,,,,,,,,,,,,,,,,,,,,,,,0.0,0.0
2412,91167,,,,,,,,,,,,,,,,,,,,,,,,,,,,,,,,,0.0,0.0
2413,91200,,,,,,,,,,,,,,,,,,,,,,,,,,,,,,E,general_primary_interact,,0.0,0.0
2414,91233,,,,,,,,,,,,,,,,,,,,,,,,,,,,,,E,general_primary_interact,,0.0,0.0
2415,91267,,,,,,,,,,,,,,,,,,,,,,,,,,,,,,E,general_primary_interact,,0.0,0.0
2416,91300,,,,,,,,,,,,,,,,,,,,,,,,,,,,,,E,general_primary_interact,,0.0,0.0
2417,91333,,,,,,,,,,,,,,,,,,,,,,,,,,,,,,E,general_primary_interact,,0.0,0.0
2418,91400,,,,,,,,,,,,,,,,,,,,,,,,,,,,,,E,general_primary_interact,,0.0,0.0
2419,91433,,,,,,,,,,,,,,,,,,,,,,,,,,,,,,E,general_primary_interact,,0.0,0.0
2420,91467,,,,,,,,,,,,,,,,,,,,,,,,,,,,,,E,general_primary_interact,,0.0,0.0
2421,91500,,,,,,,,,,,,,,,,,,,,,,,,,,,,,,E,general_primary_interact,,0.0,0.0
2422,91567,,,,,,,,,,,,,,,,,,,,,,,,,,,,,,E,general_primary_interact,,0.0,0.0
2423,91600,,,,,,,,,,,,,,,,,,,,,,,,,,,,,,E,general_primary_interact,,0.0,0.0
2424,91633,,,,,,,,,,,,,,,,,,,,,,,,,,,,,,E,general_primary_interact,,0.0,0.0
2425,91700,,,,,,,,,,,,,,,,,,,,,,,,,,,,,,E,general_primary_interact,,0.0,0.0
2426,91733,,,,,,,,,,,,,,,,,,,,,,,,,,,,,,E,general_primary_interact,,0.0,0.0
2427,91767,,,,,,,,,,,,,,,,,,,,,,,,,,,,,,E,general_primary_interact,,0.0,0.0
2428,91800,,,,,,,,,,,,,,,,,,,,,,,,,,,,,,E,general_primary_interact,,0.0,0.0
2429,91833,,,,,,,,,,,,,,,,,,,,,,,,,,,,,,,,,0.0,0.0
2430,91867,,,,,,,,,,,,,,,,,,,,,,,,,,,,,,,,,0.0,0.0
2431,91900,,,,,,,,,,,,,,,,,,,,,,,,,,,,,,,,,0.0,0.0
2432,91933,,,,,,,,,,,,,,,,,,,,,,,,,,,,,,,,,0.0,0.0
2433,91967,,,,,,,,,,,,,,,,,,,,,,,,,,,,,,,,,0.0,0.0
2434,92033,,,,,,,,,,,,,,,,,,,,,,,,,,,,,,,,,0.0,0.0
2435,92067,,,,,,,,,,,,,,,,,,,,,,,,,,,,,,,,,0.0,0.0
2436,92100,,,,,,,,,,,,,,,,,,,,,,,,,,,,,,,,,0.0,0.0
2437,92133,,,,,,,,,,,,,,,,,,,,,,,,,,,,,,,,,0.0,0.0
2438,92167,,,,,,,,,,,,,,,,,,,,,,,,,,,,,,,,,0.0,0.0
2439,92200,,,,,,,,,,,,,,,,,,,,,,,,,,,,,,,,,0.0,0.0
2440,92233,,,,,,,,,,,,,,,,,,,,,,,,,,,,,,,,,0.0,0.0
2441,92267,,,,,,,,,,,,,,,,,,,,,,,,,,,,,,,,,0.0,0.0
2442,92333,,,,,,,,,,,,,,,,,,,,,,,,,,,,,,,,,0.0,0.0
2443,92367,,,,,,,,,,,,,,,,,,,,,,,,,,,,,,,,,0.0,0.0
2444,92400,,,,,,,,,,,,,,,,,,,,,,,,,,,,,,,,,0.0,0.0
2445,92433,,,,,,,,,,,,,,,,,,,,,,,,,,,,,,,,,0.0,0.0
2446,92467,,,,,,,,,,,,,,,,,,,,,,,,,,,,,,,,,0.0,0.0
2447,92500,,,,,,,,,,,,,,,,,,,,,,,,,,,,,,,,,0.0,0.0
2448,92533,,,,,,,,,,,,,,,,,,,,,,,,,,,,,,,,,0.0,0.0
2449,92567,,,,,,,,,,,,,,,,,,,,,,,,,,,,,,,,,0.0,0.0
2450,92600,,,,,,,,,,,,,,,,,,,,,,,,,,,,,,,,,0.0,0.0
2451,92633,,,,,,,,,,,,,,,,,,,,,,,,,,,,,,,,,0.0,0.0
2452,92700,,,,,,,,,,,,,,,,,,,,,,,,,,,,,,,,,0.0,0.0
2453,92733,,,,,,,,,,,,,,,,,,,,,,,,,,,,,,,,,0.0,0.0
2454,92767,,,,,,,,,,,,,,,,,,,,,,,,,,,,,,,,,0.0,0.0
2455,92800,,,,,,,,,,,,,,,,,,,,,,,,,,,,,,,,,0.0,0.0
2456,92833,,,,,,,,,,,,,,,,,,,,,,,,,,,,,,,,,0.0,0.0
2457,92867,,,,,,,,,,,,,,,,,,,,,,,,,,,,,,,,,0.0,0.0
2458,92900,,,,,,,,,,,,,,,,,,,,,,,,,,,,,,,,,0.0,0.0
2459,92933,,,,,,,,,,,,,,,,,,,,,,,,,,,,,,,,,0.0,0.0
2460,92967,,,,,,,,,,,,,,,,,,,,,,,,,,,,,,,,,0.0,0.0
2461,93033,,,,,,,,,,,,,,,,,,,,,,,,,,,,,,,,,0.0,0.0
2462,93067,,,,,,,,,,,,,,,,,,,,,,,,,,,,,,,,,0.0,0.0
2463,93100,,,,,,,,,,,,,,,,,,,,,,,,,,,,,,,,,0.0,0.0
2464,93167,,,,,,,,,,,,,,,,,,,,,,,,,,,,,,,,,0.0,0.0
2465,93200,,,,,,,,,,,,,,,,,,,,,,,,,,,,,,,,,0.0,0.0
2466,93233,,,,,,,,,,,,,,,,,,,,,,,,,,,,,,,,,0.0,0.0
2467,93267,,,,,,,,,,,,,,,,,,,,,,,,,,,,,,,,,0.0,0.0
2468,93300,,,,,,,,,,,,,,,,,,,,,,,,,,,,,,,,,0.0,0.0
2469,93333,,,,,,,,,,,,,,,,,,,,,,,,,,,,,,,,,0.0,0.0
2470,93400,,,,,,,,,,,,,,,,,,,,,,,,,,,,,,,,,0.0,0.0
2471,93433,,,,,,,,,,,,,,,,,,,,,,,,,,,,,,,,,0.0,0.0
2472,93467,,,,,,,,,,,,,,,,,,,,,,,,,,,,,,,,,0.0,0.0
2473,93500,,,,,,,,,,,,,,,,,,,,,,,,,,,,,,,,,0.0,0.0
2474,93567,,,,,,,,,,,,,,,,,,,,,,,,,,,,,,,,,0.0,0.0
2475,93600,,,,,,,,,,,,,,,,,,,,,,,,,,,,,,,,,0.0,0.0
2476,93633,,,,,,,,,,,,,,,,,,,,,,,,,,,,,,,,,0.0,0.0
2477,93667,,,,,,,,,,,,,,,,,,,,,,,,,,,,,,,,,0.0,0.0
2478,93700,,,,,,,,,,,,,,,,,,,,,,,,,,,,,,,,,0.0,0.0
2479,93733,,,,,,,,,,,,,,,,,,,,,,,,,,,,,,,,,0.0,0.0
2480,93767,,,,,,,,,,,,,,,,,,,,,,,,,,,,,,,,,0.0,0.0
2481,93800,,,,,,,,,,,,,,,,,,,,,,,,,,,,,,,,,0.0,0.0
2482,93833,,,,,,,,,,,,,,,,,,,,,,,,,,,,,,,,,0.0,0.0
2483,93867,,,,,,,,,,,,,,,,,,,,,,,,,,,,,,,,,0.0,0.0
2484,93900,,,,,,,,,,,,,,,,,,,,,,,,,,,,,,,,,0.0,0.0
2485,93933,,,,,,,,,,,,,,,,,,,,,,,,,,,,,,,,,0.0,0.0
2486,93967,,,,,,,,,,,,,,,,,,,,,,,,,,,,,,,,,0.0,0.0
2487,94000,,,,,,,,,,,,,,,,,,,,,,,,,,,,,,,,,0.0,0.0
2488,94033,,,,,,,,,,,,,,,,,,,,,,,,,,,,,,,,,0.0,0.0
2489,94067,,,,,,,,,,,,,,,,,,,,,,,,,,,,,,,,,0.0,0.0
2490,94133,,,,,,,,,,,,,,,,,,,,,,,,,,,,,,,,,0.0,0.0
2491,94167,,,,,,,,,,,,,,,,,,,,,,,,,,,,,,,,,0.0,0.0
2492,94200,,,,,,,,,,,,,,,,,,,,,,,,,,,,,,,,,0.0,0.0
2493,94233,,,,,,,,,,,,,,,,,,,,,,,,,,,,,,,,,0.0,0.0
2494,94267,,,,,,,,,,,,,,,,,,,,,,,,,,,,,,,,,0.0,0.0
2495,94300,,,,,,,,,,,,,,,,,,,,,,,,,,,,,,,,,0.0,0.0
2496,94367,,,,,,,,,,,,,,,,,,,,,,,,,,,,,,,,,0.0,0.0
2497,94400,,,,,,,,,,,,,,,,,,,,,,,,,,,,,,,,,0.0,0.0
2498,94433,,,,,,,,,,,,,,,,,,,,,,,,,,,,,,,,,0.0,0.0
2499,94467,,,,,,,,,,,,,,,,,,,,,,,,,,,,,,,,,0.0,0.0
2500,94500,,,,,,,,,,,,,,,,,,,,,,,,,,,,,,,,,0.0,0.0
2501,94533,,,,,,,,,,,,,,,,,,,,,,,,,,,,,,,,,0.0,0.0
2502,94567,,,,,,,,,,,,,,,,,,,,,,,,,,,,,,,,,0.0,0.0
2503,94600,,,,,,,,,,,,,,,,,,,,,,,,,,,,,,,,,0.0,0.0
2504,94633,,,,,,,,,,,,,,,,,,,,,,,,,,,,,,,,,0.0,0.0
2505,94667,,,,,,,,,,,,,,,,,,,,,,,,,,,,,,,,,0.0,0.0
2506,94700,,,,,,,,,,,,,,,,,,,,,,,,,,,,,,,,,0.0,0.0
2507,94767,,,,,,,,,,,,,,,,,,,,,,,,,,,,,,,,,0.0,0.0
2508,94800,,,,,,,,,,,,,,,,,,,,,,,,,,,,,,,,,0.0,0.0
2509,94833,,,,,,,,,,,,,,,,,,,,,,,,,,,,,,,,,0.0,0.0
2510,94867,,,,,,,,,,,,,,,,,,,,,,,,,,,,,,,,,0.0,0.0
2511,94900,,,,,,,,,,,,,,,,,,,,,,,,,,,,,,,,,0.0,0.0
2512,94933,,,,,,,,,,,,,,,,,,,,,,,,,,,,,,,,,0.0,0.0
2513,94967,,,,,,,,,,,,,,,,,,,,,,,,,,,,,,,,,0.0,0.0
2514,95000,,,,,,,,,,,,,,,,,,,,,,,,,,,,,,,,,0.0,0.0
2515,95067,,,,,,,,,,,,,,,,,,,,,,,,,,,,,,,,,0.0,0.0
2516,95100,,,,,,,,,,,,,,,,,,,,,,,,,,,,,,,,,0.0,0.0
2517,95133,,,,,,,,,,,,,,,,,,,,,,,,,,,,,,,,,0.0,0.0
2518,95167,,,,,,,,,,,,,,,,,,,,,,,,,,,,,,,,,0.0,0.0
2519,95200,,,,,,,,,,,,,,,,,,,,,,,,,,,,,,,,,0.0,0.0
2520,95233,,,,,,,,,,,,,,,,,,,,,,,,,,,,,,,,,0.0,0.0
2521,95267,,,,,,,,,,,,,,,,,,,,,,,,,,,,,,,,,0.0,0.0
2522,95300,,,,,,,,,,,,,,,,,,,,,,,,,,,,,,,,,0.0,0.0
2523,95333,,,,,,,,,,,,,,,,,,,,,,,,,,,,,,,,,0.0,0.0
2524,95367,,,,,,,,,,,,,,,,,,,,,,,,,,,,,,,,,0.0,0.0
2525,95433,,,,,,,,,,,,,,,,,,,,,,,,,,,,,,,,,0.0,0.0
2526,95467,,,,,,,,,,,,,,,,,,,,,,,,,,,,,,,,,0.0,0.0
2527,95500,,,,,,,,,,,,,,,,,,,,,,,,,,,,,,,,,0.0,0.0
2528,95533,,,,,,,,,,,,,,,,,,,,,,,,,,,,,,,,,0.0,0.0
2529,95567,,,,,,,,,,,,,,,,,,,,,,,,,,,,,,,,,0.0,0.0
2530,95600,,,,,,,,,,,,,,,,,,,,,,,,,,,,,,,,,0.0,0.0
2531,95633,,,,,,,,,,,,,,,,,,,,,,,,,,,,,,,,,0.0,0.0
2532,95667,,,,,,,,,,,,,,,,,,,,,,,,,,,,,,,,,0.0,0.0
2533,95700,,,,,,,,,,,,,,,,,,,,,,,,,,,,,,,,,0.0,0.0
2534,95733,,,,,,,,,,,,,,,,,,,,,,,,,,,,,,,,,0.0,0.0
2535,95767,,,,,,,,,,,,,,,,,,,,,,,,,,,,,,,,,0.0,0.0
2536,95833,,,,,,,,,,,,,,,,,,,,,,,,,,,,,,,,,0.0,0.0
2537,95867,,,,,,,,,,,,,,,,,,,,,,,,,,,,,,,,,0.0,0.0
2538,95900,,,,,,,,,,,,,,,,,,,,,,,,,,,,,,,,,0.0,0.0
2539,95933,,,,,,,,,,,,,,,,,,,,,,,,,,,,,,,,,0.0,0.0
2540,95967,,,,,,,,,,,,,,,,,,,,,,,,,,,,,,,,,0.0,0.0
2541,96000,,,,,,,,,,,,,,,,,,,,,,,,,,,,,,,,,0.0,0.0
2542,96033,,,,,,,,,,,,,,,,,,,,,,,,,,,,,,,,,0.0,0.0
2543,96067,,,,,,,,,,,,,,,,,,,,,,,,,,,,,,,,,0.0,0.0
2544,96100,,,,,,,,,,,,,,,,,,,,,,,,,,,,,,,,,0.0,0.0
2545,96133,,,,,,,,,,,,,,,,,,,,,,,,,,,,,,,,,0.0,0.0
2546,96200,,,,,,,,,,,,,,,,,,,,,,,,,,,,,,,,,0.0,0.0
2547,96233,,,,,,,,,,,,,,,,,,,,,,,,,,,,,,,,,0.0,0.0
2548,96267,,,,,,,,,,,,,,,,,,,,,,,,,,,,,,,,,0.0,0.0
2549,96300,,,,,,,,,,,,,,,,,,,,,,,,,,,,,,,,,0.0,0.0
2550,96333,,,,,,,,,,,,,,,,,,,,,,,,,,,,,,,,,0.0,0.0
2551,96367,,,,,,,,,,,,,,,,,,,,,,,,,,,,,,,,,0.0,0.0
2552,96400,,,,,,,,,,,,,,,,,,,,,,,,,,,,,,,,,0.0,0.0
2553,96433,,,,,,,,,,,,,,,,,,,,,,,,,,,,,,,,,0.0,0.0
2554,96467,,,,,,,,,,,,,,,,,,,,,,,,,,,,,,,,,0.0,0.0
2555,96500,,,,,,,,,,,,,,,,,,,,,,,,,,,,,,,,,0.0,0.0
2556,96567,,,,,,,,,,,,,,,,,,,,,,,,,,,,,,,,,0.0,0.0
2557,96600,,,,,,,,,,,,,,,,,,,,,,,,,,,,,,,,,0.0,0.0
2558,96633,,,,,,,,,,,,,,,,,,,,,,,,,,,,,,,,,0.0,0.0
2559,96667,,,,,,,,,,,,,,,,,,,,,,,,,,,,,,,,,0.0,0.0
2560,96700,,,,,,,,,,,,,,,,,,,,,,,,,,,,,,,,,0.0,0.0
2561,96733,,,,,,,,,,,,,,,,,,,,,,,,,,,,,,,,,0.0,0.0
2562,96767,,,,,,,,,,,,,,,,,,,,,,,,,,,,,,,,,0.0,0.0
2563,96800,,,,,,,,,,,,,,,,,,,,,,,,,,,,,,,,,0.0,0.0
2564,96833,,,,,,,,,,,,,,,,,,,,,,,,,,,,,,,,,0.0,0.0
2565,96867,,,,,,,,,,,,,,,,,,,,,,,,,,,,,,,,,0.0,0.0
2566,96900,,,,,,,,,,,,,,,,,,,,,,,,,,,,,,,,,0.0,0.0
2567,96933,,,,,,,,,,,,,,,,,,,,,,,,,,,,,,,,,0.0,0.0
2568,96967,,,,,,,,,,,,,,,,,,,,,,,,,,,,,,,,,0.0,0.0
2569,97000,,,,,,,,,,,,,,,,,,,,,,,,,,,,,,,,,0.0,0.0
2570,97033,,,,,,,,,,,,,,,,,,,,,,,,,,,,,,,,,0.0,0.0
2571,97100,,,,,,,,,,,,,,,,,,,,,,,,,,,,,,,,,0.0,0.0
2572,97133,,,,,,,,,,,,,,,,,,,,,,,,,,,,,,,,,0.0,0.0
2573,97167,,,,,,,,,,,,,,,,,,,,,,,,,,,,,,,,,0.0,0.0
2574,97200,,,,,,,,,,,,,,,,,,,,,,,,,,,,,,,,,0.0,0.0
2575,97233,,,,,,,,,,,,,,,,,,,,,,,,,,,,,,,,,0.0,0.0
2576,97267,,,,,,,,,,,,,,,,,,,,,,,,,,,,,,,,,0.0,0.0
2577,97300,,,,,,,,,,,,,,,,,,,,,,,,,,,,,,,,,0.0,0.0
2578,97333,,,,,,,,,,,,,,,,,,,,,,,,,,,,,,,,,0.0,0.0
2579,97400,,,,,,,,,,,,,,,,,,,,,,,,,,,,,,,,,0.0,0.0
2580,97433,,,,,,,,,,,,,,,,,,,,,,,,,,,,,,,,,0.0,0.0
2581,97467,,,,,,,,,,,,,,,,,,,,,,,,,,,,,,,equipment_primary_tool_action,Left,0.0,0.0
2582,97500,,,,,,,,,,,,,,,,,,,,,,,,,,,,,,,equipment_primary_tool_action,Left,0.0,0.0
2583,97533,,,,,,,,,,,,,,,,,,,,,,,,,,,,,,,equipment_primary_tool_action,Left,0.0,0.0
2584,97567,,,,,,,,,,,,,,,,,,,,,,,,,,,,,,,equipment_primary_tool_action,Left,0.0,0.0
2585,97600,,,,,,,,,,,,,,,,,,,,,,,,,,,,,,,equipment_primary_tool_action,Left,0.0,0.0
2586,97633,,,,,,,,,,,,,,,,,,,,,,,,,,,,,,,equipment_primary_tool_action,Left,0.0,0.0
2587,97667,,,,,,,,,,,,,,,,,,,,,,,,,,,,,,,,,0.0,0.0
2588,97700,,,,,,,,,,,,,,,,,,,,,,,,,,,,,,,,,0.0,0.0
2589,97767,,,,,,,,,,,,,,,,,,,,,,,,,,,,,,,,,0.0,0.0
2590,97800,,,,,,,,,,,,,,,,,,,,,,,,,,,,,,,,,0.0,0.0
2591,97833,,,,,,,,,,,,,,,,,,,,,,,,,,,,,,,,,0.0,0.0
2592,97867,,,,,,,,,,,,,,,,,,,,,,,,,,,,,,,,,0.0,0.0
2593,97900,,,,,,,,,,,,,,,,,,,,,,,,,,,,,,,,,0.0,0.0
2594,97933,,,,,,,,,,,,,,,,,,,,,,,,,,,,,,,,,0.0,0.0
2595,97967,,,,,,,,,,,,,,,,,,,,,,,,,,,,,,,,,0.0,0.0
2596,98000,,,,,,,,,,,,,,,,,,,,,,,,,,,,,,,,,0.0,0.0
2597,98033,,,,,,,,,,,,,,,,,,,,,,,,,,,,,,,,,0.0,0.0
2598,98067,,,,,,,,,,,,,,,,,,,,,,,,,,,,,,,,,0.0,0.0
2599,98100,,,,,,,,,,,,,,,,,,,,,,,,,,,,,,,,,0.0,0.0
2600,98133,,,,,,,,,,,,,,,,,,,,,,,,,,,,,,,,,0.0,0.0
2601,98167,,,,,,,,,,,,,,,,,,,,,,,,,,,,,,,,,0.0,0.0
2602,98233,,,,,,,,,,,,,,,,,,,,,,,,,,,,,,,,,0.0,0.0
2603,98267,,,,,,,,,,,,,,,,,,,,,,,,,,,,,,,,,0.0,0.0
2604,98300,,,,,,,,,,,,,,,,,,,,,,,,,,,,,,,,,0.0,0.0
2605,98333,,,,,,,,,,,,,,,,,,,,,,,,,,,,,,,,,0.0,0.0
2606,98367,,,,,,,,,,,,,,,,,,,,,,,,,,,,,,E,general_primary_interact,,0.0,0.0
2607,98400,,,,,,,,,,,,,,,,,,,,,,,,,,,,,,E,general_primary_interact,,0.0,0.0
2608,98433,,,,,,,,,,,,,,,,,,,,,,,,,,,,,,E,general_primary_interact,,0.0,0.0
2609,98467,,,,,,,,,,,,,,,,,,,,,,,,,,,,,,E,general_primary_interact,,0.0,0.0
2610,98500,,,,,,,,,,,,,,,,,,,,,,,,,,,,,,E,general_primary_interact,,0.0,0.0
2611,98567,,,,,,,,,,,,,,,,,,,,,,,,,,,,,,,,,0.0,0.0
2612,98600,,,,,,,,,,,,,,,,,,,,,,,,,,,,,,,,,0.0,0.0
2613,98633,,,,,,,,,,,,,,,,,,,,,,,,,,,,,,,,,0.0,0.0
2614,98667,,,,,,,,,,,,,,,,,,,,,,,,,,,,,,,,,0.0,0.0
2615,98700,,,,,,,,,,,,,,,,,,,,,,,,,,,,,,,,,0.0,0.0
2616,98733,,,,,,,,,,,,,,,,,,,,,,,,,,,,,,,,,0.0,0.0
2617,98767,,,,,,,,,,,,,,,,,,,,,,,,,,,,,,,,,0.0,0.0
2618,98800,,,,,,,,,,,,,,,,,,,,,,,,,,,,,,,,,0.0,0.0
2619,98833,,,,,,,,,,,,,,,,,,,,,,,,,,,,,,,,,0.0,0.0
2620,98867,,,,,,,,,,,,,,,,,,,,,,,,,,,,,,,,,0.0,0.0
2621,98933,,,,,,,,,,,,,,,,,,,,,,,,,,,,,,,,,0.0,0.0
2622,98967,,,,,,,,,,,,,,,,,,,,,,,,,,,,,,E,general_confirm,,0.0,0.0
2623,99000,,,,,,,,,,,,,,,,,,,,,,,,,,,,,,E,general_confirm,,0.0,0.0
2624,99033,,,,,,,,,,,,,,,,,,,,,,,,,,,,,,E,general_confirm,,0.0,0.0
2625,99067,,,,,,,,,,,,,,,,,,,,,,,,,,,,,,E,general_confirm,,0.0,0.0
2626,99100,,,,,,,,,,,,,,,,,,,,,,,,,,,,,,E,general_confirm,,0.0,0.0
2627,99133,,,,,,,,,,,,,,,,,,,,,,,,,,,,,,E,general_confirm,,0.0,0.0
2628,99167,,,,,,,,,,,,,,,,,,,,,,,,,,,,,,,,,0.0,0.0
2629,99200,,,,,,,,,,,,,,,,,,,,,,,,,,,,,,,,,0.0,0.0
2630,99233,,,,,,,,,,,,,,,,,,,,,,,,,,,,,,,,,0.0,0.0
2631,99300,,,,,,,,,,,,,,,,,,,,,,,,,,,,,,E,general_confirm,,0.0,0.0
2632,99333,,,,,,,,,,,,,,,,,,,,,,,,,,,,,,E,general_confirm,,0.0,0.0
2633,99367,,,,,,,,,,,,,,,,,,,,,,,,,,,,,,E,general_confirm,,0.0,0.0
2634,99400,,,,,,,,,,,,,,,,,,,,,,,,,,,,,,E,general_confirm,,0.0,0.0
2635,99433,,,,,,,,,,,,,,,,,,,,,,,,,,,,,,,,,0.0,0.0
2636,99467,,,,,,,,,,,,,,,,,,,,,,,,,,,,,,,,,0.0,0.0
2637,99500,,,,,,,,,,,,,,,,,,,,,,,,,,,,,,,,,0.0,0.0
2638,99533,,,,,,,,,,,,,,,,,,,,,,,,,,,,,,,,,0.0,0.0
2639,99567,,,,,,,,,,,,,,,,,,,,,,,,,,,,,,,,,0.0,0.0
2640,99600,,,,,,,,,,,,,,,,,,,,,,,,,,,,,,E,general_confirm,,0.0,0.0
2641,99633,,,,,,,,,,,,,,,,,,,,,,,,,,,,,,E,general_confirm,,0.0,0.0
2642,99667,,,,,,,,,,,,,,,,,,,,,,,,,,,,,,E,general_confirm,,0.0,0.0
2643,99700,,,,,,,,,,,,,,,,,,,,,,,,,,,,,,E,general_confirm,,0.0,0.0
2644,99767,,,,,,,,,,,,,,,,,,,,,,,,,,,,,,,,,0.0,0.0
2645,99800,,,,,,,,,,,,,,,,,,,,,,,,,,,,,,,,,0.0,0.0
2646,99833,,,,,,,,,,,,,,,,,,,,,,,,,,,,,,,,,0.0,0.0
2647,99867,,,,,,,,,,,,,,,,,,,,,,,,,,,,,,,,,0.0,0.0
2648,99900,,,,,,,,,,,,,,,,,,,,,,,,,,,,,,E,general_confirm,,0.0,0.0
2649,99933,,,,,,,,,,,,,,,,,,,,,,,,,,,,,,E,general_confirm,,0.0,0.0
2650,99967,,,,,,,,,,,,,,,,,,,,,,,,,,,,,,E,general_confirm,,0.0,0.0
2651,100000,,,,,,,,,,,,,,,,,,,,,,,,,,,,,,E,general_confirm,,0.0,0.0
2652,100067,,,,,,,,,,,,,,,,,,,,,,,,,,,,,,E,general_confirm,,0.0,0.0
2653,100100,,,,,,,,,,,,,,,,,,,,,,,,,,,,,,,,,0.0,0.0
2654,100133,,,,,,,,,,,,,,,,,,,,,,,,,,,,,,,,,0.0,0.0
2655,100167,,,,,,,,,,,,,,,,,,,,,,,,,,,,,,,,,0.0,0.0
2656,100200,,,,,,,,,,,,,,,,,,,,,,,,,,,,,,,,,0.0,0.0
2657,100233,,,,,,,,,,,,,,,,,,,,,,,,,,,,,,,,,0.0,0.0
2658,100267,,,,,,,,,,,,,,,,,,,,,,,,,,,,,,,,,0.0,0.0
2659,100300,,,,,,,,,,,,,,,,,,,,,,,,,,,,,,,,,0.0,0.0
2660,100333,,,,,,,,,,,,,,,,,,,,,,,,,,,,,,,,,0.0,0.0
2661,100367,,,,,,,,,,,,,,,,,,,,,,,,,,,,,,E,general_confirm,,0.0,0.0
2662,100400,,,,,,,,,,,,,,,,,,,,,,,,,,,,,,E,general_confirm,,0.0,0.0
2663,100433,,,,,,,,,,,,,,,,,,,,,,,,,,,,,,E,general_confirm,,0.0,0.0
2664,100500,,,,,,,,,,,,,,,,,,,,,,,,,,,,,,E,general_confirm,,0.0,0.0
2665,100533,,,,,,,,,,,,,,,,,,,,,,,,,,,,,,,,,0.0,0.0
2666,100567,,,,,,,,,,,,,,,,,,,,,,,,,,,,,,,,,0.0,0.0
2667,100600,,,,,,,,,,,,,,,,,,,,,,,,,,,,,,,,,0.0,0.0
2668,100633,,,,,,,,,,,,,,,,,,,,,,,,,,,,,,,,,0.0,0.0
2669,100667,,,,,,,,,,,,,,,,,,,,,,,,,,,,,,E,general_confirm,,0.0,0.0
2670,100700,,,,,,,,,,,,,,,,,,,,,,,,,,,,,,E,general_confirm,,0.0,0.0
2671,100733,,,,,,,,,,,,,,,,,,,,,,,,,,,,,,E,general_confirm,,0.0,0.0
2672,100767,,,,,,,,,,,,,,,,,,,,,,,,,,,,,,E,general_confirm,,0.0,0.0
2673,100833,,,,,,,,,,,,,,,,,,,,,,,,,,,,,,,,,0.0,0.0
2674,100867,,,,,,,,,,,,,,,,,,,,,,,,,,,,,,,,,0.0,0.0
2675,100900,,,,,,,,,,,,,,,,,,,,,,,,,,,,,,,,,0.0,0.0
2676,100933,,,,,,,,,,,,,,,,,,,,,,,,,,,,,,,,,0.0,0.0
2677,100967,,,,,,,,,,,,,,,,,,,,,,,,,,,,,,E,general_confirm,,0.0,0.0
2678,101000,,,,,,,,,,,,,,,,,,,,,,,,,,,,,,E,general_confirm,,0.0,0.0
2679,101033,,,,,,,,,,,,,,,,,,,,,,,,,,,,,,E,general_confirm,,0.0,0.0
2680,101067,,,,,,,,,,,,,,,,,,,,,,,,,,,,,,E,general_confirm,,0.0,0.0
2681,101100,,,,,,,,,,,,,,,,,,,,,,,,,,,,,,E,general_confirm,,0.0,0.0
2682,101133,,,,,,,,,,,,,,,,,,,,,,,,,,,,,,,,,0.0,0.0
2683,101167,,,,,,,,,,,,,,,,,,,,,,,,,,,,,,,,,0.0,0.0
2684,101233,,,,,,,,,,,,,,,,,,,,,,,,,,,,,,,,,0.0,0.0
2685,101267,,,,,,,,,,,,,,,,,,,,,,,,,,,,,,,,,0.0,0.0
2686,101300,,,,,,,,,,,,,,,,,,,,,,,,,,,,,,,,,0.0,0.0
2687,101333,,,,,,,,,,,,,,,,,,,,,,,,,,,,,,,,,0.0,0.0
2688,101367,,,,,,,,,,,,,,,,,,,,,,,,,,,,,,,,,0.0,0.0
2689,101400,,,,,,,,,,,,,,,,,,,,,,,,,,,,,,,,,0.0,0.0
2690,101433,,,,,,,,,,,,,,,,,,,,,,,,,,,,,,,,,0.0,0.0
2691,101467,,,,,,,,,,,,,,,,,,,,,,,,,,,,,,,,,0.0,0.0
2692,101500,,,,,,,,,,,,,,,,,,,,,,,,,,,,,,,,,0.0,0.0
2693,101567,,,,,,,,,,,,,,,,,,,,,,,,,,,,,,E,general_confirm,,0.0,0.0
2694,101600,,,,,,,,,,,,,,,,,,,,,,,,,,,,,,E,general_confirm,,0.0,0.0
2695,101633,,,,,,,,,,,,,,,,,,,,,,,,,,,,,,E,general_confirm,,0.0,0.0
2696,101667,,,,,,,,,,,,,,,,,,,,,,,,,,,,,,E,general_confirm,,0.0,0.0
2697,101700,,,,,,,,,,,,,,,,,,,,,,,,,,,,,,E,general_confirm,,0.0,0.0
2698,101733,,,,,,,,,,,,,,,,,,,,,,,,,,,,,,,,,0.0,0.0
2699,101767,,,,,,,,,,,,,,,,,,,,,,,,,,,,,,,,,0.0,0.0
2700,101800,,,,,,,,,,,,,,,,,,,,,,,,,,,,,,,,,0.0,0.0
2701,101833,,,,,,,,,,,,,,,,,,,,,,,,,,,,,,,,,0.0,0.0
2702,101867,,,,,,,,,,,,,,,,,,,,,,,,,,,,,,,,,0.0,0.0
2703,101900,,,,,,,,,,,,,,,,,,,,,,,,,,,,,,,,,0.0,0.0
2704,101933,,,,,,,,,,,,,,,,,,,,,,,,,,,,,,E,general_primary_interact,,0.0,0.0
2705,101967,,,,,,,,,,,,,,,,,,,,,,,,,,,,,,E,general_primary_interact,,0.0,0.0
2706,102033,,,,,,,,,,,,,,,,,,,,,,,,,,,,,,E,general_primary_interact,,0.0,0.0
2707,102067,,,,,,,,,,,,,,,,,,,,,,,,,,,,,,E,general_primary_interact,,0.0,0.0
2708,102100,,,,,,,,,,,,,,,,,,,,,,,,,,,,,,E,general_primary_interact,,0.0,0.0
2709,102133,,,,,,,,,,,,,,,,,,,,,,,,,,,,,,E,general_primary_interact,,0.0,0.0
2710,102167,,,,,,,,,,,,,,,,,,,,,,,,,,,,,,E,general_primary_interact,,0.0,0.0
2711,102200,,,,,,,,,,,,,,,,,,,,,,,,,,,,,,,,,0.0,0.0
2712,102267,,,,,,,,,,,,,,,,,,,,,,,,,,,,,,,,,0.0,0.0
2713,102300,,,,,,,,,,,,,,,,,,,,,,,,,,,,,,,,,0.0,0.0
2714,102333,,,,,,,,,,,,,,,,,,,,,,,,,,,,,,,,,0.0,0.0
2715,102367,,,,,,,,,,,,,,,,,,,,,,,,,,,,,,,,,0.0,0.0
2716,102433,,,,,,,,,,,,,,,,,,,,,,,,,,,,,,,,,0.0,0.0
2717,102467,,,,,,,,,,,,,,,,,,,,,,,,,,,,,,,,,0.0,0.0
2718,102500,,,,,,,,,,,,,,,,,,,,,,,,,,,,,,,,,0.0,0.0
2719,102533,,,,,,,,,,,,,,,,,,,,,,,,,,,,,,,,,0.0,0.0
2720,102567,,,,,,,,,,,,,,,,,,,,,,,,,,,,,,,,,0.0,0.0
2721,102600,,,,,,,,,,,,,,,,,,,,,,,,,,,,,,,,,0.0,0.0
2722,102633,,,,,,,,,,,,,,,,,,,,,,,,,,,,,,,,,0.0,0.0
2723,102667,,,,,,,,,,,,,,,,,,,,,,,,,,,,,,,,,0.0,0.0
2724,102700,,,,,,,,,,,,,,,,,,,,,,,,,,,,,,,,,0.0,0.0
2725,102767,,,,,,,,,,,,,,,,,,,,,,,,,,,,,,,,,0.0,0.0
2726,102800,,,,,,,,,,,,,,,,,,,,,,,,,,,,,,,,,0.0,0.0
2727,102867,,,,,,,,,,,,,,,,,,,,,,,,,,,,,,,,,0.0,0.0
2728,102900,,,,,,,,,,,,,,,,,,,,,,,,,,,,,,,,,0.0,0.0
2729,102933,,,,,,,,,,,,,,,,,,,,,,,,,,,,,,,,,0.0,0.0
2730,102967,,,,,,,,,,,,,,,,,,,,,,,,,,,,,,,,,0.0,0.0
2731,103000,,,,,,,,,,,,,,,,,,,,,,,,,,,,,,,,,0.0,0.0
2732,103033,,,,,,,,,,,,,,,,,,,,,,,,,,,,,,,,,0.0,0.0
2733,103067,,,,,,,,,,,,,,,,,,,,,,,,,,,,,,,,,0.0,0.0
2734,103100,,,,,,,,,,,,,,,,,,,,,,,,,,,,,,,,,0.0,0.0
2735,103133,,,,,,,,,,,,,,,,,,,,,,,,,,,,,,,,,0.0,0.0
2736,103167,,,,,,,,,,,,,,,,,,,,,,,,,,,,,,,,,0.0,0.0
2737,103233,,,,,,,,,,,,,,,,,,,,,,,,,,,,,,,movement_look_x_axis|movement_look_y_axis,,1.0,-2.0
2738,103267,,,,,,,,,,,,,,,,,,,,,,,,,,,,,,,movement_look_x_axis|movement_look_y_axis,,5.0,-3.0
2739,103300,,,,,,,,,,,,,,,,,,,,,,,,,,,,,,,movement_look_x_axis|movement_look_y_axis,,12.0,-4.0
2740,103333,,,,,,,,,,,,,,,,,,,,,,,,,,,,,,,movement_look_x_axis|movement_look_y_axis,,16.0,-2.0
2741,103367,,,,,,,,,,,,,,,,,,,,,,,,,,,,,,,movement_look_x_axis,,42.0,0.0
2742,103400,,,,,,,,,,,,,,,,,,,,,,,,,,,,,,,,,0.0,0.0
2743,103433,,,,,,,,,,,,,,,,,,,,,,,,,,,,,,,movement_look_x_axis,,27.0,0.0
2744,103467,,,,,,,,,,,,,,,,,,,,,,,,,,,,,,,movement_look_x_axis,,24.0,0.0
2745,103500,,,,,,,,,,,,,,,,,,,,,,,,,,,,,,,movement_look_x_axis,,40.0,0.0
2746,103533,,,,,,,,,,,,,,,,,,,,,,,,,,,,,,,movement_look_x_axis,,31.0,0.0
2747,103567,,,,,,,,,,,,,,,,,,,,,,,,,,,,,,,movement_look_x_axis,,12.0,0.0
2748,103600,,,,,,,,,,,,,,,,,,,,,,,,,,,,,,,,,0.0,0.0
2749,103667,,,,,,,,,,,,,,,,,,,,,,,,,,,,,,,,,0.0,0.0
2750,103700,,,,,,,,,,,,,,,,,,,,,,,,,,,,,,,,,0.0,0.0
2751,103733,,,,,,,,,,,,,,,,,,,,,,,,,,,,,,,,,0.0,0.0
2752,103767,,,,,,,,,,,,,,,,,,,,,,,,,,,,,,,,,0.0,0.0
2753,103800,,,,,,,,,,,,,,,,,,,,,,,,,,,,,,,,,0.0,0.0
2754,103833,,,,,,,,,,,,,,,,,,,,,,,,,,,,,,,,,0.0,0.0
2755,103867,,,,,,,,,,,,,,,,,,,,,,,,,,,,,,,,,0.0,0.0
2756,103900,,,,,,,,,,,,,,,,,,,,,,,,,,,,,,,,,0.0,0.0
2757,103933,,,,,,,,,,,,,,,,,,,,,,,,,,,,,,,,,0.0,0.0
2758,103967,,,,,,,,,,,,,,,,,,,,,,,,,,,,,,,,,0.0,0.0
2759,104000,,,,,,,,,,,,,,,,,,,,,,,,,,,,,,,,,0.0,0.0
2760,104033,,,,,,,,,,,,,,,,,,,,,,,,,,,,,,,,,0.0,0.0
2761,104067,,,,,,,,,,,,,,,,,,,,,,,,,,,,,,,,,0.0,0.0
2762,104100,,,,,,,,,,,,,,,,,,,,,,,,,,,,,,,,,0.0,0.0
2763,104133,,,,,,,,,,,,,,,,,,,,,,,,,,,,,,,,,0.0,0.0
2764,104167,,,,,,,,,,,,,,,,,,,,,,,,,,,,,,,,,0.0,0.0
2765,104200,,,,,,,,,,,,,,,,,,,,,,,,,,,,,,,,,0.0,0.0
2766,104233,,,,,,,,,,,,,,,,,,,,,,,,,,,,,,,,,0.0,0.0
2767,104267,,,,,,,,,,,,,,,,,,,,,,,,,,,,,,,,,0.0,0.0
2768,104333,,,,,,,,,,,,,,,,,,,,,,,,,,,,,,W,movement_move_y_axis,,0.0,0.0
2769,104367,,,,,,,,,,,,,,,,,,,,,,,,,,,,,,W,movement_move_y_axis,,0.0,0.0
2770,104400,,,,,,,,,,,,,,,,,,,,,,,,,,,,,,W,movement_move_y_axis,,0.0,0.0
2771,104433,,,,,,,,,,,,,,,,,,,,,,,,,,,,,,W,movement_move_y_axis,,0.0,0.0
2772,104467,,,,,,,,,,,,,,,,,,,,,,,,,,,,,,W,movement_move_y_axis,,0.0,0.0
2773,104500,,,,,,,,,,,,,,,,,,,,,,,,,,,,,,W,movement_move_y_axis,,0.0,0.0
2774,104533,,,,,,,,,,,,,,,,,,,,,,,,,,,,,,W,movement_move_y_axis,,0.0,0.0
2775,104567,,,,,,,,,,,,,,,,,,,,,,,,,,,,,,W,movement_move_y_axis,,0.0,0.0
2776,104600,,,,,,,,,,,,,,,,,,,,,,,,,,,,,,W,movement_move_y_axis,,0.0,0.0
2777,104633,,,,,,,,,,,,,,,,,,,,,,,,,,,,,,D|W,movement_move_x_axis|movement_move_y_axis,,0.0,0.0
2778,104667,,,,,,,,,,,,,,,,,,,,,,,,,,,,,,D|W,movement_move_x_axis|movement_move_y_axis,,0.0,0.0
2779,104700,,,,,,,,,,,,,,,,,,,,,,,,,,,,,,D|W,movement_move_x_axis|movement_move_y_axis,,0.0,0.0
2780,104767,,,,,,,,,,,,,,,,,,,,,,,,,,,,,,D|W,movement_move_x_axis|movement_move_y_axis,,0.0,0.0
2781,104800,,,,,,,,,,,,,,,,,,,,,,,,,,,,,,D|W,movement_move_x_axis|movement_move_y_axis,,0.0,0.0
2782,104833,,,,,,,,,,,,,,,,,,,,,,,,,,,,,,D,movement_move_x_axis,,0.0,0.0
2783,104867,,,,,,,,,,,,,,,,,,,,,,,,,,,,,,D,movement_move_x_axis,,0.0,0.0
2784,104900,,,,,,,,,,,,,,,,,,,,,,,,,,,,,,,,,0.0,0.0
2785,104933,,,,,,,,,,,,,,,,,,,,,,,,,,,,,,,,,0.0,0.0
2786,104967,,,,,,,,,,,,,,,,,,,,,,,,,,,,,,,,,0.0,0.0
2787,105000,,,,,,,,,,,,,,,,,,,,,,,,,,,,,,,,,0.0,0.0
2788,105033,,,,,,,,,,,,,,,,,,,,,,,,,,,,,,,,,0.0,0.0
2789,105067,,,,,,,,,,,,,,,,,,,,,,,,,,,,,,,,,0.0,0.0
2790,105100,,,,,,,,,,,,,,,,,,,,,,,,,,,,,,,,,0.0,0.0
2791,105133,,,,,,,,,,,,,,,,,,,,,,,,,,,,,,,,,0.0,0.0
2792,105167,,,,,,,,,,,,,,,,,,,,,,,,,,,,,,,,,0.0,0.0
2793,105233,,,,,,,,,,,,,,,,,,,,,,,,,,,,,,D,movement_move_x_axis,,0.0,0.0
2794,105267,,,,,,,,,,,,,,,,,,,,,,,,,,,,,,D,movement_move_x_axis,,0.0,0.0
2795,105300,,,,,,,,,,,,,,,,,,,,,,,,,,,,,,D,movement_move_x_axis,,0.0,0.0
2796,105333,,,,,,,,,,,,,,,,,,,,,,,,,,,,,,D,movement_move_x_axis,,0.0,0.0
2797,105367,,,,,,,,,,,,,,,,,,,,,,,,,,,,,,D,movement_move_x_axis,,0.0,0.0
2798,105400,,,,,,,,,,,,,,,,,,,,,,,,,,,,,,D,movement_move_x_axis,,0.0,0.0
2799,105433,,,,,,,,,,,,,,,,,,,,,,,,,,,,,,D,movement_move_x_axis,,0.0,0.0
2800,105467,,,,,,,,,,,,,,,,,,,,,,,,,,,,,,,,,0.0,0.0
2801,105533,,,,,,,,,,,,,,,,,,,,,,,,,,,,,,,,,0.0,0.0
2802,105567,,,,,,,,,,,,,,,,,,,,,,,,,,,,,,,,,0.0,0.0
2803,105600,,,,,,,,,,,,,,,,,,,,,,,,,,,,,,,,,0.0,0.0
2804,105633,,,,,,,,,,,,,,,,,,,,,,,,,,,,,,,,,0.0,0.0
2805,105667,,,,,,,,,,,,,,,,,,,,,,,,,,,,,,,,,0.0,0.0
2806,105700,,,,,,,,,,,,,,,,,,,,,,,,,,,,,,,,,0.0,0.0
2807,105733,,,,,,,,,,,,,,,,,,,,,,,,,,,,,,,,,0.0,0.0
2808,105767,,,,,,,,,,,,,,,,,,,,,,,,,,,,,,,,,0.0,0.0
2809,105800,,,,,,,,,,,,,,,,,,,,,,,,,,,,,,,,,0.0,0.0
2810,105833,,,,,,,,,,,,,,,,,,,,,,,,,,,,,,,,,0.0,0.0
2811,105867,,,,,,,,,,,,,,,,,,,,,,,,,,,,,,,,,0.0,0.0
2812,105900,,,,,,,,,,,,,,,,,,,,,,,,,,,,,,,,,0.0,0.0
2813,105933,,,,,,,,,,,,,,,,,,,,,,,,,,,,,,,,,0.0,0.0
2814,105967,,,,,,,,,,,,,,,,,,,,,,,,,,,,,,,,,0.0,0.0
2815,106000,,,,,,,,,,,,,,,,,,,,,,,,,,,,,,,,,0.0,0.0
2816,106033,,,,,,,,,,,,,,,,,,,,,,,,,,,,,,,,,0.0,0.0
2817,106067,,,,,,,,,,,,,,,,,,,,,,,,,,,,,,,,,0.0,0.0
2818,106100,,,,,,,,,,,,,,,,,,,,,,,,,,,,,,,,,0.0,0.0
2819,106133,,,,,,,,,,,,,,,,,,,,,,,,,,,,,,W,movement_move_y_axis,,0.0,0.0
2820,106167,,,,,,,,,,,,,,,,,,,,,,,,,,,,,,W,movement_move_y_axis,,0.0,0.0
2821,106200,,,,,,,,,,,,,,,,,,,,,,,,,,,,,,W,movement_move_y_axis,,0.0,0.0
2822,106233,,,,,,,,,,,,,,,,,,,,,,,,,,,,,,W,movement_move_y_axis,,0.0,0.0
2823,106267,,,,,,,,,,,,,,,,,,,,,,,,,,,,,,W,movement_move_y_axis,,0.0,0.0
2824,106333,,,,,,,,,,,,,,,,,,,,,,,,,,,,,,,,,0.0,0.0
2825,106367,,,,,,,,,,,,,,,,,,,,,,,,,,,,,,,,,0.0,0.0
2826,106400,,,,,,,,,,,,,,,,,,,,,,,,,,,,,,,,,0.0,0.0
2827,106433,,,,,,,,,,,,,,,,,,,,,,,,,,,,,,,,,0.0,0.0
2828,106467,,,,,,,,,,,,,,,,,,,,,,,,,,,,,,,,,0.0,0.0
2829,106500,,,,,,,,,,,,,,,,,,,,,,,,,,,,,,,,,0.0,0.0
2830,106533,,,,,,,,,,,,,,,,,,,,,,,,,,,,,,,,,0.0,0.0
2831,106567,,,,,,,,,,,,,,,,,,,,,,,,,,,,,,,,,0.0,0.0
2832,106600,,,,,,,,,,,,,,,,,,,,,,,,,,,,,,,,,0.0,0.0
2833,106633,,,,,,,,,,,,,,,,,,,,,,,,,,,,,,,,,0.0,0.0
2834,106667,,,,,,,,,,,,,,,,,,,,,,,,,,,,,,,,,0.0,0.0
2835,106733,,,,,,,,,,,,,,,,,,,,,,,,,,,,,,W,movement_move_y_axis,,0.0,0.0
2836,106767,,,,,,,,,,,,,,,,,,,,,,,,,,,,,,W,movement_move_y_axis,,0.0,0.0
2837,106800,,,,,,,,,,,,,,,,,,,,,,,,,,,,,,W,movement_move_y_axis,,0.0,0.0
2838,106833,,,,,,,,,,,,,,,,,,,,,,,,,,,,,,W,movement_move_y_axis,,0.0,0.0
2839,106867,,,,,,,,,,,,,,,,,,,,,,,,,,,,,,W,movement_move_y_axis,,0.0,0.0
2840,106900,,,,,,,,,,,,,,,,,,,,,,,,,,,,,,W,movement_move_y_axis,,0.0,0.0
2841,106933,,,,,,,,,,,,,,,,,,,,,,,,,,,,,,W,movement_move_y_axis,,0.0,0.0
2842,106967,,,,,,,,,,,,,,,,,,,,,,,,,,,,,,,,,0.0,0.0
2843,107000,,,,,,,,,,,,,,,,,,,,,,,,,,,,,,,,,0.0,0.0
2844,107067,,,,,,,,,,,,,,,,,,,,,,,,,,,,,,,,,0.0,0.0
2845,107100,,,,,,,,,,,,,,,,,,,,,,,,,,,,,,,,,0.0,0.0
2846,107133,,,,,,,,,,,,,,,,,,,,,,,,,,,,,,,,,0.0,0.0
2847,107167,,,,,,,,,,,,,,,,,,,,,,,,,,,,,,,,,0.0,0.0
2848,107200,,,,,,,,,,,,,,,,,,,,,,,,,,,,,,W,movement_move_y_axis,,0.0,0.0
2849,107233,,,,,,,,,,,,,,,,,,,,,,,,,,,,,,W,movement_move_y_axis,,0.0,0.0
2850,107267,,,,,,,,,,,,,,,,,,,,,,,,,,,,,,W,movement_move_y_axis,,0.0,0.0
2851,107300,,,,,,,,,,,,,,,,,,,,,,,,,,,,,,W,movement_move_y_axis,,0.0,0.0
2852,107333,,,,,,,,,,,,,,,,,,,,,,,,,,,,,,W,movement_move_y_axis,,0.0,0.0
2853,107367,,,,,,,,,,,,,,,,,,,,,,,,,,,,,,W,movement_move_y_axis,,0.0,0.0
2854,107400,,,,,,,,,,,,,,,,,,,,,,,,,,,,,,,,,0.0,0.0
2855,107433,,,,,,,,,,,,,,,,,,,,,,,,,,,,,,,,,0.0,0.0
2856,107467,,,,,,,,,,,,,,,,,,,,,,,,,,,,,,,,,0.0,0.0
2857,107500,,,,,,,,,,,,,,,,,,,,,,,,,,,,,,,,,0.0,0.0
2858,107567,,,,,,,,,,,,,,,,,,,,,,,,,,,,,,,,,0.0,0.0
2859,107600,,,,,,,,,,,,,,,,,,,,,,,,,,,,,,,,,0.0,0.0
2860,107633,,,,,,,,,,,,,,,,,,,,,,,,,,,,,,,,,0.0,0.0
2861,107667,,,,,,,,,,,,,,,,,,,,,,,,,,,,,,W,movement_move_y_axis,,0.0,0.0
2862,107700,,,,,,,,,,,,,,,,,,,,,,,,,,,,,,W,movement_move_y_axis,,0.0,0.0
2863,107733,,,,,,,,,,,,,,,,,,,,,,,,,,,,,,W,movement_move_y_axis,,0.0,0.0
2864,107767,,,,,,,,,,,,,,,,,,,,,,,,,,,,,,W,movement_move_y_axis,,0.0,0.0
2865,107800,,,,,,,,,,,,,,,,,,,,,,,,,,,,,,W,movement_move_y_axis,,0.0,0.0
2866,107867,,,,,,,,,,,,,,,,,,,,,,,,,,,,,,,,,0.0,0.0
2867,107900,,,,,,,,,,,,,,,,,,,,,,,,,,,,,,,,,0.0,0.0
2868,107933,,,,,,,,,,,,,,,,,,,,,,,,,,,,,,,,,0.0,0.0
2869,107967,,,,,,,,,,,,,,,,,,,,,,,,,,,,,,,,,0.0,0.0
2870,108000,,,,,,,,,,,,,,,,,,,,,,,,,,,,,,,,,0.0,0.0
2871,108033,,,,,,,,,,,,,,,,,,,,,,,,,,,,,,,,,0.0,0.0
2872,108067,,,,,,,,,,,,,,,,,,,,,,,,,,,,,,,,,0.0,0.0
2873,108100,,,,,,,,,,,,,,,,,,,,,,,,,,,,,,,,,0.0,0.0
2874,108133,,,,,,,,,,,,,,,,,,,,,,,,,,,,,,,,,0.0,0.0
2875,108167,,,,,,,,,,,,,,,,,,,,,,,,,,,,,,,,,0.0,0.0
2876,108200,,,,,,,,,,,,,,,,,,,,,,,,,,,,,,,,,0.0,0.0
2877,108267,,,,,,,,,,,,,,,,,,,,,,,,,,,,,,,,,0.0,0.0
2878,108300,,,,,,,,,,,,,,,,,,,,,,,,,,,,,,,,,0.0,0.0
2879,108333,,,,,,,,,,,,,,,,,,,,,,,,,,,,,,,,,0.0,0.0
2880,108367,,,,,,,,,,,,,,,,,,,,,,,,,,,,,,,,,0.0,0.0
2881,108400,,,,,,,,,,,,,,,,,,,,,,,,,,,,,,W,movement_move_y_axis,,0.0,0.0
2882,108433,,,,,,,,,,,,,,,,,,,,,,,,,,,,,,W,movement_move_y_axis,,0.0,0.0
2883,108467,,,,,,,,,,,,,,,,,,,,,,,,,,,,,,W,movement_move_y_axis,,0.0,0.0
2884,108500,,,,,,,,,,,,,,,,,,,,,,,,,,,,,,W,movement_move_y_axis,,0.0,0.0
2885,108567,,,,,,,,,,,,,,,,,,,,,,,,,,,,,,,,,0.0,0.0
2886,108600,,,,,,,,,,,,,,,,,,,,,,,,,,,,,,,,,0.0,0.0
2887,108633,,,,,,,,,,,,,,,,,,,,,,,,,,,,,,,,,0.0,0.0
2888,108667,,,,,,,,,,,,,,,,,,,,,,,,,,,,,,,,,0.0,0.0
2889,108700,,,,,,,,,,,,,,,,,,,,,,,,,,,,,,,,,0.0,0.0
2890,108733,,,,,,,,,,,,,,,,,,,,,,,,,,,,,,,,,0.0,0.0
2891,108767,,,,,,,,,,,,,,,,,,,,,,,,,,,,,,,,,0.0,0.0
2892,108800,,,,,,,,,,,,,,,,,,,,,,,,,,,,,,,,,0.0,0.0
2893,108833,,,,,,,,,,,,,,,,,,,,,,,,,,,,,,,,,0.0,0.0
2894,108867,,,,,,,,,,,,,,,,,,,,,,,,,,,,,,,,,0.0,0.0
2895,108900,,,,,,,,,,,,,,,,,,,,,,,,,,,,,,,,,0.0,0.0
2896,108933,,,,,,,,,,,,,,,,,,,,,,,,,,,,,,,,,0.0,0.0
2897,108967,,,,,,,,,,,,,,,,,,,,,,,,,,,,,,,,,0.0,0.0
2898,109000,,,,,,,,,,,,,,,,,,,,,,,,,,,,,,,,,0.0,0.0
2899,109033,,,,,,,,,,,,,,,,,,,,,,,,,,,,,,,,,0.0,0.0
2900,109067,,,,,,,,,,,,,,,,,,,,,,,,,,,,,,,,,0.0,0.0
2901,109133,,,,,,,,,,,,,,,,,,,,,,,,,,,,,,,,,0.0,0.0
2902,109167,,,,,,,,,,,,,,,,,,,,,,,,,,,,,,,,,0.0,0.0
2903,109200,,,,,,,,,,,,,,,,,,,,,,,,,,,,,,W,movement_move_y_axis,,0.0,0.0
2904,109233,,,,,,,,,,,,,,,,,,,,,,,,,,,,,,W,movement_move_y_axis,,0.0,0.0
2905,109267,,,,,,,,,,,,,,,,,,,,,,,,,,,,,,W,movement_move_y_axis,,0.0,0.0
2906,109300,,,,,,,,,,,,,,,,,,,,,,,,,,,,,,W,movement_move_y_axis,,0.0,0.0
2907,109333,,,,,,,,,,,,,,,,,,,,,,,,,,,,,,W,movement_move_y_axis,,0.0,0.0
2908,109367,,,,,,,,,,,,,,,,,,,,,,,,,,,,,,W,movement_move_y_axis,,0.0,0.0
2909,109400,,,,,,,,,,,,,,,,,,,,,,,,,,,,,,,,,0.0,0.0
2910,109433,,,,,,,,,,,,,,,,,,,,,,,,,,,,,,,,,0.0,0.0
2911,109500,,,,,,,,,,,,,,,,,,,,,,,,,,,,,,,,,0.0,0.0
2912,109533,,,,,,,,,,,,,,,,,,,,,,,,,,,,,,,,,0.0,0.0
2913,109567,,,,,,,,,,,,,,,,,,,,,,,,,,,,,,,,,0.0,0.0
2914,109633,,,,,,,,,,,,,,,,,,,,,,,,,,,,,,,,,0.0,0.0
2915,109667,,,,,,,,,,,,,,,,,,,,,,,,,,,,,,,,,0.0,0.0
2916,109700,,,,,,,,,,,,,,,,,,,,,,,,,,,,,,,,,0.0,0.0
2917,109767,,,,,,,,,,,,,,,,,,,,,,,,,,,,,,,,,0.0,0.0
2918,109800,,,,,,,,,,,,,,,,,,,,,,,,,,,,,,,,,0.0,0.0
2919,109833,,,,,,,,,,,,,,,,,,,,,,,,,,,,,,,,,0.0,0.0
2920,109867,,,,,,,,,,,,,,,,,,,,,,,,,,,,,,,,,0.0,0.0
2921,109900,,,,,,,,,,,,,,,,,,,,,,,,,,,,,,,,,0.0,0.0
2922,109933,,,,,,,,,,,,,,,,,,,,,,,,,,,,,,,,,0.0,0.0
2923,109967,,,,,,,,,,,,,,,,,,,,,,,,,,,,,,,,,0.0,0.0
2924,110000,,,,,,,,,,,,,,,,,,,,,,,,,,,,,,,,,0.0,0.0
2925,110067,,,,,,,,,,,,,,,,,,,,,,,,,,,,,,W,movement_move_y_axis,,0.0,0.0
2926,110100,,,,,,,,,,,,,,,,,,,,,,,,,,,,,,W,movement_move_y_axis,,0.0,0.0
2927,110133,,,,,,,,,,,,,,,,,,,,,,,,,,,,,,W,movement_move_y_axis,,0.0,0.0
2928,110167,,,,,,,,,,,,,,,,,,,,,,,,,,,,,,W,movement_move_y_axis,,0.0,0.0
2929,110233,,,,,,,,,,,,,,,,,,,,,,,,,,,,,,,,,0.0,0.0
2930,110267,,,,,,,,,,,,,,,,,,,,,,,,,,,,,,,,,0.0,0.0
2931,110300,,,,,,,,,,,,,,,,,,,,,,,,,,,,,,,,,0.0,0.0
2932,110333,,,,,,,,,,,,,,,,,,,,,,,,,,,,,,,,,0.0,0.0
2933,110367,,,,,,,,,,,,,,,,,,,,,,,,,,,,,,,,,0.0,0.0
2934,110400,,,,,,,,,,,,,,,,,,,,,,,,,,,,,,,,,0.0,0.0
2935,110433,,,,,,,,,,,,,,,,,,,,,,,,,,,,,,,,,0.0,0.0
2936,110467,,,,,,,,,,,,,,,,,,,,,,,,,,,,,,,,,0.0,0.0
2937,110500,,,,,,,,,,,,,,,,,,,,,,,,,,,,,,,,,0.0,0.0
2938,110533,,,,,,,,,,,,,,,,,,,,,,,,,,,,,,,,,0.0,0.0
2939,110600,,,,,,,,,,,,,,,,,,,,,,,,,,,,,,,,,0.0,0.0
2940,110633,,,,,,,,,,,,,,,,,,,,,,,,,,,,,,,,,0.0,0.0
2941,110667,,,,,,,,,,,,,,,,,,,,,,,,,,,,,,,,,0.0,0.0
2942,110700,,,,,,,,,,,,,,,,,,,,,,,,,,,,,,,,,0.0,0.0
2943,110733,,,,,,,,,,,,,,,,,,,,,,,,,,,,,,,,,0.0,0.0
2944,110767,,,,,,,,,,,,,,,,,,,,,,,,,,,,,,,,,0.0,0.0
2945,110800,,,,,,,,,,,,,,,,,,,,,,,,,,,,,,,,,0.0,0.0
2946,110833,,,,,,,,,,,,,,,,,,,,,,,,,,,,,,,,,0.0,0.0
2947,110867,,,,,,,,,,,,,,,,,,,,,,,,,,,,,,,,,0.0,0.0
2948,110933,,,,,,,,,,,,,,,,,,,,,,,,,,,,,,,,,0.0,0.0
2949,110967,,,,,,,,,,,,,,,,,,,,,,,,,,,,,,,,,0.0,0.0
2950,111000,,,,,,,,,,,,,,,,,,,,,,,,,,,,,,,,,0.0,0.0
2951,111033,,,,,,,,,,,,,,,,,,,,,,,,,,,,,,,,,0.0,0.0
2952,111067,,,,,,,,,,,,,,,,,,,,,,,,,,,,,,,,,0.0,0.0
2953,111100,,,,,,,,,,,,,,,,,,,,,,,,,,,,,,,,,0.0,0.0
2954,111133,,,,,,,,,,,,,,,,,,,,,,,,,,,,,,,,,0.0,0.0
2955,111167,,,,,,,,,,,,,,,,,,,,,,,,,,,,,,,,,0.0,0.0
2956,111200,,,,,,,,,,,,,,,,,,,,,,,,,,,,,,,,,0.0,0.0
2957,111233,,,,,,,,,,,,,,,,,,,,,,,,,,,,,,,,,0.0,0.0
2958,111267,,,,,,,,,,,,,,,,,,,,,,,,,,,,,,,,,0.0,0.0
2959,111333,,,,,,,,,,,,,,,,,,,,,,,,,,,,,,,,,0.0,0.0
2960,111367,,,,,,,,,,,,,,,,,,,,,,,,,,,,,,,,,0.0,0.0
2961,111400,,,,,,,,,,,,,,,,,,,,,,,,,,,,,,,,,0.0,0.0
2962,111433,,,,,,,,,,,,,,,,,,,,,,,,,,,,,,,,,0.0,0.0
2963,111467,,,,,,,,,,,,,,,,,,,,,,,,,,,,,,,,,0.0,0.0
2964,111500,,,,,,,,,,,,,,,,,,,,,,,,,,,,,,,,,0.0,0.0
2965,111533,,,,,,,,,,,,,,,,,,,,,,,,,,,,,,,,,0.0,0.0
2966,111567,,,,,,,,,,,,,,,,,,,,,,,,,,,,,,,,,0.0,0.0
2967,111600,,,,,,,,,,,,,,,,,,,,,,,,,,,,,,,,,0.0,0.0
2968,111633,,,,,,,,,,,,,,,,,,,,,,,,,,,,,,E,general_primary_interact,,0.0,0.0
2969,111667,,,,,,,,,,,,,,,,,,,,,,,,,,,,,,E,general_primary_interact,,0.0,0.0
2970,111700,,,,,,,,,,,,,,,,,,,,,,,,,,,,,,E,general_primary_interact,,0.0,0.0
2971,111733,,,,,,,,,,,,,,,,,,,,,,,,,,,,,,E,general_primary_interact,,0.0,0.0
2972,111800,,,,,,,,,,,,,,,,,,,,,,,,,,,,,,E,general_primary_interact,,0.0,0.0
2973,111833,,,,,,,,,,,,,,,,,,,,,,,,,,,,,,E,general_primary_interact,,0.0,0.0
2974,111867,,,,,,,,,,,,,,,,,,,,,,,,,,,,,,E,general_primary_interact,,0.0,0.0
2975,111900,,,,,,,,,,,,,,,,,,,,,,,,,,,,,,E,general_primary_interact,,0.0,0.0
2976,111933,,,,,,,,,,,,,,,,,,,,,,,,,,,,,,E,general_primary_interact,,0.0,0.0
2977,111967,,,,,,,,,,,,,,,,,,,,,,,,,,,,,,E,general_primary_interact,,0.0,0.0
2978,112000,,,,,,,,,,,,,,,,,,,,,,,,,,,,,,E,general_primary_interact,,0.0,0.0
2979,112067,,,,,,,,,,,,,,,,,,,,,,,,,,,,,,E,general_primary_interact,,0.0,0.0
2980,112100,,,,,,,,,,,,,,,,,,,,,,,,,,,,,,E,general_primary_interact,,0.0,0.0
2981,112133,,,,,,,,,,,,,,,,,,,,,,,,,,,,,,E,general_primary_interact,,0.0,0.0
2982,112167,,,,,,,,,,,,,,,,,,,,,,,,,,,,,,E,general_primary_interact,,0.0,0.0
2983,112233,,,,,,,,,,,,,,,,,,,,,,,,,,,,,,E,general_primary_interact,,0.0,0.0
2984,112267,,,,,,,,,,,,,,,,,,,,,,,,,,,,,,E,general_primary_interact,,0.0,0.0
2985,112300,,,,,,,,,,,,,,,,,,,,,,,,,,,,,,E,general_primary_interact,,0.0,0.0
2986,112333,,,,,,,,,,,,,,,,,,,,,,,,,,,,,,E,general_primary_interact,,0.0,0.0
2987,112367,,,,,,,,,,,,,,,,,,,,,,,,,,,,,,E,general_primary_interact,,0.0,0.0
2988,112400,,,,,,,,,,,,,,,,,,,,,,,,,,,,,,E,general_primary_interact,,0.0,0.0
2989,112433,,,,,,,,,,,,,,,,,,,,,,,,,,,,,,E,general_primary_interact,,0.0,0.0
2990,112467,,,,,,,,,,,,,,,,,,,,,,,,,,,,,,E,general_primary_interact,,0.0,0.0
2991,112500,,,,,,,,,,,,,,,,,,,,,,,,,,,,,,E,general_primary_interact,,0.0,0.0
2992,112533,,,,,,,,,,,,,,,,,,,,,,,,,,,,,,E,general_primary_interact,,0.0,0.0
2993,112567,,,,,,,,,,,,,,,,,,,,,,,,,,,,,,E,general_primary_interact,,0.0,0.0
2994,112633,,,,,,,,,,,,,,,,,,,,,,,,,,,,,,E,general_primary_interact,,0.0,0.0
2995,112667,,,,,,,,,,,,,,,,,,,,,,,,,,,,,,E,general_primary_interact,,0.0,0.0
2996,112700,,,,,,,,,,,,,,,,,,,,,,,,,,,,,,E,general_primary_interact,,0.0,0.0
2997,112733,,,,,,,,,,,,,,,,,,,,,,,,,,,,,,E,general_primary_interact,,0.0,0.0
2998,112767,,,,,,,,,,,,,,,,,,,,,,,,,,,,,,E,general_primary_interact,,0.0,0.0
2999,112800,,,,,,,,,,,,,,,,,,,,,,,,,,,,,,E,general_primary_interact,,0.0,0.0
3000,112833,,,,,,,,,,,,,,,,,,,,,,,,,,,,,,E,general_primary_interact,,0.0,0.0
3001,112867,,,,,,,,,,,,,,,,,,,,,,,,,,,,,,E,general_primary_interact,,0.0,0.0
3002,112900,,,,,,,,,,,,,,,,,,,,,,,,,,,,,,E,general_primary_interact,,0.0,0.0
3003,112933,,,,,,,,,,,,,,,,,,,,,,,,,,,,,,E,general_primary_interact,,0.0,0.0
3004,112967,,,,,,,,,,,,,,,,,,,,,,,,,,,,,,E,general_primary_interact,,0.0,0.0
3005,113033,,,,,,,,,,,,,,,,,,,,,,,,,,,,,,E,general_primary_interact,,0.0,0.0
3006,113067,,,,,,,,,,,,,,,,,,,,,,,,,,,,,,E,general_primary_interact,,0.0,0.0
3007,113100,,,,,,,,,,,,,,,,,,,,,,,,,,,,,,E,general_primary_interact,,0.0,0.0
3008,113133,,,,,,,,,,,,,,,,,,,,,,,,,,,,,,E,general_primary_interact,,0.0,0.0
3009,113167,,,,,,,,,,,,,,,,,,,,,,,,,,,,,,E,general_primary_interact,,0.0,0.0
3010,113200,,,,,,,,,,,,,,,,,,,,,,,,,,,,,,E,general_primary_interact,,0.0,0.0
3011,113233,,,,,,,,,,,,,,,,,,,,,,,,,,,,,,E,general_primary_interact,,0.0,0.0
3012,113267,,,,,,,,,,,,,,,,,,,,,,,,,,,,,,,,,0.0,0.0
3013,113300,,,,,,,,,,,,,,,,,,,,,,,,,,,,,,,,,0.0,0.0
3014,113333,,,,,,,,,,,,,,,,,,,,,,,,,,,,,,,,,0.0,0.0
3015,113367,,,,,,,,,,,,,,,,,,,,,,,,,,,,,,,,,0.0,0.0
3016,113400,,,,,,,,,,,,,,,,,,,,,,,,,,,,,,,,,0.0,0.0
3017,113433,,,,,,,,,,,,,,,,,,,,,,,,,,,,,,,,,0.0,0.0
3018,113467,,,,,,,,,,,,,,,,,,,,,,,,,,,,,,,,,0.0,0.0
3019,113500,,,,,,,,,,,,,,,,,,,,,,,,,,,,,,,,,0.0,0.0
3020,113533,,,,,,,,,,,,,,,,,,,,,,,,,,,,,,,,,0.0,0.0
3021,113567,,,,,,,,,,,,,,,,,,,,,,,,,,,,,,,,,0.0,0.0
3022,113600,,,,,,,,,,,,,,,,,,,,,,,,,,,,,,,,,0.0,0.0
3023,113633,,,,,,,,,,,,,,,,,,,,,,,,,,,,,,,,,0.0,0.0
3024,113700,,,,,,,,,,,,,,,,,,,,,,,,,,,,,,,,,0.0,0.0
3025,113733,,,,,,,,,,,,,,,,,,,,,,,,,,,,,,,,,0.0,0.0
3026,113767,,,,,,,,,,,,,,,,,,,,,,,,,,,,,,,,,0.0,0.0
3027,113800,,,,,,,,,,,,,,,,,,,,,,,,,,,,,,,,,0.0,0.0
3028,113833,,,,,,,,,,,,,,,,,,,,,,,,,,,,,,,,,0.0,0.0
3029,113867,,,,,,,,,,,,,,,,,,,,,,,,,,,,,,,,,0.0,0.0
3030,113900,,,,,,,,,,,,,,,,,,,,,,,,,,,,,,,,,0.0,0.0
3031,113933,,,,,,,,,,,,,,,,,,,,,,,,,,,,,,,,,0.0,0.0
3032,113967,,,,,,,,,,,,,,,,,,,,,,,,,,,,,,,,,0.0,0.0
3033,114000,,,,,,,,,,,,,,,,,,,,,,,,,,,,,,,,,0.0,0.0
3034,114067,,,,,,,,,,,,,,,,,,,,,,,,,,,,,,,,,0.0,0.0
3035,114100,,,,,,,,,,,,,,,,,,,,,,,,,,,,,,,,,0.0,0.0
3036,114133,,,,,,,,,,,,,,,,,,,,,,,,,,,,,,,,,0.0,0.0
3037,114167,,,,,,,,,,,,,,,,,,,,,,,,,,,,,,,,,0.0,0.0
3038,114200,,,,,,,,,,,,,,,,,,,,,,,,,,,,,,,,,0.0,0.0
3039,114233,,,,,,,,,,,,,,,,,,,,,,,,,,,,,,,,,0.0,0.0
3040,114267,,,,,,,,,,,,,,,,,,,,,,,,,,,,,,,,,0.0,0.0
3041,114300,,,,,,,,,,,,,,,,,,,,,,,,,,,,,,,,,0.0,0.0
3042,114333,,,,,,,,,,,,,,,,,,,,,,,,,,,,,,,,,0.0,0.0
3043,114367,,,,,,,,,,,,,,,,,,,,,,,,,,,,,,,,,0.0,0.0
3044,114400,,,,,,,,,,,,,,,,,,,,,,,,,,,,,,,,,0.0,0.0
3045,114467,,,,,,,,,,,,,,,,,,,,,,,,,,,,,,,,,0.0,0.0
3046,114500,,,,,,,,,,,,,,,,,,,,,,,,,,,,,,,,,0.0,0.0
3047,114533,,,,,,,,,,,,,,,,,,,,,,,,,,,,,,,,,0.0,0.0
3048,114567,,,,,,,,,,,,,,,,,,,,,,,,,,,,,,,,,0.0,0.0
3049,114600,,,,,,,,,,,,,,,,,,,,,,,,,,,,,,,,,0.0,0.0
3050,114633,,,,,,,,,,,,,,,,,,,,,,,,,,,,,,,,,0.0,0.0
3051,114667,,,,,,,,,,,,,,,,,,,,,,,,,,,,,,,,,0.0,0.0
3052,114700,,,,,,,,,,,,,,,,,,,,,,,,,,,,,,,,,0.0,0.0
3053,114733,,,,,,,,,,,,,,,,,,,,,,,,,,,,,,,,,0.0,0.0
3054,114767,,,,,,,,,,,,,,,,,,,,,,,,,,,,,,,,,0.0,0.0
3055,114800,,,,,,,,,,,,,,,,,,,,,,,,,,,,,,,,,0.0,0.0
3056,114833,,,,,,,,,,,,,,,,,,,,,,,,,,,,,,,,,0.0,0.0
3057,114867,,,,,,,,,,,,,,,,,,,,,,,,,,,,,,,,,0.0,0.0
3058,114900,,,,,,,,,,,,,,,,,,,,,,,,,,,,,,,,,0.0,0.0
3059,114933,,,,,,,,,,,,,,,,,,,,,,,,,,,,,,,,,0.0,0.0
3060,114967,,,,,,,,,,,,,,,,,,,,,,,,,,,,,,,,,0.0,0.0
3061,115000,,,,,,,,,,,,,,,,,,,,,,,,,,,,,,,,,0.0,0.0
3062,115033,,,,,,,,,,,,,,,,,,,,,,,,,,,,,,,,,0.0,0.0
3063,115100,,,,,,,,,,,,,,,,,,,,,,,,,,,,,,,,,0.0,0.0
3064,115133,,,,,,,,,,,,,,,,,,,,,,,,,,,,,,,,,0.0,0.0
3065,115167,,,,,,,,,,,,,,,,,,,,,,,,,,,,,,,,,0.0,0.0
3066,115233,,,,,,,,,,,,,,,,,,,,,,,,,,,,,,,,,0.0,0.0
3067,115267,,,,,,,,,,,,,,,,,,,,,,,,,,,,,,,,,0.0,0.0
3068,115300,,,,,,,,,,,,,,,,,,,,,,,,,,,,,,,,,0.0,0.0
3069,115333,,,,,,,,,,,,,,,,,,,,,,,,,,,,,,,,,0.0,0.0
3070,115367,,,,,,,,,,,,,,,,,,,,,,,,,,,,,,,,,0.0,0.0
3071,115400,,,,,,,,,,,,,,,,,,,,,,,,,,,,,,,,,0.0,0.0
3072,115433,,,,,,,,,,,,,,,,,,,,,,,,,,,,,,,,,0.0,0.0
3073,115467,,,,,,,,,,,,,,,,,,,,,,,,,,,,,,,,,0.0,0.0
3074,115500,,,,,,,,,,,,,,,,,,,,,,,,,,,,,,,,,0.0,0.0
3075,115533,,,,,,,,,,,,,,,,,,,,,,,,,,,,,,W,movement_move_y_axis,,0.0,0.0
3076,115567,,,,,,,,,,,,,,,,,,,,,,,,,,,,,,W,movement_move_y_axis,,0.0,0.0
3077,115600,,,,,,,,,,,,,,,,,,,,,,,,,,,,,,W,movement_move_y_axis,,0.0,0.0
3078,115633,,,,,,,,,,,,,,,,,,,,,,,,,,,,,,W,movement_move_y_axis,,0.0,0.0
3079,115733,,,,,,,,,,,,,,,,,,,,,,,,,,,,,,W,movement_move_y_axis,,0.0,0.0
3080,115767,,,,,,,,,,,,,,,,,,,,,,,,,,,,,,W,movement_move_y_axis,,0.0,0.0
3081,115800,,,,,,,,,,,,,,,,,,,,,,,,,,,,,,W,movement_move_y_axis,,0.0,0.0
3082,115833,,,,,,,,,,,,,,,,,,,,,,,,,,,,,,W,movement_move_y_axis,,0.0,0.0
3083,115900,,,,,,,,,,,,,,,,,,,,,,,,,,,,,,W,movement_move_y_axis,,0.0,0.0
3084,115933,,,,,,,,,,,,,,,,,,,,,,,,,,,,,,W,movement_move_y_axis,,0.0,0.0
3085,115967,,,,,,,,,,,,,,,,,,,,,,,,,,,,,,W,movement_move_y_axis,,0.0,0.0
3086,116000,,,,,,,,,,,,,,,,,,,,,,,,,,,,,,W,movement_move_y_axis,,0.0,0.0
3087,116033,,,,,,,,,,,,,,,,,,,,,,,,,,,,,,W,movement_move_y_axis,,0.0,0.0
3088,116067,,,,,,,,,,,,,,,,,,,,,,,,,,,,,,W,movement_move_y_axis,,0.0,0.0
3089,116100,,,,,,,,,,,,,,,,,,,,,,,,,,,,,,W,movement_move_y_axis,,0.0,0.0
3090,116133,,,,,,,,,,,,,,,,,,,,,,,,,,,,,,W,movement_move_y_axis,,0.0,0.0
3091,116167,,,,,,,,,,,,,,,,,,,,,,,,,,,,,,W,movement_move_y_axis,,0.0,0.0
3092,116200,,,,,,,,,,,,,,,,,,,,,,,,,,,,,,W,movement_move_y_axis,,0.0,0.0
3093,116267,,,,,,,,,,,,,,,,,,,,,,,,,,,,,,W,movement_move_y_axis,,0.0,0.0
3094,116300,,,,,,,,,,,,,,,,,,,,,,,,,,,,,,W,movement_move_y_axis,,0.0,0.0
3095,116333,,,,,,,,,,,,,,,,,,,,,,,,,,,,,,W,movement_move_y_axis,,0.0,0.0
3096,116367,,,,,,,,,,,,,,,,,,,,,,,,,,,,,,W,movement_move_y_axis,,0.0,0.0
3097,116400,,,,,,,,,,,,,,,,,,,,,,,,,,,,,,W,movement_move_y_axis,,0.0,0.0
3098,116433,,,,,,,,,,,,,,,,,,,,,,,,,,,,,,W,movement_move_y_axis,,0.0,0.0
3099,116467,,,,,,,,,,,,,,,,,,,,,,,,,,,,,,W,movement_move_y_axis,,0.0,0.0
3100,116500,,,,,,,,,,,,,,,,,,,,,,,,,,,,,,W,movement_move_y_axis,,0.0,0.0
3101,116533,,,,,,,,,,,,,,,,,,,,,,,,,,,,,,W,movement_move_y_axis,,0.0,0.0
3102,116600,,,,,,,,,,,,,,,,,,,,,,,,,,,,,,W,movement_move_y_axis,,0.0,0.0
3103,116633,,,,,,,,,,,,,,,,,,,,,,,,,,,,,,W,movement_move_y_axis,,0.0,0.0
3104,116667,,,,,,,,,,,,,,,,,,,,,,,,,,,,,,W,movement_move_y_axis,,0.0,0.0
3105,116700,,,,,,,,,,,,,,,,,,,,,,,,,,,,,,W,movement_move_y_axis,,0.0,0.0
3106,116733,,,,,,,,,,,,,,,,,,,,,,,,,,,,,,W,movement_move_y_axis,,0.0,0.0
3107,116767,,,,,,,,,,,,,,,,,,,,,,,,,,,,,,W,movement_move_y_axis,,0.0,0.0
3108,116800,,,,,,,,,,,,,,,,,,,,,,,,,,,,,,W,movement_move_y_axis,,0.0,0.0
3109,116833,,,,,,,,,,,,,,,,,,,,,,,,,,,,,,W,movement_move_y_axis,,0.0,0.0
3110,116867,,,,,,,,,,,,,,,,,,,,,,,,,,,,,,W,movement_move_y_axis,,0.0,0.0
3111,116900,,,,,,,,,,,,,,,,,,,,,,,,,,,,,,W,movement_move_y_axis,,0.0,0.0
3112,116933,,,,,,,,,,,,,,,,,,,,,,,,,,,,,,W,movement_move_y_axis,,0.0,0.0
3113,116967,,,,,,,,,,,,,,,,,,,,,,,,,,,,,,W,movement_move_y_axis,,0.0,0.0
3114,117000,,,,,,,,,,,,,,,,,,,,,,,,,,,,,,,,,0.0,0.0
3115,117033,,,,,,,,,,,,,,,,,,,,,,,,,,,,,,,,,0.0,0.0
3116,117067,,,,,,,,,,,,,,,,,,,,,,,,,,,,,,,,,0.0,0.0
3117,117100,,,,,,,,,,,,,,,,,,,,,,,,,,,,,,,,,0.0,0.0
3118,117133,,,,,,,,,,,,,,,,,,,,,,,,,,,,,,,,,0.0,0.0
3119,117167,,,,,,,,,,,,,,,,,,,,,,,,,,,,,,,,,0.0,0.0
3120,117200,,,,,,,,,,,,,,,,,,,,,,,,,,,,,,,,,0.0,0.0
3121,117267,,,,,,,,,,,,,,,,,,,,,,,,,,,,,,S,movement_move_y_axis,,0.0,0.0
3122,117300,,,,,,,,,,,,,,,,,,,,,,,,,,,,,,S,movement_move_y_axis,,0.0,0.0
3123,117333,,,,,,,,,,,,,,,,,,,,,,,,,,,,,,S,movement_move_y_axis,,0.0,0.0
3124,117367,,,,,,,,,,,,,,,,,,,,,,,,,,,,,,S,movement_move_y_axis,,0.0,0.0
3125,117400,,,,,,,,,,,,,,,,,,,,,,,,,,,,,,S,movement_move_y_axis,,0.0,0.0
3126,117467,,,,,,,,,,,,,,,,,,,,,,,,,,,,,,S,movement_move_y_axis,,0.0,0.0
3127,117500,,,,,,,,,,,,,,,,,,,,,,,,,,,,,,S,movement_move_y_axis,,0.0,0.0
3128,117533,,,,,,,,,,,,,,,,,,,,,,,,,,,,,,S,movement_move_y_axis,,0.0,0.0
3129,117567,,,,,,,,,,,,,,,,,,,,,,,,,,,,,,S,movement_move_y_axis,,0.0,0.0
3130,117600,,,,,,,,,,,,,,,,,,,,,,,,,,,,,,S,movement_move_y_axis,,0.0,0.0
3131,117633,,,,,,,,,,,,,,,,,,,,,,,,,,,,,,S,movement_move_y_axis,,0.0,0.0
3132,117667,,,,,,,,,,,,,,,,,,,,,,,,,,,,,,S,movement_move_y_axis,,0.0,0.0
3133,117700,,,,,,,,,,,,,,,,,,,,,,,,,,,,,,S,movement_move_y_axis,,0.0,0.0
3134,117733,,,,,,,,,,,,,,,,,,,,,,,,,,,,,,S,movement_move_y_axis,,0.0,0.0
3135,117767,,,,,,,,,,,,,,,,,,,,,,,,,,,,,,S,movement_move_y_axis,,0.0,0.0
3136,117800,,,,,,,,,,,,,,,,,,,,,,,,,,,,,,S,movement_move_y_axis,,0.0,0.0
3137,117833,,,,,,,,,,,,,,,,,,,,,,,,,,,,,,S,movement_move_y_axis,,0.0,0.0
3138,117867,,,,,,,,,,,,,,,,,,,,,,,,,,,,,,A,movement_move_x_axis,,0.0,0.0
3139,117900,,,,,,,,,,,,,,,,,,,,,,,,,,,,,,A|Shift,movement_move_x_axis|flight_up_thrust,,0.0,0.0
3140,117933,,,,,,,,,,,,,,,,,,,,,,,,,,,,,,A|Shift,movement_move_x_axis|flight_up_thrust,,0.0,0.0
3141,117967,,,,,,,,,,,,,,,,,,,,,,,,,,,,,,A|Shift,movement_move_x_axis|flight_up_thrust,,0.0,0.0
3142,118000,,,,,,,,,,,,,,,,,,,,,,,,,,,,,,A|Shift,movement_move_x_axis|flight_up_thrust,,0.0,0.0
3143,118033,,,,,,,,,,,,,,,,,,,,,,,,,,,,,,A|Shift,movement_move_x_axis|flight_up_thrust,,0.0,0.0
3144,118067,,,,,,,,,,,,,,,,,,,,,,,,,,,,,,A|Shift,movement_move_x_axis|flight_up_thrust,,0.0,0.0
3145,118100,,,,,,,,,,,,,,,,,,,,,,,,,,,,,,A|Shift,movement_move_x_axis|flight_up_thrust,,0.0,0.0
3146,118133,,,,,,,,,,,,,,,,,,,,,,,,,,,,,,A|Shift,movement_move_x_axis|flight_up_thrust,,0.0,0.0
3147,118200,,,,,,,,,,,,,,,,,,,,,,,,,,,,,,A|Shift,movement_move_x_axis|flight_up_thrust,,0.0,0.0
3148,118233,,,,,,,,,,,,,,,,,,,,,,,,,,,,,,A|Shift,movement_move_x_axis|flight_up_thrust,,0.0,0.0
3149,118267,,,,,,,,,,,,,,,,,,,,,,,,,,,,,,A|Shift,movement_move_x_axis|flight_up_thrust,,0.0,0.0
3150,118300,,,,,,,,,,,,,,,,,,,,,,,,,,,,,,A|Shift,movement_move_x_axis|flight_up_thrust,,0.0,0.0
3151,118333,,,,,,,,,,,,,,,,,,,,,,,,,,,,,,A|Shift,movement_move_x_axis|flight_up_thrust,,0.0,0.0
3152,118367,,,,,,,,,,,,,,,,,,,,,,,,,,,,,,A|Shift,movement_move_x_axis|flight_up_thrust,,0.0,0.0
3153,118400,,,,,,,,,,,,,,,,,,,,,,,,,,,,,,A|Shift,movement_move_x_axis|flight_up_thrust,,0.0,0.0
3154,118433,,,,,,,,,,,,,,,,,,,,,,,,,,,,,,A|Shift,movement_move_x_axis|flight_up_thrust,,0.0,0.0
3155,118467,,,,,,,,,,,,,,,,,,,,,,,,,,,,,,A|Shift,movement_move_x_axis|flight_up_thrust,,0.0,0.0
3156,118533,,,,,,,,,,,,,,,,,,,,,,,,,,,,,,A|Shift,movement_move_x_axis|flight_up_thrust,,0.0,0.0
3157,118567,,,,,,,,,,,,,,,,,,,,,,,,,,,,,,A|Shift,movement_move_x_axis|flight_up_thrust,,0.0,0.0
3158,118600,,,,,,,,,,,,,,,,,,,,,,,,,,,,,,A|Shift,movement_move_x_axis|flight_up_thrust,,0.0,0.0
3159,118633,,,,,,,,,,,,,,,,,,,,,,,,,,,,,,A|Shift,movement_move_x_axis|flight_up_thrust,,0.0,0.0
3160,118667,,,,,,,,,,,,,,,,,,,,,,,,,,,,,,A|Shift,movement_move_x_axis|flight_up_thrust,,0.0,0.0
3161,118700,,,,,,,,,,,,,,,,,,,,,,,,,,,,,,A|Shift,movement_move_x_axis|flight_up_thrust,,0.0,0.0
3162,118733,,,,,,,,,,,,,,,,,,,,,,,,,,,,,,A|Shift,movement_move_x_axis|flight_up_thrust,,0.0,0.0
3163,118767,,,,,,,,,,,,,,,,,,,,,,,,,,,,,,A|Shift,movement_move_x_axis|flight_up_thrust,,0.0,0.0
3164,118800,,,,,,,,,,,,,,,,,,,,,,,,,,,,,,A|Shift,movement_move_x_axis|flight_up_thrust,,0.0,0.0
3165,118867,,,,,,,,,,,,,,,,,,,,,,,,,,,,,,A|Shift,movement_move_x_axis|flight_up_thrust,,0.0,0.0
3166,118900,,,,,,,,,,,,,,,,,,,,,,,,,,,,,,A|Shift,movement_move_x_axis|flight_up_thrust,,0.0,0.0
3167,118933,,,,,,,,,,,,,,,,,,,,,,,,,,,,,,A|Shift,movement_move_x_axis|flight_up_thrust,,0.0,0.0
3168,118967,,,,,,,,,,,,,,,,,,,,,,,,,,,,,,A|Shift,movement_move_x_axis|flight_up_thrust,,0.0,0.0
3169,119000,,,,,,,,,,,,,,,,,,,,,,,,,,,,,,A|Shift,movement_move_x_axis|flight_up_thrust,,0.0,0.0
3170,119033,,,,,,,,,,,,,,,,,,,,,,,,,,,,,,Shift,flight_up_thrust,,0.0,0.0
3171,119067,,,,,,,,,,,,,,,,,,,,,,,,,,,,,,Shift,flight_up_thrust,,0.0,0.0
3172,119100,,,,,,,,,,,,,,,,,,,,,,,,,,,,,,Shift,flight_up_thrust,,0.0,0.0
3173,119133,,,,,,,,,,,,,,,,,,,,,,,,,,,,,,Shift,flight_up_thrust,,0.0,0.0
3174,119167,,,,,,,,,,,,,,,,,,,,,,,,,,,,,,Shift,flight_up_thrust,,0.0,0.0
3175,119200,,,,,,,,,,,,,,,,,,,,,,,,,,,,,,Shift,flight_up_thrust,,0.0,0.0
3176,119233,,,,,,,,,,,,,,,,,,,,,,,,,,,,,,Shift,flight_up_thrust,,0.0,0.0
3177,119267,,,,,,,,,,,,,,,,,,,,,,,,,,,,,,Shift,flight_up_thrust,,0.0,0.0
3178,119300,,,,,,,,,,,,,,,,,,,,,,,,,,,,,,Shift,flight_up_thrust,,0.0,0.0
3179,119333,,,,,,,,,,,,,,,,,,,,,,,,,,,,,,Shift,flight_up_thrust,,0.0,0.0
3180,119367,,,,,,,,,,,,,,,,,,,,,,,,,,,,,,Shift,flight_up_thrust,,0.0,0.0
3181,119400,,,,,,,,,,,,,,,,,,,,,,,,,,,,,,Shift,flight_up_thrust,,0.0,0.0
3182,119433,,,,,,,,,,,,,,,,,,,,,,,,,,,,,,Shift,flight_up_thrust,,0.0,0.0
3183,119467,,,,,,,,,,,,,,,,,,,,,,,,,,,,,,Shift,flight_up_thrust,,0.0,0.0
3184,119500,,,,,,,,,,,,,,,,,,,,,,,,,,,,,,Shift,flight_up_thrust,,0.0,0.0
3185,119533,,,,,,,,,,,,,,,,,,,,,,,,,,,,,,Shift,flight_up_thrust,,0.0,0.0
3186,119600,,,,,,,,,,,,,,,,,,,,,,,,,,,,,,Shift,flight_up_thrust,,0.0,0.0
3187,119633,,,,,,,,,,,,,,,,,,,,,,,,,,,,,,Shift,flight_up_thrust,,0.0,0.0
3188,119667,,,,,,,,,,,,,,,,,,,,,,,,,,,,,,Shift,flight_up_thrust,,0.0,0.0
3189,119700,,,,,,,,,,,,,,,,,,,,,,,,,,,,,,Shift,flight_up_thrust,,0.0,0.0
3190,119733,,,,,,,,,,,,,,,,,,,,,,,,,,,,,,Shift,flight_up_thrust,,0.0,0.0
3191,119767,,,,,,,,,,,,,,,,,,,,,,,,,,,,,,Shift,flight_up_thrust,,0.0,0.0
3192,119800,,,,,,,,,,,,,,,,,,,,,,,,,,,,,,Shift,flight_up_thrust,,0.0,0.0
3193,119833,,,,,,,,,,,,,,,,,,,,,,,,,,,,,,Shift,flight_up_thrust,,0.0,0.0
3194,119867,,,,,,,,,,,,,,,,,,,,,,,,,,,,,,Shift,flight_up_thrust,,0.0,0.0
3195,119900,,,,,,,,,,,,,,,,,,,,,,,,,,,,,,Shift,flight_up_thrust,,0.0,0.0
3196,119933,,,,,,,,,,,,,,,,,,,,,,,,,,,,,,Shift,flight_up_thrust,,0.0,0.0
3197,119967,,,,,,,,,,,,,,,,,,,,,,,,,,,,,,Shift,flight_up_thrust,,0.0,0.0
3198,120033,,,,,,,,,,,,,,,,,,,,,,,,,,,,,,Shift,flight_up_thrust,,0.0,0.0
3199,120067,,,,,,,,,,,,,,,,,,,,,,,,,,,,,,Shift,flight_up_thrust,,0.0,0.0
3200,120100,,,,,,,,,,,,,,,,,,,,,,,,,,,,,,,,,0.0,0.0
3201,120133,,,,,,,,,,,,,,,,,,,,,,,,,,,,,,,,,0.0,0.0
3202,120167,,,,,,,,,,,,,,,,,,,,,,,,,,,,,,,,,0.0,0.0
3203,120200,,,,,,,,,,,,,,,,,,,,,,,,,,,,,,,,,0.0,0.0
3204,120233,,,,,,,,,,,,,,,,,,,,,,,,,,,,,,,,,0.0,0.0
3205,120267,,,,,,,,,,,,,,,,,,,,,,,,,,,,,,,movement_look_x_axis|movement_look_y_axis,,2.0,-1.0
3206,120300,,,,,,,,,,,,,,,,,,,,,,,,,,,,,,,movement_look_x_axis|movement_look_y_axis,,2.0,-5.0
3207,120367,,,,,,,,,,,,,,,,,,,,,,,,,,,,,,,,,0.0,0.0
3208,120400,,,,,,,,,,,,,,,,,,,,,,,,,,,,,,,,,0.0,0.0
3209,120433,,,,,,,,,,,,,,,,,,,,,,,,,,,,,,,,,0.0,0.0
3210,120467,,,,,,,,,,,,,,,,,,,,,,,,,,,,,,,,,0.0,0.0
3211,120533,,,,,,,,,,,,,,,,,,,,,,,,,,,,,,,,,0.0,0.0
3212,120567,,,,,,,,,,,,,,,,,,,,,,,,,,,,,,,,,0.0,0.0
3213,120600,,,,,,,,,,,,,,,,,,,,,,,,,,,,,,,,,0.0,0.0
3214,120633,,,,,,,,,,,,,,,,,,,,,,,,,,,,,,,,,0.0,0.0
3215,120667,,,,,,,,,,,,,,,,,,,,,,,,,,,,,,,,,0.0,0.0
3216,120700,,,,,,,,,,,,,,,,,,,,,,,,,,,,,,,,,0.0,0.0
3217,120733,,,,,,,,,,,,,,,,,,,,,,,,,,,,,,,,,0.0,0.0
3218,120767,,,,,,,,,,,,,,,,,,,,,,,,,,,,,,,,,0.0,0.0
3219,120800,,,,,,,,,,,,,,,,,,,,,,,,,,,,,,,,,0.0,0.0
3220,120833,,,,,,,,,,,,,,,,,,,,,,,,,,,,,,Q,general_cancel,,0.0,0.0
3221,120900,,,,,,,,,,,,,,,,,,,,,,,,,,,,,,Q,general_cancel,,0.0,0.0
3222,120933,,,,,,,,,,,,,,,,,,,,,,,,,,,,,,Q,general_cancel,,0.0,0.0
3223,120967,,,,,,,,,,,,,,,,,,,,,,,,,,,,,,Q,general_cancel,,0.0,0.0
3224,121000,,,,,,,,,,,,,,,,,,,,,,,,,,,,,,Q,general_cancel,,0.0,0.0
3225,121033,,,,,,,,,,,,,,,,,,,,,,,,,,,,,,Q,general_cancel,,0.0,0.0
3226,121067,,,,,,,,,,,,,,,,,,,,,,,,,,,,,,Q,general_cancel,,0.0,0.0
3227,121100,,,,,,,,,,,,,,,,,,,,,,,,,,,,,,Q,general_cancel,,0.0,0.0
3228,121133,,,,,,,,,,,,,,,,,,,,,,,,,,,,,,Q,general_cancel,,0.0,0.0
3229,121167,,,,,,,,,,,,,,,,,,,,,,,,,,,,,,Q,general_cancel,,0.0,0.0
3230,121200,,,,,,,,,,,,,,,,,,,,,,,,,,,,,,Q,general_cancel,,0.0,0.0
3231,121233,,,,,,,,,,,,,,,,,,,,,,,,,,,,,,Q,general_cancel,,0.0,0.0
3232,121267,,,,,,,,,,,,,,,,,,,,,,,,,,,,,,Q,general_cancel,,0.0,0.0
3233,121300,,,,,,,,,,,,,,,,,,,,,,,,,,,,,,Q,general_cancel,,0.0,0.0
3234,121333,,,,,,,,,,,,,,,,,,,,,,,,,,,,,,Q,general_cancel,,0.0,0.0
3235,121367,,,,,,,,,,,,,,,,,,,,,,,,,,,,,,Q,general_cancel,,0.0,0.0
3236,121433,,,,,,,,,,,,,,,,,,,,,,,,,,,,,,Q,general_cancel,,0.0,0.0
3237,121467,,,,,,,,,,,,,,,,,,,,,,,,,,,,,,Q,general_cancel,,0.0,0.0
3238,121500,,,,,,,,,,,,,,,,,,,,,,,,,,,,,,Q,general_cancel,,0.0,0.0
3239,121533,,,,,,,,,,,,,,,,,,,,,,,,,,,,,,Q,general_cancel,,0.0,0.0
3240,121567,,,,,,,,,,,,,,,,,,,,,,,,,,,,,,,,,0.0,0.0
3241,121600,,,,,,,,,,,,,,,,,,,,,,,,,,,,,,,,,0.0,0.0
3242,121667,,,,,,,,,,,,,,,,,,,,,,,,,,,,,,,,,0.0,0.0
3243,121700,,,,,,,,,,,,,,,,,,,,,,,,,,,,,,,,,0.0,0.0
3244,121733,,,,,,,,,,,,,,,,,,,,,,,,,,,,,,,,,0.0,0.0
3245,121767,,,,,,,,,,,,,,,,,,,,,,,,,,,,,,,,,0.0,0.0
3246,121800,,,,,,,,,,,,,,,,,,,,,,,,,,,,,,,,,0.0,0.0
3247,121833,,,,,,,,,,,,,,,,,,,,,,,,,,,,,,,,,0.0,0.0
3248,121867,,,,,,,,,,,,,,,,,,,,,,,,,,,,,,,,,0.0,0.0
3249,121900,,,,,,,,,,,,,,,,,,,,,,,,,,,,,,,,,0.0,0.0
3250,121933,,,,,,,,,,,,,,,,,,,,,,,,,,,,,,,,,0.0,0.0
3251,121967,,,,,,,,,,,,,,,,,,,,,,,,,,,,,,,,,0.0,0.0
3252,122000,,,,,,,,,,,,,,,,,,,,,,,,,,,,,,,,,0.0,0.0
3253,122033,,,,,,,,,,,,,,,,,,,,,,,,,,,,,,,,,0.0,0.0
3254,122067,,,,,,,,,,,,,,,,,,,,,,,,,,,,,,,,,0.0,0.0
3255,122100,,,,,,,,,,,,,,,,,,,,,,,,,,,,,,,,,0.0,0.0
3256,122133,,,,,,,,,,,,,,,,,,,,,,,,,,,,,,,,,0.0,0.0
3257,122167,,,,,,,,,,,,,,,,,,,,,,,,,,,,,,,,,0.0,0.0
3258,122200,,,,,,,,,,,,,,,,,,,,,,,,,,,,,,,,,0.0,0.0
3259,122233,,,,,,,,,,,,,,,,,,,,,,,,,,,,,,,,,0.0,0.0
3260,122267,,,,,,,,,,,,,,,,,,,,,,,,,,,,,,,,,0.0,0.0
3261,122300,,,,,,,,,,,,,,,,,,,,,,,,,,,,,,,,,0.0,0.0
3262,122367,,,,,,,,,,,,,,,,,,,,,,,,,,,,,,,,,0.0,0.0
3263,122433,,,,,,,,,,,,,,,,,,,,,,,,,,,,,,,,,0.0,0.0
3264,122467,,,,,,,,,,,,,,,,,,,,,,,,,,,,,,,,,0.0,0.0
3265,122500,,,,,,,,,,,,,,,,,,,,,,,,,,,,,,,,,0.0,0.0
3266,122533,,,,,,,,,,,,,,,,,,,,,,,,,,,,,,,,,0.0,0.0
3267,122567,,,,,,,,,,,,,,,,,,,,,,,,,,,,,,,,,0.0,0.0
3268,122600,,,,,,,,,,,,,,,,,,,,,,,,,,,,,,,,,0.0,0.0
3269,122633,,,,,,,,,,,,,,,,,,,,,,,,,,,,,,,,,0.0,0.0
3270,122667,,,,,,,,,,,,,,,,,,,,,,,,,,,,,,,,,0.0,0.0
3271,122700,,,,,,,,,,,,,,,,,,,,,,,,,,,,,,,,,0.0,0.0
3272,122733,,,,,,,,,,,,,,,,,,,,,,,,,,,,,,,,,0.0,0.0
3273,122767,,,,,,,,,,,,,,,,,,,,,,,,,,,,,,,,,0.0,0.0
3274,122800,,,,,,,,,,,,,,,,,,,,,,,,,,,,,,,,,0.0,0.0
3275,122833,,,,,,,,,,,,,,,,,,,,,,,,,,,,,,,movement_look_x_axis|movement_look_y_axis,,1.0,-1.0
3276,122867,,,,,,,,,,,,,,,,,,,,,,,,,,,,,,,,,0.0,0.0
3277,122900,,,,,,,,,,,,,,,,,,,,,,,,,,,,,,,movement_look_x_axis|movement_look_y_axis,,1.0,-2.0
3278,122967,,,,,,,,,,,,,,,,,,,,,,,,,,,,,,,,,0.0,0.0
3279,123000,,,,,,,,,,,,,,,,,,,,,,,,,,,,,,,,,0.0,0.0
3280,123033,,,,,,,,,,,,,,,,,,,,,,,,,,,,,,,,,0.0,0.0
3281,123067,,,,,,,,,,,,,,,,,,,,,,,,,,,,,,,,,0.0,0.0
3282,123100,,,,,,,,,,,,,,,,,,,,,,,,,,,,,,,,,0.0,0.0
3283,123133,,,,,,,,,,,,,,,,,,,,,,,,,,,,,,,,,0.0,0.0
3284,123167,,,,,,,,,,,,,,,,,,,,,,,,,,,,,,,,,0.0,0.0
3285,123200,,,,,,,,,,,,,,,,,,,,,,,,,,,,,,,,,0.0,0.0
3286,123267,,,,,,,,,,,,,,,,,,,,,,,,,,,,,,Shift,flight_up_thrust,,0.0,0.0
3287,123333,,,,,,,,,,,,,,,,,,,,,,,,,,,,,,Shift,flight_up_thrust,,0.0,0.0
3288,123367,,,,,,,,,,,,,,,,,,,,,,,,,,,,,,Shift,flight_up_thrust,,0.0,0.0
3289,123400,,,,,,,,,,,,,,,,,,,,,,,,,,,,,,Shift,flight_up_thrust,,0.0,0.0
3290,123433,,,,,,,,,,,,,,,,,,,,,,,,,,,,,,Shift,flight_up_thrust,,0.0,0.0
3291,123467,,,,,,,,,,,,,,,,,,,,,,,,,,,,,,Shift,flight_up_thrust,,0.0,0.0
3292,123533,,,,,,,,,,,,,,,,,,,,,,,,,,,,,,Shift,flight_up_thrust,,0.0,0.0
3293,123567,,,,,,,,,,,,,,,,,,,,,,,,,,,,,,Shift,flight_up_thrust,,0.0,0.0
3294,123600,,,,,,,,,,,,,,,,,,,,,,,,,,,,,,Shift,flight_up_thrust,,0.0,0.0
3295,123633,,,,,,,,,,,,,,,,,,,,,,,,,,,,,,Shift,flight_up_thrust,,0.0,0.0
3296,123667,,,,,,,,,,,,,,,,,,,,,,,,,,,,,,Shift,flight_up_thrust,,0.0,0.0
3297,123700,,,,,,,,,,,,,,,,,,,,,,,,,,,,,,Shift,flight_up_thrust,,0.0,0.0
3298,123733,,,,,,,,,,,,,,,,,,,,,,,,,,,,,,Shift,flight_up_thrust,,0.0,0.0
3299,123767,,,,,,,,,,,,,,,,,,,,,,,,,,,,,,Shift,flight_up_thrust,,0.0,0.0
3300,123800,,,,,,,,,,,,,,,,,,,,,,,,,,,,,,Shift,flight_up_thrust,,0.0,0.0
3301,123867,,,,,,,,,,,,,,,,,,,,,,,,,,,,,,Shift,flight_up_thrust,,0.0,0.0
3302,123900,,,,,,,,,,,,,,,,,,,,,,,,,,,,,,Shift,flight_up_thrust,,0.0,0.0
3303,123933,,,,,,,,,,,,,,,,,,,,,,,,,,,,,,Shift,flight_up_thrust,,0.0,0.0
3304,123967,,,,,,,,,,,,,,,,,,,,,,,,,,,,,,Shift,flight_up_thrust,,0.0,0.0
3305,124000,,,,,,,,,,,,,,,,,,,,,,,,,,,,,,Shift,flight_up_thrust,,0.0,0.0
3306,124033,,,,,,,,,,,,,,,,,,,,,,,,,,,,,,Shift,flight_up_thrust,,0.0,0.0
3307,124067,,,,,,,,,,,,,,,,,,,,,,,,,,,,,,Shift,flight_up_thrust,,0.0,0.0
3308,124100,,,,,,,,,,,,,,,,,,,,,,,,,,,,,,Shift,flight_up_thrust,,0.0,0.0
3309,124133,,,,,,,,,,,,,,,,,,,,,,,,,,,,,,Shift,flight_up_thrust,,0.0,0.0
3310,124167,,,,,,,,,,,,,,,,,,,,,,,,,,,,,,Shift,flight_up_thrust,,0.0,0.0
3311,124233,,,,,,,,,,,,,,,,,,,,,,,,,,,,,,Shift,flight_up_thrust,,0.0,0.0
3312,124333,,,,,,,,,,,,,,,,,,,,,,,,,,,,,,Shift,flight_up_thrust,,0.0,0.0
3313,124367,,,,,,,,,,,,,,,,,,,,,,,,,,,,,,Shift,flight_up_thrust,,0.0,0.0
3314,124400,,,,,,,,,,,,,,,,,,,,,,,,,,,,,,Shift,flight_up_thrust,,0.0,0.0
3315,124433,,,,,,,,,,,,,,,,,,,,,,,,,,,,,,Shift,flight_up_thrust,,0.0,0.0
3316,124467,,,,,,,,,,,,,,,,,,,,,,,,,,,,,,Shift|W,movement_move_y_axis|flight_up_thrust,,0.0,0.0
3317,124500,,,,,,,,,,,,,,,,,,,,,,,,,,,,,,Shift|W,movement_move_y_axis|flight_up_thrust,,0.0,0.0
3318,124533,,,,,,,,,,,,,,,,,,,,,,,,,,,,,,Shift|W,movement_move_y_axis|flight_up_thrust,,0.0,0.0
3319,124567,,,,,,,,,,,,,,,,,,,,,,,,,,,,,,Shift|W,movement_move_y_axis|flight_up_thrust,,0.0,0.0
3320,124600,,,,,,,,,,,,,,,,,,,,,,,,,,,,,,Shift|W,movement_move_y_axis|flight_up_thrust,,0.0,0.0
3321,124633,,,,,,,,,,,,,,,,,,,,,,,,,,,,,,Shift|W,movement_move_y_axis|flight_up_thrust,,0.0,0.0
3322,124700,,,,,,,,,,,,,,,,,,,,,,,,,,,,,,Shift|W,movement_move_y_axis|flight_up_thrust,,0.0,0.0
3323,124733,,,,,,,,,,,,,,,,,,,,,,,,,,,,,,Shift|W,movement_move_y_axis|flight_up_thrust,,0.0,0.0
3324,124833,,,,,,,,,,,,,,,,,,,,,,,,,,,,,,Shift|W,movement_move_y_axis|flight_up_thrust,,0.0,0.0
3325,124867,,,,,,,,,,,,,,,,,,,,,,,,,,,,,,Shift|W,movement_move_y_axis|flight_up_thrust,,0.0,0.0
3326,124900,,,,,,,,,,,,,,,,,,,,,,,,,,,,,,Shift|W,movement_move_y_axis|flight_up_thrust,,0.0,0.0
3327,124933,,,,,,,,,,,,,,,,,,,,,,,,,,,,,,Shift|W,movement_move_y_axis|flight_up_thrust,,0.0,0.0
3328,124967,,,,,,,,,,,,,,,,,,,,,,,,,,,,,,Shift|W,movement_move_y_axis|flight_up_thrust,,0.0,0.0
3329,125000,,,,,,,,,,,,,,,,,,,,,,,,,,,,,,Shift|W,movement_move_y_axis|flight_up_thrust,,0.0,0.0
3330,125033,,,,,,,,,,,,,,,,,,,,,,,,,,,,,,Shift|W,movement_move_y_axis|flight_up_thrust,,0.0,0.0
3331,125067,,,,,,,,,,,,,,,,,,,,,,,,,,,,,,Shift|W,movement_move_y_axis|flight_up_thrust,,0.0,0.0
3332,125100,,,,,,,,,,,,,,,,,,,,,,,,,,,,,,Shift|W,movement_move_y_axis|flight_up_thrust,,0.0,0.0
3333,125133,,,,,,,,,,,,,,,,,,,,,,,,,,,,,,Shift|W,movement_move_y_axis|flight_up_thrust,,0.0,0.0
3334,125167,,,,,,,,,,,,,,,,,,,,,,,,,,,,,,Shift|W,movement_move_y_axis|flight_up_thrust,,0.0,0.0
3335,125200,,,,,,,,,,,,,,,,,,,,,,,,,,,,,,Shift,flight_up_thrust,,0.0,0.0
3336,125267,,,,,,,,,,,,,,,,,,,,,,,,,,,,,,Shift,flight_up_thrust,,0.0,0.0
3337,125300,,,,,,,,,,,,,,,,,,,,,,,,,,,,,,Shift,flight_up_thrust,,0.0,0.0
3338,125333,,,,,,,,,,,,,,,,,,,,,,,,,,,,,,,,,0.0,0.0
3339,125367,,,,,,,,,,,,,,,,,,,,,,,,,,,,,,Shift,flight_up_thrust,,0.0,0.0
3340,125400,,,,,,,,,,,,,,,,,,,,,,,,,,,,,,,,,0.0,0.0
3341,125433,,,,,,,,,,,,,,,,,,,,,,,,,,,,,,,,,0.0,0.0
3342,125467,,,,,,,,,,,,,,,,,,,,,,,,,,,,,,,,,0.0,0.0
3343,125500,,,,,,,,,,,,,,,,,,,,,,,,,,,,,,,,,0.0,0.0
3344,125533,,,,,,,,,,,,,,,,,,,,,,,,,,,,,,,,,0.0,0.0
3345,125600,,,,,,,,,,,,,,,,,,,,,,,,,,,,,,Shift,flight_up_thrust,,0.0,0.0
3346,125633,,,,,,,,,,,,,,,,,,,,,,,,,,,,,,Shift,flight_up_thrust,,0.0,0.0
3347,125667,,,,,,,,,,,,,,,,,,,,,,,,,,,,,,Shift,flight_up_thrust,,0.0,0.0
3348,125700,,,,,,,,,,,,,,,,,,,,,,,,,,,,,,Shift,flight_up_thrust,,0.0,0.0
3349,125733,,,,,,,,,,,,,,,,,,,,,,,,,,,,,,Shift,flight_up_thrust,,0.0,0.0
3350,125767,,,,,,,,,,,,,,,,,,,,,,,,,,,,,,Shift,flight_up_thrust,,0.0,0.0
3351,125800,,,,,,,,,,,,,,,,,,,,,,,,,,,,,,Shift,flight_up_thrust,,0.0,0.0
3352,125833,,,,,,,,,,,,,,,,,,,,,,,,,,,,,,Shift,flight_up_thrust,,0.0,0.0
3353,125933,,,,,,,,,,,,,,,,,,,,,,,,,,,,,,Shift,flight_up_thrust,,0.0,0.0
3354,125967,,,,,,,,,,,,,,,,,,,,,,,,,,,,,,Shift,flight_up_thrust,,0.0,0.0
3355,126000,,,,,,,,,,,,,,,,,,,,,,,,,,,,,,Shift,flight_up_thrust,,0.0,0.0
3356,126033,,,,,,,,,,,,,,,,,,,,,,,,,,,,,,Shift,flight_up_thrust,,0.0,0.0
3357,126067,,,,,,,,,,,,,,,,,,,,,,,,,,,,,,S|Shift,movement_move_y_axis|flight_up_thrust,,0.0,0.0
3358,126100,,,,,,,,,,,,,,,,,,,,,,,,,,,,,,S|Shift,movement_move_y_axis|flight_up_thrust,,0.0,0.0
3359,126133,,,,,,,,,,,,,,,,,,,,,,,,,,,,,,S|Shift,movement_move_y_axis|flight_up_thrust,,0.0,0.0
3360,126233,,,,,,,,,,,,,,,,,,,,,,,,,,,,,,S,movement_move_y_axis,,0.0,0.0
3361,126267,,,,,,,,,,,,,,,,,,,,,,,,,,,,,,S,movement_move_y_axis,,0.0,0.0
3362,126300,,,,,,,,,,,,,,,,,,,,,,,,,,,,,,S,movement_move_y_axis,,0.0,0.0
3363,126333,,,,,,,,,,,,,,,,,,,,,,,,,,,,,,S,movement_move_y_axis,,0.0,0.0
3364,126467,,,,,,,,,,,,,,,,,,,,,,,,,,,,,,S,movement_move_y_axis,,0.0,0.0
3365,126500,,,,,,,,,,,,,,,,,,,,,,,,,,,,,,S,movement_move_y_axis,,0.0,0.0
3366,126533,,,,,,,,,,,,,,,,,,,,,,,,,,,,,,S,movement_move_y_axis,,0.0,0.0
3367,126567,,,,,,,,,,,,,,,,,,,,,,,,,,,,,,S,movement_move_y_axis,,0.0,0.0
3368,126633,,,,,,,,,,,,,,,,,,,,,,,,,,,,,,S,movement_move_y_axis,,0.0,0.0
3369,126667,,,,,,,,,,,,,,,,,,,,,,,,,,,,,,S,movement_move_y_axis,,0.0,0.0
3370,126733,,,,,,,,,,,,,,,,,,,,,,,,,,,,,,S,movement_move_y_axis,,0.0,0.0
3371,126767,,,,,,,,,,,,,,,,,,,,,,,,,,,,,,S,movement_move_y_axis,,0.0,0.0
3372,126867,,,,,,,,,,,,,,,,,,,,,,,,,,,,,,S,movement_move_y_axis,,0.0,0.0
3373,126933,,,,,,,,,,,,,,,,,,,,,,,,,,,,,,S,movement_move_y_axis,,0.0,0.0
3374,126967,,,,,,,,,,,,,,,,,,,,,,,,,,,,,,S,movement_move_y_axis,,0.0,0.0
3375,127000,,,,,,,,,,,,,,,,,,,,,,,,,,,,,,S,movement_move_y_axis,,0.0,0.0
3376,127033,,,,,,,,,,,,,,,,,,,,,,,,,,,,,,S,movement_move_y_axis,,0.0,0.0
3377,127067,,,,,,,,,,,,,,,,,,,,,,,,,,,,,,S,movement_move_y_axis,,0.0,0.0
3378,127100,,,,,,,,,,,,,,,,,,,,,,,,,,,,,,,,,0.0,0.0
3379,127133,,,,,,,,,,,,,,,,,,,,,,,,,,,,,,,,,0.0,0.0
3380,127167,,,,,,,,,,,,,,,,,,,,,,,,,,,,,,,,,0.0,0.0
3381,127300,,,,,,,,,,,,,,,,,,,,,,,,,,,,,,,,,0.0,0.0
3382,127333,,,,,,,,,,,,,,,,,,,,,,,,,,,,,,,,,0.0,0.0
3383,127367,,,,,,,,,,,,,,,,,,,,,,,,,,,,,,W,movement_move_y_axis,,0.0,0.0
3384,127400,,,,,,,,,,,,,,,,,,,,,,,,,,,,,,W,movement_move_y_axis,,0.0,0.0
3385,127433,,,,,,,,,,,,,,,,,,,,,,,,,,,,,,W,movement_move_y_axis,,0.0,0.0
3386,127467,,,,,,,,,,,,,,,,,,,,,,,,,,,,,,W,movement_move_y_axis,,0.0,0.0
3387,127500,,,,,,,,,,,,,,,,,,,,,,,,,,,,,,W,movement_move_y_axis,,0.0,0.0
3388,127533,,,,,,,,,,,,,,,,,,,,,,,,,,,,,,W,movement_move_y_axis,,0.0,0.0
3389,127567,,,,,,,,,,,,,,,,,,,,,,,,,,,,,,W,movement_move_y_axis,,0.0,0.0
3390,127600,,,,,,,,,,,,,,,,,,,,,,,,,,,,,,W,movement_move_y_axis,,0.0,0.0
3391,127667,,,,,,,,,,,,,,,,,,,,,,,,,,,,,,W,movement_move_y_axis,,0.0,0.0
3392,127700,,,,,,,,,,,,,,,,,,,,,,,,,,,,,,W,movement_move_y_axis,,0.0,0.0
3393,127733,,,,,,,,,,,,,,,,,,,,,,,,,,,,,,W,movement_move_y_axis,,0.0,0.0
3394,127767,,,,,,,,,,,,,,,,,,,,,,,,,,,,,,W,movement_move_y_axis,,0.0,0.0
3395,127800,,,,,,,,,,,,,,,,,,,,,,,,,,,,,,W,movement_move_y_axis,,0.0,0.0
3396,127833,,,,,,,,,,,,,,,,,,,,,,,,,,,,,,W,movement_move_y_axis,,0.0,0.0
3397,127867,,,,,,,,,,,,,,,,,,,,,,,,,,,,,,W,movement_move_y_axis,,0.0,0.0
3398,127900,,,,,,,,,,,,,,,,,,,,,,,,,,,,,,W,movement_move_y_axis,,0.0,0.0
3399,127933,,,,,,,,,,,,,,,,,,,,,,,,,,,,,,W,movement_move_y_axis,,0.0,0.0
3400,127967,,,,,,,,,,,,,,,,,,,,,,,,,,,,,,W,movement_move_y_axis,,0.0,0.0
3401,128033,,,,,,,,,,,,,,,,,,,,,,,,,,,,,,W,movement_move_y_axis,,0.0,0.0
3402,128067,,,,,,,,,,,,,,,,,,,,,,,,,,,,,,W,movement_move_y_axis,,0.0,0.0
3403,128100,,,,,,,,,,,,,,,,,,,,,,,,,,,,,,W,movement_move_y_axis,,0.0,0.0
3404,128133,,,,,,,,,,,,,,,,,,,,,,,,,,,,,,W,movement_move_y_axis,,0.0,0.0
3405,128167,,,,,,,,,,,,,,,,,,,,,,,,,,,,,,W,movement_move_y_axis,,0.0,0.0
3406,128200,,,,,,,,,,,,,,,,,,,,,,,,,,,,,,W,movement_move_y_axis,,0.0,0.0
3407,128233,,,,,,,,,,,,,,,,,,,,,,,,,,,,,,W,movement_move_y_axis,,0.0,0.0
3408,128267,,,,,,,,,,,,,,,,,,,,,,,,,,,,,,Shift,flight_up_thrust,,0.0,0.0
3409,128300,,,,,,,,,,,,,,,,,,,,,,,,,,,,,,Shift,flight_up_thrust,,0.0,0.0
3410,128367,,,,,,,,,,,,,,,,,,,,,,,,,,,,,,Shift,flight_up_thrust,,0.0,0.0
3411,128400,,,,,,,,,,,,,,,,,,,,,,,,,,,,,,Shift,flight_up_thrust,,0.0,0.0
3412,128433,,,,,,,,,,,,,,,,,,,,,,,,,,,,,,Shift,flight_up_thrust,,0.0,0.0
3413,128500,,,,,,,,,,,,,,,,,,,,,,,,,,,,,,Shift,flight_up_thrust,,0.0,0.0
3414,128533,,,,,,,,,,,,,,,,,,,,,,,,,,,,,,Shift,flight_up_thrust,,0.0,0.0
3415,128567,,,,,,,,,,,,,,,,,,,,,,,,,,,,,,Shift,flight_up_thrust,,0.0,0.0
3416,128600,,,,,,,,,,,,,,,,,,,,,,,,,,,,,,Shift,flight_up_thrust,,0.0,0.0
3417,128633,,,,,,,,,,,,,,,,,,,,,,,,,,,,,,Shift,flight_up_thrust,,0.0,0.0
3418,128700,,,,,,,,,,,,,,,,,,,,,,,,,,,,,,Shift,flight_up_thrust,,0.0,0.0
3419,128733,,,,,,,,,,,,,,,,,,,,,,,,,,,,,,Shift,flight_up_thrust,,0.0,0.0
3420,128767,,,,,,,,,,,,,,,,,,,,,,,,,,,,,,Shift,flight_up_thrust,,0.0,0.0
3421,128833,,,,,,,,,,,,,,,,,,,,,,,,,,,,,,Shift,flight_up_thrust,,0.0,0.0
3422,128867,,,,,,,,,,,,,,,,,,,,,,,,,,,,,,Shift,flight_up_thrust,,0.0,0.0
3423,128900,,,,,,,,,,,,,,,,,,,,,,,,,,,,,,Shift,flight_up_thrust,,0.0,0.0
3424,128933,,,,,,,,,,,,,,,,,,,,,,,,,,,,,,Shift,flight_up_thrust,,0.0,0.0
3425,128967,,,,,,,,,,,,,,,,,,,,,,,,,,,,,,Shift,flight_up_thrust,,0.0,0.0
3426,129033,,,,,,,,,,,,,,,,,,,,,,,,,,,,,,Shift,flight_up_thrust,,0.0,0.0
3427,129100,,,,,,,,,,,,,,,,,,,,,,,,,,,,,,Shift,flight_up_thrust,,0.0,0.0
3428,129133,,,,,,,,,,,,,,,,,,,,,,,,,,,,,,Shift,flight_up_thrust,,0.0,0.0
3429,129167,,,,,,,,,,,,,,,,,,,,,,,,,,,,,,Shift,flight_up_thrust,,0.0,0.0
3430,129200,,,,,,,,,,,,,,,,,,,,,,,,,,,,,,Shift,flight_up_thrust,,0.0,0.0
3431,129233,,,,,,,,,,,,,,,,,,,,,,,,,,,,,,Shift,flight_up_thrust,,0.0,0.0
3432,129267,,,,,,,,,,,,,,,,,,,,,,,,,,,,,,Shift,flight_up_thrust,,0.0,0.0
3433,129300,,,,,,,,,,,,,,,,,,,,,,,,,,,,,,Shift,flight_up_thrust,,0.0,0.0
3434,129333,,,,,,,,,,,,,,,,,,,,,,,,,,,,,,Shift,flight_up_thrust,,0.0,0.0
3435,129367,,,,,,,,,,,,,,,,,,,,,,,,,,,,,,Shift,flight_up_thrust,,0.0,0.0
3436,129400,,,,,,,,,,,,,,,,,,,,,,,,,,,,,,Shift,flight_up_thrust,,0.0,0.0
3437,129433,,,,,,,,,,,,,,,,,,,,,,,,,,,,,,Shift,flight_up_thrust,,0.0,0.0
3438,129467,,,,,,,,,,,,,,,,,,,,,,,,,,,,,,Shift,flight_up_thrust,,0.0,0.0
3439,129500,,,,,,,,,,,,,,,,,,,,,,,,,,,,,,Shift,flight_up_thrust,,0.0,0.0
3440,129567,,,,,,,,,,,,,,,,,,,,,,,,,,,,,,Shift,flight_up_thrust,,0.0,0.0
3441,129600,,,,,,,,,,,,,,,,,,,,,,,,,,,,,,Shift,flight_up_thrust,,0.0,0.0
3442,129633,,,,,,,,,,,,,,,,,,,,,,,,,,,,,,Shift,flight_up_thrust,,0.0,0.0
3443,129667,,,,,,,,,,,,,,,,,,,,,,,,,,,,,,Shift,flight_up_thrust,,0.0,0.0
3444,129700,,,,,,,,,,,,,,,,,,,,,,,,,,,,,,Shift,flight_up_thrust,,0.0,0.0
3445,129733,,,,,,,,,,,,,,,,,,,,,,,,,,,,,,Shift,flight_up_thrust,,0.0,0.0
3446,129767,,,,,,,,,,,,,,,,,,,,,,,,,,,,,,Shift,flight_up_thrust,,0.0,0.0
3447,129800,,,,,,,,,,,,,,,,,,,,,,,,,,,,,,Shift,flight_up_thrust,,0.0,0.0
3448,129833,,,,,,,,,,,,,,,,,,,,,,,,,,,,,,Shift,flight_up_thrust,,0.0,0.0
3449,129867,,,,,,,,,,,,,,,,,,,,,,,,,,,,,,Shift,flight_up_thrust,,0.0,0.0
3450,129900,,,,,,,,,,,,,,,,,,,,,,,,,,,,,,Shift,flight_up_thrust,,0.0,0.0
3451,129933,,,,,,,,,,,,,,,,,,,,,,,,,,,,,,Shift,flight_up_thrust,,0.0,0.0
3452,129967,,,,,,,,,,,,,,,,,,,,,,,,,,,,,,Shift,flight_up_thrust,,0.0,0.0
3453,130000,,,,,,,,,,,,,,,,,,,,,,,,,,,,,,Shift,flight_up_thrust,,0.0,0.0
3454,130033,,,,,,,,,,,,,,,,,,,,,,,,,,,,,,Shift,flight_up_thrust,,0.0,0.0
3455,130067,,,,,,,,,,,,,,,,,,,,,,,,,,,,,,Shift,flight_up_thrust,,0.0,0.0
3456,130100,,,,,,,,,,,,,,,,,,,,,,,,,,,,,,Shift,flight_up_thrust,,0.0,0.0
3457,130133,,,,,,,,,,,,,,,,,,,,,,,,,,,,,,Shift,flight_up_thrust,,0.0,0.0
3458,130167,,,,,,,,,,,,,,,,,,,,,,,,,,,,,,Shift,flight_up_thrust,,0.0,0.0
3459,130200,,,,,,,,,,,,,,,,,,,,,,,,,,,,,,Shift,flight_up_thrust,,0.0,0.0
3460,130233,,,,,,,,,,,,,,,,,,,,,,,,,,,,,,Shift,flight_up_thrust,,0.0,0.0
3461,130267,,,,,,,,,,,,,,,,,,,,,,,,,,,,,,Shift,flight_up_thrust,,0.0,0.0
3462,130300,,,,,,,,,,,,,,,,,,,,,,,,,,,,,,Shift,flight_up_thrust,,0.0,0.0
3463,130333,,,,,,,,,,,,,,,,,,,,,,,,,,,,,,Shift,flight_up_thrust,,0.0,0.0
3464,130367,,,,,,,,,,,,,,,,,,,,,,,,,,,,,,Shift,flight_up_thrust,,0.0,0.0
3465,130400,,,,,,,,,,,,,,,,,,,,,,,,,,,,,,Shift,flight_up_thrust,,0.0,0.0
3466,130433,,,,,,,,,,,,,,,,,,,,,,,,,,,,,,Shift,flight_up_thrust,,0.0,0.0
3467,130467,,,,,,,,,,,,,,,,,,,,,,,,,,,,,,Shift,flight_up_thrust,,0.0,0.0
3468,130700,,,,,,,,,,,,,,,,,,,,,,,,,,,,,,Shift,flight_up_thrust,,0.0,0.0
3469,130733,,,,,,,,,,,,,,,,,,,,,,,,,,,,,,Shift,flight_up_thrust,,0.0,0.0
3470,130767,,,,,,,,,,,,,,,,,,,,,,,,,,,,,,Shift,flight_up_thrust,,0.0,0.0
3471,130800,,,,,,,,,,,,,,,,,,,,,,,,,,,,,,Shift,flight_up_thrust,,0.0,0.0
3472,130833,,,,,,,,,,,,,,,,,,,,,,,,,,,,,,Shift,flight_up_thrust,,0.0,0.0
3473,130867,,,,,,,,,,,,,,,,,,,,,,,,,,,,,,Shift,flight_up_thrust,,0.0,0.0
3474,130900,,,,,,,,,,,,,,,,,,,,,,,,,,,,,,Shift,flight_up_thrust,,0.0,0.0
3475,130933,,,,,,,,,,,,,,,,,,,,,,,,,,,,,,Shift,flight_up_thrust,,0.0,0.0
3476,130967,,,,,,,,,,,,,,,,,,,,,,,,,,,,,,Shift,flight_up_thrust,,0.0,0.0
3477,131000,,,,,,,,,,,,,,,,,,,,,,,,,,,,,,Shift,flight_up_thrust,,0.0,0.0
3478,131033,,,,,,,,,,,,,,,,,,,,,,,,,,,,,,Shift,flight_up_thrust,,0.0,0.0
3479,131100,,,,,,,,,,,,,,,,,,,,,,,,,,,,,,Shift,flight_up_thrust,,0.0,0.0
3480,131133,,,,,,,,,,,,,,,,,,,,,,,,,,,,,,Shift,flight_up_thrust,,0.0,0.0
3481,131167,,,,,,,,,,,,,,,,,,,,,,,,,,,,,,Shift,flight_up_thrust,,0.0,0.0
3482,131200,,,,,,,,,,,,,,,,,,,,,,,,,,,,,,Shift,flight_up_thrust,,0.0,0.0
3483,131233,,,,,,,,,,,,,,,,,,,,,,,,,,,,,,Shift,flight_up_thrust,,0.0,0.0
3484,131267,,,,,,,,,,,,,,,,,,,,,,,,,,,,,,Shift,flight_up_thrust,,0.0,0.0
3485,131433,,,,,,,,,,,,,,,,,,,,,,,,,,,,,,Shift,flight_up_thrust,,0.0,0.0
3486,131467,,,,,,,,,,,,,,,,,,,,,,,,,,,,,,Shift,flight_up_thrust,,0.0,0.0
3487,131500,,,,,,,,,,,,,,,,,,,,,,,,,,,,,,Shift,flight_up_thrust,,0.0,0.0
3488,131533,,,,,,,,,,,,,,,,,,,,,,,,,,,,,,Shift,flight_up_thrust,,0.0,0.0
3489,131567,,,,,,,,,,,,,,,,,,,,,,,,,,,,,,Shift,flight_up_thrust,,0.0,0.0
3490,131600,,,,,,,,,,,,,,,,,,,,,,,,,,,,,,Shift,flight_up_thrust,,0.0,0.0
3491,131633,,,,,,,,,,,,,,,,,,,,,,,,,,,,,,Shift,flight_up_thrust,,0.0,0.0
3492,131700,,,,,,,,,,,,,,,,,,,,,,,,,,,,,,Shift,flight_up_thrust,,0.0,0.0
3493,131733,,,,,,,,,,,,,,,,,,,,,,,,,,,,,,Shift,flight_up_thrust,,0.0,0.0
3494,131767,,,,,,,,,,,,,,,,,,,,,,,,,,,,,,,,,0.0,0.0
3495,131800,,,,,,,,,,,,,,,,,,,,,,,,,,,,,,,,,0.0,0.0
3496,131833,,,,,,,,,,,,,,,,,,,,,,,,,,,,,,,,,0.0,0.0
3497,131867,,,,,,,,,,,,,,,,,,,,,,,,,,,,,,,,,0.0,0.0
3498,131900,,,,,,,,,,,,,,,,,,,,,,,,,,,,,,,,,0.0,0.0
3499,131933,,,,,,,,,,,,,,,,,,,,,,,,,,,,,,,,,0.0,0.0
3500,132100,,,,,,,,,,,,,,,,,,,,,,,,,,,,,,,,,0.0,0.0
3501,132133,,,,,,,,,,,,,,,,,,,,,,,,,,,,,,,,,0.0,0.0
3502,132167,,,,,,,,,,,,,,,,,,,,,,,,,,,,,,,,,0.0,0.0
3503,132200,,,,,,,,,,,,,,,,,,,,,,,,,,,,,,,,,0.0,0.0
3504,132233,,,,,,,,,,,,,,,,,,,,,,,,,,,,,,,,,0.0,0.0
3505,132267,,,,,,,,,,,,,,,,,,,,,,,,,,,,,,,,,0.0,0.0
3506,132300,,,,,,,,,,,,,,,,,,,,,,,,,,,,,,,,,0.0,0.0
3507,132333,,,,,,,,,,,,,,,,,,,,,,,,,,,,,,,,,0.0,0.0
3508,132367,,,,,,,,,,,,,,,,,,,,,,,,,,,,,,,,,0.0,0.0
3509,132400,,,,,,,,,,,,,,,,,,,,,,,,,,,,,,,,,0.0,0.0
3510,132433,,,,,,,,,,,,,,,,,,,,,,,,,,,,,,,,,0.0,0.0
3511,132633,,,,,,,,,,,,,,,,,,,,,,,,,,,,,,,,,0.0,0.0
3512,132667,,,,,,,,,,,,,,,,,,,,,,,,,,,,,,Q,general_cancel,,0.0,0.0
3513,132700,,,,,,,,,,,,,,,,,,,,,,,,,,,,,,Q,general_cancel,,0.0,0.0
3514,132733,,,,,,,,,,,,,,,,,,,,,,,,,,,,,,Q,general_cancel,,0.0,0.0
3515,132767,,,,,,,,,,,,,,,,,,,,,,,,,,,,,,Q,general_cancel,,0.0,0.0
3516,132800,,,,,,,,,,,,,,,,,,,,,,,,,,,,,,Q,general_cancel,,0.0,0.0
3517,132867,,,,,,,,,,,,,,,,,,,,,,,,,,,,,,Q,general_cancel,,0.0,0.0
3518,132900,,,,,,,,,,,,,,,,,,,,,,,,,,,,,,Q,general_cancel,,0.0,0.0
3519,132933,,,,,,,,,,,,,,,,,,,,,,,,,,,,,,Q,general_cancel,,0.0,0.0
3520,132967,,,,,,,,,,,,,,,,,,,,,,,,,,,,,,Q,general_cancel,,0.0,0.0
3521,133000,,,,,,,,,,,,,,,,,,,,,,,,,,,,,,Q,general_cancel,,0.0,0.0
3522,133067,,,,,,,,,,,,,,,,,,,,,,,,,,,,,,Q,general_cancel,,0.0,0.0
3523,133100,,,,,,,,,,,,,,,,,,,,,,,,,,,,,,Q,general_cancel,,0.0,0.0
3524,133133,,,,,,,,,,,,,,,,,,,,,,,,,,,,,,Q,general_cancel,,0.0,0.0
3525,133167,,,,,,,,,,,,,,,,,,,,,,,,,,,,,,Q,general_cancel,,0.0,0.0
3526,133200,,,,,,,,,,,,,,,,,,,,,,,,,,,,,,,,,0.0,0.0
3527,133233,,,,,,,,,,,,,,,,,,,,,,,,,,,,,,,,,0.0,0.0
3528,133267,,,,,,,,,,,,,,,,,,,,,,,,,,,,,,,,,0.0,0.0
3529,133300,,,,,,,,,,,,,,,,,,,,,,,,,,,,,,,,,0.0,0.0
3530,133333,,,,,,,,,,,,,,,,,,,,,,,,,,,,,,,,,0.0,0.0
3531,133367,,,,,,,,,,,,,,,,,,,,,,,,,,,,,,,,,0.0,0.0
3532,133400,,,,,,,,,,,,,,,,,,,,,,,,,,,,,,,,,0.0,0.0
3533,133433,,,,,,,,,,,,,,,,,,,,,,,,,,,,,,,,,0.0,0.0
3534,133467,,,,,,,,,,,,,,,,,,,,,,,,,,,,,,,,,0.0,0.0
3535,133533,,,,,,,,,,,,,,,,,,,,,,,,,,,,,,,,,0.0,0.0
3536,133567,,,,,,,,,,,,,,,,,,,,,,,,,,,,,,,,,0.0,0.0
3537,133600,,,,,,,,,,,,,,,,,,,,,,,,,,,,,,,,,0.0,0.0
3538,133633,,,,,,,,,,,,,,,,,,,,,,,,,,,,,,,,,0.0,0.0
3539,133667,,,,,,,,,,,,,,,,,,,,,,,,,,,,,,,,,0.0,0.0
3540,133700,,,,,,,,,,,,,,,,,,,,,,,,,,,,,,,,,0.0,0.0
3541,133733,,,,,,,,,,,,,,,,,,,,,,,,,,,,,,,,,0.0,0.0
3542,133767,,,,,,,,,,,,,,,,,,,,,,,,,,,,,,,,,0.0,0.0
3543,133800,,,,,,,,,,,,,,,,,,,,,,,,,,,,,,,,,0.0,0.0
3544,133833,,,,,,,,,,,,,,,,,,,,,,,,,,,,,,,,,0.0,0.0
3545,133867,,,,,,,,,,,,,,,,,,,,,,,,,,,,,,,,,0.0,0.0
3546,133900,,,,,,,,,,,,,,,,,,,,,,,,,,,,,,,,,0.0,0.0
3547,133933,,,,,,,,,,,,,,,,,,,,,,,,,,,,,,,,,0.0,0.0
3548,133967,,,,,,,,,,,,,,,,,,,,,,,,,,,,,,,,,0.0,0.0
3549,134033,,,,,,,,,,,,,,,,,,,,,,,,,,,,,,,,,0.0,0.0
3550,134067,,,,,,,,,,,,,,,,,,,,,,,,,,,,,,,,,0.0,0.0
3551,134100,,,,,,,,,,,,,,,,,,,,,,,,,,,,,,,,,0.0,0.0
3552,134133,,,,,,,,,,,,,,,,,,,,,,,,,,,,,,,,,0.0,0.0
3553,134167,,,,,,,,,,,,,,,,,,,,,,,,,,,,,,,,,0.0,0.0
3554,134200,,,,,,,,,,,,,,,,,,,,,,,,,,,,,,,,,0.0,0.0
3555,134233,,,,,,,,,,,,,,,,,,,,,,,,,,,,,,,,,0.0,0.0
3556,134267,,,,,,,,,,,,,,,,,,,,,,,,,,,,,,,,,0.0,0.0
3557,134300,,,,,,,,,,,,,,,,,,,,,,,,,,,,,,,,,0.0,0.0
3558,134333,,,,,,,,,,,,,,,,,,,,,,,,,,,,,,,,,0.0,0.0
3559,134367,,,,,,,,,,,,,,,,,,,,,,,,,,,,,,,,,0.0,0.0
3560,134400,,,,,,,,,,,,,,,,,,,,,,,,,,,,,,,,,0.0,0.0
3561,134433,,,,,,,,,,,,,,,,,,,,,,,,,,,,,,,,,0.0,0.0
3562,134500,,,,,,,,,,,,,,,,,,,,,,,,,,,,,,,,,0.0,0.0
3563,134533,,,,,,,,,,,,,,,,,,,,,,,,,,,,,,,,,0.0,0.0
3564,134567,,,,,,,,,,,,,,,,,,,,,,,,,,,,,,,,,0.0,0.0
3565,134600,,,,,,,,,,,,,,,,,,,,,,,,,,,,,,,,,0.0,0.0
3566,134633,,,,,,,,,,,,,,,,,,,,,,,,,,,,,,,,,0.0,0.0
3567,134667,,,,,,,,,,,,,,,,,,,,,,,,,,,,,,,,,0.0,0.0
3568,134700,,,,,,,,,,,,,,,,,,,,,,,,,,,,,,,,,0.0,0.0
3569,134733,,,,,,,,,,,,,,,,,,,,,,,,,,,,,,,,,0.0,0.0
3570,134767,,,,,,,,,,,,,,,,,,,,,,,,,,,,,,,,,0.0,0.0
3571,134833,,,,,,,,,,,,,,,,,,,,,,,,,,,,,,,,,0.0,0.0
3572,134867,,,,,,,,,,,,,,,,,,,,,,,,,,,,,,,,,0.0,0.0
3573,134900,,,,,,,,,,,,,,,,,,,,,,,,,,,,,,,,,0.0,0.0
3574,134933,,,,,,,,,,,,,,,,,,,,,,,,,,,,,,,,,0.0,0.0
3575,134967,,,,,,,,,,,,,,,,,,,,,,,,,,,,,,,,,0.0,0.0
3576,135000,,,,,,,,,,,,,,,,,,,,,,,,,,,,,,,,,0.0,0.0
3577,135033,,,,,,,,,,,,,,,,,,,,,,,,,,,,,,,,,0.0,0.0
3578,135067,,,,,,,,,,,,,,,,,,,,,,,,,,,,,,,,,0.0,0.0
3579,135100,,,,,,,,,,,,,,,,,,,,,,,,,,,,,,,,,0.0,0.0
3580,135133,,,,,,,,,,,,,,,,,,,,,,,,,,,,,,,,,0.0,0.0
3581,135167,,,,,,,,,,,,,,,,,,,,,,,,,,,,,,,,,0.0,0.0
3582,135200,,,,,,,,,,,,,,,,,,,,,,,,,,,,,,,,,0.0,0.0
3583,135233,,,,,,,,,,,,,,,,,,,,,,,,,,,,,,,,,0.0,0.0
3584,135267,,,,,,,,,,,,,,,,,,,,,,,,,,,,,,,,,0.0,0.0
3585,135300,,,,,,,,,,,,,,,,,,,,,,,,,,,,,,,,,0.0,0.0
3586,135333,,,,,,,,,,,,,,,,,,,,,,,,,,,,,,,,,0.0,0.0
3587,135367,,,,,,,,,,,,,,,,,,,,,,,,,,,,,,,,,0.0,0.0
3588,135400,,,,,,,,,,,,,,,,,,,,,,,,,,,,,,,,,0.0,0.0
3589,135433,,,,,,,,,,,,,,,,,,,,,,,,,,,,,,,,,0.0,0.0
3590,135467,,,,,,,,,,,,,,,,,,,,,,,,,,,,,,,,,0.0,0.0
3591,135500,,,,,,,,,,,,,,,,,,,,,,,,,,,,,,,,,0.0,0.0
3592,135533,,,,,,,,,,,,,,,,,,,,,,,,,,,,,,,,,0.0,0.0
3593,135633,,,,,,,,,,,,,,,,,,,,,,,,,,,,,,Shift,flight_up_thrust,,0.0,0.0
3594,135667,,,,,,,,,,,,,,,,,,,,,,,,,,,,,,Shift,flight_up_thrust,,0.0,0.0
3595,135733,,,,,,,,,,,,,,,,,,,,,,,,,,,,,,Shift,flight_up_thrust,,0.0,0.0
3596,135767,,,,,,,,,,,,,,,,,,,,,,,,,,,,,,Shift,flight_up_thrust,,0.0,0.0
3597,135800,,,,,,,,,,,,,,,,,,,,,,,,,,,,,,Shift,flight_up_thrust,,0.0,0.0
3598,135833,,,,,,,,,,,,,,,,,,,,,,,,,,,,,,Shift,flight_up_thrust,,0.0,0.0
3599,135867,,,,,,,,,,,,,,,,,,,,,,,,,,,,,,Shift,flight_up_thrust,,0.0,0.0
3600,135900,,,,,,,,,,,,,,,,,,,,,,,,,,,,,,Shift,flight_up_thrust,,0.0,0.0
3601,135933,,,,,,,,,,,,,,,,,,,,,,,,,,,,,,Shift,flight_up_thrust,,0.0,0.0
3602,136033,,,,,,,,,,,,,,,,,,,,,,,,,,,,,,Shift,flight_up_thrust,,0.0,0.0
3603,136067,,,,,,,,,,,,,,,,,,,,,,,,,,,,,,Shift,flight_up_thrust,,0.0,0.0
3604,136100,,,,,,,,,,,,,,,,,,,,,,,,,,,,,,Shift,flight_up_thrust,,0.0,0.0
3605,136133,,,,,,,,,,,,,,,,,,,,,,,,,,,,,,Shift,flight_up_thrust,,0.0,0.0
3606,136167,,,,,,,,,,,,,,,,,,,,,,,,,,,,,,Shift,flight_up_thrust,,0.0,0.0
3607,136200,,,,,,,,,,,,,,,,,,,,,,,,,,,,,,Shift,flight_up_thrust,,0.0,0.0
3608,136233,,,,,,,,,,,,,,,,,,,,,,,,,,,,,,Shift,flight_up_thrust,,0.0,0.0
3609,136267,,,,,,,,,,,,,,,,,,,,,,,,,,,,,,Shift,flight_up_thrust,,0.0,0.0
3610,136300,,,,,,,,,,,,,,,,,,,,,,,,,,,,,,Shift,flight_up_thrust,,0.0,0.0
3611,136333,,,,,,,,,,,,,,,,,,,,,,,,,,,,,,Shift,flight_up_thrust,,0.0,0.0
3612,136367,,,,,,,,,,,,,,,,,,,,,,,,,,,,,,Shift|W,movement_move_y_axis|flight_up_thrust,,0.0,0.0
3613,136400,,,,,,,,,,,,,,,,,,,,,,,,,,,,,,Shift|W,movement_move_y_axis|flight_up_thrust,,0.0,0.0
3614,136567,,,,,,,,,,,,,,,,,,,,,,,,,,,,,,Shift|W,movement_move_y_axis|flight_up_thrust,,0.0,0.0
3615,136600,,,,,,,,,,,,,,,,,,,,,,,,,,,,,,Shift|W,movement_move_y_axis|flight_up_thrust,,0.0,0.0
3616,136633,,,,,,,,,,,,,,,,,,,,,,,,,,,,,,Shift|W,movement_move_y_axis|flight_up_thrust,,0.0,0.0
3617,136667,,,,,,,,,,,,,,,,,,,,,,,,,,,,,,Shift|W,movement_move_y_axis|flight_up_thrust,,0.0,0.0
3618,136700,,,,,,,,,,,,,,,,,,,,,,,,,,,,,,Shift|W,movement_move_y_axis|flight_up_thrust,,0.0,0.0
3619,136733,,,,,,,,,,,,,,,,,,,,,,,,,,,,,,Shift|W,movement_move_y_axis|flight_up_thrust,,0.0,0.0
3620,136767,,,,,,,,,,,,,,,,,,,,,,,,,,,,,,Shift|W,movement_move_y_axis|flight_up_thrust,,0.0,0.0
3621,136800,,,,,,,,,,,,,,,,,,,,,,,,,,,,,,Shift|W,movement_move_y_axis|flight_up_thrust,,0.0,0.0
3622,136833,,,,,,,,,,,,,,,,,,,,,,,,,,,,,,Shift|W,movement_move_y_axis|flight_up_thrust,,0.0,0.0
3623,136867,,,,,,,,,,,,,,,,,,,,,,,,,,,,,,Shift|W,movement_move_y_axis|flight_up_thrust,,0.0,0.0
3624,136900,,,,,,,,,,,,,,,,,,,,,,,,,,,,,,Shift|W,movement_move_y_axis|flight_up_thrust,,0.0,0.0
3625,136933,,,,,,,,,,,,,,,,,,,,,,,,,,,,,,Shift|W,movement_move_y_axis|flight_up_thrust,,0.0,0.0
3626,137067,,,,,,,,,,,,,,,,,,,,,,,,,,,,,,Shift|W,movement_move_y_axis|flight_up_thrust,,0.0,0.0
3627,137100,,,,,,,,,,,,,,,,,,,,,,,,,,,,,,Shift|W,movement_move_y_axis|flight_up_thrust,,0.0,0.0
3628,137133,,,,,,,,,,,,,,,,,,,,,,,,,,,,,,Shift,flight_up_thrust,,0.0,0.0
3629,137200,,,,,,,,,,,,,,,,,,,,,,,,,,,,,,Shift,flight_up_thrust,,0.0,0.0
3630,137233,,,,,,,,,,,,,,,,,,,,,,,,,,,,,,Shift,flight_up_thrust,,0.0,0.0
3631,137267,,,,,,,,,,,,,,,,,,,,,,,,,,,,,,Shift,flight_up_thrust,,0.0,0.0
3632,137300,,,,,,,,,,,,,,,,,,,,,,,,,,,,,,Shift,flight_up_thrust,,0.0,0.0
3633,137333,,,,,,,,,,,,,,,,,,,,,,,,,,,,,,Shift,flight_up_thrust,,0.0,0.0
3634,137367,,,,,,,,,,,,,,,,,,,,,,,,,,,,,,Shift,flight_up_thrust,,0.0,0.0
3635,137400,,,,,,,,,,,,,,,,,,,,,,,,,,,,,,Shift,flight_up_thrust,,0.0,0.0
3636,137433,,,,,,,,,,,,,,,,,,,,,,,,,,,,,,Shift,flight_up_thrust,,0.0,0.0
3637,137467,,,,,,,,,,,,,,,,,,,,,,,,,,,,,,Shift,flight_up_thrust,,0.0,0.0
3638,137500,,,,,,,,,,,,,,,,,,,,,,,,,,,,,,Shift,flight_up_thrust,,0.0,0.0
3639,137533,,,,,,,,,,,,,,,,,,,,,,,,,,,,,,Shift,flight_up_thrust,,0.0,0.0
3640,137567,,,,,,,,,,,,,,,,,,,,,,,,,,,,,,Shift,flight_up_thrust,,0.0,0.0
3641,137600,,,,,,,,,,,,,,,,,,,,,,,,,,,,,,Shift,flight_up_thrust,,0.0,0.0
3642,137633,,,,,,,,,,,,,,,,,,,,,,,,,,,,,,Shift,flight_up_thrust,,0.0,0.0
3643,137667,,,,,,,,,,,,,,,,,,,,,,,,,,,,,,Shift,flight_up_thrust,,0.0,0.0
3644,137700,,,,,,,,,,,,,,,,,,,,,,,,,,,,,,Shift,flight_up_thrust,,0.0,0.0
3645,137733,,,,,,,,,,,,,,,,,,,,,,,,,,,,,,Shift,flight_up_thrust,,0.0,0.0
3646,137767,,,,,,,,,,,,,,,,,,,,,,,,,,,,,,Shift,flight_up_thrust,,0.0,0.0
3647,137833,,,,,,,,,,,,,,,,,,,,,,,,,,,,,,Shift,flight_up_thrust,,0.0,0.0
3648,137867,,,,,,,,,,,,,,,,,,,,,,,,,,,,,,S|Shift,movement_move_y_axis|flight_up_thrust,,0.0,0.0
3649,137900,,,,,,,,,,,,,,,,,,,,,,,,,,,,,,S|Shift,movement_move_y_axis|flight_up_thrust,,0.0,0.0
3650,137933,,,,,,,,,,,,,,,,,,,,,,,,,,,,,,S|Shift,movement_move_y_axis|flight_up_thrust,,0.0,0.0
3651,137967,,,,,,,,,,,,,,,,,,,,,,,,,,,,,,S|Shift,movement_move_y_axis|flight_up_thrust,,0.0,0.0
3652,138000,,,,,,,,,,,,,,,,,,,,,,,,,,,,,,S|Shift,movement_move_y_axis|flight_up_thrust,,0.0,0.0
3653,138033,,,,,,,,,,,,,,,,,,,,,,,,,,,,,,S|Shift,movement_move_y_axis|flight_up_thrust,,0.0,0.0
3654,138067,,,,,,,,,,,,,,,,,,,,,,,,,,,,,,S|Shift,movement_move_y_axis|flight_up_thrust,,0.0,0.0
3655,138100,,,,,,,,,,,,,,,,,,,,,,,,,,,,,,S|Shift,movement_move_y_axis|flight_up_thrust,,0.0,0.0
3656,138133,,,,,,,,,,,,,,,,,,,,,,,,,,,,,,Shift,flight_up_thrust,,0.0,0.0
3657,138233,,,,,,,,,,,,,,,,,,,,,,,,,,,,,,Shift,flight_up_thrust,,0.0,0.0
3658,138267,,,,,,,,,,,,,,,,,,,,,,,,,,,,,,Shift,flight_up_thrust,,0.0,0.0
3659,138300,,,,,,,,,,,,,,,,,,,,,,,,,,,,,,Shift,flight_up_thrust,,0.0,0.0
3660,138367,,,,,,,,,,,,,,,,,,,,,,,,,,,,,,Shift,flight_up_thrust,,0.0,0.0
3661,138400,,,,,,,,,,,,,,,,,,,,,,,,,,,,,,Shift,flight_up_thrust,,0.0,0.0
3662,138433,,,,,,,,,,,,,,,,,,,,,,,,,,,,,,Shift,flight_up_thrust,,0.0,0.0
3663,138500,,,,,,,,,,,,,,,,,,,,,,,,,,,,,,Shift,flight_up_thrust,,0.0,0.0
3664,138533,,,,,,,,,,,,,,,,,,,,,,,,,,,,,,Shift,flight_up_thrust,,0.0,0.0
3665,138567,,,,,,,,,,,,,,,,,,,,,,,,,,,,,,Shift,flight_up_thrust,,0.0,0.0
3666,138600,,,,,,,,,,,,,,,,,,,,,,,,,,,,,,Shift,flight_up_thrust,,0.0,0.0
3667,138667,,,,,,,,,,,,,,,,,,,,,,,,,,,,,,Shift,flight_up_thrust,,0.0,0.0
3668,138700,,,,,,,,,,,,,,,,,,,,,,,,,,,,,,Shift,flight_up_thrust,,0.0,0.0
3669,138767,,,,,,,,,,,,,,,,,,,,,,,,,,,,,,Shift,flight_up_thrust,,0.0,0.0
3670,138800,,,,,,,,,,,,,,,,,,,,,,,,,,,,,,Shift,flight_up_thrust,,0.0,0.0
3671,138833,,,,,,,,,,,,,,,,,,,,,,,,,,,,,,Shift,flight_up_thrust,,0.0,0.0
3672,138933,,,,,,,,,,,,,,,,,,,,,,,,,,,,,,Shift,flight_up_thrust,,0.0,0.0
3673,138967,,,,,,,,,,,,,,,,,,,,,,,,,,,,,,Shift,flight_up_thrust,,0.0,0.0
3674,139033,,,,,,,,,,,,,,,,,,,,,,,,,,,,,,Shift,flight_up_thrust,,0.0,0.0
3675,139067,,,,,,,,,,,,,,,,,,,,,,,,,,,,,,Shift,flight_up_thrust,,0.0,0.0
3676,139100,,,,,,,,,,,,,,,,,,,,,,,,,,,,,,Shift,flight_up_thrust,,0.0,0.0
3677,139133,,,,,,,,,,,,,,,,,,,,,,,,,,,,,,Shift,flight_up_thrust,,0.0,0.0
3678,139167,,,,,,,,,,,,,,,,,,,,,,,,,,,,,,Shift,flight_up_thrust,,0.0,0.0
3679,139200,,,,,,,,,,,,,,,,,,,,,,,,,,,,,,Shift,flight_up_thrust,,0.0,0.0
3680,139233,,,,,,,,,,,,,,,,,,,,,,,,,,,,,,Shift,flight_up_thrust,,0.0,0.0
3681,139300,,,,,,,,,,,,,,,,,,,,,,,,,,,,,,Shift,flight_up_thrust,,0.0,0.0
3682,139333,,,,,,,,,,,,,,,,,,,,,,,,,,,,,,Shift,flight_up_thrust,,0.0,0.0
3683,139367,,,,,,,,,,,,,,,,,,,,,,,,,,,,,,Shift,flight_up_thrust,,0.0,0.0
3684,139400,,,,,,,,,,,,,,,,,,,,,,,,,,,,,,Shift,flight_up_thrust,,0.0,0.0
3685,139433,,,,,,,,,,,,,,,,,,,,,,,,,,,,,,,,,0.0,0.0
3686,139567,,,,,,,,,,,,,,,,,,,,,,,,,,,,,,,,,0.0,0.0
3687,139600,,,,,,,,,,,,,,,,,,,,,,,,,,,,,,,,,0.0,0.0
3688,139633,,,,,,,,,,,,,,,,,,,,,,,,,,,,,,,,,0.0,0.0
3689,139667,,,,,,,,,,,,,,,,,,,,,,,,,,,,,,,,,0.0,0.0
3690,139733,,,,,,,,,,,,,,,,,,,,,,,,,,,,,,,,,0.0,0.0
3691,139767,,,,,,,,,,,,,,,,,,,,,,,,,,,,,,,,,0.0,0.0
3692,139800,,,,,,,,,,,,,,,,,,,,,,,,,,,,,,,,,0.0,0.0
3693,139833,,,,,,,,,,,,,,,,,,,,,,,,,,,,,,,,,0.0,0.0
3694,139867,,,,,,,,,,,,,,,,,,,,,,,,,,,,,,,,,0.0,0.0
3695,139900,,,,,,,,,,,,,,,,,,,,,,,,,,,,,,,,,0.0,0.0
3696,139933,,,,,,,,,,,,,,,,,,,,,,,,,,,,,,,,,0.0,0.0
3697,139967,,,,,,,,,,,,,,,,,,,,,,,,,,,,,,,,,0.0,0.0
3698,140167,,,,,,,,,,,,,,,,,,,,,,,,,,,,,,,,,0.0,0.0
3699,140200,,,,,,,,,,,,,,,,,,,,,,,,,,,,,,,,,0.0,0.0
3700,140233,,,,,,,,,,,,,,,,,,,,,,,,,,,,,,,,,0.0,0.0
3701,140300,,,,,,,,,,,,,,,,,,,,,,,,,,,,,,,,,0.0,0.0
3702,140333,,,,,,,,,,,,,,,,,,,,,,,,,,,,,,,,,0.0,0.0
3703,140367,,,,,,,,,,,,,,,,,,,,,,,,,,,,,,,,,0.0,0.0
3704,140400,,,,,,,,,,,,,,,,,,,,,,,,,,,,,,,,,0.0,0.0
3705,140433,,,,,,,,,,,,,,,,,,,,,,,,,,,,,,,,,0.0,0.0
3706,140467,,,,,,,,,,,,,,,,,,,,,,,,,,,,,,,,,0.0,0.0
3707,140533,,,,,,,,,,,,,,,,,,,,,,,,,,,,,,,,,0.0,0.0
3708,140567,,,,,,,,,,,,,,,,,,,,,,,,,,,,,,,,,0.0,0.0
3709,140600,,,,,,,,,,,,,,,,,,,,,,,,,,,,,,,,,0.0,0.0
3710,140667,,,,,,,,,,,,,,,,,,,,,,,,,,,,,,,,,0.0,0.0
3711,140700,,,,,,,,,,,,,,,,,,,,,,,,,,,,,,,,,0.0,0.0
3712,140733,,,,,,,,,,,,,,,,,,,,,,,,,,,,,,,,,0.0,0.0
3713,140800,,,,,,,,,,,,,,,,,,,,,,,,,,,,,,,,,0.0,0.0
3714,140833,,,,,,,,,,,,,,,,,,,,,,,,,,,,,,Shift,flight_up_thrust,,0.0,0.0
3715,140867,,,,,,,,,,,,,,,,,,,,,,,,,,,,,,Shift,flight_up_thrust,,0.0,0.0
3716,140900,,,,,,,,,,,,,,,,,,,,,,,,,,,,,,Shift,flight_up_thrust,,0.0,0.0
3717,140933,,,,,,,,,,,,,,,,,,,,,,,,,,,,,,Shift,flight_up_thrust,,0.0,0.0
3718,140967,,,,,,,,,,,,,,,,,,,,,,,,,,,,,,Shift,flight_up_thrust,,0.0,0.0
3719,141000,,,,,,,,,,,,,,,,,,,,,,,,,,,,,,Shift,flight_up_thrust,,0.0,0.0
3720,141033,,,,,,,,,,,,,,,,,,,,,,,,,,,,,,Shift,flight_up_thrust,,0.0,0.0
3721,141067,,,,,,,,,,,,,,,,,,,,,,,,,,,,,,Shift,flight_up_thrust,,0.0,0.0
3722,141100,,,,,,,,,,,,,,,,,,,,,,,,,,,,,,Shift,flight_up_thrust,,0.0,0.0
3723,141133,,,,,,,,,,,,,,,,,,,,,,,,,,,,,,Shift,flight_up_thrust,,0.0,0.0
3724,141167,,,,,,,,,,,,,,,,,,,,,,,,,,,,,,Shift,flight_up_thrust,,0.0,0.0
3725,141200,,,,,,,,,,,,,,,,,,,,,,,,,,,,,,Shift,flight_up_thrust,,0.0,0.0
3726,141233,,,,,,,,,,,,,,,,,,,,,,,,,,,,,,Shift,flight_up_thrust,,0.0,0.0
3727,141267,,,,,,,,,,,,,,,,,,,,,,,,,,,,,,Shift,flight_up_thrust,,0.0,0.0
3728,141300,,,,,,,,,,,,,,,,,,,,,,,,,,,,,,Shift,flight_up_thrust,,0.0,0.0
3729,141333,,,,,,,,,,,,,,,,,,,,,,,,,,,,,,Shift,flight_up_thrust,,0.0,0.0
3730,141367,,,,,,,,,,,,,,,,,,,,,,,,,,,,,,Shift,flight_up_thrust,,0.0,0.0
3731,141400,,,,,,,,,,,,,,,,,,,,,,,,,,,,,,Shift,flight_up_thrust,,0.0,0.0
3732,141433,,,,,,,,,,,,,,,,,,,,,,,,,,,,,,Shift,flight_up_thrust,,0.0,0.0
3733,141500,,,,,,,,,,,,,,,,,,,,,,,,,,,,,,Shift,flight_up_thrust,,0.0,0.0
3734,141633,,,,,,,,,,,,,,,,,,,,,,,,,,,,,,Shift,flight_up_thrust,,0.0,0.0
3735,141667,,,,,,,,,,,,,,,,,,,,,,,,,,,,,,Shift,flight_up_thrust,,0.0,0.0
3736,141700,,,,,,,,,,,,,,,,,,,,,,,,,,,,,,Shift,flight_up_thrust,,0.0,0.0
3737,141733,,,,,,,,,,,,,,,,,,,,,,,,,,,,,,,,,0.0,0.0
3738,141767,,,,,,,,,,,,,,,,,,,,,,,,,,,,,,,,,0.0,0.0
3739,141800,,,,,,,,,,,,,,,,,,,,,,,,,,,,,,,,,0.0,0.0
3740,141833,,,,,,,,,,,,,,,,,,,,,,,,,,,,,,,,,0.0,0.0
3741,141867,,,,,,,,,,,,,,,,,,,,,,,,,,,,,,,,,0.0,0.0
3742,141900,,,,,,,,,,,,,,,,,,,,,,,,,,,,,,,,,0.0,0.0
3743,141933,,,,,,,,,,,,,,,,,,,,,,,,,,,,,,,,,0.0,0.0
3744,141967,,,,,,,,,,,,,,,,,,,,,,,,,,,,,,,,,0.0,0.0
3745,142000,,,,,,,,,,,,,,,,,,,,,,,,,,,,,,,,,0.0,0.0
3746,142033,,,,,,,,,,,,,,,,,,,,,,,,,,,,,,,,,0.0,0.0
3747,142067,,,,,,,,,,,,,,,,,,,,,,,,,,,,,,,,,0.0,0.0
3748,142100,,,,,,,,,,,,,,,,,,,,,,,,,,,,,,,,,0.0,0.0
3749,142133,,,,,,,,,,,,,,,,,,,,,,,,,,,,,,,,,0.0,0.0
3750,142167,,,,,,,,,,,,,,,,,,,,,,,,,,,,,,,,,0.0,0.0
3751,142200,,,,,,,,,,,,,,,,,,,,,,,,,,,,,,Shift,flight_up_thrust,,0.0,0.0
3752,142233,,,,,,,,,,,,,,,,,,,,,,,,,,,,,,Shift,flight_up_thrust,,0.0,0.0
3753,142267,,,,,,,,,,,,,,,,,,,,,,,,,,,,,,Shift,flight_up_thrust,,0.0,0.0
3754,142300,,,,,,,,,,,,,,,,,,,,,,,,,,,,,,Shift,flight_up_thrust,,0.0,0.0
3755,142333,,,,,,,,,,,,,,,,,,,,,,,,,,,,,,Shift,flight_up_thrust,,0.0,0.0
3756,142367,,,,,,,,,,,,,,,,,,,,,,,,,,,,,,Shift,flight_up_thrust,,0.0,0.0
3757,142400,,,,,,,,,,,,,,,,,,,,,,,,,,,,,,Shift,flight_up_thrust,,0.0,0.0
3758,142433,,,,,,,,,,,,,,,,,,,,,,,,,,,,,,Shift,flight_up_thrust,,0.0,0.0
3759,142467,,,,,,,,,,,,,,,,,,,,,,,,,,,,,,Shift,flight_up_thrust,,0.0,0.0
3760,142533,,,,,,,,,,,,,,,,,,,,,,,,,,,,,,Shift,flight_up_thrust,,0.0,0.0
3761,142567,,,,,,,,,,,,,,,,,,,,,,,,,,,,,,Shift,flight_up_thrust,,0.0,0.0
3762,142600,,,,,,,,,,,,,,,,,,,,,,,,,,,,,,Shift,flight_up_thrust,,0.0,0.0
3763,142633,,,,,,,,,,,,,,,,,,,,,,,,,,,,,,Shift,flight_up_thrust,,0.0,0.0
3764,142667,,,,,,,,,,,,,,,,,,,,,,,,,,,,,,Shift,flight_up_thrust,,0.0,0.0
3765,142700,,,,,,,,,,,,,,,,,,,,,,,,,,,,,,Shift,flight_up_thrust,,0.0,0.0
3766,142733,,,,,,,,,,,,,,,,,,,,,,,,,,,,,,Shift,flight_up_thrust,,0.0,0.0
3767,142767,,,,,,,,,,,,,,,,,,,,,,,,,,,,,,Shift,flight_up_thrust,,0.0,0.0
3768,142800,,,,,,,,,,,,,,,,,,,,,,,,,,,,,,Shift,flight_up_thrust,,0.0,0.0
3769,142867,,,,,,,,,,,,,,,,,,,,,,,,,,,,,,Shift,flight_up_thrust,,0.0,0.0
3770,142900,,,,,,,,,,,,,,,,,,,,,,,,,,,,,,Shift,flight_up_thrust,,0.0,0.0
3771,142933,,,,,,,,,,,,,,,,,,,,,,,,,,,,,,Shift,flight_up_thrust,,0.0,0.0
3772,142967,,,,,,,,,,,,,,,,,,,,,,,,,,,,,,Shift,flight_up_thrust,,0.0,0.0
3773,143000,,,,,,,,,,,,,,,,,,,,,,,,,,,,,,Shift,flight_up_thrust,,0.0,0.0
3774,143033,,,,,,,,,,,,,,,,,,,,,,,,,,,,,,Shift,flight_up_thrust,,0.0,0.0
3775,143067,,,,,,,,,,,,,,,,,,,,,,,,,,,,,,Shift,flight_up_thrust,,0.0,0.0
3776,143100,,,,,,,,,,,,,,,,,,,,,,,,,,,,,,Shift,flight_up_thrust,,0.0,0.0
3777,143133,,,,,,,,,,,,,,,,,,,,,,,,,,,,,,Shift,flight_up_thrust,,0.0,0.0
3778,143167,,,,,,,,,,,,,,,,,,,,,,,,,,,,,,Shift,flight_up_thrust,,0.0,0.0
3779,143200,,,,,,,,,,,,,,,,,,,,,,,,,,,,,,Shift,flight_up_thrust,,0.0,0.0
3780,143233,,,,,,,,,,,,,,,,,,,,,,,,,,,,,,Shift,flight_up_thrust,,0.0,0.0
3781,143267,,,,,,,,,,,,,,,,,,,,,,,,,,,,,,Shift,flight_up_thrust,,0.0,0.0
3782,143333,,,,,,,,,,,,,,,,,,,,,,,,,,,,,,Shift,flight_up_thrust,,0.0,0.0
3783,143367,,,,,,,,,,,,,,,,,,,,,,,,,,,,,,Shift,flight_up_thrust,,0.0,0.0
3784,143400,,,,,,,,,,,,,,,,,,,,,,,,,,,,,,Shift,flight_up_thrust,,0.0,0.0
3785,143433,,,,,,,,,,,,,,,,,,,,,,,,,,,,,,,,,0.0,0.0
3786,143467,,,,,,,,,,,,,,,,,,,,,,,,,,,,,,,,,0.0,0.0
3787,143500,,,,,,,,,,,,,,,,,,,,,,,,,,,,,,,,,0.0,0.0
3788,143533,,,,,,,,,,,,,,,,,,,,,,,,,,,,,,,,,0.0,0.0
3789,143567,,,,,,,,,,,,,,,,,,,,,,,,,,,,,,,,,0.0,0.0
3790,143600,,,,,,,,,,,,,,,,,,,,,,,,,,,,,,,,,0.0,0.0
3791,143633,,,,,,,,,,,,,,,,,,,,,,,,,,,,,,,,,0.0,0.0
3792,143700,,,,,,,,,,,,,,,,,,,,,,,,,,,,,,,,,0.0,0.0
3793,143733,,,,,,,,,,,,,,,,,,,,,,,,,,,,,,,,,0.0,0.0
3794,143767,,,,,,,,,,,,,,,,,,,,,,,,,,,,,,,,,0.0,0.0
3795,143800,,,,,,,,,,,,,,,,,,,,,,,,,,,,,,,,,0.0,0.0
3796,143833,,,,,,,,,,,,,,,,,,,,,,,,,,,,,,,,,0.0,0.0
3797,143867,,,,,,,,,,,,,,,,,,,,,,,,,,,,,,,,,0.0,0.0
3798,143900,,,,,,,,,,,,,,,,,,,,,,,,,,,,,,,,,0.0,0.0
3799,143933,,,,,,,,,,,,,,,,,,,,,,,,,,,,,,,,,0.0,0.0
3800,143967,,,,,,,,,,,,,,,,,,,,,,,,,,,,,,,,,0.0,0.0
3801,144033,,,,,,,,,,,,,,,,,,,,,,,,,,,,,,,,,0.0,0.0
3802,144067,,,,,,,,,,,,,,,,,,,,,,,,,,,,,,,,,0.0,0.0
3803,144100,,,,,,,,,,,,,,,,,,,,,,,,,,,,,,,,,0.0,0.0
3804,144133,,,,,,,,,,,,,,,,,,,,,,,,,,,,,,,,,0.0,0.0
3805,144167,,,,,,,,,,,,,,,,,,,,,,,,,,,,,,,,,0.0,0.0
3806,144200,,,,,,,,,,,,,,,,,,,,,,,,,,,,,,,,,0.0,0.0
3807,144233,,,,,,,,,,,,,,,,,,,,,,,,,,,,,,,,,0.0,0.0
3808,144267,,,,,,,,,,,,,,,,,,,,,,,,,,,,,,,,,0.0,0.0
3809,144300,,,,,,,,,,,,,,,,,,,,,,,,,,,,,,,,,0.0,0.0
3810,144333,,,,,,,,,,,,,,,,,,,,,,,,,,,,,,,,,0.0,0.0
3811,144367,,,,,,,,,,,,,,,,,,,,,,,,,,,,,,,,,0.0,0.0
3812,144400,,,,,,,,,,,,,,,,,,,,,,,,,,,,,,,,,0.0,0.0
3813,144433,,,,,,,,,,,,,,,,,,,,,,,,,,,,,,,,,0.0,0.0
3814,144467,,,,,,,,,,,,,,,,,,,,,,,,,,,,,,,,,0.0,0.0
3815,144500,,,,,,,,,,,,,,,,,,,,,,,,,,,,,,,,,0.0,0.0
3816,144533,,,,,,,,,,,,,,,,,,,,,,,,,,,,,,,,,0.0,0.0
3817,144567,,,,,,,,,,,,,,,,,,,,,,,,,,,,,,,,,0.0,0.0
3818,144600,,,,,,,,,,,,,,,,,,,,,,,,,,,,,,,,,0.0,0.0
3819,144633,,,,,,,,,,,,,,,,,,,,,,,,,,,,,,,,,0.0,0.0
3820,144667,,,,,,,,,,,,,,,,,,,,,,,,,,,,,,,,,0.0,0.0
3821,144733,,,,,,,,,,,,,,,,,,,,,,,,,,,,,,,,,0.0,0.0
3822,144767,,,,,,,,,,,,,,,,,,,,,,,,,,,,,,,,,0.0,0.0
3823,144800,,,,,,,,,,,,,,,,,,,,,,,,,,,,,,,,,0.0,0.0
3824,144833,,,,,,,,,,,,,,,,,,,,,,,,,,,,,,,,,0.0,0.0
3825,144867,,,,,,,,,,,,,,,,,,,,,,,,,,,,,,,,,0.0,0.0
3826,144900,,,,,,,,,,,,,,,,,,,,,,,,,,,,,,Shift,flight_up_thrust,,0.0,0.0
3827,144933,,,,,,,,,,,,,,,,,,,,,,,,,,,,,,Shift,flight_up_thrust,,0.0,0.0
3828,144967,,,,,,,,,,,,,,,,,,,,,,,,,,,,,,Shift,flight_up_thrust,,0.0,0.0
3829,145000,,,,,,,,,,,,,,,,,,,,,,,,,,,,,,Shift,flight_up_thrust,,0.0,0.0
3830,145033,,,,,,,,,,,,,,,,,,,,,,,,,,,,,,Shift,flight_up_thrust,,0.0,0.0
3831,145100,,,,,,,,,,,,,,,,,,,,,,,,,,,,,,Shift,flight_up_thrust,,0.0,0.0
3832,145133,,,,,,,,,,,,,,,,,,,,,,,,,,,,,,Shift,flight_up_thrust,,0.0,0.0
3833,145167,,,,,,,,,,,,,,,,,,,,,,,,,,,,,,Shift,flight_up_thrust,,0.0,0.0
3834,145200,,,,,,,,,,,,,,,,,,,,,,,,,,,,,,Shift,flight_up_thrust,,0.0,0.0
3835,145233,,,,,,,,,,,,,,,,,,,,,,,,,,,,,,Shift,flight_up_thrust,,0.0,0.0
3836,145267,,,,,,,,,,,,,,,,,,,,,,,,,,,,,,Shift,flight_up_thrust,,0.0,0.0
3837,145300,,,,,,,,,,,,,,,,,,,,,,,,,,,,,,Shift,flight_up_thrust,,0.0,0.0
3838,145333,,,,,,,,,,,,,,,,,,,,,,,,,,,,,,Shift,flight_up_thrust,,0.0,0.0
3839,145367,,,,,,,,,,,,,,,,,,,,,,,,,,,,,,Shift,flight_up_thrust,,0.0,0.0
3840,145400,,,,,,,,,,,,,,,,,,,,,,,,,,,,,,Shift,flight_up_thrust,,0.0,0.0
3841,145433,,,,,,,,,,,,,,,,,,,,,,,,,,,,,,Shift,flight_up_thrust,,0.0,0.0
3842,145467,,,,,,,,,,,,,,,,,,,,,,,,,,,,,,Shift,flight_up_thrust,,0.0,0.0
3843,145500,,,,,,,,,,,,,,,,,,,,,,,,,,,,,,Shift,flight_up_thrust,,0.0,0.0
3844,145533,,,,,,,,,,,,,,,,,,,,,,,,,,,,,,Shift,flight_up_thrust,,0.0,0.0
3845,145567,,,,,,,,,,,,,,,,,,,,,,,,,,,,,,Shift,flight_up_thrust,,0.0,0.0
3846,145600,,,,,,,,,,,,,,,,,,,,,,,,,,,,,,Shift,flight_up_thrust,,0.0,0.0
3847,145633,,,,,,,,,,,,,,,,,,,,,,,,,,,,,,Shift,flight_up_thrust,,0.0,0.0
3848,145667,,,,,,,,,,,,,,,,,,,,,,,,,,,,,,Shift,flight_up_thrust,,0.0,0.0
3849,145733,,,,,,,,,,,,,,,,,,,,,,,,,,,,,,Shift,flight_up_thrust,,0.0,0.0
3850,145767,,,,,,,,,,,,,,,,,,,,,,,,,,,,,,Shift,flight_up_thrust,,0.0,0.0
3851,145800,,,,,,,,,,,,,,,,,,,,,,,,,,,,,,Shift,flight_up_thrust,,0.0,0.0
3852,145833,,,,,,,,,,,,,,,,,,,,,,,,,,,,,,Shift,flight_up_thrust,,0.0,0.0
3853,145867,,,,,,,,,,,,,,,,,,,,,,,,,,,,,,Shift,flight_up_thrust,,0.0,0.0
3854,145900,,,,,,,,,,,,,,,,,,,,,,,,,,,,,,Shift,flight_up_thrust,,0.0,0.0
3855,145933,,,,,,,,,,,,,,,,,,,,,,,,,,,,,,Shift,flight_up_thrust,,0.0,0.0
3856,145967,,,,,,,,,,,,,,,,,,,,,,,,,,,,,,Shift,flight_up_thrust,,0.0,0.0
3857,146033,,,,,,,,,,,,,,,,,,,,,,,,,,,,,,Shift,flight_up_thrust,,0.0,0.0
3858,146067,,,,,,,,,,,,,,,,,,,,,,,,,,,,,,Shift,flight_up_thrust,,0.0,0.0
3859,146100,,,,,,,,,,,,,,,,,,,,,,,,,,,,,,Shift,flight_up_thrust,,0.0,0.0
3860,146167,,,,,,,,,,,,,,,,,,,,,,,,,,,,,,Shift,flight_up_thrust,,0.0,0.0
3861,146200,,,,,,,,,,,,,,,,,,,,,,,,,,,,,,Shift,flight_up_thrust,,0.0,0.0
3862,146233,,,,,,,,,,,,,,,,,,,,,,,,,,,,,,Shift,flight_up_thrust,,0.0,0.0
3863,146267,,,,,,,,,,,,,,,,,,,,,,,,,,,,,,Shift,flight_up_thrust,,0.0,0.0
3864,146300,,,,,,,,,,,,,,,,,,,,,,,,,,,,,,Shift,flight_up_thrust,,0.0,0.0
3865,146333,,,,,,,,,,,,,,,,,,,,,,,,,,,,,,Shift,flight_up_thrust,,0.0,0.0
3866,146367,,,,,,,,,,,,,,,,,,,,,,,,,,,,,,Shift,flight_up_thrust,,0.0,0.0
3867,146400,,,,,,,,,,,,,,,,,,,,,,,,,,,,,,Shift,flight_up_thrust,,0.0,0.0
3868,146433,,,,,,,,,,,,,,,,,,,,,,,,,,,,,,Shift,flight_up_thrust,,0.0,0.0
3869,146467,,,,,,,,,,,,,,,,,,,,,,,,,,,,,,Shift,flight_up_thrust,,0.0,0.0
3870,146500,,,,,,,,,,,,,,,,,,,,,,,,,,,,,,Shift,flight_up_thrust,,0.0,0.0
3871,146533,,,,,,,,,,,,,,,,,,,,,,,,,,,,,,Shift,flight_up_thrust,,0.0,0.0
3872,146567,,,,,,,,,,,,,,,,,,,,,,,,,,,,,,Shift,flight_up_thrust,,0.0,0.0
3873,146600,,,,,,,,,,,,,,,,,,,,,,,,,,,,,,Shift,flight_up_thrust,,0.0,0.0
3874,146667,,,,,,,,,,,,,,,,,,,,,,,,,,,,,,Shift,flight_up_thrust,,0.0,0.0
3875,146700,,,,,,,,,,,,,,,,,,,,,,,,,,,,,,Shift,flight_up_thrust,,0.0,0.0
3876,146733,,,,,,,,,,,,,,,,,,,,,,,,,,,,,,Shift,flight_up_thrust,,0.0,0.0
3877,146800,,,,,,,,,,,,,,,,,,,,,,,,,,,,,,Shift,flight_up_thrust,,0.0,0.0
3878,146833,,,,,,,,,,,,,,,,,,,,,,,,,,,,,,Shift,flight_up_thrust,,0.0,0.0
3879,146867,,,,,,,,,,,,,,,,,,,,,,,,,,,,,,Shift,flight_up_thrust,,0.0,0.0
3880,146900,,,,,,,,,,,,,,,,,,,,,,,,,,,,,,Shift,flight_up_thrust,,0.0,0.0
3881,146967,,,,,,,,,,,,,,,,,,,,,,,,,,,,,,Shift,flight_up_thrust,,0.0,0.0
3882,147000,,,,,,,,,,,,,,,,,,,,,,,,,,,,,,Shift,flight_up_thrust,,0.0,0.0
3883,147033,,,,,,,,,,,,,,,,,,,,,,,,,,,,,,Shift,flight_up_thrust,,0.0,0.0
3884,147067,,,,,,,,,,,,,,,,,,,,,,,,,,,,,,Shift,flight_up_thrust,,0.0,0.0
3885,147100,,,,,,,,,,,,,,,,,,,,,,,,,,,,,,Shift,flight_up_thrust,,0.0,0.0
3886,147133,,,,,,,,,,,,,,,,,,,,,,,,,,,,,,Shift,flight_up_thrust,,0.0,0.0
3887,147167,,,,,,,,,,,,,,,,,,,,,,,,,,,,,,Shift,flight_up_thrust,,0.0,0.0
3888,147200,,,,,,,,,,,,,,,,,,,,,,,,,,,,,,Shift,flight_up_thrust,,0.0,0.0
3889,147233,,,,,,,,,,,,,,,,,,,,,,,,,,,,,,Shift,flight_up_thrust,,0.0,0.0
3890,147267,,,,,,,,,,,,,,,,,,,,,,,,,,,,,,Shift,flight_up_thrust,,0.0,0.0
3891,147300,,,,,,,,,,,,,,,,,,,,,,,,,,,,,,Shift,flight_up_thrust,,0.0,0.0
3892,147333,,,,,,,,,,,,,,,,,,,,,,,,,,,,,,Shift,flight_up_thrust,,0.0,0.0
3893,147367,,,,,,,,,,,,,,,,,,,,,,,,,,,,,,Shift,flight_up_thrust,,0.0,0.0
3894,147400,,,,,,,,,,,,,,,,,,,,,,,,,,,,,,Shift,flight_up_thrust,,0.0,0.0
3895,147433,,,,,,,,,,,,,,,,,,,,,,,,,,,,,,Shift,flight_up_thrust,,0.0,0.0
3896,147467,,,,,,,,,,,,,,,,,,,,,,,,,,,,,,Shift,flight_up_thrust,,0.0,0.0
3897,147500,,,,,,,,,,,,,,,,,,,,,,,,,,,,,,Shift,flight_up_thrust,,0.0,0.0
3898,147533,,,,,,,,,,,,,,,,,,,,,,,,,,,,,,Shift,flight_up_thrust,,0.0,0.0
3899,147567,,,,,,,,,,,,,,,,,,,,,,,,,,,,,,Shift,flight_up_thrust,,0.0,0.0
3900,147600,,,,,,,,,,,,,,,,,,,,,,,,,,,,,,Shift,flight_up_thrust,,0.0,0.0
3901,147667,,,,,,,,,,,,,,,,,,,,,,,,,,,,,,Shift,flight_up_thrust,,0.0,0.0
3902,147700,,,,,,,,,,,,,,,,,,,,,,,,,,,,,,Shift,flight_up_thrust,,0.0,0.0
3903,147733,,,,,,,,,,,,,,,,,,,,,,,,,,,,,,Shift,flight_up_thrust,,0.0,0.0
3904,147767,,,,,,,,,,,,,,,,,,,,,,,,,,,,,,Shift,flight_up_thrust,,0.0,0.0
3905,147800,,,,,,,,,,,,,,,,,,,,,,,,,,,,,,Shift,flight_up_thrust,,0.0,0.0
3906,147833,,,,,,,,,,,,,,,,,,,,,,,,,,,,,,Shift,flight_up_thrust,,0.0,0.0
3907,147867,,,,,,,,,,,,,,,,,,,,,,,,,,,,,,Shift,flight_up_thrust,,0.0,0.0
3908,147900,,,,,,,,,,,,,,,,,,,,,,,,,,,,,,Shift,flight_up_thrust,,0.0,0.0
3909,147933,,,,,,,,,,,,,,,,,,,,,,,,,,,,,,Shift,flight_up_thrust,,0.0,0.0
3910,147967,,,,,,,,,,,,,,,,,,,,,,,,,,,,,,Shift,flight_up_thrust,,0.0,0.0
3911,148033,,,,,,,,,,,,,,,,,,,,,,,,,,,,,,Shift,flight_up_thrust,,0.0,0.0
3912,148067,,,,,,,,,,,,,,,,,,,,,,,,,,,,,,,,,0.0,0.0
3913,148100,,,,,,,,,,,,,,,,,,,,,,,,,,,,,,,,,0.0,0.0
3914,148133,,,,,,,,,,,,,,,,,,,,,,,,,,,,,,,,,0.0,0.0
3915,148167,,,,,,,,,,,,,,,,,,,,,,,,,,,,,,,,,0.0,0.0
3916,148200,,,,,,,,,,,,,,,,,,,,,,,,,,,,,,,,,0.0,0.0
3917,148233,,,,,,,,,,,,,,,,,,,,,,,,,,,,,,,,,0.0,0.0
3918,148267,,,,,,,,,,,,,,,,,,,,,,,,,,,,,,,,,0.0,0.0
3919,148300,,,,,,,,,,,,,,,,,,,,,,,,,,,,,,,,,0.0,0.0
3920,148333,,,,,,,,,,,,,,,,,,,,,,,,,,,,,,,,,0.0,0.0
3921,148367,,,,,,,,,,,,,,,,,,,,,,,,,,,,,,Shift,flight_up_thrust,,0.0,0.0
3922,148400,,,,,,,,,,,,,,,,,,,,,,,,,,,,,,Shift,flight_up_thrust,,0.0,0.0
3923,148433,,,,,,,,,,,,,,,,,,,,,,,,,,,,,,Shift,flight_up_thrust,,0.0,0.0
3924,148467,,,,,,,,,,,,,,,,,,,,,,,,,,,,,,Shift,flight_up_thrust,,0.0,0.0
3925,148500,,,,,,,,,,,,,,,,,,,,,,,,,,,,,,Shift,flight_up_thrust,,0.0,0.0
3926,148533,,,,,,,,,,,,,,,,,,,,,,,,,,,,,,Shift,flight_up_thrust,,0.0,0.0
3927,148567,,,,,,,,,,,,,,,,,,,,,,,,,,,,,,Shift,flight_up_thrust,,0.0,0.0
3928,148633,,,,,,,,,,,,,,,,,,,,,,,,,,,,,,Shift,flight_up_thrust,,0.0,0.0
3929,148667,,,,,,,,,,,,,,,,,,,,,,,,,,,,,,Shift,flight_up_thrust,,0.0,0.0
3930,148700,,,,,,,,,,,,,,,,,,,,,,,,,,,,,,Shift,flight_up_thrust,,0.0,0.0
3931,148733,,,,,,,,,,,,,,,,,,,,,,,,,,,,,,Shift,flight_up_thrust,,0.0,0.0
3932,148800,,,,,,,,,,,,,,,,,,,,,,,,,,,,,,Shift,flight_up_thrust,,0.0,0.0
3933,148867,,,,,,,,,,,,,,,,,,,,,,,,,,,,,,Shift,flight_up_thrust,,0.0,0.0
3934,148900,,,,,,,,,,,,,,,,,,,,,,,,,,,,,,Shift,flight_up_thrust,,0.0,0.0
3935,148933,,,,,,,,,,,,,,,,,,,,,,,,,,,,,,Shift,flight_up_thrust,,0.0,0.0
3936,149000,,,,,,,,,,,,,,,,,,,,,,,,,,,,,,Shift,flight_up_thrust,,0.0,0.0
3937,149033,,,,,,,,,,,,,,,,,,,,,,,,,,,,,,Shift,flight_up_thrust,,0.0,0.0
3938,149067,,,,,,,,,,,,,,,,,,,,,,,,,,,,,,Shift,flight_up_thrust,,0.0,0.0
3939,149133,,,,,,,,,,,,,,,,,,,,,,,,,,,,,,Shift,flight_up_thrust,,0.0,0.0
3940,149167,,,,,,,,,,,,,,,,,,,,,,,,,,,,,,Shift,flight_up_thrust,,0.0,0.0
3941,149233,,,,,,,,,,,,,,,,,,,,,,,,,,,,,,Shift,flight_up_thrust,,0.0,0.0
3942,149267,,,,,,,,,,,,,,,,,,,,,,,,,,,,,,Shift,flight_up_thrust,,0.0,0.0
3943,149400,,,,,,,,,,,,,,,,,,,,,,,,,,,,,,Shift,flight_up_thrust,,0.0,0.0
3944,149433,,,,,,,,,,,,,,,,,,,,,,,,,,,,,,Shift,flight_up_thrust,,0.0,0.0
3945,149467,,,,,,,,,,,,,,,,,,,,,,,,,,,,,,Shift,flight_up_thrust,,0.0,0.0
3946,149500,,,,,,,,,,,,,,,,,,,,,,,,,,,,,,Shift,flight_up_thrust,,0.0,0.0
3947,149533,,,,,,,,,,,,,,,,,,,,,,,,,,,,,,Shift,flight_up_thrust,,0.0,0.0
3948,149567,,,,,,,,,,,,,,,,,,,,,,,,,,,,,,Shift,flight_up_thrust,,0.0,0.0
3949,149600,,,,,,,,,,,,,,,,,,,,,,,,,,,,,,Shift,flight_up_thrust,,0.0,0.0
3950,149633,,,,,,,,,,,,,,,,,,,,,,,,,,,,,,Shift,flight_up_thrust,,0.0,0.0
3951,149667,,,,,,,,,,,,,,,,,,,,,,,,,,,,,,Shift,flight_up_thrust,,0.0,0.0
3952,149700,,,,,,,,,,,,,,,,,,,,,,,,,,,,,,Shift,flight_up_thrust,,0.0,0.0
3953,149733,,,,,,,,,,,,,,,,,,,,,,,,,,,,,,Shift,flight_up_thrust,,0.0,0.0
3954,149767,,,,,,,,,,,,,,,,,,,,,,,,,,,,,,Shift,flight_up_thrust,,0.0,0.0
3955,149800,,,,,,,,,,,,,,,,,,,,,,,,,,,,,,Shift,flight_up_thrust,,0.0,0.0
3956,149833,,,,,,,,,,,,,,,,,,,,,,,,,,,,,,Shift,flight_up_thrust,,0.0,0.0
3957,149867,,,,,,,,,,,,,,,,,,,,,,,,,,,,,,Shift,flight_up_thrust,,0.0,0.0
3958,149900,,,,,,,,,,,,,,,,,,,,,,,,,,,,,,Shift,flight_up_thrust,,0.0,0.0
3959,149967,,,,,,,,,,,,,,,,,,,,,,,,,,,,,,Shift,flight_up_thrust,,0.0,0.0
3960,150000,,,,,,,,,,,,,,,,,,,,,,,,,,,,,,Shift,flight_up_thrust,,0.0,0.0
3961,150100,,,,,,,,,,,,,,,,,,,,,,,,,,,,,,Shift,flight_up_thrust,,0.0,0.0
3962,150133,,,,,,,,,,,,,,,,,,,,,,,,,,,,,,Shift,flight_up_thrust,,0.0,0.0
3963,150167,,,,,,,,,,,,,,,,,,,,,,,,,,,,,,Shift,flight_up_thrust,,0.0,0.0
3964,150233,,,,,,,,,,,,,,,,,,,,,,,,,,,,,,Shift,flight_up_thrust,,0.0,0.0
3965,150267,,,,,,,,,,,,,,,,,,,,,,,,,,,,,,Shift,flight_up_thrust,,0.0,0.0
3966,150300,,,,,,,,,,,,,,,,,,,,,,,,,,,,,,Shift,flight_up_thrust,,0.0,0.0
3967,150333,,,,,,,,,,,,,,,,,,,,,,,,,,,,,,Shift,flight_up_thrust,,0.0,0.0
3968,150367,,,,,,,,,,,,,,,,,,,,,,,,,,,,,,Shift,flight_up_thrust,,0.0,0.0
3969,150400,,,,,,,,,,,,,,,,,,,,,,,,,,,,,,Shift,flight_up_thrust,,0.0,0.0
3970,150433,,,,,,,,,,,,,,,,,,,,,,,,,,,,,,Shift,flight_up_thrust,,0.0,0.0
3971,150467,,,,,,,,,,,,,,,,,,,,,,,,,,,,,,Shift,flight_up_thrust,,0.0,0.0
3972,150600,,,,,,,,,,,,,,,,,,,,,,,,,,,,,,S|Shift,movement_move_y_axis|flight_up_thrust,,0.0,0.0
3973,150633,,,,,,,,,,,,,,,,,,,,,,,,,,,,,,S|Shift,movement_move_y_axis|flight_up_thrust,,0.0,0.0
3974,150667,,,,,,,,,,,,,,,,,,,,,,,,,,,,,,S|Shift,movement_move_y_axis|flight_up_thrust,,0.0,0.0
3975,150700,,,,,,,,,,,,,,,,,,,,,,,,,,,,,,S|Shift,movement_move_y_axis|flight_up_thrust,,0.0,0.0
3976,150733,,,,,,,,,,,,,,,,,,,,,,,,,,,,,,S|Shift,movement_move_y_axis|flight_up_thrust,,0.0,0.0
3977,150767,,,,,,,,,,,,,,,,,,,,,,,,,,,,,,S|Shift,movement_move_y_axis|flight_up_thrust,,0.0,0.0
3978,150800,,,,,,,,,,,,,,,,,,,,,,,,,,,,,,S|Shift,movement_move_y_axis|flight_up_thrust,,0.0,0.0
3979,150833,,,,,,,,,,,,,,,,,,,,,,,,,,,,,,Shift,flight_up_thrust,,0.0,0.0
3980,150867,,,,,,,,,,,,,,,,,,,,,,,,,,,,,,Shift,flight_up_thrust,,0.0,0.0
3981,150900,,,,,,,,,,,,,,,,,,,,,,,,,,,,,,Shift,flight_up_thrust,,0.0,0.0
3982,150933,,,,,,,,,,,,,,,,,,,,,,,,,,,,,,Shift,flight_up_thrust,,0.0,0.0
3983,151100,,,,,,,,,,,,,,,,,,,,,,,,,,,,,,Shift,flight_up_thrust,,0.0,0.0
3984,151133,,,,,,,,,,,,,,,,,,,,,,,,,,,,,,Shift,flight_up_thrust,,0.0,0.0
3985,151167,,,,,,,,,,,,,,,,,,,,,,,,,,,,,,,,,0.0,0.0
3986,151200,,,,,,,,,,,,,,,,,,,,,,,,,,,,,,,,,0.0,0.0
3987,151233,,,,,,,,,,,,,,,,,,,,,,,,,,,,,,,,,0.0,0.0
3988,151300,,,,,,,,,,,,,,,,,,,,,,,,,,,,,,,,,0.0,0.0
3989,151333,,,,,,,,,,,,,,,,,,,,,,,,,,,,,,,,,0.0,0.0
3990,151367,,,,,,,,,,,,,,,,,,,,,,,,,,,,,,,,,0.0,0.0
3991,151400,,,,,,,,,,,,,,,,,,,,,,,,,,,,,,,,,0.0,0.0
3992,151433,,,,,,,,,,,,,,,,,,,,,,,,,,,,,,,,,0.0,0.0
3993,151467,,,,,,,,,,,,,,,,,,,,,,,,,,,,,,,,,0.0,0.0
3994,151500,,,,,,,,,,,,,,,,,,,,,,,,,,,,,,,,,0.0,0.0
3995,151533,,,,,,,,,,,,,,,,,,,,,,,,,,,,,,,,,0.0,0.0
3996,151633,,,,,,,,,,,,,,,,,,,,,,,,,,,,,,,,,0.0,0.0
3997,151667,,,,,,,,,,,,,,,,,,,,,,,,,,,,,,,,,0.0,0.0
3998,151700,,,,,,,,,,,,,,,,,,,,,,,,,,,,,,Shift,flight_up_thrust,,0.0,0.0
3999,151733,,,,,,,,,,,,,,,,,,,,,,,,,,,,,,Shift,flight_up_thrust,,0.0,0.0
4000,151800,,,,,,,,,,,,,,,,,,,,,,,,,,,,,,Shift,flight_up_thrust,,0.0,0.0
4001,151833,,,,,,,,,,,,,,,,,,,,,,,,,,,,,,Shift,flight_up_thrust,,0.0,0.0
4002,151867,,,,,,,,,,,,,,,,,,,,,,,,,,,,,,Shift,flight_up_thrust,,0.0,0.0
4003,151900,,,,,,,,,,,,,,,,,,,,,,,,,,,,,,Shift,flight_up_thrust,,0.0,0.0
4004,151933,,,,,,,,,,,,,,,,,,,,,,,,,,,,,,Shift,flight_up_thrust,,0.0,0.0
4005,152000,,,,,,,,,,,,,,,,,,,,,,,,,,,,,,Shift,flight_up_thrust,,0.0,0.0
4006,152033,,,,,,,,,,,,,,,,,,,,,,,,,,,,,,Shift,flight_up_thrust,,0.0,0.0
4007,152167,,,,,,,,,,,,,,,,,,,,,,,,,,,,,,Shift,flight_up_thrust,,0.0,0.0
4008,152200,,,,,,,,,,,,,,,,,,,,,,,,,,,,,,Shift,flight_up_thrust,,0.0,0.0
4009,152233,,,,,,,,,,,,,,,,,,,,,,,,,,,,,,Shift,flight_up_thrust,,0.0,0.0
4010,152267,,,,,,,,,,,,,,,,,,,,,,,,,,,,,,Shift,flight_up_thrust,,0.0,0.0
4011,152300,,,,,,,,,,,,,,,,,,,,,,,,,,,,,,Shift,flight_up_thrust,,0.0,0.0
4012,152333,,,,,,,,,,,,,,,,,,,,,,,,,,,,,,Shift,flight_up_thrust,,0.0,0.0
4013,152367,,,,,,,,,,,,,,,,,,,,,,,,,,,,,,Shift,flight_up_thrust,,0.0,0.0
4014,152400,,,,,,,,,,,,,,,,,,,,,,,,,,,,,,Shift,flight_up_thrust,,0.0,0.0
4015,152433,,,,,,,,,,,,,,,,,,,,,,,,,,,,,,Shift,flight_up_thrust,,0.0,0.0
4016,152467,,,,,,,,,,,,,,,,,,,,,,,,,,,,,,Shift,flight_up_thrust,,0.0,0.0
4017,152500,,,,,,,,,,,,,,,,,,,,,,,,,,,,,,Shift,flight_up_thrust,,0.0,0.0
4018,152533,,,,,,,,,,,,,,,,,,,,,,,,,,,,,,Shift,flight_up_thrust,,0.0,0.0
4019,152600,,,,,,,,,,,,,,,,,,,,,,,,,,,,,,Shift|W,movement_move_y_axis|flight_up_thrust,,0.0,0.0
4020,152700,,,,,,,,,,,,,,,,,,,,,,,,,,,,,,Shift|W,movement_move_y_axis|flight_up_thrust,,0.0,0.0
4021,152733,,,,,,,,,,,,,,,,,,,,,,,,,,,,,,Shift|W,movement_move_y_axis|flight_up_thrust,,0.0,0.0
4022,152767,,,,,,,,,,,,,,,,,,,,,,,,,,,,,,Shift|W,movement_move_y_axis|flight_up_thrust,,0.0,0.0
4023,152800,,,,,,,,,,,,,,,,,,,,,,,,,,,,,,Shift|W,movement_move_y_axis|flight_up_thrust,,0.0,0.0
4024,152833,,,,,,,,,,,,,,,,,,,,,,,,,,,,,,Shift|W,movement_move_y_axis|flight_up_thrust,,0.0,0.0
4025,152867,,,,,,,,,,,,,,,,,,,,,,,,,,,,,,Shift|W,movement_move_y_axis|flight_up_thrust,,0.0,0.0
4026,152900,,,,,,,,,,,,,,,,,,,,,,,,,,,,,,Shift|W,movement_move_y_axis|flight_up_thrust,,0.0,0.0
4027,152933,,,,,,,,,,,,,,,,,,,,,,,,,,,,,,Shift|W,movement_move_y_axis|flight_up_thrust,,0.0,0.0
4028,152967,,,,,,,,,,,,,,,,,,,,,,,,,,,,,,Shift,flight_up_thrust,,0.0,0.0
4029,153000,,,,,,,,,,,,,,,,,,,,,,,,,,,,,,Shift,flight_up_thrust,,0.0,0.0
4030,153033,,,,,,,,,,,,,,,,,,,,,,,,,,,,,,Shift,flight_up_thrust,,0.0,0.0
4031,153200,,,,,,,,,,,,,,,,,,,,,,,,,,,,,,,,,0.0,0.0
4032,153233,,,,,,,,,,,,,,,,,,,,,,,,,,,,,,,,,0.0,0.0
4033,153267,,,,,,,,,,,,,,,,,,,,,,,,,,,,,,,,,0.0,0.0
4034,153300,,,,,,,,,,,,,,,,,,,,,,,,,,,,,,,,,0.0,0.0
4035,153333,,,,,,,,,,,,,,,,,,,,,,,,,,,,,,,,,0.0,0.0
4036,153367,,,,,,,,,,,,,,,,,,,,,,,,,,,,,,,,,0.0,0.0
4037,153400,,,,,,,,,,,,,,,,,,,,,,,,,,,,,,,,,0.0,0.0
4038,153433,,,,,,,,,,,,,,,,,,,,,,,,,,,,,,,,,0.0,0.0
4039,153467,,,,,,,,,,,,,,,,,,,,,,,,,,,,,,,,,0.0,0.0
4040,153500,,,,,,,,,,,,,,,,,,,,,,,,,,,,,,,,,0.0,0.0
4041,153533,,,,,,,,,,,,,,,,,,,,,,,,,,,,,,,,,0.0,0.0
4042,153567,,,,,,,,,,,,,,,,,,,,,,,,,,,,,,,,,0.0,0.0
4043,153600,,,,,,,,,,,,,,,,,,,,,,,,,,,,,,,,,0.0,0.0
4044,153800,,,,,,,,,,,,,,,,,,,,,,,,,,,,,,,,,0.0,0.0
4045,153833,,,,,,,,,,,,,,,,,,,,,,,,,,,,,,W,movement_move_y_axis,,0.0,0.0
4046,153867,,,,,,,,,,,,,,,,,,,,,,,,,,,,,,W,movement_move_y_axis,,0.0,0.0
4047,153900,,,,,,,,,,,,,,,,,,,,,,,,,,,,,,W,movement_move_y_axis,,0.0,0.0
4048,153933,,,,,,,,,,,,,,,,,,,,,,,,,,,,,,W,movement_move_y_axis,,0.0,0.0
4049,154000,,,,,,,,,,,,,,,,,,,,,,,,,,,,,,W,movement_move_y_axis,,0.0,0.0
4050,154033,,,,,,,,,,,,,,,,,,,,,,,,,,,,,,W,movement_move_y_axis,,0.0,0.0
4051,154067,,,,,,,,,,,,,,,,,,,,,,,,,,,,,,W,movement_move_y_axis,,0.0,0.0
4052,154100,,,,,,,,,,,,,,,,,,,,,,,,,,,,,,W,movement_move_y_axis,,0.0,0.0
4053,154133,,,,,,,,,,,,,,,,,,,,,,,,,,,,,,W,movement_move_y_axis,,0.0,0.0
4054,154167,,,,,,,,,,,,,,,,,,,,,,,,,,,,,,W,movement_move_y_axis,,0.0,0.0
4055,154400,,,,,,,,,,,,,,,,,,,,,,,,,,,,,,Shift|W,movement_move_y_axis|flight_up_thrust,,0.0,0.0
4056,154433,,,,,,,,,,,,,,,,,,,,,,,,,,,,,,Shift|W,movement_move_y_axis|flight_up_thrust,,0.0,0.0
4057,154467,,,,,,,,,,,,,,,,,,,,,,,,,,,,,,Shift|W,movement_move_y_axis|flight_up_thrust,,0.0,0.0
4058,154500,,,,,,,,,,,,,,,,,,,,,,,,,,,,,,Shift|W,movement_move_y_axis|flight_up_thrust,,0.0,0.0
4059,154567,,,,,,,,,,,,,,,,,,,,,,,,,,,,,,Shift|W,movement_move_y_axis|flight_up_thrust,,0.0,0.0
4060,154600,,,,,,,,,,,,,,,,,,,,,,,,,,,,,,Shift|W,movement_move_y_axis|flight_up_thrust,,0.0,0.0
4061,154633,,,,,,,,,,,,,,,,,,,,,,,,,,,,,,Shift|W,movement_move_y_axis|flight_up_thrust,,0.0,0.0
4062,154700,,,,,,,,,,,,,,,,,,,,,,,,,,,,,,Shift|W,movement_move_y_axis|flight_up_thrust,,0.0,0.0
4063,154733,,,,,,,,,,,,,,,,,,,,,,,,,,,,,,Shift|W,movement_move_y_axis|flight_up_thrust,,0.0,0.0
4064,154767,,,,,,,,,,,,,,,,,,,,,,,,,,,,,,Shift|W,movement_move_y_axis|flight_up_thrust,,0.0,0.0
4065,154800,,,,,,,,,,,,,,,,,,,,,,,,,,,,,,Shift|W,movement_move_y_axis|flight_up_thrust,,0.0,0.0
4066,154833,,,,,,,,,,,,,,,,,,,,,,,,,,,,,,Shift|W,movement_move_y_axis|flight_up_thrust,,0.0,0.0
4067,155067,,,,,,,,,,,,,,,,,,,,,,,,,,,,,,Shift|W,movement_move_y_axis|flight_up_thrust,,0.0,0.0
4068,155100,,,,,,,,,,,,,,,,,,,,,,,,,,,,,,Shift|W,movement_move_y_axis|flight_up_thrust,,0.0,0.0
4069,155133,,,,,,,,,,,,,,,,,,,,,,,,,,,,,,Shift|W,movement_move_y_axis|flight_up_thrust,,0.0,0.0
4070,155167,,,,,,,,,,,,,,,,,,,,,,,,,,,,,,Shift|W,movement_move_y_axis|flight_up_thrust,,0.0,0.0
4071,155200,,,,,,,,,,,,,,,,,,,,,,,,,,,,,,Shift|W,movement_move_y_axis|flight_up_thrust,,0.0,0.0
4072,155233,,,,,,,,,,,,,,,,,,,,,,,,,,,,,,Shift|W,movement_move_y_axis|flight_up_thrust,,0.0,0.0
4073,155267,,,,,,,,,,,,,,,,,,,,,,,,,,,,,,Shift|W,movement_move_y_axis|flight_up_thrust,,0.0,0.0
4074,155300,,,,,,,,,,,,,,,,,,,,,,,,,,,,,,Shift|W,movement_move_y_axis|flight_up_thrust,,0.0,0.0
4075,155333,,,,,,,,,,,,,,,,,,,,,,,,,,,,,,Shift|W,movement_move_y_axis|flight_up_thrust,,0.0,0.0
4076,155367,,,,,,,,,,,,,,,,,,,,,,,,,,,,,,Shift|W,movement_move_y_axis|flight_up_thrust,,0.0,0.0
4077,155400,,,,,,,,,,,,,,,,,,,,,,,,,,,,,,Shift|W,movement_move_y_axis|flight_up_thrust,,0.0,0.0
4078,155433,,,,,,,,,,,,,,,,,,,,,,,,,,,,,,Shift|W,movement_move_y_axis|flight_up_thrust,,0.0,0.0
4079,155467,,,,,,,,,,,,,,,,,,,,,,,,,,,,,,Shift|W,movement_move_y_axis|flight_up_thrust,,0.0,0.0
4080,155733,,,,,,,,,,,,,,,,,,,,,,,,,,,,,,Shift|W,movement_move_y_axis|flight_up_thrust,,0.0,0.0
4081,155767,,,,,,,,,,,,,,,,,,,,,,,,,,,,,,Shift|W,movement_move_y_axis|flight_up_thrust,,0.0,0.0
4082,155800,,,,,,,,,,,,,,,,,,,,,,,,,,,,,,Shift|W,movement_move_y_axis|flight_up_thrust,,0.0,0.0
4083,155833,,,,,,,,,,,,,,,,,,,,,,,,,,,,,,Shift|W,movement_move_y_axis|flight_up_thrust,,0.0,0.0
4084,155867,,,,,,,,,,,,,,,,,,,,,,,,,,,,,,Shift|W,movement_move_y_axis|flight_up_thrust,,0.0,0.0
4085,155900,,,,,,,,,,,,,,,,,,,,,,,,,,,,,,Shift|W,movement_move_y_axis|flight_up_thrust,,0.0,0.0
4086,155933,,,,,,,,,,,,,,,,,,,,,,,,,,,,,,Shift|W,movement_move_y_axis|flight_up_thrust,,0.0,0.0
4087,155967,,,,,,,,,,,,,,,,,,,,,,,,,,,,,,W,movement_move_y_axis,,0.0,0.0
4088,156000,,,,,,,,,,,,,,,,,,,,,,,,,,,,,,W,movement_move_y_axis,,0.0,0.0
4089,156100,,,,,,,,,,,,,,,,,,,,,,,,,,,,,,,,,0.0,0.0
4090,156133,,,,,,,,,,,,,,,,,,,,,,,,,,,,,,,,,0.0,0.0
4091,156233,,,,,,,,,,,,,,,,,,,,,,,,,,,,,,,,,0.0,0.0
4092,156267,,,,,,,,,,,,,,,,,,,,,,,,,,,,,,,,,0.0,0.0
4093,156300,,,,,,,,,,,,,,,,,,,,,,,,,,,,,,,,,0.0,0.0
4094,156333,,,,,,,,,,,,,,,,,,,,,,,,,,,,,,,,,0.0,0.0
4095,156367,,,,,,,,,,,,,,,,,,,,,,,,,,,,,,,,,0.0,0.0
4096,156433,,,,,,,,,,,,,,,,,,,,,,,,,,,,,,,,,0.0,0.0
4097,156467,,,,,,,,,,,,,,,,,,,,,,,,,,,,,,,,,0.0,0.0
4098,156500,,,,,,,,,,,,,,,,,,,,,,,,,,,,,,,,,0.0,0.0
4099,156533,,,,,,,,,,,,,,,,,,,,,,,,,,,,,,,,,0.0,0.0
4100,156567,,,,,,,,,,,,,,,,,,,,,,,,,,,,,,,,,0.0,0.0
4101,156767,,,,,,,,,,,,,,,,,,,,,,,,,,,,,,Q,general_cancel,,0.0,0.0
4102,156800,,,,,,,,,,,,,,,,,,,,,,,,,,,,,,Q,general_cancel,,0.0,0.0
4103,156833,,,,,,,,,,,,,,,,,,,,,,,,,,,,,,Q,general_cancel,,0.0,0.0
4104,156967,,,,,,,,,,,,,,,,,,,,,,,,,,,,,,Q,general_cancel,,0.0,0.0
4105,157000,,,,,,,,,,,,,,,,,,,,,,,,,,,,,,Q,general_cancel,,0.0,0.0
4106,157033,,,,,,,,,,,,,,,,,,,,,,,,,,,,,,Q,general_cancel,,0.0,0.0
4107,157100,,,,,,,,,,,,,,,,,,,,,,,,,,,,,,Q,general_cancel,,0.0,0.0
4108,157133,,,,,,,,,,,,,,,,,,,,,,,,,,,,,,Q,general_cancel,,0.0,0.0
4109,157167,,,,,,,,,,,,,,,,,,,,,,,,,,,,,,Q,general_cancel,,0.0,0.0
4110,157200,,,,,,,,,,,,,,,,,,,,,,,,,,,,,,Q,general_cancel,,0.0,0.0
4111,157233,,,,,,,,,,,,,,,,,,,,,,,,,,,,,,Q,general_cancel,,0.0,0.0
4112,157267,,,,,,,,,,,,,,,,,,,,,,,,,,,,,,Q,general_cancel,,0.0,0.0
4113,157300,,,,,,,,,,,,,,,,,,,,,,,,,,,,,,Q,general_cancel,,0.0,0.0
4114,157333,,,,,,,,,,,,,,,,,,,,,,,,,,,,,,,,,0.0,0.0
4115,157533,,,,,,,,,,,,,,,,,,,,,,,,,,,,,,,,,0.0,0.0
4116,157633,,,,,,,,,,,,,,,,,,,,,,,,,,,,,,,,,0.0,0.0
4117,157667,,,,,,,,,,,,,,,,,,,,,,,,,,,,,,,,,0.0,0.0
4118,157700,,,,,,,,,,,,,,,,,,,,,,,,,,,,,,,,,0.0,0.0
4119,157767,,,,,,,,,,,,,,,,,,,,,,,,,,,,,,,,,0.0,0.0
4120,157800,,,,,,,,,,,,,,,,,,,,,,,,,,,,,,,,,0.0,0.0
4121,157833,,,,,,,,,,,,,,,,,,,,,,,,,,,,,,,,,0.0,0.0
4122,157867,,,,,,,,,,,,,,,,,,,,,,,,,,,,,,,,,0.0,0.0
4123,158000,,,,,,,,,,,,,,,,,,,,,,,,,,,,,,,,,0.0,0.0
4124,158033,,,,,,,,,,,,,,,,,,,,,,,,,,,,,,,,,0.0,0.0
4125,158067,,,,,,,,,,,,,,,,,,,,,,,,,,,,,,,,,0.0,0.0
4126,158100,,,,,,,,,,,,,,,,,,,,,,,,,,,,,,,,,0.0,0.0
4127,158133,,,,,,,,,,,,,,,,,,,,,,,,,,,,,,,,,0.0,0.0
4128,158167,,,,,,,,,,,,,,,,,,,,,,,,,,,,,,,,,0.0,0.0
4129,158200,,,,,,,,,,,,,,,,,,,,,,,,,,,,,,,,,0.0,0.0
4130,158267,,,,,,,,,,,,,,,,,,,,,,,,,,,,,,,,,0.0,0.0
4131,158300,,,,,,,,,,,,,,,,,,,,,,,,,,,,,,,,,0.0,0.0
4132,158333,,,,,,,,,,,,,,,,,,,,,,,,,,,,,,,,,0.0,0.0
4133,158367,,,,,,,,,,,,,,,,,,,,,,,,,,,,,,,,,0.0,0.0
4134,158400,,,,,,,,,,,,,,,,,,,,,,,,,,,,,,,,,0.0,0.0
4135,158433,,,,,,,,,,,,,,,,,,,,,,,,,,,,,,,,,0.0,0.0
4136,158467,,,,,,,,,,,,,,,,,,,,,,,,,,,,,,,,,0.0,0.0
4137,158500,,,,,,,,,,,,,,,,,,,,,,,,,,,,,,,,,0.0,0.0
4138,158633,,,,,,,,,,,,,,,,,,,,,,,,,,,,,,Shift,flight_up_thrust,,0.0,0.0
4139,158667,,,,,,,,,,,,,,,,,,,,,,,,,,,,,,Shift,flight_up_thrust,,0.0,0.0
4140,158700,,,,,,,,,,,,,,,,,,,,,,,,,,,,,,Shift,flight_up_thrust,,0.0,0.0
4141,158733,,,,,,,,,,,,,,,,,,,,,,,,,,,,,,Shift,flight_up_thrust,,0.0,0.0
4142,158767,,,,,,,,,,,,,,,,,,,,,,,,,,,,,,Shift,flight_up_thrust,,0.0,0.0
4143,158800,,,,,,,,,,,,,,,,,,,,,,,,,,,,,,Shift,flight_up_thrust,,0.0,0.0
4144,158833,,,,,,,,,,,,,,,,,,,,,,,,,,,,,,Shift,flight_up_thrust,,0.0,0.0
4145,158867,,,,,,,,,,,,,,,,,,,,,,,,,,,,,,Shift,flight_up_thrust,,0.0,0.0
4146,158900,,,,,,,,,,,,,,,,,,,,,,,,,,,,,,Shift,flight_up_thrust,,0.0,0.0
4147,158933,,,,,,,,,,,,,,,,,,,,,,,,,,,,,,Shift,flight_up_thrust,,0.0,0.0
4148,158967,,,,,,,,,,,,,,,,,,,,,,,,,,,,,,Shift,flight_up_thrust,,0.0,0.0
4149,159000,,,,,,,,,,,,,,,,,,,,,,,,,,,,,,Shift,flight_up_thrust,,0.0,0.0
4150,159167,,,,,,,,,,,,,,,,,,,,,,,,,,,,,,Shift,flight_up_thrust,,0.0,0.0
4151,159200,,,,,,,,,,,,,,,,,,,,,,,,,,,,,,Shift,flight_up_thrust,,0.0,0.0
4152,159233,,,,,,,,,,,,,,,,,,,,,,,,,,,,,,Shift,flight_up_thrust,,0.0,0.0
4153,159267,,,,,,,,,,,,,,,,,,,,,,,,,,,,,,Shift,flight_up_thrust,,0.0,0.0
4154,159300,,,,,,,,,,,,,,,,,,,,,,,,,,,,,,Shift,flight_up_thrust,,0.0,0.0
4155,159333,,,,,,,,,,,,,,,,,,,,,,,,,,,,,,Shift,flight_up_thrust,,0.0,0.0
4156,159367,,,,,,,,,,,,,,,,,,,,,,,,,,,,,,Shift,flight_up_thrust,,0.0,0.0
4157,159400,,,,,,,,,,,,,,,,,,,,,,,,,,,,,,Shift,flight_up_thrust,,0.0,0.0
4158,159433,,,,,,,,,,,,,,,,,,,,,,,,,,,,,,Shift,flight_up_thrust,,0.0,0.0
4159,159467,,,,,,,,,,,,,,,,,,,,,,,,,,,,,,Shift,flight_up_thrust,,0.0,0.0
4160,159500,,,,,,,,,,,,,,,,,,,,,,,,,,,,,,Shift,flight_up_thrust,,0.0,0.0
4161,159533,,,,,,,,,,,,,,,,,,,,,,,,,,,,,,,movement_look_x_axis,,3.0,0.0
4162,159767,,,,,,,,,,,,,,,,,,,,,,,,,,,,,,W,movement_move_y_axis,,0.0,0.0
4163,159800,,,,,,,,,,,,,,,,,,,,,,,,,,,,,,W,movement_move_y_axis,,0.0,0.0
4164,159833,,,,,,,,,,,,,,,,,,,,,,,,,,,,,,W,movement_move_y_axis,,0.0,0.0
4165,159867,,,,,,,,,,,,,,,,,,,,,,,,,,,,,,W,movement_move_y_axis,,0.0,0.0
4166,159900,,,,,,,,,,,,,,,,,,,,,,,,,,,,,,W,movement_move_y_axis,,0.0,0.0
4167,159933,,,,,,,,,,,,,,,,,,,,,,,,,,,,,,W,movement_move_y_axis,,0.0,0.0
4168,159967,,,,,,,,,,,,,,,,,,,,,,,,,,,,,,W,movement_move_y_axis,,0.0,0.0
4169,160033,,,,,,,,,,,,,,,,,,,,,,,,,,,,,,W,movement_move_y_axis,,0.0,0.0
4170,160067,,,,,,,,,,,,,,,,,,,,,,,,,,,,,,W,movement_move_y_axis,,0.0,0.0
4171,160100,,,,,,,,,,,,,,,,,,,,,,,,,,,,,,W,movement_move_y_axis,,0.0,0.0
4172,160167,,,,,,,,,,,,,,,,,,,,,,,,,,,,,,W,movement_move_y_axis,,0.0,0.0
4173,160200,,,,,,,,,,,,,,,,,,,,,,,,,,,,,,W,movement_move_y_axis,,0.0,0.0
4174,160233,,,,,,,,,,,,,,,,,,,,,,,,,,,,,,W,movement_move_y_axis,,0.0,0.0
4175,160267,,,,,,,,,,,,,,,,,,,,,,,,,,,,,,W,movement_move_y_axis,,0.0,0.0
4176,160467,,,,,,,,,,,,,,,,,,,,,,,,,,,,,,Shift,flight_up_thrust,,0.0,0.0
4177,160500,,,,,,,,,,,,,,,,,,,,,,,,,,,,,,Shift,flight_up_thrust,,0.0,0.0
4178,160533,,,,,,,,,,,,,,,,,,,,,,,,,,,,,,Shift,flight_up_thrust,,0.0,0.0
4179,160567,,,,,,,,,,,,,,,,,,,,,,,,,,,,,,Shift,flight_up_thrust,,0.0,0.0
4180,160600,,,,,,,,,,,,,,,,,,,,,,,,,,,,,,Shift,flight_up_thrust,,0.0,0.0
4181,160633,,,,,,,,,,,,,,,,,,,,,,,,,,,,,,Shift,flight_up_thrust,,0.0,0.0
4182,160667,,,,,,,,,,,,,,,,,,,,,,,,,,,,,,Shift,flight_up_thrust,,0.0,0.0
4183,160700,,,,,,,,,,,,,,,,,,,,,,,,,,,,,,Shift,flight_up_thrust,,0.0,0.0
4184,160733,,,,,,,,,,,,,,,,,,,,,,,,,,,,,,Shift,flight_up_thrust,,0.0,0.0
4185,160767,,,,,,,,,,,,,,,,,,,,,,,,,,,,,,Shift,flight_up_thrust,,0.0,0.0
4186,160800,,,,,,,,,,,,,,,,,,,,,,,,,,,,,,Shift,flight_up_thrust,,0.0,0.0
4187,160833,,,,,,,,,,,,,,,,,,,,,,,,,,,,,,Shift,flight_up_thrust,,0.0,0.0
4188,160867,,,,,,,,,,,,,,,,,,,,,,,,,,,,,,Shift,flight_up_thrust,,0.0,0.0
4189,160900,,,,,,,,,,,,,,,,,,,,,,,,,,,,,,Shift,flight_up_thrust,,0.0,0.0
4190,160933,,,,,,,,,,,,,,,,,,,,,,,,,,,,,,Shift,flight_up_thrust,,0.0,0.0
4191,161067,,,,,,,,,,,,,,,,,,,,,,,,,,,,,,Shift,flight_up_thrust,,0.0,0.0
4192,161100,,,,,,,,,,,,,,,,,,,,,,,,,,,,,,Shift,flight_up_thrust,,0.0,0.0
4193,161133,,,,,,,,,,,,,,,,,,,,,,,,,,,,,,Shift,flight_up_thrust,,0.0,0.0
4194,161167,,,,,,,,,,,,,,,,,,,,,,,,,,,,,,Shift,flight_up_thrust,,0.0,0.0
4195,161200,,,,,,,,,,,,,,,,,,,,,,,,,,,,,,Shift,flight_up_thrust,,0.0,0.0
4196,161233,,,,,,,,,,,,,,,,,,,,,,,,,,,,,,Shift,flight_up_thrust,,0.0,0.0
4197,161300,,,,,,,,,,,,,,,,,,,,,,,,,,,,,,Shift,flight_up_thrust,,0.0,0.0
4198,161333,,,,,,,,,,,,,,,,,,,,,,,,,,,,,,Shift,flight_up_thrust,,0.0,0.0
4199,161367,,,,,,,,,,,,,,,,,,,,,,,,,,,,,,Shift,flight_up_thrust,,0.0,0.0
4200,161400,,,,,,,,,,,,,,,,,,,,,,,,,,,,,,Shift,flight_up_thrust,,0.0,0.0
4201,161467,,,,,,,,,,,,,,,,,,,,,,,,,,,,,,Shift,flight_up_thrust,,0.0,0.0
4202,161533,,,,,,,,,,,,,,,,,,,,,,,,,,,,,,Shift,flight_up_thrust,,0.0,0.0
4203,161567,,,,,,,,,,,,,,,,,,,,,,,,,,,,,,Shift,flight_up_thrust,,0.0,0.0
4204,161600,,,,,,,,,,,,,,,,,,,,,,,,,,,,,,Shift,flight_up_thrust,,0.0,0.0
4205,161633,,,,,,,,,,,,,,,,,,,,,,,,,,,,,,Shift,flight_up_thrust,,0.0,0.0
4206,161833,,,,,,,,,,,,,,,,,,,,,,,,,,,,,,Shift,flight_up_thrust,,0.0,0.0
4207,161867,,,,,,,,,,,,,,,,,,,,,,,,,,,,,,Shift,flight_up_thrust,,0.0,0.0
4208,161900,,,,,,,,,,,,,,,,,,,,,,,,,,,,,,Shift,flight_up_thrust,,0.0,0.0
4209,162033,,,,,,,,,,,,,,,,,,,,,,,,,,,,,,Shift,flight_up_thrust,,0.0,0.0
4210,162067,,,,,,,,,,,,,,,,,,,,,,,,,,,,,,,,,0.0,0.0
4211,162100,,,,,,,,,,,,,,,,,,,,,,,,,,,,,,,movement_look_x_axis,,1.0,0.0
4212,162133,,,,,,,,,,,,,,,,,,,,,,,,,,,,,,,,,0.0,0.0
4213,162167,,,,,,,,,,,,,,,,,,,,,,,,,,,,,,,,,0.0,0.0
4214,162200,,,,,,,,,,,,,,,,,,,,,,,,,,,,,,,,,0.0,0.0
4215,162233,,,,,,,,,,,,,,,,,,,,,,,,,,,,,,,,,0.0,0.0
4216,162267,,,,,,,,,,,,,,,,,,,,,,,,,,,,,,,,,0.0,0.0
4217,162300,,,,,,,,,,,,,,,,,,,,,,,,,,,,,,,,,0.0,0.0
4218,162333,,,,,,,,,,,,,,,,,,,,,,,,,,,,,,,,,0.0,0.0
4219,162367,,,,,,,,,,,,,,,,,,,,,,,,,,,,,,W,movement_move_y_axis,,0.0,0.0
4220,162567,,,,,,,,,,,,,,,,,,,,,,,,,,,,,,W,movement_move_y_axis,,0.0,0.0
4221,162667,,,,,,,,,,,,,,,,,,,,,,,,,,,,,,W,movement_move_y_axis,,0.0,0.0
4222,162700,,,,,,,,,,,,,,,,,,,,,,,,,,,,,,W,movement_move_y_axis,,0.0,0.0
4223,162733,,,,,,,,,,,,,,,,,,,,,,,,,,,,,,W,movement_move_y_axis,,0.0,0.0
4224,162767,,,,,,,,,,,,,,,,,,,,,,,,,,,,,,W,movement_move_y_axis,,0.0,0.0
4225,162800,,,,,,,,,,,,,,,,,,,,,,,,,,,,,,W,movement_move_y_axis,,0.0,0.0
4226,162833,,,,,,,,,,,,,,,,,,,,,,,,,,,,,,W,movement_move_y_axis,,0.0,0.0
4227,162867,,,,,,,,,,,,,,,,,,,,,,,,,,,,,,W,movement_move_y_axis,,0.0,0.0
4228,162900,,,,,,,,,,,,,,,,,,,,,,,,,,,,,,W,movement_move_y_axis,,0.0,0.0
4229,162933,,,,,,,,,,,,,,,,,,,,,,,,,,,,,,W,movement_move_y_axis,,0.0,0.0
4230,162967,,,,,,,,,,,,,,,,,,,,,,,,,,,,,,Shift|W,movement_move_y_axis|flight_up_thrust,,0.0,0.0
4231,163000,,,,,,,,,,,,,,,,,,,,,,,,,,,,,,Shift,flight_up_thrust,,0.0,0.0
4232,163167,,,,,,,,,,,,,,,,,,,,,,,,,,,,,,Shift,flight_up_thrust,,0.0,0.0
4233,163200,,,,,,,,,,,,,,,,,,,,,,,,,,,,,,Shift,flight_up_thrust,,0.0,0.0
4234,163233,,,,,,,,,,,,,,,,,,,,,,,,,,,,,,Shift,flight_up_thrust,,0.0,0.0
4235,163267,,,,,,,,,,,,,,,,,,,,,,,,,,,,,,Shift,flight_up_thrust,,0.0,0.0
4236,163300,,,,,,,,,,,,,,,,,,,,,,,,,,,,,,Shift,flight_up_thrust,,0.0,0.0
4237,163333,,,,,,,,,,,,,,,,,,,,,,,,,,,,,,Shift,flight_up_thrust,,0.0,0.0
4238,163367,,,,,,,,,,,,,,,,,,,,,,,,,,,,,,Shift,flight_up_thrust,,0.0,0.0
4239,163400,,,,,,,,,,,,,,,,,,,,,,,,,,,,,,Shift,flight_up_thrust,,0.0,0.0
4240,163433,,,,,,,,,,,,,,,,,,,,,,,,,,,,,,Shift,flight_up_thrust,,0.0,0.0
4241,163467,,,,,,,,,,,,,,,,,,,,,,,,,,,,,,Shift,flight_up_thrust,,0.0,0.0
4242,163500,,,,,,,,,,,,,,,,,,,,,,,,,,,,,,Shift,flight_up_thrust,,0.0,0.0
4243,163567,,,,,,,,,,,,,,,,,,,,,,,,,,,,,,Shift,flight_up_thrust,,0.0,0.0
4244,163600,,,,,,,,,,,,,,,,,,,,,,,,,,,,,,Shift,flight_up_thrust,,0.0,0.0
4245,163633,,,,,,,,,,,,,,,,,,,,,,,,,,,,,,Shift,flight_up_thrust,,0.0,0.0
4246,163800,,,,,,,,,,,,,,,,,,,,,,,,,,,,,,Shift,flight_up_thrust,,0.0,0.0
4247,163833,,,,,,,,,,,,,,,,,,,,,,,,,,,,,,Shift,flight_up_thrust,,0.0,0.0
4248,163867,,,,,,,,,,,,,,,,,,,,,,,,,,,,,,Shift,flight_up_thrust,,0.0,0.0
4249,163900,,,,,,,,,,,,,,,,,,,,,,,,,,,,,,Shift,flight_up_thrust,,0.0,0.0
4250,164000,,,,,,,,,,,,,,,,,,,,,,,,,,,,,,Shift,flight_up_thrust,,0.0,0.0
4251,164033,,,,,,,,,,,,,,,,,,,,,,,,,,,,,,Shift,flight_up_thrust,,0.0,0.0
4252,164067,,,,,,,,,,,,,,,,,,,,,,,,,,,,,,Shift,flight_up_thrust,,0.0,0.0
4253,164100,,,,,,,,,,,,,,,,,,,,,,,,,,,,,,Shift,flight_up_thrust,,0.0,0.0
4254,164133,,,,,,,,,,,,,,,,,,,,,,,,,,,,,,Shift,flight_up_thrust,,0.0,0.0
4255,164167,,,,,,,,,,,,,,,,,,,,,,,,,,,,,,Shift,flight_up_thrust,,0.0,0.0
4256,164200,,,,,,,,,,,,,,,,,,,,,,,,,,,,,,Shift,flight_up_thrust,,0.0,0.0
4257,164233,,,,,,,,,,,,,,,,,,,,,,,,,,,,,,Shift,flight_up_thrust,,0.0,0.0
4258,164267,,,,,,,,,,,,,,,,,,,,,,,,,,,,,,Shift,flight_up_thrust,,0.0,0.0
4259,164300,,,,,,,,,,,,,,,,,,,,,,,,,,,,,,Shift,flight_up_thrust,,0.0,0.0
4260,164433,,,,,,,,,,,,,,,,,,,,,,,,,,,,,,Shift,flight_up_thrust,,0.0,0.0
4261,164467,,,,,,,,,,,,,,,,,,,,,,,,,,,,,,Shift,flight_up_thrust,,0.0,0.0
4262,164500,,,,,,,,,,,,,,,,,,,,,,,,,,,,,,Shift,flight_up_thrust,,0.0,0.0
4263,164567,,,,,,,,,,,,,,,,,,,,,,,,,,,,,,Shift,flight_up_thrust,,0.0,0.0
4264,164700,,,,,,,,,,,,,,,,,,,,,,,,,,,,,,Shift,flight_up_thrust,,0.0,0.0
4265,164733,,,,,,,,,,,,,,,,,,,,,,,,,,,,,,Shift,flight_up_thrust,,0.0,0.0
4266,164767,,,,,,,,,,,,,,,,,,,,,,,,,,,,,,Shift,flight_up_thrust,,0.0,0.0
4267,164800,,,,,,,,,,,,,,,,,,,,,,,,,,,,,,Shift,flight_up_thrust,,0.0,0.0
4268,164833,,,,,,,,,,,,,,,,,,,,,,,,,,,,,,Shift,flight_up_thrust,,0.0,0.0
4269,164867,,,,,,,,,,,,,,,,,,,,,,,,,,,,,,Shift,flight_up_thrust,,0.0,0.0
4270,164933,,,,,,,,,,,,,,,,,,,,,,,,,,,,,,Shift,flight_up_thrust,,0.0,0.0
4271,164967,,,,,,,,,,,,,,,,,,,,,,,,,,,,,,Shift,flight_up_thrust,,0.0,0.0
4272,165067,,,,,,,,,,,,,,,,,,,,,,,,,,,,,,Shift,flight_up_thrust,,0.0,0.0
4273,165100,,,,,,,,,,,,,,,,,,,,,,,,,,,,,,Shift,flight_up_thrust,,0.0,0.0
4274,165133,,,,,,,,,,,,,,,,,,,,,,,,,,,,,,Shift,flight_up_thrust,,0.0,0.0
4275,165267,,,,,,,,,,,,,,,,,,,,,,,,,,,,,,Shift,flight_up_thrust,,0.0,0.0
4276,165300,,,,,,,,,,,,,,,,,,,,,,,,,,,,,,Shift,flight_up_thrust,,0.0,0.0
4277,165333,,,,,,,,,,,,,,,,,,,,,,,,,,,,,,Shift,flight_up_thrust,,0.0,0.0
4278,165367,,,,,,,,,,,,,,,,,,,,,,,,,,,,,,Shift,flight_up_thrust,,0.0,0.0
4279,165400,,,,,,,,,,,,,,,,,,,,,,,,,,,,,,Shift,flight_up_thrust,,0.0,0.0
4280,165533,,,,,,,,,,,,,,,,,,,,,,,,,,,,,,Shift,flight_up_thrust,,0.0,0.0
4281,165567,,,,,,,,,,,,,,,,,,,,,,,,,,,,,,Shift,flight_up_thrust,,0.0,0.0
4282,165600,,,,,,,,,,,,,,,,,,,,,,,,,,,,,,Shift,flight_up_thrust,,0.0,0.0
4283,165633,,,,,,,,,,,,,,,,,,,,,,,,,,,,,,Shift,flight_up_thrust,,0.0,0.0
4284,165667,,,,,,,,,,,,,,,,,,,,,,,,,,,,,,Shift,flight_up_thrust,,0.0,0.0
4285,165700,,,,,,,,,,,,,,,,,,,,,,,,,,,,,,Shift,flight_up_thrust,,0.0,0.0
4286,165733,,,,,,,,,,,,,,,,,,,,,,,,,,,,,,Shift,flight_up_thrust,,0.0,0.0
4287,165767,,,,,,,,,,,,,,,,,,,,,,,,,,,,,,Shift,flight_up_thrust,,0.0,0.0
4288,165900,,,,,,,,,,,,,,,,,,,,,,,,,,,,,,Shift,flight_up_thrust,,0.0,0.0
4289,165933,,,,,,,,,,,,,,,,,,,,,,,,,,,,,,Shift,flight_up_thrust,,0.0,0.0
4290,165967,,,,,,,,,,,,,,,,,,,,,,,,,,,,,,Shift,flight_up_thrust,,0.0,0.0
4291,166200,,,,,,,,,,,,,,,,,,,,,,,,,,,,,,Shift,flight_up_thrust,,0.0,0.0
4292,166233,,,,,,,,,,,,,,,,,,,,,,,,,,,,,,Shift,flight_up_thrust,,0.0,0.0
4293,166267,,,,,,,,,,,,,,,,,,,,,,,,,,,,,,Shift,flight_up_thrust,,0.0,0.0
4294,166300,,,,,,,,,,,,,,,,,,,,,,,,,,,,,,Shift,flight_up_thrust,,0.0,0.0
4295,166333,,,,,,,,,,,,,,,,,,,,,,,,,,,,,,Shift,flight_up_thrust,,0.0,0.0
4296,166367,,,,,,,,,,,,,,,,,,,,,,,,,,,,,,Shift,flight_up_thrust,,0.0,0.0
4297,166400,,,,,,,,,,,,,,,,,,,,,,,,,,,,,,Shift,flight_up_thrust,,0.0,0.0
4298,166433,,,,,,,,,,,,,,,,,,,,,,,,,,,,,,Shift,flight_up_thrust,,0.0,0.0
4299,166500,,,,,,,,,,,,,,,,,,,,,,,,,,,,,,Shift,flight_up_thrust,,0.0,0.0
4300,166533,,,,,,,,,,,,,,,,,,,,,,,,,,,,,,Shift,flight_up_thrust,,0.0,0.0
4301,166567,,,,,,,,,,,,,,,,,,,,,,,,,,,,,,Shift,flight_up_thrust,,0.0,0.0
4302,166600,,,,,,,,,,,,,,,,,,,,,,,,,,,,,,Shift,flight_up_thrust,,0.0,0.0
4303,166633,,,,,,,,,,,,,,,,,,,,,,,,,,,,,,Shift,flight_up_thrust,,0.0,0.0
4304,166667,,,,,,,,,,,,,,,,,,,,,,,,,,,,,,Shift,flight_up_thrust,,0.0,0.0
4305,166700,,,,,,,,,,,,,,,,,,,,,,,,,,,,,,Shift,flight_up_thrust,,0.0,0.0
4306,166833,,,,,,,,,,,,,,,,,,,,,,,,,,,,,,Shift,flight_up_thrust,,0.0,0.0
4307,166867,,,,,,,,,,,,,,,,,,,,,,,,,,,,,,Shift,flight_up_thrust,,0.0,0.0
4308,166900,,,,,,,,,,,,,,,,,,,,,,,,,,,,,,Shift,flight_up_thrust,,0.0,0.0
4309,166933,,,,,,,,,,,,,,,,,,,,,,,,,,,,,,Shift,flight_up_thrust,,0.0,0.0
4310,166967,,,,,,,,,,,,,,,,,,,,,,,,,,,,,,Shift,flight_up_thrust,,0.0,0.0
4311,167000,,,,,,,,,,,,,,,,,,,,,,,,,,,,,,Shift,flight_up_thrust,,0.0,0.0
4312,167033,,,,,,,,,,,,,,,,,,,,,,,,,,,,,,Shift,flight_up_thrust,,0.0,0.0
4313,167067,,,,,,,,,,,,,,,,,,,,,,,,,,,,,,Shift,flight_up_thrust,,0.0,0.0
4314,167100,,,,,,,,,,,,,,,,,,,,,,,,,,,,,,Shift,flight_up_thrust,,0.0,0.0
4315,167133,,,,,,,,,,,,,,,,,,,,,,,,,,,,,,Shift,flight_up_thrust,,0.0,0.0
4316,167167,,,,,,,,,,,,,,,,,,,,,,,,,,,,,,Shift,flight_up_thrust,,0.0,0.0
4317,167200,,,,,,,,,,,,,,,,,,,,,,,,,,,,,,Shift,flight_up_thrust,,0.0,0.0
4318,167233,,,,,,,,,,,,,,,,,,,,,,,,,,,,,,Shift,flight_up_thrust,,0.0,0.0
4319,167433,,,,,,,,,,,,,,,,,,,,,,,,,,,,,,Shift,flight_up_thrust,,0.0,0.0
4320,167467,,,,,,,,,,,,,,,,,,,,,,,,,,,,,,Shift,flight_up_thrust,,0.0,0.0
4321,167500,,,,,,,,,,,,,,,,,,,,,,,,,,,,,,Shift,flight_up_thrust,,0.0,0.0
4322,167533,,,,,,,,,,,,,,,,,,,,,,,,,,,,,,Shift,flight_up_thrust,,0.0,0.0
4323,167567,,,,,,,,,,,,,,,,,,,,,,,,,,,,,,Shift,flight_up_thrust,,0.0,0.0
4324,167600,,,,,,,,,,,,,,,,,,,,,,,,,,,,,,Shift,flight_up_thrust,,0.0,0.0
4325,167633,,,,,,,,,,,,,,,,,,,,,,,,,,,,,,Shift,flight_up_thrust,,0.0,0.0
4326,167667,,,,,,,,,,,,,,,,,,,,,,,,,,,,,,Shift,flight_up_thrust,,0.0,0.0
4327,167700,,,,,,,,,,,,,,,,,,,,,,,,,,,,,,Shift,flight_up_thrust,,0.0,0.0
4328,167733,,,,,,,,,,,,,,,,,,,,,,,,,,,,,,Shift,flight_up_thrust,,0.0,0.0
4329,167767,,,,,,,,,,,,,,,,,,,,,,,,,,,,,,Shift,flight_up_thrust,,0.0,0.0
4330,167967,,,,,,,,,,,,,,,,,,,,,,,,,,,,,,Shift,flight_up_thrust,,0.0,0.0
4331,168000,,,,,,,,,,,,,,,,,,,,,,,,,,,,,,Shift,flight_up_thrust,,0.0,0.0
4332,168033,,,,,,,,,,,,,,,,,,,,,,,,,,,,,,Shift,flight_up_thrust,,0.0,0.0
4333,168067,,,,,,,,,,,,,,,,,,,,,,,,,,,,,,Shift,flight_up_thrust,,0.0,0.0
4334,168133,,,,,,,,,,,,,,,,,,,,,,,,,,,,,,Shift,flight_up_thrust,,0.0,0.0
4335,168167,,,,,,,,,,,,,,,,,,,,,,,,,,,,,,Shift,flight_up_thrust,,0.0,0.0
4336,168200,,,,,,,,,,,,,,,,,,,,,,,,,,,,,,Shift,flight_up_thrust,,0.0,0.0
4337,168233,,,,,,,,,,,,,,,,,,,,,,,,,,,,,,Shift,flight_up_thrust,,0.0,0.0
4338,168267,,,,,,,,,,,,,,,,,,,,,,,,,,,,,,Shift,flight_up_thrust,,0.0,0.0
4339,168300,,,,,,,,,,,,,,,,,,,,,,,,,,,,,,Shift,flight_up_thrust,,0.0,0.0
4340,168333,,,,,,,,,,,,,,,,,,,,,,,,,,,,,,Shift,flight_up_thrust,,0.0,0.0
4341,168367,,,,,,,,,,,,,,,,,,,,,,,,,,,,,,Shift,flight_up_thrust,,0.0,0.0
4342,168500,,,,,,,,,,,,,,,,,,,,,,,,,,,,,,Shift,flight_up_thrust,,0.0,0.0
4343,168533,,,,,,,,,,,,,,,,,,,,,,,,,,,,,,Shift,flight_up_thrust,,0.0,0.0
4344,168567,,,,,,,,,,,,,,,,,,,,,,,,,,,,,,Shift,flight_up_thrust,,0.0,0.0
4345,168600,,,,,,,,,,,,,,,,,,,,,,,,,,,,,,S|Shift,movement_move_y_axis|flight_up_thrust,,0.0,0.0
4346,168633,,,,,,,,,,,,,,,,,,,,,,,,,,,,,,S|Shift,movement_move_y_axis|flight_up_thrust,,0.0,0.0
4347,168700,,,,,,,,,,,,,,,,,,,,,,,,,,,,,,S|Shift,movement_move_y_axis|flight_up_thrust,,0.0,0.0
4348,168733,,,,,,,,,,,,,,,,,,,,,,,,,,,,,,S|Shift,movement_move_y_axis|flight_up_thrust,,0.0,0.0
4349,168767,,,,,,,,,,,,,,,,,,,,,,,,,,,,,,S|Shift,movement_move_y_axis|flight_up_thrust,,0.0,0.0
4350,168800,,,,,,,,,,,,,,,,,,,,,,,,,,,,,,S|Shift,movement_move_y_axis|flight_up_thrust,,0.0,0.0
4351,168833,,,,,,,,,,,,,,,,,,,,,,,,,,,,,,S|Shift,movement_move_y_axis|flight_up_thrust,,0.0,0.0
4352,168867,,,,,,,,,,,,,,,,,,,,,,,,,,,,,,Shift,flight_up_thrust,,0.0,0.0
4353,168900,,,,,,,,,,,,,,,,,,,,,,,,,,,,,,Shift,flight_up_thrust,,0.0,0.0
4354,169000,,,,,,,,,,,,,,,,,,,,,,,,,,,,,,Shift,flight_up_thrust,,0.0,0.0
4355,169033,,,,,,,,,,,,,,,,,,,,,,,,,,,,,,Shift,flight_up_thrust,,0.0,0.0
4356,169067,,,,,,,,,,,,,,,,,,,,,,,,,,,,,,Shift,flight_up_thrust,,0.0,0.0
4357,169100,,,,,,,,,,,,,,,,,,,,,,,,,,,,,,Shift,flight_up_thrust,,0.0,0.0
4358,169167,,,,,,,,,,,,,,,,,,,,,,,,,,,,,,Shift,flight_up_thrust,,0.0,0.0
4359,169200,,,,,,,,,,,,,,,,,,,,,,,,,,,,,,Shift,flight_up_thrust,,0.0,0.0
4360,169233,,,,,,,,,,,,,,,,,,,,,,,,,,,,,,Shift,flight_up_thrust,,0.0,0.0
4361,169300,,,,,,,,,,,,,,,,,,,,,,,,,,,,,,S|Shift,movement_move_y_axis|flight_up_thrust,,0.0,0.0
4362,169333,,,,,,,,,,,,,,,,,,,,,,,,,,,,,,S|Shift,movement_move_y_axis|flight_up_thrust,,0.0,0.0
4363,169367,,,,,,,,,,,,,,,,,,,,,,,,,,,,,,S|Shift,movement_move_y_axis|flight_up_thrust,,0.0,0.0
4364,169400,,,,,,,,,,,,,,,,,,,,,,,,,,,,,,S|Shift,movement_move_y_axis|flight_up_thrust,,0.0,0.0
4365,169433,,,,,,,,,,,,,,,,,,,,,,,,,,,,,,S|Shift,movement_move_y_axis|flight_up_thrust,,0.0,0.0
4366,169467,,,,,,,,,,,,,,,,,,,,,,,,,,,,,,S|Shift,movement_move_y_axis|flight_up_thrust,,0.0,0.0
4367,169500,,,,,,,,,,,,,,,,,,,,,,,,,,,,,,S|Shift,movement_move_y_axis|flight_up_thrust,,0.0,0.0
4368,169567,,,,,,,,,,,,,,,,,,,,,,,,,,,,,,Shift,flight_up_thrust,,0.0,0.0
4369,169600,,,,,,,,,,,,,,,,,,,,,,,,,,,,,,Shift,flight_up_thrust,,0.0,0.0
4370,169633,,,,,,,,,,,,,,,,,,,,,,,,,,,,,,Shift,flight_up_thrust,,0.0,0.0
4371,169667,,,,,,,,,,,,,,,,,,,,,,,,,,,,,,Shift,flight_up_thrust,,0.0,0.0
4372,169700,,,,,,,,,,,,,,,,,,,,,,,,,,,,,,Shift,flight_up_thrust,,0.0,0.0
4373,169767,,,,,,,,,,,,,,,,,,,,,,,,,,,,,,Shift,flight_up_thrust,,0.0,0.0
4374,169800,,,,,,,,,,,,,,,,,,,,,,,,,,,,,,Shift,flight_up_thrust,,0.0,0.0
4375,169833,,,,,,,,,,,,,,,,,,,,,,,,,,,,,,Shift,flight_up_thrust,,0.0,0.0
4376,169867,,,,,,,,,,,,,,,,,,,,,,,,,,,,,,Shift,flight_up_thrust,,0.0,0.0
4377,170033,,,,,,,,,,,,,,,,,,,,,,,,,,,,,,Shift,flight_up_thrust,,0.0,0.0
4378,170067,,,,,,,,,,,,,,,,,,,,,,,,,,,,,,Shift,flight_up_thrust,,0.0,0.0
4379,170100,,,,,,,,,,,,,,,,,,,,,,,,,,,,,,Shift,flight_up_thrust,,0.0,0.0
4380,170133,,,,,,,,,,,,,,,,,,,,,,,,,,,,,,Shift,flight_up_thrust,,0.0,0.0
4381,170167,,,,,,,,,,,,,,,,,,,,,,,,,,,,,,Shift,flight_up_thrust,,0.0,0.0
4382,170233,,,,,,,,,,,,,,,,,,,,,,,,,,,,,,Shift,flight_up_thrust,,0.0,0.0
4383,170267,,,,,,,,,,,,,,,,,,,,,,,,,,,,,,A,movement_move_x_axis,,0.0,0.0
4384,170300,,,,,,,,,,,,,,,,,,,,,,,,,,,,,,A,movement_move_x_axis,,0.0,0.0
4385,170333,,,,,,,,,,,,,,,,,,,,,,,,,,,,,,A,movement_move_x_axis,,0.0,0.0
4386,170367,,,,,,,,,,,,,,,,,,,,,,,,,,,,,,A,movement_move_x_axis,,0.0,0.0
4387,170400,,,,,,,,,,,,,,,,,,,,,,,,,,,,,,A,movement_move_x_axis,,0.0,0.0
4388,170533,,,,,,,,,,,,,,,,,,,,,,,,,,,,,,A,movement_move_x_axis,,0.0,0.0
4389,170567,,,,,,,,,,,,,,,,,,,,,,,,,,,,,,A|Shift,movement_move_x_axis|flight_up_thrust,,0.0,0.0
4390,170600,,,,,,,,,,,,,,,,,,,,,,,,,,,,,,A|Shift,movement_move_x_axis|flight_up_thrust,,0.0,0.0
4391,170633,,,,,,,,,,,,,,,,,,,,,,,,,,,,,,A|Shift,movement_move_x_axis|flight_up_thrust,,0.0,0.0
4392,170667,,,,,,,,,,,,,,,,,,,,,,,,,,,,,,A|Shift,movement_move_x_axis|flight_up_thrust,,0.0,0.0
4393,170700,,,,,,,,,,,,,,,,,,,,,,,,,,,,,,A|Shift,movement_move_x_axis|flight_up_thrust,,0.0,0.0
4394,170733,,,,,,,,,,,,,,,,,,,,,,,,,,,,,,A|Shift,movement_move_x_axis|flight_up_thrust,,0.0,0.0
4395,170767,,,,,,,,,,,,,,,,,,,,,,,,,,,,,,Shift,flight_up_thrust,,0.0,0.0
4396,170800,,,,,,,,,,,,,,,,,,,,,,,,,,,,,,Shift,flight_up_thrust,,0.0,0.0
4397,170833,,,,,,,,,,,,,,,,,,,,,,,,,,,,,,Shift,flight_up_thrust,,0.0,0.0
4398,170867,,,,,,,,,,,,,,,,,,,,,,,,,,,,,,Shift,flight_up_thrust,,0.0,0.0
4399,170900,,,,,,,,,,,,,,,,,,,,,,,,,,,,,,Shift,flight_up_thrust,,0.0,0.0
4400,171033,,,,,,,,,,,,,,,,,,,,,,,,,,,,,,A|Shift,movement_move_x_axis|flight_up_thrust,,0.0,0.0
4401,171067,,,,,,,,,,,,,,,,,,,,,,,,,,,,,,A|Shift,movement_move_x_axis|flight_up_thrust,,0.0,0.0
4402,171100,,,,,,,,,,,,,,,,,,,,,,,,,,,,,,A|Shift,movement_move_x_axis|flight_up_thrust,,0.0,0.0
4403,171133,,,,,,,,,,,,,,,,,,,,,,,,,,,,,,A|Shift,movement_move_x_axis|flight_up_thrust,,0.0,0.0
4404,171200,,,,,,,,,,,,,,,,,,,,,,,,,,,,,,A|Shift,movement_move_x_axis|flight_up_thrust,,0.0,0.0
4405,171233,,,,,,,,,,,,,,,,,,,,,,,,,,,,,,A|Shift,movement_move_x_axis|flight_up_thrust,,0.0,0.0
4406,171267,,,,,,,,,,,,,,,,,,,,,,,,,,,,,,A|Shift,movement_move_x_axis|flight_up_thrust,,0.0,0.0
4407,171300,,,,,,,,,,,,,,,,,,,,,,,,,,,,,,A|Shift,movement_move_x_axis|flight_up_thrust,,0.0,0.0
4408,171333,,,,,,,,,,,,,,,,,,,,,,,,,,,,,,A|Shift,movement_move_x_axis|flight_up_thrust,,0.0,0.0
4409,171367,,,,,,,,,,,,,,,,,,,,,,,,,,,,,,A|Shift,movement_move_x_axis|flight_up_thrust,,0.0,0.0
4410,171400,,,,,,,,,,,,,,,,,,,,,,,,,,,,,,A|Shift,movement_move_x_axis|flight_up_thrust,,0.0,0.0
4411,171433,,,,,,,,,,,,,,,,,,,,,,,,,,,,,,A|Shift,movement_move_x_axis|flight_up_thrust,,0.0,0.0
4412,171633,,,,,,,,,,,,,,,,,,,,,,,,,,,,,,Shift,flight_up_thrust,,0.0,0.0
4413,171667,,,,,,,,,,,,,,,,,,,,,,,,,,,,,,Shift,flight_up_thrust,,0.0,0.0
4414,171700,,,,,,,,,,,,,,,,,,,,,,,,,,,,,,Shift,flight_up_thrust,,0.0,0.0
4415,171733,,,,,,,,,,,,,,,,,,,,,,,,,,,,,,Shift,flight_up_thrust,,0.0,0.0
4416,171767,,,,,,,,,,,,,,,,,,,,,,,,,,,,,,Shift,flight_up_thrust,,0.0,0.0
4417,171800,,,,,,,,,,,,,,,,,,,,,,,,,,,,,,Shift,flight_up_thrust,,0.0,0.0
4418,171833,,,,,,,,,,,,,,,,,,,,,,,,,,,,,,Shift,flight_up_thrust,,0.0,0.0
4419,171867,,,,,,,,,,,,,,,,,,,,,,,,,,,,,,Shift,flight_up_thrust,,0.0,0.0
4420,171900,,,,,,,,,,,,,,,,,,,,,,,,,,,,,,Shift,flight_up_thrust,,0.0,0.0
4421,171933,,,,,,,,,,,,,,,,,,,,,,,,,,,,,,Shift,flight_up_thrust,,0.0,0.0
4422,171967,,,,,,,,,,,,,,,,,,,,,,,,,,,,,,Shift,flight_up_thrust,,0.0,0.0
4423,172000,,,,,,,,,,,,,,,,,,,,,,,,,,,,,,Shift,flight_up_thrust,,0.0,0.0
4424,172033,,,,,,,,,,,,,,,,,,,,,,,,,,,,,,Shift,flight_up_thrust,,0.0,0.0
4425,172067,,,,,,,,,,,,,,,,,,,,,,,,,,,,,,Shift,flight_up_thrust,,0.0,0.0
4426,172100,,,,,,,,,,,,,,,,,,,,,,,,,,,,,,Shift,flight_up_thrust,,0.0,0.0
4427,172133,,,,,,,,,,,,,,,,,,,,,,,,,,,,,,Shift,flight_up_thrust,,0.0,0.0
4428,172200,,,,,,,,,,,,,,,,,,,,,,,,,,,,,,Shift,flight_up_thrust,,0.0,0.0
4429,172233,,,,,,,,,,,,,,,,,,,,,,,,,,,,,,Shift,flight_up_thrust,,0.0,0.0
4430,172267,,,,,,,,,,,,,,,,,,,,,,,,,,,,,,Shift,flight_up_thrust,,0.0,0.0
4431,172300,,,,,,,,,,,,,,,,,,,,,,,,,,,,,,Shift,flight_up_thrust,,0.0,0.0
4432,172433,,,,,,,,,,,,,,,,,,,,,,,,,,,,,,Shift,flight_up_thrust,,0.0,0.0
4433,172467,,,,,,,,,,,,,,,,,,,,,,,,,,,,,,S|Shift,movement_move_y_axis|flight_up_thrust,,0.0,0.0
4434,172500,,,,,,,,,,,,,,,,,,,,,,,,,,,,,,S|Shift,movement_move_y_axis|flight_up_thrust,,0.0,0.0
4435,172533,,,,,,,,,,,,,,,,,,,,,,,,,,,,,,S|Shift,movement_move_y_axis|flight_up_thrust,,0.0,0.0
4436,172600,,,,,,,,,,,,,,,,,,,,,,,,,,,,,,S|Shift,movement_move_y_axis|flight_up_thrust,,0.0,0.0
4437,172633,,,,,,,,,,,,,,,,,,,,,,,,,,,,,,S|Shift,movement_move_y_axis|flight_up_thrust,,0.0,0.0
4438,172667,,,,,,,,,,,,,,,,,,,,,,,,,,,,,,S|Shift,movement_move_y_axis|flight_up_thrust,,0.0,0.0
4439,172700,,,,,,,,,,,,,,,,,,,,,,,,,,,,,,S|Shift,movement_move_y_axis|flight_up_thrust,,0.0,0.0
4440,172733,,,,,,,,,,,,,,,,,,,,,,,,,,,,,,S|Shift,movement_move_y_axis|flight_up_thrust,,0.0,0.0
4441,172767,,,,,,,,,,,,,,,,,,,,,,,,,,,,,,S|Shift,movement_move_y_axis|flight_up_thrust,,0.0,0.0
4442,172833,,,,,,,,,,,,,,,,,,,,,,,,,,,,,,S|Shift,movement_move_y_axis|flight_up_thrust,,0.0,0.0
4443,172900,,,,,,,,,,,,,,,,,,,,,,,,,,,,,,S|Shift,movement_move_y_axis|flight_up_thrust,,0.0,0.0
4444,172933,,,,,,,,,,,,,,,,,,,,,,,,,,,,,,S|Shift,movement_move_y_axis|flight_up_thrust,,0.0,0.0
4445,172967,,,,,,,,,,,,,,,,,,,,,,,,,,,,,,S|Shift,movement_move_y_axis|flight_up_thrust,,0.0,0.0
4446,173167,,,,,,,,,,,,,,,,,,,,,,,,,,,,,,S|Shift,movement_move_y_axis|flight_up_thrust,,0.0,0.0
4447,173200,,,,,,,,,,,,,,,,,,,,,,,,,,,,,,S|Shift,movement_move_y_axis|flight_up_thrust,,0.0,0.0
4448,173233,,,,,,,,,,,,,,,,,,,,,,,,,,,,,,S|Shift,movement_move_y_axis|flight_up_thrust,,0.0,0.0
4449,173267,,,,,,,,,,,,,,,,,,,,,,,,,,,,,,S|Shift,movement_move_y_axis|flight_up_thrust,,0.0,0.0
4450,173300,,,,,,,,,,,,,,,,,,,,,,,,,,,,,,S|Shift,movement_move_y_axis|flight_up_thrust,,0.0,0.0
4451,173333,,,,,,,,,,,,,,,,,,,,,,,,,,,,,,S|Shift,movement_move_y_axis|flight_up_thrust,,0.0,0.0
4452,173367,,,,,,,,,,,,,,,,,,,,,,,,,,,,,,S|Shift,movement_move_y_axis|flight_up_thrust,,0.0,0.0
4453,173400,,,,,,,,,,,,,,,,,,,,,,,,,,,,,,,,,0.0,0.0
4454,173433,,,,,,,,,,,,,,,,,,,,,,,,,,,,,,,,,0.0,0.0
4455,173467,,,,,,,,,,,,,,,,,,,,,,,,,,,,,,,,,0.0,0.0
4456,173500,,,,,,,,,,,,,,,,,,,,,,,,,,,,,,,,,0.0,0.0
4457,173567,,,,,,,,,,,,,,,,,,,,,,,,,,,,,,,,,0.0,0.0
4458,173600,,,,,,,,,,,,,,,,,,,,,,,,,,,,,,,,,0.0,0.0
4459,173667,,,,,,,,,,,,,,,,,,,,,,,,,,,,,,,,,0.0,0.0
4460,173700,,,,,,,,,,,,,,,,,,,,,,,,,,,,,,,,,0.0,0.0
4461,173767,,,,,,,,,,,,,,,,,,,,,,,,,,,,,,,,,0.0,0.0
4462,173800,,,,,,,,,,,,,,,,,,,,,,,,,,,,,,,,,0.0,0.0
4463,173833,,,,,,,,,,,,,,,,,,,,,,,,,,,,,,,,,0.0,0.0
4464,173900,,,,,,,,,,,,,,,,,,,,,,,,,,,,,,,,,0.0,0.0
4465,173933,,,,,,,,,,,,,,,,,,,,,,,,,,,,,,,,,0.0,0.0
4466,173967,,,,,,,,,,,,,,,,,,,,,,,,,,,,,,,,,0.0,0.0
4467,174000,,,,,,,,,,,,,,,,,,,,,,,,,,,,,,,,,0.0,0.0
4468,174033,,,,,,,,,,,,,,,,,,,,,,,,,,,,,,,,,0.0,0.0
4469,174067,,,,,,,,,,,,,,,,,,,,,,,,,,,,,,,,,0.0,0.0
4470,174100,,,,,,,,,,,,,,,,,,,,,,,,,,,,,,,,,0.0,0.0
4471,174333,,,,,,,,,,,,,,,,,,,,,,,,,,,,,,Shift,flight_up_thrust,,0.0,0.0
4472,174367,,,,,,,,,,,,,,,,,,,,,,,,,,,,,,Shift,flight_up_thrust,,0.0,0.0
4473,174400,,,,,,,,,,,,,,,,,,,,,,,,,,,,,,Shift,flight_up_thrust,,0.0,0.0
4474,174433,,,,,,,,,,,,,,,,,,,,,,,,,,,,,,Shift,flight_up_thrust,,0.0,0.0
4475,174467,,,,,,,,,,,,,,,,,,,,,,,,,,,,,,Shift,flight_up_thrust,,0.0,0.0
4476,174500,,,,,,,,,,,,,,,,,,,,,,,,,,,,,,Shift,flight_up_thrust,,0.0,0.0
4477,174533,,,,,,,,,,,,,,,,,,,,,,,,,,,,,,Shift,flight_up_thrust,,0.0,0.0
4478,174567,,,,,,,,,,,,,,,,,,,,,,,,,,,,,,Shift,flight_up_thrust,,0.0,0.0
4479,174600,,,,,,,,,,,,,,,,,,,,,,,,,,,,,,Shift,flight_up_thrust,,0.0,0.0
4480,174633,,,,,,,,,,,,,,,,,,,,,,,,,,,,,,Shift,flight_up_thrust,,0.0,0.0
4481,174667,,,,,,,,,,,,,,,,,,,,,,,,,,,,,,Shift,flight_up_thrust,,0.0,0.0
4482,174700,,,,,,,,,,,,,,,,,,,,,,,,,,,,,,Shift,flight_up_thrust,,0.0,0.0
4483,174733,,,,,,,,,,,,,,,,,,,,,,,,,,,,,,Shift,flight_up_thrust,,0.0,0.0
4484,174767,,,,,,,,,,,,,,,,,,,,,,,,,,,,,,Shift,flight_up_thrust,,0.0,0.0
4485,174800,,,,,,,,,,,,,,,,,,,,,,,,,,,,,,,,,0.0,0.0
4486,174867,,,,,,,,,,,,,,,,,,,,,,,,,,,,,,,,,0.0,0.0
4487,174900,,,,,,,,,,,,,,,,,,,,,,,,,,,,,,,,,0.0,0.0
4488,174933,,,,,,,,,,,,,,,,,,,,,,,,,,,,,,,,,0.0,0.0
4489,174967,,,,,,,,,,,,,,,,,,,,,,,,,,,,,,,,,0.0,0.0
4490,175000,,,,,,,,,,,,,,,,,,,,,,,,,,,,,,,,,0.0,0.0
4491,175033,,,,,,,,,,,,,,,,,,,,,,,,,,,,,,W,movement_move_y_axis,,0.0,0.0
4492,175100,,,,,,,,,,,,,,,,,,,,,,,,,,,,,,W,movement_move_y_axis,,0.0,0.0
4493,175133,,,,,,,,,,,,,,,,,,,,,,,,,,,,,,W,movement_move_y_axis,,0.0,0.0
4494,175167,,,,,,,,,,,,,,,,,,,,,,,,,,,,,,W,movement_move_y_axis,,0.0,0.0
4495,175200,,,,,,,,,,,,,,,,,,,,,,,,,,,,,,W,movement_move_y_axis,,0.0,0.0
4496,175233,,,,,,,,,,,,,,,,,,,,,,,,,,,,,,W,movement_move_y_axis,,0.0,0.0
4497,175267,,,,,,,,,,,,,,,,,,,,,,,,,,,,,,A|W,movement_move_x_axis|movement_move_y_axis,,0.0,0.0
4498,175300,,,,,,,,,,,,,,,,,,,,,,,,,,,,,,A|W,movement_move_x_axis|movement_move_y_axis,,0.0,0.0
4499,175400,,,,,,,,,,,,,,,,,,,,,,,,,,,,,,A|W,movement_move_x_axis|movement_move_y_axis,,0.0,0.0
4500,175433,,,,,,,,,,,,,,,,,,,,,,,,,,,,,,A|W,movement_move_x_axis|movement_move_y_axis,,0.0,0.0
4501,175500,,,,,,,,,,,,,,,,,,,,,,,,,,,,,,A|W,movement_move_x_axis|movement_move_y_axis,,0.0,0.0
4502,175533,,,,,,,,,,,,,,,,,,,,,,,,,,,,,,A|W,movement_move_x_axis|movement_move_y_axis,,0.0,0.0
4503,175567,,,,,,,,,,,,,,,,,,,,,,,,,,,,,,A|W,movement_move_x_axis|movement_move_y_axis,,0.0,0.0
4504,175633,,,,,,,,,,,,,,,,,,,,,,,,,,,,,,A,movement_move_x_axis,,0.0,0.0
4505,175667,,,,,,,,,,,,,,,,,,,,,,,,,,,,,,A,movement_move_x_axis,,0.0,0.0
4506,175833,,,,,,,,,,,,,,,,,,,,,,,,,,,,,,A,movement_move_x_axis,,0.0,0.0
4507,175867,,,,,,,,,,,,,,,,,,,,,,,,,,,,,,A,movement_move_x_axis,,0.0,0.0
4508,175900,,,,,,,,,,,,,,,,,,,,,,,,,,,,,,A|W,movement_move_x_axis|movement_move_y_axis,,0.0,0.0
4509,175933,,,,,,,,,,,,,,,,,,,,,,,,,,,,,,A|W,movement_move_x_axis|movement_move_y_axis,,0.0,0.0
4510,175967,,,,,,,,,,,,,,,,,,,,,,,,,,,,,,A|W,movement_move_x_axis|movement_move_y_axis,,0.0,0.0
4511,176000,,,,,,,,,,,,,,,,,,,,,,,,,,,,,,A|W,movement_move_x_axis|movement_move_y_axis,,0.0,0.0
4512,176033,,,,,,,,,,,,,,,,,,,,,,,,,,,,,,A|W,movement_move_x_axis|movement_move_y_axis,,0.0,0.0
4513,176067,,,,,,,,,,,,,,,,,,,,,,,,,,,,,,A|W,movement_move_x_axis|movement_move_y_axis,,0.0,0.0
4514,176100,,,,,,,,,,,,,,,,,,,,,,,,,,,,,,W,movement_move_y_axis,,0.0,0.0
4515,176133,,,,,,,,,,,,,,,,,,,,,,,,,,,,,,W,movement_move_y_axis,,0.0,0.0
4516,176167,,,,,,,,,,,,,,,,,,,,,,,,,,,,,,W,movement_move_y_axis,,0.0,0.0
4517,176367,,,,,,,,,,,,,,,,,,,,,,,,,,,,,,W,movement_move_y_axis,,0.0,0.0
4518,176400,,,,,,,,,,,,,,,,,,,,,,,,,,,,,,W,movement_move_y_axis,,0.0,0.0
4519,176433,,,,,,,,,,,,,,,,,,,,,,,,,,,,,,W,movement_move_y_axis,,0.0,0.0
4520,176467,,,,,,,,,,,,,,,,,,,,,,,,,,,,,,W,movement_move_y_axis,,0.0,0.0
4521,176500,,,,,,,,,,,,,,,,,,,,,,,,,,,,,,W,movement_move_y_axis,,0.0,0.0
4522,176533,,,,,,,,,,,,,,,,,,,,,,,,,,,,,,W,movement_move_y_axis,,0.0,0.0
4523,176567,,,,,,,,,,,,,,,,,,,,,,,,,,,,,,W,movement_move_y_axis,,0.0,0.0
4524,176633,,,,,,,,,,,,,,,,,,,,,,,,,,,,,,W,movement_move_y_axis,,0.0,0.0
4525,176667,,,,,,,,,,,,,,,,,,,,,,,,,,,,,,,,,0.0,0.0
4526,176700,,,,,,,,,,,,,,,,,,,,,,,,,,,,,,,,,0.0,0.0
4527,176733,,,,,,,,,,,,,,,,,,,,,,,,,,,,,,,,,0.0,0.0
4528,176767,,,,,,,,,,,,,,,,,,,,,,,,,,,,,,,,,0.0,0.0
4529,176967,,,,,,,,,,,,,,,,,,,,,,,,,,,,,,Q|W,general_cancel|movement_move_y_axis,,0.0,0.0
4530,177000,,,,,,,,,,,,,,,,,,,,,,,,,,,,,,Q|W,general_cancel|movement_move_y_axis,,0.0,0.0
4531,177033,,,,,,,,,,,,,,,,,,,,,,,,,,,,,,Q|W,general_cancel|movement_move_y_axis,,0.0,0.0
4532,177067,,,,,,,,,,,,,,,,,,,,,,,,,,,,,,Q|W,general_cancel|movement_move_y_axis,,0.0,0.0
4533,177100,,,,,,,,,,,,,,,,,,,,,,,,,,,,,,Q|W,general_cancel|movement_move_y_axis,,0.0,0.0
4534,177133,,,,,,,,,,,,,,,,,,,,,,,,,,,,,,Q|W,general_cancel|movement_move_y_axis,,0.0,0.0
4535,177200,,,,,,,,,,,,,,,,,,,,,,,,,,,,,,W,movement_move_y_axis,,0.0,0.0
4536,177233,,,,,,,,,,,,,,,,,,,,,,,,,,,,,,W,movement_move_y_axis,,0.0,0.0
4537,177267,,,,,,,,,,,,,,,,,,,,,,,,,,,,,,W,movement_move_y_axis,,0.0,0.0
4538,177300,,,,,,,,,,,,,,,,,,,,,,,,,,,,,,W,movement_move_y_axis,,0.0,0.0
4539,177333,,,,,,,,,,,,,,,,,,,,,,,,,,,,,,W,movement_move_y_axis,,0.0,0.0
4540,177400,,,,,,,,,,,,,,,,,,,,,,,,,,,,,,,,,0.0,0.0
4541,177433,,,,,,,,,,,,,,,,,,,,,,,,,,,,,,,,,0.0,0.0
4542,177500,,,,,,,,,,,,,,,,,,,,,,,,,,,,,,,,,0.0,0.0
4543,177533,,,,,,,,,,,,,,,,,,,,,,,,,,,,,,,,,0.0,0.0
4544,177567,,,,,,,,,,,,,,,,,,,,,,,,,,,,,,S,movement_move_y_axis,,0.0,0.0
4545,177600,,,,,,,,,,,,,,,,,,,,,,,,,,,,,,S,movement_move_y_axis,,0.0,0.0
4546,177633,,,,,,,,,,,,,,,,,,,,,,,,,,,,,,S,movement_move_y_axis,,0.0,0.0
4547,177667,,,,,,,,,,,,,,,,,,,,,,,,,,,,,,S,movement_move_y_axis,,0.0,0.0
4548,177700,,,,,,,,,,,,,,,,,,,,,,,,,,,,,,S,movement_move_y_axis,,0.0,0.0
4549,177733,,,,,,,,,,,,,,,,,,,,,,,,,,,,,,S,movement_move_y_axis,,0.0,0.0
4550,177767,,,,,,,,,,,,,,,,,,,,,,,,,,,,,,S,movement_move_y_axis,,0.0,0.0
4551,177800,,,,,,,,,,,,,,,,,,,,,,,,,,,,,,S,movement_move_y_axis,,0.0,0.0
4552,177833,,,,,,,,,,,,,,,,,,,,,,,,,,,,,,S,movement_move_y_axis,,0.0,0.0
4553,177867,,,,,,,,,,,,,,,,,,,,,,,,,,,,,,S,movement_move_y_axis,,0.0,0.0
4554,177900,,,,,,,,,,,,,,,,,,,,,,,,,,,,,,S,movement_move_y_axis,,0.0,0.0
4555,177967,,,,,,,,,,,,,,,,,,,,,,,,,,,,,,,,,0.0,0.0
4556,178000,,,,,,,,,,,,,,,,,,,,,,,,,,,,,,,,,0.0,0.0
4557,178033,,,,,,,,,,,,,,,,,,,,,,,,,,,,,,,,,0.0,0.0
4558,178067,,,,,,,,,,,,,,,,,,,,,,,,,,,,,,,,,0.0,0.0
4559,178100,,,,,,,,,,,,,,,,,,,,,,,,,,,,,,,,,0.0,0.0
4560,178133,,,,,,,,,,,,,,,,,,,,,,,,,,,,,,,,,0.0,0.0
4561,178167,,,,,,,,,,,,,,,,,,,,,,,,,,,,,,,,,0.0,0.0
4562,178200,,,,,,,,,,,,,,,,,,,,,,,,,,,,,,,,,0.0,0.0
4563,178233,,,,,,,,,,,,,,,,,,,,,,,,,,,,,,,,,0.0,0.0
4564,178267,,,,,,,,,,,,,,,,,,,,,,,,,,,,,,,,,0.0,0.0
4565,178333,,,,,,,,,,,,,,,,,,,,,,,,,,,,,,,,,0.0,0.0
4566,178367,,,,,,,,,,,,,,,,,,,,,,,,,,,,,,,,,0.0,0.0
4567,178400,,,,,,,,,,,,,,,,,,,,,,,,,,,,,,,,,0.0,0.0
4568,178433,,,,,,,,,,,,,,,,,,,,,,,,,,,,,,,,,0.0,0.0
4569,178467,,,,,,,,,,,,,,,,,,,,,,,,,,,,,,,,,0.0,0.0
4570,178500,,,,,,,,,,,,,,,,,,,,,,,,,,,,,,,,,0.0,0.0
4571,178533,,,,,,,,,,,,,,,,,,,,,,,,,,,,,,,,,0.0,0.0
4572,178567,,,,,,,,,,,,,,,,,,,,,,,,,,,,,,,,,0.0,0.0
4573,178600,,,,,,,,,,,,,,,,,,,,,,,,,,,,,,,,,0.0,0.0
4574,178633,,,,,,,,,,,,,,,,,,,,,,,,,,,,,,,,,0.0,0.0
4575,178667,,,,,,,,,,,,,,,,,,,,,,,,,,,,,,,,,0.0,0.0
4576,178700,,,,,,,,,,,,,,,,,,,,,,,,,,,,,,,,,0.0,0.0
4577,178733,,,,,,,,,,,,,,,,,,,,,,,,,,,,,,,,,0.0,0.0
4578,178800,,,,,,,,,,,,,,,,,,,,,,,,,,,,,,,,,0.0,0.0
4579,178833,,,,,,,,,,,,,,,,,,,,,,,,,,,,,,,,,0.0,0.0
4580,178867,,,,,,,,,,,,,,,,,,,,,,,,,,,,,,,,,0.0,0.0
4581,178900,,,,,,,,,,,,,,,,,,,,,,,,,,,,,,,,,0.0,0.0
4582,178933,,,,,,,,,,,,,,,,,,,,,,,,,,,,,,,,,0.0,0.0
4583,178967,,,,,,,,,,,,,,,,,,,,,,,,,,,,,,,,,0.0,0.0
4584,179033,,,,,,,,,,,,,,,,,,,,,,,,,,,,,,,,,0.0,0.0
4585,179067,,,,,,,,,,,,,,,,,,,,,,,,,,,,,,,,,0.0,0.0
4586,179133,,,,,,,,,,,,,,,,,,,,,,,,,,,,,,,,,0.0,0.0
4587,179167,,,,,,,,,,,,,,,,,,,,,,,,,,,,,,,,,0.0,0.0
4588,179200,,,,,,,,,,,,,,,,,,,,,,,,,,,,,,,,,0.0,0.0
4589,179233,,,,,,,,,,,,,,,,,,,,,,,,,,,,,,,,,0.0,0.0
4590,179267,,,,,,,,,,,,,,,,,,,,,,,,,,,,,,,,,0.0,0.0
4591,179333,,,,,,,,,,,,,,,,,,,,,,,,,,,,,,,,,0.0,0.0
4592,179367,,,,,,,,,,,,,,,,,,,,,,,,,,,,,,,,,0.0,0.0
4593,179400,,,,,,,,,,,,,,,,,,,,,,,,,,,,,,,,,0.0,0.0
4594,179433,,,,,,,,,,,,,,,,,,,,,,,,,,,,,,,,,0.0,0.0
4595,179467,,,,,,,,,,,,,,,,,,,,,,,,,,,,,,,,,0.0,0.0
4596,179533,,,,,,,,,,,,,,,,,,,,,,,,,,,,,,,,,0.0,0.0
4597,179567,,,,,,,,,,,,,,,,,,,,,,,,,,,,,,,,,0.0,0.0
4598,179600,,,,,,,,,,,,,,,,,,,,,,,,,,,,,,,,,0.0,0.0
4599,179667,,,,,,,,,,,,,,,,,,,,,,,,,,,,,,,,,0.0,0.0
4600,179700,,,,,,,,,,,,,,,,,,,,,,,,,,,,,,,,,0.0,0.0
4601,179767,,,,,,,,,,,,,,,,,,,,,,,,,,,,,,,,,0.0,0.0
4602,179800,,,,,,,,,,,,,,,,,,,,,,,,,,,,,,,,,0.0,0.0
4603,179833,,,,,,,,,,,,,,,,,,,,,,,,,,,,,,,,,0.0,0.0
4604,179867,,,,,,,,,,,,,,,,,,,,,,,,,,,,,,,,,0.0,0.0
4605,179900,,,,,,,,,,,,,,,,,,,,,,,,,,,,,,,,,0.0,0.0
4606,179933,,,,,,,,,,,,,,,,,,,,,,,,,,,,,,Shift,flight_up_thrust,,0.0,0.0
4607,179967,,,,,,,,,,,,,,,,,,,,,,,,,,,,,,Shift,flight_up_thrust,,0.0,0.0
4608,180000,,,,,,,,,,,,,,,,,,,,,,,,,,,,,,Shift,flight_up_thrust,,0.0,0.0
4609,180033,,,,,,,,,,,,,,,,,,,,,,,,,,,,,,Shift,flight_up_thrust,,0.0,0.0
4610,180067,,,,,,,,,,,,,,,,,,,,,,,,,,,,,,Shift,flight_up_thrust,,0.0,0.0
4611,180233,,,,,,,,,,,,,,,,,,,,,,,,,,,,,,Shift,flight_up_thrust,,0.0,0.0
4612,180267,,,,,,,,,,,,,,,,,,,,,,,,,,,,,,Shift,flight_up_thrust,,0.0,0.0
4613,180300,,,,,,,,,,,,,,,,,,,,,,,,,,,,,,Shift,flight_up_thrust,,0.0,0.0
4614,180333,,,,,,,,,,,,,,,,,,,,,,,,,,,,,,Shift,flight_up_thrust,,0.0,0.0
4615,180367,,,,,,,,,,,,,,,,,,,,,,,,,,,,,,Shift,flight_up_thrust,,0.0,0.0
4616,180400,,,,,,,,,,,,,,,,,,,,,,,,,,,,,,Shift,flight_up_thrust,,0.0,0.0
4617,180433,,,,,,,,,,,,,,,,,,,,,,,,,,,,,,Shift,flight_up_thrust,,0.0,0.0
4618,180467,,,,,,,,,,,,,,,,,,,,,,,,,,,,,,Shift,flight_up_thrust,,0.0,0.0
4619,180500,,,,,,,,,,,,,,,,,,,,,,,,,,,,,,Shift,flight_up_thrust,,0.0,0.0
4620,180533,,,,,,,,,,,,,,,,,,,,,,,,,,,,,,Shift,flight_up_thrust,,0.0,0.0
4621,180600,,,,,,,,,,,,,,,,,,,,,,,,,,,,,,Shift,flight_up_thrust,,0.0,0.0
4622,180800,,,,,,,,,,,,,,,,,,,,,,,,,,,,,,,,,0.0,0.0
4623,180833,,,,,,,,,,,,,,,,,,,,,,,,,,,,,,W,movement_move_y_axis,,0.0,0.0
4624,180867,,,,,,,,,,,,,,,,,,,,,,,,,,,,,,W,movement_move_y_axis,,0.0,0.0
4625,180900,,,,,,,,,,,,,,,,,,,,,,,,,,,,,,W,movement_move_y_axis,,0.0,0.0
4626,180933,,,,,,,,,,,,,,,,,,,,,,,,,,,,,,W,movement_move_y_axis,,0.0,0.0
4627,180967,,,,,,,,,,,,,,,,,,,,,,,,,,,,,,W,movement_move_y_axis,,0.0,0.0
4628,181000,,,,,,,,,,,,,,,,,,,,,,,,,,,,,,W,movement_move_y_axis,,0.0,0.0
4629,181033,,,,,,,,,,,,,,,,,,,,,,,,,,,,,,W,movement_move_y_axis,,0.0,0.0
4630,181067,,,,,,,,,,,,,,,,,,,,,,,,,,,,,,W,movement_move_y_axis,,0.0,0.0
4631,181100,,,,,,,,,,,,,,,,,,,,,,,,,,,,,,W,movement_move_y_axis,,0.0,0.0
4632,181133,,,,,,,,,,,,,,,,,,,,,,,,,,,,,,W,movement_move_y_axis,,0.0,0.0
4633,181167,,,,,,,,,,,,,,,,,,,,,,,,,,,,,,W,movement_move_y_axis,,0.0,0.0
4634,181200,,,,,,,,,,,,,,,,,,,,,,,,,,,,,,W,movement_move_y_axis,,0.0,0.0
4635,181300,,,,,,,,,,,,,,,,,,,,,,,,,,,,,,,,,0.0,0.0
4636,181333,,,,,,,,,,,,,,,,,,,,,,,,,,,,,,,,,0.0,0.0
4637,181367,,,,,,,,,,,,,,,,,,,,,,,,,,,,,,Shift,flight_up_thrust,,0.0,0.0
4638,181400,,,,,,,,,,,,,,,,,,,,,,,,,,,,,,Shift,flight_up_thrust,,0.0,0.0
4639,181433,,,,,,,,,,,,,,,,,,,,,,,,,,,,,,Shift,flight_up_thrust,,0.0,0.0
4640,181467,,,,,,,,,,,,,,,,,,,,,,,,,,,,,,Shift,flight_up_thrust,,0.0,0.0
4641,181500,,,,,,,,,,,,,,,,,,,,,,,,,,,,,,Shift,flight_up_thrust,,0.0,0.0
4642,181533,,,,,,,,,,,,,,,,,,,,,,,,,,,,,,Shift,flight_up_thrust,,0.0,0.0
4643,181567,,,,,,,,,,,,,,,,,,,,,,,,,,,,,,Shift,flight_up_thrust,,0.0,0.0
4644,181600,,,,,,,,,,,,,,,,,,,,,,,,,,,,,,Shift,flight_up_thrust,,0.0,0.0
4645,181633,,,,,,,,,,,,,,,,,,,,,,,,,,,,,,Shift,flight_up_thrust,,0.0,0.0
4646,181700,,,,,,,,,,,,,,,,,,,,,,,,,,,,,,Shift,flight_up_thrust,,0.0,0.0
4647,181800,,,,,,,,,,,,,,,,,,,,,,,,,,,,,,Shift,flight_up_thrust,,0.0,0.0
4648,181833,,,,,,,,,,,,,,,,,,,,,,,,,,,,,,Shift,flight_up_thrust,,0.0,0.0
4649,181867,,,,,,,,,,,,,,,,,,,,,,,,,,,,,,Shift,flight_up_thrust,,0.0,0.0
4650,181900,,,,,,,,,,,,,,,,,,,,,,,,,,,,,,Shift,flight_up_thrust,,0.0,0.0
4651,181933,,,,,,,,,,,,,,,,,,,,,,,,,,,,,,Shift,flight_up_thrust,,0.0,0.0
4652,181967,,,,,,,,,,,,,,,,,,,,,,,,,,,,,,Shift,flight_up_thrust,,0.0,0.0
4653,182033,,,,,,,,,,,,,,,,,,,,,,,,,,,,,,Shift,flight_up_thrust,,0.0,0.0
4654,182067,,,,,,,,,,,,,,,,,,,,,,,,,,,,,,Shift,flight_up_thrust,,0.0,0.0
4655,182100,,,,,,,,,,,,,,,,,,,,,,,,,,,,,,Shift,flight_up_thrust,,0.0,0.0
4656,182133,,,,,,,,,,,,,,,,,,,,,,,,,,,,,,Shift,flight_up_thrust,,0.0,0.0
4657,182267,,,,,,,,,,,,,,,,,,,,,,,,,,,,,,Shift,flight_up_thrust,,0.0,0.0
4658,182300,,,,,,,,,,,,,,,,,,,,,,,,,,,,,,Shift,flight_up_thrust,,0.0,0.0
4659,182333,,,,,,,,,,,,,,,,,,,,,,,,,,,,,,Shift,flight_up_thrust,,0.0,0.0
4660,182400,,,,,,,,,,,,,,,,,,,,,,,,,,,,,,Shift,flight_up_thrust,,0.0,0.0
4661,182433,,,,,,,,,,,,,,,,,,,,,,,,,,,,,,Shift,flight_up_thrust,,0.0,0.0
4662,182467,,,,,,,,,,,,,,,,,,,,,,,,,,,,,,Shift,flight_up_thrust,,0.0,0.0
4663,182500,,,,,,,,,,,,,,,,,,,,,,,,,,,,,,Shift,flight_up_thrust,,0.0,0.0
4664,182533,,,,,,,,,,,,,,,,,,,,,,,,,,,,,,Shift,flight_up_thrust,,0.0,0.0
4665,182567,,,,,,,,,,,,,,,,,,,,,,,,,,,,,,Shift,flight_up_thrust,,0.0,0.0
4666,182600,,,,,,,,,,,,,,,,,,,,,,,,,,,,,,Shift,flight_up_thrust,,0.0,0.0
4667,182633,,,,,,,,,,,,,,,,,,,,,,,,,,,,,,Shift,flight_up_thrust,,0.0,0.0
4668,182667,,,,,,,,,,,,,,,,,,,,,,,,,,,,,,Shift,flight_up_thrust,,0.0,0.0
4669,182700,,,,,,,,,,,,,,,,,,,,,,,,,,,,,,Shift,flight_up_thrust,,0.0,0.0
4670,182867,,,,,,,,,,,,,,,,,,,,,,,,,,,,,,Shift,flight_up_thrust,,0.0,0.0
4671,182900,,,,,,,,,,,,,,,,,,,,,,,,,,,,,,Shift,flight_up_thrust,,0.0,0.0
4672,182933,,,,,,,,,,,,,,,,,,,,,,,,,,,,,,Shift,flight_up_thrust,,0.0,0.0
4673,182967,,,,,,,,,,,,,,,,,,,,,,,,,,,,,,Shift,flight_up_thrust,,0.0,0.0
4674,183000,,,,,,,,,,,,,,,,,,,,,,,,,,,,,,Shift,flight_up_thrust,,0.0,0.0
4675,183033,,,,,,,,,,,,,,,,,,,,,,,,,,,,,,Shift,flight_up_thrust,,0.0,0.0
4676,183067,,,,,,,,,,,,,,,,,,,,,,,,,,,,,,Shift,flight_up_thrust,,0.0,0.0
4677,183100,,,,,,,,,,,,,,,,,,,,,,,,,,,,,,Shift,flight_up_thrust,,0.0,0.0
4678,183167,,,,,,,,,,,,,,,,,,,,,,,,,,,,,,Shift,flight_up_thrust,,0.0,0.0
4679,183200,,,,,,,,,,,,,,,,,,,,,,,,,,,,,,Shift,flight_up_thrust,,0.0,0.0
4680,183233,,,,,,,,,,,,,,,,,,,,,,,,,,,,,,Shift,flight_up_thrust,,0.0,0.0
4681,183267,,,,,,,,,,,,,,,,,,,,,,,,,,,,,,Shift,flight_up_thrust,,0.0,0.0
4682,183300,,,,,,,,,,,,,,,,,,,,,,,,,,,,,,Shift,flight_up_thrust,,0.0,0.0
4683,183367,,,,,,,,,,,,,,,,,,,,,,,,,,,,,,,,,0.0,0.0
4684,183400,,,,,,,,,,,,,,,,,,,,,,,,,,,,,,,,,0.0,0.0
4685,183433,,,,,,,,,,,,,,,,,,,,,,,,,,,,,,,,,0.0,0.0
4686,183500,,,,,,,,,,,,,,,,,,,,,,,,,,,,,,,,,0.0,0.0
4687,183533,,,,,,,,,,,,,,,,,,,,,,,,,,,,,,,,,0.0,0.0
4688,183567,,,,,,,,,,,,,,,,,,,,,,,,,,,,,,,,,0.0,0.0
4689,183600,,,,,,,,,,,,,,,,,,,,,,,,,,,,,,,,,0.0,0.0
4690,183633,,,,,,,,,,,,,,,,,,,,,,,,,,,,,,,,,0.0,0.0
4691,183667,,,,,,,,,,,,,,,,,,,,,,,,,,,,,,,,,0.0,0.0
4692,183700,,,,,,,,,,,,,,,,,,,,,,,,,,,,,,,,,0.0,0.0
4693,183733,,,,,,,,,,,,,,,,,,,,,,,,,,,,,,,,,0.0,0.0
4694,183933,,,,,,,,,,,,,,,,,,,,,,,,,,,,,,Q,general_cancel,,0.0,0.0
4695,183967,,,,,,,,,,,,,,,,,,,,,,,,,,,,,,Q,general_cancel,,0.0,0.0
4696,184000,,,,,,,,,,,,,,,,,,,,,,,,,,,,,,Q,general_cancel,,0.0,0.0
4697,184033,,,,,,,,,,,,,,,,,,,,,,,,,,,,,,Q,general_cancel,,0.0,0.0
4698,184067,,,,,,,,,,,,,,,,,,,,,,,,,,,,,,Q,general_cancel,,0.0,0.0
4699,184100,,,,,,,,,,,,,,,,,,,,,,,,,,,,,,Q,general_cancel,,0.0,0.0
4700,184133,,,,,,,,,,,,,,,,,,,,,,,,,,,,,,Q,general_cancel,,0.0,0.0
4701,184167,,,,,,,,,,,,,,,,,,,,,,,,,,,,,,,,,0.0,0.0
4702,184233,,,,,,,,,,,,,,,,,,,,,,,,,,,,,,,,,0.0,0.0
4703,184267,,,,,,,,,,,,,,,,,,,,,,,,,,,,,,,,,0.0,0.0
4704,184300,,,,,,,,,,,,,,,,,,,,,,,,,,,,,,,,,0.0,0.0
4705,184333,,,,,,,,,,,,,,,,,,,,,,,,,,,,,,,,,0.0,0.0
4706,184467,,,,,,,,,,,,,,,,,,,,,,,,,,,,,,,,,0.0,0.0
4707,184500,,,,,,,,,,,,,,,,,,,,,,,,,,,,,,,,,0.0,0.0
4708,184533,,,,,,,,,,,,,,,,,,,,,,,,,,,,,,,,,0.0,0.0
4709,184700,,,,,,,,,,,,,,,,,,,,,,,,,,,,,,,,,0.0,0.0
4710,184733,,,,,,,,,,,,,,,,,,,,,,,,,,,,,,,,,0.0,0.0
4711,184767,,,,,,,,,,,,,,,,,,,,,,,,,,,,,,Shift,flight_up_thrust,,0.0,0.0
4712,184800,,,,,,,,,,,,,,,,,,,,,,,,,,,,,,Shift,flight_up_thrust,,0.0,0.0
4713,184867,,,,,,,,,,,,,,,,,,,,,,,,,,,,,,Shift,flight_up_thrust,,0.0,0.0
4714,184900,,,,,,,,,,,,,,,,,,,,,,,,,,,,,,Shift,flight_up_thrust,,0.0,0.0
4715,184933,,,,,,,,,,,,,,,,,,,,,,,,,,,,,,Shift,flight_up_thrust,,0.0,0.0
4716,184967,,,,,,,,,,,,,,,,,,,,,,,,,,,,,,Shift,flight_up_thrust,,0.0,0.0
4717,185033,,,,,,,,,,,,,,,,,,,,,,,,,,,,,,Shift,flight_up_thrust,,0.0,0.0
4718,185067,,,,,,,,,,,,,,,,,,,,,,,,,,,,,,Shift,flight_up_thrust,,0.0,0.0
4719,185167,,,,,,,,,,,,,,,,,,,,,,,,,,,,,,Shift,flight_up_thrust,,0.0,0.0
4720,185200,,,,,,,,,,,,,,,,,,,,,,,,,,,,,,Shift,flight_up_thrust,,0.0,0.0
4721,185233,,,,,,,,,,,,,,,,,,,,,,,,,,,,,,Shift,flight_up_thrust,,0.0,0.0
4722,185267,,,,,,,,,,,,,,,,,,,,,,,,,,,,,,Shift,flight_up_thrust,,0.0,0.0
4723,185400,,,,,,,,,,,,,,,,,,,,,,,,,,,,,,Shift,flight_up_thrust,,0.0,0.0
4724,185433,,,,,,,,,,,,,,,,,,,,,,,,,,,,,,Shift,flight_up_thrust,,0.0,0.0
4725,185467,,,,,,,,,,,,,,,,,,,,,,,,,,,,,,Shift,flight_up_thrust,,0.0,0.0
4726,185533,,,,,,,,,,,,,,,,,,,,,,,,,,,,,,Shift,flight_up_thrust,,0.0,0.0
4727,185567,,,,,,,,,,,,,,,,,,,,,,,,,,,,,,Shift,flight_up_thrust,,0.0,0.0
4728,185600,,,,,,,,,,,,,,,,,,,,,,,,,,,,,,Shift,flight_up_thrust,,0.0,0.0
4729,185667,,,,,,,,,,,,,,,,,,,,,,,,,,,,,,Shift|W,movement_move_y_axis|flight_up_thrust,,0.0,0.0
4730,185700,,,,,,,,,,,,,,,,,,,,,,,,,,,,,,Shift|W,movement_move_y_axis|flight_up_thrust,,0.0,0.0
4731,185733,,,,,,,,,,,,,,,,,,,,,,,,,,,,,,Shift|W,movement_move_y_axis|flight_up_thrust,,0.0,0.0
4732,185767,,,,,,,,,,,,,,,,,,,,,,,,,,,,,,W,movement_move_y_axis,,0.0,0.0
4733,185800,,,,,,,,,,,,,,,,,,,,,,,,,,,,,,W,movement_move_y_axis,,0.0,0.0
4734,185833,,,,,,,,,,,,,,,,,,,,,,,,,,,,,,W,movement_move_y_axis,,0.0,0.0
4735,186000,,,,,,,,,,,,,,,,,,,,,,,,,,,,,,Shift,flight_up_thrust,,0.0,0.0
4736,186033,,,,,,,,,,,,,,,,,,,,,,,,,,,,,,Shift,flight_up_thrust,,0.0,0.0
4737,186067,,,,,,,,,,,,,,,,,,,,,,,,,,,,,,Shift|W,movement_move_y_axis|flight_up_thrust,,0.0,0.0
4738,186100,,,,,,,,,,,,,,,,,,,,,,,,,,,,,,Shift|W,movement_move_y_axis|flight_up_thrust,,0.0,0.0
4739,186133,,,,,,,,,,,,,,,,,,,,,,,,,,,,,,Shift|W,movement_move_y_axis|flight_up_thrust,,0.0,0.0
4740,186167,,,,,,,,,,,,,,,,,,,,,,,,,,,,,,Shift|W,movement_move_y_axis|flight_up_thrust,,0.0,0.0
4741,186200,,,,,,,,,,,,,,,,,,,,,,,,,,,,,,Shift|W,movement_move_y_axis|flight_up_thrust,,0.0,0.0
4742,186233,,,,,,,,,,,,,,,,,,,,,,,,,,,,,,Shift,flight_up_thrust,,0.0,0.0
4743,186267,,,,,,,,,,,,,,,,,,,,,,,,,,,,,,,,,0.0,0.0
4744,186333,,,,,,,,,,,,,,,,,,,,,,,,,,,,,,Shift,flight_up_thrust,,0.0,0.0
4745,186367,,,,,,,,,,,,,,,,,,,,,,,,,,,,,,Shift,flight_up_thrust,,0.0,0.0
4746,186400,,,,,,,,,,,,,,,,,,,,,,,,,,,,,,Shift,flight_up_thrust,,0.0,0.0
4747,186567,,,,,,,,,,,,,,,,,,,,,,,,,,,,,,Shift,flight_up_thrust,,0.0,0.0
4748,186600,,,,,,,,,,,,,,,,,,,,,,,,,,,,,,Shift,flight_up_thrust,,0.0,0.0
4749,186633,,,,,,,,,,,,,,,,,,,,,,,,,,,,,,Shift,flight_up_thrust,,0.0,0.0
4750,186667,,,,,,,,,,,,,,,,,,,,,,,,,,,,,,Shift,flight_up_thrust,,0.0,0.0
4751,186733,,,,,,,,,,,,,,,,,,,,,,,,,,,,,,Shift,flight_up_thrust,,0.0,0.0
4752,186800,,,,,,,,,,,,,,,,,,,,,,,,,,,,,,Shift,flight_up_thrust,,0.0,0.0
4753,186833,,,,,,,,,,,,,,,,,,,,,,,,,,,,,,Shift,flight_up_thrust,,0.0,0.0
4754,186867,,,,,,,,,,,,,,,,,,,,,,,,,,,,,,Shift,flight_up_thrust,,0.0,0.0
4755,186900,,,,,,,,,,,,,,,,,,,,,,,,,,,,,,Shift,flight_up_thrust,,0.0,0.0
4756,186967,,,,,,,,,,,,,,,,,,,,,,,,,,,,,,Shift,flight_up_thrust,,0.0,0.0
4757,187000,,,,,,,,,,,,,,,,,,,,,,,,,,,,,,Shift,flight_up_thrust,,0.0,0.0
4758,187033,,,,,,,,,,,,,,,,,,,,,,,,,,,,,,Shift,flight_up_thrust,,0.0,0.0
4759,187067,,,,,,,,,,,,,,,,,,,,,,,,,,,,,,Shift,flight_up_thrust,,0.0,0.0
4760,187100,,,,,,,,,,,,,,,,,,,,,,,,,,,,,,Shift,flight_up_thrust,,0.0,0.0
4761,187133,,,,,,,,,,,,,,,,,,,,,,,,,,,,,,Shift,flight_up_thrust,,0.0,0.0
4762,187200,,,,,,,,,,,,,,,,,,,,,,,,,,,,,,Shift,flight_up_thrust,,0.0,0.0
4763,187233,,,,,,,,,,,,,,,,,,,,,,,,,,,,,,Shift,flight_up_thrust,,0.0,0.0
4764,187267,,,,,,,,,,,,,,,,,,,,,,,,,,,,,,Shift,flight_up_thrust,,0.0,0.0
4765,187300,,,,,,,,,,,,,,,,,,,,,,,,,,,,,,Shift,flight_up_thrust,,0.0,0.0
4766,187333,,,,,,,,,,,,,,,,,,,,,,,,,,,,,,Shift,flight_up_thrust,,0.0,0.0
4767,187367,,,,,,,,,,,,,,,,,,,,,,,,,,,,,,Shift,flight_up_thrust,,0.0,0.0
4768,187400,,,,,,,,,,,,,,,,,,,,,,,,,,,,,,Shift,flight_up_thrust,,0.0,0.0
4769,187433,,,,,,,,,,,,,,,,,,,,,,,,,,,,,,,,,0.0,0.0
4770,187467,,,,,,,,,,,,,,,,,,,,,,,,,,,,,,,,,0.0,0.0
4771,187500,,,,,,,,,,,,,,,,,,,,,,,,,,,,,,,,,0.0,0.0
4772,187667,,,,,,,,,,,,,,,,,,,,,,,,,,,,,,,,,0.0,0.0
4773,187700,,,,,,,,,,,,,,,,,,,,,,,,,,,,,,,,,0.0,0.0
4774,187733,,,,,,,,,,,,,,,,,,,,,,,,,,,,,,,,,0.0,0.0
4775,187900,,,,,,,,,,,,,,,,,,,,,,,,,,,,,,,,,0.0,0.0
4776,187933,,,,,,,,,,,,,,,,,,,,,,,,,,,,,,Shift,flight_up_thrust,,0.0,0.0
4777,187967,,,,,,,,,,,,,,,,,,,,,,,,,,,,,,Shift,flight_up_thrust,,0.0,0.0
4778,188000,,,,,,,,,,,,,,,,,,,,,,,,,,,,,,Shift,flight_up_thrust,,0.0,0.0
4779,188033,,,,,,,,,,,,,,,,,,,,,,,,,,,,,,Shift,flight_up_thrust,,0.0,0.0
4780,188067,,,,,,,,,,,,,,,,,,,,,,,,,,,,,,Shift,flight_up_thrust,,0.0,0.0
4781,188100,,,,,,,,,,,,,,,,,,,,,,,,,,,,,,Shift,flight_up_thrust,,0.0,0.0
4782,188133,,,,,,,,,,,,,,,,,,,,,,,,,,,,,,Shift,flight_up_thrust,,0.0,0.0
4783,188167,,,,,,,,,,,,,,,,,,,,,,,,,,,,,,Shift,flight_up_thrust,,0.0,0.0
4784,188200,,,,,,,,,,,,,,,,,,,,,,,,,,,,,,Shift,flight_up_thrust,,0.0,0.0
4785,188233,,,,,,,,,,,,,,,,,,,,,,,,,,,,,,Shift,flight_up_thrust,,0.0,0.0
4786,188467,,,,,,,,,,,,,,,,,,,,,,,,,,,,,,Shift,flight_up_thrust,,0.0,0.0
4787,188500,,,,,,,,,,,,,,,,,,,,,,,,,,,,,,Shift,flight_up_thrust,,0.0,0.0
4788,188533,,,,,,,,,,,,,,,,,,,,,,,,,,,,,,Shift,flight_up_thrust,,0.0,0.0
4789,188567,,,,,,,,,,,,,,,,,,,,,,,,,,,,,,Shift,flight_up_thrust,,0.0,0.0
4790,188667,,,,,,,,,,,,,,,,,,,,,,,,,,,,,,Shift,flight_up_thrust,,0.0,0.0
4791,188700,,,,,,,,,,,,,,,,,,,,,,,,,,,,,,,,,0.0,0.0
4792,188733,,,,,,,,,,,,,,,,,,,,,,,,,,,,,,,,,0.0,0.0
4793,188800,,,,,,,,,,,,,,,,,,,,,,,,,,,,,,,,,0.0,0.0
4794,188833,,,,,,,,,,,,,,,,,,,,,,,,,,,,,,,,,0.0,0.0
4795,188867,,,,,,,,,,,,,,,,,,,,,,,,,,,,,,,,,0.0,0.0
4796,188933,,,,,,,,,,,,,,,,,,,,,,,,,,,,,,,,,0.0,0.0
4797,188967,,,,,,,,,,,,,,,,,,,,,,,,,,,,,,,,,0.0,0.0
4798,189000,,,,,,,,,,,,,,,,,,,,,,,,,,,,,,,,,0.0,0.0
4799,189033,,,,,,,,,,,,,,,,,,,,,,,,,,,,,,,,,0.0,0.0
4800,189167,,,,,,,,,,,,,,,,,,,,,,,,,,,,,,,,,0.0,0.0
4801,189200,,,,,,,,,,,,,,,,,,,,,,,,,,,,,,,,,0.0,0.0
4802,189233,,,,,,,,,,,,,,,,,,,,,,,,,,,,,,,,,0.0,0.0
4803,189367,,,,,,,,,,,,,,,,,,,,,,,,,,,,,,,,,0.0,0.0
4804,189400,,,,,,,,,,,,,,,,,,,,,,,,,,,,,,,,,0.0,0.0
4805,189433,,,,,,,,,,,,,,,,,,,,,,,,,,,,,,,,,0.0,0.0
4806,189467,,,,,,,,,,,,,,,,,,,,,,,,,,,,,,,,,0.0,0.0
4807,189533,,,,,,,,,,,,,,,,,,,,,,,,,,,,,,,,,0.0,0.0
4808,189567,,,,,,,,,,,,,,,,,,,,,,,,,,,,,,,,,0.0,0.0
4809,189600,,,,,,,,,,,,,,,,,,,,,,,,,,,,,,,,,0.0,0.0
4810,189633,,,,,,,,,,,,,,,,,,,,,,,,,,,,,,,,,0.0,0.0
4811,189667,,,,,,,,,,,,,,,,,,,,,,,,,,,,,,Shift,flight_up_thrust,,0.0,0.0
4812,189867,,,,,,,,,,,,,,,,,,,,,,,,,,,,,,Shift,flight_up_thrust,,0.0,0.0
4813,189900,,,,,,,,,,,,,,,,,,,,,,,,,,,,,,Shift,flight_up_thrust,,0.0,0.0
4814,189933,,,,,,,,,,,,,,,,,,,,,,,,,,,,,,Shift,flight_up_thrust,,0.0,0.0
4815,189967,,,,,,,,,,,,,,,,,,,,,,,,,,,,,,Shift,flight_up_thrust,,0.0,0.0
4816,190000,,,,,,,,,,,,,,,,,,,,,,,,,,,,,,Shift,flight_up_thrust,,0.0,0.0
4817,190033,,,,,,,,,,,,,,,,,,,,,,,,,,,,,,Shift,flight_up_thrust,,0.0,0.0
4818,190067,,,,,,,,,,,,,,,,,,,,,,,,,,,,,,Shift,flight_up_thrust,,0.0,0.0
4819,190133,,,,,,,,,,,,,,,,,,,,,,,,,,,,,,Shift,flight_up_thrust,,0.0,0.0
4820,190233,,,,,,,,,,,,,,,,,,,,,,,,,,,,,,Shift,flight_up_thrust,,0.0,0.0
4821,190300,,,,,,,,,,,,,,,,,,,,,,,,,,,,,,Shift,flight_up_thrust,,0.0,0.0
4822,190333,,,,,,,,,,,,,,,,,,,,,,,,,,,,,,Shift,flight_up_thrust,,0.0,0.0
4823,190400,,,,,,,,,,,,,,,,,,,,,,,,,,,,,,Shift,flight_up_thrust,,0.0,0.0
4824,190433,,,,,,,,,,,,,,,,,,,,,,,,,,,,,,Shift,flight_up_thrust,,0.0,0.0
4825,190467,,,,,,,,,,,,,,,,,,,,,,,,,,,,,,Shift,flight_up_thrust,,0.0,0.0
4826,190533,,,,,,,,,,,,,,,,,,,,,,,,,,,,,,Shift,flight_up_thrust,,0.0,0.0
4827,190567,,,,,,,,,,,,,,,,,,,,,,,,,,,,,,Shift,flight_up_thrust,,0.0,0.0
4828,190600,,,,,,,,,,,,,,,,,,,,,,,,,,,,,,Shift,flight_up_thrust,,0.0,0.0
4829,190800,,,,,,,,,,,,,,,,,,,,,,,,,,,,,,Shift,flight_up_thrust,,0.0,0.0
4830,190833,,,,,,,,,,,,,,,,,,,,,,,,,,,,,,Shift,equipment_primary_tool_action|flight_up_thrust,Left,0.0,0.0
4831,190867,,,,,,,,,,,,,,,,,,,,,,,,,,,,,,Shift,equipment_primary_tool_action|flight_up_thrust,Left,0.0,0.0
4832,190900,,,,,,,,,,,,,,,,,,,,,,,,,,,,,,Shift,equipment_primary_tool_action|flight_up_thrust,Left,0.0,0.0
4833,191033,,,,,,,,,,,,,,,,,,,,,,,,,,,,,,Shift,equipment_primary_tool_action|flight_up_thrust,Left,0.0,0.0
4834,191067,,,,,,,,,,,,,,,,,,,,,,,,,,,,,,Shift,equipment_primary_tool_action|flight_up_thrust,Left,0.0,0.0
4835,191133,,,,,,,,,,,,,,,,,,,,,,,,,,,,,,Shift,equipment_primary_tool_action|flight_up_thrust,Left,0.0,0.0
4836,191200,,,,,,,,,,,,,,,,,,,,,,,,,,,,,,Shift,equipment_primary_tool_action|flight_up_thrust,Left,0.0,0.0
4837,191233,,,,,,,,,,,,,,,,,,,,,,,,,,,,,,Shift,equipment_primary_tool_action|flight_up_thrust,Left,0.0,0.0
4838,191267,,,,,,,,,,,,,,,,,,,,,,,,,,,,,,Shift,flight_up_thrust,,0.0,0.0
4839,191300,,,,,,,,,,,,,,,,,,,,,,,,,,,,,,Shift,flight_up_thrust,,0.0,0.0
4840,191333,,,,,,,,,,,,,,,,,,,,,,,,,,,,,,Shift,flight_up_thrust,,0.0,0.0
4841,191367,,,,,,,,,,,,,,,,,,,,,,,,,,,,,,Shift,flight_up_thrust,,0.0,0.0
4842,191400,,,,,,,,,,,,,,,,,,,,,,,,,,,,,,Shift,flight_up_thrust,,0.0,0.0
4843,191433,,,,,,,,,,,,,,,,,,,,,,,,,,,,,,Shift,flight_up_thrust,,0.0,0.0
4844,191667,,,,,,,,,,,,,,,,,,,,,,,,,,,,,,Shift,flight_up_thrust,,0.0,0.0
4845,191700,,,,,,,,,,,,,,,,,,,,,,,,,,,,,,Shift,flight_up_thrust,,0.0,0.0
4846,191733,,,,,,,,,,,,,,,,,,,,,,,,,,,,,,Shift,flight_up_thrust,,0.0,0.0
4847,191767,,,,,,,,,,,,,,,,,,,,,,,,,,,,,,Shift,flight_up_thrust,,0.0,0.0
4848,191800,,,,,,,,,,,,,,,,,,,,,,,,,,,,,,Shift,flight_up_thrust,,0.0,0.0
4849,191867,,,,,,,,,,,,,,,,,,,,,,,,,,,,,,Shift,flight_up_thrust,,0.0,0.0
4850,191900,,,,,,,,,,,,,,,,,,,,,,,,,,,,,,,,,0.0,0.0
4851,191967,,,,,,,,,,,,,,,,,,,,,,,,,,,,,,,,,0.0,0.0
4852,192000,,,,,,,,,,,,,,,,,,,,,,,,,,,,,,,,,0.0,0.0
4853,192033,,,,,,,,,,,,,,,,,,,,,,,,,,,,,,Shift,flight_up_thrust,,0.0,0.0
4854,192067,,,,,,,,,,,,,,,,,,,,,,,,,,,,,,Shift,flight_up_thrust,,0.0,0.0
4855,192100,,,,,,,,,,,,,,,,,,,,,,,,,,,,,,Shift,flight_up_thrust,,0.0,0.0
4856,192200,,,,,,,,,,,,,,,,,,,,,,,,,,,,,,Shift,flight_up_thrust,,0.0,0.0
4857,192233,,,,,,,,,,,,,,,,,,,,,,,,,,,,,,Shift,flight_up_thrust,,0.0,0.0
4858,192267,,,,,,,,,,,,,,,,,,,,,,,,,,,,,,Shift,flight_up_thrust,,0.0,0.0
4859,192467,,,,,,,,,,,,,,,,,,,,,,,,,,,,,,Shift,flight_up_thrust,,0.0,0.0
4860,192500,,,,,,,,,,,,,,,,,,,,,,,,,,,,,,Shift,flight_up_thrust,,0.0,0.0
4861,192533,,,,,,,,,,,,,,,,,,,,,,,,,,,,,,Shift,flight_up_thrust,,0.0,0.0
4862,192600,,,,,,,,,,,,,,,,,,,,,,,,,,,,,,Shift,flight_up_thrust,,0.0,0.0
4863,192767,,,,,,,,,,,,,,,,,,,,,,,,,,,,,,Shift,flight_up_thrust,,0.0,0.0
4864,192800,,,,,,,,,,,,,,,,,,,,,,,,,,,,,,Shift,flight_up_thrust,,0.0,0.0
4865,192833,,,,,,,,,,,,,,,,,,,,,,,,,,,,,,Shift,flight_up_thrust,,0.0,0.0
4866,192867,,,,,,,,,,,,,,,,,,,,,,,,,,,,,,Shift,flight_up_thrust,,0.0,0.0
4867,192933,,,,,,,,,,,,,,,,,,,,,,,,,,,,,,Shift,flight_up_thrust,,0.0,0.0
4868,192967,,,,,,,,,,,,,,,,,,,,,,,,,,,,,,Shift,flight_up_thrust,,0.0,0.0
4869,193000,,,,,,,,,,,,,,,,,,,,,,,,,,,,,,Shift,flight_up_thrust,,0.0,0.0
4870,193033,,,,,,,,,,,,,,,,,,,,,,,,,,,,,,Shift,flight_up_thrust,,0.0,0.0
4871,193267,,,,,,,,,,,,,,,,,,,,,,,,,,,,,,Shift,flight_up_thrust,,0.0,0.0
4872,193300,,,,,,,,,,,,,,,,,,,,,,,,,,,,,,Shift,flight_up_thrust,,0.0,0.0
4873,193333,,,,,,,,,,,,,,,,,,,,,,,,,,,,,,Shift,flight_up_thrust,,0.0,0.0
4874,193367,,,,,,,,,,,,,,,,,,,,,,,,,,,,,,Shift,flight_up_thrust,,0.0,0.0
4875,193400,,,,,,,,,,,,,,,,,,,,,,,,,,,,,,Shift,flight_up_thrust,,0.0,0.0
4876,193433,,,,,,,,,,,,,,,,,,,,,,,,,,,,,,Shift,flight_up_thrust,,0.0,0.0
4877,193467,,,,,,,,,,,,,,,,,,,,,,,,,,,,,,Shift,flight_up_thrust,,0.0,0.0
4878,193500,,,,,,,,,,,,,,,,,,,,,,,,,,,,,,Shift,flight_up_thrust,,0.0,0.0
4879,193533,,,,,,,,,,,,,,,,,,,,,,,,,,,,,,Shift,flight_up_thrust,,0.0,0.0
4880,193567,,,,,,,,,,,,,,,,,,,,,,,,,,,,,,Shift,flight_up_thrust,,0.0,0.0
4881,193600,,,,,,,,,,,,,,,,,,,,,,,,,,,,,,Shift,flight_up_thrust,,0.0,0.0
4882,193667,,,,,,,,,,,,,,,,,,,,,,,,,,,,,,Shift,flight_up_thrust,,0.0,0.0
4883,193800,,,,,,,,,,,,,,,,,,,,,,,,,,,,,,Shift,flight_up_thrust,,0.0,0.0
4884,193833,,,,,,,,,,,,,,,,,,,,,,,,,,,,,,Shift,flight_up_thrust,,0.0,0.0
4885,193867,,,,,,,,,,,,,,,,,,,,,,,,,,,,,,Shift,flight_up_thrust,,0.0,0.0
4886,193900,,,,,,,,,,,,,,,,,,,,,,,,,,,,,,Shift|W,movement_move_y_axis|flight_up_thrust,,0.0,0.0
4887,194033,,,,,,,,,,,,,,,,,,,,,,,,,,,,,,Shift,flight_up_thrust,,0.0,0.0
4888,194067,,,,,,,,,,,,,,,,,,,,,,,,,,,,,,Shift,flight_up_thrust,,0.0,0.0
4889,194100,,,,,,,,,,,,,,,,,,,,,,,,,,,,,,Shift,flight_up_thrust,,0.0,0.0
4890,194133,,,,,,,,,,,,,,,,,,,,,,,,,,,,,,Shift,flight_up_thrust,,0.0,0.0
4891,194267,,,,,,,,,,,,,,,,,,,,,,,,,,,,,,,,,0.0,0.0
4892,194300,,,,,,,,,,,,,,,,,,,,,,,,,,,,,,,,,0.0,0.0
4893,194333,,,,,,,,,,,,,,,,,,,,,,,,,,,,,,,,,0.0,0.0
4894,194367,,,,,,,,,,,,,,,,,,,,,,,,,,,,,,,,,0.0,0.0
4895,194400,,,,,,,,,,,,,,,,,,,,,,,,,,,,,,,,,0.0,0.0
4896,194433,,,,,,,,,,,,,,,,,,,,,,,,,,,,,,,,,0.0,0.0
4897,194467,,,,,,,,,,,,,,,,,,,,,,,,,,,,,,,,,0.0,0.0
4898,194567,,,,,,,,,,,,,,,,,,,,,,,,,,,,,,Shift,flight_up_thrust,,0.0,0.0
4899,194600,,,,,,,,,,,,,,,,,,,,,,,,,,,,,,Shift,flight_up_thrust,,0.0,0.0
4900,194633,,,,,,,,,,,,,,,,,,,,,,,,,,,,,,Shift,flight_up_thrust,,0.0,0.0
4901,194833,,,,,,,,,,,,,,,,,,,,,,,,,,,,,,Shift,flight_up_thrust,,0.0,0.0
4902,194867,,,,,,,,,,,,,,,,,,,,,,,,,,,,,,Shift,flight_up_thrust,,0.0,0.0
4903,194900,,,,,,,,,,,,,,,,,,,,,,,,,,,,,,Shift,flight_up_thrust,,0.0,0.0
4904,194967,,,,,,,,,,,,,,,,,,,,,,,,,,,,,,Shift,flight_up_thrust,,0.0,0.0
4905,195000,,,,,,,,,,,,,,,,,,,,,,,,,,,,,,Shift,flight_up_thrust,,0.0,0.0
4906,195033,,,,,,,,,,,,,,,,,,,,,,,,,,,,,,Shift,flight_up_thrust,,0.0,0.0
4907,195067,,,,,,,,,,,,,,,,,,,,,,,,,,,,,,Shift,flight_up_thrust,,0.0,0.0
4908,195133,,,,,,,,,,,,,,,,,,,,,,,,,,,,,,Shift,flight_up_thrust,,0.0,0.0
4909,195167,,,,,,,,,,,,,,,,,,,,,,,,,,,,,,Shift,flight_up_thrust,,0.0,0.0
4910,195200,,,,,,,,,,,,,,,,,,,,,,,,,,,,,,Shift,flight_up_thrust,,0.0,0.0
4911,195233,,,,,,,,,,,,,,,,,,,,,,,,,,,,,,Shift,flight_up_thrust,,0.0,0.0
4912,195367,,,,,,,,,,,,,,,,,,,,,,,,,,,,,,Shift,flight_up_thrust,,0.0,0.0
4913,195400,,,,,,,,,,,,,,,,,,,,,,,,,,,,,,Shift,flight_up_thrust,,0.0,0.0
4914,195433,,,,,,,,,,,,,,,,,,,,,,,,,,,,,,,,,0.0,0.0
4915,195467,,,,,,,,,,,,,,,,,,,,,,,,,,,,,,,,,0.0,0.0
4916,195500,,,,,,,,,,,,,,,,,,,,,,,,,,,,,,,,,0.0,0.0
4917,195567,,,,,,,,,,,,,,,,,,,,,,,,,,,,,,,,,0.0,0.0
4918,195600,,,,,,,,,,,,,,,,,,,,,,,,,,,,,,,,,0.0,0.0
4919,195633,,,,,,,,,,,,,,,,,,,,,,,,,,,,,,,,,0.0,0.0
4920,195667,,,,,,,,,,,,,,,,,,,,,,,,,,,,,,,,,0.0,0.0
4921,195700,,,,,,,,,,,,,,,,,,,,,,,,,,,,,,,,,0.0,0.0
4922,195733,,,,,,,,,,,,,,,,,,,,,,,,,,,,,,,,,0.0,0.0
4923,195767,,,,,,,,,,,,,,,,,,,,,,,,,,,,,,,,,0.0,0.0
4924,195833,,,,,,,,,,,,,,,,,,,,,,,,,,,,,,,,,0.0,0.0
4925,195900,,,,,,,,,,,,,,,,,,,,,,,,,,,,,,,,,0.0,0.0
4926,195933,,,,,,,,,,,,,,,,,,,,,,,,,,,,,,,,,0.0,0.0
4927,195967,,,,,,,,,,,,,,,,,,,,,,,,,,,,,,,,,0.0,0.0
4928,196000,,,,,,,,,,,,,,,,,,,,,,,,,,,,,,,,,0.0,0.0
4929,196033,,,,,,,,,,,,,,,,,,,,,,,,,,,,,,,,,0.0,0.0
4930,196067,,,,,,,,,,,,,,,,,,,,,,,,,,,,,,Shift,flight_up_thrust,,0.0,0.0
4931,196100,,,,,,,,,,,,,,,,,,,,,,,,,,,,,,Shift,flight_up_thrust,,0.0,0.0
4932,196133,,,,,,,,,,,,,,,,,,,,,,,,,,,,,,Shift,flight_up_thrust,,0.0,0.0
4933,196167,,,,,,,,,,,,,,,,,,,,,,,,,,,,,,Shift,flight_up_thrust,,0.0,0.0
4934,196233,,,,,,,,,,,,,,,,,,,,,,,,,,,,,,Shift,flight_up_thrust,,0.0,0.0
4935,196267,,,,,,,,,,,,,,,,,,,,,,,,,,,,,,Shift,flight_up_thrust,,0.0,0.0
4936,196300,,,,,,,,,,,,,,,,,,,,,,,,,,,,,,Shift,flight_up_thrust,,0.0,0.0
4937,196333,,,,,,,,,,,,,,,,,,,,,,,,,,,,,,Shift,flight_up_thrust,,0.0,0.0
4938,196367,,,,,,,,,,,,,,,,,,,,,,,,,,,,,,Shift,flight_up_thrust,,0.0,0.0
4939,196400,,,,,,,,,,,,,,,,,,,,,,,,,,,,,,Shift,flight_up_thrust,,0.0,0.0
4940,196433,,,,,,,,,,,,,,,,,,,,,,,,,,,,,,Shift,flight_up_thrust,,0.0,0.0
4941,196467,,,,,,,,,,,,,,,,,,,,,,,,,,,,,,Shift,flight_up_thrust,,0.0,0.0
4942,196500,,,,,,,,,,,,,,,,,,,,,,,,,,,,,,Shift,flight_up_thrust,,0.0,0.0
4943,196533,,,,,,,,,,,,,,,,,,,,,,,,,,,,,,Shift,flight_up_thrust,,0.0,0.0
4944,196600,,,,,,,,,,,,,,,,,,,,,,,,,,,,,,Shift,flight_up_thrust,,0.0,0.0
4945,196633,,,,,,,,,,,,,,,,,,,,,,,,,,,,,,Shift,flight_up_thrust,,0.0,0.0
4946,196667,,,,,,,,,,,,,,,,,,,,,,,,,,,,,,Shift,flight_up_thrust,,0.0,0.0
4947,196700,,,,,,,,,,,,,,,,,,,,,,,,,,,,,,Shift,flight_up_thrust,,0.0,0.0
4948,196733,,,,,,,,,,,,,,,,,,,,,,,,,,,,,,Shift|W,movement_move_y_axis|flight_up_thrust,,0.0,0.0
4949,196767,,,,,,,,,,,,,,,,,,,,,,,,,,,,,,Shift|W,movement_move_y_axis|flight_up_thrust,,0.0,0.0
4950,196800,,,,,,,,,,,,,,,,,,,,,,,,,,,,,,Shift|W,movement_move_y_axis|flight_up_thrust,,0.0,0.0
4951,196833,,,,,,,,,,,,,,,,,,,,,,,,,,,,,,Shift,flight_up_thrust,,0.0,0.0
4952,196867,,,,,,,,,,,,,,,,,,,,,,,,,,,,,,Shift,flight_up_thrust,,0.0,0.0
4953,196933,,,,,,,,,,,,,,,,,,,,,,,,,,,,,,Shift,flight_up_thrust,,0.0,0.0
4954,196967,,,,,,,,,,,,,,,,,,,,,,,,,,,,,,Shift,flight_up_thrust,,0.0,0.0
4955,197000,,,,,,,,,,,,,,,,,,,,,,,,,,,,,,Shift,flight_up_thrust,,0.0,0.0
4956,197067,,,,,,,,,,,,,,,,,,,,,,,,,,,,,,Shift,flight_up_thrust,,0.0,0.0
4957,197133,,,,,,,,,,,,,,,,,,,,,,,,,,,,,,Shift|W,movement_move_y_axis|flight_up_thrust,,0.0,0.0
4958,197167,,,,,,,,,,,,,,,,,,,,,,,,,,,,,,Shift|W,movement_move_y_axis|flight_up_thrust,,0.0,0.0
4959,197200,,,,,,,,,,,,,,,,,,,,,,,,,,,,,,Shift|W,movement_move_y_axis|flight_up_thrust,,0.0,0.0
4960,197300,,,,,,,,,,,,,,,,,,,,,,,,,,,,,,Shift,flight_up_thrust,,0.0,0.0
4961,197333,,,,,,,,,,,,,,,,,,,,,,,,,,,,,,Shift,flight_up_thrust,,0.0,0.0
4962,197367,,,,,,,,,,,,,,,,,,,,,,,,,,,,,,Shift,flight_up_thrust,,0.0,0.0
4963,197400,,,,,,,,,,,,,,,,,,,,,,,,,,,,,,Shift,flight_up_thrust,,0.0,0.0
4964,197433,,,,,,,,,,,,,,,,,,,,,,,,,,,,,,Shift,flight_up_thrust,,0.0,0.0
4965,197467,,,,,,,,,,,,,,,,,,,,,,,,,,,,,,Shift,flight_up_thrust,,0.0,0.0
4966,197500,,,,,,,,,,,,,,,,,,,,,,,,,,,,,,Shift,flight_up_thrust,,0.0,0.0
4967,197533,,,,,,,,,,,,,,,,,,,,,,,,,,,,,,Shift,flight_up_thrust,,0.0,0.0
4968,197567,,,,,,,,,,,,,,,,,,,,,,,,,,,,,,Shift,flight_up_thrust,,0.0,0.0
4969,197600,,,,,,,,,,,,,,,,,,,,,,,,,,,,,,Shift,flight_up_thrust,,0.0,0.0
4970,197633,,,,,,,,,,,,,,,,,,,,,,,,,,,,,,Shift,flight_up_thrust,,0.0,0.0
4971,197667,,,,,,,,,,,,,,,,,,,,,,,,,,,,,,Shift,flight_up_thrust,,0.0,0.0
4972,197700,,,,,,,,,,,,,,,,,,,,,,,,,,,,,,Shift,flight_up_thrust,,0.0,0.0
4973,197733,,,,,,,,,,,,,,,,,,,,,,,,,,,,,,Shift,flight_up_thrust,,0.0,0.0
4974,197800,,,,,,,,,,,,,,,,,,,,,,,,,,,,,,Shift,flight_up_thrust,,0.0,0.0
4975,197833,,,,,,,,,,,,,,,,,,,,,,,,,,,,,,Shift,flight_up_thrust,,0.0,0.0
4976,197867,,,,,,,,,,,,,,,,,,,,,,,,,,,,,,Shift,flight_up_thrust,,0.0,0.0
4977,197900,,,,,,,,,,,,,,,,,,,,,,,,,,,,,,Shift,flight_up_thrust,,0.0,0.0
4978,197933,,,,,,,,,,,,,,,,,,,,,,,,,,,,,,Shift,flight_up_thrust,,0.0,0.0
4979,197967,,,,,,,,,,,,,,,,,,,,,,,,,,,,,,Shift,flight_up_thrust,,0.0,0.0
4980,198033,,,,,,,,,,,,,,,,,,,,,,,,,,,,,,Shift,flight_up_thrust,,0.0,0.0
4981,198067,,,,,,,,,,,,,,,,,,,,,,,,,,,,,,Shift,flight_up_thrust,,0.0,0.0
4982,198133,,,,,,,,,,,,,,,,,,,,,,,,,,,,,,Shift,flight_up_thrust,,0.0,0.0
4983,198167,,,,,,,,,,,,,,,,,,,,,,,,,,,,,,Shift,flight_up_thrust,,0.0,0.0
4984,198200,,,,,,,,,,,,,,,,,,,,,,,,,,,,,,Shift,flight_up_thrust,,0.0,0.0
4985,198233,,,,,,,,,,,,,,,,,,,,,,,,,,,,,,Shift,flight_up_thrust,,0.0,0.0
4986,198267,,,,,,,,,,,,,,,,,,,,,,,,,,,,,,Shift,flight_up_thrust,,0.0,0.0
4987,198300,,,,,,,,,,,,,,,,,,,,,,,,,,,,,,Shift,flight_up_thrust,,0.0,0.0
4988,198333,,,,,,,,,,,,,,,,,,,,,,,,,,,,,,Shift,flight_up_thrust,,0.0,0.0
4989,198567,,,,,,,,,,,,,,,,,,,,,,,,,,,,,,Shift|W,movement_move_y_axis|flight_up_thrust,,0.0,0.0
4990,198600,,,,,,,,,,,,,,,,,,,,,,,,,,,,,,Shift|W,movement_move_y_axis|flight_up_thrust,,0.0,0.0
4991,198633,,,,,,,,,,,,,,,,,,,,,,,,,,,,,,Shift|W,movement_move_y_axis|flight_up_thrust,,0.0,0.0
4992,198667,,,,,,,,,,,,,,,,,,,,,,,,,,,,,,Shift|W,movement_move_y_axis|flight_up_thrust,,0.0,0.0
4993,198700,,,,,,,,,,,,,,,,,,,,,,,,,,,,,,Shift|W,movement_move_y_axis|flight_up_thrust,,0.0,0.0
4994,198733,,,,,,,,,,,,,,,,,,,,,,,,,,,,,,Shift|W,movement_move_y_axis|flight_up_thrust,,0.0,0.0
4995,198767,,,,,,,,,,,,,,,,,,,,,,,,,,,,,,Shift|W,movement_move_y_axis|flight_up_thrust,,0.0,0.0
4996,198800,,,,,,,,,,,,,,,,,,,,,,,,,,,,,,Shift|W,movement_move_y_axis|flight_up_thrust,,0.0,0.0
4997,198833,,,,,,,,,,,,,,,,,,,,,,,,,,,,,,Shift,flight_up_thrust,,0.0,0.0
4998,198867,,,,,,,,,,,,,,,,,,,,,,,,,,,,,,Shift,flight_up_thrust,,0.0,0.0
4999,198900,,,,,,,,,,,,,,,,,,,,,,,,,,,,,,Shift,flight_up_thrust,,0.0,0.0
5000,198933,,,,,,,,,,,,,,,,,,,,,,,,,,,,,,Shift,flight_up_thrust,,0.0,0.0
5001,198967,,,,,,,,,,,,,,,,,,,,,,,,,,,,,,,,,0.0,0.0
5002,199000,,,,,,,,,,,,,,,,,,,,,,,,,,,,,,,,,0.0,0.0
5003,199033,,,,,,,,,,,,,,,,,,,,,,,,,,,,,,,,,0.0,0.0
5004,199067,,,,,,,,,,,,,,,,,,,,,,,,,,,,,,,,,0.0,0.0
5005,199100,,,,,,,,,,,,,,,,,,,,,,,,,,,,,,,,,0.0,0.0
5006,199133,,,,,,,,,,,,,,,,,,,,,,,,,,,,,,,,,0.0,0.0
5007,199167,,,,,,,,,,,,,,,,,,,,,,,,,,,,,,,,,0.0,0.0
5008,199233,,,,,,,,,,,,,,,,,,,,,,,,,,,,,,,,,0.0,0.0
5009,199267,,,,,,,,,,,,,,,,,,,,,,,,,,,,,,,,,0.0,0.0
5010,199300,,,,,,,,,,,,,,,,,,,,,,,,,,,,,,,,,0.0,0.0
5011,199333,,,,,,,,,,,,,,,,,,,,,,,,,,,,,,,,,0.0,0.0
5012,199367,,,,,,,,,,,,,,,,,,,,,,,,,,,,,,,,,0.0,0.0
5013,199400,,,,,,,,,,,,,,,,,,,,,,,,,,,,,,,,,0.0,0.0
5014,199433,,,,,,,,,,,,,,,,,,,,,,,,,,,,,,,,,0.0,0.0
5015,199567,,,,,,,,,,,,,,,,,,,,,,,,,,,,,,,,,0.0,0.0
5016,199600,,,,,,,,,,,,,,,,,,,,,,,,,,,,,,,,,0.0,0.0
5017,199633,,,,,,,,,,,,,,,,,,,,,,,,,,,,,,,,,0.0,0.0
5018,199667,,,,,,,,,,,,,,,,,,,,,,,,,,,,,,,,,0.0,0.0
5019,199700,,,,,,,,,,,,,,,,,,,,,,,,,,,,,,,,,0.0,0.0
5020,199733,,,,,,,,,,,,,,,,,,,,,,,,,,,,,,,,,0.0,0.0
5021,199767,,,,,,,,,,,,,,,,,,,,,,,,,,,,,,,,,0.0,0.0
5022,199867,,,,,,,,,,,,,,,,,,,,,,,,,,,,,,,,,0.0,0.0
5023,199900,,,,,,,,,,,,,,,,,,,,,,,,,,,,,,,,,0.0,0.0
5024,199933,,,,,,,,,,,,,,,,,,,,,,,,,,,,,,,,,0.0,0.0
5025,200033,,,,,,,,,,,,,,,,,,,,,,,,,,,,,,Shift,flight_up_thrust,,0.0,0.0
5026,200067,,,,,,,,,,,,,,,,,,,,,,,,,,,,,,Shift,flight_up_thrust,,0.0,0.0
5027,200100,,,,,,,,,,,,,,,,,,,,,,,,,,,,,,Shift,flight_up_thrust,,0.0,0.0
5028,200133,,,,,,,,,,,,,,,,,,,,,,,,,,,,,,Shift,flight_up_thrust,,0.0,0.0
5029,200167,,,,,,,,,,,,,,,,,,,,,,,,,,,,,,Shift,flight_up_thrust,,0.0,0.0
5030,200200,,,,,,,,,,,,,,,,,,,,,,,,,,,,,,Shift,flight_up_thrust,,0.0,0.0
5031,200233,,,,,,,,,,,,,,,,,,,,,,,,,,,,,,Shift,flight_up_thrust,,0.0,0.0
5032,200267,,,,,,,,,,,,,,,,,,,,,,,,,,,,,,Shift,flight_up_thrust,,0.0,0.0
5033,200300,,,,,,,,,,,,,,,,,,,,,,,,,,,,,,Shift,flight_up_thrust,,0.0,0.0
5034,200367,,,,,,,,,,,,,,,,,,,,,,,,,,,,,,Shift,flight_up_thrust,,0.0,0.0
5035,200400,,,,,,,,,,,,,,,,,,,,,,,,,,,,,,Shift,flight_up_thrust,,0.0,0.0
5036,200433,,,,,,,,,,,,,,,,,,,,,,,,,,,,,,Shift,flight_up_thrust,,0.0,0.0
5037,200467,,,,,,,,,,,,,,,,,,,,,,,,,,,,,,Shift,flight_up_thrust,,0.0,0.0
5038,200500,,,,,,,,,,,,,,,,,,,,,,,,,,,,,,Shift,flight_up_thrust,,0.0,0.0
5039,200567,,,,,,,,,,,,,,,,,,,,,,,,,,,,,,Shift,flight_up_thrust,,0.0,0.0
5040,200600,,,,,,,,,,,,,,,,,,,,,,,,,,,,,,Shift,flight_up_thrust,,0.0,0.0
5041,200633,,,,,,,,,,,,,,,,,,,,,,,,,,,,,,Shift,flight_up_thrust,,0.0,0.0
5042,200667,,,,,,,,,,,,,,,,,,,,,,,,,,,,,,Shift,flight_up_thrust,,0.0,0.0
5043,200700,,,,,,,,,,,,,,,,,,,,,,,,,,,,,,Shift,flight_up_thrust,,0.0,0.0
5044,200767,,,,,,,,,,,,,,,,,,,,,,,,,,,,,,Shift,flight_up_thrust,,0.0,0.0
5045,200800,,,,,,,,,,,,,,,,,,,,,,,,,,,,,,Shift,flight_up_thrust,,0.0,0.0
5046,200833,,,,,,,,,,,,,,,,,,,,,,,,,,,,,,Shift,flight_up_thrust,,0.0,0.0
5047,200967,,,,,,,,,,,,,,,,,,,,,,,,,,,,,,Shift,flight_up_thrust,,0.0,0.0
5048,201000,,,,,,,,,,,,,,,,,,,,,,,,,,,,,,Shift,flight_up_thrust,,0.0,0.0
5049,201033,,,,,,,,,,,,,,,,,,,,,,,,,,,,,,Shift,flight_up_thrust,,0.0,0.0
5050,201133,,,,,,,,,,,,,,,,,,,,,,,,,,,,,,Shift,flight_up_thrust,,0.0,0.0
5051,201167,,,,,,,,,,,,,,,,,,,,,,,,,,,,,,Shift,flight_up_thrust,,0.0,0.0
5052,201200,,,,,,,,,,,,,,,,,,,,,,,,,,,,,,Shift,flight_up_thrust,,0.0,0.0
5053,201267,,,,,,,,,,,,,,,,,,,,,,,,,,,,,,Shift,flight_up_thrust,,0.0,0.0
5054,201300,,,,,,,,,,,,,,,,,,,,,,,,,,,,,,Shift,flight_up_thrust,,0.0,0.0
5055,201333,,,,,,,,,,,,,,,,,,,,,,,,,,,,,,Shift,flight_up_thrust,,0.0,0.0
5056,201367,,,,,,,,,,,,,,,,,,,,,,,,,,,,,,,,,0.0,0.0
5057,201467,,,,,,,,,,,,,,,,,,,,,,,,,,,,,,,,,0.0,0.0
5058,201500,,,,,,,,,,,,,,,,,,,,,,,,,,,,,,,,,0.0,0.0
5059,201533,,,,,,,,,,,,,,,,,,,,,,,,,,,,,,,,,0.0,0.0
5060,201567,,,,,,,,,,,,,,,,,,,,,,,,,,,,,,,,,0.0,0.0
5061,201600,,,,,,,,,,,,,,,,,,,,,,,,,,,,,,,,,0.0,0.0
5062,201633,,,,,,,,,,,,,,,,,,,,,,,,,,,,,,,,,0.0,0.0
5063,201700,,,,,,,,,,,,,,,,,,,,,,,,,,,,,,,,,0.0,0.0
5064,201733,,,,,,,,,,,,,,,,,,,,,,,,,,,,,,,,,0.0,0.0
5065,201767,,,,,,,,,,,,,,,,,,,,,,,,,,,,,,,,,0.0,0.0
5066,201800,,,,,,,,,,,,,,,,,,,,,,,,,,,,,,,,,0.0,0.0
5067,201833,,,,,,,,,,,,,,,,,,,,,,,,,,,,,,,,,0.0,0.0
5068,201867,,,,,,,,,,,,,,,,,,,,,,,,,,,,,,,,,0.0,0.0
5069,201900,,,,,,,,,,,,,,,,,,,,,,,,,,,,,,,,,0.0,0.0
5070,201933,,,,,,,,,,,,,,,,,,,,,,,,,,,,,,,,,0.0,0.0
5071,202033,,,,,,,,,,,,,,,,,,,,,,,,,,,,,,,,,0.0,0.0
5072,202067,,,,,,,,,,,,,,,,,,,,,,,,,,,,,,,,,0.0,0.0
5073,202100,,,,,,,,,,,,,,,,,,,,,,,,,,,,,,,,,0.0,0.0
5074,202133,,,,,,,,,,,,,,,,,,,,,,,,,,,,,,,,,0.0,0.0
5075,202167,,,,,,,,,,,,,,,,,,,,,,,,,,,,,,Shift,flight_up_thrust,,0.0,0.0
5076,202200,,,,,,,,,,,,,,,,,,,,,,,,,,,,,,Shift,flight_up_thrust,,0.0,0.0
5077,202233,,,,,,,,,,,,,,,,,,,,,,,,,,,,,,Shift,flight_up_thrust,,0.0,0.0
5078,202267,,,,,,,,,,,,,,,,,,,,,,,,,,,,,,Shift,flight_up_thrust,,0.0,0.0
5079,202300,,,,,,,,,,,,,,,,,,,,,,,,,,,,,,Shift,flight_up_thrust,,0.0,0.0
5080,202333,,,,,,,,,,,,,,,,,,,,,,,,,,,,,,Shift,flight_up_thrust,,0.0,0.0
5081,202367,,,,,,,,,,,,,,,,,,,,,,,,,,,,,,Shift,flight_up_thrust,,0.0,0.0
5082,202400,,,,,,,,,,,,,,,,,,,,,,,,,,,,,,Shift,flight_up_thrust,,0.0,0.0
5083,202433,,,,,,,,,,,,,,,,,,,,,,,,,,,,,,Shift,flight_up_thrust,,0.0,0.0
5084,202633,,,,,,,,,,,,,,,,,,,,,,,,,,,,,,Shift,flight_up_thrust,,0.0,0.0
5085,202667,,,,,,,,,,,,,,,,,,,,,,,,,,,,,,Shift,flight_up_thrust,,0.0,0.0
5086,202700,,,,,,,,,,,,,,,,,,,,,,,,,,,,,,Shift,flight_up_thrust,,0.0,0.0
5087,202733,,,,,,,,,,,,,,,,,,,,,,,,,,,,,,Shift,flight_up_thrust,,0.0,0.0
5088,202767,,,,,,,,,,,,,,,,,,,,,,,,,,,,,,Shift,flight_up_thrust,,0.0,0.0
5089,202800,,,,,,,,,,,,,,,,,,,,,,,,,,,,,,Shift,flight_up_thrust,,0.0,0.0
5090,202833,,,,,,,,,,,,,,,,,,,,,,,,,,,,,,Shift,flight_up_thrust,,0.0,0.0
5091,202867,,,,,,,,,,,,,,,,,,,,,,,,,,,,,,Shift,flight_up_thrust,,0.0,0.0
5092,202900,,,,,,,,,,,,,,,,,,,,,,,,,,,,,,Shift,flight_up_thrust,,0.0,0.0
5093,202933,,,,,,,,,,,,,,,,,,,,,,,,,,,,,,Shift|W,movement_move_y_axis|flight_up_thrust,,0.0,0.0
5094,202967,,,,,,,,,,,,,,,,,,,,,,,,,,,,,,Shift|W,movement_move_y_axis|flight_up_thrust,,0.0,0.0
5095,203000,,,,,,,,,,,,,,,,,,,,,,,,,,,,,,Shift|W,movement_move_y_axis|flight_up_thrust,,0.0,0.0
5096,203067,,,,,,,,,,,,,,,,,,,,,,,,,,,,,,Shift|W,movement_move_y_axis|flight_up_thrust,,0.0,0.0
5097,203100,,,,,,,,,,,,,,,,,,,,,,,,,,,,,,Shift|W,movement_move_y_axis|flight_up_thrust,,0.0,0.0
5098,203133,,,,,,,,,,,,,,,,,,,,,,,,,,,,,,Shift|W,movement_move_y_axis|flight_up_thrust,,0.0,0.0
5099,203167,,,,,,,,,,,,,,,,,,,,,,,,,,,,,,Shift|W,movement_move_y_axis|flight_up_thrust,,0.0,0.0
5100,203233,,,,,,,,,,,,,,,,,,,,,,,,,,,,,,Shift|W,movement_move_y_axis|flight_up_thrust,,0.0,0.0
5101,203267,,,,,,,,,,,,,,,,,,,,,,,,,,,,,,Shift|W,movement_move_y_axis|flight_up_thrust,,0.0,0.0
5102,203300,,,,,,,,,,,,,,,,,,,,,,,,,,,,,,Shift|W,movement_move_y_axis|flight_up_thrust,,0.0,0.0
5103,203333,,,,,,,,,,,,,,,,,,,,,,,,,,,,,,Shift|W,movement_move_y_axis|flight_up_thrust,,0.0,0.0
5104,203367,,,,,,,,,,,,,,,,,,,,,,,,,,,,,,Shift|W,movement_move_y_axis|flight_up_thrust,,0.0,0.0
5105,203400,,,,,,,,,,,,,,,,,,,,,,,,,,,,,,Shift,flight_up_thrust,,0.0,0.0
5106,203433,,,,,,,,,,,,,,,,,,,,,,,,,,,,,,Shift,flight_up_thrust,,0.0,0.0
5107,203667,,,,,,,,,,,,,,,,,,,,,,,,,,,,,,Shift,flight_up_thrust,,0.0,0.0
5108,203700,,,,,,,,,,,,,,,,,,,,,,,,,,,,,,Shift,flight_up_thrust,,0.0,0.0
5109,203733,,,,,,,,,,,,,,,,,,,,,,,,,,,,,,Shift,flight_up_thrust,,0.0,0.0
5110,203767,,,,,,,,,,,,,,,,,,,,,,,,,,,,,,Shift,flight_up_thrust,,0.0,0.0
5111,203800,,,,,,,,,,,,,,,,,,,,,,,,,,,,,,Shift,flight_up_thrust,,0.0,0.0
5112,203833,,,,,,,,,,,,,,,,,,,,,,,,,,,,,,Shift,flight_up_thrust,,0.0,0.0
5113,204033,,,,,,,,,,,,,,,,,,,,,,,,,,,,,,Shift,flight_up_thrust,,0.0,0.0
5114,204067,,,,,,,,,,,,,,,,,,,,,,,,,,,,,,Shift|W,movement_move_y_axis|flight_up_thrust,,0.0,0.0
5115,204100,,,,,,,,,,,,,,,,,,,,,,,,,,,,,,Shift|W,movement_move_y_axis|flight_up_thrust,,0.0,0.0
5116,204133,,,,,,,,,,,,,,,,,,,,,,,,,,,,,,Shift|W,movement_move_y_axis|flight_up_thrust,,0.0,0.0
5117,204167,,,,,,,,,,,,,,,,,,,,,,,,,,,,,,Shift|W,movement_move_y_axis|flight_up_thrust,,0.0,0.0
5118,204200,,,,,,,,,,,,,,,,,,,,,,,,,,,,,,Shift|W,movement_move_y_axis|flight_up_thrust,,0.0,0.0
5119,204233,,,,,,,,,,,,,,,,,,,,,,,,,,,,,,Shift|W,movement_move_y_axis|flight_up_thrust,,0.0,0.0
5120,204300,,,,,,,,,,,,,,,,,,,,,,,,,,,,,,Shift|W,movement_move_y_axis|flight_up_thrust,,0.0,0.0
5121,204333,,,,,,,,,,,,,,,,,,,,,,,,,,,,,,Shift,flight_up_thrust,,0.0,0.0
5122,204367,,,,,,,,,,,,,,,,,,,,,,,,,,,,,,Shift,flight_up_thrust,,0.0,0.0
5123,204467,,,,,,,,,,,,,,,,,,,,,,,,,,,,,,A|Shift,movement_move_x_axis|flight_up_thrust,,0.0,0.0
5124,204500,,,,,,,,,,,,,,,,,,,,,,,,,,,,,,A|Shift,movement_move_x_axis|flight_up_thrust,,0.0,0.0
5125,204533,,,,,,,,,,,,,,,,,,,,,,,,,,,,,,A|Shift,movement_move_x_axis|flight_up_thrust,,0.0,0.0
5126,204733,,,,,,,,,,,,,,,,,,,,,,,,,,,,,,Shift,flight_up_thrust,,0.0,0.0
5127,204767,,,,,,,,,,,,,,,,,,,,,,,,,,,,,,Shift,flight_up_thrust,,0.0,0.0
5128,204800,,,,,,,,,,,,,,,,,,,,,,,,,,,,,,Shift,flight_up_thrust,,0.0,0.0
5129,204833,,,,,,,,,,,,,,,,,,,,,,,,,,,,,,Shift,flight_up_thrust,,0.0,0.0
5130,204867,,,,,,,,,,,,,,,,,,,,,,,,,,,,,,Shift,flight_up_thrust,,0.0,0.0
5131,204900,,,,,,,,,,,,,,,,,,,,,,,,,,,,,,Shift,flight_up_thrust,,0.0,0.0
5132,204933,,,,,,,,,,,,,,,,,,,,,,,,,,,,,,Shift,flight_up_thrust,,0.0,0.0
5133,204967,,,,,,,,,,,,,,,,,,,,,,,,,,,,,,Shift,flight_up_thrust,,0.0,0.0
5134,205000,,,,,,,,,,,,,,,,,,,,,,,,,,,,,,Shift,flight_up_thrust,,0.0,0.0
5135,205100,,,,,,,,,,,,,,,,,,,,,,,,,,,,,,A|Shift,movement_move_x_axis|flight_up_thrust,,0.0,0.0
5136,205133,,,,,,,,,,,,,,,,,,,,,,,,,,,,,,A|Shift,movement_move_x_axis|flight_up_thrust,,0.0,0.0
5137,205167,,,,,,,,,,,,,,,,,,,,,,,,,,,,,,Shift,flight_up_thrust,,0.0,0.0
5138,205200,,,,,,,,,,,,,,,,,,,,,,,,,,,,,,Shift,flight_up_thrust,,0.0,0.0
5139,205233,,,,,,,,,,,,,,,,,,,,,,,,,,,,,,Shift,flight_up_thrust,,0.0,0.0
5140,205267,,,,,,,,,,,,,,,,,,,,,,,,,,,,,,Shift,flight_up_thrust,,0.0,0.0
5141,205400,,,,,,,,,,,,,,,,,,,,,,,,,,,,,,,,,0.0,0.0
5142,205433,,,,,,,,,,,,,,,,,,,,,,,,,,,,,,,,,0.0,0.0
5143,205467,,,,,,,,,,,,,,,,,,,,,,,,,,,,,,,movement_look_x_axis,,3.0,0.0
5144,205500,,,,,,,,,,,,,,,,,,,,,,,,,,,,,,,,,0.0,0.0
5145,205533,,,,,,,,,,,,,,,,,,,,,,,,,,,,,,,,,0.0,0.0
5146,205567,,,,,,,,,,,,,,,,,,,,,,,,,,,,,,,,,0.0,0.0
5147,205600,,,,,,,,,,,,,,,,,,,,,,,,,,,,,,,,,0.0,0.0
5148,205767,,,,,,,,,,,,,,,,,,,,,,,,,,,,,,,,,0.0,0.0
5149,205800,,,,,,,,,,,,,,,,,,,,,,,,,,,,,,,,,0.0,0.0
5150,205833,,,,,,,,,,,,,,,,,,,,,,,,,,,,,,,,,0.0,0.0
5151,206000,,,,,,,,,,,,,,,,,,,,,,,,,,,,,,S,movement_move_y_axis,,0.0,0.0
5152,206033,,,,,,,,,,,,,,,,,,,,,,,,,,,,,,S,movement_move_y_axis,,0.0,0.0
5153,206067,,,,,,,,,,,,,,,,,,,,,,,,,,,,,,D|S,movement_move_x_axis|movement_move_y_axis,,0.0,0.0
5154,206100,,,,,,,,,,,,,,,,,,,,,,,,,,,,,,D|S,movement_move_x_axis|movement_move_y_axis,,0.0,0.0
5155,206133,,,,,,,,,,,,,,,,,,,,,,,,,,,,,,D|S,movement_move_x_axis|movement_move_y_axis,,0.0,0.0
5156,206167,,,,,,,,,,,,,,,,,,,,,,,,,,,,,,D|S,movement_move_x_axis|movement_move_y_axis,,0.0,0.0
5157,206200,,,,,,,,,,,,,,,,,,,,,,,,,,,,,,D|S,movement_move_x_axis|movement_move_y_axis,,0.0,0.0
5158,206233,,,,,,,,,,,,,,,,,,,,,,,,,,,,,,D,movement_move_x_axis,,0.0,0.0
5159,206267,,,,,,,,,,,,,,,,,,,,,,,,,,,,,,D,movement_move_x_axis,,0.0,0.0
5160,206467,,,,,,,,,,,,,,,,,,,,,,,,,,,,,,D,movement_move_x_axis,,0.0,0.0
5161,206500,,,,,,,,,,,,,,,,,,,,,,,,,,,,,,D,movement_move_x_axis,,0.0,0.0
5162,206533,,,,,,,,,,,,,,,,,,,,,,,,,,,,,,D,movement_move_x_axis,,0.0,0.0
5163,206567,,,,,,,,,,,,,,,,,,,,,,,,,,,,,,D,movement_move_x_axis,,0.0,0.0
5164,206600,,,,,,,,,,,,,,,,,,,,,,,,,,,,,,D,movement_move_x_axis,,0.0,0.0
5165,206633,,,,,,,,,,,,,,,,,,,,,,,,,,,,,,D,movement_move_x_axis,,0.0,0.0
5166,206667,,,,,,,,,,,,,,,,,,,,,,,,,,,,,,D,movement_move_x_axis,,0.0,0.0
5167,206700,,,,,,,,,,,,,,,,,,,,,,,,,,,,,,,,,0.0,0.0
5168,206733,,,,,,,,,,,,,,,,,,,,,,,,,,,,,,,,,0.0,0.0
5169,206767,,,,,,,,,,,,,,,,,,,,,,,,,,,,,,,,,0.0,0.0
5170,206800,,,,,,,,,,,,,,,,,,,,,,,,,,,,,,,,,0.0,0.0
5171,206833,,,,,,,,,,,,,,,,,,,,,,,,,,,,,,,,,0.0,0.0
5172,207000,,,,,,,,,,,,,,,,,,,,,,,,,,,,,,,,,0.0,0.0
5173,207033,,,,,,,,,,,,,,,,,,,,,,,,,,,,,,,,,0.0,0.0
5174,207067,,,,,,,,,,,,,,,,,,,,,,,,,,,,,,,,,0.0,0.0
5175,207100,,,,,,,,,,,,,,,,,,,,,,,,,,,,,,,,,0.0,0.0
5176,207133,,,,,,,,,,,,,,,,,,,,,,,,,,,,,,,,,0.0,0.0
5177,207167,,,,,,,,,,,,,,,,,,,,,,,,,,,,,,,,,0.0,0.0
5178,207200,,,,,,,,,,,,,,,,,,,,,,,,,,,,,,,,,0.0,0.0
5179,207233,,,,,,,,,,,,,,,,,,,,,,,,,,,,,,,,,0.0,0.0
5180,207267,,,,,,,,,,,,,,,,,,,,,,,,,,,,,,,,,0.0,0.0
5181,207333,,,,,,,,,,,,,,,,,,,,,,,,,,,,,,,,,0.0,0.0
5182,207400,,,,,,,,,,,,,,,,,,,,,,,,,,,,,,,,,0.0,0.0
5183,207433,,,,,,,,,,,,,,,,,,,,,,,,,,,,,,,,,0.0,0.0
5184,207467,,,,,,,,,,,,,,,,,,,,,,,,,,,,,,,,,0.0,0.0
5185,207667,,,,,,,,,,,,,,,,,,,,,,,,,,,,,,,,,0.0,0.0
5186,207700,,,,,,,,,,,,,,,,,,,,,,,,,,,,,,,,,0.0,0.0
5187,207733,,,,,,,,,,,,,,,,,,,,,,,,,,,,,,,,,0.0,0.0
5188,207767,,,,,,,,,,,,,,,,,,,,,,,,,,,,,,,,,0.0,0.0
5189,207800,,,,,,,,,,,,,,,,,,,,,,,,,,,,,,,,,0.0,0.0
5190,207833,,,,,,,,,,,,,,,,,,,,,,,,,,,,,,,,,0.0,0.0
5191,207867,,,,,,,,,,,,,,,,,,,,,,,,,,,,,,,,,0.0,0.0
5192,207900,,,,,,,,,,,,,,,,,,,,,,,,,,,,,,,,,0.0,0.0
5193,207933,,,,,,,,,,,,,,,,,,,,,,,,,,,,,,,,,0.0,0.0
5194,207967,,,,,,,,,,,,,,,,,,,,,,,,,,,,,,,,,0.0,0.0
5195,208000,,,,,,,,,,,,,,,,,,,,,,,,,,,,,,,,,0.0,0.0
5196,208167,,,,,,,,,,,,,,,,,,,,,,,,,,,,,,Shift,flight_up_thrust,,0.0,0.0
5197,208200,,,,,,,,,,,,,,,,,,,,,,,,,,,,,,Shift,flight_up_thrust,,0.0,0.0
5198,208267,,,,,,,,,,,,,,,,,,,,,,,,,,,,,,Shift,flight_up_thrust,,0.0,0.0
5199,208300,,,,,,,,,,,,,,,,,,,,,,,,,,,,,,Shift,flight_up_thrust,,0.0,0.0
5200,208333,,,,,,,,,,,,,,,,,,,,,,,,,,,,,,Shift,flight_up_thrust,,0.0,0.0
5201,208400,,,,,,,,,,,,,,,,,,,,,,,,,,,,,,Shift,flight_up_thrust,,0.0,0.0
5202,208433,,,,,,,,,,,,,,,,,,,,,,,,,,,,,,Shift,flight_up_thrust,,0.0,0.0
5203,208467,,,,,,,,,,,,,,,,,,,,,,,,,,,,,,Shift,flight_up_thrust,,0.0,0.0
5204,208500,,,,,,,,,,,,,,,,,,,,,,,,,,,,,,Shift,flight_up_thrust,,0.0,0.0
5205,208533,,,,,,,,,,,,,,,,,,,,,,,,,,,,,,Shift,flight_up_thrust,,0.0,0.0
5206,208567,,,,,,,,,,,,,,,,,,,,,,,,,,,,,,Shift,flight_up_thrust,,0.0,0.0
5207,208600,,,,,,,,,,,,,,,,,,,,,,,,,,,,,,Shift,flight_up_thrust,,0.0,0.0
5208,208633,,,,,,,,,,,,,,,,,,,,,,,,,,,,,,Shift,flight_up_thrust,,0.0,0.0
5209,208667,,,,,,,,,,,,,,,,,,,,,,,,,,,,,,Shift,flight_up_thrust,,0.0,0.0
5210,208700,,,,,,,,,,,,,,,,,,,,,,,,,,,,,,Shift,flight_up_thrust,,0.0,0.0
5211,208733,,,,,,,,,,,,,,,,,,,,,,,,,,,,,,Shift,flight_up_thrust,,0.0,0.0
5212,208900,,,,,,,,,,,,,,,,,,,,,,,,,,,,,,,,,0.0,0.0
5213,208933,,,,,,,,,,,,,,,,,,,,,,,,,,,,,,,,,0.0,0.0
5214,208967,,,,,,,,,,,,,,,,,,,,,,,,,,,,,,,,,0.0,0.0
5215,209000,,,,,,,,,,,,,,,,,,,,,,,,,,,,,,,,,0.0,0.0
5216,209100,,,,,,,,,,,,,,,,,,,,,,,,,,,,,,,,,0.0,0.0
5217,209133,,,,,,,,,,,,,,,,,,,,,,,,,,,,,,,,,0.0,0.0
5218,209167,,,,,,,,,,,,,,,,,,,,,,,,,,,,,,,,,0.0,0.0
5219,209200,,,,,,,,,,,,,,,,,,,,,,,,,,,,,,,,,0.0,0.0
5220,209267,,,,,,,,,,,,,,,,,,,,,,,,,,,,,,S,movement_move_y_axis,,0.0,0.0
5221,209300,,,,,,,,,,,,,,,,,,,,,,,,,,,,,,S,movement_move_y_axis,,0.0,0.0
5222,209333,,,,,,,,,,,,,,,,,,,,,,,,,,,,,,S,movement_move_y_axis,,0.0,0.0
5223,209367,,,,,,,,,,,,,,,,,,,,,,,,,,,,,,S,movement_move_y_axis,,0.0,0.0
5224,209400,,,,,,,,,,,,,,,,,,,,,,,,,,,,,,S,movement_move_y_axis,,0.0,0.0
5225,209433,,,,,,,,,,,,,,,,,,,,,,,,,,,,,,S,movement_move_y_axis,,0.0,0.0
5226,209467,,,,,,,,,,,,,,,,,,,,,,,,,,,,,,S,movement_move_y_axis,,0.0,0.0
5227,209600,,,,,,,,,,,,,,,,,,,,,,,,,,,,,,,,,0.0,0.0
5228,209633,,,,,,,,,,,,,,,,,,,,,,,,,,,,,,,,,0.0,0.0
5229,209667,,,,,,,,,,,,,,,,,,,,,,,,,,,,,,,,,0.0,0.0
5230,209700,,,,,,,,,,,,,,,,,,,,,,,,,,,,,,,,,0.0,0.0
5231,209733,,,,,,,,,,,,,,,,,,,,,,,,,,,,,,,,,0.0,0.0
5232,209767,,,,,,,,,,,,,,,,,,,,,,,,,,,,,,,,,0.0,0.0
5233,209800,,,,,,,,,,,,,,,,,,,,,,,,,,,,,,,,,0.0,0.0
5234,209833,,,,,,,,,,,,,,,,,,,,,,,,,,,,,,,,,0.0,0.0
5235,209867,,,,,,,,,,,,,,,,,,,,,,,,,,,,,,Shift,flight_up_thrust,,0.0,0.0
5236,209900,,,,,,,,,,,,,,,,,,,,,,,,,,,,,,Shift,flight_up_thrust,,0.0,0.0
5237,209933,,,,,,,,,,,,,,,,,,,,,,,,,,,,,,Shift,flight_up_thrust,,0.0,0.0
5238,209967,,,,,,,,,,,,,,,,,,,,,,,,,,,,,,Shift,flight_up_thrust,,0.0,0.0
5239,210100,,,,,,,,,,,,,,,,,,,,,,,,,,,,,,Shift,flight_up_thrust,,0.0,0.0
5240,210133,,,,,,,,,,,,,,,,,,,,,,,,,,,,,,Shift,flight_up_thrust,,0.0,0.0
5241,210167,,,,,,,,,,,,,,,,,,,,,,,,,,,,,,Shift,flight_up_thrust,,0.0,0.0
5242,210200,,,,,,,,,,,,,,,,,,,,,,,,,,,,,,Shift,flight_up_thrust,,0.0,0.0
5243,210233,,,,,,,,,,,,,,,,,,,,,,,,,,,,,,Shift,flight_up_thrust,,0.0,0.0
5244,210267,,,,,,,,,,,,,,,,,,,,,,,,,,,,,,Shift,flight_up_thrust,,0.0,0.0
5245,210300,,,,,,,,,,,,,,,,,,,,,,,,,,,,,,Shift,flight_up_thrust,,0.0,0.0
5246,210333,,,,,,,,,,,,,,,,,,,,,,,,,,,,,,Shift,flight_up_thrust,,0.0,0.0
5247,210367,,,,,,,,,,,,,,,,,,,,,,,,,,,,,,Shift,flight_up_thrust,,0.0,0.0
5248,210400,,,,,,,,,,,,,,,,,,,,,,,,,,,,,,Shift,flight_up_thrust,,0.0,0.0
5249,210433,,,,,,,,,,,,,,,,,,,,,,,,,,,,,,Shift,flight_up_thrust,,0.0,0.0
5250,210467,,,,,,,,,,,,,,,,,,,,,,,,,,,,,,S|Shift,movement_move_y_axis|flight_up_thrust,,0.0,0.0
5251,210500,,,,,,,,,,,,,,,,,,,,,,,,,,,,,,S|Shift,movement_move_y_axis|flight_up_thrust,,0.0,0.0
5252,210533,,,,,,,,,,,,,,,,,,,,,,,,,,,,,,S|Shift,movement_move_y_axis|flight_up_thrust,,0.0,0.0
5253,210567,,,,,,,,,,,,,,,,,,,,,,,,,,,,,,S|Shift,movement_move_y_axis|flight_up_thrust,,0.0,0.0
5254,210600,,,,,,,,,,,,,,,,,,,,,,,,,,,,,,S|Shift,movement_move_y_axis|flight_up_thrust,,0.0,0.0
5255,210633,,,,,,,,,,,,,,,,,,,,,,,,,,,,,,S|Shift,movement_move_y_axis|flight_up_thrust,,0.0,0.0
5256,210667,,,,,,,,,,,,,,,,,,,,,,,,,,,,,,S|Shift,movement_move_y_axis|flight_up_thrust,,0.0,0.0
5257,210733,,,,,,,,,,,,,,,,,,,,,,,,,,,,,,Shift,flight_up_thrust,,0.0,0.0
5258,210767,,,,,,,,,,,,,,,,,,,,,,,,,,,,,,Shift,flight_up_thrust,,0.0,0.0
5259,210800,,,,,,,,,,,,,,,,,,,,,,,,,,,,,,Shift,flight_up_thrust,,0.0,0.0
5260,210833,,,,,,,,,,,,,,,,,,,,,,,,,,,,,,Shift,flight_up_thrust,,0.0,0.0
5261,210867,,,,,,,,,,,,,,,,,,,,,,,,,,,,,,Shift,flight_up_thrust,,0.0,0.0
5262,210900,,,,,,,,,,,,,,,,,,,,,,,,,,,,,,Shift,flight_up_thrust,,0.0,0.0
5263,211000,,,,,,,,,,,,,,,,,,,,,,,,,,,,,,Shift,flight_up_thrust,,0.0,0.0
5264,211033,,,,,,,,,,,,,,,,,,,,,,,,,,,,,,Shift,flight_up_thrust,,0.0,0.0
5265,211067,,,,,,,,,,,,,,,,,,,,,,,,,,,,,,Shift,flight_up_thrust,,0.0,0.0
5266,211100,,,,,,,,,,,,,,,,,,,,,,,,,,,,,,Shift,flight_up_thrust,,0.0,0.0
5267,211133,,,,,,,,,,,,,,,,,,,,,,,,,,,,,,Shift,flight_up_thrust,,0.0,0.0
5268,211167,,,,,,,,,,,,,,,,,,,,,,,,,,,,,,Shift,flight_up_thrust,,0.0,0.0
5269,211200,,,,,,,,,,,,,,,,,,,,,,,,,,,,,,Shift,flight_up_thrust,,0.0,0.0
5270,211233,,,,,,,,,,,,,,,,,,,,,,,,,,,,,,,,,0.0,0.0
5271,211267,,,,,,,,,,,,,,,,,,,,,,,,,,,,,,,,,0.0,0.0
5272,211300,,,,,,,,,,,,,,,,,,,,,,,,,,,,,,D,movement_move_x_axis,,0.0,0.0
5273,211333,,,,,,,,,,,,,,,,,,,,,,,,,,,,,,D,movement_move_x_axis,,0.0,0.0
5274,211367,,,,,,,,,,,,,,,,,,,,,,,,,,,,,,D,movement_move_x_axis,,0.0,0.0
5275,211400,,,,,,,,,,,,,,,,,,,,,,,,,,,,,,D,movement_move_x_axis,,0.0,0.0
5276,211500,,,,,,,,,,,,,,,,,,,,,,,,,,,,,,D,movement_move_x_axis,,0.0,0.0
5277,211533,,,,,,,,,,,,,,,,,,,,,,,,,,,,,,D,movement_move_x_axis,,0.0,0.0
5278,211567,,,,,,,,,,,,,,,,,,,,,,,,,,,,,,D,movement_move_x_axis,,0.0,0.0
5279,211600,,,,,,,,,,,,,,,,,,,,,,,,,,,,,,,,,0.0,0.0
5280,211667,,,,,,,,,,,,,,,,,,,,,,,,,,,,,,,,,0.0,0.0
5281,211700,,,,,,,,,,,,,,,,,,,,,,,,,,,,,,,,,0.0,0.0
5282,211733,,,,,,,,,,,,,,,,,,,,,,,,,,,,,,,,,0.0,0.0
5283,211767,,,,,,,,,,,,,,,,,,,,,,,,,,,,,,,,,0.0,0.0
5284,211800,,,,,,,,,,,,,,,,,,,,,,,,,,,,,,,,,0.0,0.0
5285,211867,,,,,,,,,,,,,,,,,,,,,,,,,,,,,,,,,0.0,0.0
5286,211900,,,,,,,,,,,,,,,,,,,,,,,,,,,,,,,,,0.0,0.0
5287,212133,,,,,,,,,,,,,,,,,,,,,,,,,,,,,,Shift,flight_up_thrust,,0.0,0.0
5288,212167,,,,,,,,,,,,,,,,,,,,,,,,,,,,,,Shift,flight_up_thrust,,0.0,0.0
5289,212200,,,,,,,,,,,,,,,,,,,,,,,,,,,,,,Shift,flight_up_thrust,,0.0,0.0
5290,212233,,,,,,,,,,,,,,,,,,,,,,,,,,,,,,Shift,flight_up_thrust,,0.0,0.0
5291,212267,,,,,,,,,,,,,,,,,,,,,,,,,,,,,,Shift,flight_up_thrust,,0.0,0.0
5292,212300,,,,,,,,,,,,,,,,,,,,,,,,,,,,,,Shift,flight_up_thrust,,0.0,0.0
5293,212333,,,,,,,,,,,,,,,,,,,,,,,,,,,,,,Shift,flight_up_thrust,,0.0,0.0
5294,212367,,,,,,,,,,,,,,,,,,,,,,,,,,,,,,,,,0.0,0.0
5295,212400,,,,,,,,,,,,,,,,,,,,,,,,,,,,,,,,,0.0,0.0
5296,212433,,,,,,,,,,,,,,,,,,,,,,,,,,,,,,,,,0.0,0.0
5297,212467,,,,,,,,,,,,,,,,,,,,,,,,,,,,,,,,,0.0,0.0
5298,212500,,,,,,,,,,,,,,,,,,,,,,,,,,,,,,,,,0.0,0.0
5299,212600,,,,,,,,,,,,,,,,,,,,,,,,,,,,,,,,,0.0,0.0
5300,212633,,,,,,,,,,,,,,,,,,,,,,,,,,,,,,,,,0.0,0.0
5301,212667,,,,,,,,,,,,,,,,,,,,,,,,,,,,,,,,,0.0,0.0
5302,212700,,,,,,,,,,,,,,,,,,,,,,,,,,,,,,,,,0.0,0.0
5303,212733,,,,,,,,,,,,,,,,,,,,,,,,,,,,,,,,,0.0,0.0
5304,212767,,,,,,,,,,,,,,,,,,,,,,,,,,,,,,,,,0.0,0.0
5305,212800,,,,,,,,,,,,,,,,,,,,,,,,,,,,,,,,,0.0,0.0
5306,212833,,,,,,,,,,,,,,,,,,,,,,,,,,,,,,,,,0.0,0.0
5307,212867,,,,,,,,,,,,,,,,,,,,,,,,,,,,,,,,,0.0,0.0
5308,212900,,,,,,,,,,,,,,,,,,,,,,,,,,,,,,,,,0.0,0.0
5309,212933,,,,,,,,,,,,,,,,,,,,,,,,,,,,,,,,,0.0,0.0
5310,212967,,,,,,,,,,,,,,,,,,,,,,,,,,,,,,,,,0.0,0.0
5311,213000,,,,,,,,,,,,,,,,,,,,,,,,,,,,,,,,,0.0,0.0
5312,213133,,,,,,,,,,,,,,,,,,,,,,,,,,,,,,,,,0.0,0.0
5313,213167,,,,,,,,,,,,,,,,,,,,,,,,,,,,,,,,,0.0,0.0
5314,213200,,,,,,,,,,,,,,,,,,,,,,,,,,,,,,,,,0.0,0.0
5315,213233,,,,,,,,,,,,,,,,,,,,,,,,,,,,,,,,,0.0,0.0
5316,213267,,,,,,,,,,,,,,,,,,,,,,,,,,,,,,,,,0.0,0.0
5317,213300,,,,,,,,,,,,,,,,,,,,,,,,,,,,,,,,,0.0,0.0
5318,213333,,,,,,,,,,,,,,,,,,,,,,,,,,,,,,,,,0.0,0.0
5319,213367,,,,,,,,,,,,,,,,,,,,,,,,,,,,,,W,movement_move_y_axis,,0.0,0.0
5320,213400,,,,,,,,,,,,,,,,,,,,,,,,,,,,,,W,movement_move_y_axis,,0.0,0.0
5321,213433,,,,,,,,,,,,,,,,,,,,,,,,,,,,,,W,movement_move_y_axis,,0.0,0.0
5322,213467,,,,,,,,,,,,,,,,,,,,,,,,,,,,,,W,movement_move_y_axis,,0.0,0.0
5323,213500,,,,,,,,,,,,,,,,,,,,,,,,,,,,,,W,movement_move_y_axis,,0.0,0.0
5324,213700,,,,,,,,,,,,,,,,,,,,,,,,,,,,,,W,movement_move_y_axis,,0.0,0.0
5325,213733,,,,,,,,,,,,,,,,,,,,,,,,,,,,,,W,movement_move_y_axis,,0.0,0.0
5326,213767,,,,,,,,,,,,,,,,,,,,,,,,,,,,,,W,movement_move_y_axis,,0.0,0.0
5327,213800,,,,,,,,,,,,,,,,,,,,,,,,,,,,,,W,movement_move_y_axis,,0.0,0.0
5328,213833,,,,,,,,,,,,,,,,,,,,,,,,,,,,,,W,movement_move_y_axis,,0.0,0.0
5329,213867,,,,,,,,,,,,,,,,,,,,,,,,,,,,,,W,movement_move_y_axis,,0.0,0.0
5330,213900,,,,,,,,,,,,,,,,,,,,,,,,,,,,,,W,movement_move_y_axis,,0.0,0.0
5331,213933,,,,,,,,,,,,,,,,,,,,,,,,,,,,,,W,movement_move_y_axis,,0.0,0.0
5332,213967,,,,,,,,,,,,,,,,,,,,,,,,,,,,,,W,movement_move_y_axis,,0.0,0.0
5333,214000,,,,,,,,,,,,,,,,,,,,,,,,,,,,,,W,movement_move_y_axis,,0.0,0.0
5334,214033,,,,,,,,,,,,,,,,,,,,,,,,,,,,,,W,movement_move_y_axis,,0.0,0.0
5335,214067,,,,,,,,,,,,,,,,,,,,,,,,,,,,,,W,movement_move_y_axis,,0.0,0.0
5336,214200,,,,,,,,,,,,,,,,,,,,,,,,,,,,,,W,movement_move_y_axis,,0.0,0.0
5337,214233,,,,,,,,,,,,,,,,,,,,,,,,,,,,,,W,movement_move_y_axis,,0.0,0.0
5338,214267,,,,,,,,,,,,,,,,,,,,,,,,,,,,,,W,movement_move_y_axis,,0.0,0.0
5339,214300,,,,,,,,,,,,,,,,,,,,,,,,,,,,,,W,movement_move_y_axis,,0.0,0.0
5340,214367,,,,,,,,,,,,,,,,,,,,,,,,,,,,,,W,movement_move_y_axis,,0.0,0.0
5341,214400,,,,,,,,,,,,,,,,,,,,,,,,,,,,,,W,movement_move_y_axis,,0.0,0.0
5342,214433,,,,,,,,,,,,,,,,,,,,,,,,,,,,,,W,movement_move_y_axis,,0.0,0.0
5343,214467,,,,,,,,,,,,,,,,,,,,,,,,,,,,,,,,,0.0,0.0
5344,214667,,,,,,,,,,,,,,,,,,,,,,,,,,,,,,,,,0.0,0.0
5345,214700,,,,,,,,,,,,,,,,,,,,,,,,,,,,,,,,,0.0,0.0
5346,214733,,,,,,,,,,,,,,,,,,,,,,,,,,,,,,,,,0.0,0.0
5347,214767,,,,,,,,,,,,,,,,,,,,,,,,,,,,,,,,,0.0,0.0
5348,214833,,,,,,,,,,,,,,,,,,,,,,,,,,,,,,,,,0.0,0.0
5349,214867,,,,,,,,,,,,,,,,,,,,,,,,,,,,,,,,,0.0,0.0
5350,214900,,,,,,,,,,,,,,,,,,,,,,,,,,,,,,,,,0.0,0.0
5351,214933,,,,,,,,,,,,,,,,,,,,,,,,,,,,,,,,,0.0,0.0
5352,215000,,,,,,,,,,,,,,,,,,,,,,,,,,,,,,,,,0.0,0.0
5353,215033,,,,,,,,,,,,,,,,,,,,,,,,,,,,,,,,,0.0,0.0
5354,215067,,,,,,,,,,,,,,,,,,,,,,,,,,,,,,,,,0.0,0.0
5355,215100,,,,,,,,,,,,,,,,,,,,,,,,,,,,,,,,,0.0,0.0
5356,215300,,,,,,,,,,,,,,,,,,,,,,,,,,,,,,Q,general_cancel,,0.0,0.0
5357,215333,,,,,,,,,,,,,,,,,,,,,,,,,,,,,,Q,general_cancel,,0.0,0.0
5358,215367,,,,,,,,,,,,,,,,,,,,,,,,,,,,,,Q,general_cancel,,0.0,0.0
5359,215400,,,,,,,,,,,,,,,,,,,,,,,,,,,,,,Q,general_cancel,,0.0,0.0
5360,215500,,,,,,,,,,,,,,,,,,,,,,,,,,,,,,Q,general_cancel,,0.0,0.0
5361,215667,,,,,,,,,,,,,,,,,,,,,,,,,,,,,,Q,general_cancel,,0.0,0.0
5362,215700,,,,,,,,,,,,,,,,,,,,,,,,,,,,,,Q,general_cancel,,0.0,0.0
5363,215733,,,,,,,,,,,,,,,,,,,,,,,,,,,,,,,,,0.0,0.0
5364,215767,,,,,,,,,,,,,,,,,,,,,,,,,,,,,,,,,0.0,0.0
5365,215800,,,,,,,,,,,,,,,,,,,,,,,,,,,,,,,,,0.0,0.0
5366,215833,,,,,,,,,,,,,,,,,,,,,,,,,,,,,,,,,0.0,0.0
5367,215867,,,,,,,,,,,,,,,,,,,,,,,,,,,,,,,,,0.0,0.0
5368,215900,,,,,,,,,,,,,,,,,,,,,,,,,,,,,,,,,0.0,0.0
5369,215933,,,,,,,,,,,,,,,,,,,,,,,,,,,,,,,,,0.0,0.0
5370,215967,,,,,,,,,,,,,,,,,,,,,,,,,,,,,,,,,0.0,0.0
5371,216100,,,,,,,,,,,,,,,,,,,,,,,,,,,,,,,,,0.0,0.0
5372,216133,,,,,,,,,,,,,,,,,,,,,,,,,,,,,,,,,0.0,0.0
5373,216167,,,,,,,,,,,,,,,,,,,,,,,,,,,,,,Shift,flight_up_thrust,,0.0,0.0
5374,216200,,,,,,,,,,,,,,,,,,,,,,,,,,,,,,Shift,flight_up_thrust,,0.0,0.0
5375,216233,,,,,,,,,,,,,,,,,,,,,,,,,,,,,,Shift,flight_up_thrust,,0.0,0.0
5376,216267,,,,,,,,,,,,,,,,,,,,,,,,,,,,,,Shift,flight_up_thrust,,0.0,0.0
5377,216300,,,,,,,,,,,,,,,,,,,,,,,,,,,,,,Shift,flight_up_thrust,,0.0,0.0
5378,216333,,,,,,,,,,,,,,,,,,,,,,,,,,,,,,Shift,flight_up_thrust,,0.0,0.0
5379,216367,,,,,,,,,,,,,,,,,,,,,,,,,,,,,,Shift,flight_up_thrust,,0.0,0.0
5380,216400,,,,,,,,,,,,,,,,,,,,,,,,,,,,,,Shift,flight_up_thrust,,0.0,0.0
5381,216433,,,,,,,,,,,,,,,,,,,,,,,,,,,,,,Shift,flight_up_thrust,,0.0,0.0
5382,216467,,,,,,,,,,,,,,,,,,,,,,,,,,,,,,Shift,flight_up_thrust,,0.0,0.0
5383,216567,,,,,,,,,,,,,,,,,,,,,,,,,,,,,,Shift,flight_up_thrust,,0.0,0.0
5384,216600,,,,,,,,,,,,,,,,,,,,,,,,,,,,,,Shift,flight_up_thrust,,0.0,0.0
5385,216633,,,,,,,,,,,,,,,,,,,,,,,,,,,,,,Shift,flight_up_thrust,,0.0,0.0
5386,216667,,,,,,,,,,,,,,,,,,,,,,,,,,,,,,Shift,flight_up_thrust,,0.0,0.0
5387,216700,,,,,,,,,,,,,,,,,,,,,,,,,,,,,,Shift,flight_up_thrust,,0.0,0.0
5388,216733,,,,,,,,,,,,,,,,,,,,,,,,,,,,,,Shift,flight_up_thrust,,0.0,0.0
5389,216767,,,,,,,,,,,,,,,,,,,,,,,,,,,,,,Shift,flight_up_thrust,,0.0,0.0
5390,216800,,,,,,,,,,,,,,,,,,,,,,,,,,,,,,Shift,flight_up_thrust,,0.0,0.0
5391,216867,,,,,,,,,,,,,,,,,,,,,,,,,,,,,,Shift|W,movement_move_y_axis|flight_up_thrust,,0.0,0.0
5392,216900,,,,,,,,,,,,,,,,,,,,,,,,,,,,,,Shift|W,movement_move_y_axis|flight_up_thrust,,0.0,0.0
5393,216933,,,,,,,,,,,,,,,,,,,,,,,,,,,,,,Shift|W,movement_move_y_axis|flight_up_thrust,,0.0,0.0
5394,217200,,,,,,,,,,,,,,,,,,,,,,,,,,,,,,Shift,flight_up_thrust,,0.0,0.0
5395,217233,,,,,,,,,,,,,,,,,,,,,,,,,,,,,,Shift,flight_up_thrust,,0.0,0.0
5396,217267,,,,,,,,,,,,,,,,,,,,,,,,,,,,,,Shift,flight_up_thrust,,0.0,0.0
5397,217300,,,,,,,,,,,,,,,,,,,,,,,,,,,,,,Shift,flight_up_thrust,,0.0,0.0
5398,217333,,,,,,,,,,,,,,,,,,,,,,,,,,,,,,Shift,flight_up_thrust,,0.0,0.0
5399,217367,,,,,,,,,,,,,,,,,,,,,,,,,,,,,,Shift,flight_up_thrust,,0.0,0.0
5400,217400,,,,,,,,,,,,,,,,,,,,,,,,,,,,,,Shift,flight_up_thrust,,0.0,0.0
5401,217433,,,,,,,,,,,,,,,,,,,,,,,,,,,,,,Shift,flight_up_thrust,,0.0,0.0
5402,217467,,,,,,,,,,,,,,,,,,,,,,,,,,,,,,Shift,flight_up_thrust,,0.0,0.0
5403,217533,,,,,,,,,,,,,,,,,,,,,,,,,,,,,,Shift,flight_up_thrust,,0.0,0.0
5404,217567,,,,,,,,,,,,,,,,,,,,,,,,,,,,,,Shift,flight_up_thrust,,0.0,0.0
5405,217600,,,,,,,,,,,,,,,,,,,,,,,,,,,,,,Shift,flight_up_thrust,,0.0,0.0
5406,217633,,,,,,,,,,,,,,,,,,,,,,,,,,,,,,Shift,flight_up_thrust,,0.0,0.0
5407,217667,,,,,,,,,,,,,,,,,,,,,,,,,,,,,,Shift,flight_up_thrust,,0.0,0.0
5408,217700,,,,,,,,,,,,,,,,,,,,,,,,,,,,,,Shift,flight_up_thrust,,0.0,0.0
5409,217767,,,,,,,,,,,,,,,,,,,,,,,,,,,,,,Shift,flight_up_thrust,,0.0,0.0
5410,217800,,,,,,,,,,,,,,,,,,,,,,,,,,,,,,Shift,flight_up_thrust,,0.0,0.0
5411,217833,,,,,,,,,,,,,,,,,,,,,,,,,,,,,,Shift,flight_up_thrust,,0.0,0.0
5412,217867,,,,,,,,,,,,,,,,,,,,,,,,,,,,,,Shift,flight_up_thrust,,0.0,0.0
5413,217900,,,,,,,,,,,,,,,,,,,,,,,,,,,,,,Shift,flight_up_thrust,,0.0,0.0
5414,217933,,,,,,,,,,,,,,,,,,,,,,,,,,,,,,Shift,flight_up_thrust,,0.0,0.0
5415,218033,,,,,,,,,,,,,,,,,,,,,,,,,,,,,,,,,0.0,0.0
5416,218067,,,,,,,,,,,,,,,,,,,,,,,,,,,,,,,,,0.0,0.0
5417,218100,,,,,,,,,,,,,,,,,,,,,,,,,,,,,,,,,0.0,0.0
5418,218167,,,,,,,,,,,,,,,,,,,,,,,,,,,,,,,,,0.0,0.0
5419,218233,,,,,,,,,,,,,,,,,,,,,,,,,,,,,,,,,0.0,0.0
5420,218267,,,,,,,,,,,,,,,,,,,,,,,,,,,,,,,,,0.0,0.0
5421,218300,,,,,,,,,,,,,,,,,,,,,,,,,,,,,,,,,0.0,0.0
5422,218467,,,,,,,,,,,,,,,,,,,,,,,,,,,,,,Shift,flight_up_thrust,,0.0,0.0
5423,218500,,,,,,,,,,,,,,,,,,,,,,,,,,,,,,Shift,flight_up_thrust,,0.0,0.0
5424,218533,,,,,,,,,,,,,,,,,,,,,,,,,,,,,,Shift,flight_up_thrust,,0.0,0.0
5425,218567,,,,,,,,,,,,,,,,,,,,,,,,,,,,,,Shift,flight_up_thrust,,0.0,0.0
5426,218600,,,,,,,,,,,,,,,,,,,,,,,,,,,,,,Shift,flight_up_thrust,,0.0,0.0
5427,218633,,,,,,,,,,,,,,,,,,,,,,,,,,,,,,Shift,flight_up_thrust,,0.0,0.0
5428,218667,,,,,,,,,,,,,,,,,,,,,,,,,,,,,,Shift,flight_up_thrust,,0.0,0.0
5429,218833,,,,,,,,,,,,,,,,,,,,,,,,,,,,,,Shift,flight_up_thrust,,0.0,0.0
5430,218867,,,,,,,,,,,,,,,,,,,,,,,,,,,,,,Shift,flight_up_thrust,,0.0,0.0
5431,218900,,,,,,,,,,,,,,,,,,,,,,,,,,,,,,Shift,flight_up_thrust,,0.0,0.0
5432,218933,,,,,,,,,,,,,,,,,,,,,,,,,,,,,,Shift,flight_up_thrust,,0.0,0.0
5433,218967,,,,,,,,,,,,,,,,,,,,,,,,,,,,,,Shift,flight_up_thrust,,0.0,0.0
5434,219000,,,,,,,,,,,,,,,,,,,,,,,,,,,,,,Shift,flight_up_thrust,,0.0,0.0
5435,219033,,,,,,,,,,,,,,,,,,,,,,,,,,,,,,Shift,flight_up_thrust,,0.0,0.0
5436,219067,,,,,,,,,,,,,,,,,,,,,,,,,,,,,,,,,0.0,0.0
5437,219100,,,,,,,,,,,,,,,,,,,,,,,,,,,,,,,,,0.0,0.0
5438,219167,,,,,,,,,,,,,,,,,,,,,,,,,,,,,,,,,0.0,0.0
5439,219233,,,,,,,,,,,,,,,,,,,,,,,,,,,,,,,,,0.0,0.0
5440,219267,,,,,,,,,,,,,,,,,,,,,,,,,,,,,,,,,0.0,0.0
5441,219500,,,,,,,,,,,,,,,,,,,,,,,,,,,,,,,,,0.0,0.0
5442,219533,,,,,,,,,,,,,,,,,,,,,,,,,,,,,,,,,0.0,0.0
5443,219567,,,,,,,,,,,,,,,,,,,,,,,,,,,,,,,,,0.0,0.0
5444,219600,,,,,,,,,,,,,,,,,,,,,,,,,,,,,,,,,0.0,0.0
5445,219633,,,,,,,,,,,,,,,,,,,,,,,,,,,,,,,,,0.0,0.0
5446,219667,,,,,,,,,,,,,,,,,,,,,,,,,,,,,,,,,0.0,0.0
5447,219700,,,,,,,,,,,,,,,,,,,,,,,,,,,,,,,,,0.0,0.0
5448,219867,,,,,,,,,,,,,,,,,,,,,,,,,,,,,,,,,0.0,0.0
5449,219900,,,,,,,,,,,,,,,,,,,,,,,,,,,,,,,,,0.0,0.0
5450,219933,,,,,,,,,,,,,,,,,,,,,,,,,,,,,,Shift,flight_up_thrust,,0.0,0.0
5451,219967,,,,,,,,,,,,,,,,,,,,,,,,,,,,,,Shift,flight_up_thrust,,0.0,0.0
5452,220000,,,,,,,,,,,,,,,,,,,,,,,,,,,,,,Shift,flight_up_thrust,,0.0,0.0
5453,220033,,,,,,,,,,,,,,,,,,,,,,,,,,,,,,Shift,flight_up_thrust,,0.0,0.0
5454,220200,,,,,,,,,,,,,,,,,,,,,,,,,,,,,,Shift,flight_up_thrust,,0.0,0.0
5455,220233,,,,,,,,,,,,,,,,,,,,,,,,,,,,,,Shift,flight_up_thrust,,0.0,0.0
5456,220267,,,,,,,,,,,,,,,,,,,,,,,,,,,,,,Shift,flight_up_thrust,,0.0,0.0
5457,220300,,,,,,,,,,,,,,,,,,,,,,,,,,,,,,Shift,flight_up_thrust,,0.0,0.0
5458,220333,,,,,,,,,,,,,,,,,,,,,,,,,,,,,,Shift,flight_up_thrust,,0.0,0.0
5459,220367,,,,,,,,,,,,,,,,,,,,,,,,,,,,,,Shift,flight_up_thrust,,0.0,0.0
5460,220400,,,,,,,,,,,,,,,,,,,,,,,,,,,,,,Shift,flight_up_thrust,,0.0,0.0
5461,220433,,,,,,,,,,,,,,,,,,,,,,,,,,,,,,Shift,flight_up_thrust,,0.0,0.0
5462,220467,,,,,,,,,,,,,,,,,,,,,,,,,,,,,,Shift,flight_up_thrust,,0.0,0.0
5463,220500,,,,,,,,,,,,,,,,,,,,,,,,,,,,,,Shift,flight_up_thrust,,0.0,0.0
5464,220600,,,,,,,,,,,,,,,,,,,,,,,,,,,,,,Shift,flight_up_thrust,,0.0,0.0
5465,220633,,,,,,,,,,,,,,,,,,,,,,,,,,,,,,Shift,flight_up_thrust,,0.0,0.0
5466,220667,,,,,,,,,,,,,,,,,,,,,,,,,,,,,,Shift,flight_up_thrust,,0.0,0.0
5467,220833,,,,,,,,,,,,,,,,,,,,,,,,,,,,,,Shift,flight_up_thrust,,0.0,0.0
5468,220867,,,,,,,,,,,,,,,,,,,,,,,,,,,,,,Shift,flight_up_thrust,,0.0,0.0
5469,220900,,,,,,,,,,,,,,,,,,,,,,,,,,,,,,Shift,flight_up_thrust,,0.0,0.0
5470,220933,,,,,,,,,,,,,,,,,,,,,,,,,,,,,,Shift,flight_up_thrust,,0.0,0.0
5471,220967,,,,,,,,,,,,,,,,,,,,,,,,,,,,,,Shift,flight_up_thrust,,0.0,0.0
5472,221000,,,,,,,,,,,,,,,,,,,,,,,,,,,,,,Shift,flight_up_thrust,,0.0,0.0
5473,221033,,,,,,,,,,,,,,,,,,,,,,,,,,,,,,Shift,flight_up_thrust,,0.0,0.0
5474,221067,,,,,,,,,,,,,,,,,,,,,,,,,,,,,,Shift,flight_up_thrust,,0.0,0.0
5475,221233,,,,,,,,,,,,,,,,,,,,,,,,,,,,,,Shift,flight_up_thrust,,0.0,0.0
5476,221267,,,,,,,,,,,,,,,,,,,,,,,,,,,,,,Shift,flight_up_thrust,,0.0,0.0
5477,221300,,,,,,,,,,,,,,,,,,,,,,,,,,,,,,Shift,flight_up_thrust,,0.0,0.0
5478,221333,,,,,,,,,,,,,,,,,,,,,,,,,,,,,,Shift,flight_up_thrust,,0.0,0.0
5479,221367,,,,,,,,,,,,,,,,,,,,,,,,,,,,,,Shift,flight_up_thrust,,0.0,0.0
5480,221500,,,,,,,,,,,,,,,,,,,,,,,,,,,,,,Shift,flight_up_thrust,,0.0,0.0
5481,221533,,,,,,,,,,,,,,,,,,,,,,,,,,,,,,Shift,flight_up_thrust,,0.0,0.0
5482,221567,,,,,,,,,,,,,,,,,,,,,,,,,,,,,,,,,0.0,0.0
5483,221600,,,,,,,,,,,,,,,,,,,,,,,,,,,,,,,,,0.0,0.0
5484,221633,,,,,,,,,,,,,,,,,,,,,,,,,,,,,,,,,0.0,0.0
5485,221700,,,,,,,,,,,,,,,,,,,,,,,,,,,,,,,,,0.0,0.0
5486,221733,,,,,,,,,,,,,,,,,,,,,,,,,,,,,,,,,0.0,0.0
5487,221767,,,,,,,,,,,,,,,,,,,,,,,,,,,,,,,,,0.0,0.0
5488,221800,,,,,,,,,,,,,,,,,,,,,,,,,,,,,,,,,0.0,0.0
5489,221833,,,,,,,,,,,,,,,,,,,,,,,,,,,,,,,,,0.0,0.0
5490,221867,,,,,,,,,,,,,,,,,,,,,,,,,,,,,,,,,0.0,0.0
5491,222033,,,,,,,,,,,,,,,,,,,,,,,,,,,,,,,,,0.0,0.0
5492,222067,,,,,,,,,,,,,,,,,,,,,,,,,,,,,,,,,0.0,0.0
5493,222100,,,,,,,,,,,,,,,,,,,,,,,,,,,,,,Shift,flight_up_thrust,,0.0,0.0
5494,222133,,,,,,,,,,,,,,,,,,,,,,,,,,,,,,Shift,flight_up_thrust,,0.0,0.0
5495,222233,,,,,,,,,,,,,,,,,,,,,,,,,,,,,,Shift,flight_up_thrust,,0.0,0.0
5496,222267,,,,,,,,,,,,,,,,,,,,,,,,,,,,,,Shift,flight_up_thrust,,0.0,0.0
5497,222300,,,,,,,,,,,,,,,,,,,,,,,,,,,,,,Shift,flight_up_thrust,,0.0,0.0
5498,222367,,,,,,,,,,,,,,,,,,,,,,,,,,,,,,Shift,flight_up_thrust,,0.0,0.0
5499,222400,,,,,,,,,,,,,,,,,,,,,,,,,,,,,,Shift,flight_up_thrust,,0.0,0.0
5500,222433,,,,,,,,,,,,,,,,,,,,,,,,,,,,,,Shift,flight_up_thrust,,0.0,0.0
5501,222467,,,,,,,,,,,,,,,,,,,,,,,,,,,,,,Shift,flight_up_thrust,,0.0,0.0
5502,222500,,,,,,,,,,,,,,,,,,,,,,,,,,,,,,Shift,flight_up_thrust,,0.0,0.0
5503,222533,,,,,,,,,,,,,,,,,,,,,,,,,,,,,,Shift,flight_up_thrust,,0.0,0.0
5504,222600,,,,,,,,,,,,,,,,,,,,,,,,,,,,,,Shift,flight_up_thrust,,0.0,0.0
5505,222633,,,,,,,,,,,,,,,,,,,,,,,,,,,,,,S|Shift,movement_move_y_axis|flight_up_thrust,,0.0,0.0
5506,222733,,,,,,,,,,,,,,,,,,,,,,,,,,,,,,S|Shift,movement_move_y_axis|flight_up_thrust,,0.0,0.0
5507,222767,,,,,,,,,,,,,,,,,,,,,,,,,,,,,,S|Shift,movement_move_y_axis|flight_up_thrust,,0.0,0.0
5508,222800,,,,,,,,,,,,,,,,,,,,,,,,,,,,,,S|Shift,movement_move_y_axis|flight_up_thrust,,0.0,0.0
5509,222833,,,,,,,,,,,,,,,,,,,,,,,,,,,,,,Shift,flight_up_thrust,,0.0,0.0
5510,222900,,,,,,,,,,,,,,,,,,,,,,,,,,,,,,Shift,flight_up_thrust,,0.0,0.0
5511,222933,,,,,,,,,,,,,,,,,,,,,,,,,,,,,,Shift,flight_up_thrust,,0.0,0.0
5512,222967,,,,,,,,,,,,,,,,,,,,,,,,,,,,,,Shift,flight_up_thrust,,0.0,0.0
5513,223000,,,,,,,,,,,,,,,,,,,,,,,,,,,,,,Shift,flight_up_thrust,,0.0,0.0
5514,223133,,,,,,,,,,,,,,,,,,,,,,,,,,,,,,S|Shift,movement_move_y_axis|flight_up_thrust,,0.0,0.0
5515,223167,,,,,,,,,,,,,,,,,,,,,,,,,,,,,,S|Shift,movement_move_y_axis|flight_up_thrust,,0.0,0.0
5516,223200,,,,,,,,,,,,,,,,,,,,,,,,,,,,,,S|Shift,movement_move_y_axis|flight_up_thrust,,0.0,0.0
5517,223233,,,,,,,,,,,,,,,,,,,,,,,,,,,,,,S|Shift,movement_move_y_axis|flight_up_thrust,,0.0,0.0
5518,223400,,,,,,,,,,,,,,,,,,,,,,,,,,,,,,Shift,flight_up_thrust,,0.0,0.0
5519,223433,,,,,,,,,,,,,,,,,,,,,,,,,,,,,,Shift,flight_up_thrust,,0.0,0.0
5520,223467,,,,,,,,,,,,,,,,,,,,,,,,,,,,,,Shift,flight_up_thrust,,0.0,0.0
5521,223500,,,,,,,,,,,,,,,,,,,,,,,,,,,,,,Shift,flight_up_thrust,,0.0,0.0
5522,223533,,,,,,,,,,,,,,,,,,,,,,,,,,,,,,Shift,flight_up_thrust,,0.0,0.0
5523,223567,,,,,,,,,,,,,,,,,,,,,,,,,,,,,,Shift,flight_up_thrust,,0.0,0.0
5524,223600,,,,,,,,,,,,,,,,,,,,,,,,,,,,,,Shift,flight_up_thrust,,0.0,0.0
5525,223633,,,,,,,,,,,,,,,,,,,,,,,,,,,,,,Shift,flight_up_thrust,,0.0,0.0
5526,223667,,,,,,,,,,,,,,,,,,,,,,,,,,,,,,Shift,flight_up_thrust,,0.0,0.0
5527,223767,,,,,,,,,,,,,,,,,,,,,,,,,,,,,,Shift,flight_up_thrust,,0.0,0.0
5528,223800,,,,,,,,,,,,,,,,,,,,,,,,,,,,,,Shift,flight_up_thrust,,0.0,0.0
5529,223833,,,,,,,,,,,,,,,,,,,,,,,,,,,,,,Shift,flight_up_thrust,,0.0,0.0
5530,223900,,,,,,,,,,,,,,,,,,,,,,,,,,,,,,Shift,flight_up_thrust,,0.0,0.0
5531,223933,,,,,,,,,,,,,,,,,,,,,,,,,,,,,,Shift,flight_up_thrust,,0.0,0.0
5532,223967,,,,,,,,,,,,,,,,,,,,,,,,,,,,,,Shift,flight_up_thrust,,0.0,0.0
5533,224167,,,,,,,,,,,,,,,,,,,,,,,,,,,,,,Shift,flight_up_thrust,,0.0,0.0
5534,224200,,,,,,,,,,,,,,,,,,,,,,,,,,,,,,Shift,flight_up_thrust,,0.0,0.0
5535,224233,,,,,,,,,,,,,,,,,,,,,,,,,,,,,,Shift,flight_up_thrust,,0.0,0.0
5536,224267,,,,,,,,,,,,,,,,,,,,,,,,,,,,,,Shift,flight_up_thrust,,0.0,0.0
5537,224300,,,,,,,,,,,,,,,,,,,,,,,,,,,,,,Shift,flight_up_thrust,,0.0,0.0
5538,224333,,,,,,,,,,,,,,,,,,,,,,,,,,,,,,Shift,flight_up_thrust,,0.0,0.0
5539,224367,,,,,,,,,,,,,,,,,,,,,,,,,,,,,,Shift,flight_up_thrust,,0.0,0.0
5540,224400,,,,,,,,,,,,,,,,,,,,,,,,,,,,,,Shift,flight_up_thrust,,0.0,0.0
5541,224433,,,,,,,,,,,,,,,,,,,,,,,,,,,,,,,,,0.0,0.0
5542,224467,,,,,,,,,,,,,,,,,,,,,,,,,,,,,,,,,0.0,0.0
5543,224500,,,,,,,,,,,,,,,,,,,,,,,,,,,,,,,,,0.0,0.0
5544,224533,,,,,,,,,,,,,,,,,,,,,,,,,,,,,,,,,0.0,0.0
5545,224567,,,,,,,,,,,,,,,,,,,,,,,,,,,,,,,,,0.0,0.0
5546,224600,,,,,,,,,,,,,,,,,,,,,,,,,,,,,,,,,0.0,0.0
5547,224767,,,,,,,,,,,,,,,,,,,,,,,,,,,,,,,,,0.0,0.0
5548,224800,,,,,,,,,,,,,,,,,,,,,,,,,,,,,,,,,0.0,0.0
5549,224833,,,,,,,,,,,,,,,,,,,,,,,,,,,,,,Shift,flight_up_thrust,,0.0,0.0
5550,224867,,,,,,,,,,,,,,,,,,,,,,,,,,,,,,Shift,flight_up_thrust,,0.0,0.0
5551,225000,,,,,,,,,,,,,,,,,,,,,,,,,,,,,,Shift,flight_up_thrust,,0.0,0.0
5552,225033,,,,,,,,,,,,,,,,,,,,,,,,,,,,,,Shift,flight_up_thrust,,0.0,0.0
5553,225067,,,,,,,,,,,,,,,,,,,,,,,,,,,,,,Shift,flight_up_thrust,,0.0,0.0
5554,225100,,,,,,,,,,,,,,,,,,,,,,,,,,,,,,Shift,flight_up_thrust,,0.0,0.0
5555,225133,,,,,,,,,,,,,,,,,,,,,,,,,,,,,,Shift,flight_up_thrust,,0.0,0.0
5556,225167,,,,,,,,,,,,,,,,,,,,,,,,,,,,,,Shift,flight_up_thrust,,0.0,0.0
5557,225200,,,,,,,,,,,,,,,,,,,,,,,,,,,,,,Shift,flight_up_thrust,,0.0,0.0
5558,225233,,,,,,,,,,,,,,,,,,,,,,,,,,,,,,Shift,flight_up_thrust,,0.0,0.0
5559,225300,,,,,,,,,,,,,,,,,,,,,,,,,,,,,,Shift,flight_up_thrust,,0.0,0.0
5560,225333,,,,,,,,,,,,,,,,,,,,,,,,,,,,,,Shift,flight_up_thrust,,0.0,0.0
5561,225367,,,,,,,,,,,,,,,,,,,,,,,,,,,,,,Shift,flight_up_thrust,,0.0,0.0
5562,225400,,,,,,,,,,,,,,,,,,,,,,,,,,,,,,Shift,flight_up_thrust,,0.0,0.0
5563,225733,,,,,,,,,,,,,,,,,,,,,,,,,,,,,,Shift,equipment_primary_tool_action|flight_up_thrust,Left,0.0,0.0
5564,225767,,,,,,,,,,,,,,,,,,,,,,,,,,,,,,Shift,equipment_primary_tool_action|flight_up_thrust,Left,0.0,0.0
5565,225800,,,,,,,,,,,,,,,,,,,,,,,,,,,,,,Shift,equipment_primary_tool_action|flight_up_thrust,Left,0.0,0.0
5566,225833,,,,,,,,,,,,,,,,,,,,,,,,,,,,,,Shift,equipment_primary_tool_action|flight_up_thrust,Left,0.0,0.0
5567,225867,,,,,,,,,,,,,,,,,,,,,,,,,,,,,,Shift,equipment_primary_tool_action|flight_up_thrust,Left,0.0,0.0
5568,225900,,,,,,,,,,,,,,,,,,,,,,,,,,,,,,Shift,equipment_primary_tool_action|flight_up_thrust,Left,0.0,0.0
5569,225933,,,,,,,,,,,,,,,,,,,,,,,,,,,,,,Shift,equipment_primary_tool_action|flight_up_thrust,Left,0.0,0.0
5570,225967,,,,,,,,,,,,,,,,,,,,,,,,,,,,,,,,,0.0,0.0
5571,226000,,,,,,,,,,,,,,,,,,,,,,,,,,,,,,W,movement_move_y_axis,,0.0,0.0
5572,226033,,,,,,,,,,,,,,,,,,,,,,,,,,,,,,W,movement_move_y_axis,,0.0,0.0
5573,226067,,,,,,,,,,,,,,,,,,,,,,,,,,,,,,W,movement_move_y_axis,,0.0,0.0
5574,226100,,,,,,,,,,,,,,,,,,,,,,,,,,,,,,W,movement_move_y_axis,,0.0,0.0
5575,226400,,,,,,,,,,,,,,,,,,,,,,,,,,,,,,W,movement_move_y_axis,,0.0,0.0
5576,226433,,,,,,,,,,,,,,,,,,,,,,,,,,,,,,W,movement_move_y_axis,,0.0,0.0
5577,226467,,,,,,,,,,,,,,,,,,,,,,,,,,,,,,W,movement_move_y_axis,,0.0,0.0
5578,226500,,,,,,,,,,,,,,,,,,,,,,,,,,,,,,W,movement_move_y_axis,,0.0,0.0
5579,226533,,,,,,,,,,,,,,,,,,,,,,,,,,,,,,W,movement_move_y_axis,,0.0,0.0
5580,226567,,,,,,,,,,,,,,,,,,,,,,,,,,,,,,W,movement_move_y_axis,,0.0,0.0
5581,226600,,,,,,,,,,,,,,,,,,,,,,,,,,,,,,W,movement_move_y_axis,,0.0,0.0
5582,226633,,,,,,,,,,,,,,,,,,,,,,,,,,,,,,,,,0.0,0.0
5583,226667,,,,,,,,,,,,,,,,,,,,,,,,,,,,,,W,movement_move_y_axis,,0.0,0.0
5584,226733,,,,,,,,,,,,,,,,,,,,,,,,,,,,,,W,movement_move_y_axis,,0.0,0.0
5585,226767,,,,,,,,,,,,,,,,,,,,,,,,,,,,,,W,movement_move_y_axis,,0.0,0.0
5586,226800,,,,,,,,,,,,,,,,,,,,,,,,,,,,,,W,movement_move_y_axis,,0.0,0.0
5587,226933,,,,,,,,,,,,,,,,,,,,,,,,,,,,,,,,,0.0,0.0
5588,226967,,,,,,,,,,,,,,,,,,,,,,,,,,,,,,Shift,flight_up_thrust,,0.0,0.0
5589,227000,,,,,,,,,,,,,,,,,,,,,,,,,,,,,,Shift,flight_up_thrust,,0.0,0.0
5590,227033,,,,,,,,,,,,,,,,,,,,,,,,,,,,,,Shift,flight_up_thrust,,0.0,0.0
5591,227067,,,,,,,,,,,,,,,,,,,,,,,,,,,,,,Shift,flight_up_thrust,,0.0,0.0
5592,227100,,,,,,,,,,,,,,,,,,,,,,,,,,,,,,Shift,flight_up_thrust,,0.0,0.0
5593,227133,,,,,,,,,,,,,,,,,,,,,,,,,,,,,,Shift,flight_up_thrust,,0.0,0.0
5594,227167,,,,,,,,,,,,,,,,,,,,,,,,,,,,,,Shift,flight_up_thrust,,0.0,0.0
5595,227200,,,,,,,,,,,,,,,,,,,,,,,,,,,,,,Shift,flight_up_thrust,,0.0,0.0
5596,227233,,,,,,,,,,,,,,,,,,,,,,,,,,,,,,Shift,flight_up_thrust,,0.0,0.0
5597,227267,,,,,,,,,,,,,,,,,,,,,,,,,,,,,,Shift,flight_up_thrust,,0.0,0.0
5598,227300,,,,,,,,,,,,,,,,,,,,,,,,,,,,,,Shift,flight_up_thrust,,0.0,0.0
5599,227400,,,,,,,,,,,,,,,,,,,,,,,,,,,,,,Shift,flight_up_thrust,,0.0,0.0
5600,227433,,,,,,,,,,,,,,,,,,,,,,,,,,,,,,Shift,flight_up_thrust,,0.0,0.0
5601,227467,,,,,,,,,,,,,,,,,,,,,,,,,,,,,,Shift,flight_up_thrust,,0.0,0.0
5602,227500,,,,,,,,,,,,,,,,,,,,,,,,,,,,,,Shift,flight_up_thrust,,0.0,0.0
5603,227533,,,,,,,,,,,,,,,,,,,,,,,,,,,,,,Shift,flight_up_thrust,,0.0,0.0
5604,227567,,,,,,,,,,,,,,,,,,,,,,,,,,,,,,Shift,flight_up_thrust,,0.0,0.0
5605,227600,,,,,,,,,,,,,,,,,,,,,,,,,,,,,,Shift,flight_up_thrust,,0.0,0.0
5606,227633,,,,,,,,,,,,,,,,,,,,,,,,,,,,,,Shift,flight_up_thrust,,0.0,0.0
5607,227667,,,,,,,,,,,,,,,,,,,,,,,,,,,,,,Shift,flight_up_thrust,,0.0,0.0
5608,227700,,,,,,,,,,,,,,,,,,,,,,,,,,,,,,Shift,flight_up_thrust,,0.0,0.0
5609,227733,,,,,,,,,,,,,,,,,,,,,,,,,,,,,,Shift,flight_up_thrust,,0.0,0.0
5610,227767,,,,,,,,,,,,,,,,,,,,,,,,,,,,,,Shift,flight_up_thrust,,0.0,0.0
5611,228000,,,,,,,,,,,,,,,,,,,,,,,,,,,,,,Shift,flight_up_thrust,,0.0,0.0
5612,228067,,,,,,,,,,,,,,,,,,,,,,,,,,,,,,Shift,flight_up_thrust,,0.0,0.0
5613,228100,,,,,,,,,,,,,,,,,,,,,,,,,,,,,,Shift,flight_up_thrust,,0.0,0.0
5614,228133,,,,,,,,,,,,,,,,,,,,,,,,,,,,,,Shift,flight_up_thrust,,0.0,0.0
5615,228167,,,,,,,,,,,,,,,,,,,,,,,,,,,,,,Shift,flight_up_thrust,,0.0,0.0
5616,228200,,,,,,,,,,,,,,,,,,,,,,,,,,,,,,Shift,flight_up_thrust,,0.0,0.0
5617,228233,,,,,,,,,,,,,,,,,,,,,,,,,,,,,,,,,0.0,0.0
5618,228267,,,,,,,,,,,,,,,,,,,,,,,,,,,,,,,,,0.0,0.0
5619,228300,,,,,,,,,,,,,,,,,,,,,,,,,,,,,,,,,0.0,0.0
5620,228333,,,,,,,,,,,,,,,,,,,,,,,,,,,,,,,,,0.0,0.0
5621,228367,,,,,,,,,,,,,,,,,,,,,,,,,,,,,,,,,0.0,0.0
5622,228400,,,,,,,,,,,,,,,,,,,,,,,,,,,,,,,,,0.0,0.0
5623,228433,,,,,,,,,,,,,,,,,,,,,,,,,,,,,,,,,0.0,0.0
5624,228633,,,,,,,,,,,,,,,,,,,,,,,,,,,,,,,,,0.0,0.0
5625,228667,,,,,,,,,,,,,,,,,,,,,,,,,,,,,,,,,0.0,0.0
5626,228700,,,,,,,,,,,,,,,,,,,,,,,,,,,,,,,,,0.0,0.0
5627,228767,,,,,,,,,,,,,,,,,,,,,,,,,,,,,,,,,0.0,0.0
5628,228800,,,,,,,,,,,,,,,,,,,,,,,,,,,,,,,,,0.0,0.0
5629,228867,,,,,,,,,,,,,,,,,,,,,,,,,,,,,,,,,0.0,0.0
5630,228900,,,,,,,,,,,,,,,,,,,,,,,,,,,,,,,,,0.0,0.0
5631,228933,,,,,,,,,,,,,,,,,,,,,,,,,,,,,,,,,0.0,0.0
5632,228967,,,,,,,,,,,,,,,,,,,,,,,,,,,,,,,,,0.0,0.0
5633,229000,,,,,,,,,,,,,,,,,,,,,,,,,,,,,,,,,0.0,0.0
5634,229033,,,,,,,,,,,,,,,,,,,,,,,,,,,,,,,,,0.0,0.0
5635,229067,,,,,,,,,,,,,,,,,,,,,,,,,,,,,,,,,0.0,0.0
5636,229100,,,,,,,,,,,,,,,,,,,,,,,,,,,,,,,,,0.0,0.0
5637,229133,,,,,,,,,,,,,,,,,,,,,,,,,,,,,,,,,0.0,0.0
5638,229167,,,,,,,,,,,,,,,,,,,,,,,,,,,,,,,,,0.0,0.0
5639,229200,,,,,,,,,,,,,,,,,,,,,,,,,,,,,,,,,0.0,0.0
5640,229233,,,,,,,,,,,,,,,,,,,,,,,,,,,,,,,,,0.0,0.0
5641,229300,,,,,,,,,,,,,,,,,,,,,,,,,,,,,,,,,0.0,0.0
5642,229333,,,,,,,,,,,,,,,,,,,,,,,,,,,,,,,,,0.0,0.0
5643,229367,,,,,,,,,,,,,,,,,,,,,,,,,,,,,,,,,0.0,0.0
5644,229400,,,,,,,,,,,,,,,,,,,,,,,,,,,,,,,,,0.0,0.0
5645,229433,,,,,,,,,,,,,,,,,,,,,,,,,,,,,,,,,0.0,0.0
5646,229467,,,,,,,,,,,,,,,,,,,,,,,,,,,,,,,,,0.0,0.0
5647,229500,,,,,,,,,,,,,,,,,,,,,,,,,,,,,,,,,0.0,0.0
5648,229533,,,,,,,,,,,,,,,,,,,,,,,,,,,,,,,,,0.0,0.0
5649,229600,,,,,,,,,,,,,,,,,,,,,,,,,,,,,,,,,0.0,0.0
5650,229633,,,,,,,,,,,,,,,,,,,,,,,,,,,,,,,,,0.0,0.0
5651,229667,,,,,,,,,,,,,,,,,,,,,,,,,,,,,,Q,general_cancel,,0.0,0.0
5652,229700,,,,,,,,,,,,,,,,,,,,,,,,,,,,,,Q,general_cancel,,0.0,0.0
5653,229733,,,,,,,,,,,,,,,,,,,,,,,,,,,,,,Q,general_cancel,,0.0,0.0
5654,229867,,,,,,,,,,,,,,,,,,,,,,,,,,,,,,,,,0.0,0.0
5655,229900,,,,,,,,,,,,,,,,,,,,,,,,,,,,,,,,,0.0,0.0
5656,229933,,,,,,,,,,,,,,,,,,,,,,,,,,,,,,,,,0.0,0.0
5657,229967,,,,,,,,,,,,,,,,,,,,,,,,,,,,,,,,,0.0,0.0
5658,230000,,,,,,,,,,,,,,,,,,,,,,,,,,,,,,,,,0.0,0.0
5659,230033,,,,,,,,,,,,,,,,,,,,,,,,,,,,,,,,,0.0,0.0
5660,230067,,,,,,,,,,,,,,,,,,,,,,,,,,,,,,,,,0.0,0.0
5661,230100,,,,,,,,,,,,,,,,,,,,,,,,,,,,,,,,,0.0,0.0
5662,230267,,,,,,,,,,,,,,,,,,,,,,,,,,,,,,Shift,flight_up_thrust,,0.0,0.0
5663,230300,,,,,,,,,,,,,,,,,,,,,,,,,,,,,,Shift,flight_up_thrust,,0.0,0.0
5664,230333,,,,,,,,,,,,,,,,,,,,,,,,,,,,,,Shift,flight_up_thrust,,0.0,0.0
5665,230367,,,,,,,,,,,,,,,,,,,,,,,,,,,,,,Shift,flight_up_thrust,,0.0,0.0
5666,230500,,,,,,,,,,,,,,,,,,,,,,,,,,,,,,Shift,flight_up_thrust,,0.0,0.0
5667,230533,,,,,,,,,,,,,,,,,,,,,,,,,,,,,,Shift,flight_up_thrust,,0.0,0.0
5668,230567,,,,,,,,,,,,,,,,,,,,,,,,,,,,,,Shift,flight_up_thrust,,0.0,0.0
5669,230600,,,,,,,,,,,,,,,,,,,,,,,,,,,,,,Shift,flight_up_thrust,,0.0,0.0
5670,230633,,,,,,,,,,,,,,,,,,,,,,,,,,,,,,Shift,flight_up_thrust,,0.0,0.0
5671,230667,,,,,,,,,,,,,,,,,,,,,,,,,,,,,,Shift,flight_up_thrust,,0.0,0.0
5672,230733,,,,,,,,,,,,,,,,,,,,,,,,,,,,,,Shift,flight_up_thrust,,0.0,0.0
5673,230767,,,,,,,,,,,,,,,,,,,,,,,,,,,,,,Shift,flight_up_thrust,,0.0,0.0
5674,230800,,,,,,,,,,,,,,,,,,,,,,,,,,,,,,Shift,flight_up_thrust,,0.0,0.0
5675,230833,,,,,,,,,,,,,,,,,,,,,,,,,,,,,,Shift,flight_up_thrust,,0.0,0.0
5676,230867,,,,,,,,,,,,,,,,,,,,,,,,,,,,,,Shift,flight_up_thrust,,0.0,0.0
5677,230900,,,,,,,,,,,,,,,,,,,,,,,,,,,,,,Shift|W,movement_move_y_axis|flight_up_thrust,,0.0,0.0
5678,230933,,,,,,,,,,,,,,,,,,,,,,,,,,,,,,Shift|W,movement_move_y_axis|flight_up_thrust,,0.0,0.0
5679,230967,,,,,,,,,,,,,,,,,,,,,,,,,,,,,,Shift|W,movement_move_y_axis|flight_up_thrust,,0.0,0.0
5680,231000,,,,,,,,,,,,,,,,,,,,,,,,,,,,,,Shift|W,movement_move_y_axis|flight_up_thrust,,0.0,0.0
5681,231033,,,,,,,,,,,,,,,,,,,,,,,,,,,,,,Shift|W,movement_move_y_axis|flight_up_thrust,,0.0,0.0
5682,231067,,,,,,,,,,,,,,,,,,,,,,,,,,,,,,Shift|W,movement_move_y_axis|flight_up_thrust,,0.0,0.0
5683,231100,,,,,,,,,,,,,,,,,,,,,,,,,,,,,,Shift|W,movement_move_y_axis|flight_up_thrust,,0.0,0.0
5684,231233,,,,,,,,,,,,,,,,,,,,,,,,,,,,,,Shift|W,movement_move_y_axis|flight_up_thrust,,0.0,0.0
5685,231267,,,,,,,,,,,,,,,,,,,,,,,,,,,,,,Shift|W,movement_move_y_axis|flight_up_thrust,,0.0,0.0
5686,231300,,,,,,,,,,,,,,,,,,,,,,,,,,,,,,Shift|W,movement_move_y_axis|flight_up_thrust,,0.0,0.0
5687,231333,,,,,,,,,,,,,,,,,,,,,,,,,,,,,,Shift|W,movement_move_y_axis|flight_up_thrust,,0.0,0.0
5688,231367,,,,,,,,,,,,,,,,,,,,,,,,,,,,,,Shift|W,movement_move_y_axis|flight_up_thrust,,0.0,0.0
5689,231400,,,,,,,,,,,,,,,,,,,,,,,,,,,,,,Shift|W,movement_move_y_axis|flight_up_thrust,,0.0,0.0
5690,231433,,,,,,,,,,,,,,,,,,,,,,,,,,,,,,Shift|W,movement_move_y_axis|flight_up_thrust,,0.0,0.0
5691,231467,,,,,,,,,,,,,,,,,,,,,,,,,,,,,,Shift,flight_up_thrust,,0.0,0.0
5692,231533,,,,,,,,,,,,,,,,,,,,,,,,,,,,,,Shift,flight_up_thrust,,0.0,0.0
5693,231567,,,,,,,,,,,,,,,,,,,,,,,,,,,,,,Shift,flight_up_thrust,,0.0,0.0
5694,231600,,,,,,,,,,,,,,,,,,,,,,,,,,,,,,Shift,flight_up_thrust,,0.0,0.0
5695,231633,,,,,,,,,,,,,,,,,,,,,,,,,,,,,,Shift,flight_up_thrust,,0.0,0.0
5696,231667,,,,,,,,,,,,,,,,,,,,,,,,,,,,,,Shift,flight_up_thrust,,0.0,0.0
5697,231733,,,,,,,,,,,,,,,,,,,,,,,,,,,,,,Shift,flight_up_thrust,,0.0,0.0
5698,231767,,,,,,,,,,,,,,,,,,,,,,,,,,,,,,,,,0.0,0.0
5699,231800,,,,,,,,,,,,,,,,,,,,,,,,,,,,,,,,,0.0,0.0
5700,231833,,,,,,,,,,,,,,,,,,,,,,,,,,,,,,,,,0.0,0.0
5701,231900,,,,,,,,,,,,,,,,,,,,,,,,,,,,,,,,,0.0,0.0
5702,231933,,,,,,,,,,,,,,,,,,,,,,,,,,,,,,,,,0.0,0.0
5703,231967,,,,,,,,,,,,,,,,,,,,,,,,,,,,,,,,,0.0,0.0
5704,232000,,,,,,,,,,,,,,,,,,,,,,,,,,,,,,,,,0.0,0.0
5705,232033,,,,,,,,,,,,,,,,,,,,,,,,,,,,,,Shift,flight_up_thrust,,0.0,0.0
5706,232067,,,,,,,,,,,,,,,,,,,,,,,,,,,,,,Shift,flight_up_thrust,,0.0,0.0
5707,232100,,,,,,,,,,,,,,,,,,,,,,,,,,,,,,Shift,flight_up_thrust,,0.0,0.0
5708,232267,,,,,,,,,,,,,,,,,,,,,,,,,,,,,,Shift,flight_up_thrust,,0.0,0.0
5709,232300,,,,,,,,,,,,,,,,,,,,,,,,,,,,,,Shift,flight_up_thrust,,0.0,0.0
5710,232333,,,,,,,,,,,,,,,,,,,,,,,,,,,,,,Shift,flight_up_thrust,,0.0,0.0
5711,232367,,,,,,,,,,,,,,,,,,,,,,,,,,,,,,Shift,flight_up_thrust,,0.0,0.0
5712,232400,,,,,,,,,,,,,,,,,,,,,,,,,,,,,,Shift,flight_up_thrust,,0.0,0.0
5713,232433,,,,,,,,,,,,,,,,,,,,,,,,,,,,,,Shift,flight_up_thrust,,0.0,0.0
5714,232467,,,,,,,,,,,,,,,,,,,,,,,,,,,,,,Shift,flight_up_thrust,,0.0,0.0
5715,232500,,,,,,,,,,,,,,,,,,,,,,,,,,,,,,Shift,flight_up_thrust,,0.0,0.0
5716,232567,,,,,,,,,,,,,,,,,,,,,,,,,,,,,,Shift,flight_up_thrust,,0.0,0.0
5717,232600,,,,,,,,,,,,,,,,,,,,,,,,,,,,,,,,,0.0,0.0
5718,232700,,,,,,,,,,,,,,,,,,,,,,,,,,,,,,,,,0.0,0.0
5719,232733,,,,,,,,,,,,,,,,,,,,,,,,,,,,,,,,,0.0,0.0
5720,232767,,,,,,,,,,,,,,,,,,,,,,,,,,,,,,,,,0.0,0.0
5721,232800,,,,,,,,,,,,,,,,,,,,,,,,,,,,,,,,,0.0,0.0
5722,232833,,,,,,,,,,,,,,,,,,,,,,,,,,,,,,,,,0.0,0.0
5723,233033,,,,,,,,,,,,,,,,,,,,,,,,,,,,,,Shift,flight_up_thrust,,0.0,0.0
5724,233067,,,,,,,,,,,,,,,,,,,,,,,,,,,,,,Shift,flight_up_thrust,,0.0,0.0
5725,233100,,,,,,,,,,,,,,,,,,,,,,,,,,,,,,Shift,flight_up_thrust,,0.0,0.0
5726,233133,,,,,,,,,,,,,,,,,,,,,,,,,,,,,,Shift,flight_up_thrust,,0.0,0.0
5727,233167,,,,,,,,,,,,,,,,,,,,,,,,,,,,,,Shift,flight_up_thrust,,0.0,0.0
5728,233200,,,,,,,,,,,,,,,,,,,,,,,,,,,,,,Shift,flight_up_thrust,,0.0,0.0
5729,233233,,,,,,,,,,,,,,,,,,,,,,,,,,,,,,Shift,flight_up_thrust,,0.0,0.0
5730,233300,,,,,,,,,,,,,,,,,,,,,,,,,,,,,,Shift,flight_up_thrust,,0.0,0.0
5731,233333,,,,,,,,,,,,,,,,,,,,,,,,,,,,,,Shift,flight_up_thrust,,0.0,0.0
5732,233400,,,,,,,,,,,,,,,,,,,,,,,,,,,,,,Shift,flight_up_thrust,,0.0,0.0
5733,233433,,,,,,,,,,,,,,,,,,,,,,,,,,,,,,Shift,flight_up_thrust,,0.0,0.0
5734,233500,,,,,,,,,,,,,,,,,,,,,,,,,,,,,,Shift,flight_up_thrust,,0.0,0.0
5735,233533,,,,,,,,,,,,,,,,,,,,,,,,,,,,,,Shift,flight_up_thrust,,0.0,0.0
5736,233567,,,,,,,,,,,,,,,,,,,,,,,,,,,,,,Shift,flight_up_thrust,,0.0,0.0
5737,233600,,,,,,,,,,,,,,,,,,,,,,,,,,,,,,Shift,flight_up_thrust,,0.0,0.0
5738,233633,,,,,,,,,,,,,,,,,,,,,,,,,,,,,,Shift,flight_up_thrust,,0.0,0.0
5739,233667,,,,,,,,,,,,,,,,,,,,,,,,,,,,,,Shift,flight_up_thrust,,0.0,0.0
5740,233733,,,,,,,,,,,,,,,,,,,,,,,,,,,,,,Shift,flight_up_thrust,,0.0,0.0
5741,233767,,,,,,,,,,,,,,,,,,,,,,,,,,,,,,Shift,flight_up_thrust,,0.0,0.0
5742,233800,,,,,,,,,,,,,,,,,,,,,,,,,,,,,,Shift,flight_up_thrust,,0.0,0.0
5743,233833,,,,,,,,,,,,,,,,,,,,,,,,,,,,,,Shift,flight_up_thrust,,0.0,0.0
5744,234000,,,,,,,,,,,,,,,,,,,,,,,,,,,,,,Shift,flight_up_thrust,,0.0,0.0
5745,234067,,,,,,,,,,,,,,,,,,,,,,,,,,,,,,Shift,flight_up_thrust,,0.0,0.0
5746,234100,,,,,,,,,,,,,,,,,,,,,,,,,,,,,,Shift,flight_up_thrust,,0.0,0.0
5747,234133,,,,,,,,,,,,,,,,,,,,,,,,,,,,,,Shift,flight_up_thrust,,0.0,0.0
5748,234167,,,,,,,,,,,,,,,,,,,,,,,,,,,,,,Shift,flight_up_thrust,,0.0,0.0
5749,234200,,,,,,,,,,,,,,,,,,,,,,,,,,,,,,Shift,flight_up_thrust,,0.0,0.0
5750,234233,,,,,,,,,,,,,,,,,,,,,,,,,,,,,,Shift,flight_up_thrust,,0.0,0.0
5751,234333,,,,,,,,,,,,,,,,,,,,,,,,,,,,,,Shift,flight_up_thrust,,0.0,0.0
5752,234367,,,,,,,,,,,,,,,,,,,,,,,,,,,,,,Shift,flight_up_thrust,,0.0,0.0
5753,234400,,,,,,,,,,,,,,,,,,,,,,,,,,,,,,Shift,flight_up_thrust,,0.0,0.0
5754,234433,,,,,,,,,,,,,,,,,,,,,,,,,,,,,,Shift,flight_up_thrust,,0.0,0.0
5755,234500,,,,,,,,,,,,,,,,,,,,,,,,,,,,,,Shift,flight_up_thrust,,0.0,0.0
5756,234533,,,,,,,,,,,,,,,,,,,,,,,,,,,,,,Shift,flight_up_thrust,,0.0,0.0
5757,234600,,,,,,,,,,,,,,,,,,,,,,,,,,,,,,,,,0.0,0.0
5758,234633,,,,,,,,,,,,,,,,,,,,,,,,,,,,,,,,,0.0,0.0
5759,234667,,,,,,,,,,,,,,,,,,,,,,,,,,,,,,,,,0.0,0.0
5760,234700,,,,,,,,,,,,,,,,,,,,,,,,,,,,,,,,,0.0,0.0
5761,234733,,,,,,,,,,,,,,,,,,,,,,,,,,,,,,,,,0.0,0.0
5762,234767,,,,,,,,,,,,,,,,,,,,,,,,,,,,,,,,,0.0,0.0
5763,234800,,,,,,,,,,,,,,,,,,,,,,,,,,,,,,,,,0.0,0.0
5764,234833,,,,,,,,,,,,,,,,,,,,,,,,,,,,,,,,,0.0,0.0
5765,234867,,,,,,,,,,,,,,,,,,,,,,,,,,,,,,,,,0.0,0.0
5766,234900,,,,,,,,,,,,,,,,,,,,,,,,,,,,,,,,,0.0,0.0
5767,234967,,,,,,,,,,,,,,,,,,,,,,,,,,,,,,,,,0.0,0.0
5768,235000,,,,,,,,,,,,,,,,,,,,,,,,,,,,,,,,,0.0,0.0
5769,235100,,,,,,,,,,,,,,,,,,,,,,,,,,,,,,,,,0.0,0.0
5770,235133,,,,,,,,,,,,,,,,,,,,,,,,,,,,,,,,,0.0,0.0
5771,235167,,,,,,,,,,,,,,,,,,,,,,,,,,,,,,,,,0.0,0.0
5772,235200,,,,,,,,,,,,,,,,,,,,,,,,,,,,,,,,,0.0,0.0
5773,235233,,,,,,,,,,,,,,,,,,,,,,,,,,,,,,,,,0.0,0.0
5774,235267,,,,,,,,,,,,,,,,,,,,,,,,,,,,,,,,,0.0,0.0
5775,235300,,,,,,,,,,,,,,,,,,,,,,,,,,,,,,,,,0.0,0.0
5776,235333,,,,,,,,,,,,,,,,,,,,,,,,,,,,,,,,,0.0,0.0
5777,235367,,,,,,,,,,,,,,,,,,,,,,,,,,,,,,,,,0.0,0.0
5778,235400,,,,,,,,,,,,,,,,,,,,,,,,,,,,,,,,,0.0,0.0
5779,235467,,,,,,,,,,,,,,,,,,,,,,,,,,,,,,,,,0.0,0.0
5780,235500,,,,,,,,,,,,,,,,,,,,,,,,,,,,,,LCtrl,flight_down_thrust,,0.0,0.0
5781,235633,,,,,,,,,,,,,,,,,,,,,,,,,,,,,,LCtrl,flight_down_thrust,,0.0,0.0
5782,235667,,,,,,,,,,,,,,,,,,,,,,,,,,,,,,LCtrl,flight_down_thrust,,0.0,0.0
5783,235700,,,,,,,,,,,,,,,,,,,,,,,,,,,,,,LCtrl,flight_down_thrust,,0.0,0.0
5784,235733,,,,,,,,,,,,,,,,,,,,,,,,,,,,,,LCtrl,flight_down_thrust,,0.0,0.0
5785,235767,,,,,,,,,,,,,,,,,,,,,,,,,,,,,,LCtrl,flight_down_thrust,,0.0,0.0
5786,235800,,,,,,,,,,,,,,,,,,,,,,,,,,,,,,LCtrl,flight_down_thrust,,0.0,0.0
5787,235833,,,,,,,,,,,,,,,,,,,,,,,,,,,,,,LCtrl,flight_down_thrust,,0.0,0.0
5788,235867,,,,,,,,,,,,,,,,,,,,,,,,,,,,,,LCtrl,flight_down_thrust,,0.0,0.0
5789,235900,,,,,,,,,,,,,,,,,,,,,,,,,,,,,,LCtrl,flight_down_thrust,,0.0,0.0
5790,235933,,,,,,,,,,,,,,,,,,,,,,,,,,,,,,LCtrl,flight_down_thrust,,0.0,0.0
5791,235967,,,,,,,,,,,,,,,,,,,,,,,,,,,,,,LCtrl,flight_down_thrust,,0.0,0.0
5792,236000,,,,,,,,,,,,,,,,,,,,,,,,,,,,,,LCtrl,flight_down_thrust,,0.0,0.0
5793,236033,,,,,,,,,,,,,,,,,,,,,,,,,,,,,,LCtrl,flight_down_thrust,,0.0,0.0
5794,236100,,,,,,,,,,,,,,,,,,,,,,,,,,,,,,LCtrl,flight_down_thrust,,0.0,0.0
5795,236133,,,,,,,,,,,,,,,,,,,,,,,,,,,,,,LCtrl,flight_down_thrust,,0.0,0.0
5796,236167,,,,,,,,,,,,,,,,,,,,,,,,,,,,,,LCtrl,flight_down_thrust,,0.0,0.0
5797,236200,,,,,,,,,,,,,,,,,,,,,,,,,,,,,,LCtrl,flight_down_thrust,,0.0,0.0
5798,236233,,,,,,,,,,,,,,,,,,,,,,,,,,,,,,LCtrl,flight_down_thrust,,0.0,0.0
5799,236300,,,,,,,,,,,,,,,,,,,,,,,,,,,,,,LCtrl,flight_down_thrust,,0.0,0.0
5800,236333,,,,,,,,,,,,,,,,,,,,,,,,,,,,,,LCtrl,flight_down_thrust,,0.0,0.0
5801,236367,,,,,,,,,,,,,,,,,,,,,,,,,,,,,,LCtrl,flight_down_thrust,,0.0,0.0
5802,236533,,,,,,,,,,,,,,,,,,,,,,,,,,,,,,LCtrl,flight_down_thrust,,0.0,0.0
5803,236567,,,,,,,,,,,,,,,,,,,,,,,,,,,,,,LCtrl,flight_down_thrust,,0.0,0.0
5804,236633,,,,,,,,,,,,,,,,,,,,,,,,,,,,,,LCtrl,flight_down_thrust,,0.0,0.0
5805,236667,,,,,,,,,,,,,,,,,,,,,,,,,,,,,,LCtrl,flight_down_thrust,,0.0,0.0
5806,236700,,,,,,,,,,,,,,,,,,,,,,,,,,,,,,LCtrl,flight_down_thrust,,0.0,0.0
5807,236733,,,,,,,,,,,,,,,,,,,,,,,,,,,,,,LCtrl,flight_down_thrust,,0.0,0.0
5808,236800,,,,,,,,,,,,,,,,,,,,,,,,,,,,,,,,,0.0,0.0
5809,236833,,,,,,,,,,,,,,,,,,,,,,,,,,,,,,,,,0.0,0.0
5810,236867,,,,,,,,,,,,,,,,,,,,,,,,,,,,,,,,,0.0,0.0
5811,236900,,,,,,,,,,,,,,,,,,,,,,,,,,,,,,,,,0.0,0.0
5812,236933,,,,,,,,,,,,,,,,,,,,,,,,,,,,,,Q,general_cancel,,0.0,0.0
5813,236967,,,,,,,,,,,,,,,,,,,,,,,,,,,,,,Q,general_cancel,,0.0,0.0
5814,237000,,,,,,,,,,,,,,,,,,,,,,,,,,,,,,Q,general_cancel,,0.0,0.0
5815,237033,,,,,,,,,,,,,,,,,,,,,,,,,,,,,,Q,general_cancel,,0.0,0.0
5816,237067,,,,,,,,,,,,,,,,,,,,,,,,,,,,,,Q,general_cancel,,0.0,0.0
5817,237100,,,,,,,,,,,,,,,,,,,,,,,,,,,,,,Q,general_cancel,,0.0,0.0
5818,237133,,,,,,,,,,,,,,,,,,,,,,,,,,,,,,Q,general_cancel,,0.0,0.0
5819,237167,,,,,,,,,,,,,,,,,,,,,,,,,,,,,,Q,general_cancel,,0.0,0.0
5820,237200,,,,,,,,,,,,,,,,,,,,,,,,,,,,,,Q,general_cancel,,0.0,0.0
5821,237233,,,,,,,,,,,,,,,,,,,,,,,,,,,,,,Q,general_cancel,,0.0,0.0
5822,237300,,,,,,,,,,,,,,,,,,,,,,,,,,,,,,Q,general_cancel,,0.0,0.0
5823,237333,,,,,,,,,,,,,,,,,,,,,,,,,,,,,,,,,0.0,0.0
5824,237367,,,,,,,,,,,,,,,,,,,,,,,,,,,,,,,,,0.0,0.0
5825,237400,,,,,,,,,,,,,,,,,,,,,,,,,,,,,,,,,0.0,0.0
5826,237433,,,,,,,,,,,,,,,,,,,,,,,,,,,,,,,,,0.0,0.0
5827,237467,,,,,,,,,,,,,,,,,,,,,,,,,,,,,,,,,0.0,0.0
5828,237600,,,,,,,,,,,,,,,,,,,,,,,,,,,,,,,,,0.0,0.0
5829,237633,,,,,,,,,,,,,,,,,,,,,,,,,,,,,,,,,0.0,0.0
5830,237667,,,,,,,,,,,,,,,,,,,,,,,,,,,,,,,,,0.0,0.0
5831,237700,,,,,,,,,,,,,,,,,,,,,,,,,,,,,,,,,0.0,0.0
5832,237733,,,,,,,,,,,,,,,,,,,,,,,,,,,,,,,,,0.0,0.0
5833,237767,,,,,,,,,,,,,,,,,,,,,,,,,,,,,,,,,0.0,0.0
5834,237800,,,,,,,,,,,,,,,,,,,,,,,,,,,,,,,,,0.0,0.0
5835,237833,,,,,,,,,,,,,,,,,,,,,,,,,,,,,,,,,0.0,0.0
5836,237867,,,,,,,,,,,,,,,,,,,,,,,,,,,,,,,,,0.0,0.0
5837,237933,,,,,,,,,,,,,,,,,,,,,,,,,,,,,,,,,0.0,0.0
5838,237967,,,,,,,,,,,,,,,,,,,,,,,,,,,,,,,,,0.0,0.0
5839,238200,,,,,,,,,,,,,,,,,,,,,,,,,,,,,,,,,0.0,0.0
5840,238233,,,,,,,,,,,,,,,,,,,,,,,,,,,,,,,,,0.0,0.0
5841,238267,,,,,,,,,,,,,,,,,,,,,,,,,,,,,,,,,0.0,0.0
5842,238367,,,,,,,,,,,,,,,,,,,,,,,,,,,,,,,,,0.0,0.0
5843,238400,,,,,,,,,,,,,,,,,,,,,,,,,,,,,,,,,0.0,0.0
5844,238433,,,,,,,,,,,,,,,,,,,,,,,,,,,,,,,,,0.0,0.0
5845,238467,,,,,,,,,,,,,,,,,,,,,,,,,,,,,,,,,0.0,0.0
5846,238500,,,,,,,,,,,,,,,,,,,,,,,,,,,,,,,,,0.0,0.0
5847,238533,,,,,,,,,,,,,,,,,,,,,,,,,,,,,,,,,0.0,0.0
5848,238600,,,,,,,,,,,,,,,,,,,,,,,,,,,,,,,,,0.0,0.0
5849,238633,,,,,,,,,,,,,,,,,,,,,,,,,,,,,,,,,0.0,0.0
5850,238700,,,,,,,,,,,,,,,,,,,,,,,,,,,,,,,,,0.0,0.0
5851,238733,,,,,,,,,,,,,,,,,,,,,,,,,,,,,,,,,0.0,0.0
5852,238767,,,,,,,,,,,,,,,,,,,,,,,,,,,,,,,,,0.0,0.0
5853,239033,,,,,,,,,,,,,,,,,,,,,,,,,,,,,,Shift,flight_up_thrust,,0.0,0.0
5854,239067,,,,,,,,,,,,,,,,,,,,,,,,,,,,,,Shift,flight_up_thrust,,0.0,0.0
5855,239100,,,,,,,,,,,,,,,,,,,,,,,,,,,,,,Shift,flight_up_thrust,,0.0,0.0
5856,239133,,,,,,,,,,,,,,,,,,,,,,,,,,,,,,Shift,flight_up_thrust,,0.0,0.0
5857,239167,,,,,,,,,,,,,,,,,,,,,,,,,,,,,,Shift,flight_up_thrust,,0.0,0.0
5858,239200,,,,,,,,,,,,,,,,,,,,,,,,,,,,,,Shift,flight_up_thrust,,0.0,0.0
5859,239233,,,,,,,,,,,,,,,,,,,,,,,,,,,,,,Shift,flight_up_thrust,,0.0,0.0
5860,239267,,,,,,,,,,,,,,,,,,,,,,,,,,,,,,Shift,flight_up_thrust,,0.0,0.0
5861,239300,,,,,,,,,,,,,,,,,,,,,,,,,,,,,,Shift,flight_up_thrust,,0.0,0.0
5862,239333,,,,,,,,,,,,,,,,,,,,,,,,,,,,,,Shift,flight_up_thrust,,0.0,0.0
5863,239367,,,,,,,,,,,,,,,,,,,,,,,,,,,,,,Shift,flight_up_thrust,,0.0,0.0
5864,239400,,,,,,,,,,,,,,,,,,,,,,,,,,,,,,Shift,flight_up_thrust,,0.0,0.0
5865,239433,,,,,,,,,,,,,,,,,,,,,,,,,,,,,,Shift,flight_up_thrust,,0.0,0.0
5866,239467,,,,,,,,,,,,,,,,,,,,,,,,,,,,,,Shift,flight_up_thrust,,0.0,0.0
5867,239533,,,,,,,,,,,,,,,,,,,,,,,,,,,,,,Shift,flight_up_thrust,,0.0,0.0
5868,239567,,,,,,,,,,,,,,,,,,,,,,,,,,,,,,Shift,flight_up_thrust,,0.0,0.0
5869,239600,,,,,,,,,,,,,,,,,,,,,,,,,,,,,,Shift,flight_up_thrust,,0.0,0.0
5870,239633,,,,,,,,,,,,,,,,,,,,,,,,,,,,,,Shift,flight_up_thrust,,0.0,0.0
5871,239700,,,,,,,,,,,,,,,,,,,,,,,,,,,,,,W,movement_move_y_axis,,0.0,0.0
5872,239733,,,,,,,,,,,,,,,,,,,,,,,,,,,,,,W,movement_move_y_axis,,0.0,0.0
5873,239767,,,,,,,,,,,,,,,,,,,,,,,,,,,,,,W,movement_move_y_axis,,0.0,0.0
5874,239800,,,,,,,,,,,,,,,,,,,,,,,,,,,,,,W,movement_move_y_axis,,0.0,0.0
5875,239867,,,,,,,,,,,,,,,,,,,,,,,,,,,,,,W,movement_move_y_axis,,0.0,0.0
5876,239900,,,,,,,,,,,,,,,,,,,,,,,,,,,,,,W,movement_move_y_axis,,0.0,0.0
5877,239933,,,,,,,,,,,,,,,,,,,,,,,,,,,,,,W,movement_move_y_axis,,0.0,0.0
5878,239967,,,,,,,,,,,,,,,,,,,,,,,,,,,,,,W,movement_move_y_axis,,0.0,0.0
5879,240000,,,,,,,,,,,,,,,,,,,,,,,,,,,,,,W,movement_move_y_axis,,0.0,0.0
5880,240033,,,,,,,,,,,,,,,,,,,,,,,,,,,,,,W,movement_move_y_axis,,0.0,0.0
5881,240067,,,,,,,,,,,,,,,,,,,,,,,,,,,,,,W,movement_move_y_axis,,0.0,0.0
5882,240100,,,,,,,,,,,,,,,,,,,,,,,,,,,,,,W,movement_move_y_axis,,0.0,0.0
5883,240300,,,,,,,,,,,,,,,,,,,,,,,,,,,,,,W,movement_move_y_axis,,0.0,0.0
5884,240433,,,,,,,,,,,,,,,,,,,,,,,,,,,,,,Shift,flight_up_thrust,,0.0,0.0
5885,240467,,,,,,,,,,,,,,,,,,,,,,,,,,,,,,Shift,flight_up_thrust,,0.0,0.0
5886,240500,,,,,,,,,,,,,,,,,,,,,,,,,,,,,,Shift,flight_up_thrust,,0.0,0.0
5887,240633,,,,,,,,,,,,,,,,,,,,,,,,,,,,,,Shift,flight_up_thrust,,0.0,0.0
5888,240667,,,,,,,,,,,,,,,,,,,,,,,,,,,,,,Shift,flight_up_thrust,,0.0,0.0
5889,240733,,,,,,,,,,,,,,,,,,,,,,,,,,,,,,Shift,flight_up_thrust,,0.0,0.0
5890,240767,,,,,,,,,,,,,,,,,,,,,,,,,,,,,,Shift,flight_up_thrust,,0.0,0.0
5891,240800,,,,,,,,,,,,,,,,,,,,,,,,,,,,,,Shift,flight_up_thrust,,0.0,0.0
5892,240833,,,,,,,,,,,,,,,,,,,,,,,,,,,,,,Shift,flight_up_thrust,,0.0,0.0
5893,240867,,,,,,,,,,,,,,,,,,,,,,,,,,,,,,Shift,flight_up_thrust,,0.0,0.0
5894,240900,,,,,,,,,,,,,,,,,,,,,,,,,,,,,,A|Shift,movement_move_x_axis|flight_up_thrust,,0.0,0.0
5895,240967,,,,,,,,,,,,,,,,,,,,,,,,,,,,,,A|Shift,movement_move_x_axis|flight_up_thrust,,0.0,0.0
5896,241000,,,,,,,,,,,,,,,,,,,,,,,,,,,,,,A|Shift,movement_move_x_axis|flight_up_thrust,,0.0,0.0
5897,241033,,,,,,,,,,,,,,,,,,,,,,,,,,,,,,A|Shift,movement_move_x_axis|flight_up_thrust,,0.0,0.0
5898,241100,,,,,,,,,,,,,,,,,,,,,,,,,,,,,,Shift,flight_up_thrust,,0.0,0.0
5899,241133,,,,,,,,,,,,,,,,,,,,,,,,,,,,,,Shift,flight_up_thrust,,0.0,0.0
5900,241167,,,,,,,,,,,,,,,,,,,,,,,,,,,,,,Shift,flight_up_thrust,,0.0,0.0
5901,241333,,,,,,,,,,,,,,,,,,,,,,,,,,,,,,Shift,flight_up_thrust,,0.0,0.0
5902,241367,,,,,,,,,,,,,,,,,,,,,,,,,,,,,,Shift,flight_up_thrust,,0.0,0.0
5903,241400,,,,,,,,,,,,,,,,,,,,,,,,,,,,,,Shift,flight_up_thrust,,0.0,0.0
5904,241433,,,,,,,,,,,,,,,,,,,,,,,,,,,,,,Shift,flight_up_thrust,,0.0,0.0
5905,241467,,,,,,,,,,,,,,,,,,,,,,,,,,,,,,Shift,flight_up_thrust,,0.0,0.0
5906,241533,,,,,,,,,,,,,,,,,,,,,,,,,,,,,,Shift,flight_up_thrust,,0.0,0.0
5907,241567,,,,,,,,,,,,,,,,,,,,,,,,,,,,,,Shift,flight_up_thrust,,0.0,0.0
5908,241600,,,,,,,,,,,,,,,,,,,,,,,,,,,,,,Shift,flight_up_thrust,,0.0,0.0
5909,241633,,,,,,,,,,,,,,,,,,,,,,,,,,,,,,Shift,flight_up_thrust,,0.0,0.0
5910,241667,,,,,,,,,,,,,,,,,,,,,,,,,,,,,,Shift,flight_up_thrust,,0.0,0.0
5911,241833,,,,,,,,,,,,,,,,,,,,,,,,,,,,,,,,,0.0,0.0
5912,241867,,,,,,,,,,,,,,,,,,,,,,,,,,,,,,,,,0.0,0.0
5913,241900,,,,,,,,,,,,,,,,,,,,,,,,,,,,,,,,,0.0,0.0
5914,241933,,,,,,,,,,,,,,,,,,,,,,,,,,,,,,,,,0.0,0.0
5915,241967,,,,,,,,,,,,,,,,,,,,,,,,,,,,,,,,,0.0,0.0
5916,242000,,,,,,,,,,,,,,,,,,,,,,,,,,,,,,,,,0.0,0.0
5917,242067,,,,,,,,,,,,,,,,,,,,,,,,,,,,,,,,,0.0,0.0
5918,242100,,,,,,,,,,,,,,,,,,,,,,,,,,,,,,,,,0.0,0.0
5919,242133,,,,,,,,,,,,,,,,,,,,,,,,,,,,,,,,,0.0,0.0
5920,242167,,,,,,,,,,,,,,,,,,,,,,,,,,,,,,,,,0.0,0.0
5921,242200,,,,,,,,,,,,,,,,,,,,,,,,,,,,,,,,,0.0,0.0
5922,242233,,,,,,,,,,,,,,,,,,,,,,,,,,,,,,,,,0.0,0.0
5923,242267,,,,,,,,,,,,,,,,,,,,,,,,,,,,,,,,,0.0,0.0
5924,242300,,,,,,,,,,,,,,,,,,,,,,,,,,,,,,,,,0.0,0.0
5925,242367,,,,,,,,,,,,,,,,,,,,,,,,,,,,,,,,,0.0,0.0
5926,242500,,,,,,,,,,,,,,,,,,,,,,,,,,,,,,,,,0.0,0.0
5927,242533,,,,,,,,,,,,,,,,,,,,,,,,,,,,,,,,,0.0,0.0
5928,242567,,,,,,,,,,,,,,,,,,,,,,,,,,,,,,,,,0.0,0.0
5929,242600,,,,,,,,,,,,,,,,,,,,,,,,,,,,,,,,,0.0,0.0
5930,242633,,,,,,,,,,,,,,,,,,,,,,,,,,,,,,,,,0.0,0.0
5931,242667,,,,,,,,,,,,,,,,,,,,,,,,,,,,,,,,,0.0,0.0
5932,242733,,,,,,,,,,,,,,,,,,,,,,,,,,,,,,,,,0.0,0.0
5933,242767,,,,,,,,,,,,,,,,,,,,,,,,,,,,,,,,,0.0,0.0
5934,242833,,,,,,,,,,,,,,,,,,,,,,,,,,,,,,Shift,flight_up_thrust,,0.0,0.0
5935,242867,,,,,,,,,,,,,,,,,,,,,,,,,,,,,,Shift,flight_up_thrust,,0.0,0.0
5936,242967,,,,,,,,,,,,,,,,,,,,,,,,,,,,,,Shift,flight_up_thrust,,0.0,0.0
5937,243033,,,,,,,,,,,,,,,,,,,,,,,,,,,,,,Shift,flight_up_thrust,,0.0,0.0
5938,243067,,,,,,,,,,,,,,,,,,,,,,,,,,,,,,Shift,flight_up_thrust,,0.0,0.0
5939,243200,,,,,,,,,,,,,,,,,,,,,,,,,,,,,,Shift,flight_up_thrust,,0.0,0.0
5940,243267,,,,,,,,,,,,,,,,,,,,,,,,,,,,,,Shift,flight_up_thrust,,0.0,0.0
5941,243300,,,,,,,,,,,,,,,,,,,,,,,,,,,,,,Shift,flight_up_thrust,,0.0,0.0
5942,243333,,,,,,,,,,,,,,,,,,,,,,,,,,,,,,Shift,flight_up_thrust,,0.0,0.0
5943,243367,,,,,,,,,,,,,,,,,,,,,,,,,,,,,,Shift,flight_up_thrust,,0.0,0.0
5944,243400,,,,,,,,,,,,,,,,,,,,,,,,,,,,,,Shift,flight_up_thrust,,0.0,0.0
5945,243467,,,,,,,,,,,,,,,,,,,,,,,,,,,,,,Shift,flight_up_thrust,,0.0,0.0
5946,243500,,,,,,,,,,,,,,,,,,,,,,,,,,,,,,Shift,flight_up_thrust,,0.0,0.0
5947,243533,,,,,,,,,,,,,,,,,,,,,,,,,,,,,,Shift,flight_up_thrust,,0.0,0.0
5948,243600,,,,,,,,,,,,,,,,,,,,,,,,,,,,,,Shift,flight_up_thrust,,0.0,0.0
5949,243633,,,,,,,,,,,,,,,,,,,,,,,,,,,,,,Shift,flight_up_thrust,,0.0,0.0
5950,243667,,,,,,,,,,,,,,,,,,,,,,,,,,,,,,Shift,flight_up_thrust,,0.0,0.0
5951,243700,,,,,,,,,,,,,,,,,,,,,,,,,,,,,,Shift,flight_up_thrust,,0.0,0.0
5952,243733,,,,,,,,,,,,,,,,,,,,,,,,,,,,,,Shift,flight_up_thrust,,0.0,0.0
5953,243867,,,,,,,,,,,,,,,,,,,,,,,,,,,,,,,,,0.0,0.0
5954,243900,,,,,,,,,,,,,,,,,,,,,,,,,,,,,,,,,0.0,0.0
5955,243933,,,,,,,,,,,,,,,,,,,,,,,,,,,,,,,,,0.0,0.0
5956,244000,,,,,,,,,,,,,,,,,,,,,,,,,,,,,,,,,0.0,0.0
5957,244033,,,,,,,,,,,,,,,,,,,,,,,,,,,,,,,,,0.0,0.0
5958,244067,,,,,,,,,,,,,,,,,,,,,,,,,,,,,,,,,0.0,0.0
5959,244267,,,,,,,,,,,,,,,,,,,,,,,,,,,,,,,,,0.0,0.0
5960,244300,,,,,,,,,,,,,,,,,,,,,,,,,,,,,,,,,0.0,0.0
5961,244333,,,,,,,,,,,,,,,,,,,,,,,,,,,,,,,,,0.0,0.0
5962,244367,,,,,,,,,,,,,,,,,,,,,,,,,,,,,,,,,0.0,0.0
5963,244400,,,,,,,,,,,,,,,,,,,,,,,,,,,,,,,,,0.0,0.0
5964,244433,,,,,,,,,,,,,,,,,,,,,,,,,,,,,,,,,0.0,0.0
5965,244467,,,,,,,,,,,,,,,,,,,,,,,,,,,,,,,,,0.0,0.0
5966,244500,,,,,,,,,,,,,,,,,,,,,,,,,,,,,,,,,0.0,0.0
5967,244533,,,,,,,,,,,,,,,,,,,,,,,,,,,,,,,,,0.0,0.0
5968,244567,,,,,,,,,,,,,,,,,,,,,,,,,,,,,,,,,0.0,0.0
5969,244733,,,,,,,,,,,,,,,,,,,,,,,,,,,,,,,,,0.0,0.0
5970,244767,,,,,,,,,,,,,,,,,,,,,,,,,,,,,,,,,0.0,0.0
5971,244800,,,,,,,,,,,,,,,,,,,,,,,,,,,,,,,,,0.0,0.0
5972,244967,,,,,,,,,,,,,,,,,,,,,,,,,,,,,,,,,0.0,0.0
5973,245000,,,,,,,,,,,,,,,,,,,,,,,,,,,,,,,,,0.0,0.0
5974,245033,,,,,,,,,,,,,,,,,,,,,,,,,,,,,,,,,0.0,0.0
5975,245067,,,,,,,,,,,,,,,,,,,,,,,,,,,,,,,,,0.0,0.0
5976,245133,,,,,,,,,,,,,,,,,,,,,,,,,,,,,,,,,0.0,0.0
5977,245167,,,,,,,,,,,,,,,,,,,,,,,,,,,,,,,,,0.0,0.0
5978,245200,,,,,,,,,,,,,,,,,,,,,,,,,,,,,,,,,0.0,0.0
5979,245233,,,,,,,,,,,,,,,,,,,,,,,,,,,,,,,,,0.0,0.0
5980,245267,,,,,,,,,,,,,,,,,,,,,,,,,,,,,,,,,0.0,0.0
5981,245500,,,,,,,,,,,,,,,,,,,,,,,,,,,,,,,,,0.0,0.0
5982,245533,,,,,,,,,,,,,,,,,,,,,,,,,,,,,,,,,0.0,0.0
5983,245567,,,,,,,,,,,,,,,,,,,,,,,,,,,,,,,,,0.0,0.0
5984,245600,,,,,,,,,,,,,,,,,,,,,,,,,,,,,,,,,0.0,0.0
5985,245733,,,,,,,,,,,,,,,,,,,,,,,,,,,,,,,,,0.0,0.0
5986,245767,,,,,,,,,,,,,,,,,,,,,,,,,,,,,,,,,0.0,0.0
5987,245800,,,,,,,,,,,,,,,,,,,,,,,,,,,,,,,,,0.0,0.0
5988,245867,,,,,,,,,,,,,,,,,,,,,,,,,,,,,,,,,0.0,0.0
5989,245900,,,,,,,,,,,,,,,,,,,,,,,,,,,,,,,,,0.0,0.0
5990,245933,,,,,,,,,,,,,,,,,,,,,,,,,,,,,,,,,0.0,0.0
5991,245967,,,,,,,,,,,,,,,,,,,,,,,,,,,,,,,,,0.0,0.0
5992,246000,,,,,,,,,,,,,,,,,,,,,,,,,,,,,,,,,0.0,0.0
5993,246233,,,,,,,,,,,,,,,,,,,,,,,,,,,,,,Q,general_cancel,,0.0,0.0
5994,246267,,,,,,,,,,,,,,,,,,,,,,,,,,,,,,Q,general_cancel,,0.0,0.0
5995,246300,,,,,,,,,,,,,,,,,,,,,,,,,,,,,,Q,general_cancel,,0.0,0.0
5996,246333,,,,,,,,,,,,,,,,,,,,,,,,,,,,,,Q,general_cancel,,0.0,0.0
5997,246367,,,,,,,,,,,,,,,,,,,,,,,,,,,,,,Q,general_cancel,,0.0,0.0
5998,246400,,,,,,,,,,,,,,,,,,,,,,,,,,,,,,Q,general_cancel,,0.0,0.0
5999,246433,,,,,,,,,,,,,,,,,,,,,,,,,,,,,,Q,general_cancel,,0.0,0.0
6000,246467,,,,,,,,,,,,,,,,,,,,,,,,,,,,,,,,,0.0,0.0
6001,246500,,,,,,,,,,,,,,,,,,,,,,,,,,,,,,,,,0.0,0.0
6002,246533,,,,,,,,,,,,,,,,,,,,,,,,,,,,,,,,,0.0,0.0
6003,246567,,,,,,,,,,,,,,,,,,,,,,,,,,,,,,,,,0.0,0.0
6004,246600,,,,,,,,,,,,,,,,,,,,,,,,,,,,,,,,,0.0,0.0
6005,246633,,,,,,,,,,,,,,,,,,,,,,,,,,,,,,,,,0.0,0.0
6006,246733,,,,,,,,,,,,,,,,,,,,,,,,,,,,,,,,,0.0,0.0
6007,246767,,,,,,,,,,,,,,,,,,,,,,,,,,,,,,,,,0.0,0.0
6008,246933,,,,,,,,,,,,,,,,,,,,,,,,,,,,,,Shift,flight_up_thrust,,0.0,0.0
6009,246967,,,,,,,,,,,,,,,,,,,,,,,,,,,,,,Shift,flight_up_thrust,,0.0,0.0
6010,247000,,,,,,,,,,,,,,,,,,,,,,,,,,,,,,Shift,flight_up_thrust,,0.0,0.0
6011,247033,,,,,,,,,,,,,,,,,,,,,,,,,,,,,,Shift,flight_up_thrust,,0.0,0.0
6012,247067,,,,,,,,,,,,,,,,,,,,,,,,,,,,,,Shift,flight_up_thrust,,0.0,0.0
6013,247100,,,,,,,,,,,,,,,,,,,,,,,,,,,,,,Shift,flight_up_thrust,,0.0,0.0
6014,247133,,,,,,,,,,,,,,,,,,,,,,,,,,,,,,Shift,flight_up_thrust,,0.0,0.0
6015,247167,,,,,,,,,,,,,,,,,,,,,,,,,,,,,,Shift,flight_up_thrust,,0.0,0.0
6016,247200,,,,,,,,,,,,,,,,,,,,,,,,,,,,,,Shift,flight_up_thrust,,0.0,0.0
6017,247300,,,,,,,,,,,,,,,,,,,,,,,,,,,,,,Shift,flight_up_thrust,,0.0,0.0
6018,247333,,,,,,,,,,,,,,,,,,,,,,,,,,,,,,Shift,flight_up_thrust,,0.0,0.0
6019,247367,,,,,,,,,,,,,,,,,,,,,,,,,,,,,,Shift,flight_up_thrust,,0.0,0.0
6020,247400,,,,,,,,,,,,,,,,,,,,,,,,,,,,,,Shift,flight_up_thrust,,0.0,0.0
6021,247467,,,,,,,,,,,,,,,,,,,,,,,,,,,,,,Shift,flight_up_thrust,,0.0,0.0
6022,247500,,,,,,,,,,,,,,,,,,,,,,,,,,,,,,Shift,flight_up_thrust,,0.0,0.0
6023,247533,,,,,,,,,,,,,,,,,,,,,,,,,,,,,,Shift,flight_up_thrust,,0.0,0.0
6024,247567,,,,,,,,,,,,,,,,,,,,,,,,,,,,,,Shift,flight_up_thrust,,0.0,0.0
6025,247600,,,,,,,,,,,,,,,,,,,,,,,,,,,,,,Shift,flight_up_thrust,,0.0,0.0
6026,247633,,,,,,,,,,,,,,,,,,,,,,,,,,,,,,Shift,flight_up_thrust,,0.0,0.0
6027,247667,,,,,,,,,,,,,,,,,,,,,,,,,,,,,,Shift,flight_up_thrust,,0.0,0.0
6028,247700,,,,,,,,,,,,,,,,,,,,,,,,,,,,,,Shift|W,movement_move_y_axis|flight_up_thrust,,0.0,0.0
6029,247933,,,,,,,,,,,,,,,,,,,,,,,,,,,,,,Shift|W,movement_move_y_axis|flight_up_thrust,,0.0,0.0
6030,247967,,,,,,,,,,,,,,,,,,,,,,,,,,,,,,Shift|W,movement_move_y_axis|flight_up_thrust,,0.0,0.0
6031,248000,,,,,,,,,,,,,,,,,,,,,,,,,,,,,,Shift|W,movement_move_y_axis|flight_up_thrust,,0.0,0.0
6032,248033,,,,,,,,,,,,,,,,,,,,,,,,,,,,,,Shift|W,movement_move_y_axis|flight_up_thrust,,0.0,0.0
6033,248133,,,,,,,,,,,,,,,,,,,,,,,,,,,,,,Shift|W,movement_move_y_axis|flight_up_thrust,,0.0,0.0
6034,248167,,,,,,,,,,,,,,,,,,,,,,,,,,,,,,Shift|W,movement_move_y_axis|flight_up_thrust,,0.0,0.0
6035,248200,,,,,,,,,,,,,,,,,,,,,,,,,,,,,,Shift|W,movement_move_y_axis|flight_up_thrust,,0.0,0.0
6036,248233,,,,,,,,,,,,,,,,,,,,,,,,,,,,,,W,movement_move_y_axis,,0.0,0.0
6037,248267,,,,,,,,,,,,,,,,,,,,,,,,,,,,,,W,movement_move_y_axis,,0.0,0.0
6038,248300,,,,,,,,,,,,,,,,,,,,,,,,,,,,,,W,movement_move_y_axis,,0.0,0.0
6039,248333,,,,,,,,,,,,,,,,,,,,,,,,,,,,,,W,movement_move_y_axis,,0.0,0.0
6040,248367,,,,,,,,,,,,,,,,,,,,,,,,,,,,,,,,,0.0,0.0
6041,248400,,,,,,,,,,,,,,,,,,,,,,,,,,,,,,,,,0.0,0.0
6042,248433,,,,,,,,,,,,,,,,,,,,,,,,,,,,,,,,,0.0,0.0
6043,248500,,,,,,,,,,,,,,,,,,,,,,,,,,,,,,,,,0.0,0.0
6044,248533,,,,,,,,,,,,,,,,,,,,,,,,,,,,,,,,,0.0,0.0
6045,248567,,,,,,,,,,,,,,,,,,,,,,,,,,,,,,Shift,flight_up_thrust,,0.0,0.0
6046,248733,,,,,,,,,,,,,,,,,,,,,,,,,,,,,,Shift,flight_up_thrust,,0.0,0.0
6047,248767,,,,,,,,,,,,,,,,,,,,,,,,,,,,,,Shift,flight_up_thrust,,0.0,0.0
6048,248800,,,,,,,,,,,,,,,,,,,,,,,,,,,,,,Shift,flight_up_thrust,,0.0,0.0
6049,248833,,,,,,,,,,,,,,,,,,,,,,,,,,,,,,Shift,flight_up_thrust,,0.0,0.0
6050,248867,,,,,,,,,,,,,,,,,,,,,,,,,,,,,,Shift,flight_up_thrust,,0.0,0.0
6051,248900,,,,,,,,,,,,,,,,,,,,,,,,,,,,,,Shift,flight_up_thrust,,0.0,0.0
6052,248933,,,,,,,,,,,,,,,,,,,,,,,,,,,,,,Shift,flight_up_thrust,,0.0,0.0
6053,248967,,,,,,,,,,,,,,,,,,,,,,,,,,,,,,Shift,flight_up_thrust,,0.0,0.0
6054,249000,,,,,,,,,,,,,,,,,,,,,,,,,,,,,,Shift,flight_up_thrust,,0.0,0.0
6055,249033,,,,,,,,,,,,,,,,,,,,,,,,,,,,,,Shift,flight_up_thrust,,0.0,0.0
6056,249067,,,,,,,,,,,,,,,,,,,,,,,,,,,,,,Shift,flight_up_thrust,,0.0,0.0
6057,249200,,,,,,,,,,,,,,,,,,,,,,,,,,,,,,Shift,flight_up_thrust,,0.0,0.0
6058,249233,,,,,,,,,,,,,,,,,,,,,,,,,,,,,,Shift,flight_up_thrust,,0.0,0.0
6059,249267,,,,,,,,,,,,,,,,,,,,,,,,,,,,,,Shift,flight_up_thrust,,0.0,0.0
6060,249333,,,,,,,,,,,,,,,,,,,,,,,,,,,,,,Shift,flight_up_thrust,,0.0,0.0
6061,249367,,,,,,,,,,,,,,,,,,,,,,,,,,,,,,Shift,flight_up_thrust,,0.0,0.0
6062,249400,,,,,,,,,,,,,,,,,,,,,,,,,,,,,,Shift,flight_up_thrust,,0.0,0.0
6063,249433,,,,,,,,,,,,,,,,,,,,,,,,,,,,,,,,,0.0,0.0
6064,249467,,,,,,,,,,,,,,,,,,,,,,,,,,,,,,,,,0.0,0.0
6065,249500,,,,,,,,,,,,,,,,,,,,,,,,,,,,,,,,,0.0,0.0
6066,249533,,,,,,,,,,,,,,,,,,,,,,,,,,,,,,,,,0.0,0.0
6067,249567,,,,,,,,,,,,,,,,,,,,,,,,,,,,,,S,movement_move_y_axis,,0.0,0.0
6068,249600,,,,,,,,,,,,,,,,,,,,,,,,,,,,,,S,movement_move_y_axis,,0.0,0.0
6069,249667,,,,,,,,,,,,,,,,,,,,,,,,,,,,,,S,movement_move_y_axis,,0.0,0.0
6070,249700,,,,,,,,,,,,,,,,,,,,,,,,,,,,,,S,movement_move_y_axis,,0.0,0.0
6071,249833,,,,,,,,,,,,,,,,,,,,,,,,,,,,,,S,movement_move_y_axis,,0.0,0.0
6072,249867,,,,,,,,,,,,,,,,,,,,,,,,,,,,,,S,movement_move_y_axis,,0.0,0.0
6073,249967,,,,,,,,,,,,,,,,,,,,,,,,,,,,,,S,movement_move_y_axis,,0.0,0.0
6074,250000,,,,,,,,,,,,,,,,,,,,,,,,,,,,,,S,movement_move_y_axis,,0.0,0.0
6075,250033,,,,,,,,,,,,,,,,,,,,,,,,,,,,,,S,movement_move_y_axis,,0.0,0.0
6076,250067,,,,,,,,,,,,,,,,,,,,,,,,,,,,,,S,movement_move_y_axis,,0.0,0.0
6077,250167,,,,,,,,,,,,,,,,,,,,,,,,,,,,,,S,movement_move_y_axis,,0.0,0.0
6078,250200,,,,,,,,,,,,,,,,,,,,,,,,,,,,,,S,movement_move_y_axis,,0.0,0.0
6079,250400,,,,,,,,,,,,,,,,,,,,,,,,,,,,,,S,movement_move_y_axis,,0.0,0.0
6080,250433,,,,,,,,,,,,,,,,,,,,,,,,,,,,,,S,movement_move_y_axis,,0.0,0.0
6081,250467,,,,,,,,,,,,,,,,,,,,,,,,,,,,,,S,movement_move_y_axis,,0.0,0.0
6082,250500,,,,,,,,,,,,,,,,,,,,,,,,,,,,,,S,movement_move_y_axis,,0.0,0.0
6083,250533,,,,,,,,,,,,,,,,,,,,,,,,,,,,,,S,movement_move_y_axis,,0.0,0.0
6084,250567,,,,,,,,,,,,,,,,,,,,,,,,,,,,,,S,movement_move_y_axis,,0.0,0.0
6085,250600,,,,,,,,,,,,,,,,,,,,,,,,,,,,,,S,movement_move_y_axis,,0.0,0.0
6086,250633,,,,,,,,,,,,,,,,,,,,,,,,,,,,,,S,movement_move_y_axis,,0.0,0.0
6087,250667,,,,,,,,,,,,,,,,,,,,,,,,,,,,,,S,movement_move_y_axis,,0.0,0.0
6088,250700,,,,,,,,,,,,,,,,,,,,,,,,,,,,,,S,movement_move_y_axis,,0.0,0.0
6089,251100,,,,,,,,,,,,,,,,,,,,,,,,,,,,,,A|Shift,movement_move_x_axis|flight_up_thrust,,0.0,0.0
6090,251133,,,,,,,,,,,,,,,,,,,,,,,,,,,,,,A|Shift,movement_move_x_axis|flight_up_thrust,,0.0,0.0
6091,251167,,,,,,,,,,,,,,,,,,,,,,,,,,,,,,A|Shift,movement_move_x_axis|flight_up_thrust,,0.0,0.0
6092,251200,,,,,,,,,,,,,,,,,,,,,,,,,,,,,,A|Shift,movement_move_x_axis|flight_up_thrust,,0.0,0.0
6093,251233,,,,,,,,,,,,,,,,,,,,,,,,,,,,,,A|Shift,movement_move_x_axis|flight_up_thrust,,0.0,0.0
6094,251267,,,,,,,,,,,,,,,,,,,,,,,,,,,,,,A|Shift,movement_move_x_axis|flight_up_thrust,,0.0,0.0
6095,251300,,,,,,,,,,,,,,,,,,,,,,,,,,,,,,A|Shift,movement_move_x_axis|flight_up_thrust,,0.0,0.0
6096,251333,,,,,,,,,,,,,,,,,,,,,,,,,,,,,,Shift,flight_up_thrust,,0.0,0.0
6097,251367,,,,,,,,,,,,,,,,,,,,,,,,,,,,,,Shift,flight_up_thrust,,0.0,0.0
6098,251400,,,,,,,,,,,,,,,,,,,,,,,,,,,,,,Shift,flight_up_thrust,,0.0,0.0
6099,251433,,,,,,,,,,,,,,,,,,,,,,,,,,,,,,Shift,flight_up_thrust,,0.0,0.0
6100,251467,,,,,,,,,,,,,,,,,,,,,,,,,,,,,,Shift,flight_up_thrust,,0.0,0.0
6101,251500,,,,,,,,,,,,,,,,,,,,,,,,,,,,,,Shift,flight_up_thrust,,0.0,0.0
6102,251533,,,,,,,,,,,,,,,,,,,,,,,,,,,,,,Shift,flight_up_thrust,,0.0,0.0
6103,251800,,,,,,,,,,,,,,,,,,,,,,,,,,,,,,D|Shift|W,movement_move_x_axis|movement_move_y_axis|flight_up_thrust,,0.0,0.0
6104,251833,,,,,,,,,,,,,,,,,,,,,,,,,,,,,,D|Shift|W,movement_move_x_axis|movement_move_y_axis|flight_up_thrust,,0.0,0.0
6105,251867,,,,,,,,,,,,,,,,,,,,,,,,,,,,,,D|Shift|W,movement_move_x_axis|movement_move_y_axis|flight_up_thrust,,0.0,0.0
6106,251900,,,,,,,,,,,,,,,,,,,,,,,,,,,,,,D|Shift|W,movement_move_x_axis|movement_move_y_axis|flight_up_thrust,,0.0,0.0
6107,251933,,,,,,,,,,,,,,,,,,,,,,,,,,,,,,D|Shift|W,movement_move_x_axis|movement_move_y_axis|flight_up_thrust,,0.0,0.0
6108,251967,,,,,,,,,,,,,,,,,,,,,,,,,,,,,,D|Shift|W,movement_move_x_axis|movement_move_y_axis|flight_up_thrust,,0.0,0.0
6109,252000,,,,,,,,,,,,,,,,,,,,,,,,,,,,,,D|Shift|W,movement_move_x_axis|movement_move_y_axis|flight_up_thrust,,0.0,0.0
6110,252033,,,,,,,,,,,,,,,,,,,,,,,,,,,,,,D|Shift,movement_move_x_axis|flight_up_thrust,,0.0,0.0
6111,252067,,,,,,,,,,,,,,,,,,,,,,,,,,,,,,Shift,flight_up_thrust,,0.0,0.0
6112,252100,,,,,,,,,,,,,,,,,,,,,,,,,,,,,,Shift,flight_up_thrust,,0.0,0.0
6113,252133,,,,,,,,,,,,,,,,,,,,,,,,,,,,,,Shift,flight_up_thrust,,0.0,0.0
6114,252167,,,,,,,,,,,,,,,,,,,,,,,,,,,,,,Shift,flight_up_thrust,,0.0,0.0
6115,252200,,,,,,,,,,,,,,,,,,,,,,,,,,,,,,D|Shift,movement_move_x_axis|flight_up_thrust,,0.0,0.0
6116,252467,,,,,,,,,,,,,,,,,,,,,,,,,,,,,,D|Shift,movement_move_x_axis|flight_up_thrust,,0.0,0.0
6117,252500,,,,,,,,,,,,,,,,,,,,,,,,,,,,,,D|Shift,movement_move_x_axis|flight_up_thrust,,0.0,0.0
6118,252533,,,,,,,,,,,,,,,,,,,,,,,,,,,,,,D|Shift,movement_move_x_axis|flight_up_thrust,,0.0,0.0
6119,252567,,,,,,,,,,,,,,,,,,,,,,,,,,,,,,D|Shift,movement_move_x_axis|flight_up_thrust,,0.0,0.0
6120,252600,,,,,,,,,,,,,,,,,,,,,,,,,,,,,,D|Shift,movement_move_x_axis|flight_up_thrust,,0.0,0.0
6121,252633,,,,,,,,,,,,,,,,,,,,,,,,,,,,,,D|Shift,movement_move_x_axis|flight_up_thrust,,0.0,0.0
6122,252667,,,,,,,,,,,,,,,,,,,,,,,,,,,,,,D|Shift,movement_move_x_axis|flight_up_thrust,,0.0,0.0
6123,252700,,,,,,,,,,,,,,,,,,,,,,,,,,,,,,D|Shift,movement_move_x_axis|flight_up_thrust,,0.0,0.0
6124,252733,,,,,,,,,,,,,,,,,,,,,,,,,,,,,,D|Shift,movement_move_x_axis|flight_up_thrust,,0.0,0.0
6125,252800,,,,,,,,,,,,,,,,,,,,,,,,,,,,,,D|Shift,movement_move_x_axis|flight_up_thrust,,0.0,0.0
6126,252833,,,,,,,,,,,,,,,,,,,,,,,,,,,,,,Shift,flight_up_thrust,,0.0,0.0
6127,252867,,,,,,,,,,,,,,,,,,,,,,,,,,,,,,Shift,flight_up_thrust,,0.0,0.0
6128,253033,,,,,,,,,,,,,,,,,,,,,,,,,,,,,,Shift|W,movement_move_y_axis|flight_up_thrust,,0.0,0.0
6129,253067,,,,,,,,,,,,,,,,,,,,,,,,,,,,,,Shift|W,movement_move_y_axis|flight_up_thrust,,0.0,0.0
6130,253100,,,,,,,,,,,,,,,,,,,,,,,,,,,,,,Shift|W,movement_move_y_axis|flight_up_thrust,,0.0,0.0
6131,253200,,,,,,,,,,,,,,,,,,,,,,,,,,,,,,Shift|W,movement_move_y_axis|flight_up_thrust,,0.0,0.0
6132,253233,,,,,,,,,,,,,,,,,,,,,,,,,,,,,,Shift|W,movement_move_y_axis|flight_up_thrust,,0.0,0.0
6133,253367,,,,,,,,,,,,,,,,,,,,,,,,,,,,,,,,,0.0,0.0
6134,253400,,,,,,,,,,,,,,,,,,,,,,,,,,,,,,,,,0.0,0.0
6135,253467,,,,,,,,,,,,,,,,,,,,,,,,,,,,,,,,,0.0,0.0
6136,253500,,,,,,,,,,,,,,,,,,,,,,,,,,,,,,,,,0.0,0.0
6137,253533,,,,,,,,,,,,,,,,,,,,,,,,,,,,,,,,,0.0,0.0
6138,253600,,,,,,,,,,,,,,,,,,,,,,,,,,,,,,,,,0.0,0.0
6139,253633,,,,,,,,,,,,,,,,,,,,,,,,,,,,,,,,,0.0,0.0
6140,253667,,,,,,,,,,,,,,,,,,,,,,,,,,,,,,,,,0.0,0.0
6141,253900,,,,,,,,,,,,,,,,,,,,,,,,,,,,,,,,,0.0,0.0
6142,253933,,,,,,,,,,,,,,,,,,,,,,,,,,,,,,,,,0.0,0.0
6143,253967,,,,,,,,,,,,,,,,,,,,,,,,,,,,,,,,,0.0,0.0
6144,254167,,,,,,,,,,,,,,,,,,,,,,,,,,,,,,,,,0.0,0.0
6145,254200,,,,,,,,,,,,,,,,,,,,,,,,,,,,,,,,,0.0,0.0
6146,254233,,,,,,,,,,,,,,,,,,,,,,,,,,,,,,,,,0.0,0.0
6147,254267,,,,,,,,,,,,,,,,,,,,,,,,,,,,,,,,,0.0,0.0
6148,254333,,,,,,,,,,,,,,,,,,,,,,,,,,,,,,,,,0.0,0.0
6149,254367,,,,,,,,,,,,,,,,,,,,,,,,,,,,,,,,,0.0,0.0
6150,254400,,,,,,,,,,,,,,,,,,,,,,,,,,,,,,,,,0.0,0.0
6151,254433,,,,,,,,,,,,,,,,,,,,,,,,,,,,,,,,,0.0,0.0
6152,254467,,,,,,,,,,,,,,,,,,,,,,,,,,,,,,,,,0.0,0.0
6153,254567,,,,,,,,,,,,,,,,,,,,,,,,,,,,,,,,,0.0,0.0
6154,254600,,,,,,,,,,,,,,,,,,,,,,,,,,,,,,,,,0.0,0.0
6155,254667,,,,,,,,,,,,,,,,,,,,,,,,,,,,,,Q,general_cancel,,0.0,0.0
6156,254700,,,,,,,,,,,,,,,,,,,,,,,,,,,,,,Q,general_cancel,,0.0,0.0
6157,254733,,,,,,,,,,,,,,,,,,,,,,,,,,,,,,Q,general_cancel,,0.0,0.0
6158,254867,,,,,,,,,,,,,,,,,,,,,,,,,,,,,,,,,0.0,0.0
6159,254900,,,,,,,,,,,,,,,,,,,,,,,,,,,,,,,,,0.0,0.0
6160,255067,,,,,,,,,,,,,,,,,,,,,,,,,,,,,,,,,0.0,0.0
6161,255100,,,,,,,,,,,,,,,,,,,,,,,,,,,,,,,,,0.0,0.0
6162,255133,,,,,,,,,,,,,,,,,,,,,,,,,,,,,,,,,0.0,0.0
6163,255167,,,,,,,,,,,,,,,,,,,,,,,,,,,,,,,,,0.0,0.0
6164,255200,,,,,,,,,,,,,,,,,,,,,,,,,,,,,,,,,0.0,0.0
6165,255233,,,,,,,,,,,,,,,,,,,,,,,,,,,,,,,,,0.0,0.0
6166,255267,,,,,,,,,,,,,,,,,,,,,,,,,,,,,,,,,0.0,0.0
6167,255333,,,,,,,,,,,,,,,,,,,,,,,,,,,,,,,,,0.0,0.0
6168,255367,,,,,,,,,,,,,,,,,,,,,,,,,,,,,,,,,0.0,0.0
6169,255400,,,,,,,,,,,,,,,,,,,,,,,,,,,,,,,,,0.0,0.0
6170,255600,,,,,,,,,,,,,,,,,,,,,,,,,,,,,,,,,0.0,0.0
6171,255633,,,,,,,,,,,,,,,,,,,,,,,,,,,,,,Shift,flight_up_thrust,,0.0,0.0
6172,255667,,,,,,,,,,,,,,,,,,,,,,,,,,,,,,Shift,flight_up_thrust,,0.0,0.0
6173,255700,,,,,,,,,,,,,,,,,,,,,,,,,,,,,,Shift,flight_up_thrust,,0.0,0.0
6174,255733,,,,,,,,,,,,,,,,,,,,,,,,,,,,,,Shift,flight_up_thrust,,0.0,0.0
6175,255767,,,,,,,,,,,,,,,,,,,,,,,,,,,,,,Shift,flight_up_thrust,,0.0,0.0
6176,255833,,,,,,,,,,,,,,,,,,,,,,,,,,,,,,Shift,flight_up_thrust,,0.0,0.0
6177,255867,,,,,,,,,,,,,,,,,,,,,,,,,,,,,,Shift,flight_up_thrust,,0.0,0.0
6178,255900,,,,,,,,,,,,,,,,,,,,,,,,,,,,,,Shift,flight_up_thrust,,0.0,0.0
6179,255933,,,,,,,,,,,,,,,,,,,,,,,,,,,,,,Shift,flight_up_thrust,,0.0,0.0
6180,255967,,,,,,,,,,,,,,,,,,,,,,,,,,,,,,Shift,flight_up_thrust,,0.0,0.0
6181,256000,,,,,,,,,,,,,,,,,,,,,,,,,,,,,,Shift,flight_up_thrust,,0.0,0.0
6182,256033,,,,,,,,,,,,,,,,,,,,,,,,,,,,,,Shift,flight_up_thrust,,0.0,0.0
6183,256233,,,,,,,,,,,,,,,,,,,,,,,,,,,,,,Shift|W,movement_move_y_axis|flight_up_thrust,,0.0,0.0
6184,256267,,,,,,,,,,,,,,,,,,,,,,,,,,,,,,Shift|W,movement_move_y_axis|flight_up_thrust,,0.0,0.0
6185,256300,,,,,,,,,,,,,,,,,,,,,,,,,,,,,,Shift|W,movement_move_y_axis|flight_up_thrust,,0.0,0.0
6186,256333,,,,,,,,,,,,,,,,,,,,,,,,,,,,,,Shift|W,movement_move_y_axis|flight_up_thrust,,0.0,0.0
6187,256367,,,,,,,,,,,,,,,,,,,,,,,,,,,,,,Shift|W,movement_move_y_axis|flight_up_thrust,,0.0,0.0
6188,256400,,,,,,,,,,,,,,,,,,,,,,,,,,,,,,Shift|W,movement_move_y_axis|flight_up_thrust,,0.0,0.0
6189,256433,,,,,,,,,,,,,,,,,,,,,,,,,,,,,,Shift|W,movement_move_y_axis|flight_up_thrust,,0.0,0.0
6190,256467,,,,,,,,,,,,,,,,,,,,,,,,,,,,,,Shift|W,movement_move_y_axis|flight_up_thrust,,0.0,0.0
6191,256500,,,,,,,,,,,,,,,,,,,,,,,,,,,,,,Shift|W,movement_move_y_axis|flight_up_thrust,,0.0,0.0
6192,256533,,,,,,,,,,,,,,,,,,,,,,,,,,,,,,Shift|W,movement_move_y_axis|flight_up_thrust,,0.0,0.0
6193,256600,,,,,,,,,,,,,,,,,,,,,,,,,,,,,,Shift|W,movement_move_y_axis|flight_up_thrust,,0.0,0.0
6194,256633,,,,,,,,,,,,,,,,,,,,,,,,,,,,,,Shift,flight_up_thrust,,0.0,0.0
6195,256667,,,,,,,,,,,,,,,,,,,,,,,,,,,,,,Shift,flight_up_thrust,,0.0,0.0
6196,256700,,,,,,,,,,,,,,,,,,,,,,,,,,,,,,Shift,flight_up_thrust,,0.0,0.0
6197,256733,,,,,,,,,,,,,,,,,,,,,,,,,,,,,,Shift,flight_up_thrust,,0.0,0.0
6198,256767,,,,,,,,,,,,,,,,,,,,,,,,,,,,,,Shift,flight_up_thrust,,0.0,0.0
6199,256933,,,,,,,,,,,,,,,,,,,,,,,,,,,,,,Shift,flight_up_thrust,,0.0,0.0
6200,256967,,,,,,,,,,,,,,,,,,,,,,,,,,,,,,Shift,flight_up_thrust,,0.0,0.0
6201,257000,,,,,,,,,,,,,,,,,,,,,,,,,,,,,,Shift,flight_up_thrust,,0.0,0.0
6202,257033,,,,,,,,,,,,,,,,,,,,,,,,,,,,,,Shift,flight_up_thrust,,0.0,0.0
6203,257067,,,,,,,,,,,,,,,,,,,,,,,,,,,,,,Shift,flight_up_thrust,,0.0,0.0
6204,257100,,,,,,,,,,,,,,,,,,,,,,,,,,,,,,Shift,flight_up_thrust,,0.0,0.0
6205,257133,,,,,,,,,,,,,,,,,,,,,,,,,,,,,,Shift,flight_up_thrust,,0.0,0.0
6206,257167,,,,,,,,,,,,,,,,,,,,,,,,,,,,,,,,,0.0,0.0
6207,257200,,,,,,,,,,,,,,,,,,,,,,,,,,,,,,,,,0.0,0.0
6208,257233,,,,,,,,,,,,,,,,,,,,,,,,,,,,,,,,,0.0,0.0
6209,257300,,,,,,,,,,,,,,,,,,,,,,,,,,,,,,,,,0.0,0.0
6210,257333,,,,,,,,,,,,,,,,,,,,,,,,,,,,,,,,,0.0,0.0
6211,257500,,,,,,,,,,,,,,,,,,,,,,,,,,,,,,Shift,flight_up_thrust,,0.0,0.0
6212,257533,,,,,,,,,,,,,,,,,,,,,,,,,,,,,,Shift,flight_up_thrust,,0.0,0.0
6213,257567,,,,,,,,,,,,,,,,,,,,,,,,,,,,,,Shift,flight_up_thrust,,0.0,0.0
6214,257600,,,,,,,,,,,,,,,,,,,,,,,,,,,,,,Shift,flight_up_thrust,,0.0,0.0
6215,257667,,,,,,,,,,,,,,,,,,,,,,,,,,,,,,Shift,flight_up_thrust,,0.0,0.0
6216,257700,,,,,,,,,,,,,,,,,,,,,,,,,,,,,,Shift,flight_up_thrust,,0.0,0.0
6217,257767,,,,,,,,,,,,,,,,,,,,,,,,,,,,,,Shift,flight_up_thrust,,0.0,0.0
6218,257800,,,,,,,,,,,,,,,,,,,,,,,,,,,,,,Shift,flight_up_thrust,,0.0,0.0
6219,257833,,,,,,,,,,,,,,,,,,,,,,,,,,,,,,Shift,flight_up_thrust,,0.0,0.0
6220,257867,,,,,,,,,,,,,,,,,,,,,,,,,,,,,,Shift,flight_up_thrust,,0.0,0.0
6221,257900,,,,,,,,,,,,,,,,,,,,,,,,,,,,,,Shift,flight_up_thrust,,0.0,0.0
6222,257933,,,,,,,,,,,,,,,,,,,,,,,,,,,,,,,,,0.0,0.0
6223,258000,,,,,,,,,,,,,,,,,,,,,,,,,,,,,,,,,0.0,0.0
6224,258033,,,,,,,,,,,,,,,,,,,,,,,,,,,,,,,,,0.0,0.0
6225,258133,,,,,,,,,,,,,,,,,,,,,,,,,,,,,,S,movement_move_y_axis,,0.0,0.0
6226,258167,,,,,,,,,,,,,,,,,,,,,,,,,,,,,,S,movement_move_y_axis,,0.0,0.0
6227,258233,,,,,,,,,,,,,,,,,,,,,,,,,,,,,,S,movement_move_y_axis,,0.0,0.0
6228,258267,,,,,,,,,,,,,,,,,,,,,,,,,,,,,,S,movement_move_y_axis,,0.0,0.0
6229,258400,,,,,,,,,,,,,,,,,,,,,,,,,,,,,,,,,0.0,0.0
6230,258433,,,,,,,,,,,,,,,,,,,,,,,,,,,,,,,,,0.0,0.0
6231,258500,,,,,,,,,,,,,,,,,,,,,,,,,,,,,,,,,0.0,0.0
6232,258533,,,,,,,,,,,,,,,,,,,,,,,,,,,,,,,,,0.0,0.0
6233,258567,,,,,,,,,,,,,,,,,,,,,,,,,,,,,,,,,0.0,0.0
6234,258700,,,,,,,,,,,,,,,,,,,,,,,,,,,,,,,,,0.0,0.0
6235,258733,,,,,,,,,,,,,,,,,,,,,,,,,,,,,,,,,0.0,0.0
6236,258767,,,,,,,,,,,,,,,,,,,,,,,,,,,,,,,,,0.0,0.0
6237,258800,,,,,,,,,,,,,,,,,,,,,,,,,,,,,,,,,0.0,0.0
6238,258900,,,,,,,,,,,,,,,,,,,,,,,,,,,,,,,,,0.0,0.0
6239,258933,,,,,,,,,,,,,,,,,,,,,,,,,,,,,,Shift,flight_up_thrust,,0.0,0.0
6240,258967,,,,,,,,,,,,,,,,,,,,,,,,,,,,,,Shift,flight_up_thrust,,0.0,0.0
6241,259000,,,,,,,,,,,,,,,,,,,,,,,,,,,,,,Shift,flight_up_thrust,,0.0,0.0
6242,259100,,,,,,,,,,,,,,,,,,,,,,,,,,,,,,Shift,flight_up_thrust,,0.0,0.0
6243,259133,,,,,,,,,,,,,,,,,,,,,,,,,,,,,,,,,0.0,0.0
6244,259167,,,,,,,,,,,,,,,,,,,,,,,,,,,,,,,,,0.0,0.0
6245,259200,,,,,,,,,,,,,,,,,,,,,,,,,,,,,,,,,0.0,0.0
6246,259267,,,,,,,,,,,,,,,,,,,,,,,,,,,,,,,,,0.0,0.0
6247,259300,,,,,,,,,,,,,,,,,,,,,,,,,,,,,,,,,0.0,0.0
6248,259333,,,,,,,,,,,,,,,,,,,,,,,,,,,,,,Shift,flight_up_thrust,,0.0,0.0
6249,259367,,,,,,,,,,,,,,,,,,,,,,,,,,,,,,Shift,flight_up_thrust,,0.0,0.0
6250,259467,,,,,,,,,,,,,,,,,,,,,,,,,,,,,,Shift,flight_up_thrust,,0.0,0.0
6251,259500,,,,,,,,,,,,,,,,,,,,,,,,,,,,,,Shift,flight_up_thrust,,0.0,0.0
6252,259533,,,,,,,,,,,,,,,,,,,,,,,,,,,,,,Shift,flight_up_thrust,,0.0,0.0
6253,259567,,,,,,,,,,,,,,,,,,,,,,,,,,,,,,Shift,flight_up_thrust,,0.0,0.0
6254,259600,,,,,,,,,,,,,,,,,,,,,,,,,,,,,,Shift,flight_up_thrust,,0.0,0.0
6255,259700,,,,,,,,,,,,,,,,,,,,,,,,,,,,,,Shift,flight_up_thrust,,0.0,0.0
6256,259733,,,,,,,,,,,,,,,,,,,,,,,,,,,,,,Shift,flight_up_thrust,,0.0,0.0
6257,259867,,,,,,,,,,,,,,,,,,,,,,,,,,,,,,Shift,flight_up_thrust,,0.0,0.0
6258,259900,,,,,,,,,,,,,,,,,,,,,,,,,,,,,,Shift,flight_up_thrust,,0.0,0.0
6259,259933,,,,,,,,,,,,,,,,,,,,,,,,,,,,,,Shift,flight_up_thrust,,0.0,0.0
6260,259967,,,,,,,,,,,,,,,,,,,,,,,,,,,,,,Shift,flight_up_thrust,,0.0,0.0
6261,260000,,,,,,,,,,,,,,,,,,,,,,,,,,,,,,Shift,flight_up_thrust,,0.0,0.0
6262,260033,,,,,,,,,,,,,,,,,,,,,,,,,,,,,,Shift,flight_up_thrust,,0.0,0.0
6263,260067,,,,,,,,,,,,,,,,,,,,,,,,,,,,,,Shift,flight_up_thrust,,0.0,0.0
6264,260100,,,,,,,,,,,,,,,,,,,,,,,,,,,,,,Shift,flight_up_thrust,,0.0,0.0
6265,260167,,,,,,,,,,,,,,,,,,,,,,,,,,,,,,Shift,flight_up_thrust,,0.0,0.0
6266,260200,,,,,,,,,,,,,,,,,,,,,,,,,,,,,,Shift,flight_up_thrust,,0.0,0.0
6267,260233,,,,,,,,,,,,,,,,,,,,,,,,,,,,,,Shift,flight_up_thrust,,0.0,0.0
6268,260267,,,,,,,,,,,,,,,,,,,,,,,,,,,,,,Shift,flight_up_thrust,,0.0,0.0
6269,260367,,,,,,,,,,,,,,,,,,,,,,,,,,,,,,Shift,flight_up_thrust,,0.0,0.0
6270,260400,,,,,,,,,,,,,,,,,,,,,,,,,,,,,,Shift,flight_up_thrust,,0.0,0.0
6271,260567,,,,,,,,,,,,,,,,,,,,,,,,,,,,,,Shift,flight_up_thrust,,0.0,0.0
6272,260600,,,,,,,,,,,,,,,,,,,,,,,,,,,,,,Shift,flight_up_thrust,,0.0,0.0
6273,260633,,,,,,,,,,,,,,,,,,,,,,,,,,,,,,Shift,flight_up_thrust,,0.0,0.0
6274,260667,,,,,,,,,,,,,,,,,,,,,,,,,,,,,,Shift,flight_up_thrust,,0.0,0.0
6275,260733,,,,,,,,,,,,,,,,,,,,,,,,,,,,,,Shift,flight_up_thrust,,0.0,0.0
6276,260767,,,,,,,,,,,,,,,,,,,,,,,,,,,,,,Shift,flight_up_thrust,,0.0,0.0
6277,260800,,,,,,,,,,,,,,,,,,,,,,,,,,,,,,Shift,flight_up_thrust,,0.0,0.0
6278,260833,,,,,,,,,,,,,,,,,,,,,,,,,,,,,,Shift,flight_up_thrust,,0.0,0.0
6279,260867,,,,,,,,,,,,,,,,,,,,,,,,,,,,,,Shift,flight_up_thrust,,0.0,0.0
6280,260900,,,,,,,,,,,,,,,,,,,,,,,,,,,,,,Shift,flight_up_thrust,,0.0,0.0
6281,260933,,,,,,,,,,,,,,,,,,,,,,,,,,,,,,Shift,flight_up_thrust,,0.0,0.0
6282,261067,,,,,,,,,,,,,,,,,,,,,,,,,,,,,,Shift,flight_up_thrust,,0.0,0.0
6283,261100,,,,,,,,,,,,,,,,,,,,,,,,,,,,,,Shift,flight_up_thrust,,0.0,0.0
6284,261133,,,,,,,,,,,,,,,,,,,,,,,,,,,,,,Shift,flight_up_thrust,,0.0,0.0
6285,261167,,,,,,,,,,,,,,,,,,,,,,,,,,,,,,Shift,flight_up_thrust,,0.0,0.0
6286,261267,,,,,,,,,,,,,,,,,,,,,,,,,,,,,,Shift,flight_up_thrust,,0.0,0.0
6287,261300,,,,,,,,,,,,,,,,,,,,,,,,,,,,,,Shift,flight_up_thrust,,0.0,0.0
6288,261333,,,,,,,,,,,,,,,,,,,,,,,,,,,,,,Shift,flight_up_thrust,,0.0,0.0
6289,261367,,,,,,,,,,,,,,,,,,,,,,,,,,,,,,Shift,flight_up_thrust,,0.0,0.0
6290,261400,,,,,,,,,,,,,,,,,,,,,,,,,,,,,,Shift,flight_up_thrust,,0.0,0.0
6291,261433,,,,,,,,,,,,,,,,,,,,,,,,,,,,,,Shift,flight_up_thrust,,0.0,0.0
6292,261467,,,,,,,,,,,,,,,,,,,,,,,,,,,,,,Shift,flight_up_thrust,,0.0,0.0
6293,261500,,,,,,,,,,,,,,,,,,,,,,,,,,,,,,Shift,flight_up_thrust,,0.0,0.0
6294,261567,,,,,,,,,,,,,,,,,,,,,,,,,,,,,,Shift,flight_up_thrust,,0.0,0.0
6295,261767,,,,,,,,,,,,,,,,,,,,,,,,,,,,,,Shift,flight_up_thrust,,0.0,0.0
6296,261800,,,,,,,,,,,,,,,,,,,,,,,,,,,,,,S|Shift,movement_move_y_axis|flight_up_thrust,,0.0,0.0
6297,261833,,,,,,,,,,,,,,,,,,,,,,,,,,,,,,S|Shift,movement_move_y_axis|flight_up_thrust,,0.0,0.0
6298,261867,,,,,,,,,,,,,,,,,,,,,,,,,,,,,,S|Shift,movement_move_y_axis|flight_up_thrust,,0.0,0.0
6299,261900,,,,,,,,,,,,,,,,,,,,,,,,,,,,,,S|Shift,movement_move_y_axis|flight_up_thrust,,0.0,0.0
6300,261933,,,,,,,,,,,,,,,,,,,,,,,,,,,,,,S|Shift,movement_move_y_axis|flight_up_thrust,,0.0,0.0
6301,261967,,,,,,,,,,,,,,,,,,,,,,,,,,,,,,S|Shift,movement_move_y_axis|flight_up_thrust,,0.0,0.0
6302,262000,,,,,,,,,,,,,,,,,,,,,,,,,,,,,,S|Shift,movement_move_y_axis|flight_up_thrust,,0.0,0.0
6303,262067,,,,,,,,,,,,,,,,,,,,,,,,,,,,,,Shift,flight_up_thrust,,0.0,0.0
6304,262100,,,,,,,,,,,,,,,,,,,,,,,,,,,,,,Shift,flight_up_thrust,,0.0,0.0
6305,262133,,,,,,,,,,,,,,,,,,,,,,,,,,,,,,Shift,flight_up_thrust,,0.0,0.0
6306,262167,,,,,,,,,,,,,,,,,,,,,,,,,,,,,,Shift,flight_up_thrust,,0.0,0.0
6307,262200,,,,,,,,,,,,,,,,,,,,,,,,,,,,,,Shift,flight_up_thrust,,0.0,0.0
6308,262233,,,,,,,,,,,,,,,,,,,,,,,,,,,,,,Shift,flight_up_thrust,,0.0,0.0
6309,262433,,,,,,,,,,,,,,,,,,,,,,,,,,,,,,Shift|W,movement_move_y_axis|flight_up_thrust,,0.0,0.0
6310,262467,,,,,,,,,,,,,,,,,,,,,,,,,,,,,,Shift|W,movement_move_y_axis|flight_up_thrust,,0.0,0.0
6311,262500,,,,,,,,,,,,,,,,,,,,,,,,,,,,,,Shift|W,movement_move_y_axis|flight_up_thrust,,0.0,0.0
6312,262533,,,,,,,,,,,,,,,,,,,,,,,,,,,,,,Shift|W,movement_move_y_axis|flight_up_thrust,,0.0,0.0
6313,262567,,,,,,,,,,,,,,,,,,,,,,,,,,,,,,Shift|W,movement_move_y_axis|flight_up_thrust,,0.0,0.0
6314,262600,,,,,,,,,,,,,,,,,,,,,,,,,,,,,,Shift|W,movement_move_y_axis|flight_up_thrust,,0.0,0.0
6315,262767,,,,,,,,,,,,,,,,,,,,,,,,,,,,,,Shift,flight_up_thrust,,0.0,0.0
6316,262800,,,,,,,,,,,,,,,,,,,,,,,,,,,,,,Shift,flight_up_thrust,,0.0,0.0
6317,262833,,,,,,,,,,,,,,,,,,,,,,,,,,,,,,Shift|W,movement_move_y_axis|flight_up_thrust,,0.0,0.0
6318,262867,,,,,,,,,,,,,,,,,,,,,,,,,,,,,,Shift|W,movement_move_y_axis|flight_up_thrust,,0.0,0.0
6319,262900,,,,,,,,,,,,,,,,,,,,,,,,,,,,,,Shift|W,movement_move_y_axis|flight_up_thrust,,0.0,0.0
6320,262933,,,,,,,,,,,,,,,,,,,,,,,,,,,,,,Shift|W,movement_move_y_axis|flight_up_thrust,,0.0,0.0
6321,263067,,,,,,,,,,,,,,,,,,,,,,,,,,,,,,Shift,flight_up_thrust,,0.0,0.0
6322,263100,,,,,,,,,,,,,,,,,,,,,,,,,,,,,,Shift,flight_up_thrust,,0.0,0.0
6323,263133,,,,,,,,,,,,,,,,,,,,,,,,,,,,,,Shift,flight_up_thrust,,0.0,0.0
6324,263167,,,,,,,,,,,,,,,,,,,,,,,,,,,,,,Shift,flight_up_thrust,,0.0,0.0
6325,263200,,,,,,,,,,,,,,,,,,,,,,,,,,,,,,Shift,flight_up_thrust,,0.0,0.0
6326,263233,,,,,,,,,,,,,,,,,,,,,,,,,,,,,,Shift,flight_up_thrust,,0.0,0.0
6327,263267,,,,,,,,,,,,,,,,,,,,,,,,,,,,,,Shift,flight_up_thrust,,0.0,0.0
6328,263300,,,,,,,,,,,,,,,,,,,,,,,,,,,,,,,,,0.0,0.0
6329,263400,,,,,,,,,,,,,,,,,,,,,,,,,,,,,,,,,0.0,0.0
6330,263433,,,,,,,,,,,,,,,,,,,,,,,,,,,,,,,,,0.0,0.0
6331,263467,,,,,,,,,,,,,,,,,,,,,,,,,,,,,,,,,0.0,0.0
6332,263500,,,,,,,,,,,,,,,,,,,,,,,,,,,,,,W,movement_move_y_axis,,0.0,0.0
6333,263533,,,,,,,,,,,,,,,,,,,,,,,,,,,,,,Shift|W,movement_move_y_axis|flight_up_thrust,,0.0,0.0
6334,263567,,,,,,,,,,,,,,,,,,,,,,,,,,,,,,Shift|W,movement_move_y_axis|flight_up_thrust,,0.0,0.0
6335,263600,,,,,,,,,,,,,,,,,,,,,,,,,,,,,,Shift|W,movement_move_y_axis|flight_up_thrust,,0.0,0.0
6336,263667,,,,,,,,,,,,,,,,,,,,,,,,,,,,,,Shift|W,movement_move_y_axis|flight_up_thrust,,0.0,0.0
6337,263700,,,,,,,,,,,,,,,,,,,,,,,,,,,,,,Shift|W,movement_move_y_axis|flight_up_thrust,,0.0,0.0
6338,263733,,,,,,,,,,,,,,,,,,,,,,,,,,,,,,Shift|W,movement_move_y_axis|flight_up_thrust,,0.0,0.0
6339,263767,,,,,,,,,,,,,,,,,,,,,,,,,,,,,,Shift|W,movement_move_y_axis|flight_up_thrust,,0.0,0.0
6340,263800,,,,,,,,,,,,,,,,,,,,,,,,,,,,,,Shift|W,movement_move_y_axis|flight_up_thrust,,0.0,0.0
6341,263833,,,,,,,,,,,,,,,,,,,,,,,,,,,,,,Shift|W,movement_move_y_axis|flight_up_thrust,,0.0,0.0
6342,263867,,,,,,,,,,,,,,,,,,,,,,,,,,,,,,Shift|W,movement_move_y_axis|flight_up_thrust,,0.0,0.0
6343,263900,,,,,,,,,,,,,,,,,,,,,,,,,,,,,,Shift,flight_up_thrust,,0.0,0.0
6344,263933,,,,,,,,,,,,,,,,,,,,,,,,,,,,,,Shift,flight_up_thrust,,0.0,0.0
6345,263967,,,,,,,,,,,,,,,,,,,,,,,,,,,,,,Shift,flight_up_thrust,,0.0,0.0
6346,264000,,,,,,,,,,,,,,,,,,,,,,,,,,,,,,Shift,flight_up_thrust,,0.0,0.0
6347,264033,,,,,,,,,,,,,,,,,,,,,,,,,,,,,,Shift,flight_up_thrust,,0.0,0.0
6348,264067,,,,,,,,,,,,,,,,,,,,,,,,,,,,,,Shift,flight_up_thrust,,0.0,0.0
6349,264100,,,,,,,,,,,,,,,,,,,,,,,,,,,,,,Shift,flight_up_thrust,,0.0,0.0
6350,264133,,,,,,,,,,,,,,,,,,,,,,,,,,,,,,Shift,flight_up_thrust,,0.0,0.0
6351,264167,,,,,,,,,,,,,,,,,,,,,,,,,,,,,,Shift,flight_up_thrust,,0.0,0.0
6352,264200,,,,,,,,,,,,,,,,,,,,,,,,,,,,,,,,,0.0,0.0
6353,264233,,,,,,,,,,,,,,,,,,,,,,,,,,,,,,,,,0.0,0.0
6354,264267,,,,,,,,,,,,,,,,,,,,,,,,,,,,,,,,,0.0,0.0
6355,264300,,,,,,,,,,,,,,,,,,,,,,,,,,,,,,,,,0.0,0.0
6356,264367,,,,,,,,,,,,,,,,,,,,,,,,,,,,,,,,,0.0,0.0
6357,264400,,,,,,,,,,,,,,,,,,,,,,,,,,,,,,,,,0.0,0.0
6358,264433,,,,,,,,,,,,,,,,,,,,,,,,,,,,,,,,,0.0,0.0
6359,264467,,,,,,,,,,,,,,,,,,,,,,,,,,,,,,,,,0.0,0.0
6360,264500,,,,,,,,,,,,,,,,,,,,,,,,,,,,,,,,,0.0,0.0
6361,264533,,,,,,,,,,,,,,,,,,,,,,,,,,,,,,,,,0.0,0.0
6362,264567,,,,,,,,,,,,,,,,,,,,,,,,,,,,,,,,,0.0,0.0
6363,264600,,,,,,,,,,,,,,,,,,,,,,,,,,,,,,,,,0.0,0.0
6364,264633,,,,,,,,,,,,,,,,,,,,,,,,,,,,,,,,,0.0,0.0
6365,264833,,,,,,,,,,,,,,,,,,,,,,,,,,,,,,Shift,flight_up_thrust,,0.0,0.0
6366,264900,,,,,,,,,,,,,,,,,,,,,,,,,,,,,,Shift,flight_up_thrust,,0.0,0.0
6367,264933,,,,,,,,,,,,,,,,,,,,,,,,,,,,,,Shift,flight_up_thrust,,0.0,0.0
6368,264967,,,,,,,,,,,,,,,,,,,,,,,,,,,,,,Shift,flight_up_thrust,,0.0,0.0
6369,265000,,,,,,,,,,,,,,,,,,,,,,,,,,,,,,Shift,flight_up_thrust,,0.0,0.0
6370,265033,,,,,,,,,,,,,,,,,,,,,,,,,,,,,,Shift,flight_up_thrust,,0.0,0.0
6371,265067,,,,,,,,,,,,,,,,,,,,,,,,,,,,,,Shift,flight_up_thrust,,0.0,0.0
6372,265100,,,,,,,,,,,,,,,,,,,,,,,,,,,,,,Shift,flight_up_thrust,,0.0,0.0
6373,265133,,,,,,,,,,,,,,,,,,,,,,,,,,,,,,Shift,flight_up_thrust,,0.0,0.0
6374,265167,,,,,,,,,,,,,,,,,,,,,,,,,,,,,,Shift,flight_up_thrust,,0.0,0.0
6375,265200,,,,,,,,,,,,,,,,,,,,,,,,,,,,,,Shift,flight_up_thrust,,0.0,0.0
6376,265233,,,,,,,,,,,,,,,,,,,,,,,,,,,,,,Shift,flight_up_thrust,,0.0,0.0
6377,265267,,,,,,,,,,,,,,,,,,,,,,,,,,,,,,Shift,flight_up_thrust,,0.0,0.0
6378,265300,,,,,,,,,,,,,,,,,,,,,,,,,,,,,,Shift,flight_up_thrust,,0.0,0.0
6379,265367,,,,,,,,,,,,,,,,,,,,,,,,,,,,,,Shift,flight_up_thrust,,0.0,0.0
6380,265400,,,,,,,,,,,,,,,,,,,,,,,,,,,,,,Shift,flight_up_thrust,,0.0,0.0
6381,265433,,,,,,,,,,,,,,,,,,,,,,,,,,,,,,Shift,flight_up_thrust,,0.0,0.0
6382,265467,,,,,,,,,,,,,,,,,,,,,,,,,,,,,,Shift,flight_up_thrust,,0.0,0.0
6383,265500,,,,,,,,,,,,,,,,,,,,,,,,,,,,,,,,,0.0,0.0
6384,265567,,,,,,,,,,,,,,,,,,,,,,,,,,,,,,,,,0.0,0.0
6385,265600,,,,,,,,,,,,,,,,,,,,,,,,,,,,,,,,,0.0,0.0
6386,265633,,,,,,,,,,,,,,,,,,,,,,,,,,,,,,,,,0.0,0.0
6387,265667,,,,,,,,,,,,,,,,,,,,,,,,,,,,,,,,,0.0,0.0
6388,265700,,,,,,,,,,,,,,,,,,,,,,,,,,,,,,,,,0.0,0.0
6389,265733,,,,,,,,,,,,,,,,,,,,,,,,,,,,,,,,,0.0,0.0
6390,265767,,,,,,,,,,,,,,,,,,,,,,,,,,,,,,,,,0.0,0.0
6391,265800,,,,,,,,,,,,,,,,,,,,,,,,,,,,,,,,,0.0,0.0
6392,265833,,,,,,,,,,,,,,,,,,,,,,,,,,,,,,,,,0.0,0.0
6393,265867,,,,,,,,,,,,,,,,,,,,,,,,,,,,,,,,,0.0,0.0
6394,265900,,,,,,,,,,,,,,,,,,,,,,,,,,,,,,,,,0.0,0.0
6395,265933,,,,,,,,,,,,,,,,,,,,,,,,,,,,,,,,,0.0,0.0
6396,265967,,,,,,,,,,,,,,,,,,,,,,,,,,,,,,,,,0.0,0.0
6397,266000,,,,,,,,,,,,,,,,,,,,,,,,,,,,,,,,,0.0,0.0
6398,266033,,,,,,,,,,,,,,,,,,,,,,,,,,,,,,,,,0.0,0.0
6399,266067,,,,,,,,,,,,,,,,,,,,,,,,,,,,,,,,,0.0,0.0
6400,266100,,,,,,,,,,,,,,,,,,,,,,,,,,,,,,,,,0.0,0.0
6401,266167,,,,,,,,,,,,,,,,,,,,,,,,,,,,,,,,,0.0,0.0
6402,266200,,,,,,,,,,,,,,,,,,,,,,,,,,,,,,,,,0.0,0.0
6403,266233,,,,,,,,,,,,,,,,,,,,,,,,,,,,,,,,,0.0,0.0
6404,266267,,,,,,,,,,,,,,,,,,,,,,,,,,,,,,,,,0.0,0.0
6405,266300,,,,,,,,,,,,,,,,,,,,,,,,,,,,,,,,,0.0,0.0
6406,266333,,,,,,,,,,,,,,,,,,,,,,,,,,,,,,,,,0.0,0.0
6407,266367,,,,,,,,,,,,,,,,,,,,,,,,,,,,,,,,,0.0,0.0
6408,266400,,,,,,,,,,,,,,,,,,,,,,,,,,,,,,,,,0.0,0.0
6409,266433,,,,,,,,,,,,,,,,,,,,,,,,,,,,,,,,,0.0,0.0
6410,266500,,,,,,,,,,,,,,,,,,,,,,,,,,,,,,Shift,flight_up_thrust,,0.0,0.0
6411,266567,,,,,,,,,,,,,,,,,,,,,,,,,,,,,,Shift,flight_up_thrust,,0.0,0.0
6412,266600,,,,,,,,,,,,,,,,,,,,,,,,,,,,,,Shift,flight_up_thrust,,0.0,0.0
6413,266633,,,,,,,,,,,,,,,,,,,,,,,,,,,,,,Shift,flight_up_thrust,,0.0,0.0
6414,266667,,,,,,,,,,,,,,,,,,,,,,,,,,,,,,Shift,flight_up_thrust,,0.0,0.0
6415,266700,,,,,,,,,,,,,,,,,,,,,,,,,,,,,,Shift,flight_up_thrust,,0.0,0.0
6416,266733,,,,,,,,,,,,,,,,,,,,,,,,,,,,,,Shift,flight_up_thrust,,0.0,0.0
6417,266767,,,,,,,,,,,,,,,,,,,,,,,,,,,,,,Shift,flight_up_thrust,,0.0,0.0
6418,266833,,,,,,,,,,,,,,,,,,,,,,,,,,,,,,Shift,flight_up_thrust,,0.0,0.0
6419,266867,,,,,,,,,,,,,,,,,,,,,,,,,,,,,,Shift,flight_up_thrust,,0.0,0.0
6420,266900,,,,,,,,,,,,,,,,,,,,,,,,,,,,,,Shift,flight_up_thrust,,0.0,0.0
6421,266933,,,,,,,,,,,,,,,,,,,,,,,,,,,,,,Shift,flight_up_thrust,,0.0,0.0
6422,267000,,,,,,,,,,,,,,,,,,,,,,,,,,,,,,Shift,flight_up_thrust,,0.0,0.0
6423,267033,,,,,,,,,,,,,,,,,,,,,,,,,,,,,,Shift,flight_up_thrust,,0.0,0.0
6424,267067,,,,,,,,,,,,,,,,,,,,,,,,,,,,,,Shift,flight_up_thrust,,0.0,0.0
6425,267100,,,,,,,,,,,,,,,,,,,,,,,,,,,,,,Shift,flight_up_thrust,,0.0,0.0
6426,267133,,,,,,,,,,,,,,,,,,,,,,,,,,,,,,Shift,flight_up_thrust,,0.0,0.0
6427,267167,,,,,,,,,,,,,,,,,,,,,,,,,,,,,,Shift,flight_up_thrust,,0.0,0.0
6428,267200,,,,,,,,,,,,,,,,,,,,,,,,,,,,,,Shift,flight_up_thrust,,0.0,0.0
6429,267267,,,,,,,,,,,,,,,,,,,,,,,,,,,,,,Shift,flight_up_thrust,,0.0,0.0
6430,267300,,,,,,,,,,,,,,,,,,,,,,,,,,,,,,Shift,flight_up_thrust,,0.0,0.0
6431,267333,,,,,,,,,,,,,,,,,,,,,,,,,,,,,,Shift,flight_up_thrust,,0.0,0.0
6432,267367,,,,,,,,,,,,,,,,,,,,,,,,,,,,,,Shift,flight_up_thrust,,0.0,0.0
6433,267400,,,,,,,,,,,,,,,,,,,,,,,,,,,,,,Shift,flight_up_thrust,,0.0,0.0
6434,267433,,,,,,,,,,,,,,,,,,,,,,,,,,,,,,Shift,flight_up_thrust,,0.0,0.0
6435,267467,,,,,,,,,,,,,,,,,,,,,,,,,,,,,,Shift,flight_up_thrust,,0.0,0.0
6436,267500,,,,,,,,,,,,,,,,,,,,,,,,,,,,,,Shift,flight_up_thrust,,0.0,0.0
6437,267533,,,,,,,,,,,,,,,,,,,,,,,,,,,,,,Shift,flight_up_thrust,,0.0,0.0
6438,267567,,,,,,,,,,,,,,,,,,,,,,,,,,,,,,Shift,flight_up_thrust,,0.0,0.0
6439,267600,,,,,,,,,,,,,,,,,,,,,,,,,,,,,,Shift|W,movement_move_y_axis|flight_up_thrust,,0.0,0.0
6440,267633,,,,,,,,,,,,,,,,,,,,,,,,,,,,,,Shift|W,movement_move_y_axis|flight_up_thrust,,0.0,0.0
6441,267667,,,,,,,,,,,,,,,,,,,,,,,,,,,,,,Shift,flight_up_thrust,,0.0,0.0
6442,267700,,,,,,,,,,,,,,,,,,,,,,,,,,,,,,Shift,flight_up_thrust,,0.0,0.0
6443,267767,,,,,,,,,,,,,,,,,,,,,,,,,,,,,,Shift,flight_up_thrust,,0.0,0.0
6444,267800,,,,,,,,,,,,,,,,,,,,,,,,,,,,,,,,,0.0,0.0
6445,267833,,,,,,,,,,,,,,,,,,,,,,,,,,,,,,,,,0.0,0.0
6446,267867,,,,,,,,,,,,,,,,,,,,,,,,,,,,,,,,,0.0,0.0
6447,267900,,,,,,,,,,,,,,,,,,,,,,,,,,,,,,,,,0.0,0.0
6448,267933,,,,,,,,,,,,,,,,,,,,,,,,,,,,,,,,,0.0,0.0
6449,267967,,,,,,,,,,,,,,,,,,,,,,,,,,,,,,,,,0.0,0.0
6450,268000,,,,,,,,,,,,,,,,,,,,,,,,,,,,,,,,,0.0,0.0
6451,268067,,,,,,,,,,,,,,,,,,,,,,,,,,,,,,,,,0.0,0.0
6452,268100,,,,,,,,,,,,,,,,,,,,,,,,,,,,,,,,,0.0,0.0
6453,268133,,,,,,,,,,,,,,,,,,,,,,,,,,,,,,,,,0.0,0.0
6454,268167,,,,,,,,,,,,,,,,,,,,,,,,,,,,,,,,,0.0,0.0
6455,268200,,,,,,,,,,,,,,,,,,,,,,,,,,,,,,,,,0.0,0.0
6456,268233,,,,,,,,,,,,,,,,,,,,,,,,,,,,,,,,,0.0,0.0
6457,268267,,,,,,,,,,,,,,,,,,,,,,,,,,,,,,,,,0.0,0.0
6458,268300,,,,,,,,,,,,,,,,,,,,,,,,,,,,,,,,,0.0,0.0
6459,268333,,,,,,,,,,,,,,,,,,,,,,,,,,,,,,,,,0.0,0.0
6460,268367,,,,,,,,,,,,,,,,,,,,,,,,,,,,,,,,,0.0,0.0
6461,268400,,,,,,,,,,,,,,,,,,,,,,,,,,,,,,,,,0.0,0.0
6462,268433,,,,,,,,,,,,,,,,,,,,,,,,,,,,,,,,,0.0,0.0
6463,268467,,,,,,,,,,,,,,,,,,,,,,,,,,,,,,,,,0.0,0.0
6464,268533,,,,,,,,,,,,,,,,,,,,,,,,,,,,,,,,,0.0,0.0
6465,268567,,,,,,,,,,,,,,,,,,,,,,,,,,,,,,,,,0.0,0.0
6466,268600,,,,,,,,,,,,,,,,,,,,,,,,,,,,,,,,,0.0,0.0
6467,268633,,,,,,,,,,,,,,,,,,,,,,,,,,,,,,,,,0.0,0.0
6468,268667,,,,,,,,,,,,,,,,,,,,,,,,,,,,,,,,,0.0,0.0
6469,268700,,,,,,,,,,,,,,,,,,,,,,,,,,,,,,,,,0.0,0.0
6470,268733,,,,,,,,,,,,,,,,,,,,,,,,,,,,,,,,,0.0,0.0
6471,268767,,,,,,,,,,,,,,,,,,,,,,,,,,,,,,,,,0.0,0.0
6472,268800,,,,,,,,,,,,,,,,,,,,,,,,,,,,,,,,,0.0,0.0
6473,268833,,,,,,,,,,,,,,,,,,,,,,,,,,,,,,,,,0.0,0.0
6474,268867,,,,,,,,,,,,,,,,,,,,,,,,,,,,,,,,,0.0,0.0
6475,268900,,,,,,,,,,,,,,,,,,,,,,,,,,,,,,,,,0.0,0.0
6476,268933,,,,,,,,,,,,,,,,,,,,,,,,,,,,,,,,,0.0,0.0
6477,268967,,,,,,,,,,,,,,,,,,,,,,,,,,,,,,,,,0.0,0.0
6478,269000,,,,,,,,,,,,,,,,,,,,,,,,,,,,,,,,,0.0,0.0
6479,269033,,,,,,,,,,,,,,,,,,,,,,,,,,,,,,,,,0.0,0.0
6480,269067,,,,,,,,,,,,,,,,,,,,,,,,,,,,,,,,,0.0,0.0
6481,269133,,,,,,,,,,,,,,,,,,,,,,,,,,,,,,,,,0.0,0.0
6482,269167,,,,,,,,,,,,,,,,,,,,,,,,,,,,,,,,,0.0,0.0
6483,269200,,,,,,,,,,,,,,,,,,,,,,,,,,,,,,,,,0.0,0.0
6484,269233,,,,,,,,,,,,,,,,,,,,,,,,,,,,,,,,,0.0,0.0
6485,269267,,,,,,,,,,,,,,,,,,,,,,,,,,,,,,,equipment_primary_tool_action,Left,0.0,0.0
6486,269300,,,,,,,,,,,,,,,,,,,,,,,,,,,,,,,equipment_primary_tool_action,Left,0.0,0.0
6487,269333,,,,,,,,,,,,,,,,,,,,,,,,,,,,,,,equipment_primary_tool_action,Left,0.0,0.0
6488,269367,,,,,,,,,,,,,,,,,,,,,,,,,,,,,,,equipment_primary_tool_action,Left,0.0,0.0
6489,269400,,,,,,,,,,,,,,,,,,,,,,,,,,,,,,,equipment_primary_tool_action,Left,0.0,0.0
6490,269433,,,,,,,,,,,,,,,,,,,,,,,,,,,,,,,equipment_primary_tool_action,Left,0.0,0.0
6491,269467,,,,,,,,,,,,,,,,,,,,,,,,,,,,,,,equipment_primary_tool_action,Left,0.0,0.0
6492,269500,,,,,,,,,,,,,,,,,,,,,,,,,,,,,,Q,general_cancel|equipment_primary_tool_action,Left,0.0,0.0
6493,269533,,,,,,,,,,,,,,,,,,,,,,,,,,,,,,Q,general_cancel|equipment_primary_tool_action,Left,0.0,0.0
6494,269600,,,,,,,,,,,,,,,,,,,,,,,,,,,,,,Q,general_cancel|equipment_primary_tool_action,Left,0.0,0.0
6495,269633,,,,,,,,,,,,,,,,,,,,,,,,,,,,,,Q,general_cancel|equipment_primary_tool_action,Left,0.0,0.0
6496,269667,,,,,,,,,,,,,,,,,,,,,,,,,,,,,,,equipment_primary_tool_action,Left,0.0,0.0
6497,269700,,,,,,,,,,,,,,,,,,,,,,,,,,,,,,,equipment_primary_tool_action,Left,0.0,0.0
6498,269733,,,,,,,,,,,,,,,,,,,,,,,,,,,,,,,equipment_primary_tool_action,Left,0.0,0.0
6499,269767,,,,,,,,,,,,,,,,,,,,,,,,,,,,,,,equipment_primary_tool_action,Left,0.0,0.0
6500,269800,,,,,,,,,,,,,,,,,,,,,,,,,,,,,,,equipment_primary_tool_action,Left,0.0,0.0
6501,269833,,,,,,,,,,,,,,,,,,,,,,,,,,,,,,,equipment_primary_tool_action,Left,0.0,0.0
6502,269867,,,,,,,,,,,,,,,,,,,,,,,,,,,,,,,equipment_primary_tool_action,Left,0.0,0.0
6503,269900,,,,,,,,,,,,,,,,,,,,,,,,,,,,,,,equipment_primary_tool_action,Left,0.0,0.0
6504,269933,,,,,,,,,,,,,,,,,,,,,,,,,,,,,,,equipment_primary_tool_action,Left,0.0,0.0
6505,269967,,,,,,,,,,,,,,,,,,,,,,,,,,,,,,,equipment_primary_tool_action,Left,0.0,0.0
6506,270000,,,,,,,,,,,,,,,,,,,,,,,,,,,,,,,equipment_primary_tool_action,Left,0.0,0.0
6507,270033,,,,,,,,,,,,,,,,,,,,,,,,,,,,,,,equipment_primary_tool_action,Left,0.0,0.0
6508,270067,,,,,,,,,,,,,,,,,,,,,,,,,,,,,,,equipment_primary_tool_action,Left,0.0,0.0
6509,270100,,,,,,,,,,,,,,,,,,,,,,,,,,,,,,,equipment_primary_tool_action,Left,0.0,0.0
6510,270167,,,,,,,,,,,,,,,,,,,,,,,,,,,,,,,equipment_primary_tool_action,Left,0.0,0.0
6511,270200,,,,,,,,,,,,,,,,,,,,,,,,,,,,,,,equipment_primary_tool_action,Left,0.0,0.0
6512,270233,,,,,,,,,,,,,,,,,,,,,,,,,,,,,,,equipment_primary_tool_action,Left,0.0,0.0
6513,270267,,,,,,,,,,,,,,,,,,,,,,,,,,,,,,,equipment_primary_tool_action,Left,0.0,0.0
6514,270300,,,,,,,,,,,,,,,,,,,,,,,,,,,,,,,equipment_primary_tool_action,Left,0.0,0.0
6515,270333,,,,,,,,,,,,,,,,,,,,,,,,,,,,,,,,,0.0,0.0
6516,270367,,,,,,,,,,,,,,,,,,,,,,,,,,,,,,,,,0.0,0.0
6517,270400,,,,,,,,,,,,,,,,,,,,,,,,,,,,,,,,,0.0,0.0
6518,270433,,,,,,,,,,,,,,,,,,,,,,,,,,,,,,,,,0.0,0.0
6519,270467,,,,,,,,,,,,,,,,,,,,,,,,,,,,,,,,,0.0,0.0
6520,270500,,,,,,,,,,,,,,,,,,,,,,,,,,,,,,Esc,general_pause,,0.0,0.0
6521,270533,,,,,,,,,,,,,,,,,,,,,,,,,,,,,,Esc,general_pause,,0.0,0.0
6522,270567,,,,,,,,,,,,,,,,,,,,,,,,,,,,,,,,,0.0,0.0
6523,270600,,,,,,,,,,,,,,,,,,,,,,,,,,,,,,,,,0.0,0.0
6524,270633,,,,,,,,,,,,,,,,,,,,,,,,,,,,,,,,,0.0,0.0
6525,270667,,,,,,,,,,,,,,,,,,,,,,,,,,,,,,,,,0.0,0.0
6526,270700,,,,,,,,,,,,,,,,,,,,,,,,,,,,,,,,,0.0,0.0
6527,270733,,,,,,,,,,,,,,,,,,,,,,,,,,,,,,,,,0.0,0.0
6528,270767,,,,,,,,,,,,,,,,,,,,,,,,,,,,,,,,,0.0,0.0
6529,270800,,,,,,,,,,,,,,,,,,,,,,,,,,,,,,,,,0.0,0.0
6530,270833,,,,,,,,,,,,,,,,,,,,,,,,,,,,,,,,,0.0,0.0
6531,270867,,,,,,,,,,,,,,,,,,,,,,,,,,,,,,,,,0.0,0.0
6532,270900,,,,,,,,,,,,,,,,,,,,,,,,,,,,,,,,,0.0,0.0
6533,270933,,,,,,,,,,,,,,,,,,,,,,,,,,,,,,,,,0.0,0.0
6534,270967,,,,,,,,,,,,,,,,,,,,,,,,,,,,,,,,,0.0,0.0
6535,271000,,,,,,,,,,,,,,,,,,,,,,,,,,,,,,,,,0.0,0.0
6536,271033,,,,,,,,,,,,,,,,,,,,,,,,,,,,,,,,,0.0,0.0
6537,271067,,,,,,,,,,,,,,,,,,,,,,,,,,,,,,,,,0.0,0.0
6538,271100,,,,,,,,,,,,,,,,,,,,,,,,,,,,,,,,,0.0,0.0
6539,271133,,,,,,,,,,,,,,,,,,,,,,,,,,,,,,,,,0.0,0.0
6540,271167,,,,,,,,,,,,,,,,,,,,,,,,,,,,,,,,,0.0,0.0
6541,271200,,,,,,,,,,,,,,,,,,,,,,,,,,,,,,,,,0.0,0.0
6542,271233,,,,,,,,,,,,,,,,,,,,,,,,,,,,,,,,,0.0,0.0
6543,271267,,,,,,,,,,,,,,,,,,,,,,,,,,,,,,,,,0.0,0.0
6544,271300,,,,,,,,,,,,,,,,,,,,,,,,,,,,,,,equipment_primary_tool_action,Left,0.0,0.0
6545,271333,,,,,,,,,,,,,,,,,,,,,,,,,,,,,,,equipment_primary_tool_action,Left,0.0,0.0
6546,271367,,,,,,,,,,,,,,,,,,,,,,,,,,,,,,,equipment_primary_tool_action,Left,0.0,0.0
6547,271400,,,,,,,,,,,,,,,,,,,,,,,,,,,,,,,equipment_primary_tool_action,Left,0.0,0.0
6548,271433,,,,,,,,,,,,,,,,,,,,,,,,,,,,,,Esc,general_pause|equipment_primary_tool_action,Left,0.0,0.0
6549,271467,,,,,,,,,,,,,,,,,,,,,,,,,,,,,,Esc,general_pause|equipment_primary_tool_action,Left,0.0,0.0
6550,271533,,,,,,,,,,,,,,,,,,,,,,,,,,,,,,Esc,general_pause|equipment_primary_tool_action,Left,0.0,0.0
6551,271567,,,,,,,,,,,,,,,,,,,,,,,,,,,,,,Esc,general_pause|equipment_primary_tool_action,Left,0.0,0.0
6552,271600,,,,,,,,,,,,,,,,,,,,,,,,,,,,,,,equipment_primary_tool_action,Left,0.0,0.0
6553,271633,,,,,,,,,,,,,,,,,,,,,,,,,,,,,,,equipment_primary_tool_action,Left,0.0,0.0
6554,271667,,,,,,,,,,,,,,,,,,,,,,,,,,,,,,,equipment_primary_tool_action,Left,0.0,0.0
6555,271700,,,,,,,,,,,,,,,,,,,,,,,,,,,,,,,equipment_primary_tool_action,Left,0.0,0.0
6556,271733,,,,,,,,,,,,,,,,,,,,,,,,,,,,,,,equipment_primary_tool_action,Left,0.0,0.0
6557,271767,,,,,,,,,,,,,,,,,,,,,,,,,,,,,,,equipment_primary_tool_action,Left,0.0,0.0
6558,271800,,,,,,,,,,,,,,,,,,,,,,,,,,,,,,,equipment_primary_tool_action,Left,0.0,0.0
6559,271833,,,,,,,,,,,,,,,,,,,,,,,,,,,,,,,equipment_primary_tool_action,Left,0.0,0.0
6560,271867,,,,,,,,,,,,,,,,,,,,,,,,,,,,,,,equipment_primary_tool_action,Left,0.0,0.0
6561,271900,,,,,,,,,,,,,,,,,,,,,,,,,,,,,,,equipment_primary_tool_action,Left,0.0,0.0
6562,271933,,,,,,,,,,,,,,,,,,,,,,,,,,,,,,,equipment_primary_tool_action,Left,0.0,0.0
6563,271967,,,,,,,,,,,,,,,,,,,,,,,,,,,,,,,equipment_primary_tool_action,Left,0.0,0.0
6564,272000,,,,,,,,,,,,,,,,,,,,,,,,,,,,,,,equipment_primary_tool_action,Left,0.0,0.0
6565,272033,,,,,,,,,,,,,,,,,,,,,,,,,,,,,,,equipment_primary_tool_action,Left,0.0,0.0
6566,272067,,,,,,,,,,,,,,,,,,,,,,,,,,,,,,,equipment_primary_tool_action,Left,0.0,0.0
6567,272100,,,,,,,,,,,,,,,,,,,,,,,,,,,,,,,equipment_primary_tool_action,Left,0.0,0.0
6568,272133,,,,,,,,,,,,,,,,,,,,,,,,,,,,,,,equipment_primary_tool_action,Left,0.0,0.0
6569,272167,,,,,,,,,,,,,,,,,,,,,,,,,,,,,,,equipment_primary_tool_action,Left,0.0,0.0
6570,272200,,,,,,,,,,,,,,,,,,,,,,,,,,,,,,,equipment_primary_tool_action,Left,0.0,0.0
6571,272233,,,,,,,,,,,,,,,,,,,,,,,,,,,,,,,equipment_primary_tool_action,Left,0.0,0.0
6572,272267,,,,,,,,,,,,,,,,,,,,,,,,,,,,,,,equipment_primary_tool_action,Left,0.0,0.0
6573,272300,,,,,,,,,,,,,,,,,,,,,,,,,,,,,,,equipment_primary_tool_action,Left,0.0,0.0
6574,272333,,,,,,,,,,,,,,,,,,,,,,,,,,,,,,,equipment_primary_tool_action,Left,0.0,0.0
6575,272367,,,,,,,,,,,,,,,,,,,,,,,,,,,,,,,equipment_primary_tool_action,Left,0.0,0.0
6576,272400,,,,,,,,,,,,,,,,,,,,,,,,,,,,,,,equipment_primary_tool_action,Left,0.0,0.0
6577,272433,,,,,,,,,,,,,,,,,,,,,,,,,,,,,,,equipment_primary_tool_action,Left,0.0,0.0
6578,272467,,,,,,,,,,,,,,,,,,,,,,,,,,,,,,,equipment_primary_tool_action,Left,0.0,0.0
6579,272500,,,,,,,,,,,,,,,,,,,,,,,,,,,,,,,,,0.0,0.0
6580,272567,,,,,,,,,,,,,,,,,,,,,,,,,,,,,,,movement_look_x_axis,,2.0,0.0
6581,272600,,,,,,,,,,,,,,,,,,,,,,,,,,,,,,,movement_look_x_axis,,12.0,0.0
6582,272633,,,,,,,,,,,,,,,,,,,,,,,,,,,,,,,movement_look_x_axis|movement_look_y_axis,,40.0,7.0
6583,272667,,,,,,,,,,,,,,,,,,,,,,,,,,,,,,,movement_look_x_axis|movement_look_y_axis,,62.0,5.0
6584,272700,,,,,,,,,,,,,,,,,,,,,,,,,,,,,,,movement_look_x_axis|movement_look_y_axis,,200.0,32.0
6585,272733,,,,,,,,,,,,,,,,,,,,,,,,,,,,,,,movement_look_x_axis|movement_look_y_axis,,76.0,1.0
6586,272800,,,,,,,,,,,,,,,,,,,,,,,,,,,,,,,movement_look_x_axis,,29.0,0.0
6587,272833,,,,,,,,,,,,,,,,,,,,,,,,,,,,,,,movement_look_x_axis,,2.0,0.0
6588,272867,,,,,,,,,,,,,,,,,,,,,,,,,,,,,,,,,0.0,0.0
6589,272900,,,,,,,,,,,,,,,,,,,,,,,,,,,,,,,,,0.0,0.0
6590,272933,,,,,,,,,,,,,,,,,,,,,,,,,,,,,,,,,0.0,0.0
6591,272967,,,,,,,,,,,,,,,,,,,,,,,,,,,,,,,,,0.0,0.0
6592,273033,,,,,,,,,,,,,,,,,,,,,,,,,,,,,,,,,0.0,0.0
6593,273067,,,,,,,,,,,,,,,,,,,,,,,,,,,,,,,,,0.0,0.0
6594,273100,,,,,,,,,,,,,,,,,,,,,,,,,,,,,,,,,0.0,0.0
6595,273133,,,,,,,,,,,,,,,,,,,,,,,,,,,,,,,,,0.0,0.0
6596,273200,,,,,,,,,,,,,,,,,,,,,,,,,,,,,,,,,0.0,0.0
6597,273233,,,,,,,,,,,,,,,,,,,,,,,,,,,,,,,,,0.0,0.0
6598,273267,,,,,,,,,,,,,,,,,,,,,,,,,,,,,,,,,0.0,0.0
6599,273300,,,,,,,,,,,,,,,,,,,,,,,,,,,,,,,,,0.0,0.0
6600,273333,,,,,,,,,,,,,,,,,,,,,,,,,,,,,,,,,0.0,0.0
6601,273367,,,,,,,,,,,,,,,,,,,,,,,,,,,,,,,,,0.0,0.0
6602,273400,,,,,,,,,,,,,,,,,,,,,,,,,,,,,,,,,0.0,0.0
6603,273433,,,,,,,,,,,,,,,,,,,,,,,,,,,,,,,,,0.0,0.0
6604,273467,,,,,,,,,,,,,,,,,,,,,,,,,,,,,,,,,0.0,0.0
6605,273500,,,,,,,,,,,,,,,,,,,,,,,,,,,,,,Q,general_cancel|equipment_primary_tool_action,Left,0.0,0.0
6606,273533,,,,,,,,,,,,,,,,,,,,,,,,,,,,,,Q,general_cancel|equipment_primary_tool_action,Left,0.0,0.0
6607,273567,,,,,,,,,,,,,,,,,,,,,,,,,,,,,,Q,general_cancel|equipment_primary_tool_action,Left,0.0,0.0
6608,273600,,,,,,,,,,,,,,,,,,,,,,,,,,,,,,Q,general_cancel|equipment_primary_tool_action,Left,0.0,0.0
6609,273633,,,,,,,,,,,,,,,,,,,,,,,,,,,,,,Q,general_cancel|equipment_primary_tool_action,Left,0.0,0.0
6610,273667,,,,,,,,,,,,,,,,,,,,,,,,,,,,,,,equipment_primary_tool_action,Left,0.0,0.0
6611,273700,,,,,,,,,,,,,,,,,,,,,,,,,,,,,,,equipment_primary_tool_action,Left,0.0,0.0
6612,273733,,,,,,,,,,,,,,,,,,,,,,,,,,,,,,,equipment_primary_tool_action,Left,0.0,0.0
6613,273800,,,,,,,,,,,,,,,,,,,,,,,,,,,,,,,equipment_primary_tool_action,Left,0.0,0.0
6614,273833,,,,,,,,,,,,,,,,,,,,,,,,,,,,,,,equipment_primary_tool_action,Left,0.0,0.0
6615,273867,,,,,,,,,,,,,,,,,,,,,,,,,,,,,,,equipment_primary_tool_action,Left,0.0,0.0
6616,273900,,,,,,,,,,,,,,,,,,,,,,,,,,,,,,,equipment_primary_tool_action,Left,0.0,0.0
6617,273933,,,,,,,,,,,,,,,,,,,,,,,,,,,,,,,equipment_primary_tool_action,Left,0.0,0.0
6618,273967,,,,,,,,,,,,,,,,,,,,,,,,,,,,,,,equipment_primary_tool_action,Left,0.0,0.0
6619,274000,,,,,,,,,,,,,,,,,,,,,,,,,,,,,,,equipment_primary_tool_action,Left,0.0,0.0
6620,274033,,,,,,,,,,,,,,,,,,,,,,,,,,,,,,,equipment_primary_tool_action,Left,0.0,0.0
6621,274067,,,,,,,,,,,,,,,,,,,,,,,,,,,,,,,equipment_primary_tool_action,Left,0.0,0.0
6622,274133,,,,,,,,,,,,,,,,,,,,,,,,,,,,,,,equipment_primary_tool_action,Left,0.0,0.0
6623,274167,,,,,,,,,,,,,,,,,,,,,,,,,,,,,,,movement_look_x_axis|movement_look_y_axis|equipment_primary_tool_action,Left,-1.0,-1.0
6624,274200,,,,,,,,,,,,,,,,,,,,,,,,,,,,,,,movement_look_x_axis|movement_look_y_axis,,-40.0,-12.0
6625,274233,,,,,,,,,,,,,,,,,,,,,,,,,,,,,,,movement_look_x_axis|movement_look_y_axis,,-78.0,-5.0
6626,274267,,,,,,,,,,,,,,,,,,,,,,,,,,,,,,,movement_look_x_axis,,-203.0,0.0
6627,274300,,,,,,,,,,,,,,,,,,,,,,,,,,,,,,,,,0.0,0.0
6628,274333,,,,,,,,,,,,,,,,,,,,,,,,,,,,,,,movement_look_x_axis,,-94.0,0.0
6629,274367,,,,,,,,,,,,,,,,,,,,,,,,,,,,,,,movement_look_x_axis,,-96.0,0.0
6630,274400,,,,,,,,,,,,,,,,,,,,,,,,,,,,,,,movement_look_x_axis,,-96.0,0.0
6631,274433,,,,,,,,,,,,,,,,,,,,,,,,,,,,,,,movement_look_x_axis|movement_look_y_axis,,-199.0,-4.0
6632,274500,,,,,,,,,,,,,,,,,,,,,,,,,,,,,,,movement_look_x_axis,,-139.0,0.0
6633,274533,,,,,,,,,,,,,,,,,,,,,,,,,,,,,,,movement_look_x_axis|movement_look_y_axis,,-94.0,-7.0
6634,274567,,,,,,,,,,,,,,,,,,,,,,,,,,,,,,,movement_look_x_axis|movement_look_y_axis,,-57.0,-10.0
6635,274600,,,,,,,,,,,,,,,,,,,,,,,,,,,,,,,movement_look_x_axis|movement_look_y_axis,,-8.0,-3.0
6636,274633,,,,,,,,,,,,,,,,,,,,,,,,,,,,,,,,,0.0,0.0
6637,274667,,,,,,,,,,,,,,,,,,,,,,,,,,,,,,,,,0.0,0.0
6638,274700,,,,,,,,,,,,,,,,,,,,,,,,,,,,,,,,,0.0,0.0
6639,274733,,,,,,,,,,,,,,,,,,,,,,,,,,,,,,,,,0.0,0.0
6640,274767,,,,,,,,,,,,,,,,,,,,,,,,,,,,,,,,,0.0,0.0
6641,274800,,,,,,,,,,,,,,,,,,,,,,,,,,,,,,,,,0.0,0.0
6642,274833,,,,,,,,,,,,,,,,,,,,,,,,,,,,,,,,,0.0,0.0
6643,274867,,,,,,,,,,,,,,,,,,,,,,,,,,,,,,,,,0.0,0.0
6644,274900,,,,,,,,,,,,,,,,,,,,,,,,,,,,,,,,,0.0,0.0
6645,274933,,,,,,,,,,,,,,,,,,,,,,,,,,,,,,,movement_look_x_axis|movement_look_y_axis,,16.0,-3.0
6646,274967,,,,,,,,,,,,,,,,,,,,,,,,,,,,,,,movement_look_x_axis|movement_look_y_axis,,75.0,-15.0
6647,275000,,,,,,,,,,,,,,,,,,,,,,,,,,,,,,,movement_look_x_axis|movement_look_y_axis,,94.0,-10.0
6648,275033,,,,,,,,,,,,,,,,,,,,,,,,,,,,,,,movement_look_x_axis,,75.0,0.0
6649,275067,,,,,,,,,,,,,,,,,,,,,,,,,,,,,,,movement_look_x_axis|movement_look_y_axis,,86.0,3.0
6650,275133,,,,,,,,,,,,,,,,,,,,,,,,,,,,,,,movement_look_x_axis|movement_look_y_axis,,25.0,-4.0
6651,275167,,,,,,,,,,,,,,,,,,,,,,,,,,,,,,,movement_look_x_axis|movement_look_y_axis,,24.0,-11.0
6652,275200,,,,,,,,,,,,,,,,,,,,,,,,,,,,,,,movement_look_x_axis|movement_look_y_axis,,12.0,-7.0
6653,275233,,,,,,,,,,,,,,,,,,,,,,,,,,,,,,,movement_look_x_axis|movement_look_y_axis,,5.0,-4.0
6654,275267,,,,,,,,,,,,,,,,,,,,,,,,,,,,,,,,,0.0,0.0
6655,275300,,,,,,,,,,,,,,,,,,,,,,,,,,,,,,,,,0.0,0.0
6656,275333,,,,,,,,,,,,,,,,,,,,,,,,,,,,,,,,,0.0,0.0
6657,275367,,,,,,,,,,,,,,,,,,,,,,,,,,,,,,,,,0.0,0.0
6658,275400,,,,,,,,,,,,,,,,,,,,,,,,,,,,,,,,,0.0,0.0
6659,275433,,,,,,,,,,,,,,,,,,,,,,,,,,,,,,,,,0.0,0.0
6660,275467,,,,,,,,,,,,,,,,,,,,,,,,,,,,,,,,,0.0,0.0
6661,275500,,,,,,,,,,,,,,,,,,,,,,,,,,,,,,,,,0.0,0.0
6662,275533,,,,,,,,,,,,,,,,,,,,,,,,,,,,,,,,,0.0,0.0
6663,275567,,,,,,,,,,,,,,,,,,,,,,,,,,,,,,,,,0.0,0.0
6664,275600,,,,,,,,,,,,,,,,,,,,,,,,,,,,,,,,,0.0,0.0
6665,275633,,,,,,,,,,,,,,,,,,,,,,,,,,,,,,,,,0.0,0.0
6666,275667,,,,,,,,,,,,,,,,,,,,,,,,,,,,,,,,,0.0,0.0
6667,275700,,,,,,,,,,,,,,,,,,,,,,,,,,,,,,,,,0.0,0.0
6668,275733,,,,,,,,,,,,,,,,,,,,,,,,,,,,,,,,,0.0,0.0
6669,275800,,,,,,,,,,,,,,,,,,,,,,,,,,,,,,,,,0.0,0.0
6670,275833,,,,,,,,,,,,,,,,,,,,,,,,,,,,,,,,,0.0,0.0
6671,275867,,,,,,,,,,,,,,,,,,,,,,,,,,,,,,,movement_look_x_axis|movement_look_y_axis,,4.0,-3.0
6672,275933,,,,,,,,,,,,,,,,,,,,,,,,,,,,,,,,,0.0,0.0
6673,275967,,,,,,,,,,,,,,,,,,,,,,,,,,,,,,,,,0.0,0.0
6674,276000,,,,,,,,,,,,,,,,,,,,,,,,,,,,,,,,,0.0,0.0
6675,276033,,,,,,,,,,,,,,,,,,,,,,,,,,,,,,,,,0.0,0.0
6676,276067,,,,,,,,,,,,,,,,,,,,,,,,,,,,,,,,,0.0,0.0
6677,276100,,,,,,,,,,,,,,,,,,,,,,,,,,,,,,,,,0.0,0.0
6678,276133,,,,,,,,,,,,,,,,,,,,,,,,,,,,,,,,,0.0,0.0
6679,276233,,,,,,,,,,,,,,,,,,,,,,,,,,,,,,,,,0.0,0.0
6680,276267,,,,,,,,,,,,,,,,,,,,,,,,,,,,,,,,,0.0,0.0
6681,276300,,,,,,,,,,,,,,,,,,,,,,,,,,,,,,,,,0.0,0.0
6682,276333,,,,,,,,,,,,,,,,,,,,,,,,,,,,,,,,,0.0,0.0
6683,276367,,,,,,,,,,,,,,,,,,,,,,,,,,,,,,,,,0.0,0.0
6684,276400,,,,,,,,,,,,,,,,,,,,,,,,,,,,,,,,,0.0,0.0
6685,276433,,,,,,,,,,,,,,,,,,,,,,,,,,,,,,,,,0.0,0.0
6686,276467,,,,,,,,,,,,,,,,,,,,,,,,,,,,,,,,,0.0,0.0
6687,276500,,,,,,,,,,,,,,,,,,,,,,,,,,,,,,,,,0.0,0.0
6688,276533,,,,,,,,,,,,,,,,,,,,,,,,,,,,,,,,,0.0,0.0
6689,276567,,,,,,,,,,,,,,,,,,,,,,,,,,,,,,,,,0.0,0.0
6690,276600,,,,,,,,,,,,,,,,,,,,,,,,,,,,,,,,,0.0,0.0
6691,276667,,,,,,,,,,,,,,,,,,,,,,,,,,,,,,,,,0.0,0.0
6692,276700,,,,,,,,,,,,,,,,,,,,,,,,,,,,,,,,,0.0,0.0
6693,276733,,,,,,,,,,,,,,,,,,,,,,,,,,,,,,,,,0.0,0.0
6694,276767,,,,,,,,,,,,,,,,,,,,,,,,,,,,,,,,,0.0,0.0
6695,276800,,,,,,,,,,,,,,,,,,,,,,,,,,,,,,,,,0.0,0.0
6696,276833,,,,,,,,,,,,,,,,,,,,,,,,,,,,,,,,,0.0,0.0
6697,276867,,,,,,,,,,,,,,,,,,,,,,,,,,,,,,,,,0.0,0.0
6698,276933,,,,,,,,,,,,,,,,,,,,,,,,,,,,,,,,,0.0,0.0
6699,276967,,,,,,,,,,,,,,,,,,,,,,,,,,,,,,,,,0.0,0.0
6700,277033,,,,,,,,,,,,,,,,,,,,,,,,,,,,,,,,,0.0,0.0
6701,277067,,,,,,,,,,,,,,,,,,,,,,,,,,,,,,,,,0.0,0.0
6702,277100,,,,,,,,,,,,,,,,,,,,,,,,,,,,,,,,,0.0,0.0
6703,277133,,,,,,,,,,,,,,,,,,,,,,,,,,,,,,,,,0.0,0.0
6704,277167,,,,,,,,,,,,,,,,,,,,,,,,,,,,,,,,,0.0,0.0
6705,277200,,,,,,,,,,,,,,,,,,,,,,,,,,,,,,,,,0.0,0.0
6706,277233,,,,,,,,,,,,,,,,,,,,,,,,,,,,,,,,,0.0,0.0
6707,277267,,,,,,,,,,,,,,,,,,,,,,,,,,,,,,,,,0.0,0.0
6708,277300,,,,,,,,,,,,,,,,,,,,,,,,,,,,,,,,,0.0,0.0
6709,277333,,,,,,,,,,,,,,,,,,,,,,,,,,,,,,,,,0.0,0.0
6710,277367,,,,,,,,,,,,,,,,,,,,,,,,,,,,,,,,,0.0,0.0
6711,277400,,,,,,,,,,,,,,,,,,,,,,,,,,,,,,,,,0.0,0.0
6712,277433,,,,,,,,,,,,,,,,,,,,,,,,,,,,,,,,,0.0,0.0
6713,277500,,,,,,,,,,,,,,,,,,,,,,,,,,,,,,,,,0.0,0.0
6714,277533,,,,,,,,,,,,,,,,,,,,,,,,,,,,,,,,,0.0,0.0
6715,277567,,,,,,,,,,,,,,,,,,,,,,,,,,,,,,,,,0.0,0.0
6716,277600,,,,,,,,,,,,,,,,,,,,,,,,,,,,,,,,,0.0,0.0
6717,277633,,,,,,,,,,,,,,,,,,,,,,,,,,,,,,,,,0.0,0.0
6718,277667,,,,,,,,,,,,,,,,,,,,,,,,,,,,,,,,,0.0,0.0
6719,277700,,,,,,,,,,,,,,,,,,,,,,,,,,,,,,,,,0.0,0.0
6720,277733,,,,,,,,,,,,,,,,,,,,,,,,,,,,,,,,,0.0,0.0
6721,277767,,,,,,,,,,,,,,,,,,,,,,,,,,,,,,,,,0.0,0.0
6722,277800,,,,,,,,,,,,,,,,,,,,,,,,,,,,,,,,,0.0,0.0
6723,277833,,,,,,,,,,,,,,,,,,,,,,,,,,,,,,,,,0.0,0.0
6724,277933,,,,,,,,,,,,,,,,,,,,,,,,,,,,,,,,,0.0,0.0
6725,277967,,,,,,,,,,,,,,,,,,,,,,,,,,,,,,,,,0.0,0.0
6726,278000,,,,,,,,,,,,,,,,,,,,,,,,,,,,,,,,,0.0,0.0
6727,278033,,,,,,,,,,,,,,,,,,,,,,,,,,,,,,,,,0.0,0.0
6728,278067,,,,,,,,,,,,,,,,,,,,,,,,,,,,,,,,,0.0,0.0
6729,278100,,,,,,,,,,,,,,,,,,,,,,,,,,,,,,,,,0.0,0.0
6730,278133,,,,,,,,,,,,,,,,,,,,,,,,,,,,,,,,,0.0,0.0
6731,278167,,,,,,,,,,,,,,,,,,,,,,,,,,,,,,,,,0.0,0.0
6732,278200,,,,,,,,,,,,,,,,,,,,,,,,,,,,,,,,,0.0,0.0
6733,278233,,,,,,,,,,,,,,,,,,,,,,,,,,,,,,,,,0.0,0.0
6734,278267,,,,,,,,,,,,,,,,,,,,,,,,,,,,,,,,,0.0,0.0
6735,278333,,,,,,,,,,,,,,,,,,,,,,,,,,,,,,,,,0.0,0.0
6736,278367,,,,,,,,,,,,,,,,,,,,,,,,,,,,,,,,,0.0,0.0
6737,278400,,,,,,,,,,,,,,,,,,,,,,,,,,,,,,,,,0.0,0.0
6738,278433,,,,,,,,,,,,,,,,,,,,,,,,,,,,,,,,,0.0,0.0
6739,278467,,,,,,,,,,,,,,,,,,,,,,,,,,,,,,,,,0.0,0.0
6740,278500,,,,,,,,,,,,,,,,,,,,,,,,,,,,,,,,,0.0,0.0
6741,278533,,,,,,,,,,,,,,,,,,,,,,,,,,,,,,,,,0.0,0.0
6742,278567,,,,,,,,,,,,,,,,,,,,,,,,,,,,,,,,,0.0,0.0
6743,278600,,,,,,,,,,,,,,,,,,,,,,,,,,,,,,,,,0.0,0.0
6744,278633,,,,,,,,,,,,,,,,,,,,,,,,,,,,,,,,,0.0,0.0
6745,278667,,,,,,,,,,,,,,,,,,,,,,,,,,,,,,,,,0.0,0.0
6746,278733,,,,,,,,,,,,,,,,,,,,,,,,,,,,,,,,,0.0,0.0
6747,278767,,,,,,,,,,,,,,,,,,,,,,,,,,,,,,,,,0.0,0.0
6748,278800,,,,,,,,,,,,,,,,,,,,,,,,,,,,,,,,,0.0,0.0
6749,278833,,,,,,,,,,,,,,,,,,,,,,,,,,,,,,,,,0.0,0.0
6750,278867,,,,,,,,,,,,,,,,,,,,,,,,,,,,,,,,,0.0,0.0
6751,278933,,,,,,,,,,,,,,,,,,,,,,,,,,,,,,,,,0.0,0.0
6752,278967,,,,,,,,,,,,,,,,,,,,,,,,,,,,,,,,,0.0,0.0
6753,279000,,,,,,,,,,,,,,,,,,,,,,,,,,,,,,,,,0.0,0.0
6754,279033,,,,,,,,,,,,,,,,,,,,,,,,,,,,,,,,,0.0,0.0
6755,279100,,,,,,,,,,,,,,,,,,,,,,,,,,,,,,,,,0.0,0.0
6756,279133,,,,,,,,,,,,,,,,,,,,,,,,,,,,,,,,,0.0,0.0
6757,279167,,,,,,,,,,,,,,,,,,,,,,,,,,,,,,,,,0.0,0.0
6758,279200,,,,,,,,,,,,,,,,,,,,,,,,,,,,,,,,,0.0,0.0
6759,279233,,,,,,,,,,,,,,,,,,,,,,,,,,,,,,,,,0.0,0.0
6760,279267,,,,,,,,,,,,,,,,,,,,,,,,,,,,,,,,,0.0,0.0
6761,279300,,,,,,,,,,,,,,,,,,,,,,,,,,,,,,,,,0.0,0.0
6762,279333,,,,,,,,,,,,,,,,,,,,,,,,,,,,,,,,,0.0,0.0
6763,279367,,,,,,,,,,,,,,,,,,,,,,,,,,,,,,,,,0.0,0.0
6764,279400,,,,,,,,,,,,,,,,,,,,,,,,,,,,,,,,,0.0,0.0
6765,279433,,,,,,,,,,,,,,,,,,,,,,,,,,,,,,,,,0.0,0.0
6766,279500,,,,,,,,,,,,,,,,,,,,,,,,,,,,,,,,,0.0,0.0
6767,279533,,,,,,,,,,,,,,,,,,,,,,,,,,,,,,,,,0.0,0.0
6768,279567,,,,,,,,,,,,,,,,,,,,,,,,,,,,,,,,,0.0,0.0
6769,279600,,,,,,,,,,,,,,,,,,,,,,,,,,,,,,,,,0.0,0.0
6770,279633,,,,,,,,,,,,,,,,,,,,,,,,,,,,,,,,,0.0,0.0
6771,279667,,,,,,,,,,,,,,,,,,,,,,,,,,,,,,,,,0.0,0.0
6772,279700,,,,,,,,,,,,,,,,,,,,,,,,,,,,,,,,,0.0,0.0
6773,279733,,,,,,,,,,,,,,,,,,,,,,,,,,,,,,,,,0.0,0.0
6774,279800,,,,,,,,,,,,,,,,,,,,,,,,,,,,,,,,,0.0,0.0
6775,279833,,,,,,,,,,,,,,,,,,,,,,,,,,,,,,,,,0.0,0.0
6776,279867,,,,,,,,,,,,,,,,,,,,,,,,,,,,,,,,,0.0,0.0
6777,279900,,,,,,,,,,,,,,,,,,,,,,,,,,,,,,,,,0.0,0.0
6778,279933,,,,,,,,,,,,,,,,,,,,,,,,,,,,,,,,,0.0,0.0
6779,279967,,,,,,,,,,,,,,,,,,,,,,,,,,,,,,,,,0.0,0.0
6780,280000,,,,,,,,,,,,,,,,,,,,,,,,,,,,,,,,,0.0,0.0
6781,280067,,,,,,,,,,,,,,,,,,,,,,,,,,,,,,,,,0.0,0.0
6782,280100,,,,,,,,,,,,,,,,,,,,,,,,,,,,,,,,,0.0,0.0
6783,280133,,,,,,,,,,,,,,,,,,,,,,,,,,,,,,,,,0.0,0.0
6784,280167,,,,,,,,,,,,,,,,,,,,,,,,,,,,,,,,,0.0,0.0
6785,280200,,,,,,,,,,,,,,,,,,,,,,,,,,,,,,,,,0.0,0.0
6786,280233,,,,,,,,,,,,,,,,,,,,,,,,,,,,,,,,,0.0,0.0
6787,280267,,,,,,,,,,,,,,,,,,,,,,,,,,,,,,,,,0.0,0.0
6788,280300,,,,,,,,,,,,,,,,,,,,,,,,,,,,,,,,,0.0,0.0
6789,280333,,,,,,,,,,,,,,,,,,,,,,,,,,,,,,,,,0.0,0.0
6790,280367,,,,,,,,,,,,,,,,,,,,,,,,,,,,,,,,,0.0,0.0
6791,280400,,,,,,,,,,,,,,,,,,,,,,,,,,,,,,,,,0.0,0.0
6792,280433,,,,,,,,,,,,,,,,,,,,,,,,,,,,,,,,,0.0,0.0
6793,280467,,,,,,,,,,,,,,,,,,,,,,,,,,,,,,,,,0.0,0.0
6794,280500,,,,,,,,,,,,,,,,,,,,,,,,,,,,,,,,,0.0,0.0
6795,280567,,,,,,,,,,,,,,,,,,,,,,,,,,,,,,,,,0.0,0.0
6796,280600,,,,,,,,,,,,,,,,,,,,,,,,,,,,,,,,,0.0,0.0
6797,280633,,,,,,,,,,,,,,,,,,,,,,,,,,,,,,,,,0.0,0.0
6798,280667,,,,,,,,,,,,,,,,,,,,,,,,,,,,,,,,,0.0,0.0
6799,280700,,,,,,,,,,,,,,,,,,,,,,,,,,,,,,,,,0.0,0.0
6800,280733,,,,,,,,,,,,,,,,,,,,,,,,,,,,,,,,,0.0,0.0
6801,280767,,,,,,,,,,,,,,,,,,,,,,,,,,,,,,,,,0.0,0.0
6802,280800,,,,,,,,,,,,,,,,,,,,,,,,,,,,,,,,,0.0,0.0
6803,280833,,,,,,,,,,,,,,,,,,,,,,,,,,,,,,,,,0.0,0.0
6804,280867,,,,,,,,,,,,,,,,,,,,,,,,,,,,,,,,,0.0,0.0
6805,280900,,,,,,,,,,,,,,,,,,,,,,,,,,,,,,,,,0.0,0.0
6806,280933,,,,,,,,,,,,,,,,,,,,,,,,,,,,,,,,,0.0,0.0
6807,281000,,,,,,,,,,,,,,,,,,,,,,,,,,,,,,,,,0.0,0.0
6808,281033,,,,,,,,,,,,,,,,,,,,,,,,,,,,,,,,,0.0,0.0
6809,281067,,,,,,,,,,,,,,,,,,,,,,,,,,,,,,,,,0.0,0.0
6810,281100,,,,,,,,,,,,,,,,,,,,,,,,,,,,,,,,,0.0,0.0
6811,281133,,,,,,,,,,,,,,,,,,,,,,,,,,,,,,,,,0.0,0.0
6812,281167,,,,,,,,,,,,,,,,,,,,,,,,,,,,,,,,,0.0,0.0
6813,281200,,,,,,,,,,,,,,,,,,,,,,,,,,,,,,,,,0.0,0.0
6814,281233,,,,,,,,,,,,,,,,,,,,,,,,,,,,,,,movement_look_x_axis|movement_look_y_axis,,11.0,-11.0
6815,281267,,,,,,,,,,,,,,,,,,,,,,,,,,,,,,,movement_look_x_axis|movement_look_y_axis,,35.0,-29.0
6816,281333,,,,,,,,,,,,,,,,,,,,,,,,,,,,,,,,,0.0,0.0
6817,281367,,,,,,,,,,,,,,,,,,,,,,,,,,,,,,,movement_look_x_axis|movement_look_y_axis,,2.0,-1.0
6818,281400,,,,,,,,,,,,,,,,,,,,,,,,,,,,,,,movement_look_x_axis|movement_look_y_axis,,22.0,-20.0
6819,281433,,,,,,,,,,,,,,,,,,,,,,,,,,,,,,,movement_look_x_axis|movement_look_y_axis,,68.0,-12.0
6820,281467,,,,,,,,,,,,,,,,,,,,,,,,,,,,,,,movement_look_x_axis|movement_look_y_axis,,169.0,-5.0
6821,281500,,,,,,,,,,,,,,,,,,,,,,,,,,,,,,,,,0.0,0.0
6822,281533,,,,,,,,,,,,,,,,,,,,,,,,,,,,,,,movement_look_x_axis,,172.0,0.0
6823,281567,,,,,,,,,,,,,,,,,,,,,,,,,,,,,,,movement_look_x_axis|movement_look_y_axis,,166.0,-1.0
6824,281600,,,,,,,,,,,,,,,,,,,,,,,,,,,,,,,movement_look_x_axis,,127.0,0.0
6825,281633,,,,,,,,,,,,,,,,,,,,,,,,,,,,,,,movement_look_x_axis|movement_look_y_axis,,107.0,5.0
6826,281700,,,,,,,,,,,,,,,,,,,,,,,,,,,,,,,movement_look_x_axis|movement_look_y_axis,,66.0,12.0
6827,281733,,,,,,,,,,,,,,,,,,,,,,,,,,,,,,,movement_look_x_axis|movement_look_y_axis,,26.0,5.0
6828,281767,,,,,,,,,,,,,,,,,,,,,,,,,,,,,,,movement_look_x_axis,,2.0,0.0
6829,281800,,,,,,,,,,,,,,,,,,,,,,,,,,,,,,,movement_look_x_axis|movement_look_y_axis,,1.0,1.0
6830,281833,,,,,,,,,,,,,,,,,,,,,,,,,,,,,,,movement_look_x_axis|movement_look_y_axis,,-2.0,1.0
6831,281867,,,,,,,,,,,,,,,,,,,,,,,,,,,,,,,,,0.0,0.0
6832,281900,,,,,,,,,,,,,,,,,,,,,,,,,,,,,,,,,0.0,0.0
6833,281933,,,,,,,,,,,,,,,,,,,,,,,,,,,,,,,,,0.0,0.0
6834,281967,,,,,,,,,,,,,,,,,,,,,,,,,,,,,,,,,0.0,0.0
6835,282000,,,,,,,,,,,,,,,,,,,,,,,,,,,,,,,movement_look_x_axis,,-10.0,0.0
6836,282067,,,,,,,,,,,,,,,,,,,,,,,,,,,,,,,movement_look_x_axis,,-2.0,0.0
6837,282100,,,,,,,,,,,,,,,,,,,,,,,,,,,,,,,movement_look_x_axis,,-2.0,0.0
6838,282133,,,,,,,,,,,,,,,,,,,,,,,,,,,,,,,movement_look_x_axis,,-30.0,0.0
6839,282167,,,,,,,,,,,,,,,,,,,,,,,,,,,,,,,movement_look_x_axis,,-54.0,0.0
6840,282200,,,,,,,,,,,,,,,,,,,,,,,,,,,,,,,movement_look_x_axis,,-87.0,0.0
6841,282233,,,,,,,,,,,,,,,,,,,,,,,,,,,,,,,,,0.0,0.0
6842,282267,,,,,,,,,,,,,,,,,,,,,,,,,,,,,,,movement_look_x_axis,,-38.0,0.0
6843,282300,,,,,,,,,,,,,,,,,,,,,,,,,,,,,,,movement_look_x_axis|movement_look_y_axis,,-22.0,-5.0
6844,282333,,,,,,,,,,,,,,,,,,,,,,,,,,,,,,,movement_look_x_axis,,-1.0,0.0
6845,282367,,,,,,,,,,,,,,,,,,,,,,,,,,,,,,,,,0.0,0.0
6846,282400,,,,,,,,,,,,,,,,,,,,,,,,,,,,,,,movement_look_x_axis|movement_look_y_axis,,-2.0,-1.0
6847,282433,,,,,,,,,,,,,,,,,,,,,,,,,,,,,,,movement_look_x_axis|movement_look_y_axis,,-4.0,-2.0
6848,282467,,,,,,,,,,,,,,,,,,,,,,,,,,,,,,,movement_look_x_axis|movement_look_y_axis,,-3.0,-1.0
6849,282533,,,,,,,,,,,,,,,,,,,,,,,,,,,,,,,,,0.0,0.0
6850,282567,,,,,,,,,,,,,,,,,,,,,,,,,,,,,,,,,0.0,0.0
6851,282600,,,,,,,,,,,,,,,,,,,,,,,,,,,,,,,,,0.0,0.0
6852,282633,,,,,,,,,,,,,,,,,,,,,,,,,,,,,,,,,0.0,0.0
6853,282667,,,,,,,,,,,,,,,,,,,,,,,,,,,,,,,,,0.0,0.0
6854,282700,,,,,,,,,,,,,,,,,,,,,,,,,,,,,,,,,0.0,0.0
6855,282733,,,,,,,,,,,,,,,,,,,,,,,,,,,,,,,,,0.0,0.0
6856,282767,,,,,,,,,,,,,,,,,,,,,,,,,,,,,,,,,0.0,0.0
6857,282800,,,,,,,,,,,,,,,,,,,,,,,,,,,,,,,,,0.0,0.0
6858,282867,,,,,,,,,,,,,,,,,,,,,,,,,,,,,,,,,0.0,0.0
6859,282900,,,,,,,,,,,,,,,,,,,,,,,,,,,,,,,,,0.0,0.0
6860,282933,,,,,,,,,,,,,,,,,,,,,,,,,,,,,,,,,0.0,0.0
6861,282967,,,,,,,,,,,,,,,,,,,,,,,,,,,,,,,,,0.0,0.0
6862,283000,,,,,,,,,,,,,,,,,,,,,,,,,,,,,,,,,0.0,0.0
6863,283033,,,,,,,,,,,,,,,,,,,,,,,,,,,,,,Q,general_cancel,,0.0,0.0
6864,283067,,,,,,,,,,,,,,,,,,,,,,,,,,,,,,Q,general_cancel,,0.0,0.0
6865,283100,,,,,,,,,,,,,,,,,,,,,,,,,,,,,,Q,general_cancel,,0.0,0.0
6866,283133,,,,,,,,,,,,,,,,,,,,,,,,,,,,,,Q,general_cancel,,0.0,0.0
6867,283167,,,,,,,,,,,,,,,,,,,,,,,,,,,,,,Q,general_cancel,,0.0,0.0
6868,283233,,,,,,,,,,,,,,,,,,,,,,,,,,,,,,,,,0.0,0.0
6869,283267,,,,,,,,,,,,,,,,,,,,,,,,,,,,,,,,,0.0,0.0
6870,283300,,,,,,,,,,,,,,,,,,,,,,,,,,,,,,,,,0.0,0.0
6871,283333,,,,,,,,,,,,,,,,,,,,,,,,,,,,,,,,,0.0,0.0
6872,283367,,,,,,,,,,,,,,,,,,,,,,,,,,,,,,,,,0.0,0.0
6873,283400,,,,,,,,,,,,,,,,,,,,,,,,,,,,,,,,,0.0,0.0
6874,283433,,,,,,,,,,,,,,,,,,,,,,,,,,,,,,,,,0.0,0.0
6875,283467,,,,,,,,,,,,,,,,,,,,,,,,,,,,,,,,,0.0,0.0
6876,283500,,,,,,,,,,,,,,,,,,,,,,,,,,,,,,,,,0.0,0.0
6877,283567,,,,,,,,,,,,,,,,,,,,,,,,,,,,,,,,,0.0,0.0
6878,283600,,,,,,,,,,,,,,,,,,,,,,,,,,,,,,,,,0.0,0.0
6879,283633,,,,,,,,,,,,,,,,,,,,,,,,,,,,,,,,,0.0,0.0
6880,283700,,,,,,,,,,,,,,,,,,,,,,,,,,,,,,,,,0.0,0.0
6881,283733,,,,,,,,,,,,,,,,,,,,,,,,,,,,,,,,,0.0,0.0
6882,283767,,,,,,,,,,,,,,,,,,,,,,,,,,,,,,,,,0.0,0.0
6883,283800,,,,,,,,,,,,,,,,,,,,,,,,,,,,,,,,,0.0,0.0
6884,283833,,,,,,,,,,,,,,,,,,,,,,,,,,,,,,Q,general_cancel,,0.0,0.0
6885,283867,,,,,,,,,,,,,,,,,,,,,,,,,,,,,,Q,general_cancel,,0.0,0.0
6886,283900,,,,,,,,,,,,,,,,,,,,,,,,,,,,,,Q,general_cancel,,0.0,0.0
6887,283933,,,,,,,,,,,,,,,,,,,,,,,,,,,,,,Q,general_cancel,,0.0,0.0
6888,283967,,,,,,,,,,,,,,,,,,,,,,,,,,,,,,Q,general_cancel,,0.0,0.0
6889,284033,,,,,,,,,,,,,,,,,,,,,,,,,,,,,,,,,0.0,0.0
6890,284067,,,,,,,,,,,,,,,,,,,,,,,,,,,,,,,,,0.0,0.0
6891,284100,,,,,,,,,,,,,,,,,,,,,,,,,,,,,,,,,0.0,0.0
6892,284133,,,,,,,,,,,,,,,,,,,,,,,,,,,,,,,,,0.0,0.0
6893,284167,,,,,,,,,,,,,,,,,,,,,,,,,,,,,,,,,0.0,0.0
6894,284200,,,,,,,,,,,,,,,,,,,,,,,,,,,,,,,,,0.0,0.0
6895,284233,,,,,,,,,,,,,,,,,,,,,,,,,,,,,,,,,0.0,0.0
6896,284267,,,,,,,,,,,,,,,,,,,,,,,,,,,,,,,,,0.0,0.0
6897,284300,,,,,,,,,,,,,,,,,,,,,,,,,,,,,,,,,0.0,0.0
6898,284333,,,,,,,,,,,,,,,,,,,,,,,,,,,,,,,,,0.0,0.0
6899,284367,,,,,,,,,,,,,,,,,,,,,,,,,,,,,,,,,0.0,0.0
6900,284400,,,,,,,,,,,,,,,,,,,,,,,,,,,,,,,,,0.0,0.0
6901,284433,,,,,,,,,,,,,,,,,,,,,,,,,,,,,,,,,0.0,0.0
6902,284467,,,,,,,,,,,,,,,,,,,,,,,,,,,,,,,,,0.0,0.0
6903,284533,,,,,,,,,,,,,,,,,,,,,,,,,,,,,,,,,0.0,0.0
6904,284567,,,,,,,,,,,,,,,,,,,,,,,,,,,,,,W,movement_move_y_axis,,0.0,0.0
6905,284600,,,,,,,,,,,,,,,,,,,,,,,,,,,,,,W,movement_move_y_axis,,0.0,0.0
6906,284633,,,,,,,,,,,,,,,,,,,,,,,,,,,,,,W,movement_move_y_axis,,0.0,0.0
6907,284667,,,,,,,,,,,,,,,,,,,,,,,,,,,,,,W,movement_move_y_axis,,0.0,0.0
6908,284700,,,,,,,,,,,,,,,,,,,,,,,,,,,,,,W,movement_move_y_axis,,0.0,0.0
6909,284733,,,,,,,,,,,,,,,,,,,,,,,,,,,,,,W,movement_move_y_axis,,0.0,0.0
6910,284767,,,,,,,,,,,,,,,,,,,,,,,,,,,,,,W,movement_move_y_axis,,0.0,0.0
6911,284833,,,,,,,,,,,,,,,,,,,,,,,,,,,,,,,movement_look_x_axis|movement_look_y_axis,,-3.0,1.0
6912,284867,,,,,,,,,,,,,,,,,,,,,,,,,,,,,,,,,0.0,0.0
6913,284900,,,,,,,,,,,,,,,,,,,,,,,,,,,,,,,,,0.0,0.0
6914,284933,,,,,,,,,,,,,,,,,,,,,,,,,,,,,,,,,0.0,0.0
6915,284967,,,,,,,,,,,,,,,,,,,,,,,,,,,,,,,,,0.0,0.0
6916,285000,,,,,,,,,,,,,,,,,,,,,,,,,,,,,,,,,0.0,0.0
6917,285033,,,,,,,,,,,,,,,,,,,,,,,,,,,,,,,,,0.0,0.0
6918,285067,,,,,,,,,,,,,,,,,,,,,,,,,,,,,,,,,0.0,0.0
6919,285100,,,,,,,,,,,,,,,,,,,,,,,,,,,,,,,,,0.0,0.0
6920,285133,,,,,,,,,,,,,,,,,,,,,,,,,,,,,,,,,0.0,0.0
6921,285167,,,,,,,,,,,,,,,,,,,,,,,,,,,,,,,,,0.0,0.0
6922,285200,,,,,,,,,,,,,,,,,,,,,,,,,,,,,,,,,0.0,0.0
6923,285233,,,,,,,,,,,,,,,,,,,,,,,,,,,,,,,,,0.0,0.0
6924,285267,,,,,,,,,,,,,,,,,,,,,,,,,,,,,,,,,0.0,0.0
6925,285300,,,,,,,,,,,,,,,,,,,,,,,,,,,,,,,,,0.0,0.0
6926,285367,,,,,,,,,,,,,,,,,,,,,,,,,,,,,,,,,0.0,0.0
6927,285400,,,,,,,,,,,,,,,,,,,,,,,,,,,,,,,,,0.0,0.0
6928,285433,,,,,,,,,,,,,,,,,,,,,,,,,,,,,,,,,0.0,0.0
6929,285467,,,,,,,,,,,,,,,,,,,,,,,,,,,,,,,,,0.0,0.0
6930,285500,,,,,,,,,,,,,,,,,,,,,,,,,,,,,,,,,0.0,0.0
6931,285533,,,,,,,,,,,,,,,,,,,,,,,,,,,,,,,,,0.0,0.0
6932,285567,,,,,,,,,,,,,,,,,,,,,,,,,,,,,,,,,0.0,0.0
6933,285600,,,,,,,,,,,,,,,,,,,,,,,,,,,,,,,,,0.0,0.0
6934,285633,,,,,,,,,,,,,,,,,,,,,,,,,,,,,,,,,0.0,0.0
6935,285667,,,,,,,,,,,,,,,,,,,,,,,,,,,,,,,,,0.0,0.0
6936,285700,,,,,,,,,,,,,,,,,,,,,,,,,,,,,,,,,0.0,0.0
6937,285733,,,,,,,,,,,,,,,,,,,,,,,,,,,,,,,,,0.0,0.0
6938,285800,,,,,,,,,,,,,,,,,,,,,,,,,,,,,,,,,0.0,0.0
6939,285833,,,,,,,,,,,,,,,,,,,,,,,,,,,,,,,,,0.0,0.0
6940,285867,,,,,,,,,,,,,,,,,,,,,,,,,,,,,,,,,0.0,0.0
6941,285900,,,,,,,,,,,,,,,,,,,,,,,,,,,,,,,,,0.0,0.0
6942,285933,,,,,,,,,,,,,,,,,,,,,,,,,,,,,,,,,0.0,0.0
6943,285967,,,,,,,,,,,,,,,,,,,,,,,,,,,,,,,,,0.0,0.0
6944,286000,,,,,,,,,,,,,,,,,,,,,,,,,,,,,,,,,0.0,0.0
6945,286033,,,,,,,,,,,,,,,,,,,,,,,,,,,,,,,,,0.0,0.0
6946,286067,,,,,,,,,,,,,,,,,,,,,,,,,,,,,,,,,0.0,0.0
6947,286100,,,,,,,,,,,,,,,,,,,,,,,,,,,,,,,,,0.0,0.0
6948,286133,,,,,,,,,,,,,,,,,,,,,,,,,,,,,,,,,0.0,0.0
6949,286167,,,,,,,,,,,,,,,,,,,,,,,,,,,,,,,,,0.0,0.0
6950,286200,,,,,,,,,,,,,,,,,,,,,,,,,,,,,,Esc,general_pause,,0.0,0.0
6951,286233,,,,,,,,,,,,,,,,,,,,,,,,,,,,,,Esc,general_pause,,0.0,0.0
6952,286300,,,,,,,,,,,,,,,,,,,,,,,,,,,,,,Esc,general_pause,,0.0,0.0
6953,286333,,,,,,,,,,,,,,,,,,,,,,,,,,,,,,,,,0.0,0.0
6954,286367,,,,,,,,,,,,,,,,,,,,,,,,,,,,,,,,,0.0,0.0
6955,286400,,,,,,,,,,,,,,,,,,,,,,,,,,,,,,,,,0.0,0.0
6956,286433,,,,,,,,,,,,,,,,,,,,,,,,,,,,,,,,,0.0,0.0
6957,286467,,,,,,,,,,,,,,,,,,,,,,,,,,,,,,,,,0.0,0.0
6958,286500,,,,,,,,,,,,,,,,,,,,,,,,,,,,,,,,,0.0,0.0
6959,286533,,,,,,,,,,,,,,,,,,,,,,,,,,,,,,,,,0.0,0.0
6960,286567,,,,,,,,,,,,,,,,,,,,,,,,,,,,,,,,,0.0,0.0
6961,286600,,,,,,,,,,,,,,,,,,,,,,,,,,,,,,,,,0.0,0.0
6962,286667,,,,,,,,,,,,,,,,,,,,,,,,,,,,,,,,,0.0,0.0
6963,286700,,,,,,,,,,,,,,,,,,,,,,,,,,,,,,,,,0.0,0.0
6964,286733,,,,,,,,,,,,,,,,,,,,,,,,,,,,,,,,,0.0,0.0
6965,286767,,,,,,,,,,,,,,,,,,,,,,,,,,,,,,,,,0.0,0.0
6966,286800,,,,,,,,,,,,,,,,,,,,,,,,,,,,,,Esc,general_pause,,0.0,0.0
6967,286833,,,,,,,,,,,,,,,,,,,,,,,,,,,,,,Esc,general_pause,,0.0,0.0
6968,286867,,,,,,,,,,,,,,,,,,,,,,,,,,,,,,Esc,general_pause,,0.0,0.0
6969,286900,,,,,,,,,,,,,,,,,,,,,,,,,,,,,,Esc,general_pause,,0.0,0.0
6970,286933,,,,,,,,,,,,,,,,,,,,,,,,,,,,,,Esc,general_pause,,0.0,0.0
6971,286967,,,,,,,,,,,,,,,,,,,,,,,,,,,,,,,,,0.0,0.0
6972,287033,,,,,,,,,,,,,,,,,,,,,,,,,,,,,,,,,0.0,0.0
6973,287067,,,,,,,,,,,,,,,,,,,,,,,,,,,,,,,,,0.0,0.0
6974,287100,,,,,,,,,,,,,,,,,,,,,,,,,,,,,,,,,0.0,0.0
6975,287133,,,,,,,,,,,,,,,,,,,,,,,,,,,,,,,,,0.0,0.0
6976,287167,,,,,,,,,,,,,,,,,,,,,,,,,,,,,,,,,0.0,0.0
6977,287200,,,,,,,,,,,,,,,,,,,,,,,,,,,,,,,,,0.0,0.0
6978,287233,,,,,,,,,,,,,,,,,,,,,,,,,,,,,,,,,0.0,0.0
6979,287267,,,,,,,,,,,,,,,,,,,,,,,,,,,,,,,,,0.0,0.0
6980,287300,,,,,,,,,,,,,,,,,,,,,,,,,,,,,,,,,0.0,0.0
6981,287367,,,,,,,,,,,,,,,,,,,,,,,,,,,,,,,,,0.0,0.0
6982,287400,,,,,,,,,,,,,,,,,,,,,,,,,,,,,,,,,0.0,0.0
6983,287433,,,,,,,,,,,,,,,,,,,,,,,,,,,,,,,,,0.0,0.0
6984,287467,,,,,,,,,,,,,,,,,,,,,,,,,,,,,,,,,0.0,0.0
6985,287500,,,,,,,,,,,,,,,,,,,,,,,,,,,,,,,,,0.0,0.0
6986,287533,,,,,,,,,,,,,,,,,,,,,,,,,,,,,,,,,0.0,0.0
6987,287567,,,,,,,,,,,,,,,,,,,,,,,,,,,,,,,,,0.0,0.0
6988,287600,,,,,,,,,,,,,,,,,,,,,,,,,,,,,,,,,0.0,0.0
6989,287633,,,,,,,,,,,,,,,,,,,,,,,,,,,,,,,,,0.0,0.0
6990,287667,,,,,,,,,,,,,,,,,,,,,,,,,,,,,,,,,0.0,0.0
6991,287700,,,,,,,,,,,,,,,,,,,,,,,,,,,,,,,,,0.0,0.0
6992,287733,,,,,,,,,,,,,,,,,,,,,,,,,,,,,,,,,0.0,0.0
6993,287767,,,,,,,,,,,,,,,,,,,,,,,,,,,,,,,,,0.0,0.0
6994,287833,,,,,,,,,,,,,,,,,,,,,,,,,,,,,,,,,0.0,0.0
6995,287867,,,,,,,,,,,,,,,,,,,,,,,,,,,,,,,,,0.0,0.0
6996,287900,,,,,,,,,,,,,,,,,,,,,,,,,,,,,,D,movement_move_x_axis,,0.0,0.0
6997,287933,,,,,,,,,,,,,,,,,,,,,,,,,,,,,,D,movement_move_x_axis,,0.0,0.0
6998,287967,,,,,,,,,,,,,,,,,,,,,,,,,,,,,,D,movement_move_x_axis,,0.0,0.0
6999,288000,,,,,,,,,,,,,,,,,,,,,,,,,,,,,,D,movement_move_x_axis,,0.0,0.0
7000,288033,,,,,,,,,,,,,,,,,,,,,,,,,,,,,,D,movement_move_x_axis,,0.0,0.0
7001,288067,,,,,,,,,,,,,,,,,,,,,,,,,,,,,,D,movement_move_x_axis,,0.0,0.0
7002,288100,,,,,,,,,,,,,,,,,,,,,,,,,,,,,,D,movement_move_x_axis,,0.0,0.0
7003,288167,,,,,,,,,,,,,,,,,,,,,,,,,,,,,,D,movement_move_x_axis,,0.0,0.0
7004,288200,,,,,,,,,,,,,,,,,,,,,,,,,,,,,,D,movement_move_x_axis,,0.0,0.0
7005,288233,,,,,,,,,,,,,,,,,,,,,,,,,,,,,,D,movement_move_x_axis,,0.0,0.0
7006,288267,,,,,,,,,,,,,,,,,,,,,,,,,,,,,,D,movement_move_x_axis,,0.0,0.0
7007,288300,,,,,,,,,,,,,,,,,,,,,,,,,,,,,,D,movement_move_x_axis,,0.0,0.0
7008,288333,,,,,,,,,,,,,,,,,,,,,,,,,,,,,,D,movement_move_x_axis,,0.0,0.0
7009,288367,,,,,,,,,,,,,,,,,,,,,,,,,,,,,,D,movement_move_x_axis,,0.0,0.0
7010,288400,,,,,,,,,,,,,,,,,,,,,,,,,,,,,,D,movement_move_x_axis,,0.0,0.0
7011,288433,,,,,,,,,,,,,,,,,,,,,,,,,,,,,,,,,0.0,0.0
7012,288467,,,,,,,,,,,,,,,,,,,,,,,,,,,,,,,,,0.0,0.0
7013,288500,,,,,,,,,,,,,,,,,,,,,,,,,,,,,,,,,0.0,0.0
7014,288533,,,,,,,,,,,,,,,,,,,,,,,,,,,,,,,,,0.0,0.0
7015,288600,,,,,,,,,,,,,,,,,,,,,,,,,,,,,,,,,0.0,0.0
7016,288633,,,,,,,,,,,,,,,,,,,,,,,,,,,,,,,,,0.0,0.0
7017,288667,,,,,,,,,,,,,,,,,,,,,,,,,,,,,,,,,0.0,0.0
7018,288700,,,,,,,,,,,,,,,,,,,,,,,,,,,,,,,,,0.0,0.0
7019,288733,,,,,,,,,,,,,,,,,,,,,,,,,,,,,,,,,0.0,0.0
7020,288767,,,,,,,,,,,,,,,,,,,,,,,,,,,,,,,,,0.0,0.0
7021,288800,,,,,,,,,,,,,,,,,,,,,,,,,,,,,,,,,0.0,0.0
7022,288833,,,,,,,,,,,,,,,,,,,,,,,,,,,,,,,,,0.0,0.0
7023,288867,,,,,,,,,,,,,,,,,,,,,,,,,,,,,,,,,0.0,0.0
7024,288900,,,,,,,,,,,,,,,,,,,,,,,,,,,,,,,,,0.0,0.0
7025,288933,,,,,,,,,,,,,,,,,,,,,,,,,,,,,,,,,0.0,0.0
7026,288967,,,,,,,,,,,,,,,,,,,,,,,,,,,,,,,,,0.0,0.0
7027,289033,,,,,,,,,,,,,,,,,,,,,,,,,,,,,,S,movement_move_y_axis,,0.0,0.0
7028,289067,,,,,,,,,,,,,,,,,,,,,,,,,,,,,,S,movement_move_y_axis,,0.0,0.0
7029,289100,,,,,,,,,,,,,,,,,,,,,,,,,,,,,,S,movement_move_y_axis,,0.0,0.0
7030,289133,,,,,,,,,,,,,,,,,,,,,,,,,,,,,,S,movement_move_y_axis,,0.0,0.0
7031,289167,,,,,,,,,,,,,,,,,,,,,,,,,,,,,,S,movement_move_y_axis,,0.0,0.0
7032,289200,,,,,,,,,,,,,,,,,,,,,,,,,,,,,,S,movement_move_y_axis,,0.0,0.0
7033,289233,,,,,,,,,,,,,,,,,,,,,,,,,,,,,,S,movement_move_y_axis,,0.0,0.0
7034,289267,,,,,,,,,,,,,,,,,,,,,,,,,,,,,,S,movement_move_y_axis,,0.0,0.0
7035,289333,,,,,,,,,,,,,,,,,,,,,,,,,,,,,,S,movement_move_y_axis,,0.0,0.0
7036,289367,,,,,,,,,,,,,,,,,,,,,,,,,,,,,,S,movement_move_y_axis,,0.0,0.0
7037,289400,,,,,,,,,,,,,,,,,,,,,,,,,,,,,,S,movement_move_y_axis,,0.0,0.0
7038,289433,,,,,,,,,,,,,,,,,,,,,,,,,,,,,,S,movement_move_y_axis,,0.0,0.0
7039,289467,,,,,,,,,,,,,,,,,,,,,,,,,,,,,,S,movement_move_y_axis,,0.0,0.0
7040,289500,,,,,,,,,,,,,,,,,,,,,,,,,,,,,,S,movement_move_y_axis,,0.0,0.0
7041,289533,,,,,,,,,,,,,,,,,,,,,,,,,,,,,,S,movement_move_y_axis,,0.0,0.0
7042,289567,,,,,,,,,,,,,,,,,,,,,,,,,,,,,,S,movement_move_y_axis,,0.0,0.0
7043,289600,,,,,,,,,,,,,,,,,,,,,,,,,,,,,,S,movement_move_y_axis,,0.0,0.0
7044,289667,,,,,,,,,,,,,,,,,,,,,,,,,,,,,,S,movement_move_y_axis,,0.0,0.0
7045,289700,,,,,,,,,,,,,,,,,,,,,,,,,,,,,,S,movement_move_y_axis,,0.0,0.0
7046,289733,,,,,,,,,,,,,,,,,,,,,,,,,,,,,,S,movement_move_y_axis,,0.0,0.0
7047,289767,,,,,,,,,,,,,,,,,,,,,,,,,,,,,,S,movement_move_y_axis,,0.0,0.0
7048,289800,,,,,,,,,,,,,,,,,,,,,,,,,,,,,,S,movement_move_y_axis,,0.0,0.0
7049,289833,,,,,,,,,,,,,,,,,,,,,,,,,,,,,,S,movement_move_y_axis,,0.0,0.0
7050,289867,,,,,,,,,,,,,,,,,,,,,,,,,,,,,,S,movement_move_y_axis,,0.0,0.0
7051,289900,,,,,,,,,,,,,,,,,,,,,,,,,,,,,,S,movement_move_y_axis,,0.0,0.0
7052,289933,,,,,,,,,,,,,,,,,,,,,,,,,,,,,,S,movement_move_y_axis,,0.0,0.0
7053,290000,,,,,,,,,,,,,,,,,,,,,,,,,,,,,,S,movement_move_y_axis,,0.0,0.0
7054,290033,,,,,,,,,,,,,,,,,,,,,,,,,,,,,,S,movement_move_y_axis,,0.0,0.0
7055,290067,,,,,,,,,,,,,,,,,,,,,,,,,,,,,,S,movement_move_y_axis,,0.0,0.0
7056,290100,,,,,,,,,,,,,,,,,,,,,,,,,,,,,,S,movement_move_y_axis,,0.0,0.0
7057,290133,,,,,,,,,,,,,,,,,,,,,,,,,,,,,,S,movement_move_y_axis|movement_look_x_axis|movement_look_y_axis,,-6.0,-1.0
7058,290167,,,,,,,,,,,,,,,,,,,,,,,,,,,,,,S,movement_move_y_axis,,0.0,0.0
7059,290200,,,,,,,,,,,,,,,,,,,,,,,,,,,,,,S,movement_move_y_axis|movement_look_x_axis|movement_look_y_axis,,-32.0,-10.0
7060,290233,,,,,,,,,,,,,,,,,,,,,,,,,,,,,,S,movement_move_y_axis|movement_look_x_axis|movement_look_y_axis,,-47.0,-9.0
7061,290267,,,,,,,,,,,,,,,,,,,,,,,,,,,,,,S,movement_move_y_axis|movement_look_x_axis|movement_look_y_axis,,-45.0,-10.0
7062,290300,,,,,,,,,,,,,,,,,,,,,,,,,,,,,,S,movement_move_y_axis|movement_look_x_axis|movement_look_y_axis,,-129.0,-25.0
7063,290367,,,,,,,,,,,,,,,,,,,,,,,,,,,,,,S,movement_move_y_axis|movement_look_x_axis|movement_look_y_axis,,-49.0,-11.0
7064,290400,,,,,,,,,,,,,,,,,,,,,,,,,,,,,,S,movement_move_y_axis|movement_look_x_axis|movement_look_y_axis,,-50.0,-10.0
7065,290433,,,,,,,,,,,,,,,,,,,,,,,,,,,,,,S,movement_move_y_axis|movement_look_x_axis|movement_look_y_axis,,-25.0,-6.0
7066,290467,,,,,,,,,,,,,,,,,,,,,,,,,,,,,,S,movement_move_y_axis|movement_look_x_axis|movement_look_y_axis,,-62.0,-12.0
7067,290500,,,,,,,,,,,,,,,,,,,,,,,,,,,,,,S,movement_move_y_axis|movement_look_x_axis|movement_look_y_axis,,-98.0,-19.0
7068,290533,,,,,,,,,,,,,,,,,,,,,,,,,,,,,,S,movement_move_y_axis,,0.0,0.0
7069,290567,,,,,,,,,,,,,,,,,,,,,,,,,,,,,,S,movement_move_y_axis|movement_look_x_axis|movement_look_y_axis,,-35.0,-7.0
7070,290600,,,,,,,,,,,,,,,,,,,,,,,,,,,,,,S,movement_move_y_axis|movement_look_x_axis|movement_look_y_axis,,-31.0,-8.0
7071,290633,,,,,,,,,,,,,,,,,,,,,,,,,,,,,,,movement_look_x_axis|movement_look_y_axis,,-29.0,-4.0
7072,290667,,,,,,,,,,,,,,,,,,,,,,,,,,,,,,,movement_look_x_axis,,-3.0,0.0
7073,290700,,,,,,,,,,,,,,,,,,,,,,,,,,,,,,,,,0.0,0.0
7074,290733,,,,,,,,,,,,,,,,,,,,,,,,,,,,,,,,,0.0,0.0
7075,290767,,,,,,,,,,,,,,,,,,,,,,,,,,,,,,,,,0.0,0.0
7076,290833,,,,,,,,,,,,,,,,,,,,,,,,,,,,,,,,,0.0,0.0
7077,290867,,,,,,,,,,,,,,,,,,,,,,,,,,,,,,,,,0.0,0.0
7078,290900,,,,,,,,,,,,,,,,,,,,,,,,,,,,,,,,,0.0,0.0
7079,290933,,,,,,,,,,,,,,,,,,,,,,,,,,,,,,,movement_look_x_axis|movement_look_y_axis,,-14.0,-10.0
7080,290967,,,,,,,,,,,,,,,,,,,,,,,,,,,,,,,movement_look_x_axis|movement_look_y_axis,,-38.0,-46.0
7081,291000,,,,,,,,,,,,,,,,,,,,,,,,,,,,,,,,,0.0,0.0
7082,291033,,,,,,,,,,,,,,,,,,,,,,,,,,,,,,,movement_look_x_axis|movement_look_y_axis,,-4.0,-9.0
7083,291100,,,,,,,,,,,,,,,,,,,,,,,,,,,,,,E,general_primary_interact|movement_look_x_axis|movement_look_y_axis,,-2.0,-2.0
7084,291133,,,,,,,,,,,,,,,,,,,,,,,,,,,,,,E,general_primary_interact,,0.0,0.0
7085,291167,,,,,,,,,,,,,,,,,,,,,,,,,,,,,,E,general_primary_interact,,0.0,0.0
7086,291200,,,,,,,,,,,,,,,,,,,,,,,,,,,,,,E,general_primary_interact,,0.0,0.0
7087,291233,,,,,,,,,,,,,,,,,,,,,,,,,,,,,,E,general_primary_interact,,0.0,0.0
7088,291267,,,,,,,,,,,,,,,,,,,,,,,,,,,,,,E,general_primary_interact,,0.0,0.0
7089,291333,,,,,,,,,,,,,,,,,,,,,,,,,,,,,,E,general_primary_interact,,0.0,0.0
7090,291367,,,,,,,,,,,,,,,,,,,,,,,,,,,,,,E,general_primary_interact,,0.0,0.0
7091,291400,,,,,,,,,,,,,,,,,,,,,,,,,,,,,,E,general_primary_interact,,0.0,0.0
7092,291433,,,,,,,,,,,,,,,,,,,,,,,,,,,,,,E,general_primary_interact,,0.0,0.0
7093,291467,,,,,,,,,,,,,,,,,,,,,,,,,,,,,,E,general_primary_interact,,0.0,0.0
7094,291500,,,,,,,,,,,,,,,,,,,,,,,,,,,,,,E,general_primary_interact,,0.0,0.0
7095,291533,,,,,,,,,,,,,,,,,,,,,,,,,,,,,,E,general_primary_interact,,0.0,0.0
7096,291567,,,,,,,,,,,,,,,,,,,,,,,,,,,,,,E,general_primary_interact,,0.0,0.0
7097,291600,,,,,,,,,,,,,,,,,,,,,,,,,,,,,,E,general_primary_interact,,0.0,0.0
7098,291633,,,,,,,,,,,,,,,,,,,,,,,,,,,,,,E,general_primary_interact,,0.0,0.0
7099,291667,,,,,,,,,,,,,,,,,,,,,,,,,,,,,,E,general_primary_interact,,0.0,0.0
7100,291733,,,,,,,,,,,,,,,,,,,,,,,,,,,,,,,,,0.0,0.0
7101,291767,,,,,,,,,,,,,,,,,,,,,,,,,,,,,,,,,0.0,0.0
7102,291800,,,,,,,,,,,,,,,,,,,,,,,,,,,,,,,,,0.0,0.0
7103,291833,,,,,,,,,,,,,,,,,,,,,,,,,,,,,,,,,0.0,0.0
7104,291867,,,,,,,,,,,,,,,,,,,,,,,,,,,,,,,,,0.0,0.0
7105,291900,,,,,,,,,,,,,,,,,,,,,,,,,,,,,,,,,0.0,0.0
7106,291933,,,,,,,,,,,,,,,,,,,,,,,,,,,,,,,,,0.0,0.0
7107,291967,,,,,,,,,,,,,,,,,,,,,,,,,,,,,,,,,0.0,0.0
7108,292000,,,,,,,,,,,,,,,,,,,,,,,,,,,,,,,,,0.0,0.0
7109,292233,,,,,,,,,,,,,,,,,,,,,,,,,,,,,,,,,0.0,0.0
7110,292300,,,,,,,,,,,,,,,,,,,,,,,,,,,,,,,,,0.0,0.0
7111,292333,,,,,,,,,,,,,,,,,,,,,,,,,,,,,,,,,0.0,0.0
7112,292367,,,,,,,,,,,,,,,,,,,,,,,,,,,,,,,,,0.0,0.0
7113,292400,,,,,,,,,,,,,,,,,,,,,,,,,,,,,,,,,0.0,0.0
7114,292467,,,,,,,,,,,,,,,,,,,,,,,,,,,,,,,,,0.0,0.0
7115,292500,,,,,,,,,,,,,,,,,,,,,,,,,,,,,,,,,0.0,0.0
7116,292533,,,,,,,,,,,,,,,,,,,,,,,,,,,,,,W,movement_move_y_axis,,0.0,0.0
7117,292567,,,,,,,,,,,,,,,,,,,,,,,,,,,,,,W,movement_move_y_axis,,0.0,0.0
7118,292633,,,,,,,,,,,,,,,,,,,,,,,,,,,,,,W,movement_move_y_axis,,0.0,0.0
7119,292733,,,,,,,,,,,,,,,,,,,,,,,,,,,,,,W,movement_move_y_axis,,0.0,0.0
7120,292767,,,,,,,,,,,,,,,,,,,,,,,,,,,,,,W,movement_move_y_axis,,0.0,0.0
7121,292833,,,,,,,,,,,,,,,,,,,,,,,,,,,,,,W,movement_move_y_axis,,0.0,0.0
7122,292867,,,,,,,,,,,,,,,,,,,,,,,,,,,,,,W,movement_move_y_axis,,0.0,0.0
7123,292900,,,,,,,,,,,,,,,,,,,,,,,,,,,,,,W,movement_move_y_axis,,0.0,0.0
7124,292933,,,,,,,,,,,,,,,,,,,,,,,,,,,,,,W,movement_move_y_axis,,0.0,0.0
7125,293033,,,,,,,,,,,,,,,,,,,,,,,,,,,,,,W,movement_move_y_axis,,0.0,0.0
7126,293067,,,,,,,,,,,,,,,,,,,,,,,,,,,,,,W,movement_move_y_axis,,0.0,0.0
7127,293100,,,,,,,,,,,,,,,,,,,,,,,,,,,,,,W,movement_move_y_axis,,0.0,0.0
7128,293133,,,,,,,,,,,,,,,,,,,,,,,,,,,,,,W,movement_move_y_axis,,0.0,0.0
7129,293167,,,,,,,,,,,,,,,,,,,,,,,,,,,,,,W,movement_move_y_axis,,0.0,0.0
7130,293200,,,,,,,,,,,,,,,,,,,,,,,,,,,,,,W,movement_move_y_axis,,0.0,0.0
7131,293267,,,,,,,,,,,,,,,,,,,,,,,,,,,,,,W,movement_move_y_axis,,0.0,0.0
7132,293300,,,,,,,,,,,,,,,,,,,,,,,,,,,,,,W,movement_move_y_axis,,0.0,0.0
7133,293333,,,,,,,,,,,,,,,,,,,,,,,,,,,,,,W,movement_move_y_axis,,0.0,0.0
7134,293400,,,,,,,,,,,,,,,,,,,,,,,,,,,,,,W,movement_move_y_axis,,0.0,0.0
7135,293433,,,,,,,,,,,,,,,,,,,,,,,,,,,,,,W,movement_move_y_axis,,0.0,0.0
7136,293467,,,,,,,,,,,,,,,,,,,,,,,,,,,,,,W,movement_move_y_axis,,0.0,0.0
7137,293500,,,,,,,,,,,,,,,,,,,,,,,,,,,,,,W,movement_move_y_axis,,0.0,0.0
7138,293533,,,,,,,,,,,,,,,,,,,,,,,,,,,,,,W,movement_move_y_axis|movement_look_x_axis|movement_look_y_axis,,-1.0,1.0
7139,293700,,,,,,,,,,,,,,,,,,,,,,,,,,,,,,W,movement_move_y_axis|movement_look_x_axis|movement_look_y_axis,,2.0,4.0
7140,293733,,,,,,,,,,,,,,,,,,,,,,,,,,,,,,W,movement_move_y_axis|movement_look_x_axis|movement_look_y_axis,,66.0,31.0
7141,293767,,,,,,,,,,,,,,,,,,,,,,,,,,,,,,A|W,movement_move_x_axis|movement_move_y_axis,,0.0,0.0
7142,293800,,,,,,,,,,,,,,,,,,,,,,,,,,,,,,A|W,movement_move_x_axis|movement_move_y_axis,,0.0,0.0
7143,293833,,,,,,,,,,,,,,,,,,,,,,,,,,,,,,A|W,movement_move_x_axis|movement_move_y_axis,,0.0,0.0
7144,293867,,,,,,,,,,,,,,,,,,,,,,,,,,,,,,A|W,movement_move_x_axis|movement_move_y_axis,,0.0,0.0
7145,293900,,,,,,,,,,,,,,,,,,,,,,,,,,,,,,A|W,movement_move_x_axis|movement_move_y_axis|movement_look_x_axis|movement_look_y_axis,,42.0,9.0
7146,293933,,,,,,,,,,,,,,,,,,,,,,,,,,,,,,A|W,movement_move_x_axis|movement_move_y_axis|movement_look_x_axis|movement_look_y_axis,,22.0,5.0
7147,293967,,,,,,,,,,,,,,,,,,,,,,,,,,,,,,A|W,movement_move_x_axis|movement_move_y_axis|movement_look_x_axis|movement_look_y_axis,,1.0,1.0
7148,294000,,,,,,,,,,,,,,,,,,,,,,,,,,,,,,A|W,movement_move_x_axis|movement_move_y_axis,,0.0,0.0
7149,294033,,,,,,,,,,,,,,,,,,,,,,,,,,,,,,A|W,movement_move_x_axis|movement_move_y_axis,,0.0,0.0
7150,294067,,,,,,,,,,,,,,,,,,,,,,,,,,,,,,A|W,movement_move_x_axis|movement_move_y_axis,,0.0,0.0
7151,294133,,,,,,,,,,,,,,,,,,,,,,,,,,,,,,W,movement_move_y_axis,,0.0,0.0
7152,294167,,,,,,,,,,,,,,,,,,,,,,,,,,,,,,W,movement_move_y_axis,,0.0,0.0
7153,294200,,,,,,,,,,,,,,,,,,,,,,,,,,,,,,W,movement_move_y_axis|movement_look_x_axis|movement_look_y_axis,,-2.0,-2.0
7154,294233,,,,,,,,,,,,,,,,,,,,,,,,,,,,,,W,movement_move_y_axis|movement_look_x_axis|movement_look_y_axis,,4.0,-9.0
7155,294267,,,,,,,,,,,,,,,,,,,,,,,,,,,,,,W,movement_move_y_axis|movement_look_x_axis|movement_look_y_axis,,27.0,-6.0
7156,294300,,,,,,,,,,,,,,,,,,,,,,,,,,,,,,W,movement_move_y_axis,,0.0,0.0
7157,294333,,,,,,,,,,,,,,,,,,,,,,,,,,,,,,W,movement_move_y_axis,,0.0,0.0
7158,294367,,,,,,,,,,,,,,,,,,,,,,,,,,,,,,W,movement_move_y_axis|movement_look_x_axis|movement_look_y_axis,,2.0,-1.0
7159,294400,,,,,,,,,,,,,,,,,,,,,,,,,,,,,,W,movement_move_y_axis|movement_look_x_axis|movement_look_y_axis,,10.0,-2.0
7160,294433,,,,,,,,,,,,,,,,,,,,,,,,,,,,,,A|W,movement_move_x_axis|movement_move_y_axis|movement_look_x_axis|movement_look_y_axis,,72.0,-5.0
7161,294500,,,,,,,,,,,,,,,,,,,,,,,,,,,,,,A|W,movement_move_x_axis|movement_move_y_axis|movement_look_x_axis,,68.0,0.0
7162,294533,,,,,,,,,,,,,,,,,,,,,,,,,,,,,,A|W,movement_move_x_axis|movement_move_y_axis|movement_look_x_axis,,59.0,0.0
7163,294567,,,,,,,,,,,,,,,,,,,,,,,,,,,,,,A|W,movement_move_x_axis|movement_move_y_axis|movement_look_x_axis,,51.0,0.0
7164,294600,,,,,,,,,,,,,,,,,,,,,,,,,,,,,,A|W,movement_move_x_axis|movement_move_y_axis|movement_look_x_axis|movement_look_y_axis,,78.0,-3.0
7165,294767,,,,,,,,,,,,,,,,,,,,,,,,,,,,,,W,movement_move_y_axis|movement_look_x_axis|movement_look_y_axis,,38.0,-8.0
7166,294800,,,,,,,,,,,,,,,,,,,,,,,,,,,,,,W,movement_move_y_axis|movement_look_x_axis|movement_look_y_axis,,47.0,-8.0
7167,294833,,,,,,,,,,,,,,,,,,,,,,,,,,,,,,W,movement_move_y_axis,,0.0,0.0
7168,294867,,,,,,,,,,,,,,,,,,,,,,,,,,,,,,W,movement_move_y_axis,,0.0,0.0
7169,294933,,,,,,,,,,,,,,,,,,,,,,,,,,,,,,W,movement_move_y_axis,,0.0,0.0
7170,294967,,,,,,,,,,,,,,,,,,,,,,,,,,,,,,W,movement_move_y_axis|movement_look_x_axis,,3.0,0.0
7171,295000,,,,,,,,,,,,,,,,,,,,,,,,,,,,,,W,movement_move_y_axis|movement_look_x_axis,,6.0,0.0
7172,295033,,,,,,,,,,,,,,,,,,,,,,,,,,,,,,W,movement_move_y_axis|movement_look_x_axis,,6.0,0.0
7173,295067,,,,,,,,,,,,,,,,,,,,,,,,,,,,,,W,movement_move_y_axis|movement_look_x_axis,,37.0,0.0
7174,295100,,,,,,,,,,,,,,,,,,,,,,,,,,,,,,W,movement_move_y_axis,,0.0,0.0
7175,295133,,,,,,,,,,,,,,,,,,,,,,,,,,,,,,W,movement_move_y_axis|movement_look_x_axis,,10.0,0.0
7176,295167,,,,,,,,,,,,,,,,,,,,,,,,,,,,,,W,movement_move_y_axis|movement_look_x_axis,,12.0,0.0
7177,295200,,,,,,,,,,,,,,,,,,,,,,,,,,,,,,A|W,movement_move_x_axis|movement_move_y_axis|movement_look_x_axis|movement_look_y_axis,,83.0,38.0
7178,295433,,,,,,,,,,,,,,,,,,,,,,,,,,,,,,W,movement_move_y_axis,,0.0,0.0
7179,295467,,,,,,,,,,,,,,,,,,,,,,,,,,,,,,W,movement_move_y_axis,,0.0,0.0
7180,295500,,,,,,,,,,,,,,,,,,,,,,,,,,,,,,W,movement_move_y_axis,,0.0,0.0
7181,295533,,,,,,,,,,,,,,,,,,,,,,,,,,,,,,W,movement_move_y_axis,,0.0,0.0
7182,295567,,,,,,,,,,,,,,,,,,,,,,,,,,,,,,W,movement_move_y_axis,,0.0,0.0
7183,295600,,,,,,,,,,,,,,,,,,,,,,,,,,,,,,W,movement_move_y_axis|movement_look_x_axis|movement_look_y_axis,,8.0,4.0
7184,295667,,,,,,,,,,,,,,,,,,,,,,,,,,,,,,W,movement_move_y_axis|movement_look_x_axis|movement_look_y_axis,,6.0,2.0
7185,295700,,,,,,,,,,,,,,,,,,,,,,,,,,,,,,W,movement_move_y_axis|movement_look_x_axis|movement_look_y_axis,,4.0,1.0
7186,295733,,,,,,,,,,,,,,,,,,,,,,,,,,,,,,W,movement_move_y_axis|movement_look_x_axis|movement_look_y_axis,,2.0,2.0
7187,295767,,,,,,,,,,,,,,,,,,,,,,,,,,,,,,W,movement_move_y_axis|movement_look_x_axis|movement_look_y_axis,,2.0,1.0
7188,295800,,,,,,,,,,,,,,,,,,,,,,,,,,,,,,W,movement_move_y_axis|movement_look_x_axis,,1.0,0.0
7189,295833,,,,,,,,,,,,,,,,,,,,,,,,,,,,,,W,movement_move_y_axis,,0.0,0.0
7190,295967,,,,,,,,,,,,,,,,,,,,,,,,,,,,,,W,movement_move_y_axis|movement_look_x_axis,,1.0,0.0
7191,296000,,,,,,,,,,,,,,,,,,,,,,,,,,,,,,W,movement_move_y_axis|movement_look_x_axis|movement_look_y_axis,,4.0,3.0
7192,296033,,,,,,,,,,,,,,,,,,,,,,,,,,,,,,W,movement_move_y_axis|movement_look_x_axis|movement_look_y_axis,,4.0,2.0
7193,296067,,,,,,,,,,,,,,,,,,,,,,,,,,,,,,W,movement_move_y_axis,,0.0,0.0
7194,296100,,,,,,,,,,,,,,,,,,,,,,,,,,,,,,W,movement_move_y_axis,,0.0,0.0
7195,296133,,,,,,,,,,,,,,,,,,,,,,,,,,,,,,W,movement_move_y_axis,,0.0,0.0
7196,296167,,,,,,,,,,,,,,,,,,,,,,,,,,,,,,W,movement_move_y_axis,,0.0,0.0
7197,296200,,,,,,,,,,,,,,,,,,,,,,,,,,,,,,W,movement_move_y_axis,,0.0,0.0
7198,296233,,,,,,,,,,,,,,,,,,,,,,,,,,,,,,W,movement_move_y_axis,,0.0,0.0
7199,296267,,,,,,,,,,,,,,,,,,,,,,,,,,,,,,W,movement_move_y_axis,,0.0,0.0
7200,296300,,,,,,,,,,,,,,,,,,,,,,,,,,,,,,W,movement_move_y_axis,,0.0,0.0
7201,296333,,,,,,,,,,,,,,,,,,,,,,,,,,,,,,W,movement_move_y_axis,,0.0,0.0
7202,296367,,,,,,,,,,,,,,,,,,,,,,,,,,,,,,W,movement_move_y_axis,,0.0,0.0
7203,296567,,,,,,,,,,,,,,,,,,,,,,,,,,,,,,W,movement_move_y_axis|movement_look_x_axis|movement_look_y_axis,,25.0,-2.0
7204,296600,,,,,,,,,,,,,,,,,,,,,,,,,,,,,,W,movement_move_y_axis,,0.0,0.0
7205,296633,,,,,,,,,,,,,,,,,,,,,,,,,,,,,,W,movement_move_y_axis,,0.0,0.0
7206,296667,,,,,,,,,,,,,,,,,,,,,,,,,,,,,,W,movement_move_y_axis,,0.0,0.0
7207,296700,,,,,,,,,,,,,,,,,,,,,,,,,,,,,,W,movement_move_y_axis,,0.0,0.0
7208,296733,,,,,,,,,,,,,,,,,,,,,,,,,,,,,,W,movement_move_y_axis,,0.0,0.0
7209,296767,,,,,,,,,,,,,,,,,,,,,,,,,,,,,,W,movement_move_y_axis|movement_look_x_axis|movement_look_y_axis,,15.0,1.0
7210,296800,,,,,,,,,,,,,,,,,,,,,,,,,,,,,,W,movement_move_y_axis|movement_look_x_axis|movement_look_y_axis,,12.0,2.0
7211,296833,,,,,,,,,,,,,,,,,,,,,,,,,,,,,,W,movement_move_y_axis|movement_look_x_axis|movement_look_y_axis,,7.0,1.0
7212,296867,,,,,,,,,,,,,,,,,,,,,,,,,,,,,,W,movement_move_y_axis|movement_look_x_axis,,5.0,0.0
7213,296900,,,,,,,,,,,,,,,,,,,,,,,,,,,,,,W,movement_move_y_axis|movement_look_x_axis|movement_look_y_axis,,27.0,4.0
7214,296933,,,,,,,,,,,,,,,,,,,,,,,,,,,,,,W,movement_move_y_axis|movement_look_x_axis|movement_look_y_axis,,20.0,4.0
7215,296967,,,,,,,,,,,,,,,,,,,,,,,,,,,,,,W,movement_move_y_axis|movement_look_x_axis,,53.0,0.0
7216,297100,,,,,,,,,,,,,,,,,,,,,,,,,,,,,,W,movement_move_y_axis,,0.0,0.0
7217,297133,,,,,,,,,,,,,,,,,,,,,,,,,,,,,,W,movement_move_y_axis,,0.0,0.0
7218,297167,,,,,,,,,,,,,,,,,,,,,,,,,,,,,,W,movement_move_y_axis,,0.0,0.0
7219,297200,,,,,,,,,,,,,,,,,,,,,,,,,,,,,,W,movement_move_y_axis,,0.0,0.0
7220,297233,,,,,,,,,,,,,,,,,,,,,,,,,,,,,,W,movement_move_y_axis,,0.0,0.0
7221,297267,,,,,,,,,,,,,,,,,,,,,,,,,,,,,,W,movement_move_y_axis,,0.0,0.0
7222,297333,,,,,,,,,,,,,,,,,,,,,,,,,,,,,,W,movement_move_y_axis,,0.0,0.0
7223,297367,,,,,,,,,,,,,,,,,,,,,,,,,,,,,,W,movement_move_y_axis,,0.0,0.0
7224,297400,,,,,,,,,,,,,,,,,,,,,,,,,,,,,,W,movement_move_y_axis,,0.0,0.0
7225,297500,,,,,,,,,,,,,,,,,,,,,,,,,,,,,,W,movement_move_y_axis,,0.0,0.0
7226,297533,,,,,,,,,,,,,,,,,,,,,,,,,,,,,,W,movement_move_y_axis,,0.0,0.0
7227,297633,,,,,,,,,,,,,,,,,,,,,,,,,,,,,,W,movement_move_y_axis,,0.0,0.0
7228,297667,,,,,,,,,,,,,,,,,,,,,,,,,,,,,,W,movement_move_y_axis,,0.0,0.0
7229,297700,,,,,,,,,,,,,,,,,,,,,,,,,,,,,,W,movement_move_y_axis,,0.0,0.0
7230,297733,,,,,,,,,,,,,,,,,,,,,,,,,,,,,,W,movement_move_y_axis|movement_look_x_axis|movement_look_y_axis,,-39.0,-25.0
7231,297867,,,,,,,,,,,,,,,,,,,,,,,,,,,,,,W,movement_move_y_axis|movement_look_x_axis|movement_look_y_axis,,-6.0,-5.0
7232,297900,,,,,,,,,,,,,,,,,,,,,,,,,,,,,,W,movement_move_y_axis,,0.0,0.0
7233,297933,,,,,,,,,,,,,,,,,,,,,,,,,,,,,,W,movement_move_y_axis|movement_look_x_axis|movement_look_y_axis,,-12.0,-4.0
7234,297967,,,,,,,,,,,,,,,,,,,,,,,,,,,,,,W,movement_move_y_axis,,0.0,0.0
7235,298067,,,,,,,,,,,,,,,,,,,,,,,,,,,,,,W,movement_move_y_axis|movement_look_x_axis|movement_look_y_axis,,-7.0,-3.0
7236,298100,,,,,,,,,,,,,,,,,,,,,,,,,,,,,,W,movement_move_y_axis|movement_look_x_axis|movement_look_y_axis,,-8.0,-3.0
7237,298133,,,,,,,,,,,,,,,,,,,,,,,,,,,,,,W,movement_move_y_axis|movement_look_x_axis|movement_look_y_axis,,-5.0,-4.0
7238,298167,,,,,,,,,,,,,,,,,,,,,,,,,,,,,,W,movement_move_y_axis|movement_look_x_axis|movement_look_y_axis,,-5.0,-5.0
7239,298200,,,,,,,,,,,,,,,,,,,,,,,,,,,,,,W,movement_move_y_axis,,0.0,0.0
7240,298367,,,,,,,,,,,,,,,,,,,,,,,,,,,,,,W,movement_move_y_axis,,0.0,0.0
7241,298400,,,,,,,,,,,,,,,,,,,,,,,,,,,,,,W,movement_move_y_axis,,0.0,0.0
7242,298433,,,,,,,,,,,,,,,,,,,,,,,,,,,,,,W,movement_move_y_axis,,0.0,0.0
7243,298467,,,,,,,,,,,,,,,,,,,,,,,,,,,,,,W,movement_move_y_axis,,0.0,0.0
7244,298567,,,,,,,,,,,,,,,,,,,,,,,,,,,,,,W,movement_move_y_axis,,0.0,0.0
7245,298600,,,,,,,,,,,,,,,,,,,,,,,,,,,,,,W,movement_move_y_axis,,0.0,0.0
7246,298633,,,,,,,,,,,,,,,,,,,,,,,,,,,,,,W,movement_move_y_axis,,0.0,0.0
7247,298667,,,,,,,,,,,,,,,,,,,,,,,,,,,,,,W,movement_move_y_axis|movement_look_x_axis,,-50.0,0.0
7248,298700,,,,,,,,,,,,,,,,,,,,,,,,,,,,,,W,movement_move_y_axis,,0.0,0.0
7249,298767,,,,,,,,,,,,,,,,,,,,,,,,,,,,,,W,movement_move_y_axis|movement_look_x_axis|movement_look_y_axis,,-37.0,-2.0
7250,298800,,,,,,,,,,,,,,,,,,,,,,,,,,,,,,W,movement_move_y_axis|movement_look_x_axis|movement_look_y_axis,,-32.0,-5.0
7251,298833,,,,,,,,,,,,,,,,,,,,,,,,,,,,,,W,movement_move_y_axis|movement_look_x_axis|movement_look_y_axis,,-21.0,-1.0
7252,298867,,,,,,,,,,,,,,,,,,,,,,,,,,,,,,W,movement_move_y_axis|movement_look_x_axis|movement_look_y_axis,,-89.0,-9.0
7253,299067,,,,,,,,,,,,,,,,,,,,,,,,,,,,,,W,movement_move_y_axis|movement_look_x_axis|movement_look_y_axis,,-12.0,2.0
7254,299100,,,,,,,,,,,,,,,,,,,,,,,,,,,,,,W,movement_move_y_axis,,0.0,0.0
7255,299133,,,,,,,,,,,,,,,,,,,,,,,,,,,,,,W,movement_move_y_axis,,0.0,0.0
7256,299200,,,,,,,,,,,,,,,,,,,,,,,,,,,,,,W,movement_move_y_axis,,0.0,0.0
7257,299233,,,,,,,,,,,,,,,,,,,,,,,,,,,,,,W,movement_move_y_axis,,0.0,0.0
7258,299267,,,,,,,,,,,,,,,,,,,,,,,,,,,,,,W,movement_move_y_axis,,0.0,0.0
7259,299300,,,,,,,,,,,,,,,,,,,,,,,,,,,,,,W,movement_move_y_axis,,0.0,0.0
7260,299400,,,,,,,,,,,,,,,,,,,,,,,,,,,,,,W,movement_move_y_axis,,0.0,0.0
7261,299467,,,,,,,,,,,,,,,,,,,,,,,,,,,,,,W,movement_move_y_axis,,0.0,0.0
7262,299500,,,,,,,,,,,,,,,,,,,,,,,,,,,,,,W,movement_move_y_axis,,0.0,0.0
7263,299567,,,,,,,,,,,,,,,,,,,,,,,,,,,,,,W,movement_move_y_axis,,0.0,0.0
7264,299667,,,,,,,,,,,,,,,,,,,,,,,,,,,,,,W,movement_move_y_axis,,0.0,0.0
7265,299700,,,,,,,,,,,,,,,,,,,,,,,,,,,,,,W,movement_move_y_axis|movement_look_x_axis,,-1.0,0.0
7266,299867,,,,,,,,,,,,,,,,,,,,,,,,,,,,,,W,movement_move_y_axis|movement_look_x_axis|movement_look_y_axis,,-2.0,1.0
7267,299900,,,,,,,,,,,,,,,,,,,,,,,,,,,,,,W,movement_move_y_axis|movement_look_x_axis,,-1.0,0.0
7268,299933,,,,,,,,,,,,,,,,,,,,,,,,,,,,,,W,movement_move_y_axis,,0.0,0.0
7269,299967,,,,,,,,,,,,,,,,,,,,,,,,,,,,,,W,movement_move_y_axis,,0.0,0.0
7270,300067,,,,,,,,,,,,,,,,,,,,,,,,,,,,,,W,movement_move_y_axis,,0.0,0.0
7271,300100,,,,,,,,,,,,,,,,,,,,,,,,,,,,,,W,movement_move_y_axis,,0.0,0.0
7272,300133,,,,,,,,,,,,,,,,,,,,,,,,,,,,,,W,movement_move_y_axis|movement_look_x_axis|movement_look_y_axis,,-6.0,2.0
7273,300267,,,,,,,,,,,,,,,,,,,,,,,,,,,,,,W,movement_move_y_axis|movement_look_x_axis,,-2.0,0.0
7274,300300,,,,,,,,,,,,,,,,,,,,,,,,,,,,,,W,movement_move_y_axis,,0.0,0.0
7275,300333,,,,,,,,,,,,,,,,,,,,,,,,,,,,,,W,movement_move_y_axis|movement_look_x_axis,,-1.0,0.0
7276,300400,,,,,,,,,,,,,,,,,,,,,,,,,,,,,,W,movement_move_y_axis,,0.0,0.0
7277,300433,,,,,,,,,,,,,,,,,,,,,,,,,,,,,,W,movement_move_y_axis,,0.0,0.0
7278,300467,,,,,,,,,,,,,,,,,,,,,,,,,,,,,,W,movement_move_y_axis,,0.0,0.0
7279,300500,,,,,,,,,,,,,,,,,,,,,,,,,,,,,,W,movement_move_y_axis,,0.0,0.0
7280,300533,,,,,,,,,,,,,,,,,,,,,,,,,,,,,,W,movement_move_y_axis,,0.0,0.0
7281,300767,,,,,,,,,,,,,,,,,,,,,,,,,,,,,,W,movement_move_y_axis,,0.0,0.0
7282,300800,,,,,,,,,,,,,,,,,,,,,,,,,,,,,,W,movement_move_y_axis,,0.0,0.0
7283,300833,,,,,,,,,,,,,,,,,,,,,,,,,,,,,,W,movement_move_y_axis,,0.0,0.0
7284,300867,,,,,,,,,,,,,,,,,,,,,,,,,,,,,,W,movement_move_y_axis,,0.0,0.0
7285,300967,,,,,,,,,,,,,,,,,,,,,,,,,,,,,,W,movement_move_y_axis,,0.0,0.0
7286,301000,,,,,,,,,,,,,,,,,,,,,,,,,,,,,,W,movement_move_y_axis,,0.0,0.0
7287,301033,,,,,,,,,,,,,,,,,,,,,,,,,,,,,,W,movement_move_y_axis,,0.0,0.0
7288,301067,,,,,,,,,,,,,,,,,,,,,,,,,,,,,,W,movement_move_y_axis,,0.0,0.0
7289,301100,,,,,,,,,,,,,,,,,,,,,,,,,,,,,,W,movement_move_y_axis,,0.0,0.0
7290,301133,,,,,,,,,,,,,,,,,,,,,,,,,,,,,,W,movement_move_y_axis,,0.0,0.0
7291,301167,,,,,,,,,,,,,,,,,,,,,,,,,,,,,,W,movement_move_y_axis,,0.0,0.0
7292,301200,,,,,,,,,,,,,,,,,,,,,,,,,,,,,,W,movement_move_y_axis,,0.0,0.0
7293,301233,,,,,,,,,,,,,,,,,,,,,,,,,,,,,,W,movement_move_y_axis,,0.0,0.0
7294,301267,,,,,,,,,,,,,,,,,,,,,,,,,,,,,,W,movement_move_y_axis,,0.0,0.0
7295,301533,,,,,,,,,,,,,,,,,,,,,,,,,,,,,,W,movement_move_y_axis,,0.0,0.0
7296,301567,,,,,,,,,,,,,,,,,,,,,,,,,,,,,,W,movement_move_y_axis,,0.0,0.0
7297,301600,,,,,,,,,,,,,,,,,,,,,,,,,,,,,,W,movement_move_y_axis,,0.0,0.0
7298,301767,,,,,,,,,,,,,,,,,,,,,,,,,,,,,,W,movement_move_y_axis,,0.0,0.0
7299,301800,,,,,,,,,,,,,,,,,,,,,,,,,,,,,,W,movement_move_y_axis|movement_look_x_axis|movement_look_y_axis,,3.0,-3.0
7300,301833,,,,,,,,,,,,,,,,,,,,,,,,,,,,,,W,movement_move_y_axis,,0.0,0.0
7301,301867,,,,,,,,,,,,,,,,,,,,,,,,,,,,,,W,movement_move_y_axis,,0.0,0.0
7302,301900,,,,,,,,,,,,,,,,,,,,,,,,,,,,,,W,movement_move_y_axis,,0.0,0.0
7303,301933,,,,,,,,,,,,,,,,,,,,,,,,,,,,,,W,movement_move_y_axis,,0.0,0.0
7304,301967,,,,,,,,,,,,,,,,,,,,,,,,,,,,,,W,movement_move_y_axis|movement_look_x_axis|movement_look_y_axis,,3.0,-2.0
7305,302000,,,,,,,,,,,,,,,,,,,,,,,,,,,,,,W,movement_move_y_axis|movement_look_x_axis|movement_look_y_axis,,5.0,-3.0
7306,302033,,,,,,,,,,,,,,,,,,,,,,,,,,,,,,W,movement_move_y_axis|movement_look_x_axis|movement_look_y_axis,,2.0,-1.0
7307,302067,,,,,,,,,,,,,,,,,,,,,,,,,,,,,,W,movement_move_y_axis|movement_look_x_axis|movement_look_y_axis,,2.0,-1.0
7308,302100,,,,,,,,,,,,,,,,,,,,,,,,,,,,,,W,movement_move_y_axis|movement_look_x_axis|movement_look_y_axis,,2.0,-1.0
7309,302133,,,,,,,,,,,,,,,,,,,,,,,,,,,,,,W,movement_move_y_axis|movement_look_x_axis|movement_look_y_axis,,2.0,-1.0
7310,302167,,,,,,,,,,,,,,,,,,,,,,,,,,,,,,W,movement_move_y_axis|movement_look_x_axis|movement_look_y_axis,,7.0,-3.0
7311,302267,,,,,,,,,,,,,,,,,,,,,,,,,,,,,,W,movement_move_y_axis|movement_look_x_axis|movement_look_y_axis,,13.0,-5.0
7312,302367,,,,,,,,,,,,,,,,,,,,,,,,,,,,,,W,movement_move_y_axis|movement_look_x_axis|movement_look_y_axis,,39.0,-3.0
7313,302400,,,,,,,,,,,,,,,,,,,,,,,,,,,,,,W,movement_move_y_axis,,0.0,0.0
7314,302433,,,,,,,,,,,,,,,,,,,,,,,,,,,,,,W,movement_move_y_axis,,0.0,0.0
7315,302467,,,,,,,,,,,,,,,,,,,,,,,,,,,,,,W,movement_move_y_axis|movement_look_x_axis,,74.0,0.0
7316,302500,,,,,,,,,,,,,,,,,,,,,,,,,,,,,,W,movement_move_y_axis,,0.0,0.0
7317,302533,,,,,,,,,,,,,,,,,,,,,,,,,,,,,,W,movement_move_y_axis,,0.0,0.0
7318,302567,,,,,,,,,,,,,,,,,,,,,,,,,,,,,,W,movement_move_y_axis|movement_look_x_axis,,12.0,0.0
7319,302600,,,,,,,,,,,,,,,,,,,,,,,,,,,,,,W,movement_move_y_axis|movement_look_x_axis,,12.0,0.0
7320,302633,,,,,,,,,,,,,,,,,,,,,,,,,,,,,,W,movement_move_y_axis|movement_look_x_axis,,17.0,0.0
7321,302667,,,,,,,,,,,,,,,,,,,,,,,,,,,,,,W,movement_move_y_axis|movement_look_x_axis,,28.0,0.0
7322,302700,,,,,,,,,,,,,,,,,,,,,,,,,,,,,,W,movement_move_y_axis|movement_look_x_axis,,51.0,0.0
7323,302733,,,,,,,,,,,,,,,,,,,,,,,,,,,,,,W,movement_move_y_axis|movement_look_x_axis,,19.0,0.0
7324,302767,,,,,,,,,,,,,,,,,,,,,,,,,,,,,,W,movement_move_y_axis|movement_look_x_axis,,1.0,0.0
7325,302933,,,,,,,,,,,,,,,,,,,,,,,,,,,,,,W,movement_move_y_axis,,0.0,0.0
7326,302967,,,,,,,,,,,,,,,,,,,,,,,,,,,,,,W,movement_move_y_axis,,0.0,0.0
7327,303000,,,,,,,,,,,,,,,,,,,,,,,,,,,,,,W,movement_move_y_axis,,0.0,0.0
7328,303033,,,,,,,,,,,,,,,,,,,,,,,,,,,,,,W,movement_move_y_axis,,0.0,0.0
7329,303067,,,,,,,,,,,,,,,,,,,,,,,,,,,,,,W,movement_move_y_axis,,0.0,0.0
7330,303100,,,,,,,,,,,,,,,,,,,,,,,,,,,,,,W,movement_move_y_axis,,0.0,0.0
7331,303133,,,,,,,,,,,,,,,,,,,,,,,,,,,,,,W,movement_move_y_axis,,0.0,0.0
7332,303167,,,,,,,,,,,,,,,,,,,,,,,,,,,,,,W,movement_move_y_axis,,0.0,0.0
7333,303200,,,,,,,,,,,,,,,,,,,,,,,,,,,,,,W,movement_move_y_axis,,0.0,0.0
7334,303233,,,,,,,,,,,,,,,,,,,,,,,,,,,,,,W,movement_move_y_axis|movement_look_x_axis|movement_look_y_axis,,-1.0,1.0
7335,303267,,,,,,,,,,,,,,,,,,,,,,,,,,,,,,W,movement_move_y_axis|movement_look_x_axis|movement_look_y_axis,,-2.0,2.0
7336,303300,,,,,,,,,,,,,,,,,,,,,,,,,,,,,,W,movement_move_y_axis|movement_look_x_axis|movement_look_y_axis,,-27.0,9.0
7337,303433,,,,,,,,,,,,,,,,,,,,,,,,,,,,,,W,movement_move_y_axis|movement_look_x_axis,,-3.0,0.0
7338,303467,,,,,,,,,,,,,,,,,,,,,,,,,,,,,,W,movement_move_y_axis|movement_look_x_axis,,-12.0,0.0
7339,303500,,,,,,,,,,,,,,,,,,,,,,,,,,,,,,W,movement_move_y_axis|movement_look_x_axis,,-73.0,0.0
7340,303533,,,,,,,,,,,,,,,,,,,,,,,,,,,,,,W,movement_move_y_axis,,0.0,0.0
7341,303600,,,,,,,,,,,,,,,,,,,,,,,,,,,,,,W,movement_move_y_axis,,0.0,0.0
7342,303633,,,,,,,,,,,,,,,,,,,,,,,,,,,,,,W,movement_move_y_axis|movement_look_x_axis,,-1.0,0.0
7343,303667,,,,,,,,,,,,,,,,,,,,,,,,,,,,,,W,movement_move_y_axis|movement_look_x_axis,,-2.0,0.0
7344,303733,,,,,,,,,,,,,,,,,,,,,,,,,,,,,,W,movement_move_y_axis|movement_look_x_axis,,-3.0,0.0
7345,303767,,,,,,,,,,,,,,,,,,,,,,,,,,,,,,W,movement_move_y_axis,,0.0,0.0
7346,303800,,,,,,,,,,,,,,,,,,,,,,,,,,,,,,W,movement_move_y_axis|movement_look_x_axis,,-2.0,0.0
7347,303833,,,,,,,,,,,,,,,,,,,,,,,,,,,,,,W,movement_move_y_axis|movement_look_x_axis,,-2.0,0.0
7348,303867,,,,,,,,,,,,,,,,,,,,,,,,,,,,,,W,movement_move_y_axis|movement_look_x_axis,,-32.0,0.0
7349,304000,,,,,,,,,,,,,,,,,,,,,,,,,,,,,,W,movement_move_y_axis|movement_look_x_axis,,-10.0,0.0
7350,304033,,,,,,,,,,,,,,,,,,,,,,,,,,,,,,W,movement_move_y_axis|movement_look_x_axis,,-7.0,0.0
7351,304067,,,,,,,,,,,,,,,,,,,,,,,,,,,,,,W,movement_move_y_axis|movement_look_x_axis,,-4.0,0.0
7352,304100,,,,,,,,,,,,,,,,,,,,,,,,,,,,,,W,movement_move_y_axis,,0.0,0.0
7353,304333,,,,,,,,,,,,,,,,,,,,,,,,,,,,,,W,movement_move_y_axis,,0.0,0.0
7354,304367,,,,,,,,,,,,,,,,,,,,,,,,,,,,,,W,movement_move_y_axis,,0.0,0.0
7355,304400,,,,,,,,,,,,,,,,,,,,,,,,,,,,,,W,movement_move_y_axis,,0.0,0.0
7356,304433,,,,,,,,,,,,,,,,,,,,,,,,,,,,,,W,movement_move_y_axis,,0.0,0.0
7357,304467,,,,,,,,,,,,,,,,,,,,,,,,,,,,,,W,movement_move_y_axis,,0.0,0.0
7358,304500,,,,,,,,,,,,,,,,,,,,,,,,,,,,,,W,movement_move_y_axis,,0.0,0.0
7359,304533,,,,,,,,,,,,,,,,,,,,,,,,,,,,,,W,movement_move_y_axis,,0.0,0.0
7360,304567,,,,,,,,,,,,,,,,,,,,,,,,,,,,,,W,movement_move_y_axis,,0.0,0.0
7361,304600,,,,,,,,,,,,,,,,,,,,,,,,,,,,,,W,movement_move_y_axis|movement_look_x_axis|movement_look_y_axis,,8.0,-1.0
7362,304633,,,,,,,,,,,,,,,,,,,,,,,,,,,,,,W,movement_move_y_axis|movement_look_x_axis,,37.0,0.0
7363,304667,,,,,,,,,,,,,,,,,,,,,,,,,,,,,,W,movement_move_y_axis|movement_look_x_axis|movement_look_y_axis,,37.0,-2.0
7364,304700,,,,,,,,,,,,,,,,,,,,,,,,,,,,,,W,movement_move_y_axis|movement_look_x_axis,,153.0,0.0
7365,304900,,,,,,,,,,,,,,,,,,,,,,,,,,,,,,W,movement_move_y_axis|movement_look_x_axis,,36.0,0.0
7366,304933,,,,,,,,,,,,,,,,,,,,,,,,,,,,,,W,movement_move_y_axis,,0.0,0.0
7367,304967,,,,,,,,,,,,,,,,,,,,,,,,,,,,,,W,movement_move_y_axis,,0.0,0.0
7368,305000,,,,,,,,,,,,,,,,,,,,,,,,,,,,,,W,movement_move_y_axis,,0.0,0.0
7369,305067,,,,,,,,,,,,,,,,,,,,,,,,,,,,,,W,movement_move_y_axis,,0.0,0.0
7370,305100,,,,,,,,,,,,,,,,,,,,,,,,,,,,,,W,movement_move_y_axis,,0.0,0.0
7371,305133,,,,,,,,,,,,,,,,,,,,,,,,,,,,,,W,movement_move_y_axis,,0.0,0.0
7372,305167,,,,,,,,,,,,,,,,,,,,,,,,,,,,,,W,movement_move_y_axis,,0.0,0.0
7373,305200,,,,,,,,,,,,,,,,,,,,,,,,,,,,,,W,movement_move_y_axis,,0.0,0.0
7374,305267,,,,,,,,,,,,,,,,,,,,,,,,,,,,,,W,movement_move_y_axis,,0.0,0.0
7375,305300,,,,,,,,,,,,,,,,,,,,,,,,,,,,,,W,movement_move_y_axis,,0.0,0.0
7376,305333,,,,,,,,,,,,,,,,,,,,,,,,,,,,,,W,movement_move_y_axis,,0.0,0.0
7377,305533,,,,,,,,,,,,,,,,,,,,,,,,,,,,,,W,movement_move_y_axis|movement_look_x_axis,,4.0,0.0
7378,305567,,,,,,,,,,,,,,,,,,,,,,,,,,,,,,W,movement_move_y_axis,,0.0,0.0
7379,305600,,,,,,,,,,,,,,,,,,,,,,,,,,,,,,W,movement_move_y_axis,,0.0,0.0
7380,305633,,,,,,,,,,,,,,,,,,,,,,,,,,,,,,W,movement_move_y_axis,,0.0,0.0
7381,305667,,,,,,,,,,,,,,,,,,,,,,,,,,,,,,W,movement_move_y_axis,,0.0,0.0
7382,305700,,,,,,,,,,,,,,,,,,,,,,,,,,,,,,W,movement_move_y_axis|movement_look_x_axis|movement_look_y_axis,,22.0,4.0
7383,305767,,,,,,,,,,,,,,,,,,,,,,,,,,,,,,W,movement_move_y_axis|movement_look_x_axis|movement_look_y_axis,,20.0,4.0
7384,305800,,,,,,,,,,,,,,,,,,,,,,,,,,,,,,W,movement_move_y_axis|movement_look_x_axis|movement_look_y_axis,,29.0,4.0
7385,305833,,,,,,,,,,,,,,,,,,,,,,,,,,,,,,W,movement_move_y_axis|movement_look_x_axis|movement_look_y_axis,,46.0,5.0
7386,305900,,,,,,,,,,,,,,,,,,,,,,,,,,,,,,W,movement_move_y_axis|movement_look_x_axis|movement_look_y_axis,,10.0,4.0
7387,305933,,,,,,,,,,,,,,,,,,,,,,,,,,,,,,W,movement_move_y_axis,,0.0,0.0
7388,305967,,,,,,,,,,,,,,,,,,,,,,,,,,,,,,W,movement_move_y_axis|movement_look_x_axis|movement_look_y_axis,,9.0,5.0
7389,306000,,,,,,,,,,,,,,,,,,,,,,,,,,,,,,W,movement_move_y_axis|movement_look_x_axis|movement_look_y_axis,,20.0,11.0
7390,306033,,,,,,,,,,,,,,,,,,,,,,,,,,,,,,W,movement_move_y_axis|movement_look_x_axis|movement_look_y_axis,,39.0,17.0
7391,306100,,,,,,,,,,,,,,,,,,,,,,,,,,,,,,W,movement_move_y_axis,,0.0,0.0
7392,306167,,,,,,,,,,,,,,,,,,,,,,,,,,,,,,W,movement_move_y_axis,,0.0,0.0
7393,306200,,,,,,,,,,,,,,,,,,,,,,,,,,,,,,,,,0.0,0.0
7394,306233,,,,,,,,,,,,,,,,,,,,,,,,,,,,,,,,,0.0,0.0
7395,306267,,,,,,,,,,,,,,,,,,,,,,,,,,,,,,,,,0.0,0.0
7396,306533,,,,,,,,,,,,,,,,,,,,,,,,,,,,,,,,,0.0,0.0
7397,306567,,,,,,,,,,,,,,,,,,,,,,,,,,,,,,,,,0.0,0.0
7398,306600,,,,,,,,,,,,,,,,,,,,,,,,,,,,,,,,,0.0,0.0
7399,306633,,,,,,,,,,,,,,,,,,,,,,,,,,,,,,,,,0.0,0.0
7400,306667,,,,,,,,,,,,,,,,,,,,,,,,,,,,,,,,,0.0,0.0
7401,306700,,,,,,,,,,,,,,,,,,,,,,,,,,,,,,,,,0.0,0.0
7402,306733,,,,,,,,,,,,,,,,,,,,,,,,,,,,,,,,,0.0,0.0
7403,306767,,,,,,,,,,,,,,,,,,,,,,,,,,,,,,,,,0.0,0.0
7404,306800,,,,,,,,,,,,,,,,,,,,,,,,,,,,,,,,,0.0,0.0
7405,306833,,,,,,,,,,,,,,,,,,,,,,,,,,,,,,,,,0.0,0.0
7406,306867,,,,,,,,,,,,,,,,,,,,,,,,,,,,,,,,,0.0,0.0
7407,306900,,,,,,,,,,,,,,,,,,,,,,,,,,,,,,,,,0.0,0.0
7408,307067,,,,,,,,,,,,,,,,,,,,,,,,,,,,,,,,,0.0,0.0
7409,307100,,,,,,,,,,,,,,,,,,,,,,,,,,,,,,,,,0.0,0.0
7410,307133,,,,,,,,,,,,,,,,,,,,,,,,,,,,,,,,,0.0,0.0
7411,307167,,,,,,,,,,,,,,,,,,,,,,,,,,,,,,,,,0.0,0.0
7412,307200,,,,,,,,,,,,,,,,,,,,,,,,,,,,,,,,,0.0,0.0
7413,307233,,,,,,,,,,,,,,,,,,,,,,,,,,,,,,,,,0.0,0.0
7414,307300,,,,,,,,,,,,,,,,,,,,,,,,,,,,,,,,,0.0,0.0
7415,307333,,,,,,,,,,,,,,,,,,,,,,,,,,,,,,,,,0.0,0.0
7416,307367,,,,,,,,,,,,,,,,,,,,,,,,,,,,,,,,,0.0,0.0
7417,307400,,,,,,,,,,,,,,,,,,,,,,,,,,,,,,,,,0.0,0.0
7418,307433,,,,,,,,,,,,,,,,,,,,,,,,,,,,,,,,,0.0,0.0
7419,307467,,,,,,,,,,,,,,,,,,,,,,,,,,,,,,,,,0.0,0.0
7420,307500,,,,,,,,,,,,,,,,,,,,,,,,,,,,,,,,,0.0,0.0
7421,307633,,,,,,,,,,,,,,,,,,,,,,,,,,,,,,,equipment_primary_tool_action,Left,0.0,0.0
7422,307667,,,,,,,,,,,,,,,,,,,,,,,,,,,,,,,equipment_primary_tool_action,Left,0.0,0.0
7423,307767,,,,,,,,,,,,,,,,,,,,,,,,,,,,,,Q,general_cancel|equipment_primary_tool_action,Left,0.0,0.0
7424,307833,,,,,,,,,,,,,,,,,,,,,,,,,,,,,,Q,general_cancel|equipment_primary_tool_action,Left,0.0,0.0
7425,307867,,,,,,,,,,,,,,,,,,,,,,,,,,,,,,Q,general_cancel|equipment_primary_tool_action,Left,0.0,0.0
7426,307900,,,,,,,,,,,,,,,,,,,,,,,,,,,,,,Q,general_cancel|equipment_primary_tool_action,Left,0.0,0.0
7427,307933,,,,,,,,,,,,,,,,,,,,,,,,,,,,,,Q,general_cancel|equipment_primary_tool_action,Left,0.0,0.0
7428,307967,,,,,,,,,,,,,,,,,,,,,,,,,,,,,,Q,general_cancel|equipment_primary_tool_action,Left,0.0,0.0
7429,308000,,,,,,,,,,,,,,,,,,,,,,,,,,,,,,,equipment_primary_tool_action,Left,0.0,0.0
7430,308033,,,,,,,,,,,,,,,,,,,,,,,,,,,,,,,equipment_primary_tool_action,Left,0.0,0.0
7431,308067,,,,,,,,,,,,,,,,,,,,,,,,,,,,,,,equipment_primary_tool_action,Left,0.0,0.0
7432,308100,,,,,,,,,,,,,,,,,,,,,,,,,,,,,,,equipment_primary_tool_action,Left,0.0,0.0
7433,308133,,,,,,,,,,,,,,,,,,,,,,,,,,,,,,,equipment_primary_tool_action,Left,0.0,0.0
7434,308167,,,,,,,,,,,,,,,,,,,,,,,,,,,,,,,equipment_primary_tool_action,Left,0.0,0.0
7435,308200,,,,,,,,,,,,,,,,,,,,,,,,,,,,,,,equipment_primary_tool_action,Left,0.0,0.0
7436,308500,,,,,,,,,,,,,,,,,,,,,,,,,,,,,,,equipment_primary_tool_action,Left,0.0,0.0
7437,308533,,,,,,,,,,,,,,,,,,,,,,,,,,,,,,,equipment_primary_tool_action,Left,0.0,0.0
7438,308567,,,,,,,,,,,,,,,,,,,,,,,,,,,,,,,equipment_primary_tool_action,Left,0.0,0.0
7439,308600,,,,,,,,,,,,,,,,,,,,,,,,,,,,,,,equipment_primary_tool_action,Left,0.0,0.0
7440,308633,,,,,,,,,,,,,,,,,,,,,,,,,,,,,,,equipment_primary_tool_action,Left,0.0,0.0
7441,308667,,,,,,,,,,,,,,,,,,,,,,,,,,,,,,,equipment_primary_tool_action,Left,0.0,0.0
7442,308700,,,,,,,,,,,,,,,,,,,,,,,,,,,,,,,equipment_primary_tool_action,Left,0.0,0.0
7443,308733,,,,,,,,,,,,,,,,,,,,,,,,,,,,,,,equipment_primary_tool_action,Left,0.0,0.0
7444,308767,,,,,,,,,,,,,,,,,,,,,,,,,,,,,,,equipment_primary_tool_action,Left,0.0,0.0
7445,308800,,,,,,,,,,,,,,,,,,,,,,,,,,,,,,,equipment_primary_tool_action,Left,0.0,0.0
7446,308833,,,,,,,,,,,,,,,,,,,,,,,,,,,,,,,equipment_primary_tool_action,Left,0.0,0.0
7447,308867,,,,,,,,,,,,,,,,,,,,,,,,,,,,,,,equipment_primary_tool_action,Left,0.0,0.0
7448,309033,,,,,,,,,,,,,,,,,,,,,,,,,,,,,,,equipment_primary_tool_action,Left,0.0,0.0
7449,309067,,,,,,,,,,,,,,,,,,,,,,,,,,,,,,,equipment_primary_tool_action,Left,0.0,0.0
7450,309100,,,,,,,,,,,,,,,,,,,,,,,,,,,,,,W,movement_move_y_axis|equipment_primary_tool_action,Left,0.0,0.0
7451,309133,,,,,,,,,,,,,,,,,,,,,,,,,,,,,,W,movement_move_y_axis|equipment_primary_tool_action,Left,0.0,0.0
7452,309167,,,,,,,,,,,,,,,,,,,,,,,,,,,,,,W,movement_move_y_axis|equipment_primary_tool_action,Left,0.0,0.0
7453,309200,,,,,,,,,,,,,,,,,,,,,,,,,,,,,,W,movement_move_y_axis|equipment_primary_tool_action,Left,0.0,0.0
7454,309233,,,,,,,,,,,,,,,,,,,,,,,,,,,,,,W,movement_move_y_axis|equipment_primary_tool_action,Left,0.0,0.0
7455,309267,,,,,,,,,,,,,,,,,,,,,,,,,,,,,,,equipment_primary_tool_action,Left,0.0,0.0
7456,309300,,,,,,,,,,,,,,,,,,,,,,,,,,,,,,,equipment_primary_tool_action,Left,0.0,0.0
7457,309333,,,,,,,,,,,,,,,,,,,,,,,,,,,,,,,,,0.0,0.0
7458,309367,,,,,,,,,,,,,,,,,,,,,,,,,,,,,,,,,0.0,0.0
7459,309400,,,,,,,,,,,,,,,,,,,,,,,,,,,,,,,,,0.0,0.0
7460,309467,,,,,,,,,,,,,,,,,,,,,,,,,,,,,,E,general_primary_interact,,0.0,0.0
7461,309500,,,,,,,,,,,,,,,,,,,,,,,,,,,,,,E,general_primary_interact,,0.0,0.0
7462,309533,,,,,,,,,,,,,,,,,,,,,,,,,,,,,,E,general_primary_interact,,0.0,0.0
7463,309567,,,,,,,,,,,,,,,,,,,,,,,,,,,,,,E,general_primary_interact,,0.0,0.0
7464,309600,,,,,,,,,,,,,,,,,,,,,,,,,,,,,,E,general_confirm,,0.0,0.0
7465,309633,,,,,,,,,,,,,,,,,,,,,,,,,,,,,,E,general_confirm,,0.0,0.0
7466,309667,,,,,,,,,,,,,,,,,,,,,,,,,,,,,,E,general_confirm,,0.0,0.0
7467,309700,,,,,,,,,,,,,,,,,,,,,,,,,,,,,,E,general_confirm,,0.0,0.0
7468,309733,,,,,,,,,,,,,,,,,,,,,,,,,,,,,,,,,0.0,0.0
7469,309800,,,,,,,,,,,,,,,,,,,,,,,,,,,,,,,,,0.0,0.0
7470,309833,,,,,,,,,,,,,,,,,,,,,,,,,,,,,,,,,0.0,0.0
7471,309867,,,,,,,,,,,,,,,,,,,,,,,,,,,,,,,,,0.0,0.0
7472,309900,,,,,,,,,,,,,,,,,,,,,,,,,,,,,,,,,0.0,0.0
7473,309933,,,,,,,,,,,,,,,,,,,,,,,,,,,,,,,,,0.0,0.0
7474,309967,,,,,,,,,,,,,,,,,,,,,,,,,,,,,,,,,0.0,0.0
7475,310000,,,,,,,,,,,,,,,,,,,,,,,,,,,,,,,,,0.0,0.0
7476,310033,,,,,,,,,,,,,,,,,,,,,,,,,,,,,,,,,0.0,0.0
7477,310067,,,,,,,,,,,,,,,,,,,,,,,,,,,,,,,,,0.0,0.0
7478,310100,,,,,,,,,,,,,,,,,,,,,,,,,,,,,,,,,0.0,0.0
7479,310167,,,,,,,,,,,,,,,,,,,,,,,,,,,,,,,,,0.0,0.0
7480,310233,,,,,,,,,,,,,,,,,,,,,,,,,,,,,,,,,0.0,0.0
7481,310267,,,,,,,,,,,,,,,,,,,,,,,,,,,,,,,,,0.0,0.0
7482,310300,,,,,,,,,,,,,,,,,,,,,,,,,,,,,,,,,0.0,0.0
7483,310333,,,,,,,,,,,,,,,,,,,,,,,,,,,,,,E,general_confirm,,0.0,0.0
7484,310367,,,,,,,,,,,,,,,,,,,,,,,,,,,,,,E,general_confirm,,0.0,0.0
7485,310400,,,,,,,,,,,,,,,,,,,,,,,,,,,,,,E,general_confirm,,0.0,0.0
7486,310433,,,,,,,,,,,,,,,,,,,,,,,,,,,,,,E,general_confirm,,0.0,0.0
7487,310467,,,,,,,,,,,,,,,,,,,,,,,,,,,,,,E,general_confirm,,0.0,0.0
7488,310533,,,,,,,,,,,,,,,,,,,,,,,,,,,,,,E,general_confirm,,0.0,0.0
7489,310567,,,,,,,,,,,,,,,,,,,,,,,,,,,,,,,,,0.0,0.0
7490,310600,,,,,,,,,,,,,,,,,,,,,,,,,,,,,,,,,0.0,0.0
7491,310633,,,,,,,,,,,,,,,,,,,,,,,,,,,,,,,,,0.0,0.0
7492,310667,,,,,,,,,,,,,,,,,,,,,,,,,,,,,,,,,0.0,0.0
7493,310700,,,,,,,,,,,,,,,,,,,,,,,,,,,,,,E,general_confirm,,0.0,0.0
7494,310733,,,,,,,,,,,,,,,,,,,,,,,,,,,,,,E,general_confirm,,0.0,0.0
7495,310767,,,,,,,,,,,,,,,,,,,,,,,,,,,,,,E,general_confirm,,0.0,0.0
7496,310800,,,,,,,,,,,,,,,,,,,,,,,,,,,,,,E,general_confirm,,0.0,0.0
7497,310833,,,,,,,,,,,,,,,,,,,,,,,,,,,,,,E,general_confirm,,0.0,0.0
7498,310867,,,,,,,,,,,,,,,,,,,,,,,,,,,,,,,,,0.0,0.0
7499,310900,,,,,,,,,,,,,,,,,,,,,,,,,,,,,,,,,0.0,0.0
7500,310933,,,,,,,,,,,,,,,,,,,,,,,,,,,,,,,,,0.0,0.0
7501,310967,,,,,,,,,,,,,,,,,,,,,,,,,,,,,,E,general_confirm,,0.0,0.0
7502,311033,,,,,,,,,,,,,,,,,,,,,,,,,,,,,,E,general_confirm,,0.0,0.0
7503,311067,,,,,,,,,,,,,,,,,,,,,,,,,,,,,,E,general_confirm,,0.0,0.0
7504,311100,,,,,,,,,,,,,,,,,,,,,,,,,,,,,,E,general_confirm,,0.0,0.0
7505,311167,,,,,,,,,,,,,,,,,,,,,,,,,,,,,,,,,0.0,0.0
7506,311200,,,,,,,,,,,,,,,,,,,,,,,,,,,,,,E,general_confirm,,0.0,0.0
7507,311233,,,,,,,,,,,,,,,,,,,,,,,,,,,,,,E,general_confirm,,0.0,0.0
7508,311267,,,,,,,,,,,,,,,,,,,,,,,,,,,,,,E,general_confirm,,0.0,0.0
7509,311300,,,,,,,,,,,,,,,,,,,,,,,,,,,,,,E,general_confirm,,0.0,0.0
7510,311333,,,,,,,,,,,,,,,,,,,,,,,,,,,,,,E,general_confirm,,0.0,0.0
7511,311367,,,,,,,,,,,,,,,,,,,,,,,,,,,,,,E,general_confirm,,0.0,0.0
7512,311400,,,,,,,,,,,,,,,,,,,,,,,,,,,,,,,,,0.0,0.0
7513,311433,,,,,,,,,,,,,,,,,,,,,,,,,,,,,,,,,0.0,0.0
7514,311467,,,,,,,,,,,,,,,,,,,,,,,,,,,,,,,,,0.0,0.0
7515,311500,,,,,,,,,,,,,,,,,,,,,,,,,,,,,,E,general_confirm,,0.0,0.0
7516,311533,,,,,,,,,,,,,,,,,,,,,,,,,,,,,,E,general_confirm,,0.0,0.0
7517,311567,,,,,,,,,,,,,,,,,,,,,,,,,,,,,,E,general_confirm,,0.0,0.0
7518,311600,,,,,,,,,,,,,,,,,,,,,,,,,,,,,,E,general_confirm,,0.0,0.0
7519,311633,,,,,,,,,,,,,,,,,,,,,,,,,,,,,,E,general_confirm,,0.0,0.0
7520,311667,,,,,,,,,,,,,,,,,,,,,,,,,,,,,,E,general_confirm,,0.0,0.0
7521,311700,,,,,,,,,,,,,,,,,,,,,,,,,,,,,,,,,0.0,0.0
7522,311733,,,,,,,,,,,,,,,,,,,,,,,,,,,,,,,,,0.0,0.0
7523,311767,,,,,,,,,,,,,,,,,,,,,,,,,,,,,,,,,0.0,0.0
7524,311800,,,,,,,,,,,,,,,,,,,,,,,,,,,,,,E,general_confirm,,0.0,0.0
7525,311833,,,,,,,,,,,,,,,,,,,,,,,,,,,,,,E,general_confirm,,0.0,0.0
7526,311867,,,,,,,,,,,,,,,,,,,,,,,,,,,,,,E,general_confirm,,0.0,0.0
7527,311900,,,,,,,,,,,,,,,,,,,,,,,,,,,,,,E,general_confirm,,0.0,0.0
7528,311933,,,,,,,,,,,,,,,,,,,,,,,,,,,,,,E,general_confirm,,0.0,0.0
7529,312000,,,,,,,,,,,,,,,,,,,,,,,,,,,,,,,,,0.0,0.0
7530,312033,,,,,,,,,,,,,,,,,,,,,,,,,,,,,,,,,0.0,0.0
7531,312067,,,,,,,,,,,,,,,,,,,,,,,,,,,,,,E,general_confirm,,0.0,0.0
7532,312100,,,,,,,,,,,,,,,,,,,,,,,,,,,,,,E,general_confirm,,0.0,0.0
7533,312133,,,,,,,,,,,,,,,,,,,,,,,,,,,,,,E,general_confirm,,0.0,0.0
7534,312167,,,,,,,,,,,,,,,,,,,,,,,,,,,,,,E,general_confirm,,0.0,0.0
7535,312200,,,,,,,,,,,,,,,,,,,,,,,,,,,,,,E,general_confirm,,0.0,0.0
7536,312233,,,,,,,,,,,,,,,,,,,,,,,,,,,,,,E,general_confirm,,0.0,0.0
7537,312300,,,,,,,,,,,,,,,,,,,,,,,,,,,,,,,,,0.0,0.0
7538,312333,,,,,,,,,,,,,,,,,,,,,,,,,,,,,,,,,0.0,0.0
7539,312367,,,,,,,,,,,,,,,,,,,,,,,,,,,,,,,,,0.0,0.0
7540,312400,,,,,,,,,,,,,,,,,,,,,,,,,,,,,,E,general_confirm,,0.0,0.0
7541,312433,,,,,,,,,,,,,,,,,,,,,,,,,,,,,,E,general_confirm,,0.0,0.0
7542,312467,,,,,,,,,,,,,,,,,,,,,,,,,,,,,,E,general_confirm,,0.0,0.0
7543,312500,,,,,,,,,,,,,,,,,,,,,,,,,,,,,,E,general_confirm,,0.0,0.0
7544,312533,,,,,,,,,,,,,,,,,,,,,,,,,,,,,,E,general_confirm,,0.0,0.0
7545,312600,,,,,,,,,,,,,,,,,,,,,,,,,,,,,,,,,0.0,0.0
7546,312633,,,,,,,,,,,,,,,,,,,,,,,,,,,,,,,,,0.0,0.0
7547,312667,,,,,,,,,,,,,,,,,,,,,,,,,,,,,,,,,0.0,0.0
7548,312733,,,,,,,,,,,,,,,,,,,,,,,,,,,,,,E,general_confirm,,0.0,0.0
7549,312767,,,,,,,,,,,,,,,,,,,,,,,,,,,,,,E,general_confirm,,0.0,0.0
7550,312800,,,,,,,,,,,,,,,,,,,,,,,,,,,,,,E,general_confirm,,0.0,0.0
7551,312833,,,,,,,,,,,,,,,,,,,,,,,,,,,,,,E,general_confirm,,0.0,0.0
7552,312867,,,,,,,,,,,,,,,,,,,,,,,,,,,,,,,,,0.0,0.0
7553,312900,,,,,,,,,,,,,,,,,,,,,,,,,,,,,,,,,0.0,0.0
7554,312933,,,,,,,,,,,,,,,,,,,,,,,,,,,,,,,,,0.0,0.0
7555,313000,,,,,,,,,,,,,,,,,,,,,,,,,,,,,,E,general_confirm,,0.0,0.0
7556,313033,,,,,,,,,,,,,,,,,,,,,,,,,,,,,,E,general_confirm,,0.0,0.0
7557,313067,,,,,,,,,,,,,,,,,,,,,,,,,,,,,,E,general_confirm,,0.0,0.0
7558,313100,,,,,,,,,,,,,,,,,,,,,,,,,,,,,,E,general_confirm,,0.0,0.0
7559,313133,,,,,,,,,,,,,,,,,,,,,,,,,,,,,,E,general_confirm,,0.0,0.0
7560,313167,,,,,,,,,,,,,,,,,,,,,,,,,,,,,,,,,0.0,0.0
7561,313200,,,,,,,,,,,,,,,,,,,,,,,,,,,,,,,,,0.0,0.0
7562,313233,,,,,,,,,,,,,,,,,,,,,,,,,,,,,,,,,0.0,0.0
7563,313267,,,,,,,,,,,,,,,,,,,,,,,,,,,,,,,,,0.0,0.0
7564,313333,,,,,,,,,,,,,,,,,,,,,,,,,,,,,,,,,0.0,0.0
7565,313367,,,,,,,,,,,,,,,,,,,,,,,,,,,,,,,,,0.0,0.0
7566,313400,,,,,,,,,,,,,,,,,,,,,,,,,,,,,,,,,0.0,0.0
7567,313433,,,,,,,,,,,,,,,,,,,,,,,,,,,,,,E,general_confirm,,0.0,0.0
7568,313467,,,,,,,,,,,,,,,,,,,,,,,,,,,,,,E,general_confirm,,0.0,0.0
7569,313500,,,,,,,,,,,,,,,,,,,,,,,,,,,,,,E,general_confirm,,0.0,0.0
7570,313533,,,,,,,,,,,,,,,,,,,,,,,,,,,,,,E,general_confirm,,0.0,0.0
7571,313567,,,,,,,,,,,,,,,,,,,,,,,,,,,,,,E,general_confirm,,0.0,0.0
7572,313600,,,,,,,,,,,,,,,,,,,,,,,,,,,,,,,,,0.0,0.0
7573,313633,,,,,,,,,,,,,,,,,,,,,,,,,,,,,,,,,0.0,0.0
7574,313700,,,,,,,,,,,,,,,,,,,,,,,,,,,,,,,,,0.0,0.0
7575,313733,,,,,,,,,,,,,,,,,,,,,,,,,,,,,,,,,0.0,0.0
7576,313767,,,,,,,,,,,,,,,,,,,,,,,,,,,,,,E,general_confirm,,0.0,0.0
7577,313800,,,,,,,,,,,,,,,,,,,,,,,,,,,,,,E,general_confirm,,0.0,0.0
7578,313833,,,,,,,,,,,,,,,,,,,,,,,,,,,,,,E,general_confirm,,0.0,0.0
7579,313867,,,,,,,,,,,,,,,,,,,,,,,,,,,,,,E,general_confirm,,0.0,0.0
7580,313900,,,,,,,,,,,,,,,,,,,,,,,,,,,,,,E,general_confirm,,0.0,0.0
7581,313933,,,,,,,,,,,,,,,,,,,,,,,,,,,,,,,,,0.0,0.0
7582,313967,,,,,,,,,,,,,,,,,,,,,,,,,,,,,,,,,0.0,0.0
7583,314000,,,,,,,,,,,,,,,,,,,,,,,,,,,,,,E,general_confirm,,0.0,0.0
7584,314033,,,,,,,,,,,,,,,,,,,,,,,,,,,,,,E,general_confirm,,0.0,0.0
7585,314067,,,,,,,,,,,,,,,,,,,,,,,,,,,,,,E,general_confirm,,0.0,0.0
7586,314100,,,,,,,,,,,,,,,,,,,,,,,,,,,,,,E,general_confirm,,0.0,0.0
7587,314133,,,,,,,,,,,,,,,,,,,,,,,,,,,,,,E,general_confirm,,0.0,0.0
7588,314167,,,,,,,,,,,,,,,,,,,,,,,,,,,,,,,,,0.0,0.0
7589,314200,,,,,,,,,,,,,,,,,,,,,,,,,,,,,,,,,0.0,0.0
7590,314233,,,,,,,,,,,,,,,,,,,,,,,,,,,,,,,,,0.0,0.0
7591,314267,,,,,,,,,,,,,,,,,,,,,,,,,,,,,,E,general_confirm,,0.0,0.0
7592,314300,,,,,,,,,,,,,,,,,,,,,,,,,,,,,,E,general_confirm,,0.0,0.0
7593,314333,,,,,,,,,,,,,,,,,,,,,,,,,,,,,,E,general_confirm,,0.0,0.0
7594,314367,,,,,,,,,,,,,,,,,,,,,,,,,,,,,,E,general_confirm,,0.0,0.0
7595,314400,,,,,,,,,,,,,,,,,,,,,,,,,,,,,,E,general_confirm,,0.0,0.0
7596,314433,,,,,,,,,,,,,,,,,,,,,,,,,,,,,,,,,0.0,0.0
7597,314500,,,,,,,,,,,,,,,,,,,,,,,,,,,,,,,,,0.0,0.0
7598,314533,,,,,,,,,,,,,,,,,,,,,,,,,,,,,,E,general_confirm,,0.0,0.0
7599,314567,,,,,,,,,,,,,,,,,,,,,,,,,,,,,,E,general_confirm,,0.0,0.0
7600,314600,,,,,,,,,,,,,,,,,,,,,,,,,,,,,,E,general_confirm,,0.0,0.0
7601,314633,,,,,,,,,,,,,,,,,,,,,,,,,,,,,,E,general_confirm,,0.0,0.0
7602,314667,,,,,,,,,,,,,,,,,,,,,,,,,,,,,,E,general_confirm,,0.0,0.0
7603,314700,,,,,,,,,,,,,,,,,,,,,,,,,,,,,,E,general_confirm,,0.0,0.0
7604,314733,,,,,,,,,,,,,,,,,,,,,,,,,,,,,,,,,0.0,0.0
7605,314767,,,,,,,,,,,,,,,,,,,,,,,,,,,,,,,,,0.0,0.0
7606,314833,,,,,,,,,,,,,,,,,,,,,,,,,,,,,,,,,0.0,0.0
7607,314867,,,,,,,,,,,,,,,,,,,,,,,,,,,,,,,,,0.0,0.0
7608,314900,,,,,,,,,,,,,,,,,,,,,,,,,,,,,,,,,0.0,0.0
7609,314933,,,,,,,,,,,,,,,,,,,,,,,,,,,,,,,,,0.0,0.0
7610,314967,,,,,,,,,,,,,,,,,,,,,,,,,,,,,,,,,0.0,0.0
7611,315000,,,,,,,,,,,,,,,,,,,,,,,,,,,,,,,,,0.0,0.0
7612,315033,,,,,,,,,,,,,,,,,,,,,,,,,,,,,,,,,0.0,0.0
7613,315067,,,,,,,,,,,,,,,,,,,,,,,,,,,,,,,,,0.0,0.0
7614,315100,,,,,,,,,,,,,,,,,,,,,,,,,,,,,,,,,0.0,0.0
7615,315133,,,,,,,,,,,,,,,,,,,,,,,,,,,,,,,,,0.0,0.0
7616,315167,,,,,,,,,,,,,,,,,,,,,,,,,,,,,,,,,0.0,0.0
7617,315233,,,,,,,,,,,,,,,,,,,,,,,,,,,,,,,,,0.0,0.0
7618,315267,,,,,,,,,,,,,,,,,,,,,,,,,,,,,,,,,0.0,0.0
7619,315300,,,,,,,,,,,,,,,,,,,,,,,,,,,,,,,,,0.0,0.0
7620,315333,,,,,,,,,,,,,,,,,,,,,,,,,,,,,,,,,0.0,0.0
7621,315367,,,,,,,,,,,,,,,,,,,,,,,,,,,,,,E,general_confirm,,0.0,0.0
7622,315400,,,,,,,,,,,,,,,,,,,,,,,,,,,,,,E,general_confirm,,0.0,0.0
7623,315433,,,,,,,,,,,,,,,,,,,,,,,,,,,,,,E,general_confirm,,0.0,0.0
7624,315467,,,,,,,,,,,,,,,,,,,,,,,,,,,,,,E,general_confirm,,0.0,0.0
7625,315500,,,,,,,,,,,,,,,,,,,,,,,,,,,,,,E,general_confirm,,0.0,0.0
7626,315567,,,,,,,,,,,,,,,,,,,,,,,,,,,,,,,,,0.0,0.0
7627,315600,,,,,,,,,,,,,,,,,,,,,,,,,,,,,,,,,0.0,0.0
7628,315633,,,,,,,,,,,,,,,,,,,,,,,,,,,,,,,,,0.0,0.0
7629,315700,,,,,,,,,,,,,,,,,,,,,,,,,,,,,,,,,0.0,0.0
7630,315733,,,,,,,,,,,,,,,,,,,,,,,,,,,,,,,,,0.0,0.0
7631,315767,,,,,,,,,,,,,,,,,,,,,,,,,,,,,,,,,0.0,0.0
7632,315800,,,,,,,,,,,,,,,,,,,,,,,,,,,,,,,,,0.0,0.0
7633,315833,,,,,,,,,,,,,,,,,,,,,,,,,,,,,,,,,0.0,0.0
7634,315867,,,,,,,,,,,,,,,,,,,,,,,,,,,,,,E,general_confirm,,0.0,0.0
7635,315900,,,,,,,,,,,,,,,,,,,,,,,,,,,,,,E,general_confirm,,0.0,0.0
7636,315933,,,,,,,,,,,,,,,,,,,,,,,,,,,,,,E,general_confirm,,0.0,0.0
7637,315967,,,,,,,,,,,,,,,,,,,,,,,,,,,,,,E,general_confirm,,0.0,0.0
7638,316033,,,,,,,,,,,,,,,,,,,,,,,,,,,,,,,,,0.0,0.0
7639,316067,,,,,,,,,,,,,,,,,,,,,,,,,,,,,,,,,0.0,0.0
7640,316100,,,,,,,,,,,,,,,,,,,,,,,,,,,,,,,,,0.0,0.0
7641,316133,,,,,,,,,,,,,,,,,,,,,,,,,,,,,,,,,0.0,0.0
7642,316167,,,,,,,,,,,,,,,,,,,,,,,,,,,,,,,,,0.0,0.0
7643,316200,,,,,,,,,,,,,,,,,,,,,,,,,,,,,,,,,0.0,0.0
7644,316233,,,,,,,,,,,,,,,,,,,,,,,,,,,,,,,,,0.0,0.0
7645,316267,,,,,,,,,,,,,,,,,,,,,,,,,,,,,,,,,0.0,0.0
7646,316300,,,,,,,,,,,,,,,,,,,,,,,,,,,,,,,,,0.0,0.0
7647,316333,,,,,,,,,,,,,,,,,,,,,,,,,,,,,,,,,0.0,0.0
7648,316400,,,,,,,,,,,,,,,,,,,,,,,,,,,,,,,,,0.0,0.0
7649,316433,,,,,,,,,,,,,,,,,,,,,,,,,,,,,,,,,0.0,0.0
7650,316467,,,,,,,,,,,,,,,,,,,,,,,,,,,,,,,,,0.0,0.0
7651,316500,,,,,,,,,,,,,,,,,,,,,,,,,,,,,,,,,0.0,0.0
7652,316533,,,,,,,,,,,,,,,,,,,,,,,,,,,,,,,,,0.0,0.0
7653,316567,,,,,,,,,,,,,,,,,,,,,,,,,,,,,,,,,0.0,0.0
7654,316600,,,,,,,,,,,,,,,,,,,,,,,,,,,,,,,,,0.0,0.0
7655,316633,,,,,,,,,,,,,,,,,,,,,,,,,,,,,,,,,0.0,0.0
7656,316667,,,,,,,,,,,,,,,,,,,,,,,,,,,,,,,,,0.0,0.0
7657,316700,,,,,,,,,,,,,,,,,,,,,,,,,,,,,,,,,0.0,0.0
7658,316733,,,,,,,,,,,,,,,,,,,,,,,,,,,,,,,,,0.0,0.0
7659,316800,,,,,,,,,,,,,,,,,,,,,,,,,,,,,,,,,0.0,0.0
7660,316833,,,,,,,,,,,,,,,,,,,,,,,,,,,,,,,,,0.0,0.0
7661,316867,,,,,,,,,,,,,,,,,,,,,,,,,,,,,,,,,0.0,0.0
7662,316900,,,,,,,,,,,,,,,,,,,,,,,,,,,,,,,,,0.0,0.0
7663,316933,,,,,,,,,,,,,,,,,,,,,,,,,,,,,,,,,0.0,0.0
7664,316967,,,,,,,,,,,,,,,,,,,,,,,,,,,,,,,,,0.0,0.0
7665,317000,,,,,,,,,,,,,,,,,,,,,,,,,,,,,,,,,0.0,0.0
7666,317033,,,,,,,,,,,,,,,,,,,,,,,,,,,,,,,,,0.0,0.0
7667,317067,,,,,,,,,,,,,,,,,,,,,,,,,,,,,,,,,0.0,0.0
7668,317100,,,,,,,,,,,,,,,,,,,,,,,,,,,,,,,,,0.0,0.0
7669,317167,,,,,,,,,,,,,,,,,,,,,,,,,,,,,,,,,0.0,0.0
7670,317200,,,,,,,,,,,,,,,,,,,,,,,,,,,,,,,,,0.0,0.0
7671,317267,,,,,,,,,,,,,,,,,,,,,,,,,,,,,,,,,0.0,0.0
7672,317300,,,,,,,,,,,,,,,,,,,,,,,,,,,,,,,,,0.0,0.0
7673,317333,,,,,,,,,,,,,,,,,,,,,,,,,,,,,,,,,0.0,0.0
7674,317367,,,,,,,,,,,,,,,,,,,,,,,,,,,,,,,,,0.0,0.0
7675,317400,,,,,,,,,,,,,,,,,,,,,,,,,,,,,,,,,0.0,0.0
7676,317433,,,,,,,,,,,,,,,,,,,,,,,,,,,,,,,,,0.0,0.0
7677,317467,,,,,,,,,,,,,,,,,,,,,,,,,,,,,,,,,0.0,0.0
7678,317500,,,,,,,,,,,,,,,,,,,,,,,,,,,,,,E,general_confirm,,0.0,0.0
7679,317533,,,,,,,,,,,,,,,,,,,,,,,,,,,,,,E,general_confirm,,0.0,0.0
7680,317600,,,,,,,,,,,,,,,,,,,,,,,,,,,,,,E,general_confirm,,0.0,0.0
7681,317633,,,,,,,,,,,,,,,,,,,,,,,,,,,,,,E,general_confirm,,0.0,0.0
7682,317667,,,,,,,,,,,,,,,,,,,,,,,,,,,,,,E,general_confirm,,0.0,0.0
7683,317700,,,,,,,,,,,,,,,,,,,,,,,,,,,,,,E,general_confirm,,0.0,0.0
7684,317733,,,,,,,,,,,,,,,,,,,,,,,,,,,,,,,,,0.0,0.0
7685,317767,,,,,,,,,,,,,,,,,,,,,,,,,,,,,,,,,0.0,0.0
7686,317800,,,,,,,,,,,,,,,,,,,,,,,,,,,,,,,,,0.0,0.0
7687,317833,,,,,,,,,,,,,,,,,,,,,,,,,,,,,,,,,0.0,0.0
7688,317867,,,,,,,,,,,,,,,,,,,,,,,,,,,,,,,,,0.0,0.0
7689,317900,,,,,,,,,,,,,,,,,,,,,,,,,,,,,,,,,0.0,0.0
7690,317967,,,,,,,,,,,,,,,,,,,,,,,,,,,,,,,,,0.0,0.0
7691,318000,,,,,,,,,,,,,,,,,,,,,,,,,,,,,,,,,0.0,0.0
7692,318033,,,,,,,,,,,,,,,,,,,,,,,,,,,,,,,,,0.0,0.0
7693,318067,,,,,,,,,,,,,,,,,,,,,,,,,,,,,,,,,0.0,0.0
7694,318100,,,,,,,,,,,,,,,,,,,,,,,,,,,,,,,,,0.0,0.0
7695,318133,,,,,,,,,,,,,,,,,,,,,,,,,,,,,,E,general_confirm,,0.0,0.0
7696,318167,,,,,,,,,,,,,,,,,,,,,,,,,,,,,,E,general_confirm,,0.0,0.0
7697,318200,,,,,,,,,,,,,,,,,,,,,,,,,,,,,,E,general_confirm,,0.0,0.0
7698,318233,,,,,,,,,,,,,,,,,,,,,,,,,,,,,,E,general_confirm,,0.0,0.0
7699,318267,,,,,,,,,,,,,,,,,,,,,,,,,,,,,,E,general_confirm,,0.0,0.0
7700,318333,,,,,,,,,,,,,,,,,,,,,,,,,,,,,,,,,0.0,0.0
7701,318367,,,,,,,,,,,,,,,,,,,,,,,,,,,,,,,,,0.0,0.0
7702,318400,,,,,,,,,,,,,,,,,,,,,,,,,,,,,,,,,0.0,0.0
7703,318433,,,,,,,,,,,,,,,,,,,,,,,,,,,,,,,,,0.0,0.0
7704,318467,,,,,,,,,,,,,,,,,,,,,,,,,,,,,,,,,0.0,0.0
7705,318533,,,,,,,,,,,,,,,,,,,,,,,,,,,,,,,,,0.0,0.0
7706,318567,,,,,,,,,,,,,,,,,,,,,,,,,,,,,,,,,0.0,0.0
7707,318600,,,,,,,,,,,,,,,,,,,,,,,,,,,,,,,,,0.0,0.0
7708,318633,,,,,,,,,,,,,,,,,,,,,,,,,,,,,,,,,0.0,0.0
7709,318667,,,,,,,,,,,,,,,,,,,,,,,,,,,,,,,,,0.0,0.0
7710,318733,,,,,,,,,,,,,,,,,,,,,,,,,,,,,,,,,0.0,0.0
7711,318767,,,,,,,,,,,,,,,,,,,,,,,,,,,,,,,,,0.0,0.0
7712,318800,,,,,,,,,,,,,,,,,,,,,,,,,,,,,,,,,0.0,0.0
7713,318833,,,,,,,,,,,,,,,,,,,,,,,,,,,,,,,,,0.0,0.0
7714,318867,,,,,,,,,,,,,,,,,,,,,,,,,,,,,,,,,0.0,0.0
7715,318900,,,,,,,,,,,,,,,,,,,,,,,,,,,,,,,,,0.0,0.0
7716,318933,,,,,,,,,,,,,,,,,,,,,,,,,,,,,,,,,0.0,0.0
7717,318967,,,,,,,,,,,,,,,,,,,,,,,,,,,,,,,,,0.0,0.0
7718,319000,,,,,,,,,,,,,,,,,,,,,,,,,,,,,,,,,0.0,0.0
7719,319033,,,,,,,,,,,,,,,,,,,,,,,,,,,,,,,,,0.0,0.0
7720,319100,,,,,,,,,,,,,,,,,,,,,,,,,,,,,,,,,0.0,0.0
7721,319133,,,,,,,,,,,,,,,,,,,,,,,,,,,,,,,,,0.0,0.0
7722,319167,,,,,,,,,,,,,,,,,,,,,,,,,,,,,,,,,0.0,0.0
7723,319200,,,,,,,,,,,,,,,,,,,,,,,,,,,,,,,,,0.0,0.0
7724,319233,,,,,,,,,,,,,,,,,,,,,,,,,,,,,,E,general_confirm,,0.0,0.0
7725,319267,,,,,,,,,,,,,,,,,,,,,,,,,,,,,,E,general_confirm,,0.0,0.0
7726,319300,,,,,,,,,,,,,,,,,,,,,,,,,,,,,,E,general_confirm,,0.0,0.0
7727,319333,,,,,,,,,,,,,,,,,,,,,,,,,,,,,,E,general_confirm,,0.0,0.0
7728,319367,,,,,,,,,,,,,,,,,,,,,,,,,,,,,,E,general_confirm,,0.0,0.0
7729,319400,,,,,,,,,,,,,,,,,,,,,,,,,,,,,,,,,0.0,0.0
7730,319433,,,,,,,,,,,,,,,,,,,,,,,,,,,,,,,,,0.0,0.0
7731,319467,,,,,,,,,,,,,,,,,,,,,,,,,,,,,,,,,0.0,0.0
7732,319533,,,,,,,,,,,,,,,,,,,,,,,,,,,,,,,,,0.0,0.0
7733,319567,,,,,,,,,,,,,,,,,,,,,,,,,,,,,,,,,0.0,0.0
7734,319600,,,,,,,,,,,,,,,,,,,,,,,,,,,,,,,,,0.0,0.0
7735,319633,,,,,,,,,,,,,,,,,,,,,,,,,,,,,,,,,0.0,0.0
7736,319667,,,,,,,,,,,,,,,,,,,,,,,,,,,,,,,,,0.0,0.0
7737,319700,,,,,,,,,,,,,,,,,,,,,,,,,,,,,,E,general_primary_interact,,0.0,0.0
7738,319733,,,,,,,,,,,,,,,,,,,,,,,,,,,,,,E,general_primary_interact,,0.0,0.0
7739,319767,,,,,,,,,,,,,,,,,,,,,,,,,,,,,,E,general_primary_interact,,0.0,0.0
7740,319800,,,,,,,,,,,,,,,,,,,,,,,,,,,,,,E,general_primary_interact,,0.0,0.0
7741,319833,,,,,,,,,,,,,,,,,,,,,,,,,,,,,,E,general_primary_interact,,0.0,0.0
7742,319867,,,,,,,,,,,,,,,,,,,,,,,,,,,,,,,,,0.0,0.0
7743,319900,,,,,,,,,,,,,,,,,,,,,,,,,,,,,,,,,0.0,0.0
7744,319933,,,,,,,,,,,,,,,,,,,,,,,,,,,,,,,,,0.0,0.0
7745,320000,,,,,,,,,,,,,,,,,,,,,,,,,,,,,,,,,0.0,0.0
7746,320033,,,,,,,,,,,,,,,,,,,,,,,,,,,,,,,,,0.0,0.0
7747,320067,,,,,,,,,,,,,,,,,,,,,,,,,,,,,,,,,0.0,0.0
7748,320100,,,,,,,,,,,,,,,,,,,,,,,,,,,,,,,,,0.0,0.0
7749,320133,,,,,,,,,,,,,,,,,,,,,,,,,,,,,,,,,0.0,0.0
7750,320167,,,,,,,,,,,,,,,,,,,,,,,,,,,,,,,,,0.0,0.0
7751,320200,,,,,,,,,,,,,,,,,,,,,,,,,,,,,,,,,0.0,0.0
7752,320233,,,,,,,,,,,,,,,,,,,,,,,,,,,,,,,,,0.0,0.0
7753,320300,,,,,,,,,,,,,,,,,,,,,,,,,,,,,,,,,0.0,0.0
7754,320333,,,,,,,,,,,,,,,,,,,,,,,,,,,,,,,,,0.0,0.0
7755,320400,,,,,,,,,,,,,,,,,,,,,,,,,,,,,,,,,0.0,0.0
7756,320433,,,,,,,,,,,,,,,,,,,,,,,,,,,,,,,movement_look_x_axis|movement_look_y_axis,,1.0,-1.0
7757,320467,,,,,,,,,,,,,,,,,,,,,,,,,,,,,,,,,0.0,0.0
7758,320500,,,,,,,,,,,,,,,,,,,,,,,,,,,,,,,movement_look_x_axis|movement_look_y_axis,,-39.0,-13.0
7759,320533,,,,,,,,,,,,,,,,,,,,,,,,,,,,,,,movement_look_x_axis|movement_look_y_axis,,-121.0,-21.0
7760,320567,,,,,,,,,,,,,,,,,,,,,,,,,,,,,,,,,0.0,0.0
7761,320600,,,,,,,,,,,,,,,,,,,,,,,,,,,,,,,movement_look_x_axis|movement_look_y_axis,,-71.0,-1.0
7762,320633,,,,,,,,,,,,,,,,,,,,,,,,,,,,,,,movement_look_x_axis,,-84.0,0.0
7763,320667,,,,,,,,,,,,,,,,,,,,,,,,,,,,,,,movement_look_x_axis,,-85.0,0.0
7764,320700,,,,,,,,,,,,,,,,,,,,,,,,,,,,,,,movement_look_x_axis|movement_look_y_axis,,-93.0,-8.0
7765,320733,,,,,,,,,,,,,,,,,,,,,,,,,,,,,,,movement_look_x_axis|movement_look_y_axis,,-138.0,-26.0
7766,320800,,,,,,,,,,,,,,,,,,,,,,,,,,,,,,,movement_look_x_axis|movement_look_y_axis,,-72.0,-15.0
7767,320833,,,,,,,,,,,,,,,,,,,,,,,,,,,,,,,movement_look_x_axis|movement_look_y_axis,,-66.0,-14.0
7768,320867,,,,,,,,,,,,,,,,,,,,,,,,,,,,,,,movement_look_x_axis|movement_look_y_axis,,-53.0,-10.0
7769,320900,,,,,,,,,,,,,,,,,,,,,,,,,,,,,,W,movement_move_y_axis|movement_look_x_axis|movement_look_y_axis,,-36.0,-7.0
7770,320933,,,,,,,,,,,,,,,,,,,,,,,,,,,,,,W,movement_move_y_axis|movement_look_x_axis|movement_look_y_axis,,-5.0,-1.0
7771,320967,,,,,,,,,,,,,,,,,,,,,,,,,,,,,,W,movement_move_y_axis,,0.0,0.0
7772,321000,,,,,,,,,,,,,,,,,,,,,,,,,,,,,,W,movement_move_y_axis,,0.0,0.0
7773,321033,,,,,,,,,,,,,,,,,,,,,,,,,,,,,,W,movement_move_y_axis,,0.0,0.0
7774,321100,,,,,,,,,,,,,,,,,,,,,,,,,,,,,,W,movement_move_y_axis,,0.0,0.0
7775,321133,,,,,,,,,,,,,,,,,,,,,,,,,,,,,,W,movement_move_y_axis|movement_look_x_axis|movement_look_y_axis,,1.0,-1.0
7776,321167,,,,,,,,,,,,,,,,,,,,,,,,,,,,,,W,movement_move_y_axis,,0.0,0.0
7777,321200,,,,,,,,,,,,,,,,,,,,,,,,,,,,,,W,movement_move_y_axis|movement_look_x_axis|movement_look_y_axis,,2.0,-3.0
7778,321233,,,,,,,,,,,,,,,,,,,,,,,,,,,,,,W,movement_move_y_axis|movement_look_x_axis|movement_look_y_axis,,1.0,-1.0
7779,321267,,,,,,,,,,,,,,,,,,,,,,,,,,,,,,W,movement_move_y_axis,,0.0,0.0
7780,321300,,,,,,,,,,,,,,,,,,,,,,,,,,,,,,W,movement_move_y_axis,,0.0,0.0
7781,321333,,,,,,,,,,,,,,,,,,,,,,,,,,,,,,W,movement_move_y_axis,,0.0,0.0
7782,321367,,,,,,,,,,,,,,,,,,,,,,,,,,,,,,W,movement_move_y_axis,,0.0,0.0
7783,321400,,,,,,,,,,,,,,,,,,,,,,,,,,,,,,W,movement_move_y_axis|movement_look_x_axis|movement_look_y_axis,,-5.0,-1.0
7784,321467,,,,,,,,,,,,,,,,,,,,,,,,,,,,,,W,movement_move_y_axis|movement_look_x_axis,,-22.0,0.0
7785,321500,,,,,,,,,,,,,,,,,,,,,,,,,,,,,,W,movement_move_y_axis|movement_look_x_axis,,-38.0,0.0
7786,321533,,,,,,,,,,,,,,,,,,,,,,,,,,,,,,W,movement_move_y_axis|movement_look_x_axis|movement_look_y_axis,,-30.0,-2.0
7787,321567,,,,,,,,,,,,,,,,,,,,,,,,,,,,,,W,movement_move_y_axis|movement_look_x_axis|movement_look_y_axis,,-15.0,-4.0
7788,321600,,,,,,,,,,,,,,,,,,,,,,,,,,,,,,W,movement_move_y_axis|movement_look_x_axis|movement_look_y_axis,,-11.0,-1.0
7789,321633,,,,,,,,,,,,,,,,,,,,,,,,,,,,,,W,movement_move_y_axis,,0.0,0.0
7790,321667,,,,,,,,,,,,,,,,,,,,,,,,,,,,,,W,movement_move_y_axis|movement_look_x_axis,,-2.0,0.0
7791,321700,,,,,,,,,,,,,,,,,,,,,,,,,,,,,,W,movement_move_y_axis|movement_look_x_axis,,-9.0,0.0
7792,321733,,,,,,,,,,,,,,,,,,,,,,,,,,,,,,W,movement_move_y_axis|movement_look_x_axis|movement_look_y_axis,,-44.0,8.0
7793,321800,,,,,,,,,,,,,,,,,,,,,,,,,,,,,,W,movement_move_y_axis|movement_look_x_axis|movement_look_y_axis,,-15.0,1.0
7794,321833,,,,,,,,,,,,,,,,,,,,,,,,,,,,,,W,movement_move_y_axis|movement_look_x_axis,,-2.0,0.0
7795,321867,,,,,,,,,,,,,,,,,,,,,,,,,,,,,,W,movement_move_y_axis,,0.0,0.0
7796,321900,,,,,,,,,,,,,,,,,,,,,,,,,,,,,,W,movement_move_y_axis,,0.0,0.0
7797,321933,,,,,,,,,,,,,,,,,,,,,,,,,,,,,,W,movement_move_y_axis|movement_look_x_axis|movement_look_y_axis,,1.0,-2.0
7798,321967,,,,,,,,,,,,,,,,,,,,,,,,,,,,,,W,movement_move_y_axis,,0.0,0.0
7799,322000,,,,,,,,,,,,,,,,,,,,,,,,,,,,,,W,movement_move_y_axis,,0.0,0.0
7800,322033,,,,,,,,,,,,,,,,,,,,,,,,,,,,,,W,movement_move_y_axis,,0.0,0.0
7801,322067,,,,,,,,,,,,,,,,,,,,,,,,,,,,,,W,movement_move_y_axis,,0.0,0.0
7802,322133,,,,,,,,,,,,,,,,,,,,,,,,,,,,,,W,movement_move_y_axis,,0.0,0.0
7803,322167,,,,,,,,,,,,,,,,,,,,,,,,,,,,,,W,movement_move_y_axis,,0.0,0.0
7804,322200,,,,,,,,,,,,,,,,,,,,,,,,,,,,,,W,movement_move_y_axis,,0.0,0.0
7805,322267,,,,,,,,,,,,,,,,,,,,,,,,,,,,,,W,movement_move_y_axis,,0.0,0.0
7806,322300,,,,,,,,,,,,,,,,,,,,,,,,,,,,,,W,movement_move_y_axis,,0.0,0.0
7807,322333,,,,,,,,,,,,,,,,,,,,,,,,,,,,,,W,movement_move_y_axis,,0.0,0.0
7808,322367,,,,,,,,,,,,,,,,,,,,,,,,,,,,,,W,movement_move_y_axis,,0.0,0.0
7809,322433,,,,,,,,,,,,,,,,,,,,,,,,,,,,,,W,movement_move_y_axis,,0.0,0.0
7810,322467,,,,,,,,,,,,,,,,,,,,,,,,,,,,,,W,movement_move_y_axis,,0.0,0.0
7811,322500,,,,,,,,,,,,,,,,,,,,,,,,,,,,,,W,movement_move_y_axis,,0.0,0.0
7812,322533,,,,,,,,,,,,,,,,,,,,,,,,,,,,,,W,movement_move_y_axis,,0.0,0.0
7813,322600,,,,,,,,,,,,,,,,,,,,,,,,,,,,,,W,movement_move_y_axis,,0.0,0.0
7814,322633,,,,,,,,,,,,,,,,,,,,,,,,,,,,,,W,movement_move_y_axis,,0.0,0.0
7815,322667,,,,,,,,,,,,,,,,,,,,,,,,,,,,,,W,movement_move_y_axis,,0.0,0.0
7816,322700,,,,,,,,,,,,,,,,,,,,,,,,,,,,,,W,movement_move_y_axis,,0.0,0.0
7817,322733,,,,,,,,,,,,,,,,,,,,,,,,,,,,,,W,movement_move_y_axis,,0.0,0.0
7818,322767,,,,,,,,,,,,,,,,,,,,,,,,,,,,,,W,movement_move_y_axis,,0.0,0.0
7819,322800,,,,,,,,,,,,,,,,,,,,,,,,,,,,,,W,movement_move_y_axis,,0.0,0.0
7820,322833,,,,,,,,,,,,,,,,,,,,,,,,,,,,,,W,movement_move_y_axis,,0.0,0.0
7821,322867,,,,,,,,,,,,,,,,,,,,,,,,,,,,,,W,movement_move_y_axis,,0.0,0.0
7822,322900,,,,,,,,,,,,,,,,,,,,,,,,,,,,,,W,movement_move_y_axis,,0.0,0.0
7823,322967,,,,,,,,,,,,,,,,,,,,,,,,,,,,,,W,movement_move_y_axis,,0.0,0.0
7824,323000,,,,,,,,,,,,,,,,,,,,,,,,,,,,,,W,movement_move_y_axis,,0.0,0.0
7825,323033,,,,,,,,,,,,,,,,,,,,,,,,,,,,,,W,movement_move_y_axis,,0.0,0.0
7826,323067,,,,,,,,,,,,,,,,,,,,,,,,,,,,,,W,movement_move_y_axis,,0.0,0.0
7827,323100,,,,,,,,,,,,,,,,,,,,,,,,,,,,,,W,movement_move_y_axis,,0.0,0.0
7828,323133,,,,,,,,,,,,,,,,,,,,,,,,,,,,,,W,movement_move_y_axis,,0.0,0.0
7829,323167,,,,,,,,,,,,,,,,,,,,,,,,,,,,,,W,movement_move_y_axis,,0.0,0.0
7830,323200,,,,,,,,,,,,,,,,,,,,,,,,,,,,,,W,movement_move_y_axis,,0.0,0.0
7831,323233,,,,,,,,,,,,,,,,,,,,,,,,,,,,,,W,movement_move_y_axis,,0.0,0.0
7832,323267,,,,,,,,,,,,,,,,,,,,,,,,,,,,,,W,movement_move_y_axis,,0.0,0.0
7833,323300,,,,,,,,,,,,,,,,,,,,,,,,,,,,,,W,movement_move_y_axis,,0.0,0.0
7834,323333,,,,,,,,,,,,,,,,,,,,,,,,,,,,,,W,movement_move_y_axis,,0.0,0.0
7835,323367,,,,,,,,,,,,,,,,,,,,,,,,,,,,,,W,movement_move_y_axis,,0.0,0.0
7836,323400,,,,,,,,,,,,,,,,,,,,,,,,,,,,,,W,movement_move_y_axis,,0.0,0.0
7837,323433,,,,,,,,,,,,,,,,,,,,,,,,,,,,,,D|W,movement_move_x_axis|movement_move_y_axis,,0.0,0.0
7838,323467,,,,,,,,,,,,,,,,,,,,,,,,,,,,,,D|W,movement_move_x_axis|movement_move_y_axis,,0.0,0.0
7839,323500,,,,,,,,,,,,,,,,,,,,,,,,,,,,,,D|W,movement_move_x_axis|movement_move_y_axis,,0.0,0.0
7840,323533,,,,,,,,,,,,,,,,,,,,,,,,,,,,,,D|W,movement_move_x_axis|movement_move_y_axis|movement_look_x_axis,,-1.0,0.0
7841,323633,,,,,,,,,,,,,,,,,,,,,,,,,,,,,,W,movement_move_y_axis|movement_look_x_axis|movement_look_y_axis,,-3.0,2.0
7842,323667,,,,,,,,,,,,,,,,,,,,,,,,,,,,,,W,movement_move_y_axis|movement_look_x_axis,,-3.0,0.0
7843,323700,,,,,,,,,,,,,,,,,,,,,,,,,,,,,,W,movement_move_y_axis|movement_look_x_axis|movement_look_y_axis,,-3.0,1.0
7844,323733,,,,,,,,,,,,,,,,,,,,,,,,,,,,,,W,movement_move_y_axis,,0.0,0.0
7845,323767,,,,,,,,,,,,,,,,,,,,,,,,,,,,,,W,movement_move_y_axis|movement_look_x_axis,,-5.0,0.0
7846,323900,,,,,,,,,,,,,,,,,,,,,,,,,,,,,,W,movement_move_y_axis|movement_look_x_axis,,-4.0,0.0
7847,323933,,,,,,,,,,,,,,,,,,,,,,,,,,,,,,W,movement_move_y_axis,,0.0,0.0
7848,323967,,,,,,,,,,,,,,,,,,,,,,,,,,,,,,W,movement_move_y_axis,,0.0,0.0
7849,324000,,,,,,,,,,,,,,,,,,,,,,,,,,,,,,W,movement_move_y_axis,,0.0,0.0
7850,324033,,,,,,,,,,,,,,,,,,,,,,,,,,,,,,W,movement_move_y_axis,,0.0,0.0
7851,324067,,,,,,,,,,,,,,,,,,,,,,,,,,,,,,W,movement_move_y_axis,,0.0,0.0
7852,324167,,,,,,,,,,,,,,,,,,,,,,,,,,,,,,W,movement_move_y_axis,,0.0,0.0
7853,324267,,,,,,,,,,,,,,,,,,,,,,,,,,,,,,W,movement_move_y_axis,,0.0,0.0
7854,324300,,,,,,,,,,,,,,,,,,,,,,,,,,,,,,W,movement_move_y_axis,,0.0,0.0
7855,324333,,,,,,,,,,,,,,,,,,,,,,,,,,,,,,W,movement_move_y_axis,,0.0,0.0
7856,324367,,,,,,,,,,,,,,,,,,,,,,,,,,,,,,W,movement_move_y_axis,,0.0,0.0
7857,324467,,,,,,,,,,,,,,,,,,,,,,,,,,,,,,W,movement_move_y_axis,,0.0,0.0
7858,324500,,,,,,,,,,,,,,,,,,,,,,,,,,,,,,W,movement_move_y_axis,,0.0,0.0
7859,324533,,,,,,,,,,,,,,,,,,,,,,,,,,,,,,W,movement_move_y_axis,,0.0,0.0
7860,324667,,,,,,,,,,,,,,,,,,,,,,,,,,,,,,W,movement_move_y_axis,,0.0,0.0
7861,324700,,,,,,,,,,,,,,,,,,,,,,,,,,,,,,W,movement_move_y_axis,,0.0,0.0
7862,324733,,,,,,,,,,,,,,,,,,,,,,,,,,,,,,W,movement_move_y_axis,,0.0,0.0
7863,324767,,,,,,,,,,,,,,,,,,,,,,,,,,,,,,W,movement_move_y_axis,,0.0,0.0
7864,324867,,,,,,,,,,,,,,,,,,,,,,,,,,,,,,W,movement_move_y_axis,,0.0,0.0
7865,324900,,,,,,,,,,,,,,,,,,,,,,,,,,,,,,W,movement_move_y_axis,,0.0,0.0
7866,324933,,,,,,,,,,,,,,,,,,,,,,,,,,,,,,W,movement_move_y_axis,,0.0,0.0
7867,324967,,,,,,,,,,,,,,,,,,,,,,,,,,,,,,W,movement_move_y_axis,,0.0,0.0
7868,325000,,,,,,,,,,,,,,,,,,,,,,,,,,,,,,W,movement_move_y_axis,,0.0,0.0
7869,325067,,,,,,,,,,,,,,,,,,,,,,,,,,,,,,W,movement_move_y_axis,,0.0,0.0
7870,325100,,,,,,,,,,,,,,,,,,,,,,,,,,,,,,W,movement_move_y_axis,,0.0,0.0
7871,325133,,,,,,,,,,,,,,,,,,,,,,,,,,,,,,W,movement_move_y_axis,,0.0,0.0
7872,325167,,,,,,,,,,,,,,,,,,,,,,,,,,,,,,W,movement_move_y_axis,,0.0,0.0
7873,325333,,,,,,,,,,,,,,,,,,,,,,,,,,,,,,W,movement_move_y_axis,,0.0,0.0
7874,325367,,,,,,,,,,,,,,,,,,,,,,,,,,,,,,W,movement_move_y_axis,,0.0,0.0
7875,325400,,,,,,,,,,,,,,,,,,,,,,,,,,,,,,W,movement_move_y_axis,,0.0,0.0
7876,325433,,,,,,,,,,,,,,,,,,,,,,,,,,,,,,W,movement_move_y_axis,,0.0,0.0
7877,325500,,,,,,,,,,,,,,,,,,,,,,,,,,,,,,W,movement_move_y_axis,,0.0,0.0
7878,325567,,,,,,,,,,,,,,,,,,,,,,,,,,,,,,W,movement_move_y_axis,,0.0,0.0
7879,325600,,,,,,,,,,,,,,,,,,,,,,,,,,,,,,W,movement_move_y_axis,,0.0,0.0
7880,325633,,,,,,,,,,,,,,,,,,,,,,,,,,,,,,W,movement_move_y_axis|movement_look_x_axis|movement_look_y_axis,,-6.0,5.0
7881,325667,,,,,,,,,,,,,,,,,,,,,,,,,,,,,,W,movement_move_y_axis,,0.0,0.0
7882,325700,,,,,,,,,,,,,,,,,,,,,,,,,,,,,,W,movement_move_y_axis|movement_look_x_axis|movement_look_y_axis,,-2.0,1.0
7883,325733,,,,,,,,,,,,,,,,,,,,,,,,,,,,,,W,movement_move_y_axis,,0.0,0.0
7884,325933,,,,,,,,,,,,,,,,,,,,,,,,,,,,,,,movement_look_x_axis|movement_look_y_axis,,-5.0,4.0
7885,326000,,,,,,,,,,,,,,,,,,,,,,,,,,,,,,,,,0.0,0.0
7886,326033,,,,,,,,,,,,,,,,,,,,,,,,,,,,,,,,,0.0,0.0
7887,326067,,,,,,,,,,,,,,,,,,,,,,,,,,,,,,,,,0.0,0.0
7888,326133,,,,,,,,,,,,,,,,,,,,,,,,,,,,,,,movement_look_x_axis|movement_look_y_axis,,-1.0,2.0
7889,326167,,,,,,,,,,,,,,,,,,,,,,,,,,,,,,W,movement_move_y_axis,,0.0,0.0
7890,326200,,,,,,,,,,,,,,,,,,,,,,,,,,,,,,W,movement_move_y_axis,,0.0,0.0
7891,326267,,,,,,,,,,,,,,,,,,,,,,,,,,,,,,W,movement_move_y_axis,,0.0,0.0
7892,326300,,,,,,,,,,,,,,,,,,,,,,,,,,,,,,W,movement_move_y_axis,,0.0,0.0
7893,326333,,,,,,,,,,,,,,,,,,,,,,,,,,,,,,W,movement_move_y_axis,,0.0,0.0
7894,326367,,,,,,,,,,,,,,,,,,,,,,,,,,,,,,,,,0.0,0.0
7895,326400,,,,,,,,,,,,,,,,,,,,,,,,,,,,,,,,,0.0,0.0
7896,326500,,,,,,,,,,,,,,,,,,,,,,,,,,,,,,,,,0.0,0.0
7897,326533,,,,,,,,,,,,,,,,,,,,,,,,,,,,,,,,,0.0,0.0
7898,326567,,,,,,,,,,,,,,,,,,,,,,,,,,,,,,,,,0.0,0.0
7899,326600,,,,,,,,,,,,,,,,,,,,,,,,,,,,,,W,movement_move_y_axis,,0.0,0.0
7900,326767,,,,,,,,,,,,,,,,,,,,,,,,,,,,,,W,movement_move_y_axis|movement_look_x_axis|movement_look_y_axis,,206.0,-18.0
7901,326900,,,,,,,,,,,,,,,,,,,,,,,,,,,,,,W,movement_move_y_axis,,0.0,0.0
7902,326933,,,,,,,,,,,,,,,,,,,,,,,,,,,,,,W,movement_move_y_axis,,0.0,0.0
7903,326967,,,,,,,,,,,,,,,,,,,,,,,,,,,,,,W,movement_move_y_axis|movement_look_x_axis,,175.0,0.0
7904,327000,,,,,,,,,,,,,,,,,,,,,,,,,,,,,,A|W,movement_move_x_axis|movement_move_y_axis,,0.0,0.0
7905,327033,,,,,,,,,,,,,,,,,,,,,,,,,,,,,,A|W,movement_move_x_axis|movement_move_y_axis,,0.0,0.0
7906,327067,,,,,,,,,,,,,,,,,,,,,,,,,,,,,,A|W,movement_move_x_axis|movement_move_y_axis,,0.0,0.0
7907,327100,,,,,,,,,,,,,,,,,,,,,,,,,,,,,,A|W,movement_move_x_axis|movement_move_y_axis|movement_look_x_axis,,33.0,0.0
7908,327133,,,,,,,,,,,,,,,,,,,,,,,,,,,,,,A|W,movement_move_x_axis|movement_move_y_axis|movement_look_x_axis,,23.0,0.0
7909,327167,,,,,,,,,,,,,,,,,,,,,,,,,,,,,,A|W,movement_move_x_axis|movement_move_y_axis|movement_look_x_axis,,9.0,0.0
7910,327200,,,,,,,,,,,,,,,,,,,,,,,,,,,,,,W,movement_move_y_axis|movement_look_x_axis,,10.0,0.0
7911,327233,,,,,,,,,,,,,,,,,,,,,,,,,,,,,,W,movement_move_y_axis|movement_look_x_axis,,13.0,0.0
7912,327267,,,,,,,,,,,,,,,,,,,,,,,,,,,,,,W,movement_move_y_axis|movement_look_x_axis,,4.0,0.0
7913,327300,,,,,,,,,,,,,,,,,,,,,,,,,,,,,,W,movement_move_y_axis|movement_look_x_axis,,45.0,0.0
7914,327500,,,,,,,,,,,,,,,,,,,,,,,,,,,,,,W,movement_move_y_axis|movement_look_x_axis,,85.0,0.0
7915,327533,,,,,,,,,,,,,,,,,,,,,,,,,,,,,,W,movement_move_y_axis,,0.0,0.0
7916,327567,,,,,,,,,,,,,,,,,,,,,,,,,,,,,,W,movement_move_y_axis,,0.0,0.0
7917,327600,,,,,,,,,,,,,,,,,,,,,,,,,,,,,,W,movement_move_y_axis,,0.0,0.0
7918,327633,,,,,,,,,,,,,,,,,,,,,,,,,,,,,,W,movement_move_y_axis,,0.0,0.0
7919,327667,,,,,,,,,,,,,,,,,,,,,,,,,,,,,,W,movement_move_y_axis,,0.0,0.0
7920,327700,,,,,,,,,,,,,,,,,,,,,,,,,,,,,,W,movement_move_y_axis|movement_look_x_axis,,22.0,0.0
7921,327733,,,,,,,,,,,,,,,,,,,,,,,,,,,,,,W,movement_move_y_axis|movement_look_x_axis,,16.0,0.0
7922,327767,,,,,,,,,,,,,,,,,,,,,,,,,,,,,,W,movement_move_y_axis|movement_look_x_axis,,11.0,0.0
7923,327800,,,,,,,,,,,,,,,,,,,,,,,,,,,,,,W,movement_move_y_axis|movement_look_x_axis|movement_look_y_axis,,16.0,2.0
7924,327833,,,,,,,,,,,,,,,,,,,,,,,,,,,,,,W,movement_move_y_axis|movement_look_x_axis,,11.0,0.0
7925,327867,,,,,,,,,,,,,,,,,,,,,,,,,,,,,,W,movement_move_y_axis|movement_look_x_axis|movement_look_y_axis,,29.0,1.0
7926,327933,,,,,,,,,,,,,,,,,,,,,,,,,,,,,,W,movement_move_y_axis|movement_look_x_axis|movement_look_y_axis,,106.0,17.0
7927,328067,,,,,,,,,,,,,,,,,,,,,,,,,,,,,,W,movement_move_y_axis|movement_look_x_axis,,4.0,0.0
7928,328100,,,,,,,,,,,,,,,,,,,,,,,,,,,,,,W,movement_move_y_axis,,0.0,0.0
7929,328133,,,,,,,,,,,,,,,,,,,,,,,,,,,,,,W,movement_move_y_axis|movement_look_x_axis|movement_look_y_axis,,36.0,3.0
7930,328167,,,,,,,,,,,,,,,,,,,,,,,,,,,,,,W,movement_move_y_axis,,0.0,0.0
7931,328233,,,,,,,,,,,,,,,,,,,,,,,,,,,,,,W,movement_move_y_axis,,0.0,0.0
7932,328267,,,,,,,,,,,,,,,,,,,,,,,,,,,,,,W,movement_move_y_axis|movement_look_x_axis,,16.0,0.0
7933,328300,,,,,,,,,,,,,,,,,,,,,,,,,,,,,,W,movement_move_y_axis|movement_look_x_axis,,2.0,0.0
7934,328333,,,,,,,,,,,,,,,,,,,,,,,,,,,,,,W,movement_move_y_axis,,0.0,0.0
7935,328400,,,,,,,,,,,,,,,,,,,,,,,,,,,,,,W,movement_move_y_axis,,0.0,0.0
7936,328433,,,,,,,,,,,,,,,,,,,,,,,,,,,,,,W,movement_move_y_axis,,0.0,0.0
7937,328467,,,,,,,,,,,,,,,,,,,,,,,,,,,,,,W,movement_move_y_axis|movement_look_x_axis,,1.0,0.0
7938,328500,,,,,,,,,,,,,,,,,,,,,,,,,,,,,,W,movement_move_y_axis|movement_look_x_axis|movement_look_y_axis,,66.0,6.0
7939,328667,,,,,,,,,,,,,,,,,,,,,,,,,,,,,,W,movement_move_y_axis,,0.0,0.0
7940,328700,,,,,,,,,,,,,,,,,,,,,,,,,,,,,,W,movement_move_y_axis|movement_look_x_axis,,14.0,0.0
7941,328733,,,,,,,,,,,,,,,,,,,,,,,,,,,,,,W,movement_move_y_axis,,0.0,0.0
7942,328767,,,,,,,,,,,,,,,,,,,,,,,,,,,,,,W,movement_move_y_axis,,0.0,0.0
7943,328800,,,,,,,,,,,,,,,,,,,,,,,,,,,,,,W,movement_move_y_axis,,0.0,0.0
7944,328833,,,,,,,,,,,,,,,,,,,,,,,,,,,,,,W,movement_move_y_axis,,0.0,0.0
7945,328867,,,,,,,,,,,,,,,,,,,,,,,,,,,,,,W,movement_move_y_axis,,0.0,0.0
7946,328900,,,,,,,,,,,,,,,,,,,,,,,,,,,,,,W,movement_move_y_axis,,0.0,0.0
7947,329000,,,,,,,,,,,,,,,,,,,,,,,,,,,,,,,,,0.0,0.0
7948,329033,,,,,,,,,,,,,,,,,,,,,,,,,,,,,,,,,0.0,0.0
7949,329067,,,,,,,,,,,,,,,,,,,,,,,,,,,,,,,,,0.0,0.0
7950,329100,,,,,,,,,,,,,,,,,,,,,,,,,,,,,,,,,0.0,0.0
7951,329133,,,,,,,,,,,,,,,,,,,,,,,,,,,,,,,,,0.0,0.0
7952,329167,,,,,,,,,,,,,,,,,,,,,,,,,,,,,,,,,0.0,0.0
7953,329233,,,,,,,,,,,,,,,,,,,,,,,,,,,,,,,,,0.0,0.0
7954,329267,,,,,,,,,,,,,,,,,,,,,,,,,,,,,,,,,0.0,0.0
7955,329300,,,,,,,,,,,,,,,,,,,,,,,,,,,,,,,,,0.0,0.0
7956,329333,,,,,,,,,,,,,,,,,,,,,,,,,,,,,,,,,0.0,0.0
7957,329400,,,,,,,,,,,,,,,,,,,,,,,,,,,,,,,,,0.0,0.0
7958,329433,,,,,,,,,,,,,,,,,,,,,,,,,,,,,,,,,0.0,0.0
7959,329633,,,,,,,,,,,,,,,,,,,,,,,,,,,,,,,,,0.0,0.0
7960,329667,,,,,,,,,,,,,,,,,,,,,,,,,,,,,,,,,0.0,0.0
7961,329700,,,,,,,,,,,,,,,,,,,,,,,,,,,,,,,,,0.0,0.0
7962,329767,,,,,,,,,,,,,,,,,,,,,,,,,,,,,,,,,0.0,0.0
7963,329800,,,,,,,,,,,,,,,,,,,,,,,,,,,,,,,,,0.0,0.0
7964,329833,,,,,,,,,,,,,,,,,,,,,,,,,,,,,,,,,0.0,0.0
7965,329867,,,,,,,,,,,,,,,,,,,,,,,,,,,,,,,,,0.0,0.0
7966,329900,,,,,,,,,,,,,,,,,,,,,,,,,,,,,,,,,0.0,0.0
7967,329933,,,,,,,,,,,,,,,,,,,,,,,,,,,,,,,,,0.0,0.0
7968,329967,,,,,,,,,,,,,,,,,,,,,,,,,,,,,,,,,0.0,0.0
7969,330000,,,,,,,,,,,,,,,,,,,,,,,,,,,,,,,,,0.0,0.0
7970,330033,,,,,,,,,,,,,,,,,,,,,,,,,,,,,,,,,0.0,0.0
7971,330067,,,,,,,,,,,,,,,,,,,,,,,,,,,,,,,,,0.0,0.0
7972,330100,,,,,,,,,,,,,,,,,,,,,,,,,,,,,,,,,0.0,0.0
7973,330167,,,,,,,,,,,,,,,,,,,,,,,,,,,,,,,,,0.0,0.0
7974,330300,,,,,,,,,,,,,,,,,,,,,,,,,,,,,,,,,0.0,0.0
7975,330333,,,,,,,,,,,,,,,,,,,,,,,,,,,,,,,,,0.0,0.0
7976,330367,,,,,,,,,,,,,,,,,,,,,,,,,,,,,,,,,0.0,0.0
7977,330400,,,,,,,,,,,,,,,,,,,,,,,,,,,,,,W,movement_move_y_axis,,0.0,0.0
7978,330433,,,,,,,,,,,,,,,,,,,,,,,,,,,,,,W,movement_move_y_axis,,0.0,0.0
7979,330467,,,,,,,,,,,,,,,,,,,,,,,,,,,,,,W,movement_move_y_axis,,0.0,0.0
7980,330500,,,,,,,,,,,,,,,,,,,,,,,,,,,,,,W,movement_move_y_axis,,0.0,0.0
7981,330533,,,,,,,,,,,,,,,,,,,,,,,,,,,,,,W,movement_move_y_axis,,0.0,0.0
7982,330567,,,,,,,,,,,,,,,,,,,,,,,,,,,,,,W,movement_move_y_axis,,0.0,0.0
7983,330633,,,,,,,,,,,,,,,,,,,,,,,,,,,,,,,,,0.0,0.0
7984,330667,,,,,,,,,,,,,,,,,,,,,,,,,,,,,,,,,0.0,0.0
7985,330867,,,,,,,,,,,,,,,,,,,,,,,,,,,,,,W,movement_move_y_axis,,0.0,0.0
7986,330900,,,,,,,,,,,,,,,,,,,,,,,,,,,,,,W,movement_move_y_axis,,0.0,0.0
7987,330933,,,,,,,,,,,,,,,,,,,,,,,,,,,,,,W,movement_move_y_axis,,0.0,0.0
7988,330967,,,,,,,,,,,,,,,,,,,,,,,,,,,,,,W,movement_move_y_axis,,0.0,0.0
7989,331033,,,,,,,,,,,,,,,,,,,,,,,,,,,,,,W,movement_move_y_axis,,0.0,0.0
7990,331067,,,,,,,,,,,,,,,,,,,,,,,,,,,,,,W,movement_move_y_axis,,0.0,0.0
7991,331100,,,,,,,,,,,,,,,,,,,,,,,,,,,,,,,,,0.0,0.0
7992,331133,,,,,,,,,,,,,,,,,,,,,,,,,,,,,,,,,0.0,0.0
7993,331167,,,,,,,,,,,,,,,,,,,,,,,,,,,,,,,,,0.0,0.0
7994,331200,,,,,,,,,,,,,,,,,,,,,,,,,,,,,,,,,0.0,0.0
7995,331233,,,,,,,,,,,,,,,,,,,,,,,,,,,,,,,,,0.0,0.0
7996,331267,,,,,,,,,,,,,,,,,,,,,,,,,,,,,,,,,0.0,0.0
7997,331333,,,,,,,,,,,,,,,,,,,,,,,,,,,,,,,,,0.0,0.0
7998,331367,,,,,,,,,,,,,,,,,,,,,,,,,,,,,,,,,0.0,0.0
7999,331400,,,,,,,,,,,,,,,,,,,,,,,,,,,,,,,,,0.0,0.0
8000,331433,,,,,,,,,,,,,,,,,,,,,,,,,,,,,,,,,0.0,0.0
8001,331467,,,,,,,,,,,,,,,,,,,,,,,,,,,,,,,,,0.0,0.0
8002,331500,,,,,,,,,,,,,,,,,,,,,,,,,,,,,,,,,0.0,0.0
8003,331533,,,,,,,,,,,,,,,,,,,,,,,,,,,,,,,,,0.0,0.0
8004,331567,,,,,,,,,,,,,,,,,,,,,,,,,,,,,,,,,0.0,0.0
8005,331633,,,,,,,,,,,,,,,,,,,,,,,,,,,,,,,,,0.0,0.0
8006,331667,,,,,,,,,,,,,,,,,,,,,,,,,,,,,,,,,0.0,0.0
8007,331700,,,,,,,,,,,,,,,,,,,,,,,,,,,,,,,,,0.0,0.0
8008,331733,,,,,,,,,,,,,,,,,,,,,,,,,,,,,,,,,0.0,0.0
8009,331767,,,,,,,,,,,,,,,,,,,,,,,,,,,,,,,,,0.0,0.0
8010,331800,,,,,,,,,,,,,,,,,,,,,,,,,,,,,,,,,0.0,0.0
8011,331833,,,,,,,,,,,,,,,,,,,,,,,,,,,,,,,,,0.0,0.0
8012,331867,,,,,,,,,,,,,,,,,,,,,,,,,,,,,,,,,0.0,0.0
8013,331900,,,,,,,,,,,,,,,,,,,,,,,,,,,,,,,,,0.0,0.0
8014,331933,,,,,,,,,,,,,,,,,,,,,,,,,,,,,,,,,0.0,0.0
8015,331967,,,,,,,,,,,,,,,,,,,,,,,,,,,,,,,,,0.0,0.0
8016,332000,,,,,,,,,,,,,,,,,,,,,,,,,,,,,,,,,0.0,0.0
8017,332033,,,,,,,,,,,,,,,,,,,,,,,,,,,,,,,,,0.0,0.0
8018,332067,,,,,,,,,,,,,,,,,,,,,,,,,,,,,,,,,0.0,0.0
8019,332100,,,,,,,,,,,,,,,,,,,,,,,,,,,,,,,,,0.0,0.0
8020,332133,,,,,,,,,,,,,,,,,,,,,,,,,,,,,,,,,0.0,0.0
8021,332167,,,,,,,,,,,,,,,,,,,,,,,,,,,,,,,,,0.0,0.0
8022,332200,,,,,,,,,,,,,,,,,,,,,,,,,,,,,,,,,0.0,0.0
8023,332233,,,,,,,,,,,,,,,,,,,,,,,,,,,,,,,,,0.0,0.0
8024,332267,,,,,,,,,,,,,,,,,,,,,,,,,,,,,,,,,0.0,0.0
8025,332300,,,,,,,,,,,,,,,,,,,,,,,,,,,,,,,,,0.0,0.0
8026,332333,,,,,,,,,,,,,,,,,,,,,,,,,,,,,,,,,0.0,0.0
8027,332367,,,,,,,,,,,,,,,,,,,,,,,,,,,,,,,,,0.0,0.0
8028,332400,,,,,,,,,,,,,,,,,,,,,,,,,,,,,,,,,0.0,0.0
8029,332467,,,,,,,,,,,,,,,,,,,,,,,,,,,,,,,,,0.0,0.0
8030,332500,,,,,,,,,,,,,,,,,,,,,,,,,,,,,,,,,0.0,0.0
8031,332533,,,,,,,,,,,,,,,,,,,,,,,,,,,,,,,,,0.0,0.0
8032,332567,,,,,,,,,,,,,,,,,,,,,,,,,,,,,,,,,0.0,0.0
8033,332633,,,,,,,,,,,,,,,,,,,,,,,,,,,,,,,,,0.0,0.0
8034,332667,,,,,,,,,,,,,,,,,,,,,,,,,,,,,,,,,0.0,0.0
8035,332700,,,,,,,,,,,,,,,,,,,,,,,,,,,,,,,,,0.0,0.0
8036,332733,,,,,,,,,,,,,,,,,,,,,,,,,,,,,,,,,0.0,0.0
8037,332767,,,,,,,,,,,,,,,,,,,,,,,,,,,,,,,,,0.0,0.0
8038,332833,,,,,,,,,,,,,,,,,,,,,,,,,,,,,,,,,0.0,0.0
8039,332867,,,,,,,,,,,,,,,,,,,,,,,,,,,,,,,,,0.0,0.0
8040,332900,,,,,,,,,,,,,,,,,,,,,,,,,,,,,,,,,0.0,0.0
8041,332933,,,,,,,,,,,,,,,,,,,,,,,,,,,,,,,,,0.0,0.0
8042,332967,,,,,,,,,,,,,,,,,,,,,,,,,,,,,,,,,0.0,0.0
8043,333000,,,,,,,,,,,,,,,,,,,,,,,,,,,,,,,,,0.0,0.0
8044,333033,,,,,,,,,,,,,,,,,,,,,,,,,,,,,,,,,0.0,0.0
8045,333067,,,,,,,,,,,,,,,,,,,,,,,,,,,,,,,,,0.0,0.0
8046,333100,,,,,,,,,,,,,,,,,,,,,,,,,,,,,,,,,0.0,0.0
8047,333167,,,,,,,,,,,,,,,,,,,,,,,,,,,,,,,,,0.0,0.0
8048,333200,,,,,,,,,,,,,,,,,,,,,,,,,,,,,,,,,0.0,0.0
8049,333233,,,,,,,,,,,,,,,,,,,,,,,,,,,,,,,,,0.0,0.0
8050,333267,,,,,,,,,,,,,,,,,,,,,,,,,,,,,,,,,0.0,0.0
8051,333300,,,,,,,,,,,,,,,,,,,,,,,,,,,,,,,,,0.0,0.0
8052,333333,,,,,,,,,,,,,,,,,,,,,,,,,,,,,,,,,0.0,0.0
8053,333367,,,,,,,,,,,,,,,,,,,,,,,,,,,,,,,,,0.0,0.0
8054,333400,,,,,,,,,,,,,,,,,,,,,,,,,,,,,,,,,0.0,0.0
8055,333433,,,,,,,,,,,,,,,,,,,,,,,,,,,,,,,,,0.0,0.0
8056,333467,,,,,,,,,,,,,,,,,,,,,,,,,,,,,,,,,0.0,0.0
8057,333500,,,,,,,,,,,,,,,,,,,,,,,,,,,,,,,,,0.0,0.0
8058,333533,,,,,,,,,,,,,,,,,,,,,,,,,,,,,,,,,0.0,0.0
8059,333567,,,,,,,,,,,,,,,,,,,,,,,,,,,,,,,,,0.0,0.0
8060,333633,,,,,,,,,,,,,,,,,,,,,,,,,,,,,,,,,0.0,0.0
8061,333667,,,,,,,,,,,,,,,,,,,,,,,,,,,,,,,,,0.0,0.0
8062,333700,,,,,,,,,,,,,,,,,,,,,,,,,,,,,,,,,0.0,0.0
8063,333733,,,,,,,,,,,,,,,,,,,,,,,,,,,,,,,,,0.0,0.0
8064,333767,,,,,,,,,,,,,,,,,,,,,,,,,,,,,,,,,0.0,0.0
8065,333800,,,,,,,,,,,,,,,,,,,,,,,,,,,,,,,,,0.0,0.0
8066,333833,,,,,,,,,,,,,,,,,,,,,,,,,,,,,,,,,0.0,0.0
8067,333867,,,,,,,,,,,,,,,,,,,,,,,,,,,,,,,,,0.0,0.0
8068,333900,,,,,,,,,,,,,,,,,,,,,,,,,,,,,,,,,0.0,0.0
8069,333933,,,,,,,,,,,,,,,,,,,,,,,,,,,,,,,,,0.0,0.0
8070,334000,,,,,,,,,,,,,,,,,,,,,,,,,,,,,,,,,0.0,0.0
8071,334033,,,,,,,,,,,,,,,,,,,,,,,,,,,,,,,,,0.0,0.0
8072,334067,,,,,,,,,,,,,,,,,,,,,,,,,,,,,,,,,0.0,0.0
8073,334100,,,,,,,,,,,,,,,,,,,,,,,,,,,,,,W,movement_move_y_axis,,0.0,0.0
8074,334133,,,,,,,,,,,,,,,,,,,,,,,,,,,,,,W,movement_move_y_axis,,0.0,0.0
8075,334167,,,,,,,,,,,,,,,,,,,,,,,,,,,,,,W,movement_move_y_axis,,0.0,0.0
8076,334200,,,,,,,,,,,,,,,,,,,,,,,,,,,,,,W,movement_move_y_axis,,0.0,0.0
8077,334233,,,,,,,,,,,,,,,,,,,,,,,,,,,,,,W,movement_move_y_axis,,0.0,0.0
8078,334267,,,,,,,,,,,,,,,,,,,,,,,,,,,,,,W,movement_move_y_axis,,0.0,0.0
8079,334300,,,,,,,,,,,,,,,,,,,,,,,,,,,,,,W,movement_move_y_axis,,0.0,0.0
8080,334333,,,,,,,,,,,,,,,,,,,,,,,,,,,,,,W,movement_move_y_axis,,0.0,0.0
8081,334367,,,,,,,,,,,,,,,,,,,,,,,,,,,,,,W,movement_move_y_axis,,0.0,0.0
8082,334433,,,,,,,,,,,,,,,,,,,,,,,,,,,,,,W,movement_move_y_axis,,0.0,0.0
8083,334467,,,,,,,,,,,,,,,,,,,,,,,,,,,,,,W,movement_move_y_axis,,0.0,0.0
8084,334500,,,,,,,,,,,,,,,,,,,,,,,,,,,,,,,,,0.0,0.0
8085,334533,,,,,,,,,,,,,,,,,,,,,,,,,,,,,,,,,0.0,0.0
8086,334567,,,,,,,,,,,,,,,,,,,,,,,,,,,,,,W,movement_move_y_axis,,0.0,0.0
8087,334600,,,,,,,,,,,,,,,,,,,,,,,,,,,,,,W,movement_move_y_axis,,0.0,0.0
8088,334633,,,,,,,,,,,,,,,,,,,,,,,,,,,,,,W,movement_move_y_axis,,0.0,0.0
8089,334667,,,,,,,,,,,,,,,,,,,,,,,,,,,,,,W,movement_move_y_axis,,0.0,0.0
8090,334700,,,,,,,,,,,,,,,,,,,,,,,,,,,,,,W,movement_move_y_axis,,0.0,0.0
8091,334733,,,,,,,,,,,,,,,,,,,,,,,,,,,,,,W,movement_move_y_axis,,0.0,0.0
8092,334767,,,,,,,,,,,,,,,,,,,,,,,,,,,,,,W,movement_move_y_axis,,0.0,0.0
8093,334833,,,,,,,,,,,,,,,,,,,,,,,,,,,,,,W,movement_move_y_axis,,0.0,0.0
8094,334867,,,,,,,,,,,,,,,,,,,,,,,,,,,,,,W,movement_move_y_axis,,0.0,0.0
8095,334900,,,,,,,,,,,,,,,,,,,,,,,,,,,,,,W,movement_move_y_axis,,0.0,0.0
8096,334933,,,,,,,,,,,,,,,,,,,,,,,,,,,,,,W,movement_move_y_axis,,0.0,0.0
8097,334967,,,,,,,,,,,,,,,,,,,,,,,,,,,,,,W,movement_move_y_axis,,0.0,0.0
8098,335000,,,,,,,,,,,,,,,,,,,,,,,,,,,,,,W,movement_move_y_axis,,0.0,0.0
8099,335033,,,,,,,,,,,,,,,,,,,,,,,,,,,,,,W,movement_move_y_axis,,0.0,0.0
8100,335067,,,,,,,,,,,,,,,,,,,,,,,,,,,,,,W,movement_move_y_axis,,0.0,0.0
8101,335100,,,,,,,,,,,,,,,,,,,,,,,,,,,,,,W,movement_move_y_axis,,0.0,0.0
8102,335133,,,,,,,,,,,,,,,,,,,,,,,,,,,,,,W,movement_move_y_axis,,0.0,0.0
8103,335167,,,,,,,,,,,,,,,,,,,,,,,,,,,,,,W,movement_move_y_axis,,0.0,0.0
8104,335200,,,,,,,,,,,,,,,,,,,,,,,,,,,,,,W,movement_move_y_axis|movement_look_x_axis|movement_look_y_axis,,6.0,-3.0
8105,335233,,,,,,,,,,,,,,,,,,,,,,,,,,,,,,W,movement_move_y_axis|movement_look_x_axis|movement_look_y_axis,,37.0,-54.0
8106,335267,,,,,,,,,,,,,,,,,,,,,,,,,,,,,,W,movement_move_y_axis|movement_look_x_axis|movement_look_y_axis,,40.0,-42.0
8107,335300,,,,,,,,,,,,,,,,,,,,,,,,,,,,,,W,movement_move_y_axis|movement_look_x_axis|movement_look_y_axis,,16.0,8.0
8108,335333,,,,,,,,,,,,,,,,,,,,,,,,,,,,,,W,movement_move_y_axis|movement_look_x_axis|movement_look_y_axis,,31.0,23.0
8109,335367,,,,,,,,,,,,,,,,,,,,,,,,,,,,,,W,movement_move_y_axis|movement_look_x_axis|movement_look_y_axis,,25.0,6.0
8110,335400,,,,,,,,,,,,,,,,,,,,,,,,,,,,,,W,movement_move_y_axis|movement_look_x_axis|movement_look_y_axis,,5.0,-1.0
8111,335433,,,,,,,,,,,,,,,,,,,,,,,,,,,,,,W,movement_move_y_axis,,0.0,0.0
8112,335467,,,,,,,,,,,,,,,,,,,,,,,,,,,,,,W,movement_move_y_axis,,0.0,0.0
8113,335500,,,,,,,,,,,,,,,,,,,,,,,,,,,,,,W,movement_move_y_axis|movement_look_x_axis,,4.0,0.0
8114,335533,,,,,,,,,,,,,,,,,,,,,,,,,,,,,,W,movement_move_y_axis|movement_look_x_axis|movement_look_y_axis,,24.0,-5.0
8115,335567,,,,,,,,,,,,,,,,,,,,,,,,,,,,,,W,movement_move_y_axis|movement_look_x_axis|movement_look_y_axis,,16.0,-4.0
8116,335600,,,,,,,,,,,,,,,,,,,,,,,,,,,,,,W,movement_move_y_axis|movement_look_x_axis,,1.0,0.0
8117,335633,,,,,,,,,,,,,,,,,,,,,,,,,,,,,,W,movement_move_y_axis,,0.0,0.0
8118,335667,,,,,,,,,,,,,,,,,,,,,,,,,,,,,,W,movement_move_y_axis,,0.0,0.0
8119,335700,,,,,,,,,,,,,,,,,,,,,,,,,,,,,,W,movement_move_y_axis,,0.0,0.0
8120,335733,,,,,,,,,,,,,,,,,,,,,,,,,,,,,,W,movement_move_y_axis,,0.0,0.0
8121,335767,,,,,,,,,,,,,,,,,,,,,,,,,,,,,,W,movement_move_y_axis,,0.0,0.0
8122,335800,,,,,,,,,,,,,,,,,,,,,,,,,,,,,,W,movement_move_y_axis,,0.0,0.0
8123,335833,,,,,,,,,,,,,,,,,,,,,,,,,,,,,,W,movement_move_y_axis,,0.0,0.0
8124,335867,,,,,,,,,,,,,,,,,,,,,,,,,,,,,,W,movement_move_y_axis,,0.0,0.0
8125,335900,,,,,,,,,,,,,,,,,,,,,,,,,,,,,,W,movement_move_y_axis,,0.0,0.0
8126,335933,,,,,,,,,,,,,,,,,,,,,,,,,,,,,,W,movement_move_y_axis,,0.0,0.0
8127,335967,,,,,,,,,,,,,,,,,,,,,,,,,,,,,,W,movement_move_y_axis,,0.0,0.0
8128,336000,,,,,,,,,,,,,,,,,,,,,,,,,,,,,,W,movement_move_y_axis,,0.0,0.0
8129,336067,,,,,,,,,,,,,,,,,,,,,,,,,,,,,,W,movement_move_y_axis,,0.0,0.0
8130,336100,,,,,,,,,,,,,,,,,,,,,,,,,,,,,,W,movement_move_y_axis,,0.0,0.0
8131,336133,,,,,,,,,,,,,,,,,,,,,,,,,,,,,,W,movement_move_y_axis,,0.0,0.0
8132,336167,,,,,,,,,,,,,,,,,,,,,,,,,,,,,,W,movement_move_y_axis|movement_look_x_axis|movement_look_y_axis,,-2.0,-1.0
8133,336267,,,,,,,,,,,,,,,,,,,,,,,,,,,,,,W,movement_move_y_axis|movement_look_x_axis|movement_look_y_axis,,-6.0,-1.0
8134,336300,,,,,,,,,,,,,,,,,,,,,,,,,,,,,,W,movement_move_y_axis|movement_look_x_axis|movement_look_y_axis,,-53.0,16.0
8135,336333,,,,,,,,,,,,,,,,,,,,,,,,,,,,,,W,movement_move_y_axis|movement_look_x_axis|movement_look_y_axis,,-86.0,17.0
8136,336400,,,,,,,,,,,,,,,,,,,,,,,,,,,,,,W,movement_move_y_axis,,0.0,0.0
8137,336433,,,,,,,,,,,,,,,,,,,,,,,,,,,,,,W,movement_move_y_axis,,0.0,0.0
8138,336467,,,,,,,,,,,,,,,,,,,,,,,,,,,,,,W,movement_move_y_axis|movement_look_x_axis|movement_look_y_axis,,-47.0,5.0
8139,336500,,,,,,,,,,,,,,,,,,,,,,,,,,,,,,W,movement_move_y_axis|movement_look_x_axis|movement_look_y_axis,,-38.0,1.0
8140,336533,,,,,,,,,,,,,,,,,,,,,,,,,,,,,,W,movement_move_y_axis|movement_look_x_axis,,-4.0,0.0
8141,336567,,,,,,,,,,,,,,,,,,,,,,,,,,,,,,W,movement_move_y_axis,,0.0,0.0
8142,336600,,,,,,,,,,,,,,,,,,,,,,,,,,,,,,W,movement_move_y_axis,,0.0,0.0
8143,336633,,,,,,,,,,,,,,,,,,,,,,,,,,,,,,W,movement_move_y_axis|movement_look_x_axis|movement_look_y_axis,,-3.0,-6.0
8144,336667,,,,,,,,,,,,,,,,,,,,,,,,,,,,,,W,movement_move_y_axis|movement_look_x_axis|movement_look_y_axis,,-3.0,-11.0
8145,336700,,,,,,,,,,,,,,,,,,,,,,,,,,,,,,W,movement_move_y_axis,,0.0,0.0
8146,336733,,,,,,,,,,,,,,,,,,,,,,,,,,,,,,W,movement_move_y_axis,,0.0,0.0
8147,336767,,,,,,,,,,,,,,,,,,,,,,,,,,,,,,W,movement_move_y_axis|movement_look_x_axis|movement_look_y_axis,,-1.0,-1.0
8148,336833,,,,,,,,,,,,,,,,,,,,,,,,,,,,,,W,movement_move_y_axis|movement_look_x_axis|movement_look_y_axis,,-5.0,5.0
8149,336867,,,,,,,,,,,,,,,,,,,,,,,,,,,,,,W,movement_move_y_axis|movement_look_x_axis|movement_look_y_axis,,-2.0,1.0
8150,336900,,,,,,,,,,,,,,,,,,,,,,,,,,,,,,W,movement_move_y_axis,,0.0,0.0
8151,336933,,,,,,,,,,,,,,,,,,,,,,,,,,,,,,W,movement_move_y_axis,,0.0,0.0
8152,336967,,,,,,,,,,,,,,,,,,,,,,,,,,,,,,W,movement_move_y_axis,,0.0,0.0
8153,337000,,,,,,,,,,,,,,,,,,,,,,,,,,,,,,W,movement_move_y_axis,,0.0,0.0
8154,337033,,,,,,,,,,,,,,,,,,,,,,,,,,,,,,W,movement_move_y_axis,,0.0,0.0
8155,337067,,,,,,,,,,,,,,,,,,,,,,,,,,,,,,W,movement_move_y_axis,,0.0,0.0
8156,337100,,,,,,,,,,,,,,,,,,,,,,,,,,,,,,W,movement_move_y_axis,,0.0,0.0
8157,337133,,,,,,,,,,,,,,,,,,,,,,,,,,,,,,W,movement_move_y_axis|movement_look_x_axis|movement_look_y_axis,,-1.0,-1.0
8158,337167,,,,,,,,,,,,,,,,,,,,,,,,,,,,,,W,movement_move_y_axis|movement_look_x_axis|movement_look_y_axis,,3.0,-1.0
8159,337200,,,,,,,,,,,,,,,,,,,,,,,,,,,,,,W,movement_move_y_axis,,0.0,0.0
8160,337267,,,,,,,,,,,,,,,,,,,,,,,,,,,,,,W,movement_move_y_axis,,0.0,0.0
8161,337300,,,,,,,,,,,,,,,,,,,,,,,,,,,,,,W,movement_move_y_axis,,0.0,0.0
8162,337333,,,,,,,,,,,,,,,,,,,,,,,,,,,,,,W,movement_move_y_axis,,0.0,0.0
8163,337400,,,,,,,,,,,,,,,,,,,,,,,,,,,,,,W,movement_move_y_axis|movement_look_x_axis|movement_look_y_axis,,-6.0,3.0
8164,337433,,,,,,,,,,,,,,,,,,,,,,,,,,,,,,D|W,movement_move_x_axis|movement_move_y_axis,,0.0,0.0
8165,337467,,,,,,,,,,,,,,,,,,,,,,,,,,,,,,D|W,movement_move_x_axis|movement_move_y_axis|movement_look_x_axis|movement_look_y_axis,,-10.0,3.0
8166,337500,,,,,,,,,,,,,,,,,,,,,,,,,,,,,,D|W,movement_move_x_axis|movement_move_y_axis|movement_look_x_axis|movement_look_y_axis,,-21.0,1.0
8167,337567,,,,,,,,,,,,,,,,,,,,,,,,,,,,,,D|W,movement_move_x_axis|movement_move_y_axis,,0.0,0.0
8168,337600,,,,,,,,,,,,,,,,,,,,,,,,,,,,,,D|W,movement_move_x_axis|movement_move_y_axis|movement_look_x_axis|movement_look_y_axis,,-9.0,1.0
8169,337633,,,,,,,,,,,,,,,,,,,,,,,,,,,,,,D|W,movement_move_x_axis|movement_move_y_axis|movement_look_x_axis|movement_look_y_axis,,-53.0,4.0
8170,337733,,,,,,,,,,,,,,,,,,,,,,,,,,,,,,W,movement_move_y_axis|movement_look_x_axis|movement_look_y_axis,,-18.0,4.0
8171,337800,,,,,,,,,,,,,,,,,,,,,,,,,,,,,,W,movement_move_y_axis|movement_look_x_axis|movement_look_y_axis,,-10.0,4.0
8172,337833,,,,,,,,,,,,,,,,,,,,,,,,,,,,,,W,movement_move_y_axis|movement_look_x_axis,,-1.0,0.0
8173,337867,,,,,,,,,,,,,,,,,,,,,,,,,,,,,,W,movement_move_y_axis|movement_look_x_axis|movement_look_y_axis,,-1.0,-4.0
8174,337967,,,,,,,,,,,,,,,,,,,,,,,,,,,,,,W,movement_move_y_axis,,0.0,0.0
8175,338000,,,,,,,,,,,,,,,,,,,,,,,,,,,,,,W,movement_move_y_axis|movement_look_x_axis|movement_look_y_axis,,-1.0,-8.0
8176,338033,,,,,,,,,,,,,,,,,,,,,,,,,,,,,,W,movement_move_y_axis|movement_look_x_axis|movement_look_y_axis,,-3.0,-4.0
8177,338067,,,,,,,,,,,,,,,,,,,,,,,,,,,,,,W,movement_move_y_axis,,0.0,0.0
8178,338100,,,,,,,,,,,,,,,,,,,,,,,,,,,,,,D|W,movement_move_x_axis|movement_move_y_axis,,0.0,0.0
8179,338133,,,,,,,,,,,,,,,,,,,,,,,,,,,,,,D|W,movement_move_x_axis|movement_move_y_axis,,0.0,0.0
8180,338167,,,,,,,,,,,,,,,,,,,,,,,,,,,,,,D|W,movement_move_x_axis|movement_move_y_axis,,0.0,0.0
8181,338200,,,,,,,,,,,,,,,,,,,,,,,,,,,,,,D|W,movement_move_x_axis|movement_move_y_axis|movement_look_x_axis|movement_look_y_axis,,-32.0,-5.0
8182,338433,,,,,,,,,,,,,,,,,,,,,,,,,,,,,,D|W,movement_move_x_axis|movement_move_y_axis,,0.0,0.0
8183,338467,,,,,,,,,,,,,,,,,,,,,,,,,,,,,,D|W,movement_move_x_axis|movement_move_y_axis,,0.0,0.0
8184,338500,,,,,,,,,,,,,,,,,,,,,,,,,,,,,,D|W,movement_move_x_axis|movement_move_y_axis,,0.0,0.0
8185,338533,,,,,,,,,,,,,,,,,,,,,,,,,,,,,,D|W,movement_move_x_axis|movement_move_y_axis,,0.0,0.0
8186,338600,,,,,,,,,,,,,,,,,,,,,,,,,,,,,,D|W,movement_move_x_axis|movement_move_y_axis|movement_look_x_axis|movement_look_y_axis,,-4.0,-3.0
8187,338767,,,,,,,,,,,,,,,,,,,,,,,,,,,,,,W,movement_move_y_axis|movement_look_y_axis,,0.0,-8.0
8188,338867,,,,,,,,,,,,,,,,,,,,,,,,,,,,,,W,movement_move_y_axis,,0.0,0.0
8189,338900,,,,,,,,,,,,,,,,,,,,,,,,,,,,,,W,movement_move_y_axis,,0.0,0.0
8190,338933,,,,,,,,,,,,,,,,,,,,,,,,,,,,,,W,movement_move_y_axis,,0.0,0.0
8191,338967,,,,,,,,,,,,,,,,,,,,,,,,,,,,,,W,movement_move_y_axis|movement_look_x_axis|movement_look_y_axis,,-17.0,-12.0
8192,339000,,,,,,,,,,,,,,,,,,,,,,,,,,,,,,D|W,movement_move_x_axis|movement_move_y_axis,,0.0,0.0
8193,339033,,,,,,,,,,,,,,,,,,,,,,,,,,,,,,D|W,movement_move_x_axis|movement_move_y_axis,,0.0,0.0
8194,339067,,,,,,,,,,,,,,,,,,,,,,,,,,,,,,D|W,movement_move_x_axis|movement_move_y_axis|movement_look_x_axis|movement_look_y_axis,,-6.0,-3.0
8195,339100,,,,,,,,,,,,,,,,,,,,,,,,,,,,,,D|W,movement_move_x_axis|movement_move_y_axis|movement_look_x_axis|movement_look_y_axis,,-8.0,-2.0
8196,339133,,,,,,,,,,,,,,,,,,,,,,,,,,,,,,D|W,movement_move_x_axis|movement_move_y_axis|movement_look_x_axis|movement_look_y_axis,,-9.0,-3.0
8197,339167,,,,,,,,,,,,,,,,,,,,,,,,,,,,,,D|W,movement_move_x_axis|movement_move_y_axis|movement_look_x_axis|movement_look_y_axis,,-11.0,-2.0
8198,339200,,,,,,,,,,,,,,,,,,,,,,,,,,,,,,W,movement_move_y_axis|movement_look_x_axis|movement_look_y_axis,,-25.0,-5.0
8199,339233,,,,,,,,,,,,,,,,,,,,,,,,,,,,,,W,movement_move_y_axis|movement_look_x_axis|movement_look_y_axis,,-85.0,-33.0
8200,339333,,,,,,,,,,,,,,,,,,,,,,,,,,,,,,W,movement_move_y_axis|movement_look_x_axis|movement_look_y_axis,,-11.0,-4.0
8201,339367,,,,,,,,,,,,,,,,,,,,,,,,,,,,,,W,movement_move_y_axis|movement_look_x_axis|movement_look_y_axis,,-11.0,-4.0
8202,339400,,,,,,,,,,,,,,,,,,,,,,,,,,,,,,W,movement_move_y_axis|movement_look_x_axis|movement_look_y_axis,,-18.0,-6.0
8203,339467,,,,,,,,,,,,,,,,,,,,,,,,,,,,,,W,movement_move_y_axis,,0.0,0.0
8204,339533,,,,,,,,,,,,,,,,,,,,,,,,,,,,,,W,movement_move_y_axis|movement_look_x_axis,,-1.0,0.0
8205,339567,,,,,,,,,,,,,,,,,,,,,,,,,,,,,,W,movement_move_y_axis,,0.0,0.0
8206,339600,,,,,,,,,,,,,,,,,,,,,,,,,,,,,,W,movement_move_y_axis,,0.0,0.0
8207,339633,,,,,,,,,,,,,,,,,,,,,,,,,,,,,,W,movement_move_y_axis,,0.0,0.0
8208,339667,,,,,,,,,,,,,,,,,,,,,,,,,,,,,,W,movement_move_y_axis,,0.0,0.0
8209,339733,,,,,,,,,,,,,,,,,,,,,,,,,,,,,,W,movement_move_y_axis,,0.0,0.0
8210,339767,,,,,,,,,,,,,,,,,,,,,,,,,,,,,,W,movement_move_y_axis,,0.0,0.0
8211,339800,,,,,,,,,,,,,,,,,,,,,,,,,,,,,,W,movement_move_y_axis,,0.0,0.0
8212,339833,,,,,,,,,,,,,,,,,,,,,,,,,,,,,,W,movement_move_y_axis,,0.0,0.0
8213,339867,,,,,,,,,,,,,,,,,,,,,,,,,,,,,,W,movement_move_y_axis,,0.0,0.0
8214,339900,,,,,,,,,,,,,,,,,,,,,,,,,,,,,,D|W,movement_move_x_axis|movement_move_y_axis,,0.0,0.0
8215,339967,,,,,,,,,,,,,,,,,,,,,,,,,,,,,,D|W,movement_move_x_axis|movement_move_y_axis,,0.0,0.0
8216,340000,,,,,,,,,,,,,,,,,,,,,,,,,,,,,,D|W,movement_move_x_axis|movement_move_y_axis,,0.0,0.0
8217,340033,,,,,,,,,,,,,,,,,,,,,,,,,,,,,,D|W,movement_move_x_axis|movement_move_y_axis,,0.0,0.0
8218,340100,,,,,,,,,,,,,,,,,,,,,,,,,,,,,,W,movement_move_y_axis,,0.0,0.0
8219,340133,,,,,,,,,,,,,,,,,,,,,,,,,,,,,,W,movement_move_y_axis,,0.0,0.0
8220,340167,,,,,,,,,,,,,,,,,,,,,,,,,,,,,,W,movement_move_y_axis,,0.0,0.0
8221,340200,,,,,,,,,,,,,,,,,,,,,,,,,,,,,,W,movement_move_y_axis|movement_look_x_axis,,-2.0,0.0
8222,340267,,,,,,,,,,,,,,,,,,,,,,,,,,,,,,W,movement_move_y_axis|movement_look_x_axis|movement_look_y_axis,,-5.0,2.0
8223,340333,,,,,,,,,,,,,,,,,,,,,,,,,,,,,,W,movement_move_y_axis|movement_look_x_axis|movement_look_y_axis,,-4.0,3.0
8224,340367,,,,,,,,,,,,,,,,,,,,,,,,,,,,,,W,movement_move_y_axis|movement_look_x_axis|movement_look_y_axis,,-2.0,2.0
8225,340400,,,,,,,,,,,,,,,,,,,,,,,,,,,,,,W,movement_move_y_axis|movement_look_x_axis|movement_look_y_axis,,-2.0,2.0
8226,340433,,,,,,,,,,,,,,,,,,,,,,,,,,,,,,W,movement_move_y_axis,,0.0,0.0
8227,340467,,,,,,,,,,,,,,,,,,,,,,,,,,,,,,W,movement_move_y_axis,,0.0,0.0
8228,340533,,,,,,,,,,,,,,,,,,,,,,,,,,,,,,W,movement_move_y_axis,,0.0,0.0
8229,340567,,,,,,,,,,,,,,,,,,,,,,,,,,,,,,W,movement_move_y_axis|movement_look_x_axis|movement_look_y_axis,,-2.0,1.0
8230,340600,,,,,,,,,,,,,,,,,,,,,,,,,,,,,,D|W,movement_move_x_axis|movement_move_y_axis|movement_look_x_axis|movement_look_y_axis,,-6.0,5.0
8231,340633,,,,,,,,,,,,,,,,,,,,,,,,,,,,,,D|W,movement_move_x_axis|movement_move_y_axis|movement_look_x_axis|movement_look_y_axis,,-14.0,8.0
8232,340700,,,,,,,,,,,,,,,,,,,,,,,,,,,,,,D|W,movement_move_x_axis|movement_move_y_axis,,0.0,0.0
8233,340733,,,,,,,,,,,,,,,,,,,,,,,,,,,,,,D|W,movement_move_x_axis|movement_move_y_axis|movement_look_x_axis|movement_look_y_axis,,-3.0,2.0
8234,340767,,,,,,,,,,,,,,,,,,,,,,,,,,,,,,D|W,movement_move_x_axis|movement_move_y_axis,,0.0,0.0
8235,340800,,,,,,,,,,,,,,,,,,,,,,,,,,,,,,W,movement_move_y_axis,,0.0,0.0
8236,340833,,,,,,,,,,,,,,,,,,,,,,,,,,,,,,W,movement_move_y_axis,,0.0,0.0
8237,340867,,,,,,,,,,,,,,,,,,,,,,,,,,,,,,W,movement_move_y_axis,,0.0,0.0
8238,340900,,,,,,,,,,,,,,,,,,,,,,,,,,,,,,W,movement_move_y_axis|movement_look_x_axis|movement_look_y_axis,,-79.0,-3.0
8239,341133,,,,,,,,,,,,,,,,,,,,,,,,,,,,,,D|W,movement_move_x_axis|movement_move_y_axis,,0.0,0.0
8240,341167,,,,,,,,,,,,,,,,,,,,,,,,,,,,,,D|W,movement_move_x_axis|movement_move_y_axis,,0.0,0.0
8241,341200,,,,,,,,,,,,,,,,,,,,,,,,,,,,,,D|W,movement_move_x_axis|movement_move_y_axis,,0.0,0.0
8242,341233,,,,,,,,,,,,,,,,,,,,,,,,,,,,,,D|W,movement_move_x_axis|movement_move_y_axis,,0.0,0.0
8243,341267,,,,,,,,,,,,,,,,,,,,,,,,,,,,,,D|W,movement_move_x_axis|movement_move_y_axis,,0.0,0.0
8244,341300,,,,,,,,,,,,,,,,,,,,,,,,,,,,,,D|W,movement_move_x_axis|movement_move_y_axis,,0.0,0.0
8245,341333,,,,,,,,,,,,,,,,,,,,,,,,,,,,,,D|W,movement_move_x_axis|movement_move_y_axis|movement_look_x_axis|movement_look_y_axis,,-7.0,2.0
8246,341367,,,,,,,,,,,,,,,,,,,,,,,,,,,,,,D|W,movement_move_x_axis|movement_move_y_axis|movement_look_x_axis|movement_look_y_axis,,-11.0,2.0
8247,341400,,,,,,,,,,,,,,,,,,,,,,,,,,,,,,D|W,movement_move_x_axis|movement_move_y_axis|movement_look_x_axis|movement_look_y_axis,,-12.0,2.0
8248,341433,,,,,,,,,,,,,,,,,,,,,,,,,,,,,,D|W,movement_move_x_axis|movement_move_y_axis|movement_look_x_axis|movement_look_y_axis,,-7.0,2.0
8249,341467,,,,,,,,,,,,,,,,,,,,,,,,,,,,,,W,movement_move_y_axis|movement_look_x_axis|movement_look_y_axis,,-6.0,1.0
8250,341500,,,,,,,,,,,,,,,,,,,,,,,,,,,,,,W,movement_move_y_axis|movement_look_x_axis|movement_look_y_axis,,-36.0,4.0
8251,341667,,,,,,,,,,,,,,,,,,,,,,,,,,,,,,W,movement_move_y_axis|movement_look_x_axis|movement_look_y_axis,,-27.0,6.0
8252,341700,,,,,,,,,,,,,,,,,,,,,,,,,,,,,,W,movement_move_y_axis|movement_look_x_axis|movement_look_y_axis,,-91.0,18.0
8253,341733,,,,,,,,,,,,,,,,,,,,,,,,,,,,,,D|W,movement_move_x_axis|movement_move_y_axis,,0.0,0.0
8254,341767,,,,,,,,,,,,,,,,,,,,,,,,,,,,,,D|W,movement_move_x_axis|movement_move_y_axis,,0.0,0.0
8255,341800,,,,,,,,,,,,,,,,,,,,,,,,,,,,,,D|W,movement_move_x_axis|movement_move_y_axis,,0.0,0.0
8256,341833,,,,,,,,,,,,,,,,,,,,,,,,,,,,,,D|W,movement_move_x_axis|movement_move_y_axis|movement_look_x_axis|movement_look_y_axis,,-25.0,4.0
8257,341900,,,,,,,,,,,,,,,,,,,,,,,,,,,,,,D|W,movement_move_x_axis|movement_move_y_axis|movement_look_x_axis|movement_look_y_axis,,-28.0,1.0
8258,341933,,,,,,,,,,,,,,,,,,,,,,,,,,,,,,D|W,movement_move_x_axis|movement_move_y_axis|movement_look_x_axis,,-19.0,0.0
8259,341967,,,,,,,,,,,,,,,,,,,,,,,,,,,,,,D|W,movement_move_x_axis|movement_move_y_axis|movement_look_x_axis,,-19.0,0.0
8260,342000,,,,,,,,,,,,,,,,,,,,,,,,,,,,,,D|W,movement_move_x_axis|movement_move_y_axis|movement_look_x_axis|movement_look_y_axis,,-114.0,20.0
8261,342133,,,,,,,,,,,,,,,,,,,,,,,,,,,,,,W,movement_move_y_axis|movement_look_x_axis|movement_look_y_axis,,-11.0,1.0
8262,342167,,,,,,,,,,,,,,,,,,,,,,,,,,,,,,W,movement_move_y_axis,,0.0,0.0
8263,342200,,,,,,,,,,,,,,,,,,,,,,,,,,,,,,W,movement_move_y_axis|movement_look_x_axis,,-7.0,0.0
8264,342267,,,,,,,,,,,,,,,,,,,,,,,,,,,,,,W,movement_move_y_axis,,0.0,0.0
8265,342300,,,,,,,,,,,,,,,,,,,,,,,,,,,,,,W,movement_move_y_axis,,0.0,0.0
8266,342333,,,,,,,,,,,,,,,,,,,,,,,,,,,,,,W,movement_move_y_axis|movement_look_x_axis|movement_look_y_axis,,-25.0,-4.0
8267,342400,,,,,,,,,,,,,,,,,,,,,,,,,,,,,,D|W,movement_move_x_axis|movement_move_y_axis|movement_look_x_axis,,-3.0,0.0
8268,342433,,,,,,,,,,,,,,,,,,,,,,,,,,,,,,D|W,movement_move_x_axis|movement_move_y_axis,,0.0,0.0
8269,342467,,,,,,,,,,,,,,,,,,,,,,,,,,,,,,D|W,movement_move_x_axis|movement_move_y_axis,,0.0,0.0
8270,342500,,,,,,,,,,,,,,,,,,,,,,,,,,,,,,D|W,movement_move_x_axis|movement_move_y_axis,,0.0,0.0
8271,342533,,,,,,,,,,,,,,,,,,,,,,,,,,,,,,D|W,movement_move_x_axis|movement_move_y_axis,,0.0,0.0
8272,342567,,,,,,,,,,,,,,,,,,,,,,,,,,,,,,W,movement_move_y_axis,,0.0,0.0
8273,342600,,,,,,,,,,,,,,,,,,,,,,,,,,,,,,W,movement_move_y_axis,,0.0,0.0
8274,342633,,,,,,,,,,,,,,,,,,,,,,,,,,,,,,W,movement_move_y_axis,,0.0,0.0
8275,342667,,,,,,,,,,,,,,,,,,,,,,,,,,,,,,W,movement_move_y_axis,,0.0,0.0
8276,342700,,,,,,,,,,,,,,,,,,,,,,,,,,,,,,W,movement_move_y_axis,,0.0,0.0
8277,342733,,,,,,,,,,,,,,,,,,,,,,,,,,,,,,W,movement_move_y_axis,,0.0,0.0
8278,342767,,,,,,,,,,,,,,,,,,,,,,,,,,,,,,W,movement_move_y_axis,,0.0,0.0
8279,342833,,,,,,,,,,,,,,,,,,,,,,,,,,,,,,W,movement_move_y_axis,,0.0,0.0
8280,342867,,,,,,,,,,,,,,,,,,,,,,,,,,,,,,W,movement_move_y_axis,,0.0,0.0
8281,342900,,,,,,,,,,,,,,,,,,,,,,,,,,,,,,D|W,movement_move_x_axis|movement_move_y_axis,,0.0,0.0
8282,342967,,,,,,,,,,,,,,,,,,,,,,,,,,,,,,D|W,movement_move_x_axis|movement_move_y_axis,,0.0,0.0
8283,343000,,,,,,,,,,,,,,,,,,,,,,,,,,,,,,D|W,movement_move_x_axis|movement_move_y_axis,,0.0,0.0
8284,343033,,,,,,,,,,,,,,,,,,,,,,,,,,,,,,D|W,movement_move_x_axis|movement_move_y_axis,,0.0,0.0
8285,343067,,,,,,,,,,,,,,,,,,,,,,,,,,,,,,D|W,movement_move_x_axis|movement_move_y_axis,,0.0,0.0
8286,343100,,,,,,,,,,,,,,,,,,,,,,,,,,,,,,W,movement_move_y_axis,,0.0,0.0
8287,343133,,,,,,,,,,,,,,,,,,,,,,,,,,,,,,W,movement_move_y_axis,,0.0,0.0
8288,343167,,,,,,,,,,,,,,,,,,,,,,,,,,,,,,W,movement_move_y_axis|movement_look_x_axis,,-1.0,0.0
8289,343233,,,,,,,,,,,,,,,,,,,,,,,,,,,,,,W,movement_move_y_axis,,0.0,0.0
8290,343267,,,,,,,,,,,,,,,,,,,,,,,,,,,,,,W,movement_move_y_axis,,0.0,0.0
8291,343300,,,,,,,,,,,,,,,,,,,,,,,,,,,,,,W,movement_move_y_axis,,0.0,0.0
8292,343333,,,,,,,,,,,,,,,,,,,,,,,,,,,,,,W,movement_move_y_axis,,0.0,0.0
8293,343367,,,,,,,,,,,,,,,,,,,,,,,,,,,,,,W,movement_move_y_axis,,0.0,0.0
8294,343400,,,,,,,,,,,,,,,,,,,,,,,,,,,,,,W,movement_move_y_axis,,0.0,0.0
8295,343467,,,,,,,,,,,,,,,,,,,,,,,,,,,,,,W,movement_move_y_axis,,0.0,0.0
8296,343500,,,,,,,,,,,,,,,,,,,,,,,,,,,,,,W,movement_move_y_axis|movement_look_x_axis|movement_look_y_axis,,-5.0,2.0
8297,343533,,,,,,,,,,,,,,,,,,,,,,,,,,,,,,W,movement_move_y_axis|movement_look_x_axis|movement_look_y_axis,,-10.0,5.0
8298,343600,,,,,,,,,,,,,,,,,,,,,,,,,,,,,,W,movement_move_y_axis|movement_look_x_axis|movement_look_y_axis,,-8.0,3.0
8299,343633,,,,,,,,,,,,,,,,,,,,,,,,,,,,,,W,movement_move_y_axis,,0.0,0.0
8300,343667,,,,,,,,,,,,,,,,,,,,,,,,,,,,,,W,movement_move_y_axis|movement_look_x_axis|movement_look_y_axis,,-10.0,3.0
8301,343700,,,,,,,,,,,,,,,,,,,,,,,,,,,,,,W,movement_move_y_axis|movement_look_x_axis,,-6.0,0.0
8302,343733,,,,,,,,,,,,,,,,,,,,,,,,,,,,,,W,movement_move_y_axis|movement_look_x_axis|movement_look_y_axis,,-8.0,-1.0
8303,343767,,,,,,,,,,,,,,,,,,,,,,,,,,,,,,W,movement_move_y_axis,,0.0,0.0
8304,343800,,,,,,,,,,,,,,,,,,,,,,,,,,,,,,W,movement_move_y_axis|movement_look_x_axis|movement_look_y_axis,,-2.0,-1.0
8305,343833,,,,,,,,,,,,,,,,,,,,,,,,,,,,,,W,movement_move_y_axis|movement_look_x_axis|movement_look_y_axis,,-1.0,-1.0
8306,343867,,,,,,,,,,,,,,,,,,,,,,,,,,,,,,W,movement_move_y_axis|movement_look_x_axis|movement_look_y_axis,,-3.0,2.0
8307,343900,,,,,,,,,,,,,,,,,,,,,,,,,,,,,,W,movement_move_y_axis|movement_look_x_axis,,-1.0,0.0
8308,343933,,,,,,,,,,,,,,,,,,,,,,,,,,,,,,W,movement_move_y_axis,,0.0,0.0
8309,343967,,,,,,,,,,,,,,,,,,,,,,,,,,,,,,W,movement_move_y_axis|movement_look_x_axis,,-2.0,0.0
8310,344133,,,,,,,,,,,,,,,,,,,,,,,,,,,,,,W,movement_move_y_axis,,0.0,0.0
8311,344167,,,,,,,,,,,,,,,,,,,,,,,,,,,,,,W,movement_move_y_axis|movement_look_x_axis|movement_look_y_axis,,-46.0,15.0
8312,344200,,,,,,,,,,,,,,,,,,,,,,,,,,,,,,W,movement_move_y_axis,,0.0,0.0
8313,344233,,,,,,,,,,,,,,,,,,,,,,,,,,,,,,W,movement_move_y_axis,,0.0,0.0
8314,344267,,,,,,,,,,,,,,,,,,,,,,,,,,,,,,W,movement_move_y_axis,,0.0,0.0
8315,344300,,,,,,,,,,,,,,,,,,,,,,,,,,,,,,W,movement_move_y_axis,,0.0,0.0
8316,344333,,,,,,,,,,,,,,,,,,,,,,,,,,,,,,W,movement_move_y_axis|movement_look_x_axis|movement_look_y_axis,,-21.0,1.0
8317,344400,,,,,,,,,,,,,,,,,,,,,,,,,,,,,,W,movement_move_y_axis|movement_look_x_axis|movement_look_y_axis,,-13.0,3.0
8318,344433,,,,,,,,,,,,,,,,,,,,,,,,,,,,,,W,movement_move_y_axis|movement_look_x_axis,,-10.0,0.0
8319,344467,,,,,,,,,,,,,,,,,,,,,,,,,,,,,,W,movement_move_y_axis|movement_look_x_axis|movement_look_y_axis,,-30.0,-6.0
8320,344567,,,,,,,,,,,,,,,,,,,,,,,,,,,,,,W,movement_move_y_axis,,0.0,0.0
8321,344600,,,,,,,,,,,,,,,,,,,,,,,,,,,,,,W,movement_move_y_axis|movement_look_x_axis|movement_look_y_axis,,-12.0,2.0
8322,344633,,,,,,,,,,,,,,,,,,,,,,,,,,,,,,W,movement_move_y_axis|movement_look_x_axis|movement_look_y_axis,,-30.0,6.0
8323,344667,,,,,,,,,,,,,,,,,,,,,,,,,,,,,,W,movement_move_y_axis|movement_look_x_axis,,-55.0,0.0
8324,344700,,,,,,,,,,,,,,,,,,,,,,,,,,,,,,W,movement_move_y_axis,,0.0,0.0
8325,344733,,,,,,,,,,,,,,,,,,,,,,,,,,,,,,W,movement_move_y_axis,,0.0,0.0
8326,344800,,,,,,,,,,,,,,,,,,,,,,,,,,,,,,W,movement_move_y_axis,,0.0,0.0
8327,344833,,,,,,,,,,,,,,,,,,,,,,,,,,,,,,W,movement_move_y_axis|movement_look_x_axis|movement_look_y_axis,,-1.0,-1.0
8328,344867,,,,,,,,,,,,,,,,,,,,,,,,,,,,,,W,movement_move_y_axis|movement_look_x_axis|movement_look_y_axis,,-2.0,-2.0
8329,344900,,,,,,,,,,,,,,,,,,,,,,,,,,,,,,W,movement_move_y_axis|movement_look_x_axis|movement_look_y_axis,,-2.0,-2.0
8330,344933,,,,,,,,,,,,,,,,,,,,,,,,,,,,,,W,movement_move_y_axis,,0.0,0.0
8331,344967,,,,,,,,,,,,,,,,,,,,,,,,,,,,,,W,movement_move_y_axis,,0.0,0.0
8332,345000,,,,,,,,,,,,,,,,,,,,,,,,,,,,,,W,movement_move_y_axis,,0.0,0.0
8333,345033,,,,,,,,,,,,,,,,,,,,,,,,,,,,,,W,movement_move_y_axis|movement_look_x_axis,,-1.0,0.0
8334,345067,,,,,,,,,,,,,,,,,,,,,,,,,,,,,,W,movement_move_y_axis|movement_look_x_axis|movement_look_y_axis,,-2.0,1.0
8335,345133,,,,,,,,,,,,,,,,,,,,,,,,,,,,,,W,movement_move_y_axis|movement_look_x_axis|movement_look_y_axis,,-5.0,4.0
8336,345200,,,,,,,,,,,,,,,,,,,,,,,,,,,,,,W,movement_move_y_axis,,0.0,0.0
8337,345233,,,,,,,,,,,,,,,,,,,,,,,,,,,,,,W,movement_move_y_axis,,0.0,0.0
8338,345267,,,,,,,,,,,,,,,,,,,,,,,,,,,,,,W,movement_move_y_axis,,0.0,0.0
8339,345333,,,,,,,,,,,,,,,,,,,,,,,,,,,,,,W,movement_move_y_axis|movement_look_x_axis|movement_look_y_axis,,-10.0,12.0
8340,345367,,,,,,,,,,,,,,,,,,,,,,,,,,,,,,W,movement_move_y_axis,,0.0,0.0
8341,345400,,,,,,,,,,,,,,,,,,,,,,,,,,,,,,W,movement_move_y_axis|movement_look_x_axis|movement_look_y_axis,,-3.0,3.0
8342,345433,,,,,,,,,,,,,,,,,,,,,,,,,,,,,,W,movement_move_y_axis|movement_look_x_axis|movement_look_y_axis,,-2.0,1.0
8343,345467,,,,,,,,,,,,,,,,,,,,,,,,,,,,,,W,movement_move_y_axis|movement_look_x_axis,,-3.0,0.0
8344,345500,,,,,,,,,,,,,,,,,,,,,,,,,,,,,,W,movement_move_y_axis|movement_look_x_axis|movement_look_y_axis,,-157.0,-37.0
8345,345767,,,,,,,,,,,,,,,,,,,,,,,,,,,,,,W,movement_move_y_axis,,0.0,0.0
8346,345800,,,,,,,,,,,,,,,,,,,,,,,,,,,,,,W,movement_move_y_axis,,0.0,0.0
8347,345833,,,,,,,,,,,,,,,,,,,,,,,,,,,,,,W,movement_move_y_axis,,0.0,0.0
8348,345867,,,,,,,,,,,,,,,,,,,,,,,,,,,,,,W,movement_move_y_axis,,0.0,0.0
8349,345900,,,,,,,,,,,,,,,,,,,,,,,,,,,,,,W,movement_move_y_axis,,0.0,0.0
8350,345933,,,,,,,,,,,,,,,,,,,,,,,,,,,,,,W,movement_move_y_axis,,0.0,0.0
8351,345967,,,,,,,,,,,,,,,,,,,,,,,,,,,,,,W,movement_move_y_axis|movement_look_x_axis|movement_look_y_axis,,-7.0,-5.0
8352,346000,,,,,,,,,,,,,,,,,,,,,,,,,,,,,,W,movement_move_y_axis|movement_look_x_axis|movement_look_y_axis,,-3.0,-3.0
8353,346033,,,,,,,,,,,,,,,,,,,,,,,,,,,,,,W,movement_move_y_axis,,0.0,0.0
8354,346100,,,,,,,,,,,,,,,,,,,,,,,,,,,,,,W,movement_move_y_axis,,0.0,0.0
8355,346133,,,,,,,,,,,,,,,,,,,,,,,,,,,,,,W,movement_move_y_axis,,0.0,0.0
8356,346167,,,,,,,,,,,,,,,,,,,,,,,,,,,,,,W,movement_move_y_axis,,0.0,0.0
8357,346200,,,,,,,,,,,,,,,,,,,,,,,,,,,,,,W,movement_move_y_axis,,0.0,0.0
8358,346233,,,,,,,,,,,,,,,,,,,,,,,,,,,,,,W,movement_move_y_axis|movement_look_x_axis|movement_look_y_axis,,44.0,-1.0
8359,346267,,,,,,,,,,,,,,,,,,,,,,,,,,,,,,W,movement_move_y_axis,,0.0,0.0
8360,346300,,,,,,,,,,,,,,,,,,,,,,,,,,,,,,W,movement_move_y_axis|movement_look_x_axis|movement_look_y_axis,,57.0,-8.0
8361,346467,,,,,,,,,,,,,,,,,,,,,,,,,,,,,,W,movement_move_y_axis|movement_look_x_axis|movement_look_y_axis,,-6.0,4.0
8362,346500,,,,,,,,,,,,,,,,,,,,,,,,,,,,,,W,movement_move_y_axis|movement_look_x_axis|movement_look_y_axis,,-4.0,2.0
8363,346533,,,,,,,,,,,,,,,,,,,,,,,,,,,,,,W,movement_move_y_axis,,0.0,0.0
8364,346567,,,,,,,,,,,,,,,,,,,,,,,,,,,,,,W,movement_move_y_axis,,0.0,0.0
8365,346633,,,,,,,,,,,,,,,,,,,,,,,,,,,,,,W,movement_move_y_axis,,0.0,0.0
8366,346667,,,,,,,,,,,,,,,,,,,,,,,,,,,,,,W,movement_move_y_axis,,0.0,0.0
8367,346700,,,,,,,,,,,,,,,,,,,,,,,,,,,,,,W,movement_move_y_axis,,0.0,0.0
8368,346733,,,,,,,,,,,,,,,,,,,,,,,,,,,,,,W,movement_move_y_axis|movement_look_x_axis|movement_look_y_axis,,-118.0,-30.0
8369,347000,,,,,,,,,,,,,,,,,,,,,,,,,,,,,,W,movement_move_y_axis,,0.0,0.0
8370,347033,,,,,,,,,,,,,,,,,,,,,,,,,,,,,,W,movement_move_y_axis,,0.0,0.0
8371,347067,,,,,,,,,,,,,,,,,,,,,,,,,,,,,,W,movement_move_y_axis,,0.0,0.0
8372,347133,,,,,,,,,,,,,,,,,,,,,,,,,,,,,,W,movement_move_y_axis,,0.0,0.0
8373,347167,,,,,,,,,,,,,,,,,,,,,,,,,,,,,,W,movement_move_y_axis,,0.0,0.0
8374,347200,,,,,,,,,,,,,,,,,,,,,,,,,,,,,,W,movement_move_y_axis,,0.0,0.0
8375,347233,,,,,,,,,,,,,,,,,,,,,,,,,,,,,,W,movement_move_y_axis,,0.0,0.0
8376,347267,,,,,,,,,,,,,,,,,,,,,,,,,,,,,,W,movement_move_y_axis,,0.0,0.0
8377,347300,,,,,,,,,,,,,,,,,,,,,,,,,,,,,,W,movement_move_y_axis,,0.0,0.0
8378,347333,,,,,,,,,,,,,,,,,,,,,,,,,,,,,,W,movement_move_y_axis,,0.0,0.0
8379,347367,,,,,,,,,,,,,,,,,,,,,,,,,,,,,,W,movement_move_y_axis,,0.0,0.0
8380,347467,,,,,,,,,,,,,,,,,,,,,,,,,,,,,,W,movement_move_y_axis,,0.0,0.0
8381,347500,,,,,,,,,,,,,,,,,,,,,,,,,,,,,,W,movement_move_y_axis,,0.0,0.0
8382,347533,,,,,,,,,,,,,,,,,,,,,,,,,,,,,,W,movement_move_y_axis,,0.0,0.0
8383,347567,,,,,,,,,,,,,,,,,,,,,,,,,,,,,,W,movement_move_y_axis|movement_look_x_axis|movement_look_y_axis,,8.0,2.0
8384,347633,,,,,,,,,,,,,,,,,,,,,,,,,,,,,,W,movement_move_y_axis,,0.0,0.0
8385,347667,,,,,,,,,,,,,,,,,,,,,,,,,,,,,,W,movement_move_y_axis|movement_look_x_axis|movement_look_y_axis,,3.0,1.0
8386,347700,,,,,,,,,,,,,,,,,,,,,,,,,,,,,,W,movement_move_y_axis,,0.0,0.0
8387,347733,,,,,,,,,,,,,,,,,,,,,,,,,,,,,,W,movement_move_y_axis,,0.0,0.0
8388,347767,,,,,,,,,,,,,,,,,,,,,,,,,,,,,,W,movement_move_y_axis,,0.0,0.0
8389,347800,,,,,,,,,,,,,,,,,,,,,,,,,,,,,,W,movement_move_y_axis,,0.0,0.0
8390,347833,,,,,,,,,,,,,,,,,,,,,,,,,,,,,,W,movement_move_y_axis,,0.0,0.0
8391,347867,,,,,,,,,,,,,,,,,,,,,,,,,,,,,,W,movement_move_y_axis,,0.0,0.0
8392,347933,,,,,,,,,,,,,,,,,,,,,,,,,,,,,,W,movement_move_y_axis|movement_look_x_axis|movement_look_y_axis,,3.0,2.0
8393,347967,,,,,,,,,,,,,,,,,,,,,,,,,,,,,,W,movement_move_y_axis|movement_look_x_axis|movement_look_y_axis,,7.0,6.0
8394,348167,,,,,,,,,,,,,,,,,,,,,,,,,,,,,,W,movement_move_y_axis|movement_look_y_axis,,0.0,1.0
8395,348200,,,,,,,,,,,,,,,,,,,,,,,,,,,,,,W,movement_move_y_axis,,0.0,0.0
8396,348233,,,,,,,,,,,,,,,,,,,,,,,,,,,,,,W,movement_move_y_axis,,0.0,0.0
8397,348267,,,,,,,,,,,,,,,,,,,,,,,,,,,,,,W,movement_move_y_axis,,0.0,0.0
8398,348300,,,,,,,,,,,,,,,,,,,,,,,,,,,,,,W,movement_move_y_axis,,0.0,0.0
8399,348333,,,,,,,,,,,,,,,,,,,,,,,,,,,,,,W,movement_move_y_axis,,0.0,0.0
8400,348367,,,,,,,,,,,,,,,,,,,,,,,,,,,,,,W,movement_move_y_axis|movement_look_x_axis|movement_look_y_axis,,-1.0,2.0
8401,348400,,,,,,,,,,,,,,,,,,,,,,,,,,,,,,W,movement_move_y_axis|movement_look_x_axis|movement_look_y_axis,,-2.0,4.0
8402,348433,,,,,,,,,,,,,,,,,,,,,,,,,,,,,,W,movement_move_y_axis,,0.0,0.0
8403,348500,,,,,,,,,,,,,,,,,,,,,,,,,,,,,,W,movement_move_y_axis,,0.0,0.0
8404,348667,,,,,,,,,,,,,,,,,,,,,,,,,,,,,,W,movement_move_y_axis,,0.0,0.0
8405,348700,,,,,,,,,,,,,,,,,,,,,,,,,,,,,,W,movement_move_y_axis,,0.0,0.0
8406,348733,,,,,,,,,,,,,,,,,,,,,,,,,,,,,,W,movement_move_y_axis,,0.0,0.0
8407,348800,,,,,,,,,,,,,,,,,,,,,,,,,,,,,,W,movement_move_y_axis,,0.0,0.0
8408,348833,,,,,,,,,,,,,,,,,,,,,,,,,,,,,,W,movement_move_y_axis,,0.0,0.0
8409,349000,,,,,,,,,,,,,,,,,,,,,,,,,,,,,,W,movement_move_y_axis,,0.0,0.0
8410,349033,,,,,,,,,,,,,,,,,,,,,,,,,,,,,,W,movement_move_y_axis,,0.0,0.0
8411,349067,,,,,,,,,,,,,,,,,,,,,,,,,,,,,,W,movement_move_y_axis,,0.0,0.0
8412,349100,,,,,,,,,,,,,,,,,,,,,,,,,,,,,,W,movement_move_y_axis,,0.0,0.0
8413,349167,,,,,,,,,,,,,,,,,,,,,,,,,,,,,,W,movement_move_y_axis,,0.0,0.0
8414,349200,,,,,,,,,,,,,,,,,,,,,,,,,,,,,,W,movement_move_y_axis,,0.0,0.0
8415,349233,,,,,,,,,,,,,,,,,,,,,,,,,,,,,,W,movement_move_y_axis,,0.0,0.0
8416,349267,,,,,,,,,,,,,,,,,,,,,,,,,,,,,,W,movement_move_y_axis,,0.0,0.0
8417,349300,,,,,,,,,,,,,,,,,,,,,,,,,,,,,,W,movement_move_y_axis,,0.0,0.0
8418,349333,,,,,,,,,,,,,,,,,,,,,,,,,,,,,,W,movement_move_y_axis,,0.0,0.0
8419,349433,,,,,,,,,,,,,,,,,,,,,,,,,,,,,,W,movement_move_y_axis,,0.0,0.0
8420,349467,,,,,,,,,,,,,,,,,,,,,,,,,,,,,,W,movement_move_y_axis,,0.0,0.0
8421,349500,,,,,,,,,,,,,,,,,,,,,,,,,,,,,,W,movement_move_y_axis|movement_look_y_axis,,0.0,4.0
8422,349533,,,,,,,,,,,,,,,,,,,,,,,,,,,,,,W,movement_move_y_axis|movement_look_x_axis|movement_look_y_axis,,5.0,8.0
8423,349567,,,,,,,,,,,,,,,,,,,,,,,,,,,,,,W,movement_move_y_axis,,0.0,0.0
8424,349633,,,,,,,,,,,,,,,,,,,,,,,,,,,,,,W,movement_move_y_axis|movement_look_x_axis|movement_look_y_axis,,1.0,2.0
8425,349667,,,,,,,,,,,,,,,,,,,,,,,,,,,,,,W,movement_move_y_axis|movement_look_x_axis|movement_look_y_axis,,8.0,7.0
8426,349733,,,,,,,,,,,,,,,,,,,,,,,,,,,,,,W,movement_move_y_axis|movement_look_x_axis|movement_look_y_axis,,122.0,29.0
8427,349933,,,,,,,,,,,,,,,,,,,,,,,,,,,,,,W,movement_move_y_axis|movement_look_x_axis|movement_look_y_axis,,211.0,-11.0
8428,349967,,,,,,,,,,,,,,,,,,,,,,,,,,,,,,W,movement_move_y_axis,,0.0,0.0
8429,350000,,,,,,,,,,,,,,,,,,,,,,,,,,,,,,W,movement_move_y_axis,,0.0,0.0
8430,350067,,,,,,,,,,,,,,,,,,,,,,,,,,,,,,W,movement_move_y_axis,,0.0,0.0
8431,350100,,,,,,,,,,,,,,,,,,,,,,,,,,,,,,W,movement_move_y_axis,,0.0,0.0
8432,350133,,,,,,,,,,,,,,,,,,,,,,,,,,,,,,W,movement_move_y_axis|movement_look_x_axis|movement_look_y_axis,,23.0,-4.0
8433,350200,,,,,,,,,,,,,,,,,,,,,,,,,,,,,,W,movement_move_y_axis|movement_look_x_axis,,1.0,0.0
8434,350233,,,,,,,,,,,,,,,,,,,,,,,,,,,,,,W,movement_move_y_axis,,0.0,0.0
8435,350267,,,,,,,,,,,,,,,,,,,,,,,,,,,,,,W,movement_move_y_axis,,0.0,0.0
8436,350300,,,,,,,,,,,,,,,,,,,,,,,,,,,,,,W,movement_move_y_axis|movement_look_x_axis,,-3.0,0.0
8437,350367,,,,,,,,,,,,,,,,,,,,,,,,,,,,,,W,movement_move_y_axis|movement_look_x_axis|movement_look_y_axis,,-150.0,-6.0
8438,350533,,,,,,,,,,,,,,,,,,,,,,,,,,,,,,W,movement_move_y_axis,,0.0,0.0
8439,350567,,,,,,,,,,,,,,,,,,,,,,,,,,,,,,W,movement_move_y_axis|movement_look_x_axis|movement_look_y_axis,,-13.0,-3.0
8440,350600,,,,,,,,,,,,,,,,,,,,,,,,,,,,,,A|W,movement_move_x_axis|movement_move_y_axis,,0.0,0.0
8441,350633,,,,,,,,,,,,,,,,,,,,,,,,,,,,,,A|W,movement_move_x_axis|movement_move_y_axis,,0.0,0.0
8442,350667,,,,,,,,,,,,,,,,,,,,,,,,,,,,,,A|W,movement_move_x_axis|movement_move_y_axis,,0.0,0.0
8443,350867,,,,,,,,,,,,,,,,,,,,,,,,,,,,,,A|W,movement_move_x_axis|movement_move_y_axis|movement_look_x_axis|movement_look_y_axis,,75.0,-3.0
8444,350900,,,,,,,,,,,,,,,,,,,,,,,,,,,,,,A|W,movement_move_x_axis|movement_move_y_axis,,0.0,0.0
8445,350933,,,,,,,,,,,,,,,,,,,,,,,,,,,,,,A|W,movement_move_x_axis|movement_move_y_axis,,0.0,0.0
8446,350967,,,,,,,,,,,,,,,,,,,,,,,,,,,,,,A|W,movement_move_x_axis|movement_move_y_axis,,0.0,0.0
8447,351000,,,,,,,,,,,,,,,,,,,,,,,,,,,,,,A|W,movement_move_x_axis|movement_move_y_axis,,0.0,0.0
8448,351033,,,,,,,,,,,,,,,,,,,,,,,,,,,,,,A|W,movement_move_x_axis|movement_move_y_axis|movement_look_x_axis,,42.0,0.0
8449,351100,,,,,,,,,,,,,,,,,,,,,,,,,,,,,,W,movement_move_y_axis|movement_look_x_axis,,45.0,0.0
8450,351133,,,,,,,,,,,,,,,,,,,,,,,,,,,,,,W,movement_move_y_axis|movement_look_x_axis,,22.0,0.0
8451,351167,,,,,,,,,,,,,,,,,,,,,,,,,,,,,,W,movement_move_y_axis|movement_look_x_axis,,14.0,0.0
8452,351200,,,,,,,,,,,,,,,,,,,,,,,,,,,,,,W,movement_move_y_axis|movement_look_x_axis,,26.0,0.0
8453,351233,,,,,,,,,,,,,,,,,,,,,,,,,,,,,,W,movement_move_y_axis|movement_look_x_axis,,42.0,0.0
8454,351267,,,,,,,,,,,,,,,,,,,,,,,,,,,,,,W,movement_move_y_axis,,0.0,0.0
8455,351300,,,,,,,,,,,,,,,,,,,,,,,,,,,,,,W,movement_move_y_axis|movement_look_x_axis,,18.0,0.0
8456,351333,,,,,,,,,,,,,,,,,,,,,,,,,,,,,,W,movement_move_y_axis|movement_look_x_axis,,11.0,0.0
8457,351400,,,,,,,,,,,,,,,,,,,,,,,,,,,,,,W,movement_move_y_axis,,0.0,0.0
8458,351433,,,,,,,,,,,,,,,,,,,,,,,,,,,,,,W,movement_move_y_axis|movement_look_x_axis,,3.0,0.0
8459,351500,,,,,,,,,,,,,,,,,,,,,,,,,,,,,,W,movement_move_y_axis|movement_look_x_axis,,1.0,0.0
8460,351533,,,,,,,,,,,,,,,,,,,,,,,,,,,,,,W,movement_move_y_axis|movement_look_x_axis,,22.0,0.0
8461,351567,,,,,,,,,,,,,,,,,,,,,,,,,,,,,,W,movement_move_y_axis,,0.0,0.0
8462,351600,,,,,,,,,,,,,,,,,,,,,,,,,,,,,,W,movement_move_y_axis|movement_look_x_axis,,9.0,0.0
8463,351667,,,,,,,,,,,,,,,,,,,,,,,,,,,,,,W,movement_move_y_axis,,0.0,0.0
8464,351700,,,,,,,,,,,,,,,,,,,,,,,,,,,,,,W,movement_move_y_axis|movement_look_x_axis,,1.0,0.0
8465,351800,,,,,,,,,,,,,,,,,,,,,,,,,,,,,,W,movement_move_y_axis|movement_look_x_axis|movement_look_y_axis,,14.0,-2.0
8466,351833,,,,,,,,,,,,,,,,,,,,,,,,,,,,,,W,movement_move_y_axis|movement_look_x_axis,,16.0,0.0
8467,351900,,,,,,,,,,,,,,,,,,,,,,,,,,,,,,W,movement_move_y_axis|movement_look_x_axis,,5.0,0.0
8468,351933,,,,,,,,,,,,,,,,,,,,,,,,,,,,,,W,movement_move_y_axis,,0.0,0.0
8469,351967,,,,,,,,,,,,,,,,,,,,,,,,,,,,,,W,movement_move_y_axis,,0.0,0.0
8470,352000,,,,,,,,,,,,,,,,,,,,,,,,,,,,,,W,movement_move_y_axis,,0.0,0.0
8471,352033,,,,,,,,,,,,,,,,,,,,,,,,,,,,,,W,movement_move_y_axis|movement_look_x_axis|movement_look_y_axis,,3.0,-1.0
8472,352167,,,,,,,,,,,,,,,,,,,,,,,,,,,,,,W,movement_move_y_axis|movement_look_x_axis,,9.0,0.0
8473,352200,,,,,,,,,,,,,,,,,,,,,,,,,,,,,,W,movement_move_y_axis|movement_look_x_axis,,10.0,0.0
8474,352267,,,,,,,,,,,,,,,,,,,,,,,,,,,,,,W,movement_move_y_axis,,0.0,0.0
8475,352300,,,,,,,,,,,,,,,,,,,,,,,,,,,,,,W,movement_move_y_axis,,0.0,0.0
8476,352433,,,,,,,,,,,,,,,,,,,,,,,,,,,,,,W,movement_move_y_axis,,0.0,0.0
8477,352467,,,,,,,,,,,,,,,,,,,,,,,,,,,,,,W,movement_move_y_axis,,0.0,0.0
8478,352500,,,,,,,,,,,,,,,,,,,,,,,,,,,,,,W,movement_move_y_axis,,0.0,0.0
8479,352533,,,,,,,,,,,,,,,,,,,,,,,,,,,,,,W,movement_move_y_axis,,0.0,0.0
8480,352567,,,,,,,,,,,,,,,,,,,,,,,,,,,,,,W,movement_move_y_axis,,0.0,0.0
8481,352600,,,,,,,,,,,,,,,,,,,,,,,,,,,,,,W,movement_move_y_axis,,0.0,0.0
8482,352633,,,,,,,,,,,,,,,,,,,,,,,,,,,,,,W,movement_move_y_axis,,0.0,0.0
8483,352667,,,,,,,,,,,,,,,,,,,,,,,,,,,,,,W,movement_move_y_axis,,0.0,0.0
8484,352700,,,,,,,,,,,,,,,,,,,,,,,,,,,,,,W,movement_move_y_axis,,0.0,0.0
8485,352867,,,,,,,,,,,,,,,,,,,,,,,,,,,,,,W,movement_move_y_axis,,0.0,0.0
8486,352900,,,,,,,,,,,,,,,,,,,,,,,,,,,,,,W,movement_move_y_axis|movement_look_x_axis,,2.0,0.0
8487,352967,,,,,,,,,,,,,,,,,,,,,,,,,,,,,,W,movement_move_y_axis,,0.0,0.0
8488,353000,,,,,,,,,,,,,,,,,,,,,,,,,,,,,,W,movement_move_y_axis,,0.0,0.0
8489,353067,,,,,,,,,,,,,,,,,,,,,,,,,,,,,,W,movement_move_y_axis,,0.0,0.0
8490,353100,,,,,,,,,,,,,,,,,,,,,,,,,,,,,,W,movement_move_y_axis,,0.0,0.0
8491,353133,,,,,,,,,,,,,,,,,,,,,,,,,,,,,,W,movement_move_y_axis,,0.0,0.0
8492,353167,,,,,,,,,,,,,,,,,,,,,,,,,,,,,,W,movement_move_y_axis,,0.0,0.0
8493,353233,,,,,,,,,,,,,,,,,,,,,,,,,,,,,,W,movement_move_y_axis,,0.0,0.0
8494,353267,,,,,,,,,,,,,,,,,,,,,,,,,,,,,,W,movement_move_y_axis,,0.0,0.0
8495,353300,,,,,,,,,,,,,,,,,,,,,,,,,,,,,,W,movement_move_y_axis,,0.0,0.0
8496,353333,,,,,,,,,,,,,,,,,,,,,,,,,,,,,,W,movement_move_y_axis,,0.0,0.0
8497,353367,,,,,,,,,,,,,,,,,,,,,,,,,,,,,,W,movement_move_y_axis,,0.0,0.0
8498,353400,,,,,,,,,,,,,,,,,,,,,,,,,,,,,,W,movement_move_y_axis,,0.0,0.0
8499,353567,,,,,,,,,,,,,,,,,,,,,,,,,,,,,,W,movement_move_y_axis,,0.0,0.0
8500,353600,,,,,,,,,,,,,,,,,,,,,,,,,,,,,,W,movement_move_y_axis,,0.0,0.0
8501,353633,,,,,,,,,,,,,,,,,,,,,,,,,,,,,,W,movement_move_y_axis,,0.0,0.0
8502,353667,,,,,,,,,,,,,,,,,,,,,,,,,,,,,,W,movement_move_y_axis,,0.0,0.0
8503,353700,,,,,,,,,,,,,,,,,,,,,,,,,,,,,,W,movement_move_y_axis,,0.0,0.0
8504,353767,,,,,,,,,,,,,,,,,,,,,,,,,,,,,,W,movement_move_y_axis,,0.0,0.0
8505,353800,,,,,,,,,,,,,,,,,,,,,,,,,,,,,,W,movement_move_y_axis,,0.0,0.0
8506,353833,,,,,,,,,,,,,,,,,,,,,,,,,,,,,,W,movement_move_y_axis,,0.0,0.0
8507,353867,,,,,,,,,,,,,,,,,,,,,,,,,,,,,,W,movement_move_y_axis,,0.0,0.0
8508,353900,,,,,,,,,,,,,,,,,,,,,,,,,,,,,,W,movement_move_y_axis|movement_look_x_axis|movement_look_y_axis,,2.0,-1.0
8509,353933,,,,,,,,,,,,,,,,,,,,,,,,,,,,,,W,movement_move_y_axis,,0.0,0.0
8510,354000,,,,,,,,,,,,,,,,,,,,,,,,,,,,,,W,movement_move_y_axis|movement_look_x_axis|movement_look_y_axis,,6.0,-3.0
8511,354233,,,,,,,,,,,,,,,,,,,,,,,,,,,,,,W,movement_move_y_axis,,0.0,0.0
8512,354267,,,,,,,,,,,,,,,,,,,,,,,,,,,,,,W,movement_move_y_axis,,0.0,0.0
8513,354300,,,,,,,,,,,,,,,,,,,,,,,,,,,,,,W,movement_move_y_axis,,0.0,0.0
8514,354333,,,,,,,,,,,,,,,,,,,,,,,,,,,,,,W,movement_move_y_axis,,0.0,0.0
8515,354367,,,,,,,,,,,,,,,,,,,,,,,,,,,,,,W,movement_move_y_axis,,0.0,0.0
8516,354400,,,,,,,,,,,,,,,,,,,,,,,,,,,,,,W,movement_move_y_axis,,0.0,0.0
8517,354433,,,,,,,,,,,,,,,,,,,,,,,,,,,,,,W,movement_move_y_axis,,0.0,0.0
8518,354500,,,,,,,,,,,,,,,,,,,,,,,,,,,,,,W,movement_move_y_axis,,0.0,0.0
8519,354533,,,,,,,,,,,,,,,,,,,,,,,,,,,,,,W,movement_move_y_axis,,0.0,0.0
8520,354567,,,,,,,,,,,,,,,,,,,,,,,,,,,,,,W,movement_move_y_axis,,0.0,0.0
8521,354600,,,,,,,,,,,,,,,,,,,,,,,,,,,,,,W,movement_move_y_axis,,0.0,0.0
8522,354633,,,,,,,,,,,,,,,,,,,,,,,,,,,,,,W,movement_move_y_axis|movement_look_x_axis|movement_look_y_axis,,15.0,2.0
8523,354933,,,,,,,,,,,,,,,,,,,,,,,,,,,,,,W,movement_move_y_axis,,0.0,0.0
8524,354967,,,,,,,,,,,,,,,,,,,,,,,,,,,,,,W,movement_move_y_axis,,0.0,0.0
8525,355000,,,,,,,,,,,,,,,,,,,,,,,,,,,,,,W,movement_move_y_axis,,0.0,0.0
8526,355033,,,,,,,,,,,,,,,,,,,,,,,,,,,,,,W,movement_move_y_axis,,0.0,0.0
8527,355067,,,,,,,,,,,,,,,,,,,,,,,,,,,,,,W,movement_move_y_axis,,0.0,0.0
8528,355100,,,,,,,,,,,,,,,,,,,,,,,,,,,,,,W,movement_move_y_axis,,0.0,0.0
8529,355133,,,,,,,,,,,,,,,,,,,,,,,,,,,,,,W,movement_move_y_axis|movement_look_x_axis|movement_look_y_axis,,5.0,2.0
8530,355200,,,,,,,,,,,,,,,,,,,,,,,,,,,,,,W,movement_move_y_axis|movement_look_x_axis,,2.0,0.0
8531,355233,,,,,,,,,,,,,,,,,,,,,,,,,,,,,,W,movement_move_y_axis|movement_look_x_axis,,1.0,0.0
8532,355300,,,,,,,,,,,,,,,,,,,,,,,,,,,,,,W,movement_move_y_axis|movement_look_x_axis|movement_look_y_axis,,2.0,1.0
8533,355333,,,,,,,,,,,,,,,,,,,,,,,,,,,,,,W,movement_move_y_axis|movement_look_x_axis|movement_look_y_axis,,5.0,5.0
8534,355367,,,,,,,,,,,,,,,,,,,,,,,,,,,,,,W,movement_move_y_axis|movement_look_x_axis|movement_look_y_axis,,2.0,2.0
8535,355433,,,,,,,,,,,,,,,,,,,,,,,,,,,,,,W,movement_move_y_axis|movement_look_x_axis|movement_look_y_axis,,3.0,8.0
8536,355633,,,,,,,,,,,,,,,,,,,,,,,,,,,,,,W,movement_move_y_axis|movement_look_x_axis|movement_look_y_axis,,-2.0,12.0
8537,355667,,,,,,,,,,,,,,,,,,,,,,,,,,,,,,W,movement_move_y_axis,,0.0,0.0
8538,355700,,,,,,,,,,,,,,,,,,,,,,,,,,,,,,W,movement_move_y_axis,,0.0,0.0
8539,355733,,,,,,,,,,,,,,,,,,,,,,,,,,,,,,W,movement_move_y_axis,,0.0,0.0
8540,355767,,,,,,,,,,,,,,,,,,,,,,,,,,,,,,W,movement_move_y_axis,,0.0,0.0
8541,355800,,,,,,,,,,,,,,,,,,,,,,,,,,,,,,W,movement_move_y_axis,,0.0,0.0
8542,355833,,,,,,,,,,,,,,,,,,,,,,,,,,,,,,W,movement_move_y_axis|movement_look_x_axis|movement_look_y_axis,,-84.0,39.0
8543,356000,,,,,,,,,,,,,,,,,,,,,,,,,,,,,,W,movement_move_y_axis|movement_look_x_axis|movement_look_y_axis,,-13.0,5.0
8544,356033,,,,,,,,,,,,,,,,,,,,,,,,,,,,,,W,movement_move_y_axis|movement_look_x_axis,,-1.0,0.0
8545,356067,,,,,,,,,,,,,,,,,,,,,,,,,,,,,,W,movement_move_y_axis,,0.0,0.0
8546,356100,,,,,,,,,,,,,,,,,,,,,,,,,,,,,,W,movement_move_y_axis,,0.0,0.0
8547,356133,,,,,,,,,,,,,,,,,,,,,,,,,,,,,,W,movement_move_y_axis,,0.0,0.0
8548,356167,,,,,,,,,,,,,,,,,,,,,,,,,,,,,,W,movement_move_y_axis,,0.0,0.0
8549,356233,,,,,,,,,,,,,,,,,,,,,,,,,,,,,,W,movement_move_y_axis,,0.0,0.0
8550,356267,,,,,,,,,,,,,,,,,,,,,,,,,,,,,,W,movement_move_y_axis,,0.0,0.0
8551,356300,,,,,,,,,,,,,,,,,,,,,,,,,,,,,,W,movement_move_y_axis|movement_look_x_axis|movement_look_y_axis,,-1.0,1.0
8552,356367,,,,,,,,,,,,,,,,,,,,,,,,,,,,,,W,movement_move_y_axis|movement_look_x_axis|movement_look_y_axis,,56.0,9.0
8553,356400,,,,,,,,,,,,,,,,,,,,,,,,,,,,,,W,movement_move_y_axis,,0.0,0.0
8554,356433,,,,,,,,,,,,,,,,,,,,,,,,,,,,,,W,movement_move_y_axis|movement_look_x_axis,,105.0,0.0
8555,356600,,,,,,,,,,,,,,,,,,,,,,,,,,,,,,W,movement_move_y_axis,,0.0,0.0
8556,356633,,,,,,,,,,,,,,,,,,,,,,,,,,,,,,W,movement_move_y_axis,,0.0,0.0
8557,356667,,,,,,,,,,,,,,,,,,,,,,,,,,,,,,D|W,movement_move_x_axis|movement_move_y_axis,,0.0,0.0
8558,356700,,,,,,,,,,,,,,,,,,,,,,,,,,,,,,D|W,movement_move_x_axis|movement_move_y_axis,,0.0,0.0
8559,356800,,,,,,,,,,,,,,,,,,,,,,,,,,,,,,D|W,movement_move_x_axis|movement_move_y_axis,,0.0,0.0
8560,356833,,,,,,,,,,,,,,,,,,,,,,,,,,,,,,D|W,movement_move_x_axis|movement_move_y_axis,,0.0,0.0
8561,356867,,,,,,,,,,,,,,,,,,,,,,,,,,,,,,D|W,movement_move_x_axis|movement_move_y_axis,,0.0,0.0
8562,356900,,,,,,,,,,,,,,,,,,,,,,,,,,,,,,D|W,movement_move_x_axis|movement_move_y_axis,,0.0,0.0
8563,356933,,,,,,,,,,,,,,,,,,,,,,,,,,,,,,W,movement_move_y_axis,,0.0,0.0
8564,357000,,,,,,,,,,,,,,,,,,,,,,,,,,,,,,W,movement_move_y_axis,,0.0,0.0
8565,357033,,,,,,,,,,,,,,,,,,,,,,,,,,,,,,W,movement_move_y_axis,,0.0,0.0
8566,357067,,,,,,,,,,,,,,,,,,,,,,,,,,,,,,W,movement_move_y_axis,,0.0,0.0
8567,357167,,,,,,,,,,,,,,,,,,,,,,,,,,,,,,W,movement_move_y_axis,,0.0,0.0
8568,357200,,,,,,,,,,,,,,,,,,,,,,,,,,,,,,W,movement_move_y_axis,,0.0,0.0
8569,357233,,,,,,,,,,,,,,,,,,,,,,,,,,,,,,W,movement_move_y_axis,,0.0,0.0
8570,357300,,,,,,,,,,,,,,,,,,,,,,,,,,,,,,W,movement_move_y_axis,,0.0,0.0
8571,357333,,,,,,,,,,,,,,,,,,,,,,,,,,,,,,W,movement_move_y_axis,,0.0,0.0
8572,357533,,,,,,,,,,,,,,,,,,,,,,,,,,,,,,D|W,movement_move_x_axis|movement_move_y_axis,,0.0,0.0
8573,357567,,,,,,,,,,,,,,,,,,,,,,,,,,,,,,D|W,movement_move_x_axis|movement_move_y_axis,,0.0,0.0
8574,357600,,,,,,,,,,,,,,,,,,,,,,,,,,,,,,D|W,movement_move_x_axis|movement_move_y_axis,,0.0,0.0
8575,357633,,,,,,,,,,,,,,,,,,,,,,,,,,,,,,D|W,movement_move_x_axis|movement_move_y_axis,,0.0,0.0
8576,357667,,,,,,,,,,,,,,,,,,,,,,,,,,,,,,D|W,movement_move_x_axis|movement_move_y_axis,,0.0,0.0
8577,357700,,,,,,,,,,,,,,,,,,,,,,,,,,,,,,D|W,movement_move_x_axis|movement_move_y_axis,,0.0,0.0
8578,357733,,,,,,,,,,,,,,,,,,,,,,,,,,,,,,D|W,movement_move_x_axis|movement_move_y_axis,,0.0,0.0
8579,357767,,,,,,,,,,,,,,,,,,,,,,,,,,,,,,D,movement_move_x_axis|movement_look_x_axis|movement_look_y_axis,,1.0,1.0
8580,357800,,,,,,,,,,,,,,,,,,,,,,,,,,,,,,D,movement_move_x_axis|movement_look_x_axis|movement_look_y_axis,,-1.0,2.0
8581,357833,,,,,,,,,,,,,,,,,,,,,,,,,,,,,,D,movement_move_x_axis|movement_look_x_axis|movement_look_y_axis,,-6.0,5.0
8582,357900,,,,,,,,,,,,,,,,,,,,,,,,,,,,,,D,movement_move_x_axis|movement_look_x_axis|movement_look_y_axis,,-166.0,31.0
8583,358233,,,,,,,,,,,,,,,,,,,,,,,,,,,,,,W,movement_move_y_axis,,0.0,0.0
8584,358267,,,,,,,,,,,,,,,,,,,,,,,,,,,,,,W,movement_move_y_axis,,0.0,0.0
8585,358300,,,,,,,,,,,,,,,,,,,,,,,,,,,,,,W,movement_move_y_axis,,0.0,0.0
8586,358333,,,,,,,,,,,,,,,,,,,,,,,,,,,,,,W,movement_move_y_axis,,0.0,0.0
8587,358367,,,,,,,,,,,,,,,,,,,,,,,,,,,,,,W,movement_move_y_axis,,0.0,0.0
8588,358400,,,,,,,,,,,,,,,,,,,,,,,,,,,,,,W,movement_move_y_axis,,0.0,0.0
8589,358433,,,,,,,,,,,,,,,,,,,,,,,,,,,,,,W,movement_move_y_axis|movement_look_x_axis,,-3.0,0.0
8590,358467,,,,,,,,,,,,,,,,,,,,,,,,,,,,,,W,movement_move_y_axis|movement_look_x_axis|movement_look_y_axis,,-3.0,2.0
8591,358533,,,,,,,,,,,,,,,,,,,,,,,,,,,,,,D|W,movement_move_x_axis|movement_move_y_axis|movement_look_x_axis,,-2.0,0.0
8592,358567,,,,,,,,,,,,,,,,,,,,,,,,,,,,,,D|W,movement_move_x_axis|movement_move_y_axis|movement_look_x_axis|movement_look_y_axis,,-3.0,1.0
8593,358633,,,,,,,,,,,,,,,,,,,,,,,,,,,,,,D|W,movement_move_x_axis|movement_move_y_axis|movement_look_x_axis,,-3.0,0.0
8594,358667,,,,,,,,,,,,,,,,,,,,,,,,,,,,,,D|W,movement_move_x_axis|movement_move_y_axis|movement_look_x_axis|movement_look_y_axis,,-9.0,2.0
8595,358700,,,,,,,,,,,,,,,,,,,,,,,,,,,,,,D,movement_move_x_axis,,0.0,0.0
8596,358733,,,,,,,,,,,,,,,,,,,,,,,,,,,,,,D,movement_move_x_axis|movement_look_x_axis|movement_look_y_axis,,-76.0,12.0
8597,358933,,,,,,,,,,,,,,,,,,,,,,,,,,,,,,,movement_look_x_axis|movement_look_y_axis,,-63.0,1.0
8598,358967,,,,,,,,,,,,,,,,,,,,,,,,,,,,,,,,,0.0,0.0
8599,359000,,,,,,,,,,,,,,,,,,,,,,,,,,,,,,,,,0.0,0.0
8600,359033,,,,,,,,,,,,,,,,,,,,,,,,,,,,,,,,,0.0,0.0
8601,359067,,,,,,,,,,,,,,,,,,,,,,,,,,,,,,,,,0.0,0.0
8602,359167,,,,,,,,,,,,,,,,,,,,,,,,,,,,,,,,,0.0,0.0
8603,359267,,,,,,,,,,,,,,,,,,,,,,,,,,,,,,,,,0.0,0.0
8604,359300,,,,,,,,,,,,,,,,,,,,,,,,,,,,,,,,,0.0,0.0
8605,359333,,,,,,,,,,,,,,,,,,,,,,,,,,,,,,,,,0.0,0.0
8606,359400,,,,,,,,,,,,,,,,,,,,,,,,,,,,,,,,,0.0,0.0
8607,359433,,,,,,,,,,,,,,,,,,,,,,,,,,,,,,,,,0.0,0.0
8608,359467,,,,,,,,,,,,,,,,,,,,,,,,,,,,,,,,,0.0,0.0
8609,359500,,,,,,,,,,,,,,,,,,,,,,,,,,,,,,,,,0.0,0.0
8610,359533,,,,,,,,,,,,,,,,,,,,,,,,,,,,,,,,,0.0,0.0
8611,359567,,,,,,,,,,,,,,,,,,,,,,,,,,,,,,,,,0.0,0.0
8612,359600,,,,,,,,,,,,,,,,,,,,,,,,,,,,,,,,,0.0,0.0
8613,359633,,,,,,,,,,,,,,,,,,,,,,,,,,,,,,,,,0.0,0.0
8614,359667,,,,,,,,,,,,,,,,,,,,,,,,,,,,,,,,,0.0,0.0
8615,359700,,,,,,,,,,,,,,,,,,,,,,,,,,,,,,,,,0.0,0.0
8616,359733,,,,,,,,,,,,,,,,,,,,,,,,,,,,,,,movement_look_x_axis|movement_look_y_axis,,-1.0,-1.0
8617,359800,,,,,,,,,,,,,,,,,,,,,,,,,,,,,,,movement_look_y_axis,,0.0,-2.0
8618,359833,,,,,,,,,,,,,,,,,,,,,,,,,,,,,,,movement_look_y_axis,,0.0,-3.0
8619,359867,,,,,,,,,,,,,,,,,,,,,,,,,,,,,,,movement_look_y_axis,,0.0,-2.0
8620,359900,,,,,,,,,,,,,,,,,,,,,,,,,,,,,,,movement_look_x_axis|movement_look_y_axis,,-1.0,-1.0
8621,359933,,,,,,,,,,,,,,,,,,,,,,,,,,,,,,,,,0.0,0.0
8622,359967,,,,,,,,,,,,,,,,,,,,,,,,,,,,,,,,,0.0,0.0
8623,360000,,,,,,,,,,,,,,,,,,,,,,,,,,,,,,,,,0.0,0.0
8624,360033,,,,,,,,,,,,,,,,,,,,,,,,,,,,,,,,,0.0,0.0
8625,360067,,,,,,,,,,,,,,,,,,,,,,,,,,,,,,,,,0.0,0.0
8626,360100,,,,,,,,,,,,,,,,,,,,,,,,,,,,,,,,,0.0,0.0
8627,360133,,,,,,,,,,,,,,,,,,,,,,,,,,,,,,,,,0.0,0.0
8628,360200,,,,,,,,,,,,,,,,,,,,,,,,,,,,,,,,,0.0,0.0
8629,360333,,,,,,,,,,,,,,,,,,,,,,,,,,,,,,,,,0.0,0.0
8630,360367,,,,,,,,,,,,,,,,,,,,,,,,,,,,,,,,,0.0,0.0
8631,360400,,,,,,,,,,,,,,,,,,,,,,,,,,,,,,,,,0.0,0.0
8632,360433,,,,,,,,,,,,,,,,,,,,,,,,,,,,,,,,,0.0,0.0
8633,360467,,,,,,,,,,,,,,,,,,,,,,,,,,,,,,,,,0.0,0.0
8634,360500,,,,,,,,,,,,,,,,,,,,,,,,,,,,,,,,,0.0,0.0
8635,360533,,,,,,,,,,,,,,,,,,,,,,,,,,,,,,,,,0.0,0.0
8636,360567,,,,,,,,,,,,,,,,,,,,,,,,,,,,,,,,,0.0,0.0
8637,360600,,,,,,,,,,,,,,,,,,,,,,,,,,,,,,,,,0.0,0.0
8638,360633,,,,,,,,,,,,,,,,,,,,,,,,,,,,,,,,,0.0,0.0
8639,360667,,,,,,,,,,,,,,,,,,,,,,,,,,,,,,,,,0.0,0.0
8640,360700,,,,,,,,,,,,,,,,,,,,,,,,,,,,,,,,,0.0,0.0
8641,360733,,,,,,,,,,,,,,,,,,,,,,,,,,,,,,E,general_primary_interact,,0.0,0.0
8642,360933,,,,,,,,,,,,,,,,,,,,,,,,,,,,,,E,general_primary_interact,,0.0,0.0
8643,360967,,,,,,,,,,,,,,,,,,,,,,,,,,,,,,E,general_primary_interact,,0.0,0.0
8644,361000,,,,,,,,,,,,,,,,,,,,,,,,,,,,,,E,general_primary_interact,,0.0,0.0
8645,361033,,,,,,,,,,,,,,,,,,,,,,,,,,,,,,E,general_primary_interact,,0.0,0.0
8646,361067,,,,,,,,,,,,,,,,,,,,,,,,,,,,,,E,general_primary_interact,,0.0,0.0
8647,361100,,,,,,,,,,,,,,,,,,,,,,,,,,,,,,E,general_primary_interact,,0.0,0.0
8648,361167,,,,,,,,,,,,,,,,,,,,,,,,,,,,,,,,,0.0,0.0
8649,361200,,,,,,,,,,,,,,,,,,,,,,,,,,,,,,,,,0.0,0.0
8650,361233,,,,,,,,,,,,,,,,,,,,,,,,,,,,,,,,,0.0,0.0
8651,361267,,,,,,,,,,,,,,,,,,,,,,,,,,,,,,,,,0.0,0.0
8652,361300,,,,,,,,,,,,,,,,,,,,,,,,,,,,,,,,,0.0,0.0
8653,361367,,,,,,,,,,,,,,,,,,,,,,,,,,,,,,,,,0.0,0.0
8654,361400,,,,,,,,,,,,,,,,,,,,,,,,,,,,,,,,,0.0,0.0
8655,361567,,,,,,,,,,,,,,,,,,,,,,,,,,,,,,,,,0.0,0.0
8656,361600,,,,,,,,,,,,,,,,,,,,,,,,,,,,,,,,,0.0,0.0
8657,361633,,,,,,,,,,,,,,,,,,,,,,,,,,,,,,,,,0.0,0.0
8658,361667,,,,,,,,,,,,,,,,,,,,,,,,,,,,,,,,,0.0,0.0
8659,361733,,,,,,,,,,,,,,,,,,,,,,,,,,,,,,,,,0.0,0.0
8660,361767,,,,,,,,,,,,,,,,,,,,,,,,,,,,,,,,,0.0,0.0
8661,361800,,,,,,,,,,,,,,,,,,,,,,,,,,,,,,,,,0.0,0.0
8662,361833,,,,,,,,,,,,,,,,,,,,,,,,,,,,,,,,,0.0,0.0
8663,361867,,,,,,,,,,,,,,,,,,,,,,,,,,,,,,,movement_look_x_axis|movement_look_y_axis,,-2.0,-1.0
8664,361900,,,,,,,,,,,,,,,,,,,,,,,,,,,,,,,,,0.0,0.0
8665,361933,,,,,,,,,,,,,,,,,,,,,,,,,,,,,,,movement_look_x_axis|movement_look_y_axis,,-9.0,1.0
8666,361967,,,,,,,,,,,,,,,,,,,,,,,,,,,,,,,movement_look_x_axis|movement_look_y_axis,,-23.0,3.0
8667,362000,,,,,,,,,,,,,,,,,,,,,,,,,,,,,,,movement_look_x_axis,,-30.0,0.0
8668,362033,,,,,,,,,,,,,,,,,,,,,,,,,,,,,,,movement_look_x_axis|movement_look_y_axis,,-24.0,-1.0
8669,362067,,,,,,,,,,,,,,,,,,,,,,,,,,,,,,,movement_look_x_axis|movement_look_y_axis,,-11.0,-3.0
8670,362100,,,,,,,,,,,,,,,,,,,,,,,,,,,,,,,movement_look_x_axis,,-2.0,0.0
8671,362133,,,,,,,,,,,,,,,,,,,,,,,,,,,,,,,movement_look_x_axis,,-1.0,0.0
8672,362167,,,,,,,,,,,,,,,,,,,,,,,,,,,,,,,movement_look_x_axis|movement_look_y_axis,,-3.0,-2.0
8673,362200,,,,,,,,,,,,,,,,,,,,,,,,,,,,,,,movement_look_x_axis,,-2.0,0.0
8674,362233,,,,,,,,,,,,,,,,,,,,,,,,,,,,,,,,,0.0,0.0
8675,362267,,,,,,,,,,,,,,,,,,,,,,,,,,,,,,,,,0.0,0.0
8676,362300,,,,,,,,,,,,,,,,,,,,,,,,,,,,,,,,,0.0,0.0
8677,362333,,,,,,,,,,,,,,,,,,,,,,,,,,,,,,,,,0.0,0.0
8678,362367,,,,,,,,,,,,,,,,,,,,,,,,,,,,,,,movement_look_x_axis,,-1.0,0.0
8679,362400,,,,,,,,,,,,,,,,,,,,,,,,,,,,,,,movement_look_x_axis,,-2.0,0.0
8680,362433,,,,,,,,,,,,,,,,,,,,,,,,,,,,,,,movement_look_x_axis,,-3.0,0.0
8681,362467,,,,,,,,,,,,,,,,,,,,,,,,,,,,,,,movement_look_x_axis|movement_look_y_axis,,-20.0,-4.0
8682,362533,,,,,,,,,,,,,,,,,,,,,,,,,,,,,,,movement_look_x_axis|movement_look_y_axis,,-20.0,-3.0
8683,362600,,,,,,,,,,,,,,,,,,,,,,,,,,,,,,,movement_look_x_axis,,-20.0,0.0
8684,362633,,,,,,,,,,,,,,,,,,,,,,,,,,,,,,,movement_look_x_axis|movement_look_y_axis,,-21.0,-2.0
8685,362667,,,,,,,,,,,,,,,,,,,,,,,,,,,,,,,movement_look_x_axis,,-14.0,0.0
8686,362700,,,,,,,,,,,,,,,,,,,,,,,,,,,,,,,,,0.0,0.0
8687,362733,,,,,,,,,,,,,,,,,,,,,,,,,,,,,,,movement_look_x_axis|movement_look_y_axis,,-1.0,-1.0
8688,362767,,,,,,,,,,,,,,,,,,,,,,,,,,,,,,,,,0.0,0.0
8689,362833,,,,,,,,,,,,,,,,,,,,,,,,,,,,,,,,,0.0,0.0
8690,362867,,,,,,,,,,,,,,,,,,,,,,,,,,,,,,,,,0.0,0.0
8691,362900,,,,,,,,,,,,,,,,,,,,,,,,,,,,,,,,,0.0,0.0
8692,362933,,,,,,,,,,,,,,,,,,,,,,,,,,,,,,,,,0.0,0.0
8693,362967,,,,,,,,,,,,,,,,,,,,,,,,,,,,,,,movement_look_x_axis,,-6.0,0.0
8694,363000,,,,,,,,,,,,,,,,,,,,,,,,,,,,,,,,,0.0,0.0
8695,363033,,,,,,,,,,,,,,,,,,,,,,,,,,,,,,,movement_look_x_axis,,-5.0,0.0
8696,363067,,,,,,,,,,,,,,,,,,,,,,,,,,,,,,,movement_look_x_axis|movement_look_y_axis,,-12.0,1.0
8697,363100,,,,,,,,,,,,,,,,,,,,,,,,,,,,,,,movement_look_x_axis,,-15.0,0.0
8698,363133,,,,,,,,,,,,,,,,,,,,,,,,,,,,,,,movement_look_x_axis,,-14.0,0.0
8699,363200,,,,,,,,,,,,,,,,,,,,,,,,,,,,,,,movement_look_x_axis,,-13.0,0.0
8700,363233,,,,,,,,,,,,,,,,,,,,,,,,,,,,,,,movement_look_x_axis,,-22.0,0.0
8701,363267,,,,,,,,,,,,,,,,,,,,,,,,,,,,,,,movement_look_x_axis,,-28.0,0.0
8702,363300,,,,,,,,,,,,,,,,,,,,,,,,,,,,,,,movement_look_x_axis,,-14.0,0.0
8703,363333,,,,,,,,,,,,,,,,,,,,,,,,,,,,,,,,,0.0,0.0
8704,363367,,,,,,,,,,,,,,,,,,,,,,,,,,,,,,,,,0.0,0.0
8705,363400,,,,,,,,,,,,,,,,,,,,,,,,,,,,,,,,,0.0,0.0
8706,363433,,,,,,,,,,,,,,,,,,,,,,,,,,,,,,,movement_look_x_axis,,-8.0,0.0
8707,363467,,,,,,,,,,,,,,,,,,,,,,,,,,,,,,,movement_look_x_axis|movement_look_y_axis,,-34.0,-1.0
8708,363533,,,,,,,,,,,,,,,,,,,,,,,,,,,,,,,movement_look_x_axis,,-3.0,0.0
8709,363567,,,,,,,,,,,,,,,,,,,,,,,,,,,,,,,,,0.0,0.0
8710,363600,,,,,,,,,,,,,,,,,,,,,,,,,,,,,,,,,0.0,0.0
8711,363633,,,,,,,,,,,,,,,,,,,,,,,,,,,,,,,,,0.0,0.0
8712,363667,,,,,,,,,,,,,,,,,,,,,,,,,,,,,,,,,0.0,0.0
8713,363700,,,,,,,,,,,,,,,,,,,,,,,,,,,,,,,,,0.0,0.0
8714,363733,,,,,,,,,,,,,,,,,,,,,,,,,,,,,,,movement_look_x_axis|movement_look_y_axis,,-1.0,-1.0
8715,363800,,,,,,,,,,,,,,,,,,,,,,,,,,,,,,,equipment_retrieve_scout,Right,0.0,0.0
8716,363833,,,,,,,,,,,,,,,,,,,,,,,,,,,,,,,equipment_retrieve_scout,Right,0.0,0.0
8717,363900,,,,,,,,,,,,,,,,,,,,,,,,,,,,,,,equipment_retrieve_scout,Right,0.0,0.0
8718,363933,,,,,,,,,,,,,,,,,,,,,,,,,,,,,,,equipment_retrieve_scout,Right,0.0,0.0
8719,363967,,,,,,,,,,,,,,,,,,,,,,,,,,,,,,,equipment_retrieve_scout,Right,0.0,0.0
8720,364000,,,,,,,,,,,,,,,,,,,,,,,,,,,,,,,equipment_retrieve_scout,Right,0.0,0.0
8721,364033,,,,,,,,,,,,,,,,,,,,,,,,,,,,,,,equipment_retrieve_scout,Right,0.0,0.0
8722,364067,,,,,,,,,,,,,,,,,,,,,,,,,,,,,,,equipment_retrieve_scout,Right,0.0,0.0
8723,364100,,,,,,,,,,,,,,,,,,,,,,,,,,,,,,,equipment_retrieve_scout,Right,0.0,0.0
8724,364133,,,,,,,,,,,,,,,,,,,,,,,,,,,,,,,equipment_retrieve_scout,Right,0.0,0.0
8725,364167,,,,,,,,,,,,,,,,,,,,,,,,,,,,,,,equipment_retrieve_scout,Right,0.0,0.0
8726,364200,,,,,,,,,,,,,,,,,,,,,,,,,,,,,,,equipment_retrieve_scout,Right,0.0,0.0
8727,364267,,,,,,,,,,,,,,,,,,,,,,,,,,,,,,,equipment_retrieve_scout,Right,0.0,0.0
8728,364300,,,,,,,,,,,,,,,,,,,,,,,,,,,,,,,equipment_retrieve_scout,Right,0.0,0.0
8729,364333,,,,,,,,,,,,,,,,,,,,,,,,,,,,,,,equipment_retrieve_scout,Right,0.0,0.0
8730,364367,,,,,,,,,,,,,,,,,,,,,,,,,,,,,,,equipment_retrieve_scout,Right,0.0,0.0
8731,364400,,,,,,,,,,,,,,,,,,,,,,,,,,,,,,,equipment_retrieve_scout,Right,0.0,0.0
8732,364433,,,,,,,,,,,,,,,,,,,,,,,,,,,,,,,equipment_retrieve_scout,Right,0.0,0.0
8733,364467,,,,,,,,,,,,,,,,,,,,,,,,,,,,,,,equipment_retrieve_scout,Right,0.0,0.0
8734,364500,,,,,,,,,,,,,,,,,,,,,,,,,,,,,,,equipment_retrieve_scout,Right,0.0,0.0
8735,364567,,,,,,,,,,,,,,,,,,,,,,,,,,,,,,,equipment_retrieve_scout,Right,0.0,0.0
8736,364600,,,,,,,,,,,,,,,,,,,,,,,,,,,,,,,equipment_retrieve_scout,Right,0.0,0.0
8737,364633,,,,,,,,,,,,,,,,,,,,,,,,,,,,,,,equipment_retrieve_scout,Right,0.0,0.0
8738,364667,,,,,,,,,,,,,,,,,,,,,,,,,,,,,,,equipment_retrieve_scout,Right,0.0,0.0
8739,364700,,,,,,,,,,,,,,,,,,,,,,,,,,,,,,,equipment_retrieve_scout,Right,0.0,0.0
8740,364733,,,,,,,,,,,,,,,,,,,,,,,,,,,,,,,equipment_retrieve_scout,Right,0.0,0.0
8741,364767,,,,,,,,,,,,,,,,,,,,,,,,,,,,,,,equipment_retrieve_scout,Right,0.0,0.0
8742,364800,,,,,,,,,,,,,,,,,,,,,,,,,,,,,,,equipment_retrieve_scout,Right,0.0,0.0
8743,364833,,,,,,,,,,,,,,,,,,,,,,,,,,,,,,,equipment_retrieve_scout,Right,0.0,0.0
8744,364867,,,,,,,,,,,,,,,,,,,,,,,,,,,,,,,equipment_retrieve_scout,Right,0.0,0.0
8745,364933,,,,,,,,,,,,,,,,,,,,,,,,,,,,,,,,,0.0,0.0
8746,364967,,,,,,,,,,,,,,,,,,,,,,,,,,,,,,,,,0.0,0.0
8747,365000,,,,,,,,,,,,,,,,,,,,,,,,,,,,,,,,,0.0,0.0
8748,365033,,,,,,,,,,,,,,,,,,,,,,,,,,,,,,,,,0.0,0.0
8749,365067,,,,,,,,,,,,,,,,,,,,,,,,,,,,,,,,,0.0,0.0
8750,365100,,,,,,,,,,,,,,,,,,,,,,,,,,,,,,,,,0.0,0.0
8751,365133,,,,,,,,,,,,,,,,,,,,,,,,,,,,,,,,,0.0,0.0
8752,365167,,,,,,,,,,,,,,,,,,,,,,,,,,,,,,,,,0.0,0.0
8753,365200,,,,,,,,,,,,,,,,,,,,,,,,,,,,,,,,,0.0,0.0
8754,365267,,,,,,,,,,,,,,,,,,,,,,,,,,,,,,,,,0.0,0.0
8755,365300,,,,,,,,,,,,,,,,,,,,,,,,,,,,,,,,,0.0,0.0
8756,365333,,,,,,,,,,,,,,,,,,,,,,,,,,,,,,,,,0.0,0.0
8757,365367,,,,,,,,,,,,,,,,,,,,,,,,,,,,,,,,,0.0,0.0
8758,365400,,,,,,,,,,,,,,,,,,,,,,,,,,,,,,,,,0.0,0.0
8759,365433,,,,,,,,,,,,,,,,,,,,,,,,,,,,,,,,,0.0,0.0
8760,365467,,,,,,,,,,,,,,,,,,,,,,,,,,,,,,,,,0.0,0.0
8761,365500,,,,,,,,,,,,,,,,,,,,,,,,,,,,,,,,,0.0,0.0
8762,365533,,,,,,,,,,,,,,,,,,,,,,,,,,,,,,,,,0.0,0.0
8763,365600,,,,,,,,,,,,,,,,,,,,,,,,,,,,,,,,,0.0,0.0
8764,365633,,,,,,,,,,,,,,,,,,,,,,,,,,,,,,,,,0.0,0.0
8765,365700,,,,,,,,,,,,,,,,,,,,,,,,,,,,,,,,,0.0,0.0
8766,365733,,,,,,,,,,,,,,,,,,,,,,,,,,,,,,,,,0.0,0.0
8767,365767,,,,,,,,,,,,,,,,,,,,,,,,,,,,,,,,,0.0,0.0
8768,365800,,,,,,,,,,,,,,,,,,,,,,,,,,,,,,,,,0.0,0.0
8769,365833,,,,,,,,,,,,,,,,,,,,,,,,,,,,,,,,,0.0,0.0
8770,365867,,,,,,,,,,,,,,,,,,,,,,,,,,,,,,,,,0.0,0.0
8771,365900,,,,,,,,,,,,,,,,,,,,,,,,,,,,,,,,,0.0,0.0
8772,365933,,,,,,,,,,,,,,,,,,,,,,,,,,,,,,,,,0.0,0.0
8773,365967,,,,,,,,,,,,,,,,,,,,,,,,,,,,,,,,,0.0,0.0
8774,366000,,,,,,,,,,,,,,,,,,,,,,,,,,,,,,,,,0.0,0.0
8775,366067,,,,,,,,,,,,,,,,,,,,,,,,,,,,,,,,,0.0,0.0
8776,366100,,,,,,,,,,,,,,,,,,,,,,,,,,,,,,,,,0.0,0.0
8777,366133,,,,,,,,,,,,,,,,,,,,,,,,,,,,,,,,,0.0,0.0
8778,366167,,,,,,,,,,,,,,,,,,,,,,,,,,,,,,,,,0.0,0.0
8779,366200,,,,,,,,,,,,,,,,,,,,,,,,,,,,,,,,,0.0,0.0
8780,366233,,,,,,,,,,,,,,,,,,,,,,,,,,,,,,,,,0.0,0.0
8781,366300,,,,,,,,,,,,,,,,,,,,,,,,,,,,,,,,,0.0,0.0
8782,366333,,,,,,,,,,,,,,,,,,,,,,,,,,,,,,,,,0.0,0.0
8783,366367,,,,,,,,,,,,,,,,,,,,,,,,,,,,,,,,,0.0,0.0
8784,366400,,,,,,,,,,,,,,,,,,,,,,,,,,,,,,,,,0.0,0.0
8785,366433,,,,,,,,,,,,,,,,,,,,,,,,,,,,,,,,,0.0,0.0
8786,366467,,,,,,,,,,,,,,,,,,,,,,,,,,,,,,,,,0.0,0.0
8787,366500,,,,,,,,,,,,,,,,,,,,,,,,,,,,,,,,,0.0,0.0
8788,366533,,,,,,,,,,,,,,,,,,,,,,,,,,,,,,,,,0.0,0.0
8789,366567,,,,,,,,,,,,,,,,,,,,,,,,,,,,,,,,,0.0,0.0
8790,366600,,,,,,,,,,,,,,,,,,,,,,,,,,,,,,,,,0.0,0.0
8791,366633,,,,,,,,,,,,,,,,,,,,,,,,,,,,,,,,,0.0,0.0
8792,366667,,,,,,,,,,,,,,,,,,,,,,,,,,,,,,,,,0.0,0.0
8793,366700,,,,,,,,,,,,,,,,,,,,,,,,,,,,,,,,,0.0,0.0
8794,366733,,,,,,,,,,,,,,,,,,,,,,,,,,,,,,,,,0.0,0.0
8795,366767,,,,,,,,,,,,,,,,,,,,,,,,,,,,,,,,,0.0,0.0
8796,366800,,,,,,,,,,,,,,,,,,,,,,,,,,,,,,,,,0.0,0.0
8797,366833,,,,,,,,,,,,,,,,,,,,,,,,,,,,,,,,,0.0,0.0
8798,366867,,,,,,,,,,,,,,,,,,,,,,,,,,,,,,,,,0.0,0.0
8799,366900,,,,,,,,,,,,,,,,,,,,,,,,,,,,,,,,,0.0,0.0
8800,366933,,,,,,,,,,,,,,,,,,,,,,,,,,,,,,,,,0.0,0.0
8801,366967,,,,,,,,,,,,,,,,,,,,,,,,,,,,,,,,,0.0,0.0
8802,367000,,,,,,,,,,,,,,,,,,,,,,,,,,,,,,,,,0.0,0.0
8803,367067,,,,,,,,,,,,,,,,,,,,,,,,,,,,,,,,,0.0,0.0
8804,367100,,,,,,,,,,,,,,,,,,,,,,,,,,,,,,,,,0.0,0.0
8805,367133,,,,,,,,,,,,,,,,,,,,,,,,,,,,,,,,,0.0,0.0
8806,367167,,,,,,,,,,,,,,,,,,,,,,,,,,,,,,,,,0.0,0.0
8807,367200,,,,,,,,,,,,,,,,,,,,,,,,,,,,,,,,,0.0,0.0
8808,367233,,,,,,,,,,,,,,,,,,,,,,,,,,,,,,,,,0.0,0.0
8809,367300,,,,,,,,,,,,,,,,,,,,,,,,,,,,,,,,,0.0,0.0
8810,367333,,,,,,,,,,,,,,,,,,,,,,,,,,,,,,,,,0.0,0.0
8811,367367,,,,,,,,,,,,,,,,,,,,,,,,,,,,,,,,,0.0,0.0
8812,367400,,,,,,,,,,,,,,,,,,,,,,,,,,,,,,,,,0.0,0.0
8813,367467,,,,,,,,,,,,,,,,,,,,,,,,,,,,,,,,,0.0,0.0
8814,367500,,,,,,,,,,,,,,,,,,,,,,,,,,,,,,,,,0.0,0.0
8815,367533,,,,,,,,,,,,,,,,,,,,,,,,,,,,,,,,,0.0,0.0
8816,367567,,,,,,,,,,,,,,,,,,,,,,,,,,,,,,,,,0.0,0.0
8817,367600,,,,,,,,,,,,,,,,,,,,,,,,,,,,,,,,,0.0,0.0
8818,367633,,,,,,,,,,,,,,,,,,,,,,,,,,,,,,,,,0.0,0.0
8819,367667,,,,,,,,,,,,,,,,,,,,,,,,,,,,,,,,,0.0,0.0
8820,367700,,,,,,,,,,,,,,,,,,,,,,,,,,,,,,,,,0.0,0.0
8821,367733,,,,,,,,,,,,,,,,,,,,,,,,,,,,,,,,,0.0,0.0
8822,367800,,,,,,,,,,,,,,,,,,,,,,,,,,,,,,,,,0.0,0.0
8823,367833,,,,,,,,,,,,,,,,,,,,,,,,,,,,,,,,,0.0,0.0
8824,367867,,,,,,,,,,,,,,,,,,,,,,,,,,,,,,,,,0.0,0.0
8825,367900,,,,,,,,,,,,,,,,,,,,,,,,,,,,,,,,,0.0,0.0
8826,367933,,,,,,,,,,,,,,,,,,,,,,,,,,,,,,,,,0.0,0.0
8827,367967,,,,,,,,,,,,,,,,,,,,,,,,,,,,,,,,,0.0,0.0
8828,368000,,,,,,,,,,,,,,,,,,,,,,,,,,,,,,,,,0.0,0.0
8829,368033,,,,,,,,,,,,,,,,,,,,,,,,,,,,,,,,,0.0,0.0
8830,368067,,,,,,,,,,,,,,,,,,,,,,,,,,,,,,,,,0.0,0.0
8831,368133,,,,,,,,,,,,,,,,,,,,,,,,,,,,,,,,,0.0,0.0
8832,368167,,,,,,,,,,,,,,,,,,,,,,,,,,,,,,,,,0.0,0.0
8833,368200,,,,,,,,,,,,,,,,,,,,,,,,,,,,,,,,,0.0,0.0
8834,368233,,,,,,,,,,,,,,,,,,,,,,,,,,,,,,,,,0.0,0.0
8835,368267,,,,,,,,,,,,,,,,,,,,,,,,,,,,,,,,,0.0,0.0
8836,368300,,,,,,,,,,,,,,,,,,,,,,,,,,,,,,,,,0.0,0.0
8837,368333,,,,,,,,,,,,,,,,,,,,,,,,,,,,,,,,,0.0,0.0
8838,368367,,,,,,,,,,,,,,,,,,,,,,,,,,,,,,,,,0.0,0.0
8839,368400,,,,,,,,,,,,,,,,,,,,,,,,,,,,,,1,equipment_tool_x_axis,,0.0,0.0
8840,368433,,,,,,,,,,,,,,,,,,,,,,,,,,,,,,1,equipment_tool_x_axis,,0.0,0.0
8841,368500,,,,,,,,,,,,,,,,,,,,,,,,,,,,,,1,equipment_tool_x_axis,,0.0,0.0
8842,368533,,,,,,,,,,,,,,,,,,,,,,,,,,,,,,,,,0.0,0.0
8843,368567,,,,,,,,,,,,,,,,,,,,,,,,,,,,,,,,,0.0,0.0
8844,368600,,,,,,,,,,,,,,,,,,,,,,,,,,,,,,,,,0.0,0.0
8845,368633,,,,,,,,,,,,,,,,,,,,,,,,,,,,,,,,,0.0,0.0
8846,368667,,,,,,,,,,,,,,,,,,,,,,,,,,,,,,,,,0.0,0.0
8847,368700,,,,,,,,,,,,,,,,,,,,,,,,,,,,,,,,,0.0,0.0
8848,368733,,,,,,,,,,,,,,,,,,,,,,,,,,,,,,,,,0.0,0.0
8849,368767,,,,,,,,,,,,,,,,,,,,,,,,,,,,,,,,,0.0,0.0
8850,368800,,,,,,,,,,,,,,,,,,,,,,,,,,,,,,,,,0.0,0.0
8851,368833,,,,,,,,,,,,,,,,,,,,,,,,,,,,,,,,,0.0,0.0
8852,368867,,,,,,,,,,,,,,,,,,,,,,,,,,,,,,,,,0.0,0.0
8853,368900,,,,,,,,,,,,,,,,,,,,,,,,,,,,,,,,,0.0,0.0
8854,368967,,,,,,,,,,,,,,,,,,,,,,,,,,,,,,,,,0.0,0.0
8855,369000,,,,,,,,,,,,,,,,,,,,,,,,,,,,,,,,,0.0,0.0
8856,369033,,,,,,,,,,,,,,,,,,,,,,,,,,,,,,,,,0.0,0.0
8857,369067,,,,,,,,,,,,,,,,,,,,,,,,,,,,,,,,,0.0,0.0
8858,369100,,,,,,,,,,,,,,,,,,,,,,,,,,,,,,,,,0.0,0.0
8859,369133,,,,,,,,,,,,,,,,,,,,,,,,,,,,,,,,,0.0,0.0
8860,369167,,,,,,,,,,,,,,,,,,,,,,,,,,,,,,,,,0.0,0.0
8861,369200,,,,,,,,,,,,,,,,,,,,,,,,,,,,,,,,,0.0,0.0
8862,369267,,,,,,,,,,,,,,,,,,,,,,,,,,,,,,,,,0.0,0.0
8863,369300,,,,,,,,,,,,,,,,,,,,,,,,,,,,,,,,,0.0,0.0
8864,369333,,,,,,,,,,,,,,,,,,,,,,,,,,,,,,Q,general_cancel,,0.0,0.0
8865,369367,,,,,,,,,,,,,,,,,,,,,,,,,,,,,,Q,general_cancel,,0.0,0.0
8866,369400,,,,,,,,,,,,,,,,,,,,,,,,,,,,,,Q,general_cancel,,0.0,0.0
8867,369433,,,,,,,,,,,,,,,,,,,,,,,,,,,,,,Q,general_cancel,,0.0,0.0
8868,369467,,,,,,,,,,,,,,,,,,,,,,,,,,,,,,Q,general_cancel,,0.0,0.0
8869,369500,,,,,,,,,,,,,,,,,,,,,,,,,,,,,,,,,0.0,0.0
8870,369533,,,,,,,,,,,,,,,,,,,,,,,,,,,,,,,,,0.0,0.0
8871,369567,,,,,,,,,,,,,,,,,,,,,,,,,,,,,,,,,0.0,0.0
8872,369600,,,,,,,,,,,,,,,,,,,,,,,,,,,,,,,,,0.0,0.0
8873,369633,,,,,,,,,,,,,,,,,,,,,,,,,,,,,,,,,0.0,0.0
8874,369667,,,,,,,,,,,,,,,,,,,,,,,,,,,,,,,,,0.0,0.0
8875,369700,,,,,,,,,,,,,,,,,,,,,,,,,,,,,,,,,0.0,0.0
8876,369767,,,,,,,,,,,,,,,,,,,,,,,,,,,,,,,,,0.0,0.0
8877,369800,,,,,,,,,,,,,,,,,,,,,,,,,,,,,,,,,0.0,0.0
8878,369833,,,,,,,,,,,,,,,,,,,,,,,,,,,,,,,,,0.0,0.0
8879,369867,,,,,,,,,,,,,,,,,,,,,,,,,,,,,,,,,0.0,0.0
8880,369900,,,,,,,,,,,,,,,,,,,,,,,,,,,,,,,,,0.0,0.0
8881,369933,,,,,,,,,,,,,,,,,,,,,,,,,,,,,,,,,0.0,0.0
8882,369967,,,,,,,,,,,,,,,,,,,,,,,,,,,,,,,,,0.0,0.0
8883,370000,,,,,,,,,,,,,,,,,,,,,,,,,,,,,,,,,0.0,0.0
8884,370067,,,,,,,,,,,,,,,,,,,,,,,,,,,,,,,,,0.0,0.0
8885,370100,,,,,,,,,,,,,,,,,,,,,,,,,,,,,,,,,0.0,0.0
8886,370133,,,,,,,,,,,,,,,,,,,,,,,,,,,,,,,,,0.0,0.0
8887,370167,,,,,,,,,,,,,,,,,,,,,,,,,,,,,,,,,0.0,0.0
8888,370200,,,,,,,,,,,,,,,,,,,,,,,,,,,,,,,,,0.0,0.0
8889,370233,,,,,,,,,,,,,,,,,,,,,,,,,,,,,,,,,0.0,0.0
8890,370267,,,,,,,,,,,,,,,,,,,,,,,,,,,,,,,,,0.0,0.0
8891,370300,,,,,,,,,,,,,,,,,,,,,,,,,,,,,,,,,0.0,0.0
8892,370333,,,,,,,,,,,,,,,,,,,,,,,,,,,,,,,,,0.0,0.0
8893,370367,,,,,,,,,,,,,,,,,,,,,,,,,,,,,,,,,0.0,0.0
8894,370400,,,,,,,,,,,,,,,,,,,,,,,,,,,,,,,,,0.0,0.0
8895,370433,,,,,,,,,,,,,,,,,,,,,,,,,,,,,,,,,0.0,0.0
8896,370467,,,,,,,,,,,,,,,,,,,,,,,,,,,,,,,,,0.0,0.0
8897,370500,,,,,,,,,,,,,,,,,,,,,,,,,,,,,,,,,0.0,0.0
8898,370533,,,,,,,,,,,,,,,,,,,,,,,,,,,,,,,,,0.0,0.0
8899,370600,,,,,,,,,,,,,,,,,,,,,,,,,,,,,,,,,0.0,0.0
8900,370633,,,,,,,,,,,,,,,,,,,,,,,,,,,,,,,,,0.0,0.0
8901,370667,,,,,,,,,,,,,,,,,,,,,,,,,,,,,,,,,0.0,0.0
8902,370700,,,,,,,,,,,,,,,,,,,,,,,,,,,,,,,,,0.0,0.0
8903,370733,,,,,,,,,,,,,,,,,,,,,,,,,,,,,,,,,0.0,0.0
8904,370767,,,,,,,,,,,,,,,,,,,,,,,,,,,,,,,,,0.0,0.0
8905,370800,,,,,,,,,,,,,,,,,,,,,,,,,,,,,,,,,0.0,0.0
8906,370833,,,,,,,,,,,,,,,,,,,,,,,,,,,,,,,,,0.0,0.0
8907,370867,,,,,,,,,,,,,,,,,,,,,,,,,,,,,,,,,0.0,0.0
8908,370900,,,,,,,,,,,,,,,,,,,,,,,,,,,,,,,,,0.0,0.0
8909,370967,,,,,,,,,,,,,,,,,,,,,,,,,,,,,,,movement_look_x_axis|movement_look_y_axis,,-2.0,1.0
8910,371000,,,,,,,,,,,,,,,,,,,,,,,,,,,,,,,movement_look_x_axis|movement_look_y_axis,,-3.0,1.0
8911,371033,,,,,,,,,,,,,,,,,,,,,,,,,,,,,,,movement_look_x_axis,,-6.0,0.0
8912,371067,,,,,,,,,,,,,,,,,,,,,,,,,,,,,,,movement_look_x_axis,,-12.0,0.0
8913,371100,,,,,,,,,,,,,,,,,,,,,,,,,,,,,,,movement_look_x_axis,,-67.0,0.0
8914,371133,,,,,,,,,,,,,,,,,,,,,,,,,,,,,,,,,0.0,0.0
8915,371167,,,,,,,,,,,,,,,,,,,,,,,,,,,,,,,movement_look_x_axis,,-42.0,0.0
8916,371200,,,,,,,,,,,,,,,,,,,,,,,,,,,,,,,movement_look_x_axis|movement_look_y_axis,,-20.0,3.0
8917,371267,,,,,,,,,,,,,,,,,,,,,,,,,,,,,,,,,0.0,0.0
8918,371300,,,,,,,,,,,,,,,,,,,,,,,,,,,,,,,,,0.0,0.0
8919,371333,,,,,,,,,,,,,,,,,,,,,,,,,,,,,,,,,0.0,0.0
8920,371367,,,,,,,,,,,,,,,,,,,,,,,,,,,,,,,,,0.0,0.0
8921,371400,,,,,,,,,,,,,,,,,,,,,,,,,,,,,,,,,0.0,0.0
8922,371433,,,,,,,,,,,,,,,,,,,,,,,,,,,,,,,,,0.0,0.0
8923,371467,,,,,,,,,,,,,,,,,,,,,,,,,,,,,,,,,0.0,0.0
8924,371500,,,,,,,,,,,,,,,,,,,,,,,,,,,,,,,,,0.0,0.0
8925,371567,,,,,,,,,,,,,,,,,,,,,,,,,,,,,,,,,0.0,0.0
8926,371600,,,,,,,,,,,,,,,,,,,,,,,,,,,,,,,,,0.0,0.0
8927,371633,,,,,,,,,,,,,,,,,,,,,,,,,,,,,,,,,0.0,0.0
8928,371667,,,,,,,,,,,,,,,,,,,,,,,,,,,,,,,,,0.0,0.0
8929,371700,,,,,,,,,,,,,,,,,,,,,,,,,,,,,,,,,0.0,0.0
8930,371733,,,,,,,,,,,,,,,,,,,,,,,,,,,,,,,,,0.0,0.0
8931,371767,,,,,,,,,,,,,,,,,,,,,,,,,,,,,,,,,0.0,0.0
8932,371800,,,,,,,,,,,,,,,,,,,,,,,,,,,,,,,,,0.0,0.0
8933,371833,,,,,,,,,,,,,,,,,,,,,,,,,,,,,,,,,0.0,0.0
8934,371867,,,,,,,,,,,,,,,,,,,,,,,,,,,,,,,,,0.0,0.0
8935,371900,,,,,,,,,,,,,,,,,,,,,,,,,,,,,,,,,0.0,0.0
8936,371933,,,,,,,,,,,,,,,,,,,,,,,,,,,,,,,,,0.0,0.0
8937,371967,,,,,,,,,,,,,,,,,,,,,,,,,,,,,,,,,0.0,0.0
8938,372000,,,,,,,,,,,,,,,,,,,,,,,,,,,,,,,,,0.0,0.0
8939,372033,,,,,,,,,,,,,,,,,,,,,,,,,,,,,,,,,0.0,0.0
8940,372100,,,,,,,,,,,,,,,,,,,,,,,,,,,,,,,,,0.0,0.0
8941,372133,,,,,,,,,,,,,,,,,,,,,,,,,,,,,,,,,0.0,0.0
8942,372167,,,,,,,,,,,,,,,,,,,,,,,,,,,,,,,,,0.0,0.0
8943,372200,,,,,,,,,,,,,,,,,,,,,,,,,,,,,,,,,0.0,0.0
8944,372233,,,,,,,,,,,,,,,,,,,,,,,,,,,,,,,,,0.0,0.0
8945,372267,,,,,,,,,,,,,,,,,,,,,,,,,,,,,,,,,0.0,0.0
8946,372300,,,,,,,,,,,,,,,,,,,,,,,,,,,,,,,,,0.0,0.0
8947,372333,,,,,,,,,,,,,,,,,,,,,,,,,,,,,,,,,0.0,0.0
8948,372367,,,,,,,,,,,,,,,,,,,,,,,,,,,,,,,,,0.0,0.0
8949,372400,,,,,,,,,,,,,,,,,,,,,,,,,,,,,,,,,0.0,0.0
8950,372433,,,,,,,,,,,,,,,,,,,,,,,,,,,,,,,,,0.0,0.0
8951,372467,,,,,,,,,,,,,,,,,,,,,,,,,,,,,,,,,0.0,0.0
8952,372500,,,,,,,,,,,,,,,,,,,,,,,,,,,,,,,,,0.0,0.0
8953,372567,,,,,,,,,,,,,,,,,,,,,,,,,,,,,,,,,0.0,0.0
8954,372600,,,,,,,,,,,,,,,,,,,,,,,,,,,,,,,,,0.0,0.0
8955,372633,,,,,,,,,,,,,,,,,,,,,,,,,,,,,,,,,0.0,0.0
8956,372667,,,,,,,,,,,,,,,,,,,,,,,,,,,,,,,,,0.0,0.0
8957,372700,,,,,,,,,,,,,,,,,,,,,,,,,,,,,,,,,0.0,0.0
8958,372733,,,,,,,,,,,,,,,,,,,,,,,,,,,,,,,,,0.0,0.0
8959,372767,,,,,,,,,,,,,,,,,,,,,,,,,,,,,,,,,0.0,0.0
8960,372800,,,,,,,,,,,,,,,,,,,,,,,,,,,,,,,movement_look_x_axis,,1.0,0.0
8961,372833,,,,,,,,,,,,,,,,,,,,,,,,,,,,,,,movement_look_x_axis|movement_look_y_axis,,17.0,-3.0
8962,372867,,,,,,,,,,,,,,,,,,,,,,,,,,,,,,,movement_look_x_axis|movement_look_y_axis,,34.0,-6.0
8963,372900,,,,,,,,,,,,,,,,,,,,,,,,,,,,,,,movement_look_x_axis|movement_look_y_axis,,35.0,-1.0
8964,372933,,,,,,,,,,,,,,,,,,,,,,,,,,,,,,,movement_look_x_axis,,15.0,0.0
8965,373000,,,,,,,,,,,,,,,,,,,,,,,,,,,,,,,movement_look_x_axis,,7.0,0.0
8966,373033,,,,,,,,,,,,,,,,,,,,,,,,,,,,,,,movement_look_x_axis,,3.0,0.0
8967,373067,,,,,,,,,,,,,,,,,,,,,,,,,,,,,,,,,0.0,0.0
8968,373100,,,,,,,,,,,,,,,,,,,,,,,,,,,,,,,movement_look_x_axis,,1.0,0.0
8969,373133,,,,,,,,,,,,,,,,,,,,,,,,,,,,,,,,,0.0,0.0
8970,373167,,,,,,,,,,,,,,,,,,,,,,,,,,,,,,,,,0.0,0.0
8971,373200,,,,,,,,,,,,,,,,,,,,,,,,,,,,,,,,,0.0,0.0
8972,373233,,,,,,,,,,,,,,,,,,,,,,,,,,,,,,,,,0.0,0.0
8973,373267,,,,,,,,,,,,,,,,,,,,,,,,,,,,,,,,,0.0,0.0
8974,373300,,,,,,,,,,,,,,,,,,,,,,,,,,,,,,,,,0.0,0.0
8975,373367,,,,,,,,,,,,,,,,,,,,,,,,,,,,,,,,,0.0,0.0
8976,373400,,,,,,,,,,,,,,,,,,,,,,,,,,,,,,,,,0.0,0.0
8977,373433,,,,,,,,,,,,,,,,,,,,,,,,,,,,,,,,,0.0,0.0
8978,373467,,,,,,,,,,,,,,,,,,,,,,,,,,,,,,,,,0.0,0.0
8979,373500,,,,,,,,,,,,,,,,,,,,,,,,,,,,,,,,,0.0,0.0
8980,373533,,,,,,,,,,,,,,,,,,,,,,,,,,,,,,,,,0.0,0.0
8981,373567,,,,,,,,,,,,,,,,,,,,,,,,,,,,,,,,,0.0,0.0
8982,373600,,,,,,,,,,,,,,,,,,,,,,,,,,,,,,,,,0.0,0.0
8983,373633,,,,,,,,,,,,,,,,,,,,,,,,,,,,,,,,,0.0,0.0
8984,373667,,,,,,,,,,,,,,,,,,,,,,,,,,,,,,,,,0.0,0.0
8985,373700,,,,,,,,,,,,,,,,,,,,,,,,,,,,,,,,,0.0,0.0
8986,373767,,,,,,,,,,,,,,,,,,,,,,,,,,,,,,,,,0.0,0.0
8987,373800,,,,,,,,,,,,,,,,,,,,,,,,,,,,,,,,,0.0,0.0
8988,373833,,,,,,,,,,,,,,,,,,,,,,,,,,,,,,,,,0.0,0.0
8989,373867,,,,,,,,,,,,,,,,,,,,,,,,,,,,,,,,,0.0,0.0
8990,373900,,,,,,,,,,,,,,,,,,,,,,,,,,,,,,,,,0.0,0.0
8991,373933,,,,,,,,,,,,,,,,,,,,,,,,,,,,,,,,,0.0,0.0
8992,373967,,,,,,,,,,,,,,,,,,,,,,,,,,,,,,,,,0.0,0.0
8993,374000,,,,,,,,,,,,,,,,,,,,,,,,,,,,,,,,,0.0,0.0
8994,374033,,,,,,,,,,,,,,,,,,,,,,,,,,,,,,,,,0.0,0.0
8995,374067,,,,,,,,,,,,,,,,,,,,,,,,,,,,,,,,,0.0,0.0
8996,374100,,,,,,,,,,,,,,,,,,,,,,,,,,,,,,,,,0.0,0.0
8997,374133,,,,,,,,,,,,,,,,,,,,,,,,,,,,,,,,,0.0,0.0
8998,374200,,,,,,,,,,,,,,,,,,,,,,,,,,,,,,,,,0.0,0.0
8999,374233,,,,,,,,,,,,,,,,,,,,,,,,,,,,,,,,,0.0,0.0
9000,374267,,,,,,,,,,,,,,,,,,,,,,,,,,,,,,,,,0.0,0.0
9001,374300,,,,,,,,,,,,,,,,,,,,,,,,,,,,,,,,,0.0,0.0
9002,374333,,,,,,,,,,,,,,,,,,,,,,,,,,,,,,,,,0.0,0.0
9003,374367,,,,,,,,,,,,,,,,,,,,,,,,,,,,,,,,,0.0,0.0
9004,374400,,,,,,,,,,,,,,,,,,,,,,,,,,,,,,,,,0.0,0.0
9005,374433,,,,,,,,,,,,,,,,,,,,,,,,,,,,,,,,,0.0,0.0
9006,374467,,,,,,,,,,,,,,,,,,,,,,,,,,,,,,,,,0.0,0.0
9007,374500,,,,,,,,,,,,,,,,,,,,,,,,,,,,,,,,,0.0,0.0
9008,374533,,,,,,,,,,,,,,,,,,,,,,,,,,,,,,,,,0.0,0.0
9009,374567,,,,,,,,,,,,,,,,,,,,,,,,,,,,,,,,,0.0,0.0
9010,374633,,,,,,,,,,,,,,,,,,,,,,,,,,,,,,,,,0.0,0.0
9011,374667,,,,,,,,,,,,,,,,,,,,,,,,,,,,,,,,,0.0,0.0
9012,374700,,,,,,,,,,,,,,,,,,,,,,,,,,,,,,,,,0.0,0.0
9013,374733,,,,,,,,,,,,,,,,,,,,,,,,,,,,,,,,,0.0,0.0
9014,374767,,,,,,,,,,,,,,,,,,,,,,,,,,,,,,,,,0.0,0.0
9015,374800,,,,,,,,,,,,,,,,,,,,,,,,,,,,,,D,movement_move_x_axis,,0.0,0.0
9016,374833,,,,,,,,,,,,,,,,,,,,,,,,,,,,,,D,movement_move_x_axis,,0.0,0.0
9017,374867,,,,,,,,,,,,,,,,,,,,,,,,,,,,,,D,movement_move_x_axis,,0.0,0.0
9018,374933,,,,,,,,,,,,,,,,,,,,,,,,,,,,,,D,movement_move_x_axis,,0.0,0.0
9019,374967,,,,,,,,,,,,,,,,,,,,,,,,,,,,,,D,movement_move_x_axis,,0.0,0.0
9020,375000,,,,,,,,,,,,,,,,,,,,,,,,,,,,,,D,movement_move_x_axis,,0.0,0.0
9021,375033,,,,,,,,,,,,,,,,,,,,,,,,,,,,,,D,movement_move_x_axis,,0.0,0.0
9022,375067,,,,,,,,,,,,,,,,,,,,,,,,,,,,,,D,movement_move_x_axis,,0.0,0.0
9023,375100,,,,,,,,,,,,,,,,,,,,,,,,,,,,,,D,movement_move_x_axis,,0.0,0.0
9024,375133,,,,,,,,,,,,,,,,,,,,,,,,,,,,,,D,movement_move_x_axis,,0.0,0.0
9025,375167,,,,,,,,,,,,,,,,,,,,,,,,,,,,,,D,movement_move_x_axis,,0.0,0.0
9026,375200,,,,,,,,,,,,,,,,,,,,,,,,,,,,,,,,,0.0,0.0
9027,375267,,,,,,,,,,,,,,,,,,,,,,,,,,,,,,,,,0.0,0.0
9028,375300,,,,,,,,,,,,,,,,,,,,,,,,,,,,,,,,,0.0,0.0
9029,375333,,,,,,,,,,,,,,,,,,,,,,,,,,,,,,,,,0.0,0.0
9030,375400,,,,,,,,,,,,,,,,,,,,,,,,,,,,,,,,,0.0,0.0
9031,375433,,,,,,,,,,,,,,,,,,,,,,,,,,,,,,,,,0.0,0.0
9032,375467,,,,,,,,,,,,,,,,,,,,,,,,,,,,,,,,,0.0,0.0
9033,375500,,,,,,,,,,,,,,,,,,,,,,,,,,,,,,,,,0.0,0.0
9034,375533,,,,,,,,,,,,,,,,,,,,,,,,,,,,,,,,,0.0,0.0
9035,375567,,,,,,,,,,,,,,,,,,,,,,,,,,,,,,E,general_primary_interact,,0.0,0.0
9036,375600,,,,,,,,,,,,,,,,,,,,,,,,,,,,,,E,general_primary_interact,,0.0,0.0
9037,375633,,,,,,,,,,,,,,,,,,,,,,,,,,,,,,E,general_primary_interact,,0.0,0.0
9038,375667,,,,,,,,,,,,,,,,,,,,,,,,,,,,,,E,general_primary_interact|movement_look_x_axis|movement_look_y_axis,,87.0,6.0
9039,375733,,,,,,,,,,,,,,,,,,,,,,,,,,,,,,,movement_look_x_axis|movement_look_y_axis,,145.0,6.0
9040,375767,,,,,,,,,,,,,,,,,,,,,,,,,,,,,,,movement_look_x_axis,,171.0,0.0
9041,375800,,,,,,,,,,,,,,,,,,,,,,,,,,,,,,,movement_look_x_axis,,148.0,0.0
9042,375833,,,,,,,,,,,,,,,,,,,,,,,,,,,,,,E,general_primary_interact|movement_look_x_axis|movement_look_y_axis,,127.0,6.0
9043,375867,,,,,,,,,,,,,,,,,,,,,,,,,,,,,,E,general_primary_interact|movement_look_x_axis|movement_look_y_axis,,161.0,27.0
9044,375900,,,,,,,,,,,,,,,,,,,,,,,,,,,,,,E,general_primary_interact,,0.0,0.0
9045,375933,,,,,,,,,,,,,,,,,,,,,,,,,,,,,,E,general_primary_interact|movement_look_x_axis|movement_look_y_axis,,45.0,1.0
9046,375967,,,,,,,,,,,,,,,,,,,,,,,,,,,,,,E,general_primary_interact|movement_look_x_axis,,22.0,0.0
9047,376000,,,,,,,,,,,,,,,,,,,,,,,,,,,,,,E,general_primary_interact|movement_look_x_axis,,2.0,0.0
9048,376033,,,,,,,,,,,,,,,,,,,,,,,,,,,,,,,,,0.0,0.0
9049,376067,,,,,,,,,,,,,,,,,,,,,,,,,,,,,,,,,0.0,0.0
9050,376100,,,,,,,,,,,,,,,,,,,,,,,,,,,,,,,movement_look_x_axis|movement_look_y_axis,,10.0,-2.0
9051,376133,,,,,,,,,,,,,,,,,,,,,,,,,,,,,,,movement_look_x_axis|movement_look_y_axis,,65.0,-11.0
9052,376200,,,,,,,,,,,,,,,,,,,,,,,,,,,,,,,movement_look_x_axis|movement_look_y_axis,,58.0,-2.0
9053,376233,,,,,,,,,,,,,,,,,,,,,,,,,,,,,,,movement_look_x_axis,,65.0,0.0
9054,376267,,,,,,,,,,,,,,,,,,,,,,,,,,,,,,,movement_look_x_axis,,80.0,0.0
9055,376300,,,,,,,,,,,,,,,,,,,,,,,,,,,,,,,movement_look_x_axis,,94.0,0.0
9056,376333,,,,,,,,,,,,,,,,,,,,,,,,,,,,,,,movement_look_x_axis|movement_look_y_axis,,21.0,-10.0
9057,376367,,,,,,,,,,,,,,,,,,,,,,,,,,,,,,,,,0.0,0.0
9058,376400,,,,,,,,,,,,,,,,,,,,,,,,,,,,,,,movement_look_x_axis|movement_look_y_axis,,-4.0,-2.0
9059,376433,,,,,,,,,,,,,,,,,,,,,,,,,,,,,,,,,0.0,0.0
9060,376467,,,,,,,,,,,,,,,,,,,,,,,,,,,,,,,,,0.0,0.0
9061,376500,,,,,,,,,,,,,,,,,,,,,,,,,,,,,,,,,0.0,0.0
9062,376533,,,,,,,,,,,,,,,,,,,,,,,,,,,,,,,,,0.0,0.0
9063,376567,,,,,,,,,,,,,,,,,,,,,,,,,,,,,,,,,0.0,0.0
9064,376600,,,,,,,,,,,,,,,,,,,,,,,,,,,,,,,,,0.0,0.0
9065,376633,,,,,,,,,,,,,,,,,,,,,,,,,,,,,,,movement_look_x_axis|movement_look_y_axis,,2.0,-1.0
9066,376667,,,,,,,,,,,,,,,,,,,,,,,,,,,,,,,movement_look_x_axis|movement_look_y_axis,,3.0,2.0
9067,376700,,,,,,,,,,,,,,,,,,,,,,,,,,,,,,,,,0.0,0.0
9068,376733,,,,,,,,,,,,,,,,,,,,,,,,,,,,,,,,,0.0,0.0
9069,376767,,,,,,,,,,,,,,,,,,,,,,,,,,,,,,S,movement_move_y_axis,,0.0,0.0
9070,376833,,,,,,,,,,,,,,,,,,,,,,,,,,,,,,S,movement_move_y_axis,,0.0,0.0
9071,376867,,,,,,,,,,,,,,,,,,,,,,,,,,,,,,S,movement_move_y_axis,,0.0,0.0
9072,376900,,,,,,,,,,,,,,,,,,,,,,,,,,,,,,S,movement_move_y_axis,,0.0,0.0
9073,376933,,,,,,,,,,,,,,,,,,,,,,,,,,,,,,S,movement_move_y_axis,,0.0,0.0
9074,376967,,,,,,,,,,,,,,,,,,,,,,,,,,,,,,S,movement_move_y_axis,,0.0,0.0
9075,377000,,,,,,,,,,,,,,,,,,,,,,,,,,,,,,S,movement_move_y_axis,,0.0,0.0
9076,377033,,,,,,,,,,,,,,,,,,,,,,,,,,,,,,S,movement_move_y_axis,,0.0,0.0
9077,377067,,,,,,,,,,,,,,,,,,,,,,,,,,,,,,S,movement_move_y_axis,,0.0,0.0
9078,377133,,,,,,,,,,,,,,,,,,,,,,,,,,,,,,S,movement_move_y_axis,,0.0,0.0
9079,377167,,,,,,,,,,,,,,,,,,,,,,,,,,,,,,S,movement_move_y_axis,,0.0,0.0
9080,377200,,,,,,,,,,,,,,,,,,,,,,,,,,,,,,S,movement_move_y_axis,,0.0,0.0
9081,377233,,,,,,,,,,,,,,,,,,,,,,,,,,,,,,,,,0.0,0.0
9082,377267,,,,,,,,,,,,,,,,,,,,,,,,,,,,,,,,,0.0,0.0
9083,377300,,,,,,,,,,,,,,,,,,,,,,,,,,,,,,,,,0.0,0.0
9084,377333,,,,,,,,,,,,,,,,,,,,,,,,,,,,,,,,,0.0,0.0
9085,377367,,,,,,,,,,,,,,,,,,,,,,,,,,,,,,,,,0.0,0.0
9086,377400,,,,,,,,,,,,,,,,,,,,,,,,,,,,,,,,,0.0,0.0
9087,377433,,,,,,,,,,,,,,,,,,,,,,,,,,,,,,S,movement_move_y_axis,,0.0,0.0
9088,377467,,,,,,,,,,,,,,,,,,,,,,,,,,,,,,S,movement_move_y_axis,,0.0,0.0
9089,377500,,,,,,,,,,,,,,,,,,,,,,,,,,,,,,S,movement_move_y_axis,,0.0,0.0
9090,377533,,,,,,,,,,,,,,,,,,,,,,,,,,,,,,S,movement_move_y_axis,,0.0,0.0
9091,377600,,,,,,,,,,,,,,,,,,,,,,,,,,,,,,S,movement_move_y_axis,,0.0,0.0
9092,377633,,,,,,,,,,,,,,,,,,,,,,,,,,,,,,S,movement_move_y_axis,,0.0,0.0
9093,377667,,,,,,,,,,,,,,,,,,,,,,,,,,,,,,S,movement_move_y_axis,,0.0,0.0
9094,377700,,,,,,,,,,,,,,,,,,,,,,,,,,,,,,,,,0.0,0.0
9095,377733,,,,,,,,,,,,,,,,,,,,,,,,,,,,,,,,,0.0,0.0
9096,377767,,,,,,,,,,,,,,,,,,,,,,,,,,,,,,,,,0.0,0.0
9097,377800,,,,,,,,,,,,,,,,,,,,,,,,,,,,,,,movement_look_x_axis|movement_look_y_axis,,1.0,-1.0
9098,377833,,,,,,,,,,,,,,,,,,,,,,,,,,,,,,,movement_look_y_axis,,0.0,-1.0
9099,377867,,,,,,,,,,,,,,,,,,,,,,,,,,,,,,,movement_look_y_axis,,0.0,-3.0
9100,377900,,,,,,,,,,,,,,,,,,,,,,,,,,,,,,,movement_look_y_axis,,0.0,-4.0
9101,377933,,,,,,,,,,,,,,,,,,,,,,,,,,,,,,,,,0.0,0.0
9102,377967,,,,,,,,,,,,,,,,,,,,,,,,,,,,,,,,,0.0,0.0
9103,378000,,,,,,,,,,,,,,,,,,,,,,,,,,,,,,,,,0.0,0.0
9104,378067,,,,,,,,,,,,,,,,,,,,,,,,,,,,,,,,,0.0,0.0
9105,378100,,,,,,,,,,,,,,,,,,,,,,,,,,,,,,,,,0.0,0.0
9106,378133,,,,,,,,,,,,,,,,,,,,,,,,,,,,,,,,,0.0,0.0
9107,378167,,,,,,,,,,,,,,,,,,,,,,,,,,,,,,,,,0.0,0.0
9108,378200,,,,,,,,,,,,,,,,,,,,,,,,,,,,,,,,,0.0,0.0
9109,378233,,,,,,,,,,,,,,,,,,,,,,,,,,,,,,,,,0.0,0.0
9110,378267,,,,,,,,,,,,,,,,,,,,,,,,,,,,,,,,,0.0,0.0
9111,378333,,,,,,,,,,,,,,,,,,,,,,,,,,,,,,,,,0.0,0.0
9112,378367,,,,,,,,,,,,,,,,,,,,,,,,,,,,,,,,,0.0,0.0
9113,378400,,,,,,,,,,,,,,,,,,,,,,,,,,,,,,,,,0.0,0.0
9114,378433,,,,,,,,,,,,,,,,,,,,,,,,,,,,,,,,,0.0,0.0
9115,378467,,,,,,,,,,,,,,,,,,,,,,,,,,,,,,,,,0.0,0.0
9116,378500,,,,,,,,,,,,,,,,,,,,,,,,,,,,,,,,,0.0,0.0
9117,378567,,,,,,,,,,,,,,,,,,,,,,,,,,,,,,,,,0.0,0.0
9118,378600,,,,,,,,,,,,,,,,,,,,,,,,,,,,,,,,,0.0,0.0
9119,378633,,,,,,,,,,,,,,,,,,,,,,,,,,,,,,,,,0.0,0.0
9120,378700,,,,,,,,,,,,,,,,,,,,,,,,,,,,,,,,,0.0,0.0
9121,378733,,,,,,,,,,,,,,,,,,,,,,,,,,,,,,,,,0.0,0.0
9122,378767,,,,,,,,,,,,,,,,,,,,,,,,,,,,,,,,,0.0,0.0
9123,378800,,,,,,,,,,,,,,,,,,,,,,,,,,,,,,,,,0.0,0.0
9124,378833,,,,,,,,,,,,,,,,,,,,,,,,,,,,,,,,,0.0,0.0
9125,378867,,,,,,,,,,,,,,,,,,,,,,,,,,,,,,,,,0.0,0.0
9126,378900,,,,,,,,,,,,,,,,,,,,,,,,,,,,,,,,,0.0,0.0
9127,378933,,,,,,,,,,,,,,,,,,,,,,,,,,,,,,,,,0.0,0.0
9128,379000,,,,,,,,,,,,,,,,,,,,,,,,,,,,,,,,,0.0,0.0
9129,379033,,,,,,,,,,,,,,,,,,,,,,,,,,,,,,,,,0.0,0.0
9130,379067,,,,,,,,,,,,,,,,,,,,,,,,,,,,,,,,,0.0,0.0
9131,379100,,,,,,,,,,,,,,,,,,,,,,,,,,,,,,,,,0.0,0.0
9132,379133,,,,,,,,,,,,,,,,,,,,,,,,,,,,,,,,,0.0,0.0
9133,379167,,,,,,,,,,,,,,,,,,,,,,,,,,,,,,,,,0.0,0.0
9134,379200,,,,,,,,,,,,,,,,,,,,,,,,,,,,,,,,,0.0,0.0
9135,379233,,,,,,,,,,,,,,,,,,,,,,,,,,,,,,,,,0.0,0.0
9136,379267,,,,,,,,,,,,,,,,,,,,,,,,,,,,,,,,,0.0,0.0
9137,379300,,,,,,,,,,,,,,,,,,,,,,,,,,,,,,,,,0.0,0.0
9138,379367,,,,,,,,,,,,,,,,,,,,,,,,,,,,,,,,,0.0,0.0
9139,379400,,,,,,,,,,,,,,,,,,,,,,,,,,,,,,,,,0.0,0.0
9140,379433,,,,,,,,,,,,,,,,,,,,,,,,,,,,,,,,,0.0,0.0
9141,379467,,,,,,,,,,,,,,,,,,,,,,,,,,,,,,,,,0.0,0.0
9142,379500,,,,,,,,,,,,,,,,,,,,,,,,,,,,,,,,,0.0,0.0
9143,379533,,,,,,,,,,,,,,,,,,,,,,,,,,,,,,,,,0.0,0.0
9144,379567,,,,,,,,,,,,,,,,,,,,,,,,,,,,,,,movement_look_y_axis,,0.0,-1.0
9145,379600,,,,,,,,,,,,,,,,,,,,,,,,,,,,,,,movement_look_y_axis,,0.0,-2.0
9146,379633,,,,,,,,,,,,,,,,,,,,,,,,,,,,,,,,,0.0,0.0
9147,379667,,,,,,,,,,,,,,,,,,,,,,,,,,,,,,,,,0.0,0.0
9148,379700,,,,,,,,,,,,,,,,,,,,,,,,,,,,,,,,,0.0,0.0
9149,379733,,,,,,,,,,,,,,,,,,,,,,,,,,,,,,,,,0.0,0.0
9150,379767,,,,,,,,,,,,,,,,,,,,,,,,,,,,,,,,,0.0,0.0
9151,379800,,,,,,,,,,,,,,,,,,,,,,,,,,,,,,,,,0.0,0.0
9152,379833,,,,,,,,,,,,,,,,,,,,,,,,,,,,,,,,,0.0,0.0
9153,379867,,,,,,,,,,,,,,,,,,,,,,,,,,,,,,,,,0.0,0.0
9154,379900,,,,,,,,,,,,,,,,,,,,,,,,,,,,,,Q,general_cancel,,0.0,0.0
9155,379933,,,,,,,,,,,,,,,,,,,,,,,,,,,,,,Q,general_cancel,,0.0,0.0
9156,379967,,,,,,,,,,,,,,,,,,,,,,,,,,,,,,Q,general_cancel,,0.0,0.0
9157,380000,,,,,,,,,,,,,,,,,,,,,,,,,,,,,,Q,general_cancel,,0.0,0.0
9158,380067,,,,,,,,,,,,,,,,,,,,,,,,,,,,,,Q,general_cancel,,0.0,0.0
9159,380100,,,,,,,,,,,,,,,,,,,,,,,,,,,,,,,,,0.0,0.0
9160,380133,,,,,,,,,,,,,,,,,,,,,,,,,,,,,,,,,0.0,0.0
9161,380167,,,,,,,,,,,,,,,,,,,,,,,,,,,,,,,,,0.0,0.0
9162,380200,,,,,,,,,,,,,,,,,,,,,,,,,,,,,,,,,0.0,0.0
9163,380233,,,,,,,,,,,,,,,,,,,,,,,,,,,,,,,,,0.0,0.0
9164,380267,,,,,,,,,,,,,,,,,,,,,,,,,,,,,,,,,0.0,0.0
9165,380300,,,,,,,,,,,,,,,,,,,,,,,,,,,,,,,,,0.0,0.0
9166,380333,,,,,,,,,,,,,,,,,,,,,,,,,,,,,,,,,0.0,0.0
9167,380367,,,,,,,,,,,,,,,,,,,,,,,,,,,,,,,,,0.0,0.0
9168,380400,,,,,,,,,,,,,,,,,,,,,,,,,,,,,,,movement_look_x_axis|movement_look_y_axis,,17.0,-6.0
9169,380433,,,,,,,,,,,,,,,,,,,,,,,,,,,,,,,movement_look_x_axis|movement_look_y_axis,,65.0,-7.0
9170,380467,,,,,,,,,,,,,,,,,,,,,,,,,,,,,,,movement_look_x_axis,,87.0,0.0
9171,380500,,,,,,,,,,,,,,,,,,,,,,,,,,,,,,,movement_look_x_axis|movement_look_y_axis,,156.0,11.0
9172,380533,,,,,,,,,,,,,,,,,,,,,,,,,,,,,,,movement_look_x_axis|movement_look_y_axis,,141.0,11.0
9173,380567,,,,,,,,,,,,,,,,,,,,,,,,,,,,,,,movement_look_x_axis|movement_look_y_axis,,99.0,11.0
9174,380600,,,,,,,,,,,,,,,,,,,,,,,,,,,,,,,movement_look_x_axis|movement_look_y_axis,,79.0,16.0
9175,380633,,,,,,,,,,,,,,,,,,,,,,,,,,,,,,,movement_look_x_axis|movement_look_y_axis,,70.0,10.0
9176,380667,,,,,,,,,,,,,,,,,,,,,,,,,,,,,,,movement_look_x_axis|movement_look_y_axis,,38.0,1.0
9177,380700,,,,,,,,,,,,,,,,,,,,,,,,,,,,,,,movement_look_x_axis,,5.0,0.0
9178,380733,,,,,,,,,,,,,,,,,,,,,,,,,,,,,,,movement_look_x_axis|movement_look_y_axis,,4.0,1.0
9179,380767,,,,,,,,,,,,,,,,,,,,,,,,,,,,,,,movement_look_x_axis|movement_look_y_axis,,22.0,6.0
9180,380800,,,,,,,,,,,,,,,,,,,,,,,,,,,,,,,movement_look_x_axis|movement_look_y_axis,,24.0,2.0
9181,380833,,,,,,,,,,,,,,,,,,,,,,,,,,,,,,,movement_look_x_axis|movement_look_y_axis,,34.0,6.0
9182,380867,,,,,,,,,,,,,,,,,,,,,,,,,,,,,,,movement_look_x_axis|movement_look_y_axis,,28.0,5.0
9183,380900,,,,,,,,,,,,,,,,,,,,,,,,,,,,,,,movement_look_x_axis|movement_look_y_axis,,5.0,-9.0
9184,380933,,,,,,,,,,,,,,,,,,,,,,,,,,,,,,,movement_look_y_axis,,0.0,-2.0
9185,380967,,,,,,,,,,,,,,,,,,,,,,,,,,,,,,,,,0.0,0.0
9186,381000,,,,,,,,,,,,,,,,,,,,,,,,,,,,,,,,,0.0,0.0
9187,381033,,,,,,,,,,,,,,,,,,,,,,,,,,,,,,,,,0.0,0.0
9188,381067,,,,,,,,,,,,,,,,,,,,,,,,,,,,,,W,movement_move_y_axis,,0.0,0.0
9189,381100,,,,,,,,,,,,,,,,,,,,,,,,,,,,,,W,movement_move_y_axis,,0.0,0.0
9190,381167,,,,,,,,,,,,,,,,,,,,,,,,,,,,,,W,movement_move_y_axis,,0.0,0.0
9191,381200,,,,,,,,,,,,,,,,,,,,,,,,,,,,,,W,movement_move_y_axis|movement_look_x_axis|movement_look_y_axis,,3.0,-1.0
9192,381233,,,,,,,,,,,,,,,,,,,,,,,,,,,,,,W,movement_move_y_axis|movement_look_x_axis|movement_look_y_axis,,22.0,-9.0
9193,381267,,,,,,,,,,,,,,,,,,,,,,,,,,,,,,W,movement_move_y_axis|movement_look_x_axis|movement_look_y_axis,,51.0,-9.0
9194,381300,,,,,,,,,,,,,,,,,,,,,,,,,,,,,,W,movement_move_y_axis|movement_look_x_axis,,168.0,0.0
9195,381333,,,,,,,,,,,,,,,,,,,,,,,,,,,,,,W,movement_move_y_axis,,0.0,0.0
9196,381367,,,,,,,,,,,,,,,,,,,,,,,,,,,,,,W,movement_move_y_axis|movement_look_x_axis,,70.0,0.0
9197,381400,,,,,,,,,,,,,,,,,,,,,,,,,,,,,,W,movement_move_y_axis|movement_look_x_axis,,60.0,0.0
9198,381433,,,,,,,,,,,,,,,,,,,,,,,,,,,,,,W,movement_move_y_axis|movement_look_x_axis|movement_look_y_axis,,34.0,7.0
9199,381467,,,,,,,,,,,,,,,,,,,,,,,,,,,,,,W,movement_move_y_axis|movement_look_x_axis|movement_look_y_axis,,23.0,8.0
9200,381500,,,,,,,,,,,,,,,,,,,,,,,,,,,,,,W,movement_move_y_axis|movement_look_x_axis|movement_look_y_axis,,28.0,8.0
9201,381533,,,,,,,,,,,,,,,,,,,,,,,,,,,,,,W,movement_move_y_axis|movement_look_x_axis|movement_look_y_axis,,77.0,8.0
9202,381600,,,,,,,,,,,,,,,,,,,,,,,,,,,,,,W,movement_move_y_axis|movement_look_x_axis,,47.0,0.0
9203,381633,,,,,,,,,,,,,,,,,,,,,,,,,,,,,,W,movement_move_y_axis|movement_look_x_axis,,40.0,0.0
9204,381667,,,,,,,,,,,,,,,,,,,,,,,,,,,,,,W,movement_move_y_axis|movement_look_x_axis,,25.0,0.0
9205,381700,,,,,,,,,,,,,,,,,,,,,,,,,,,,,,W,movement_move_y_axis|movement_look_x_axis,,6.0,0.0
9206,381733,,,,,,,,,,,,,,,,,,,,,,,,,,,,,,W,movement_move_y_axis,,0.0,0.0
9207,381767,,,,,,,,,,,,,,,,,,,,,,,,,,,,,,W,movement_move_y_axis,,0.0,0.0
9208,381800,,,,,,,,,,,,,,,,,,,,,,,,,,,,,,W,movement_move_y_axis,,0.0,0.0
9209,381833,,,,,,,,,,,,,,,,,,,,,,,,,,,,,,W,movement_move_y_axis,,0.0,0.0
9210,381867,,,,,,,,,,,,,,,,,,,,,,,,,,,,,,W,movement_move_y_axis|movement_look_x_axis,,1.0,0.0
9211,381900,,,,,,,,,,,,,,,,,,,,,,,,,,,,,,W,movement_move_y_axis,,0.0,0.0
9212,381933,,,,,,,,,,,,,,,,,,,,,,,,,,,,,,W,movement_move_y_axis,,0.0,0.0
9213,382000,,,,,,,,,,,,,,,,,,,,,,,,,,,,,,W,movement_move_y_axis|movement_look_x_axis|movement_look_y_axis,,1.0,-1.0
9214,382033,,,,,,,,,,,,,,,,,,,,,,,,,,,,,,W,movement_move_y_axis|movement_look_x_axis|movement_look_y_axis,,-1.0,-1.0
9215,382067,,,,,,,,,,,,,,,,,,,,,,,,,,,,,,W,movement_move_y_axis|movement_look_x_axis|movement_look_y_axis,,-1.0,-2.0
9216,382100,,,,,,,,,,,,,,,,,,,,,,,,,,,,,,W,movement_move_y_axis,,0.0,0.0
9217,382133,,,,,,,,,,,,,,,,,,,,,,,,,,,,,,W,movement_move_y_axis,,0.0,0.0
9218,382167,,,,,,,,,,,,,,,,,,,,,,,,,,,,,,W,movement_move_y_axis,,0.0,0.0
9219,382200,,,,,,,,,,,,,,,,,,,,,,,,,,,,,,W,movement_move_y_axis,,0.0,0.0
9220,382233,,,,,,,,,,,,,,,,,,,,,,,,,,,,,,W,movement_move_y_axis,,0.0,0.0
9221,382267,,,,,,,,,,,,,,,,,,,,,,,,,,,,,,W,movement_move_y_axis,,0.0,0.0
9222,382300,,,,,,,,,,,,,,,,,,,,,,,,,,,,,,W,movement_move_y_axis,,0.0,0.0
9223,382367,,,,,,,,,,,,,,,,,,,,,,,,,,,,,,W,movement_move_y_axis|movement_look_x_axis|movement_look_y_axis,,-3.0,-2.0
9224,382400,,,,,,,,,,,,,,,,,,,,,,,,,,,,,,W,movement_move_y_axis|movement_look_x_axis|movement_look_y_axis,,-11.0,-6.0
9225,382467,,,,,,,,,,,,,,,,,,,,,,,,,,,,,,W,movement_move_y_axis|movement_look_x_axis|movement_look_y_axis,,-5.0,-1.0
9226,382500,,,,,,,,,,,,,,,,,,,,,,,,,,,,,,W,movement_move_y_axis|movement_look_x_axis|movement_look_y_axis,,-1.0,-1.0
9227,382533,,,,,,,,,,,,,,,,,,,,,,,,,,,,,,W,movement_move_y_axis,,0.0,0.0
9228,382567,,,,,,,,,,,,,,,,,,,,,,,,,,,,,,W,movement_move_y_axis,,0.0,0.0
9229,382600,,,,,,,,,,,,,,,,,,,,,,,,,,,,,,W,movement_move_y_axis,,0.0,0.0
9230,382633,,,,,,,,,,,,,,,,,,,,,,,,,,,,,,W,movement_move_y_axis,,0.0,0.0
9231,382667,,,,,,,,,,,,,,,,,,,,,,,,,,,,,,W,movement_move_y_axis,,0.0,0.0
9232,382700,,,,,,,,,,,,,,,,,,,,,,,,,,,,,,W,movement_move_y_axis|movement_look_x_axis|movement_look_y_axis,,-20.0,-5.0
9233,382767,,,,,,,,,,,,,,,,,,,,,,,,,,,,,,W,movement_move_y_axis|movement_look_x_axis|movement_look_y_axis,,-13.0,-2.0
9234,382800,,,,,,,,,,,,,,,,,,,,,,,,,,,,,,W,movement_move_y_axis|movement_look_x_axis,,-7.0,0.0
9235,382833,,,,,,,,,,,,,,,,,,,,,,,,,,,,,,W,movement_move_y_axis|movement_look_x_axis,,-1.0,0.0
9236,382900,,,,,,,,,,,,,,,,,,,,,,,,,,,,,,W,movement_move_y_axis|movement_look_x_axis,,-2.0,0.0
9237,382933,,,,,,,,,,,,,,,,,,,,,,,,,,,,,,W,movement_move_y_axis,,0.0,0.0
9238,382967,,,,,,,,,,,,,,,,,,,,,,,,,,,,,,W,movement_move_y_axis|movement_look_x_axis,,-3.0,0.0
9239,383000,,,,,,,,,,,,,,,,,,,,,,,,,,,,,,W,movement_move_y_axis|movement_look_x_axis,,-5.0,0.0
9240,383033,,,,,,,,,,,,,,,,,,,,,,,,,,,,,,W,movement_move_y_axis|movement_look_x_axis|movement_look_y_axis,,-18.0,-1.0
9241,383100,,,,,,,,,,,,,,,,,,,,,,,,,,,,,,W,movement_move_y_axis|movement_look_x_axis,,-10.0,0.0
9242,383133,,,,,,,,,,,,,,,,,,,,,,,,,,,,,,W,movement_move_y_axis|movement_look_x_axis,,-6.0,0.0
9243,383167,,,,,,,,,,,,,,,,,,,,,,,,,,,,,,W,movement_move_y_axis|movement_look_x_axis,,-6.0,0.0
9244,383200,,,,,,,,,,,,,,,,,,,,,,,,,,,,,,W,movement_move_y_axis|movement_look_x_axis,,-12.0,0.0
9245,383233,,,,,,,,,,,,,,,,,,,,,,,,,,,,,,W,movement_move_y_axis|movement_look_x_axis,,-26.0,0.0
9246,383267,,,,,,,,,,,,,,,,,,,,,,,,,,,,,,D|W,movement_move_x_axis|movement_move_y_axis,,0.0,0.0
9247,383300,,,,,,,,,,,,,,,,,,,,,,,,,,,,,,D|W,movement_move_x_axis|movement_move_y_axis|movement_look_x_axis|movement_look_y_axis,,-17.0,-1.0
9248,383333,,,,,,,,,,,,,,,,,,,,,,,,,,,,,,D|W,movement_move_x_axis|movement_move_y_axis|movement_look_x_axis|movement_look_y_axis,,-12.0,-1.0
9249,383367,,,,,,,,,,,,,,,,,,,,,,,,,,,,,,D|W,movement_move_x_axis|movement_move_y_axis|movement_look_x_axis,,-7.0,0.0
9250,383400,,,,,,,,,,,,,,,,,,,,,,,,,,,,,,D|W,movement_move_x_axis|movement_move_y_axis|movement_look_x_axis,,-4.0,0.0
9251,383433,,,,,,,,,,,,,,,,,,,,,,,,,,,,,,D|W,movement_move_x_axis|movement_move_y_axis|movement_look_x_axis,,-6.0,0.0
9252,383467,,,,,,,,,,,,,,,,,,,,,,,,,,,,,,W,movement_move_y_axis|movement_look_x_axis,,-1.0,0.0
9253,383500,,,,,,,,,,,,,,,,,,,,,,,,,,,,,,W,movement_move_y_axis|movement_look_x_axis,,-2.0,0.0
9254,383567,,,,,,,,,,,,,,,,,,,,,,,,,,,,,,W,movement_move_y_axis|movement_look_x_axis,,-1.0,0.0
9255,383600,,,,,,,,,,,,,,,,,,,,,,,,,,,,,,W,movement_move_y_axis,,0.0,0.0
9256,383633,,,,,,,,,,,,,,,,,,,,,,,,,,,,,,W,movement_move_y_axis|movement_look_x_axis,,-1.0,0.0
9257,383667,,,,,,,,,,,,,,,,,,,,,,,,,,,,,,W,movement_move_y_axis|movement_look_x_axis,,-1.0,0.0
9258,383700,,,,,,,,,,,,,,,,,,,,,,,,,,,,,,W,movement_move_y_axis|movement_look_x_axis,,-1.0,0.0
9259,383733,,,,,,,,,,,,,,,,,,,,,,,,,,,,,,W,movement_move_y_axis,,0.0,0.0
9260,383767,,,,,,,,,,,,,,,,,,,,,,,,,,,,,,W,movement_move_y_axis,,0.0,0.0
9261,383800,,,,,,,,,,,,,,,,,,,,,,,,,,,,,,W,movement_move_y_axis,,0.0,0.0
9262,383833,,,,,,,,,,,,,,,,,,,,,,,,,,,,,,W,movement_move_y_axis,,0.0,0.0
9263,383867,,,,,,,,,,,,,,,,,,,,,,,,,,,,,,W,movement_move_y_axis,,0.0,0.0
9264,383900,,,,,,,,,,,,,,,,,,,,,,,,,,,,,,W,movement_move_y_axis,,0.0,0.0
9265,383967,,,,,,,,,,,,,,,,,,,,,,,,,,,,,,W,movement_move_y_axis,,0.0,0.0
9266,384000,,,,,,,,,,,,,,,,,,,,,,,,,,,,,,W,movement_move_y_axis,,0.0,0.0
9267,384033,,,,,,,,,,,,,,,,,,,,,,,,,,,,,,W,movement_move_y_axis,,0.0,0.0
9268,384067,,,,,,,,,,,,,,,,,,,,,,,,,,,,,,W,movement_move_y_axis,,0.0,0.0
9269,384100,,,,,,,,,,,,,,,,,,,,,,,,,,,,,,W,movement_move_y_axis,,0.0,0.0
9270,384133,,,,,,,,,,,,,,,,,,,,,,,,,,,,,,W,movement_move_y_axis,,0.0,0.0
9271,384167,,,,,,,,,,,,,,,,,,,,,,,,,,,,,,W,movement_move_y_axis,,0.0,0.0
9272,384200,,,,,,,,,,,,,,,,,,,,,,,,,,,,,,W,movement_move_y_axis,,0.0,0.0
9273,384233,,,,,,,,,,,,,,,,,,,,,,,,,,,,,,W,movement_move_y_axis,,0.0,0.0
9274,384300,,,,,,,,,,,,,,,,,,,,,,,,,,,,,,W,movement_move_y_axis,,0.0,0.0
9275,384333,,,,,,,,,,,,,,,,,,,,,,,,,,,,,,W,movement_move_y_axis,,0.0,0.0
9276,384367,,,,,,,,,,,,,,,,,,,,,,,,,,,,,,W,movement_move_y_axis,,0.0,0.0
9277,384467,,,,,,,,,,,,,,,,,,,,,,,,,,,,,,W,movement_move_y_axis,,0.0,0.0
9278,384500,,,,,,,,,,,,,,,,,,,,,,,,,,,,,,W,movement_move_y_axis|movement_look_x_axis|movement_look_y_axis,,-7.0,-1.0
9279,384533,,,,,,,,,,,,,,,,,,,,,,,,,,,,,,W,movement_move_y_axis|movement_look_x_axis|movement_look_y_axis,,-51.0,-11.0
9280,384700,,,,,,,,,,,,,,,,,,,,,,,,,,,,,,W,movement_move_y_axis|movement_look_x_axis|movement_look_y_axis,,-21.0,-9.0
9281,384833,,,,,,,,,,,,,,,,,,,,,,,,,,,,,,W,movement_move_y_axis,,0.0,0.0
9282,384867,,,,,,,,,,,,,,,,,,,,,,,,,,,,,,W,movement_move_y_axis,,0.0,0.0
9283,384900,,,,,,,,,,,,,,,,,,,,,,,,,,,,,,W,movement_move_y_axis,,0.0,0.0
9284,384933,,,,,,,,,,,,,,,,,,,,,,,,,,,,,,W,movement_move_y_axis,,0.0,0.0
9285,384967,,,,,,,,,,,,,,,,,,,,,,,,,,,,,,W,movement_move_y_axis,,0.0,0.0
9286,385000,,,,,,,,,,,,,,,,,,,,,,,,,,,,,,W,movement_move_y_axis,,0.0,0.0
9287,385033,,,,,,,,,,,,,,,,,,,,,,,,,,,,,,W,movement_move_y_axis,,0.0,0.0
9288,385067,,,,,,,,,,,,,,,,,,,,,,,,,,,,,,W,movement_move_y_axis,,0.0,0.0
9289,385100,,,,,,,,,,,,,,,,,,,,,,,,,,,,,,W,movement_move_y_axis,,0.0,0.0
9290,385133,,,,,,,,,,,,,,,,,,,,,,,,,,,,,,W,movement_move_y_axis,,0.0,0.0
9291,385167,,,,,,,,,,,,,,,,,,,,,,,,,,,,,,W,movement_move_y_axis,,0.0,0.0
9292,385233,,,,,,,,,,,,,,,,,,,,,,,,,,,,,,W,movement_move_y_axis,,0.0,0.0
9293,385267,,,,,,,,,,,,,,,,,,,,,,,,,,,,,,W,movement_move_y_axis,,0.0,0.0
9294,385300,,,,,,,,,,,,,,,,,,,,,,,,,,,,,,W,movement_move_y_axis,,0.0,0.0
9295,385333,,,,,,,,,,,,,,,,,,,,,,,,,,,,,,W,movement_move_y_axis,,0.0,0.0
9296,385367,,,,,,,,,,,,,,,,,,,,,,,,,,,,,,W,movement_move_y_axis|movement_look_x_axis|movement_look_y_axis,,-2.0,-1.0
9297,385500,,,,,,,,,,,,,,,,,,,,,,,,,,,,,,W,movement_move_y_axis|movement_look_x_axis,,-3.0,0.0
9298,385533,,,,,,,,,,,,,,,,,,,,,,,,,,,,,,W,movement_move_y_axis|movement_look_x_axis,,-4.0,0.0
9299,385567,,,,,,,,,,,,,,,,,,,,,,,,,,,,,,W,movement_move_y_axis|movement_look_x_axis,,-39.0,0.0
9300,385600,,,,,,,,,,,,,,,,,,,,,,,,,,,,,,W,movement_move_y_axis,,0.0,0.0
9301,385633,,,,,,,,,,,,,,,,,,,,,,,,,,,,,,W,movement_move_y_axis,,0.0,0.0
9302,385667,,,,,,,,,,,,,,,,,,,,,,,,,,,,,,W,movement_move_y_axis,,0.0,0.0
9303,385700,,,,,,,,,,,,,,,,,,,,,,,,,,,,,,W,movement_move_y_axis|movement_look_x_axis,,-20.0,0.0
9304,385767,,,,,,,,,,,,,,,,,,,,,,,,,,,,,,W,movement_move_y_axis|movement_look_x_axis,,-13.0,0.0
9305,385800,,,,,,,,,,,,,,,,,,,,,,,,,,,,,,W,movement_move_y_axis|movement_look_x_axis,,-80.0,0.0
9306,385900,,,,,,,,,,,,,,,,,,,,,,,,,,,,,,W,movement_move_y_axis|movement_look_x_axis,,-14.0,0.0
9307,385967,,,,,,,,,,,,,,,,,,,,,,,,,,,,,,W,movement_move_y_axis,,0.0,0.0
9308,386000,,,,,,,,,,,,,,,,,,,,,,,,,,,,,,W,movement_move_y_axis|movement_look_x_axis|movement_look_y_axis,,-28.0,-6.0
9309,386033,,,,,,,,,,,,,,,,,,,,,,,,,,,,,,W,movement_move_y_axis,,0.0,0.0
9310,386067,,,,,,,,,,,,,,,,,,,,,,,,,,,,,,W,movement_move_y_axis,,0.0,0.0
9311,386100,,,,,,,,,,,,,,,,,,,,,,,,,,,,,,W,movement_move_y_axis|movement_look_x_axis|movement_look_y_axis,,-55.0,-6.0
9312,386133,,,,,,,,,,,,,,,,,,,,,,,,,,,,,,W,movement_move_y_axis,,0.0,0.0
9313,386167,,,,,,,,,,,,,,,,,,,,,,,,,,,,,,W,movement_move_y_axis|movement_look_x_axis,,-29.0,0.0
9314,386200,,,,,,,,,,,,,,,,,,,,,,,,,,,,,,W,movement_move_y_axis|movement_look_x_axis,,-25.0,0.0
9315,386233,,,,,,,,,,,,,,,,,,,,,,,,,,,,,,W,movement_move_y_axis|movement_look_x_axis,,-21.0,0.0
9316,386300,,,,,,,,,,,,,,,,,,,,,,,,,,,,,,W,movement_move_y_axis|movement_look_x_axis,,-15.0,0.0
9317,386333,,,,,,,,,,,,,,,,,,,,,,,,,,,,,,W,movement_move_y_axis|movement_look_x_axis,,-22.0,0.0
9318,386367,,,,,,,,,,,,,,,,,,,,,,,,,,,,,,W,movement_move_y_axis|movement_look_x_axis|movement_look_y_axis,,-79.0,-5.0
9319,386467,,,,,,,,,,,,,,,,,,,,,,,,,,,,,,W,movement_move_y_axis,,0.0,0.0
9320,386500,,,,,,,,,,,,,,,,,,,,,,,,,,,,,,W,movement_move_y_axis|movement_look_x_axis,,-1.0,0.0
9321,386533,,,,,,,,,,,,,,,,,,,,,,,,,,,,,,W,movement_move_y_axis|movement_look_x_axis|movement_look_y_axis,,-77.0,-3.0
9322,386700,,,,,,,,,,,,,,,,,,,,,,,,,,,,,,W,movement_move_y_axis|movement_look_x_axis,,-23.0,0.0
9323,386733,,,,,,,,,,,,,,,,,,,,,,,,,,,,,,W,movement_move_y_axis|movement_look_x_axis,,-9.0,0.0
9324,386767,,,,,,,,,,,,,,,,,,,,,,,,,,,,,,W,movement_move_y_axis,,0.0,0.0
9325,386800,,,,,,,,,,,,,,,,,,,,,,,,,,,,,,W,movement_move_y_axis,,0.0,0.0
9326,386867,,,,,,,,,,,,,,,,,,,,,,,,,,,,,,W,movement_move_y_axis,,0.0,0.0
9327,386900,,,,,,,,,,,,,,,,,,,,,,,,,,,,,,W,movement_move_y_axis,,0.0,0.0
9328,386933,,,,,,,,,,,,,,,,,,,,,,,,,,,,,,W,movement_move_y_axis,,0.0,0.0
9329,386967,,,,,,,,,,,,,,,,,,,,,,,,,,,,,,W,movement_move_y_axis,,0.0,0.0
9330,387000,,,,,,,,,,,,,,,,,,,,,,,,,,,,,,W,movement_move_y_axis,,0.0,0.0
9331,387033,,,,,,,,,,,,,,,,,,,,,,,,,,,,,,W,movement_move_y_axis,,0.0,0.0
9332,387067,,,,,,,,,,,,,,,,,,,,,,,,,,,,,,W,movement_move_y_axis,,0.0,0.0
9333,387100,,,,,,,,,,,,,,,,,,,,,,,,,,,,,,W,movement_move_y_axis,,0.0,0.0
9334,387133,,,,,,,,,,,,,,,,,,,,,,,,,,,,,,W,movement_move_y_axis|movement_look_x_axis|movement_look_y_axis,,-113.0,45.0
9335,387300,,,,,,,,,,,,,,,,,,,,,,,,,,,,,,W,movement_move_y_axis|movement_look_x_axis|movement_look_y_axis,,-81.0,17.0
9336,387333,,,,,,,,,,,,,,,,,,,,,,,,,,,,,,W,movement_move_y_axis|movement_look_x_axis|movement_look_y_axis,,-255.0,18.0
9337,387367,,,,,,,,,,,,,,,,,,,,,,,,,,,,,,W,movement_move_y_axis,,0.0,0.0
9338,387400,,,,,,,,,,,,,,,,,,,,,,,,,,,,,,W,movement_move_y_axis,,0.0,0.0
9339,387433,,,,,,,,,,,,,,,,,,,,,,,,,,,,,,W,movement_move_y_axis,,0.0,0.0
9340,387467,,,,,,,,,,,,,,,,,,,,,,,,,,,,,,W,movement_move_y_axis,,0.0,0.0
9341,387500,,,,,,,,,,,,,,,,,,,,,,,,,,,,,,W,movement_move_y_axis|movement_look_x_axis|movement_look_y_axis,,-53.0,1.0
9342,387533,,,,,,,,,,,,,,,,,,,,,,,,,,,,,,W,movement_move_y_axis|movement_look_x_axis,,-41.0,0.0
9343,387567,,,,,,,,,,,,,,,,,,,,,,,,,,,,,,W,movement_move_y_axis|movement_look_x_axis,,-24.0,0.0
9344,387600,,,,,,,,,,,,,,,,,,,,,,,,,,,,,,W,movement_move_y_axis|movement_look_x_axis,,-3.0,0.0
9345,387633,,,,,,,,,,,,,,,,,,,,,,,,,,,,,,W,movement_move_y_axis|movement_look_x_axis,,-2.0,0.0
9346,387667,,,,,,,,,,,,,,,,,,,,,,,,,,,,,,W,movement_move_y_axis|movement_look_x_axis|movement_look_y_axis,,-8.0,-1.0
9347,387700,,,,,,,,,,,,,,,,,,,,,,,,,,,,,,W,movement_move_y_axis|movement_look_x_axis|movement_look_y_axis,,-18.0,2.0
9348,387733,,,,,,,,,,,,,,,,,,,,,,,,,,,,,,W,movement_move_y_axis,,0.0,0.0
9349,387800,,,,,,,,,,,,,,,,,,,,,,,,,,,,,,W,movement_move_y_axis,,0.0,0.0
9350,387867,,,,,,,,,,,,,,,,,,,,,,,,,,,,,,W,movement_move_y_axis,,0.0,0.0
9351,387933,,,,,,,,,,,,,,,,,,,,,,,,,,,,,,W,movement_move_y_axis,,0.0,0.0
9352,387967,,,,,,,,,,,,,,,,,,,,,,,,,,,,,,W,movement_move_y_axis|movement_look_x_axis|movement_look_y_axis,,-82.0,-5.0
9353,388033,,,,,,,,,,,,,,,,,,,,,,,,,,,,,,W,movement_move_y_axis|movement_look_x_axis|movement_look_y_axis,,-78.0,-8.0
9354,388133,,,,,,,,,,,,,,,,,,,,,,,,,,,,,,W,movement_move_y_axis|movement_look_x_axis,,-9.0,0.0
9355,388167,,,,,,,,,,,,,,,,,,,,,,,,,,,,,,W,movement_move_y_axis|movement_look_x_axis|movement_look_y_axis,,-25.0,5.0
9356,388200,,,,,,,,,,,,,,,,,,,,,,,,,,,,,,A|W,movement_move_x_axis|movement_move_y_axis,,0.0,0.0
9357,388233,,,,,,,,,,,,,,,,,,,,,,,,,,,,,,A|W,movement_move_x_axis|movement_move_y_axis|movement_look_x_axis|movement_look_y_axis,,-39.0,16.0
9358,388267,,,,,,,,,,,,,,,,,,,,,,,,,,,,,,A|W,movement_move_x_axis|movement_move_y_axis,,0.0,0.0
9359,388300,,,,,,,,,,,,,,,,,,,,,,,,,,,,,,A|W,movement_move_x_axis|movement_move_y_axis,,0.0,0.0
9360,388333,,,,,,,,,,,,,,,,,,,,,,,,,,,,,,A|W,movement_move_x_axis|movement_move_y_axis|movement_look_x_axis|movement_look_y_axis,,-2.0,1.0
9361,388367,,,,,,,,,,,,,,,,,,,,,,,,,,,,,,A|W,movement_move_x_axis|movement_move_y_axis|movement_look_x_axis|movement_look_y_axis,,-3.0,1.0
9362,388400,,,,,,,,,,,,,,,,,,,,,,,,,,,,,,A|W,movement_move_x_axis|movement_move_y_axis|movement_look_x_axis|movement_look_y_axis,,-9.0,1.0
9363,388433,,,,,,,,,,,,,,,,,,,,,,,,,,,,,,A,movement_move_x_axis|movement_look_x_axis|movement_look_y_axis,,-4.0,2.0
9364,388467,,,,,,,,,,,,,,,,,,,,,,,,,,,,,,A,movement_move_x_axis,,0.0,0.0
9365,388500,,,,,,,,,,,,,,,,,,,,,,,,,,,,,,A,movement_move_x_axis|movement_look_x_axis,,78.0,0.0
9366,388633,,,,,,,,,,,,,,,,,,,,,,,,,,,,,,A,movement_move_x_axis|movement_look_x_axis,,48.0,0.0
9367,388667,,,,,,,,,,,,,,,,,,,,,,,,,,,,,,A|W,movement_move_x_axis|movement_move_y_axis|movement_look_x_axis,,51.0,0.0
9368,388700,,,,,,,,,,,,,,,,,,,,,,,,,,,,,,A|W,movement_move_x_axis|movement_move_y_axis|movement_look_x_axis,,140.0,0.0
9369,388733,,,,,,,,,,,,,,,,,,,,,,,,,,,,,,A|W,movement_move_x_axis|movement_move_y_axis,,0.0,0.0
9370,388767,,,,,,,,,,,,,,,,,,,,,,,,,,,,,,A|W,movement_move_x_axis|movement_move_y_axis,,0.0,0.0
9371,388800,,,,,,,,,,,,,,,,,,,,,,,,,,,,,,A|W,movement_move_x_axis|movement_move_y_axis,,0.0,0.0
9372,388833,,,,,,,,,,,,,,,,,,,,,,,,,,,,,,A|W,movement_move_x_axis|movement_move_y_axis|movement_look_x_axis,,26.0,0.0
9373,388867,,,,,,,,,,,,,,,,,,,,,,,,,,,,,,W,movement_move_y_axis|movement_look_x_axis,,56.0,0.0
9374,388933,,,,,,,,,,,,,,,,,,,,,,,,,,,,,,W,movement_move_y_axis|movement_look_x_axis,,11.0,0.0
9375,388967,,,,,,,,,,,,,,,,,,,,,,,,,,,,,,W,movement_move_y_axis|movement_look_x_axis,,4.0,0.0
9376,389000,,,,,,,,,,,,,,,,,,,,,,,,,,,,,,W,movement_move_y_axis,,0.0,0.0
9377,389033,,,,,,,,,,,,,,,,,,,,,,,,,,,,,,W,movement_move_y_axis,,0.0,0.0
9378,389067,,,,,,,,,,,,,,,,,,,,,,,,,,,,,,W,movement_move_y_axis|movement_look_x_axis|movement_look_y_axis,,14.0,7.0
9379,389267,,,,,,,,,,,,,,,,,,,,,,,,,,,,,,A|W,movement_move_x_axis|movement_move_y_axis|movement_look_x_axis|movement_look_y_axis,,67.0,14.0
9380,389300,,,,,,,,,,,,,,,,,,,,,,,,,,,,,,A|W,movement_move_x_axis|movement_move_y_axis,,0.0,0.0
9381,389333,,,,,,,,,,,,,,,,,,,,,,,,,,,,,,A|W,movement_move_x_axis|movement_move_y_axis|movement_look_x_axis|movement_look_y_axis,,29.0,5.0
9382,389500,,,,,,,,,,,,,,,,,,,,,,,,,,,,,,A,movement_move_x_axis|movement_look_x_axis|movement_look_y_axis,,54.0,11.0
9383,389533,,,,,,,,,,,,,,,,,,,,,,,,,,,,,,,movement_look_x_axis|movement_look_y_axis,,198.0,35.0
9384,389567,,,,,,,,,,,,,,,,,,,,,,,,,,,,,,,,,0.0,0.0
9385,389600,,,,,,,,,,,,,,,,,,,,,,,,,,,,,,,,,0.0,0.0
9386,389633,,,,,,,,,,,,,,,,,,,,,,,,,,,,,,,,,0.0,0.0
9387,389667,,,,,,,,,,,,,,,,,,,,,,,,,,,,,,,,,0.0,0.0
9388,389700,,,,,,,,,,,,,,,,,,,,,,,,,,,,,,,movement_look_x_axis|movement_look_y_axis,,27.0,-5.0
9389,389767,,,,,,,,,,,,,,,,,,,,,,,,,,,,,,,,,0.0,0.0
9390,389800,,,,,,,,,,,,,,,,,,,,,,,,,,,,,,,,,0.0,0.0
9391,389833,,,,,,,,,,,,,,,,,,,,,,,,,,,,,,,,,0.0,0.0
9392,389867,,,,,,,,,,,,,,,,,,,,,,,,,,,,,,,movement_look_x_axis|movement_look_y_axis,,-55.0,-15.0
9393,390100,,,,,,,,,,,,,,,,,,,,,,,,,,,,,,,,,0.0,0.0
9394,390133,,,,,,,,,,,,,,,,,,,,,,,,,,,,,,,,,0.0,0.0
9395,390167,,,,,,,,,,,,,,,,,,,,,,,,,,,,,,,,,0.0,0.0
9396,390200,,,,,,,,,,,,,,,,,,,,,,,,,,,,,,,,,0.0,0.0
9397,390233,,,,,,,,,,,,,,,,,,,,,,,,,,,,,,,,,0.0,0.0
9398,390267,,,,,,,,,,,,,,,,,,,,,,,,,,,,,,,,,0.0,0.0
9399,390300,,,,,,,,,,,,,,,,,,,,,,,,,,,,,,,movement_look_x_axis,,-6.0,0.0
9400,390333,,,,,,,,,,,,,,,,,,,,,,,,,,,,,,,movement_look_x_axis,,-4.0,0.0
9401,390367,,,,,,,,,,,,,,,,,,,,,,,,,,,,,,,movement_look_x_axis,,-16.0,0.0
9402,390433,,,,,,,,,,,,,,,,,,,,,,,,,,,,,,,movement_look_x_axis,,-7.0,0.0
9403,390467,,,,,,,,,,,,,,,,,,,,,,,,,,,,,,,movement_look_x_axis,,-2.0,0.0
9404,390500,,,,,,,,,,,,,,,,,,,,,,,,,,,,,,D,movement_move_x_axis,,0.0,0.0
9405,390533,,,,,,,,,,,,,,,,,,,,,,,,,,,,,,D,movement_move_x_axis|movement_look_x_axis,,-18.0,0.0
9406,390733,,,,,,,,,,,,,,,,,,,,,,,,,,,,,,,movement_look_x_axis,,-6.0,0.0
9407,390767,,,,,,,,,,,,,,,,,,,,,,,,,,,,,,,,,0.0,0.0
9408,390800,,,,,,,,,,,,,,,,,,,,,,,,,,,,,,,,,0.0,0.0
9409,390833,,,,,,,,,,,,,,,,,,,,,,,,,,,,,,,,,0.0,0.0
9410,390867,,,,,,,,,,,,,,,,,,,,,,,,,,,,,,,,,0.0,0.0
9411,390900,,,,,,,,,,,,,,,,,,,,,,,,,,,,,,,,,0.0,0.0
9412,390933,,,,,,,,,,,,,,,,,,,,,,,,,,,,,,,,,0.0,0.0
9413,390967,,,,,,,,,,,,,,,,,,,,,,,,,,,,,,,,,0.0,0.0
9414,391000,,,,,,,,,,,,,,,,,,,,,,,,,,,,,,,,,0.0,0.0
9415,391100,,,,,,,,,,,,,,,,,,,,,,,,,,,,,,,,,0.0,0.0
9416,391133,,,,,,,,,,,,,,,,,,,,,,,,,,,,,,,,,0.0,0.0
9417,391200,,,,,,,,,,,,,,,,,,,,,,,,,,,,,,,,,0.0,0.0
9418,391233,,,,,,,,,,,,,,,,,,,,,,,,,,,,,,,,,0.0,0.0
9419,391267,,,,,,,,,,,,,,,,,,,,,,,,,,,,,,,,,0.0,0.0
9420,391333,,,,,,,,,,,,,,,,,,,,,,,,,,,,,,,,,0.0,0.0
9421,391367,,,,,,,,,,,,,,,,,,,,,,,,,,,,,,,,,0.0,0.0
9422,391400,,,,,,,,,,,,,,,,,,,,,,,,,,,,,,,,,0.0,0.0
9423,391433,,,,,,,,,,,,,,,,,,,,,,,,,,,,,,,,,0.0,0.0
9424,391500,,,,,,,,,,,,,,,,,,,,,,,,,,,,,,,,,0.0,0.0
9425,391533,,,,,,,,,,,,,,,,,,,,,,,,,,,,,,,,,0.0,0.0
9426,391567,,,,,,,,,,,,,,,,,,,,,,,,,,,,,,,,,0.0,0.0
9427,391800,,,,,,,,,,,,,,,,,,,,,,,,,,,,,,E,general_primary_interact,,0.0,0.0
9428,391833,,,,,,,,,,,,,,,,,,,,,,,,,,,,,,E,general_primary_interact,,0.0,0.0
9429,391867,,,,,,,,,,,,,,,,,,,,,,,,,,,,,,E,general_primary_interact,,0.0,0.0
9430,391933,,,,,,,,,,,,,,,,,,,,,,,,,,,,,,E,general_primary_interact,,0.0,0.0
9431,391967,,,,,,,,,,,,,,,,,,,,,,,,,,,,,,E,general_primary_interact,,0.0,0.0
9432,392000,,,,,,,,,,,,,,,,,,,,,,,,,,,,,,E,general_primary_interact,,0.0,0.0
9433,392067,,,,,,,,,,,,,,,,,,,,,,,,,,,,,,,,,0.0,0.0
9434,392100,,,,,,,,,,,,,,,,,,,,,,,,,,,,,,,,,0.0,0.0
9435,392133,,,,,,,,,,,,,,,,,,,,,,,,,,,,,,,,,0.0,0.0
9436,392267,,,,,,,,,,,,,,,,,,,,,,,,,,,,,,,,,0.0,0.0
9437,392300,,,,,,,,,,,,,,,,,,,,,,,,,,,,,,,,,0.0,0.0
9438,392333,,,,,,,,,,,,,,,,,,,,,,,,,,,,,,,,,0.0,0.0
9439,392367,,,,,,,,,,,,,,,,,,,,,,,,,,,,,,,,,0.0,0.0
9440,392433,,,,,,,,,,,,,,,,,,,,,,,,,,,,,,,,,0.0,0.0
9441,392467,,,,,,,,,,,,,,,,,,,,,,,,,,,,,,,,,0.0,0.0
9442,392500,,,,,,,,,,,,,,,,,,,,,,,,,,,,,,,,,0.0,0.0
9443,392533,,,,,,,,,,,,,,,,,,,,,,,,,,,,,,,,,0.0,0.0
9444,392600,,,,,,,,,,,,,,,,,,,,,,,,,,,,,,,,,0.0,0.0
9445,392633,,,,,,,,,,,,,,,,,,,,,,,,,,,,,,,,,0.0,0.0
9446,392667,,,,,,,,,,,,,,,,,,,,,,,,,,,,,,,,,0.0,0.0
9447,392700,,,,,,,,,,,,,,,,,,,,,,,,,,,,,,,,,0.0,0.0
9448,392733,,,,,,,,,,,,,,,,,,,,,,,,,,,,,,,,,0.0,0.0
9449,392867,,,,,,,,,,,,,,,,,,,,,,,,,,,,,,,,,0.0,0.0
9450,392900,,,,,,,,,,,,,,,,,,,,,,,,,,,,,,,,,0.0,0.0
9451,392933,,,,,,,,,,,,,,,,,,,,,,,,,,,,,,,movement_look_x_axis|movement_look_y_axis,,59.0,-19.0
9452,392967,,,,,,,,,,,,,,,,,,,,,,,,,,,,,,,,,0.0,0.0
9453,393000,,,,,,,,,,,,,,,,,,,,,,,,,,,,,,,,,0.0,0.0
9454,393067,,,,,,,,,,,,,,,,,,,,,,,,,,,,,,,movement_look_x_axis|movement_look_y_axis,,46.0,-6.0
9455,393100,,,,,,,,,,,,,,,,,,,,,,,,,,,,,,,movement_look_x_axis,,56.0,0.0
9456,393133,,,,,,,,,,,,,,,,,,,,,,,,,,,,,,,movement_look_x_axis|movement_look_y_axis,,49.0,8.0
9457,393167,,,,,,,,,,,,,,,,,,,,,,,,,,,,,,,movement_look_x_axis|movement_look_y_axis,,59.0,11.0
9458,393200,,,,,,,,,,,,,,,,,,,,,,,,,,,,,,,movement_look_x_axis|movement_look_y_axis,,114.0,2.0
9459,393233,,,,,,,,,,,,,,,,,,,,,,,,,,,,,,,movement_look_x_axis|movement_look_y_axis,,161.0,14.0
9460,393333,,,,,,,,,,,,,,,,,,,,,,,,,,,,,,,movement_look_x_axis|movement_look_y_axis,,116.0,1.0
9461,393367,,,,,,,,,,,,,,,,,,,,,,,,,,,,,,,movement_look_x_axis|movement_look_y_axis,,677.0,-2.0
9462,393567,,,,,,,,,,,,,,,,,,,,,,,,,,,,,,,,,0.0,0.0
9463,393600,,,,,,,,,,,,,,,,,,,,,,,,,,,,,,,,,0.0,0.0
9464,393633,,,,,,,,,,,,,,,,,,,,,,,,,,,,,,,,,0.0,0.0
9465,393667,,,,,,,,,,,,,,,,,,,,,,,,,,,,,,,,,0.0,0.0
9466,393700,,,,,,,,,,,,,,,,,,,,,,,,,,,,,,,,,0.0,0.0
9467,393733,,,,,,,,,,,,,,,,,,,,,,,,,,,,,,,,,0.0,0.0
9468,393767,,,,,,,,,,,,,,,,,,,,,,,,,,,,,,,,,0.0,0.0
9469,393800,,,,,,,,,,,,,,,,,,,,,,,,,,,,,,,movement_look_x_axis|movement_look_y_axis,,1.0,-1.0
9470,393833,,,,,,,,,,,,,,,,,,,,,,,,,,,,,,,movement_look_x_axis|movement_look_y_axis,,21.0,-6.0
9471,393867,,,,,,,,,,,,,,,,,,,,,,,,,,,,,,,movement_look_x_axis|movement_look_y_axis,,49.0,-10.0
9472,393900,,,,,,,,,,,,,,,,,,,,,,,,,,,,,,,movement_look_x_axis|movement_look_y_axis,,125.0,2.0
9473,393933,,,,,,,,,,,,,,,,,,,,,,,,,,,,,,,movement_look_x_axis,,157.0,0.0
9474,393967,,,,,,,,,,,,,,,,,,,,,,,,,,,,,,,movement_look_x_axis|movement_look_y_axis,,337.0,8.0
9475,394033,,,,,,,,,,,,,,,,,,,,,,,,,,,,,,,movement_look_x_axis,,138.0,0.0
9476,394067,,,,,,,,,,,,,,,,,,,,,,,,,,,,,,,movement_look_x_axis,,105.0,0.0
9477,394100,,,,,,,,,,,,,,,,,,,,,,,,,,,,,,,movement_look_x_axis,,116.0,0.0
9478,394133,,,,,,,,,,,,,,,,,,,,,,,,,,,,,,,movement_look_x_axis|movement_look_y_axis,,186.0,38.0
9479,394200,,,,,,,,,,,,,,,,,,,,,,,,,,,,,,,,,0.0,0.0
9480,394233,,,,,,,,,,,,,,,,,,,,,,,,,,,,,,,movement_look_x_axis|movement_look_y_axis,,19.0,7.0
9481,394267,,,,,,,,,,,,,,,,,,,,,,,,,,,,,,,movement_look_x_axis,,1.0,0.0
9482,394300,,,,,,,,,,,,,,,,,,,,,,,,,,,,,,,,,0.0,0.0
9483,394333,,,,,,,,,,,,,,,,,,,,,,,,,,,,,,,,,0.0,0.0
9484,394367,,,,,,,,,,,,,,,,,,,,,,,,,,,,,,,,,0.0,0.0
9485,394400,,,,,,,,,,,,,,,,,,,,,,,,,,,,,,,,,0.0,0.0
9486,394467,,,,,,,,,,,,,,,,,,,,,,,,,,,,,,,,,0.0,0.0
9487,394500,,,,,,,,,,,,,,,,,,,,,,,,,,,,,,,movement_look_x_axis|movement_look_y_axis,,2.0,2.0
9488,394533,,,,,,,,,,,,,,,,,,,,,,,,,,,,,,,movement_look_x_axis|movement_look_y_axis,,33.0,6.0
9489,394567,,,,,,,,,,,,,,,,,,,,,,,,,,,,,,,movement_look_x_axis,,116.0,0.0
9490,394600,,,,,,,,,,,,,,,,,,,,,,,,,,,,,,,movement_look_x_axis,,323.0,0.0
9491,394633,,,,,,,,,,,,,,,,,,,,,,,,,,,,,,,,,0.0,0.0
9492,394667,,,,,,,,,,,,,,,,,,,,,,,,,,,,,,,movement_look_x_axis|movement_look_y_axis,,114.0,6.0
9493,394700,,,,,,,,,,,,,,,,,,,,,,,,,,,,,,,movement_look_x_axis|movement_look_y_axis,,140.0,7.0
9494,394767,,,,,,,,,,,,,,,,,,,,,,,,,,,,,,,movement_look_x_axis|movement_look_y_axis,,42.0,-2.0
9495,394800,,,,,,,,,,,,,,,,,,,,,,,,,,,,,,,movement_look_x_axis|movement_look_y_axis,,29.0,-6.0
9496,394833,,,,,,,,,,,,,,,,,,,,,,,,,,,,,,,movement_look_x_axis|movement_look_y_axis,,3.0,-1.0
9497,394867,,,,,,,,,,,,,,,,,,,,,,,,,,,,,,,movement_look_x_axis|movement_look_y_axis,,7.0,1.0
9498,394900,,,,,,,,,,,,,,,,,,,,,,,,,,,,,,,movement_look_x_axis|movement_look_y_axis,,74.0,21.0
9499,394933,,,,,,,,,,,,,,,,,,,,,,,,,,,,,,,,,0.0,0.0
9500,394967,,,,,,,,,,,,,,,,,,,,,,,,,,,,,,,movement_look_x_axis|movement_look_y_axis,,67.0,9.0
9501,395000,,,,,,,,,,,,,,,,,,,,,,,,,,,,,,,movement_look_x_axis,,67.0,0.0
9502,395033,,,,,,,,,,,,,,,,,,,,,,,,,,,,,,,movement_look_x_axis,,110.0,0.0
9503,395100,,,,,,,,,,,,,,,,,,,,,,,,,,,,,,,movement_look_x_axis,,91.0,0.0
9504,395133,,,,,,,,,,,,,,,,,,,,,,,,,,,,,,,movement_look_x_axis|movement_look_y_axis,,49.0,-9.0
9505,395200,,,,,,,,,,,,,,,,,,,,,,,,,,,,,,,,,0.0,0.0
9506,395233,,,,,,,,,,,,,,,,,,,,,,,,,,,,,,,,,0.0,0.0
9507,395267,,,,,,,,,,,,,,,,,,,,,,,,,,,,,,,,,0.0,0.0
9508,395300,,,,,,,,,,,,,,,,,,,,,,,,,,,,,,,,,0.0,0.0
9509,395333,,,,,,,,,,,,,,,,,,,,,,,,,,,,,,,,,0.0,0.0
9510,395367,,,,,,,,,,,,,,,,,,,,,,,,,,,,,,,,,0.0,0.0
9511,395400,,,,,,,,,,,,,,,,,,,,,,,,,,,,,,,movement_look_x_axis|movement_look_y_axis,,12.0,-1.0
9512,395467,,,,,,,,,,,,,,,,,,,,,,,,,,,,,,,movement_look_x_axis|movement_look_y_axis,,34.0,8.0
9513,395500,,,,,,,,,,,,,,,,,,,,,,,,,,,,,,,movement_look_x_axis|movement_look_y_axis,,106.0,21.0
9514,395533,,,,,,,,,,,,,,,,,,,,,,,,,,,,,,,movement_look_x_axis|movement_look_y_axis,,70.0,10.0
9515,395567,,,,,,,,,,,,,,,,,,,,,,,,,,,,,,,movement_look_x_axis|movement_look_y_axis,,29.0,1.0
9516,395600,,,,,,,,,,,,,,,,,,,,,,,,,,,,,,,movement_look_x_axis|movement_look_y_axis,,35.0,8.0
9517,395633,,,,,,,,,,,,,,,,,,,,,,,,,,,,,,,,,0.0,0.0
9518,395667,,,,,,,,,,,,,,,,,,,,,,,,,,,,,,,,,0.0,0.0
9519,395700,,,,,,,,,,,,,,,,,,,,,,,,,,,,,,,movement_look_x_axis|movement_look_y_axis,,3.0,4.0
9520,395733,,,,,,,,,,,,,,,,,,,,,,,,,,,,,,,movement_look_x_axis|movement_look_y_axis,,1.0,3.0
9521,395767,,,,,,,,,,,,,,,,,,,,,,,,,,,,,,,,,0.0,0.0
9522,395800,,,,,,,,,,,,,,,,,,,,,,,,,,,,,,,movement_look_y_axis,,0.0,1.0
9523,395833,,,,,,,,,,,,,,,,,,,,,,,,,,,,,,,,,0.0,0.0
9524,395867,,,,,,,,,,,,,,,,,,,,,,,,,,,,,,,,,0.0,0.0
9525,395900,,,,,,,,,,,,,,,,,,,,,,,,,,,,,,,,,0.0,0.0
9526,395967,,,,,,,,,,,,,,,,,,,,,,,,,,,,,,,movement_look_x_axis|movement_look_y_axis,,4.0,4.0
9527,396000,,,,,,,,,,,,,,,,,,,,,,,,,,,,,,,movement_look_x_axis,,1.0,0.0
9528,396033,,,,,,,,,,,,,,,,,,,,,,,,,,,,,,,movement_look_x_axis,,2.0,0.0
9529,396067,,,,,,,,,,,,,,,,,,,,,,,,,,,,,,,movement_look_x_axis|movement_look_y_axis,,22.0,1.0
9530,396133,,,,,,,,,,,,,,,,,,,,,,,,,,,,,,,,,0.0,0.0
9531,396200,,,,,,,,,,,,,,,,,,,,,,,,,,,,,,,,,0.0,0.0
9532,396233,,,,,,,,,,,,,,,,,,,,,,,,,,,,,,,,,0.0,0.0
9533,396267,,,,,,,,,,,,,,,,,,,,,,,,,,,,,,,,,0.0,0.0
9534,396300,,,,,,,,,,,,,,,,,,,,,,,,,,,,,,,,,0.0,0.0
9535,396333,,,,,,,,,,,,,,,,,,,,,,,,,,,,,,,,,0.0,0.0
9536,396367,,,,,,,,,,,,,,,,,,,,,,,,,,,,,,,,,0.0,0.0
9537,396400,,,,,,,,,,,,,,,,,,,,,,,,,,,,,,,,,0.0,0.0
9538,396467,,,,,,,,,,,,,,,,,,,,,,,,,,,,,,,,,0.0,0.0
9539,396500,,,,,,,,,,,,,,,,,,,,,,,,,,,,,,,,,0.0,0.0
9540,396533,,,,,,,,,,,,,,,,,,,,,,,,,,,,,,,,,0.0,0.0
9541,396567,,,,,,,,,,,,,,,,,,,,,,,,,,,,,,,,,0.0,0.0
9542,396600,,,,,,,,,,,,,,,,,,,,,,,,,,,,,,,,,0.0,0.0
9543,396633,,,,,,,,,,,,,,,,,,,,,,,,,,,,,,,,,0.0,0.0
9544,396667,,,,,,,,,,,,,,,,,,,,,,,,,,,,,,,,,0.0,0.0
9545,396700,,,,,,,,,,,,,,,,,,,,,,,,,,,,,,,,,0.0,0.0
9546,396733,,,,,,,,,,,,,,,,,,,,,,,,,,,,,,,,,0.0,0.0
9547,396767,,,,,,,,,,,,,,,,,,,,,,,,,,,,,,,,,0.0,0.0
9548,396867,,,,,,,,,,,,,,,,,,,,,,,,,,,,,,,,,0.0,0.0
9549,396900,,,,,,,,,,,,,,,,,,,,,,,,,,,,,,,,,0.0,0.0
9550,396933,,,,,,,,,,,,,,,,,,,,,,,,,,,,,,,,,0.0,0.0
9551,396967,,,,,,,,,,,,,,,,,,,,,,,,,,,,,,,,,0.0,0.0
9552,397067,,,,,,,,,,,,,,,,,,,,,,,,,,,,,,,,,0.0,0.0
9553,397100,,,,,,,,,,,,,,,,,,,,,,,,,,,,,,,,,0.0,0.0
9554,397133,,,,,,,,,,,,,,,,,,,,,,,,,,,,,,,,,0.0,0.0
9555,397167,,,,,,,,,,,,,,,,,,,,,,,,,,,,,,,movement_look_x_axis|movement_look_y_axis,,-2.0,-4.0
9556,397233,,,,,,,,,,,,,,,,,,,,,,,,,,,,,,,,,0.0,0.0
9557,397267,,,,,,,,,,,,,,,,,,,,,,,,,,,,,,,movement_look_x_axis|movement_look_y_axis,,-3.0,-17.0
9558,397333,,,,,,,,,,,,,,,,,,,,,,,,,,,,,,,,,0.0,0.0
9559,397367,,,,,,,,,,,,,,,,,,,,,,,,,,,,,,,,,0.0,0.0
9560,397400,,,,,,,,,,,,,,,,,,,,,,,,,,,,,,,,,0.0,0.0
9561,397433,,,,,,,,,,,,,,,,,,,,,,,,,,,,,,,,,0.0,0.0
9562,397467,,,,,,,,,,,,,,,,,,,,,,,,,,,,,,,,,0.0,0.0
9563,397533,,,,,,,,,,,,,,,,,,,,,,,,,,,,,,,,,0.0,0.0
9564,397567,,,,,,,,,,,,,,,,,,,,,,,,,,,,,,,,,0.0,0.0
9565,397600,,,,,,,,,,,,,,,,,,,,,,,,,,,,,,,,,0.0,0.0
9566,397633,,,,,,,,,,,,,,,,,,,,,,,,,,,,,,,,,0.0,0.0
9567,397667,,,,,,,,,,,,,,,,,,,,,,,,,,,,,,,,,0.0,0.0
9568,397700,,,,,,,,,,,,,,,,,,,,,,,,,,,,,,,,,0.0,0.0
9569,397733,,,,,,,,,,,,,,,,,,,,,,,,,,,,,,,,,0.0,0.0
9570,397767,,,,,,,,,,,,,,,,,,,,,,,,,,,,,,,,,0.0,0.0
9571,397800,,,,,,,,,,,,,,,,,,,,,,,,,,,,,,,,,0.0,0.0
9572,397833,,,,,,,,,,,,,,,,,,,,,,,,,,,,,,,,,0.0,0.0
9573,397867,,,,,,,,,,,,,,,,,,,,,,,,,,,,,,,,,0.0,0.0
9574,397900,,,,,,,,,,,,,,,,,,,,,,,,,,,,,,,,,0.0,0.0
9575,397933,,,,,,,,,,,,,,,,,,,,,,,,,,,,,,,,,0.0,0.0
9576,397967,,,,,,,,,,,,,,,,,,,,,,,,,,,,,,,,,0.0,0.0
9577,398000,,,,,,,,,,,,,,,,,,,,,,,,,,,,,,,,,0.0,0.0
9578,398033,,,,,,,,,,,,,,,,,,,,,,,,,,,,,,,,,0.0,0.0
9579,398067,,,,,,,,,,,,,,,,,,,,,,,,,,,,,,,,,0.0,0.0
9580,398100,,,,,,,,,,,,,,,,,,,,,,,,,,,,,,,,,0.0,0.0
9581,398167,,,,,,,,,,,,,,,,,,,,,,,,,,,,,,,,,0.0,0.0
9582,398200,,,,,,,,,,,,,,,,,,,,,,,,,,,,,,,,,0.0,0.0
9583,398233,,,,,,,,,,,,,,,,,,,,,,,,,,,,,,,,,0.0,0.0
9584,398267,,,,,,,,,,,,,,,,,,,,,,,,,,,,,,,,,0.0,0.0
9585,398300,,,,,,,,,,,,,,,,,,,,,,,,,,,,,,,,,0.0,0.0
9586,398333,,,,,,,,,,,,,,,,,,,,,,,,,,,,,,,,,0.0,0.0
9587,398367,,,,,,,,,,,,,,,,,,,,,,,,,,,,,,,,,0.0,0.0
9588,398400,,,,,,,,,,,,,,,,,,,,,,,,,,,,,,,,,0.0,0.0
9589,398433,,,,,,,,,,,,,,,,,,,,,,,,,,,,,,,,,0.0,0.0
9590,398467,,,,,,,,,,,,,,,,,,,,,,,,,,,,,,,,,0.0,0.0
9591,398533,,,,,,,,,,,,,,,,,,,,,,,,,,,,,,,,,0.0,0.0
9592,398567,,,,,,,,,,,,,,,,,,,,,,,,,,,,,,,,,0.0,0.0
9593,398600,,,,,,,,,,,,,,,,,,,,,,,,,,,,,,,,,0.0,0.0
9594,398667,,,,,,,,,,,,,,,,,,,,,,,,,,,,,,,,,0.0,0.0
9595,398700,,,,,,,,,,,,,,,,,,,,,,,,,,,,,,,,,0.0,0.0
9596,398733,,,,,,,,,,,,,,,,,,,,,,,,,,,,,,,,,0.0,0.0
9597,398767,,,,,,,,,,,,,,,,,,,,,,,,,,,,,,,,,0.0,0.0
9598,398800,,,,,,,,,,,,,,,,,,,,,,,,,,,,,,,,,0.0,0.0
9599,398833,,,,,,,,,,,,,,,,,,,,,,,,,,,,,,,,,0.0,0.0
9600,398867,,,,,,,,,,,,,,,,,,,,,,,,,,,,,,,,,0.0,0.0
9601,398900,,,,,,,,,,,,,,,,,,,,,,,,,,,,,,,,,0.0,0.0
9602,398933,,,,,,,,,,,,,,,,,,,,,,,,,,,,,,,,,0.0,0.0
9603,398967,,,,,,,,,,,,,,,,,,,,,,,,,,,,,,,,,0.0,0.0
9604,399033,,,,,,,,,,,,,,,,,,,,,,,,,,,,,,,,,0.0,0.0
9605,399067,,,,,,,,,,,,,,,,,,,,,,,,,,,,,,,,,0.0,0.0
9606,399100,,,,,,,,,,,,,,,,,,,,,,,,,,,,,,,,,0.0,0.0
9607,399133,,,,,,,,,,,,,,,,,,,,,,,,,,,,,,,,,0.0,0.0
9608,399167,,,,,,,,,,,,,,,,,,,,,,,,,,,,,,,,,0.0,0.0
9609,399200,,,,,,,,,,,,,,,,,,,,,,,,,,,,,,,,,0.0,0.0
9610,399233,,,,,,,,,,,,,,,,,,,,,,,,,,,,,,,,,0.0,0.0
9611,399267,,,,,,,,,,,,,,,,,,,,,,,,,,,,,,,,,0.0,0.0
9612,399300,,,,,,,,,,,,,,,,,,,,,,,,,,,,,,,,,0.0,0.0
9613,399367,,,,,,,,,,,,,,,,,,,,,,,,,,,,,,,,,0.0,0.0
9614,399400,,,,,,,,,,,,,,,,,,,,,,,,,,,,,,,,,0.0,0.0
9615,399433,,,,,,,,,,,,,,,,,,,,,,,,,,,,,,,,,0.0,0.0
9616,399467,,,,,,,,,,,,,,,,,,,,,,,,,,,,,,,,,0.0,0.0
9617,399500,,,,,,,,,,,,,,,,,,,,,,,,,,,,,,,,,0.0,0.0
9618,399533,,,,,,,,,,,,,,,,,,,,,,,,,,,,,,,,,0.0,0.0
9619,399567,,,,,,,,,,,,,,,,,,,,,,,,,,,,,,,,,0.0,0.0
9620,399600,,,,,,,,,,,,,,,,,,,,,,,,,,,,,,,,,0.0,0.0
9621,399633,,,,,,,,,,,,,,,,,,,,,,,,,,,,,,,,,0.0,0.0
9622,399667,,,,,,,,,,,,,,,,,,,,,,,,,,,,,,,,,0.0,0.0
9623,399700,,,,,,,,,,,,,,,,,,,,,,,,,,,,,,,,,0.0,0.0
9624,399733,,,,,,,,,,,,,,,,,,,,,,,,,,,,,,,,,0.0,0.0
9625,399767,,,,,,,,,,,,,,,,,,,,,,,,,,,,,,,,,0.0,0.0
9626,399800,,,,,,,,,,,,,,,,,,,,,,,,,,,,,,,,,0.0,0.0
9627,399867,,,,,,,,,,,,,,,,,,,,,,,,,,,,,,,,,0.0,0.0
9628,399900,,,,,,,,,,,,,,,,,,,,,,,,,,,,,,,,,0.0,0.0
9629,399933,,,,,,,,,,,,,,,,,,,,,,,,,,,,,,,,,0.0,0.0
9630,399967,,,,,,,,,,,,,,,,,,,,,,,,,,,,,,,,,0.0,0.0
9631,400000,,,,,,,,,,,,,,,,,,,,,,,,,,,,,,,,,0.0,0.0
9632,400033,,,,,,,,,,,,,,,,,,,,,,,,,,,,,,,,,0.0,0.0
9633,400067,,,,,,,,,,,,,,,,,,,,,,,,,,,,,,,,,0.0,0.0
9634,400100,,,,,,,,,,,,,,,,,,,,,,,,,,,,,,,,,0.0,0.0
9635,400133,,,,,,,,,,,,,,,,,,,,,,,,,,,,,,,,,0.0,0.0
9636,400167,,,,,,,,,,,,,,,,,,,,,,,,,,,,,,,,,0.0,0.0
9637,400200,,,,,,,,,,,,,,,,,,,,,,,,,,,,,,,,,0.0,0.0
9638,400233,,,,,,,,,,,,,,,,,,,,,,,,,,,,,,,,,0.0,0.0
9639,400267,,,,,,,,,,,,,,,,,,,,,,,,,,,,,,,,,0.0,0.0
9640,400300,,,,,,,,,,,,,,,,,,,,,,,,,,,,,,,,,0.0,0.0
9641,400333,,,,,,,,,,,,,,,,,,,,,,,,,,,,,,,,,0.0,0.0
9642,400367,,,,,,,,,,,,,,,,,,,,,,,,,,,,,,,,,0.0,0.0
9643,400400,,,,,,,,,,,,,,,,,,,,,,,,,,,,,,,,,0.0,0.0
9644,400433,,,,,,,,,,,,,,,,,,,,,,,,,,,,,,,,,0.0,0.0
9645,400467,,,,,,,,,,,,,,,,,,,,,,,,,,,,,,,,,0.0,0.0
9646,400500,,,,,,,,,,,,,,,,,,,,,,,,,,,,,,,,,0.0,0.0
9647,400533,,,,,,,,,,,,,,,,,,,,,,,,,,,,,,,,,0.0,0.0
9648,400600,,,,,,,,,,,,,,,,,,,,,,,,,,,,,,,,,0.0,0.0
9649,400633,,,,,,,,,,,,,,,,,,,,,,,,,,,,,,,,,0.0,0.0
9650,400667,,,,,,,,,,,,,,,,,,,,,,,,,,,,,,,,,0.0,0.0
9651,400700,,,,,,,,,,,,,,,,,,,,,,,,,,,,,,,,,0.0,0.0
9652,400733,,,,,,,,,,,,,,,,,,,,,,,,,,,,,,,,,0.0,0.0
9653,400767,,,,,,,,,,,,,,,,,,,,,,,,,,,,,,,,,0.0,0.0
9654,400800,,,,,,,,,,,,,,,,,,,,,,,,,,,,,,,,,0.0,0.0
9655,400833,,,,,,,,,,,,,,,,,,,,,,,,,,,,,,,,,0.0,0.0
9656,400900,,,,,,,,,,,,,,,,,,,,,,,,,,,,,,,,,0.0,0.0
9657,400933,,,,,,,,,,,,,,,,,,,,,,,,,,,,,,,,,0.0,0.0
9658,400967,,,,,,,,,,,,,,,,,,,,,,,,,,,,,,,equipment_primary_tool_action,Left,0.0,0.0
9659,401000,,,,,,,,,,,,,,,,,,,,,,,,,,,,,,,equipment_primary_tool_action,Left,0.0,0.0
9660,401033,,,,,,,,,,,,,,,,,,,,,,,,,,,,,,,equipment_primary_tool_action,Left,0.0,0.0
9661,401067,,,,,,,,,,,,,,,,,,,,,,,,,,,,,,,equipment_primary_tool_action,Left,0.0,0.0
9662,401100,,,,,,,,,,,,,,,,,,,,,,,,,,,,,,,equipment_primary_tool_action,Left,0.0,0.0
9663,401133,,,,,,,,,,,,,,,,,,,,,,,,,,,,,,,equipment_primary_tool_action,Left,0.0,0.0
9664,401167,,,,,,,,,,,,,,,,,,,,,,,,,,,,,,,equipment_primary_tool_action,Left,0.0,0.0
9665,401200,,,,,,,,,,,,,,,,,,,,,,,,,,,,,,,equipment_primary_tool_action,Left,0.0,0.0
9666,401233,,,,,,,,,,,,,,,,,,,,,,,,,,,,,,,equipment_primary_tool_action,Left,0.0,0.0
9667,401267,,,,,,,,,,,,,,,,,,,,,,,,,,,,,,,equipment_primary_tool_action,Left,0.0,0.0
9668,401300,,,,,,,,,,,,,,,,,,,,,,,,,,,,,,,,,0.0,0.0
9669,401367,,,,,,,,,,,,,,,,,,,,,,,,,,,,,,,,,0.0,0.0
9670,401400,,,,,,,,,,,,,,,,,,,,,,,,,,,,,,,,,0.0,0.0
9671,401433,,,,,,,,,,,,,,,,,,,,,,,,,,,,,,,,,0.0,0.0
9672,401467,,,,,,,,,,,,,,,,,,,,,,,,,,,,,,,,,0.0,0.0
9673,401500,,,,,,,,,,,,,,,,,,,,,,,,,,,,,,,,,0.0,0.0
9674,401533,,,,,,,,,,,,,,,,,,,,,,,,,,,,,,,,,0.0,0.0
9675,401567,,,,,,,,,,,,,,,,,,,,,,,,,,,,,,,,,0.0,0.0
9676,401600,,,,,,,,,,,,,,,,,,,,,,,,,,,,,,,,,0.0,0.0
9677,401633,,,,,,,,,,,,,,,,,,,,,,,,,,,,,,,,,0.0,0.0
9678,401667,,,,,,,,,,,,,,,,,,,,,,,,,,,,,,,,,0.0,0.0
9679,401733,,,,,,,,,,,,,,,,,,,,,,,,,,,,,,,,,0.0,0.0
9680,401767,,,,,,,,,,,,,,,,,,,,,,,,,,,,,,,,,0.0,0.0
9681,401800,,,,,,,,,,,,,,,,,,,,,,,,,,,,,,,,,0.0,0.0
9682,401833,,,,,,,,,,,,,,,,,,,,,,,,,,,,,,,,,0.0,0.0
9683,401867,,,,,,,,,,,,,,,,,,,,,,,,,,,,,,,,,0.0,0.0
9684,401900,,,,,,,,,,,,,,,,,,,,,,,,,,,,,,,,,0.0,0.0
9685,401933,,,,,,,,,,,,,,,,,,,,,,,,,,,,,,,,,0.0,0.0
9686,401967,,,,,,,,,,,,,,,,,,,,,,,,,,,,,,,,,0.0,0.0
9687,402000,,,,,,,,,,,,,,,,,,,,,,,,,,,,,,,,,0.0,0.0
9688,402033,,,,,,,,,,,,,,,,,,,,,,,,,,,,,,,,,0.0,0.0
9689,402067,,,,,,,,,,,,,,,,,,,,,,,,,,,,,,,,,0.0,0.0
9690,402133,,,,,,,,,,,,,,,,,,,,,,,,,,,,,,,,,0.0,0.0
9691,402167,,,,,,,,,,,,,,,,,,,,,,,,,,,,,,,,,0.0,0.0
9692,402200,,,,,,,,,,,,,,,,,,,,,,,,,,,,,,,,,0.0,0.0
9693,402233,,,,,,,,,,,,,,,,,,,,,,,,,,,,,,,,,0.0,0.0
9694,402267,,,,,,,,,,,,,,,,,,,,,,,,,,,,,,,,,0.0,0.0
9695,402300,,,,,,,,,,,,,,,,,,,,,,,,,,,,,,,,,0.0,0.0
9696,402333,,,,,,,,,,,,,,,,,,,,,,,,,,,,,,,,,0.0,0.0
9697,402367,,,,,,,,,,,,,,,,,,,,,,,,,,,,,,,,,0.0,0.0
9698,402400,,,,,,,,,,,,,,,,,,,,,,,,,,,,,,,,,0.0,0.0
9699,402433,,,,,,,,,,,,,,,,,,,,,,,,,,,,,,,,,0.0,0.0
9700,402467,,,,,,,,,,,,,,,,,,,,,,,,,,,,,,,,,0.0,0.0
9701,402533,,,,,,,,,,,,,,,,,,,,,,,,,,,,,,,,,0.0,0.0
9702,402567,,,,,,,,,,,,,,,,,,,,,,,,,,,,,,,,,0.0,0.0
9703,402600,,,,,,,,,,,,,,,,,,,,,,,,,,,,,,,,,0.0,0.0
9704,402633,,,,,,,,,,,,,,,,,,,,,,,,,,,,,,,,,0.0,0.0
9705,402667,,,,,,,,,,,,,,,,,,,,,,,,,,,,,,,,,0.0,0.0
9706,402700,,,,,,,,,,,,,,,,,,,,,,,,,,,,,,,,,0.0,0.0
9707,402733,,,,,,,,,,,,,,,,,,,,,,,,,,,,,,,,,0.0,0.0
9708,402767,,,,,,,,,,,,,,,,,,,,,,,,,,,,,,,,,0.0,0.0
9709,402800,,,,,,,,,,,,,,,,,,,,,,,,,,,,,,,,,0.0,0.0
9710,402833,,,,,,,,,,,,,,,,,,,,,,,,,,,,,,,,,0.0,0.0
9711,402867,,,,,,,,,,,,,,,,,,,,,,,,,,,,,,,,,0.0,0.0
9712,402900,,,,,,,,,,,,,,,,,,,,,,,,,,,,,,,,,0.0,0.0
9713,402933,,,,,,,,,,,,,,,,,,,,,,,,,,,,,,,,,0.0,0.0
9714,402967,,,,,,,,,,,,,,,,,,,,,,,,,,,,,,,,,0.0,0.0
9715,403000,,,,,,,,,,,,,,,,,,,,,,,,,,,,,,,,,0.0,0.0
9716,403033,,,,,,,,,,,,,,,,,,,,,,,,,,,,,,,,,0.0,0.0
9717,403067,,,,,,,,,,,,,,,,,,,,,,,,,,,,,,,,,0.0,0.0
9718,403100,,,,,,,,,,,,,,,,,,,,,,,,,,,,,,,,,0.0,0.0
9719,403133,,,,,,,,,,,,,,,,,,,,,,,,,,,,,,,,,0.0,0.0
9720,403167,,,,,,,,,,,,,,,,,,,,,,,,,,,,,,,,,0.0,0.0
9721,403200,,,,,,,,,,,,,,,,,,,,,,,,,,,,,,,,,0.0,0.0
9722,403233,,,,,,,,,,,,,,,,,,,,,,,,,,,,,,,,,0.0,0.0
9723,403267,,,,,,,,,,,,,,,,,,,,,,,,,,,,,,,,,0.0,0.0
9724,403300,,,,,,,,,,,,,,,,,,,,,,,,,,,,,,,movement_look_y_axis,,0.0,-1.0
9725,403333,,,,,,,,,,,,,,,,,,,,,,,,,,,,,,,movement_look_y_axis,,0.0,-2.0
9726,403367,,,,,,,,,,,,,,,,,,,,,,,,,,,,,,,movement_look_x_axis|movement_look_y_axis,,2.0,-4.0
9727,403400,,,,,,,,,,,,,,,,,,,,,,,,,,,,,,,,,0.0,0.0
9728,403433,,,,,,,,,,,,,,,,,,,,,,,,,,,,,,,movement_look_y_axis,,0.0,-1.0
9729,403467,,,,,,,,,,,,,,,,,,,,,,,,,,,,,,,movement_look_x_axis|movement_look_y_axis,,1.0,-1.0
9730,403500,,,,,,,,,,,,,,,,,,,,,,,,,,,,,,,,,0.0,0.0
9731,403567,,,,,,,,,,,,,,,,,,,,,,,,,,,,,,,,,0.0,0.0
9732,403600,,,,,,,,,,,,,,,,,,,,,,,,,,,,,,,,,0.0,0.0
9733,403633,,,,,,,,,,,,,,,,,,,,,,,,,,,,,,,,,0.0,0.0
9734,403667,,,,,,,,,,,,,,,,,,,,,,,,,,,,,,,movement_look_x_axis|equipment_retrieve_scout,Right,3.0,0.0
9735,403700,,,,,,,,,,,,,,,,,,,,,,,,,,,,,,,movement_look_x_axis|equipment_retrieve_scout,Right,2.0,0.0
9736,403733,,,,,,,,,,,,,,,,,,,,,,,,,,,,,,,equipment_retrieve_scout,Right,0.0,0.0
9737,403767,,,,,,,,,,,,,,,,,,,,,,,,,,,,,,,equipment_retrieve_scout,Right,0.0,0.0
9738,403800,,,,,,,,,,,,,,,,,,,,,,,,,,,,,,,equipment_retrieve_scout,Right,0.0,0.0
9739,403833,,,,,,,,,,,,,,,,,,,,,,,,,,,,,,,equipment_retrieve_scout,Right,0.0,0.0
9740,403867,,,,,,,,,,,,,,,,,,,,,,,,,,,,,,,equipment_retrieve_scout,Right,0.0,0.0
9741,403900,,,,,,,,,,,,,,,,,,,,,,,,,,,,,,,,,0.0,0.0
9742,403967,,,,,,,,,,,,,,,,,,,,,,,,,,,,,,,,,0.0,0.0
9743,404000,,,,,,,,,,,,,,,,,,,,,,,,,,,,,,,,,0.0,0.0
9744,404033,,,,,,,,,,,,,,,,,,,,,,,,,,,,,,,,,0.0,0.0
9745,404067,,,,,,,,,,,,,,,,,,,,,,,,,,,,,,,,,0.0,0.0
9746,404100,,,,,,,,,,,,,,,,,,,,,,,,,,,,,,,,,0.0,0.0
9747,404133,,,,,,,,,,,,,,,,,,,,,,,,,,,,,,,,,0.0,0.0
9748,404167,,,,,,,,,,,,,,,,,,,,,,,,,,,,,,,,,0.0,0.0
9749,404200,,,,,,,,,,,,,,,,,,,,,,,,,,,,,,,equipment_retrieve_scout,Right,0.0,0.0
9750,404233,,,,,,,,,,,,,,,,,,,,,,,,,,,,,,,equipment_retrieve_scout,Right,0.0,0.0
9751,404267,,,,,,,,,,,,,,,,,,,,,,,,,,,,,,,equipment_retrieve_scout,Right,0.0,0.0
9752,404300,,,,,,,,,,,,,,,,,,,,,,,,,,,,,,,equipment_retrieve_scout,Right,0.0,0.0
9753,404333,,,,,,,,,,,,,,,,,,,,,,,,,,,,,,,equipment_retrieve_scout,Right,0.0,0.0
9754,404367,,,,,,,,,,,,,,,,,,,,,,,,,,,,,,,equipment_retrieve_scout,Right,0.0,0.0
9755,404433,,,,,,,,,,,,,,,,,,,,,,,,,,,,,,,equipment_retrieve_scout,Right,0.0,0.0
9756,404467,,,,,,,,,,,,,,,,,,,,,,,,,,,,,,,equipment_retrieve_scout,Right,0.0,0.0
9757,404500,,,,,,,,,,,,,,,,,,,,,,,,,,,,,,,equipment_retrieve_scout,Right,0.0,0.0
9758,404533,,,,,,,,,,,,,,,,,,,,,,,,,,,,,,,equipment_retrieve_scout,Right,0.0,0.0
9759,404567,,,,,,,,,,,,,,,,,,,,,,,,,,,,,,,equipment_retrieve_scout,Right,0.0,0.0
9760,404600,,,,,,,,,,,,,,,,,,,,,,,,,,,,,,,equipment_retrieve_scout,Right,0.0,0.0
9761,404633,,,,,,,,,,,,,,,,,,,,,,,,,,,,,,,equipment_retrieve_scout,Right,0.0,0.0
9762,404667,,,,,,,,,,,,,,,,,,,,,,,,,,,,,,,equipment_retrieve_scout,Right,0.0,0.0
9763,404700,,,,,,,,,,,,,,,,,,,,,,,,,,,,,,,equipment_retrieve_scout,Right,0.0,0.0
9764,404733,,,,,,,,,,,,,,,,,,,,,,,,,,,,,,,equipment_retrieve_scout,Right,0.0,0.0
9765,404800,,,,,,,,,,,,,,,,,,,,,,,,,,,,,,,equipment_retrieve_scout,Right,0.0,0.0
9766,404833,,,,,,,,,,,,,,,,,,,,,,,,,,,,,,,equipment_retrieve_scout,Right,0.0,0.0
9767,404867,,,,,,,,,,,,,,,,,,,,,,,,,,,,,,,equipment_retrieve_scout,Right,0.0,0.0
9768,404900,,,,,,,,,,,,,,,,,,,,,,,,,,,,,,,equipment_retrieve_scout,Right,0.0,0.0
9769,404933,,,,,,,,,,,,,,,,,,,,,,,,,,,,,,,equipment_retrieve_scout,Right,0.0,0.0
9770,404967,,,,,,,,,,,,,,,,,,,,,,,,,,,,,,,equipment_retrieve_scout,Right,0.0,0.0
9771,405033,,,,,,,,,,,,,,,,,,,,,,,,,,,,,,,equipment_retrieve_scout,Right,0.0,0.0
9772,405067,,,,,,,,,,,,,,,,,,,,,,,,,,,,,,,equipment_retrieve_scout,Right,0.0,0.0
9773,405100,,,,,,,,,,,,,,,,,,,,,,,,,,,,,,,equipment_retrieve_scout,Right,0.0,0.0
9774,405133,,,,,,,,,,,,,,,,,,,,,,,,,,,,,,,equipment_retrieve_scout,Right,0.0,0.0
9775,405200,,,,,,,,,,,,,,,,,,,,,,,,,,,,,,,,,0.0,0.0
9776,405233,,,,,,,,,,,,,,,,,,,,,,,,,,,,,,,,,0.0,0.0
9777,405267,,,,,,,,,,,,,,,,,,,,,,,,,,,,,,,,,0.0,0.0
9778,405300,,,,,,,,,,,,,,,,,,,,,,,,,,,,,,,,,0.0,0.0
9779,405333,,,,,,,,,,,,,,,,,,,,,,,,,,,,,,,,,0.0,0.0
9780,405367,,,,,,,,,,,,,,,,,,,,,,,,,,,,,,,,,0.0,0.0
9781,405400,,,,,,,,,,,,,,,,,,,,,,,,,,,,,,,,,0.0,0.0
9782,405433,,,,,,,,,,,,,,,,,,,,,,,,,,,,,,,,,0.0,0.0
9783,405467,,,,,,,,,,,,,,,,,,,,,,,,,,,,,,,equipment_retrieve_scout,Right,0.0,0.0
9784,405500,,,,,,,,,,,,,,,,,,,,,,,,,,,,,,,equipment_retrieve_scout,Right,0.0,0.0
9785,405533,,,,,,,,,,,,,,,,,,,,,,,,,,,,,,,equipment_retrieve_scout,Right,0.0,0.0
9786,405567,,,,,,,,,,,,,,,,,,,,,,,,,,,,,,,equipment_retrieve_scout,Right,0.0,0.0
9787,405633,,,,,,,,,,,,,,,,,,,,,,,,,,,,,,,equipment_retrieve_scout,Right,0.0,0.0
9788,405667,,,,,,,,,,,,,,,,,,,,,,,,,,,,,,,,,0.0,0.0
9789,405700,,,,,,,,,,,,,,,,,,,,,,,,,,,,,,,,,0.0,0.0
9790,405733,,,,,,,,,,,,,,,,,,,,,,,,,,,,,,,,,0.0,0.0
9791,405767,,,,,,,,,,,,,,,,,,,,,,,,,,,,,,,equipment_retrieve_scout,Right,0.0,0.0
9792,405800,,,,,,,,,,,,,,,,,,,,,,,,,,,,,,,equipment_retrieve_scout,Right,0.0,0.0
9793,405833,,,,,,,,,,,,,,,,,,,,,,,,,,,,,,,equipment_retrieve_scout,Right,0.0,0.0
9794,405867,,,,,,,,,,,,,,,,,,,,,,,,,,,,,,,equipment_retrieve_scout,Right,0.0,0.0
9795,405900,,,,,,,,,,,,,,,,,,,,,,,,,,,,,,,equipment_retrieve_scout,Right,0.0,0.0
9796,405933,,,,,,,,,,,,,,,,,,,,,,,,,,,,,,,equipment_retrieve_scout,Right,0.0,0.0
9797,405967,,,,,,,,,,,,,,,,,,,,,,,,,,,,,,,equipment_retrieve_scout,Right,0.0,0.0
9798,406000,,,,,,,,,,,,,,,,,,,,,,,,,,,,,,,equipment_retrieve_scout,Right,0.0,0.0
9799,406033,,,,,,,,,,,,,,,,,,,,,,,,,,,,,,,,,0.0,0.0
9800,406067,,,,,,,,,,,,,,,,,,,,,,,,,,,,,,,,,0.0,0.0
9801,406100,,,,,,,,,,,,,,,,,,,,,,,,,,,,,,,,,0.0,0.0
9802,406133,,,,,,,,,,,,,,,,,,,,,,,,,,,,,,,equipment_retrieve_scout,Right,0.0,0.0
9803,406167,,,,,,,,,,,,,,,,,,,,,,,,,,,,,,,equipment_retrieve_scout,Right,0.0,0.0
9804,406200,,,,,,,,,,,,,,,,,,,,,,,,,,,,,,,equipment_retrieve_scout,Right,0.0,0.0
9805,406233,,,,,,,,,,,,,,,,,,,,,,,,,,,,,,,equipment_retrieve_scout,Right,0.0,0.0
9806,406267,,,,,,,,,,,,,,,,,,,,,,,,,,,,,,,equipment_retrieve_scout,Right,0.0,0.0
9807,406333,,,,,,,,,,,,,,,,,,,,,,,,,,,,,,,equipment_retrieve_scout,Right,0.0,0.0
9808,406367,,,,,,,,,,,,,,,,,,,,,,,,,,,,,,,equipment_retrieve_scout,Right,0.0,0.0
9809,406400,,,,,,,,,,,,,,,,,,,,,,,,,,,,,,,equipment_retrieve_scout,Right,0.0,0.0
9810,406433,,,,,,,,,,,,,,,,,,,,,,,,,,,,,,,equipment_retrieve_scout,Right,0.0,0.0
9811,406467,,,,,,,,,,,,,,,,,,,,,,,,,,,,,,,equipment_retrieve_scout,Right,0.0,0.0
9812,406500,,,,,,,,,,,,,,,,,,,,,,,,,,,,,,,equipment_retrieve_scout,Right,0.0,0.0
9813,406533,,,,,,,,,,,,,,,,,,,,,,,,,,,,,,,equipment_retrieve_scout,Right,0.0,0.0
9814,406567,,,,,,,,,,,,,,,,,,,,,,,,,,,,,,,equipment_retrieve_scout,Right,0.0,0.0
9815,406600,,,,,,,,,,,,,,,,,,,,,,,,,,,,,,,equipment_retrieve_scout,Right,0.0,0.0
9816,406633,,,,,,,,,,,,,,,,,,,,,,,,,,,,,,,equipment_retrieve_scout,Right,0.0,0.0
9817,406667,,,,,,,,,,,,,,,,,,,,,,,,,,,,,,,equipment_retrieve_scout,Right,0.0,0.0
9818,406700,,,,,,,,,,,,,,,,,,,,,,,,,,,,,,,equipment_retrieve_scout,Right,0.0,0.0
9819,406733,,,,,,,,,,,,,,,,,,,,,,,,,,,,,,,equipment_retrieve_scout,Right,0.0,0.0
9820,406800,,,,,,,,,,,,,,,,,,,,,,,,,,,,,,,equipment_retrieve_scout,Right,0.0,0.0
9821,406833,,,,,,,,,,,,,,,,,,,,,,,,,,,,,,,equipment_retrieve_scout,Right,0.0,0.0
9822,406867,,,,,,,,,,,,,,,,,,,,,,,,,,,,,,,equipment_retrieve_scout,Right,0.0,0.0
9823,406900,,,,,,,,,,,,,,,,,,,,,,,,,,,,,,,equipment_retrieve_scout,Right,0.0,0.0
9824,406933,,,,,,,,,,,,,,,,,,,,,,,,,,,,,,,equipment_retrieve_scout,Right,0.0,0.0
9825,406967,,,,,,,,,,,,,,,,,,,,,,,,,,,,,,,equipment_retrieve_scout,Right,0.0,0.0
9826,407000,,,,,,,,,,,,,,,,,,,,,,,,,,,,,,,equipment_retrieve_scout,Right,0.0,0.0
9827,407033,,,,,,,,,,,,,,,,,,,,,,,,,,,,,,,,,0.0,0.0
9828,407067,,,,,,,,,,,,,,,,,,,,,,,,,,,,,,,,,0.0,0.0
9829,407133,,,,,,,,,,,,,,,,,,,,,,,,,,,,,,,equipment_retrieve_scout,Right,0.0,0.0
9830,407167,,,,,,,,,,,,,,,,,,,,,,,,,,,,,,,equipment_retrieve_scout,Right,0.0,0.0
9831,407200,,,,,,,,,,,,,,,,,,,,,,,,,,,,,,,equipment_retrieve_scout,Right,0.0,0.0
9832,407233,,,,,,,,,,,,,,,,,,,,,,,,,,,,,,,equipment_retrieve_scout,Right,0.0,0.0
9833,407267,,,,,,,,,,,,,,,,,,,,,,,,,,,,,,,equipment_retrieve_scout,Right,0.0,0.0
9834,407300,,,,,,,,,,,,,,,,,,,,,,,,,,,,,,,equipment_retrieve_scout,Right,0.0,0.0
9835,407333,,,,,,,,,,,,,,,,,,,,,,,,,,,,,,,equipment_retrieve_scout,Right,0.0,0.0
9836,407367,,,,,,,,,,,,,,,,,,,,,,,,,,,,,,,,,0.0,0.0
9837,407400,,,,,,,,,,,,,,,,,,,,,,,,,,,,,,,,,0.0,0.0
9838,407433,,,,,,,,,,,,,,,,,,,,,,,,,,,,,,,,,0.0,0.0
9839,407500,,,,,,,,,,,,,,,,,,,,,,,,,,,,,,,,,0.0,0.0
9840,407533,,,,,,,,,,,,,,,,,,,,,,,,,,,,,,,,,0.0,0.0
9841,407567,,,,,,,,,,,,,,,,,,,,,,,,,,,,,,,,,0.0,0.0
9842,407600,,,,,,,,,,,,,,,,,,,,,,,,,,,,,,,,,0.0,0.0
9843,407633,,,,,,,,,,,,,,,,,,,,,,,,,,,,,,,,,0.0,0.0
9844,407667,,,,,,,,,,,,,,,,,,,,,,,,,,,,,,,,,0.0,0.0
9845,407700,,,,,,,,,,,,,,,,,,,,,,,,,,,,,,,,,0.0,0.0
9846,407733,,,,,,,,,,,,,,,,,,,,,,,,,,,,,,,,,0.0,0.0
9847,407767,,,,,,,,,,,,,,,,,,,,,,,,,,,,,,,,,0.0,0.0
9848,407800,,,,,,,,,,,,,,,,,,,,,,,,,,,,,,,,,0.0,0.0
9849,407833,,,,,,,,,,,,,,,,,,,,,,,,,,,,,,,,,0.0,0.0
9850,407867,,,,,,,,,,,,,,,,,,,,,,,,,,,,,,,,,0.0,0.0
9851,407900,,,,,,,,,,,,,,,,,,,,,,,,,,,,,,,,,0.0,0.0
9852,407933,,,,,,,,,,,,,,,,,,,,,,,,,,,,,,,,,0.0,0.0
9853,407967,,,,,,,,,,,,,,,,,,,,,,,,,,,,,,,,,0.0,0.0
9854,408000,,,,,,,,,,,,,,,,,,,,,,,,,,,,,,,,,0.0,0.0
9855,408033,,,,,,,,,,,,,,,,,,,,,,,,,,,,,,,,,0.0,0.0
9856,408067,,,,,,,,,,,,,,,,,,,,,,,,,,,,,,,,,0.0,0.0
9857,408100,,,,,,,,,,,,,,,,,,,,,,,,,,,,,,,,,0.0,0.0
9858,408133,,,,,,,,,,,,,,,,,,,,,,,,,,,,,,,,,0.0,0.0
9859,408200,,,,,,,,,,,,,,,,,,,,,,,,,,,,,,,,,0.0,0.0
9860,408233,,,,,,,,,,,,,,,,,,,,,,,,,,,,,,,equipment_retrieve_scout,Right,0.0,0.0
9861,408267,,,,,,,,,,,,,,,,,,,,,,,,,,,,,,,equipment_retrieve_scout,Right,0.0,0.0
9862,408300,,,,,,,,,,,,,,,,,,,,,,,,,,,,,,,equipment_retrieve_scout,Right,0.0,0.0
9863,408333,,,,,,,,,,,,,,,,,,,,,,,,,,,,,,,equipment_retrieve_scout,Right,0.0,0.0
9864,408367,,,,,,,,,,,,,,,,,,,,,,,,,,,,,,,equipment_retrieve_scout,Right,0.0,0.0
9865,408400,,,,,,,,,,,,,,,,,,,,,,,,,,,,,,,equipment_retrieve_scout,Right,0.0,0.0
9866,408433,,,,,,,,,,,,,,,,,,,,,,,,,,,,,,,equipment_retrieve_scout,Right,0.0,0.0
9867,408467,,,,,,,,,,,,,,,,,,,,,,,,,,,,,,,equipment_retrieve_scout,Right,0.0,0.0
9868,408500,,,,,,,,,,,,,,,,,,,,,,,,,,,,,,,equipment_retrieve_scout,Right,0.0,0.0
9869,408533,,,,,,,,,,,,,,,,,,,,,,,,,,,,,,,equipment_retrieve_scout,Right,0.0,0.0
9870,408567,,,,,,,,,,,,,,,,,,,,,,,,,,,,,,,equipment_retrieve_scout,Right,0.0,0.0
9871,408600,,,,,,,,,,,,,,,,,,,,,,,,,,,,,,,equipment_retrieve_scout,Right,0.0,0.0
9872,408633,,,,,,,,,,,,,,,,,,,,,,,,,,,,,,,equipment_retrieve_scout,Right,0.0,0.0
9873,408667,,,,,,,,,,,,,,,,,,,,,,,,,,,,,,,equipment_retrieve_scout,Right,0.0,0.0
9874,408700,,,,,,,,,,,,,,,,,,,,,,,,,,,,,,,equipment_retrieve_scout,Right,0.0,0.0
9875,408733,,,,,,,,,,,,,,,,,,,,,,,,,,,,,,,equipment_retrieve_scout,Right,0.0,0.0
9876,408767,,,,,,,,,,,,,,,,,,,,,,,,,,,,,,,equipment_retrieve_scout,Right,0.0,0.0
9877,408800,,,,,,,,,,,,,,,,,,,,,,,,,,,,,,,,,0.0,0.0
9878,408833,,,,,,,,,,,,,,,,,,,,,,,,,,,,,,,,,0.0,0.0
9879,408867,,,,,,,,,,,,,,,,,,,,,,,,,,,,,,,,,0.0,0.0
9880,408900,,,,,,,,,,,,,,,,,,,,,,,,,,,,,,,,,0.0,0.0
9881,408933,,,,,,,,,,,,,,,,,,,,,,,,,,,,,,,,,0.0,0.0
9882,408967,,,,,,,,,,,,,,,,,,,,,,,,,,,,,,,,,0.0,0.0
9883,409000,,,,,,,,,,,,,,,,,,,,,,,,,,,,,,,,,0.0,0.0
9884,409033,,,,,,,,,,,,,,,,,,,,,,,,,,,,,,,,,0.0,0.0
9885,409067,,,,,,,,,,,,,,,,,,,,,,,,,,,,,,,,,0.0,0.0
9886,409100,,,,,,,,,,,,,,,,,,,,,,,,,,,,,,,equipment_retrieve_scout,Right,0.0,0.0
9887,409133,,,,,,,,,,,,,,,,,,,,,,,,,,,,,,,equipment_retrieve_scout,Right,0.0,0.0
9888,409167,,,,,,,,,,,,,,,,,,,,,,,,,,,,,,,equipment_retrieve_scout,Right,0.0,0.0
9889,409200,,,,,,,,,,,,,,,,,,,,,,,,,,,,,,,equipment_retrieve_scout,Right,0.0,0.0
9890,409233,,,,,,,,,,,,,,,,,,,,,,,,,,,,,,,equipment_retrieve_scout,Right,0.0,0.0
9891,409267,,,,,,,,,,,,,,,,,,,,,,,,,,,,,,,equipment_retrieve_scout,Right,0.0,0.0
9892,409333,,,,,,,,,,,,,,,,,,,,,,,,,,,,,,,equipment_retrieve_scout,Right,0.0,0.0
9893,409367,,,,,,,,,,,,,,,,,,,,,,,,,,,,,,,equipment_retrieve_scout,Right,0.0,0.0
9894,409400,,,,,,,,,,,,,,,,,,,,,,,,,,,,,,,equipment_retrieve_scout,Right,0.0,0.0
9895,409433,,,,,,,,,,,,,,,,,,,,,,,,,,,,,,,equipment_retrieve_scout,Right,0.0,0.0
9896,409467,,,,,,,,,,,,,,,,,,,,,,,,,,,,,,,equipment_retrieve_scout,Right,0.0,0.0
9897,409500,,,,,,,,,,,,,,,,,,,,,,,,,,,,,,,equipment_retrieve_scout,Right,0.0,0.0
9898,409533,,,,,,,,,,,,,,,,,,,,,,,,,,,,,,,equipment_retrieve_scout,Right,0.0,0.0
9899,409567,,,,,,,,,,,,,,,,,,,,,,,,,,,,,,,equipment_retrieve_scout,Right,0.0,0.0
9900,409600,,,,,,,,,,,,,,,,,,,,,,,,,,,,,,,equipment_retrieve_scout,Right,0.0,0.0
9901,409633,,,,,,,,,,,,,,,,,,,,,,,,,,,,,,,equipment_retrieve_scout,Right,0.0,0.0
9902,409700,,,,,,,,,,,,,,,,,,,,,,,,,,,,,,,equipment_retrieve_scout,Right,0.0,0.0
9903,409733,,,,,,,,,,,,,,,,,,,,,,,,,,,,,,,equipment_retrieve_scout,Right,0.0,0.0
9904,409767,,,,,,,,,,,,,,,,,,,,,,,,,,,,,,,equipment_retrieve_scout,Right,0.0,0.0
9905,409800,,,,,,,,,,,,,,,,,,,,,,,,,,,,,,,equipment_retrieve_scout,Right,0.0,0.0
9906,409833,,,,,,,,,,,,,,,,,,,,,,,,,,,,,,,equipment_retrieve_scout,Right,0.0,0.0
9907,409867,,,,,,,,,,,,,,,,,,,,,,,,,,,,,,,equipment_retrieve_scout,Right,0.0,0.0
9908,409900,,,,,,,,,,,,,,,,,,,,,,,,,,,,,,,equipment_retrieve_scout,Right,0.0,0.0
9909,409933,,,,,,,,,,,,,,,,,,,,,,,,,,,,,,,,,0.0,0.0
9910,409967,,,,,,,,,,,,,,,,,,,,,,,,,,,,,,,equipment_retrieve_scout,Right,0.0,0.0
9911,410000,,,,,,,,,,,,,,,,,,,,,,,,,,,,,,,equipment_retrieve_scout,Right,0.0,0.0
9912,410033,,,,,,,,,,,,,,,,,,,,,,,,,,,,,,,equipment_retrieve_scout,Right,0.0,0.0
9913,410100,,,,,,,,,,,,,,,,,,,,,,,,,,,,,,,equipment_retrieve_scout,Right,0.0,0.0
9914,410133,,,,,,,,,,,,,,,,,,,,,,,,,,,,,,,equipment_retrieve_scout,Right,0.0,0.0
9915,410167,,,,,,,,,,,,,,,,,,,,,,,,,,,,,,,equipment_retrieve_scout,Right,0.0,0.0
9916,410200,,,,,,,,,,,,,,,,,,,,,,,,,,,,,,,equipment_retrieve_scout,Right,0.0,0.0
9917,410233,,,,,,,,,,,,,,,,,,,,,,,,,,,,,,,equipment_retrieve_scout,Right,0.0,0.0
9918,410267,,,,,,,,,,,,,,,,,,,,,,,,,,,,,,,equipment_retrieve_scout,Right,0.0,0.0
9919,410300,,,,,,,,,,,,,,,,,,,,,,,,,,,,,,,equipment_retrieve_scout,Right,0.0,0.0
9920,410333,,,,,,,,,,,,,,,,,,,,,,,,,,,,,,,equipment_retrieve_scout,Right,0.0,0.0
9921,410367,,,,,,,,,,,,,,,,,,,,,,,,,,,,,,,equipment_retrieve_scout,Right,0.0,0.0
9922,410400,,,,,,,,,,,,,,,,,,,,,,,,,,,,,,,equipment_retrieve_scout,Right,0.0,0.0
9923,410433,,,,,,,,,,,,,,,,,,,,,,,,,,,,,,,equipment_retrieve_scout,Right,0.0,0.0
9924,410467,,,,,,,,,,,,,,,,,,,,,,,,,,,,,,,equipment_retrieve_scout,Right,0.0,0.0
9925,410533,,,,,,,,,,,,,,,,,,,,,,,,,,,,,,,,,0.0,0.0
9926,410567,,,,,,,,,,,,,,,,,,,,,,,,,,,,,,,,,0.0,0.0
9927,410600,,,,,,,,,,,,,,,,,,,,,,,,,,,,,,,,,0.0,0.0
9928,410633,,,,,,,,,,,,,,,,,,,,,,,,,,,,,,,,,0.0,0.0
9929,410667,,,,,,,,,,,,,,,,,,,,,,,,,,,,,,,,,0.0,0.0
9930,410700,,,,,,,,,,,,,,,,,,,,,,,,,,,,,,,,,0.0,0.0
9931,410767,,,,,,,,,,,,,,,,,,,,,,,,,,,,,,,,,0.0,0.0
9932,410800,,,,,,,,,,,,,,,,,,,,,,,,,,,,,,,,,0.0,0.0
9933,410833,,,,,,,,,,,,,,,,,,,,,,,,,,,,,,,,,0.0,0.0
9934,410867,,,,,,,,,,,,,,,,,,,,,,,,,,,,,,,,,0.0,0.0
9935,410900,,,,,,,,,,,,,,,,,,,,,,,,,,,,,,,,,0.0,0.0
9936,410967,,,,,,,,,,,,,,,,,,,,,,,,,,,,,,,,,0.0,0.0
9937,411000,,,,,,,,,,,,,,,,,,,,,,,,,,,,,,,,,0.0,0.0
9938,411033,,,,,,,,,,,,,,,,,,,,,,,,,,,,,,,,,0.0,0.0
9939,411067,,,,,,,,,,,,,,,,,,,,,,,,,,,,,,,,,0.0,0.0
9940,411100,,,,,,,,,,,,,,,,,,,,,,,,,,,,,,,,,0.0,0.0
9941,411133,,,,,,,,,,,,,,,,,,,,,,,,,,,,,,,,,0.0,0.0
9942,411167,,,,,,,,,,,,,,,,,,,,,,,,,,,,,,,,,0.0,0.0
9943,411233,,,,,,,,,,,,,,,,,,,,,,,,,,,,,,,,,0.0,0.0
9944,411267,,,,,,,,,,,,,,,,,,,,,,,,,,,,,,,,,0.0,0.0
9945,411300,,,,,,,,,,,,,,,,,,,,,,,,,,,,,,,,,0.0,0.0
9946,411333,,,,,,,,,,,,,,,,,,,,,,,,,,,,,,,,,0.0,0.0
9947,411367,,,,,,,,,,,,,,,,,,,,,,,,,,,,,,,,,0.0,0.0
9948,411400,,,,,,,,,,,,,,,,,,,,,,,,,,,,,,,,,0.0,0.0
9949,411433,,,,,,,,,,,,,,,,,,,,,,,,,,,,,,,,,0.0,0.0
9950,411467,,,,,,,,,,,,,,,,,,,,,,,,,,,,,,,,,0.0,0.0
9951,411500,,,,,,,,,,,,,,,,,,,,,,,,,,,,,,,,,0.0,0.0
9952,411533,,,,,,,,,,,,,,,,,,,,,,,,,,,,,,,,,0.0,0.0
9953,411567,,,,,,,,,,,,,,,,,,,,,,,,,,,,,,,,,0.0,0.0
9954,411633,,,,,,,,,,,,,,,,,,,,,,,,,,,,,,,,,0.0,0.0
9955,411667,,,,,,,,,,,,,,,,,,,,,,,,,,,,,,,equipment_retrieve_scout,Right,0.0,0.0
9956,411700,,,,,,,,,,,,,,,,,,,,,,,,,,,,,,,equipment_retrieve_scout,Right,0.0,0.0
9957,411733,,,,,,,,,,,,,,,,,,,,,,,,,,,,,,,equipment_retrieve_scout,Right,0.0,0.0
9958,411767,,,,,,,,,,,,,,,,,,,,,,,,,,,,,,,equipment_retrieve_scout,Right,0.0,0.0
9959,411800,,,,,,,,,,,,,,,,,,,,,,,,,,,,,,,equipment_retrieve_scout,Right,0.0,0.0
9960,411833,,,,,,,,,,,,,,,,,,,,,,,,,,,,,,,equipment_retrieve_scout,Right,0.0,0.0
9961,411867,,,,,,,,,,,,,,,,,,,,,,,,,,,,,,,equipment_retrieve_scout,Right,0.0,0.0
9962,411900,,,,,,,,,,,,,,,,,,,,,,,,,,,,,,,,,0.0,0.0
9963,411933,,,,,,,,,,,,,,,,,,,,,,,,,,,,,,,,,0.0,0.0
9964,412000,,,,,,,,,,,,,,,,,,,,,,,,,,,,,,,,,0.0,0.0
9965,412033,,,,,,,,,,,,,,,,,,,,,,,,,,,,,,,,,0.0,0.0
9966,412067,,,,,,,,,,,,,,,,,,,,,,,,,,,,,,,,,0.0,0.0
9967,412100,,,,,,,,,,,,,,,,,,,,,,,,,,,,,,,,,0.0,0.0
9968,412133,,,,,,,,,,,,,,,,,,,,,,,,,,,,,,,,,0.0,0.0
9969,412167,,,,,,,,,,,,,,,,,,,,,,,,,,,,,,,,,0.0,0.0
9970,412200,,,,,,,,,,,,,,,,,,,,,,,,,,,,,,,,,0.0,0.0
9971,412233,,,,,,,,,,,,,,,,,,,,,,,,,,,,,,,,,0.0,0.0
9972,412267,,,,,,,,,,,,,,,,,,,,,,,,,,,,,,,,,0.0,0.0
9973,412333,,,,,,,,,,,,,,,,,,,,,,,,,,,,,,,,,0.0,0.0
9974,412367,,,,,,,,,,,,,,,,,,,,,,,,,,,,,,,,,0.0,0.0
9975,412400,,,,,,,,,,,,,,,,,,,,,,,,,,,,,,,,,0.0,0.0
9976,412433,,,,,,,,,,,,,,,,,,,,,,,,,,,,,,,,,0.0,0.0
9977,412467,,,,,,,,,,,,,,,,,,,,,,,,,,,,,,,,,0.0,0.0
9978,412500,,,,,,,,,,,,,,,,,,,,,,,,,,,,,,,,,0.0,0.0
9979,412533,,,,,,,,,,,,,,,,,,,,,,,,,,,,,,,,,0.0,0.0
9980,412567,,,,,,,,,,,,,,,,,,,,,,,,,,,,,,,,,0.0,0.0
9981,412600,,,,,,,,,,,,,,,,,,,,,,,,,,,,,,,,,0.0,0.0
9982,412633,,,,,,,,,,,,,,,,,,,,,,,,,,,,,,,,,0.0,0.0
9983,412667,,,,,,,,,,,,,,,,,,,,,,,,,,,,,,,,,0.0,0.0
9984,412700,,,,,,,,,,,,,,,,,,,,,,,,,,,,,,,,,0.0,0.0
9985,412733,,,,,,,,,,,,,,,,,,,,,,,,,,,,,,,movement_look_x_axis|equipment_retrieve_scout,Right,2.0,0.0
9986,412767,,,,,,,,,,,,,,,,,,,,,,,,,,,,,,,movement_look_x_axis|equipment_retrieve_scout,Right,1.0,0.0
9987,412833,,,,,,,,,,,,,,,,,,,,,,,,,,,,,,,equipment_retrieve_scout,Right,0.0,0.0
9988,412867,,,,,,,,,,,,,,,,,,,,,,,,,,,,,,,equipment_retrieve_scout,Right,0.0,0.0
9989,412900,,,,,,,,,,,,,,,,,,,,,,,,,,,,,,,equipment_retrieve_scout,Right,0.0,0.0
9990,412933,,,,,,,,,,,,,,,,,,,,,,,,,,,,,,,equipment_retrieve_scout,Right,0.0,0.0
9991,412967,,,,,,,,,,,,,,,,,,,,,,,,,,,,,,,equipment_retrieve_scout,Right,0.0,0.0
9992,413000,,,,,,,,,,,,,,,,,,,,,,,,,,,,,,,equipment_retrieve_scout,Right,0.0,0.0
9993,413033,,,,,,,,,,,,,,,,,,,,,,,,,,,,,,,equipment_retrieve_scout,Right,0.0,0.0
9994,413067,,,,,,,,,,,,,,,,,,,,,,,,,,,,,,,equipment_retrieve_scout,Right,0.0,0.0
9995,413100,,,,,,,,,,,,,,,,,,,,,,,,,,,,,,,equipment_retrieve_scout,Right,0.0,0.0
9996,413133,,,,,,,,,,,,,,,,,,,,,,,,,,,,,,,equipment_retrieve_scout,Right,0.0,0.0
9997,413167,,,,,,,,,,,,,,,,,,,,,,,,,,,,,,,equipment_retrieve_scout,Right,0.0,0.0
9998,413233,,,,,,,,,,,,,,,,,,,,,,,,,,,,,,,equipment_retrieve_scout,Right,0.0,0.0
9999,413267,,,,,,,,,,,,,,,,,,,,,,,,,,,,,,,equipment_retrieve_scout,Right,0.0,0.0
10000,413300,,,,,,,,,,,,,,,,,,,,,,,,,,,,,,,movement_look_x_axis|movement_look_y_axis|equipment_retrieve_scout,Right,1.0,-1.0
10001,413333,,,,,,,,,,,,,,,,,,,,,,,,,,,,,,,movement_look_x_axis|movement_look_y_axis|equipment_retrieve_scout,Right,-1.0,-2.0
10002,413367,,,,,,,,,,,,,,,,,,,,,,,,,,,,,,,,,0.0,0.0
10003,413400,,,,,,,,,,,,,,,,,,,,,,,,,,,,,,,,,0.0,0.0
10004,413433,,,,,,,,,,,,,,,,,,,,,,,,,,,,,,,,,0.0,0.0
10005,413467,,,,,,,,,,,,,,,,,,,,,,,,,,,,,,,,,0.0,0.0
10006,413500,,,,,,,,,,,,,,,,,,,,,,,,,,,,,,,,,0.0,0.0
10007,413567,,,,,,,,,,,,,,,,,,,,,,,,,,,,,,,,,0.0,0.0
10008,413600,,,,,,,,,,,,,,,,,,,,,,,,,,,,,,,,,0.0,0.0
10009,413633,,,,,,,,,,,,,,,,,,,,,,,,,,,,,,,,,0.0,0.0
10010,413667,,,,,,,,,,,,,,,,,,,,,,,,,,,,,,,,,0.0,0.0
10011,413700,,,,,,,,,,,,,,,,,,,,,,,,,,,,,,,,,0.0,0.0
10012,413733,,,,,,,,,,,,,,,,,,,,,,,,,,,,,,,,,0.0,0.0
10013,413767,,,,,,,,,,,,,,,,,,,,,,,,,,,,,,,,,0.0,0.0
10014,413800,,,,,,,,,,,,,,,,,,,,,,,,,,,,,,,,,0.0,0.0
10015,413833,,,,,,,,,,,,,,,,,,,,,,,,,,,,,,,,,0.0,0.0
10016,413867,,,,,,,,,,,,,,,,,,,,,,,,,,,,,,,,,0.0,0.0
10017,413900,,,,,,,,,,,,,,,,,,,,,,,,,,,,,,,,,0.0,0.0
10018,413933,,,,,,,,,,,,,,,,,,,,,,,,,,,,,,,,,0.0,0.0
10019,414000,,,,,,,,,,,,,,,,,,,,,,,,,,,,,,,,,0.0,0.0
10020,414033,,,,,,,,,,,,,,,,,,,,,,,,,,,,,,,movement_look_x_axis|movement_look_y_axis,,-2.0,-3.0
10021,414067,,,,,,,,,,,,,,,,,,,,,,,,,,,,,,,movement_look_x_axis|movement_look_y_axis,,-4.0,-4.0
10022,414100,,,,,,,,,,,,,,,,,,,,,,,,,,,,,,,movement_look_x_axis|movement_look_y_axis,,-7.0,-5.0
10023,414133,,,,,,,,,,,,,,,,,,,,,,,,,,,,,,,movement_look_x_axis|movement_look_y_axis,,-10.0,-5.0
10024,414167,,,,,,,,,,,,,,,,,,,,,,,,,,,,,,,,,0.0,0.0
10025,414200,,,,,,,,,,,,,,,,,,,,,,,,,,,,,,,movement_look_x_axis|movement_look_y_axis,,-1.0,-1.0
10026,414267,,,,,,,,,,,,,,,,,,,,,,,,,,,,,,,,,0.0,0.0
10027,414300,,,,,,,,,,,,,,,,,,,,,,,,,,,,,,,,,0.0,0.0
10028,414333,,,,,,,,,,,,,,,,,,,,,,,,,,,,,,,,,0.0,0.0
10029,414367,,,,,,,,,,,,,,,,,,,,,,,,,,,,,,,,,0.0,0.0
10030,414400,,,,,,,,,,,,,,,,,,,,,,,,,,,,,,,,,0.0,0.0
10031,414433,,,,,,,,,,,,,,,,,,,,,,,,,,,,,,,,,0.0,0.0
10032,414467,,,,,,,,,,,,,,,,,,,,,,,,,,,,,,,,,0.0,0.0
10033,414500,,,,,,,,,,,,,,,,,,,,,,,,,,,,,,,,,0.0,0.0
10034,414533,,,,,,,,,,,,,,,,,,,,,,,,,,,,,,Q,general_cancel,,0.0,0.0
10035,414567,,,,,,,,,,,,,,,,,,,,,,,,,,,,,,Q,general_cancel,,0.0,0.0
10036,414600,,,,,,,,,,,,,,,,,,,,,,,,,,,,,,Q,general_cancel,,0.0,0.0
10037,414633,,,,,,,,,,,,,,,,,,,,,,,,,,,,,,Q,general_cancel,,0.0,0.0
10038,414667,,,,,,,,,,,,,,,,,,,,,,,,,,,,,,,,,0.0,0.0
10039,414700,,,,,,,,,,,,,,,,,,,,,,,,,,,,,,,,,0.0,0.0
10040,414733,,,,,,,,,,,,,,,,,,,,,,,,,,,,,,,,,0.0,0.0
10041,414767,,,,,,,,,,,,,,,,,,,,,,,,,,,,,,,,,0.0,0.0
10042,414800,,,,,,,,,,,,,,,,,,,,,,,,,,,,,,,,,0.0,0.0
10043,414833,,,,,,,,,,,,,,,,,,,,,,,,,,,,,,,,,0.0,0.0
10044,414867,,,,,,,,,,,,,,,,,,,,,,,,,,,,,,,,,0.0,0.0
10045,414900,,,,,,,,,,,,,,,,,,,,,,,,,,,,,,,,,0.0,0.0
10046,414933,,,,,,,,,,,,,,,,,,,,,,,,,,,,,,,movement_look_x_axis|movement_look_y_axis,,1.0,-1.0
10047,414967,,,,,,,,,,,,,,,,,,,,,,,,,,,,,,,movement_look_x_axis|movement_look_y_axis,,66.0,1.0
10048,415033,,,,,,,,,,,,,,,,,,,,,,,,,,,,,,,movement_look_x_axis|movement_look_y_axis,,114.0,3.0
10049,415067,,,,,,,,,,,,,,,,,,,,,,,,,,,,,,,movement_look_x_axis|movement_look_y_axis,,137.0,11.0
10050,415100,,,,,,,,,,,,,,,,,,,,,,,,,,,,,,,movement_look_x_axis|movement_look_y_axis,,172.0,17.0
10051,415133,,,,,,,,,,,,,,,,,,,,,,,,,,,,,,,movement_look_x_axis|movement_look_y_axis,,115.0,14.0
10052,415167,,,,,,,,,,,,,,,,,,,,,,,,,,,,,,,movement_look_x_axis|movement_look_y_axis,,158.0,15.0
10053,415200,,,,,,,,,,,,,,,,,,,,,,,,,,,,,,E,general_primary_interact,,0.0,0.0
10054,415233,,,,,,,,,,,,,,,,,,,,,,,,,,,,,,E,general_primary_interact|movement_look_x_axis,,81.0,0.0
10055,415267,,,,,,,,,,,,,,,,,,,,,,,,,,,,,,E,general_primary_interact|movement_look_x_axis|movement_look_y_axis,,100.0,-9.0
10056,415333,,,,,,,,,,,,,,,,,,,,,,,,,,,,,,E,general_primary_interact,,0.0,0.0
10057,415367,,,,,,,,,,,,,,,,,,,,,,,,,,,,,,E,general_primary_interact,,0.0,0.0
10058,415400,,,,,,,,,,,,,,,,,,,,,,,,,,,,,,E,general_primary_interact,,0.0,0.0
10059,415433,,,,,,,,,,,,,,,,,,,,,,,,,,,,,,E,general_primary_interact,,0.0,0.0
10060,415467,,,,,,,,,,,,,,,,,,,,,,,,,,,,,,E,general_primary_interact,,0.0,0.0
10061,415500,,,,,,,,,,,,,,,,,,,,,,,,,,,,,,E,general_primary_interact,,0.0,0.0
10062,415533,,,,,,,,,,,,,,,,,,,,,,,,,,,,,,E,general_primary_interact,,0.0,0.0
10063,415567,,,,,,,,,,,,,,,,,,,,,,,,,,,,,,E,general_primary_interact,,0.0,0.0
10064,415600,,,,,,,,,,,,,,,,,,,,,,,,,,,,,,E,general_primary_interact|movement_look_x_axis|movement_look_y_axis,,-4.0,-3.0
10065,415633,,,,,,,,,,,,,,,,,,,,,,,,,,,,,,E,general_primary_interact|movement_look_x_axis,,9.0,0.0
10066,415667,,,,,,,,,,,,,,,,,,,,,,,,,,,,,,E,general_primary_interact|movement_look_x_axis,,15.0,0.0
10067,415700,,,,,,,,,,,,,,,,,,,,,,,,,,,,,,E,general_primary_interact|movement_look_x_axis|movement_look_y_axis,,11.0,4.0
10068,415733,,,,,,,,,,,,,,,,,,,,,,,,,,,,,,E,general_primary_interact|movement_look_x_axis|movement_look_y_axis,,71.0,4.0
10069,415800,,,,,,,,,,,,,,,,,,,,,,,,,,,,,,E,general_primary_interact|movement_look_x_axis,,53.0,0.0
10070,415833,,,,,,,,,,,,,,,,,,,,,,,,,,,,,,E,general_primary_interact|movement_look_x_axis|movement_look_y_axis,,30.0,3.0
10071,415867,,,,,,,,,,,,,,,,,,,,,,,,,,,,,,E,general_primary_interact|movement_look_x_axis|movement_look_y_axis,,39.0,7.0
10072,415900,,,,,,,,,,,,,,,,,,,,,,,,,,,,,,E,general_primary_interact|movement_look_x_axis|movement_look_y_axis,,44.0,5.0
10073,415933,,,,,,,,,,,,,,,,,,,,,,,,,,,,,,E,general_primary_interact|movement_look_x_axis|movement_look_y_axis,,71.0,9.0
10074,415967,,,,,,,,,,,,,,,,,,,,,,,,,,,,,,E,general_primary_interact,,0.0,0.0
10075,416000,,,,,,,,,,,,,,,,,,,,,,,,,,,,,,E,general_primary_interact|movement_look_x_axis|movement_look_y_axis,,56.0,1.0
10076,416067,,,,,,,,,,,,,,,,,,,,,,,,,,,,,,,movement_look_x_axis|movement_look_y_axis,,28.0,3.0
10077,416100,,,,,,,,,,,,,,,,,,,,,,,,,,,,,,,movement_look_x_axis,,15.0,0.0
10078,416133,,,,,,,,,,,,,,,,,,,,,,,,,,,,,,,,,0.0,0.0
10079,416167,,,,,,,,,,,,,,,,,,,,,,,,,,,,,,,movement_look_x_axis,,26.0,0.0
10080,416233,,,,,,,,,,,,,,,,,,,,,,,,,,,,,,W,movement_move_y_axis,,0.0,0.0
10081,416267,,,,,,,,,,,,,,,,,,,,,,,,,,,,,,W,movement_move_y_axis|movement_look_x_axis,,14.0,0.0
10082,416300,,,,,,,,,,,,,,,,,,,,,,,,,,,,,,W,movement_move_y_axis|movement_look_x_axis,,15.0,0.0
10083,416333,,,,,,,,,,,,,,,,,,,,,,,,,,,,,,W,movement_move_y_axis|movement_look_x_axis,,17.0,0.0
10084,416367,,,,,,,,,,,,,,,,,,,,,,,,,,,,,,W,movement_move_y_axis|movement_look_x_axis,,15.0,0.0
10085,416400,,,,,,,,,,,,,,,,,,,,,,,,,,,,,,W,movement_move_y_axis,,0.0,0.0
10086,416433,,,,,,,,,,,,,,,,,,,,,,,,,,,,,,W,movement_move_y_axis|movement_look_x_axis,,13.0,0.0
10087,416467,,,,,,,,,,,,,,,,,,,,,,,,,,,,,,W,movement_move_y_axis|movement_look_x_axis,,12.0,0.0
10088,416500,,,,,,,,,,,,,,,,,,,,,,,,,,,,,,,movement_look_x_axis,,11.0,0.0
10089,416533,,,,,,,,,,,,,,,,,,,,,,,,,,,,,,,movement_look_x_axis,,37.0,0.0
10090,416600,,,,,,,,,,,,,,,,,,,,,,,,,,,,,,,movement_look_x_axis,,12.0,0.0
10091,416633,,,,,,,,,,,,,,,,,,,,,,,,,,,,,,,movement_look_x_axis,,13.0,0.0
10092,416667,,,,,,,,,,,,,,,,,,,,,,,,,,,,,,,movement_look_x_axis,,21.0,0.0
10093,416700,,,,,,,,,,,,,,,,,,,,,,,,,,,,,,E,general_primary_interact|movement_look_x_axis,,29.0,0.0
10094,416733,,,,,,,,,,,,,,,,,,,,,,,,,,,,,,E,general_primary_interact|movement_look_x_axis,,52.0,0.0
10095,416800,,,,,,,,,,,,,,,,,,,,,,,,,,,,,,E,general_primary_interact|movement_look_x_axis|movement_look_y_axis,,33.0,3.0
10096,416833,,,,,,,,,,,,,,,,,,,,,,,,,,,,,,E,general_primary_interact|movement_look_x_axis|movement_look_y_axis,,37.0,7.0
10097,416867,,,,,,,,,,,,,,,,,,,,,,,,,,,,,,E,general_primary_interact|movement_look_x_axis|movement_look_y_axis,,35.0,6.0
10098,416900,,,,,,,,,,,,,,,,,,,,,,,,,,,,,,E,general_primary_interact|movement_look_x_axis|movement_look_y_axis,,44.0,6.0
10099,416933,,,,,,,,,,,,,,,,,,,,,,,,,,,,,,E,general_primary_interact|movement_look_x_axis|movement_look_y_axis,,81.0,12.0
10100,416967,,,,,,,,,,,,,,,,,,,,,,,,,,,,,,E,general_primary_interact,,0.0,0.0
10101,417000,,,,,,,,,,,,,,,,,,,,,,,,,,,,,,E,general_primary_interact|movement_look_x_axis|movement_look_y_axis,,34.0,7.0
10102,417033,,,,,,,,,,,,,,,,,,,,,,,,,,,,,,E,general_primary_interact|movement_look_x_axis|movement_look_y_axis,,24.0,3.0
10103,417067,,,,,,,,,,,,,,,,,,,,,,,,,,,,,,E,general_primary_interact|movement_look_x_axis|movement_look_y_axis,,12.0,3.0
10104,417100,,,,,,,,,,,,,,,,,,,,,,,,,,,,,,E,general_primary_interact|movement_look_x_axis,,4.0,0.0
10105,417133,,,,,,,,,,,,,,,,,,,,,,,,,,,,,,,movement_look_x_axis|movement_look_y_axis,,3.0,1.0
10106,417167,,,,,,,,,,,,,,,,,,,,,,,,,,,,,,,movement_look_x_axis|movement_look_y_axis,,9.0,1.0
10107,417200,,,,,,,,,,,,,,,,,,,,,,,,,,,,,,,movement_look_x_axis|movement_look_y_axis,,10.0,1.0
10108,417233,,,,,,,,,,,,,,,,,,,,,,,,,,,,,,,movement_look_x_axis|movement_look_y_axis,,7.0,1.0
10109,417267,,,,,,,,,,,,,,,,,,,,,,,,,,,,,,,movement_look_x_axis,,4.0,0.0
10110,417300,,,,,,,,,,,,,,,,,,,,,,,,,,,,,,W,movement_move_y_axis|movement_look_x_axis,,5.0,0.0
10111,417333,,,,,,,,,,,,,,,,,,,,,,,,,,,,,,W,movement_move_y_axis|movement_look_x_axis,,7.0,0.0
10112,417367,,,,,,,,,,,,,,,,,,,,,,,,,,,,,,W,movement_move_y_axis|movement_look_x_axis,,8.0,0.0
10113,417400,,,,,,,,,,,,,,,,,,,,,,,,,,,,,,W,movement_move_y_axis|movement_look_x_axis,,7.0,0.0
10114,417433,,,,,,,,,,,,,,,,,,,,,,,,,,,,,,W,movement_move_y_axis,,0.0,0.0
10115,417467,,,,,,,,,,,,,,,,,,,,,,,,,,,,,,W,movement_move_y_axis|movement_look_x_axis,,1.0,0.0
10116,417500,,,,,,,,,,,,,,,,,,,,,,,,,,,,,,W,movement_move_y_axis|movement_look_x_axis,,3.0,0.0
10117,417533,,,,,,,,,,,,,,,,,,,,,,,,,,,,,,W,movement_move_y_axis,,0.0,0.0
10118,417600,,,,,,,,,,,,,,,,,,,,,,,,,,,,,,W,movement_move_y_axis,,0.0,0.0
10119,417633,,,,,,,,,,,,,,,,,,,,,,,,,,,,,,W,movement_move_y_axis|movement_look_x_axis,,1.0,0.0
10120,417667,,,,,,,,,,,,,,,,,,,,,,,,,,,,,,W,movement_move_y_axis|movement_look_x_axis,,8.0,0.0
10121,417700,,,,,,,,,,,,,,,,,,,,,,,,,,,,,,W,movement_move_y_axis|movement_look_x_axis,,16.0,0.0
10122,417733,,,,,,,,,,,,,,,,,,,,,,,,,,,,,,W,movement_move_y_axis|movement_look_x_axis,,21.0,0.0
10123,417767,,,,,,,,,,,,,,,,,,,,,,,,,,,,,,W,movement_move_y_axis,,0.0,0.0
10124,417800,,,,,,,,,,,,,,,,,,,,,,,,,,,,,,W,movement_move_y_axis|movement_look_x_axis,,4.0,0.0
10125,417833,,,,,,,,,,,,,,,,,,,,,,,,,,,,,,W,movement_move_y_axis|movement_look_x_axis,,13.0,0.0
10126,417867,,,,,,,,,,,,,,,,,,,,,,,,,,,,,,W,movement_move_y_axis|movement_look_x_axis|movement_look_y_axis,,21.0,4.0
10127,417900,,,,,,,,,,,,,,,,,,,,,,,,,,,,,,W,movement_move_y_axis|movement_look_x_axis|movement_look_y_axis,,67.0,13.0
10128,417933,,,,,,,,,,,,,,,,,,,,,,,,,,,,,,W,movement_move_y_axis|movement_look_x_axis|movement_look_y_axis,,69.0,10.0
10129,417967,,,,,,,,,,,,,,,,,,,,,,,,,,,,,,W,movement_move_y_axis|movement_look_x_axis|movement_look_y_axis,,54.0,3.0
10130,418000,,,,,,,,,,,,,,,,,,,,,,,,,,,,,,W,movement_move_y_axis|movement_look_x_axis|movement_look_y_axis,,43.0,2.0
10131,418033,,,,,,,,,,,,,,,,,,,,,,,,,,,,,,W,movement_move_y_axis|movement_look_x_axis|movement_look_y_axis,,17.0,1.0
10132,418067,,,,,,,,,,,,,,,,,,,,,,,,,,,,,,W,movement_move_y_axis|movement_look_x_axis|movement_look_y_axis,,4.0,-7.0
10133,418100,,,,,,,,,,,,,,,,,,,,,,,,,,,,,,W,movement_move_y_axis,,0.0,0.0
10134,418133,,,,,,,,,,,,,,,,,,,,,,,,,,,,,,W,movement_move_y_axis,,0.0,0.0
10135,418167,,,,,,,,,,,,,,,,,,,,,,,,,,,,,,W,movement_move_y_axis,,0.0,0.0
10136,418200,,,,,,,,,,,,,,,,,,,,,,,,,,,,,,W,movement_move_y_axis,,0.0,0.0
10137,418233,,,,,,,,,,,,,,,,,,,,,,,,,,,,,,W,movement_move_y_axis,,0.0,0.0
10138,418267,,,,,,,,,,,,,,,,,,,,,,,,,,,,,,W,movement_move_y_axis,,0.0,0.0
10139,418433,,,,,,,,,,,,,,,,,,,,,,,,,,,,,,W,movement_move_y_axis,,0.0,0.0
10140,418467,,,,,,,,,,,,,,,,,,,,,,,,,,,,,,W,movement_move_y_axis|movement_look_x_axis|movement_look_y_axis,,-29.0,-2.0
10141,418500,,,,,,,,,,,,,,,,,,,,,,,,,,,,,,A|W,movement_move_x_axis|movement_move_y_axis,,0.0,0.0
10142,418533,,,,,,,,,,,,,,,,,,,,,,,,,,,,,,A|W,movement_move_x_axis|movement_move_y_axis,,0.0,0.0
10143,418567,,,,,,,,,,,,,,,,,,,,,,,,,,,,,,A|W,movement_move_x_axis|movement_move_y_axis,,0.0,0.0
10144,418600,,,,,,,,,,,,,,,,,,,,,,,,,,,,,,A|W,movement_move_x_axis|movement_move_y_axis,,0.0,0.0
10145,418633,,,,,,,,,,,,,,,,,,,,,,,,,,,,,,A|W,movement_move_x_axis|movement_move_y_axis,,0.0,0.0
10146,418667,,,,,,,,,,,,,,,,,,,,,,,,,,,,,,A|W,movement_move_x_axis|movement_move_y_axis|movement_look_x_axis,,11.0,0.0
10147,418767,,,,,,,,,,,,,,,,,,,,,,,,,,,,,,A|W,movement_move_x_axis|movement_move_y_axis|movement_look_x_axis|movement_look_y_axis,,8.0,3.0
10148,418800,,,,,,,,,,,,,,,,,,,,,,,,,,,,,,A|W,movement_move_x_axis|movement_move_y_axis|movement_look_x_axis|movement_look_y_axis,,15.0,3.0
10149,418833,,,,,,,,,,,,,,,,,,,,,,,,,,,,,,A|W,movement_move_x_axis|movement_move_y_axis|movement_look_x_axis|movement_look_y_axis,,84.0,3.0
10150,418900,,,,,,,,,,,,,,,,,,,,,,,,,,,,,,A|W,movement_move_x_axis|movement_move_y_axis|movement_look_x_axis|movement_look_y_axis,,70.0,8.0
10151,419067,,,,,,,,,,,,,,,,,,,,,,,,,,,,,,W,movement_move_y_axis,,0.0,0.0
10152,419100,,,,,,,,,,,,,,,,,,,,,,,,,,,,,,W,movement_move_y_axis|movement_look_x_axis|movement_look_y_axis,,110.0,22.0
10153,419133,,,,,,,,,,,,,,,,,,,,,,,,,,,,,,W,movement_move_y_axis,,0.0,0.0
10154,419200,,,,,,,,,,,,,,,,,,,,,,,,,,,,,,W,movement_move_y_axis,,0.0,0.0
10155,419233,,,,,,,,,,,,,,,,,,,,,,,,,,,,,,W,movement_move_y_axis,,0.0,0.0
10156,419267,,,,,,,,,,,,,,,,,,,,,,,,,,,,,,W,movement_move_y_axis|movement_look_x_axis|movement_look_y_axis,,10.0,2.0
10157,419300,,,,,,,,,,,,,,,,,,,,,,,,,,,,,,W,movement_move_y_axis|movement_look_x_axis|movement_look_y_axis,,9.0,1.0
10158,419333,,,,,,,,,,,,,,,,,,,,,,,,,,,,,,W,movement_move_y_axis|movement_look_x_axis|movement_look_y_axis,,8.0,2.0
10159,419367,,,,,,,,,,,,,,,,,,,,,,,,,,,,,,W,movement_move_y_axis,,0.0,0.0
10160,419400,,,,,,,,,,,,,,,,,,,,,,,,,,,,,,W,movement_move_y_axis|movement_look_x_axis|movement_look_y_axis,,2.0,1.0
10161,419433,,,,,,,,,,,,,,,,,,,,,,,,,,,,,,W,movement_move_y_axis,,0.0,0.0
10162,419467,,,,,,,,,,,,,,,,,,,,,,,,,,,,,,W,movement_move_y_axis,,0.0,0.0
10163,419500,,,,,,,,,,,,,,,,,,,,,,,,,,,,,,W,movement_move_y_axis,,0.0,0.0
10164,419733,,,,,,,,,,,,,,,,,,,,,,,,,,,,,,W,movement_move_y_axis,,0.0,0.0
10165,419767,,,,,,,,,,,,,,,,,,,,,,,,,,,,,,W,movement_move_y_axis,,0.0,0.0
10166,419800,,,,,,,,,,,,,,,,,,,,,,,,,,,,,,W,movement_move_y_axis,,0.0,0.0
10167,419833,,,,,,,,,,,,,,,,,,,,,,,,,,,,,,W,movement_move_y_axis,,0.0,0.0
10168,419867,,,,,,,,,,,,,,,,,,,,,,,,,,,,,,W,movement_move_y_axis,,0.0,0.0
10169,419900,,,,,,,,,,,,,,,,,,,,,,,,,,,,,,W,movement_move_y_axis,,0.0,0.0
10170,419933,,,,,,,,,,,,,,,,,,,,,,,,,,,,,,W,movement_move_y_axis,,0.0,0.0
10171,419967,,,,,,,,,,,,,,,,,,,,,,,,,,,,,,W,movement_move_y_axis|movement_look_x_axis,,1.0,0.0
10172,420000,,,,,,,,,,,,,,,,,,,,,,,,,,,,,,W,movement_move_y_axis|movement_look_x_axis|movement_look_y_axis,,4.0,-2.0
10173,420033,,,,,,,,,,,,,,,,,,,,,,,,,,,,,,W,movement_move_y_axis|movement_look_x_axis|movement_look_y_axis,,2.0,-2.0
10174,420067,,,,,,,,,,,,,,,,,,,,,,,,,,,,,,W,movement_move_y_axis|movement_look_x_axis|movement_look_y_axis,,20.0,-3.0
10175,420133,,,,,,,,,,,,,,,,,,,,,,,,,,,,,,W,movement_move_y_axis|movement_look_x_axis,,24.0,0.0
10176,420167,,,,,,,,,,,,,,,,,,,,,,,,,,,,,,W,movement_move_y_axis|movement_look_x_axis,,63.0,0.0
10177,420233,,,,,,,,,,,,,,,,,,,,,,,,,,,,,,W,movement_move_y_axis|movement_look_x_axis|movement_look_y_axis,,317.0,6.0
10178,420400,,,,,,,,,,,,,,,,,,,,,,,,,,,,,,W,movement_move_y_axis|movement_look_x_axis,,153.0,0.0
10179,420500,,,,,,,,,,,,,,,,,,,,,,,,,,,,,,W,movement_move_y_axis,,0.0,0.0
10180,420533,,,,,,,,,,,,,,,,,,,,,,,,,,,,,,W,movement_move_y_axis,,0.0,0.0
10181,420567,,,,,,,,,,,,,,,,,,,,,,,,,,,,,,W,movement_move_y_axis,,0.0,0.0
10182,420600,,,,,,,,,,,,,,,,,,,,,,,,,,,,,,W,movement_move_y_axis|movement_look_x_axis,,4.0,0.0
10183,420633,,,,,,,,,,,,,,,,,,,,,,,,,,,,,,W,movement_move_y_axis,,0.0,0.0
10184,420667,,,,,,,,,,,,,,,,,,,,,,,,,,,,,,W,movement_move_y_axis,,0.0,0.0
10185,420700,,,,,,,,,,,,,,,,,,,,,,,,,,,,,,W,movement_move_y_axis,,0.0,0.0
10186,420733,,,,,,,,,,,,,,,,,,,,,,,,,,,,,,W,movement_move_y_axis,,0.0,0.0
10187,420767,,,,,,,,,,,,,,,,,,,,,,,,,,,,,,W,movement_move_y_axis,,0.0,0.0
10188,420800,,,,,,,,,,,,,,,,,,,,,,,,,,,,,,W,movement_move_y_axis,,0.0,0.0
10189,420833,,,,,,,,,,,,,,,,,,,,,,,,,,,,,,W,movement_move_y_axis|movement_look_x_axis|movement_look_y_axis,,-9.0,-2.0
10190,420867,,,,,,,,,,,,,,,,,,,,,,,,,,,,,,W,movement_move_y_axis|movement_look_x_axis|movement_look_y_axis,,-311.0,-52.0
10191,421167,,,,,,,,,,,,,,,,,,,,,,,,,,,,,,W,movement_move_y_axis,,0.0,0.0
10192,421200,,,,,,,,,,,,,,,,,,,,,,,,,,,,,,W,movement_move_y_axis,,0.0,0.0
10193,421233,,,,,,,,,,,,,,,,,,,,,,,,,,,,,,W,movement_move_y_axis,,0.0,0.0
10194,421267,,,,,,,,,,,,,,,,,,,,,,,,,,,,,,W,movement_move_y_axis,,0.0,0.0
10195,421300,,,,,,,,,,,,,,,,,,,,,,,,,,,,,,W,movement_move_y_axis,,0.0,0.0
10196,421333,,,,,,,,,,,,,,,,,,,,,,,,,,,,,,W,movement_move_y_axis,,0.0,0.0
10197,421367,,,,,,,,,,,,,,,,,,,,,,,,,,,,,,W,movement_move_y_axis,,0.0,0.0
10198,421433,,,,,,,,,,,,,,,,,,,,,,,,,,,,,,W,movement_move_y_axis,,0.0,0.0
10199,421467,,,,,,,,,,,,,,,,,,,,,,,,,,,,,,W,movement_move_y_axis,,0.0,0.0
10200,421500,,,,,,,,,,,,,,,,,,,,,,,,,,,,,,W,movement_move_y_axis|movement_look_x_axis|movement_look_y_axis,,-50.0,-37.0
10201,421700,,,,,,,,,,,,,,,,,,,,,,,,,,,,,,W,movement_move_y_axis|movement_look_x_axis|movement_look_y_axis,,-157.0,-116.0
10202,421733,,,,,,,,,,,,,,,,,,,,,,,,,,,,,,A|W,movement_move_x_axis|movement_move_y_axis,,0.0,0.0
10203,421767,,,,,,,,,,,,,,,,,,,,,,,,,,,,,,A|W,movement_move_x_axis|movement_move_y_axis,,0.0,0.0
10204,421800,,,,,,,,,,,,,,,,,,,,,,,,,,,,,,A|W,movement_move_x_axis|movement_move_y_axis,,0.0,0.0
10205,421867,,,,,,,,,,,,,,,,,,,,,,,,,,,,,,A|W,movement_move_x_axis|movement_move_y_axis|movement_look_x_axis|movement_look_y_axis,,-18.0,-17.0
10206,421933,,,,,,,,,,,,,,,,,,,,,,,,,,,,,,A|W,movement_move_x_axis|movement_move_y_axis|movement_look_x_axis|movement_look_y_axis,,-16.0,-13.0
10207,421967,,,,,,,,,,,,,,,,,,,,,,,,,,,,,,A|W,movement_move_x_axis|movement_move_y_axis|movement_look_x_axis|movement_look_y_axis,,-14.0,-12.0
10208,422000,,,,,,,,,,,,,,,,,,,,,,,,,,,,,,A|W,movement_move_x_axis|movement_move_y_axis|movement_look_x_axis|movement_look_y_axis,,-8.0,-11.0
10209,422067,,,,,,,,,,,,,,,,,,,,,,,,,,,,,,A|W,movement_move_x_axis|movement_move_y_axis|movement_look_x_axis|movement_look_y_axis,,-2.0,-10.0
10210,422100,,,,,,,,,,,,,,,,,,,,,,,,,,,,,,A|W,movement_move_x_axis|movement_move_y_axis|movement_look_y_axis,,0.0,-8.0
10211,422333,,,,,,,,,,,,,,,,,,,,,,,,,,,,,,A|W,movement_move_x_axis|movement_move_y_axis,,0.0,0.0
10212,422367,,,,,,,,,,,,,,,,,,,,,,,,,,,,,,A|W,movement_move_x_axis|movement_move_y_axis,,0.0,0.0
10213,422400,,,,,,,,,,,,,,,,,,,,,,,,,,,,,,A|W,movement_move_x_axis|movement_move_y_axis,,0.0,0.0
10214,422433,,,,,,,,,,,,,,,,,,,,,,,,,,,,,,A|W,movement_move_x_axis|movement_move_y_axis,,0.0,0.0
10215,422500,,,,,,,,,,,,,,,,,,,,,,,,,,,,,,A|W,movement_move_x_axis|movement_move_y_axis,,0.0,0.0
10216,422533,,,,,,,,,,,,,,,,,,,,,,,,,,,,,,A|W,movement_move_x_axis|movement_move_y_axis,,0.0,0.0
10217,422567,,,,,,,,,,,,,,,,,,,,,,,,,,,,,,W,movement_move_y_axis,,0.0,0.0
10218,422600,,,,,,,,,,,,,,,,,,,,,,,,,,,,,,W,movement_move_y_axis,,0.0,0.0
10219,422633,,,,,,,,,,,,,,,,,,,,,,,,,,,,,,W,movement_move_y_axis,,0.0,0.0
10220,422700,,,,,,,,,,,,,,,,,,,,,,,,,,,,,,W,movement_move_y_axis,,0.0,0.0
10221,422733,,,,,,,,,,,,,,,,,,,,,,,,,,,,,,W,movement_move_y_axis,,0.0,0.0
10222,422767,,,,,,,,,,,,,,,,,,,,,,,,,,,,,,W,movement_move_y_axis,,0.0,0.0
10223,422800,,,,,,,,,,,,,,,,,,,,,,,,,,,,,,W,movement_move_y_axis,,0.0,0.0
10224,422967,,,,,,,,,,,,,,,,,,,,,,,,,,,,,,W,movement_move_y_axis,,0.0,0.0
10225,423000,,,,,,,,,,,,,,,,,,,,,,,,,,,,,,W,movement_move_y_axis,,0.0,0.0
10226,423033,,,,,,,,,,,,,,,,,,,,,,,,,,,,,,W,movement_move_y_axis,,0.0,0.0
10227,423067,,,,,,,,,,,,,,,,,,,,,,,,,,,,,,W,movement_move_y_axis,,0.0,0.0
10228,423100,,,,,,,,,,,,,,,,,,,,,,,,,,,,,,W,movement_move_y_axis,,0.0,0.0
10229,423133,,,,,,,,,,,,,,,,,,,,,,,,,,,,,,W,movement_move_y_axis,,0.0,0.0
10230,423233,,,,,,,,,,,,,,,,,,,,,,,,,,,,,,W,movement_move_y_axis,,0.0,0.0
10231,423300,,,,,,,,,,,,,,,,,,,,,,,,,,,,,,W,movement_move_y_axis,,0.0,0.0
10232,423333,,,,,,,,,,,,,,,,,,,,,,,,,,,,,,W,movement_move_y_axis|movement_look_x_axis|movement_look_y_axis,,4.0,5.0
10233,423367,,,,,,,,,,,,,,,,,,,,,,,,,,,,,,W,movement_move_y_axis,,0.0,0.0
10234,423400,,,,,,,,,,,,,,,,,,,,,,,,,,,,,,W,movement_move_y_axis,,0.0,0.0
10235,423433,,,,,,,,,,,,,,,,,,,,,,,,,,,,,,W,movement_move_y_axis,,0.0,0.0
10236,423467,,,,,,,,,,,,,,,,,,,,,,,,,,,,,,W,movement_move_y_axis,,0.0,0.0
10237,423500,,,,,,,,,,,,,,,,,,,,,,,,,,,,,,W,movement_move_y_axis|movement_look_x_axis|movement_look_y_axis,,21.0,48.0
10238,423767,,,,,,,,,,,,,,,,,,,,,,,,,,,,,,W,movement_move_y_axis,,0.0,0.0
10239,423800,,,,,,,,,,,,,,,,,,,,,,,,,,,,,,W,movement_move_y_axis,,0.0,0.0
10240,423833,,,,,,,,,,,,,,,,,,,,,,,,,,,,,,W,movement_move_y_axis,,0.0,0.0
10241,423867,,,,,,,,,,,,,,,,,,,,,,,,,,,,,,W,movement_move_y_axis,,0.0,0.0
10242,423900,,,,,,,,,,,,,,,,,,,,,,,,,,,,,,W,movement_move_y_axis,,0.0,0.0
10243,423933,,,,,,,,,,,,,,,,,,,,,,,,,,,,,,W,movement_move_y_axis,,0.0,0.0
10244,423967,,,,,,,,,,,,,,,,,,,,,,,,,,,,,,W,movement_move_y_axis|movement_look_y_axis,,0.0,3.0
10245,424000,,,,,,,,,,,,,,,,,,,,,,,,,,,,,,W,movement_move_y_axis|movement_look_y_axis,,0.0,2.0
10246,424033,,,,,,,,,,,,,,,,,,,,,,,,,,,,,,W,movement_move_y_axis|movement_look_x_axis|movement_look_y_axis,,2.0,3.0
10247,424100,,,,,,,,,,,,,,,,,,,,,,,,,,,,,,W,movement_move_y_axis|movement_look_x_axis|movement_look_y_axis,,1.0,1.0
10248,424133,,,,,,,,,,,,,,,,,,,,,,,,,,,,,,W,movement_move_y_axis|movement_look_y_axis,,0.0,2.0
10249,424167,,,,,,,,,,,,,,,,,,,,,,,,,,,,,,W,movement_move_y_axis|movement_look_x_axis|movement_look_y_axis,,48.0,79.0
10250,424533,,,,,,,,,,,,,,,,,,,,,,,,,,,,,,W,movement_move_y_axis,,0.0,0.0
10251,424567,,,,,,,,,,,,,,,,,,,,,,,,,,,,,,W,movement_move_y_axis,,0.0,0.0
10252,424600,,,,,,,,,,,,,,,,,,,,,,,,,,,,,,W,movement_move_y_axis,,0.0,0.0
10253,424633,,,,,,,,,,,,,,,,,,,,,,,,,,,,,,W,movement_move_y_axis,,0.0,0.0
10254,424667,,,,,,,,,,,,,,,,,,,,,,,,,,,,,,W,movement_move_y_axis,,0.0,0.0
10255,424700,,,,,,,,,,,,,,,,,,,,,,,,,,,,,,W,movement_move_y_axis,,0.0,0.0
10256,424733,,,,,,,,,,,,,,,,,,,,,,,,,,,,,,W,movement_move_y_axis|movement_look_x_axis|movement_look_y_axis,,11.0,5.0
10257,424767,,,,,,,,,,,,,,,,,,,,,,,,,,,,,,W,movement_move_y_axis|movement_look_x_axis|movement_look_y_axis,,23.0,9.0
10258,424800,,,,,,,,,,,,,,,,,,,,,,,,,,,,,,W,movement_move_y_axis|movement_look_x_axis|movement_look_y_axis,,16.0,3.0
10259,424833,,,,,,,,,,,,,,,,,,,,,,,,,,,,,,W,movement_move_y_axis|movement_look_x_axis|movement_look_y_axis,,13.0,4.0
10260,424867,,,,,,,,,,,,,,,,,,,,,,,,,,,,,,W,movement_move_y_axis|movement_look_x_axis|movement_look_y_axis,,7.0,2.0
10261,424900,,,,,,,,,,,,,,,,,,,,,,,,,,,,,,W,movement_move_y_axis|movement_look_x_axis|movement_look_y_axis,,-2.0,-3.0
10262,424933,,,,,,,,,,,,,,,,,,,,,,,,,,,,,,W,movement_move_y_axis,,0.0,0.0
10263,424967,,,,,,,,,,,,,,,,,,,,,,,,,,,,,,W,movement_move_y_axis,,0.0,0.0
10264,425000,,,,,,,,,,,,,,,,,,,,,,,,,,,,,,W,movement_move_y_axis|movement_look_x_axis|movement_look_y_axis,,106.0,-16.0
10265,425200,,,,,,,,,,,,,,,,,,,,,,,,,,,,,,,movement_look_x_axis|movement_look_y_axis,,760.0,23.0
10266,425333,,,,,,,,,,,,,,,,,,,,,,,,,,,,,,,,,0.0,0.0
10267,425367,,,,,,,,,,,,,,,,,,,,,,,,,,,,,,,,,0.0,0.0
10268,425400,,,,,,,,,,,,,,,,,,,,,,,,,,,,,,,movement_look_x_axis,,63.0,0.0
10269,425433,,,,,,,,,,,,,,,,,,,,,,,,,,,,,,,,,0.0,0.0
10270,425467,,,,,,,,,,,,,,,,,,,,,,,,,,,,,,,,,0.0,0.0
10271,425500,,,,,,,,,,,,,,,,,,,,,,,,,,,,,,,,,0.0,0.0
10272,425533,,,,,,,,,,,,,,,,,,,,,,,,,,,,,,,,,0.0,0.0
10273,425567,,,,,,,,,,,,,,,,,,,,,,,,,,,,,,,,,0.0,0.0
10274,425600,,,,,,,,,,,,,,,,,,,,,,,,,,,,,,,,,0.0,0.0
10275,425633,,,,,,,,,,,,,,,,,,,,,,,,,,,,,,,,,0.0,0.0
10276,425667,,,,,,,,,,,,,,,,,,,,,,,,,,,,,,,,,0.0,0.0
10277,425833,,,,,,,,,,,,,,,,,,,,,,,,,,,,,,,,,0.0,0.0
10278,425867,,,,,,,,,,,,,,,,,,,,,,,,,,,,,,,movement_look_x_axis|movement_look_y_axis,,76.0,31.0
10279,425900,,,,,,,,,,,,,,,,,,,,,,,,,,,,,,,,,0.0,0.0
10280,425933,,,,,,,,,,,,,,,,,,,,,,,,,,,,,,,movement_look_x_axis|movement_look_y_axis,,121.0,24.0
10281,426100,,,,,,,,,,,,,,,,,,,,,,,,,,,,,,,movement_look_x_axis|movement_look_y_axis,,61.0,11.0
10282,426133,,,,,,,,,,,,,,,,,,,,,,,,,,,,,,,movement_look_x_axis|movement_look_y_axis,,30.0,12.0
10283,426167,,,,,,,,,,,,,,,,,,,,,,,,,,,,,,,,,0.0,0.0
10284,426233,,,,,,,,,,,,,,,,,,,,,,,,,,,,,,,,,0.0,0.0
10285,426267,,,,,,,,,,,,,,,,,,,,,,,,,,,,,,,,,0.0,0.0
10286,426300,,,,,,,,,,,,,,,,,,,,,,,,,,,,,,,movement_look_x_axis|movement_look_y_axis,,1.0,1.0
10287,426333,,,,,,,,,,,,,,,,,,,,,,,,,,,,,,,movement_look_x_axis|movement_look_y_axis,,3.0,1.0
10288,426367,,,,,,,,,,,,,,,,,,,,,,,,,,,,,,,,,0.0,0.0
10289,426400,,,,,,,,,,,,,,,,,,,,,,,,,,,,,,,,,0.0,0.0
10290,426433,,,,,,,,,,,,,,,,,,,,,,,,,,,,,,,,,0.0,0.0
10291,426467,,,,,,,,,,,,,,,,,,,,,,,,,,,,,,,,,0.0,0.0
10292,426500,,,,,,,,,,,,,,,,,,,,,,,,,,,,,,,,,0.0,0.0
10293,426533,,,,,,,,,,,,,,,,,,,,,,,,,,,,,,,,,0.0,0.0
10294,426567,,,,,,,,,,,,,,,,,,,,,,,,,,,,,,,,,0.0,0.0
10295,426600,,,,,,,,,,,,,,,,,,,,,,,,,,,,,,,,,0.0,0.0
10296,426633,,,,,,,,,,,,,,,,,,,,,,,,,,,,,,,,,0.0,0.0
10297,427000,,,,,,,,,,,,,,,,,,,,,,,,,,,,,,,,,0.0,0.0
10298,427033,,,,,,,,,,,,,,,,,,,,,,,,,,,,,,,,,0.0,0.0
10299,427067,,,,,,,,,,,,,,,,,,,,,,,,,,,,,,,,,0.0,0.0
10300,427100,,,,,,,,,,,,,,,,,,,,,,,,,,,,,,,,,0.0,0.0
10301,427133,,,,,,,,,,,,,,,,,,,,,,,,,,,,,,,,,0.0,0.0
10302,427200,,,,,,,,,,,,,,,,,,,,,,,,,,,,,,,,,0.0,0.0
10303,427233,,,,,,,,,,,,,,,,,,,,,,,,,,,,,,,,,0.0,0.0
10304,427267,,,,,,,,,,,,,,,,,,,,,,,,,,,,,,,,,0.0,0.0
10305,427300,,,,,,,,,,,,,,,,,,,,,,,,,,,,,,,,,0.0,0.0
10306,427333,,,,,,,,,,,,,,,,,,,,,,,,,,,,,,,movement_look_x_axis|movement_look_y_axis,,-580.0,-98.0
10307,427633,,,,,,,,,,,,,,,,,,,,,,,,,,,,,,,,,0.0,0.0
10308,427667,,,,,,,,,,,,,,,,,,,,,,,,,,,,,,,,,0.0,0.0
10309,427700,,,,,,,,,,,,,,,,,,,,,,,,,,,,,,,,,0.0,0.0
10310,427733,,,,,,,,,,,,,,,,,,,,,,,,,,,,,,,,,0.0,0.0
10311,427767,,,,,,,,,,,,,,,,,,,,,,,,,,,,,,,,,0.0,0.0
10312,427800,,,,,,,,,,,,,,,,,,,,,,,,,,,,,,,,,0.0,0.0
10313,427833,,,,,,,,,,,,,,,,,,,,,,,,,,,,,,,,,0.0,0.0
10314,427900,,,,,,,,,,,,,,,,,,,,,,,,,,,,,,,,,0.0,0.0
10315,427933,,,,,,,,,,,,,,,,,,,,,,,,,,,,,,,,,0.0,0.0
10316,427967,,,,,,,,,,,,,,,,,,,,,,,,,,,,,,,,,0.0,0.0
10317,428000,,,,,,,,,,,,,,,,,,,,,,,,,,,,,,W,movement_move_y_axis,,0.0,0.0
10318,428033,,,,,,,,,,,,,,,,,,,,,,,,,,,,,,W,movement_move_y_axis,,0.0,0.0
10319,428067,,,,,,,,,,,,,,,,,,,,,,,,,,,,,,W,movement_move_y_axis,,0.0,0.0
10320,428100,,,,,,,,,,,,,,,,,,,,,,,,,,,,,,W,movement_move_y_axis,,0.0,0.0
10321,428133,,,,,,,,,,,,,,,,,,,,,,,,,,,,,,W,movement_move_y_axis,,0.0,0.0
10322,428167,,,,,,,,,,,,,,,,,,,,,,,,,,,,,,W,movement_move_y_axis,,0.0,0.0
10323,428200,,,,,,,,,,,,,,,,,,,,,,,,,,,,,,W,movement_move_y_axis,,0.0,0.0
10324,428233,,,,,,,,,,,,,,,,,,,,,,,,,,,,,,W,movement_move_y_axis|movement_look_x_axis|movement_look_y_axis,,-14.0,-3.0
10325,428300,,,,,,,,,,,,,,,,,,,,,,,,,,,,,,W,movement_move_y_axis|movement_look_x_axis|movement_look_y_axis,,-43.0,-9.0
10326,428400,,,,,,,,,,,,,,,,,,,,,,,,,,,,,,W,movement_move_y_axis,,0.0,0.0
10327,428433,,,,,,,,,,,,,,,,,,,,,,,,,,,,,,W,movement_move_y_axis,,0.0,0.0
10328,428467,,,,,,,,,,,,,,,,,,,,,,,,,,,,,,W,movement_move_y_axis,,0.0,0.0
10329,428500,,,,,,,,,,,,,,,,,,,,,,,,,,,,,,W,movement_move_y_axis,,0.0,0.0
10330,428567,,,,,,,,,,,,,,,,,,,,,,,,,,,,,,W,movement_move_y_axis,,0.0,0.0
10331,428600,,,,,,,,,,,,,,,,,,,,,,,,,,,,,,W,movement_move_y_axis|movement_look_x_axis,,-1.0,0.0
10332,428633,,,,,,,,,,,,,,,,,,,,,,,,,,,,,,W,movement_move_y_axis|movement_look_x_axis|movement_look_y_axis,,-5.0,-1.0
10333,428667,,,,,,,,,,,,,,,,,,,,,,,,,,,,,,W,movement_move_y_axis|movement_look_x_axis|movement_look_y_axis,,-1.0,-1.0
10334,428733,,,,,,,,,,,,,,,,,,,,,,,,,,,,,,W,movement_move_y_axis,,0.0,0.0
10335,428767,,,,,,,,,,,,,,,,,,,,,,,,,,,,,,W,movement_move_y_axis,,0.0,0.0
10336,428800,,,,,,,,,,,,,,,,,,,,,,,,,,,,,,W,movement_move_y_axis,,0.0,0.0
10337,428833,,,,,,,,,,,,,,,,,,,,,,,,,,,,,,W,movement_move_y_axis,,0.0,0.0
10338,428867,,,,,,,,,,,,,,,,,,,,,,,,,,,,,,W,movement_move_y_axis,,0.0,0.0
10339,428900,,,,,,,,,,,,,,,,,,,,,,,,,,,,,,W,movement_move_y_axis,,0.0,0.0
10340,428933,,,,,,,,,,,,,,,,,,,,,,,,,,,,,,W,movement_move_y_axis,,0.0,0.0
10341,429167,,,,,,,,,,,,,,,,,,,,,,,,,,,,,,W,movement_move_y_axis,,0.0,0.0
10342,429200,,,,,,,,,,,,,,,,,,,,,,,,,,,,,,W,movement_move_y_axis,,0.0,0.0
10343,429233,,,,,,,,,,,,,,,,,,,,,,,,,,,,,,W,movement_move_y_axis,,0.0,0.0
10344,429300,,,,,,,,,,,,,,,,,,,,,,,,,,,,,,W,movement_move_y_axis,,0.0,0.0
10345,429367,,,,,,,,,,,,,,,,,,,,,,,,,,,,,,W,movement_move_y_axis,,0.0,0.0
10346,429400,,,,,,,,,,,,,,,,,,,,,,,,,,,,,,W,movement_move_y_axis,,0.0,0.0
10347,429433,,,,,,,,,,,,,,,,,,,,,,,,,,,,,,W,movement_move_y_axis,,0.0,0.0
10348,429467,,,,,,,,,,,,,,,,,,,,,,,,,,,,,,W,movement_move_y_axis,,0.0,0.0
10349,429500,,,,,,,,,,,,,,,,,,,,,,,,,,,,,,W,movement_move_y_axis,,0.0,0.0
10350,429533,,,,,,,,,,,,,,,,,,,,,,,,,,,,,,W,movement_move_y_axis,,0.0,0.0
10351,429567,,,,,,,,,,,,,,,,,,,,,,,,,,,,,,W,movement_move_y_axis,,0.0,0.0
10352,429600,,,,,,,,,,,,,,,,,,,,,,,,,,,,,,W,movement_move_y_axis,,0.0,0.0
10353,429633,,,,,,,,,,,,,,,,,,,,,,,,,,,,,,W,movement_move_y_axis,,0.0,0.0
10354,429667,,,,,,,,,,,,,,,,,,,,,,,,,,,,,,W,movement_move_y_axis,,0.0,0.0
10355,429700,,,,,,,,,,,,,,,,,,,,,,,,,,,,,,W,movement_move_y_axis,,0.0,0.0
10356,429733,,,,,,,,,,,,,,,,,,,,,,,,,,,,,,W,movement_move_y_axis|movement_look_x_axis,,8.0,0.0
10357,429867,,,,,,,,,,,,,,,,,,,,,,,,,,,,,,W,movement_move_y_axis|movement_look_x_axis|movement_look_y_axis,,11.0,2.0
10358,429900,,,,,,,,,,,,,,,,,,,,,,,,,,,,,,W,movement_move_y_axis,,0.0,0.0
10359,429933,,,,,,,,,,,,,,,,,,,,,,,,,,,,,,W,movement_move_y_axis,,0.0,0.0
10360,429967,,,,,,,,,,,,,,,,,,,,,,,,,,,,,,W,movement_move_y_axis,,0.0,0.0
10361,430000,,,,,,,,,,,,,,,,,,,,,,,,,,,,,,W,movement_move_y_axis,,0.0,0.0
10362,430033,,,,,,,,,,,,,,,,,,,,,,,,,,,,,,W,movement_move_y_axis,,0.0,0.0
10363,430067,,,,,,,,,,,,,,,,,,,,,,,,,,,,,,W,movement_move_y_axis,,0.0,0.0
10364,430133,,,,,,,,,,,,,,,,,,,,,,,,,,,,,,W,movement_move_y_axis,,0.0,0.0
10365,430167,,,,,,,,,,,,,,,,,,,,,,,,,,,,,,W,movement_move_y_axis,,0.0,0.0
10366,430233,,,,,,,,,,,,,,,,,,,,,,,,,,,,,,W,movement_move_y_axis,,0.0,0.0
10367,430300,,,,,,,,,,,,,,,,,,,,,,,,,,,,,,W,movement_move_y_axis,,0.0,0.0
10368,430333,,,,,,,,,,,,,,,,,,,,,,,,,,,,,,W,movement_move_y_axis,,0.0,0.0
10369,430367,,,,,,,,,,,,,,,,,,,,,,,,,,,,,,W,movement_move_y_axis,,0.0,0.0
10370,430400,,,,,,,,,,,,,,,,,,,,,,,,,,,,,,W,movement_move_y_axis,,0.0,0.0
10371,430433,,,,,,,,,,,,,,,,,,,,,,,,,,,,,,W,movement_move_y_axis,,0.0,0.0
10372,430467,,,,,,,,,,,,,,,,,,,,,,,,,,,,,,W,movement_move_y_axis,,0.0,0.0
10373,430500,,,,,,,,,,,,,,,,,,,,,,,,,,,,,,W,movement_move_y_axis,,0.0,0.0
10374,430533,,,,,,,,,,,,,,,,,,,,,,,,,,,,,,W,movement_move_y_axis,,0.0,0.0
10375,430567,,,,,,,,,,,,,,,,,,,,,,,,,,,,,,W,movement_move_y_axis|movement_look_x_axis|movement_look_y_axis,,2.0,1.0
10376,430633,,,,,,,,,,,,,,,,,,,,,,,,,,,,,,W,movement_move_y_axis|movement_look_x_axis,,2.0,0.0
10377,430667,,,,,,,,,,,,,,,,,,,,,,,,,,,,,,W,movement_move_y_axis|movement_look_x_axis|movement_look_y_axis,,10.0,3.0
10378,430733,,,,,,,,,,,,,,,,,,,,,,,,,,,,,,W,movement_move_y_axis|movement_look_x_axis|movement_look_y_axis,,7.0,2.0
10379,430767,,,,,,,,,,,,,,,,,,,,,,,,,,,,,,W,movement_move_y_axis|movement_look_x_axis|movement_look_y_axis,,13.0,3.0
10380,430800,,,,,,,,,,,,,,,,,,,,,,,,,,,,,,W,movement_move_y_axis,,0.0,0.0
10381,430833,,,,,,,,,,,,,,,,,,,,,,,,,,,,,,W,movement_move_y_axis|movement_look_x_axis,,1.0,0.0
10382,430867,,,,,,,,,,,,,,,,,,,,,,,,,,,,,,W,movement_move_y_axis|movement_look_x_axis|movement_look_y_axis,,7.0,1.0
10383,430900,,,,,,,,,,,,,,,,,,,,,,,,,,,,,,W,movement_move_y_axis,,0.0,0.0
10384,430933,,,,,,,,,,,,,,,,,,,,,,,,,,,,,,W,movement_move_y_axis|movement_look_x_axis|movement_look_y_axis,,3.0,2.0
10385,431000,,,,,,,,,,,,,,,,,,,,,,,,,,,,,,W,movement_move_y_axis,,0.0,0.0
10386,431200,,,,,,,,,,,,,,,,,,,,,,,,,,,,,,Space|W,movement_move_y_axis|movement_jump,,0.0,0.0
10387,431233,,,,,,,,,,,,,,,,,,,,,,,,,,,,,,Space,movement_jump,,0.0,0.0
10388,431267,,,,,,,,,,,,,,,,,,,,,,,,,,,,,,Space,movement_jump,,0.0,0.0
10389,431300,,,,,,,,,,,,,,,,,,,,,,,,,,,,,,Space,movement_jump,,0.0,0.0
10390,431333,,,,,,,,,,,,,,,,,,,,,,,,,,,,,,Space,movement_jump,,0.0,0.0
10391,431367,,,,,,,,,,,,,,,,,,,,,,,,,,,,,,Space,movement_look_x_axis|movement_look_y_axis|movement_jump,,2.0,1.0
10392,431667,,,,,,,,,,,,,,,,,,,,,,,,,,,,,,,,,0.0,0.0
10393,431700,,,,,,,,,,,,,,,,,,,,,,,,,,,,,,,,,0.0,0.0
10394,431733,,,,,,,,,,,,,,,,,,,,,,,,,,,,,,,,,0.0,0.0
10395,431767,,,,,,,,,,,,,,,,,,,,,,,,,,,,,,,,,0.0,0.0
10396,431800,,,,,,,,,,,,,,,,,,,,,,,,,,,,,,,,,0.0,0.0
10397,431833,,,,,,,,,,,,,,,,,,,,,,,,,,,,,,,,,0.0,0.0
10398,431867,,,,,,,,,,,,,,,,,,,,,,,,,,,,,,,movement_look_x_axis|movement_look_y_axis,,3.0,2.0
10399,431900,,,,,,,,,,,,,,,,,,,,,,,,,,,,,,,movement_look_x_axis|movement_look_y_axis,,7.0,4.0
10400,431933,,,,,,,,,,,,,,,,,,,,,,,,,,,,,,,movement_look_x_axis|movement_look_y_axis,,5.0,3.0
10401,431967,,,,,,,,,,,,,,,,,,,,,,,,,,,,,,,movement_look_x_axis,,1.0,0.0
10402,432000,,,,,,,,,,,,,,,,,,,,,,,,,,,,,,W,movement_move_y_axis|movement_look_x_axis|movement_look_y_axis,,5.0,3.0
10403,432100,,,,,,,,,,,,,,,,,,,,,,,,,,,,,,W,movement_move_y_axis,,0.0,0.0
10404,432133,,,,,,,,,,,,,,,,,,,,,,,,,,,,,,W,movement_move_y_axis,,0.0,0.0
10405,432167,,,,,,,,,,,,,,,,,,,,,,,,,,,,,,W,movement_move_y_axis|movement_look_x_axis|movement_look_y_axis,,2.0,2.0
10406,432200,,,,,,,,,,,,,,,,,,,,,,,,,,,,,,W,movement_move_y_axis,,0.0,0.0
10407,432233,,,,,,,,,,,,,,,,,,,,,,,,,,,,,,W,movement_move_y_axis,,0.0,0.0
10408,432267,,,,,,,,,,,,,,,,,,,,,,,,,,,,,,W,movement_move_y_axis,,0.0,0.0
10409,432300,,,,,,,,,,,,,,,,,,,,,,,,,,,,,,W,movement_move_y_axis,,0.0,0.0
10410,432433,,,,,,,,,,,,,,,,,,,,,,,,,,,,,,W,movement_move_y_axis,,0.0,0.0
10411,432467,,,,,,,,,,,,,,,,,,,,,,,,,,,,,,W,movement_move_y_axis,,0.0,0.0
10412,432500,,,,,,,,,,,,,,,,,,,,,,,,,,,,,,W,movement_move_y_axis,,0.0,0.0
10413,432633,,,,,,,,,,,,,,,,,,,,,,,,,,,,,,W,movement_move_y_axis,,0.0,0.0
10414,432667,,,,,,,,,,,,,,,,,,,,,,,,,,,,,,W,movement_move_y_axis,,0.0,0.0
10415,432700,,,,,,,,,,,,,,,,,,,,,,,,,,,,,,W,movement_move_y_axis,,0.0,0.0
10416,432767,,,,,,,,,,,,,,,,,,,,,,,,,,,,,,W,movement_move_y_axis,,0.0,0.0
10417,432800,,,,,,,,,,,,,,,,,,,,,,,,,,,,,,W,movement_move_y_axis,,0.0,0.0
10418,432833,,,,,,,,,,,,,,,,,,,,,,,,,,,,,,W,movement_move_y_axis,,0.0,0.0
10419,432867,,,,,,,,,,,,,,,,,,,,,,,,,,,,,,W,movement_move_y_axis,,0.0,0.0
10420,432900,,,,,,,,,,,,,,,,,,,,,,,,,,,,,,W,movement_move_y_axis,,0.0,0.0
10421,433000,,,,,,,,,,,,,,,,,,,,,,,,,,,,,,W,movement_move_y_axis,,0.0,0.0
10422,433033,,,,,,,,,,,,,,,,,,,,,,,,,,,,,,W,movement_move_y_axis,,0.0,0.0
10423,433067,,,,,,,,,,,,,,,,,,,,,,,,,,,,,,W,movement_move_y_axis,,0.0,0.0
10424,433100,,,,,,,,,,,,,,,,,,,,,,,,,,,,,,W,movement_move_y_axis,,0.0,0.0
10425,433167,,,,,,,,,,,,,,,,,,,,,,,,,,,,,,W,movement_move_y_axis,,0.0,0.0
10426,433200,,,,,,,,,,,,,,,,,,,,,,,,,,,,,,W,movement_move_y_axis,,0.0,0.0
10427,433233,,,,,,,,,,,,,,,,,,,,,,,,,,,,,,W,movement_move_y_axis,,0.0,0.0
10428,433267,,,,,,,,,,,,,,,,,,,,,,,,,,,,,,W,movement_move_y_axis,,0.0,0.0
10429,433300,,,,,,,,,,,,,,,,,,,,,,,,,,,,,,W,movement_move_y_axis,,0.0,0.0
10430,433367,,,,,,,,,,,,,,,,,,,,,,,,,,,,,,W,movement_move_y_axis,,0.0,0.0
10431,433400,,,,,,,,,,,,,,,,,,,,,,,,,,,,,,W,movement_move_y_axis,,0.0,0.0
10432,433433,,,,,,,,,,,,,,,,,,,,,,,,,,,,,,W,movement_move_y_axis,,0.0,0.0
10433,433467,,,,,,,,,,,,,,,,,,,,,,,,,,,,,,W,movement_move_y_axis,,0.0,0.0
10434,433533,,,,,,,,,,,,,,,,,,,,,,,,,,,,,,W,movement_move_y_axis,,0.0,0.0
10435,433600,,,,,,,,,,,,,,,,,,,,,,,,,,,,,,W,movement_move_y_axis,,0.0,0.0
