frame_id,timestamp_ms,c2w_m00,c2w_m01,c2w_m02,c2w_m03,c2w_m10,c2w_m11,c2w_m12,c2w_m13,c2w_m20,c2w_m21,c2w_m22,c2w_m23,c2w_m30,c2w_m31,c2w_m32,c2w_m33,camera_model,camera_fx,camera_fy,camera_cx,camera_cy,input_keys,input_actions,input_mouse_buttons,input_mouse_dx,input_mouse_dy
0,0,,,,,,,,,,,,,,,,,,,,,,,,,0,0
1,33,,,,,,,,,,,,,,,,,,,,,,,,,0,0
2,67,,,,,,,,,,,,,,,,,,,,,,,,,0,0
3,100,,,,,,,,,,,,,,,,,,,,,,,,,0,0
4,133,,,,,,,,,,,,,,,,,,,,,,,,,0,0
5,167,,,,,,,,,,,,,,,,,,,,,,,,,0,0
6,200,,,,,,,,,,,,,,,,,,,,,,,,,0,0
7,233,,,,,,,,,,,,,,,,,,,,,,,,,0,0
8,267,,,,,,,,,,,,,,,,,,,,,,,,,0,0
9,300,,,,,,,,,,,,,,,,,,,,,,,,,0,0
10,333,,,,,,,,,,,,,,,,,,,,,,,,,0,0
11,367,,,,,,,,,,,,,,,,,,,,,,,,,0,0
12,400,,,,,,,,,,,,,,,,,,,,,,,,,0,0
13,433,,,,,,,,,,,,,,,,,,,,,,,,,0,0
14,467,,,,,,,,,,,,,,,,,,,,,,,,,0,0
15,500,,,,,,,,,,,,,,,,,,,,,,,,,0,0
16,533,,,,,,,,,,,,,,,,,,,,,,,,,0,0
17,567,,,,,,,,,,,,,,,,,,,,,,,,,0,0
18,600,,,,,,,,,,,,,,,,,,,,,,,,,0,0
19,633,,,,,,,,,,,,,,,,,,,,,,,,,0,0
20,667,,,,,,,,,,,,,,,,,,,,,,,,,0,0
21,700,,,,,,,,,,,,,,,,,,,,,,,,,0,0
22,733,,,,,,,,,,,,,,,,,,,,,,,,,0,0
23,767,,,,,,,,,,,,,,,,,,,,,,,,,0,0
24,800,,,,,,,,,,,,,,,,,,,,,,,,,0,0
25,833,,,,,,,,,,,,,,,,,,,,,,,,,0,0
26,867,,,,,,,,,,,,,,,,,,,,,,,,,0,0
27,900,,,,,,,,,,,,,,,,,,,,,,,,,0,0
28,933,,,,,,,,,,,,,,,,,,,,,,,,,0,0
29,967,,,,,,,,,,,,,,,,,,,,,,,,,0,0
30,1000,,,,,,,,,,,,,,,,,,,,,,,,,0,0
31,1033,,,,,,,,,,,,,,,,,,,,,,,,,0,0
32,1067,,,,,,,,,,,,,,,,,,,,,,,,,0,0
33,1100,,,,,,,,,,,,,,,,,,,,,,,,,0,0
34,1133,,,,,,,,,,,,,,,,,,,,,,,,,0,0
35,1167,,,,,,,,,,,,,,,,,,,,,,,,,0,0
36,1200,,,,,,,,,,,,,,,,,,,,,,,,,0,0
37,1233,,,,,,,,,,,,,,,,,,,,,,,,,0,0
38,1267,,,,,,,,,,,,,,,,,,,,,,,,,0,0
39,1300,,,,,,,,,,,,,,,,,,,,,,,,,0,0
40,1333,,,,,,,,,,,,,,,,,,,,,,,,,0,0
41,1367,,,,,,,,,,,,,,,,,,,,,,,,,0,0
42,1400,,,,,,,,,,,,,,,,,,,,,,,,,0,0
43,1433,,,,,,,,,,,,,,,,,,,,,,,,,0,0
44,1467,,,,,,,,,,,,,,,,,,,,,,,,,0,0
45,1500,,,,,,,,,,,,,,,,,,,,,,,,,0,0
46,1533,,,,,,,,,,,,,,,,,,,,,,,,,0,0
47,1567,,,,,,,,,,,,,,,,,,,,,,,,,0,0
48,1600,,,,,,,,,,,,,,,,,,,,,,,,,0,0
49,1633,,,,,,,,,,,,,,,,,,,,,,,,,0,0
50,1667,,,,,,,,,,,,,,,,,,,,,,,,,0,0
51,1700,,,,,,,,,,,,,,,,,,,,,,,,,0,0
52,1733,,,,,,,,,,,,,,,,,,,,,,,,,0,0
53,1767,,,,,,,,,,,,,,,,,,,,,,,,,0,0
54,1800,,,,,,,,,,,,,,,,,,,,,,,,,0,0
55,1833,,,,,,,,,,,,,,,,,,,,,,,,,0,0
56,1867,,,,,,,,,,,,,,,,,,,,,,,,,0,0
57,1900,,,,,,,,,,,,,,,,,,,,,,,,,0,0
58,1933,,,,,,,,,,,,,,,,,,,,,,,,,0,0
59,1967,,,,,,,,,,,,,,,,,,,,,,,,,0,0
60,2000,,,,,,,,,,,,,,,,,,,,,,,,,0,0
61,2033,,,,,,,,,,,,,,,,,,,,,,,,,0,0
62,2067,,,,,,,,,,,,,,,,,,,,,,,,,0,0
63,2100,,,,,,,,,,,,,,,,,,,,,,,,,0,0
64,2133,,,,,,,,,,,,,,,,,,,,,,,,,0,0
65,2167,,,,,,,,,,,,,,,,,,,,,,,,,0,0
66,2200,,,,,,,,,,,,,,,,,,,,,,,,,0,0
67,2233,,,,,,,,,,,,,,,,,,,,,,,,,0,0
68,2267,,,,,,,,,,,,,,,,,,,,,,,,,0,0
69,2300,,,,,,,,,,,,,,,,,,,,,,,,,0,0
70,2333,,,,,,,,,,,,,,,,,,,,,,,,,0,0
71,2367,,,,,,,,,,,,,,,,,,,,,,,,,0,0
72,2400,,,,,,,,,,,,,,,,,,,,,,,,,0,0
73,2433,,,,,,,,,,,,,,,,,,,,,,,,,0,0
74,2467,,,,,,,,,,,,,,,,,,,,,,,,,0,0
75,2500,,,,,,,,,,,,,,,,,,,,,,,,,0,0
76,2533,,,,,,,,,,,,,,,,,,,,,,,,,0,0
77,2567,,,,,,,,,,,,,,,,,,,,,,,,,0,0
78,2600,,,,,,,,,,,,,,,,,,,,,,,,,0,0
79,2633,,,,,,,,,,,,,,,,,,,,,,,,,0,0
80,2667,,,,,,,,,,,,,,,,,,,,,,,,,0,0
81,2700,,,,,,,,,,,,,,,,,,,,,,,,,0,0
82,2733,,,,,,,,,,,,,,,,,,,,,,,,,0,0
83,2767,,,,,,,,,,,,,,,,,,,,,,,,,0,0
84,2800,,,,,,,,,,,,,,,,,,,,,,,,,0,0
85,2833,,,,,,,,,,,,,,,,,,,,,,,,,0,0
86,2867,,,,,,,,,,,,,,,,,,,,,,,,,0,0
87,2900,,,,,,,,,,,,,,,,,,,,,,,,,0,0
88,2933,,,,,,,,,,,,,,,,,,,,,,,,,0,0
89,2967,,,,,,,,,,,,,,,,,,,,,,,,,0,0
90,3000,,,,,,,,,,,,,,,,,,,,,,,,,0,0
91,3033,,,,,,,,,,,,,,,,,,,,,,,,,0,0
92,3067,,,,,,,,,,,,,,,,,,,,,,,,,0,0
93,3100,,,,,,,,,,,,,,,,,,,,,,,,,0,0
94,3133,,,,,,,,,,,,,,,,,,,,,,,,,0,0
95,3167,,,,,,,,,,,,,,,,,,,,,,,,,0,0
96,3200,,,,,,,,,,,,,,,,,,,,,,,,,0,0
97,3233,,,,,,,,,,,,,,,,,,,,,,,,,0,0
98,3267,,,,,,,,,,,,,,,,,,,,,,,,,0,0
99,3300,,,,,,,,,,,,,,,,,,,,,,,,,0,0
100,3333,,,,,,,,,,,,,,,,,,,,,,,,,0,0
101,3367,,,,,,,,,,,,,,,,,,,,,,,,,0,0
102,3400,,,,,,,,,,,,,,,,,,,,,,,,,0,0
103,3433,,,,,,,,,,,,,,,,,,,,,,,,,0,0
104,3467,,,,,,,,,,,,,,,,,,,,,,,,,0,0
105,3500,,,,,,,,,,,,,,,,,,,,,,,,,0,0
106,3533,,,,,,,,,,,,,,,,,,,,,,,,,0,0
107,3567,,,,,,,,,,,,,,,,,,,,,,,,,0,0
108,3600,,,,,,,,,,,,,,,,,,,,,,,,,0,0
109,3633,,,,,,,,,,,,,,,,,,,,,,,,,0,0
110,3667,,,,,,,,,,,,,,,,,,,,,,,,,0,0
111,3700,,,,,,,,,,,,,,,,,,,,,,,,,0,0
112,3733,,,,,,,,,,,,,,,,,,,,,,,,,0,0
113,3767,,,,,,,,,,,,,,,,,,,,,,,,,0,0
114,3800,,,,,,,,,,,,,,,,,,,,,,,,,0,0
115,3833,,,,,,,,,,,,,,,,,,,,,,,,,0,0
116,3867,,,,,,,,,,,,,,,,,,,,,,,,,0,0
117,3900,,,,,,,,,,,,,,,,,,,,,,,,,0,0
118,3933,,,,,,,,,,,,,,,,,,,,,,,,,0,0
119,3967,,,,,,,,,,,,,,,,,,,,,,,,,0,0
120,4000,,,,,,,,,,,,,,,,,,,,,,,,,0,0
121,4033,,,,,,,,,,,,,,,,,,,,,,,,,0,0
122,4067,,,,,,,,,,,,,,,,,,,,,,,,,0,0
123,4100,,,,,,,,,,,,,,,,,,,,,,,,,0,0
124,4133,,,,,,,,,,,,,,,,,,,,,,,,,0,0
125,4167,,,,,,,,,,,,,,,,,,,,,,,,,0,0
126,4200,,,,,,,,,,,,,,,,,,,,,,,,,0,0
127,4233,,,,,,,,,,,,,,,,,,,,,,,,,0,0
128,4267,,,,,,,,,,,,,,,,,,,,,,,,,0,0
129,4300,,,,,,,,,,,,,,,,,,,,,,,,,0,0
130,4333,,,,,,,,,,,,,,,,,,,,,,,,,0,0
131,4367,,,,,,,,,,,,,,,,,,,,,,,,,0,0
132,4400,,,,,,,,,,,,,,,,,,,,,,,,,0,0
133,4433,,,,,,,,,,,,,,,,,,,,,,,,,0,0
134,4467,,,,,,,,,,,,,,,,,,,,,,,,,0,0
135,4500,,,,,,,,,,,,,,,,,,,,,,,,,0,0
136,4533,,,,,,,,,,,,,,,,,,,,,,,,,0,0
137,4567,,,,,,,,,,,,,,,,,,,,,,,,,0,0
138,4600,,,,,,,,,,,,,,,,,,,,,,,,,0,0
139,4633,,,,,,,,,,,,,,,,,,,,,,,,,0,0
140,4667,,,,,,,,,,,,,,,,,,,,,,,,,0,0
141,4700,,,,,,,,,,,,,,,,,,,,,,,,,0,0
142,4733,,,,,,,,,,,,,,,,,,,,,,,,,0,0
143,4767,,,,,,,,,,,,,,,,,,,,,,,,,0,0
144,4800,,,,,,,,,,,,,,,,,,,,,,,,,0,0
145,4833,,,,,,,,,,,,,,,,,,,,,,,,,0,0
146,4867,,,,,,,,,,,,,,,,,,,,,,w,move_up,,0,0
147,4900,,,,,,,,,,,,,,,,,,,,,,w,move_up,,0,0
148,4933,,,,,,,,,,,,,,,,,,,,,,w,move_up,,0,0
149,4967,,,,,,,,,,,,,,,,,,,,,,w,move_up,,0,0
150,5000,,,,,,,,,,,,,,,,,,,,,,w,move_up,,0,0
151,5033,,,,,,,,,,,,,,,,,,,,,,w,move_up,,0,0
152,5067,,,,,,,,,,,,,,,,,,,,,,w,move_up,,0,0
153,5100,,,,,,,,,,,,,,,,,,,,,,w,move_up,,0,0
154,5133,,,,,,,,,,,,,,,,,,,,,,w,move_up,,0,0
155,5167,,,,,,,,,,,,,,,,,,,,,,,,,0,0
156,5200,,,,,,,,,,,,,,,,,,,,,,,,,0,0
157,5233,,,,,,,,,,,,,,,,,,,,,,,,,0,0
158,5267,,,,,,,,,,,,,,,,,,,,,,,,,0,0
159,5300,,,,,,,,,,,,,,,,,,,,,,,,,0,0
160,5333,,,,,,,,,,,,,,,,,,,,,,,,,0,0
161,5367,,,,,,,,,,,,,,,,,,,,,,,,,0,0
162,5400,,,,,,,,,,,,,,,,,,,,,,,,,0,0
163,5433,,,,,,,,,,,,,,,,,,,,,,w,move_up,,0,0
164,5467,,,,,,,,,,,,,,,,,,,,,,d|w,move_up|move_right,,0,0
165,5500,,,,,,,,,,,,,,,,,,,,,,d|w,move_up|move_right,,0,0
166,5533,,,,,,,,,,,,,,,,,,,,,,d|w,move_up|move_right,,0,0
167,5567,,,,,,,,,,,,,,,,,,,,,,d,move_right,,0,0
168,5600,,,,,,,,,,,,,,,,,,,,,,d,move_right,,0,0
169,5633,,,,,,,,,,,,,,,,,,,,,,,,,0,0
170,5667,,,,,,,,,,,,,,,,,,,,,,,,,0,0
171,5700,,,,,,,,,,,,,,,,,,,,,,,,,0,0
172,5733,,,,,,,,,,,,,,,,,,,,,,,,,0,0
173,5767,,,,,,,,,,,,,,,,,,,,,,,,,0,0
174,5800,,,,,,,,,,,,,,,,,,,,,,,,,0,0
175,5833,,,,,,,,,,,,,,,,,,,,,,d,move_right,,0,0
176,5867,,,,,,,,,,,,,,,,,,,,,,d,move_right,,0,0
177,5900,,,,,,,,,,,,,,,,,,,,,,d,move_right,,0,0
178,5933,,,,,,,,,,,,,,,,,,,,,,d,move_right,,0,0
179,5967,,,,,,,,,,,,,,,,,,,,,,d,move_right,,0,0
180,6000,,,,,,,,,,,,,,,,,,,,,,,,,0,0
181,6033,,,,,,,,,,,,,,,,,,,,,,,,,0,0
182,6067,,,,,,,,,,,,,,,,,,,,,,,,,0,0
183,6100,,,,,,,,,,,,,,,,,,,,,,,,,0,0
184,6133,,,,,,,,,,,,,,,,,,,,,,,,,0,0
185,6167,,,,,,,,,,,,,,,,,,,,,,,,,0,0
186,6200,,,,,,,,,,,,,,,,,,,,,,,,,0,0
187,6233,,,,,,,,,,,,,,,,,,,,,,,,,0,0
188,6267,,,,,,,,,,,,,,,,,,,,,,,,,0,0
189,6300,,,,,,,,,,,,,,,,,,,,,,d,move_right,,0,0
190,6333,,,,,,,,,,,,,,,,,,,,,,d,move_right,,0,0
191,6367,,,,,,,,,,,,,,,,,,,,,,d,move_right,,0,0
192,6400,,,,,,,,,,,,,,,,,,,,,,d,move_right,,0,0
193,6433,,,,,,,,,,,,,,,,,,,,,,d,move_right,,0,0
194,6467,,,,,,,,,,,,,,,,,,,,,,,,,0,0
195,6500,,,,,,,,,,,,,,,,,,,,,,,,,0,0
196,6533,,,,,,,,,,,,,,,,,,,,,,d|w,move_up|move_right,,0,0
197,6567,,,,,,,,,,,,,,,,,,,,,,d|w,move_up|move_right,,0,0
198,6600,,,,,,,,,,,,,,,,,,,,,,d|w,move_up|move_right,,0,0
199,6633,,,,,,,,,,,,,,,,,,,,,,w,move_up,,0,0
200,6667,,,,,,,,,,,,,,,,,,,,,,w,move_up,,0,0
201,6700,,,,,,,,,,,,,,,,,,,,,,w,move_up,,0,0
202,6733,,,,,,,,,,,,,,,,,,,,,,w,move_up,,0,0
203,6767,,,,,,,,,,,,,,,,,,,,,,d|w,move_up|move_right,,0,0
204,6800,,,,,,,,,,,,,,,,,,,,,,d|w,move_up|move_right,,0,0
205,6833,,,,,,,,,,,,,,,,,,,,,,d|w,move_up|move_right,,0,0
206,6867,,,,,,,,,,,,,,,,,,,,,,d|w,move_up|move_right,,0,0
207,6900,,,,,,,,,,,,,,,,,,,,,,d|w,move_up|move_right,,0,0
208,6933,,,,,,,,,,,,,,,,,,,,,,w,move_up,,0,0
209,6967,,,,,,,,,,,,,,,,,,,,,,w,move_up,,0,0
210,7000,,,,,,,,,,,,,,,,,,,,,,w,move_up,,0,0
211,7033,,,,,,,,,,,,,,,,,,,,,,w,move_up,,0,0
212,7067,,,,,,,,,,,,,,,,,,,,,,w,move_up,,0,0
213,7100,,,,,,,,,,,,,,,,,,,,,,w,move_up,,0,0
214,7133,,,,,,,,,,,,,,,,,,,,,,,,,0,0
215,7167,,,,,,,,,,,,,,,,,,,,,,,,,0,0
216,7200,,,,,,,,,,,,,,,,,,,,,,,,,0,0
217,7233,,,,,,,,,,,,,,,,,,,,,,w,move_up,,0,0
218,7267,,,,,,,,,,,,,,,,,,,,,,w,move_up,,0,0
219,7300,,,,,,,,,,,,,,,,,,,,,,w,move_up,,0,0
220,7333,,,,,,,,,,,,,,,,,,,,,,w,move_up,,0,0
221,7367,,,,,,,,,,,,,,,,,,,,,,e|w,interact|move_up,,0,0
222,7400,,,,,,,,,,,,,,,,,,,,,,e|w,interact|move_up,,0,0
223,7433,,,,,,,,,,,,,,,,,,,,,,e|w,interact|move_up,,0,0
224,7467,,,,,,,,,,,,,,,,,,,,,,e|w,interact|move_up,,0,0
225,7500,,,,,,,,,,,,,,,,,,,,,,w,move_up,,0,0
226,7533,,,,,,,,,,,,,,,,,,,,,,,,,0,0
227,7567,,,,,,,,,,,,,,,,,,,,,,,,,0,0
228,7600,,,,,,,,,,,,,,,,,,,,,,,,,0,0
229,7633,,,,,,,,,,,,,,,,,,,,,,,,,0,0
230,7667,,,,,,,,,,,,,,,,,,,,,,e,interact,,0,0
231,7700,,,,,,,,,,,,,,,,,,,,,,e,interact,,0,0
232,7733,,,,,,,,,,,,,,,,,,,,,,e,interact,,0,0
233,7767,,,,,,,,,,,,,,,,,,,,,,e,interact,,0,0
234,7800,,,,,,,,,,,,,,,,,,,,,,,,,0,0
235,7833,,,,,,,,,,,,,,,,,,,,,,e,interact,,0,0
236,7867,,,,,,,,,,,,,,,,,,,,,,e,interact,,0,0
237,7900,,,,,,,,,,,,,,,,,,,,,,e,interact,,0,0
238,7933,,,,,,,,,,,,,,,,,,,,,,e,interact,,0,0
239,7967,,,,,,,,,,,,,,,,,,,,,,e,interact,,0,0
240,8000,,,,,,,,,,,,,,,,,,,,,,e,interact,,0,0
241,8033,,,,,,,,,,,,,,,,,,,,,,e,interact,,0,0
242,8067,,,,,,,,,,,,,,,,,,,,,,,,,0,0
243,8100,,,,,,,,,,,,,,,,,,,,,,,,,0,0
244,8133,,,,,,,,,,,,,,,,,,,,,,,,,0,0
245,8167,,,,,,,,,,,,,,,,,,,,,,,,,0,0
246,8200,,,,,,,,,,,,,,,,,,,,,,,,,0,0
247,8233,,,,,,,,,,,,,,,,,,,,,,,,,0,0
248,8267,,,,,,,,,,,,,,,,,,,,,,,,,0,0
249,8300,,,,,,,,,,,,,,,,,,,,,,d,move_right,,0,0
250,8333,,,,,,,,,,,,,,,,,,,,,,d,move_right,,0,0
251,8367,,,,,,,,,,,,,,,,,,,,,,d,move_right,,0,0
252,8400,,,,,,,,,,,,,,,,,,,,,,d,move_right,,0,0
253,8433,,,,,,,,,,,,,,,,,,,,,,d,move_right,,0,0
254,8467,,,,,,,,,,,,,,,,,,,,,,d,move_right,,0,0
255,8500,,,,,,,,,,,,,,,,,,,,,,,,,0,0
256,8533,,,,,,,,,,,,,,,,,,,,,,s,move_down,,0,0
257,8567,,,,,,,,,,,,,,,,,,,,,,s,move_down,,0,0
258,8600,,,,,,,,,,,,,,,,,,,,,,s,move_down,,0,0
259,8633,,,,,,,,,,,,,,,,,,,,,,s,move_down,,0,0
260,8667,,,,,,,,,,,,,,,,,,,,,,s,move_down,,0,0
261,8700,,,,,,,,,,,,,,,,,,,,,,s,move_down,,0,0
262,8733,,,,,,,,,,,,,,,,,,,,,,s,move_down,,0,0
263,8767,,,,,,,,,,,,,,,,,,,,,,,,,0,0
264,8800,,,,,,,,,,,,,,,,,,,,,,,,,0,0
265,8833,,,,,,,,,,,,,,,,,,,,,,,,,0,0
266,8867,,,,,,,,,,,,,,,,,,,,,,,,,0,0
267,8900,,,,,,,,,,,,,,,,,,,,,,,,,0,0
268,8933,,,,,,,,,,,,,,,,,,,,,,,,,0,0
269,8967,,,,,,,,,,,,,,,,,,,,,,,,,0,0
270,9000,,,,,,,,,,,,,,,,,,,,,,,,,0,0
271,9033,,,,,,,,,,,,,,,,,,,,,,,,,0,0
272,9067,,,,,,,,,,,,,,,,,,,,,,,,,0,0
273,9100,,,,,,,,,,,,,,,,,,,,,,,,,0,0
274,9133,,,,,,,,,,,,,,,,,,,,,,,,,0,0
275,9167,,,,,,,,,,,,,,,,,,,,,,,,,0,0
276,9200,,,,,,,,,,,,,,,,,,,,,,,,,0,0
277,9233,,,,,,,,,,,,,,,,,,,,,,,,,0,0
278,9267,,,,,,,,,,,,,,,,,,,,,,,,,0,0
279,9300,,,,,,,,,,,,,,,,,,,,,,a,move_left,,0,0
280,9333,,,,,,,,,,,,,,,,,,,,,,a|w,move_up|move_left,,0,0
281,9367,,,,,,,,,,,,,,,,,,,,,,a|w,move_up|move_left,,0,0
282,9400,,,,,,,,,,,,,,,,,,,,,,a|w,move_up|move_left,,0,0
283,9433,,,,,,,,,,,,,,,,,,,,,,w,move_up,,0,0
284,9467,,,,,,,,,,,,,,,,,,,,,,w,move_up,,0,0
285,9500,,,,,,,,,,,,,,,,,,,,,,w,move_up,,0,0
286,9533,,,,,,,,,,,,,,,,,,,,,,e|w,interact|move_up,,0,0
287,9567,,,,,,,,,,,,,,,,,,,,,,e|w,interact|move_up,,0,0
288,9600,,,,,,,,,,,,,,,,,,,,,,e|w,interact|move_up,,0,0
289,9633,,,,,,,,,,,,,,,,,,,,,,e|w,interact|move_up,,0,0
290,9667,,,,,,,,,,,,,,,,,,,,,,w,move_up,,0,0
291,9700,,,,,,,,,,,,,,,,,,,,,,e|w,interact|move_up,,0,0
292,9733,,,,,,,,,,,,,,,,,,,,,,e|w,interact|move_up,,0,0
293,9767,,,,,,,,,,,,,,,,,,,,,,e|w,interact|move_up,,0,0
294,9800,,,,,,,,,,,,,,,,,,,,,,e|w,interact|move_up,,0,0
295,9833,,,,,,,,,,,,,,,,,,,,,,e|w,interact|move_up,,0,0
296,9867,,,,,,,,,,,,,,,,,,,,,,e|w,interact|move_up,,0,0
297,9900,,,,,,,,,,,,,,,,,,,,,,e|w,interact|move_up,,0,0
298,9933,,,,,,,,,,,,,,,,,,,,,,w,move_up,,0,0
299,9967,,,,,,,,,,,,,,,,,,,,,,e|w,interact|move_up,,0,0
300,10000,,,,,,,,,,,,,,,,,,,,,,e|w,interact|move_up,,0,0
301,10033,,,,,,,,,,,,,,,,,,,,,,e|w,interact|move_up,,0,0
302,10067,,,,,,,,,,,,,,,,,,,,,,e|w,interact|move_up,,0,0
303,10100,,,,,,,,,,,,,,,,,,,,,,e|w,interact|move_up,,0,0
304,10133,,,,,,,,,,,,,,,,,,,,,,e,interact,,0,0
305,10167,,,,,,,,,,,,,,,,,,,,,,,,,0,0
306,10200,,,,,,,,,,,,,,,,,,,,,,,,,0,0
307,10233,,,,,,,,,,,,,,,,,,,,,,,,,0,0
308,10267,,,,,,,,,,,,,,,,,,,,,,,,,0,0
309,10300,,,,,,,,,,,,,,,,,,,,,,,,,0,0
310,10333,,,,,,,,,,,,,,,,,,,,,,,,,0,0
311,10367,,,,,,,,,,,,,,,,,,,,,,,,,0,0
312,10400,,,,,,,,,,,,,,,,,,,,,,,,,0,0
313,10433,,,,,,,,,,,,,,,,,,,,,,,,,0,0
314,10467,,,,,,,,,,,,,,,,,,,,,,,,,0,0
315,10500,,,,,,,,,,,,,,,,,,,,,,,,,0,0
316,10533,,,,,,,,,,,,,,,,,,,,,,,,,0,0
317,10567,,,,,,,,,,,,,,,,,,,,,,,,,0,0
318,10600,,,,,,,,,,,,,,,,,,,,,,,,,0,0
319,10633,,,,,,,,,,,,,,,,,,,,,,,,,0,0
320,10667,,,,,,,,,,,,,,,,,,,,,,,,,0,0
321,10700,,,,,,,,,,,,,,,,,,,,,,,,,0,0
322,10733,,,,,,,,,,,,,,,,,,,,,,,,,0,0
323,10767,,,,,,,,,,,,,,,,,,,,,,,,,0,0
324,10800,,,,,,,,,,,,,,,,,,,,,,w,move_up,,0,0
325,10833,,,,,,,,,,,,,,,,,,,,,,w,move_up,,0,0
326,10867,,,,,,,,,,,,,,,,,,,,,,w,move_up,,0,0
327,10900,,,,,,,,,,,,,,,,,,,,,,w,move_up,,0,0
328,10933,,,,,,,,,,,,,,,,,,,,,,w,move_up,,0,0
329,10967,,,,,,,,,,,,,,,,,,,,,,w,move_up,,0,0
330,11000,,,,,,,,,,,,,,,,,,,,,,w,move_up,,0,0
331,11033,,,,,,,,,,,,,,,,,,,,,,w,move_up,,0,0
332,11067,,,,,,,,,,,,,,,,,,,,,,w,move_up,,0,0
333,11100,,,,,,,,,,,,,,,,,,,,,,w,move_up,,0,0
334,11133,,,,,,,,,,,,,,,,,,,,,,w,move_up,,0,0
335,11167,,,,,,,,,,,,,,,,,,,,,,w,move_up,,0,0
336,11200,,,,,,,,,,,,,,,,,,,,,,w,move_up,,0,0
337,11233,,,,,,,,,,,,,,,,,,,,,,w,move_up,,0,0
338,11267,,,,,,,,,,,,,,,,,,,,,,w,move_up,,0,0
339,11300,,,,,,,,,,,,,,,,,,,,,,w,move_up,,0,0
340,11333,,,,,,,,,,,,,,,,,,,,,,w,move_up,,0,0
341,11367,,,,,,,,,,,,,,,,,,,,,,w,move_up,,0,0
342,11400,,,,,,,,,,,,,,,,,,,,,,w,move_up,,0,0
343,11433,,,,,,,,,,,,,,,,,,,,,,w,move_up,,0,0
344,11467,,,,,,,,,,,,,,,,,,,,,,w,move_up,,0,0
345,11500,,,,,,,,,,,,,,,,,,,,,,w,move_up,,0,0
346,11533,,,,,,,,,,,,,,,,,,,,,,w,move_up,,0,0
347,11567,,,,,,,,,,,,,,,,,,,,,,w,move_up,,0,0
348,11600,,,,,,,,,,,,,,,,,,,,,,w,move_up,,0,0
349,11633,,,,,,,,,,,,,,,,,,,,,,w,move_up,,0,0
350,11667,,,,,,,,,,,,,,,,,,,,,,w,move_up,,0,0
351,11700,,,,,,,,,,,,,,,,,,,,,,w,move_up,,0,0
352,11733,,,,,,,,,,,,,,,,,,,,,,w,move_up,,0,0
353,11767,,,,,,,,,,,,,,,,,,,,,,w,move_up,,0,0
354,11800,,,,,,,,,,,,,,,,,,,,,,w,move_up,,0,0
355,11833,,,,,,,,,,,,,,,,,,,,,,w,move_up,,0,0
356,11867,,,,,,,,,,,,,,,,,,,,,,e|w,interact|move_up,,0,0
357,11900,,,,,,,,,,,,,,,,,,,,,,e|w,interact|move_up,,0,0
358,11933,,,,,,,,,,,,,,,,,,,,,,e,interact,,0,0
359,11967,,,,,,,,,,,,,,,,,,,,,,e,interact,,0,0
360,12000,,,,,,,,,,,,,,,,,,,,,,,,,0,0
361,12033,,,,,,,,,,,,,,,,,,,,,,,,,0,0
362,12067,,,,,,,,,,,,,,,,,,,,,,,,,0,0
363,12100,,,,,,,,,,,,,,,,,,,,,,,,,0,0
364,12133,,,,,,,,,,,,,,,,,,,,,,,,,0,0
365,12167,,,,,,,,,,,,,,,,,,,,,,,,,0,0
366,12200,,,,,,,,,,,,,,,,,,,,,,,,,0,0
367,12233,,,,,,,,,,,,,,,,,,,,,,a,move_left,,0,0
368,12267,,,,,,,,,,,,,,,,,,,,,,a,move_left,,0,0
369,12300,,,,,,,,,,,,,,,,,,,,,,a,move_left,,0,0
370,12333,,,,,,,,,,,,,,,,,,,,,,a|w,move_up|move_left,,0,0
371,12367,,,,,,,,,,,,,,,,,,,,,,a|w,move_up|move_left,,0,0
372,12400,,,,,,,,,,,,,,,,,,,,,,a|w,move_up|move_left,,0,0
373,12433,,,,,,,,,,,,,,,,,,,,,,w,move_up,,0,0
374,12467,,,,,,,,,,,,,,,,,,,,,,w,move_up,,0,0
375,12500,,,,,,,,,,,,,,,,,,,,,,w,move_up,,0,0
376,12533,,,,,,,,,,,,,,,,,,,,,,w,move_up,,0,0
377,12567,,,,,,,,,,,,,,,,,,,,,,w,move_up,,0,0
378,12600,,,,,,,,,,,,,,,,,,,,,,w,move_up,,0,0
379,12633,,,,,,,,,,,,,,,,,,,,,,w,move_up,,0,0
380,12667,,,,,,,,,,,,,,,,,,,,,,w,move_up,,0,0
381,12700,,,,,,,,,,,,,,,,,,,,,,w,move_up,,0,0
382,12733,,,,,,,,,,,,,,,,,,,,,,w,move_up,,0,0
383,12767,,,,,,,,,,,,,,,,,,,,,,w,move_up,,0,0
384,12800,,,,,,,,,,,,,,,,,,,,,,w,move_up,,0,0
385,12833,,,,,,,,,,,,,,,,,,,,,,w,move_up,,0,0
386,12867,,,,,,,,,,,,,,,,,,,,,,w,move_up,,0,0
387,12900,,,,,,,,,,,,,,,,,,,,,,w,move_up,,0,0
388,12933,,,,,,,,,,,,,,,,,,,,,,w,move_up,,0,0
389,12967,,,,,,,,,,,,,,,,,,,,,,w,move_up,,0,0
390,13000,,,,,,,,,,,,,,,,,,,,,,w,move_up,,0,0
391,13033,,,,,,,,,,,,,,,,,,,,,,w,move_up,,0,0
392,13067,,,,,,,,,,,,,,,,,,,,,,w,move_up,,0,0
393,13100,,,,,,,,,,,,,,,,,,,,,,w,move_up,,0,0
394,13133,,,,,,,,,,,,,,,,,,,,,,w,move_up,,0,0
395,13167,,,,,,,,,,,,,,,,,,,,,,w,move_up,,0,0
396,13200,,,,,,,,,,,,,,,,,,,,,,w,move_up,,0,0
397,13233,,,,,,,,,,,,,,,,,,,,,,w,move_up,,0,0
398,13267,,,,,,,,,,,,,,,,,,,,,,w,move_up,,0,0
399,13300,,,,,,,,,,,,,,,,,,,,,,w,move_up,,0,0
400,13333,,,,,,,,,,,,,,,,,,,,,,w,move_up,,0,0
401,13367,,,,,,,,,,,,,,,,,,,,,,w,move_up,,0,0
402,13400,,,,,,,,,,,,,,,,,,,,,,w,move_up,,0,0
403,13433,,,,,,,,,,,,,,,,,,,,,,w,move_up,,0,0
404,13467,,,,,,,,,,,,,,,,,,,,,,w,move_up,,0,0
405,13500,,,,,,,,,,,,,,,,,,,,,,w,move_up,,0,0
406,13533,,,,,,,,,,,,,,,,,,,,,,w,move_up,,0,0
407,13567,,,,,,,,,,,,,,,,,,,,,,w,move_up,,0,0
408,13600,,,,,,,,,,,,,,,,,,,,,,w,move_up,,0,0
409,13633,,,,,,,,,,,,,,,,,,,,,,w,move_up,,0,0
410,13667,,,,,,,,,,,,,,,,,,,,,,w,move_up,,0,0
411,13700,,,,,,,,,,,,,,,,,,,,,,w,move_up,,0,0
412,13733,,,,,,,,,,,,,,,,,,,,,,w,move_up,,0,0
413,13767,,,,,,,,,,,,,,,,,,,,,,w,move_up,,0,0
414,13800,,,,,,,,,,,,,,,,,,,,,,w,move_up,,0,0
415,13833,,,,,,,,,,,,,,,,,,,,,,w,move_up,,0,0
416,13867,,,,,,,,,,,,,,,,,,,,,,w,move_up,,0,0
417,13900,,,,,,,,,,,,,,,,,,,,,,w,move_up,,0,0
418,13933,,,,,,,,,,,,,,,,,,,,,,e|w,interact|move_up,,0,0
419,13967,,,,,,,,,,,,,,,,,,,,,,e|w,interact|move_up,,0,0
420,14000,,,,,,,,,,,,,,,,,,,,,,e|w,interact|move_up,,0,0
421,14033,,,,,,,,,,,,,,,,,,,,,,e|w,interact|move_up,,0,0
422,14067,,,,,,,,,,,,,,,,,,,,,,w,move_up,,0,0
423,14100,,,,,,,,,,,,,,,,,,,,,,e|w,interact|move_up,,0,0
424,14133,,,,,,,,,,,,,,,,,,,,,,e|w,interact|move_up,,0,0
425,14167,,,,,,,,,,,,,,,,,,,,,,e|w,interact|move_up,,0,0
426,14200,,,,,,,,,,,,,,,,,,,,,,e|w,interact|move_up,,0,0
427,14233,,,,,,,,,,,,,,,,,,,,,,w,move_up,,0,0
428,14267,,,,,,,,,,,,,,,,,,,,,,e|w,interact|move_up,,0,0
429,14300,,,,,,,,,,,,,,,,,,,,,,e|w,interact|move_up,,0,0
430,14333,,,,,,,,,,,,,,,,,,,,,,e|w,interact|move_up,,0,0
431,14367,,,,,,,,,,,,,,,,,,,,,,e|w,interact|move_up,,0,0
432,14400,,,,,,,,,,,,,,,,,,,,,,e|w,interact|move_up,,0,0
433,14433,,,,,,,,,,,,,,,,,,,,,,w,move_up,,0,0
434,14467,,,,,,,,,,,,,,,,,,,,,,w,move_up,,0,0
435,14500,,,,,,,,,,,,,,,,,,,,,,w,move_up,,0,0
436,14533,,,,,,,,,,,,,,,,,,,,,,w,move_up,,0,0
437,14567,,,,,,,,,,,,,,,,,,,,,,w,move_up,,0,0
438,14600,,,,,,,,,,,,,,,,,,,,,,w,move_up,,0,0
439,14633,,,,,,,,,,,,,,,,,,,,,,,,,0,0
440,14667,,,,,,,,,,,,,,,,,,,,,,,,,0,0
441,14700,,,,,,,,,,,,,,,,,,,,,,,,,0,0
442,14733,,,,,,,,,,,,,,,,,,,,,,,,,0,0
443,14767,,,,,,,,,,,,,,,,,,,,,,d,move_right,,0,0
444,14800,,,,,,,,,,,,,,,,,,,,,,d,move_right,,0,0
445,14833,,,,,,,,,,,,,,,,,,,,,,d,move_right,,0,0
446,14867,,,,,,,,,,,,,,,,,,,,,,d,move_right,,0,0
447,14900,,,,,,,,,,,,,,,,,,,,,,d,move_right,,0,0
448,14933,,,,,,,,,,,,,,,,,,,,,,d|w,move_up|move_right,,0,0
449,14967,,,,,,,,,,,,,,,,,,,,,,d|w,move_up|move_right,,0,0
450,15000,,,,,,,,,,,,,,,,,,,,,,d|w,move_up|move_right,,0,0
451,15033,,,,,,,,,,,,,,,,,,,,,,d|w,move_up|move_right,,0,0
452,15067,,,,,,,,,,,,,,,,,,,,,,d|w,move_up|move_right,,0,0
453,15100,,,,,,,,,,,,,,,,,,,,,,d|w,move_up|move_right,,0,0
454,15133,,,,,,,,,,,,,,,,,,,,,,d|w,move_up|move_right,,0,0
455,15167,,,,,,,,,,,,,,,,,,,,,,d|w,move_up|move_right,,0,0
456,15200,,,,,,,,,,,,,,,,,,,,,,d|w,move_up|move_right,,0,0
457,15233,,,,,,,,,,,,,,,,,,,,,,d|w,move_up|move_right,,0,0
458,15267,,,,,,,,,,,,,,,,,,,,,,d|w,move_up|move_right,,0,0
459,15300,,,,,,,,,,,,,,,,,,,,,,w,move_up,,0,0
460,15333,,,,,,,,,,,,,,,,,,,,,,w,move_up,,0,0
461,15367,,,,,,,,,,,,,,,,,,,,,,w,move_up,,0,0
462,15400,,,,,,,,,,,,,,,,,,,,,,,,,0,0
463,15433,,,,,,,,,,,,,,,,,,,,,,,,,0,0
464,15467,,,,,,,,,,,,,,,,,,,,,,,,,0,0
465,15500,,,,,,,,,,,,,,,,,,,,,,,,,0,0
466,15533,,,,,,,,,,,,,,,,,,,,,,w,move_up,,0,0
467,15567,,,,,,,,,,,,,,,,,,,,,,d|w,move_up|move_right,,0,0
468,15600,,,,,,,,,,,,,,,,,,,,,,d|w,move_up|move_right,,0,0
469,15633,,,,,,,,,,,,,,,,,,,,,,d|w,move_up|move_right,,0,0
470,15667,,,,,,,,,,,,,,,,,,,,,,d|w,move_up|move_right,,0,0
471,15700,,,,,,,,,,,,,,,,,,,,,,d|w,move_up|move_right,,0,0
472,15733,,,,,,,,,,,,,,,,,,,,,,d|w,move_up|move_right,,0,0
473,15767,,,,,,,,,,,,,,,,,,,,,,d|w,move_up|move_right,,0,0
474,15800,,,,,,,,,,,,,,,,,,,,,,w,move_up,,0,0
475,15833,,,,,,,,,,,,,,,,,,,,,,w,move_up,,0,0
476,15867,,,,,,,,,,,,,,,,,,,,,,e|w,interact|move_up,,0,0
477,15900,,,,,,,,,,,,,,,,,,,,,,e|w,interact|move_up,,0,0
478,15933,,,,,,,,,,,,,,,,,,,,,,e|w,interact|move_up,,0,0
479,15967,,,,,,,,,,,,,,,,,,,,,,e|w,interact|move_up,,0,0
480,16000,,,,,,,,,,,,,,,,,,,,,,w,move_up,,0,0
481,16033,,,,,,,,,,,,,,,,,,,,,,w,move_up,,0,0
482,16067,,,,,,,,,,,,,,,,,,,,,,w,move_up,,0,0
483,16100,,,,,,,,,,,,,,,,,,,,,,,,,0,0
484,16133,,,,,,,,,,,,,,,,,,,,,,,,,0,0
485,16167,,,,,,,,,,,,,,,,,,,,,,d,move_right,,0,0
486,16200,,,,,,,,,,,,,,,,,,,,,,d,move_right,,0,0
487,16233,,,,,,,,,,,,,,,,,,,,,,d,move_right,,0,0
488,16267,,,,,,,,,,,,,,,,,,,,,,d,move_right,,0,0
489,16300,,,,,,,,,,,,,,,,,,,,,,d|w,move_up|move_right,,0,0
490,16333,,,,,,,,,,,,,,,,,,,,,,d|w,move_up|move_right,,0,0
491,16367,,,,,,,,,,,,,,,,,,,,,,d|w,move_up|move_right,,0,0
492,16400,,,,,,,,,,,,,,,,,,,,,,d|w,move_up|move_right,,0,0
493,16433,,,,,,,,,,,,,,,,,,,,,,d|w,move_up|move_right,,0,0
494,16467,,,,,,,,,,,,,,,,,,,,,,d|w,move_up|move_right,,0,0
495,16500,,,,,,,,,,,,,,,,,,,,,,d|w,move_up|move_right,,0,0
496,16533,,,,,,,,,,,,,,,,,,,,,,d|w,move_up|move_right,,0,0
497,16567,,,,,,,,,,,,,,,,,,,,,,d|w,move_up|move_right,,0,0
498,16600,,,,,,,,,,,,,,,,,,,,,,d|w,move_up|move_right,,0,0
499,16633,,,,,,,,,,,,,,,,,,,,,,d|w,move_up|move_right,,0,0
500,16667,,,,,,,,,,,,,,,,,,,,,,d|w,move_up|move_right,,0,0
501,16700,,,,,,,,,,,,,,,,,,,,,,d|w,move_up|move_right,,0,0
502,16733,,,,,,,,,,,,,,,,,,,,,,d,move_right,,0,0
503,16767,,,,,,,,,,,,,,,,,,,,,,d,move_right,,0,0
504,16800,,,,,,,,,,,,,,,,,,,,,,d,move_right,,0,0
505,16833,,,,,,,,,,,,,,,,,,,,,,d,move_right,,0,0
506,16867,,,,,,,,,,,,,,,,,,,,,,d,move_right,,0,0
507,16900,,,,,,,,,,,,,,,,,,,,,,,,,0,0
508,16933,,,,,,,,,,,,,,,,,,,,,,,,,0,0
509,16967,,,,,,,,,,,,,,,,,,,,,,w,move_up,,0,0
510,17000,,,,,,,,,,,,,,,,,,,,,,w,move_up,,0,0
511,17033,,,,,,,,,,,,,,,,,,,,,,w,move_up,,0,0
512,17067,,,,,,,,,,,,,,,,,,,,,,w,move_up,,0,0
513,17100,,,,,,,,,,,,,,,,,,,,,,d|w,move_up|move_right,,0,0
514,17133,,,,,,,,,,,,,,,,,,,,,,d|w,move_up|move_right,,0,0
515,17167,,,,,,,,,,,,,,,,,,,,,,d|w,move_up|move_right,,0,0
516,17200,,,,,,,,,,,,,,,,,,,,,,d|w,move_up|move_right,,0,0
517,17233,,,,,,,,,,,,,,,,,,,,,,w,move_up,,0,0
518,17267,,,,,,,,,,,,,,,,,,,,,,w,move_up,,0,0
519,17300,,,,,,,,,,,,,,,,,,,,,,w,move_up,,0,0
520,17333,,,,,,,,,,,,,,,,,,,,,,w,move_up,,0,0
521,17367,,,,,,,,,,,,,,,,,,,,,,w,move_up,,0,0
522,17400,,,,,,,,,,,,,,,,,,,,,,w,move_up,,0,0
523,17433,,,,,,,,,,,,,,,,,,,,,,e,interact,,0,0
524,17467,,,,,,,,,,,,,,,,,,,,,,e,interact,,0,0
525,17500,,,,,,,,,,,,,,,,,,,,,,e,interact,,0,0
526,17533,,,,,,,,,,,,,,,,,,,,,,,,,0,0
527,17567,,,,,,,,,,,,,,,,,,,,,,,,,0,0
528,17600,,,,,,,,,,,,,,,,,,,,,,,,,0,0
529,17633,,,,,,,,,,,,,,,,,,,,,,w,move_up,,0,0
530,17667,,,,,,,,,,,,,,,,,,,,,,w,move_up,,0,0
531,17700,,,,,,,,,,,,,,,,,,,,,,w,move_up,,0,0
532,17733,,,,,,,,,,,,,,,,,,,,,,w,move_up,,0,0
533,17767,,,,,,,,,,,,,,,,,,,,,,w,move_up,,0,0
534,17800,,,,,,,,,,,,,,,,,,,,,,d|w,move_up|move_right,,0,0
535,17833,,,,,,,,,,,,,,,,,,,,,,d|w,move_up|move_right,,0,0
536,17867,,,,,,,,,,,,,,,,,,,,,,d|w,move_up|move_right,,0,0
537,17900,,,,,,,,,,,,,,,,,,,,,,d|w,move_up|move_right,,0,0
538,17933,,,,,,,,,,,,,,,,,,,,,,d|w,move_up|move_right,,0,0
539,17967,,,,,,,,,,,,,,,,,,,,,,d|w,move_up|move_right,,0,0
540,18000,,,,,,,,,,,,,,,,,,,,,,d|w,move_up|move_right,,0,0
541,18033,,,,,,,,,,,,,,,,,,,,,,w,move_up,,0,0
542,18067,,,,,,,,,,,,,,,,,,,,,,w,move_up,,0,0
543,18100,,,,,,,,,,,,,,,,,,,,,,w,move_up,,0,0
544,18133,,,,,,,,,,,,,,,,,,,,,,w,move_up,,0,0
545,18167,,,,,,,,,,,,,,,,,,,,,,w,move_up,,0,0
546,18200,,,,,,,,,,,,,,,,,,,,,,w,move_up,,0,0
547,18233,,,,,,,,,,,,,,,,,,,,,,w,move_up,,0,0
548,18267,,,,,,,,,,,,,,,,,,,,,,w,move_up,,0,0
549,18300,,,,,,,,,,,,,,,,,,,,,,,,,0,0
550,18333,,,,,,,,,,,,,,,,,,,,,,,,,0,0
551,18367,,,,,,,,,,,,,,,,,,,,,,a|w,move_up|move_left,,0,0
552,18400,,,,,,,,,,,,,,,,,,,,,,a|w,move_up|move_left,,0,0
553,18433,,,,,,,,,,,,,,,,,,,,,,a|w,move_up|move_left,,0,0
554,18467,,,,,,,,,,,,,,,,,,,,,,w,move_up,,0,0
555,18500,,,,,,,,,,,,,,,,,,,,,,w,move_up,,0,0
556,18533,,,,,,,,,,,,,,,,,,,,,,w,move_up,,0,0
557,18567,,,,,,,,,,,,,,,,,,,,,,a|w,move_up|move_left,,0,0
558,18600,,,,,,,,,,,,,,,,,,,,,,a|w,move_up|move_left,,0,0
559,18633,,,,,,,,,,,,,,,,,,,,,,a|e|w,interact|move_up|move_left,,0,0
560,18667,,,,,,,,,,,,,,,,,,,,,,a|e|w,interact|move_up|move_left,,0,0
561,18700,,,,,,,,,,,,,,,,,,,,,,a|e|w,interact|move_up|move_left,,0,0
562,18733,,,,,,,,,,,,,,,,,,,,,,a|e|w,interact|move_up|move_left,,0,0
563,18767,,,,,,,,,,,,,,,,,,,,,,a|e|w,interact|move_up|move_left,,0,0
564,18800,,,,,,,,,,,,,,,,,,,,,,e|w,interact|move_up,,0,0
565,18833,,,,,,,,,,,,,,,,,,,,,,w,move_up,,0,0
566,18867,,,,,,,,,,,,,,,,,,,,,,,,,0,0
567,18900,,,,,,,,,,,,,,,,,,,,,,e,interact,,0,0
568,18933,,,,,,,,,,,,,,,,,,,,,,e,interact,,0,0
569,18967,,,,,,,,,,,,,,,,,,,,,,e,interact,,0,0
570,19000,,,,,,,,,,,,,,,,,,,,,,e,interact,,0,0
571,19033,,,,,,,,,,,,,,,,,,,,,,e,interact,,0,0
572,19067,,,,,,,,,,,,,,,,,,,,,,e,interact,,0,0
573,19100,,,,,,,,,,,,,,,,,,,,,,e,interact,,0,0
574,19133,,,,,,,,,,,,,,,,,,,,,,e,interact,,0,0
575,19167,,,,,,,,,,,,,,,,,,,,,,e,interact,,0,0
576,19200,,,,,,,,,,,,,,,,,,,,,,e,interact,,0,0
577,19233,,,,,,,,,,,,,,,,,,,,,,e|w,interact|move_up,,0,0
578,19267,,,,,,,,,,,,,,,,,,,,,,e|w,interact|move_up,,0,0
579,19300,,,,,,,,,,,,,,,,,,,,,,e|w,interact|move_up,,0,0
580,19333,,,,,,,,,,,,,,,,,,,,,,w,move_up,,0,0
581,19367,,,,,,,,,,,,,,,,,,,,,,w,move_up,,0,0
582,19400,,,,,,,,,,,,,,,,,,,,,,w,move_up,,0,0
583,19433,,,,,,,,,,,,,,,,,,,,,,,,,0,0
584,19467,,,,,,,,,,,,,,,,,,,,,,,,,0,0
585,19500,,,,,,,,,,,,,,,,,,,,,,,,,0,0
586,19533,,,,,,,,,,,,,,,,,,,,,,,,,0,0
587,19567,,,,,,,,,,,,,,,,,,,,,,d,move_right,,0,0
588,19600,,,,,,,,,,,,,,,,,,,,,,d,move_right,,0,0
589,19633,,,,,,,,,,,,,,,,,,,,,,d,move_right,,0,0
590,19667,,,,,,,,,,,,,,,,,,,,,,d,move_right,,0,0
591,19700,,,,,,,,,,,,,,,,,,,,,,d,move_right,,0,0
592,19733,,,,,,,,,,,,,,,,,,,,,,d,move_right,,0,0
593,19767,,,,,,,,,,,,,,,,,,,,,,,,,0,0
594,19800,,,,,,,,,,,,,,,,,,,,,,,,,0,0
595,19833,,,,,,,,,,,,,,,,,,,,,,,,,0,0
596,19867,,,,,,,,,,,,,,,,,,,,,,,,,0,0
597,19900,,,,,,,,,,,,,,,,,,,,,,w,move_up,,0,0
598,19933,,,,,,,,,,,,,,,,,,,,,,w,move_up,,0,0
599,19967,,,,,,,,,,,,,,,,,,,,,,w,move_up,,0,0
600,20000,,,,,,,,,,,,,,,,,,,,,,w,move_up,,0,0
601,20033,,,,,,,,,,,,,,,,,,,,,,w,move_up,,0,0
602,20067,,,,,,,,,,,,,,,,,,,,,,w,move_up,,0,0
603,20100,,,,,,,,,,,,,,,,,,,,,,w,move_up,,0,0
604,20133,,,,,,,,,,,,,,,,,,,,,,w,move_up,,0,0
605,20167,,,,,,,,,,,,,,,,,,,,,,w,move_up,,0,0
606,20200,,,,,,,,,,,,,,,,,,,,,,w,move_up,,0,0
607,20233,,,,,,,,,,,,,,,,,,,,,,w,move_up,,0,0
608,20267,,,,,,,,,,,,,,,,,,,,,,w,move_up,,0,0
609,20300,,,,,,,,,,,,,,,,,,,,,,w,move_up,,0,0
610,20333,,,,,,,,,,,,,,,,,,,,,,w,move_up,,0,0
611,20367,,,,,,,,,,,,,,,,,,,,,,w,move_up,,0,0
612,20400,,,,,,,,,,,,,,,,,,,,,,w,move_up,,0,0
613,20433,,,,,,,,,,,,,,,,,,,,,,w,move_up,,0,0
614,20467,,,,,,,,,,,,,,,,,,,,,,d|w,move_up|move_right,,0,0
615,20500,,,,,,,,,,,,,,,,,,,,,,d|w,move_up|move_right,,0,0
616,20533,,,,,,,,,,,,,,,,,,,,,,d|w,move_up|move_right,,0,0
617,20567,,,,,,,,,,,,,,,,,,,,,,d|w,move_up|move_right,,0,0
618,20600,,,,,,,,,,,,,,,,,,,,,,d|w,move_up|move_right,,0,0
619,20633,,,,,,,,,,,,,,,,,,,,,,d|w,move_up|move_right,,0,0
620,20667,,,,,,,,,,,,,,,,,,,,,,w,move_up,,0,0
621,20700,,,,,,,,,,,,,,,,,,,,,,w,move_up,,0,0
622,20733,,,,,,,,,,,,,,,,,,,,,,w,move_up,,0,0
623,20767,,,,,,,,,,,,,,,,,,,,,,w,move_up,,0,0
624,20800,,,,,,,,,,,,,,,,,,,,,,d|w,move_up|move_right,,0,0
625,20833,,,,,,,,,,,,,,,,,,,,,,d|w,move_up|move_right,,0,0
626,20867,,,,,,,,,,,,,,,,,,,,,,d|w,move_up|move_right,,0,0
627,20900,,,,,,,,,,,,,,,,,,,,,,d|w,move_up|move_right,,0,0
628,20933,,,,,,,,,,,,,,,,,,,,,,d|w,move_up|move_right,,0,0
629,20967,,,,,,,,,,,,,,,,,,,,,,d|w,move_up|move_right,,0,0
630,21000,,,,,,,,,,,,,,,,,,,,,,d|w,move_up|move_right,,0,0
631,21033,,,,,,,,,,,,,,,,,,,,,,d|w,move_up|move_right,,0,0
632,21067,,,,,,,,,,,,,,,,,,,,,,d|w,move_up|move_right,,0,0
633,21100,,,,,,,,,,,,,,,,,,,,,,d,move_right,,0,0
634,21133,,,,,,,,,,,,,,,,,,,,,,d,move_right,,0,0
635,21167,,,,,,,,,,,,,,,,,,,,,,d,move_right,,0,0
636,21200,,,,,,,,,,,,,,,,,,,,,,d,move_right,,0,0
637,21233,,,,,,,,,,,,,,,,,,,,,,d,move_right,,0,0
638,21267,,,,,,,,,,,,,,,,,,,,,,d,move_right,,0,0
639,21300,,,,,,,,,,,,,,,,,,,,,,d,move_right,,0,0
640,21333,,,,,,,,,,,,,,,,,,,,,,d,move_right,,0,0
641,21367,,,,,,,,,,,,,,,,,,,,,,d,move_right,,0,0
642,21400,,,,,,,,,,,,,,,,,,,,,,d,move_right,,0,0
643,21433,,,,,,,,,,,,,,,,,,,,,,d,move_right,,0,0
644,21467,,,,,,,,,,,,,,,,,,,,,,d,move_right,,0,0
645,21500,,,,,,,,,,,,,,,,,,,,,,d,move_right,,0,0
646,21533,,,,,,,,,,,,,,,,,,,,,,d,move_right,,0,0
647,21567,,,,,,,,,,,,,,,,,,,,,,d,move_right,,0,0
648,21600,,,,,,,,,,,,,,,,,,,,,,d,move_right,,0,0
649,21633,,,,,,,,,,,,,,,,,,,,,,d,move_right,,0,0
650,21667,,,,,,,,,,,,,,,,,,,,,,d,move_right,,0,0
651,21700,,,,,,,,,,,,,,,,,,,,,,d|w,move_up|move_right,,0,0
652,21733,,,,,,,,,,,,,,,,,,,,,,d|w,move_up|move_right,,0,0
653,21767,,,,,,,,,,,,,,,,,,,,,,d|w,move_up|move_right,,0,0
654,21800,,,,,,,,,,,,,,,,,,,,,,d|w,move_up|move_right,,0,0
655,21833,,,,,,,,,,,,,,,,,,,,,,d|w,move_up|move_right,,0,0
656,21867,,,,,,,,,,,,,,,,,,,,,,w,move_up,,0,0
657,21900,,,,,,,,,,,,,,,,,,,,,,w,move_up,,0,0
658,21933,,,,,,,,,,,,,,,,,,,,,,w,move_up,,0,0
659,21967,,,,,,,,,,,,,,,,,,,,,,w,move_up,,0,0
660,22000,,,,,,,,,,,,,,,,,,,,,,w,move_up,,0,0
661,22033,,,,,,,,,,,,,,,,,,,,,,w,move_up,,0,0
662,22067,,,,,,,,,,,,,,,,,,,,,,w,move_up,,0,0
663,22100,,,,,,,,,,,,,,,,,,,,,,w,move_up,,0,0
664,22133,,,,,,,,,,,,,,,,,,,,,,w,move_up,,0,0
665,22167,,,,,,,,,,,,,,,,,,,,,,w,move_up,,0,0
666,22200,,,,,,,,,,,,,,,,,,,,,,w,move_up,,0,0
667,22233,,,,,,,,,,,,,,,,,,,,,,w,move_up,,0,0
668,22267,,,,,,,,,,,,,,,,,,,,,,w,move_up,,0,0
669,22300,,,,,,,,,,,,,,,,,,,,,,w,move_up,,0,0
670,22333,,,,,,,,,,,,,,,,,,,,,,w,move_up,,0,0
671,22367,,,,,,,,,,,,,,,,,,,,,,w,move_up,,0,0
672,22400,,,,,,,,,,,,,,,,,,,,,,w,move_up,,0,0
673,22433,,,,,,,,,,,,,,,,,,,,,,w,move_up,,0,0
674,22467,,,,,,,,,,,,,,,,,,,,,,e|w,interact|move_up,,0,0
675,22500,,,,,,,,,,,,,,,,,,,,,,e|w,interact|move_up,,0,0
676,22533,,,,,,,,,,,,,,,,,,,,,,e,interact,,0,0
677,22567,,,,,,,,,,,,,,,,,,,,,,e,interact,,0,0
678,22600,,,,,,,,,,,,,,,,,,,,,,,,,0,0
679,22633,,,,,,,,,,,,,,,,,,,,,,,,,0,0
680,22667,,,,,,,,,,,,,,,,,,,,,,,,,0,0
681,22700,,,,,,,,,,,,,,,,,,,,,,,,,0,0
682,22733,,,,,,,,,,,,,,,,,,,,,,,,,0,0
683,22767,,,,,,,,,,,,,,,,,,,,,,,,,0,0
684,22800,,,,,,,,,,,,,,,,,,,,,,,,,0,0
685,22833,,,,,,,,,,,,,,,,,,,,,,w,move_up,,0,0
686,22867,,,,,,,,,,,,,,,,,,,,,,w,move_up,,0,0
687,22900,,,,,,,,,,,,,,,,,,,,,,w,move_up,,0,0
688,22933,,,,,,,,,,,,,,,,,,,,,,w,move_up,,0,0
689,22967,,,,,,,,,,,,,,,,,,,,,,w,move_up,,0,0
690,23000,,,,,,,,,,,,,,,,,,,,,,d|w,move_up|move_right,,0,0
691,23033,,,,,,,,,,,,,,,,,,,,,,d|w,move_up|move_right,,0,0
692,23067,,,,,,,,,,,,,,,,,,,,,,d|w,move_up|move_right,,0,0
693,23100,,,,,,,,,,,,,,,,,,,,,,d|w,move_up|move_right,,0,0
694,23133,,,,,,,,,,,,,,,,,,,,,,d|w,move_up|move_right,,0,0
695,23167,,,,,,,,,,,,,,,,,,,,,,d|w,move_up|move_right,,0,0
696,23200,,,,,,,,,,,,,,,,,,,,,,d,move_right,,0,0
697,23233,,,,,,,,,,,,,,,,,,,,,,,,,0,0
698,23267,,,,,,,,,,,,,,,,,,,,,,,,,0,0
699,23300,,,,,,,,,,,,,,,,,,,,,,,,,0,0
700,23333,,,,,,,,,,,,,,,,,,,,,,,,,0,0
701,23367,,,,,,,,,,,,,,,,,,,,,,,,,0,0
702,23400,,,,,,,,,,,,,,,,,,,,,,,,,0,0
703,23433,,,,,,,,,,,,,,,,,,,,,,d,move_right,,0,0
704,23467,,,,,,,,,,,,,,,,,,,,,,d,move_right,,0,0
705,23500,,,,,,,,,,,,,,,,,,,,,,d,move_right,,0,0
706,23533,,,,,,,,,,,,,,,,,,,,,,d,move_right,,0,0
707,23567,,,,,,,,,,,,,,,,,,,,,,d,move_right,,0,0
708,23600,,,,,,,,,,,,,,,,,,,,,,d,move_right,,0,0
709,23633,,,,,,,,,,,,,,,,,,,,,,d,move_right,,0,0
710,23667,,,,,,,,,,,,,,,,,,,,,,d,move_right,,0,0
711,23700,,,,,,,,,,,,,,,,,,,,,,,,,0,0
712,23733,,,,,,,,,,,,,,,,,,,,,,,,,0,0
713,23767,,,,,,,,,,,,,,,,,,,,,,,,,0,0
714,23800,,,,,,,,,,,,,,,,,,,,,,,,,0,0
715,23833,,,,,,,,,,,,,,,,,,,,,,d,move_right,,0,0
716,23867,,,,,,,,,,,,,,,,,,,,,,d,move_right,,0,0
717,23900,,,,,,,,,,,,,,,,,,,,,,d,move_right,,0,0
718,23933,,,,,,,,,,,,,,,,,,,,,,d,move_right,,0,0
719,23967,,,,,,,,,,,,,,,,,,,,,,d,move_right,,0,0
720,24000,,,,,,,,,,,,,,,,,,,,,,d,move_right,,0,0
721,24033,,,,,,,,,,,,,,,,,,,,,,d,move_right,,0,0
722,24067,,,,,,,,,,,,,,,,,,,,,,d,move_right,,0,0
723,24100,,,,,,,,,,,,,,,,,,,,,,d,move_right,,0,0
724,24133,,,,,,,,,,,,,,,,,,,,,,,,,0,0
725,24167,,,,,,,,,,,,,,,,,,,,,,,,,0,0
726,24200,,,,,,,,,,,,,,,,,,,,,,,,,0,0
727,24233,,,,,,,,,,,,,,,,,,,,,,d,move_right,,0,0
728,24267,,,,,,,,,,,,,,,,,,,,,,d,move_right,,0,0
729,24300,,,,,,,,,,,,,,,,,,,,,,d,move_right,,0,0
730,24333,,,,,,,,,,,,,,,,,,,,,,d,move_right,,0,0
731,24367,,,,,,,,,,,,,,,,,,,,,,d,move_right,,0,0
732,24400,,,,,,,,,,,,,,,,,,,,,,d,move_right,,0,0
733,24433,,,,,,,,,,,,,,,,,,,,,,,,,0,0
734,24467,,,,,,,,,,,,,,,,,,,,,,,,,0,0
735,24500,,,,,,,,,,,,,,,,,,,,,,,,,0,0
736,24533,,,,,,,,,,,,,,,,,,,,,,,,,0,0
737,24567,,,,,,,,,,,,,,,,,,,,,,,,,0,0
738,24600,,,,,,,,,,,,,,,,,,,,,,,,,0,0
739,24633,,,,,,,,,,,,,,,,,,,,,,,,,0,0
740,24667,,,,,,,,,,,,,,,,,,,,,,,,,0,0
741,24700,,,,,,,,,,,,,,,,,,,,,,,,,0,0
742,24733,,,,,,,,,,,,,,,,,,,,,,d,move_right,,0,0
743,24767,,,,,,,,,,,,,,,,,,,,,,d,move_right,,0,0
744,24800,,,,,,,,,,,,,,,,,,,,,,d,move_right,,0,0
745,24833,,,,,,,,,,,,,,,,,,,,,,d,move_right,,0,0
746,24867,,,,,,,,,,,,,,,,,,,,,,,,,0,0
747,24900,,,,,,,,,,,,,,,,,,,,,,,,,0,0
748,24933,,,,,,,,,,,,,,,,,,,,,,,,,0,0
749,24967,,,,,,,,,,,,,,,,,,,,,,,,,0,0
750,25000,,,,,,,,,,,,,,,,,,,,,,,,,0,0
751,25033,,,,,,,,,,,,,,,,,,,,,,,,,0,0
752,25067,,,,,,,,,,,,,,,,,,,,,,,,,0,0
753,25100,,,,,,,,,,,,,,,,,,,,,,w,move_up,,0,0
754,25133,,,,,,,,,,,,,,,,,,,,,,w,move_up,,0,0
755,25167,,,,,,,,,,,,,,,,,,,,,,w,move_up,,0,0
756,25200,,,,,,,,,,,,,,,,,,,,,,w,move_up,,0,0
757,25233,,,,,,,,,,,,,,,,,,,,,,w,move_up,,0,0
758,25267,,,,,,,,,,,,,,,,,,,,,,w,move_up,,0,0
759,25300,,,,,,,,,,,,,,,,,,,,,,,,,0,0
760,25333,,,,,,,,,,,,,,,,,,,,,,,,,0,0
761,25367,,,,,,,,,,,,,,,,,,,,,,,,,0,0
762,25400,,,,,,,,,,,,,,,,,,,,,,,,,0,0
763,25433,,,,,,,,,,,,,,,,,,,,,,,,,0,0
764,25467,,,,,,,,,,,,,,,,,,,,,,,,,0,0
765,25500,,,,,,,,,,,,,,,,,,,,,,,,,0,0
766,25533,,,,,,,,,,,,,,,,,,,,,,,,,0,0
767,25567,,,,,,,,,,,,,,,,,,,,,,,,,0,0
768,25600,,,,,,,,,,,,,,,,,,,,,,,,,0,0
769,25633,,,,,,,,,,,,,,,,,,,,,,,,,0,0
770,25667,,,,,,,,,,,,,,,,,,,,,,,,,0,0
771,25700,,,,,,,,,,,,,,,,,,,,,,w,move_up,,0,0
772,25733,,,,,,,,,,,,,,,,,,,,,,w,move_up,,0,0
773,25767,,,,,,,,,,,,,,,,,,,,,,w,move_up,,0,0
774,25800,,,,,,,,,,,,,,,,,,,,,,e|w,interact|move_up,,0,0
775,25833,,,,,,,,,,,,,,,,,,,,,,e|w,interact|move_up,,0,0
776,25867,,,,,,,,,,,,,,,,,,,,,,e|w,interact|move_up,,0,0
777,25900,,,,,,,,,,,,,,,,,,,,,,e|w,interact|move_up,,0,0
778,25933,,,,,,,,,,,,,,,,,,,,,,e|w,interact|move_up,,0,0
779,25967,,,,,,,,,,,,,,,,,,,,,,w,move_up,,0,0
780,26000,,,,,,,,,,,,,,,,,,,,,,,,,0,0
781,26033,,,,,,,,,,,,,,,,,,,,,,,,,0,0
782,26067,,,,,,,,,,,,,,,,,,,,,,e,interact,,0,0
783,26100,,,,,,,,,,,,,,,,,,,,,,e,interact,,0,0
784,26133,,,,,,,,,,,,,,,,,,,,,,e,interact,,0,0
785,26167,,,,,,,,,,,,,,,,,,,,,,,,,0,0
786,26200,,,,,,,,,,,,,,,,,,,,,,,,,0,0
787,26233,,,,,,,,,,,,,,,,,,,,,,,,,0,0
788,26267,,,,,,,,,,,,,,,,,,,,,,d,move_right,,0,0
789,26300,,,,,,,,,,,,,,,,,,,,,,d,move_right,,0,0
790,26333,,,,,,,,,,,,,,,,,,,,,,d,move_right,,0,0
791,26367,,,,,,,,,,,,,,,,,,,,,,d,move_right,,0,0
792,26400,,,,,,,,,,,,,,,,,,,,,,d,move_right,,0,0
793,26433,,,,,,,,,,,,,,,,,,,,,,d,move_right,,0,0
794,26467,,,,,,,,,,,,,,,,,,,,,,d,move_right,,0,0
795,26500,,,,,,,,,,,,,,,,,,,,,,d,move_right,,0,0
796,26533,,,,,,,,,,,,,,,,,,,,,,d,move_right,,0,0
797,26567,,,,,,,,,,,,,,,,,,,,,,d,move_right,,0,0
798,26600,,,,,,,,,,,,,,,,,,,,,,d,move_right,,0,0
799,26633,,,,,,,,,,,,,,,,,,,,,,d,move_right,,0,0
800,26667,,,,,,,,,,,,,,,,,,,,,,d,move_right,,0,0
801,26700,,,,,,,,,,,,,,,,,,,,,,d,move_right,,0,0
802,26733,,,,,,,,,,,,,,,,,,,,,,d,move_right,,0,0
803,26767,,,,,,,,,,,,,,,,,,,,,,d,move_right,,0,0
804,26800,,,,,,,,,,,,,,,,,,,,,,d,move_right,,0,0
805,26833,,,,,,,,,,,,,,,,,,,,,,d,move_right,,0,0
806,26867,,,,,,,,,,,,,,,,,,,,,,d,move_right,,0,0
807,26900,,,,,,,,,,,,,,,,,,,,,,d,move_right,,0,0
808,26933,,,,,,,,,,,,,,,,,,,,,,d,move_right,,0,0
809,26967,,,,,,,,,,,,,,,,,,,,,,d,move_right,,0,0
810,27000,,,,,,,,,,,,,,,,,,,,,,d|w,move_up|move_right,,0,0
811,27033,,,,,,,,,,,,,,,,,,,,,,d|w,move_up|move_right,,0,0
812,27067,,,,,,,,,,,,,,,,,,,,,,d|w,move_up|move_right,,0,0
813,27100,,,,,,,,,,,,,,,,,,,,,,d|w,move_up|move_right,,0,0
814,27133,,,,,,,,,,,,,,,,,,,,,,w,move_up,,0,0
815,27167,,,,,,,,,,,,,,,,,,,,,,w,move_up,,0,0
816,27200,,,,,,,,,,,,,,,,,,,,,,w,move_up,,0,0
817,27233,,,,,,,,,,,,,,,,,,,,,,w,move_up,,0,0
818,27267,,,,,,,,,,,,,,,,,,,,,,w,move_up,,0,0
819,27300,,,,,,,,,,,,,,,,,,,,,,w,move_up,,0,0
820,27333,,,,,,,,,,,,,,,,,,,,,,e|w,interact|move_up,,0,0
821,27367,,,,,,,,,,,,,,,,,,,,,,e|w,interact|move_up,,0,0
822,27400,,,,,,,,,,,,,,,,,,,,,,e|w,interact|move_up,,0,0
823,27433,,,,,,,,,,,,,,,,,,,,,,e|w,interact|move_up,,0,0
824,27467,,,,,,,,,,,,,,,,,,,,,,w,move_up,,0,0
825,27500,,,,,,,,,,,,,,,,,,,,,,w,move_up,,0,0
826,27533,,,,,,,,,,,,,,,,,,,,,,e|w,interact|move_up,,0,0
827,27567,,,,,,,,,,,,,,,,,,,,,,e|w,interact|move_up,,0,0
828,27600,,,,,,,,,,,,,,,,,,,,,,e|w,interact|move_up,,0,0
829,27633,,,,,,,,,,,,,,,,,,,,,,w,move_up,,0,0
830,27667,,,,,,,,,,,,,,,,,,,,,,e|w,interact|move_up,,0,0
831,27700,,,,,,,,,,,,,,,,,,,,,,e|w,interact|move_up,,0,0
832,27733,,,,,,,,,,,,,,,,,,,,,,e|w,interact|move_up,,0,0
833,27767,,,,,,,,,,,,,,,,,,,,,,e|w,interact|move_up,,0,0
834,27800,,,,,,,,,,,,,,,,,,,,,,e|w,interact|move_up,,0,0
835,27833,,,,,,,,,,,,,,,,,,,,,,e|w,interact|move_up,,0,0
836,27867,,,,,,,,,,,,,,,,,,,,,,e|w,interact|move_up,,0,0
837,27900,,,,,,,,,,,,,,,,,,,,,,e|w,interact|move_up,,0,0
838,27933,,,,,,,,,,,,,,,,,,,,,,a|w,move_up|move_left,,0,0
839,27967,,,,,,,,,,,,,,,,,,,,,,a|w,move_up|move_left,,0,0
840,28000,,,,,,,,,,,,,,,,,,,,,,a|w,move_up|move_left,,0,0
841,28033,,,,,,,,,,,,,,,,,,,,,,a|w,move_up|move_left,,0,0
842,28067,,,,,,,,,,,,,,,,,,,,,,a|w,move_up|move_left,,0,0
843,28100,,,,,,,,,,,,,,,,,,,,,,a|w,move_up|move_left,,0,0
844,28133,,,,,,,,,,,,,,,,,,,,,,,,,0,0
845,28167,,,,,,,,,,,,,,,,,,,,,,,,,0,0
846,28200,,,,,,,,,,,,,,,,,,,,,,,,,0,0
847,28233,,,,,,,,,,,,,,,,,,,,,,,,,0,0
848,28267,,,,,,,,,,,,,,,,,,,,,,,,,0,0
849,28300,,,,,,,,,,,,,,,,,,,,,,,,,0,0
850,28333,,,,,,,,,,,,,,,,,,,,,,,,,0,0
851,28367,,,,,,,,,,,,,,,,,,,,,,,,,0,0
852,28400,,,,,,,,,,,,,,,,,,,,,,e,interact,,0,0
853,28433,,,,,,,,,,,,,,,,,,,,,,e,interact,,0,0
854,28467,,,,,,,,,,,,,,,,,,,,,,e,interact,,0,0
855,28500,,,,,,,,,,,,,,,,,,,,,,,,,0,0
856,28533,,,,,,,,,,,,,,,,,,,,,,,,,0,0
857,28567,,,,,,,,,,,,,,,,,,,,,,,,,0,0
858,28600,,,,,,,,,,,,,,,,,,,,,,,,,0,0
859,28633,,,,,,,,,,,,,,,,,,,,,,w,move_up,,0,0
860,28667,,,,,,,,,,,,,,,,,,,,,,w,move_up,,0,0
861,28700,,,,,,,,,,,,,,,,,,,,,,w,move_up,,0,0
862,28733,,,,,,,,,,,,,,,,,,,,,,w,move_up,,0,0
863,28767,,,,,,,,,,,,,,,,,,,,,,w,move_up,,0,0
864,28800,,,,,,,,,,,,,,,,,,,,,,w,move_up,,0,0
865,28833,,,,,,,,,,,,,,,,,,,,,,w,move_up,,0,0
866,28867,,,,,,,,,,,,,,,,,,,,,,w,move_up,,0,0
867,28900,,,,,,,,,,,,,,,,,,,,,,d|w,move_up|move_right,,0,0
868,28933,,,,,,,,,,,,,,,,,,,,,,d|w,move_up|move_right,,0,0
869,28967,,,,,,,,,,,,,,,,,,,,,,d|w,move_up|move_right,,0,0
870,29000,,,,,,,,,,,,,,,,,,,,,,d|w,move_up|move_right,,0,0
871,29033,,,,,,,,,,,,,,,,,,,,,,d|w,move_up|move_right,,0,0
872,29067,,,,,,,,,,,,,,,,,,,,,,d|w,move_up|move_right,,0,0
873,29100,,,,,,,,,,,,,,,,,,,,,,d|w,move_up|move_right,,0,0
874,29133,,,,,,,,,,,,,,,,,,,,,,d|w,move_up|move_right,,0,0
875,29167,,,,,,,,,,,,,,,,,,,,,,d|w,move_up|move_right,,0,0
876,29200,,,,,,,,,,,,,,,,,,,,,,d,move_right,,0,0
877,29233,,,,,,,,,,,,,,,,,,,,,,,,,0,0
878,29267,,,,,,,,,,,,,,,,,,,,,,,,,0,0
879,29300,,,,,,,,,,,,,,,,,,,,,,,,,0,0
880,29333,,,,,,,,,,,,,,,,,,,,,,,,,0,0
881,29367,,,,,,,,,,,,,,,,,,,,,,,,,0,0
882,29400,,,,,,,,,,,,,,,,,,,,,,,,,0,0
883,29433,,,,,,,,,,,,,,,,,,,,,,d,move_right,,0,0
884,29467,,,,,,,,,,,,,,,,,,,,,,d|w,move_up|move_right,,0,0
885,29500,,,,,,,,,,,,,,,,,,,,,,d|w,move_up|move_right,,0,0
886,29533,,,,,,,,,,,,,,,,,,,,,,d|w,move_up|move_right,,0,0
887,29567,,,,,,,,,,,,,,,,,,,,,,d|w,move_up|move_right,,0,0
888,29600,,,,,,,,,,,,,,,,,,,,,,w,move_up,,0,0
889,29633,,,,,,,,,,,,,,,,,,,,,,w,move_up,,0,0
890,29667,,,,,,,,,,,,,,,,,,,,,,w,move_up,,0,0
891,29700,,,,,,,,,,,,,,,,,,,,,,w,move_up,,0,0
892,29733,,,,,,,,,,,,,,,,,,,,,,w,move_up,,0,0
893,29767,,,,,,,,,,,,,,,,,,,,,,e,interact,,0,0
894,29800,,,,,,,,,,,,,,,,,,,,,,e,interact,,0,0
895,29833,,,,,,,,,,,,,,,,,,,,,,e,interact,,0,0
896,29867,,,,,,,,,,,,,,,,,,,,,,,,,0,0
897,29900,,,,,,,,,,,,,,,,,,,,,,,,,0,0
898,29933,,,,,,,,,,,,,,,,,,,,,,,,,0,0
899,29967,,,,,,,,,,,,,,,,,,,,,,,,,0,0
900,30000,,,,,,,,,,,,,,,,,,,,,,,,,0,0
901,30033,,,,,,,,,,,,,,,,,,,,,,,,,0,0
902,30067,,,,,,,,,,,,,,,,,,,,,,,,,0,0
903,30100,,,,,,,,,,,,,,,,,,,,,,d,move_right,,0,0
904,30133,,,,,,,,,,,,,,,,,,,,,,d,move_right,,0,0
905,30167,,,,,,,,,,,,,,,,,,,,,,d,move_right,,0,0
906,30200,,,,,,,,,,,,,,,,,,,,,,d,move_right,,0,0
907,30233,,,,,,,,,,,,,,,,,,,,,,d,move_right,,0,0
908,30267,,,,,,,,,,,,,,,,,,,,,,,,,0,0
909,30300,,,,,,,,,,,,,,,,,,,,,,,,,0,0
910,30333,,,,,,,,,,,,,,,,,,,,,,,,,0,0
911,30367,,,,,,,,,,,,,,,,,,,,,,,,,0,0
912,30400,,,,,,,,,,,,,,,,,,,,,,,,,0,0
913,30433,,,,,,,,,,,,,,,,,,,,,,,,,0,0
914,30467,,,,,,,,,,,,,,,,,,,,,,,,,0,0
915,30500,,,,,,,,,,,,,,,,,,,,,,,,,0,0
916,30533,,,,,,,,,,,,,,,,,,,,,,,,,0,0
917,30567,,,,,,,,,,,,,,,,,,,,,,,,,0,0
918,30600,,,,,,,,,,,,,,,,,,,,,,,,,0,0
919,30633,,,,,,,,,,,,,,,,,,,,,,,,,0,0
920,30667,,,,,,,,,,,,,,,,,,,,,,,,,0,0
921,30700,,,,,,,,,,,,,,,,,,,,,,,,,0,0
922,30733,,,,,,,,,,,,,,,,,,,,,,,,,0,0
923,30767,,,,,,,,,,,,,,,,,,,,,,,,,0,0
924,30800,,,,,,,,,,,,,,,,,,,,,,,,,0,0
925,30833,,,,,,,,,,,,,,,,,,,,,,,,,0,0
926,30867,,,,,,,,,,,,,,,,,,,,,,,,,0,0
927,30900,,,,,,,,,,,,,,,,,,,,,,,,,0,0
928,30933,,,,,,,,,,,,,,,,,,,,,,,,,0,0
929,30967,,,,,,,,,,,,,,,,,,,,,,,,,0,0
930,31000,,,,,,,,,,,,,,,,,,,,,,,,,0,0
931,31033,,,,,,,,,,,,,,,,,,,,,,,,,0,0
932,31067,,,,,,,,,,,,,,,,,,,,,,,,,0,0
933,31100,,,,,,,,,,,,,,,,,,,,,,,,,0,0
934,31133,,,,,,,,,,,,,,,,,,,,,,,,,0,0
935,31167,,,,,,,,,,,,,,,,,,,,,,,,,0,0
936,31200,,,,,,,,,,,,,,,,,,,,,,,,,0,0
937,31233,,,,,,,,,,,,,,,,,,,,,,,,,0,0
938,31267,,,,,,,,,,,,,,,,,,,,,,,,,0,0
939,31300,,,,,,,,,,,,,,,,,,,,,,,,,0,0
940,31333,,,,,,,,,,,,,,,,,,,,,,,,,0,0
941,31367,,,,,,,,,,,,,,,,,,,,,,,,,0,0
942,31400,,,,,,,,,,,,,,,,,,,,,,,,,0,0
943,31433,,,,,,,,,,,,,,,,,,,,,,w,move_up,,0,0
944,31467,,,,,,,,,,,,,,,,,,,,,,w,move_up,,0,0
945,31500,,,,,,,,,,,,,,,,,,,,,,w,move_up,,0,0
946,31533,,,,,,,,,,,,,,,,,,,,,,w,move_up,,0,0
947,31567,,,,,,,,,,,,,,,,,,,,,,w,move_up,,0,0
948,31600,,,,,,,,,,,,,,,,,,,,,,w,move_up,,0,0
949,31633,,,,,,,,,,,,,,,,,,,,,,w,move_up,,0,0
950,31667,,,,,,,,,,,,,,,,,,,,,,w,move_up,,0,0
951,31700,,,,,,,,,,,,,,,,,,,,,,w,move_up,,0,0
952,31733,,,,,,,,,,,,,,,,,,,,,,w,move_up,,0,0
953,31767,,,,,,,,,,,,,,,,,,,,,,w,move_up,,0,0
954,31800,,,,,,,,,,,,,,,,,,,,,,w,move_up,,0,0
955,31833,,,,,,,,,,,,,,,,,,,,,,w,move_up,,0,0
956,31867,,,,,,,,,,,,,,,,,,,,,,w,move_up,,0,0
957,31900,,,,,,,,,,,,,,,,,,,,,,w,move_up,,0,0
958,31933,,,,,,,,,,,,,,,,,,,,,,w,move_up,,0,0
959,31967,,,,,,,,,,,,,,,,,,,,,,w,move_up,,0,0
960,32000,,,,,,,,,,,,,,,,,,,,,,w,move_up,,0,0
961,32033,,,,,,,,,,,,,,,,,,,,,,w,move_up,,0,0
962,32067,,,,,,,,,,,,,,,,,,,,,,,,,0,0
963,32100,,,,,,,,,,,,,,,,,,,,,,w,move_up,,0,0
964,32133,,,,,,,,,,,,,,,,,,,,,,w,move_up,,0,0
965,32167,,,,,,,,,,,,,,,,,,,,,,w,move_up,,0,0
966,32200,,,,,,,,,,,,,,,,,,,,,,w,move_up,,0,0
967,32233,,,,,,,,,,,,,,,,,,,,,,w,move_up,,0,0
968,32267,,,,,,,,,,,,,,,,,,,,,,w,move_up,,0,0
969,32300,,,,,,,,,,,,,,,,,,,,,,w,move_up,,0,0
970,32333,,,,,,,,,,,,,,,,,,,,,,e|w,interact|move_up,,0,0
971,32367,,,,,,,,,,,,,,,,,,,,,,e|w,interact|move_up,,0,0
972,32400,,,,,,,,,,,,,,,,,,,,,,e|w,interact|move_up,,0,0
973,32433,,,,,,,,,,,,,,,,,,,,,,,,,0,0
974,32467,,,,,,,,,,,,,,,,,,,,,,,,,0,0
975,32500,,,,,,,,,,,,,,,,,,,,,,,,,0,0
976,32533,,,,,,,,,,,,,,,,,,,,,,,,,0,0
977,32567,,,,,,,,,,,,,,,,,,,,,,,,,0,0
978,32600,,,,,,,,,,,,,,,,,,,,,,,,,0,0
979,32633,,,,,,,,,,,,,,,,,,,,,,a,move_left,,0,0
980,32667,,,,,,,,,,,,,,,,,,,,,,a,move_left,,0,0
981,32700,,,,,,,,,,,,,,,,,,,,,,a,move_left,,0,0
982,32733,,,,,,,,,,,,,,,,,,,,,,a,move_left,,0,0
983,32767,,,,,,,,,,,,,,,,,,,,,,a,move_left,,0,0
984,32800,,,,,,,,,,,,,,,,,,,,,,,,,0,0
985,32833,,,,,,,,,,,,,,,,,,,,,,,,,0,0
986,32867,,,,,,,,,,,,,,,,,,,,,,,,,0,0
987,32900,,,,,,,,,,,,,,,,,,,,,,,,,0,0
988,32933,,,,,,,,,,,,,,,,,,,,,,,,,0,0
989,32967,,,,,,,,,,,,,,,,,,,,,,a,move_left,,0,0
990,33000,,,,,,,,,,,,,,,,,,,,,,a,move_left,,0,0
991,33033,,,,,,,,,,,,,,,,,,,,,,a,move_left,,0,0
992,33067,,,,,,,,,,,,,,,,,,,,,,,,,0,0
993,33100,,,,,,,,,,,,,,,,,,,,,,w,move_up,,0,0
994,33133,,,,,,,,,,,,,,,,,,,,,,w,move_up,,0,0
995,33167,,,,,,,,,,,,,,,,,,,,,,w,move_up,,0,0
996,33200,,,,,,,,,,,,,,,,,,,,,,w,move_up,,0,0
997,33233,,,,,,,,,,,,,,,,,,,,,,w,move_up,,0,0
998,33267,,,,,,,,,,,,,,,,,,,,,,w,move_up,,0,0
999,33300,,,,,,,,,,,,,,,,,,,,,,w,move_up,,0,0
1000,33333,,,,,,,,,,,,,,,,,,,,,,w,move_up,,0,0
1001,33367,,,,,,,,,,,,,,,,,,,,,,e|w,interact|move_up,,0,0
1002,33400,,,,,,,,,,,,,,,,,,,,,,e|w,interact|move_up,,0,0
1003,33433,,,,,,,,,,,,,,,,,,,,,,e|w,interact|move_up,,0,0
1004,33467,,,,,,,,,,,,,,,,,,,,,,,,,0,0
1005,33500,,,,,,,,,,,,,,,,,,,,,,,,,0,0
1006,33533,,,,,,,,,,,,,,,,,,,,,,,,,0,0
1007,33567,,,,,,,,,,,,,,,,,,,,,,d,move_right,,0,0
1008,33600,,,,,,,,,,,,,,,,,,,,,,d,move_right,,0,0
1009,33633,,,,,,,,,,,,,,,,,,,,,,d,move_right,,0,0
1010,33667,,,,,,,,,,,,,,,,,,,,,,d,move_right,,0,0
1011,33700,,,,,,,,,,,,,,,,,,,,,,d,move_right,,0,0
1012,33733,,,,,,,,,,,,,,,,,,,,,,d,move_right,,0,0
1013,33767,,,,,,,,,,,,,,,,,,,,,,d,move_right,,0,0
1014,33800,,,,,,,,,,,,,,,,,,,,,,d|w,move_up|move_right,,0,0
1015,33833,,,,,,,,,,,,,,,,,,,,,,d|w,move_up|move_right,,0,0
1016,33867,,,,,,,,,,,,,,,,,,,,,,d|w,move_up|move_right,,0,0
1017,33900,,,,,,,,,,,,,,,,,,,,,,d|w,move_up|move_right,,0,0
1018,33933,,,,,,,,,,,,,,,,,,,,,,d|w,move_up|move_right,,0,0
1019,33967,,,,,,,,,,,,,,,,,,,,,,d|w,move_up|move_right,,0,0
1020,34000,,,,,,,,,,,,,,,,,,,,,,d|w,move_up|move_right,,0,0
1021,34033,,,,,,,,,,,,,,,,,,,,,,d|w,move_up|move_right,,0,0
1022,34067,,,,,,,,,,,,,,,,,,,,,,d|w,move_up|move_right,,0,0
1023,34100,,,,,,,,,,,,,,,,,,,,,,d|w,move_up|move_right,,0,0
1024,34133,,,,,,,,,,,,,,,,,,,,,,d|w,move_up|move_right,,0,0
1025,34167,,,,,,,,,,,,,,,,,,,,,,d|w,move_up|move_right,,0,0
1026,34200,,,,,,,,,,,,,,,,,,,,,,d|w,move_up|move_right,,0,0
1027,34233,,,,,,,,,,,,,,,,,,,,,,d|w,move_up|move_right,,0,0
1028,34267,,,,,,,,,,,,,,,,,,,,,,d|w,move_up|move_right,,0,0
1029,34300,,,,,,,,,,,,,,,,,,,,,,d,move_right,,0,0
1030,34333,,,,,,,,,,,,,,,,,,,,,,d,move_right,,0,0
1031,34367,,,,,,,,,,,,,,,,,,,,,,d,move_right,,0,0
1032,34400,,,,,,,,,,,,,,,,,,,,,,d,move_right,,0,0
1033,34433,,,,,,,,,,,,,,,,,,,,,,d,move_right,,0,0
1034,34467,,,,,,,,,,,,,,,,,,,,,,d,move_right,,0,0
1035,34500,,,,,,,,,,,,,,,,,,,,,,d|w,move_up|move_right,,0,0
1036,34533,,,,,,,,,,,,,,,,,,,,,,d|w,move_up|move_right,,0,0
1037,34567,,,,,,,,,,,,,,,,,,,,,,d|w,move_up|move_right,,0,0
1038,34600,,,,,,,,,,,,,,,,,,,,,,d|w,move_up|move_right,,0,0
1039,34633,,,,,,,,,,,,,,,,,,,,,,d|w,move_up|move_right,,0,0
1040,34667,,,,,,,,,,,,,,,,,,,,,,d|w,move_up|move_right,,0,0
1041,34700,,,,,,,,,,,,,,,,,,,,,,d|w,move_up|move_right,,0,0
1042,34733,,,,,,,,,,,,,,,,,,,,,,d|w,move_up|move_right,,0,0
1043,34767,,,,,,,,,,,,,,,,,,,,,,d|w,move_up|move_right,,0,0
1044,34800,,,,,,,,,,,,,,,,,,,,,,d|w,move_up|move_right,,0,0
1045,34833,,,,,,,,,,,,,,,,,,,,,,d|w,move_up|move_right,,0,0
1046,34867,,,,,,,,,,,,,,,,,,,,,,d|w,move_up|move_right,,0,0
1047,34900,,,,,,,,,,,,,,,,,,,,,,d|w,move_up|move_right,,0,0
1048,34933,,,,,,,,,,,,,,,,,,,,,,d,move_right,,0,0
1049,34967,,,,,,,,,,,,,,,,,,,,,,,,,0,0
1050,35000,,,,,,,,,,,,,,,,,,,,,,,,,0,0
1051,35033,,,,,,,,,,,,,,,,,,,,,,,,,0,0
1052,35067,,,,,,,,,,,,,,,,,,,,,,,,,0,0
1053,35100,,,,,,,,,,,,,,,,,,,,,,,,,0,0
1054,35133,,,,,,,,,,,,,,,,,,,,,,,,,0,0
1055,35167,,,,,,,,,,,,,,,,,,,,,,,,,0,0
1056,35200,,,,,,,,,,,,,,,,,,,,,,a,move_left,,0,0
1057,35233,,,,,,,,,,,,,,,,,,,,,,a,move_left,,0,0
1058,35267,,,,,,,,,,,,,,,,,,,,,,a,move_left,,0,0
1059,35300,,,,,,,,,,,,,,,,,,,,,,a|w,move_up|move_left,,0,0
1060,35333,,,,,,,,,,,,,,,,,,,,,,a|w,move_up|move_left,,0,0
1061,35367,,,,,,,,,,,,,,,,,,,,,,a|w,move_up|move_left,,0,0
1062,35400,,,,,,,,,,,,,,,,,,,,,,a|w,move_up|move_left,,0,0
1063,35433,,,,,,,,,,,,,,,,,,,,,,w,move_up,,0,0
1064,35467,,,,,,,,,,,,,,,,,,,,,,w,move_up,,0,0
1065,35500,,,,,,,,,,,,,,,,,,,,,,w,move_up,,0,0
1066,35533,,,,,,,,,,,,,,,,,,,,,,w,move_up,,0,0
1067,35567,,,,,,,,,,,,,,,,,,,,,,w,move_up,,0,0
1068,35600,,,,,,,,,,,,,,,,,,,,,,w,move_up,,0,0
1069,35633,,,,,,,,,,,,,,,,,,,,,,w,move_up,,0,0
1070,35667,,,,,,,,,,,,,,,,,,,,,,w,move_up,,0,0
1071,35700,,,,,,,,,,,,,,,,,,,,,,w,move_up,,0,0
1072,35733,,,,,,,,,,,,,,,,,,,,,,w,move_up,,0,0
1073,35767,,,,,,,,,,,,,,,,,,,,,,w,move_up,,0,0
1074,35800,,,,,,,,,,,,,,,,,,,,,,w,move_up,,0,0
1075,35833,,,,,,,,,,,,,,,,,,,,,,w,move_up,,0,0
1076,35867,,,,,,,,,,,,,,,,,,,,,,w,move_up,,0,0
1077,35900,,,,,,,,,,,,,,,,,,,,,,w,move_up,,0,0
1078,35933,,,,,,,,,,,,,,,,,,,,,,w,move_up,,0,0
1079,35967,,,,,,,,,,,,,,,,,,,,,,w,move_up,,0,0
1080,36000,,,,,,,,,,,,,,,,,,,,,,w,move_up,,0,0
1081,36033,,,,,,,,,,,,,,,,,,,,,,a|w,move_up|move_left,,0,0
1082,36067,,,,,,,,,,,,,,,,,,,,,,a|w,move_up|move_left,,0,0
1083,36100,,,,,,,,,,,,,,,,,,,,,,a|w,move_up|move_left,,0,0
1084,36133,,,,,,,,,,,,,,,,,,,,,,a|w,move_up|move_left,,0,0
1085,36167,,,,,,,,,,,,,,,,,,,,,,w,move_up,,0,0
1086,36200,,,,,,,,,,,,,,,,,,,,,,w,move_up,,0,0
1087,36233,,,,,,,,,,,,,,,,,,,,,,w,move_up,,0,0
1088,36267,,,,,,,,,,,,,,,,,,,,,,w,move_up,,0,0
1089,36300,,,,,,,,,,,,,,,,,,,,,,w,move_up,,0,0
1090,36333,,,,,,,,,,,,,,,,,,,,,,w,move_up,,0,0
1091,36367,,,,,,,,,,,,,,,,,,,,,,w,move_up,,0,0
1092,36400,,,,,,,,,,,,,,,,,,,,,,w,move_up,,0,0
1093,36433,,,,,,,,,,,,,,,,,,,,,,w,move_up,,0,0
1094,36467,,,,,,,,,,,,,,,,,,,,,,w,move_up,,0,0
1095,36500,,,,,,,,,,,,,,,,,,,,,,w,move_up,,0,0
1096,36533,,,,,,,,,,,,,,,,,,,,,,w,move_up,,0,0
1097,36567,,,,,,,,,,,,,,,,,,,,,,w,move_up,,0,0
1098,36600,,,,,,,,,,,,,,,,,,,,,,w,move_up,,0,0
1099,36633,,,,,,,,,,,,,,,,,,,,,,w,move_up,,0,0
1100,36667,,,,,,,,,,,,,,,,,,,,,,w,move_up,,0,0
1101,36700,,,,,,,,,,,,,,,,,,,,,,w,move_up,,0,0
1102,36733,,,,,,,,,,,,,,,,,,,,,,w,move_up,,0,0
1103,36767,,,,,,,,,,,,,,,,,,,,,,w,move_up,,0,0
1104,36800,,,,,,,,,,,,,,,,,,,,,,w,move_up,,0,0
1105,36833,,,,,,,,,,,,,,,,,,,,,,w,move_up,,0,0
1106,36867,,,,,,,,,,,,,,,,,,,,,,w,move_up,,0,0
1107,36900,,,,,,,,,,,,,,,,,,,,,,w,move_up,,0,0
1108,36933,,,,,,,,,,,,,,,,,,,,,,w,move_up,,0,0
1109,36967,,,,,,,,,,,,,,,,,,,,,,w,move_up,,0,0
1110,37000,,,,,,,,,,,,,,,,,,,,,,w,move_up,,0,0
1111,37033,,,,,,,,,,,,,,,,,,,,,,d|w,move_up|move_right,,0,0
1112,37067,,,,,,,,,,,,,,,,,,,,,,d|w,move_up|move_right,,0,0
1113,37100,,,,,,,,,,,,,,,,,,,,,,d|w,move_up|move_right,,0,0
1114,37133,,,,,,,,,,,,,,,,,,,,,,d|w,move_up|move_right,,0,0
1115,37167,,,,,,,,,,,,,,,,,,,,,,d|w,move_up|move_right,,0,0
1116,37200,,,,,,,,,,,,,,,,,,,,,,d|w,move_up|move_right,,0,0
1117,37233,,,,,,,,,,,,,,,,,,,,,,d,move_right,,0,0
1118,37267,,,,,,,,,,,,,,,,,,,,,,,,,0,0
1119,37300,,,,,,,,,,,,,,,,,,,,,,,,,0,0
1120,37333,,,,,,,,,,,,,,,,,,,,,,,,,0,0
1121,37367,,,,,,,,,,,,,,,,,,,,,,,,,0,0
1122,37400,,,,,,,,,,,,,,,,,,,,,,,,,0,0
1123,37433,,,,,,,,,,,,,,,,,,,,,,d,move_right,,0,0
1124,37467,,,,,,,,,,,,,,,,,,,,,,d,move_right,,0,0
1125,37500,,,,,,,,,,,,,,,,,,,,,,d,move_right,,0,0
1126,37533,,,,,,,,,,,,,,,,,,,,,,d,move_right,,0,0
1127,37567,,,,,,,,,,,,,,,,,,,,,,d,move_right,,0,0
1128,37600,,,,,,,,,,,,,,,,,,,,,,d,move_right,,0,0
1129,37633,,,,,,,,,,,,,,,,,,,,,,d,move_right,,0,0
1130,37667,,,,,,,,,,,,,,,,,,,,,,,,,0,0
1131,37700,,,,,,,,,,,,,,,,,,,,,,,,,0,0
1132,37733,,,,,,,,,,,,,,,,,,,,,,,,,0,0
1133,37767,,,,,,,,,,,,,,,,,,,,,,,,,0,0
1134,37800,,,,,,,,,,,,,,,,,,,,,,,,,0,0
1135,37833,,,,,,,,,,,,,,,,,,,,,,,,,0,0
1136,37867,,,,,,,,,,,,,,,,,,,,,,,,,0,0
1137,37900,,,,,,,,,,,,,,,,,,,,,,,,,0,0
1138,37933,,,,,,,,,,,,,,,,,,,,,,,,,0,0
1139,37967,,,,,,,,,,,,,,,,,,,,,,,,,0,0
1140,38000,,,,,,,,,,,,,,,,,,,,,,,,,0,0
1141,38033,,,,,,,,,,,,,,,,,,,,,,,,,0,0
1142,38067,,,,,,,,,,,,,,,,,,,,,,,,,0,0
1143,38100,,,,,,,,,,,,,,,,,,,,,,,,,0,0
1144,38133,,,,,,,,,,,,,,,,,,,,,,,,,0,0
1145,38167,,,,,,,,,,,,,,,,,,,,,,,,,0,0
1146,38200,,,,,,,,,,,,,,,,,,,,,,,,,0,0
1147,38233,,,,,,,,,,,,,,,,,,,,,,,,,0,0
1148,38267,,,,,,,,,,,,,,,,,,,,,,w,move_up,,0,0
1149,38300,,,,,,,,,,,,,,,,,,,,,,w,move_up,,0,0
1150,38333,,,,,,,,,,,,,,,,,,,,,,w,move_up,,0,0
1151,38367,,,,,,,,,,,,,,,,,,,,,,w,move_up,,0,0
1152,38400,,,,,,,,,,,,,,,,,,,,,,w,move_up,,0,0
1153,38433,,,,,,,,,,,,,,,,,,,,,,w,move_up,,0,0
1154,38467,,,,,,,,,,,,,,,,,,,,,,w,move_up,,0,0
1155,38500,,,,,,,,,,,,,,,,,,,,,,w,move_up,,0,0
1156,38533,,,,,,,,,,,,,,,,,,,,,,w,move_up,,0,0
1157,38567,,,,,,,,,,,,,,,,,,,,,,w,move_up,,0,0
1158,38600,,,,,,,,,,,,,,,,,,,,,,w,move_up,,0,0
1159,38633,,,,,,,,,,,,,,,,,,,,,,w,move_up,,0,0
1160,38667,,,,,,,,,,,,,,,,,,,,,,w,move_up,,0,0
1161,38700,,,,,,,,,,,,,,,,,,,,,,w,move_up,,0,0
1162,38733,,,,,,,,,,,,,,,,,,,,,,w,move_up,,0,0
1163,38767,,,,,,,,,,,,,,,,,,,,,,w,move_up,,0,0
1164,38800,,,,,,,,,,,,,,,,,,,,,,w,move_up,,0,0
1165,38833,,,,,,,,,,,,,,,,,,,,,,w,move_up,,0,0
1166,38867,,,,,,,,,,,,,,,,,,,,,,w,move_up,,0,0
1167,38900,,,,,,,,,,,,,,,,,,,,,,w,move_up,,0,0
1168,38933,,,,,,,,,,,,,,,,,,,,,,w,move_up,,0,0
1169,38967,,,,,,,,,,,,,,,,,,,,,,w,move_up,,0,0
1170,39000,,,,,,,,,,,,,,,,,,,,,,w,move_up,,0,0
1171,39033,,,,,,,,,,,,,,,,,,,,,,w,move_up,,0,0
1172,39067,,,,,,,,,,,,,,,,,,,,,,w,move_up,,0,0
1173,39100,,,,,,,,,,,,,,,,,,,,,,w,move_up,,0,0
1174,39133,,,,,,,,,,,,,,,,,,,,,,w,move_up,,0,0
1175,39167,,,,,,,,,,,,,,,,,,,,,,w,move_up,,0,0
1176,39200,,,,,,,,,,,,,,,,,,,,,,,,,0,0
1177,39233,,,,,,,,,,,,,,,,,,,,,,,,,0,0
1178,39267,,,,,,,,,,,,,,,,,,,,,,,,,0,0
1179,39300,,,,,,,,,,,,,,,,,,,,,,,,,0,0
1180,39333,,,,,,,,,,,,,,,,,,,,,,,,,0,0
1181,39367,,,,,,,,,,,,,,,,,,,,,,,,,0,0
1182,39400,,,,,,,,,,,,,,,,,,,,,,,,,0,0
1183,39433,,,,,,,,,,,,,,,,,,,,,,,,,0,0
1184,39467,,,,,,,,,,,,,,,,,,,,,,,,,0,0
1185,39500,,,,,,,,,,,,,,,,,,,,,,,,,0,0
1186,39533,,,,,,,,,,,,,,,,,,,,,,,,,0,0
1187,39567,,,,,,,,,,,,,,,,,,,,,,w,move_up,,0,0
1188,39600,,,,,,,,,,,,,,,,,,,,,,w,move_up,,0,0
1189,39633,,,,,,,,,,,,,,,,,,,,,,w,move_up,,0,0
1190,39667,,,,,,,,,,,,,,,,,,,,,,w,move_up,,0,0
1191,39700,,,,,,,,,,,,,,,,,,,,,,w,move_up,,0,0
1192,39733,,,,,,,,,,,,,,,,,,,,,,w,move_up,,0,0
1193,39767,,,,,,,,,,,,,,,,,,,,,,w,move_up,,0,0
1194,39800,,,,,,,,,,,,,,,,,,,,,,w,move_up,,0,0
1195,39833,,,,,,,,,,,,,,,,,,,,,,w,move_up,,0,0
1196,39867,,,,,,,,,,,,,,,,,,,,,,w,move_up,,0,0
1197,39900,,,,,,,,,,,,,,,,,,,,,,w,move_up,,0,0
1198,39933,,,,,,,,,,,,,,,,,,,,,,w,move_up,,0,0
1199,39967,,,,,,,,,,,,,,,,,,,,,,w,move_up,,0,0
1200,40000,,,,,,,,,,,,,,,,,,,,,,w,move_up,,0,0
1201,40033,,,,,,,,,,,,,,,,,,,,,,w,move_up,,0,0
1202,40067,,,,,,,,,,,,,,,,,,,,,,w,move_up,,0,0
1203,40100,,,,,,,,,,,,,,,,,,,,,,w,move_up,,0,0
1204,40133,,,,,,,,,,,,,,,,,,,,,,w,move_up,,0,0
1205,40167,,,,,,,,,,,,,,,,,,,,,,w,move_up,,0,0
1206,40200,,,,,,,,,,,,,,,,,,,,,,w,move_up,,0,0
1207,40233,,,,,,,,,,,,,,,,,,,,,,w,move_up,,0,0
1208,40267,,,,,,,,,,,,,,,,,,,,,,w,move_up,,0,0
1209,40300,,,,,,,,,,,,,,,,,,,,,,w,move_up,,0,0
1210,40333,,,,,,,,,,,,,,,,,,,,,,w,move_up,,0,0
1211,40367,,,,,,,,,,,,,,,,,,,,,,w,move_up,,0,0
1212,40400,,,,,,,,,,,,,,,,,,,,,,d|w,move_up|move_right,,0,0
1213,40433,,,,,,,,,,,,,,,,,,,,,,d|w,move_up|move_right,,0,0
1214,40467,,,,,,,,,,,,,,,,,,,,,,d|w,move_up|move_right,,0,0
1215,40500,,,,,,,,,,,,,,,,,,,,,,d|w,move_up|move_right,,0,0
1216,40533,,,,,,,,,,,,,,,,,,,,,,d|w,move_up|move_right,,0,0
1217,40567,,,,,,,,,,,,,,,,,,,,,,d|w,move_up|move_right,,0,0
1218,40600,,,,,,,,,,,,,,,,,,,,,,d|w,move_up|move_right,,0,0
1219,40633,,,,,,,,,,,,,,,,,,,,,,d|w,move_up|move_right,,0,0
1220,40667,,,,,,,,,,,,,,,,,,,,,,d|w,move_up|move_right,,0,0
1221,40700,,,,,,,,,,,,,,,,,,,,,,d|w,move_up|move_right,,0,0
1222,40733,,,,,,,,,,,,,,,,,,,,,,d|w,move_up|move_right,,0,0
1223,40767,,,,,,,,,,,,,,,,,,,,,,d|w,move_up|move_right,,0,0
1224,40800,,,,,,,,,,,,,,,,,,,,,,d|w,move_up|move_right,,0,0
1225,40833,,,,,,,,,,,,,,,,,,,,,,d,move_right,,0,0
1226,40867,,,,,,,,,,,,,,,,,,,,,,,,,0,0
1227,40900,,,,,,,,,,,,,,,,,,,,,,,,,0,0
1228,40933,,,,,,,,,,,,,,,,,,,,,,,,,0,0
1229,40967,,,,,,,,,,,,,,,,,,,,,,,,,0,0
1230,41000,,,,,,,,,,,,,,,,,,,,,,,,,0,0
1231,41033,,,,,,,,,,,,,,,,,,,,,,,,,0,0
1232,41067,,,,,,,,,,,,,,,,,,,,,,,,,0,0
1233,41100,,,,,,,,,,,,,,,,,,,,,,,,,0,0
1234,41133,,,,,,,,,,,,,,,,,,,,,,,,,0,0
1235,41167,,,,,,,,,,,,,,,,,,,,,,,,,0,0
1236,41200,,,,,,,,,,,,,,,,,,,,,,,,,0,0
1237,41233,,,,,,,,,,,,,,,,,,,,,,,,,0,0
1238,41267,,,,,,,,,,,,,,,,,,,,,,,,,0,0
1239,41300,,,,,,,,,,,,,,,,,,,,,,,,,0,0
1240,41333,,,,,,,,,,,,,,,,,,,,,,,,,0,0
1241,41367,,,,,,,,,,,,,,,,,,,,,,,,,0,0
1242,41400,,,,,,,,,,,,,,,,,,,,,,,,,0,0
1243,41433,,,,,,,,,,,,,,,,,,,,,,,,,0,0
1244,41467,,,,,,,,,,,,,,,,,,,,,,,,,0,0
1245,41500,,,,,,,,,,,,,,,,,,,,,,,,,0,0
1246,41533,,,,,,,,,,,,,,,,,,,,,,,,,0,0
1247,41567,,,,,,,,,,,,,,,,,,,,,,,,,0,0
1248,41600,,,,,,,,,,,,,,,,,,,,,,,,,0,0
1249,41633,,,,,,,,,,,,,,,,,,,,,,,,,0,0
1250,41667,,,,,,,,,,,,,,,,,,,,,,,,,0,0
1251,41700,,,,,,,,,,,,,,,,,,,,,,,,,0,0
1252,41733,,,,,,,,,,,,,,,,,,,,,,,,,0,0
1253,41767,,,,,,,,,,,,,,,,,,,,,,,,,0,0
1254,41800,,,,,,,,,,,,,,,,,,,,,,,,,0,0
1255,41833,,,,,,,,,,,,,,,,,,,,,,,,,0,0
1256,41867,,,,,,,,,,,,,,,,,,,,,,,,,0,0
1257,41900,,,,,,,,,,,,,,,,,,,,,,w,move_up,,0,0
1258,41933,,,,,,,,,,,,,,,,,,,,,,w,move_up,,0,0
1259,41967,,,,,,,,,,,,,,,,,,,,,,w,move_up,,0,0
1260,42000,,,,,,,,,,,,,,,,,,,,,,,,,0,0
1261,42033,,,,,,,,,,,,,,,,,,,,,,,,,0,0
1262,42067,,,,,,,,,,,,,,,,,,,,,,d,move_right,,0,0
1263,42100,,,,,,,,,,,,,,,,,,,,,,d,move_right,,0,0
1264,42133,,,,,,,,,,,,,,,,,,,,,,d,move_right,,0,0
1265,42167,,,,,,,,,,,,,,,,,,,,,,d,move_right,,0,0
1266,42200,,,,,,,,,,,,,,,,,,,,,,d,move_right,,0,0
1267,42233,,,,,,,,,,,,,,,,,,,,,,d,move_right,,0,0
1268,42267,,,,,,,,,,,,,,,,,,,,,,d,move_right,,0,0
1269,42300,,,,,,,,,,,,,,,,,,,,,,d|w,move_up|move_right,,0,0
1270,42333,,,,,,,,,,,,,,,,,,,,,,d|w,move_up|move_right,,0,0
1271,42367,,,,,,,,,,,,,,,,,,,,,,d|w,move_up|move_right,,0,0
1272,42400,,,,,,,,,,,,,,,,,,,,,,d|w,move_up|move_right,,0,0
1273,42433,,,,,,,,,,,,,,,,,,,,,,d|w,move_up|move_right,,0,0
1274,42467,,,,,,,,,,,,,,,,,,,,,,d|w,move_up|move_right,,0,0
1275,42500,,,,,,,,,,,,,,,,,,,,,,d|w,move_up|move_right,,0,0
1276,42533,,,,,,,,,,,,,,,,,,,,,,d|w,move_up|move_right,,0,0
1277,42567,,,,,,,,,,,,,,,,,,,,,,d|w,move_up|move_right,,0,0
1278,42600,,,,,,,,,,,,,,,,,,,,,,d|w,move_up|move_right,,0,0
1279,42633,,,,,,,,,,,,,,,,,,,,,,d|w,move_up|move_right,,0,0
1280,42667,,,,,,,,,,,,,,,,,,,,,,d|w,move_up|move_right,,0,0
1281,42700,,,,,,,,,,,,,,,,,,,,,,d|w,move_up|move_right,,0,0
1282,42733,,,,,,,,,,,,,,,,,,,,,,d|w,move_up|move_right,,0,0
1283,42767,,,,,,,,,,,,,,,,,,,,,,d|w,move_up|move_right,,0,0
1284,42800,,,,,,,,,,,,,,,,,,,,,,d|w,move_up|move_right,,0,0
1285,42833,,,,,,,,,,,,,,,,,,,,,,d|w,move_up|move_right,,0,0
1286,42867,,,,,,,,,,,,,,,,,,,,,,d|w,move_up|move_right,,0,0
1287,42900,,,,,,,,,,,,,,,,,,,,,,d|w,move_up|move_right,,0,0
1288,42933,,,,,,,,,,,,,,,,,,,,,,w,move_up,,0,0
1289,42967,,,,,,,,,,,,,,,,,,,,,,w,move_up,,0,0
1290,43000,,,,,,,,,,,,,,,,,,,,,,w,move_up,,0,0
1291,43033,,,,,,,,,,,,,,,,,,,,,,,,,0,0
1292,43067,,,,,,,,,,,,,,,,,,,,,,,,,0,0
1293,43100,,,,,,,,,,,,,,,,,,,,,,,,,0,0
1294,43133,,,,,,,,,,,,,,,,,,,,,,,,,0,0
1295,43167,,,,,,,,,,,,,,,,,,,,,,,,,0,0
1296,43200,,,,,,,,,,,,,,,,,,,,,,,,,0,0
1297,43233,,,,,,,,,,,,,,,,,,,,,,d,move_right,,0,0
1298,43267,,,,,,,,,,,,,,,,,,,,,,d,move_right,,0,0
1299,43300,,,,,,,,,,,,,,,,,,,,,,d,move_right,,0,0
1300,43333,,,,,,,,,,,,,,,,,,,,,,d,move_right,,0,0
1301,43367,,,,,,,,,,,,,,,,,,,,,,d,move_right,,0,0
1302,43400,,,,,,,,,,,,,,,,,,,,,,d,move_right,,0,0
1303,43433,,,,,,,,,,,,,,,,,,,,,,d,move_right,,0,0
1304,43467,,,,,,,,,,,,,,,,,,,,,,d,move_right,,0,0
1305,43500,,,,,,,,,,,,,,,,,,,,,,,,,0,0
1306,43533,,,,,,,,,,,,,,,,,,,,,,,,,0,0
1307,43567,,,,,,,,,,,,,,,,,,,,,,,,,0,0
1308,43600,,,,,,,,,,,,,,,,,,,,,,,,,0,0
1309,43633,,,,,,,,,,,,,,,,,,,,,,,,,0,0
1310,43667,,,,,,,,,,,,,,,,,,,,,,,,,0,0
1311,43700,,,,,,,,,,,,,,,,,,,,,,,,,0,0
1312,43733,,,,,,,,,,,,,,,,,,,,,,,,,0,0
1313,43767,,,,,,,,,,,,,,,,,,,,,,w,move_up,,0,0
1314,43800,,,,,,,,,,,,,,,,,,,,,,w,move_up,,0,0
1315,43833,,,,,,,,,,,,,,,,,,,,,,w,move_up,,0,0
1316,43867,,,,,,,,,,,,,,,,,,,,,,w,move_up,,0,0
1317,43900,,,,,,,,,,,,,,,,,,,,,,w,move_up,,0,0
1318,43933,,,,,,,,,,,,,,,,,,,,,,w,move_up,,0,0
1319,43967,,,,,,,,,,,,,,,,,,,,,,w,move_up,,0,0
1320,44000,,,,,,,,,,,,,,,,,,,,,,w,move_up,,0,0
1321,44033,,,,,,,,,,,,,,,,,,,,,,w,move_up,,0,0
1322,44067,,,,,,,,,,,,,,,,,,,,,,w,move_up,,0,0
1323,44100,,,,,,,,,,,,,,,,,,,,,,w,move_up,,0,0
1324,44133,,,,,,,,,,,,,,,,,,,,,,,,,0,0
1325,44167,,,,,,,,,,,,,,,,,,,,,,,,,0,0
1326,44200,,,,,,,,,,,,,,,,,,,,,,,,,0,0
1327,44233,,,,,,,,,,,,,,,,,,,,,,,,,0,0
1328,44267,,,,,,,,,,,,,,,,,,,,,,,,,0,0
1329,44300,,,,,,,,,,,,,,,,,,,,,,,,,0,0
1330,44333,,,,,,,,,,,,,,,,,,,,,,,,,0,0
1331,44367,,,,,,,,,,,,,,,,,,,,,,,,,0,0
1332,44400,,,,,,,,,,,,,,,,,,,,,,,,,0,0
1333,44433,,,,,,,,,,,,,,,,,,,,,,,,,0,0
1334,44467,,,,,,,,,,,,,,,,,,,,,,,,,0,0
1335,44500,,,,,,,,,,,,,,,,,,,,,,,,,0,0
1336,44533,,,,,,,,,,,,,,,,,,,,,,,,,0,0
1337,44567,,,,,,,,,,,,,,,,,,,,,,,,,0,0
1338,44600,,,,,,,,,,,,,,,,,,,,,,,,,0,0
1339,44633,,,,,,,,,,,,,,,,,,,,,,,,,0,0
1340,44667,,,,,,,,,,,,,,,,,,,,,,w,move_up,,0,0
1341,44700,,,,,,,,,,,,,,,,,,,,,,w,move_up,,0,0
1342,44733,,,,,,,,,,,,,,,,,,,,,,w,move_up,,0,0
1343,44767,,,,,,,,,,,,,,,,,,,,,,w,move_up,,0,0
1344,44800,,,,,,,,,,,,,,,,,,,,,,w,move_up,,0,0
1345,44833,,,,,,,,,,,,,,,,,,,,,,w,move_up,,0,0
1346,44867,,,,,,,,,,,,,,,,,,,,,,w,move_up,,0,0
1347,44900,,,,,,,,,,,,,,,,,,,,,,w,move_up,,0,0
1348,44933,,,,,,,,,,,,,,,,,,,,,,w,move_up,,0,0
1349,44967,,,,,,,,,,,,,,,,,,,,,,w,move_up,,0,0
1350,45000,,,,,,,,,,,,,,,,,,,,,,w,move_up,,0,0
1351,45033,,,,,,,,,,,,,,,,,,,,,,w,move_up,,0,0
1352,45067,,,,,,,,,,,,,,,,,,,,,,w,move_up,,0,0
1353,45100,,,,,,,,,,,,,,,,,,,,,,w,move_up,,0,0
1354,45133,,,,,,,,,,,,,,,,,,,,,,w,move_up,,0,0
1355,45167,,,,,,,,,,,,,,,,,,,,,,w,move_up,,0,0
1356,45200,,,,,,,,,,,,,,,,,,,,,,w,move_up,,0,0
1357,45233,,,,,,,,,,,,,,,,,,,,,,w,move_up,,0,0
1358,45267,,,,,,,,,,,,,,,,,,,,,,w,move_up,,0,0
1359,45300,,,,,,,,,,,,,,,,,,,,,,w,move_up,,0,0
1360,45333,,,,,,,,,,,,,,,,,,,,,,w,move_up,,0,0
1361,45367,,,,,,,,,,,,,,,,,,,,,,w,move_up,,0,0
1362,45400,,,,,,,,,,,,,,,,,,,,,,w,move_up,,0,0
1363,45433,,,,,,,,,,,,,,,,,,,,,,w,move_up,,0,0
1364,45467,,,,,,,,,,,,,,,,,,,,,,w,move_up,,0,0
1365,45500,,,,,,,,,,,,,,,,,,,,,,w,move_up,,0,0
1366,45533,,,,,,,,,,,,,,,,,,,,,,w,move_up,,0,0
1367,45567,,,,,,,,,,,,,,,,,,,,,,w,move_up,,0,0
1368,45600,,,,,,,,,,,,,,,,,,,,,,e|w,interact|move_up,,0,0
1369,45633,,,,,,,,,,,,,,,,,,,,,,e|w,interact|move_up,,0,0
1370,45667,,,,,,,,,,,,,,,,,,,,,,e|w,interact|move_up,,0,0
1371,45700,,,,,,,,,,,,,,,,,,,,,,e,interact,,0,0
1372,45733,,,,,,,,,,,,,,,,,,,,,,,,,0,0
1373,45767,,,,,,,,,,,,,,,,,,,,,,,,,0,0
1374,45800,,,,,,,,,,,,,,,,,,,,,,,,,0,0
1375,45833,,,,,,,,,,,,,,,,,,,,,,,,,0,0
1376,45867,,,,,,,,,,,,,,,,,,,,,,,,,0,0
1377,45900,,,,,,,,,,,,,,,,,,,,,,,,,0,0
1378,45933,,,,,,,,,,,,,,,,,,,,,,,,,0,0
1379,45967,,,,,,,,,,,,,,,,,,,,,,w,move_up,,0,0
1380,46000,,,,,,,,,,,,,,,,,,,,,,e|w,interact|move_up,,0,0
1381,46033,,,,,,,,,,,,,,,,,,,,,,e|w,interact|move_up,,0,0
1382,46067,,,,,,,,,,,,,,,,,,,,,,e|w,interact|move_up,,0,0
1383,46100,,,,,,,,,,,,,,,,,,,,,,e|w,interact|move_up,,0,0
1384,46133,,,,,,,,,,,,,,,,,,,,,,w,move_up,,0,0
1385,46167,,,,,,,,,,,,,,,,,,,,,,w,move_up,,0,0
1386,46200,,,,,,,,,,,,,,,,,,,,,,w,move_up,,0,0
1387,46233,,,,,,,,,,,,,,,,,,,,,,,,,0,0
1388,46267,,,,,,,,,,,,,,,,,,,,,,,,,0,0
1389,46300,,,,,,,,,,,,,,,,,,,,,,,,,0,0
1390,46333,,,,,,,,,,,,,,,,,,,,,,,,,0,0
1391,46367,,,,,,,,,,,,,,,,,,,,,,e,interact,,0,0
1392,46400,,,,,,,,,,,,,,,,,,,,,,e,interact,,0,0
1393,46433,,,,,,,,,,,,,,,,,,,,,,e,interact,,0,0
1394,46467,,,,,,,,,,,,,,,,,,,,,,e,interact,,0,0
1395,46500,,,,,,,,,,,,,,,,,,,,,,e,interact,,0,0
1396,46533,,,,,,,,,,,,,,,,,,,,,,,,,0,0
1397,46567,,,,,,,,,,,,,,,,,,,,,,,,,0,0
1398,46600,,,,,,,,,,,,,,,,,,,,,,,,,0,0
1399,46633,,,,,,,,,,,,,,,,,,,,,,,,,0,0
1400,46667,,,,,,,,,,,,,,,,,,,,,,,,,0,0
1401,46700,,,,,,,,,,,,,,,,,,,,,,,,,0,0
1402,46733,,,,,,,,,,,,,,,,,,,,,,,,,0,0
1403,46767,,,,,,,,,,,,,,,,,,,,,,,,,0,0
1404,46800,,,,,,,,,,,,,,,,,,,,,,,,,0,0
1405,46833,,,,,,,,,,,,,,,,,,,,,,,,,0,0
1406,46867,,,,,,,,,,,,,,,,,,,,,,,,,0,0
1407,46900,,,,,,,,,,,,,,,,,,,,,,,,,0,0
1408,46933,,,,,,,,,,,,,,,,,,,,,,,,,0,0
1409,46967,,,,,,,,,,,,,,,,,,,,,,w,move_up,,0,0
1410,47000,,,,,,,,,,,,,,,,,,,,,,w,move_up,,0,0
1411,47033,,,,,,,,,,,,,,,,,,,,,,w,move_up,,0,0
1412,47067,,,,,,,,,,,,,,,,,,,,,,w,move_up,,0,0
1413,47100,,,,,,,,,,,,,,,,,,,,,,w,move_up,,0,0
1414,47133,,,,,,,,,,,,,,,,,,,,,,w,move_up,,0,0
1415,47167,,,,,,,,,,,,,,,,,,,,,,w,move_up,,0,0
1416,47200,,,,,,,,,,,,,,,,,,,,,,w,move_up,,0,0
1417,47233,,,,,,,,,,,,,,,,,,,,,,w,move_up,,0,0
1418,47267,,,,,,,,,,,,,,,,,,,,,,w,move_up,,0,0
1419,47300,,,,,,,,,,,,,,,,,,,,,,w,move_up,,0,0
1420,47333,,,,,,,,,,,,,,,,,,,,,,w,move_up,,0,0
1421,47367,,,,,,,,,,,,,,,,,,,,,,w,move_up,,0,0
1422,47400,,,,,,,,,,,,,,,,,,,,,,w,move_up,,0,0
1423,47433,,,,,,,,,,,,,,,,,,,,,,,,,0,0
1424,47467,,,,,,,,,,,,,,,,,,,,,,,,,0,0
1425,47500,,,,,,,,,,,,,,,,,,,,,,,,,0,0
1426,47533,,,,,,,,,,,,,,,,,,,,,,,,,0,0
1427,47567,,,,,,,,,,,,,,,,,,,,,,,,,0,0
1428,47600,,,,,,,,,,,,,,,,,,,,,,,,,0,0
1429,47633,,,,,,,,,,,,,,,,,,,,,,,,,0,0
1430,47667,,,,,,,,,,,,,,,,,,,,,,,,,0,0
1431,47700,,,,,,,,,,,,,,,,,,,,,,,,,0,0
1432,47733,,,,,,,,,,,,,,,,,,,,,,,,,0,0
1433,47767,,,,,,,,,,,,,,,,,,,,,,,,,0,0
1434,47800,,,,,,,,,,,,,,,,,,,,,,,,,0,0
1435,47833,,,,,,,,,,,,,,,,,,,,,,,,,0,0
1436,47867,,,,,,,,,,,,,,,,,,,,,,s,move_down,,0,0
1437,47900,,,,,,,,,,,,,,,,,,,,,,s,move_down,,0,0
1438,47933,,,,,,,,,,,,,,,,,,,,,,s,move_down,,0,0
1439,47967,,,,,,,,,,,,,,,,,,,,,,,,,0,0
1440,48000,,,,,,,,,,,,,,,,,,,,,,,,,0,0
1441,48033,,,,,,,,,,,,,,,,,,,,,,,,,0,0
1442,48067,,,,,,,,,,,,,,,,,,,,,,,,,0,0
1443,48100,,,,,,,,,,,,,,,,,,,,,,,,,0,0
1444,48133,,,,,,,,,,,,,,,,,,,,,,,,,0,0
1445,48167,,,,,,,,,,,,,,,,,,,,,,,,,0,0
1446,48200,,,,,,,,,,,,,,,,,,,,,,,,,0,0
1447,48233,,,,,,,,,,,,,,,,,,,,,,,,,0,0
1448,48267,,,,,,,,,,,,,,,,,,,,,,,,,0,0
1449,48300,,,,,,,,,,,,,,,,,,,,,,,,,0,0
1450,48333,,,,,,,,,,,,,,,,,,,,,,,,,0,0
1451,48367,,,,,,,,,,,,,,,,,,,,,,,,,0,0
1452,48400,,,,,,,,,,,,,,,,,,,,,,s,move_down,,0,0
1453,48433,,,,,,,,,,,,,,,,,,,,,,s,move_down,,0,0
1454,48467,,,,,,,,,,,,,,,,,,,,,,s,move_down,,0,0
1455,48500,,,,,,,,,,,,,,,,,,,,,,s,move_down,,0,0
1456,48533,,,,,,,,,,,,,,,,,,,,,,s,move_down,,0,0
1457,48567,,,,,,,,,,,,,,,,,,,,,,s,move_down,,0,0
1458,48600,,,,,,,,,,,,,,,,,,,,,,s,move_down,,0,0
1459,48633,,,,,,,,,,,,,,,,,,,,,,s,move_down,,0,0
1460,48667,,,,,,,,,,,,,,,,,,,,,,,,,0,0
1461,48700,,,,,,,,,,,,,,,,,,,,,,,,,0,0
1462,48733,,,,,,,,,,,,,,,,,,,,,,,,,0,0
1463,48767,,,,,,,,,,,,,,,,,,,,,,,,,0,0
1464,48800,,,,,,,,,,,,,,,,,,,,,,s,move_down,,0,0
1465,48833,,,,,,,,,,,,,,,,,,,,,,s,move_down,,0,0
1466,48867,,,,,,,,,,,,,,,,,,,,,,s,move_down,,0,0
1467,48900,,,,,,,,,,,,,,,,,,,,,,s,move_down,,0,0
1468,48933,,,,,,,,,,,,,,,,,,,,,,s,move_down,,0,0
1469,48967,,,,,,,,,,,,,,,,,,,,,,s,move_down,,0,0
1470,49000,,,,,,,,,,,,,,,,,,,,,,s,move_down,,0,0
1471,49033,,,,,,,,,,,,,,,,,,,,,,s,move_down,,0,0
1472,49067,,,,,,,,,,,,,,,,,,,,,,s,move_down,,0,0
1473,49100,,,,,,,,,,,,,,,,,,,,,,s,move_down,,0,0
1474,49133,,,,,,,,,,,,,,,,,,,,,,s,move_down,,0,0
1475,49167,,,,,,,,,,,,,,,,,,,,,,s,move_down,,0,0
1476,49200,,,,,,,,,,,,,,,,,,,,,,s,move_down,,0,0
1477,49233,,,,,,,,,,,,,,,,,,,,,,s,move_down,,0,0
1478,49267,,,,,,,,,,,,,,,,,,,,,,s,move_down,,0,0
1479,49300,,,,,,,,,,,,,,,,,,,,,,s,move_down,,0,0
1480,49333,,,,,,,,,,,,,,,,,,,,,,s,move_down,,0,0
1481,49367,,,,,,,,,,,,,,,,,,,,,,s,move_down,,0,0
1482,49400,,,,,,,,,,,,,,,,,,,,,,s,move_down,,0,0
1483,49433,,,,,,,,,,,,,,,,,,,,,,s,move_down,,0,0
1484,49467,,,,,,,,,,,,,,,,,,,,,,s,move_down,,0,0
1485,49500,,,,,,,,,,,,,,,,,,,,,,s,move_down,,0,0
1486,49533,,,,,,,,,,,,,,,,,,,,,,s,move_down,,0,0
1487,49567,,,,,,,,,,,,,,,,,,,,,,s,move_down,,0,0
1488,49600,,,,,,,,,,,,,,,,,,,,,,s,move_down,,0,0
1489,49633,,,,,,,,,,,,,,,,,,,,,,s,move_down,,0,0
1490,49667,,,,,,,,,,,,,,,,,,,,,,s,move_down,,0,0
1491,49700,,,,,,,,,,,,,,,,,,,,,,s,move_down,,0,0
1492,49733,,,,,,,,,,,,,,,,,,,,,,s,move_down,,0,0
1493,49767,,,,,,,,,,,,,,,,,,,,,,s,move_down,,0,0
1494,49800,,,,,,,,,,,,,,,,,,,,,,s,move_down,,0,0
1495,49833,,,,,,,,,,,,,,,,,,,,,,s,move_down,,0,0
1496,49867,,,,,,,,,,,,,,,,,,,,,,s,move_down,,0,0
1497,49900,,,,,,,,,,,,,,,,,,,,,,s,move_down,,0,0
1498,49933,,,,,,,,,,,,,,,,,,,,,,s,move_down,,0,0
1499,49967,,,,,,,,,,,,,,,,,,,,,,s,move_down,,0,0
1500,50000,,,,,,,,,,,,,,,,,,,,,,s,move_down,,0,0
1501,50033,,,,,,,,,,,,,,,,,,,,,,s,move_down,,0,0
1502,50067,,,,,,,,,,,,,,,,,,,,,,s,move_down,,0,0
1503,50100,,,,,,,,,,,,,,,,,,,,,,s,move_down,,0,0
1504,50133,,,,,,,,,,,,,,,,,,,,,,s,move_down,,0,0
1505,50167,,,,,,,,,,,,,,,,,,,,,,a|s,move_left|move_down,,0,0
1506,50200,,,,,,,,,,,,,,,,,,,,,,a|s,move_left|move_down,,0,0
1507,50233,,,,,,,,,,,,,,,,,,,,,,a|s,move_left|move_down,,0,0
1508,50267,,,,,,,,,,,,,,,,,,,,,,a|s,move_left|move_down,,0,0
1509,50300,,,,,,,,,,,,,,,,,,,,,,s,move_down,,0,0
1510,50333,,,,,,,,,,,,,,,,,,,,,,s,move_down,,0,0
1511,50367,,,,,,,,,,,,,,,,,,,,,,s,move_down,,0,0
1512,50400,,,,,,,,,,,,,,,,,,,,,,s,move_down,,0,0
1513,50433,,,,,,,,,,,,,,,,,,,,,,s,move_down,,0,0
1514,50467,,,,,,,,,,,,,,,,,,,,,,,,,0,0
1515,50500,,,,,,,,,,,,,,,,,,,,,,,,,0,0
1516,50533,,,,,,,,,,,,,,,,,,,,,,,,,0,0
1517,50567,,,,,,,,,,,,,,,,,,,,,,,,,0,0
1518,50600,,,,,,,,,,,,,,,,,,,,,,w,move_up,,0,0
1519,50633,,,,,,,,,,,,,,,,,,,,,,w,move_up,,0,0
1520,50667,,,,,,,,,,,,,,,,,,,,,,w,move_up,,0,0
1521,50700,,,,,,,,,,,,,,,,,,,,,,d|w,move_up|move_right,,0,0
1522,50733,,,,,,,,,,,,,,,,,,,,,,d|w,move_up|move_right,,0,0
1523,50767,,,,,,,,,,,,,,,,,,,,,,d|w,move_up|move_right,,0,0
1524,50800,,,,,,,,,,,,,,,,,,,,,,d|w,move_up|move_right,,0,0
1525,50833,,,,,,,,,,,,,,,,,,,,,,d|w,move_up|move_right,,0,0
1526,50867,,,,,,,,,,,,,,,,,,,,,,d|w,move_up|move_right,,0,0
1527,50900,,,,,,,,,,,,,,,,,,,,,,d|w,move_up|move_right,,0,0
1528,50933,,,,,,,,,,,,,,,,,,,,,,d|w,move_up|move_right,,0,0
1529,50967,,,,,,,,,,,,,,,,,,,,,,d|w,move_up|move_right,,0,0
1530,51000,,,,,,,,,,,,,,,,,,,,,,d|w,move_up|move_right,,0,0
1531,51033,,,,,,,,,,,,,,,,,,,,,,w,move_up,,0,0
1532,51067,,,,,,,,,,,,,,,,,,,,,,w,move_up,,0,0
1533,51100,,,,,,,,,,,,,,,,,,,,,,w,move_up,,0,0
1534,51133,,,,,,,,,,,,,,,,,,,,,,w,move_up,,0,0
1535,51167,,,,,,,,,,,,,,,,,,,,,,,,,0,0
1536,51200,,,,,,,,,,,,,,,,,,,,,,,,,0,0
1537,51233,,,,,,,,,,,,,,,,,,,,,,,,,0,0
1538,51267,,,,,,,,,,,,,,,,,,,,,,,,,0,0
1539,51300,,,,,,,,,,,,,,,,,,,,,,w,move_up,,0,0
1540,51333,,,,,,,,,,,,,,,,,,,,,,w,move_up,,0,0
1541,51367,,,,,,,,,,,,,,,,,,,,,,w,move_up,,0,0
1542,51400,,,,,,,,,,,,,,,,,,,,,,w,move_up,,0,0
1543,51433,,,,,,,,,,,,,,,,,,,,,,w,move_up,,0,0
1544,51467,,,,,,,,,,,,,,,,,,,,,,w,move_up,,0,0
1545,51500,,,,,,,,,,,,,,,,,,,,,,w,move_up,,0,0
1546,51533,,,,,,,,,,,,,,,,,,,,,,w,move_up,,0,0
1547,51567,,,,,,,,,,,,,,,,,,,,,,w,move_up,,0,0
1548,51600,,,,,,,,,,,,,,,,,,,,,,w,move_up,,0,0
1549,51633,,,,,,,,,,,,,,,,,,,,,,w,move_up,,0,0
1550,51667,,,,,,,,,,,,,,,,,,,,,,w,move_up,,0,0
1551,51700,,,,,,,,,,,,,,,,,,,,,,w,move_up,,0,0
1552,51733,,,,,,,,,,,,,,,,,,,,,,w,move_up,,0,0
1553,51767,,,,,,,,,,,,,,,,,,,,,,w,move_up,,0,0
1554,51800,,,,,,,,,,,,,,,,,,,,,,w,move_up,,0,0
1555,51833,,,,,,,,,,,,,,,,,,,,,,w,move_up,,0,0
1556,51867,,,,,,,,,,,,,,,,,,,,,,w,move_up,,0,0
1557,51900,,,,,,,,,,,,,,,,,,,,,,w,move_up,,0,0
1558,51933,,,,,,,,,,,,,,,,,,,,,,w,move_up,,0,0
1559,51967,,,,,,,,,,,,,,,,,,,,,,w,move_up,,0,0
1560,52000,,,,,,,,,,,,,,,,,,,,,,w,move_up,,0,0
1561,52033,,,,,,,,,,,,,,,,,,,,,,w,move_up,,0,0
1562,52067,,,,,,,,,,,,,,,,,,,,,,w,move_up,,0,0
1563,52100,,,,,,,,,,,,,,,,,,,,,,w,move_up,,0,0
1564,52133,,,,,,,,,,,,,,,,,,,,,,,,,0,0
1565,52167,,,,,,,,,,,,,,,,,,,,,,,,,0,0
1566,52200,,,,,,,,,,,,,,,,,,,,,,,,,0,0
1567,52233,,,,,,,,,,,,,,,,,,,,,,,,,0,0
1568,52267,,,,,,,,,,,,,,,,,,,,,,,,,0,0
1569,52300,,,,,,,,,,,,,,,,,,,,,,,,,0,0
1570,52333,,,,,,,,,,,,,,,,,,,,,,,,,0,0
1571,52367,,,,,,,,,,,,,,,,,,,,,,,,,0,0
1572,52400,,,,,,,,,,,,,,,,,,,,,,,,,0,0
1573,52433,,,,,,,,,,,,,,,,,,,,,,,,,0,0
1574,52467,,,,,,,,,,,,,,,,,,,,,,,,,0,0
1575,52500,,,,,,,,,,,,,,,,,,,,,,,,,0,0
1576,52533,,,,,,,,,,,,,,,,,,,,,,,,,0,0
1577,52567,,,,,,,,,,,,,,,,,,,,,,,,,0,0
1578,52600,,,,,,,,,,,,,,,,,,,,,,,,,0,0
1579,52633,,,,,,,,,,,,,,,,,,,,,,,,,0,0
1580,52667,,,,,,,,,,,,,,,,,,,,,,,,,0,0
1581,52700,,,,,,,,,,,,,,,,,,,,,,,,,0,0
1582,52733,,,,,,,,,,,,,,,,,,,,,,,,,0,0
1583,52767,,,,,,,,,,,,,,,,,,,,,,,,,0,0
1584,52800,,,,,,,,,,,,,,,,,,,,,,,,,0,0
1585,52833,,,,,,,,,,,,,,,,,,,,,,,,,0,0
1586,52867,,,,,,,,,,,,,,,,,,,,,,,,,0,0
1587,52900,,,,,,,,,,,,,,,,,,,,,,,,,0,0
1588,52933,,,,,,,,,,,,,,,,,,,,,,,,,0,0
1589,52967,,,,,,,,,,,,,,,,,,,,,,s,move_down,,0,0
1590,53000,,,,,,,,,,,,,,,,,,,,,,s,move_down,,0,0
1591,53033,,,,,,,,,,,,,,,,,,,,,,s,move_down,,0,0
1592,53067,,,,,,,,,,,,,,,,,,,,,,s,move_down,,0,0
1593,53100,,,,,,,,,,,,,,,,,,,,,,s,move_down,,0,0
1594,53133,,,,,,,,,,,,,,,,,,,,,,s,move_down,,0,0
1595,53167,,,,,,,,,,,,,,,,,,,,,,s,move_down,,0,0
1596,53200,,,,,,,,,,,,,,,,,,,,,,,,,0,0
1597,53233,,,,,,,,,,,,,,,,,,,,,,,,,0,0
1598,53267,,,,,,,,,,,,,,,,,,,,,,,,,0,0
1599,53300,,,,,,,,,,,,,,,,,,,,,,,,,0,0
1600,53333,,,,,,,,,,,,,,,,,,,,,,,,,0,0
1601,53367,,,,,,,,,,,,,,,,,,,,,,,,,0,0
1602,53400,,,,,,,,,,,,,,,,,,,,,,,,,0,0
1603,53433,,,,,,,,,,,,,,,,,,,,,,,,,0,0
1604,53467,,,,,,,,,,,,,,,,,,,,,,w,move_up,,0,0
1605,53500,,,,,,,,,,,,,,,,,,,,,,w,move_up,,0,0
1606,53533,,,,,,,,,,,,,,,,,,,,,,w,move_up,,0,0
1607,53567,,,,,,,,,,,,,,,,,,,,,,w,move_up,,0,0
1608,53600,,,,,,,,,,,,,,,,,,,,,,d|w,move_up|move_right,,0,0
1609,53633,,,,,,,,,,,,,,,,,,,,,,d|w,move_up|move_right,,0,0
1610,53667,,,,,,,,,,,,,,,,,,,,,,d|w,move_up|move_right,,0,0
1611,53700,,,,,,,,,,,,,,,,,,,,,,d,move_right,,0,0
1612,53733,,,,,,,,,,,,,,,,,,,,,,,,,0,0
1613,53767,,,,,,,,,,,,,,,,,,,,,,,,,0,0
1614,53800,,,,,,,,,,,,,,,,,,,,,,,,,0,0
1615,53833,,,,,,,,,,,,,,,,,,,,,,,,,0,0
1616,53867,,,,,,,,,,,,,,,,,,,,,,,,,0,0
1617,53900,,,,,,,,,,,,,,,,,,,,,,,,,0,0
1618,53933,,,,,,,,,,,,,,,,,,,,,,,,,0,0
1619,53967,,,,,,,,,,,,,,,,,,,,,,,,,0,0
1620,54000,,,,,,,,,,,,,,,,,,,,,,,,,0,0
1621,54033,,,,,,,,,,,,,,,,,,,,,,,,,0,0
1622,54067,,,,,,,,,,,,,,,,,,,,,,,,,0,0
1623,54100,,,,,,,,,,,,,,,,,,,,,,,,,0,0
1624,54133,,,,,,,,,,,,,,,,,,,,,,,,,0,0
1625,54167,,,,,,,,,,,,,,,,,,,,,,,,,0,0
1626,54200,,,,,,,,,,,,,,,,,,,,,,,,,0,0
1627,54233,,,,,,,,,,,,,,,,,,,,,,,,,0,0
1628,54267,,,,,,,,,,,,,,,,,,,,,,,,,0,0
1629,54300,,,,,,,,,,,,,,,,,,,,,,,,,0,0
1630,54333,,,,,,,,,,,,,,,,,,,,,,,,,0,0
1631,54367,,,,,,,,,,,,,,,,,,,,,,,,,0,0
1632,54400,,,,,,,,,,,,,,,,,,,,,,,,,0,0
1633,54433,,,,,,,,,,,,,,,,,,,,,,,,,0,0
1634,54467,,,,,,,,,,,,,,,,,,,,,,,,,0,0
1635,54500,,,,,,,,,,,,,,,,,,,,,,s,move_down,,0,0
1636,54533,,,,,,,,,,,,,,,,,,,,,,s,move_down,,0,0
1637,54567,,,,,,,,,,,,,,,,,,,,,,s,move_down,,0,0
1638,54600,,,,,,,,,,,,,,,,,,,,,,s,move_down,,0,0
1639,54633,,,,,,,,,,,,,,,,,,,,,,s,move_down,,0,0
1640,54667,,,,,,,,,,,,,,,,,,,,,,s,move_down,,0,0
1641,54700,,,,,,,,,,,,,,,,,,,,,,s,move_down,,0,0
1642,54733,,,,,,,,,,,,,,,,,,,,,,s,move_down,,0,0
1643,54767,,,,,,,,,,,,,,,,,,,,,,s,move_down,,0,0
1644,54800,,,,,,,,,,,,,,,,,,,,,,s,move_down,,0,0
1645,54833,,,,,,,,,,,,,,,,,,,,,,s,move_down,,0,0
1646,54867,,,,,,,,,,,,,,,,,,,,,,s,move_down,,0,0
1647,54900,,,,,,,,,,,,,,,,,,,,,,s,move_down,,0,0
1648,54933,,,,,,,,,,,,,,,,,,,,,,s,move_down,,0,0
1649,54967,,,,,,,,,,,,,,,,,,,,,,s,move_down,,0,0
1650,55000,,,,,,,,,,,,,,,,,,,,,,s,move_down,,0,0
1651,55033,,,,,,,,,,,,,,,,,,,,,,s,move_down,,0,0
1652,55067,,,,,,,,,,,,,,,,,,,,,,s,move_down,,0,0
1653,55100,,,,,,,,,,,,,,,,,,,,,,s,move_down,,0,0
1654,55133,,,,,,,,,,,,,,,,,,,,,,,,,0,0
1655,55167,,,,,,,,,,,,,,,,,,,,,,,,,0,0
1656,55200,,,,,,,,,,,,,,,,,,,,,,,,,0,0
1657,55233,,,,,,,,,,,,,,,,,,,,,,,,,0,0
1658,55267,,,,,,,,,,,,,,,,,,,,,,,,,0,0
1659,55300,,,,,,,,,,,,,,,,,,,,,,,,,0,0
1660,55333,,,,,,,,,,,,,,,,,,,,,,,,,0,0
1661,55367,,,,,,,,,,,,,,,,,,,,,,,,,0,0
1662,55400,,,,,,,,,,,,,,,,,,,,,,,,,0,0
1663,55433,,,,,,,,,,,,,,,,,,,,,,,,,0,0
1664,55467,,,,,,,,,,,,,,,,,,,,,,,,,0,0
1665,55500,,,,,,,,,,,,,,,,,,,,,,,,,0,0
1666,55533,,,,,,,,,,,,,,,,,,,,,,,,,0,0
1667,55567,,,,,,,,,,,,,,,,,,,,,,,,,0,0
1668,55600,,,,,,,,,,,,,,,,,,,,,,,,,0,0
1669,55633,,,,,,,,,,,,,,,,,,,,,,,,,0,0
1670,55667,,,,,,,,,,,,,,,,,,,,,,,,,0,0
1671,55700,,,,,,,,,,,,,,,,,,,,,,d,move_right,,0,0
1672,55733,,,,,,,,,,,,,,,,,,,,,,d,move_right,,0,0
1673,55767,,,,,,,,,,,,,,,,,,,,,,d,move_right,,0,0
1674,55800,,,,,,,,,,,,,,,,,,,,,,d,move_right,,0,0
1675,55833,,,,,,,,,,,,,,,,,,,,,,,,,0,0
1676,55867,,,,,,,,,,,,,,,,,,,,,,,,,0,0
1677,55900,,,,,,,,,,,,,,,,,,,,,,,,,0,0
1678,55933,,,,,,,,,,,,,,,,,,,,,,,,,0,0
1679,55967,,,,,,,,,,,,,,,,,,,,,,a,move_left,,0,0
1680,56000,,,,,,,,,,,,,,,,,,,,,,a,move_left,,0,0
1681,56033,,,,,,,,,,,,,,,,,,,,,,a,move_left,,0,0
1682,56067,,,,,,,,,,,,,,,,,,,,,,a|s,move_left|move_down,,0,0
1683,56100,,,,,,,,,,,,,,,,,,,,,,a|s,move_left|move_down,,0,0
1684,56133,,,,,,,,,,,,,,,,,,,,,,a|s,move_left|move_down,,0,0
1685,56167,,,,,,,,,,,,,,,,,,,,,,a|s,move_left|move_down,,0,0
1686,56200,,,,,,,,,,,,,,,,,,,,,,a|s,move_left|move_down,,0,0
1687,56233,,,,,,,,,,,,,,,,,,,,,,s,move_down,,0,0
1688,56267,,,,,,,,,,,,,,,,,,,,,,s,move_down,,0,0
1689,56300,,,,,,,,,,,,,,,,,,,,,,s,move_down,,0,0
1690,56333,,,,,,,,,,,,,,,,,,,,,,s,move_down,,0,0
1691,56367,,,,,,,,,,,,,,,,,,,,,,s,move_down,,0,0
1692,56400,,,,,,,,,,,,,,,,,,,,,,s,move_down,,0,0
1693,56433,,,,,,,,,,,,,,,,,,,,,,,,,0,0
1694,56467,,,,,,,,,,,,,,,,,,,,,,,,,0,0
1695,56500,,,,,,,,,,,,,,,,,,,,,,,,,0,0
1696,56533,,,,,,,,,,,,,,,,,,,,,,,,,0,0
1697,56567,,,,,,,,,,,,,,,,,,,,,,,,,0,0
1698,56600,,,,,,,,,,,,,,,,,,,,,,,,,0,0
1699,56633,,,,,,,,,,,,,,,,,,,,,,,,,0,0
1700,56667,,,,,,,,,,,,,,,,,,,,,,,,,0,0
1701,56700,,,,,,,,,,,,,,,,,,,,,,,,,0,0
1702,56733,,,,,,,,,,,,,,,,,,,,,,d,move_right,,0,0
1703,56767,,,,,,,,,,,,,,,,,,,,,,d,move_right,,0,0
1704,56800,,,,,,,,,,,,,,,,,,,,,,d,move_right,,0,0
1705,56833,,,,,,,,,,,,,,,,,,,,,,d,move_right,,0,0
1706,56867,,,,,,,,,,,,,,,,,,,,,,d,move_right,,0,0
1707,56900,,,,,,,,,,,,,,,,,,,,,,d,move_right,,0,0
1708,56933,,,,,,,,,,,,,,,,,,,,,,d,move_right,,0,0
1709,56967,,,,,,,,,,,,,,,,,,,,,,,,,0,0
1710,57000,,,,,,,,,,,,,,,,,,,,,,,,,0,0
1711,57033,,,,,,,,,,,,,,,,,,,,,,,,,0,0
1712,57067,,,,,,,,,,,,,,,,,,,,,,s,move_down,,0,0
1713,57100,,,,,,,,,,,,,,,,,,,,,,s,move_down,,0,0
1714,57133,,,,,,,,,,,,,,,,,,,,,,s,move_down,,0,0
1715,57167,,,,,,,,,,,,,,,,,,,,,,s,move_down,,0,0
1716,57200,,,,,,,,,,,,,,,,,,,,,,d|s,move_down|move_right,,0,0
1717,57233,,,,,,,,,,,,,,,,,,,,,,d|s,move_down|move_right,,0,0
1718,57267,,,,,,,,,,,,,,,,,,,,,,d|s,move_down|move_right,,0,0
1719,57300,,,,,,,,,,,,,,,,,,,,,,d|s,move_down|move_right,,0,0
1720,57333,,,,,,,,,,,,,,,,,,,,,,d|s,move_down|move_right,,0,0
1721,57367,,,,,,,,,,,,,,,,,,,,,,d|s,move_down|move_right,,0,0
1722,57400,,,,,,,,,,,,,,,,,,,,,,d,move_right,,0,0
1723,57433,,,,,,,,,,,,,,,,,,,,,,d,move_right,,0,0
1724,57467,,,,,,,,,,,,,,,,,,,,,,d,move_right,,0,0
1725,57500,,,,,,,,,,,,,,,,,,,,,,d,move_right,,0,0
1726,57533,,,,,,,,,,,,,,,,,,,,,,,,,0,0
1727,57567,,,,,,,,,,,,,,,,,,,,,,,,,0,0
1728,57600,,,,,,,,,,,,,,,,,,,,,,,,,0,0
1729,57633,,,,,,,,,,,,,,,,,,,,,,,,,0,0
1730,57667,,,,,,,,,,,,,,,,,,,,,,,,,0,0
1731,57700,,,,,,,,,,,,,,,,,,,,,,,,,0,0
1732,57733,,,,,,,,,,,,,,,,,,,,,,,,,0,0
1733,57767,,,,,,,,,,,,,,,,,,,,,,w,move_up,,0,0
1734,57800,,,,,,,,,,,,,,,,,,,,,,w,move_up,,0,0
1735,57833,,,,,,,,,,,,,,,,,,,,,,w,move_up,,0,0
1736,57867,,,,,,,,,,,,,,,,,,,,,,w,move_up,,0,0
1737,57900,,,,,,,,,,,,,,,,,,,,,,w,move_up,,0,0
1738,57933,,,,,,,,,,,,,,,,,,,,,,w,move_up,,0,0
1739,57967,,,,,,,,,,,,,,,,,,,,,,w,move_up,,0,0
1740,58000,,,,,,,,,,,,,,,,,,,,,,e,interact,,0,0
1741,58033,,,,,,,,,,,,,,,,,,,,,,e,interact,,0,0
1742,58067,,,,,,,,,,,,,,,,,,,,,,e,interact,,0,0
1743,58100,,,,,,,,,,,,,,,,,,,,,,e,interact,,0,0
1744,58133,,,,,,,,,,,,,,,,,,,,,,,,,0,0
1745,58167,,,,,,,,,,,,,,,,,,,,,,,,,0,0
1746,58200,,,,,,,,,,,,,,,,,,,,,,,,,0,0
1747,58233,,,,,,,,,,,,,,,,,,,,,,,,,0,0
1748,58267,,,,,,,,,,,,,,,,,,,,,,,,,0,0
1749,58300,,,,,,,,,,,,,,,,,,,,,,,,,0,0
1750,58333,,,,,,,,,,,,,,,,,,,,,,,,,0,0
1751,58367,,,,,,,,,,,,,,,,,,,,,,,,,0,0
1752,58400,,,,,,,,,,,,,,,,,,,,,,,,,0,0
1753,58433,,,,,,,,,,,,,,,,,,,,,,,,,0,0
1754,58467,,,,,,,,,,,,,,,,,,,,,,,,,0,0
1755,58500,,,,,,,,,,,,,,,,,,,,,,,,,0,0
1756,58533,,,,,,,,,,,,,,,,,,,,,,,,,0,0
1757,58567,,,,,,,,,,,,,,,,,,,,,,,,,0,0
1758,58600,,,,,,,,,,,,,,,,,,,,,,,,,0,0
1759,58633,,,,,,,,,,,,,,,,,,,,,,,,,0,0
1760,58667,,,,,,,,,,,,,,,,,,,,,,,,,0,0
1761,58700,,,,,,,,,,,,,,,,,,,,,,,,,0,0
1762,58733,,,,,,,,,,,,,,,,,,,,,,,,,0,0
1763,58767,,,,,,,,,,,,,,,,,,,,,,,,,0,0
1764,58800,,,,,,,,,,,,,,,,,,,,,,,,,0,0
1765,58833,,,,,,,,,,,,,,,,,,,,,,,,,0,0
1766,58867,,,,,,,,,,,,,,,,,,,,,,,,,0,0
1767,58900,,,,,,,,,,,,,,,,,,,,,,,,,0,0
1768,58933,,,,,,,,,,,,,,,,,,,,,,,,,0,0
1769,58967,,,,,,,,,,,,,,,,,,,,,,,,,0,0
1770,59000,,,,,,,,,,,,,,,,,,,,,,,,,0,0
1771,59033,,,,,,,,,,,,,,,,,,,,,,,,,0,0
1772,59067,,,,,,,,,,,,,,,,,,,,,,,,,0,0
1773,59100,,,,,,,,,,,,,,,,,,,,,,,,,0,0
1774,59133,,,,,,,,,,,,,,,,,,,,,,,,,0,0
1775,59167,,,,,,,,,,,,,,,,,,,,,,,,,0,0
1776,59200,,,,,,,,,,,,,,,,,,,,,,,,,0,0
1777,59233,,,,,,,,,,,,,,,,,,,,,,,,,0,0
1778,59267,,,,,,,,,,,,,,,,,,,,,,,,,0,0
1779,59300,,,,,,,,,,,,,,,,,,,,,,,,,0,0
1780,59333,,,,,,,,,,,,,,,,,,,,,,,,,0,0
1781,59367,,,,,,,,,,,,,,,,,,,,,,,,,0,0
1782,59400,,,,,,,,,,,,,,,,,,,,,,,,,0,0
1783,59433,,,,,,,,,,,,,,,,,,,,,,,,,0,0
1784,59467,,,,,,,,,,,,,,,,,,,,,,,,,0,0
1785,59500,,,,,,,,,,,,,,,,,,,,,,,,,0,0
1786,59533,,,,,,,,,,,,,,,,,,,,,,,,,0,0
1787,59567,,,,,,,,,,,,,,,,,,,,,,,,,0,0
1788,59600,,,,,,,,,,,,,,,,,,,,,,,,,0,0
1789,59633,,,,,,,,,,,,,,,,,,,,,,,,,0,0
1790,59667,,,,,,,,,,,,,,,,,,,,,,,,,0,0
1791,59700,,,,,,,,,,,,,,,,,,,,,,,,,0,0
1792,59733,,,,,,,,,,,,,,,,,,,,,,,,,0,0
1793,59767,,,,,,,,,,,,,,,,,,,,,,,,,0,0
1794,59800,,,,,,,,,,,,,,,,,,,,,,,,,0,0
1795,59833,,,,,,,,,,,,,,,,,,,,,,,,,0,0
1796,59867,,,,,,,,,,,,,,,,,,,,,,,,,0,0
1797,59900,,,,,,,,,,,,,,,,,,,,,,,,,0,0
1798,59933,,,,,,,,,,,,,,,,,,,,,,,,,0,0
1799,59967,,,,,,,,,,,,,,,,,,,,,,,,,0,0
1800,60000,,,,,,,,,,,,,,,,,,,,,,,,,0,0
1801,60033,,,,,,,,,,,,,,,,,,,,,,,,,0,0
1802,60067,,,,,,,,,,,,,,,,,,,,,,,,,0,0
1803,60100,,,,,,,,,,,,,,,,,,,,,,,,,0,0
1804,60133,,,,,,,,,,,,,,,,,,,,,,,,,0,0
1805,60167,,,,,,,,,,,,,,,,,,,,,,,,,0,0
1806,60200,,,,,,,,,,,,,,,,,,,,,,,,,0,0
1807,60233,,,,,,,,,,,,,,,,,,,,,,,,,0,0
1808,60267,,,,,,,,,,,,,,,,,,,,,,,,,0,0
1809,60300,,,,,,,,,,,,,,,,,,,,,,,,,0,0
1810,60333,,,,,,,,,,,,,,,,,,,,,,,,,0,0
1811,60367,,,,,,,,,,,,,,,,,,,,,,,,,0,0
1812,60400,,,,,,,,,,,,,,,,,,,,,,,,,0,0
1813,60433,,,,,,,,,,,,,,,,,,,,,,,,,0,0
1814,60467,,,,,,,,,,,,,,,,,,,,,,,,,0,0
1815,60500,,,,,,,,,,,,,,,,,,,,,,,,,0,0
1816,60533,,,,,,,,,,,,,,,,,,,,,,,,,0,0
1817,60567,,,,,,,,,,,,,,,,,,,,,,,,,0,0
1818,60600,,,,,,,,,,,,,,,,,,,,,,,,,0,0
1819,60633,,,,,,,,,,,,,,,,,,,,,,,,,0,0
1820,60667,,,,,,,,,,,,,,,,,,,,,,,,,0,0
1821,60700,,,,,,,,,,,,,,,,,,,,,,,,,0,0
1822,60733,,,,,,,,,,,,,,,,,,,,,,,,,0,0
1823,60767,,,,,,,,,,,,,,,,,,,,,,,,,0,0
1824,60800,,,,,,,,,,,,,,,,,,,,,,,,,0,0
1825,60833,,,,,,,,,,,,,,,,,,,,,,,,,0,0
1826,60867,,,,,,,,,,,,,,,,,,,,,,,,,0,0
1827,60900,,,,,,,,,,,,,,,,,,,,,,,,,0,0
1828,60933,,,,,,,,,,,,,,,,,,,,,,,,,0,0
1829,60967,,,,,,,,,,,,,,,,,,,,,,,,,0,0
1830,61000,,,,,,,,,,,,,,,,,,,,,,,,,0,0
1831,61033,,,,,,,,,,,,,,,,,,,,,,,,,0,0
1832,61067,,,,,,,,,,,,,,,,,,,,,,,,,0,0
1833,61100,,,,,,,,,,,,,,,,,,,,,,e,interact,,0,0
1834,61133,,,,,,,,,,,,,,,,,,,,,,e,interact,,0,0
1835,61167,,,,,,,,,,,,,,,,,,,,,,e,interact,,0,0
1836,61200,,,,,,,,,,,,,,,,,,,,,,e,interact,,0,0
1837,61233,,,,,,,,,,,,,,,,,,,,,,,,,0,0
1838,61267,,,,,,,,,,,,,,,,,,,,,,,,,0,0
1839,61300,,,,,,,,,,,,,,,,,,,,,,,,,0,0
1840,61333,,,,,,,,,,,,,,,,,,,,,,,,,0,0
1841,61367,,,,,,,,,,,,,,,,,,,,,,,,,0,0
1842,61400,,,,,,,,,,,,,,,,,,,,,,,,,0,0
1843,61433,,,,,,,,,,,,,,,,,,,,,,,,,0,0
1844,61467,,,,,,,,,,,,,,,,,,,,,,,,,0,0
1845,61500,,,,,,,,,,,,,,,,,,,,,,,,,0,0
1846,61533,,,,,,,,,,,,,,,,,,,,,,,,,0,0
1847,61567,,,,,,,,,,,,,,,,,,,,,,,,,0,0
1848,61600,,,,,,,,,,,,,,,,,,,,,,,,,0,0
1849,61633,,,,,,,,,,,,,,,,,,,,,,,,,0,0
1850,61667,,,,,,,,,,,,,,,,,,,,,,,,,0,0
1851,61700,,,,,,,,,,,,,,,,,,,,,,,,,0,0
1852,61733,,,,,,,,,,,,,,,,,,,,,,,,,0,0
1853,61767,,,,,,,,,,,,,,,,,,,,,,,,,0,0
1854,61800,,,,,,,,,,,,,,,,,,,,,,,,,0,0
1855,61833,,,,,,,,,,,,,,,,,,,,,,,,,0,0
1856,61867,,,,,,,,,,,,,,,,,,,,,,,,,0,0
1857,61900,,,,,,,,,,,,,,,,,,,,,,,,,0,0
1858,61933,,,,,,,,,,,,,,,,,,,,,,,,,0,0
1859,61967,,,,,,,,,,,,,,,,,,,,,,,,,0,0
1860,62000,,,,,,,,,,,,,,,,,,,,,,,,,0,0
1861,62033,,,,,,,,,,,,,,,,,,,,,,,,,0,0
1862,62067,,,,,,,,,,,,,,,,,,,,,,,,,0,0
1863,62100,,,,,,,,,,,,,,,,,,,,,,,,,0,0
1864,62133,,,,,,,,,,,,,,,,,,,,,,,,,0,0
1865,62167,,,,,,,,,,,,,,,,,,,,,,,,,0,0
1866,62200,,,,,,,,,,,,,,,,,,,,,,,,,0,0
1867,62233,,,,,,,,,,,,,,,,,,,,,,,,,0,0
1868,62267,,,,,,,,,,,,,,,,,,,,,,,,,0,0
1869,62300,,,,,,,,,,,,,,,,,,,,,,,,,0,0
1870,62333,,,,,,,,,,,,,,,,,,,,,,,,,0,0
1871,62367,,,,,,,,,,,,,,,,,,,,,,,,,0,0
1872,62400,,,,,,,,,,,,,,,,,,,,,,,,,0,0
1873,62433,,,,,,,,,,,,,,,,,,,,,,,,,0,0
1874,62467,,,,,,,,,,,,,,,,,,,,,,,,,0,0
1875,62500,,,,,,,,,,,,,,,,,,,,,,,,,0,0
1876,62533,,,,,,,,,,,,,,,,,,,,,,,,,0,0
1877,62567,,,,,,,,,,,,,,,,,,,,,,,,,0,0
1878,62600,,,,,,,,,,,,,,,,,,,,,,,,,0,0
1879,62633,,,,,,,,,,,,,,,,,,,,,,,,,0,0
1880,62667,,,,,,,,,,,,,,,,,,,,,,,,,0,0
1881,62700,,,,,,,,,,,,,,,,,,,,,,,,,0,0
1882,62733,,,,,,,,,,,,,,,,,,,,,,,,,0,0
1883,62767,,,,,,,,,,,,,,,,,,,,,,,,,0,0
1884,62800,,,,,,,,,,,,,,,,,,,,,,,,,0,0
1885,62833,,,,,,,,,,,,,,,,,,,,,,,,,0,0
1886,62867,,,,,,,,,,,,,,,,,,,,,,,,,0,0
1887,62900,,,,,,,,,,,,,,,,,,,,,,,,,0,0
1888,62933,,,,,,,,,,,,,,,,,,,,,,,,,0,0
1889,62967,,,,,,,,,,,,,,,,,,,,,,,,,0,0
1890,63000,,,,,,,,,,,,,,,,,,,,,,,,,0,0
1891,63033,,,,,,,,,,,,,,,,,,,,,,,,,0,0
1892,63067,,,,,,,,,,,,,,,,,,,,,,,,,0,0
1893,63100,,,,,,,,,,,,,,,,,,,,,,,,,0,0
1894,63133,,,,,,,,,,,,,,,,,,,,,,,,,0,0
1895,63167,,,,,,,,,,,,,,,,,,,,,,,,,0,0
1896,63200,,,,,,,,,,,,,,,,,,,,,,,,,0,0
1897,63233,,,,,,,,,,,,,,,,,,,,,,,,,0,0
1898,63267,,,,,,,,,,,,,,,,,,,,,,,,,0,0
1899,63300,,,,,,,,,,,,,,,,,,,,,,,,,0,0
1900,63333,,,,,,,,,,,,,,,,,,,,,,,,,0,0
1901,63367,,,,,,,,,,,,,,,,,,,,,,,,,0,0
1902,63400,,,,,,,,,,,,,,,,,,,,,,,,,0,0
1903,63433,,,,,,,,,,,,,,,,,,,,,,,,,0,0
1904,63467,,,,,,,,,,,,,,,,,,,,,,,,,0,0
1905,63500,,,,,,,,,,,,,,,,,,,,,,,,,0,0
1906,63533,,,,,,,,,,,,,,,,,,,,,,,,,0,0
1907,63567,,,,,,,,,,,,,,,,,,,,,,,,,0,0
1908,63600,,,,,,,,,,,,,,,,,,,,,,,,,0,0
1909,63633,,,,,,,,,,,,,,,,,,,,,,,,,0,0
1910,63667,,,,,,,,,,,,,,,,,,,,,,,,,0,0
1911,63700,,,,,,,,,,,,,,,,,,,,,,s,move_down,,0,0
1912,63733,,,,,,,,,,,,,,,,,,,,,,s,move_down,,0,0
1913,63767,,,,,,,,,,,,,,,,,,,,,,s,move_down,,0,0
1914,63800,,,,,,,,,,,,,,,,,,,,,,a|s,move_left|move_down,,0,0
1915,63833,,,,,,,,,,,,,,,,,,,,,,a|s,move_left|move_down,,0,0
1916,63867,,,,,,,,,,,,,,,,,,,,,,a,move_left,,0,0
1917,63900,,,,,,,,,,,,,,,,,,,,,,a,move_left,,0,0
1918,63933,,,,,,,,,,,,,,,,,,,,,,a,move_left,,0,0
1919,63967,,,,,,,,,,,,,,,,,,,,,,a,move_left,,0,0
1920,64000,,,,,,,,,,,,,,,,,,,,,,a,move_left,,0,0
1921,64033,,,,,,,,,,,,,,,,,,,,,,,,,0,0
1922,64067,,,,,,,,,,,,,,,,,,,,,,,,,0,0
1923,64100,,,,,,,,,,,,,,,,,,,,,,,,,0,0
1924,64133,,,,,,,,,,,,,,,,,,,,,,a|w,move_up|move_left,,0,0
1925,64167,,,,,,,,,,,,,,,,,,,,,,a|w,move_up|move_left,,0,0
1926,64200,,,,,,,,,,,,,,,,,,,,,,a|w,move_up|move_left,,0,0
1927,64233,,,,,,,,,,,,,,,,,,,,,,a|w,move_up|move_left,,0,0
1928,64267,,,,,,,,,,,,,,,,,,,,,,a|w,move_up|move_left,,0,0
1929,64300,,,,,,,,,,,,,,,,,,,,,,w,move_up,,0,0
1930,64333,,,,,,,,,,,,,,,,,,,,,,w,move_up,,0,0
1931,64367,,,,,,,,,,,,,,,,,,,,,,w,move_up,,0,0
1932,64400,,,,,,,,,,,,,,,,,,,,,,w,move_up,,0,0
1933,64433,,,,,,,,,,,,,,,,,,,,,,w,move_up,,0,0
1934,64467,,,,,,,,,,,,,,,,,,,,,,a|w,move_up|move_left,,0,0
1935,64500,,,,,,,,,,,,,,,,,,,,,,a|w,move_up|move_left,,0,0
1936,64533,,,,,,,,,,,,,,,,,,,,,,a|w,move_up|move_left,,0,0
1937,64567,,,,,,,,,,,,,,,,,,,,,,a|w,move_up|move_left,,0,0
1938,64600,,,,,,,,,,,,,,,,,,,,,,a|w,move_up|move_left,,0,0
1939,64633,,,,,,,,,,,,,,,,,,,,,,a|w,move_up|move_left,,0,0
1940,64667,,,,,,,,,,,,,,,,,,,,,,a|w,move_up|move_left,,0,0
1941,64700,,,,,,,,,,,,,,,,,,,,,,a|w,move_up|move_left,,0,0
1942,64733,,,,,,,,,,,,,,,,,,,,,,a|w,move_up|move_left,,0,0
1943,64767,,,,,,,,,,,,,,,,,,,,,,a|w,move_up|move_left,,0,0
1944,64800,,,,,,,,,,,,,,,,,,,,,,w,move_up,,0,0
1945,64833,,,,,,,,,,,,,,,,,,,,,,w,move_up,,0,0
1946,64867,,,,,,,,,,,,,,,,,,,,,,w,move_up,,0,0
1947,64900,,,,,,,,,,,,,,,,,,,,,,w,move_up,,0,0
1948,64933,,,,,,,,,,,,,,,,,,,,,,w,move_up,,0,0
1949,64967,,,,,,,,,,,,,,,,,,,,,,,,,0,0
1950,65000,,,,,,,,,,,,,,,,,,,,,,,,,0,0
1951,65033,,,,,,,,,,,,,,,,,,,,,,,,,0,0
1952,65067,,,,,,,,,,,,,,,,,,,,,,,,,0,0
1953,65100,,,,,,,,,,,,,,,,,,,,,,,,,0,0
1954,65133,,,,,,,,,,,,,,,,,,,,,,,,,0,0
1955,65167,,,,,,,,,,,,,,,,,,,,,,a,move_left,,0,0
1956,65200,,,,,,,,,,,,,,,,,,,,,,a,move_left,,0,0
1957,65233,,,,,,,,,,,,,,,,,,,,,,a,move_left,,0,0
1958,65267,,,,,,,,,,,,,,,,,,,,,,a,move_left,,0,0
1959,65300,,,,,,,,,,,,,,,,,,,,,,a,move_left,,0,0
1960,65333,,,,,,,,,,,,,,,,,,,,,,,,,0,0
1961,65367,,,,,,,,,,,,,,,,,,,,,,,,,0,0
1962,65400,,,,,,,,,,,,,,,,,,,,,,w,move_up,,0,0
1963,65433,,,,,,,,,,,,,,,,,,,,,,w,move_up,,0,0
1964,65467,,,,,,,,,,,,,,,,,,,,,,w,move_up,,0,0
1965,65500,,,,,,,,,,,,,,,,,,,,,,e|w,interact|move_up,,0,0
1966,65533,,,,,,,,,,,,,,,,,,,,,,e|w,interact|move_up,,0,0
1967,65567,,,,,,,,,,,,,,,,,,,,,,e|w,interact|move_up,,0,0
1968,65600,,,,,,,,,,,,,,,,,,,,,,e|w,interact|move_up,,0,0
1969,65633,,,,,,,,,,,,,,,,,,,,,,a|e|w,interact|move_up|move_left,,0,0
1970,65667,,,,,,,,,,,,,,,,,,,,,,a,move_left,,0,0
1971,65700,,,,,,,,,,,,,,,,,,,,,,a,move_left,,0,0
1972,65733,,,,,,,,,,,,,,,,,,,,,,a,move_left,,0,0
1973,65767,,,,,,,,,,,,,,,,,,,,,,a,move_left,,0,0
1974,65800,,,,,,,,,,,,,,,,,,,,,,a,move_left,,0,0
1975,65833,,,,,,,,,,,,,,,,,,,,,,a|w,move_up|move_left,,0,0
1976,65867,,,,,,,,,,,,,,,,,,,,,,a|w,move_up|move_left,,0,0
1977,65900,,,,,,,,,,,,,,,,,,,,,,a|w,move_up|move_left,,0,0
1978,65933,,,,,,,,,,,,,,,,,,,,,,a|w,move_up|move_left,,0,0
1979,65967,,,,,,,,,,,,,,,,,,,,,,a|e|w,interact|move_up|move_left,,0,0
1980,66000,,,,,,,,,,,,,,,,,,,,,,a|e|w,interact|move_up|move_left,,0,0
1981,66033,,,,,,,,,,,,,,,,,,,,,,a|e|w,interact|move_up|move_left,,0,0
1982,66067,,,,,,,,,,,,,,,,,,,,,,a|e|w,interact|move_up|move_left,,0,0
1983,66100,,,,,,,,,,,,,,,,,,,,,,a|w,move_up|move_left,,0,0
1984,66133,,,,,,,,,,,,,,,,,,,,,,a|w,move_up|move_left,,0,0
1985,66167,,,,,,,,,,,,,,,,,,,,,,a|e|w,interact|move_up|move_left,,0,0
1986,66200,,,,,,,,,,,,,,,,,,,,,,e|w,interact|move_up,,0,0
1987,66233,,,,,,,,,,,,,,,,,,,,,,e|w,interact|move_up,,0,0
1988,66267,,,,,,,,,,,,,,,,,,,,,,e|w,interact|move_up,,0,0
1989,66300,,,,,,,,,,,,,,,,,,,,,,w,move_up,,0,0
1990,66333,,,,,,,,,,,,,,,,,,,,,,e|w,interact|move_up,,0,0
1991,66367,,,,,,,,,,,,,,,,,,,,,,e|w,interact|move_up,,0,0
1992,66400,,,,,,,,,,,,,,,,,,,,,,e|w,interact|move_up,,0,0
1993,66433,,,,,,,,,,,,,,,,,,,,,,e|w,interact|move_up,,0,0
1994,66467,,,,,,,,,,,,,,,,,,,,,,w,move_up,,0,0
1995,66500,,,,,,,,,,,,,,,,,,,,,,w,move_up,,0,0
1996,66533,,,,,,,,,,,,,,,,,,,,,,e|w,interact|move_up,,0,0
1997,66567,,,,,,,,,,,,,,,,,,,,,,e|w,interact|move_up,,0,0
1998,66600,,,,,,,,,,,,,,,,,,,,,,e|w,interact|move_up,,0,0
1999,66633,,,,,,,,,,,,,,,,,,,,,,e|w,interact|move_up,,0,0
2000,66667,,,,,,,,,,,,,,,,,,,,,,,,,0,0
2001,66700,,,,,,,,,,,,,,,,,,,,,,,,,0,0
2002,66733,,,,,,,,,,,,,,,,,,,,,,,,,0,0
2003,66767,,,,,,,,,,,,,,,,,,,,,,,,,0,0
2004,66800,,,,,,,,,,,,,,,,,,,,,,,,,0,0
2005,66833,,,,,,,,,,,,,,,,,,,,,,,,,0,0
2006,66867,,,,,,,,,,,,,,,,,,,,,,w,move_up,,0,0
2007,66900,,,,,,,,,,,,,,,,,,,,,,w,move_up,,0,0
2008,66933,,,,,,,,,,,,,,,,,,,,,,w,move_up,,0,0
2009,66967,,,,,,,,,,,,,,,,,,,,,,w,move_up,,0,0
2010,67000,,,,,,,,,,,,,,,,,,,,,,w,move_up,,0,0
2011,67033,,,,,,,,,,,,,,,,,,,,,,w,move_up,,0,0
2012,67067,,,,,,,,,,,,,,,,,,,,,,w,move_up,,0,0
2013,67100,,,,,,,,,,,,,,,,,,,,,,w,move_up,,0,0
2014,67133,,,,,,,,,,,,,,,,,,,,,,e|w,interact|move_up,,0,0
2015,67167,,,,,,,,,,,,,,,,,,,,,,e|w,interact|move_up,,0,0
2016,67200,,,,,,,,,,,,,,,,,,,,,,e|w,interact|move_up,,0,0
2017,67233,,,,,,,,,,,,,,,,,,,,,,a|e|w,interact|move_up|move_left,,0,0
2018,67267,,,,,,,,,,,,,,,,,,,,,,a|w,move_up|move_left,,0,0
2019,67300,,,,,,,,,,,,,,,,,,,,,,a|w,move_up|move_left,,0,0
2020,67333,,,,,,,,,,,,,,,,,,,,,,a|e|w,interact|move_up|move_left,,0,0
2021,67367,,,,,,,,,,,,,,,,,,,,,,a|e|w,interact|move_up|move_left,,0,0
2022,67400,,,,,,,,,,,,,,,,,,,,,,a|e|w,interact|move_up|move_left,,0,0
2023,67433,,,,,,,,,,,,,,,,,,,,,,a|e|w,interact|move_up|move_left,,0,0
2024,67467,,,,,,,,,,,,,,,,,,,,,,a|w,move_up|move_left,,0,0
2025,67500,,,,,,,,,,,,,,,,,,,,,,a|e|w,interact|move_up|move_left,,0,0
2026,67533,,,,,,,,,,,,,,,,,,,,,,a|e|w,interact|move_up|move_left,,0,0
2027,67567,,,,,,,,,,,,,,,,,,,,,,a|e|w,interact|move_up|move_left,,0,0
2028,67600,,,,,,,,,,,,,,,,,,,,,,a|e|w,interact|move_up|move_left,,0,0
2029,67633,,,,,,,,,,,,,,,,,,,,,,a|w,move_up|move_left,,0,0
2030,67667,,,,,,,,,,,,,,,,,,,,,,a|w,move_up|move_left,,0,0
2031,67700,,,,,,,,,,,,,,,,,,,,,,a|w,move_up|move_left,,0,0
2032,67733,,,,,,,,,,,,,,,,,,,,,,w,move_up,,0,0
2033,67767,,,,,,,,,,,,,,,,,,,,,,w,move_up,,0,0
2034,67800,,,,,,,,,,,,,,,,,,,,,,w,move_up,,0,0
2035,67833,,,,,,,,,,,,,,,,,,,,,,w,move_up,,0,0
2036,67867,,,,,,,,,,,,,,,,,,,,,,w,move_up,,0,0
2037,67900,,,,,,,,,,,,,,,,,,,,,,w,move_up,,0,0
2038,67933,,,,,,,,,,,,,,,,,,,,,,w,move_up,,0,0
2039,67967,,,,,,,,,,,,,,,,,,,,,,w,move_up,,0,0
2040,68000,,,,,,,,,,,,,,,,,,,,,,w,move_up,,0,0
2041,68033,,,,,,,,,,,,,,,,,,,,,,w,move_up,,0,0
2042,68067,,,,,,,,,,,,,,,,,,,,,,w,move_up,,0,0
2043,68100,,,,,,,,,,,,,,,,,,,,,,w,move_up,,0,0
2044,68133,,,,,,,,,,,,,,,,,,,,,,w,move_up,,0,0
2045,68167,,,,,,,,,,,,,,,,,,,,,,w,move_up,,0,0
2046,68200,,,,,,,,,,,,,,,,,,,,,,w,move_up,,0,0
2047,68233,,,,,,,,,,,,,,,,,,,,,,,,,0,0
2048,68267,,,,,,,,,,,,,,,,,,,,,,,,,0,0
2049,68300,,,,,,,,,,,,,,,,,,,,,,,,,0,0
2050,68333,,,,,,,,,,,,,,,,,,,,,,,,,0,0
2051,68367,,,,,,,,,,,,,,,,,,,,,,,,,0,0
2052,68400,,,,,,,,,,,,,,,,,,,,,,,,,0,0
2053,68433,,,,,,,,,,,,,,,,,,,,,,,,,0,0
2054,68467,,,,,,,,,,,,,,,,,,,,,,,,,0,0
2055,68500,,,,,,,,,,,,,,,,,,,,,,e,interact,,0,0
2056,68533,,,,,,,,,,,,,,,,,,,,,,e|w,interact|move_up,,0,0
2057,68567,,,,,,,,,,,,,,,,,,,,,,e|w,interact|move_up,,0,0
2058,68600,,,,,,,,,,,,,,,,,,,,,,e|w,interact|move_up,,0,0
2059,68633,,,,,,,,,,,,,,,,,,,,,,,,,0,0
2060,68667,,,,,,,,,,,,,,,,,,,,,,,,,0,0
2061,68700,,,,,,,,,,,,,,,,,,,,,,,,,0,0
2062,68733,,,,,,,,,,,,,,,,,,,,,,w,move_up,,0,0
2063,68767,,,,,,,,,,,,,,,,,,,,,,w,move_up,,0,0
2064,68800,,,,,,,,,,,,,,,,,,,,,,w,move_up,,0,0
2065,68833,,,,,,,,,,,,,,,,,,,,,,w,move_up,,0,0
2066,68867,,,,,,,,,,,,,,,,,,,,,,w,move_up,,0,0
2067,68900,,,,,,,,,,,,,,,,,,,,,,w,move_up,,0,0
2068,68933,,,,,,,,,,,,,,,,,,,,,,w,move_up,,0,0
2069,68967,,,,,,,,,,,,,,,,,,,,,,w,move_up,,0,0
2070,69000,,,,,,,,,,,,,,,,,,,,,,w,move_up,,0,0
2071,69033,,,,,,,,,,,,,,,,,,,,,,w,move_up,,0,0
2072,69067,,,,,,,,,,,,,,,,,,,,,,w,move_up,,0,0
2073,69100,,,,,,,,,,,,,,,,,,,,,,w,move_up,,0,0
2074,69133,,,,,,,,,,,,,,,,,,,,,,w,move_up,,0,0
2075,69167,,,,,,,,,,,,,,,,,,,,,,w,move_up,,0,0
2076,69200,,,,,,,,,,,,,,,,,,,,,,a|w,move_up|move_left,,0,0
2077,69233,,,,,,,,,,,,,,,,,,,,,,a|w,move_up|move_left,,0,0
2078,69267,,,,,,,,,,,,,,,,,,,,,,a|w,move_up|move_left,,0,0
2079,69300,,,,,,,,,,,,,,,,,,,,,,a|w,move_up|move_left,,0,0
2080,69333,,,,,,,,,,,,,,,,,,,,,,a|w,move_up|move_left,,0,0
2081,69367,,,,,,,,,,,,,,,,,,,,,,a|w,move_up|move_left,,0,0
2082,69400,,,,,,,,,,,,,,,,,,,,,,a|w,move_up|move_left,,0,0
2083,69433,,,,,,,,,,,,,,,,,,,,,,a|w,move_up|move_left,,0,0
2084,69467,,,,,,,,,,,,,,,,,,,,,,a|w,move_up|move_left,,0,0
2085,69500,,,,,,,,,,,,,,,,,,,,,,a|w,move_up|move_left,,0,0
2086,69533,,,,,,,,,,,,,,,,,,,,,,a|w,move_up|move_left,,0,0
2087,69567,,,,,,,,,,,,,,,,,,,,,,w,move_up,,0,0
2088,69600,,,,,,,,,,,,,,,,,,,,,,w,move_up,,0,0
2089,69633,,,,,,,,,,,,,,,,,,,,,,w,move_up,,0,0
2090,69667,,,,,,,,,,,,,,,,,,,,,,w,move_up,,0,0
2091,69700,,,,,,,,,,,,,,,,,,,,,,a|w,move_up|move_left,,0,0
2092,69733,,,,,,,,,,,,,,,,,,,,,,a|w,move_up|move_left,,0,0
2093,69767,,,,,,,,,,,,,,,,,,,,,,a|w,move_up|move_left,,0,0
2094,69800,,,,,,,,,,,,,,,,,,,,,,a|w,move_up|move_left,,0,0
2095,69833,,,,,,,,,,,,,,,,,,,,,,a|w,move_up|move_left,,0,0
2096,69867,,,,,,,,,,,,,,,,,,,,,,a|w,move_up|move_left,,0,0
2097,69900,,,,,,,,,,,,,,,,,,,,,,a|w,move_up|move_left,,0,0
2098,69933,,,,,,,,,,,,,,,,,,,,,,,,,0,0
2099,69967,,,,,,,,,,,,,,,,,,,,,,,,,0,0
2100,70000,,,,,,,,,,,,,,,,,,,,,,,,,0,0
2101,70033,,,,,,,,,,,,,,,,,,,,,,,,,0,0
2102,70067,,,,,,,,,,,,,,,,,,,,,,,,,0,0
2103,70100,,,,,,,,,,,,,,,,,,,,,,,,,0,0
2104,70133,,,,,,,,,,,,,,,,,,,,,,,,,0,0
2105,70167,,,,,,,,,,,,,,,,,,,,,,,,,0,0
2106,70200,,,,,,,,,,,,,,,,,,,,,,,,,0,0
2107,70233,,,,,,,,,,,,,,,,,,,,,,,,,0,0
2108,70267,,,,,,,,,,,,,,,,,,,,,,,,,0,0
2109,70300,,,,,,,,,,,,,,,,,,,,,,a,move_left,,0,0
2110,70333,,,,,,,,,,,,,,,,,,,,,,a,move_left,,0,0
2111,70367,,,,,,,,,,,,,,,,,,,,,,a,move_left,,0,0
2112,70400,,,,,,,,,,,,,,,,,,,,,,a,move_left,,0,0
2113,70433,,,,,,,,,,,,,,,,,,,,,,a|w,move_up|move_left,,0,0
2114,70467,,,,,,,,,,,,,,,,,,,,,,a|w,move_up|move_left,,0,0
2115,70500,,,,,,,,,,,,,,,,,,,,,,a|w,move_up|move_left,,0,0
2116,70533,,,,,,,,,,,,,,,,,,,,,,a|w,move_up|move_left,,0,0
2117,70567,,,,,,,,,,,,,,,,,,,,,,a|w,move_up|move_left,,0,0
2118,70600,,,,,,,,,,,,,,,,,,,,,,w,move_up,,0,0
2119,70633,,,,,,,,,,,,,,,,,,,,,,w,move_up,,0,0
2120,70667,,,,,,,,,,,,,,,,,,,,,,w,move_up,,0,0
2121,70700,,,,,,,,,,,,,,,,,,,,,,w,move_up,,0,0
2122,70733,,,,,,,,,,,,,,,,,,,,,,w,move_up,,0,0
2123,70767,,,,,,,,,,,,,,,,,,,,,,w,move_up,,0,0
2124,70800,,,,,,,,,,,,,,,,,,,,,,a|w,move_up|move_left,,0,0
2125,70833,,,,,,,,,,,,,,,,,,,,,,a|w,move_up|move_left,,0,0
2126,70867,,,,,,,,,,,,,,,,,,,,,,w,move_up,,0,0
2127,70900,,,,,,,,,,,,,,,,,,,,,,w,move_up,,0,0
2128,70933,,,,,,,,,,,,,,,,,,,,,,w,move_up,,0,0
2129,70967,,,,,,,,,,,,,,,,,,,,,,w,move_up,,0,0
2130,71000,,,,,,,,,,,,,,,,,,,,,,w,move_up,,0,0
2131,71033,,,,,,,,,,,,,,,,,,,,,,w,move_up,,0,0
2132,71067,,,,,,,,,,,,,,,,,,,,,,w,move_up,,0,0
2133,71100,,,,,,,,,,,,,,,,,,,,,,w,move_up,,0,0
2134,71133,,,,,,,,,,,,,,,,,,,,,,d|w,move_up|move_right,,0,0
2135,71167,,,,,,,,,,,,,,,,,,,,,,d|w,move_up|move_right,,0,0
2136,71200,,,,,,,,,,,,,,,,,,,,,,d|w,move_up|move_right,,0,0
2137,71233,,,,,,,,,,,,,,,,,,,,,,d|w,move_up|move_right,,0,0
2138,71267,,,,,,,,,,,,,,,,,,,,,,w,move_up,,0,0
2139,71300,,,,,,,,,,,,,,,,,,,,,,w,move_up,,0,0
2140,71333,,,,,,,,,,,,,,,,,,,,,,w,move_up,,0,0
2141,71367,,,,,,,,,,,,,,,,,,,,,,w,move_up,,0,0
2142,71400,,,,,,,,,,,,,,,,,,,,,,w,move_up,,0,0
2143,71433,,,,,,,,,,,,,,,,,,,,,,w,move_up,,0,0
2144,71467,,,,,,,,,,,,,,,,,,,,,,w,move_up,,0,0
2145,71500,,,,,,,,,,,,,,,,,,,,,,w,move_up,,0,0
2146,71533,,,,,,,,,,,,,,,,,,,,,,w,move_up,,0,0
2147,71567,,,,,,,,,,,,,,,,,,,,,,w,move_up,,0,0
2148,71600,,,,,,,,,,,,,,,,,,,,,,a|w,move_up|move_left,,0,0
2149,71633,,,,,,,,,,,,,,,,,,,,,,a|w,move_up|move_left,,0,0
2150,71667,,,,,,,,,,,,,,,,,,,,,,a|w,move_up|move_left,,0,0
2151,71700,,,,,,,,,,,,,,,,,,,,,,a|w,move_up|move_left,,0,0
2152,71733,,,,,,,,,,,,,,,,,,,,,,a|w,move_up|move_left,,0,0
2153,71767,,,,,,,,,,,,,,,,,,,,,,a|w,move_up|move_left,,0,0
2154,71800,,,,,,,,,,,,,,,,,,,,,,a|w,move_up|move_left,,0,0
2155,71833,,,,,,,,,,,,,,,,,,,,,,a|w,move_up|move_left,,0,0
2156,71867,,,,,,,,,,,,,,,,,,,,,,a|w,move_up|move_left,,0,0
2157,71900,,,,,,,,,,,,,,,,,,,,,,a|w,move_up|move_left,,0,0
2158,71933,,,,,,,,,,,,,,,,,,,,,,a|w,move_up|move_left,,0,0
2159,71967,,,,,,,,,,,,,,,,,,,,,,a|w,move_up|move_left,,0,0
2160,72000,,,,,,,,,,,,,,,,,,,,,,a|w,move_up|move_left,,0,0
2161,72033,,,,,,,,,,,,,,,,,,,,,,a|w,move_up|move_left,,0,0
2162,72067,,,,,,,,,,,,,,,,,,,,,,a|w,move_up|move_left,,0,0
2163,72100,,,,,,,,,,,,,,,,,,,,,,a|w,move_up|move_left,,0,0
2164,72133,,,,,,,,,,,,,,,,,,,,,,a|w,move_up|move_left,,0,0
2165,72167,,,,,,,,,,,,,,,,,,,,,,a|w,move_up|move_left,,0,0
2166,72200,,,,,,,,,,,,,,,,,,,,,,a|w,move_up|move_left,,0,0
2167,72233,,,,,,,,,,,,,,,,,,,,,,a|w,move_up|move_left,,0,0
2168,72267,,,,,,,,,,,,,,,,,,,,,,w,move_up,,0,0
2169,72300,,,,,,,,,,,,,,,,,,,,,,w,move_up,,0,0
2170,72333,,,,,,,,,,,,,,,,,,,,,,w,move_up,,0,0
2171,72367,,,,,,,,,,,,,,,,,,,,,,w,move_up,,0,0
2172,72400,,,,,,,,,,,,,,,,,,,,,,w,move_up,,0,0
2173,72433,,,,,,,,,,,,,,,,,,,,,,w,move_up,,0,0
2174,72467,,,,,,,,,,,,,,,,,,,,,,w,move_up,,0,0
2175,72500,,,,,,,,,,,,,,,,,,,,,,w,move_up,,0,0
2176,72533,,,,,,,,,,,,,,,,,,,,,,w,move_up,,0,0
2177,72567,,,,,,,,,,,,,,,,,,,,,,w,move_up,,0,0
2178,72600,,,,,,,,,,,,,,,,,,,,,,w,move_up,,0,0
2179,72633,,,,,,,,,,,,,,,,,,,,,,w,move_up,,0,0
2180,72667,,,,,,,,,,,,,,,,,,,,,,w,move_up,,0,0
2181,72700,,,,,,,,,,,,,,,,,,,,,,w,move_up,,0,0
2182,72733,,,,,,,,,,,,,,,,,,,,,,w,move_up,,0,0
2183,72767,,,,,,,,,,,,,,,,,,,,,,w,move_up,,0,0
2184,72800,,,,,,,,,,,,,,,,,,,,,,w,move_up,,0,0
2185,72833,,,,,,,,,,,,,,,,,,,,,,w,move_up,,0,0
2186,72867,,,,,,,,,,,,,,,,,,,,,,w,move_up,,0,0
2187,72900,,,,,,,,,,,,,,,,,,,,,,w,move_up,,0,0
2188,72933,,,,,,,,,,,,,,,,,,,,,,w,move_up,,0,0
2189,72967,,,,,,,,,,,,,,,,,,,,,,w,move_up,,0,0
2190,73000,,,,,,,,,,,,,,,,,,,,,,w,move_up,,0,0
2191,73033,,,,,,,,,,,,,,,,,,,,,,w,move_up,,0,0
2192,73067,,,,,,,,,,,,,,,,,,,,,,w,move_up,,0,0
2193,73100,,,,,,,,,,,,,,,,,,,,,,w,move_up,,0,0
2194,73133,,,,,,,,,,,,,,,,,,,,,,w,move_up,,0,0
2195,73167,,,,,,,,,,,,,,,,,,,,,,w,move_up,,0,0
2196,73200,,,,,,,,,,,,,,,,,,,,,,w,move_up,,0,0
2197,73233,,,,,,,,,,,,,,,,,,,,,,w,move_up,,0,0
2198,73267,,,,,,,,,,,,,,,,,,,,,,w,move_up,,0,0
2199,73300,,,,,,,,,,,,,,,,,,,,,,w,move_up,,0,0
2200,73333,,,,,,,,,,,,,,,,,,,,,,w,move_up,,0,0
2201,73367,,,,,,,,,,,,,,,,,,,,,,w,move_up,,0,0
2202,73400,,,,,,,,,,,,,,,,,,,,,,w,move_up,,0,0
2203,73433,,,,,,,,,,,,,,,,,,,,,,w,move_up,,0,0
2204,73467,,,,,,,,,,,,,,,,,,,,,,w,move_up,,0,0
2205,73500,,,,,,,,,,,,,,,,,,,,,,w,move_up,,0,0
2206,73533,,,,,,,,,,,,,,,,,,,,,,w,move_up,,0,0
2207,73567,,,,,,,,,,,,,,,,,,,,,,d|w,move_up|move_right,,0,0
2208,73600,,,,,,,,,,,,,,,,,,,,,,d|w,move_up|move_right,,0,0
2209,73633,,,,,,,,,,,,,,,,,,,,,,d|w,move_up|move_right,,0,0
2210,73667,,,,,,,,,,,,,,,,,,,,,,d|w,move_up|move_right,,0,0
2211,73700,,,,,,,,,,,,,,,,,,,,,,d|w,move_up|move_right,,0,0
2212,73733,,,,,,,,,,,,,,,,,,,,,,w,move_up,,0,0
2213,73767,,,,,,,,,,,,,,,,,,,,,,w,move_up,,0,0
2214,73800,,,,,,,,,,,,,,,,,,,,,,w,move_up,,0,0
2215,73833,,,,,,,,,,,,,,,,,,,,,,w,move_up,,0,0
2216,73867,,,,,,,,,,,,,,,,,,,,,,w,move_up,,0,0
2217,73900,,,,,,,,,,,,,,,,,,,,,,w,move_up,,0,0
2218,73933,,,,,,,,,,,,,,,,,,,,,,,,,0,0
2219,73967,,,,,,,,,,,,,,,,,,,,,,,,,0,0
2220,74000,,,,,,,,,,,,,,,,,,,,,,,,,0,0
2221,74033,,,,,,,,,,,,,,,,,,,,,,,,,0,0
2222,74067,,,,,,,,,,,,,,,,,,,,,,,,,0,0
2223,74100,,,,,,,,,,,,,,,,,,,,,,,,,0,0
2224,74133,,,,,,,,,,,,,,,,,,,,,,,,,0,0
2225,74167,,,,,,,,,,,,,,,,,,,,,,,,,0,0
2226,74200,,,,,,,,,,,,,,,,,,,,,,,,,0,0
2227,74233,,,,,,,,,,,,,,,,,,,,,,,,,0,0
2228,74267,,,,,,,,,,,,,,,,,,,,,,,,,0,0
2229,74300,,,,,,,,,,,,,,,,,,,,,,d,move_right,,0,0
2230,74333,,,,,,,,,,,,,,,,,,,,,,d,move_right,,0,0
2231,74367,,,,,,,,,,,,,,,,,,,,,,d,move_right,,0,0
2232,74400,,,,,,,,,,,,,,,,,,,,,,d,move_right,,0,0
2233,74433,,,,,,,,,,,,,,,,,,,,,,d|w,move_up|move_right,,0,0
2234,74467,,,,,,,,,,,,,,,,,,,,,,d|w,move_up|move_right,,0,0
2235,74500,,,,,,,,,,,,,,,,,,,,,,d|w,move_up|move_right,,0,0
2236,74533,,,,,,,,,,,,,,,,,,,,,,d|w,move_up|move_right,,0,0
2237,74567,,,,,,,,,,,,,,,,,,,,,,d|w,move_up|move_right,,0,0
2238,74600,,,,,,,,,,,,,,,,,,,,,,d|w,move_up|move_right,,0,0
2239,74633,,,,,,,,,,,,,,,,,,,,,,d|w,move_up|move_right,,0,0
2240,74667,,,,,,,,,,,,,,,,,,,,,,d|w,move_up|move_right,,0,0
2241,74700,,,,,,,,,,,,,,,,,,,,,,d|w,move_up|move_right,,0,0
2242,74733,,,,,,,,,,,,,,,,,,,,,,w,move_up,,0,0
2243,74767,,,,,,,,,,,,,,,,,,,,,,w,move_up,,0,0
2244,74800,,,,,,,,,,,,,,,,,,,,,,w,move_up,,0,0
2245,74833,,,,,,,,,,,,,,,,,,,,,,w,move_up,,0,0
2246,74867,,,,,,,,,,,,,,,,,,,,,,w,move_up,,0,0
2247,74900,,,,,,,,,,,,,,,,,,,,,,w,move_up,,0,0
2248,74933,,,,,,,,,,,,,,,,,,,,,,w,move_up,,0,0
2249,74967,,,,,,,,,,,,,,,,,,,,,,w,move_up,,0,0
2250,75000,,,,,,,,,,,,,,,,,,,,,,w,move_up,,0,0
2251,75033,,,,,,,,,,,,,,,,,,,,,,w,move_up,,0,0
2252,75067,,,,,,,,,,,,,,,,,,,,,,w,move_up,,0,0
2253,75100,,,,,,,,,,,,,,,,,,,,,,w,move_up,,0,0
2254,75133,,,,,,,,,,,,,,,,,,,,,,w,move_up,,0,0
2255,75167,,,,,,,,,,,,,,,,,,,,,,w,move_up,,0,0
2256,75200,,,,,,,,,,,,,,,,,,,,,,d|w,move_up|move_right,,0,0
2257,75233,,,,,,,,,,,,,,,,,,,,,,d|w,move_up|move_right,,0,0
2258,75267,,,,,,,,,,,,,,,,,,,,,,d|w,move_up|move_right,,0,0
2259,75300,,,,,,,,,,,,,,,,,,,,,,d|w,move_up|move_right,,0,0
2260,75333,,,,,,,,,,,,,,,,,,,,,,d|w,move_up|move_right,,0,0
2261,75367,,,,,,,,,,,,,,,,,,,,,,d|w,move_up|move_right,,0,0
2262,75400,,,,,,,,,,,,,,,,,,,,,,d|w,move_up|move_right,,0,0
2263,75433,,,,,,,,,,,,,,,,,,,,,,d|w,move_up|move_right,,0,0
2264,75467,,,,,,,,,,,,,,,,,,,,,,d,move_right,,0,0
2265,75500,,,,,,,,,,,,,,,,,,,,,,d,move_right,,0,0
2266,75533,,,,,,,,,,,,,,,,,,,,,,d,move_right,,0,0
2267,75567,,,,,,,,,,,,,,,,,,,,,,d,move_right,,0,0
2268,75600,,,,,,,,,,,,,,,,,,,,,,d,move_right,,0,0
2269,75633,,,,,,,,,,,,,,,,,,,,,,d,move_right,,0,0
2270,75667,,,,,,,,,,,,,,,,,,,,,,d,move_right,,0,0
2271,75700,,,,,,,,,,,,,,,,,,,,,,d,move_right,,0,0
2272,75733,,,,,,,,,,,,,,,,,,,,,,d,move_right,,0,0
2273,75767,,,,,,,,,,,,,,,,,,,,,,d,move_right,,0,0
2274,75800,,,,,,,,,,,,,,,,,,,,,,d|w,move_up|move_right,,0,0
2275,75833,,,,,,,,,,,,,,,,,,,,,,d|w,move_up|move_right,,0,0
2276,75867,,,,,,,,,,,,,,,,,,,,,,d|w,move_up|move_right,,0,0
2277,75900,,,,,,,,,,,,,,,,,,,,,,d|w,move_up|move_right,,0,0
2278,75933,,,,,,,,,,,,,,,,,,,,,,d|w,move_up|move_right,,0,0
2279,75967,,,,,,,,,,,,,,,,,,,,,,d|w,move_up|move_right,,0,0
2280,76000,,,,,,,,,,,,,,,,,,,,,,d|w,move_up|move_right,,0,0
2281,76033,,,,,,,,,,,,,,,,,,,,,,d|w,move_up|move_right,,0,0
2282,76067,,,,,,,,,,,,,,,,,,,,,,w,move_up,,0,0
2283,76100,,,,,,,,,,,,,,,,,,,,,,w,move_up,,0,0
2284,76133,,,,,,,,,,,,,,,,,,,,,,w,move_up,,0,0
2285,76167,,,,,,,,,,,,,,,,,,,,,,w,move_up,,0,0
2286,76200,,,,,,,,,,,,,,,,,,,,,,w,move_up,,0,0
2287,76233,,,,,,,,,,,,,,,,,,,,,,w,move_up,,0,0
2288,76267,,,,,,,,,,,,,,,,,,,,,,w,move_up,,0,0
2289,76300,,,,,,,,,,,,,,,,,,,,,,w,move_up,,0,0
2290,76333,,,,,,,,,,,,,,,,,,,,,,w,move_up,,0,0
2291,76367,,,,,,,,,,,,,,,,,,,,,,w,move_up,,0,0
2292,76400,,,,,,,,,,,,,,,,,,,,,,w,move_up,,0,0
2293,76433,,,,,,,,,,,,,,,,,,,,,,w,move_up,,0,0
2294,76467,,,,,,,,,,,,,,,,,,,,,,w,move_up,,0,0
2295,76500,,,,,,,,,,,,,,,,,,,,,,w,move_up,,0,0
2296,76533,,,,,,,,,,,,,,,,,,,,,,w,move_up,,0,0
2297,76567,,,,,,,,,,,,,,,,,,,,,,w,move_up,,0,0
2298,76600,,,,,,,,,,,,,,,,,,,,,,w,move_up,,0,0
2299,76633,,,,,,,,,,,,,,,,,,,,,,w,move_up,,0,0
2300,76667,,,,,,,,,,,,,,,,,,,,,,d|w,move_up|move_right,,0,0
2301,76700,,,,,,,,,,,,,,,,,,,,,,d|w,move_up|move_right,,0,0
2302,76733,,,,,,,,,,,,,,,,,,,,,,d|w,move_up|move_right,,0,0
2303,76767,,,,,,,,,,,,,,,,,,,,,,d|w,move_up|move_right,,0,0
2304,76800,,,,,,,,,,,,,,,,,,,,,,d|w,move_up|move_right,,0,0
2305,76833,,,,,,,,,,,,,,,,,,,,,,d|w,move_up|move_right,,0,0
2306,76867,,,,,,,,,,,,,,,,,,,,,,w,move_up,,0,0
2307,76900,,,,,,,,,,,,,,,,,,,,,,w,move_up,,0,0
2308,76933,,,,,,,,,,,,,,,,,,,,,,w,move_up,,0,0
2309,76967,,,,,,,,,,,,,,,,,,,,,,w,move_up,,0,0
2310,77000,,,,,,,,,,,,,,,,,,,,,,w,move_up,,0,0
2311,77033,,,,,,,,,,,,,,,,,,,,,,w,move_up,,0,0
2312,77067,,,,,,,,,,,,,,,,,,,,,,w,move_up,,0,0
2313,77100,,,,,,,,,,,,,,,,,,,,,,w,move_up,,0,0
2314,77133,,,,,,,,,,,,,,,,,,,,,,w,move_up,,0,0
2315,77167,,,,,,,,,,,,,,,,,,,,,,a|w,move_up|move_left,,0,0
2316,77200,,,,,,,,,,,,,,,,,,,,,,a|w,move_up|move_left,,0,0
2317,77233,,,,,,,,,,,,,,,,,,,,,,a|w,move_up|move_left,,0,0
2318,77267,,,,,,,,,,,,,,,,,,,,,,a|w,move_up|move_left,,0,0
2319,77300,,,,,,,,,,,,,,,,,,,,,,a|w,move_up|move_left,,0,0
2320,77333,,,,,,,,,,,,,,,,,,,,,,a|w,move_up|move_left,,0,0
2321,77367,,,,,,,,,,,,,,,,,,,,,,a|w,move_up|move_left,,0,0
2322,77400,,,,,,,,,,,,,,,,,,,,,,a|w,move_up|move_left,,0,0
2323,77433,,,,,,,,,,,,,,,,,,,,,,a|w,move_up|move_left,,0,0
2324,77467,,,,,,,,,,,,,,,,,,,,,,a|w,move_up|move_left,,0,0
2325,77500,,,,,,,,,,,,,,,,,,,,,,w,move_up,,0,0
2326,77533,,,,,,,,,,,,,,,,,,,,,,w,move_up,,0,0
2327,77567,,,,,,,,,,,,,,,,,,,,,,w,move_up,,0,0
2328,77600,,,,,,,,,,,,,,,,,,,,,,w,move_up,,0,0
2329,77633,,,,,,,,,,,,,,,,,,,,,,w,move_up,,0,0
2330,77667,,,,,,,,,,,,,,,,,,,,,,w,move_up,,0,0
2331,77700,,,,,,,,,,,,,,,,,,,,,,w,move_up,,0,0
2332,77733,,,,,,,,,,,,,,,,,,,,,,w,move_up,,0,0
2333,77767,,,,,,,,,,,,,,,,,,,,,,w,move_up,,0,0
2334,77800,,,,,,,,,,,,,,,,,,,,,,w,move_up,,0,0
2335,77833,,,,,,,,,,,,,,,,,,,,,,w,move_up,,0,0
2336,77867,,,,,,,,,,,,,,,,,,,,,,w,move_up,,0,0
2337,77900,,,,,,,,,,,,,,,,,,,,,,w,move_up,,0,0
2338,77933,,,,,,,,,,,,,,,,,,,,,,w,move_up,,0,0
2339,77967,,,,,,,,,,,,,,,,,,,,,,w,move_up,,0,0
2340,78000,,,,,,,,,,,,,,,,,,,,,,w,move_up,,0,0
2341,78033,,,,,,,,,,,,,,,,,,,,,,w,move_up,,0,0
2342,78067,,,,,,,,,,,,,,,,,,,,,,w,move_up,,0,0
2343,78100,,,,,,,,,,,,,,,,,,,,,,w,move_up,,0,0
2344,78133,,,,,,,,,,,,,,,,,,,,,,w,move_up,,0,0
2345,78167,,,,,,,,,,,,,,,,,,,,,,w,move_up,,0,0
2346,78200,,,,,,,,,,,,,,,,,,,,,,w,move_up,,0,0
2347,78233,,,,,,,,,,,,,,,,,,,,,,w,move_up,,0,0
2348,78267,,,,,,,,,,,,,,,,,,,,,,w,move_up,,0,0
2349,78300,,,,,,,,,,,,,,,,,,,,,,w,move_up,,0,0
2350,78333,,,,,,,,,,,,,,,,,,,,,,w,move_up,,0,0
2351,78367,,,,,,,,,,,,,,,,,,,,,,w,move_up,,0,0
2352,78400,,,,,,,,,,,,,,,,,,,,,,w,move_up,,0,0
2353,78433,,,,,,,,,,,,,,,,,,,,,,w,move_up,,0,0
2354,78467,,,,,,,,,,,,,,,,,,,,,,w,move_up,,0,0
2355,78500,,,,,,,,,,,,,,,,,,,,,,w,move_up,,0,0
2356,78533,,,,,,,,,,,,,,,,,,,,,,w,move_up,,0,0
2357,78567,,,,,,,,,,,,,,,,,,,,,,d|w,move_up|move_right,,0,0
2358,78600,,,,,,,,,,,,,,,,,,,,,,d|w,move_up|move_right,,0,0
2359,78633,,,,,,,,,,,,,,,,,,,,,,d|w,move_up|move_right,,0,0
2360,78667,,,,,,,,,,,,,,,,,,,,,,d|w,move_up|move_right,,0,0
2361,78700,,,,,,,,,,,,,,,,,,,,,,d|w,move_up|move_right,,0,0
2362,78733,,,,,,,,,,,,,,,,,,,,,,w,move_up,,0,0
2363,78767,,,,,,,,,,,,,,,,,,,,,,w,move_up,,0,0
2364,78800,,,,,,,,,,,,,,,,,,,,,,w,move_up,,0,0
2365,78833,,,,,,,,,,,,,,,,,,,,,,w,move_up,,0,0
2366,78867,,,,,,,,,,,,,,,,,,,,,,w,move_up,,0,0
2367,78900,,,,,,,,,,,,,,,,,,,,,,e|w,interact|move_up,,0,0
2368,78933,,,,,,,,,,,,,,,,,,,,,,e|w,interact|move_up,,0,0
2369,78967,,,,,,,,,,,,,,,,,,,,,,e|w,interact|move_up,,0,0
2370,79000,,,,,,,,,,,,,,,,,,,,,,e|w,interact|move_up,,0,0
2371,79033,,,,,,,,,,,,,,,,,,,,,,w,move_up,,0,0
2372,79067,,,,,,,,,,,,,,,,,,,,,,e|w,interact|move_up,,0,0
2373,79100,,,,,,,,,,,,,,,,,,,,,,e|w,interact|move_up,,0,0
2374,79133,,,,,,,,,,,,,,,,,,,,,,e|w,interact|move_up,,0,0
2375,79167,,,,,,,,,,,,,,,,,,,,,,e|w,interact|move_up,,0,0
2376,79200,,,,,,,,,,,,,,,,,,,,,,w,move_up,,0,0
2377,79233,,,,,,,,,,,,,,,,,,,,,,w,move_up,,0,0
2378,79267,,,,,,,,,,,,,,,,,,,,,,w,move_up,,0,0
2379,79300,,,,,,,,,,,,,,,,,,,,,,w,move_up,,0,0
2380,79333,,,,,,,,,,,,,,,,,,,,,,w,move_up,,0,0
2381,79367,,,,,,,,,,,,,,,,,,,,,,w,move_up,,0,0
2382,79400,,,,,,,,,,,,,,,,,,,,,,w,move_up,,0,0
2383,79433,,,,,,,,,,,,,,,,,,,,,,w,move_up,,0,0
2384,79467,,,,,,,,,,,,,,,,,,,,,,w,move_up,,0,0
2385,79500,,,,,,,,,,,,,,,,,,,,,,w,move_up,,0,0
2386,79533,,,,,,,,,,,,,,,,,,,,,,w,move_up,,0,0
2387,79567,,,,,,,,,,,,,,,,,,,,,,w,move_up,,0,0
2388,79600,,,,,,,,,,,,,,,,,,,,,,w,move_up,,0,0
2389,79633,,,,,,,,,,,,,,,,,,,,,,w,move_up,,0,0
2390,79667,,,,,,,,,,,,,,,,,,,,,,w,move_up,,0,0
2391,79700,,,,,,,,,,,,,,,,,,,,,,w,move_up,,0,0
2392,79733,,,,,,,,,,,,,,,,,,,,,,w,move_up,,0,0
2393,79767,,,,,,,,,,,,,,,,,,,,,,w,move_up,,0,0
2394,79800,,,,,,,,,,,,,,,,,,,,,,w,move_up,,0,0
2395,79833,,,,,,,,,,,,,,,,,,,,,,w,move_up,,0,0
2396,79867,,,,,,,,,,,,,,,,,,,,,,w,move_up,,0,0
2397,79900,,,,,,,,,,,,,,,,,,,,,,w,move_up,,0,0
2398,79933,,,,,,,,,,,,,,,,,,,,,,w,move_up,,0,0
2399,79967,,,,,,,,,,,,,,,,,,,,,,w,move_up,,0,0
2400,80000,,,,,,,,,,,,,,,,,,,,,,w,move_up,,0,0
2401,80033,,,,,,,,,,,,,,,,,,,,,,w,move_up,,0,0
2402,80067,,,,,,,,,,,,,,,,,,,,,,w,move_up,,0,0
2403,80100,,,,,,,,,,,,,,,,,,,,,,w,move_up,,0,0
2404,80133,,,,,,,,,,,,,,,,,,,,,,w,move_up,,0,0
2405,80167,,,,,,,,,,,,,,,,,,,,,,w,move_up,,0,0
2406,80200,,,,,,,,,,,,,,,,,,,,,,w,move_up,,0,0
2407,80233,,,,,,,,,,,,,,,,,,,,,,w,move_up,,0,0
2408,80267,,,,,,,,,,,,,,,,,,,,,,w,move_up,,0,0
2409,80300,,,,,,,,,,,,,,,,,,,,,,w,move_up,,0,0
2410,80333,,,,,,,,,,,,,,,,,,,,,,w,move_up,,0,0
2411,80367,,,,,,,,,,,,,,,,,,,,,,e|w,interact|move_up,,0,0
2412,80400,,,,,,,,,,,,,,,,,,,,,,e|w,interact|move_up,,0,0
2413,80433,,,,,,,,,,,,,,,,,,,,,,e|w,interact|move_up,,0,0
2414,80467,,,,,,,,,,,,,,,,,,,,,,e|w,interact|move_up,,0,0
2415,80500,,,,,,,,,,,,,,,,,,,,,,e|w,interact|move_up,,0,0
2416,80533,,,,,,,,,,,,,,,,,,,,,,w,move_up,,0,0
2417,80567,,,,,,,,,,,,,,,,,,,,,,w,move_up,,0,0
2418,80600,,,,,,,,,,,,,,,,,,,,,,w,move_up,,0,0
2419,80633,,,,,,,,,,,,,,,,,,,,,,w,move_up,,0,0
2420,80667,,,,,,,,,,,,,,,,,,,,,,w,move_up,,0,0
2421,80700,,,,,,,,,,,,,,,,,,,,,,w,move_up,,0,0
2422,80733,,,,,,,,,,,,,,,,,,,,,,d|w,move_up|move_right,,0,0
2423,80767,,,,,,,,,,,,,,,,,,,,,,d|w,move_up|move_right,,0,0
2424,80800,,,,,,,,,,,,,,,,,,,,,,d|w,move_up|move_right,,0,0
2425,80833,,,,,,,,,,,,,,,,,,,,,,d|w,move_up|move_right,,0,0
2426,80867,,,,,,,,,,,,,,,,,,,,,,d|w,move_up|move_right,,0,0
2427,80900,,,,,,,,,,,,,,,,,,,,,,d|w,move_up|move_right,,0,0
2428,80933,,,,,,,,,,,,,,,,,,,,,,d|w,move_up|move_right,,0,0
2429,80967,,,,,,,,,,,,,,,,,,,,,,d|w,move_up|move_right,,0,0
2430,81000,,,,,,,,,,,,,,,,,,,,,,d|w,move_up|move_right,,0,0
2431,81033,,,,,,,,,,,,,,,,,,,,,,w,move_up,,0,0
2432,81067,,,,,,,,,,,,,,,,,,,,,,w,move_up,,0,0
2433,81100,,,,,,,,,,,,,,,,,,,,,,w,move_up,,0,0
2434,81133,,,,,,,,,,,,,,,,,,,,,,d|w,move_up|move_right,,0,0
2435,81167,,,,,,,,,,,,,,,,,,,,,,d|w,move_up|move_right,,0,0
2436,81200,,,,,,,,,,,,,,,,,,,,,,d|w,move_up|move_right,,0,0
2437,81233,,,,,,,,,,,,,,,,,,,,,,d|w,move_up|move_right,,0,0
2438,81267,,,,,,,,,,,,,,,,,,,,,,d|w,move_up|move_right,,0,0
2439,81300,,,,,,,,,,,,,,,,,,,,,,d|w,move_up|move_right,,0,0
2440,81333,,,,,,,,,,,,,,,,,,,,,,d|w,move_up|move_right,,0,0
2441,81367,,,,,,,,,,,,,,,,,,,,,,w,move_up,,0,0
2442,81400,,,,,,,,,,,,,,,,,,,,,,w,move_up,,0,0
2443,81433,,,,,,,,,,,,,,,,,,,,,,w,move_up,,0,0
2444,81467,,,,,,,,,,,,,,,,,,,,,,w,move_up,,0,0
2445,81500,,,,,,,,,,,,,,,,,,,,,,w,move_up,,0,0
2446,81533,,,,,,,,,,,,,,,,,,,,,,w,move_up,,0,0
2447,81567,,,,,,,,,,,,,,,,,,,,,,w,move_up,,0,0
2448,81600,,,,,,,,,,,,,,,,,,,,,,w,move_up,,0,0
2449,81633,,,,,,,,,,,,,,,,,,,,,,w,move_up,,0,0
2450,81667,,,,,,,,,,,,,,,,,,,,,,w,move_up,,0,0
2451,81700,,,,,,,,,,,,,,,,,,,,,,w,move_up,,0,0
2452,81733,,,,,,,,,,,,,,,,,,,,,,w,move_up,,0,0
2453,81767,,,,,,,,,,,,,,,,,,,,,,w,move_up,,0,0
2454,81800,,,,,,,,,,,,,,,,,,,,,,d|w,move_up|move_right,,0,0
2455,81833,,,,,,,,,,,,,,,,,,,,,,d|w,move_up|move_right,,0,0
2456,81867,,,,,,,,,,,,,,,,,,,,,,d|w,move_up|move_right,,0,0
2457,81900,,,,,,,,,,,,,,,,,,,,,,d|w,move_up|move_right,,0,0
2458,81933,,,,,,,,,,,,,,,,,,,,,,d|w,move_up|move_right,,0,0
2459,81967,,,,,,,,,,,,,,,,,,,,,,d|w,move_up|move_right,,0,0
2460,82000,,,,,,,,,,,,,,,,,,,,,,d|w,move_up|move_right,,0,0
2461,82033,,,,,,,,,,,,,,,,,,,,,,w,move_up,,0,0
2462,82067,,,,,,,,,,,,,,,,,,,,,,w,move_up,,0,0
2463,82100,,,,,,,,,,,,,,,,,,,,,,w,move_up,,0,0
2464,82133,,,,,,,,,,,,,,,,,,,,,,w,move_up,,0,0
2465,82167,,,,,,,,,,,,,,,,,,,,,,w,move_up,,0,0
2466,82200,,,,,,,,,,,,,,,,,,,,,,w,move_up,,0,0
2467,82233,,,,,,,,,,,,,,,,,,,,,,w,move_up,,0,0
2468,82267,,,,,,,,,,,,,,,,,,,,,,w,move_up,,0,0
2469,82300,,,,,,,,,,,,,,,,,,,,,,w,move_up,,0,0
2470,82333,,,,,,,,,,,,,,,,,,,,,,w,move_up,,0,0
2471,82367,,,,,,,,,,,,,,,,,,,,,,w,move_up,,0,0
2472,82400,,,,,,,,,,,,,,,,,,,,,,d|w,move_up|move_right,,0,0
2473,82433,,,,,,,,,,,,,,,,,,,,,,d|w,move_up|move_right,,0,0
2474,82467,,,,,,,,,,,,,,,,,,,,,,d|w,move_up|move_right,,0,0
2475,82500,,,,,,,,,,,,,,,,,,,,,,d|w,move_up|move_right,,0,0
2476,82533,,,,,,,,,,,,,,,,,,,,,,d|w,move_up|move_right,,0,0
2477,82567,,,,,,,,,,,,,,,,,,,,,,d|w,move_up|move_right,,0,0
2478,82600,,,,,,,,,,,,,,,,,,,,,,d|w,move_up|move_right,,0,0
2479,82633,,,,,,,,,,,,,,,,,,,,,,d|w,move_up|move_right,,0,0
2480,82667,,,,,,,,,,,,,,,,,,,,,,d|w,move_up|move_right,,0,0
2481,82700,,,,,,,,,,,,,,,,,,,,,,w,move_up,,0,0
2482,82733,,,,,,,,,,,,,,,,,,,,,,w,move_up,,0,0
2483,82767,,,,,,,,,,,,,,,,,,,,,,w,move_up,,0,0
2484,82800,,,,,,,,,,,,,,,,,,,,,,w,move_up,,0,0
2485,82833,,,,,,,,,,,,,,,,,,,,,,w,move_up,,0,0
2486,82867,,,,,,,,,,,,,,,,,,,,,,w,move_up,,0,0
2487,82900,,,,,,,,,,,,,,,,,,,,,,w,move_up,,0,0
2488,82933,,,,,,,,,,,,,,,,,,,,,,d|w,move_up|move_right,,0,0
2489,82967,,,,,,,,,,,,,,,,,,,,,,d|w,move_up|move_right,,0,0
2490,83000,,,,,,,,,,,,,,,,,,,,,,d|w,move_up|move_right,,0,0
2491,83033,,,,,,,,,,,,,,,,,,,,,,d|w,move_up|move_right,,0,0
2492,83067,,,,,,,,,,,,,,,,,,,,,,d|w,move_up|move_right,,0,0
2493,83100,,,,,,,,,,,,,,,,,,,,,,d|w,move_up|move_right,,0,0
2494,83133,,,,,,,,,,,,,,,,,,,,,,d|w,move_up|move_right,,0,0
2495,83167,,,,,,,,,,,,,,,,,,,,,,w,move_up,,0,0
2496,83200,,,,,,,,,,,,,,,,,,,,,,w,move_up,,0,0
2497,83233,,,,,,,,,,,,,,,,,,,,,,w,move_up,,0,0
2498,83267,,,,,,,,,,,,,,,,,,,,,,w,move_up,,0,0
2499,83300,,,,,,,,,,,,,,,,,,,,,,w,move_up,,0,0
2500,83333,,,,,,,,,,,,,,,,,,,,,,w,move_up,,0,0
2501,83367,,,,,,,,,,,,,,,,,,,,,,w,move_up,,0,0
2502,83400,,,,,,,,,,,,,,,,,,,,,,w,move_up,,0,0
2503,83433,,,,,,,,,,,,,,,,,,,,,,w,move_up,,0,0
2504,83467,,,,,,,,,,,,,,,,,,,,,,w,move_up,,0,0
2505,83500,,,,,,,,,,,,,,,,,,,,,,w,move_up,,0,0
2506,83533,,,,,,,,,,,,,,,,,,,,,,w,move_up,,0,0
2507,83567,,,,,,,,,,,,,,,,,,,,,,w,move_up,,0,0
2508,83600,,,,,,,,,,,,,,,,,,,,,,w,move_up,,0,0
2509,83633,,,,,,,,,,,,,,,,,,,,,,w,move_up,,0,0
2510,83667,,,,,,,,,,,,,,,,,,,,,,w,move_up,,0,0
2511,83700,,,,,,,,,,,,,,,,,,,,,,w,move_up,,0,0
2512,83733,,,,,,,,,,,,,,,,,,,,,,w,move_up,,0,0
2513,83767,,,,,,,,,,,,,,,,,,,,,,w,move_up,,0,0
2514,83800,,,,,,,,,,,,,,,,,,,,,,w,move_up,,0,0
2515,83833,,,,,,,,,,,,,,,,,,,,,,w,move_up,,0,0
2516,83867,,,,,,,,,,,,,,,,,,,,,,w,move_up,,0,0
2517,83900,,,,,,,,,,,,,,,,,,,,,,w,move_up,,0,0
2518,83933,,,,,,,,,,,,,,,,,,,,,,w,move_up,,0,0
2519,83967,,,,,,,,,,,,,,,,,,,,,,w,move_up,,0,0
2520,84000,,,,,,,,,,,,,,,,,,,,,,w,move_up,,0,0
2521,84033,,,,,,,,,,,,,,,,,,,,,,w,move_up,,0,0
2522,84067,,,,,,,,,,,,,,,,,,,,,,w,move_up,,0,0
2523,84100,,,,,,,,,,,,,,,,,,,,,,w,move_up,,0,0
2524,84133,,,,,,,,,,,,,,,,,,,,,,d|w,move_up|move_right,,0,0
2525,84167,,,,,,,,,,,,,,,,,,,,,,d|w,move_up|move_right,,0,0
2526,84200,,,,,,,,,,,,,,,,,,,,,,d|w,move_up|move_right,,0,0
2527,84233,,,,,,,,,,,,,,,,,,,,,,d|w,move_up|move_right,,0,0
2528,84267,,,,,,,,,,,,,,,,,,,,,,d|w,move_up|move_right,,0,0
2529,84300,,,,,,,,,,,,,,,,,,,,,,d|w,move_up|move_right,,0,0
2530,84333,,,,,,,,,,,,,,,,,,,,,,d|w,move_up|move_right,,0,0
2531,84367,,,,,,,,,,,,,,,,,,,,,,w,move_up,,0,0
2532,84400,,,,,,,,,,,,,,,,,,,,,,w,move_up,,0,0
2533,84433,,,,,,,,,,,,,,,,,,,,,,w,move_up,,0,0
2534,84467,,,,,,,,,,,,,,,,,,,,,,w,move_up,,0,0
2535,84500,,,,,,,,,,,,,,,,,,,,,,w,move_up,,0,0
2536,84533,,,,,,,,,,,,,,,,,,,,,,,,,0,0
2537,84567,,,,,,,,,,,,,,,,,,,,,,,,,0,0
2538,84600,,,,,,,,,,,,,,,,,,,,,,,,,0,0
2539,84633,,,,,,,,,,,,,,,,,,,,,,,,,0,0
2540,84667,,,,,,,,,,,,,,,,,,,,,,,,,0,0
2541,84700,,,,,,,,,,,,,,,,,,,,,,,,,0,0
2542,84733,,,,,,,,,,,,,,,,,,,,,,,,,0,0
2543,84767,,,,,,,,,,,,,,,,,,,,,,,,,0,0
2544,84800,,,,,,,,,,,,,,,,,,,,,,,,,0,0
2545,84833,,,,,,,,,,,,,,,,,,,,,,,,,0,0
2546,84867,,,,,,,,,,,,,,,,,,,,,,,,,0,0
2547,84900,,,,,,,,,,,,,,,,,,,,,,,,,0,0
2548,84933,,,,,,,,,,,,,,,,,,,,,,,,,0,0
2549,84967,,,,,,,,,,,,,,,,,,,,,,,,,0,0
2550,85000,,,,,,,,,,,,,,,,,,,,,,,,,0,0
2551,85033,,,,,,,,,,,,,,,,,,,,,,,,,0,0
2552,85067,,,,,,,,,,,,,,,,,,,,,,,,,0,0
2553,85100,,,,,,,,,,,,,,,,,,,,,,,,,0,0
2554,85133,,,,,,,,,,,,,,,,,,,,,,,,,0,0
2555,85167,,,,,,,,,,,,,,,,,,,,,,,,,0,0
2556,85200,,,,,,,,,,,,,,,,,,,,,,,,,0,0
2557,85233,,,,,,,,,,,,,,,,,,,,,,,,,0,0
2558,85267,,,,,,,,,,,,,,,,,,,,,,,,,0,0
2559,85300,,,,,,,,,,,,,,,,,,,,,,a,move_left,,0,0
2560,85333,,,,,,,,,,,,,,,,,,,,,,a,move_left,,0,0
2561,85367,,,,,,,,,,,,,,,,,,,,,,a,move_left,,0,0
2562,85400,,,,,,,,,,,,,,,,,,,,,,a,move_left,,0,0
2563,85433,,,,,,,,,,,,,,,,,,,,,,a|w,move_up|move_left,,0,0
2564,85467,,,,,,,,,,,,,,,,,,,,,,a|w,move_up|move_left,,0,0
2565,85500,,,,,,,,,,,,,,,,,,,,,,a|w,move_up|move_left,,0,0
2566,85533,,,,,,,,,,,,,,,,,,,,,,a|w,move_up|move_left,,0,0
2567,85567,,,,,,,,,,,,,,,,,,,,,,w,move_up,,0,0
2568,85600,,,,,,,,,,,,,,,,,,,,,,w,move_up,,0,0
2569,85633,,,,,,,,,,,,,,,,,,,,,,w,move_up,,0,0
2570,85667,,,,,,,,,,,,,,,,,,,,,,w,move_up,,0,0
2571,85700,,,,,,,,,,,,,,,,,,,,,,w,move_up,,0,0
2572,85733,,,,,,,,,,,,,,,,,,,,,,w,move_up,,0,0
2573,85767,,,,,,,,,,,,,,,,,,,,,,w,move_up,,0,0
2574,85800,,,,,,,,,,,,,,,,,,,,,,w,move_up,,0,0
2575,85833,,,,,,,,,,,,,,,,,,,,,,w,move_up,,0,0
2576,85867,,,,,,,,,,,,,,,,,,,,,,,,,0,0
2577,85900,,,,,,,,,,,,,,,,,,,,,,,,,0,0
2578,85933,,,,,,,,,,,,,,,,,,,,,,,,,0,0
2579,85967,,,,,,,,,,,,,,,,,,,,,,,,,0,0
2580,86000,,,,,,,,,,,,,,,,,,,,,,,,,0,0
2581,86033,,,,,,,,,,,,,,,,,,,,,,,,,0,0
2582,86067,,,,,,,,,,,,,,,,,,,,,,,,,0,0
2583,86100,,,,,,,,,,,,,,,,,,,,,,,,,0,0
2584,86133,,,,,,,,,,,,,,,,,,,,,,,,,0,0
2585,86167,,,,,,,,,,,,,,,,,,,,,,,,,0,0
2586,86200,,,,,,,,,,,,,,,,,,,,,,,,,0,0
2587,86233,,,,,,,,,,,,,,,,,,,,,,,,,0,0
2588,86267,,,,,,,,,,,,,,,,,,,,,,,,,0,0
2589,86300,,,,,,,,,,,,,,,,,,,,,,,,,0,0
2590,86333,,,,,,,,,,,,,,,,,,,,,,,,,0,0
2591,86367,,,,,,,,,,,,,,,,,,,,,,,,,0,0
2592,86400,,,,,,,,,,,,,,,,,,,,,,,,,0,0
2593,86433,,,,,,,,,,,,,,,,,,,,,,,,,0,0
2594,86467,,,,,,,,,,,,,,,,,,,,,,,,,0,0
2595,86500,,,,,,,,,,,,,,,,,,,,,,,,,0,0
2596,86533,,,,,,,,,,,,,,,,,,,,,,,,,0,0
2597,86567,,,,,,,,,,,,,,,,,,,,,,,,,0,0
2598,86600,,,,,,,,,,,,,,,,,,,,,,,,,0,0
2599,86633,,,,,,,,,,,,,,,,,,,,,,,,,0,0
2600,86667,,,,,,,,,,,,,,,,,,,,,,,,,0,0
2601,86700,,,,,,,,,,,,,,,,,,,,,,,,,0,0
2602,86733,,,,,,,,,,,,,,,,,,,,,,,,,0,0
2603,86767,,,,,,,,,,,,,,,,,,,,,,,,,0,0
2604,86800,,,,,,,,,,,,,,,,,,,,,,,,,0,0
2605,86833,,,,,,,,,,,,,,,,,,,,,,,,,0,0
2606,86867,,,,,,,,,,,,,,,,,,,,,,,,,0,0
2607,86900,,,,,,,,,,,,,,,,,,,,,,,,,0,0
2608,86933,,,,,,,,,,,,,,,,,,,,,,,,,0,0
2609,86967,,,,,,,,,,,,,,,,,,,,,,,,,0,0
2610,87000,,,,,,,,,,,,,,,,,,,,,,,,,0,0
2611,87033,,,,,,,,,,,,,,,,,,,,,,,,,0,0
2612,87067,,,,,,,,,,,,,,,,,,,,,,,,,0,0
2613,87100,,,,,,,,,,,,,,,,,,,,,,,,,0,0
2614,87133,,,,,,,,,,,,,,,,,,,,,,,,,0,0
2615,87167,,,,,,,,,,,,,,,,,,,,,,,,,0,0
2616,87200,,,,,,,,,,,,,,,,,,,,,,,,,0,0
2617,87233,,,,,,,,,,,,,,,,,,,,,,,,,0,0
2618,87267,,,,,,,,,,,,,,,,,,,,,,,,,0,0
2619,87300,,,,,,,,,,,,,,,,,,,,,,,,,0,0
2620,87333,,,,,,,,,,,,,,,,,,,,,,,,,0,0
2621,87367,,,,,,,,,,,,,,,,,,,,,,w,move_up,,0,0
2622,87400,,,,,,,,,,,,,,,,,,,,,,w,move_up,,0,0
2623,87433,,,,,,,,,,,,,,,,,,,,,,w,move_up,,0,0
2624,87467,,,,,,,,,,,,,,,,,,,,,,w,move_up,,0,0
2625,87500,,,,,,,,,,,,,,,,,,,,,,w,move_up,,0,0
2626,87533,,,,,,,,,,,,,,,,,,,,,,w,move_up,,0,0
2627,87567,,,,,,,,,,,,,,,,,,,,,,w,move_up,,0,0
2628,87600,,,,,,,,,,,,,,,,,,,,,,w,move_up,,0,0
2629,87633,,,,,,,,,,,,,,,,,,,,,,w,move_up,,0,0
2630,87667,,,,,,,,,,,,,,,,,,,,,,,,,0,0
2631,87700,,,,,,,,,,,,,,,,,,,,,,,,,0,0
2632,87733,,,,,,,,,,,,,,,,,,,,,,e,interact,,0,0
2633,87767,,,,,,,,,,,,,,,,,,,,,,e,interact,,0,0
2634,87800,,,,,,,,,,,,,,,,,,,,,,e,interact,,0,0
2635,87833,,,,,,,,,,,,,,,,,,,,,,e,interact,,0,0
2636,87867,,,,,,,,,,,,,,,,,,,,,,a|e,interact|move_left,,0,0
2637,87900,,,,,,,,,,,,,,,,,,,,,,a,move_left,,0,0
2638,87933,,,,,,,,,,,,,,,,,,,,,,a,move_left,,0,0
2639,87967,,,,,,,,,,,,,,,,,,,,,,a,move_left,,0,0
2640,88000,,,,,,,,,,,,,,,,,,,,,,a,move_left,,0,0
2641,88033,,,,,,,,,,,,,,,,,,,,,,a,move_left,,0,0
2642,88067,,,,,,,,,,,,,,,,,,,,,,a,move_left,,0,0
2643,88100,,,,,,,,,,,,,,,,,,,,,,a,move_left,,0,0
2644,88133,,,,,,,,,,,,,,,,,,,,,,,,,0,0
2645,88167,,,,,,,,,,,,,,,,,,,,,,,,,0,0
2646,88200,,,,,,,,,,,,,,,,,,,,,,,,,0,0
2647,88233,,,,,,,,,,,,,,,,,,,,,,,,,0,0
2648,88267,,,,,,,,,,,,,,,,,,,,,,,,,0,0
2649,88300,,,,,,,,,,,,,,,,,,,,,,,,,0,0
2650,88333,,,,,,,,,,,,,,,,,,,,,,,,,0,0
2651,88367,,,,,,,,,,,,,,,,,,,,,,,,,0,0
2652,88400,,,,,,,,,,,,,,,,,,,,,,,,,0,0
2653,88433,,,,,,,,,,,,,,,,,,,,,,,,,0,0
2654,88467,,,,,,,,,,,,,,,,,,,,,,,,,0,0
2655,88500,,,,,,,,,,,,,,,,,,,,,,,,,0,0
2656,88533,,,,,,,,,,,,,,,,,,,,,,,,,0,0
2657,88567,,,,,,,,,,,,,,,,,,,,,,,,,0,0
2658,88600,,,,,,,,,,,,,,,,,,,,,,,,,0,0
2659,88633,,,,,,,,,,,,,,,,,,,,,,e,interact,,0,0
2660,88667,,,,,,,,,,,,,,,,,,,,,,e,interact,,0,0
2661,88700,,,,,,,,,,,,,,,,,,,,,,e,interact,,0,0
2662,88733,,,,,,,,,,,,,,,,,,,,,,e,interact,,0,0
2663,88767,,,,,,,,,,,,,,,,,,,,,,,,,0,0
2664,88800,,,,,,,,,,,,,,,,,,,,,,,,,0,0
2665,88833,,,,,,,,,,,,,,,,,,,,,,,,,0,0
2666,88867,,,,,,,,,,,,,,,,,,,,,,,,,0,0
2667,88900,,,,,,,,,,,,,,,,,,,,,,w,move_up,,0,0
2668,88933,,,,,,,,,,,,,,,,,,,,,,w,move_up,,0,0
2669,88967,,,,,,,,,,,,,,,,,,,,,,e|w,interact|move_up,,0,0
2670,89000,,,,,,,,,,,,,,,,,,,,,,e|w,interact|move_up,,0,0
2671,89033,,,,,,,,,,,,,,,,,,,,,,e|w,interact|move_up,,0,0
2672,89067,,,,,,,,,,,,,,,,,,,,,,e|w,interact|move_up,,0,0
2673,89100,,,,,,,,,,,,,,,,,,,,,,,,,0,0
2674,89133,,,,,,,,,,,,,,,,,,,,,,,,,0,0
2675,89167,,,,,,,,,,,,,,,,,,,,,,,,,0,0
2676,89200,,,,,,,,,,,,,,,,,,,,,,,,,0,0
2677,89233,,,,,,,,,,,,,,,,,,,,,,,,,0,0
2678,89267,,,,,,,,,,,,,,,,,,,,,,,,,0,0
2679,89300,,,,,,,,,,,,,,,,,,,,,,,,,0,0
2680,89333,,,,,,,,,,,,,,,,,,,,,,,,,0,0
2681,89367,,,,,,,,,,,,,,,,,,,,,,,,,0,0
2682,89400,,,,,,,,,,,,,,,,,,,,,,,,,0,0
2683,89433,,,,,,,,,,,,,,,,,,,,,,,,,0,0
2684,89467,,,,,,,,,,,,,,,,,,,,,,,,,0,0
2685,89500,,,,,,,,,,,,,,,,,,,,,,,,,0,0
2686,89533,,,,,,,,,,,,,,,,,,,,,,,,,0,0
2687,89567,,,,,,,,,,,,,,,,,,,,,,,,,0,0
2688,89600,,,,,,,,,,,,,,,,,,,,,,,,,0,0
2689,89633,,,,,,,,,,,,,,,,,,,,,,e,interact,,0,0
2690,89667,,,,,,,,,,,,,,,,,,,,,,e,interact,,0,0
2691,89700,,,,,,,,,,,,,,,,,,,,,,e,interact,,0,0
2692,89733,,,,,,,,,,,,,,,,,,,,,,,,,0,0
2693,89767,,,,,,,,,,,,,,,,,,,,,,,,,0,0
2694,89800,,,,,,,,,,,,,,,,,,,,,,,,,0,0
2695,89833,,,,,,,,,,,,,,,,,,,,,,,,,0,0
2696,89867,,,,,,,,,,,,,,,,,,,,,,,,,0,0
2697,89900,,,,,,,,,,,,,,,,,,,,,,,,,0,0
2698,89933,,,,,,,,,,,,,,,,,,,,,,,,,0,0
2699,89967,,,,,,,,,,,,,,,,,,,,,,,,,0,0
2700,90000,,,,,,,,,,,,,,,,,,,,,,,,,0,0
2701,90033,,,,,,,,,,,,,,,,,,,,,,,,,0,0
2702,90067,,,,,,,,,,,,,,,,,,,,,,,,,0,0
2703,90100,,,,,,,,,,,,,,,,,,,,,,,,,0,0
2704,90133,,,,,,,,,,,,,,,,,,,,,,d,move_right,,0,0
2705,90167,,,,,,,,,,,,,,,,,,,,,,d,move_right,,0,0
2706,90200,,,,,,,,,,,,,,,,,,,,,,d,move_right,,0,0
2707,90233,,,,,,,,,,,,,,,,,,,,,,d|s,move_down|move_right,,0,0
2708,90267,,,,,,,,,,,,,,,,,,,,,,d|s,move_down|move_right,,0,0
2709,90300,,,,,,,,,,,,,,,,,,,,,,d|s,move_down|move_right,,0,0
2710,90333,,,,,,,,,,,,,,,,,,,,,,d|s,move_down|move_right,,0,0
2711,90367,,,,,,,,,,,,,,,,,,,,,,d|s,move_down|move_right,,0,0
2712,90400,,,,,,,,,,,,,,,,,,,,,,d|s,move_down|move_right,,0,0
2713,90433,,,,,,,,,,,,,,,,,,,,,,d|s,move_down|move_right,,0,0
2714,90467,,,,,,,,,,,,,,,,,,,,,,d|s,move_down|move_right,,0,0
2715,90500,,,,,,,,,,,,,,,,,,,,,,s,move_down,,0,0
2716,90533,,,,,,,,,,,,,,,,,,,,,,s,move_down,,0,0
2717,90567,,,,,,,,,,,,,,,,,,,,,,,,,0,0
2718,90600,,,,,,,,,,,,,,,,,,,,,,,,,0,0
2719,90633,,,,,,,,,,,,,,,,,,,,,,,,,0,0
2720,90667,,,,,,,,,,,,,,,,,,,,,,,,,0,0
2721,90700,,,,,,,,,,,,,,,,,,,,,,,,,0,0
2722,90733,,,,,,,,,,,,,,,,,,,,,,,,,0,0
2723,90767,,,,,,,,,,,,,,,,,,,,,,,,,0,0
2724,90800,,,,,,,,,,,,,,,,,,,,,,,,,0,0
2725,90833,,,,,,,,,,,,,,,,,,,,,,,,,0,0
2726,90867,,,,,,,,,,,,,,,,,,,,,,,,,0,0
2727,90900,,,,,,,,,,,,,,,,,,,,,,,,,0,0
2728,90933,,,,,,,,,,,,,,,,,,,,,,,,,0,0
2729,90967,,,,,,,,,,,,,,,,,,,,,,,,,0,0
2730,91000,,,,,,,,,,,,,,,,,,,,,,,,,0,0
2731,91033,,,,,,,,,,,,,,,,,,,,,,,,,0,0
2732,91067,,,,,,,,,,,,,,,,,,,,,,,,,0,0
2733,91100,,,,,,,,,,,,,,,,,,,,,,,,,0,0
2734,91133,,,,,,,,,,,,,,,,,,,,,,,,,0,0
2735,91167,,,,,,,,,,,,,,,,,,,,,,,,,0,0
2736,91200,,,,,,,,,,,,,,,,,,,,,,,,,0,0
2737,91233,,,,,,,,,,,,,,,,,,,,,,,,,0,0
2738,91267,,,,,,,,,,,,,,,,,,,,,,w,move_up,,0,0
2739,91300,,,,,,,,,,,,,,,,,,,,,,w,move_up,,0,0
2740,91333,,,,,,,,,,,,,,,,,,,,,,w,move_up,,0,0
2741,91367,,,,,,,,,,,,,,,,,,,,,,w,move_up,,0,0
2742,91400,,,,,,,,,,,,,,,,,,,,,,w,move_up,,0,0
2743,91433,,,,,,,,,,,,,,,,,,,,,,w,move_up,,0,0
2744,91467,,,,,,,,,,,,,,,,,,,,,,w,move_up,,0,0
2745,91500,,,,,,,,,,,,,,,,,,,,,,w,move_up,,0,0
2746,91533,,,,,,,,,,,,,,,,,,,,,,w,move_up,,0,0
2747,91567,,,,,,,,,,,,,,,,,,,,,,w,move_up,,0,0
2748,91600,,,,,,,,,,,,,,,,,,,,,,w,move_up,,0,0
2749,91633,,,,,,,,,,,,,,,,,,,,,,w,move_up,,0,0
2750,91667,,,,,,,,,,,,,,,,,,,,,,w,move_up,,0,0
2751,91700,,,,,,,,,,,,,,,,,,,,,,w,move_up,,0,0
2752,91733,,,,,,,,,,,,,,,,,,,,,,w,move_up,,0,0
2753,91767,,,,,,,,,,,,,,,,,,,,,,w,move_up,,0,0
2754,91800,,,,,,,,,,,,,,,,,,,,,,w,move_up,,0,0
2755,91833,,,,,,,,,,,,,,,,,,,,,,w,move_up,,0,0
2756,91867,,,,,,,,,,,,,,,,,,,,,,w,move_up,,0,0
2757,91900,,,,,,,,,,,,,,,,,,,,,,w,move_up,,0,0
2758,91933,,,,,,,,,,,,,,,,,,,,,,w,move_up,,0,0
2759,91967,,,,,,,,,,,,,,,,,,,,,,w,move_up,,0,0
2760,92000,,,,,,,,,,,,,,,,,,,,,,w,move_up,,0,0
2761,92033,,,,,,,,,,,,,,,,,,,,,,w,move_up,,0,0
2762,92067,,,,,,,,,,,,,,,,,,,,,,w,move_up,,0,0
2763,92100,,,,,,,,,,,,,,,,,,,,,,w,move_up,,0,0
2764,92133,,,,,,,,,,,,,,,,,,,,,,w,move_up,,0,0
2765,92167,,,,,,,,,,,,,,,,,,,,,,w,move_up,,0,0
2766,92200,,,,,,,,,,,,,,,,,,,,,,w,move_up,,0,0
2767,92233,,,,,,,,,,,,,,,,,,,,,,d|w,move_up|move_right,,0,0
2768,92267,,,,,,,,,,,,,,,,,,,,,,d|w,move_up|move_right,,0,0
2769,92300,,,,,,,,,,,,,,,,,,,,,,d|w,move_up|move_right,,0,0
2770,92333,,,,,,,,,,,,,,,,,,,,,,d|w,move_up|move_right,,0,0
2771,92367,,,,,,,,,,,,,,,,,,,,,,d|w,move_up|move_right,,0,0
2772,92400,,,,,,,,,,,,,,,,,,,,,,w,move_up,,0,0
2773,92433,,,,,,,,,,,,,,,,,,,,,,w,move_up,,0,0
2774,92467,,,,,,,,,,,,,,,,,,,,,,w,move_up,,0,0
2775,92500,,,,,,,,,,,,,,,,,,,,,,w,move_up,,0,0
2776,92533,,,,,,,,,,,,,,,,,,,,,,w,move_up,,0,0
2777,92567,,,,,,,,,,,,,,,,,,,,,,w,move_up,,0,0
2778,92600,,,,,,,,,,,,,,,,,,,,,,d|w,move_up|move_right,,0,0
2779,92633,,,,,,,,,,,,,,,,,,,,,,d|w,move_up|move_right,,0,0
2780,92667,,,,,,,,,,,,,,,,,,,,,,d|w,move_up|move_right,,0,0
2781,92700,,,,,,,,,,,,,,,,,,,,,,w,move_up,,0,0
2782,92733,,,,,,,,,,,,,,,,,,,,,,w,move_up,,0,0
2783,92767,,,,,,,,,,,,,,,,,,,,,,w,move_up,,0,0
2784,92800,,,,,,,,,,,,,,,,,,,,,,w,move_up,,0,0
2785,92833,,,,,,,,,,,,,,,,,,,,,,w,move_up,,0,0
2786,92867,,,,,,,,,,,,,,,,,,,,,,w,move_up,,0,0
2787,92900,,,,,,,,,,,,,,,,,,,,,,w,move_up,,0,0
2788,92933,,,,,,,,,,,,,,,,,,,,,,w,move_up,,0,0
2789,92967,,,,,,,,,,,,,,,,,,,,,,w,move_up,,0,0
2790,93000,,,,,,,,,,,,,,,,,,,,,,w,move_up,,0,0
2791,93033,,,,,,,,,,,,,,,,,,,,,,a|w,move_up|move_left,,0,0
2792,93067,,,,,,,,,,,,,,,,,,,,,,a|w,move_up|move_left,,0,0
2793,93100,,,,,,,,,,,,,,,,,,,,,,a|w,move_up|move_left,,0,0
2794,93133,,,,,,,,,,,,,,,,,,,,,,a|w,move_up|move_left,,0,0
2795,93167,,,,,,,,,,,,,,,,,,,,,,a|w,move_up|move_left,,0,0
2796,93200,,,,,,,,,,,,,,,,,,,,,,a|w,move_up|move_left,,0,0
2797,93233,,,,,,,,,,,,,,,,,,,,,,w,move_up,,0,0
2798,93267,,,,,,,,,,,,,,,,,,,,,,d|w,move_up|move_right,,0,0
2799,93300,,,,,,,,,,,,,,,,,,,,,,d|w,move_up|move_right,,0,0
2800,93333,,,,,,,,,,,,,,,,,,,,,,d|w,move_up|move_right,,0,0
2801,93367,,,,,,,,,,,,,,,,,,,,,,d|w,move_up|move_right,,0,0
2802,93400,,,,,,,,,,,,,,,,,,,,,,d|w,move_up|move_right,,0,0
2803,93433,,,,,,,,,,,,,,,,,,,,,,d|w,move_up|move_right,,0,0
2804,93467,,,,,,,,,,,,,,,,,,,,,,d,move_right,,0,0
2805,93500,,,,,,,,,,,,,,,,,,,,,,d,move_right,,0,0
2806,93533,,,,,,,,,,,,,,,,,,,,,,,,,0,0
2807,93567,,,,,,,,,,,,,,,,,,,,,,,,,0,0
2808,93600,,,,,,,,,,,,,,,,,,,,,,,,,0,0
2809,93633,,,,,,,,,,,,,,,,,,,,,,,,,0,0
2810,93667,,,,,,,,,,,,,,,,,,,,,,,,,0,0
2811,93700,,,,,,,,,,,,,,,,,,,,,,d,move_right,,0,0
2812,93733,,,,,,,,,,,,,,,,,,,,,,d,move_right,,0,0
2813,93767,,,,,,,,,,,,,,,,,,,,,,d,move_right,,0,0
2814,93800,,,,,,,,,,,,,,,,,,,,,,d,move_right,,0,0
2815,93833,,,,,,,,,,,,,,,,,,,,,,d,move_right,,0,0
2816,93867,,,,,,,,,,,,,,,,,,,,,,d|w,move_up|move_right,,0,0
2817,93900,,,,,,,,,,,,,,,,,,,,,,d|w,move_up|move_right,,0,0
2818,93933,,,,,,,,,,,,,,,,,,,,,,d|w,move_up|move_right,,0,0
2819,93967,,,,,,,,,,,,,,,,,,,,,,d|w,move_up|move_right,,0,0
2820,94000,,,,,,,,,,,,,,,,,,,,,,d|w,move_up|move_right,,0,0
2821,94033,,,,,,,,,,,,,,,,,,,,,,d|w,move_up|move_right,,0,0
2822,94067,,,,,,,,,,,,,,,,,,,,,,d|w,move_up|move_right,,0,0
2823,94100,,,,,,,,,,,,,,,,,,,,,,d|w,move_up|move_right,,0,0
2824,94133,,,,,,,,,,,,,,,,,,,,,,d|w,move_up|move_right,,0,0
2825,94167,,,,,,,,,,,,,,,,,,,,,,d|w,move_up|move_right,,0,0
2826,94200,,,,,,,,,,,,,,,,,,,,,,d|w,move_up|move_right,,0,0
2827,94233,,,,,,,,,,,,,,,,,,,,,,d|w,move_up|move_right,,0,0
2828,94267,,,,,,,,,,,,,,,,,,,,,,d,move_right,,0,0
2829,94300,,,,,,,,,,,,,,,,,,,,,,,,,0,0
2830,94333,,,,,,,,,,,,,,,,,,,,,,,,,0,0
2831,94367,,,,,,,,,,,,,,,,,,,,,,,,,0,0
2832,94400,,,,,,,,,,,,,,,,,,,,,,,,,0,0
2833,94433,,,,,,,,,,,,,,,,,,,,,,,,,0,0
2834,94467,,,,,,,,,,,,,,,,,,,,,,,,,0,0
2835,94500,,,,,,,,,,,,,,,,,,,,,,,,,0,0
2836,94533,,,,,,,,,,,,,,,,,,,,,,,,,0,0
2837,94567,,,,,,,,,,,,,,,,,,,,,,,,,0,0
2838,94600,,,,,,,,,,,,,,,,,,,,,,,,,0,0
2839,94633,,,,,,,,,,,,,,,,,,,,,,,,,0,0
2840,94667,,,,,,,,,,,,,,,,,,,,,,,,,0,0
2841,94700,,,,,,,,,,,,,,,,,,,,,,,,,0,0
2842,94733,,,,,,,,,,,,,,,,,,,,,,w,move_up,,0,0
2843,94767,,,,,,,,,,,,,,,,,,,,,,w,move_up,,0,0
2844,94800,,,,,,,,,,,,,,,,,,,,,,w,move_up,,0,0
2845,94833,,,,,,,,,,,,,,,,,,,,,,w,move_up,,0,0
2846,94867,,,,,,,,,,,,,,,,,,,,,,w,move_up,,0,0
2847,94900,,,,,,,,,,,,,,,,,,,,,,w,move_up,,0,0
2848,94933,,,,,,,,,,,,,,,,,,,,,,w,move_up,,0,0
2849,94967,,,,,,,,,,,,,,,,,,,,,,w,move_up,,0,0
2850,95000,,,,,,,,,,,,,,,,,,,,,,w,move_up,,0,0
2851,95033,,,,,,,,,,,,,,,,,,,,,,w,move_up,,0,0
2852,95067,,,,,,,,,,,,,,,,,,,,,,d|w,move_up|move_right,,0,0
2853,95100,,,,,,,,,,,,,,,,,,,,,,d|w,move_up|move_right,,0,0
2854,95133,,,,,,,,,,,,,,,,,,,,,,d|w,move_up|move_right,,0,0
2855,95167,,,,,,,,,,,,,,,,,,,,,,d|w,move_up|move_right,,0,0
2856,95200,,,,,,,,,,,,,,,,,,,,,,d|w,move_up|move_right,,0,0
2857,95233,,,,,,,,,,,,,,,,,,,,,,d|w,move_up|move_right,,0,0
2858,95267,,,,,,,,,,,,,,,,,,,,,,d|w,move_up|move_right,,0,0
2859,95300,,,,,,,,,,,,,,,,,,,,,,d|w,move_up|move_right,,0,0
2860,95333,,,,,,,,,,,,,,,,,,,,,,d|w,move_up|move_right,,0,0
2861,95367,,,,,,,,,,,,,,,,,,,,,,d|w,move_up|move_right,,0,0
2862,95400,,,,,,,,,,,,,,,,,,,,,,d|w,move_up|move_right,,0,0
2863,95433,,,,,,,,,,,,,,,,,,,,,,d|w,move_up|move_right,,0,0
2864,95467,,,,,,,,,,,,,,,,,,,,,,d|w,move_up|move_right,,0,0
2865,95500,,,,,,,,,,,,,,,,,,,,,,w,move_up,,0,0
2866,95533,,,,,,,,,,,,,,,,,,,,,,w,move_up,,0,0
2867,95567,,,,,,,,,,,,,,,,,,,,,,w,move_up,,0,0
2868,95600,,,,,,,,,,,,,,,,,,,,,,w,move_up,,0,0
2869,95633,,,,,,,,,,,,,,,,,,,,,,w,move_up,,0,0
2870,95667,,,,,,,,,,,,,,,,,,,,,,w,move_up,,0,0
2871,95700,,,,,,,,,,,,,,,,,,,,,,w,move_up,,0,0
2872,95733,,,,,,,,,,,,,,,,,,,,,,w,move_up,,0,0
2873,95767,,,,,,,,,,,,,,,,,,,,,,w,move_up,,0,0
2874,95800,,,,,,,,,,,,,,,,,,,,,,w,move_up,,0,0
2875,95833,,,,,,,,,,,,,,,,,,,,,,w,move_up,,0,0
2876,95867,,,,,,,,,,,,,,,,,,,,,,w,move_up,,0,0
2877,95900,,,,,,,,,,,,,,,,,,,,,,w,move_up,,0,0
2878,95933,,,,,,,,,,,,,,,,,,,,,,w,move_up,,0,0
2879,95967,,,,,,,,,,,,,,,,,,,,,,d|w,move_up|move_right,,0,0
2880,96000,,,,,,,,,,,,,,,,,,,,,,d|w,move_up|move_right,,0,0
2881,96033,,,,,,,,,,,,,,,,,,,,,,d|w,move_up|move_right,,0,0
2882,96067,,,,,,,,,,,,,,,,,,,,,,d|w,move_up|move_right,,0,0
2883,96100,,,,,,,,,,,,,,,,,,,,,,d|w,move_up|move_right,,0,0
2884,96133,,,,,,,,,,,,,,,,,,,,,,d|w,move_up|move_right,,0,0
2885,96167,,,,,,,,,,,,,,,,,,,,,,d|w,move_up|move_right,,0,0
2886,96200,,,,,,,,,,,,,,,,,,,,,,d|w,move_up|move_right,,0,0
2887,96233,,,,,,,,,,,,,,,,,,,,,,w,move_up,,0,0
2888,96267,,,,,,,,,,,,,,,,,,,,,,w,move_up,,0,0
2889,96300,,,,,,,,,,,,,,,,,,,,,,w,move_up,,0,0
2890,96333,,,,,,,,,,,,,,,,,,,,,,w,move_up,,0,0
2891,96367,,,,,,,,,,,,,,,,,,,,,,w,move_up,,0,0
2892,96400,,,,,,,,,,,,,,,,,,,,,,w,move_up,,0,0
2893,96433,,,,,,,,,,,,,,,,,,,,,,w,move_up,,0,0
2894,96467,,,,,,,,,,,,,,,,,,,,,,w,move_up,,0,0
2895,96500,,,,,,,,,,,,,,,,,,,,,,w,move_up,,0,0
2896,96533,,,,,,,,,,,,,,,,,,,,,,shift|w,move_up,,0,0
2897,96567,,,,,,,,,,,,,,,,,,,,,,shift|w,move_up,,0,0
2898,96600,,,,,,,,,,,,,,,,,,,,,,shift|w,move_up,,0,0
2899,96633,,,,,,,,,,,,,,,,,,,,,,shift|w,move_up,,0,0
2900,96667,,,,,,,,,,,,,,,,,,,,,,shift|w,move_up,,0,0
2901,96700,,,,,,,,,,,,,,,,,,,,,,shift|w,move_up,,0,0
2902,96733,,,,,,,,,,,,,,,,,,,,,,shift|w,move_up,,0,0
2903,96767,,,,,,,,,,,,,,,,,,,,,,shift|w,move_up,,0,0
2904,96800,,,,,,,,,,,,,,,,,,,,,,shift|w,move_up,,0,0
2905,96833,,,,,,,,,,,,,,,,,,,,,,shift|w,move_up,,0,0
2906,96867,,,,,,,,,,,,,,,,,,,,,,shift|w,move_up,,0,0
2907,96900,,,,,,,,,,,,,,,,,,,,,,shift|w,move_up,,0,0
2908,96933,,,,,,,,,,,,,,,,,,,,,,shift|w,move_up,,0,0
2909,96967,,,,,,,,,,,,,,,,,,,,,,shift|w,move_up,,0,0
2910,97000,,,,,,,,,,,,,,,,,,,,,,shift,,,0,0
2911,97033,,,,,,,,,,,,,,,,,,,,,,,,,0,0
2912,97067,,,,,,,,,,,,,,,,,,,,,,,,,0,0
2913,97100,,,,,,,,,,,,,,,,,,,,,,,,,0,0
2914,97133,,,,,,,,,,,,,,,,,,,,,,,,,0,0
2915,97167,,,,,,,,,,,,,,,,,,,,,,,,,0,0
2916,97200,,,,,,,,,,,,,,,,,,,,,,,,,0,0
2917,97233,,,,,,,,,,,,,,,,,,,,,,,,,0,0
2918,97267,,,,,,,,,,,,,,,,,,,,,,,,,0,0
2919,97300,,,,,,,,,,,,,,,,,,,,,,w,move_up,,0,0
2920,97333,,,,,,,,,,,,,,,,,,,,,,w,move_up,,0,0
2921,97367,,,,,,,,,,,,,,,,,,,,,,w,move_up,,0,0
2922,97400,,,,,,,,,,,,,,,,,,,,,,w,move_up,,0,0
2923,97433,,,,,,,,,,,,,,,,,,,,,,w,move_up,,0,0
2924,97467,,,,,,,,,,,,,,,,,,,,,,w,move_up,,0,0
2925,97500,,,,,,,,,,,,,,,,,,,,,,w,move_up,,0,0
2926,97533,,,,,,,,,,,,,,,,,,,,,,w,move_up,,0,0
2927,97567,,,,,,,,,,,,,,,,,,,,,,w,move_up,,0,0
2928,97600,,,,,,,,,,,,,,,,,,,,,,w,move_up,,0,0
2929,97633,,,,,,,,,,,,,,,,,,,,,,w,move_up,,0,0
2930,97667,,,,,,,,,,,,,,,,,,,,,,w,move_up,,0,0
2931,97700,,,,,,,,,,,,,,,,,,,,,,w,move_up,,0,0
2932,97733,,,,,,,,,,,,,,,,,,,,,,w,move_up,,0,0
2933,97767,,,,,,,,,,,,,,,,,,,,,,w,move_up,,0,0
2934,97800,,,,,,,,,,,,,,,,,,,,,,w,move_up,,0,0
2935,97833,,,,,,,,,,,,,,,,,,,,,,w,move_up,,0,0
2936,97867,,,,,,,,,,,,,,,,,,,,,,w,move_up,,0,0
2937,97900,,,,,,,,,,,,,,,,,,,,,,w,move_up,,0,0
2938,97933,,,,,,,,,,,,,,,,,,,,,,d|w,move_up|move_right,,0,0
2939,97967,,,,,,,,,,,,,,,,,,,,,,d|w,move_up|move_right,,0,0
2940,98000,,,,,,,,,,,,,,,,,,,,,,d|w,move_up|move_right,,0,0
2941,98033,,,,,,,,,,,,,,,,,,,,,,d|w,move_up|move_right,,0,0
2942,98067,,,,,,,,,,,,,,,,,,,,,,d|w,move_up|move_right,,0,0
2943,98100,,,,,,,,,,,,,,,,,,,,,,d|w,move_up|move_right,,0,0
2944,98133,,,,,,,,,,,,,,,,,,,,,,d|w,move_up|move_right,,0,0
2945,98167,,,,,,,,,,,,,,,,,,,,,,d|w,move_up|move_right,,0,0
2946,98200,,,,,,,,,,,,,,,,,,,,,,d|w,move_up|move_right,,0,0
2947,98233,,,,,,,,,,,,,,,,,,,,,,d,move_right,,0,0
2948,98267,,,,,,,,,,,,,,,,,,,,,,,,,0,0
2949,98300,,,,,,,,,,,,,,,,,,,,,,,,,0,0
2950,98333,,,,,,,,,,,,,,,,,,,,,,,,,0,0
2951,98367,,,,,,,,,,,,,,,,,,,,,,,,,0,0
2952,98400,,,,,,,,,,,,,,,,,,,,,,,,,0,0
2953,98433,,,,,,,,,,,,,,,,,,,,,,,,,0,0
2954,98467,,,,,,,,,,,,,,,,,,,,,,,,,0,0
2955,98500,,,,,,,,,,,,,,,,,,,,,,,,,0,0
2956,98533,,,,,,,,,,,,,,,,,,,,,,d,move_right,,0,0
2957,98567,,,,,,,,,,,,,,,,,,,,,,d,move_right,,0,0
2958,98600,,,,,,,,,,,,,,,,,,,,,,d,move_right,,0,0
2959,98633,,,,,,,,,,,,,,,,,,,,,,d,move_right,,0,0
2960,98667,,,,,,,,,,,,,,,,,,,,,,d,move_right,,0,0
2961,98700,,,,,,,,,,,,,,,,,,,,,,d,move_right,,0,0
2962,98733,,,,,,,,,,,,,,,,,,,,,,d,move_right,,0,0
2963,98767,,,,,,,,,,,,,,,,,,,,,,d,move_right,,0,0
2964,98800,,,,,,,,,,,,,,,,,,,,,,d,move_right,,0,0
2965,98833,,,,,,,,,,,,,,,,,,,,,,,,,0,0
2966,98867,,,,,,,,,,,,,,,,,,,,,,,,,0,0
2967,98900,,,,,,,,,,,,,,,,,,,,,,,,,0,0
2968,98933,,,,,,,,,,,,,,,,,,,,,,,,,0,0
2969,98967,,,,,,,,,,,,,,,,,,,,,,,,,0,0
2970,99000,,,,,,,,,,,,,,,,,,,,,,,,,0,0
2971,99033,,,,,,,,,,,,,,,,,,,,,,,,,0,0
2972,99067,,,,,,,,,,,,,,,,,,,,,,w,move_up,,0,0
2973,99100,,,,,,,,,,,,,,,,,,,,,,d|w,move_up|move_right,,0,0
2974,99133,,,,,,,,,,,,,,,,,,,,,,d|w,move_up|move_right,,0,0
2975,99167,,,,,,,,,,,,,,,,,,,,,,d|w,move_up|move_right,,0,0
2976,99200,,,,,,,,,,,,,,,,,,,,,,d|w,move_up|move_right,,0,0
2977,99233,,,,,,,,,,,,,,,,,,,,,,d|w,move_up|move_right,,0,0
2978,99267,,,,,,,,,,,,,,,,,,,,,,d|w,move_up|move_right,,0,0
2979,99300,,,,,,,,,,,,,,,,,,,,,,d|w,move_up|move_right,,0,0
2980,99333,,,,,,,,,,,,,,,,,,,,,,w,move_up,,0,0
2981,99367,,,,,,,,,,,,,,,,,,,,,,,,,0,0
2982,99400,,,,,,,,,,,,,,,,,,,,,,,,,0,0
2983,99433,,,,,,,,,,,,,,,,,,,,,,,,,0,0
2984,99467,,,,,,,,,,,,,,,,,,,,,,,,,0,0
2985,99500,,,,,,,,,,,,,,,,,,,,,,,,,0,0
2986,99533,,,,,,,,,,,,,,,,,,,,,,,,,0,0
2987,99567,,,,,,,,,,,,,,,,,,,,,,,,,0,0
2988,99600,,,,,,,,,,,,,,,,,,,,,,,,,0,0
2989,99633,,,,,,,,,,,,,,,,,,,,,,,,,0,0
2990,99667,,,,,,,,,,,,,,,,,,,,,,,,,0,0
2991,99700,,,,,,,,,,,,,,,,,,,,,,,,,0,0
2992,99733,,,,,,,,,,,,,,,,,,,,,,,,,0,0
2993,99767,,,,,,,,,,,,,,,,,,,,,,,,,0,0
2994,99800,,,,,,,,,,,,,,,,,,,,,,,,,0,0
2995,99833,,,,,,,,,,,,,,,,,,,,,,,,,0,0
2996,99867,,,,,,,,,,,,,,,,,,,,,,,,,0,0
2997,99900,,,,,,,,,,,,,,,,,,,,,,,,,0,0
2998,99933,,,,,,,,,,,,,,,,,,,,,,,,,0,0
2999,99967,,,,,,,,,,,,,,,,,,,,,,,,,0,0
3000,100000,,,,,,,,,,,,,,,,,,,,,,,,,0,0
3001,100033,,,,,,,,,,,,,,,,,,,,,,,,,0,0
3002,100067,,,,,,,,,,,,,,,,,,,,,,,,,0,0
3003,100100,,,,,,,,,,,,,,,,,,,,,,,,,0,0
3004,100133,,,,,,,,,,,,,,,,,,,,,,,,,0,0
3005,100167,,,,,,,,,,,,,,,,,,,,,,,,,0,0
3006,100200,,,,,,,,,,,,,,,,,,,,,,,,,0,0
3007,100233,,,,,,,,,,,,,,,,,,,,,,,,,0,0
3008,100267,,,,,,,,,,,,,,,,,,,,,,,,,0,0
3009,100300,,,,,,,,,,,,,,,,,,,,,,,,,0,0
3010,100333,,,,,,,,,,,,,,,,,,,,,,,,,0,0
3011,100367,,,,,,,,,,,,,,,,,,,,,,,,,0,0
3012,100400,,,,,,,,,,,,,,,,,,,,,,,,,0,0
3013,100433,,,,,,,,,,,,,,,,,,,,,,,,,0,0
3014,100467,,,,,,,,,,,,,,,,,,,,,,,,,0,0
3015,100500,,,,,,,,,,,,,,,,,,,,,,,,,0,0
3016,100533,,,,,,,,,,,,,,,,,,,,,,,,,0,0
3017,100567,,,,,,,,,,,,,,,,,,,,,,,,,0,0
3018,100600,,,,,,,,,,,,,,,,,,,,,,,,,0,0
3019,100633,,,,,,,,,,,,,,,,,,,,,,w,move_up,,0,0
3020,100667,,,,,,,,,,,,,,,,,,,,,,w,move_up,,0,0
3021,100700,,,,,,,,,,,,,,,,,,,,,,w,move_up,,0,0
3022,100733,,,,,,,,,,,,,,,,,,,,,,w,move_up,,0,0
3023,100767,,,,,,,,,,,,,,,,,,,,,,w,move_up,,0,0
3024,100800,,,,,,,,,,,,,,,,,,,,,,w,move_up,,0,0
3025,100833,,,,,,,,,,,,,,,,,,,,,,w,move_up,,0,0
3026,100867,,,,,,,,,,,,,,,,,,,,,,w,move_up,,0,0
3027,100900,,,,,,,,,,,,,,,,,,,,,,w,move_up,,0,0
3028,100933,,,,,,,,,,,,,,,,,,,,,,w,move_up,,0,0
3029,100967,,,,,,,,,,,,,,,,,,,,,,w,move_up,,0,0
3030,101000,,,,,,,,,,,,,,,,,,,,,,w,move_up,,0,0
3031,101033,,,,,,,,,,,,,,,,,,,,,,,,,0,0
3032,101067,,,,,,,,,,,,,,,,,,,,,,,,,0,0
3033,101100,,,,,,,,,,,,,,,,,,,,,,,,,0,0
3034,101133,,,,,,,,,,,,,,,,,,,,,,w,move_up,,0,0
3035,101167,,,,,,,,,,,,,,,,,,,,,,w,move_up,,0,0
3036,101200,,,,,,,,,,,,,,,,,,,,,,w,move_up,,0,0
3037,101233,,,,,,,,,,,,,,,,,,,,,,w,move_up,,0,0
3038,101267,,,,,,,,,,,,,,,,,,,,,,w,move_up,,0,0
3039,101300,,,,,,,,,,,,,,,,,,,,,,w,move_up,,0,0
3040,101333,,,,,,,,,,,,,,,,,,,,,,w,move_up,,0,0
3041,101367,,,,,,,,,,,,,,,,,,,,,,w,move_up,,0,0
3042,101400,,,,,,,,,,,,,,,,,,,,,,w,move_up,,0,0
3043,101433,,,,,,,,,,,,,,,,,,,,,,w,move_up,,0,0
3044,101467,,,,,,,,,,,,,,,,,,,,,,w,move_up,,0,0
3045,101500,,,,,,,,,,,,,,,,,,,,,,w,move_up,,0,0
3046,101533,,,,,,,,,,,,,,,,,,,,,,w,move_up,,0,0
3047,101567,,,,,,,,,,,,,,,,,,,,,,w,move_up,,0,0
3048,101600,,,,,,,,,,,,,,,,,,,,,,w,move_up,,0,0
3049,101633,,,,,,,,,,,,,,,,,,,,,,w,move_up,,0,0
3050,101667,,,,,,,,,,,,,,,,,,,,,,w,move_up,,0,0
3051,101700,,,,,,,,,,,,,,,,,,,,,,w,move_up,,0,0
3052,101733,,,,,,,,,,,,,,,,,,,,,,w,move_up,,0,0
3053,101767,,,,,,,,,,,,,,,,,,,,,,w,move_up,,0,0
3054,101800,,,,,,,,,,,,,,,,,,,,,,e,interact,,0,0
3055,101833,,,,,,,,,,,,,,,,,,,,,,e,interact,,0,0
3056,101867,,,,,,,,,,,,,,,,,,,,,,e,interact,,0,0
3057,101900,,,,,,,,,,,,,,,,,,,,,,e,interact,,0,0
3058,101933,,,,,,,,,,,,,,,,,,,,,,e,interact,,0,0
3059,101967,,,,,,,,,,,,,,,,,,,,,,,,,0,0
3060,102000,,,,,,,,,,,,,,,,,,,,,,,,,0,0
3061,102033,,,,,,,,,,,,,,,,,,,,,,,,,0,0
3062,102067,,,,,,,,,,,,,,,,,,,,,,,,,0,0
3063,102100,,,,,,,,,,,,,,,,,,,,,,,,,0,0
3064,102133,,,,,,,,,,,,,,,,,,,,,,w,move_up,,0,0
3065,102167,,,,,,,,,,,,,,,,,,,,,,w,move_up,,0,0
3066,102200,,,,,,,,,,,,,,,,,,,,,,w,move_up,,0,0
3067,102233,,,,,,,,,,,,,,,,,,,,,,w,move_up,,0,0
3068,102267,,,,,,,,,,,,,,,,,,,,,,w,move_up,,0,0
3069,102300,,,,,,,,,,,,,,,,,,,,,,w,move_up,,0,0
3070,102333,,,,,,,,,,,,,,,,,,,,,,,,,0,0
3071,102367,,,,,,,,,,,,,,,,,,,,,,,,,0,0
3072,102400,,,,,,,,,,,,,,,,,,,,,,,,,0,0
3073,102433,,,,,,,,,,,,,,,,,,,,,,,,,0,0
3074,102467,,,,,,,,,,,,,,,,,,,,,,,,,0,0
3075,102500,,,,,,,,,,,,,,,,,,,,,,,,,0,0
3076,102533,,,,,,,,,,,,,,,,,,,,,,,,,0,0
3077,102567,,,,,,,,,,,,,,,,,,,,,,,,,0,0
3078,102600,,,,,,,,,,,,,,,,,,,,,,,,,0,0
3079,102633,,,,,,,,,,,,,,,,,,,,,,,,,0,0
3080,102667,,,,,,,,,,,,,,,,,,,,,,,,,0,0
3081,102700,,,,,,,,,,,,,,,,,,,,,,,,,0,0
3082,102733,,,,,,,,,,,,,,,,,,,,,,,,,0,0
3083,102767,,,,,,,,,,,,,,,,,,,,,,,,,0,0
3084,102800,,,,,,,,,,,,,,,,,,,,,,,,,0,0
3085,102833,,,,,,,,,,,,,,,,,,,,,,,,,0,0
3086,102867,,,,,,,,,,,,,,,,,,,,,,,,,0,0
3087,102900,,,,,,,,,,,,,,,,,,,,,,,,,0,0
3088,102933,,,,,,,,,,,,,,,,,,,,,,,,,0,0
3089,102967,,,,,,,,,,,,,,,,,,,,,,,,,0,0
3090,103000,,,,,,,,,,,,,,,,,,,,,,,,,0,0
3091,103033,,,,,,,,,,,,,,,,,,,,,,,,,0,0
3092,103067,,,,,,,,,,,,,,,,,,,,,,w,move_up,,0,0
3093,103100,,,,,,,,,,,,,,,,,,,,,,w,move_up,,0,0
3094,103133,,,,,,,,,,,,,,,,,,,,,,w,move_up,,0,0
3095,103167,,,,,,,,,,,,,,,,,,,,,,w,move_up,,0,0
3096,103200,,,,,,,,,,,,,,,,,,,,,,w,move_up,,0,0
3097,103233,,,,,,,,,,,,,,,,,,,,,,w,move_up,,0,0
3098,103267,,,,,,,,,,,,,,,,,,,,,,w,move_up,,0,0
3099,103300,,,,,,,,,,,,,,,,,,,,,,w,move_up,,0,0
3100,103333,,,,,,,,,,,,,,,,,,,,,,a|w,move_up|move_left,,0,0
3101,103367,,,,,,,,,,,,,,,,,,,,,,a|w,move_up|move_left,,0,0
3102,103400,,,,,,,,,,,,,,,,,,,,,,a|w,move_up|move_left,,0,0
3103,103433,,,,,,,,,,,,,,,,,,,,,,a|w,move_up|move_left,,0,0
3104,103467,,,,,,,,,,,,,,,,,,,,,,a|w,move_up|move_left,,0,0
3105,103500,,,,,,,,,,,,,,,,,,,,,,a|w,move_up|move_left,,0,0
3106,103533,,,,,,,,,,,,,,,,,,,,,,a|w,move_up|move_left,,0,0
3107,103567,,,,,,,,,,,,,,,,,,,,,,a|w,move_up|move_left,,0,0
3108,103600,,,,,,,,,,,,,,,,,,,,,,a|w,move_up|move_left,,0,0
3109,103633,,,,,,,,,,,,,,,,,,,,,,a|w,move_up|move_left,,0,0
3110,103667,,,,,,,,,,,,,,,,,,,,,,a|w,move_up|move_left,,0,0
3111,103700,,,,,,,,,,,,,,,,,,,,,,a|w,move_up|move_left,,0,0
3112,103733,,,,,,,,,,,,,,,,,,,,,,a|w,move_up|move_left,,0,0
3113,103767,,,,,,,,,,,,,,,,,,,,,,a|w,move_up|move_left,,0,0
3114,103800,,,,,,,,,,,,,,,,,,,,,,a|w,move_up|move_left,,0,0
3115,103833,,,,,,,,,,,,,,,,,,,,,,a|w,move_up|move_left,,0,0
3116,103867,,,,,,,,,,,,,,,,,,,,,,a|w,move_up|move_left,,0,0
3117,103900,,,,,,,,,,,,,,,,,,,,,,a|w,move_up|move_left,,0,0
3118,103933,,,,,,,,,,,,,,,,,,,,,,a|w,move_up|move_left,,0,0
3119,103967,,,,,,,,,,,,,,,,,,,,,,a|w,move_up|move_left,,0,0
3120,104000,,,,,,,,,,,,,,,,,,,,,,a|w,move_up|move_left,,0,0
3121,104033,,,,,,,,,,,,,,,,,,,,,,a|w,move_up|move_left,,0,0
3122,104067,,,,,,,,,,,,,,,,,,,,,,a|w,move_up|move_left,,0,0
3123,104100,,,,,,,,,,,,,,,,,,,,,,a|w,move_up|move_left,,0,0
3124,104133,,,,,,,,,,,,,,,,,,,,,,a|w,move_up|move_left,,0,0
3125,104167,,,,,,,,,,,,,,,,,,,,,,a|w,move_up|move_left,,0,0
3126,104200,,,,,,,,,,,,,,,,,,,,,,a|w,move_up|move_left,,0,0
3127,104233,,,,,,,,,,,,,,,,,,,,,,a|w,move_up|move_left,,0,0
3128,104267,,,,,,,,,,,,,,,,,,,,,,a|w,move_up|move_left,,0,0
3129,104300,,,,,,,,,,,,,,,,,,,,,,a|w,move_up|move_left,,0,0
3130,104333,,,,,,,,,,,,,,,,,,,,,,a|w,move_up|move_left,,0,0
3131,104367,,,,,,,,,,,,,,,,,,,,,,a|w,move_up|move_left,,0,0
3132,104400,,,,,,,,,,,,,,,,,,,,,,a|w,move_up|move_left,,0,0
3133,104433,,,,,,,,,,,,,,,,,,,,,,w,move_up,,0,0
3134,104467,,,,,,,,,,,,,,,,,,,,,,w,move_up,,0,0
3135,104500,,,,,,,,,,,,,,,,,,,,,,,,,0,0
3136,104533,,,,,,,,,,,,,,,,,,,,,,,,,0,0
3137,104567,,,,,,,,,,,,,,,,,,,,,,,,,0,0
3138,104600,,,,,,,,,,,,,,,,,,,,,,,,,0,0
3139,104633,,,,,,,,,,,,,,,,,,,,,,,,,0,0
3140,104667,,,,,,,,,,,,,,,,,,,,,,,,,0,0
3141,104700,,,,,,,,,,,,,,,,,,,,,,,,,0,0
3142,104733,,,,,,,,,,,,,,,,,,,,,,,,,0,0
3143,104767,,,,,,,,,,,,,,,,,,,,,,,,,0,0
3144,104800,,,,,,,,,,,,,,,,,,,,,,,,,0,0
3145,104833,,,,,,,,,,,,,,,,,,,,,,,,,0,0
3146,104867,,,,,,,,,,,,,,,,,,,,,,,,,0,0
3147,104900,,,,,,,,,,,,,,,,,,,,,,,,,0,0
3148,104933,,,,,,,,,,,,,,,,,,,,,,,,,0,0
3149,104967,,,,,,,,,,,,,,,,,,,,,,,,,0,0
3150,105000,,,,,,,,,,,,,,,,,,,,,,,,,0,0
3151,105033,,,,,,,,,,,,,,,,,,,,,,,,,0,0
3152,105067,,,,,,,,,,,,,,,,,,,,,,,,,0,0
3153,105100,,,,,,,,,,,,,,,,,,,,,,,,,0,0
3154,105133,,,,,,,,,,,,,,,,,,,,,,,,,0,0
3155,105167,,,,,,,,,,,,,,,,,,,,,,,,,0,0
3156,105200,,,,,,,,,,,,,,,,,,,,,,,,,0,0
3157,105233,,,,,,,,,,,,,,,,,,,,,,,,,0,0
3158,105267,,,,,,,,,,,,,,,,,,,,,,,,,0,0
3159,105300,,,,,,,,,,,,,,,,,,,,,,,,,0,0
3160,105333,,,,,,,,,,,,,,,,,,,,,,,,,0,0
3161,105367,,,,,,,,,,,,,,,,,,,,,,,,,0,0
3162,105400,,,,,,,,,,,,,,,,,,,,,,,,,0,0
3163,105433,,,,,,,,,,,,,,,,,,,,,,w,move_up,,0,0
3164,105467,,,,,,,,,,,,,,,,,,,,,,w,move_up,,0,0
3165,105500,,,,,,,,,,,,,,,,,,,,,,w,move_up,,0,0
3166,105533,,,,,,,,,,,,,,,,,,,,,,w,move_up,,0,0
3167,105567,,,,,,,,,,,,,,,,,,,,,,a|w,move_up|move_left,,0,0
3168,105600,,,,,,,,,,,,,,,,,,,,,,a|w,move_up|move_left,,0,0
3169,105633,,,,,,,,,,,,,,,,,,,,,,w,move_up,,0,0
3170,105667,,,,,,,,,,,,,,,,,,,,,,w,move_up,,0,0
3171,105700,,,,,,,,,,,,,,,,,,,,,,w,move_up,,0,0
3172,105733,,,,,,,,,,,,,,,,,,,,,,w,move_up,,0,0
3173,105767,,,,,,,,,,,,,,,,,,,,,,w,move_up,,0,0
3174,105800,,,,,,,,,,,,,,,,,,,,,,w,move_up,,0,0
3175,105833,,,,,,,,,,,,,,,,,,,,,,w,move_up,,0,0
3176,105867,,,,,,,,,,,,,,,,,,,,,,w,move_up,,0,0
3177,105900,,,,,,,,,,,,,,,,,,,,,,w,move_up,,0,0
3178,105933,,,,,,,,,,,,,,,,,,,,,,w,move_up,,0,0
3179,105967,,,,,,,,,,,,,,,,,,,,,,w,move_up,,0,0
3180,106000,,,,,,,,,,,,,,,,,,,,,,w,move_up,,0,0
3181,106033,,,,,,,,,,,,,,,,,,,,,,w,move_up,,0,0
3182,106067,,,,,,,,,,,,,,,,,,,,,,w,move_up,,0,0
3183,106100,,,,,,,,,,,,,,,,,,,,,,e|w,interact|move_up,,0,0
3184,106133,,,,,,,,,,,,,,,,,,,,,,e|w,interact|move_up,,0,0
3185,106167,,,,,,,,,,,,,,,,,,,,,,e|w,interact|move_up,,0,0
3186,106200,,,,,,,,,,,,,,,,,,,,,,e|w,interact|move_up,,0,0
3187,106233,,,,,,,,,,,,,,,,,,,,,,e,interact,,0,0
3188,106267,,,,,,,,,,,,,,,,,,,,,,,,,0,0
3189,106300,,,,,,,,,,,,,,,,,,,,,,,,,0,0
3190,106333,,,,,,,,,,,,,,,,,,,,,,,,,0,0
3191,106367,,,,,,,,,,,,,,,,,,,,,,,,,0,0
3192,106400,,,,,,,,,,,,,,,,,,,,,,,,,0,0
3193,106433,,,,,,,,,,,,,,,,,,,,,,,,,0,0
3194,106467,,,,,,,,,,,,,,,,,,,,,,,,,0,0
3195,106500,,,,,,,,,,,,,,,,,,,,,,,,,0,0
3196,106533,,,,,,,,,,,,,,,,,,,,,,,,,0,0
3197,106567,,,,,,,,,,,,,,,,,,,,,,,,,0,0
3198,106600,,,,,,,,,,,,,,,,,,,,,,w,move_up,,0,0
3199,106633,,,,,,,,,,,,,,,,,,,,,,w,move_up,,0,0
3200,106667,,,,,,,,,,,,,,,,,,,,,,w,move_up,,0,0
3201,106700,,,,,,,,,,,,,,,,,,,,,,w,move_up,,0,0
3202,106733,,,,,,,,,,,,,,,,,,,,,,w,move_up,,0,0
3203,106767,,,,,,,,,,,,,,,,,,,,,,w,move_up,,0,0
3204,106800,,,,,,,,,,,,,,,,,,,,,,w,move_up,,0,0
3205,106833,,,,,,,,,,,,,,,,,,,,,,w,move_up,,0,0
3206,106867,,,,,,,,,,,,,,,,,,,,,,w,move_up,,0,0
3207,106900,,,,,,,,,,,,,,,,,,,,,,,,,0,0
3208,106933,,,,,,,,,,,,,,,,,,,,,,,,,0,0
3209,106967,,,,,,,,,,,,,,,,,,,,,,,,,0,0
3210,107000,,,,,,,,,,,,,,,,,,,,,,,,,0,0
3211,107033,,,,,,,,,,,,,,,,,,,,,,,,,0,0
3212,107067,,,,,,,,,,,,,,,,,,,,,,,,,0,0
3213,107100,,,,,,,,,,,,,,,,,,,,,,,,,0,0
3214,107133,,,,,,,,,,,,,,,,,,,,,,,,,0,0
3215,107167,,,,,,,,,,,,,,,,,,,,,,,,,0,0
3216,107200,,,,,,,,,,,,,,,,,,,,,,,,,0,0
3217,107233,,,,,,,,,,,,,,,,,,,,,,,,,0,0
3218,107267,,,,,,,,,,,,,,,,,,,,,,,,,0,0
3219,107300,,,,,,,,,,,,,,,,,,,,,,w,move_up,,0,0
3220,107333,,,,,,,,,,,,,,,,,,,,,,w,move_up,,0,0
3221,107367,,,,,,,,,,,,,,,,,,,,,,w,move_up,,0,0
3222,107400,,,,,,,,,,,,,,,,,,,,,,w,move_up,,0,0
3223,107433,,,,,,,,,,,,,,,,,,,,,,a|w,move_up|move_left,,0,0
3224,107467,,,,,,,,,,,,,,,,,,,,,,a|w,move_up|move_left,,0,0
3225,107500,,,,,,,,,,,,,,,,,,,,,,a|w,move_up|move_left,,0,0
3226,107533,,,,,,,,,,,,,,,,,,,,,,a|w,move_up|move_left,,0,0
3227,107567,,,,,,,,,,,,,,,,,,,,,,a|w,move_up|move_left,,0,0
3228,107600,,,,,,,,,,,,,,,,,,,,,,w,move_up,,0,0
3229,107633,,,,,,,,,,,,,,,,,,,,,,w,move_up,,0,0
3230,107667,,,,,,,,,,,,,,,,,,,,,,a|w,move_up|move_left,,0,0
3231,107700,,,,,,,,,,,,,,,,,,,,,,a|w,move_up|move_left,,0,0
3232,107733,,,,,,,,,,,,,,,,,,,,,,a|w,move_up|move_left,,0,0
3233,107767,,,,,,,,,,,,,,,,,,,,,,a|w,move_up|move_left,,0,0
3234,107800,,,,,,,,,,,,,,,,,,,,,,a|w,move_up|move_left,,0,0
3235,107833,,,,,,,,,,,,,,,,,,,,,,w,move_up,,0,0
3236,107867,,,,,,,,,,,,,,,,,,,,,,w,move_up,,0,0
3237,107900,,,,,,,,,,,,,,,,,,,,,,w,move_up,,0,0
3238,107933,,,,,,,,,,,,,,,,,,,,,,w,move_up,,0,0
3239,107967,,,,,,,,,,,,,,,,,,,,,,w,move_up,,0,0
3240,108000,,,,,,,,,,,,,,,,,,,,,,w,move_up,,0,0
3241,108033,,,,,,,,,,,,,,,,,,,,,,w,move_up,,0,0
3242,108067,,,,,,,,,,,,,,,,,,,,,,d|w,move_up|move_right,,0,0
3243,108100,,,,,,,,,,,,,,,,,,,,,,d|w,move_up|move_right,,0,0
3244,108133,,,,,,,,,,,,,,,,,,,,,,d|w,move_up|move_right,,0,0
3245,108167,,,,,,,,,,,,,,,,,,,,,,d|w,move_up|move_right,,0,0
3246,108200,,,,,,,,,,,,,,,,,,,,,,d|w,move_up|move_right,,0,0
3247,108233,,,,,,,,,,,,,,,,,,,,,,d|w,move_up|move_right,,0,0
3248,108267,,,,,,,,,,,,,,,,,,,,,,d|w,move_up|move_right,,0,0
3249,108300,,,,,,,,,,,,,,,,,,,,,,d|w,move_up|move_right,,0,0
3250,108333,,,,,,,,,,,,,,,,,,,,,,,,,0,0
3251,108367,,,,,,,,,,,,,,,,,,,,,,,,,0,0
3252,108400,,,,,,,,,,,,,,,,,,,,,,,,,0,0
3253,108433,,,,,,,,,,,,,,,,,,,,,,,,,0,0
3254,108467,,,,,,,,,,,,,,,,,,,,,,,,,0,0
3255,108500,,,,,,,,,,,,,,,,,,,,,,,,,0,0
3256,108533,,,,,,,,,,,,,,,,,,,,,,,,,0,0
3257,108567,,,,,,,,,,,,,,,,,,,,,,,,,0,0
3258,108600,,,,,,,,,,,,,,,,,,,,,,,,,0,0
3259,108633,,,,,,,,,,,,,,,,,,,,,,,,,0,0
3260,108667,,,,,,,,,,,,,,,,,,,,,,,,,0,0
3261,108700,,,,,,,,,,,,,,,,,,,,,,w,move_up,,0,0
3262,108733,,,,,,,,,,,,,,,,,,,,,,w,move_up,,0,0
3263,108767,,,,,,,,,,,,,,,,,,,,,,w,move_up,,0,0
3264,108800,,,,,,,,,,,,,,,,,,,,,,w,move_up,,0,0
3265,108833,,,,,,,,,,,,,,,,,,,,,,w,move_up,,0,0
3266,108867,,,,,,,,,,,,,,,,,,,,,,w,move_up,,0,0
3267,108900,,,,,,,,,,,,,,,,,,,,,,w,move_up,,0,0
3268,108933,,,,,,,,,,,,,,,,,,,,,,w,move_up,,0,0
3269,108967,,,,,,,,,,,,,,,,,,,,,,w,move_up,,0,0
3270,109000,,,,,,,,,,,,,,,,,,,,,,w,move_up,,0,0
3271,109033,,,,,,,,,,,,,,,,,,,,,,w,move_up,,0,0
3272,109067,,,,,,,,,,,,,,,,,,,,,,w,move_up,,0,0
3273,109100,,,,,,,,,,,,,,,,,,,,,,w,move_up,,0,0
3274,109133,,,,,,,,,,,,,,,,,,,,,,w,move_up,,0,0
3275,109167,,,,,,,,,,,,,,,,,,,,,,w,move_up,,0,0
3276,109200,,,,,,,,,,,,,,,,,,,,,,w,move_up,,0,0
3277,109233,,,,,,,,,,,,,,,,,,,,,,w,move_up,,0,0
3278,109267,,,,,,,,,,,,,,,,,,,,,,w,move_up,,0,0
3279,109300,,,,,,,,,,,,,,,,,,,,,,w,move_up,,0,0
3280,109333,,,,,,,,,,,,,,,,,,,,,,w,move_up,,0,0
3281,109367,,,,,,,,,,,,,,,,,,,,,,w,move_up,,0,0
3282,109400,,,,,,,,,,,,,,,,,,,,,,e|w,interact|move_up,,0,0
3283,109433,,,,,,,,,,,,,,,,,,,,,,e|w,interact|move_up,,0,0
3284,109467,,,,,,,,,,,,,,,,,,,,,,e|w,interact|move_up,,0,0
3285,109500,,,,,,,,,,,,,,,,,,,,,,e|w,interact|move_up,,0,0
3286,109533,,,,,,,,,,,,,,,,,,,,,,e|w,interact|move_up,,0,0
3287,109567,,,,,,,,,,,,,,,,,,,,,,,,,0,0
3288,109600,,,,,,,,,,,,,,,,,,,,,,,,,0,0
3289,109633,,,,,,,,,,,,,,,,,,,,,,,,,0,0
3290,109667,,,,,,,,,,,,,,,,,,,,,,,,,0,0
3291,109700,,,,,,,,,,,,,,,,,,,,,,,,,0,0
3292,109733,,,,,,,,,,,,,,,,,,,,,,w,move_up,,0,0
3293,109767,,,,,,,,,,,,,,,,,,,,,,w,move_up,,0,0
3294,109800,,,,,,,,,,,,,,,,,,,,,,w,move_up,,0,0
3295,109833,,,,,,,,,,,,,,,,,,,,,,w,move_up,,0,0
3296,109867,,,,,,,,,,,,,,,,,,,,,,w,move_up,,0,0
3297,109900,,,,,,,,,,,,,,,,,,,,,,w,move_up,,0,0
3298,109933,,,,,,,,,,,,,,,,,,,,,,d|w,move_up|move_right,,0,0
3299,109967,,,,,,,,,,,,,,,,,,,,,,d|w,move_up|move_right,,0,0
3300,110000,,,,,,,,,,,,,,,,,,,,,,d|w,move_up|move_right,,0,0
3301,110033,,,,,,,,,,,,,,,,,,,,,,d|w,move_up|move_right,,0,0
3302,110067,,,,,,,,,,,,,,,,,,,,,,d|w,move_up|move_right,,0,0
3303,110100,,,,,,,,,,,,,,,,,,,,,,w,move_up,,0,0
3304,110133,,,,,,,,,,,,,,,,,,,,,,w,move_up,,0,0
3305,110167,,,,,,,,,,,,,,,,,,,,,,w,move_up,,0,0
3306,110200,,,,,,,,,,,,,,,,,,,,,,w,move_up,,0,0
3307,110233,,,,,,,,,,,,,,,,,,,,,,w,move_up,,0,0
3308,110267,,,,,,,,,,,,,,,,,,,,,,,,,0,0
3309,110300,,,,,,,,,,,,,,,,,,,,,,,,,0,0
3310,110333,,,,,,,,,,,,,,,,,,,,,,,,,0,0
3311,110367,,,,,,,,,,,,,,,,,,,,,,,,,0,0
3312,110400,,,,,,,,,,,,,,,,,,,,,,,,,0,0
3313,110433,,,,,,,,,,,,,,,,,,,,,,,,,0,0
3314,110467,,,,,,,,,,,,,,,,,,,,,,,,,0,0
3315,110500,,,,,,,,,,,,,,,,,,,,,,d|w,move_up|move_right,,0,0
3316,110533,,,,,,,,,,,,,,,,,,,,,,d|w,move_up|move_right,,0,0
3317,110567,,,,,,,,,,,,,,,,,,,,,,d|w,move_up|move_right,,0,0
3318,110600,,,,,,,,,,,,,,,,,,,,,,d|w,move_up|move_right,,0,0
3319,110633,,,,,,,,,,,,,,,,,,,,,,d|w,move_up|move_right,,0,0
3320,110667,,,,,,,,,,,,,,,,,,,,,,d|w,move_up|move_right,,0,0
3321,110700,,,,,,,,,,,,,,,,,,,,,,,,,0,0
3322,110733,,,,,,,,,,,,,,,,,,,,,,,,,0,0
3323,110767,,,,,,,,,,,,,,,,,,,,,,,,,0,0
3324,110800,,,,,,,,,,,,,,,,,,,,,,,,,0,0
3325,110833,,,,,,,,,,,,,,,,,,,,,,,,,0,0
3326,110867,,,,,,,,,,,,,,,,,,,,,,,,,0,0
3327,110900,,,,,,,,,,,,,,,,,,,,,,,,,0,0
3328,110933,,,,,,,,,,,,,,,,,,,,,,,,,0,0
3329,110967,,,,,,,,,,,,,,,,,,,,,,,,,0,0
3330,111000,,,,,,,,,,,,,,,,,,,,,,e,interact,,0,0
3331,111033,,,,,,,,,,,,,,,,,,,,,,e,interact,,0,0
3332,111067,,,,,,,,,,,,,,,,,,,,,,e,interact,,0,0
3333,111100,,,,,,,,,,,,,,,,,,,,,,e,interact,,0,0
3334,111133,,,,,,,,,,,,,,,,,,,,,,,,,0,0
3335,111167,,,,,,,,,,,,,,,,,,,,,,,,,0,0
3336,111200,,,,,,,,,,,,,,,,,,,,,,,,,0,0
3337,111233,,,,,,,,,,,,,,,,,,,,,,,,,0,0
3338,111267,,,,,,,,,,,,,,,,,,,,,,,,,0,0
3339,111300,,,,,,,,,,,,,,,,,,,,,,,,,0,0
3340,111333,,,,,,,,,,,,,,,,,,,,,,,,,0,0
3341,111367,,,,,,,,,,,,,,,,,,,,,,,,,0,0
3342,111400,,,,,,,,,,,,,,,,,,,,,,,,,0,0
3343,111433,,,,,,,,,,,,,,,,,,,,,,,,,0,0
3344,111467,,,,,,,,,,,,,,,,,,,,,,,,,0,0
3345,111500,,,,,,,,,,,,,,,,,,,,,,,,,0,0
3346,111533,,,,,,,,,,,,,,,,,,,,,,,,,0,0
3347,111567,,,,,,,,,,,,,,,,,,,,,,,,,0,0
3348,111600,,,,,,,,,,,,,,,,,,,,,,,,,0,0
3349,111633,,,,,,,,,,,,,,,,,,,,,,,,,0,0
3350,111667,,,,,,,,,,,,,,,,,,,,,,,,,0,0
3351,111700,,,,,,,,,,,,,,,,,,,,,,,,,0,0
3352,111733,,,,,,,,,,,,,,,,,,,,,,,,,0,0
3353,111767,,,,,,,,,,,,,,,,,,,,,,,,,0,0
3354,111800,,,,,,,,,,,,,,,,,,,,,,,,,0,0
3355,111833,,,,,,,,,,,,,,,,,,,,,,,,,0,0
3356,111867,,,,,,,,,,,,,,,,,,,,,,e,interact,,0,0
3357,111900,,,,,,,,,,,,,,,,,,,,,,e|w,interact|move_up,,0,0
3358,111933,,,,,,,,,,,,,,,,,,,,,,e|w,interact|move_up,,0,0
3359,111967,,,,,,,,,,,,,,,,,,,,,,e|w,interact|move_up,,0,0
3360,112000,,,,,,,,,,,,,,,,,,,,,,w,move_up,,0,0
3361,112033,,,,,,,,,,,,,,,,,,,,,,w,move_up,,0,0
3362,112067,,,,,,,,,,,,,,,,,,,,,,,,,0,0
3363,112100,,,,,,,,,,,,,,,,,,,,,,,,,0,0
3364,112133,,,,,,,,,,,,,,,,,,,,,,,,,0,0
3365,112167,,,,,,,,,,,,,,,,,,,,,,,,,0,0
3366,112200,,,,,,,,,,,,,,,,,,,,,,,,,0,0
3367,112233,,,,,,,,,,,,,,,,,,,,,,,,,0,0
3368,112267,,,,,,,,,,,,,,,,,,,,,,,,,0,0
3369,112300,,,,,,,,,,,,,,,,,,,,,,,,,0,0
3370,112333,,,,,,,,,,,,,,,,,,,,,,e,interact,,0,0
3371,112367,,,,,,,,,,,,,,,,,,,,,,e,interact,,0,0
3372,112400,,,,,,,,,,,,,,,,,,,,,,e,interact,,0,0
3373,112433,,,,,,,,,,,,,,,,,,,,,,,,,0,0
3374,112467,,,,,,,,,,,,,,,,,,,,,,,,,0,0
3375,112500,,,,,,,,,,,,,,,,,,,,,,,,,0,0
3376,112533,,,,,,,,,,,,,,,,,,,,,,,,,0,0
3377,112567,,,,,,,,,,,,,,,,,,,,,,,,,0,0
3378,112600,,,,,,,,,,,,,,,,,,,,,,,,,0,0
3379,112633,,,,,,,,,,,,,,,,,,,,,,,,,0,0
3380,112667,,,,,,,,,,,,,,,,,,,,,,,,,0,0
3381,112700,,,,,,,,,,,,,,,,,,,,,,,,,0,0
3382,112733,,,,,,,,,,,,,,,,,,,,,,,,,0,0
3383,112767,,,,,,,,,,,,,,,,,,,,,,,,,0,0
3384,112800,,,,,,,,,,,,,,,,,,,,,,,,,0,0
3385,112833,,,,,,,,,,,,,,,,,,,,,,,,,0,0
3386,112867,,,,,,,,,,,,,,,,,,,,,,,,,0,0
3387,112900,,,,,,,,,,,,,,,,,,,,,,,,,0,0
3388,112933,,,,,,,,,,,,,,,,,,,,,,,,,0,0
3389,112967,,,,,,,,,,,,,,,,,,,,,,,,,0,0
3390,113000,,,,,,,,,,,,,,,,,,,,,,,,,0,0
3391,113033,,,,,,,,,,,,,,,,,,,,,,,,,0,0
3392,113067,,,,,,,,,,,,,,,,,,,,,,,,,0,0
3393,113100,,,,,,,,,,,,,,,,,,,,,,,,,0,0
3394,113133,,,,,,,,,,,,,,,,,,,,,,,,,0,0
3395,113167,,,,,,,,,,,,,,,,,,,,,,,,,0,0
3396,113200,,,,,,,,,,,,,,,,,,,,,,,,,0,0
3397,113233,,,,,,,,,,,,,,,,,,,,,,,,,0,0
3398,113267,,,,,,,,,,,,,,,,,,,,,,,,,0,0
3399,113300,,,,,,,,,,,,,,,,,,,,,,,,,0,0
3400,113333,,,,,,,,,,,,,,,,,,,,,,,,,0,0
3401,113367,,,,,,,,,,,,,,,,,,,,,,,,,0,0
3402,113400,,,,,,,,,,,,,,,,,,,,,,,,,0,0
3403,113433,,,,,,,,,,,,,,,,,,,,,,,,,0,0
3404,113467,,,,,,,,,,,,,,,,,,,,,,,,,0,0
3405,113500,,,,,,,,,,,,,,,,,,,,,,,,,0,0
3406,113533,,,,,,,,,,,,,,,,,,,,,,,,,0,0
3407,113567,,,,,,,,,,,,,,,,,,,,,,,,,0,0
3408,113600,,,,,,,,,,,,,,,,,,,,,,,,,0,0
3409,113633,,,,,,,,,,,,,,,,,,,,,,,,,0,0
3410,113667,,,,,,,,,,,,,,,,,,,,,,,,,0,0
3411,113700,,,,,,,,,,,,,,,,,,,,,,,,,0,0
3412,113733,,,,,,,,,,,,,,,,,,,,,,,,,0,0
3413,113767,,,,,,,,,,,,,,,,,,,,,,,,,0,0
3414,113800,,,,,,,,,,,,,,,,,,,,,,,,,0,0
3415,113833,,,,,,,,,,,,,,,,,,,,,,,,,0,0
3416,113867,,,,,,,,,,,,,,,,,,,,,,,,,0,0
3417,113900,,,,,,,,,,,,,,,,,,,,,,,,,0,0
3418,113933,,,,,,,,,,,,,,,,,,,,,,,,,0,0
3419,113967,,,,,,,,,,,,,,,,,,,,,,,,,0,0
3420,114000,,,,,,,,,,,,,,,,,,,,,,,,,0,0
3421,114033,,,,,,,,,,,,,,,,,,,,,,,,,0,0
3422,114067,,,,,,,,,,,,,,,,,,,,,,,,,0,0
3423,114100,,,,,,,,,,,,,,,,,,,,,,,,,0,0
3424,114133,,,,,,,,,,,,,,,,,,,,,,,,,0,0
3425,114167,,,,,,,,,,,,,,,,,,,,,,,,,0,0
3426,114200,,,,,,,,,,,,,,,,,,,,,,,,,0,0
3427,114233,,,,,,,,,,,,,,,,,,,,,,,,,0,0
3428,114267,,,,,,,,,,,,,,,,,,,,,,,,,0,0
3429,114300,,,,,,,,,,,,,,,,,,,,,,,,,0,0
3430,114333,,,,,,,,,,,,,,,,,,,,,,,,,0,0
3431,114367,,,,,,,,,,,,,,,,,,,,,,,,,0,0
3432,114400,,,,,,,,,,,,,,,,,,,,,,,,,0,0
3433,114433,,,,,,,,,,,,,,,,,,,,,,,,,0,0
3434,114467,,,,,,,,,,,,,,,,,,,,,,,,,0,0
3435,114500,,,,,,,,,,,,,,,,,,,,,,,,,0,0
3436,114533,,,,,,,,,,,,,,,,,,,,,,,,,0,0
3437,114567,,,,,,,,,,,,,,,,,,,,,,,,,0,0
3438,114600,,,,,,,,,,,,,,,,,,,,,,,,,0,0
3439,114633,,,,,,,,,,,,,,,,,,,,,,,,,0,0
3440,114667,,,,,,,,,,,,,,,,,,,,,,,,,0,0
3441,114700,,,,,,,,,,,,,,,,,,,,,,,,,0,0
3442,114733,,,,,,,,,,,,,,,,,,,,,,,,,0,0
3443,114767,,,,,,,,,,,,,,,,,,,,,,,,,0,0
3444,114800,,,,,,,,,,,,,,,,,,,,,,,,,0,0
3445,114833,,,,,,,,,,,,,,,,,,,,,,,,,0,0
3446,114867,,,,,,,,,,,,,,,,,,,,,,,,,0,0
3447,114900,,,,,,,,,,,,,,,,,,,,,,,,,0,0
3448,114933,,,,,,,,,,,,,,,,,,,,,,,,,0,0
3449,114967,,,,,,,,,,,,,,,,,,,,,,,,,0,0
3450,115000,,,,,,,,,,,,,,,,,,,,,,,,,0,0
3451,115033,,,,,,,,,,,,,,,,,,,,,,,,,0,0
3452,115067,,,,,,,,,,,,,,,,,,,,,,,,,0,0
3453,115100,,,,,,,,,,,,,,,,,,,,,,,,,0,0
3454,115133,,,,,,,,,,,,,,,,,,,,,,,,,0,0
3455,115167,,,,,,,,,,,,,,,,,,,,,,,,,0,0
3456,115200,,,,,,,,,,,,,,,,,,,,,,w,move_up,,0,0
3457,115233,,,,,,,,,,,,,,,,,,,,,,w,move_up,,0,0
3458,115267,,,,,,,,,,,,,,,,,,,,,,w,move_up,,0,0
3459,115300,,,,,,,,,,,,,,,,,,,,,,a|w,move_up|move_left,,0,0
3460,115333,,,,,,,,,,,,,,,,,,,,,,a|w,move_up|move_left,,0,0
3461,115367,,,,,,,,,,,,,,,,,,,,,,a|w,move_up|move_left,,0,0
3462,115400,,,,,,,,,,,,,,,,,,,,,,a|w,move_up|move_left,,0,0
3463,115433,,,,,,,,,,,,,,,,,,,,,,a|w,move_up|move_left,,0,0
3464,115467,,,,,,,,,,,,,,,,,,,,,,a|w,move_up|move_left,,0,0
3465,115500,,,,,,,,,,,,,,,,,,,,,,a|w,move_up|move_left,,0,0
3466,115533,,,,,,,,,,,,,,,,,,,,,,a|w,move_up|move_left,,0,0
3467,115567,,,,,,,,,,,,,,,,,,,,,,a|w,move_up|move_left,,0,0
3468,115600,,,,,,,,,,,,,,,,,,,,,,a|w,move_up|move_left,,0,0
3469,115633,,,,,,,,,,,,,,,,,,,,,,w,move_up,,0,0
3470,115667,,,,,,,,,,,,,,,,,,,,,,w,move_up,,0,0
3471,115700,,,,,,,,,,,,,,,,,,,,,,w,move_up,,0,0
3472,115733,,,,,,,,,,,,,,,,,,,,,,w,move_up,,0,0
3473,115767,,,,,,,,,,,,,,,,,,,,,,w,move_up,,0,0
3474,115800,,,,,,,,,,,,,,,,,,,,,,w,move_up,,0,0
3475,115833,,,,,,,,,,,,,,,,,,,,,,w,move_up,,0,0
3476,115867,,,,,,,,,,,,,,,,,,,,,,w,move_up,,0,0
3477,115900,,,,,,,,,,,,,,,,,,,,,,,,,0,0
3478,115933,,,,,,,,,,,,,,,,,,,,,,,,,0,0
3479,115967,,,,,,,,,,,,,,,,,,,,,,,,,0,0
3480,116000,,,,,,,,,,,,,,,,,,,,,,,,,0,0
3481,116033,,,,,,,,,,,,,,,,,,,,,,,,,0,0
3482,116067,,,,,,,,,,,,,,,,,,,,,,,,,0,0
3483,116100,,,,,,,,,,,,,,,,,,,,,,,,,0,0
3484,116133,,,,,,,,,,,,,,,,,,,,,,,,,0,0
3485,116167,,,,,,,,,,,,,,,,,,,,,,w,move_up,,0,0
3486,116200,,,,,,,,,,,,,,,,,,,,,,w,move_up,,0,0
3487,116233,,,,,,,,,,,,,,,,,,,,,,w,move_up,,0,0
3488,116267,,,,,,,,,,,,,,,,,,,,,,w,move_up,,0,0
3489,116300,,,,,,,,,,,,,,,,,,,,,,,,,0,0
3490,116333,,,,,,,,,,,,,,,,,,,,,,,,,0,0
3491,116367,,,,,,,,,,,,,,,,,,,,,,,,,0,0
3492,116400,,,,,,,,,,,,,,,,,,,,,,,,,0,0
3493,116433,,,,,,,,,,,,,,,,,,,,,,,,,0,0
3494,116467,,,,,,,,,,,,,,,,,,,,,,w,move_up,,0,0
3495,116500,,,,,,,,,,,,,,,,,,,,,,w,move_up,,0,0
3496,116533,,,,,,,,,,,,,,,,,,,,,,w,move_up,,0,0
3497,116567,,,,,,,,,,,,,,,,,,,,,,w,move_up,,0,0
3498,116600,,,,,,,,,,,,,,,,,,,,,,w,move_up,,0,0
3499,116633,,,,,,,,,,,,,,,,,,,,,,w,move_up,,0,0
3500,116667,,,,,,,,,,,,,,,,,,,,,,w,move_up,,0,0
3501,116700,,,,,,,,,,,,,,,,,,,,,,w,move_up,,0,0
3502,116733,,,,,,,,,,,,,,,,,,,,,,w,move_up,,0,0
3503,116767,,,,,,,,,,,,,,,,,,,,,,w,move_up,,0,0
3504,116800,,,,,,,,,,,,,,,,,,,,,,w,move_up,,0,0
3505,116833,,,,,,,,,,,,,,,,,,,,,,w,move_up,,0,0
3506,116867,,,,,,,,,,,,,,,,,,,,,,w,move_up,,0,0
3507,116900,,,,,,,,,,,,,,,,,,,,,,w,move_up,,0,0
3508,116933,,,,,,,,,,,,,,,,,,,,,,,,,0,0
3509,116967,,,,,,,,,,,,,,,,,,,,,,,,,0,0
3510,117000,,,,,,,,,,,,,,,,,,,,,,,,,0,0
3511,117033,,,,,,,,,,,,,,,,,,,,,,,,,0,0
3512,117067,,,,,,,,,,,,,,,,,,,,,,w,move_up,,0,0
3513,117100,,,,,,,,,,,,,,,,,,,,,,w,move_up,,0,0
3514,117133,,,,,,,,,,,,,,,,,,,,,,w,move_up,,0,0
3515,117167,,,,,,,,,,,,,,,,,,,,,,w,move_up,,0,0
3516,117200,,,,,,,,,,,,,,,,,,,,,,w,move_up,,0,0
3517,117233,,,,,,,,,,,,,,,,,,,,,,w,move_up,,0,0
3518,117267,,,,,,,,,,,,,,,,,,,,,,e|w,interact|move_up,,0,0
3519,117300,,,,,,,,,,,,,,,,,,,,,,e|w,interact|move_up,,0,0
3520,117333,,,,,,,,,,,,,,,,,,,,,,e|w,interact|move_up,,0,0
3521,117367,,,,,,,,,,,,,,,,,,,,,,e|w,interact|move_up,,0,0
3522,117400,,,,,,,,,,,,,,,,,,,,,,e|w,interact|move_up,,0,0
3523,117433,,,,,,,,,,,,,,,,,,,,,,w,move_up,,0,0
3524,117467,,,,,,,,,,,,,,,,,,,,,,,,,0,0
3525,117500,,,,,,,,,,,,,,,,,,,,,,,,,0,0
3526,117533,,,,,,,,,,,,,,,,,,,,,,,,,0,0
3527,117567,,,,,,,,,,,,,,,,,,,,,,,,,0,0
3528,117600,,,,,,,,,,,,,,,,,,,,,,,,,0,0
3529,117633,,,,,,,,,,,,,,,,,,,,,,,,,0,0
3530,117667,,,,,,,,,,,,,,,,,,,,,,,,,0,0
3531,117700,,,,,,,,,,,,,,,,,,,,,,,,,0,0
3532,117733,,,,,,,,,,,,,,,,,,,,,,,,,0,0
3533,117767,,,,,,,,,,,,,,,,,,,,,,,,,0,0
3534,117800,,,,,,,,,,,,,,,,,,,,,,w,move_up,,0,0
3535,117833,,,,,,,,,,,,,,,,,,,,,,w,move_up,,0,0
3536,117867,,,,,,,,,,,,,,,,,,,,,,w,move_up,,0,0
3537,117900,,,,,,,,,,,,,,,,,,,,,,w,move_up,,0,0
3538,117933,,,,,,,,,,,,,,,,,,,,,,w,move_up,,0,0
3539,117967,,,,,,,,,,,,,,,,,,,,,,e|w,interact|move_up,,0,0
3540,118000,,,,,,,,,,,,,,,,,,,,,,e|w,interact|move_up,,0,0
3541,118033,,,,,,,,,,,,,,,,,,,,,,e|w,interact|move_up,,0,0
3542,118067,,,,,,,,,,,,,,,,,,,,,,e|w,interact|move_up,,0,0
3543,118100,,,,,,,,,,,,,,,,,,,,,,e|w,interact|move_up,,0,0
3544,118133,,,,,,,,,,,,,,,,,,,,,,w,move_up,,0,0
3545,118167,,,,,,,,,,,,,,,,,,,,,,w,move_up,,0,0
3546,118200,,,,,,,,,,,,,,,,,,,,,,w,move_up,,0,0
3547,118233,,,,,,,,,,,,,,,,,,,,,,w,move_up,,0,0
3548,118267,,,,,,,,,,,,,,,,,,,,,,w,move_up,,0,0
3549,118300,,,,,,,,,,,,,,,,,,,,,,w,move_up,,0,0
3550,118333,,,,,,,,,,,,,,,,,,,,,,w,move_up,,0,0
3551,118367,,,,,,,,,,,,,,,,,,,,,,w,move_up,,0,0
3552,118400,,,,,,,,,,,,,,,,,,,,,,w,move_up,,0,0
3553,118433,,,,,,,,,,,,,,,,,,,,,,w,move_up,,0,0
3554,118467,,,,,,,,,,,,,,,,,,,,,,w,move_up,,0,0
3555,118500,,,,,,,,,,,,,,,,,,,,,,,,,0,0
3556,118533,,,,,,,,,,,,,,,,,,,,,,,,,0,0
3557,118567,,,,,,,,,,,,,,,,,,,,,,,,,0,0
3558,118600,,,,,,,,,,,,,,,,,,,,,,,,,0,0
3559,118633,,,,,,,,,,,,,,,,,,,,,,,,,0,0
3560,118667,,,,,,,,,,,,,,,,,,,,,,,,,0,0
3561,118700,,,,,,,,,,,,,,,,,,,,,,,,,0,0
3562,118733,,,,,,,,,,,,,,,,,,,,,,,,,0,0
3563,118767,,,,,,,,,,,,,,,,,,,,,,,,,0,0
3564,118800,,,,,,,,,,,,,,,,,,,,,,,,,0,0
3565,118833,,,,,,,,,,,,,,,,,,,,,,,,,0,0
3566,118867,,,,,,,,,,,,,,,,,,,,,,,,,0,0
3567,118900,,,,,,,,,,,,,,,,,,,,,,,,,0,0
3568,118933,,,,,,,,,,,,,,,,,,,,,,,,,0,0
3569,118967,,,,,,,,,,,,,,,,,,,,,,,,,0,0
3570,119000,,,,,,,,,,,,,,,,,,,,,,,,,0,0
3571,119033,,,,,,,,,,,,,,,,,,,,,,,,,0,0
3572,119067,,,,,,,,,,,,,,,,,,,,,,,,,0,0
3573,119100,,,,,,,,,,,,,,,,,,,,,,,,,0,0
3574,119133,,,,,,,,,,,,,,,,,,,,,,,,,0,0
3575,119167,,,,,,,,,,,,,,,,,,,,,,,,,0,0
3576,119200,,,,,,,,,,,,,,,,,,,,,,,,,0,0
3577,119233,,,,,,,,,,,,,,,,,,,,,,,,,0,0
3578,119267,,,,,,,,,,,,,,,,,,,,,,,,,0,0
3579,119300,,,,,,,,,,,,,,,,,,,,,,,,,0,0
3580,119333,,,,,,,,,,,,,,,,,,,,,,,,,0,0
3581,119367,,,,,,,,,,,,,,,,,,,,,,,,,0,0
3582,119400,,,,,,,,,,,,,,,,,,,,,,,,,0,0
3583,119433,,,,,,,,,,,,,,,,,,,,,,,,,0,0
3584,119467,,,,,,,,,,,,,,,,,,,,,,,,,0,0
3585,119500,,,,,,,,,,,,,,,,,,,,,,,,,0,0
3586,119533,,,,,,,,,,,,,,,,,,,,,,,,,0,0
3587,119567,,,,,,,,,,,,,,,,,,,,,,,,,0,0
3588,119600,,,,,,,,,,,,,,,,,,,,,,,,,0,0
3589,119633,,,,,,,,,,,,,,,,,,,,,,,,,0,0
3590,119667,,,,,,,,,,,,,,,,,,,,,,,,,0,0
3591,119700,,,,,,,,,,,,,,,,,,,,,,,,,0,0
3592,119733,,,,,,,,,,,,,,,,,,,,,,,,,0,0
3593,119767,,,,,,,,,,,,,,,,,,,,,,,,,0,0
3594,119800,,,,,,,,,,,,,,,,,,,,,,,,,0,0
3595,119833,,,,,,,,,,,,,,,,,,,,,,,,,0,0
3596,119867,,,,,,,,,,,,,,,,,,,,,,,,,0,0
3597,119900,,,,,,,,,,,,,,,,,,,,,,,,,0,0
3598,119933,,,,,,,,,,,,,,,,,,,,,,,,,0,0
3599,119967,,,,,,,,,,,,,,,,,,,,,,,,,0,0
3600,120000,,,,,,,,,,,,,,,,,,,,,,,,,0,0
3601,120033,,,,,,,,,,,,,,,,,,,,,,,,,0,0
3602,120067,,,,,,,,,,,,,,,,,,,,,,,,,0,0
3603,120100,,,,,,,,,,,,,,,,,,,,,,,,,0,0
3604,120133,,,,,,,,,,,,,,,,,,,,,,,,,0,0
3605,120167,,,,,,,,,,,,,,,,,,,,,,w,move_up,,0,0
3606,120200,,,,,,,,,,,,,,,,,,,,,,w,move_up,,0,0
3607,120233,,,,,,,,,,,,,,,,,,,,,,w,move_up,,0,0
3608,120267,,,,,,,,,,,,,,,,,,,,,,w,move_up,,0,0
3609,120300,,,,,,,,,,,,,,,,,,,,,,w,move_up,,0,0
3610,120333,,,,,,,,,,,,,,,,,,,,,,w,move_up,,0,0
3611,120367,,,,,,,,,,,,,,,,,,,,,,w,move_up,,0,0
3612,120400,,,,,,,,,,,,,,,,,,,,,,w,move_up,,0,0
3613,120433,,,,,,,,,,,,,,,,,,,,,,w,move_up,,0,0
3614,120467,,,,,,,,,,,,,,,,,,,,,,a|w,move_up|move_left,,0,0
3615,120500,,,,,,,,,,,,,,,,,,,,,,a|w,move_up|move_left,,0,0
3616,120533,,,,,,,,,,,,,,,,,,,,,,a|w,move_up|move_left,,0,0
3617,120567,,,,,,,,,,,,,,,,,,,,,,w,move_up,,0,0
3618,120600,,,,,,,,,,,,,,,,,,,,,,w,move_up,,0,0
3619,120633,,,,,,,,,,,,,,,,,,,,,,w,move_up,,0,0
3620,120667,,,,,,,,,,,,,,,,,,,,,,w,move_up,,0,0
3621,120700,,,,,,,,,,,,,,,,,,,,,,w,move_up,,0,0
3622,120733,,,,,,,,,,,,,,,,,,,,,,w,move_up,,0,0
3623,120767,,,,,,,,,,,,,,,,,,,,,,w,move_up,,0,0
3624,120800,,,,,,,,,,,,,,,,,,,,,,w,move_up,,0,0
3625,120833,,,,,,,,,,,,,,,,,,,,,,w,move_up,,0,0
3626,120867,,,,,,,,,,,,,,,,,,,,,,,,,0,0
3627,120900,,,,,,,,,,,,,,,,,,,,,,,,,0,0
3628,120933,,,,,,,,,,,,,,,,,,,,,,,,,0,0
3629,120967,,,,,,,,,,,,,,,,,,,,,,,,,0,0
3630,121000,,,,,,,,,,,,,,,,,,,,,,,,,0,0
3631,121033,,,,,,,,,,,,,,,,,,,,,,,,,0,0
3632,121067,,,,,,,,,,,,,,,,,,,,,,,,,0,0
3633,121100,,,,,,,,,,,,,,,,,,,,,,,,,0,0
3634,121133,,,,,,,,,,,,,,,,,,,,,,,,,0,0
3635,121167,,,,,,,,,,,,,,,,,,,,,,,,,0,0
3636,121200,,,,,,,,,,,,,,,,,,,,,,w,move_up,,0,0
3637,121233,,,,,,,,,,,,,,,,,,,,,,w,move_up,,0,0
3638,121267,,,,,,,,,,,,,,,,,,,,,,w,move_up,,0,0
3639,121300,,,,,,,,,,,,,,,,,,,,,,w,move_up,,0,0
3640,121333,,,,,,,,,,,,,,,,,,,,,,w,move_up,,0,0
3641,121367,,,,,,,,,,,,,,,,,,,,,,w,move_up,,0,0
3642,121400,,,,,,,,,,,,,,,,,,,,,,,,,0,0
3643,121433,,,,,,,,,,,,,,,,,,,,,,,,,0,0
3644,121467,,,,,,,,,,,,,,,,,,,,,,,,,0,0
3645,121500,,,,,,,,,,,,,,,,,,,,,,,,,0,0
3646,121533,,,,,,,,,,,,,,,,,,,,,,,,,0,0
3647,121567,,,,,,,,,,,,,,,,,,,,,,,,,0,0
3648,121600,,,,,,,,,,,,,,,,,,,,,,,,,0,0
3649,121633,,,,,,,,,,,,,,,,,,,,,,,,,0,0
3650,121667,,,,,,,,,,,,,,,,,,,,,,,,,0,0
3651,121700,,,,,,,,,,,,,,,,,,,,,,,,,0,0
3652,121733,,,,,,,,,,,,,,,,,,,,,,,,,0,0
3653,121767,,,,,,,,,,,,,,,,,,,,,,,,,0,0
3654,121800,,,,,,,,,,,,,,,,,,,,,,,,,0,0
3655,121833,,,,,,,,,,,,,,,,,,,,,,,,,0,0
3656,121867,,,,,,,,,,,,,,,,,,,,,,,,,0,0
3657,121900,,,,,,,,,,,,,,,,,,,,,,,,,0,0
3658,121933,,,,,,,,,,,,,,,,,,,,,,,,,0,0
3659,121967,,,,,,,,,,,,,,,,,,,,,,,,,0,0
3660,122000,,,,,,,,,,,,,,,,,,,,,,,,,0,0
3661,122033,,,,,,,,,,,,,,,,,,,,,,,,,0,0
3662,122067,,,,,,,,,,,,,,,,,,,,,,,,,0,0
3663,122100,,,,,,,,,,,,,,,,,,,,,,,,,0,0
3664,122133,,,,,,,,,,,,,,,,,,,,,,w,move_up,,0,0
3665,122167,,,,,,,,,,,,,,,,,,,,,,w,move_up,,0,0
3666,122200,,,,,,,,,,,,,,,,,,,,,,w,move_up,,0,0
3667,122233,,,,,,,,,,,,,,,,,,,,,,e|w,interact|move_up,,0,0
3668,122267,,,,,,,,,,,,,,,,,,,,,,e,interact,,0,0
3669,122300,,,,,,,,,,,,,,,,,,,,,,e,interact,,0,0
3670,122333,,,,,,,,,,,,,,,,,,,,,,e,interact,,0,0
3671,122367,,,,,,,,,,,,,,,,,,,,,,,,,0,0
3672,122400,,,,,,,,,,,,,,,,,,,,,,,,,0,0
3673,122433,,,,,,,,,,,,,,,,,,,,,,,,,0,0
3674,122467,,,,,,,,,,,,,,,,,,,,,,,,,0,0
3675,122500,,,,,,,,,,,,,,,,,,,,,,,,,0,0
3676,122533,,,,,,,,,,,,,,,,,,,,,,,,,0,0
3677,122567,,,,,,,,,,,,,,,,,,,,,,,,,0,0
3678,122600,,,,,,,,,,,,,,,,,,,,,,,,,0,0
3679,122633,,,,,,,,,,,,,,,,,,,,,,,,,0,0
3680,122667,,,,,,,,,,,,,,,,,,,,,,,,,0,0
3681,122700,,,,,,,,,,,,,,,,,,,,,,,,,0,0
3682,122733,,,,,,,,,,,,,,,,,,,,,,,,,0,0
3683,122767,,,,,,,,,,,,,,,,,,,,,,,,,0,0
3684,122800,,,,,,,,,,,,,,,,,,,,,,,,,0,0
3685,122833,,,,,,,,,,,,,,,,,,,,,,,,,0,0
3686,122867,,,,,,,,,,,,,,,,,,,,,,,,,0,0
3687,122900,,,,,,,,,,,,,,,,,,,,,,,,,0,0
3688,122933,,,,,,,,,,,,,,,,,,,,,,,,,0,0
3689,122967,,,,,,,,,,,,,,,,,,,,,,,,,0,0
3690,123000,,,,,,,,,,,,,,,,,,,,,,,,,0,0
3691,123033,,,,,,,,,,,,,,,,,,,,,,,,,0,0
3692,123067,,,,,,,,,,,,,,,,,,,,,,,,,0,0
3693,123100,,,,,,,,,,,,,,,,,,,,,,,,,0,0
3694,123133,,,,,,,,,,,,,,,,,,,,,,,,,0,0
3695,123167,,,,,,,,,,,,,,,,,,,,,,,,,0,0
3696,123200,,,,,,,,,,,,,,,,,,,,,,,,,0,0
3697,123233,,,,,,,,,,,,,,,,,,,,,,,,,0,0
3698,123267,,,,,,,,,,,,,,,,,,,,,,,,,0,0
3699,123300,,,,,,,,,,,,,,,,,,,,,,,,,0,0
3700,123333,,,,,,,,,,,,,,,,,,,,,,,,,0,0
3701,123367,,,,,,,,,,,,,,,,,,,,,,,,,0,0
3702,123400,,,,,,,,,,,,,,,,,,,,,,,,,0,0
3703,123433,,,,,,,,,,,,,,,,,,,,,,,,,0,0
3704,123467,,,,,,,,,,,,,,,,,,,,,,,,,0,0
3705,123500,,,,,,,,,,,,,,,,,,,,,,,,,0,0
3706,123533,,,,,,,,,,,,,,,,,,,,,,,,,0,0
3707,123567,,,,,,,,,,,,,,,,,,,,,,,,,0,0
3708,123600,,,,,,,,,,,,,,,,,,,,,,,,,0,0
3709,123633,,,,,,,,,,,,,,,,,,,,,,,,,0,0
3710,123667,,,,,,,,,,,,,,,,,,,,,,,,,0,0
3711,123700,,,,,,,,,,,,,,,,,,,,,,,,,0,0
3712,123733,,,,,,,,,,,,,,,,,,,,,,,,,0,0
3713,123767,,,,,,,,,,,,,,,,,,,,,,,,,0,0
3714,123800,,,,,,,,,,,,,,,,,,,,,,,,,0,0
3715,123833,,,,,,,,,,,,,,,,,,,,,,,,,0,0
3716,123867,,,,,,,,,,,,,,,,,,,,,,,,,0,0
3717,123900,,,,,,,,,,,,,,,,,,,,,,,,,0,0
3718,123933,,,,,,,,,,,,,,,,,,,,,,,,,0,0
3719,123967,,,,,,,,,,,,,,,,,,,,,,,,,0,0
3720,124000,,,,,,,,,,,,,,,,,,,,,,,,,0,0
3721,124033,,,,,,,,,,,,,,,,,,,,,,,,,0,0
3722,124067,,,,,,,,,,,,,,,,,,,,,,,,,0,0
3723,124100,,,,,,,,,,,,,,,,,,,,,,,,,0,0
3724,124133,,,,,,,,,,,,,,,,,,,,,,,,,0,0
3725,124167,,,,,,,,,,,,,,,,,,,,,,,,,0,0
3726,124200,,,,,,,,,,,,,,,,,,,,,,,,,0,0
3727,124233,,,,,,,,,,,,,,,,,,,,,,,,,0,0
3728,124267,,,,,,,,,,,,,,,,,,,,,,,,,0,0
3729,124300,,,,,,,,,,,,,,,,,,,,,,,,,0,0
3730,124333,,,,,,,,,,,,,,,,,,,,,,,,,0,0
3731,124367,,,,,,,,,,,,,,,,,,,,,,,,,0,0
3732,124400,,,,,,,,,,,,,,,,,,,,,,,,,0,0
3733,124433,,,,,,,,,,,,,,,,,,,,,,,,,0,0
3734,124467,,,,,,,,,,,,,,,,,,,,,,,,,0,0
3735,124500,,,,,,,,,,,,,,,,,,,,,,,,,0,0
3736,124533,,,,,,,,,,,,,,,,,,,,,,,,,0,0
3737,124567,,,,,,,,,,,,,,,,,,,,,,,,,0,0
3738,124600,,,,,,,,,,,,,,,,,,,,,,,,,0,0
3739,124633,,,,,,,,,,,,,,,,,,,,,,,,,0,0
3740,124667,,,,,,,,,,,,,,,,,,,,,,,,,0,0
3741,124700,,,,,,,,,,,,,,,,,,,,,,,,,0,0
3742,124733,,,,,,,,,,,,,,,,,,,,,,,,,0,0
3743,124767,,,,,,,,,,,,,,,,,,,,,,e,interact,,0,0
3744,124800,,,,,,,,,,,,,,,,,,,,,,e,interact,,0,0
3745,124833,,,,,,,,,,,,,,,,,,,,,,e,interact,,0,0
3746,124867,,,,,,,,,,,,,,,,,,,,,,e,interact,,0,0
3747,124900,,,,,,,,,,,,,,,,,,,,,,,,,0,0
3748,124933,,,,,,,,,,,,,,,,,,,,,,,,,0,0
3749,124967,,,,,,,,,,,,,,,,,,,,,,,,,0,0
3750,125000,,,,,,,,,,,,,,,,,,,,,,,,,0,0
3751,125033,,,,,,,,,,,,,,,,,,,,,,,,,0,0
3752,125067,,,,,,,,,,,,,,,,,,,,,,,,,0,0
3753,125100,,,,,,,,,,,,,,,,,,,,,,,,,0,0
3754,125133,,,,,,,,,,,,,,,,,,,,,,,,,0,0
3755,125167,,,,,,,,,,,,,,,,,,,,,,,,,0,0
3756,125200,,,,,,,,,,,,,,,,,,,,,,,,,0,0
3757,125233,,,,,,,,,,,,,,,,,,,,,,,,,0,0
3758,125267,,,,,,,,,,,,,,,,,,,,,,,,,0,0
3759,125300,,,,,,,,,,,,,,,,,,,,,,,,,0,0
3760,125333,,,,,,,,,,,,,,,,,,,,,,,,,0,0
3761,125367,,,,,,,,,,,,,,,,,,,,,,,,,0,0
3762,125400,,,,,,,,,,,,,,,,,,,,,,,,,0,0
3763,125433,,,,,,,,,,,,,,,,,,,,,,,,,0,0
3764,125467,,,,,,,,,,,,,,,,,,,,,,,,,0,0
3765,125500,,,,,,,,,,,,,,,,,,,,,,,,,0,0
3766,125533,,,,,,,,,,,,,,,,,,,,,,,,,0,0
3767,125567,,,,,,,,,,,,,,,,,,,,,,,,,0,0
3768,125600,,,,,,,,,,,,,,,,,,,,,,,,,0,0
3769,125633,,,,,,,,,,,,,,,,,,,,,,,,,0,0
3770,125667,,,,,,,,,,,,,,,,,,,,,,,,,0,0
3771,125700,,,,,,,,,,,,,,,,,,,,,,,,,0,0
3772,125733,,,,,,,,,,,,,,,,,,,,,,,,,0,0
3773,125767,,,,,,,,,,,,,,,,,,,,,,,,,0,0
3774,125800,,,,,,,,,,,,,,,,,,,,,,,,,0,0
3775,125833,,,,,,,,,,,,,,,,,,,,,,,,,0,0
3776,125867,,,,,,,,,,,,,,,,,,,,,,,,,0,0
3777,125900,,,,,,,,,,,,,,,,,,,,,,,,,0,0
3778,125933,,,,,,,,,,,,,,,,,,,,,,,,,0,0
3779,125967,,,,,,,,,,,,,,,,,,,,,,,,,0,0
3780,126000,,,,,,,,,,,,,,,,,,,,,,,,,0,0
3781,126033,,,,,,,,,,,,,,,,,,,,,,,,,0,0
3782,126067,,,,,,,,,,,,,,,,,,,,,,,,,0,0
3783,126100,,,,,,,,,,,,,,,,,,,,,,,,,0,0
3784,126133,,,,,,,,,,,,,,,,,,,,,,,,,0,0
3785,126167,,,,,,,,,,,,,,,,,,,,,,,,,0,0
3786,126200,,,,,,,,,,,,,,,,,,,,,,,,,0,0
3787,126233,,,,,,,,,,,,,,,,,,,,,,,,,0,0
3788,126267,,,,,,,,,,,,,,,,,,,,,,,,,0,0
3789,126300,,,,,,,,,,,,,,,,,,,,,,,,,0,0
3790,126333,,,,,,,,,,,,,,,,,,,,,,,,,0,0
3791,126367,,,,,,,,,,,,,,,,,,,,,,,,,0,0
3792,126400,,,,,,,,,,,,,,,,,,,,,,,,,0,0
3793,126433,,,,,,,,,,,,,,,,,,,,,,,,,0,0
3794,126467,,,,,,,,,,,,,,,,,,,,,,,,,0,0
3795,126500,,,,,,,,,,,,,,,,,,,,,,,,,0,0
3796,126533,,,,,,,,,,,,,,,,,,,,,,w,move_up,,0,0
3797,126567,,,,,,,,,,,,,,,,,,,,,,w,move_up,,0,0
3798,126600,,,,,,,,,,,,,,,,,,,,,,w,move_up,,0,0
3799,126633,,,,,,,,,,,,,,,,,,,,,,w,move_up,,0,0
3800,126667,,,,,,,,,,,,,,,,,,,,,,w,move_up,,0,0
3801,126700,,,,,,,,,,,,,,,,,,,,,,w,move_up,,0,0
3802,126733,,,,,,,,,,,,,,,,,,,,,,w,move_up,,0,0
3803,126767,,,,,,,,,,,,,,,,,,,,,,w,move_up,,0,0
3804,126800,,,,,,,,,,,,,,,,,,,,,,w,move_up,,0,0
3805,126833,,,,,,,,,,,,,,,,,,,,,,w,move_up,,0,0
3806,126867,,,,,,,,,,,,,,,,,,,,,,w,move_up,,0,0
3807,126900,,,,,,,,,,,,,,,,,,,,,,w,move_up,,0,0
3808,126933,,,,,,,,,,,,,,,,,,,,,,w,move_up,,0,0
3809,126967,,,,,,,,,,,,,,,,,,,,,,w,move_up,,0,0
3810,127000,,,,,,,,,,,,,,,,,,,,,,w,move_up,,0,0
3811,127033,,,,,,,,,,,,,,,,,,,,,,w,move_up,,0,0
3812,127067,,,,,,,,,,,,,,,,,,,,,,w,move_up,,0,0
3813,127100,,,,,,,,,,,,,,,,,,,,,,w,move_up,,0,0
3814,127133,,,,,,,,,,,,,,,,,,,,,,w,move_up,,0,0
3815,127167,,,,,,,,,,,,,,,,,,,,,,w,move_up,,0,0
3816,127200,,,,,,,,,,,,,,,,,,,,,,a|w,move_up|move_left,,0,0
3817,127233,,,,,,,,,,,,,,,,,,,,,,a|w,move_up|move_left,,0,0
3818,127267,,,,,,,,,,,,,,,,,,,,,,a|w,move_up|move_left,,0,0
3819,127300,,,,,,,,,,,,,,,,,,,,,,a|w,move_up|move_left,,0,0
3820,127333,,,,,,,,,,,,,,,,,,,,,,a|w,move_up|move_left,,0,0
3821,127367,,,,,,,,,,,,,,,,,,,,,,w,move_up,,0,0
3822,127400,,,,,,,,,,,,,,,,,,,,,,w,move_up,,0,0
3823,127433,,,,,,,,,,,,,,,,,,,,,,w,move_up,,0,0
3824,127467,,,,,,,,,,,,,,,,,,,,,,w,move_up,,0,0
3825,127500,,,,,,,,,,,,,,,,,,,,,,w,move_up,,0,0
3826,127533,,,,,,,,,,,,,,,,,,,,,,,,,0,0
3827,127567,,,,,,,,,,,,,,,,,,,,,,,,,0,0
3828,127600,,,,,,,,,,,,,,,,,,,,,,,,,0,0
3829,127633,,,,,,,,,,,,,,,,,,,,,,,,,0,0
3830,127667,,,,,,,,,,,,,,,,,,,,,,,,,0,0
3831,127700,,,,,,,,,,,,,,,,,,,,,,,,,0,0
3832,127733,,,,,,,,,,,,,,,,,,,,,,w,move_up,,0,0
3833,127767,,,,,,,,,,,,,,,,,,,,,,w,move_up,,0,0
3834,127800,,,,,,,,,,,,,,,,,,,,,,w,move_up,,0,0
3835,127833,,,,,,,,,,,,,,,,,,,,,,w,move_up,,0,0
3836,127867,,,,,,,,,,,,,,,,,,,,,,w,move_up,,0,0
3837,127900,,,,,,,,,,,,,,,,,,,,,,w,move_up,,0,0
3838,127933,,,,,,,,,,,,,,,,,,,,,,w,move_up,,0,0
3839,127967,,,,,,,,,,,,,,,,,,,,,,w,move_up,,0,0
3840,128000,,,,,,,,,,,,,,,,,,,,,,,,,0,0
3841,128033,,,,,,,,,,,,,,,,,,,,,,,,,0,0
3842,128067,,,,,,,,,,,,,,,,,,,,,,,,,0,0
3843,128100,,,,,,,,,,,,,,,,,,,,,,,,,0,0
3844,128133,,,,,,,,,,,,,,,,,,,,,,,,,0,0
3845,128167,,,,,,,,,,,,,,,,,,,,,,w,move_up,,0,0
3846,128200,,,,,,,,,,,,,,,,,,,,,,w,move_up,,0,0
3847,128233,,,,,,,,,,,,,,,,,,,,,,w,move_up,,0,0
3848,128267,,,,,,,,,,,,,,,,,,,,,,w,move_up,,0,0
3849,128300,,,,,,,,,,,,,,,,,,,,,,d|w,move_up|move_right,,0,0
3850,128333,,,,,,,,,,,,,,,,,,,,,,d|w,move_up|move_right,,0,0
3851,128367,,,,,,,,,,,,,,,,,,,,,,d|w,move_up|move_right,,0,0
3852,128400,,,,,,,,,,,,,,,,,,,,,,d|w,move_up|move_right,,0,0
3853,128433,,,,,,,,,,,,,,,,,,,,,,d|w,move_up|move_right,,0,0
3854,128467,,,,,,,,,,,,,,,,,,,,,,d|w,move_up|move_right,,0,0
3855,128500,,,,,,,,,,,,,,,,,,,,,,,,,0,0
3856,128533,,,,,,,,,,,,,,,,,,,,,,,,,0,0
3857,128567,,,,,,,,,,,,,,,,,,,,,,,,,0,0
3858,128600,,,,,,,,,,,,,,,,,,,,,,,,,0,0
3859,128633,,,,,,,,,,,,,,,,,,,,,,,,,0,0
3860,128667,,,,,,,,,,,,,,,,,,,,,,,,,0,0
3861,128700,,,,,,,,,,,,,,,,,,,,,,,,,0,0
3862,128733,,,,,,,,,,,,,,,,,,,,,,,,,0,0
3863,128767,,,,,,,,,,,,,,,,,,,,,,d,move_right,,0,0
3864,128800,,,,,,,,,,,,,,,,,,,,,,d,move_right,,0,0
3865,128833,,,,,,,,,,,,,,,,,,,,,,d,move_right,,0,0
3866,128867,,,,,,,,,,,,,,,,,,,,,,d,move_right,,0,0
3867,128900,,,,,,,,,,,,,,,,,,,,,,d,move_right,,0,0
3868,128933,,,,,,,,,,,,,,,,,,,,,,d|w,move_up|move_right,,0,0
3869,128967,,,,,,,,,,,,,,,,,,,,,,d|w,move_up|move_right,,0,0
3870,129000,,,,,,,,,,,,,,,,,,,,,,d|w,move_up|move_right,,0,0
3871,129033,,,,,,,,,,,,,,,,,,,,,,w,move_up,,0,0
3872,129067,,,,,,,,,,,,,,,,,,,,,,w,move_up,,0,0
3873,129100,,,,,,,,,,,,,,,,,,,,,,w,move_up,,0,0
3874,129133,,,,,,,,,,,,,,,,,,,,,,,,,0,0
3875,129167,,,,,,,,,,,,,,,,,,,,,,,,,0,0
3876,129200,,,,,,,,,,,,,,,,,,,,,,,,,0,0
3877,129233,,,,,,,,,,,,,,,,,,,,,,,,,0,0
3878,129267,,,,,,,,,,,,,,,,,,,,,,,,,0,0
3879,129300,,,,,,,,,,,,,,,,,,,,,,,,,0,0
3880,129333,,,,,,,,,,,,,,,,,,,,,,,,,0,0
3881,129367,,,,,,,,,,,,,,,,,,,,,,,,,0,0
3882,129400,,,,,,,,,,,,,,,,,,,,,,,,,0,0
3883,129433,,,,,,,,,,,,,,,,,,,,,,,,,0,0
3884,129467,,,,,,,,,,,,,,,,,,,,,,,,,0,0
3885,129500,,,,,,,,,,,,,,,,,,,,,,,,,0,0
3886,129533,,,,,,,,,,,,,,,,,,,,,,,,,0,0
3887,129567,,,,,,,,,,,,,,,,,,,,,,,,,0,0
3888,129600,,,,,,,,,,,,,,,,,,,,,,,,,0,0
3889,129633,,,,,,,,,,,,,,,,,,,,,,,,,0,0
3890,129667,,,,,,,,,,,,,,,,,,,,,,,,,0,0
3891,129700,,,,,,,,,,,,,,,,,,,,,,,,,0,0
3892,129733,,,,,,,,,,,,,,,,,,,,,,,,,0,0
3893,129767,,,,,,,,,,,,,,,,,,,,,,,,,0,0
3894,129800,,,,,,,,,,,,,,,,,,,,,,,,,0,0
3895,129833,,,,,,,,,,,,,,,,,,,,,,,,,0,0
3896,129867,,,,,,,,,,,,,,,,,,,,,,,,,0,0
3897,129900,,,,,,,,,,,,,,,,,,,,,,,,,0,0
3898,129933,,,,,,,,,,,,,,,,,,,,,,w,move_up,,0,0
3899,129967,,,,,,,,,,,,,,,,,,,,,,w,move_up,,0,0
3900,130000,,,,,,,,,,,,,,,,,,,,,,w,move_up,,0,0
3901,130033,,,,,,,,,,,,,,,,,,,,,,w,move_up,,0,0
3902,130067,,,,,,,,,,,,,,,,,,,,,,w,move_up,,0,0
3903,130100,,,,,,,,,,,,,,,,,,,,,,w,move_up,,0,0
3904,130133,,,,,,,,,,,,,,,,,,,,,,w,move_up,,0,0
3905,130167,,,,,,,,,,,,,,,,,,,,,,w,move_up,,0,0
3906,130200,,,,,,,,,,,,,,,,,,,,,,w,move_up,,0,0
3907,130233,,,,,,,,,,,,,,,,,,,,,,w,move_up,,0,0
3908,130267,,,,,,,,,,,,,,,,,,,,,,d|w,move_up|move_right,,0,0
3909,130300,,,,,,,,,,,,,,,,,,,,,,d|w,move_up|move_right,,0,0
3910,130333,,,,,,,,,,,,,,,,,,,,,,d|w,move_up|move_right,,0,0
3911,130367,,,,,,,,,,,,,,,,,,,,,,d|w,move_up|move_right,,0,0
3912,130400,,,,,,,,,,,,,,,,,,,,,,d|w,move_up|move_right,,0,0
3913,130433,,,,,,,,,,,,,,,,,,,,,,d|w,move_up|move_right,,0,0
3914,130467,,,,,,,,,,,,,,,,,,,,,,d|w,move_up|move_right,,0,0
3915,130500,,,,,,,,,,,,,,,,,,,,,,d|w,move_up|move_right,,0,0
3916,130533,,,,,,,,,,,,,,,,,,,,,,d|w,move_up|move_right,,0,0
3917,130567,,,,,,,,,,,,,,,,,,,,,,d|w,move_up|move_right,,0,0
3918,130600,,,,,,,,,,,,,,,,,,,,,,d|w,move_up|move_right,,0,0
3919,130633,,,,,,,,,,,,,,,,,,,,,,d|w,move_up|move_right,,0,0
3920,130667,,,,,,,,,,,,,,,,,,,,,,d|w,move_up|move_right,,0,0
3921,130700,,,,,,,,,,,,,,,,,,,,,,d|w,move_up|move_right,,0,0
3922,130733,,,,,,,,,,,,,,,,,,,,,,d|w,move_up|move_right,,0,0
3923,130767,,,,,,,,,,,,,,,,,,,,,,d|w,move_up|move_right,,0,0
3924,130800,,,,,,,,,,,,,,,,,,,,,,d|w,move_up|move_right,,0,0
3925,130833,,,,,,,,,,,,,,,,,,,,,,w,move_up,,0,0
3926,130867,,,,,,,,,,,,,,,,,,,,,,w,move_up,,0,0
3927,130900,,,,,,,,,,,,,,,,,,,,,,,,,0,0
3928,130933,,,,,,,,,,,,,,,,,,,,,,,,,0,0
3929,130967,,,,,,,,,,,,,,,,,,,,,,,,,0,0
3930,131000,,,,,,,,,,,,,,,,,,,,,,,,,0,0
3931,131033,,,,,,,,,,,,,,,,,,,,,,,,,0,0
3932,131067,,,,,,,,,,,,,,,,,,,,,,,,,0,0
3933,131100,,,,,,,,,,,,,,,,,,,,,,,,,0,0
3934,131133,,,,,,,,,,,,,,,,,,,,,,,,,0,0
3935,131167,,,,,,,,,,,,,,,,,,,,,,,,,0,0
3936,131200,,,,,,,,,,,,,,,,,,,,,,w,move_up,,0,0
3937,131233,,,,,,,,,,,,,,,,,,,,,,w,move_up,,0,0
3938,131267,,,,,,,,,,,,,,,,,,,,,,w,move_up,,0,0
3939,131300,,,,,,,,,,,,,,,,,,,,,,a|w,move_up|move_left,,0,0
3940,131333,,,,,,,,,,,,,,,,,,,,,,a|w,move_up|move_left,,0,0
3941,131367,,,,,,,,,,,,,,,,,,,,,,a|w,move_up|move_left,,0,0
3942,131400,,,,,,,,,,,,,,,,,,,,,,a|w,move_up|move_left,,0,0
3943,131433,,,,,,,,,,,,,,,,,,,,,,a|w,move_up|move_left,,0,0
3944,131467,,,,,,,,,,,,,,,,,,,,,,a|w,move_up|move_left,,0,0
3945,131500,,,,,,,,,,,,,,,,,,,,,,w,move_up,,0,0
3946,131533,,,,,,,,,,,,,,,,,,,,,,w,move_up,,0,0
3947,131567,,,,,,,,,,,,,,,,,,,,,,d|w,move_up|move_right,,0,0
3948,131600,,,,,,,,,,,,,,,,,,,,,,d|w,move_up|move_right,,0,0
3949,131633,,,,,,,,,,,,,,,,,,,,,,d|w,move_up|move_right,,0,0
3950,131667,,,,,,,,,,,,,,,,,,,,,,d|w,move_up|move_right,,0,0
3951,131700,,,,,,,,,,,,,,,,,,,,,,d|w,move_up|move_right,,0,0
3952,131733,,,,,,,,,,,,,,,,,,,,,,d|w,move_up|move_right,,0,0
3953,131767,,,,,,,,,,,,,,,,,,,,,,d|w,move_up|move_right,,0,0
3954,131800,,,,,,,,,,,,,,,,,,,,,,d|w,move_up|move_right,,0,0
3955,131833,,,,,,,,,,,,,,,,,,,,,,d|w,move_up|move_right,,0,0
3956,131867,,,,,,,,,,,,,,,,,,,,,,d|w,move_up|move_right,,0,0
3957,131900,,,,,,,,,,,,,,,,,,,,,,d,move_right,,0,0
3958,131933,,,,,,,,,,,,,,,,,,,,,,d,move_right,,0,0
3959,131967,,,,,,,,,,,,,,,,,,,,,,,,,0,0
3960,132000,,,,,,,,,,,,,,,,,,,,,,,,,0,0
3961,132033,,,,,,,,,,,,,,,,,,,,,,,,,0,0
3962,132067,,,,,,,,,,,,,,,,,,,,,,,,,0,0
3963,132100,,,,,,,,,,,,,,,,,,,,,,,,,0,0
3964,132133,,,,,,,,,,,,,,,,,,,,,,w,move_up,,0,0
3965,132167,,,,,,,,,,,,,,,,,,,,,,w,move_up,,0,0
3966,132200,,,,,,,,,,,,,,,,,,,,,,w,move_up,,0,0
3967,132233,,,,,,,,,,,,,,,,,,,,,,w,move_up,,0,0
3968,132267,,,,,,,,,,,,,,,,,,,,,,w,move_up,,0,0
3969,132300,,,,,,,,,,,,,,,,,,,,,,w,move_up,,0,0
3970,132333,,,,,,,,,,,,,,,,,,,,,,w,move_up,,0,0
3971,132367,,,,,,,,,,,,,,,,,,,,,,w,move_up,,0,0
3972,132400,,,,,,,,,,,,,,,,,,,,,,w,move_up,,0,0
3973,132433,,,,,,,,,,,,,,,,,,,,,,w,move_up,,0,0
3974,132467,,,,,,,,,,,,,,,,,,,,,,w,move_up,,0,0
3975,132500,,,,,,,,,,,,,,,,,,,,,,w,move_up,,0,0
3976,132533,,,,,,,,,,,,,,,,,,,,,,w,move_up,,0,0
3977,132567,,,,,,,,,,,,,,,,,,,,,,w,move_up,,0,0
3978,132600,,,,,,,,,,,,,,,,,,,,,,w,move_up,,0,0
3979,132633,,,,,,,,,,,,,,,,,,,,,,w,move_up,,0,0
3980,132667,,,,,,,,,,,,,,,,,,,,,,w,move_up,,0,0
3981,132700,,,,,,,,,,,,,,,,,,,,,,w,move_up,,0,0
3982,132733,,,,,,,,,,,,,,,,,,,,,,w,move_up,,0,0
3983,132767,,,,,,,,,,,,,,,,,,,,,,w,move_up,,0,0
3984,132800,,,,,,,,,,,,,,,,,,,,,,w,move_up,,0,0
3985,132833,,,,,,,,,,,,,,,,,,,,,,w,move_up,,0,0
3986,132867,,,,,,,,,,,,,,,,,,,,,,w,move_up,,0,0
3987,132900,,,,,,,,,,,,,,,,,,,,,,w,move_up,,0,0
3988,132933,,,,,,,,,,,,,,,,,,,,,,w,move_up,,0,0
3989,132967,,,,,,,,,,,,,,,,,,,,,,w,move_up,,0,0
3990,133000,,,,,,,,,,,,,,,,,,,,,,w,move_up,,0,0
3991,133033,,,,,,,,,,,,,,,,,,,,,,w,move_up,,0,0
3992,133067,,,,,,,,,,,,,,,,,,,,,,w,move_up,,0,0
3993,133100,,,,,,,,,,,,,,,,,,,,,,w,move_up,,0,0
3994,133133,,,,,,,,,,,,,,,,,,,,,,w,move_up,,0,0
3995,133167,,,,,,,,,,,,,,,,,,,,,,w,move_up,,0,0
3996,133200,,,,,,,,,,,,,,,,,,,,,,w,move_up,,0,0
3997,133233,,,,,,,,,,,,,,,,,,,,,,w,move_up,,0,0
3998,133267,,,,,,,,,,,,,,,,,,,,,,w,move_up,,0,0
3999,133300,,,,,,,,,,,,,,,,,,,,,,w,move_up,,0,0
4000,133333,,,,,,,,,,,,,,,,,,,,,,w,move_up,,0,0
4001,133367,,,,,,,,,,,,,,,,,,,,,,w,move_up,,0,0
4002,133400,,,,,,,,,,,,,,,,,,,,,,w,move_up,,0,0
4003,133433,,,,,,,,,,,,,,,,,,,,,,w,move_up,,0,0
4004,133467,,,,,,,,,,,,,,,,,,,,,,w,move_up,,0,0
4005,133500,,,,,,,,,,,,,,,,,,,,,,w,move_up,,0,0
4006,133533,,,,,,,,,,,,,,,,,,,,,,w,move_up,,0,0
4007,133567,,,,,,,,,,,,,,,,,,,,,,w,move_up,,0,0
4008,133600,,,,,,,,,,,,,,,,,,,,,,w,move_up,,0,0
4009,133633,,,,,,,,,,,,,,,,,,,,,,w,move_up,,0,0
4010,133667,,,,,,,,,,,,,,,,,,,,,,w,move_up,,0,0
4011,133700,,,,,,,,,,,,,,,,,,,,,,w,move_up,,0,0
4012,133733,,,,,,,,,,,,,,,,,,,,,,w,move_up,,0,0
4013,133767,,,,,,,,,,,,,,,,,,,,,,w,move_up,,0,0
4014,133800,,,,,,,,,,,,,,,,,,,,,,w,move_up,,0,0
4015,133833,,,,,,,,,,,,,,,,,,,,,,w,move_up,,0,0
4016,133867,,,,,,,,,,,,,,,,,,,,,,w,move_up,,0,0
4017,133900,,,,,,,,,,,,,,,,,,,,,,w,move_up,,0,0
4018,133933,,,,,,,,,,,,,,,,,,,,,,w,move_up,,0,0
4019,133967,,,,,,,,,,,,,,,,,,,,,,w,move_up,,0,0
4020,134000,,,,,,,,,,,,,,,,,,,,,,w,move_up,,0,0
4021,134033,,,,,,,,,,,,,,,,,,,,,,w,move_up,,0,0
4022,134067,,,,,,,,,,,,,,,,,,,,,,w,move_up,,0,0
4023,134100,,,,,,,,,,,,,,,,,,,,,,w,move_up,,0,0
4024,134133,,,,,,,,,,,,,,,,,,,,,,w,move_up,,0,0
4025,134167,,,,,,,,,,,,,,,,,,,,,,w,move_up,,0,0
4026,134200,,,,,,,,,,,,,,,,,,,,,,w,move_up,,0,0
4027,134233,,,,,,,,,,,,,,,,,,,,,,w,move_up,,0,0
4028,134267,,,,,,,,,,,,,,,,,,,,,,w,move_up,,0,0
4029,134300,,,,,,,,,,,,,,,,,,,,,,w,move_up,,0,0
4030,134333,,,,,,,,,,,,,,,,,,,,,,w,move_up,,0,0
4031,134367,,,,,,,,,,,,,,,,,,,,,,w,move_up,,0,0
4032,134400,,,,,,,,,,,,,,,,,,,,,,w,move_up,,0,0
4033,134433,,,,,,,,,,,,,,,,,,,,,,w,move_up,,0,0
4034,134467,,,,,,,,,,,,,,,,,,,,,,w,move_up,,0,0
4035,134500,,,,,,,,,,,,,,,,,,,,,,w,move_up,,0,0
4036,134533,,,,,,,,,,,,,,,,,,,,,,w,move_up,,0,0
4037,134567,,,,,,,,,,,,,,,,,,,,,,w,move_up,,0,0
4038,134600,,,,,,,,,,,,,,,,,,,,,,w,move_up,,0,0
4039,134633,,,,,,,,,,,,,,,,,,,,,,w,move_up,,0,0
4040,134667,,,,,,,,,,,,,,,,,,,,,,w,move_up,,0,0
4041,134700,,,,,,,,,,,,,,,,,,,,,,w,move_up,,0,0
4042,134733,,,,,,,,,,,,,,,,,,,,,,w,move_up,,0,0
4043,134767,,,,,,,,,,,,,,,,,,,,,,w,move_up,,0,0
4044,134800,,,,,,,,,,,,,,,,,,,,,,w,move_up,,0,0
4045,134833,,,,,,,,,,,,,,,,,,,,,,a|w,move_up|move_left,,0,0
4046,134867,,,,,,,,,,,,,,,,,,,,,,a|w,move_up|move_left,,0,0
4047,134900,,,,,,,,,,,,,,,,,,,,,,a|w,move_up|move_left,,0,0
4048,134933,,,,,,,,,,,,,,,,,,,,,,a|w,move_up|move_left,,0,0
4049,134967,,,,,,,,,,,,,,,,,,,,,,a|w,move_up|move_left,,0,0
4050,135000,,,,,,,,,,,,,,,,,,,,,,a|w,move_up|move_left,,0,0
4051,135033,,,,,,,,,,,,,,,,,,,,,,a|w,move_up|move_left,,0,0
4052,135067,,,,,,,,,,,,,,,,,,,,,,a|w,move_up|move_left,,0,0
4053,135100,,,,,,,,,,,,,,,,,,,,,,a|w,move_up|move_left,,0,0
4054,135133,,,,,,,,,,,,,,,,,,,,,,a|w,move_up|move_left,,0,0
4055,135167,,,,,,,,,,,,,,,,,,,,,,a|w,move_up|move_left,,0,0
4056,135200,,,,,,,,,,,,,,,,,,,,,,a|w,move_up|move_left,,0,0
4057,135233,,,,,,,,,,,,,,,,,,,,,,w,move_up,,0,0
4058,135267,,,,,,,,,,,,,,,,,,,,,,w,move_up,,0,0
4059,135300,,,,,,,,,,,,,,,,,,,,,,w,move_up,,0,0
4060,135333,,,,,,,,,,,,,,,,,,,,,,w,move_up,,0,0
4061,135367,,,,,,,,,,,,,,,,,,,,,,w,move_up,,0,0
4062,135400,,,,,,,,,,,,,,,,,,,,,,w,move_up,,0,0
4063,135433,,,,,,,,,,,,,,,,,,,,,,w,move_up,,0,0
4064,135467,,,,,,,,,,,,,,,,,,,,,,w,move_up,,0,0
4065,135500,,,,,,,,,,,,,,,,,,,,,,w,move_up,,0,0
4066,135533,,,,,,,,,,,,,,,,,,,,,,w,move_up,,0,0
4067,135567,,,,,,,,,,,,,,,,,,,,,,w,move_up,,0,0
4068,135600,,,,,,,,,,,,,,,,,,,,,,w,move_up,,0,0
4069,135633,,,,,,,,,,,,,,,,,,,,,,w,move_up,,0,0
4070,135667,,,,,,,,,,,,,,,,,,,,,,w,move_up,,0,0
4071,135700,,,,,,,,,,,,,,,,,,,,,,w,move_up,,0,0
4072,135733,,,,,,,,,,,,,,,,,,,,,,w,move_up,,0,0
4073,135767,,,,,,,,,,,,,,,,,,,,,,,,,0,0
4074,135800,,,,,,,,,,,,,,,,,,,,,,,,,0,0
4075,135833,,,,,,,,,,,,,,,,,,,,,,,,,0,0
4076,135867,,,,,,,,,,,,,,,,,,,,,,,,,0,0
4077,135900,,,,,,,,,,,,,,,,,,,,,,,,,0,0
4078,135933,,,,,,,,,,,,,,,,,,,,,,,,,0,0
4079,135967,,,,,,,,,,,,,,,,,,,,,,,,,0,0
4080,136000,,,,,,,,,,,,,,,,,,,,,,,,,0,0
4081,136033,,,,,,,,,,,,,,,,,,,,,,,,,0,0
4082,136067,,,,,,,,,,,,,,,,,,,,,,,,,0,0
4083,136100,,,,,,,,,,,,,,,,,,,,,,,,,0,0
4084,136133,,,,,,,,,,,,,,,,,,,,,,,,,0,0
4085,136167,,,,,,,,,,,,,,,,,,,,,,w,move_up,,0,0
4086,136200,,,,,,,,,,,,,,,,,,,,,,d|w,move_up|move_right,,0,0
4087,136233,,,,,,,,,,,,,,,,,,,,,,d|w,move_up|move_right,,0,0
4088,136267,,,,,,,,,,,,,,,,,,,,,,d|w,move_up|move_right,,0,0
4089,136300,,,,,,,,,,,,,,,,,,,,,,d|w,move_up|move_right,,0,0
4090,136333,,,,,,,,,,,,,,,,,,,,,,d|w,move_up|move_right,,0,0
4091,136367,,,,,,,,,,,,,,,,,,,,,,d|w,move_up|move_right,,0,0
4092,136400,,,,,,,,,,,,,,,,,,,,,,d|w,move_up|move_right,,0,0
4093,136433,,,,,,,,,,,,,,,,,,,,,,d|w,move_up|move_right,,0,0
4094,136467,,,,,,,,,,,,,,,,,,,,,,w,move_up,,0,0
4095,136500,,,,,,,,,,,,,,,,,,,,,,w,move_up,,0,0
4096,136533,,,,,,,,,,,,,,,,,,,,,,w,move_up,,0,0
4097,136567,,,,,,,,,,,,,,,,,,,,,,w,move_up,,0,0
4098,136600,,,,,,,,,,,,,,,,,,,,,,w,move_up,,0,0
4099,136633,,,,,,,,,,,,,,,,,,,,,,w,move_up,,0,0
4100,136667,,,,,,,,,,,,,,,,,,,,,,w,move_up,,0,0
4101,136700,,,,,,,,,,,,,,,,,,,,,,w,move_up,,0,0
4102,136733,,,,,,,,,,,,,,,,,,,,,,,,,0,0
4103,136767,,,,,,,,,,,,,,,,,,,,,,,,,0,0
4104,136800,,,,,,,,,,,,,,,,,,,,,,,,,0,0
4105,136833,,,,,,,,,,,,,,,,,,,,,,,,,0,0
4106,136867,,,,,,,,,,,,,,,,,,,,,,w,move_up,,0,0
4107,136900,,,,,,,,,,,,,,,,,,,,,,w,move_up,,0,0
4108,136933,,,,,,,,,,,,,,,,,,,,,,w,move_up,,0,0
4109,136967,,,,,,,,,,,,,,,,,,,,,,w,move_up,,0,0
4110,137000,,,,,,,,,,,,,,,,,,,,,,w,move_up,,0,0
4111,137033,,,,,,,,,,,,,,,,,,,,,,w,move_up,,0,0
4112,137067,,,,,,,,,,,,,,,,,,,,,,w,move_up,,0,0
4113,137100,,,,,,,,,,,,,,,,,,,,,,w,move_up,,0,0
4114,137133,,,,,,,,,,,,,,,,,,,,,,w,move_up,,0,0
4115,137167,,,,,,,,,,,,,,,,,,,,,,w,move_up,,0,0
4116,137200,,,,,,,,,,,,,,,,,,,,,,w,move_up,,0,0
4117,137233,,,,,,,,,,,,,,,,,,,,,,w,move_up,,0,0
4118,137267,,,,,,,,,,,,,,,,,,,,,,w,move_up,,0,0
4119,137300,,,,,,,,,,,,,,,,,,,,,,w,move_up,,0,0
4120,137333,,,,,,,,,,,,,,,,,,,,,,w,move_up,,0,0
4121,137367,,,,,,,,,,,,,,,,,,,,,,w,move_up,,0,0
4122,137400,,,,,,,,,,,,,,,,,,,,,,w,move_up,,0,0
4123,137433,,,,,,,,,,,,,,,,,,,,,,w,move_up,,0,0
4124,137467,,,,,,,,,,,,,,,,,,,,,,w,move_up,,0,0
4125,137500,,,,,,,,,,,,,,,,,,,,,,w,move_up,,0,0
4126,137533,,,,,,,,,,,,,,,,,,,,,,w,move_up,,0,0
4127,137567,,,,,,,,,,,,,,,,,,,,,,a|w,move_up|move_left,,0,0
4128,137600,,,,,,,,,,,,,,,,,,,,,,a|w,move_up|move_left,,0,0
4129,137633,,,,,,,,,,,,,,,,,,,,,,a|w,move_up|move_left,,0,0
4130,137667,,,,,,,,,,,,,,,,,,,,,,a|w,move_up|move_left,,0,0
4131,137700,,,,,,,,,,,,,,,,,,,,,,a|w,move_up|move_left,,0,0
4132,137733,,,,,,,,,,,,,,,,,,,,,,a|w,move_up|move_left,,0,0
4133,137767,,,,,,,,,,,,,,,,,,,,,,w,move_up,,0,0
4134,137800,,,,,,,,,,,,,,,,,,,,,,w,move_up,,0,0
4135,137833,,,,,,,,,,,,,,,,,,,,,,w,move_up,,0,0
4136,137867,,,,,,,,,,,,,,,,,,,,,,,,,0,0
4137,137900,,,,,,,,,,,,,,,,,,,,,,,,,0,0
4138,137933,,,,,,,,,,,,,,,,,,,,,,,,,0,0
4139,137967,,,,,,,,,,,,,,,,,,,,,,,,,0,0
4140,138000,,,,,,,,,,,,,,,,,,,,,,w,move_up,,0,0
4141,138033,,,,,,,,,,,,,,,,,,,,,,w,move_up,,0,0
4142,138067,,,,,,,,,,,,,,,,,,,,,,w,move_up,,0,0
4143,138100,,,,,,,,,,,,,,,,,,,,,,w,move_up,,0,0
4144,138133,,,,,,,,,,,,,,,,,,,,,,w,move_up,,0,0
4145,138167,,,,,,,,,,,,,,,,,,,,,,w,move_up,,0,0
4146,138200,,,,,,,,,,,,,,,,,,,,,,w,move_up,,0,0
4147,138233,,,,,,,,,,,,,,,,,,,,,,d|w,move_up|move_right,,0,0
4148,138267,,,,,,,,,,,,,,,,,,,,,,d|w,move_up|move_right,,0,0
4149,138300,,,,,,,,,,,,,,,,,,,,,,d|w,move_up|move_right,,0,0
4150,138333,,,,,,,,,,,,,,,,,,,,,,d|w,move_up|move_right,,0,0
4151,138367,,,,,,,,,,,,,,,,,,,,,,d|w,move_up|move_right,,0,0
4152,138400,,,,,,,,,,,,,,,,,,,,,,w,move_up,,0,0
4153,138433,,,,,,,,,,,,,,,,,,,,,,w,move_up,,0,0
4154,138467,,,,,,,,,,,,,,,,,,,,,,w,move_up,,0,0
4155,138500,,,,,,,,,,,,,,,,,,,,,,w,move_up,,0,0
4156,138533,,,,,,,,,,,,,,,,,,,,,,w,move_up,,0,0
4157,138567,,,,,,,,,,,,,,,,,,,,,,d|w,move_up|move_right,,0,0
4158,138600,,,,,,,,,,,,,,,,,,,,,,d|w,move_up|move_right,,0,0
4159,138633,,,,,,,,,,,,,,,,,,,,,,d|w,move_up|move_right,,0,0
4160,138667,,,,,,,,,,,,,,,,,,,,,,d|w,move_up|move_right,,0,0
4161,138700,,,,,,,,,,,,,,,,,,,,,,d|w,move_up|move_right,,0,0
4162,138733,,,,,,,,,,,,,,,,,,,,,,w,move_up,,0,0
4163,138767,,,,,,,,,,,,,,,,,,,,,,w,move_up,,0,0
4164,138800,,,,,,,,,,,,,,,,,,,,,,w,move_up,,0,0
4165,138833,,,,,,,,,,,,,,,,,,,,,,w,move_up,,0,0
4166,138867,,,,,,,,,,,,,,,,,,,,,,w,move_up,,0,0
4167,138900,,,,,,,,,,,,,,,,,,,,,,w,move_up,,0,0
4168,138933,,,,,,,,,,,,,,,,,,,,,,w,move_up,,0,0
4169,138967,,,,,,,,,,,,,,,,,,,,,,w,move_up,,0,0
4170,139000,,,,,,,,,,,,,,,,,,,,,,w,move_up,,0,0
4171,139033,,,,,,,,,,,,,,,,,,,,,,w,move_up,,0,0
4172,139067,,,,,,,,,,,,,,,,,,,,,,w,move_up,,0,0
4173,139100,,,,,,,,,,,,,,,,,,,,,,w,move_up,,0,0
4174,139133,,,,,,,,,,,,,,,,,,,,,,w,move_up,,0,0
4175,139167,,,,,,,,,,,,,,,,,,,,,,w,move_up,,0,0
4176,139200,,,,,,,,,,,,,,,,,,,,,,w,move_up,,0,0
4177,139233,,,,,,,,,,,,,,,,,,,,,,w,move_up,,0,0
4178,139267,,,,,,,,,,,,,,,,,,,,,,w,move_up,,0,0
4179,139300,,,,,,,,,,,,,,,,,,,,,,w,move_up,,0,0
4180,139333,,,,,,,,,,,,,,,,,,,,,,w,move_up,,0,0
4181,139367,,,,,,,,,,,,,,,,,,,,,,w,move_up,,0,0
4182,139400,,,,,,,,,,,,,,,,,,,,,,w,move_up,,0,0
4183,139433,,,,,,,,,,,,,,,,,,,,,,w,move_up,,0,0
4184,139467,,,,,,,,,,,,,,,,,,,,,,w,move_up,,0,0
4185,139500,,,,,,,,,,,,,,,,,,,,,,w,move_up,,0,0
4186,139533,,,,,,,,,,,,,,,,,,,,,,w,move_up,,0,0
4187,139567,,,,,,,,,,,,,,,,,,,,,,w,move_up,,0,0
4188,139600,,,,,,,,,,,,,,,,,,,,,,w,move_up,,0,0
4189,139633,,,,,,,,,,,,,,,,,,,,,,w,move_up,,0,0
4190,139667,,,,,,,,,,,,,,,,,,,,,,w,move_up,,0,0
4191,139700,,,,,,,,,,,,,,,,,,,,,,d|w,move_up|move_right,,0,0
4192,139733,,,,,,,,,,,,,,,,,,,,,,d|w,move_up|move_right,,0,0
4193,139767,,,,,,,,,,,,,,,,,,,,,,d|w,move_up|move_right,,0,0
4194,139800,,,,,,,,,,,,,,,,,,,,,,d|w,move_up|move_right,,0,0
4195,139833,,,,,,,,,,,,,,,,,,,,,,,,,0,0
4196,139867,,,,,,,,,,,,,,,,,,,,,,,,,0,0
4197,139900,,,,,,,,,,,,,,,,,,,,,,,,,0,0
4198,139933,,,,,,,,,,,,,,,,,,,,,,,,,0,0
4199,139967,,,,,,,,,,,,,,,,,,,,,,,,,0,0
4200,140000,,,,,,,,,,,,,,,,,,,,,,,,,0,0
4201,140033,,,,,,,,,,,,,,,,,,,,,,,,,0,0
4202,140067,,,,,,,,,,,,,,,,,,,,,,,,,0,0
4203,140100,,,,,,,,,,,,,,,,,,,,,,,,,0,0
4204,140133,,,,,,,,,,,,,,,,,,,,,,,,,0,0
4205,140167,,,,,,,,,,,,,,,,,,,,,,,,,0,0
4206,140200,,,,,,,,,,,,,,,,,,,,,,,,,0,0
4207,140233,,,,,,,,,,,,,,,,,,,,,,,,,0,0
4208,140267,,,,,,,,,,,,,,,,,,,,,,w,move_up,,0,0
4209,140300,,,,,,,,,,,,,,,,,,,,,,w,move_up,,0,0
4210,140333,,,,,,,,,,,,,,,,,,,,,,w,move_up,,0,0
4211,140367,,,,,,,,,,,,,,,,,,,,,,w,move_up,,0,0
4212,140400,,,,,,,,,,,,,,,,,,,,,,w,move_up,,0,0
4213,140433,,,,,,,,,,,,,,,,,,,,,,w,move_up,,0,0
4214,140467,,,,,,,,,,,,,,,,,,,,,,,,,0,0
4215,140500,,,,,,,,,,,,,,,,,,,,,,,,,0,0
4216,140533,,,,,,,,,,,,,,,,,,,,,,e,interact,,0,0
4217,140567,,,,,,,,,,,,,,,,,,,,,,e,interact,,0,0
4218,140600,,,,,,,,,,,,,,,,,,,,,,e,interact,,0,0
4219,140633,,,,,,,,,,,,,,,,,,,,,,e,interact,,0,0
4220,140667,,,,,,,,,,,,,,,,,,,,,,,,,0,0
4221,140700,,,,,,,,,,,,,,,,,,,,,,,,,0,0
4222,140733,,,,,,,,,,,,,,,,,,,,,,,,,0,0
4223,140767,,,,,,,,,,,,,,,,,,,,,,,,,0,0
4224,140800,,,,,,,,,,,,,,,,,,,,,,,,,0,0
4225,140833,,,,,,,,,,,,,,,,,,,,,,,,,0,0
4226,140867,,,,,,,,,,,,,,,,,,,,,,,,,0,0
4227,140900,,,,,,,,,,,,,,,,,,,,,,,,,0,0
4228,140933,,,,,,,,,,,,,,,,,,,,,,,,,0,0
4229,140967,,,,,,,,,,,,,,,,,,,,,,d,move_right,,0,0
4230,141000,,,,,,,,,,,,,,,,,,,,,,d,move_right,,0,0
4231,141033,,,,,,,,,,,,,,,,,,,,,,d|w,move_up|move_right,,0,0
4232,141067,,,,,,,,,,,,,,,,,,,,,,d|w,move_up|move_right,,0,0
4233,141100,,,,,,,,,,,,,,,,,,,,,,w,move_up,,0,0
4234,141133,,,,,,,,,,,,,,,,,,,,,,w,move_up,,0,0
4235,141167,,,,,,,,,,,,,,,,,,,,,,w,move_up,,0,0
4236,141200,,,,,,,,,,,,,,,,,,,,,,,,,0,0
4237,141233,,,,,,,,,,,,,,,,,,,,,,,,,0,0
4238,141267,,,,,,,,,,,,,,,,,,,,,,,,,0,0
4239,141300,,,,,,,,,,,,,,,,,,,,,,,,,0,0
4240,141333,,,,,,,,,,,,,,,,,,,,,,,,,0,0
4241,141367,,,,,,,,,,,,,,,,,,,,,,w,move_up,,0,0
4242,141400,,,,,,,,,,,,,,,,,,,,,,w,move_up,,0,0
4243,141433,,,,,,,,,,,,,,,,,,,,,,w,move_up,,0,0
4244,141467,,,,,,,,,,,,,,,,,,,,,,w,move_up,,0,0
4245,141500,,,,,,,,,,,,,,,,,,,,,,w,move_up,,0,0
4246,141533,,,,,,,,,,,,,,,,,,,,,,w,move_up,,0,0
4247,141567,,,,,,,,,,,,,,,,,,,,,,a|w,move_up|move_left,,0,0
4248,141600,,,,,,,,,,,,,,,,,,,,,,a|w,move_up|move_left,,0,0
4249,141633,,,,,,,,,,,,,,,,,,,,,,a|w,move_up|move_left,,0,0
4250,141667,,,,,,,,,,,,,,,,,,,,,,a|w,move_up|move_left,,0,0
4251,141700,,,,,,,,,,,,,,,,,,,,,,a|w,move_up|move_left,,0,0
4252,141733,,,,,,,,,,,,,,,,,,,,,,,,,0,0
4253,141767,,,,,,,,,,,,,,,,,,,,,,,,,0,0
4254,141800,,,,,,,,,,,,,,,,,,,,,,,,,0,0
4255,141833,,,,,,,,,,,,,,,,,,,,,,,,,0,0
4256,141867,,,,,,,,,,,,,,,,,,,,,,,,,0,0
4257,141900,,,,,,,,,,,,,,,,,,,,,,,,,0,0
4258,141933,,,,,,,,,,,,,,,,,,,,,,,,,0,0
4259,141967,,,,,,,,,,,,,,,,,,,,,,a,move_left,,0,0
4260,142000,,,,,,,,,,,,,,,,,,,,,,a,move_left,,0,0
4261,142033,,,,,,,,,,,,,,,,,,,,,,a,move_left,,0,0
4262,142067,,,,,,,,,,,,,,,,,,,,,,a,move_left,,0,0
4263,142100,,,,,,,,,,,,,,,,,,,,,,a,move_left,,0,0
4264,142133,,,,,,,,,,,,,,,,,,,,,,a,move_left,,0,0
4265,142167,,,,,,,,,,,,,,,,,,,,,,a,move_left,,0,0
4266,142200,,,,,,,,,,,,,,,,,,,,,,,,,0,0
4267,142233,,,,,,,,,,,,,,,,,,,,,,,,,0,0
4268,142267,,,,,,,,,,,,,,,,,,,,,,,,,0,0
4269,142300,,,,,,,,,,,,,,,,,,,,,,,,,0,0
4270,142333,,,,,,,,,,,,,,,,,,,,,,,,,0,0
4271,142367,,,,,,,,,,,,,,,,,,,,,,,,,0,0
4272,142400,,,,,,,,,,,,,,,,,,,,,,,,,0,0
4273,142433,,,,,,,,,,,,,,,,,,,,,,a,move_left,,0,0
4274,142467,,,,,,,,,,,,,,,,,,,,,,a|w,move_up|move_left,,0,0
4275,142500,,,,,,,,,,,,,,,,,,,,,,a|w,move_up|move_left,,0,0
4276,142533,,,,,,,,,,,,,,,,,,,,,,a|w,move_up|move_left,,0,0
4277,142567,,,,,,,,,,,,,,,,,,,,,,a|w,move_up|move_left,,0,0
4278,142600,,,,,,,,,,,,,,,,,,,,,,a|w,move_up|move_left,,0,0
4279,142633,,,,,,,,,,,,,,,,,,,,,,a|w,move_up|move_left,,0,0
4280,142667,,,,,,,,,,,,,,,,,,,,,,a|w,move_up|move_left,,0,0
4281,142700,,,,,,,,,,,,,,,,,,,,,,a|w,move_up|move_left,,0,0
4282,142733,,,,,,,,,,,,,,,,,,,,,,a|w,move_up|move_left,,0,0
4283,142767,,,,,,,,,,,,,,,,,,,,,,a|w,move_up|move_left,,0,0
4284,142800,,,,,,,,,,,,,,,,,,,,,,a|w,move_up|move_left,,0,0
4285,142833,,,,,,,,,,,,,,,,,,,,,,a|w,move_up|move_left,,0,0
4286,142867,,,,,,,,,,,,,,,,,,,,,,a|w,move_up|move_left,,0,0
4287,142900,,,,,,,,,,,,,,,,,,,,,,a|w,move_up|move_left,,0,0
4288,142933,,,,,,,,,,,,,,,,,,,,,,a|w,move_up|move_left,,0,0
4289,142967,,,,,,,,,,,,,,,,,,,,,,a|w,move_up|move_left,,0,0
4290,143000,,,,,,,,,,,,,,,,,,,,,,a|w,move_up|move_left,,0,0
4291,143033,,,,,,,,,,,,,,,,,,,,,,a|w,move_up|move_left,,0,0
4292,143067,,,,,,,,,,,,,,,,,,,,,,w,move_up,,0,0
4293,143100,,,,,,,,,,,,,,,,,,,,,,,,,0,0
4294,143133,,,,,,,,,,,,,,,,,,,,,,,,,0,0
4295,143167,,,,,,,,,,,,,,,,,,,,,,,,,0,0
4296,143200,,,,,,,,,,,,,,,,,,,,,,,,,0,0
4297,143233,,,,,,,,,,,,,,,,,,,,,,,,,0,0
4298,143267,,,,,,,,,,,,,,,,,,,,,,,,,0,0
4299,143300,,,,,,,,,,,,,,,,,,,,,,,,,0,0
4300,143333,,,,,,,,,,,,,,,,,,,,,,,,,0,0
4301,143367,,,,,,,,,,,,,,,,,,,,,,,,,0,0
4302,143400,,,,,,,,,,,,,,,,,,,,,,,,,0,0
4303,143433,,,,,,,,,,,,,,,,,,,,,,,,,0,0
4304,143467,,,,,,,,,,,,,,,,,,,,,,,,,0,0
4305,143500,,,,,,,,,,,,,,,,,,,,,,,,,0,0
4306,143533,,,,,,,,,,,,,,,,,,,,,,,,,0,0
4307,143567,,,,,,,,,,,,,,,,,,,,,,,,,0,0
4308,143600,,,,,,,,,,,,,,,,,,,,,,,,,0,0
4309,143633,,,,,,,,,,,,,,,,,,,,,,,,,0,0
4310,143667,,,,,,,,,,,,,,,,,,,,,,,,,0,0
4311,143700,,,,,,,,,,,,,,,,,,,,,,,,,0,0
4312,143733,,,,,,,,,,,,,,,,,,,,,,,,,0,0
4313,143767,,,,,,,,,,,,,,,,,,,,,,,,,0,0
4314,143800,,,,,,,,,,,,,,,,,,,,,,,,,0,0
4315,143833,,,,,,,,,,,,,,,,,,,,,,,,,0,0
4316,143867,,,,,,,,,,,,,,,,,,,,,,,,,0,0
4317,143900,,,,,,,,,,,,,,,,,,,,,,,,,0,0
4318,143933,,,,,,,,,,,,,,,,,,,,,,,,,0,0
4319,143967,,,,,,,,,,,,,,,,,,,,,,w,move_up,,0,0
4320,144000,,,,,,,,,,,,,,,,,,,,,,w,move_up,,0,0
4321,144033,,,,,,,,,,,,,,,,,,,,,,w,move_up,,0,0
4322,144067,,,,,,,,,,,,,,,,,,,,,,a|w,move_up|move_left,,0,0
4323,144100,,,,,,,,,,,,,,,,,,,,,,a|w,move_up|move_left,,0,0
4324,144133,,,,,,,,,,,,,,,,,,,,,,a|w,move_up|move_left,,0,0
4325,144167,,,,,,,,,,,,,,,,,,,,,,a|w,move_up|move_left,,0,0
4326,144200,,,,,,,,,,,,,,,,,,,,,,w,move_up,,0,0
4327,144233,,,,,,,,,,,,,,,,,,,,,,,,,0,0
4328,144267,,,,,,,,,,,,,,,,,,,,,,,,,0,0
4329,144300,,,,,,,,,,,,,,,,,,,,,,,,,0,0
4330,144333,,,,,,,,,,,,,,,,,,,,,,,,,0,0
4331,144367,,,,,,,,,,,,,,,,,,,,,,,,,0,0
4332,144400,,,,,,,,,,,,,,,,,,,,,,,,,0,0
4333,144433,,,,,,,,,,,,,,,,,,,,,,,,,0,0
4334,144467,,,,,,,,,,,,,,,,,,,,,,,,,0,0
4335,144500,,,,,,,,,,,,,,,,,,,,,,,,,0,0
4336,144533,,,,,,,,,,,,,,,,,,,,,,,,,0,0
4337,144567,,,,,,,,,,,,,,,,,,,,,,e,interact,,0,0
4338,144600,,,,,,,,,,,,,,,,,,,,,,e,interact,,0,0
4339,144633,,,,,,,,,,,,,,,,,,,,,,e,interact,,0,0
4340,144667,,,,,,,,,,,,,,,,,,,,,,e,interact,,0,0
4341,144700,,,,,,,,,,,,,,,,,,,,,,e,interact,,0,0
4342,144733,,,,,,,,,,,,,,,,,,,,,,,,,0,0
4343,144767,,,,,,,,,,,,,,,,,,,,,,,,,0,0
4344,144800,,,,,,,,,,,,,,,,,,,,,,,,,0,0
4345,144833,,,,,,,,,,,,,,,,,,,,,,,,,0,0
4346,144867,,,,,,,,,,,,,,,,,,,,,,,,,0,0
4347,144900,,,,,,,,,,,,,,,,,,,,,,,,,0,0
4348,144933,,,,,,,,,,,,,,,,,,,,,,,,,0,0
4349,144967,,,,,,,,,,,,,,,,,,,,,,,,,0,0
4350,145000,,,,,,,,,,,,,,,,,,,,,,,,,0,0
4351,145033,,,,,,,,,,,,,,,,,,,,,,,,,0,0
4352,145067,,,,,,,,,,,,,,,,,,,,,,,,,0,0
4353,145100,,,,,,,,,,,,,,,,,,,,,,,,,0,0
4354,145133,,,,,,,,,,,,,,,,,,,,,,,,,0,0
4355,145167,,,,,,,,,,,,,,,,,,,,,,,,,0,0
4356,145200,,,,,,,,,,,,,,,,,,,,,,,,,0,0
4357,145233,,,,,,,,,,,,,,,,,,,,,,,,,0,0
4358,145267,,,,,,,,,,,,,,,,,,,,,,e,interact,,0,0
4359,145300,,,,,,,,,,,,,,,,,,,,,,e,interact,,0,0
4360,145333,,,,,,,,,,,,,,,,,,,,,,e,interact,,0,0
4361,145367,,,,,,,,,,,,,,,,,,,,,,,,,0,0
4362,145400,,,,,,,,,,,,,,,,,,,,,,,,,0,0
4363,145433,,,,,,,,,,,,,,,,,,,,,,,,,0,0
4364,145467,,,,,,,,,,,,,,,,,,,,,,,,,0,0
4365,145500,,,,,,,,,,,,,,,,,,,,,,,,,0,0
4366,145533,,,,,,,,,,,,,,,,,,,,,,,,,0,0
4367,145567,,,,,,,,,,,,,,,,,,,,,,,,,0,0
4368,145600,,,,,,,,,,,,,,,,,,,,,,,,,0,0
4369,145633,,,,,,,,,,,,,,,,,,,,,,,,,0,0
4370,145667,,,,,,,,,,,,,,,,,,,,,,,,,0,0
4371,145700,,,,,,,,,,,,,,,,,,,,,,,,,0,0
4372,145733,,,,,,,,,,,,,,,,,,,,,,,,,0,0
4373,145767,,,,,,,,,,,,,,,,,,,,,,,,,0,0
4374,145800,,,,,,,,,,,,,,,,,,,,,,,,,0,0
4375,145833,,,,,,,,,,,,,,,,,,,,,,,,,0,0
4376,145867,,,,,,,,,,,,,,,,,,,,,,,,,0,0
4377,145900,,,,,,,,,,,,,,,,,,,,,,,,,0,0
4378,145933,,,,,,,,,,,,,,,,,,,,,,,,,0,0
4379,145967,,,,,,,,,,,,,,,,,,,,,,,,,0,0
4380,146000,,,,,,,,,,,,,,,,,,,,,,,,,0,0
4381,146033,,,,,,,,,,,,,,,,,,,,,,,,,0,0
4382,146067,,,,,,,,,,,,,,,,,,,,,,,,,0,0
4383,146100,,,,,,,,,,,,,,,,,,,,,,,,,0,0
4384,146133,,,,,,,,,,,,,,,,,,,,,,,,,0,0
4385,146167,,,,,,,,,,,,,,,,,,,,,,,,,0,0
4386,146200,,,,,,,,,,,,,,,,,,,,,,,,,0,0
4387,146233,,,,,,,,,,,,,,,,,,,,,,,,,0,0
4388,146267,,,,,,,,,,,,,,,,,,,,,,,,,0,0
4389,146300,,,,,,,,,,,,,,,,,,,,,,,,,0,0
4390,146333,,,,,,,,,,,,,,,,,,,,,,,,,0,0
4391,146367,,,,,,,,,,,,,,,,,,,,,,,,,0,0
4392,146400,,,,,,,,,,,,,,,,,,,,,,,,,0,0
4393,146433,,,,,,,,,,,,,,,,,,,,,,,,,0,0
4394,146467,,,,,,,,,,,,,,,,,,,,,,,,,0,0
4395,146500,,,,,,,,,,,,,,,,,,,,,,,,,0,0
4396,146533,,,,,,,,,,,,,,,,,,,,,,,,,0,0
4397,146567,,,,,,,,,,,,,,,,,,,,,,,,,0,0
4398,146600,,,,,,,,,,,,,,,,,,,,,,w,move_up,,0,0
4399,146633,,,,,,,,,,,,,,,,,,,,,,w,move_up,,0,0
4400,146667,,,,,,,,,,,,,,,,,,,,,,w,move_up,,0,0
4401,146700,,,,,,,,,,,,,,,,,,,,,,w,move_up,,0,0
4402,146733,,,,,,,,,,,,,,,,,,,,,,w,move_up,,0,0
4403,146767,,,,,,,,,,,,,,,,,,,,,,w,move_up,,0,0
4404,146800,,,,,,,,,,,,,,,,,,,,,,w,move_up,,0,0
4405,146833,,,,,,,,,,,,,,,,,,,,,,w,move_up,,0,0
4406,146867,,,,,,,,,,,,,,,,,,,,,,w,move_up,,0,0
4407,146900,,,,,,,,,,,,,,,,,,,,,,w,move_up,,0,0
4408,146933,,,,,,,,,,,,,,,,,,,,,,w,move_up,,0,0
4409,146967,,,,,,,,,,,,,,,,,,,,,,w,move_up,,0,0
4410,147000,,,,,,,,,,,,,,,,,,,,,,w,move_up,,0,0
4411,147033,,,,,,,,,,,,,,,,,,,,,,w,move_up,,0,0
4412,147067,,,,,,,,,,,,,,,,,,,,,,w,move_up,,0,0
4413,147100,,,,,,,,,,,,,,,,,,,,,,e,interact,,0,0
4414,147133,,,,,,,,,,,,,,,,,,,,,,e,interact,,0,0
4415,147167,,,,,,,,,,,,,,,,,,,,,,e,interact,,0,0
4416,147200,,,,,,,,,,,,,,,,,,,,,,e,interact,,0,0
4417,147233,,,,,,,,,,,,,,,,,,,,,,,,,0,0
4418,147267,,,,,,,,,,,,,,,,,,,,,,,,,0,0
4419,147300,,,,,,,,,,,,,,,,,,,,,,,,,0,0
4420,147333,,,,,,,,,,,,,,,,,,,,,,,,,0,0
4421,147367,,,,,,,,,,,,,,,,,,,,,,,,,0,0
4422,147400,,,,,,,,,,,,,,,,,,,,,,,,,0,0
4423,147433,,,,,,,,,,,,,,,,,,,,,,,,,0,0
4424,147467,,,,,,,,,,,,,,,,,,,,,,,,,0,0
4425,147500,,,,,,,,,,,,,,,,,,,,,,,,,0,0
4426,147533,,,,,,,,,,,,,,,,,,,,,,,,,0,0
4427,147567,,,,,,,,,,,,,,,,,,,,,,,,,0,0
4428,147600,,,,,,,,,,,,,,,,,,,,,,,,,0,0
4429,147633,,,,,,,,,,,,,,,,,,,,,,,,,0,0
4430,147667,,,,,,,,,,,,,,,,,,,,,,,,,0,0
4431,147700,,,,,,,,,,,,,,,,,,,,,,,,,0,0
4432,147733,,,,,,,,,,,,,,,,,,,,,,,,,0,0
4433,147767,,,,,,,,,,,,,,,,,,,,,,,,,0,0
4434,147800,,,,,,,,,,,,,,,,,,,,,,,,,0,0
4435,147833,,,,,,,,,,,,,,,,,,,,,,,,,0,0
4436,147867,,,,,,,,,,,,,,,,,,,,,,,,,0,0
4437,147900,,,,,,,,,,,,,,,,,,,,,,,,,0,0
4438,147933,,,,,,,,,,,,,,,,,,,,,,,,,0,0
4439,147967,,,,,,,,,,,,,,,,,,,,,,,,,0,0
4440,148000,,,,,,,,,,,,,,,,,,,,,,,,,0,0
4441,148033,,,,,,,,,,,,,,,,,,,,,,,,,0,0
4442,148067,,,,,,,,,,,,,,,,,,,,,,,,,0,0
4443,148100,,,,,,,,,,,,,,,,,,,,,,,,,0,0
4444,148133,,,,,,,,,,,,,,,,,,,,,,,,,0,0
4445,148167,,,,,,,,,,,,,,,,,,,,,,,,,0,0
4446,148200,,,,,,,,,,,,,,,,,,,,,,,,,0,0
4447,148233,,,,,,,,,,,,,,,,,,,,,,,,,0,0
4448,148267,,,,,,,,,,,,,,,,,,,,,,,,,0,0
4449,148300,,,,,,,,,,,,,,,,,,,,,,,,,0,0
4450,148333,,,,,,,,,,,,,,,,,,,,,,,,,0,0
4451,148367,,,,,,,,,,,,,,,,,,,,,,,,,0,0
4452,148400,,,,,,,,,,,,,,,,,,,,,,,,,0,0
4453,148433,,,,,,,,,,,,,,,,,,,,,,,,,0,0
4454,148467,,,,,,,,,,,,,,,,,,,,,,e,interact,,0,0
4455,148500,,,,,,,,,,,,,,,,,,,,,,e,interact,,0,0
4456,148533,,,,,,,,,,,,,,,,,,,,,,e,interact,,0,0
4457,148567,,,,,,,,,,,,,,,,,,,,,,,,,0,0
4458,148600,,,,,,,,,,,,,,,,,,,,,,,,,0,0
4459,148633,,,,,,,,,,,,,,,,,,,,,,,,,0,0
4460,148667,,,,,,,,,,,,,,,,,,,,,,,,,0,0
4461,148700,,,,,,,,,,,,,,,,,,,,,,,,,0,0
4462,148733,,,,,,,,,,,,,,,,,,,,,,,,,0,0
4463,148767,,,,,,,,,,,,,,,,,,,,,,,,,0,0
4464,148800,,,,,,,,,,,,,,,,,,,,,,,,,0,0
4465,148833,,,,,,,,,,,,,,,,,,,,,,,,,0,0
4466,148867,,,,,,,,,,,,,,,,,,,,,,,,,0,0
4467,148900,,,,,,,,,,,,,,,,,,,,,,,,,0,0
4468,148933,,,,,,,,,,,,,,,,,,,,,,,,,0,0
4469,148967,,,,,,,,,,,,,,,,,,,,,,,,,0,0
4470,149000,,,,,,,,,,,,,,,,,,,,,,,,,0,0
4471,149033,,,,,,,,,,,,,,,,,,,,,,,,,0,0
4472,149067,,,,,,,,,,,,,,,,,,,,,,,,,0,0
4473,149100,,,,,,,,,,,,,,,,,,,,,,,,,0,0
4474,149133,,,,,,,,,,,,,,,,,,,,,,,,,0,0
4475,149167,,,,,,,,,,,,,,,,,,,,,,,,,0,0
4476,149200,,,,,,,,,,,,,,,,,,,,,,w,move_up,,0,0
4477,149233,,,,,,,,,,,,,,,,,,,,,,w,move_up,,0,0
4478,149267,,,,,,,,,,,,,,,,,,,,,,w,move_up,,0,0
4479,149300,,,,,,,,,,,,,,,,,,,,,,w,move_up,,0,0
4480,149333,,,,,,,,,,,,,,,,,,,,,,w,move_up,,0,0
4481,149367,,,,,,,,,,,,,,,,,,,,,,w,move_up,,0,0
4482,149400,,,,,,,,,,,,,,,,,,,,,,w,move_up,,0,0
4483,149433,,,,,,,,,,,,,,,,,,,,,,w,move_up,,0,0
4484,149467,,,,,,,,,,,,,,,,,,,,,,w,move_up,,0,0
4485,149500,,,,,,,,,,,,,,,,,,,,,,w,move_up,,0,0
4486,149533,,,,,,,,,,,,,,,,,,,,,,d|w,move_up|move_right,,0,0
4487,149567,,,,,,,,,,,,,,,,,,,,,,d|w,move_up|move_right,,0,0
4488,149600,,,,,,,,,,,,,,,,,,,,,,d|w,move_up|move_right,,0,0
4489,149633,,,,,,,,,,,,,,,,,,,,,,d|w,move_up|move_right,,0,0
4490,149667,,,,,,,,,,,,,,,,,,,,,,d|w,move_up|move_right,,0,0
4491,149700,,,,,,,,,,,,,,,,,,,,,,d|w,move_up|move_right,,0,0
4492,149733,,,,,,,,,,,,,,,,,,,,,,d|w,move_up|move_right,,0,0
4493,149767,,,,,,,,,,,,,,,,,,,,,,d|w,move_up|move_right,,0,0
4494,149800,,,,,,,,,,,,,,,,,,,,,,,,,0,0
4495,149833,,,,,,,,,,,,,,,,,,,,,,,,,0,0
4496,149867,,,,,,,,,,,,,,,,,,,,,,,,,0,0
4497,149900,,,,,,,,,,,,,,,,,,,,,,,,,0,0
4498,149933,,,,,,,,,,,,,,,,,,,,,,,,,0,0
4499,149967,,,,,,,,,,,,,,,,,,,,,,,,,0,0
4500,150000,,,,,,,,,,,,,,,,,,,,,,,,,0,0
4501,150033,,,,,,,,,,,,,,,,,,,,,,,,,0,0
4502,150067,,,,,,,,,,,,,,,,,,,,,,,,,0,0
4503,150100,,,,,,,,,,,,,,,,,,,,,,,,,0,0
4504,150133,,,,,,,,,,,,,,,,,,,,,,w,move_up,,0,0
4505,150167,,,,,,,,,,,,,,,,,,,,,,w,move_up,,0,0
4506,150200,,,,,,,,,,,,,,,,,,,,,,w,move_up,,0,0
4507,150233,,,,,,,,,,,,,,,,,,,,,,w,move_up,,0,0
4508,150267,,,,,,,,,,,,,,,,,,,,,,w,move_up,,0,0
4509,150300,,,,,,,,,,,,,,,,,,,,,,,,,0,0
4510,150333,,,,,,,,,,,,,,,,,,,,,,,,,0,0
4511,150367,,,,,,,,,,,,,,,,,,,,,,,,,0,0
4512,150400,,,,,,,,,,,,,,,,,,,,,,e,interact,,0,0
4513,150433,,,,,,,,,,,,,,,,,,,,,,e,interact,,0,0
4514,150467,,,,,,,,,,,,,,,,,,,,,,e,interact,,0,0
4515,150500,,,,,,,,,,,,,,,,,,,,,,e,interact,,0,0
4516,150533,,,,,,,,,,,,,,,,,,,,,,,,,0,0
4517,150567,,,,,,,,,,,,,,,,,,,,,,,,,0,0
4518,150600,,,,,,,,,,,,,,,,,,,,,,,,,0,0
4519,150633,,,,,,,,,,,,,,,,,,,,,,,,,0,0
4520,150667,,,,,,,,,,,,,,,,,,,,,,,,,0,0
4521,150700,,,,,,,,,,,,,,,,,,,,,,,,,0,0
4522,150733,,,,,,,,,,,,,,,,,,,,,,,,,0,0
4523,150767,,,,,,,,,,,,,,,,,,,,,,,,,0,0
4524,150800,,,,,,,,,,,,,,,,,,,,,,w,move_up,,0,0
4525,150833,,,,,,,,,,,,,,,,,,,,,,w,move_up,,0,0
4526,150867,,,,,,,,,,,,,,,,,,,,,,w,move_up,,0,0
4527,150900,,,,,,,,,,,,,,,,,,,,,,w,move_up,,0,0
4528,150933,,,,,,,,,,,,,,,,,,,,,,w,move_up,,0,0
4529,150967,,,,,,,,,,,,,,,,,,,,,,w,move_up,,0,0
4530,151000,,,,,,,,,,,,,,,,,,,,,,,,,0,0
4531,151033,,,,,,,,,,,,,,,,,,,,,,,,,0,0
4532,151067,,,,,,,,,,,,,,,,,,,,,,,,,0,0
4533,151100,,,,,,,,,,,,,,,,,,,,,,,,,0,0
4534,151133,,,,,,,,,,,,,,,,,,,,,,,,,0,0
4535,151167,,,,,,,,,,,,,,,,,,,,,,,,,0,0
4536,151200,,,,,,,,,,,,,,,,,,,,,,,,,0,0
4537,151233,,,,,,,,,,,,,,,,,,,,,,e,interact,,0,0
4538,151267,,,,,,,,,,,,,,,,,,,,,,e,interact,,0,0
4539,151300,,,,,,,,,,,,,,,,,,,,,,e,interact,,0,0
4540,151333,,,,,,,,,,,,,,,,,,,,,,e,interact,,0,0
4541,151367,,,,,,,,,,,,,,,,,,,,,,,,,0,0
4542,151400,,,,,,,,,,,,,,,,,,,,,,,,,0,0
4543,151433,,,,,,,,,,,,,,,,,,,,,,,,,0,0
4544,151467,,,,,,,,,,,,,,,,,,,,,,,,,0,0
4545,151500,,,,,,,,,,,,,,,,,,,,,,,,,0,0
4546,151533,,,,,,,,,,,,,,,,,,,,,,,,,0,0
4547,151567,,,,,,,,,,,,,,,,,,,,,,,,,0,0
4548,151600,,,,,,,,,,,,,,,,,,,,,,e,interact,,0,0
4549,151633,,,,,,,,,,,,,,,,,,,,,,e,interact,,0,0
4550,151667,,,,,,,,,,,,,,,,,,,,,,e,interact,,0,0
4551,151700,,,,,,,,,,,,,,,,,,,,,,e,interact,,0,0
4552,151733,,,,,,,,,,,,,,,,,,,,,,e,interact,,0,0
4553,151767,,,,,,,,,,,,,,,,,,,,,,,,,0,0
4554,151800,,,,,,,,,,,,,,,,,,,,,,,,,0,0
4555,151833,,,,,,,,,,,,,,,,,,,,,,,,,0,0
4556,151867,,,,,,,,,,,,,,,,,,,,,,,,,0,0
4557,151900,,,,,,,,,,,,,,,,,,,,,,,,,0,0
4558,151933,,,,,,,,,,,,,,,,,,,,,,,,,0,0
4559,151967,,,,,,,,,,,,,,,,,,,,,,,,,0,0
4560,152000,,,,,,,,,,,,,,,,,,,,,,,,,0,0
4561,152033,,,,,,,,,,,,,,,,,,,,,,,,,0,0
4562,152067,,,,,,,,,,,,,,,,,,,,,,,,,0,0
4563,152100,,,,,,,,,,,,,,,,,,,,,,,,,0,0
4564,152133,,,,,,,,,,,,,,,,,,,,,,,,,0,0
4565,152167,,,,,,,,,,,,,,,,,,,,,,,,,0,0
4566,152200,,,,,,,,,,,,,,,,,,,,,,,,,0,0
4567,152233,,,,,,,,,,,,,,,,,,,,,,,,,0,0
4568,152267,,,,,,,,,,,,,,,,,,,,,,,,,0,0
4569,152300,,,,,,,,,,,,,,,,,,,,,,,,,0,0
4570,152333,,,,,,,,,,,,,,,,,,,,,,,,,0,0
4571,152367,,,,,,,,,,,,,,,,,,,,,,,,,0,0
4572,152400,,,,,,,,,,,,,,,,,,,,,,,,,0,0
4573,152433,,,,,,,,,,,,,,,,,,,,,,,,,0,0
4574,152467,,,,,,,,,,,,,,,,,,,,,,,,,0,0
4575,152500,,,,,,,,,,,,,,,,,,,,,,,,,0,0
4576,152533,,,,,,,,,,,,,,,,,,,,,,,,,0,0
4577,152567,,,,,,,,,,,,,,,,,,,,,,,,,0,0
4578,152600,,,,,,,,,,,,,,,,,,,,,,,,,0,0
4579,152633,,,,,,,,,,,,,,,,,,,,,,,,,0,0
4580,152667,,,,,,,,,,,,,,,,,,,,,,,,,0,0
4581,152700,,,,,,,,,,,,,,,,,,,,,,,,,0,0
4582,152733,,,,,,,,,,,,,,,,,,,,,,,,,0,0
4583,152767,,,,,,,,,,,,,,,,,,,,,,,,,0,0
4584,152800,,,,,,,,,,,,,,,,,,,,,,,,,0,0
4585,152833,,,,,,,,,,,,,,,,,,,,,,w,move_up,,0,0
4586,152867,,,,,,,,,,,,,,,,,,,,,,w,move_up,,0,0
4587,152900,,,,,,,,,,,,,,,,,,,,,,w,move_up,,0,0
4588,152933,,,,,,,,,,,,,,,,,,,,,,w,move_up,,0,0
4589,152967,,,,,,,,,,,,,,,,,,,,,,w,move_up,,0,0
4590,153000,,,,,,,,,,,,,,,,,,,,,,w,move_up,,0,0
4591,153033,,,,,,,,,,,,,,,,,,,,,,w,move_up,,0,0
4592,153067,,,,,,,,,,,,,,,,,,,,,,w,move_up,,0,0
4593,153100,,,,,,,,,,,,,,,,,,,,,,w,move_up,,0,0
4594,153133,,,,,,,,,,,,,,,,,,,,,,w,move_up,,0,0
4595,153167,,,,,,,,,,,,,,,,,,,,,,w,move_up,,0,0
4596,153200,,,,,,,,,,,,,,,,,,,,,,w,move_up,,0,0
4597,153233,,,,,,,,,,,,,,,,,,,,,,d|w,move_up|move_right,,0,0
4598,153267,,,,,,,,,,,,,,,,,,,,,,d|w,move_up|move_right,,0,0
4599,153300,,,,,,,,,,,,,,,,,,,,,,d|w,move_up|move_right,,0,0
4600,153333,,,,,,,,,,,,,,,,,,,,,,d|w,move_up|move_right,,0,0
4601,153367,,,,,,,,,,,,,,,,,,,,,,d|w,move_up|move_right,,0,0
4602,153400,,,,,,,,,,,,,,,,,,,,,,d|w,move_up|move_right,,0,0
4603,153433,,,,,,,,,,,,,,,,,,,,,,,,,0,0
4604,153467,,,,,,,,,,,,,,,,,,,,,,,,,0,0
4605,153500,,,,,,,,,,,,,,,,,,,,,,,,,0,0
4606,153533,,,,,,,,,,,,,,,,,,,,,,,,,0,0
4607,153567,,,,,,,,,,,,,,,,,,,,,,,,,0,0
4608,153600,,,,,,,,,,,,,,,,,,,,,,,,,0,0
4609,153633,,,,,,,,,,,,,,,,,,,,,,,,,0,0
4610,153667,,,,,,,,,,,,,,,,,,,,,,,,,0,0
4611,153700,,,,,,,,,,,,,,,,,,,,,,,,,0,0
4612,153733,,,,,,,,,,,,,,,,,,,,,,,,,0,0
4613,153767,,,,,,,,,,,,,,,,,,,,,,w,move_up,,0,0
4614,153800,,,,,,,,,,,,,,,,,,,,,,w,move_up,,0,0
4615,153833,,,,,,,,,,,,,,,,,,,,,,w,move_up,,0,0
4616,153867,,,,,,,,,,,,,,,,,,,,,,d|w,move_up|move_right,,0,0
4617,153900,,,,,,,,,,,,,,,,,,,,,,d|w,move_up|move_right,,0,0
4618,153933,,,,,,,,,,,,,,,,,,,,,,d|w,move_up|move_right,,0,0
4619,153967,,,,,,,,,,,,,,,,,,,,,,d|w,move_up|move_right,,0,0
4620,154000,,,,,,,,,,,,,,,,,,,,,,w,move_up,,0,0
4621,154033,,,,,,,,,,,,,,,,,,,,,,w,move_up,,0,0
4622,154067,,,,,,,,,,,,,,,,,,,,,,w,move_up,,0,0
4623,154100,,,,,,,,,,,,,,,,,,,,,,w,move_up,,0,0
4624,154133,,,,,,,,,,,,,,,,,,,,,,w,move_up,,0,0
4625,154167,,,,,,,,,,,,,,,,,,,,,,w,move_up,,0,0
4626,154200,,,,,,,,,,,,,,,,,,,,,,w,move_up,,0,0
4627,154233,,,,,,,,,,,,,,,,,,,,,,w,move_up,,0,0
4628,154267,,,,,,,,,,,,,,,,,,,,,,w,move_up,,0,0
4629,154300,,,,,,,,,,,,,,,,,,,,,,w,move_up,,0,0
4630,154333,,,,,,,,,,,,,,,,,,,,,,w,move_up,,0,0
4631,154367,,,,,,,,,,,,,,,,,,,,,,w,move_up,,0,0
4632,154400,,,,,,,,,,,,,,,,,,,,,,w,move_up,,0,0
4633,154433,,,,,,,,,,,,,,,,,,,,,,w,move_up,,0,0
4634,154467,,,,,,,,,,,,,,,,,,,,,,w,move_up,,0,0
4635,154500,,,,,,,,,,,,,,,,,,,,,,w,move_up,,0,0
4636,154533,,,,,,,,,,,,,,,,,,,,,,d|w,move_up|move_right,,0,0
4637,154567,,,,,,,,,,,,,,,,,,,,,,d|w,move_up|move_right,,0,0
4638,154600,,,,,,,,,,,,,,,,,,,,,,d|w,move_up|move_right,,0,0
4639,154633,,,,,,,,,,,,,,,,,,,,,,d|w,move_up|move_right,,0,0
4640,154667,,,,,,,,,,,,,,,,,,,,,,d|w,move_up|move_right,,0,0
4641,154700,,,,,,,,,,,,,,,,,,,,,,w,move_up,,0,0
4642,154733,,,,,,,,,,,,,,,,,,,,,,w,move_up,,0,0
4643,154767,,,,,,,,,,,,,,,,,,,,,,w,move_up,,0,0
4644,154800,,,,,,,,,,,,,,,,,,,,,,d|w,move_up|move_right,,0,0
4645,154833,,,,,,,,,,,,,,,,,,,,,,d|w,move_up|move_right,,0,0
4646,154867,,,,,,,,,,,,,,,,,,,,,,d|w,move_up|move_right,,0,0
4647,154900,,,,,,,,,,,,,,,,,,,,,,d|w,move_up|move_right,,0,0
4648,154933,,,,,,,,,,,,,,,,,,,,,,w,move_up,,0,0
4649,154967,,,,,,,,,,,,,,,,,,,,,,w,move_up,,0,0
4650,155000,,,,,,,,,,,,,,,,,,,,,,w,move_up,,0,0
4651,155033,,,,,,,,,,,,,,,,,,,,,,w,move_up,,0,0
4652,155067,,,,,,,,,,,,,,,,,,,,,,w,move_up,,0,0
4653,155100,,,,,,,,,,,,,,,,,,,,,,w,move_up,,0,0
4654,155133,,,,,,,,,,,,,,,,,,,,,,a|w,move_up|move_left,,0,0
4655,155167,,,,,,,,,,,,,,,,,,,,,,a|w,move_up|move_left,,0,0
4656,155200,,,,,,,,,,,,,,,,,,,,,,a|w,move_up|move_left,,0,0
4657,155233,,,,,,,,,,,,,,,,,,,,,,a|w,move_up|move_left,,0,0
4658,155267,,,,,,,,,,,,,,,,,,,,,,a|w,move_up|move_left,,0,0
4659,155300,,,,,,,,,,,,,,,,,,,,,,a|w,move_up|move_left,,0,0
4660,155333,,,,,,,,,,,,,,,,,,,,,,a|w,move_up|move_left,,0,0
4661,155367,,,,,,,,,,,,,,,,,,,,,,a|w,move_up|move_left,,0,0
4662,155400,,,,,,,,,,,,,,,,,,,,,,a|w,move_up|move_left,,0,0
4663,155433,,,,,,,,,,,,,,,,,,,,,,a|w,move_up|move_left,,0,0
4664,155467,,,,,,,,,,,,,,,,,,,,,,a|w,move_up|move_left,,0,0
4665,155500,,,,,,,,,,,,,,,,,,,,,,a|w,move_up|move_left,,0,0
4666,155533,,,,,,,,,,,,,,,,,,,,,,w,move_up,,0,0
4667,155567,,,,,,,,,,,,,,,,,,,,,,w,move_up,,0,0
4668,155600,,,,,,,,,,,,,,,,,,,,,,w,move_up,,0,0
4669,155633,,,,,,,,,,,,,,,,,,,,,,w,move_up,,0,0
4670,155667,,,,,,,,,,,,,,,,,,,,,,w,move_up,,0,0
4671,155700,,,,,,,,,,,,,,,,,,,,,,w,move_up,,0,0
4672,155733,,,,,,,,,,,,,,,,,,,,,,w,move_up,,0,0
4673,155767,,,,,,,,,,,,,,,,,,,,,,w,move_up,,0,0
4674,155800,,,,,,,,,,,,,,,,,,,,,,w,move_up,,0,0
4675,155833,,,,,,,,,,,,,,,,,,,,,,w,move_up,,0,0
4676,155867,,,,,,,,,,,,,,,,,,,,,,w,move_up,,0,0
4677,155900,,,,,,,,,,,,,,,,,,,,,,w,move_up,,0,0
4678,155933,,,,,,,,,,,,,,,,,,,,,,w,move_up,,0,0
4679,155967,,,,,,,,,,,,,,,,,,,,,,w,move_up,,0,0
4680,156000,,,,,,,,,,,,,,,,,,,,,,w,move_up,,0,0
4681,156033,,,,,,,,,,,,,,,,,,,,,,w,move_up,,0,0
4682,156067,,,,,,,,,,,,,,,,,,,,,,w,move_up,,0,0
4683,156100,,,,,,,,,,,,,,,,,,,,,,w,move_up,,0,0
4684,156133,,,,,,,,,,,,,,,,,,,,,,w,move_up,,0,0
4685,156167,,,,,,,,,,,,,,,,,,,,,,w,move_up,,0,0
4686,156200,,,,,,,,,,,,,,,,,,,,,,w,move_up,,0,0
4687,156233,,,,,,,,,,,,,,,,,,,,,,w,move_up,,0,0
4688,156267,,,,,,,,,,,,,,,,,,,,,,d|w,move_up|move_right,,0,0
4689,156300,,,,,,,,,,,,,,,,,,,,,,d|w,move_up|move_right,,0,0
4690,156333,,,,,,,,,,,,,,,,,,,,,,d|w,move_up|move_right,,0,0
4691,156367,,,,,,,,,,,,,,,,,,,,,,d|w,move_up|move_right,,0,0
4692,156400,,,,,,,,,,,,,,,,,,,,,,d|w,move_up|move_right,,0,0
4693,156433,,,,,,,,,,,,,,,,,,,,,,d|w,move_up|move_right,,0,0
4694,156467,,,,,,,,,,,,,,,,,,,,,,d|w,move_up|move_right,,0,0
4695,156500,,,,,,,,,,,,,,,,,,,,,,d|w,move_up|move_right,,0,0
4696,156533,,,,,,,,,,,,,,,,,,,,,,d|w,move_up|move_right,,0,0
4697,156567,,,,,,,,,,,,,,,,,,,,,,d|w,move_up|move_right,,0,0
4698,156600,,,,,,,,,,,,,,,,,,,,,,d|w,move_up|move_right,,0,0
4699,156633,,,,,,,,,,,,,,,,,,,,,,d|w,move_up|move_right,,0,0
4700,156667,,,,,,,,,,,,,,,,,,,,,,d|w,move_up|move_right,,0,0
4701,156700,,,,,,,,,,,,,,,,,,,,,,d|w,move_up|move_right,,0,0
4702,156733,,,,,,,,,,,,,,,,,,,,,,d|w,move_up|move_right,,0,0
4703,156767,,,,,,,,,,,,,,,,,,,,,,d|w,move_up|move_right,,0,0
4704,156800,,,,,,,,,,,,,,,,,,,,,,w,move_up,,0,0
4705,156833,,,,,,,,,,,,,,,,,,,,,,w,move_up,,0,0
4706,156867,,,,,,,,,,,,,,,,,,,,,,w,move_up,,0,0
4707,156900,,,,,,,,,,,,,,,,,,,,,,w,move_up,,0,0
4708,156933,,,,,,,,,,,,,,,,,,,,,,e|w,interact|move_up,,0,0
4709,156967,,,,,,,,,,,,,,,,,,,,,,e|w,interact|move_up,,0,0
4710,157000,,,,,,,,,,,,,,,,,,,,,,e|w,interact|move_up,,0,0
4711,157033,,,,,,,,,,,,,,,,,,,,,,e|w,interact|move_up,,0,0
4712,157067,,,,,,,,,,,,,,,,,,,,,,w,move_up,,0,0
4713,157100,,,,,,,,,,,,,,,,,,,,,,w,move_up,,0,0
4714,157133,,,,,,,,,,,,,,,,,,,,,,w,move_up,,0,0
4715,157167,,,,,,,,,,,,,,,,,,,,,,w,move_up,,0,0
4716,157200,,,,,,,,,,,,,,,,,,,,,,w,move_up,,0,0
4717,157233,,,,,,,,,,,,,,,,,,,,,,w,move_up,,0,0
4718,157267,,,,,,,,,,,,,,,,,,,,,,w,move_up,,0,0
4719,157300,,,,,,,,,,,,,,,,,,,,,,w,move_up,,0,0
4720,157333,,,,,,,,,,,,,,,,,,,,,,d|w,move_up|move_right,,0,0
4721,157367,,,,,,,,,,,,,,,,,,,,,,d|w,move_up|move_right,,0,0
4722,157400,,,,,,,,,,,,,,,,,,,,,,d|w,move_up|move_right,,0,0
4723,157433,,,,,,,,,,,,,,,,,,,,,,d|w,move_up|move_right,,0,0
4724,157467,,,,,,,,,,,,,,,,,,,,,,d|w,move_up|move_right,,0,0
4725,157500,,,,,,,,,,,,,,,,,,,,,,d|w,move_up|move_right,,0,0
4726,157533,,,,,,,,,,,,,,,,,,,,,,d|w,move_up|move_right,,0,0
4727,157567,,,,,,,,,,,,,,,,,,,,,,d|w,move_up|move_right,,0,0
4728,157600,,,,,,,,,,,,,,,,,,,,,,d|w,move_up|move_right,,0,0
4729,157633,,,,,,,,,,,,,,,,,,,,,,d|w,move_up|move_right,,0,0
4730,157667,,,,,,,,,,,,,,,,,,,,,,d|w,move_up|move_right,,0,0
4731,157700,,,,,,,,,,,,,,,,,,,,,,d|w,move_up|move_right,,0,0
4732,157733,,,,,,,,,,,,,,,,,,,,,,d|w,move_up|move_right,,0,0
4733,157767,,,,,,,,,,,,,,,,,,,,,,w,move_up,,0,0
4734,157800,,,,,,,,,,,,,,,,,,,,,,w,move_up,,0,0
4735,157833,,,,,,,,,,,,,,,,,,,,,,w,move_up,,0,0
4736,157867,,,,,,,,,,,,,,,,,,,,,,w,move_up,,0,0
4737,157900,,,,,,,,,,,,,,,,,,,,,,w,move_up,,0,0
4738,157933,,,,,,,,,,,,,,,,,,,,,,w,move_up,,0,0
4739,157967,,,,,,,,,,,,,,,,,,,,,,w,move_up,,0,0
4740,158000,,,,,,,,,,,,,,,,,,,,,,w,move_up,,0,0
4741,158033,,,,,,,,,,,,,,,,,,,,,,,,,0,0
4742,158067,,,,,,,,,,,,,,,,,,,,,,,,,0,0
4743,158100,,,,,,,,,,,,,,,,,,,,,,,,,0,0
4744,158133,,,,,,,,,,,,,,,,,,,,,,,,,0,0
4745,158167,,,,,,,,,,,,,,,,,,,,,,,,,0,0
4746,158200,,,,,,,,,,,,,,,,,,,,,,,,,0,0
4747,158233,,,,,,,,,,,,,,,,,,,,,,,,,0,0
4748,158267,,,,,,,,,,,,,,,,,,,,,,,,,0,0
4749,158300,,,,,,,,,,,,,,,,,,,,,,,,,0,0
4750,158333,,,,,,,,,,,,,,,,,,,,,,w,move_up,,0,0
4751,158367,,,,,,,,,,,,,,,,,,,,,,w,move_up,,0,0
4752,158400,,,,,,,,,,,,,,,,,,,,,,w,move_up,,0,0
4753,158433,,,,,,,,,,,,,,,,,,,,,,w,move_up,,0,0
4754,158467,,,,,,,,,,,,,,,,,,,,,,e|w,interact|move_up,,0,0
4755,158500,,,,,,,,,,,,,,,,,,,,,,e|w,interact|move_up,,0,0
4756,158533,,,,,,,,,,,,,,,,,,,,,,e|w,interact|move_up,,0,0
4757,158567,,,,,,,,,,,,,,,,,,,,,,e|w,interact|move_up,,0,0
4758,158600,,,,,,,,,,,,,,,,,,,,,,e|w,interact|move_up,,0,0
4759,158633,,,,,,,,,,,,,,,,,,,,,,w,move_up,,0,0
4760,158667,,,,,,,,,,,,,,,,,,,,,,w,move_up,,0,0
4761,158700,,,,,,,,,,,,,,,,,,,,,,w,move_up,,0,0
4762,158733,,,,,,,,,,,,,,,,,,,,,,w,move_up,,0,0
4763,158767,,,,,,,,,,,,,,,,,,,,,,w,move_up,,0,0
4764,158800,,,,,,,,,,,,,,,,,,,,,,w,move_up,,0,0
4765,158833,,,,,,,,,,,,,,,,,,,,,,w,move_up,,0,0
4766,158867,,,,,,,,,,,,,,,,,,,,,,w,move_up,,0,0
4767,158900,,,,,,,,,,,,,,,,,,,,,,w,move_up,,0,0
4768,158933,,,,,,,,,,,,,,,,,,,,,,w,move_up,,0,0
4769,158967,,,,,,,,,,,,,,,,,,,,,,e|w,interact|move_up,,0,0
4770,159000,,,,,,,,,,,,,,,,,,,,,,e|w,interact|move_up,,0,0
4771,159033,,,,,,,,,,,,,,,,,,,,,,e|w,interact|move_up,,0,0
4772,159067,,,,,,,,,,,,,,,,,,,,,,e|w,interact|move_up,,0,0
4773,159100,,,,,,,,,,,,,,,,,,,,,,w,move_up,,0,0
4774,159133,,,,,,,,,,,,,,,,,,,,,,w,move_up,,0,0
4775,159167,,,,,,,,,,,,,,,,,,,,,,w,move_up,,0,0
4776,159200,,,,,,,,,,,,,,,,,,,,,,w,move_up,,0,0
4777,159233,,,,,,,,,,,,,,,,,,,,,,w,move_up,,0,0
4778,159267,,,,,,,,,,,,,,,,,,,,,,w,move_up,,0,0
4779,159300,,,,,,,,,,,,,,,,,,,,,,w,move_up,,0,0
4780,159333,,,,,,,,,,,,,,,,,,,,,,w,move_up,,0,0
4781,159367,,,,,,,,,,,,,,,,,,,,,,w,move_up,,0,0
4782,159400,,,,,,,,,,,,,,,,,,,,,,w,move_up,,0,0
4783,159433,,,,,,,,,,,,,,,,,,,,,,w,move_up,,0,0
4784,159467,,,,,,,,,,,,,,,,,,,,,,w,move_up,,0,0
4785,159500,,,,,,,,,,,,,,,,,,,,,,w,move_up,,0,0
4786,159533,,,,,,,,,,,,,,,,,,,,,,w,move_up,,0,0
4787,159567,,,,,,,,,,,,,,,,,,,,,,w,move_up,,0,0
4788,159600,,,,,,,,,,,,,,,,,,,,,,w,move_up,,0,0
4789,159633,,,,,,,,,,,,,,,,,,,,,,w,move_up,,0,0
4790,159667,,,,,,,,,,,,,,,,,,,,,,a|w,move_up|move_left,,0,0
4791,159700,,,,,,,,,,,,,,,,,,,,,,a|w,move_up|move_left,,0,0
4792,159733,,,,,,,,,,,,,,,,,,,,,,a|w,move_up|move_left,,0,0
4793,159767,,,,,,,,,,,,,,,,,,,,,,a|w,move_up|move_left,,0,0
4794,159800,,,,,,,,,,,,,,,,,,,,,,a|w,move_up|move_left,,0,0
4795,159833,,,,,,,,,,,,,,,,,,,,,,w,move_up,,0,0
4796,159867,,,,,,,,,,,,,,,,,,,,,,w,move_up,,0,0
4797,159900,,,,,,,,,,,,,,,,,,,,,,w,move_up,,0,0
4798,159933,,,,,,,,,,,,,,,,,,,,,,w,move_up,,0,0
4799,159967,,,,,,,,,,,,,,,,,,,,,,w,move_up,,0,0
4800,160000,,,,,,,,,,,,,,,,,,,,,,w,move_up,,0,0
4801,160033,,,,,,,,,,,,,,,,,,,,,,a|w,move_up|move_left,,0,0
4802,160067,,,,,,,,,,,,,,,,,,,,,,a|w,move_up|move_left,,0,0
4803,160100,,,,,,,,,,,,,,,,,,,,,,a|w,move_up|move_left,,0,0
4804,160133,,,,,,,,,,,,,,,,,,,,,,a|w,move_up|move_left,,0,0
4805,160167,,,,,,,,,,,,,,,,,,,,,,a|w,move_up|move_left,,0,0
4806,160200,,,,,,,,,,,,,,,,,,,,,,a|w,move_up|move_left,,0,0
4807,160233,,,,,,,,,,,,,,,,,,,,,,a|w,move_up|move_left,,0,0
4808,160267,,,,,,,,,,,,,,,,,,,,,,a|w,move_up|move_left,,0,0
4809,160300,,,,,,,,,,,,,,,,,,,,,,a|w,move_up|move_left,,0,0
4810,160333,,,,,,,,,,,,,,,,,,,,,,w,move_up,,0,0
4811,160367,,,,,,,,,,,,,,,,,,,,,,w,move_up,,0,0
4812,160400,,,,,,,,,,,,,,,,,,,,,,w,move_up,,0,0
4813,160433,,,,,,,,,,,,,,,,,,,,,,w,move_up,,0,0
4814,160467,,,,,,,,,,,,,,,,,,,,,,w,move_up,,0,0
4815,160500,,,,,,,,,,,,,,,,,,,,,,w,move_up,,0,0
4816,160533,,,,,,,,,,,,,,,,,,,,,,w,move_up,,0,0
4817,160567,,,,,,,,,,,,,,,,,,,,,,w,move_up,,0,0
4818,160600,,,,,,,,,,,,,,,,,,,,,,w,move_up,,0,0
4819,160633,,,,,,,,,,,,,,,,,,,,,,w,move_up,,0,0
4820,160667,,,,,,,,,,,,,,,,,,,,,,w,move_up,,0,0
4821,160700,,,,,,,,,,,,,,,,,,,,,,w,move_up,,0,0
4822,160733,,,,,,,,,,,,,,,,,,,,,,w,move_up,,0,0
4823,160767,,,,,,,,,,,,,,,,,,,,,,w,move_up,,0,0
4824,160800,,,,,,,,,,,,,,,,,,,,,,w,move_up,,0,0
4825,160833,,,,,,,,,,,,,,,,,,,,,,w,move_up,,0,0
4826,160867,,,,,,,,,,,,,,,,,,,,,,w,move_up,,0,0
4827,160900,,,,,,,,,,,,,,,,,,,,,,w,move_up,,0,0
4828,160933,,,,,,,,,,,,,,,,,,,,,,w,move_up,,0,0
4829,160967,,,,,,,,,,,,,,,,,,,,,,w,move_up,,0,0
4830,161000,,,,,,,,,,,,,,,,,,,,,,w,move_up,,0,0
4831,161033,,,,,,,,,,,,,,,,,,,,,,w,move_up,,0,0
4832,161067,,,,,,,,,,,,,,,,,,,,,,w,move_up,,0,0
4833,161100,,,,,,,,,,,,,,,,,,,,,,w,move_up,,0,0
4834,161133,,,,,,,,,,,,,,,,,,,,,,w,move_up,,0,0
4835,161167,,,,,,,,,,,,,,,,,,,,,,w,move_up,,0,0
4836,161200,,,,,,,,,,,,,,,,,,,,,,w,move_up,,0,0
4837,161233,,,,,,,,,,,,,,,,,,,,,,d|w,move_up|move_right,,0,0
4838,161267,,,,,,,,,,,,,,,,,,,,,,d|w,move_up|move_right,,0,0
4839,161300,,,,,,,,,,,,,,,,,,,,,,d|w,move_up|move_right,,0,0
4840,161333,,,,,,,,,,,,,,,,,,,,,,d|w,move_up|move_right,,0,0
4841,161367,,,,,,,,,,,,,,,,,,,,,,d|w,move_up|move_right,,0,0
4842,161400,,,,,,,,,,,,,,,,,,,,,,w,move_up,,0,0
4843,161433,,,,,,,,,,,,,,,,,,,,,,w,move_up,,0,0
4844,161467,,,,,,,,,,,,,,,,,,,,,,w,move_up,,0,0
4845,161500,,,,,,,,,,,,,,,,,,,,,,w,move_up,,0,0
4846,161533,,,,,,,,,,,,,,,,,,,,,,w,move_up,,0,0
4847,161567,,,,,,,,,,,,,,,,,,,,,,w,move_up,,0,0
4848,161600,,,,,,,,,,,,,,,,,,,,,,w,move_up,,0,0
4849,161633,,,,,,,,,,,,,,,,,,,,,,w,move_up,,0,0
4850,161667,,,,,,,,,,,,,,,,,,,,,,w,move_up,,0,0
4851,161700,,,,,,,,,,,,,,,,,,,,,,w,move_up,,0,0
4852,161733,,,,,,,,,,,,,,,,,,,,,,w,move_up,,0,0
4853,161767,,,,,,,,,,,,,,,,,,,,,,w,move_up,,0,0
4854,161800,,,,,,,,,,,,,,,,,,,,,,w,move_up,,0,0
4855,161833,,,,,,,,,,,,,,,,,,,,,,w,move_up,,0,0
4856,161867,,,,,,,,,,,,,,,,,,,,,,d|w,move_up|move_right,,0,0
4857,161900,,,,,,,,,,,,,,,,,,,,,,d|w,move_up|move_right,,0,0
4858,161933,,,,,,,,,,,,,,,,,,,,,,d|w,move_up|move_right,,0,0
4859,161967,,,,,,,,,,,,,,,,,,,,,,d|w,move_up|move_right,,0,0
4860,162000,,,,,,,,,,,,,,,,,,,,,,d|w,move_up|move_right,,0,0
4861,162033,,,,,,,,,,,,,,,,,,,,,,d|w,move_up|move_right,,0,0
4862,162067,,,,,,,,,,,,,,,,,,,,,,d|w,move_up|move_right,,0,0
4863,162100,,,,,,,,,,,,,,,,,,,,,,d|w,move_up|move_right,,0,0
4864,162133,,,,,,,,,,,,,,,,,,,,,,w,move_up,,0,0
4865,162167,,,,,,,,,,,,,,,,,,,,,,w,move_up,,0,0
4866,162200,,,,,,,,,,,,,,,,,,,,,,w,move_up,,0,0
4867,162233,,,,,,,,,,,,,,,,,,,,,,w,move_up,,0,0
4868,162267,,,,,,,,,,,,,,,,,,,,,,w,move_up,,0,0
4869,162300,,,,,,,,,,,,,,,,,,,,,,,,,0,0
4870,162333,,,,,,,,,,,,,,,,,,,,,,,,,0,0
4871,162367,,,,,,,,,,,,,,,,,,,,,,,,,0,0
4872,162400,,,,,,,,,,,,,,,,,,,,,,d,move_right,,0,0
4873,162433,,,,,,,,,,,,,,,,,,,,,,d,move_right,,0,0
4874,162467,,,,,,,,,,,,,,,,,,,,,,d,move_right,,0,0
4875,162500,,,,,,,,,,,,,,,,,,,,,,d,move_right,,0,0
4876,162533,,,,,,,,,,,,,,,,,,,,,,d,move_right,,0,0
4877,162567,,,,,,,,,,,,,,,,,,,,,,d|s,move_down|move_right,,0,0
4878,162600,,,,,,,,,,,,,,,,,,,,,,d|s,move_down|move_right,,0,0
4879,162633,,,,,,,,,,,,,,,,,,,,,,d|s,move_down|move_right,,0,0
4880,162667,,,,,,,,,,,,,,,,,,,,,,d|s,move_down|move_right,,0,0
4881,162700,,,,,,,,,,,,,,,,,,,,,,d|s,move_down|move_right,,0,0
4882,162733,,,,,,,,,,,,,,,,,,,,,,d|s,move_down|move_right,,0,0
4883,162767,,,,,,,,,,,,,,,,,,,,,,d|s,move_down|move_right,,0,0
4884,162800,,,,,,,,,,,,,,,,,,,,,,s,move_down,,0,0
4885,162833,,,,,,,,,,,,,,,,,,,,,,s,move_down,,0,0
4886,162867,,,,,,,,,,,,,,,,,,,,,,s,move_down,,0,0
4887,162900,,,,,,,,,,,,,,,,,,,,,,s,move_down,,0,0
4888,162933,,,,,,,,,,,,,,,,,,,,,,s,move_down,,0,0
4889,162967,,,,,,,,,,,,,,,,,,,,,,s,move_down,,0,0
4890,163000,,,,,,,,,,,,,,,,,,,,,,,,,0,0
4891,163033,,,,,,,,,,,,,,,,,,,,,,,,,0,0
4892,163067,,,,,,,,,,,,,,,,,,,,,,,,,0,0
4893,163100,,,,,,,,,,,,,,,,,,,,,,,,,0,0
4894,163133,,,,,,,,,,,,,,,,,,,,,,,,,0,0
4895,163167,,,,,,,,,,,,,,,,,,,,,,,,,0,0
4896,163200,,,,,,,,,,,,,,,,,,,,,,,,,0,0
4897,163233,,,,,,,,,,,,,,,,,,,,,,,,,0,0
4898,163267,,,,,,,,,,,,,,,,,,,,,,,,,0,0
4899,163300,,,,,,,,,,,,,,,,,,,,,,w,move_up,,0,0
4900,163333,,,,,,,,,,,,,,,,,,,,,,w,move_up,,0,0
4901,163367,,,,,,,,,,,,,,,,,,,,,,w,move_up,,0,0
4902,163400,,,,,,,,,,,,,,,,,,,,,,w,move_up,,0,0
4903,163433,,,,,,,,,,,,,,,,,,,,,,w,move_up,,0,0
4904,163467,,,,,,,,,,,,,,,,,,,,,,w,move_up,,0,0
4905,163500,,,,,,,,,,,,,,,,,,,,,,w,move_up,,0,0
4906,163533,,,,,,,,,,,,,,,,,,,,,,w,move_up,,0,0
4907,163567,,,,,,,,,,,,,,,,,,,,,,w,move_up,,0,0
4908,163600,,,,,,,,,,,,,,,,,,,,,,w,move_up,,0,0
4909,163633,,,,,,,,,,,,,,,,,,,,,,w,move_up,,0,0
4910,163667,,,,,,,,,,,,,,,,,,,,,,w,move_up,,0,0
4911,163700,,,,,,,,,,,,,,,,,,,,,,w,move_up,,0,0
4912,163733,,,,,,,,,,,,,,,,,,,,,,w,move_up,,0,0
4913,163767,,,,,,,,,,,,,,,,,,,,,,w,move_up,,0,0
4914,163800,,,,,,,,,,,,,,,,,,,,,,w,move_up,,0,0
4915,163833,,,,,,,,,,,,,,,,,,,,,,w,move_up,,0,0
4916,163867,,,,,,,,,,,,,,,,,,,,,,w,move_up,,0,0
4917,163900,,,,,,,,,,,,,,,,,,,,,,d|w,move_up|move_right,,0,0
4918,163933,,,,,,,,,,,,,,,,,,,,,,d|w,move_up|move_right,,0,0
4919,163967,,,,,,,,,,,,,,,,,,,,,,d|w,move_up|move_right,,0,0
4920,164000,,,,,,,,,,,,,,,,,,,,,,d|w,move_up|move_right,,0,0
4921,164033,,,,,,,,,,,,,,,,,,,,,,d|w,move_up|move_right,,0,0
4922,164067,,,,,,,,,,,,,,,,,,,,,,d|w,move_up|move_right,,0,0
4923,164100,,,,,,,,,,,,,,,,,,,,,,d|w,move_up|move_right,,0,0
4924,164133,,,,,,,,,,,,,,,,,,,,,,d|w,move_up|move_right,,0,0
4925,164167,,,,,,,,,,,,,,,,,,,,,,w,move_up,,0,0
4926,164200,,,,,,,,,,,,,,,,,,,,,,w,move_up,,0,0
4927,164233,,,,,,,,,,,,,,,,,,,,,,w,move_up,,0,0
4928,164267,,,,,,,,,,,,,,,,,,,,,,d|w,move_up|move_right,,0,0
4929,164300,,,,,,,,,,,,,,,,,,,,,,d|w,move_up|move_right,,0,0
4930,164333,,,,,,,,,,,,,,,,,,,,,,d|w,move_up|move_right,,0,0
4931,164367,,,,,,,,,,,,,,,,,,,,,,d|w,move_up|move_right,,0,0
4932,164400,,,,,,,,,,,,,,,,,,,,,,d|w,move_up|move_right,,0,0
4933,164433,,,,,,,,,,,,,,,,,,,,,,w,move_up,,0,0
4934,164467,,,,,,,,,,,,,,,,,,,,,,w,move_up,,0,0
4935,164500,,,,,,,,,,,,,,,,,,,,,,w,move_up,,0,0
4936,164533,,,,,,,,,,,,,,,,,,,,,,w,move_up,,0,0
4937,164567,,,,,,,,,,,,,,,,,,,,,,,,,0,0
4938,164600,,,,,,,,,,,,,,,,,,,,,,d,move_right,,0,0
4939,164633,,,,,,,,,,,,,,,,,,,,,,d,move_right,,0,0
4940,164667,,,,,,,,,,,,,,,,,,,,,,d|w,move_up|move_right,,0,0
4941,164700,,,,,,,,,,,,,,,,,,,,,,d|w,move_up|move_right,,0,0
4942,164733,,,,,,,,,,,,,,,,,,,,,,d|w,move_up|move_right,,0,0
4943,164767,,,,,,,,,,,,,,,,,,,,,,d|w,move_up|move_right,,0,0
4944,164800,,,,,,,,,,,,,,,,,,,,,,d|w,move_up|move_right,,0,0
4945,164833,,,,,,,,,,,,,,,,,,,,,,d|w,move_up|move_right,,0,0
4946,164867,,,,,,,,,,,,,,,,,,,,,,d|w,move_up|move_right,,0,0
4947,164900,,,,,,,,,,,,,,,,,,,,,,d|w,move_up|move_right,,0,0
4948,164933,,,,,,,,,,,,,,,,,,,,,,d|w,move_up|move_right,,0,0
4949,164967,,,,,,,,,,,,,,,,,,,,,,d|w,move_up|move_right,,0,0
4950,165000,,,,,,,,,,,,,,,,,,,,,,d|w,move_up|move_right,,0,0
4951,165033,,,,,,,,,,,,,,,,,,,,,,d|w,move_up|move_right,,0,0
4952,165067,,,,,,,,,,,,,,,,,,,,,,d|w,move_up|move_right,,0,0
4953,165100,,,,,,,,,,,,,,,,,,,,,,d|w,move_up|move_right,,0,0
4954,165133,,,,,,,,,,,,,,,,,,,,,,d|w,move_up|move_right,,0,0
4955,165167,,,,,,,,,,,,,,,,,,,,,,d|w,move_up|move_right,,0,0
4956,165200,,,,,,,,,,,,,,,,,,,,,,d|w,move_up|move_right,,0,0
4957,165233,,,,,,,,,,,,,,,,,,,,,,w,move_up,,0,0
4958,165267,,,,,,,,,,,,,,,,,,,,,,w,move_up,,0,0
4959,165300,,,,,,,,,,,,,,,,,,,,,,d|w,move_up|move_right,,0,0
4960,165333,,,,,,,,,,,,,,,,,,,,,,d|w,move_up|move_right,,0,0
4961,165367,,,,,,,,,,,,,,,,,,,,,,d|w,move_up|move_right,,0,0
4962,165400,,,,,,,,,,,,,,,,,,,,,,w,move_up,,0,0
4963,165433,,,,,,,,,,,,,,,,,,,,,,w,move_up,,0,0
4964,165467,,,,,,,,,,,,,,,,,,,,,,w,move_up,,0,0
4965,165500,,,,,,,,,,,,,,,,,,,,,,w,move_up,,0,0
4966,165533,,,,,,,,,,,,,,,,,,,,,,w,move_up,,0,0
4967,165567,,,,,,,,,,,,,,,,,,,,,,w,move_up,,0,0
4968,165600,,,,,,,,,,,,,,,,,,,,,,e|w,interact|move_up,,0,0
4969,165633,,,,,,,,,,,,,,,,,,,,,,e|w,interact|move_up,,0,0
4970,165667,,,,,,,,,,,,,,,,,,,,,,e|w,interact|move_up,,0,0
4971,165700,,,,,,,,,,,,,,,,,,,,,,e,interact,,0,0
4972,165733,,,,,,,,,,,,,,,,,,,,,,,,,0,0
4973,165767,,,,,,,,,,,,,,,,,,,,,,,,,0,0
4974,165800,,,,,,,,,,,,,,,,,,,,,,,,,0,0
4975,165833,,,,,,,,,,,,,,,,,,,,,,,,,0,0
4976,165867,,,,,,,,,,,,,,,,,,,,,,,,,0,0
4977,165900,,,,,,,,,,,,,,,,,,,,,,,,,0,0
4978,165933,,,,,,,,,,,,,,,,,,,,,,,,,0,0
4979,165967,,,,,,,,,,,,,,,,,,,,,,,,,0,0
4980,166000,,,,,,,,,,,,,,,,,,,,,,,,,0,0
4981,166033,,,,,,,,,,,,,,,,,,,,,,,,,0,0
4982,166067,,,,,,,,,,,,,,,,,,,,,,,,,0,0
4983,166100,,,,,,,,,,,,,,,,,,,,,,,,,0,0
4984,166133,,,,,,,,,,,,,,,,,,,,,,,,,0,0
4985,166167,,,,,,,,,,,,,,,,,,,,,,,,,0,0
4986,166200,,,,,,,,,,,,,,,,,,,,,,,,,0,0
4987,166233,,,,,,,,,,,,,,,,,,,,,,,,,0,0
4988,166267,,,,,,,,,,,,,,,,,,,,,,,,,0,0
4989,166300,,,,,,,,,,,,,,,,,,,,,,,,,0,0
4990,166333,,,,,,,,,,,,,,,,,,,,,,,,,0,0
4991,166367,,,,,,,,,,,,,,,,,,,,,,,,,0,0
4992,166400,,,,,,,,,,,,,,,,,,,,,,,,,0,0
4993,166433,,,,,,,,,,,,,,,,,,,,,,,,,0,0
4994,166467,,,,,,,,,,,,,,,,,,,,,,,,,0,0
4995,166500,,,,,,,,,,,,,,,,,,,,,,,,,0,0
4996,166533,,,,,,,,,,,,,,,,,,,,,,,,,0,0
4997,166567,,,,,,,,,,,,,,,,,,,,,,,,,0,0
4998,166600,,,,,,,,,,,,,,,,,,,,,,,,,0,0
4999,166633,,,,,,,,,,,,,,,,,,,,,,,,,0,0
5000,166667,,,,,,,,,,,,,,,,,,,,,,,,,0,0
5001,166700,,,,,,,,,,,,,,,,,,,,,,,,,0,0
5002,166733,,,,,,,,,,,,,,,,,,,,,,,,,0,0
5003,166767,,,,,,,,,,,,,,,,,,,,,,,,,0,0
5004,166800,,,,,,,,,,,,,,,,,,,,,,,,,0,0
5005,166833,,,,,,,,,,,,,,,,,,,,,,,,,0,0
5006,166867,,,,,,,,,,,,,,,,,,,,,,,,,0,0
5007,166900,,,,,,,,,,,,,,,,,,,,,,,,,0,0
5008,166933,,,,,,,,,,,,,,,,,,,,,,,,,0,0
5009,166967,,,,,,,,,,,,,,,,,,,,,,,,,0,0
5010,167000,,,,,,,,,,,,,,,,,,,,,,,,,0,0
5011,167033,,,,,,,,,,,,,,,,,,,,,,,,,0,0
5012,167067,,,,,,,,,,,,,,,,,,,,,,,,,0,0
5013,167100,,,,,,,,,,,,,,,,,,,,,,,,,0,0
5014,167133,,,,,,,,,,,,,,,,,,,,,,,,,0,0
5015,167167,,,,,,,,,,,,,,,,,,,,,,,,,0,0
5016,167200,,,,,,,,,,,,,,,,,,,,,,,,,0,0
5017,167233,,,,,,,,,,,,,,,,,,,,,,,,,0,0
5018,167267,,,,,,,,,,,,,,,,,,,,,,,,,0,0
5019,167300,,,,,,,,,,,,,,,,,,,,,,,,,0,0
5020,167333,,,,,,,,,,,,,,,,,,,,,,,,,0,0
5021,167367,,,,,,,,,,,,,,,,,,,,,,,,,0,0
5022,167400,,,,,,,,,,,,,,,,,,,,,,,,,0,0
5023,167433,,,,,,,,,,,,,,,,,,,,,,,,,0,0
5024,167467,,,,,,,,,,,,,,,,,,,,,,,,,0,0
5025,167500,,,,,,,,,,,,,,,,,,,,,,,,,0,0
5026,167533,,,,,,,,,,,,,,,,,,,,,,,,,0,0
5027,167567,,,,,,,,,,,,,,,,,,,,,,,,,0,0
5028,167600,,,,,,,,,,,,,,,,,,,,,,,,,0,0
5029,167633,,,,,,,,,,,,,,,,,,,,,,,,,0,0
5030,167667,,,,,,,,,,,,,,,,,,,,,,,,,0,0
5031,167700,,,,,,,,,,,,,,,,,,,,,,,,,0,0
5032,167733,,,,,,,,,,,,,,,,,,,,,,,,,0,0
5033,167767,,,,,,,,,,,,,,,,,,,,,,,,,0,0
5034,167800,,,,,,,,,,,,,,,,,,,,,,w,move_up,,0,0
5035,167833,,,,,,,,,,,,,,,,,,,,,,w,move_up,,0,0
5036,167867,,,,,,,,,,,,,,,,,,,,,,w,move_up,,0,0
5037,167900,,,,,,,,,,,,,,,,,,,,,,w,move_up,,0,0
5038,167933,,,,,,,,,,,,,,,,,,,,,,w,move_up,,0,0
5039,167967,,,,,,,,,,,,,,,,,,,,,,w,move_up,,0,0
5040,168000,,,,,,,,,,,,,,,,,,,,,,w,move_up,,0,0
5041,168033,,,,,,,,,,,,,,,,,,,,,,w,move_up,,0,0
5042,168067,,,,,,,,,,,,,,,,,,,,,,w,move_up,,0,0
5043,168100,,,,,,,,,,,,,,,,,,,,,,d|w,move_up|move_right,,0,0
5044,168133,,,,,,,,,,,,,,,,,,,,,,d|w,move_up|move_right,,0,0
5045,168167,,,,,,,,,,,,,,,,,,,,,,d|w,move_up|move_right,,0,0
5046,168200,,,,,,,,,,,,,,,,,,,,,,d|w,move_up|move_right,,0,0
5047,168233,,,,,,,,,,,,,,,,,,,,,,d|w,move_up|move_right,,0,0
5048,168267,,,,,,,,,,,,,,,,,,,,,,d|w,move_up|move_right,,0,0
5049,168300,,,,,,,,,,,,,,,,,,,,,,d|w,move_up|move_right,,0,0
5050,168333,,,,,,,,,,,,,,,,,,,,,,d|w,move_up|move_right,,0,0
5051,168367,,,,,,,,,,,,,,,,,,,,,,w,move_up,,0,0
5052,168400,,,,,,,,,,,,,,,,,,,,,,w,move_up,,0,0
5053,168433,,,,,,,,,,,,,,,,,,,,,,w,move_up,,0,0
5054,168467,,,,,,,,,,,,,,,,,,,,,,w,move_up,,0,0
5055,168500,,,,,,,,,,,,,,,,,,,,,,w,move_up,,0,0
5056,168533,,,,,,,,,,,,,,,,,,,,,,w,move_up,,0,0
5057,168567,,,,,,,,,,,,,,,,,,,,,,w,move_up,,0,0
5058,168600,,,,,,,,,,,,,,,,,,,,,,w,move_up,,0,0
5059,168633,,,,,,,,,,,,,,,,,,,,,,w,move_up,,0,0
5060,168667,,,,,,,,,,,,,,,,,,,,,,w,move_up,,0,0
5061,168700,,,,,,,,,,,,,,,,,,,,,,w,move_up,,0,0
5062,168733,,,,,,,,,,,,,,,,,,,,,,w,move_up,,0,0
5063,168767,,,,,,,,,,,,,,,,,,,,,,w,move_up,,0,0
5064,168800,,,,,,,,,,,,,,,,,,,,,,w,move_up,,0,0
5065,168833,,,,,,,,,,,,,,,,,,,,,,w,move_up,,0,0
5066,168867,,,,,,,,,,,,,,,,,,,,,,w,move_up,,0,0
5067,168900,,,,,,,,,,,,,,,,,,,,,,w,move_up,,0,0
5068,168933,,,,,,,,,,,,,,,,,,,,,,w,move_up,,0,0
5069,168967,,,,,,,,,,,,,,,,,,,,,,w,move_up,,0,0
5070,169000,,,,,,,,,,,,,,,,,,,,,,w,move_up,,0,0
5071,169033,,,,,,,,,,,,,,,,,,,,,,w,move_up,,0,0
5072,169067,,,,,,,,,,,,,,,,,,,,,,w,move_up,,0,0
5073,169100,,,,,,,,,,,,,,,,,,,,,,w,move_up,,0,0
5074,169133,,,,,,,,,,,,,,,,,,,,,,w,move_up,,0,0
5075,169167,,,,,,,,,,,,,,,,,,,,,,w,move_up,,0,0
5076,169200,,,,,,,,,,,,,,,,,,,,,,w,move_up,,0,0
5077,169233,,,,,,,,,,,,,,,,,,,,,,w,move_up,,0,0
5078,169267,,,,,,,,,,,,,,,,,,,,,,d|w,move_up|move_right,,0,0
5079,169300,,,,,,,,,,,,,,,,,,,,,,d|w,move_up|move_right,,0,0
5080,169333,,,,,,,,,,,,,,,,,,,,,,d|w,move_up|move_right,,0,0
5081,169367,,,,,,,,,,,,,,,,,,,,,,d|w,move_up|move_right,,0,0
5082,169400,,,,,,,,,,,,,,,,,,,,,,d|w,move_up|move_right,,0,0
5083,169433,,,,,,,,,,,,,,,,,,,,,,d|w,move_up|move_right,,0,0
5084,169467,,,,,,,,,,,,,,,,,,,,,,d|w,move_up|move_right,,0,0
5085,169500,,,,,,,,,,,,,,,,,,,,,,d|w,move_up|move_right,,0,0
5086,169533,,,,,,,,,,,,,,,,,,,,,,d|w,move_up|move_right,,0,0
5087,169567,,,,,,,,,,,,,,,,,,,,,,d|w,move_up|move_right,,0,0
5088,169600,,,,,,,,,,,,,,,,,,,,,,d|w,move_up|move_right,,0,0
5089,169633,,,,,,,,,,,,,,,,,,,,,,d|w,move_up|move_right,,0,0
5090,169667,,,,,,,,,,,,,,,,,,,,,,w,move_up,,0,0
5091,169700,,,,,,,,,,,,,,,,,,,,,,w,move_up,,0,0
5092,169733,,,,,,,,,,,,,,,,,,,,,,w,move_up,,0,0
5093,169767,,,,,,,,,,,,,,,,,,,,,,w,move_up,,0,0
5094,169800,,,,,,,,,,,,,,,,,,,,,,w,move_up,,0,0
5095,169833,,,,,,,,,,,,,,,,,,,,,,w,move_up,,0,0
5096,169867,,,,,,,,,,,,,,,,,,,,,,w,move_up,,0,0
5097,169900,,,,,,,,,,,,,,,,,,,,,,w,move_up,,0,0
5098,169933,,,,,,,,,,,,,,,,,,,,,,w,move_up,,0,0
5099,169967,,,,,,,,,,,,,,,,,,,,,,a|w,move_up|move_left,,0,0
5100,170000,,,,,,,,,,,,,,,,,,,,,,a|w,move_up|move_left,,0,0
5101,170033,,,,,,,,,,,,,,,,,,,,,,a|w,move_up|move_left,,0,0
5102,170067,,,,,,,,,,,,,,,,,,,,,,a|w,move_up|move_left,,0,0
5103,170100,,,,,,,,,,,,,,,,,,,,,,a|w,move_up|move_left,,0,0
5104,170133,,,,,,,,,,,,,,,,,,,,,,w,move_up,,0,0
5105,170167,,,,,,,,,,,,,,,,,,,,,,w,move_up,,0,0
5106,170200,,,,,,,,,,,,,,,,,,,,,,w,move_up,,0,0
5107,170233,,,,,,,,,,,,,,,,,,,,,,w,move_up,,0,0
5108,170267,,,,,,,,,,,,,,,,,,,,,,d|w,move_up|move_right,,0,0
5109,170300,,,,,,,,,,,,,,,,,,,,,,d|w,move_up|move_right,,0,0
5110,170333,,,,,,,,,,,,,,,,,,,,,,d|w,move_up|move_right,,0,0
5111,170367,,,,,,,,,,,,,,,,,,,,,,d|w,move_up|move_right,,0,0
5112,170400,,,,,,,,,,,,,,,,,,,,,,d|w,move_up|move_right,,0,0
5113,170433,,,,,,,,,,,,,,,,,,,,,,d,move_right,,0,0
5114,170467,,,,,,,,,,,,,,,,,,,,,,d,move_right,,0,0
5115,170500,,,,,,,,,,,,,,,,,,,,,,d,move_right,,0,0
5116,170533,,,,,,,,,,,,,,,,,,,,,,d,move_right,,0,0
5117,170567,,,,,,,,,,,,,,,,,,,,,,d,move_right,,0,0
5118,170600,,,,,,,,,,,,,,,,,,,,,,d,move_right,,0,0
5119,170633,,,,,,,,,,,,,,,,,,,,,,d,move_right,,0,0
5120,170667,,,,,,,,,,,,,,,,,,,,,,d,move_right,,0,0
5121,170700,,,,,,,,,,,,,,,,,,,,,,d,move_right,,0,0
5122,170733,,,,,,,,,,,,,,,,,,,,,,d,move_right,,0,0
5123,170767,,,,,,,,,,,,,,,,,,,,,,d,move_right,,0,0
5124,170800,,,,,,,,,,,,,,,,,,,,,,,,,0,0
5125,170833,,,,,,,,,,,,,,,,,,,,,,w,move_up,,0,0
5126,170867,,,,,,,,,,,,,,,,,,,,,,w,move_up,,0,0
5127,170900,,,,,,,,,,,,,,,,,,,,,,w,move_up,,0,0
5128,170933,,,,,,,,,,,,,,,,,,,,,,w,move_up,,0,0
5129,170967,,,,,,,,,,,,,,,,,,,,,,w,move_up,,0,0
5130,171000,,,,,,,,,,,,,,,,,,,,,,w,move_up,,0,0
5131,171033,,,,,,,,,,,,,,,,,,,,,,w,move_up,,0,0
5132,171067,,,,,,,,,,,,,,,,,,,,,,w,move_up,,0,0
5133,171100,,,,,,,,,,,,,,,,,,,,,,w,move_up,,0,0
5134,171133,,,,,,,,,,,,,,,,,,,,,,w,move_up,,0,0
5135,171167,,,,,,,,,,,,,,,,,,,,,,w,move_up,,0,0
5136,171200,,,,,,,,,,,,,,,,,,,,,,w,move_up,,0,0
5137,171233,,,,,,,,,,,,,,,,,,,,,,a|w,move_up|move_left,,0,0
5138,171267,,,,,,,,,,,,,,,,,,,,,,a|w,move_up|move_left,,0,0
5139,171300,,,,,,,,,,,,,,,,,,,,,,a|w,move_up|move_left,,0,0
5140,171333,,,,,,,,,,,,,,,,,,,,,,a|w,move_up|move_left,,0,0
5141,171367,,,,,,,,,,,,,,,,,,,,,,w,move_up,,0,0
5142,171400,,,,,,,,,,,,,,,,,,,,,,w,move_up,,0,0
5143,171433,,,,,,,,,,,,,,,,,,,,,,w,move_up,,0,0
5144,171467,,,,,,,,,,,,,,,,,,,,,,w,move_up,,0,0
5145,171500,,,,,,,,,,,,,,,,,,,,,,w,move_up,,0,0
5146,171533,,,,,,,,,,,,,,,,,,,,,,w,move_up,,0,0
5147,171567,,,,,,,,,,,,,,,,,,,,,,w,move_up,,0,0
5148,171600,,,,,,,,,,,,,,,,,,,,,,w,move_up,,0,0
5149,171633,,,,,,,,,,,,,,,,,,,,,,w,move_up,,0,0
5150,171667,,,,,,,,,,,,,,,,,,,,,,w,move_up,,0,0
5151,171700,,,,,,,,,,,,,,,,,,,,,,w,move_up,,0,0
5152,171733,,,,,,,,,,,,,,,,,,,,,,a,move_left,,0,0
5153,171767,,,,,,,,,,,,,,,,,,,,,,a,move_left,,0,0
5154,171800,,,,,,,,,,,,,,,,,,,,,,a,move_left,,0,0
5155,171833,,,,,,,,,,,,,,,,,,,,,,,,,0,0
5156,171867,,,,,,,,,,,,,,,,,,,,,,,,,0,0
5157,171900,,,,,,,,,,,,,,,,,,,,,,,,,0,0
5158,171933,,,,,,,,,,,,,,,,,,,,,,,,,0,0
5159,171967,,,,,,,,,,,,,,,,,,,,,,,,,0,0
5160,172000,,,,,,,,,,,,,,,,,,,,,,,,,0,0
5161,172033,,,,,,,,,,,,,,,,,,,,,,,,,0,0
5162,172067,,,,,,,,,,,,,,,,,,,,,,,,,0,0
5163,172100,,,,,,,,,,,,,,,,,,,,,,,,,0,0
5164,172133,,,,,,,,,,,,,,,,,,,,,,,,,0,0
5165,172167,,,,,,,,,,,,,,,,,,,,,,,,,0,0
5166,172200,,,,,,,,,,,,,,,,,,,,,,,,,0,0
5167,172233,,,,,,,,,,,,,,,,,,,,,,,,,0,0
5168,172267,,,,,,,,,,,,,,,,,,,,,,,,,0,0
5169,172300,,,,,,,,,,,,,,,,,,,,,,,,,0,0
5170,172333,,,,,,,,,,,,,,,,,,,,,,,,,0,0
5171,172367,,,,,,,,,,,,,,,,,,,,,,w,move_up,,0,0
5172,172400,,,,,,,,,,,,,,,,,,,,,,w,move_up,,0,0
5173,172433,,,,,,,,,,,,,,,,,,,,,,w,move_up,,0,0
5174,172467,,,,,,,,,,,,,,,,,,,,,,w,move_up,,0,0
5175,172500,,,,,,,,,,,,,,,,,,,,,,w,move_up,,0,0
5176,172533,,,,,,,,,,,,,,,,,,,,,,w,move_up,,0,0
5177,172567,,,,,,,,,,,,,,,,,,,,,,w,move_up,,0,0
5178,172600,,,,,,,,,,,,,,,,,,,,,,w,move_up,,0,0
5179,172633,,,,,,,,,,,,,,,,,,,,,,w,move_up,,0,0
5180,172667,,,,,,,,,,,,,,,,,,,,,,w,move_up,,0,0
5181,172700,,,,,,,,,,,,,,,,,,,,,,w,move_up,,0,0
5182,172733,,,,,,,,,,,,,,,,,,,,,,w,move_up,,0,0
5183,172767,,,,,,,,,,,,,,,,,,,,,,w,move_up,,0,0
5184,172800,,,,,,,,,,,,,,,,,,,,,,w,move_up,,0,0
5185,172833,,,,,,,,,,,,,,,,,,,,,,w,move_up,,0,0
5186,172867,,,,,,,,,,,,,,,,,,,,,,w,move_up,,0,0
5187,172900,,,,,,,,,,,,,,,,,,,,,,w,move_up,,0,0
5188,172933,,,,,,,,,,,,,,,,,,,,,,w,move_up,,0,0
5189,172967,,,,,,,,,,,,,,,,,,,,,,a|w,move_up|move_left,,0,0
5190,173000,,,,,,,,,,,,,,,,,,,,,,a|w,move_up|move_left,,0,0
5191,173033,,,,,,,,,,,,,,,,,,,,,,a|w,move_up|move_left,,0,0
5192,173067,,,,,,,,,,,,,,,,,,,,,,a|w,move_up|move_left,,0,0
5193,173100,,,,,,,,,,,,,,,,,,,,,,a|w,move_up|move_left,,0,0
5194,173133,,,,,,,,,,,,,,,,,,,,,,a|w,move_up|move_left,,0,0
5195,173167,,,,,,,,,,,,,,,,,,,,,,a|w,move_up|move_left,,0,0
5196,173200,,,,,,,,,,,,,,,,,,,,,,w,move_up,,0,0
5197,173233,,,,,,,,,,,,,,,,,,,,,,w,move_up,,0,0
5198,173267,,,,,,,,,,,,,,,,,,,,,,w,move_up,,0,0
5199,173300,,,,,,,,,,,,,,,,,,,,,,w,move_up,,0,0
5200,173333,,,,,,,,,,,,,,,,,,,,,,w,move_up,,0,0
5201,173367,,,,,,,,,,,,,,,,,,,,,,w,move_up,,0,0
5202,173400,,,,,,,,,,,,,,,,,,,,,,w,move_up,,0,0
5203,173433,,,,,,,,,,,,,,,,,,,,,,w,move_up,,0,0
5204,173467,,,,,,,,,,,,,,,,,,,,,,w,move_up,,0,0
5205,173500,,,,,,,,,,,,,,,,,,,,,,w,move_up,,0,0
5206,173533,,,,,,,,,,,,,,,,,,,,,,w,move_up,,0,0
5207,173567,,,,,,,,,,,,,,,,,,,,,,w,move_up,,0,0
5208,173600,,,,,,,,,,,,,,,,,,,,,,d|w,move_up|move_right,,0,0
5209,173633,,,,,,,,,,,,,,,,,,,,,,d|w,move_up|move_right,,0,0
5210,173667,,,,,,,,,,,,,,,,,,,,,,d|w,move_up|move_right,,0,0
5211,173700,,,,,,,,,,,,,,,,,,,,,,w,move_up,,0,0
5212,173733,,,,,,,,,,,,,,,,,,,,,,a|w,move_up|move_left,,0,0
5213,173767,,,,,,,,,,,,,,,,,,,,,,a|w,move_up|move_left,,0,0
5214,173800,,,,,,,,,,,,,,,,,,,,,,a|w,move_up|move_left,,0,0
5215,173833,,,,,,,,,,,,,,,,,,,,,,a|w,move_up|move_left,,0,0
5216,173867,,,,,,,,,,,,,,,,,,,,,,a|w,move_up|move_left,,0,0
5217,173900,,,,,,,,,,,,,,,,,,,,,,a|w,move_up|move_left,,0,0
5218,173933,,,,,,,,,,,,,,,,,,,,,,a|w,move_up|move_left,,0,0
5219,173967,,,,,,,,,,,,,,,,,,,,,,a|w,move_up|move_left,,0,0
5220,174000,,,,,,,,,,,,,,,,,,,,,,a|w,move_up|move_left,,0,0
5221,174033,,,,,,,,,,,,,,,,,,,,,,a|w,move_up|move_left,,0,0
5222,174067,,,,,,,,,,,,,,,,,,,,,,a|w,move_up|move_left,,0,0
5223,174100,,,,,,,,,,,,,,,,,,,,,,a|w,move_up|move_left,,0,0
5224,174133,,,,,,,,,,,,,,,,,,,,,,a|w,move_up|move_left,,0,0
5225,174167,,,,,,,,,,,,,,,,,,,,,,a|w,move_up|move_left,,0,0
5226,174200,,,,,,,,,,,,,,,,,,,,,,a|w,move_up|move_left,,0,0
5227,174233,,,,,,,,,,,,,,,,,,,,,,a|w,move_up|move_left,,0,0
5228,174267,,,,,,,,,,,,,,,,,,,,,,a|w,move_up|move_left,,0,0
5229,174300,,,,,,,,,,,,,,,,,,,,,,a|w,move_up|move_left,,0,0
5230,174333,,,,,,,,,,,,,,,,,,,,,,a|w,move_up|move_left,,0,0
5231,174367,,,,,,,,,,,,,,,,,,,,,,a|w,move_up|move_left,,0,0
5232,174400,,,,,,,,,,,,,,,,,,,,,,a|w,move_up|move_left,,0,0
5233,174433,,,,,,,,,,,,,,,,,,,,,,w,move_up,,0,0
5234,174467,,,,,,,,,,,,,,,,,,,,,,w,move_up,,0,0
5235,174500,,,,,,,,,,,,,,,,,,,,,,w,move_up,,0,0
5236,174533,,,,,,,,,,,,,,,,,,,,,,w,move_up,,0,0
5237,174567,,,,,,,,,,,,,,,,,,,,,,w,move_up,,0,0
5238,174600,,,,,,,,,,,,,,,,,,,,,,w,move_up,,0,0
5239,174633,,,,,,,,,,,,,,,,,,,,,,w,move_up,,0,0
5240,174667,,,,,,,,,,,,,,,,,,,,,,w,move_up,,0,0
5241,174700,,,,,,,,,,,,,,,,,,,,,,w,move_up,,0,0
5242,174733,,,,,,,,,,,,,,,,,,,,,,w,move_up,,0,0
5243,174767,,,,,,,,,,,,,,,,,,,,,,w,move_up,,0,0
5244,174800,,,,,,,,,,,,,,,,,,,,,,w,move_up,,0,0
5245,174833,,,,,,,,,,,,,,,,,,,,,,w,move_up,,0,0
5246,174867,,,,,,,,,,,,,,,,,,,,,,w,move_up,,0,0
5247,174900,,,,,,,,,,,,,,,,,,,,,,w,move_up,,0,0
5248,174933,,,,,,,,,,,,,,,,,,,,,,w,move_up,,0,0
5249,174967,,,,,,,,,,,,,,,,,,,,,,w,move_up,,0,0
5250,175000,,,,,,,,,,,,,,,,,,,,,,w,move_up,,0,0
5251,175033,,,,,,,,,,,,,,,,,,,,,,,,,0,0
5252,175067,,,,,,,,,,,,,,,,,,,,,,,,,0,0
5253,175100,,,,,,,,,,,,,,,,,,,,,,d,move_right,,0,0
5254,175133,,,,,,,,,,,,,,,,,,,,,,d,move_right,,0,0
5255,175167,,,,,,,,,,,,,,,,,,,,,,d,move_right,,0,0
5256,175200,,,,,,,,,,,,,,,,,,,,,,d,move_right,,0,0
5257,175233,,,,,,,,,,,,,,,,,,,,,,d,move_right,,0,0
5258,175267,,,,,,,,,,,,,,,,,,,,,,,,,0,0
5259,175300,,,,,,,,,,,,,,,,,,,,,,,,,0,0
5260,175333,,,,,,,,,,,,,,,,,,,,,,w,move_up,,0,0
5261,175367,,,,,,,,,,,,,,,,,,,,,,w,move_up,,0,0
5262,175400,,,,,,,,,,,,,,,,,,,,,,w,move_up,,0,0
5263,175433,,,,,,,,,,,,,,,,,,,,,,w,move_up,,0,0
5264,175467,,,,,,,,,,,,,,,,,,,,,,w,move_up,,0,0
5265,175500,,,,,,,,,,,,,,,,,,,,,,w,move_up,,0,0
5266,175533,,,,,,,,,,,,,,,,,,,,,,w,move_up,,0,0
5267,175567,,,,,,,,,,,,,,,,,,,,,,w,move_up,,0,0
5268,175600,,,,,,,,,,,,,,,,,,,,,,w,move_up,,0,0
5269,175633,,,,,,,,,,,,,,,,,,,,,,w,move_up,,0,0
5270,175667,,,,,,,,,,,,,,,,,,,,,,w,move_up,,0,0
5271,175700,,,,,,,,,,,,,,,,,,,,,,,,,0,0
5272,175733,,,,,,,,,,,,,,,,,,,,,,,,,0,0
5273,175767,,,,,,,,,,,,,,,,,,,,,,,,,0,0
5274,175800,,,,,,,,,,,,,,,,,,,,,,,,,0,0
5275,175833,,,,,,,,,,,,,,,,,,,,,,s,move_down,,0,0
5276,175867,,,,,,,,,,,,,,,,,,,,,,s,move_down,,0,0
5277,175900,,,,,,,,,,,,,,,,,,,,,,s,move_down,,0,0
5278,175933,,,,,,,,,,,,,,,,,,,,,,s,move_down,,0,0
5279,175967,,,,,,,,,,,,,,,,,,,,,,s,move_down,,0,0
5280,176000,,,,,,,,,,,,,,,,,,,,,,s,move_down,,0,0
5281,176033,,,,,,,,,,,,,,,,,,,,,,s,move_down,,0,0
5282,176067,,,,,,,,,,,,,,,,,,,,,,s,move_down,,0,0
5283,176100,,,,,,,,,,,,,,,,,,,,,,s,move_down,,0,0
5284,176133,,,,,,,,,,,,,,,,,,,,,,s,move_down,,0,0
5285,176167,,,,,,,,,,,,,,,,,,,,,,s,move_down,,0,0
5286,176200,,,,,,,,,,,,,,,,,,,,,,d|s,move_down|move_right,,0,0
5287,176233,,,,,,,,,,,,,,,,,,,,,,d|s,move_down|move_right,,0,0
5288,176267,,,,,,,,,,,,,,,,,,,,,,d|s,move_down|move_right,,0,0
5289,176300,,,,,,,,,,,,,,,,,,,,,,d|s,move_down|move_right,,0,0
5290,176333,,,,,,,,,,,,,,,,,,,,,,d|s,move_down|move_right,,0,0
5291,176367,,,,,,,,,,,,,,,,,,,,,,d,move_right,,0,0
5292,176400,,,,,,,,,,,,,,,,,,,,,,d,move_right,,0,0
5293,176433,,,,,,,,,,,,,,,,,,,,,,d,move_right,,0,0
5294,176467,,,,,,,,,,,,,,,,,,,,,,d,move_right,,0,0
5295,176500,,,,,,,,,,,,,,,,,,,,,,d,move_right,,0,0
5296,176533,,,,,,,,,,,,,,,,,,,,,,d,move_right,,0,0
5297,176567,,,,,,,,,,,,,,,,,,,,,,d,move_right,,0,0
5298,176600,,,,,,,,,,,,,,,,,,,,,,d,move_right,,0,0
5299,176633,,,,,,,,,,,,,,,,,,,,,,d,move_right,,0,0
5300,176667,,,,,,,,,,,,,,,,,,,,,,d,move_right,,0,0
5301,176700,,,,,,,,,,,,,,,,,,,,,,d,move_right,,0,0
5302,176733,,,,,,,,,,,,,,,,,,,,,,d|s,move_down|move_right,,0,0
5303,176767,,,,,,,,,,,,,,,,,,,,,,d|s,move_down|move_right,,0,0
5304,176800,,,,,,,,,,,,,,,,,,,,,,d|s,move_down|move_right,,0,0
5305,176833,,,,,,,,,,,,,,,,,,,,,,d|s,move_down|move_right,,0,0
5306,176867,,,,,,,,,,,,,,,,,,,,,,d|s,move_down|move_right,,0,0
5307,176900,,,,,,,,,,,,,,,,,,,,,,d|s,move_down|move_right,,0,0
5308,176933,,,,,,,,,,,,,,,,,,,,,,d|s,move_down|move_right,,0,0
5309,176967,,,,,,,,,,,,,,,,,,,,,,d|s,move_down|move_right,,0,0
5310,177000,,,,,,,,,,,,,,,,,,,,,,d|s,move_down|move_right,,0,0
5311,177033,,,,,,,,,,,,,,,,,,,,,,d|s,move_down|move_right,,0,0
5312,177067,,,,,,,,,,,,,,,,,,,,,,d|s,move_down|move_right,,0,0
5313,177100,,,,,,,,,,,,,,,,,,,,,,d|s,move_down|move_right,,0,0
5314,177133,,,,,,,,,,,,,,,,,,,,,,d|s,move_down|move_right,,0,0
5315,177167,,,,,,,,,,,,,,,,,,,,,,d|s,move_down|move_right,,0,0
5316,177200,,,,,,,,,,,,,,,,,,,,,,d|s,move_down|move_right,,0,0
5317,177233,,,,,,,,,,,,,,,,,,,,,,d|s,move_down|move_right,,0,0
5318,177267,,,,,,,,,,,,,,,,,,,,,,d|s,move_down|move_right,,0,0
5319,177300,,,,,,,,,,,,,,,,,,,,,,d|s,move_down|move_right,,0,0
5320,177333,,,,,,,,,,,,,,,,,,,,,,d|s,move_down|move_right,,0,0
5321,177367,,,,,,,,,,,,,,,,,,,,,,d|s,move_down|move_right,,0,0
5322,177400,,,,,,,,,,,,,,,,,,,,,,d|s,move_down|move_right,,0,0
5323,177433,,,,,,,,,,,,,,,,,,,,,,d|s,move_down|move_right,,0,0
5324,177467,,,,,,,,,,,,,,,,,,,,,,d|s,move_down|move_right,,0,0
5325,177500,,,,,,,,,,,,,,,,,,,,,,d|s,move_down|move_right,,0,0
5326,177533,,,,,,,,,,,,,,,,,,,,,,d|s,move_down|move_right,,0,0
5327,177567,,,,,,,,,,,,,,,,,,,,,,d|s,move_down|move_right,,0,0
5328,177600,,,,,,,,,,,,,,,,,,,,,,s,move_down,,0,0
5329,177633,,,,,,,,,,,,,,,,,,,,,,s,move_down,,0,0
5330,177667,,,,,,,,,,,,,,,,,,,,,,,,,0,0
5331,177700,,,,,,,,,,,,,,,,,,,,,,,,,0,0
5332,177733,,,,,,,,,,,,,,,,,,,,,,,,,0,0
5333,177767,,,,,,,,,,,,,,,,,,,,,,,,,0,0
5334,177800,,,,,,,,,,,,,,,,,,,,,,,,,0,0
5335,177833,,,,,,,,,,,,,,,,,,,,,,,,,0,0
5336,177867,,,,,,,,,,,,,,,,,,,,,,w,move_up,,0,0
5337,177900,,,,,,,,,,,,,,,,,,,,,,w,move_up,,0,0
5338,177933,,,,,,,,,,,,,,,,,,,,,,w,move_up,,0,0
5339,177967,,,,,,,,,,,,,,,,,,,,,,w,move_up,,0,0
5340,178000,,,,,,,,,,,,,,,,,,,,,,w,move_up,,0,0
5341,178033,,,,,,,,,,,,,,,,,,,,,,w,move_up,,0,0
5342,178067,,,,,,,,,,,,,,,,,,,,,,w,move_up,,0,0
5343,178100,,,,,,,,,,,,,,,,,,,,,,w,move_up,,0,0
5344,178133,,,,,,,,,,,,,,,,,,,,,,w,move_up,,0,0
5345,178167,,,,,,,,,,,,,,,,,,,,,,w,move_up,,0,0
5346,178200,,,,,,,,,,,,,,,,,,,,,,w,move_up,,0,0
5347,178233,,,,,,,,,,,,,,,,,,,,,,w,move_up,,0,0
5348,178267,,,,,,,,,,,,,,,,,,,,,,w,move_up,,0,0
5349,178300,,,,,,,,,,,,,,,,,,,,,,w,move_up,,0,0
5350,178333,,,,,,,,,,,,,,,,,,,,,,w,move_up,,0,0
5351,178367,,,,,,,,,,,,,,,,,,,,,,w,move_up,,0,0
5352,178400,,,,,,,,,,,,,,,,,,,,,,w,move_up,,0,0
5353,178433,,,,,,,,,,,,,,,,,,,,,,w,move_up,,0,0
5354,178467,,,,,,,,,,,,,,,,,,,,,,w,move_up,,0,0
5355,178500,,,,,,,,,,,,,,,,,,,,,,w,move_up,,0,0
5356,178533,,,,,,,,,,,,,,,,,,,,,,w,move_up,,0,0
5357,178567,,,,,,,,,,,,,,,,,,,,,,d|w,move_up|move_right,,0,0
5358,178600,,,,,,,,,,,,,,,,,,,,,,d|w,move_up|move_right,,0,0
5359,178633,,,,,,,,,,,,,,,,,,,,,,d|w,move_up|move_right,,0,0
5360,178667,,,,,,,,,,,,,,,,,,,,,,d|w,move_up|move_right,,0,0
5361,178700,,,,,,,,,,,,,,,,,,,,,,d|w,move_up|move_right,,0,0
5362,178733,,,,,,,,,,,,,,,,,,,,,,d|w,move_up|move_right,,0,0
5363,178767,,,,,,,,,,,,,,,,,,,,,,w,move_up,,0,0
5364,178800,,,,,,,,,,,,,,,,,,,,,,w,move_up,,0,0
5365,178833,,,,,,,,,,,,,,,,,,,,,,w,move_up,,0,0
5366,178867,,,,,,,,,,,,,,,,,,,,,,w,move_up,,0,0
5367,178900,,,,,,,,,,,,,,,,,,,,,,w,move_up,,0,0
5368,178933,,,,,,,,,,,,,,,,,,,,,,w,move_up,,0,0
5369,178967,,,,,,,,,,,,,,,,,,,,,,w,move_up,,0,0
5370,179000,,,,,,,,,,,,,,,,,,,,,,w,move_up,,0,0
5371,179033,,,,,,,,,,,,,,,,,,,,,,w,move_up,,0,0
5372,179067,,,,,,,,,,,,,,,,,,,,,,w,move_up,,0,0
5373,179100,,,,,,,,,,,,,,,,,,,,,,w,move_up,,0,0
5374,179133,,,,,,,,,,,,,,,,,,,,,,w,move_up,,0,0
5375,179167,,,,,,,,,,,,,,,,,,,,,,w,move_up,,0,0
5376,179200,,,,,,,,,,,,,,,,,,,,,,w,move_up,,0,0
5377,179233,,,,,,,,,,,,,,,,,,,,,,w,move_up,,0,0
5378,179267,,,,,,,,,,,,,,,,,,,,,,w,move_up,,0,0
5379,179300,,,,,,,,,,,,,,,,,,,,,,w,move_up,,0,0
5380,179333,,,,,,,,,,,,,,,,,,,,,,w,move_up,,0,0
5381,179367,,,,,,,,,,,,,,,,,,,,,,w,move_up,,0,0
5382,179400,,,,,,,,,,,,,,,,,,,,,,w,move_up,,0,0
5383,179433,,,,,,,,,,,,,,,,,,,,,,w,move_up,,0,0
5384,179467,,,,,,,,,,,,,,,,,,,,,,w,move_up,,0,0
5385,179500,,,,,,,,,,,,,,,,,,,,,,d|w,move_up|move_right,,0,0
5386,179533,,,,,,,,,,,,,,,,,,,,,,d|w,move_up|move_right,,0,0
5387,179567,,,,,,,,,,,,,,,,,,,,,,d|w,move_up|move_right,,0,0
5388,179600,,,,,,,,,,,,,,,,,,,,,,d|w,move_up|move_right,,0,0
5389,179633,,,,,,,,,,,,,,,,,,,,,,d|w,move_up|move_right,,0,0
5390,179667,,,,,,,,,,,,,,,,,,,,,,w,move_up,,0,0
5391,179700,,,,,,,,,,,,,,,,,,,,,,w,move_up,,0,0
5392,179733,,,,,,,,,,,,,,,,,,,,,,w,move_up,,0,0
5393,179767,,,,,,,,,,,,,,,,,,,,,,w,move_up,,0,0
5394,179800,,,,,,,,,,,,,,,,,,,,,,w,move_up,,0,0
5395,179833,,,,,,,,,,,,,,,,,,,,,,w,move_up,,0,0
5396,179867,,,,,,,,,,,,,,,,,,,,,,w,move_up,,0,0
5397,179900,,,,,,,,,,,,,,,,,,,,,,w,move_up,,0,0
5398,179933,,,,,,,,,,,,,,,,,,,,,,w,move_up,,0,0
5399,179967,,,,,,,,,,,,,,,,,,,,,,w,move_up,,0,0
5400,180000,,,,,,,,,,,,,,,,,,,,,,w,move_up,,0,0
5401,180033,,,,,,,,,,,,,,,,,,,,,,w,move_up,,0,0
5402,180067,,,,,,,,,,,,,,,,,,,,,,w,move_up,,0,0
5403,180100,,,,,,,,,,,,,,,,,,,,,,w,move_up,,0,0
5404,180133,,,,,,,,,,,,,,,,,,,,,,w,move_up,,0,0
5405,180167,,,,,,,,,,,,,,,,,,,,,,w,move_up,,0,0
5406,180200,,,,,,,,,,,,,,,,,,,,,,w,move_up,,0,0
5407,180233,,,,,,,,,,,,,,,,,,,,,,w,move_up,,0,0
5408,180267,,,,,,,,,,,,,,,,,,,,,,w,move_up,,0,0
5409,180300,,,,,,,,,,,,,,,,,,,,,,w,move_up,,0,0
5410,180333,,,,,,,,,,,,,,,,,,,,,,w,move_up,,0,0
5411,180367,,,,,,,,,,,,,,,,,,,,,,w,move_up,,0,0
5412,180400,,,,,,,,,,,,,,,,,,,,,,w,move_up,,0,0
5413,180433,,,,,,,,,,,,,,,,,,,,,,w,move_up,,0,0
5414,180467,,,,,,,,,,,,,,,,,,,,,,w,move_up,,0,0
5415,180500,,,,,,,,,,,,,,,,,,,,,,w,move_up,,0,0
5416,180533,,,,,,,,,,,,,,,,,,,,,,w,move_up,,0,0
5417,180567,,,,,,,,,,,,,,,,,,,,,,w,move_up,,0,0
5418,180600,,,,,,,,,,,,,,,,,,,,,,w,move_up,,0,0
5419,180633,,,,,,,,,,,,,,,,,,,,,,w,move_up,,0,0
5420,180667,,,,,,,,,,,,,,,,,,,,,,w,move_up,,0,0
5421,180700,,,,,,,,,,,,,,,,,,,,,,w,move_up,,0,0
5422,180733,,,,,,,,,,,,,,,,,,,,,,w,move_up,,0,0
5423,180767,,,,,,,,,,,,,,,,,,,,,,w,move_up,,0,0
5424,180800,,,,,,,,,,,,,,,,,,,,,,w,move_up,,0,0
5425,180833,,,,,,,,,,,,,,,,,,,,,,w,move_up,,0,0
5426,180867,,,,,,,,,,,,,,,,,,,,,,w,move_up,,0,0
5427,180900,,,,,,,,,,,,,,,,,,,,,,w,move_up,,0,0
5428,180933,,,,,,,,,,,,,,,,,,,,,,w,move_up,,0,0
5429,180967,,,,,,,,,,,,,,,,,,,,,,w,move_up,,0,0
5430,181000,,,,,,,,,,,,,,,,,,,,,,a|w,move_up|move_left,,0,0
5431,181033,,,,,,,,,,,,,,,,,,,,,,a|w,move_up|move_left,,0,0
5432,181067,,,,,,,,,,,,,,,,,,,,,,a|w,move_up|move_left,,0,0
5433,181100,,,,,,,,,,,,,,,,,,,,,,a|w,move_up|move_left,,0,0
5434,181133,,,,,,,,,,,,,,,,,,,,,,a|w,move_up|move_left,,0,0
5435,181167,,,,,,,,,,,,,,,,,,,,,,a|w,move_up|move_left,,0,0
5436,181200,,,,,,,,,,,,,,,,,,,,,,a|w,move_up|move_left,,0,0
5437,181233,,,,,,,,,,,,,,,,,,,,,,a|w,move_up|move_left,,0,0
5438,181267,,,,,,,,,,,,,,,,,,,,,,a|w,move_up|move_left,,0,0
5439,181300,,,,,,,,,,,,,,,,,,,,,,a|w,move_up|move_left,,0,0
5440,181333,,,,,,,,,,,,,,,,,,,,,,a|w,move_up|move_left,,0,0
5441,181367,,,,,,,,,,,,,,,,,,,,,,a|w,move_up|move_left,,0,0
5442,181400,,,,,,,,,,,,,,,,,,,,,,a|w,move_up|move_left,,0,0
5443,181433,,,,,,,,,,,,,,,,,,,,,,a|w,move_up|move_left,,0,0
5444,181467,,,,,,,,,,,,,,,,,,,,,,a|w,move_up|move_left,,0,0
5445,181500,,,,,,,,,,,,,,,,,,,,,,a|w,move_up|move_left,,0,0
5446,181533,,,,,,,,,,,,,,,,,,,,,,a|w,move_up|move_left,,0,0
5447,181567,,,,,,,,,,,,,,,,,,,,,,a|w,move_up|move_left,,0,0
5448,181600,,,,,,,,,,,,,,,,,,,,,,a|w,move_up|move_left,,0,0
5449,181633,,,,,,,,,,,,,,,,,,,,,,a|w,move_up|move_left,,0,0
5450,181667,,,,,,,,,,,,,,,,,,,,,,a|w,move_up|move_left,,0,0
5451,181700,,,,,,,,,,,,,,,,,,,,,,a|w,move_up|move_left,,0,0
5452,181733,,,,,,,,,,,,,,,,,,,,,,a|w,move_up|move_left,,0,0
5453,181767,,,,,,,,,,,,,,,,,,,,,,a|w,move_up|move_left,,0,0
5454,181800,,,,,,,,,,,,,,,,,,,,,,a|w,move_up|move_left,,0,0
5455,181833,,,,,,,,,,,,,,,,,,,,,,a|w,move_up|move_left,,0,0
5456,181867,,,,,,,,,,,,,,,,,,,,,,a|w,move_up|move_left,,0,0
5457,181900,,,,,,,,,,,,,,,,,,,,,,a|w,move_up|move_left,,0,0
5458,181933,,,,,,,,,,,,,,,,,,,,,,a|w,move_up|move_left,,0,0
5459,181967,,,,,,,,,,,,,,,,,,,,,,a|w,move_up|move_left,,0,0
5460,182000,,,,,,,,,,,,,,,,,,,,,,a|w,move_up|move_left,,0,0
5461,182033,,,,,,,,,,,,,,,,,,,,,,w,move_up,,0,0
5462,182067,,,,,,,,,,,,,,,,,,,,,,w,move_up,,0,0
5463,182100,,,,,,,,,,,,,,,,,,,,,,w,move_up,,0,0
5464,182133,,,,,,,,,,,,,,,,,,,,,,w,move_up,,0,0
5465,182167,,,,,,,,,,,,,,,,,,,,,,w,move_up,,0,0
5466,182200,,,,,,,,,,,,,,,,,,,,,,w,move_up,,0,0
5467,182233,,,,,,,,,,,,,,,,,,,,,,w,move_up,,0,0
5468,182267,,,,,,,,,,,,,,,,,,,,,,w,move_up,,0,0
5469,182300,,,,,,,,,,,,,,,,,,,,,,w,move_up,,0,0
5470,182333,,,,,,,,,,,,,,,,,,,,,,w,move_up,,0,0
5471,182367,,,,,,,,,,,,,,,,,,,,,,d|w,move_up|move_right,,0,0
5472,182400,,,,,,,,,,,,,,,,,,,,,,d|w,move_up|move_right,,0,0
5473,182433,,,,,,,,,,,,,,,,,,,,,,d|w,move_up|move_right,,0,0
5474,182467,,,,,,,,,,,,,,,,,,,,,,d|w,move_up|move_right,,0,0
5475,182500,,,,,,,,,,,,,,,,,,,,,,d|w,move_up|move_right,,0,0
5476,182533,,,,,,,,,,,,,,,,,,,,,,d|w,move_up|move_right,,0,0
5477,182567,,,,,,,,,,,,,,,,,,,,,,d|w,move_up|move_right,,0,0
5478,182600,,,,,,,,,,,,,,,,,,,,,,d|w,move_up|move_right,,0,0
5479,182633,,,,,,,,,,,,,,,,,,,,,,d|w,move_up|move_right,,0,0
5480,182667,,,,,,,,,,,,,,,,,,,,,,d|w,move_up|move_right,,0,0
5481,182700,,,,,,,,,,,,,,,,,,,,,,d|w,move_up|move_right,,0,0
5482,182733,,,,,,,,,,,,,,,,,,,,,,d|w,move_up|move_right,,0,0
5483,182767,,,,,,,,,,,,,,,,,,,,,,d|w,move_up|move_right,,0,0
5484,182800,,,,,,,,,,,,,,,,,,,,,,d|w,move_up|move_right,,0,0
5485,182833,,,,,,,,,,,,,,,,,,,,,,d|w,move_up|move_right,,0,0
5486,182867,,,,,,,,,,,,,,,,,,,,,,d|w,move_up|move_right,,0,0
5487,182900,,,,,,,,,,,,,,,,,,,,,,d|w,move_up|move_right,,0,0
5488,182933,,,,,,,,,,,,,,,,,,,,,,d|w,move_up|move_right,,0,0
5489,182967,,,,,,,,,,,,,,,,,,,,,,d|w,move_up|move_right,,0,0
5490,183000,,,,,,,,,,,,,,,,,,,,,,d|w,move_up|move_right,,0,0
5491,183033,,,,,,,,,,,,,,,,,,,,,,w,move_up,,0,0
5492,183067,,,,,,,,,,,,,,,,,,,,,,w,move_up,,0,0
5493,183100,,,,,,,,,,,,,,,,,,,,,,w,move_up,,0,0
5494,183133,,,,,,,,,,,,,,,,,,,,,,w,move_up,,0,0
5495,183167,,,,,,,,,,,,,,,,,,,,,,w,move_up,,0,0
5496,183200,,,,,,,,,,,,,,,,,,,,,,w,move_up,,0,0
5497,183233,,,,,,,,,,,,,,,,,,,,,,w,move_up,,0,0
5498,183267,,,,,,,,,,,,,,,,,,,,,,w,move_up,,0,0
5499,183300,,,,,,,,,,,,,,,,,,,,,,w,move_up,,0,0
5500,183333,,,,,,,,,,,,,,,,,,,,,,w,move_up,,0,0
5501,183367,,,,,,,,,,,,,,,,,,,,,,w,move_up,,0,0
5502,183400,,,,,,,,,,,,,,,,,,,,,,w,move_up,,0,0
5503,183433,,,,,,,,,,,,,,,,,,,,,,w,move_up,,0,0
5504,183467,,,,,,,,,,,,,,,,,,,,,,w,move_up,,0,0
5505,183500,,,,,,,,,,,,,,,,,,,,,,w,move_up,,0,0
5506,183533,,,,,,,,,,,,,,,,,,,,,,w,move_up,,0,0
5507,183567,,,,,,,,,,,,,,,,,,,,,,w,move_up,,0,0
5508,183600,,,,,,,,,,,,,,,,,,,,,,a|w,move_up|move_left,,0,0
5509,183633,,,,,,,,,,,,,,,,,,,,,,a|w,move_up|move_left,,0,0
5510,183667,,,,,,,,,,,,,,,,,,,,,,a|w,move_up|move_left,,0,0
5511,183700,,,,,,,,,,,,,,,,,,,,,,a|w,move_up|move_left,,0,0
5512,183733,,,,,,,,,,,,,,,,,,,,,,a|w,move_up|move_left,,0,0
5513,183767,,,,,,,,,,,,,,,,,,,,,,a|w,move_up|move_left,,0,0
5514,183800,,,,,,,,,,,,,,,,,,,,,,a|w,move_up|move_left,,0,0
5515,183833,,,,,,,,,,,,,,,,,,,,,,a|w,move_up|move_left,,0,0
5516,183867,,,,,,,,,,,,,,,,,,,,,,a|w,move_up|move_left,,0,0
5517,183900,,,,,,,,,,,,,,,,,,,,,,a|w,move_up|move_left,,0,0
5518,183933,,,,,,,,,,,,,,,,,,,,,,a|w,move_up|move_left,,0,0
5519,183967,,,,,,,,,,,,,,,,,,,,,,a|w,move_up|move_left,,0,0
5520,184000,,,,,,,,,,,,,,,,,,,,,,a|w,move_up|move_left,,0,0
5521,184033,,,,,,,,,,,,,,,,,,,,,,a|w,move_up|move_left,,0,0
5522,184067,,,,,,,,,,,,,,,,,,,,,,a|w,move_up|move_left,,0,0
5523,184100,,,,,,,,,,,,,,,,,,,,,,a|w,move_up|move_left,,0,0
5524,184133,,,,,,,,,,,,,,,,,,,,,,a|w,move_up|move_left,,0,0
5525,184167,,,,,,,,,,,,,,,,,,,,,,w,move_up,,0,0
5526,184200,,,,,,,,,,,,,,,,,,,,,,w,move_up,,0,0
5527,184233,,,,,,,,,,,,,,,,,,,,,,w,move_up,,0,0
5528,184267,,,,,,,,,,,,,,,,,,,,,,d,move_right,,0,0
5529,184300,,,,,,,,,,,,,,,,,,,,,,d,move_right,,0,0
5530,184333,,,,,,,,,,,,,,,,,,,,,,d,move_right,,0,0
5531,184367,,,,,,,,,,,,,,,,,,,,,,d,move_right,,0,0
5532,184400,,,,,,,,,,,,,,,,,,,,,,d,move_right,,0,0
5533,184433,,,,,,,,,,,,,,,,,,,,,,d,move_right,,0,0
5534,184467,,,,,,,,,,,,,,,,,,,,,,d,move_right,,0,0
5535,184500,,,,,,,,,,,,,,,,,,,,,,,,,0,0
5536,184533,,,,,,,,,,,,,,,,,,,,,,,,,0,0
5537,184567,,,,,,,,,,,,,,,,,,,,,,,,,0,0
5538,184600,,,,,,,,,,,,,,,,,,,,,,a,move_left,,0,0
5539,184633,,,,,,,,,,,,,,,,,,,,,,a,move_left,,0,0
5540,184667,,,,,,,,,,,,,,,,,,,,,,a,move_left,,0,0
5541,184700,,,,,,,,,,,,,,,,,,,,,,a,move_left,,0,0
5542,184733,,,,,,,,,,,,,,,,,,,,,,a|w,move_up|move_left,,0,0
5543,184767,,,,,,,,,,,,,,,,,,,,,,a|w,move_up|move_left,,0,0
5544,184800,,,,,,,,,,,,,,,,,,,,,,a|w,move_up|move_left,,0,0
5545,184833,,,,,,,,,,,,,,,,,,,,,,a|w,move_up|move_left,,0,0
5546,184867,,,,,,,,,,,,,,,,,,,,,,a|w,move_up|move_left,,0,0
5547,184900,,,,,,,,,,,,,,,,,,,,,,a|d,move_left|move_right,,0,0
5548,184933,,,,,,,,,,,,,,,,,,,,,,d,move_right,,0,0
5549,184967,,,,,,,,,,,,,,,,,,,,,,d,move_right,,0,0
5550,185000,,,,,,,,,,,,,,,,,,,,,,d|w,move_up|move_right,,0,0
5551,185033,,,,,,,,,,,,,,,,,,,,,,d|w,move_up|move_right,,0,0
5552,185067,,,,,,,,,,,,,,,,,,,,,,d|w,move_up|move_right,,0,0
5553,185100,,,,,,,,,,,,,,,,,,,,,,d|w,move_up|move_right,,0,0
5554,185133,,,,,,,,,,,,,,,,,,,,,,d|w,move_up|move_right,,0,0
5555,185167,,,,,,,,,,,,,,,,,,,,,,d|w,move_up|move_right,,0,0
5556,185200,,,,,,,,,,,,,,,,,,,,,,d|w,move_up|move_right,,0,0
5557,185233,,,,,,,,,,,,,,,,,,,,,,d|w,move_up|move_right,,0,0
5558,185267,,,,,,,,,,,,,,,,,,,,,,d|w,move_up|move_right,,0,0
5559,185300,,,,,,,,,,,,,,,,,,,,,,d|w,move_up|move_right,,0,0
5560,185333,,,,,,,,,,,,,,,,,,,,,,d|w,move_up|move_right,,0,0
5561,185367,,,,,,,,,,,,,,,,,,,,,,d|w,move_up|move_right,,0,0
5562,185400,,,,,,,,,,,,,,,,,,,,,,d|w,move_up|move_right,,0,0
5563,185433,,,,,,,,,,,,,,,,,,,,,,d|w,move_up|move_right,,0,0
5564,185467,,,,,,,,,,,,,,,,,,,,,,d|w,move_up|move_right,,0,0
5565,185500,,,,,,,,,,,,,,,,,,,,,,d|w,move_up|move_right,,0,0
5566,185533,,,,,,,,,,,,,,,,,,,,,,,,,0,0
5567,185567,,,,,,,,,,,,,,,,,,,,,,,,,0,0
5568,185600,,,,,,,,,,,,,,,,,,,,,,,,,0,0
5569,185633,,,,,,,,,,,,,,,,,,,,,,,,,0,0
5570,185667,,,,,,,,,,,,,,,,,,,,,,,,,0,0
5571,185700,,,,,,,,,,,,,,,,,,,,,,,,,0,0
5572,185733,,,,,,,,,,,,,,,,,,,,,,,,,0,0
5573,185767,,,,,,,,,,,,,,,,,,,,,,e,interact,,0,0
5574,185800,,,,,,,,,,,,,,,,,,,,,,e,interact,,0,0
5575,185833,,,,,,,,,,,,,,,,,,,,,,e,interact,,0,0
5576,185867,,,,,,,,,,,,,,,,,,,,,,e,interact,,0,0
5577,185900,,,,,,,,,,,,,,,,,,,,,,,,,0,0
5578,185933,,,,,,,,,,,,,,,,,,,,,,,,,0,0
5579,185967,,,,,,,,,,,,,,,,,,,,,,,,,0,0
5580,186000,,,,,,,,,,,,,,,,,,,,,,e,interact,,0,0
5581,186033,,,,,,,,,,,,,,,,,,,,,,e,interact,,0,0
5582,186067,,,,,,,,,,,,,,,,,,,,,,e,interact,,0,0
5583,186100,,,,,,,,,,,,,,,,,,,,,,e,interact,,0,0
5584,186133,,,,,,,,,,,,,,,,,,,,,,,,,0,0
5585,186167,,,,,,,,,,,,,,,,,,,,,,e,interact,,0,0
5586,186200,,,,,,,,,,,,,,,,,,,,,,e,interact,,0,0
5587,186233,,,,,,,,,,,,,,,,,,,,,,e,interact,,0,0
5588,186267,,,,,,,,,,,,,,,,,,,,,,e,interact,,0,0
5589,186300,,,,,,,,,,,,,,,,,,,,,,a,move_left,,0,0
5590,186333,,,,,,,,,,,,,,,,,,,,,,a,move_left,,0,0
5591,186367,,,,,,,,,,,,,,,,,,,,,,a,move_left,,0,0
5592,186400,,,,,,,,,,,,,,,,,,,,,,a,move_left,,0,0
5593,186433,,,,,,,,,,,,,,,,,,,,,,a,move_left,,0,0
5594,186467,,,,,,,,,,,,,,,,,,,,,,a,move_left,,0,0
5595,186500,,,,,,,,,,,,,,,,,,,,,,a|w,move_up|move_left,,0,0
5596,186533,,,,,,,,,,,,,,,,,,,,,,a|w,move_up|move_left,,0,0
5597,186567,,,,,,,,,,,,,,,,,,,,,,a|w,move_up|move_left,,0,0
5598,186600,,,,,,,,,,,,,,,,,,,,,,a|w,move_up|move_left,,0,0
5599,186633,,,,,,,,,,,,,,,,,,,,,,a|w,move_up|move_left,,0,0
5600,186667,,,,,,,,,,,,,,,,,,,,,,a|w,move_up|move_left,,0,0
5601,186700,,,,,,,,,,,,,,,,,,,,,,a|w,move_up|move_left,,0,0
5602,186733,,,,,,,,,,,,,,,,,,,,,,a|w,move_up|move_left,,0,0
5603,186767,,,,,,,,,,,,,,,,,,,,,,a|w,move_up|move_left,,0,0
5604,186800,,,,,,,,,,,,,,,,,,,,,,a|w,move_up|move_left,,0,0
5605,186833,,,,,,,,,,,,,,,,,,,,,,a|w,move_up|move_left,,0,0
5606,186867,,,,,,,,,,,,,,,,,,,,,,a|w,move_up|move_left,,0,0
5607,186900,,,,,,,,,,,,,,,,,,,,,,a|w,move_up|move_left,,0,0
5608,186933,,,,,,,,,,,,,,,,,,,,,,a|w,move_up|move_left,,0,0
5609,186967,,,,,,,,,,,,,,,,,,,,,,a|w,move_up|move_left,,0,0
5610,187000,,,,,,,,,,,,,,,,,,,,,,a|w,move_up|move_left,,0,0
5611,187033,,,,,,,,,,,,,,,,,,,,,,w,move_up,,0,0
5612,187067,,,,,,,,,,,,,,,,,,,,,,w,move_up,,0,0
5613,187100,,,,,,,,,,,,,,,,,,,,,,w,move_up,,0,0
5614,187133,,,,,,,,,,,,,,,,,,,,,,w,move_up,,0,0
5615,187167,,,,,,,,,,,,,,,,,,,,,,w,move_up,,0,0
5616,187200,,,,,,,,,,,,,,,,,,,,,,w,move_up,,0,0
5617,187233,,,,,,,,,,,,,,,,,,,,,,w,move_up,,0,0
5618,187267,,,,,,,,,,,,,,,,,,,,,,a|w,move_up|move_left,,0,0
5619,187300,,,,,,,,,,,,,,,,,,,,,,a|w,move_up|move_left,,0,0
5620,187333,,,,,,,,,,,,,,,,,,,,,,a|w,move_up|move_left,,0,0
5621,187367,,,,,,,,,,,,,,,,,,,,,,a|w,move_up|move_left,,0,0
5622,187400,,,,,,,,,,,,,,,,,,,,,,a|w,move_up|move_left,,0,0
5623,187433,,,,,,,,,,,,,,,,,,,,,,a|w,move_up|move_left,,0,0
5624,187467,,,,,,,,,,,,,,,,,,,,,,a|w,move_up|move_left,,0,0
5625,187500,,,,,,,,,,,,,,,,,,,,,,a|w,move_up|move_left,,0,0
5626,187533,,,,,,,,,,,,,,,,,,,,,,a|w,move_up|move_left,,0,0
5627,187567,,,,,,,,,,,,,,,,,,,,,,a|w,move_up|move_left,,0,0
5628,187600,,,,,,,,,,,,,,,,,,,,,,a|w,move_up|move_left,,0,0
5629,187633,,,,,,,,,,,,,,,,,,,,,,a|w,move_up|move_left,,0,0
5630,187667,,,,,,,,,,,,,,,,,,,,,,a|w,move_up|move_left,,0,0
5631,187700,,,,,,,,,,,,,,,,,,,,,,a|w,move_up|move_left,,0,0
5632,187733,,,,,,,,,,,,,,,,,,,,,,a|w,move_up|move_left,,0,0
5633,187767,,,,,,,,,,,,,,,,,,,,,,a|w,move_up|move_left,,0,0
5634,187800,,,,,,,,,,,,,,,,,,,,,,a|w,move_up|move_left,,0,0
5635,187833,,,,,,,,,,,,,,,,,,,,,,a|w,move_up|move_left,,0,0
5636,187867,,,,,,,,,,,,,,,,,,,,,,a|w,move_up|move_left,,0,0
5637,187900,,,,,,,,,,,,,,,,,,,,,,a|w,move_up|move_left,,0,0
5638,187933,,,,,,,,,,,,,,,,,,,,,,a|w,move_up|move_left,,0,0
5639,187967,,,,,,,,,,,,,,,,,,,,,,a|w,move_up|move_left,,0,0
5640,188000,,,,,,,,,,,,,,,,,,,,,,a|w,move_up|move_left,,0,0
5641,188033,,,,,,,,,,,,,,,,,,,,,,a|w,move_up|move_left,,0,0
5642,188067,,,,,,,,,,,,,,,,,,,,,,a|w,move_up|move_left,,0,0
5643,188100,,,,,,,,,,,,,,,,,,,,,,a|w,move_up|move_left,,0,0
5644,188133,,,,,,,,,,,,,,,,,,,,,,a|w,move_up|move_left,,0,0
5645,188167,,,,,,,,,,,,,,,,,,,,,,a|w,move_up|move_left,,0,0
5646,188200,,,,,,,,,,,,,,,,,,,,,,a|w,move_up|move_left,,0,0
5647,188233,,,,,,,,,,,,,,,,,,,,,,w,move_up,,0,0
5648,188267,,,,,,,,,,,,,,,,,,,,,,w,move_up,,0,0
5649,188300,,,,,,,,,,,,,,,,,,,,,,w,move_up,,0,0
5650,188333,,,,,,,,,,,,,,,,,,,,,,w,move_up,,0,0
5651,188367,,,,,,,,,,,,,,,,,,,,,,w,move_up,,0,0
5652,188400,,,,,,,,,,,,,,,,,,,,,,w,move_up,,0,0
5653,188433,,,,,,,,,,,,,,,,,,,,,,w,move_up,,0,0
5654,188467,,,,,,,,,,,,,,,,,,,,,,w,move_up,,0,0
5655,188500,,,,,,,,,,,,,,,,,,,,,,w,move_up,,0,0
5656,188533,,,,,,,,,,,,,,,,,,,,,,w,move_up,,0,0
5657,188567,,,,,,,,,,,,,,,,,,,,,,w,move_up,,0,0
5658,188600,,,,,,,,,,,,,,,,,,,,,,w,move_up,,0,0
5659,188633,,,,,,,,,,,,,,,,,,,,,,w,move_up,,0,0
5660,188667,,,,,,,,,,,,,,,,,,,,,,w,move_up,,0,0
5661,188700,,,,,,,,,,,,,,,,,,,,,,w,move_up,,0,0
5662,188733,,,,,,,,,,,,,,,,,,,,,,w,move_up,,0,0
5663,188767,,,,,,,,,,,,,,,,,,,,,,w,move_up,,0,0
5664,188800,,,,,,,,,,,,,,,,,,,,,,d|w,move_up|move_right,,0,0
5665,188833,,,,,,,,,,,,,,,,,,,,,,d|w,move_up|move_right,,0,0
5666,188867,,,,,,,,,,,,,,,,,,,,,,d|w,move_up|move_right,,0,0
5667,188900,,,,,,,,,,,,,,,,,,,,,,d|w,move_up|move_right,,0,0
5668,188933,,,,,,,,,,,,,,,,,,,,,,,,,0,0
5669,188967,,,,,,,,,,,,,,,,,,,,,,,,,0,0
5670,189000,,,,,,,,,,,,,,,,,,,,,,,,,0,0
5671,189033,,,,,,,,,,,,,,,,,,,,,,,,,0,0
5672,189067,,,,,,,,,,,,,,,,,,,,,,,,,0,0
5673,189100,,,,,,,,,,,,,,,,,,,,,,,,,0,0
5674,189133,,,,,,,,,,,,,,,,,,,,,,,,,0,0
5675,189167,,,,,,,,,,,,,,,,,,,,,,,,,0,0
5676,189200,,,,,,,,,,,,,,,,,,,,,,,,,0,0
5677,189233,,,,,,,,,,,,,,,,,,,,,,,,,0,0
5678,189267,,,,,,,,,,,,,,,,,,,,,,,,,0,0
5679,189300,,,,,,,,,,,,,,,,,,,,,,w,move_up,,0,0
5680,189333,,,,,,,,,,,,,,,,,,,,,,w,move_up,,0,0
5681,189367,,,,,,,,,,,,,,,,,,,,,,d|w,move_up|move_right,,0,0
5682,189400,,,,,,,,,,,,,,,,,,,,,,d|w,move_up|move_right,,0,0
5683,189433,,,,,,,,,,,,,,,,,,,,,,d|w,move_up|move_right,,0,0
5684,189467,,,,,,,,,,,,,,,,,,,,,,d|w,move_up|move_right,,0,0
5685,189500,,,,,,,,,,,,,,,,,,,,,,a|d|w,move_up|move_left|move_right,,0,0
5686,189533,,,,,,,,,,,,,,,,,,,,,,a|w,move_up|move_left,,0,0
5687,189567,,,,,,,,,,,,,,,,,,,,,,a|w,move_up|move_left,,0,0
5688,189600,,,,,,,,,,,,,,,,,,,,,,a|w,move_up|move_left,,0,0
5689,189633,,,,,,,,,,,,,,,,,,,,,,a|w,move_up|move_left,,0,0
5690,189667,,,,,,,,,,,,,,,,,,,,,,a|w,move_up|move_left,,0,0
5691,189700,,,,,,,,,,,,,,,,,,,,,,a|w,move_up|move_left,,0,0
5692,189733,,,,,,,,,,,,,,,,,,,,,,a|w,move_up|move_left,,0,0
5693,189767,,,,,,,,,,,,,,,,,,,,,,a,move_left,,0,0
5694,189800,,,,,,,,,,,,,,,,,,,,,,a,move_left,,0,0
5695,189833,,,,,,,,,,,,,,,,,,,,,,a,move_left,,0,0
5696,189867,,,,,,,,,,,,,,,,,,,,,,a,move_left,,0,0
5697,189900,,,,,,,,,,,,,,,,,,,,,,a,move_left,,0,0
5698,189933,,,,,,,,,,,,,,,,,,,,,,a,move_left,,0,0
5699,189967,,,,,,,,,,,,,,,,,,,,,,a,move_left,,0,0
5700,190000,,,,,,,,,,,,,,,,,,,,,,a,move_left,,0,0
5701,190033,,,,,,,,,,,,,,,,,,,,,,a,move_left,,0,0
5702,190067,,,,,,,,,,,,,,,,,,,,,,,,,0,0
5703,190100,,,,,,,,,,,,,,,,,,,,,,,,,0,0
5704,190133,,,,,,,,,,,,,,,,,,,,,,,,,0,0
5705,190167,,,,,,,,,,,,,,,,,,,,,,,,,0,0
5706,190200,,,,,,,,,,,,,,,,,,,,,,,,,0,0
5707,190233,,,,,,,,,,,,,,,,,,,,,,,,,0,0
5708,190267,,,,,,,,,,,,,,,,,,,,,,,,,0,0
5709,190300,,,,,,,,,,,,,,,,,,,,,,,,,0,0
5710,190333,,,,,,,,,,,,,,,,,,,,,,,,,0,0
5711,190367,,,,,,,,,,,,,,,,,,,,,,,,,0,0
5712,190400,,,,,,,,,,,,,,,,,,,,,,,,,0,0
5713,190433,,,,,,,,,,,,,,,,,,,,,,,,,0,0
5714,190467,,,,,,,,,,,,,,,,,,,,,,,,,0,0
5715,190500,,,,,,,,,,,,,,,,,,,,,,,,,0,0
5716,190533,,,,,,,,,,,,,,,,,,,,,,,,,0,0
5717,190567,,,,,,,,,,,,,,,,,,,,,,,,,0,0
5718,190600,,,,,,,,,,,,,,,,,,,,,,,,,0,0
5719,190633,,,,,,,,,,,,,,,,,,,,,,,,,0,0
5720,190667,,,,,,,,,,,,,,,,,,,,,,,,,0,0
5721,190700,,,,,,,,,,,,,,,,,,,,,,,,,0,0
5722,190733,,,,,,,,,,,,,,,,,,,,,,,,,0,0
5723,190767,,,,,,,,,,,,,,,,,,,,,,,,,0,0
5724,190800,,,,,,,,,,,,,,,,,,,,,,,,,0,0
5725,190833,,,,,,,,,,,,,,,,,,,,,,,,,0,0
5726,190867,,,,,,,,,,,,,,,,,,,,,,,,,0,0
5727,190900,,,,,,,,,,,,,,,,,,,,,,,,,0,0
5728,190933,,,,,,,,,,,,,,,,,,,,,,w,move_up,,0,0
5729,190967,,,,,,,,,,,,,,,,,,,,,,w,move_up,,0,0
5730,191000,,,,,,,,,,,,,,,,,,,,,,w,move_up,,0,0
5731,191033,,,,,,,,,,,,,,,,,,,,,,w,move_up,,0,0
5732,191067,,,,,,,,,,,,,,,,,,,,,,w,move_up,,0,0
5733,191100,,,,,,,,,,,,,,,,,,,,,,d|w,move_up|move_right,,0,0
5734,191133,,,,,,,,,,,,,,,,,,,,,,d|w,move_up|move_right,,0,0
5735,191167,,,,,,,,,,,,,,,,,,,,,,d|w,move_up|move_right,,0,0
5736,191200,,,,,,,,,,,,,,,,,,,,,,d|w,move_up|move_right,,0,0
5737,191233,,,,,,,,,,,,,,,,,,,,,,d|w,move_up|move_right,,0,0
5738,191267,,,,,,,,,,,,,,,,,,,,,,d,move_right,,0,0
5739,191300,,,,,,,,,,,,,,,,,,,,,,,,,0,0
5740,191333,,,,,,,,,,,,,,,,,,,,,,,,,0,0
5741,191367,,,,,,,,,,,,,,,,,,,,,,,,,0,0
5742,191400,,,,,,,,,,,,,,,,,,,,,,,,,0,0
5743,191433,,,,,,,,,,,,,,,,,,,,,,,,,0,0
5744,191467,,,,,,,,,,,,,,,,,,,,,,,,,0,0
5745,191500,,,,,,,,,,,,,,,,,,,,,,,,,0,0
5746,191533,,,,,,,,,,,,,,,,,,,,,,,,,0,0
5747,191567,,,,,,,,,,,,,,,,,,,,,,,,,0,0
5748,191600,,,,,,,,,,,,,,,,,,,,,,,,,0,0
5749,191633,,,,,,,,,,,,,,,,,,,,,,,,,0,0
5750,191667,,,,,,,,,,,,,,,,,,,,,,,,,0,0
5751,191700,,,,,,,,,,,,,,,,,,,,,,,,,0,0
5752,191733,,,,,,,,,,,,,,,,,,,,,,,,,0,0
5753,191767,,,,,,,,,,,,,,,,,,,,,,,,,0,0
5754,191800,,,,,,,,,,,,,,,,,,,,,,,,,0,0
5755,191833,,,,,,,,,,,,,,,,,,,,,,,,,0,0
5756,191867,,,,,,,,,,,,,,,,,,,,,,,,,0,0
5757,191900,,,,,,,,,,,,,,,,,,,,,,,,,0,0
5758,191933,,,,,,,,,,,,,,,,,,,,,,,,,0,0
5759,191967,,,,,,,,,,,,,,,,,,,,,,,,,0,0
5760,192000,,,,,,,,,,,,,,,,,,,,,,,,,0,0
5761,192033,,,,,,,,,,,,,,,,,,,,,,,,,0,0
5762,192067,,,,,,,,,,,,,,,,,,,,,,w,move_up,,0,0
5763,192100,,,,,,,,,,,,,,,,,,,,,,w,move_up,,0,0
5764,192133,,,,,,,,,,,,,,,,,,,,,,w,move_up,,0,0
5765,192167,,,,,,,,,,,,,,,,,,,,,,w,move_up,,0,0
5766,192200,,,,,,,,,,,,,,,,,,,,,,w,move_up,,0,0
5767,192233,,,,,,,,,,,,,,,,,,,,,,w,move_up,,0,0
5768,192267,,,,,,,,,,,,,,,,,,,,,,w,move_up,,0,0
5769,192300,,,,,,,,,,,,,,,,,,,,,,w,move_up,,0,0
5770,192333,,,,,,,,,,,,,,,,,,,,,,w,move_up,,0,0
5771,192367,,,,,,,,,,,,,,,,,,,,,,w,move_up,,0,0
5772,192400,,,,,,,,,,,,,,,,,,,,,,w,move_up,,0,0
5773,192433,,,,,,,,,,,,,,,,,,,,,,w,move_up,,0,0
5774,192467,,,,,,,,,,,,,,,,,,,,,,w,move_up,,0,0
5775,192500,,,,,,,,,,,,,,,,,,,,,,w,move_up,,0,0
5776,192533,,,,,,,,,,,,,,,,,,,,,,w,move_up,,0,0
5777,192567,,,,,,,,,,,,,,,,,,,,,,w,move_up,,0,0
5778,192600,,,,,,,,,,,,,,,,,,,,,,w,move_up,,0,0
5779,192633,,,,,,,,,,,,,,,,,,,,,,w,move_up,,0,0
5780,192667,,,,,,,,,,,,,,,,,,,,,,w,move_up,,0,0
5781,192700,,,,,,,,,,,,,,,,,,,,,,w,move_up,,0,0
5782,192733,,,,,,,,,,,,,,,,,,,,,,w,move_up,,0,0
5783,192767,,,,,,,,,,,,,,,,,,,,,,e|w,interact|move_up,,0,0
5784,192800,,,,,,,,,,,,,,,,,,,,,,e|w,interact|move_up,,0,0
5785,192833,,,,,,,,,,,,,,,,,,,,,,e|w,interact|move_up,,0,0
5786,192867,,,,,,,,,,,,,,,,,,,,,,e|w,interact|move_up,,0,0
5787,192900,,,,,,,,,,,,,,,,,,,,,,,,,0,0
5788,192933,,,,,,,,,,,,,,,,,,,,,,,,,0,0
5789,192967,,,,,,,,,,,,,,,,,,,,,,,,,0,0
5790,193000,,,,,,,,,,,,,,,,,,,,,,w,move_up,,0,0
5791,193033,,,,,,,,,,,,,,,,,,,,,,w,move_up,,0,0
5792,193067,,,,,,,,,,,,,,,,,,,,,,w,move_up,,0,0
5793,193100,,,,,,,,,,,,,,,,,,,,,,w,move_up,,0,0
5794,193133,,,,,,,,,,,,,,,,,,,,,,w,move_up,,0,0
5795,193167,,,,,,,,,,,,,,,,,,,,,,w,move_up,,0,0
5796,193200,,,,,,,,,,,,,,,,,,,,,,w,move_up,,0,0
5797,193233,,,,,,,,,,,,,,,,,,,,,,w,move_up,,0,0
5798,193267,,,,,,,,,,,,,,,,,,,,,,w,move_up,,0,0
5799,193300,,,,,,,,,,,,,,,,,,,,,,w,move_up,,0,0
5800,193333,,,,,,,,,,,,,,,,,,,,,,w,move_up,,0,0
5801,193367,,,,,,,,,,,,,,,,,,,,,,w,move_up,,0,0
5802,193400,,,,,,,,,,,,,,,,,,,,,,w,move_up,,0,0
5803,193433,,,,,,,,,,,,,,,,,,,,,,w,move_up,,0,0
5804,193467,,,,,,,,,,,,,,,,,,,,,,w,move_up,,0,0
5805,193500,,,,,,,,,,,,,,,,,,,,,,w,move_up,,0,0
5806,193533,,,,,,,,,,,,,,,,,,,,,,w,move_up,,0,0
5807,193567,,,,,,,,,,,,,,,,,,,,,,w,move_up,,0,0
5808,193600,,,,,,,,,,,,,,,,,,,,,,d|w,move_up|move_right,,0,0
5809,193633,,,,,,,,,,,,,,,,,,,,,,d|w,move_up|move_right,,0,0
5810,193667,,,,,,,,,,,,,,,,,,,,,,d|w,move_up|move_right,,0,0
5811,193700,,,,,,,,,,,,,,,,,,,,,,d|w,move_up|move_right,,0,0
5812,193733,,,,,,,,,,,,,,,,,,,,,,d|w,move_up|move_right,,0,0
5813,193767,,,,,,,,,,,,,,,,,,,,,,d|w,move_up|move_right,,0,0
5814,193800,,,,,,,,,,,,,,,,,,,,,,d|w,move_up|move_right,,0,0
5815,193833,,,,,,,,,,,,,,,,,,,,,,w,move_up,,0,0
5816,193867,,,,,,,,,,,,,,,,,,,,,,w,move_up,,0,0
5817,193900,,,,,,,,,,,,,,,,,,,,,,w,move_up,,0,0
5818,193933,,,,,,,,,,,,,,,,,,,,,,w,move_up,,0,0
5819,193967,,,,,,,,,,,,,,,,,,,,,,w,move_up,,0,0
5820,194000,,,,,,,,,,,,,,,,,,,,,,w,move_up,,0,0
5821,194033,,,,,,,,,,,,,,,,,,,,,,d|w,move_up|move_right,,0,0
5822,194067,,,,,,,,,,,,,,,,,,,,,,d|w,move_up|move_right,,0,0
5823,194100,,,,,,,,,,,,,,,,,,,,,,d|w,move_up|move_right,,0,0
5824,194133,,,,,,,,,,,,,,,,,,,,,,d|w,move_up|move_right,,0,0
5825,194167,,,,,,,,,,,,,,,,,,,,,,w,move_up,,0,0
5826,194200,,,,,,,,,,,,,,,,,,,,,,w,move_up,,0,0
5827,194233,,,,,,,,,,,,,,,,,,,,,,w,move_up,,0,0
5828,194267,,,,,,,,,,,,,,,,,,,,,,,,,0,0
5829,194300,,,,,,,,,,,,,,,,,,,,,,,,,0,0
5830,194333,,,,,,,,,,,,,,,,,,,,,,,,,0,0
5831,194367,,,,,,,,,,,,,,,,,,,,,,w,move_up,,0,0
5832,194400,,,,,,,,,,,,,,,,,,,,,,w,move_up,,0,0
5833,194433,,,,,,,,,,,,,,,,,,,,,,d|w,move_up|move_right,,0,0
5834,194467,,,,,,,,,,,,,,,,,,,,,,d|w,move_up|move_right,,0,0
5835,194500,,,,,,,,,,,,,,,,,,,,,,d|w,move_up|move_right,,0,0
5836,194533,,,,,,,,,,,,,,,,,,,,,,d|w,move_up|move_right,,0,0
5837,194567,,,,,,,,,,,,,,,,,,,,,,d|w,move_up|move_right,,0,0
5838,194600,,,,,,,,,,,,,,,,,,,,,,d|w,move_up|move_right,,0,0
5839,194633,,,,,,,,,,,,,,,,,,,,,,d|w,move_up|move_right,,0,0
5840,194667,,,,,,,,,,,,,,,,,,,,,,d|w,move_up|move_right,,0,0
5841,194700,,,,,,,,,,,,,,,,,,,,,,w,move_up,,0,0
5842,194733,,,,,,,,,,,,,,,,,,,,,,w,move_up,,0,0
5843,194767,,,,,,,,,,,,,,,,,,,,,,,,,0,0
5844,194800,,,,,,,,,,,,,,,,,,,,,,,,,0,0
5845,194833,,,,,,,,,,,,,,,,,,,,,,,,,0,0
5846,194867,,,,,,,,,,,,,,,,,,,,,,,,,0,0
5847,194900,,,,,,,,,,,,,,,,,,,,,,w,move_up,,0,0
5848,194933,,,,,,,,,,,,,,,,,,,,,,w,move_up,,0,0
5849,194967,,,,,,,,,,,,,,,,,,,,,,d|w,move_up|move_right,,0,0
5850,195000,,,,,,,,,,,,,,,,,,,,,,d|w,move_up|move_right,,0,0
5851,195033,,,,,,,,,,,,,,,,,,,,,,d|w,move_up|move_right,,0,0
5852,195067,,,,,,,,,,,,,,,,,,,,,,d|w,move_up|move_right,,0,0
5853,195100,,,,,,,,,,,,,,,,,,,,,,d|w,move_up|move_right,,0,0
5854,195133,,,,,,,,,,,,,,,,,,,,,,w,move_up,,0,0
5855,195167,,,,,,,,,,,,,,,,,,,,,,w,move_up,,0,0
5856,195200,,,,,,,,,,,,,,,,,,,,,,w,move_up,,0,0
5857,195233,,,,,,,,,,,,,,,,,,,,,,,,,0,0
5858,195267,,,,,,,,,,,,,,,,,,,,,,,,,0,0
5859,195300,,,,,,,,,,,,,,,,,,,,,,,,,0,0
5860,195333,,,,,,,,,,,,,,,,,,,,,,,,,0,0
5861,195367,,,,,,,,,,,,,,,,,,,,,,,,,0,0
5862,195400,,,,,,,,,,,,,,,,,,,,,,,,,0,0
5863,195433,,,,,,,,,,,,,,,,,,,,,,,,,0,0
5864,195467,,,,,,,,,,,,,,,,,,,,,,,,,0,0
5865,195500,,,,,,,,,,,,,,,,,,,,,,,,,0,0
5866,195533,,,,,,,,,,,,,,,,,,,,,,,,,0,0
5867,195567,,,,,,,,,,,,,,,,,,,,,,,,,0,0
5868,195600,,,,,,,,,,,,,,,,,,,,,,,,,0,0
5869,195633,,,,,,,,,,,,,,,,,,,,,,e,interact,,0,0
5870,195667,,,,,,,,,,,,,,,,,,,,,,e,interact,,0,0
5871,195700,,,,,,,,,,,,,,,,,,,,,,e,interact,,0,0
5872,195733,,,,,,,,,,,,,,,,,,,,,,,,,0,0
5873,195767,,,,,,,,,,,,,,,,,,,,,,,,,0,0
5874,195800,,,,,,,,,,,,,,,,,,,,,,,,,0,0
5875,195833,,,,,,,,,,,,,,,,,,,,,,,,,0,0
5876,195867,,,,,,,,,,,,,,,,,,,,,,,,,0,0
5877,195900,,,,,,,,,,,,,,,,,,,,,,,,,0,0
5878,195933,,,,,,,,,,,,,,,,,,,,,,,,,0,0
5879,195967,,,,,,,,,,,,,,,,,,,,,,,,,0,0
5880,196000,,,,,,,,,,,,,,,,,,,,,,,,,0,0
5881,196033,,,,,,,,,,,,,,,,,,,,,,,,,0,0
5882,196067,,,,,,,,,,,,,,,,,,,,,,,,,0,0
5883,196100,,,,,,,,,,,,,,,,,,,,,,,,,0,0
5884,196133,,,,,,,,,,,,,,,,,,,,,,,,,0,0
5885,196167,,,,,,,,,,,,,,,,,,,,,,,,,0,0
5886,196200,,,,,,,,,,,,,,,,,,,,,,,,,0,0
5887,196233,,,,,,,,,,,,,,,,,,,,,,,,,0,0
5888,196267,,,,,,,,,,,,,,,,,,,,,,,,,0,0
5889,196300,,,,,,,,,,,,,,,,,,,,,,,,,0,0
5890,196333,,,,,,,,,,,,,,,,,,,,,,,,,0,0
5891,196367,,,,,,,,,,,,,,,,,,,,,,w,move_up,,0,0
5892,196400,,,,,,,,,,,,,,,,,,,,,,w,move_up,,0,0
5893,196433,,,,,,,,,,,,,,,,,,,,,,w,move_up,,0,0
5894,196467,,,,,,,,,,,,,,,,,,,,,,w,move_up,,0,0
5895,196500,,,,,,,,,,,,,,,,,,,,,,d|w,move_up|move_right,,0,0
5896,196533,,,,,,,,,,,,,,,,,,,,,,d|w,move_up|move_right,,0,0
5897,196567,,,,,,,,,,,,,,,,,,,,,,d|w,move_up|move_right,,0,0
5898,196600,,,,,,,,,,,,,,,,,,,,,,d|w,move_up|move_right,,0,0
5899,196633,,,,,,,,,,,,,,,,,,,,,,d|w,move_up|move_right,,0,0
5900,196667,,,,,,,,,,,,,,,,,,,,,,d|w,move_up|move_right,,0,0
5901,196700,,,,,,,,,,,,,,,,,,,,,,d|w,move_up|move_right,,0,0
5902,196733,,,,,,,,,,,,,,,,,,,,,,,,,0,0
5903,196767,,,,,,,,,,,,,,,,,,,,,,,,,0,0
5904,196800,,,,,,,,,,,,,,,,,,,,,,,,,0,0
5905,196833,,,,,,,,,,,,,,,,,,,,,,d|w,move_up|move_right,,0,0
5906,196867,,,,,,,,,,,,,,,,,,,,,,d|w,move_up|move_right,,0,0
5907,196900,,,,,,,,,,,,,,,,,,,,,,d|w,move_up|move_right,,0,0
5908,196933,,,,,,,,,,,,,,,,,,,,,,d|w,move_up|move_right,,0,0
5909,196967,,,,,,,,,,,,,,,,,,,,,,d|w,move_up|move_right,,0,0
5910,197000,,,,,,,,,,,,,,,,,,,,,,d|w,move_up|move_right,,0,0
5911,197033,,,,,,,,,,,,,,,,,,,,,,d|w,move_up|move_right,,0,0
5912,197067,,,,,,,,,,,,,,,,,,,,,,d|w,move_up|move_right,,0,0
5913,197100,,,,,,,,,,,,,,,,,,,,,,d|w,move_up|move_right,,0,0
5914,197133,,,,,,,,,,,,,,,,,,,,,,d,move_right,,0,0
5915,197167,,,,,,,,,,,,,,,,,,,,,,d,move_right,,0,0
5916,197200,,,,,,,,,,,,,,,,,,,,,,,,,0,0
5917,197233,,,,,,,,,,,,,,,,,,,,,,,,,0,0
5918,197267,,,,,,,,,,,,,,,,,,,,,,,,,0,0
5919,197300,,,,,,,,,,,,,,,,,,,,,,,,,0,0
5920,197333,,,,,,,,,,,,,,,,,,,,,,,,,0,0
5921,197367,,,,,,,,,,,,,,,,,,,,,,,,,0,0
5922,197400,,,,,,,,,,,,,,,,,,,,,,,,,0,0
5923,197433,,,,,,,,,,,,,,,,,,,,,,,,,0,0
5924,197467,,,,,,,,,,,,,,,,,,,,,,,,,0,0
5925,197500,,,,,,,,,,,,,,,,,,,,,,w,move_up,,0,0
5926,197533,,,,,,,,,,,,,,,,,,,,,,w,move_up,,0,0
5927,197567,,,,,,,,,,,,,,,,,,,,,,w,move_up,,0,0
5928,197600,,,,,,,,,,,,,,,,,,,,,,w,move_up,,0,0
5929,197633,,,,,,,,,,,,,,,,,,,,,,w,move_up,,0,0
5930,197667,,,,,,,,,,,,,,,,,,,,,,d|w,move_up|move_right,,0,0
5931,197700,,,,,,,,,,,,,,,,,,,,,,d|w,move_up|move_right,,0,0
5932,197733,,,,,,,,,,,,,,,,,,,,,,d|w,move_up|move_right,,0,0
5933,197767,,,,,,,,,,,,,,,,,,,,,,d|w,move_up|move_right,,0,0
5934,197800,,,,,,,,,,,,,,,,,,,,,,d|w,move_up|move_right,,0,0
5935,197833,,,,,,,,,,,,,,,,,,,,,,d|w,move_up|move_right,,0,0
5936,197867,,,,,,,,,,,,,,,,,,,,,,d|w,move_up|move_right,,0,0
5937,197900,,,,,,,,,,,,,,,,,,,,,,w,move_up,,0,0
5938,197933,,,,,,,,,,,,,,,,,,,,,,w,move_up,,0,0
5939,197967,,,,,,,,,,,,,,,,,,,,,,w,move_up,,0,0
5940,198000,,,,,,,,,,,,,,,,,,,,,,w,move_up,,0,0
5941,198033,,,,,,,,,,,,,,,,,,,,,,w,move_up,,0,0
5942,198067,,,,,,,,,,,,,,,,,,,,,,w,move_up,,0,0
5943,198100,,,,,,,,,,,,,,,,,,,,,,w,move_up,,0,0
5944,198133,,,,,,,,,,,,,,,,,,,,,,w,move_up,,0,0
5945,198167,,,,,,,,,,,,,,,,,,,,,,w,move_up,,0,0
5946,198200,,,,,,,,,,,,,,,,,,,,,,w,move_up,,0,0
5947,198233,,,,,,,,,,,,,,,,,,,,,,,,,0,0
5948,198267,,,,,,,,,,,,,,,,,,,,,,e,interact,,0,0
5949,198300,,,,,,,,,,,,,,,,,,,,,,e,interact,,0,0
5950,198333,,,,,,,,,,,,,,,,,,,,,,e,interact,,0,0
5951,198367,,,,,,,,,,,,,,,,,,,,,,e,interact,,0,0
5952,198400,,,,,,,,,,,,,,,,,,,,,,,,,0,0
5953,198433,,,,,,,,,,,,,,,,,,,,,,,,,0,0
5954,198467,,,,,,,,,,,,,,,,,,,,,,,,,0,0
5955,198500,,,,,,,,,,,,,,,,,,,,,,,,,0,0
5956,198533,,,,,,,,,,,,,,,,,,,,,,,,,0,0
5957,198567,,,,,,,,,,,,,,,,,,,,,,,,,0,0
5958,198600,,,,,,,,,,,,,,,,,,,,,,,,,0,0
5959,198633,,,,,,,,,,,,,,,,,,,,,,,,,0,0
5960,198667,,,,,,,,,,,,,,,,,,,,,,,,,0,0
5961,198700,,,,,,,,,,,,,,,,,,,,,,,,,0,0
5962,198733,,,,,,,,,,,,,,,,,,,,,,,,,0,0
5963,198767,,,,,,,,,,,,,,,,,,,,,,,,,0,0
5964,198800,,,,,,,,,,,,,,,,,,,,,,,,,0,0
5965,198833,,,,,,,,,,,,,,,,,,,,,,,,,0,0
5966,198867,,,,,,,,,,,,,,,,,,,,,,,,,0,0
5967,198900,,,,,,,,,,,,,,,,,,,,,,,,,0,0
5968,198933,,,,,,,,,,,,,,,,,,,,,,,,,0,0
5969,198967,,,,,,,,,,,,,,,,,,,,,,,,,0,0
5970,199000,,,,,,,,,,,,,,,,,,,,,,,,,0,0
5971,199033,,,,,,,,,,,,,,,,,,,,,,,,,0,0
5972,199067,,,,,,,,,,,,,,,,,,,,,,,,,0,0
5973,199100,,,,,,,,,,,,,,,,,,,,,,,,,0,0
5974,199133,,,,,,,,,,,,,,,,,,,,,,,,,0,0
5975,199167,,,,,,,,,,,,,,,,,,,,,,,,,0,0
5976,199200,,,,,,,,,,,,,,,,,,,,,,,,,0,0
5977,199233,,,,,,,,,,,,,,,,,,,,,,,,,0,0
5978,199267,,,,,,,,,,,,,,,,,,,,,,,,,0,0
5979,199300,,,,,,,,,,,,,,,,,,,,,,,,,0,0
5980,199333,,,,,,,,,,,,,,,,,,,,,,,,,0,0
5981,199367,,,,,,,,,,,,,,,,,,,,,,,,,0,0
5982,199400,,,,,,,,,,,,,,,,,,,,,,,,,0,0
5983,199433,,,,,,,,,,,,,,,,,,,,,,,,,0,0
5984,199467,,,,,,,,,,,,,,,,,,,,,,,,,0,0
5985,199500,,,,,,,,,,,,,,,,,,,,,,,,,0,0
5986,199533,,,,,,,,,,,,,,,,,,,,,,,,,0,0
5987,199567,,,,,,,,,,,,,,,,,,,,,,,,,0,0
5988,199600,,,,,,,,,,,,,,,,,,,,,,,,,0,0
5989,199633,,,,,,,,,,,,,,,,,,,,,,,,,0,0
5990,199667,,,,,,,,,,,,,,,,,,,,,,,,,0,0
5991,199700,,,,,,,,,,,,,,,,,,,,,,,,,0,0
5992,199733,,,,,,,,,,,,,,,,,,,,,,,,,0,0
5993,199767,,,,,,,,,,,,,,,,,,,,,,,,,0,0
5994,199800,,,,,,,,,,,,,,,,,,,,,,,,,0,0
5995,199833,,,,,,,,,,,,,,,,,,,,,,,,,0,0
5996,199867,,,,,,,,,,,,,,,,,,,,,,,,,0,0
5997,199900,,,,,,,,,,,,,,,,,,,,,,,,,0,0
5998,199933,,,,,,,,,,,,,,,,,,,,,,,,,0,0
5999,199967,,,,,,,,,,,,,,,,,,,,,,,,,0,0
6000,200000,,,,,,,,,,,,,,,,,,,,,,,,,0,0
6001,200033,,,,,,,,,,,,,,,,,,,,,,,,,0,0
6002,200067,,,,,,,,,,,,,,,,,,,,,,,,,0,0
6003,200100,,,,,,,,,,,,,,,,,,,,,,,,,0,0
6004,200133,,,,,,,,,,,,,,,,,,,,,,,,,0,0
6005,200167,,,,,,,,,,,,,,,,,,,,,,,,,0,0
6006,200200,,,,,,,,,,,,,,,,,,,,,,,,,0,0
6007,200233,,,,,,,,,,,,,,,,,,,,,,,,,0,0
6008,200267,,,,,,,,,,,,,,,,,,,,,,,,,0,0
6009,200300,,,,,,,,,,,,,,,,,,,,,,e,interact,,0,0
6010,200333,,,,,,,,,,,,,,,,,,,,,,e,interact,,0,0
6011,200367,,,,,,,,,,,,,,,,,,,,,,e,interact,,0,0
6012,200400,,,,,,,,,,,,,,,,,,,,,,e,interact,,0,0
6013,200433,,,,,,,,,,,,,,,,,,,,,,,,,0,0
6014,200467,,,,,,,,,,,,,,,,,,,,,,,,,0,0
6015,200500,,,,,,,,,,,,,,,,,,,,,,,,,0,0
6016,200533,,,,,,,,,,,,,,,,,,,,,,,,,0,0
6017,200567,,,,,,,,,,,,,,,,,,,,,,,,,0,0
6018,200600,,,,,,,,,,,,,,,,,,,,,,,,,0,0
6019,200633,,,,,,,,,,,,,,,,,,,,,,e,interact,,0,0
6020,200667,,,,,,,,,,,,,,,,,,,,,,e,interact,,0,0
6021,200700,,,,,,,,,,,,,,,,,,,,,,e,interact,,0,0
6022,200733,,,,,,,,,,,,,,,,,,,,,,e,interact,,0,0
6023,200767,,,,,,,,,,,,,,,,,,,,,,,,,0,0
6024,200800,,,,,,,,,,,,,,,,,,,,,,,,,0,0
6025,200833,,,,,,,,,,,,,,,,,,,,,,,,,0,0
6026,200867,,,,,,,,,,,,,,,,,,,,,,,,,0,0
6027,200900,,,,,,,,,,,,,,,,,,,,,,,,,0,0
6028,200933,,,,,,,,,,,,,,,,,,,,,,,,,0,0
6029,200967,,,,,,,,,,,,,,,,,,,,,,,,,0,0
6030,201000,,,,,,,,,,,,,,,,,,,,,,,,,0,0
6031,201033,,,,,,,,,,,,,,,,,,,,,,,,,0,0
6032,201067,,,,,,,,,,,,,,,,,,,,,,w,move_up,,0,0
6033,201100,,,,,,,,,,,,,,,,,,,,,,w,move_up,,0,0
6034,201133,,,,,,,,,,,,,,,,,,,,,,w,move_up,,0,0
6035,201167,,,,,,,,,,,,,,,,,,,,,,w,move_up,,0,0
6036,201200,,,,,,,,,,,,,,,,,,,,,,w,move_up,,0,0
6037,201233,,,,,,,,,,,,,,,,,,,,,,w,move_up,,0,0
6038,201267,,,,,,,,,,,,,,,,,,,,,,w,move_up,,0,0
6039,201300,,,,,,,,,,,,,,,,,,,,,,w,move_up,,0,0
6040,201333,,,,,,,,,,,,,,,,,,,,,,w,move_up,,0,0
6041,201367,,,,,,,,,,,,,,,,,,,,,,w,move_up,,0,0
6042,201400,,,,,,,,,,,,,,,,,,,,,,w,move_up,,0,0
6043,201433,,,,,,,,,,,,,,,,,,,,,,w,move_up,,0,0
6044,201467,,,,,,,,,,,,,,,,,,,,,,w,move_up,,0,0
6045,201500,,,,,,,,,,,,,,,,,,,,,,w,move_up,,0,0
6046,201533,,,,,,,,,,,,,,,,,,,,,,w,move_up,,0,0
6047,201567,,,,,,,,,,,,,,,,,,,,,,,,,0,0
6048,201600,,,,,,,,,,,,,,,,,,,,,,,,,0,0
6049,201633,,,,,,,,,,,,,,,,,,,,,,,,,0,0
6050,201667,,,,,,,,,,,,,,,,,,,,,,,,,0,0
6051,201700,,,,,,,,,,,,,,,,,,,,,,,,,0,0
6052,201733,,,,,,,,,,,,,,,,,,,,,,,,,0,0
6053,201767,,,,,,,,,,,,,,,,,,,,,,,,,0,0
6054,201800,,,,,,,,,,,,,,,,,,,,,,w,move_up,,0,0
6055,201833,,,,,,,,,,,,,,,,,,,,,,w,move_up,,0,0
6056,201867,,,,,,,,,,,,,,,,,,,,,,w,move_up,,0,0
6057,201900,,,,,,,,,,,,,,,,,,,,,,w,move_up,,0,0
6058,201933,,,,,,,,,,,,,,,,,,,,,,e|w,interact|move_up,,0,0
6059,201967,,,,,,,,,,,,,,,,,,,,,,e|w,interact|move_up,,0,0
6060,202000,,,,,,,,,,,,,,,,,,,,,,e|w,interact|move_up,,0,0
6061,202033,,,,,,,,,,,,,,,,,,,,,,e|w,interact|move_up,,0,0
6062,202067,,,,,,,,,,,,,,,,,,,,,,e,interact,,0,0
6063,202100,,,,,,,,,,,,,,,,,,,,,,,,,0,0
6064,202133,,,,,,,,,,,,,,,,,,,,,,,,,0,0
6065,202167,,,,,,,,,,,,,,,,,,,,,,w,move_up,,0,0
6066,202200,,,,,,,,,,,,,,,,,,,,,,w,move_up,,0,0
6067,202233,,,,,,,,,,,,,,,,,,,,,,w,move_up,,0,0
6068,202267,,,,,,,,,,,,,,,,,,,,,,w,move_up,,0,0
6069,202300,,,,,,,,,,,,,,,,,,,,,,w,move_up,,0,0
6070,202333,,,,,,,,,,,,,,,,,,,,,,w,move_up,,0,0
6071,202367,,,,,,,,,,,,,,,,,,,,,,w,move_up,,0,0
6072,202400,,,,,,,,,,,,,,,,,,,,,,w,move_up,,0,0
6073,202433,,,,,,,,,,,,,,,,,,,,,,w,move_up,,0,0
6074,202467,,,,,,,,,,,,,,,,,,,,,,w,move_up,,0,0
6075,202500,,,,,,,,,,,,,,,,,,,,,,w,move_up,,0,0
6076,202533,,,,,,,,,,,,,,,,,,,,,,w,move_up,,0,0
6077,202567,,,,,,,,,,,,,,,,,,,,,,w,move_up,,0,0
6078,202600,,,,,,,,,,,,,,,,,,,,,,w,move_up,,0,0
6079,202633,,,,,,,,,,,,,,,,,,,,,,w,move_up,,0,0
6080,202667,,,,,,,,,,,,,,,,,,,,,,w,move_up,,0,0
6081,202700,,,,,,,,,,,,,,,,,,,,,,,,,0,0
6082,202733,,,,,,,,,,,,,,,,,,,,,,,,,0,0
6083,202767,,,,,,,,,,,,,,,,,,,,,,,,,0,0
6084,202800,,,,,,,,,,,,,,,,,,,,,,,,,0,0
6085,202833,,,,,,,,,,,,,,,,,,,,,,,,,0,0
6086,202867,,,,,,,,,,,,,,,,,,,,,,,,,0,0
6087,202900,,,,,,,,,,,,,,,,,,,,,,,,,0,0
6088,202933,,,,,,,,,,,,,,,,,,,,,,e,interact,,0,0
6089,202967,,,,,,,,,,,,,,,,,,,,,,e,interact,,0,0
6090,203000,,,,,,,,,,,,,,,,,,,,,,e,interact,,0,0
6091,203033,,,,,,,,,,,,,,,,,,,,,,e|w,interact|move_up,,0,0
6092,203067,,,,,,,,,,,,,,,,,,,,,,e|w,interact|move_up,,0,0
6093,203100,,,,,,,,,,,,,,,,,,,,,,w,move_up,,0,0
6094,203133,,,,,,,,,,,,,,,,,,,,,,w,move_up,,0,0
6095,203167,,,,,,,,,,,,,,,,,,,,,,w,move_up,,0,0
6096,203200,,,,,,,,,,,,,,,,,,,,,,w,move_up,,0,0
6097,203233,,,,,,,,,,,,,,,,,,,,,,w,move_up,,0,0
6098,203267,,,,,,,,,,,,,,,,,,,,,,w,move_up,,0,0
6099,203300,,,,,,,,,,,,,,,,,,,,,,,,,0,0
6100,203333,,,,,,,,,,,,,,,,,,,,,,,,,0,0
6101,203367,,,,,,,,,,,,,,,,,,,,,,,,,0,0
6102,203400,,,,,,,,,,,,,,,,,,,,,,,,,0,0
6103,203433,,,,,,,,,,,,,,,,,,,,,,,,,0,0
6104,203467,,,,,,,,,,,,,,,,,,,,,,,,,0,0
6105,203500,,,,,,,,,,,,,,,,,,,,,,d,move_right,,0,0
6106,203533,,,,,,,,,,,,,,,,,,,,,,d,move_right,,0,0
6107,203567,,,,,,,,,,,,,,,,,,,,,,,,,0,0
6108,203600,,,,,,,,,,,,,,,,,,,,,,,,,0,0
6109,203633,,,,,,,,,,,,,,,,,,,,,,,,,0,0
6110,203667,,,,,,,,,,,,,,,,,,,,,,,,,0,0
6111,203700,,,,,,,,,,,,,,,,,,,,,,,,,0,0
6112,203733,,,,,,,,,,,,,,,,,,,,,,,,,0,0
6113,203767,,,,,,,,,,,,,,,,,,,,,,e,interact,,0,0
6114,203800,,,,,,,,,,,,,,,,,,,,,,e,interact,,0,0
6115,203833,,,,,,,,,,,,,,,,,,,,,,e,interact,,0,0
6116,203867,,,,,,,,,,,,,,,,,,,,,,,,,0,0
6117,203900,,,,,,,,,,,,,,,,,,,,,,,,,0,0
6118,203933,,,,,,,,,,,,,,,,,,,,,,,,,0,0
6119,203967,,,,,,,,,,,,,,,,,,,,,,,,,0,0
6120,204000,,,,,,,,,,,,,,,,,,,,,,,,,0,0
6121,204033,,,,,,,,,,,,,,,,,,,,,,,,,0,0
6122,204067,,,,,,,,,,,,,,,,,,,,,,,,,0,0
6123,204100,,,,,,,,,,,,,,,,,,,,,,,,,0,0
6124,204133,,,,,,,,,,,,,,,,,,,,,,,,,0,0
6125,204167,,,,,,,,,,,,,,,,,,,,,,,,,0,0
6126,204200,,,,,,,,,,,,,,,,,,,,,,,,,0,0
6127,204233,,,,,,,,,,,,,,,,,,,,,,,,,0,0
6128,204267,,,,,,,,,,,,,,,,,,,,,,,,,0,0
6129,204300,,,,,,,,,,,,,,,,,,,,,,,,,0,0
6130,204333,,,,,,,,,,,,,,,,,,,,,,,,,0,0
6131,204367,,,,,,,,,,,,,,,,,,,,,,,,,0,0
6132,204400,,,,,,,,,,,,,,,,,,,,,,,,,0,0
6133,204433,,,,,,,,,,,,,,,,,,,,,,,,,0,0
6134,204467,,,,,,,,,,,,,,,,,,,,,,,,,0,0
6135,204500,,,,,,,,,,,,,,,,,,,,,,,,,0,0
6136,204533,,,,,,,,,,,,,,,,,,,,,,,,,0,0
6137,204567,,,,,,,,,,,,,,,,,,,,,,,,,0,0
6138,204600,,,,,,,,,,,,,,,,,,,,,,,,,0,0
6139,204633,,,,,,,,,,,,,,,,,,,,,,,,,0,0
6140,204667,,,,,,,,,,,,,,,,,,,,,,,,,0,0
6141,204700,,,,,,,,,,,,,,,,,,,,,,,,,0,0
6142,204733,,,,,,,,,,,,,,,,,,,,,,,,,0,0
6143,204767,,,,,,,,,,,,,,,,,,,,,,,,,0,0
6144,204800,,,,,,,,,,,,,,,,,,,,,,,,,0,0
6145,204833,,,,,,,,,,,,,,,,,,,,,,,,,0,0
6146,204867,,,,,,,,,,,,,,,,,,,,,,,,,0,0
6147,204900,,,,,,,,,,,,,,,,,,,,,,,,,0,0
6148,204933,,,,,,,,,,,,,,,,,,,,,,,,,0,0
6149,204967,,,,,,,,,,,,,,,,,,,,,,,,,0,0
6150,205000,,,,,,,,,,,,,,,,,,,,,,,,,0,0
6151,205033,,,,,,,,,,,,,,,,,,,,,,,,,0,0
6152,205067,,,,,,,,,,,,,,,,,,,,,,,,,0,0
6153,205100,,,,,,,,,,,,,,,,,,,,,,,,,0,0
6154,205133,,,,,,,,,,,,,,,,,,,,,,,,,0,0
6155,205167,,,,,,,,,,,,,,,,,,,,,,,,,0,0
6156,205200,,,,,,,,,,,,,,,,,,,,,,,,,0,0
6157,205233,,,,,,,,,,,,,,,,,,,,,,,,,0,0
6158,205267,,,,,,,,,,,,,,,,,,,,,,,,,0,0
6159,205300,,,,,,,,,,,,,,,,,,,,,,,,,0,0
6160,205333,,,,,,,,,,,,,,,,,,,,,,,,,0,0
6161,205367,,,,,,,,,,,,,,,,,,,,,,,,,0,0
6162,205400,,,,,,,,,,,,,,,,,,,,,,,,,0,0
6163,205433,,,,,,,,,,,,,,,,,,,,,,,,,0,0
6164,205467,,,,,,,,,,,,,,,,,,,,,,,,,0,0
6165,205500,,,,,,,,,,,,,,,,,,,,,,,,,0,0
6166,205533,,,,,,,,,,,,,,,,,,,,,,,,,0,0
6167,205567,,,,,,,,,,,,,,,,,,,,,,,,,0,0
6168,205600,,,,,,,,,,,,,,,,,,,,,,,,,0,0
6169,205633,,,,,,,,,,,,,,,,,,,,,,,,,0,0
6170,205667,,,,,,,,,,,,,,,,,,,,,,,,,0,0
6171,205700,,,,,,,,,,,,,,,,,,,,,,,,,0,0
6172,205733,,,,,,,,,,,,,,,,,,,,,,,,,0,0
6173,205767,,,,,,,,,,,,,,,,,,,,,,,,,0,0
6174,205800,,,,,,,,,,,,,,,,,,,,,,,,,0,0
6175,205833,,,,,,,,,,,,,,,,,,,,,,,,,0,0
6176,205867,,,,,,,,,,,,,,,,,,,,,,,,,0,0
6177,205900,,,,,,,,,,,,,,,,,,,,,,,,,0,0
6178,205933,,,,,,,,,,,,,,,,,,,,,,,,,0,0
6179,205967,,,,,,,,,,,,,,,,,,,,,,,,,0,0
6180,206000,,,,,,,,,,,,,,,,,,,,,,,,,0,0
6181,206033,,,,,,,,,,,,,,,,,,,,,,,,,0,0
6182,206067,,,,,,,,,,,,,,,,,,,,,,,,,0,0
6183,206100,,,,,,,,,,,,,,,,,,,,,,,,,0,0
6184,206133,,,,,,,,,,,,,,,,,,,,,,,,,0,0
6185,206167,,,,,,,,,,,,,,,,,,,,,,,,,0,0
6186,206200,,,,,,,,,,,,,,,,,,,,,,,,,0,0
6187,206233,,,,,,,,,,,,,,,,,,,,,,,,,0,0
6188,206267,,,,,,,,,,,,,,,,,,,,,,,,,0,0
6189,206300,,,,,,,,,,,,,,,,,,,,,,,,,0,0
6190,206333,,,,,,,,,,,,,,,,,,,,,,,,,0,0
6191,206367,,,,,,,,,,,,,,,,,,,,,,,,,0,0
6192,206400,,,,,,,,,,,,,,,,,,,,,,,,,0,0
6193,206433,,,,,,,,,,,,,,,,,,,,,,,,,0,0
6194,206467,,,,,,,,,,,,,,,,,,,,,,,,,0,0
6195,206500,,,,,,,,,,,,,,,,,,,,,,,,,0,0
6196,206533,,,,,,,,,,,,,,,,,,,,,,,,,0,0
6197,206567,,,,,,,,,,,,,,,,,,,,,,,,,0,0
6198,206600,,,,,,,,,,,,,,,,,,,,,,,,,0,0
6199,206633,,,,,,,,,,,,,,,,,,,,,,,,,0,0
6200,206667,,,,,,,,,,,,,,,,,,,,,,,,,0,0
6201,206700,,,,,,,,,,,,,,,,,,,,,,,,,0,0
6202,206733,,,,,,,,,,,,,,,,,,,,,,,,,0,0
6203,206767,,,,,,,,,,,,,,,,,,,,,,,,,0,0
6204,206800,,,,,,,,,,,,,,,,,,,,,,,,,0,0
6205,206833,,,,,,,,,,,,,,,,,,,,,,,,,0,0
6206,206867,,,,,,,,,,,,,,,,,,,,,,,,,0,0
6207,206900,,,,,,,,,,,,,,,,,,,,,,,,,0,0
6208,206933,,,,,,,,,,,,,,,,,,,,,,,,,0,0
6209,206967,,,,,,,,,,,,,,,,,,,,,,,,,0,0
6210,207000,,,,,,,,,,,,,,,,,,,,,,,,,0,0
6211,207033,,,,,,,,,,,,,,,,,,,,,,,,,0,0
6212,207067,,,,,,,,,,,,,,,,,,,,,,,,,0,0
6213,207100,,,,,,,,,,,,,,,,,,,,,,,,,0,0
6214,207133,,,,,,,,,,,,,,,,,,,,,,,,,0,0
6215,207167,,,,,,,,,,,,,,,,,,,,,,,,,0,0
6216,207200,,,,,,,,,,,,,,,,,,,,,,,,,0,0
6217,207233,,,,,,,,,,,,,,,,,,,,,,,,,0,0
6218,207267,,,,,,,,,,,,,,,,,,,,,,,,,0,0
6219,207300,,,,,,,,,,,,,,,,,,,,,,,,,0,0
6220,207333,,,,,,,,,,,,,,,,,,,,,,,,,0,0
6221,207367,,,,,,,,,,,,,,,,,,,,,,,,,0,0
6222,207400,,,,,,,,,,,,,,,,,,,,,,,,,0,0
6223,207433,,,,,,,,,,,,,,,,,,,,,,,,,0,0
6224,207467,,,,,,,,,,,,,,,,,,,,,,,,,0,0
6225,207500,,,,,,,,,,,,,,,,,,,,,,,,,0,0
6226,207533,,,,,,,,,,,,,,,,,,,,,,,,,0,0
6227,207567,,,,,,,,,,,,,,,,,,,,,,,,,0,0
6228,207600,,,,,,,,,,,,,,,,,,,,,,,,,0,0
6229,207633,,,,,,,,,,,,,,,,,,,,,,,,,0,0
6230,207667,,,,,,,,,,,,,,,,,,,,,,,,,0,0
6231,207700,,,,,,,,,,,,,,,,,,,,,,,,,0,0
6232,207733,,,,,,,,,,,,,,,,,,,,,,,,,0,0
6233,207767,,,,,,,,,,,,,,,,,,,,,,,,,0,0
6234,207800,,,,,,,,,,,,,,,,,,,,,,,,,0,0
6235,207833,,,,,,,,,,,,,,,,,,,,,,,,,0,0
6236,207867,,,,,,,,,,,,,,,,,,,,,,,,,0,0
6237,207900,,,,,,,,,,,,,,,,,,,,,,,,,0,0
6238,207933,,,,,,,,,,,,,,,,,,,,,,,,,0,0
6239,207967,,,,,,,,,,,,,,,,,,,,,,,,,0,0
6240,208000,,,,,,,,,,,,,,,,,,,,,,,,,0,0
6241,208033,,,,,,,,,,,,,,,,,,,,,,,,,0,0
6242,208067,,,,,,,,,,,,,,,,,,,,,,,,,0,0
6243,208100,,,,,,,,,,,,,,,,,,,,,,,,,0,0
6244,208133,,,,,,,,,,,,,,,,,,,,,,,,,0,0
6245,208167,,,,,,,,,,,,,,,,,,,,,,,,,0,0
6246,208200,,,,,,,,,,,,,,,,,,,,,,,,,0,0
6247,208233,,,,,,,,,,,,,,,,,,,,,,,,,0,0
6248,208267,,,,,,,,,,,,,,,,,,,,,,,,,0,0
6249,208300,,,,,,,,,,,,,,,,,,,,,,,,,0,0
6250,208333,,,,,,,,,,,,,,,,,,,,,,,,,0,0
6251,208367,,,,,,,,,,,,,,,,,,,,,,,,,0,0
6252,208400,,,,,,,,,,,,,,,,,,,,,,,,,0,0
6253,208433,,,,,,,,,,,,,,,,,,,,,,,,,0,0
6254,208467,,,,,,,,,,,,,,,,,,,,,,,,,0,0
6255,208500,,,,,,,,,,,,,,,,,,,,,,,,,0,0
6256,208533,,,,,,,,,,,,,,,,,,,,,,,,,0,0
6257,208567,,,,,,,,,,,,,,,,,,,,,,,,,0,0
6258,208600,,,,,,,,,,,,,,,,,,,,,,,,,0,0
6259,208633,,,,,,,,,,,,,,,,,,,,,,,,,0,0
6260,208667,,,,,,,,,,,,,,,,,,,,,,,,,0,0
6261,208700,,,,,,,,,,,,,,,,,,,,,,,,,0,0
6262,208733,,,,,,,,,,,,,,,,,,,,,,,,,0,0
6263,208767,,,,,,,,,,,,,,,,,,,,,,,,,0,0
6264,208800,,,,,,,,,,,,,,,,,,,,,,,,,0,0
6265,208833,,,,,,,,,,,,,,,,,,,,,,,,,0,0
6266,208867,,,,,,,,,,,,,,,,,,,,,,,,,0,0
6267,208900,,,,,,,,,,,,,,,,,,,,,,,,,0,0
6268,208933,,,,,,,,,,,,,,,,,,,,,,,,,0,0
6269,208967,,,,,,,,,,,,,,,,,,,,,,,,,0,0
6270,209000,,,,,,,,,,,,,,,,,,,,,,,,,0,0
6271,209033,,,,,,,,,,,,,,,,,,,,,,,,,0,0
6272,209067,,,,,,,,,,,,,,,,,,,,,,,,,0,0
6273,209100,,,,,,,,,,,,,,,,,,,,,,,,,0,0
6274,209133,,,,,,,,,,,,,,,,,,,,,,,,,0,0
6275,209167,,,,,,,,,,,,,,,,,,,,,,,,,0,0
6276,209200,,,,,,,,,,,,,,,,,,,,,,,,,0,0
6277,209233,,,,,,,,,,,,,,,,,,,,,,,,,0,0
6278,209267,,,,,,,,,,,,,,,,,,,,,,,,,0,0
6279,209300,,,,,,,,,,,,,,,,,,,,,,,,,0,0
6280,209333,,,,,,,,,,,,,,,,,,,,,,,,,0,0
6281,209367,,,,,,,,,,,,,,,,,,,,,,,,,0,0
6282,209400,,,,,,,,,,,,,,,,,,,,,,,,,0,0
6283,209433,,,,,,,,,,,,,,,,,,,,,,,,,0,0
6284,209467,,,,,,,,,,,,,,,,,,,,,,,,,0,0
6285,209500,,,,,,,,,,,,,,,,,,,,,,,,,0,0
6286,209533,,,,,,,,,,,,,,,,,,,,,,,,,0,0
6287,209567,,,,,,,,,,,,,,,,,,,,,,,,,0,0
6288,209600,,,,,,,,,,,,,,,,,,,,,,,,,0,0
6289,209633,,,,,,,,,,,,,,,,,,,,,,,,,0,0
6290,209667,,,,,,,,,,,,,,,,,,,,,,,,,0,0
6291,209700,,,,,,,,,,,,,,,,,,,,,,,,,0,0
6292,209733,,,,,,,,,,,,,,,,,,,,,,,,,0,0
6293,209767,,,,,,,,,,,,,,,,,,,,,,,,,0,0
6294,209800,,,,,,,,,,,,,,,,,,,,,,,,,0,0
6295,209833,,,,,,,,,,,,,,,,,,,,,,,,,0,0
6296,209867,,,,,,,,,,,,,,,,,,,,,,,,,0,0
6297,209900,,,,,,,,,,,,,,,,,,,,,,,,,0,0
6298,209933,,,,,,,,,,,,,,,,,,,,,,,,,0,0
6299,209967,,,,,,,,,,,,,,,,,,,,,,e,interact,,0,0
6300,210000,,,,,,,,,,,,,,,,,,,,,,e,interact,,0,0
6301,210033,,,,,,,,,,,,,,,,,,,,,,e,interact,,0,0
6302,210067,,,,,,,,,,,,,,,,,,,,,,,,,0,0
6303,210100,,,,,,,,,,,,,,,,,,,,,,,,,0,0
6304,210133,,,,,,,,,,,,,,,,,,,,,,,,,0,0
6305,210167,,,,,,,,,,,,,,,,,,,,,,,,,0,0
6306,210200,,,,,,,,,,,,,,,,,,,,,,,,,0,0
6307,210233,,,,,,,,,,,,,,,,,,,,,,,,,0,0
6308,210267,,,,,,,,,,,,,,,,,,,,,,,,,0,0
6309,210300,,,,,,,,,,,,,,,,,,,,,,,,,0,0
6310,210333,,,,,,,,,,,,,,,,,,,,,,,,,0,0
6311,210367,,,,,,,,,,,,,,,,,,,,,,,,,0,0
6312,210400,,,,,,,,,,,,,,,,,,,,,,,,,0,0
6313,210433,,,,,,,,,,,,,,,,,,,,,,,,,0,0
6314,210467,,,,,,,,,,,,,,,,,,,,,,,,,0,0
6315,210500,,,,,,,,,,,,,,,,,,,,,,,,,0,0
6316,210533,,,,,,,,,,,,,,,,,,,,,,,,,0,0
6317,210567,,,,,,,,,,,,,,,,,,,,,,,,,0,0
6318,210600,,,,,,,,,,,,,,,,,,,,,,,,,0,0
6319,210633,,,,,,,,,,,,,,,,,,,,,,,,,0,0
6320,210667,,,,,,,,,,,,,,,,,,,,,,,,,0,0
6321,210700,,,,,,,,,,,,,,,,,,,,,,,,,0,0
6322,210733,,,,,,,,,,,,,,,,,,,,,,,,,0,0
6323,210767,,,,,,,,,,,,,,,,,,,,,,,,,0,0
6324,210800,,,,,,,,,,,,,,,,,,,,,,,,,0,0
6325,210833,,,,,,,,,,,,,,,,,,,,,,,,,0,0
6326,210867,,,,,,,,,,,,,,,,,,,,,,,,,0,0
6327,210900,,,,,,,,,,,,,,,,,,,,,,,,,0,0
6328,210933,,,,,,,,,,,,,,,,,,,,,,,,,0,0
6329,210967,,,,,,,,,,,,,,,,,,,,,,,,,0,0
6330,211000,,,,,,,,,,,,,,,,,,,,,,,,,0,0
6331,211033,,,,,,,,,,,,,,,,,,,,,,,,,0,0
6332,211067,,,,,,,,,,,,,,,,,,,,,,,,,0,0
6333,211100,,,,,,,,,,,,,,,,,,,,,,,,,0,0
6334,211133,,,,,,,,,,,,,,,,,,,,,,,,,0,0
6335,211167,,,,,,,,,,,,,,,,,,,,,,,,,0,0
6336,211200,,,,,,,,,,,,,,,,,,,,,,,,,0,0
6337,211233,,,,,,,,,,,,,,,,,,,,,,w,move_up,,0,0
6338,211267,,,,,,,,,,,,,,,,,,,,,,w,move_up,,0,0
6339,211300,,,,,,,,,,,,,,,,,,,,,,w,move_up,,0,0
6340,211333,,,,,,,,,,,,,,,,,,,,,,w,move_up,,0,0
6341,211367,,,,,,,,,,,,,,,,,,,,,,w,move_up,,0,0
6342,211400,,,,,,,,,,,,,,,,,,,,,,w,move_up,,0,0
6343,211433,,,,,,,,,,,,,,,,,,,,,,w,move_up,,0,0
6344,211467,,,,,,,,,,,,,,,,,,,,,,,,,0,0
6345,211500,,,,,,,,,,,,,,,,,,,,,,,,,0,0
6346,211533,,,,,,,,,,,,,,,,,,,,,,,,,0,0
6347,211567,,,,,,,,,,,,,,,,,,,,,,w,move_up,,0,0
6348,211600,,,,,,,,,,,,,,,,,,,,,,w,move_up,,0,0
6349,211633,,,,,,,,,,,,,,,,,,,,,,w,move_up,,0,0
6350,211667,,,,,,,,,,,,,,,,,,,,,,w,move_up,,0,0
6351,211700,,,,,,,,,,,,,,,,,,,,,,w,move_up,,0,0
6352,211733,,,,,,,,,,,,,,,,,,,,,,w,move_up,,0,0
6353,211767,,,,,,,,,,,,,,,,,,,,,,w,move_up,,0,0
6354,211800,,,,,,,,,,,,,,,,,,,,,,w,move_up,,0,0
6355,211833,,,,,,,,,,,,,,,,,,,,,,w,move_up,,0,0
6356,211867,,,,,,,,,,,,,,,,,,,,,,d|w,move_up|move_right,,0,0
6357,211900,,,,,,,,,,,,,,,,,,,,,,d|w,move_up|move_right,,0,0
6358,211933,,,,,,,,,,,,,,,,,,,,,,d|w,move_up|move_right,,0,0
6359,211967,,,,,,,,,,,,,,,,,,,,,,d|w,move_up|move_right,,0,0
6360,212000,,,,,,,,,,,,,,,,,,,,,,d,move_right,,0,0
6361,212033,,,,,,,,,,,,,,,,,,,,,,,,,0,0
6362,212067,,,,,,,,,,,,,,,,,,,,,,,,,0,0
6363,212100,,,,,,,,,,,,,,,,,,,,,,,,,0,0
6364,212133,,,,,,,,,,,,,,,,,,,,,,,,,0,0
6365,212167,,,,,,,,,,,,,,,,,,,,,,,,,0,0
6366,212200,,,,,,,,,,,,,,,,,,,,,,,,,0,0
6367,212233,,,,,,,,,,,,,,,,,,,,,,,,,0,0
6368,212267,,,,,,,,,,,,,,,,,,,,,,,,,0,0
6369,212300,,,,,,,,,,,,,,,,,,,,,,,,,0,0
6370,212333,,,,,,,,,,,,,,,,,,,,,,,,,0,0
6371,212367,,,,,,,,,,,,,,,,,,,,,,,,,0,0
6372,212400,,,,,,,,,,,,,,,,,,,,,,,,,0,0
6373,212433,,,,,,,,,,,,,,,,,,,,,,,,,0,0
6374,212467,,,,,,,,,,,,,,,,,,,,,,,,,0,0
6375,212500,,,,,,,,,,,,,,,,,,,,,,,,,0,0
6376,212533,,,,,,,,,,,,,,,,,,,,,,,,,0,0
6377,212567,,,,,,,,,,,,,,,,,,,,,,,,,0,0
6378,212600,,,,,,,,,,,,,,,,,,,,,,e,interact,,0,0
6379,212633,,,,,,,,,,,,,,,,,,,,,,e,interact,,0,0
6380,212667,,,,,,,,,,,,,,,,,,,,,,e,interact,,0,0
6381,212700,,,,,,,,,,,,,,,,,,,,,,e,interact,,0,0
6382,212733,,,,,,,,,,,,,,,,,,,,,,,,,0,0
6383,212767,,,,,,,,,,,,,,,,,,,,,,,,,0,0
6384,212800,,,,,,,,,,,,,,,,,,,,,,,,,0,0
6385,212833,,,,,,,,,,,,,,,,,,,,,,,,,0,0
6386,212867,,,,,,,,,,,,,,,,,,,,,,,,,0,0
6387,212900,,,,,,,,,,,,,,,,,,,,,,,,,0,0
6388,212933,,,,,,,,,,,,,,,,,,,,,,,,,0,0
6389,212967,,,,,,,,,,,,,,,,,,,,,,,,,0,0
6390,213000,,,,,,,,,,,,,,,,,,,,,,,,,0,0
6391,213033,,,,,,,,,,,,,,,,,,,,,,,,,0,0
6392,213067,,,,,,,,,,,,,,,,,,,,,,,,,0,0
6393,213100,,,,,,,,,,,,,,,,,,,,,,,,,0,0
6394,213133,,,,,,,,,,,,,,,,,,,,,,,,,0,0
6395,213167,,,,,,,,,,,,,,,,,,,,,,w,move_up,,0,0
6396,213200,,,,,,,,,,,,,,,,,,,,,,w,move_up,,0,0
6397,213233,,,,,,,,,,,,,,,,,,,,,,w,move_up,,0,0
6398,213267,,,,,,,,,,,,,,,,,,,,,,w,move_up,,0,0
6399,213300,,,,,,,,,,,,,,,,,,,,,,w,move_up,,0,0
6400,213333,,,,,,,,,,,,,,,,,,,,,,,,,0,0
6401,213367,,,,,,,,,,,,,,,,,,,,,,,,,0,0
6402,213400,,,,,,,,,,,,,,,,,,,,,,,,,0,0
6403,213433,,,,,,,,,,,,,,,,,,,,,,,,,0,0
6404,213467,,,,,,,,,,,,,,,,,,,,,,,,,0,0
6405,213500,,,,,,,,,,,,,,,,,,,,,,,,,0,0
6406,213533,,,,,,,,,,,,,,,,,,,,,,w,move_up,,0,0
6407,213567,,,,,,,,,,,,,,,,,,,,,,w,move_up,,0,0
6408,213600,,,,,,,,,,,,,,,,,,,,,,w,move_up,,0,0
6409,213633,,,,,,,,,,,,,,,,,,,,,,w,move_up,,0,0
6410,213667,,,,,,,,,,,,,,,,,,,,,,w,move_up,,0,0
6411,213700,,,,,,,,,,,,,,,,,,,,,,w,move_up,,0,0
6412,213733,,,,,,,,,,,,,,,,,,,,,,w,move_up,,0,0
6413,213767,,,,,,,,,,,,,,,,,,,,,,w,move_up,,0,0
6414,213800,,,,,,,,,,,,,,,,,,,,,,w,move_up,,0,0
6415,213833,,,,,,,,,,,,,,,,,,,,,,,,,0,0
6416,213867,,,,,,,,,,,,,,,,,,,,,,,,,0,0
6417,213900,,,,,,,,,,,,,,,,,,,,,,,,,0,0
6418,213933,,,,,,,,,,,,,,,,,,,,,,,,,0,0
6419,213967,,,,,,,,,,,,,,,,,,,,,,,,,0,0
6420,214000,,,,,,,,,,,,,,,,,,,,,,,,,0,0
6421,214033,,,,,,,,,,,,,,,,,,,,,,,,,0,0
6422,214067,,,,,,,,,,,,,,,,,,,,,,,,,0,0
6423,214100,,,,,,,,,,,,,,,,,,,,,,,,,0,0
6424,214133,,,,,,,,,,,,,,,,,,,,,,,,,0,0
6425,214167,,,,,,,,,,,,,,,,,,,,,,,,,0,0
6426,214200,,,,,,,,,,,,,,,,,,,,,,,,,0,0
6427,214233,,,,,,,,,,,,,,,,,,,,,,,,,0,0
6428,214267,,,,,,,,,,,,,,,,,,,,,,,,,0,0
6429,214300,,,,,,,,,,,,,,,,,,,,,,,,,0,0
6430,214333,,,,,,,,,,,,,,,,,,,,,,,,,0,0
6431,214367,,,,,,,,,,,,,,,,,,,,,,,,,0,0
6432,214400,,,,,,,,,,,,,,,,,,,,,,,,,0,0
6433,214433,,,,,,,,,,,,,,,,,,,,,,a,move_left,,0,0
6434,214467,,,,,,,,,,,,,,,,,,,,,,a|w,move_up|move_left,,0,0
6435,214500,,,,,,,,,,,,,,,,,,,,,,a|w,move_up|move_left,,0,0
6436,214533,,,,,,,,,,,,,,,,,,,,,,a|w,move_up|move_left,,0,0
6437,214567,,,,,,,,,,,,,,,,,,,,,,a|w,move_up|move_left,,0,0
6438,214600,,,,,,,,,,,,,,,,,,,,,,a|w,move_up|move_left,,0,0
6439,214633,,,,,,,,,,,,,,,,,,,,,,a|w,move_up|move_left,,0,0
6440,214667,,,,,,,,,,,,,,,,,,,,,,a|w,move_up|move_left,,0,0
6441,214700,,,,,,,,,,,,,,,,,,,,,,w,move_up,,0,0
6442,214733,,,,,,,,,,,,,,,,,,,,,,w,move_up,,0,0
6443,214767,,,,,,,,,,,,,,,,,,,,,,w,move_up,,0,0
6444,214800,,,,,,,,,,,,,,,,,,,,,,w,move_up,,0,0
6445,214833,,,,,,,,,,,,,,,,,,,,,,w,move_up,,0,0
6446,214867,,,,,,,,,,,,,,,,,,,,,,d|w,move_up|move_right,,0,0
6447,214900,,,,,,,,,,,,,,,,,,,,,,d|w,move_up|move_right,,0,0
6448,214933,,,,,,,,,,,,,,,,,,,,,,d|w,move_up|move_right,,0,0
6449,214967,,,,,,,,,,,,,,,,,,,,,,d|w,move_up|move_right,,0,0
6450,215000,,,,,,,,,,,,,,,,,,,,,,d|w,move_up|move_right,,0,0
6451,215033,,,,,,,,,,,,,,,,,,,,,,d|w,move_up|move_right,,0,0
6452,215067,,,,,,,,,,,,,,,,,,,,,,w,move_up,,0,0
6453,215100,,,,,,,,,,,,,,,,,,,,,,w,move_up,,0,0
6454,215133,,,,,,,,,,,,,,,,,,,,,,w,move_up,,0,0
6455,215167,,,,,,,,,,,,,,,,,,,,,,w,move_up,,0,0
6456,215200,,,,,,,,,,,,,,,,,,,,,,w,move_up,,0,0
6457,215233,,,,,,,,,,,,,,,,,,,,,,,,,0,0
6458,215267,,,,,,,,,,,,,,,,,,,,,,,,,0,0
6459,215300,,,,,,,,,,,,,,,,,,,,,,,,,0,0
6460,215333,,,,,,,,,,,,,,,,,,,,,,,,,0,0
6461,215367,,,,,,,,,,,,,,,,,,,,,,,,,0,0
6462,215400,,,,,,,,,,,,,,,,,,,,,,,,,0,0
6463,215433,,,,,,,,,,,,,,,,,,,,,,,,,0,0
6464,215467,,,,,,,,,,,,,,,,,,,,,,,,,0,0
6465,215500,,,,,,,,,,,,,,,,,,,,,,w,move_up,,0,0
6466,215533,,,,,,,,,,,,,,,,,,,,,,w,move_up,,0,0
6467,215567,,,,,,,,,,,,,,,,,,,,,,w,move_up,,0,0
6468,215600,,,,,,,,,,,,,,,,,,,,,,w,move_up,,0,0
6469,215633,,,,,,,,,,,,,,,,,,,,,,w,move_up,,0,0
6470,215667,,,,,,,,,,,,,,,,,,,,,,w,move_up,,0,0
6471,215700,,,,,,,,,,,,,,,,,,,,,,w,move_up,,0,0
6472,215733,,,,,,,,,,,,,,,,,,,,,,w,move_up,,0,0
6473,215767,,,,,,,,,,,,,,,,,,,,,,w,move_up,,0,0
6474,215800,,,,,,,,,,,,,,,,,,,,,,w,move_up,,0,0
6475,215833,,,,,,,,,,,,,,,,,,,,,,w,move_up,,0,0
6476,215867,,,,,,,,,,,,,,,,,,,,,,w,move_up,,0,0
6477,215900,,,,,,,,,,,,,,,,,,,,,,w,move_up,,0,0
6478,215933,,,,,,,,,,,,,,,,,,,,,,w,move_up,,0,0
6479,215967,,,,,,,,,,,,,,,,,,,,,,w,move_up,,0,0
6480,216000,,,,,,,,,,,,,,,,,,,,,,w,move_up,,0,0
6481,216033,,,,,,,,,,,,,,,,,,,,,,w,move_up,,0,0
6482,216067,,,,,,,,,,,,,,,,,,,,,,w,move_up,,0,0
6483,216100,,,,,,,,,,,,,,,,,,,,,,w,move_up,,0,0
6484,216133,,,,,,,,,,,,,,,,,,,,,,w,move_up,,0,0
6485,216167,,,,,,,,,,,,,,,,,,,,,,w,move_up,,0,0
6486,216200,,,,,,,,,,,,,,,,,,,,,,w,move_up,,0,0
6487,216233,,,,,,,,,,,,,,,,,,,,,,w,move_up,,0,0
6488,216267,,,,,,,,,,,,,,,,,,,,,,w,move_up,,0,0
6489,216300,,,,,,,,,,,,,,,,,,,,,,a|w,move_up|move_left,,0,0
6490,216333,,,,,,,,,,,,,,,,,,,,,,a|w,move_up|move_left,,0,0
6491,216367,,,,,,,,,,,,,,,,,,,,,,a|w,move_up|move_left,,0,0
6492,216400,,,,,,,,,,,,,,,,,,,,,,a|w,move_up|move_left,,0,0
6493,216433,,,,,,,,,,,,,,,,,,,,,,a|w,move_up|move_left,,0,0
6494,216467,,,,,,,,,,,,,,,,,,,,,,a|w,move_up|move_left,,0,0
6495,216500,,,,,,,,,,,,,,,,,,,,,,w,move_up,,0,0
6496,216533,,,,,,,,,,,,,,,,,,,,,,w,move_up,,0,0
6497,216567,,,,,,,,,,,,,,,,,,,,,,w,move_up,,0,0
6498,216600,,,,,,,,,,,,,,,,,,,,,,w,move_up,,0,0
6499,216633,,,,,,,,,,,,,,,,,,,,,,w,move_up,,0,0
6500,216667,,,,,,,,,,,,,,,,,,,,,,w,move_up,,0,0
6501,216700,,,,,,,,,,,,,,,,,,,,,,w,move_up,,0,0
6502,216733,,,,,,,,,,,,,,,,,,,,,,w,move_up,,0,0
6503,216767,,,,,,,,,,,,,,,,,,,,,,e|w,interact|move_up,,0,0
6504,216800,,,,,,,,,,,,,,,,,,,,,,e|w,interact|move_up,,0,0
6505,216833,,,,,,,,,,,,,,,,,,,,,,e,interact,,0,0
6506,216867,,,,,,,,,,,,,,,,,,,,,,e,interact,,0,0
6507,216900,,,,,,,,,,,,,,,,,,,,,,,,,0,0
6508,216933,,,,,,,,,,,,,,,,,,,,,,,,,0,0
6509,216967,,,,,,,,,,,,,,,,,,,,,,,,,0,0
6510,217000,,,,,,,,,,,,,,,,,,,,,,,,,0,0
6511,217033,,,,,,,,,,,,,,,,,,,,,,,,,0,0
6512,217067,,,,,,,,,,,,,,,,,,,,,,,,,0,0
6513,217100,,,,,,,,,,,,,,,,,,,,,,,,,0,0
6514,217133,,,,,,,,,,,,,,,,,,,,,,,,,0,0
6515,217167,,,,,,,,,,,,,,,,,,,,,,,,,0,0
6516,217200,,,,,,,,,,,,,,,,,,,,,,,,,0,0
6517,217233,,,,,,,,,,,,,,,,,,,,,,,,,0,0
6518,217267,,,,,,,,,,,,,,,,,,,,,,,,,0,0
6519,217300,,,,,,,,,,,,,,,,,,,,,,,,,0,0
6520,217333,,,,,,,,,,,,,,,,,,,,,,,,,0,0
6521,217367,,,,,,,,,,,,,,,,,,,,,,,,,0,0
6522,217400,,,,,,,,,,,,,,,,,,,,,,,,,0,0
6523,217433,,,,,,,,,,,,,,,,,,,,,,,,,0,0
6524,217467,,,,,,,,,,,,,,,,,,,,,,,,,0,0
6525,217500,,,,,,,,,,,,,,,,,,,,,,,,,0,0
6526,217533,,,,,,,,,,,,,,,,,,,,,,,,,0,0
6527,217567,,,,,,,,,,,,,,,,,,,,,,,,,0,0
6528,217600,,,,,,,,,,,,,,,,,,,,,,,,,0,0
6529,217633,,,,,,,,,,,,,,,,,,,,,,,,,0,0
6530,217667,,,,,,,,,,,,,,,,,,,,,,,,,0,0
6531,217700,,,,,,,,,,,,,,,,,,,,,,,,,0,0
6532,217733,,,,,,,,,,,,,,,,,,,,,,,,,0,0
6533,217767,,,,,,,,,,,,,,,,,,,,,,,,,0,0
6534,217800,,,,,,,,,,,,,,,,,,,,,,,,,0,0
6535,217833,,,,,,,,,,,,,,,,,,,,,,,,,0,0
6536,217867,,,,,,,,,,,,,,,,,,,,,,,,,0,0
6537,217900,,,,,,,,,,,,,,,,,,,,,,,,,0,0
6538,217933,,,,,,,,,,,,,,,,,,,,,,,,,0,0
6539,217967,,,,,,,,,,,,,,,,,,,,,,,,,0,0
6540,218000,,,,,,,,,,,,,,,,,,,,,,,,,0,0
6541,218033,,,,,,,,,,,,,,,,,,,,,,,,,0,0
6542,218067,,,,,,,,,,,,,,,,,,,,,,e,interact,,0,0
6543,218100,,,,,,,,,,,,,,,,,,,,,,e,interact,,0,0
6544,218133,,,,,,,,,,,,,,,,,,,,,,e,interact,,0,0
6545,218167,,,,,,,,,,,,,,,,,,,,,,e,interact,,0,0
6546,218200,,,,,,,,,,,,,,,,,,,,,,,,,0,0
6547,218233,,,,,,,,,,,,,,,,,,,,,,,,,0,0
6548,218267,,,,,,,,,,,,,,,,,,,,,,,,,0,0
6549,218300,,,,,,,,,,,,,,,,,,,,,,,,,0,0
6550,218333,,,,,,,,,,,,,,,,,,,,,,,,,0,0
6551,218367,,,,,,,,,,,,,,,,,,,,,,,,,0,0
6552,218400,,,,,,,,,,,,,,,,,,,,,,,,,0,0
6553,218433,,,,,,,,,,,,,,,,,,,,,,,,,0,0
6554,218467,,,,,,,,,,,,,,,,,,,,,,,,,0,0
6555,218500,,,,,,,,,,,,,,,,,,,,,,w,move_up,,0,0
6556,218533,,,,,,,,,,,,,,,,,,,,,,w,move_up,,0,0
6557,218567,,,,,,,,,,,,,,,,,,,,,,w,move_up,,0,0
6558,218600,,,,,,,,,,,,,,,,,,,,,,w,move_up,,0,0
6559,218633,,,,,,,,,,,,,,,,,,,,,,w,move_up,,0,0
6560,218667,,,,,,,,,,,,,,,,,,,,,,w,move_up,,0,0
6561,218700,,,,,,,,,,,,,,,,,,,,,,d|w,move_up|move_right,,0,0
6562,218733,,,,,,,,,,,,,,,,,,,,,,d|w,move_up|move_right,,0,0
6563,218767,,,,,,,,,,,,,,,,,,,,,,d|w,move_up|move_right,,0,0
6564,218800,,,,,,,,,,,,,,,,,,,,,,d|w,move_up|move_right,,0,0
6565,218833,,,,,,,,,,,,,,,,,,,,,,,,,0,0
6566,218867,,,,,,,,,,,,,,,,,,,,,,,,,0,0
6567,218900,,,,,,,,,,,,,,,,,,,,,,,,,0,0
6568,218933,,,,,,,,,,,,,,,,,,,,,,,,,0,0
6569,218967,,,,,,,,,,,,,,,,,,,,,,,,,0,0
6570,219000,,,,,,,,,,,,,,,,,,,,,,,,,0,0
6571,219033,,,,,,,,,,,,,,,,,,,,,,w,move_up,,0,0
6572,219067,,,,,,,,,,,,,,,,,,,,,,w,move_up,,0,0
6573,219100,,,,,,,,,,,,,,,,,,,,,,d|w,move_up|move_right,,0,0
6574,219133,,,,,,,,,,,,,,,,,,,,,,d|w,move_up|move_right,,0,0
6575,219167,,,,,,,,,,,,,,,,,,,,,,d|w,move_up|move_right,,0,0
6576,219200,,,,,,,,,,,,,,,,,,,,,,d|w,move_up|move_right,,0,0
6577,219233,,,,,,,,,,,,,,,,,,,,,,d|w,move_up|move_right,,0,0
6578,219267,,,,,,,,,,,,,,,,,,,,,,d|w,move_up|move_right,,0,0
6579,219300,,,,,,,,,,,,,,,,,,,,,,w,move_up,,0,0
6580,219333,,,,,,,,,,,,,,,,,,,,,,w,move_up,,0,0
6581,219367,,,,,,,,,,,,,,,,,,,,,,w,move_up,,0,0
6582,219400,,,,,,,,,,,,,,,,,,,,,,w,move_up,,0,0
6583,219433,,,,,,,,,,,,,,,,,,,,,,w,move_up,,0,0
6584,219467,,,,,,,,,,,,,,,,,,,,,,w,move_up,,0,0
6585,219500,,,,,,,,,,,,,,,,,,,,,,w,move_up,,0,0
6586,219533,,,,,,,,,,,,,,,,,,,,,,d|w,move_up|move_right,,0,0
6587,219567,,,,,,,,,,,,,,,,,,,,,,d|w,move_up|move_right,,0,0
6588,219600,,,,,,,,,,,,,,,,,,,,,,d|w,move_up|move_right,,0,0
6589,219633,,,,,,,,,,,,,,,,,,,,,,d|w,move_up|move_right,,0,0
6590,219667,,,,,,,,,,,,,,,,,,,,,,d|w,move_up|move_right,,0,0
6591,219700,,,,,,,,,,,,,,,,,,,,,,w,move_up,,0,0
6592,219733,,,,,,,,,,,,,,,,,,,,,,w,move_up,,0,0
6593,219767,,,,,,,,,,,,,,,,,,,,,,w,move_up,,0,0
6594,219800,,,,,,,,,,,,,,,,,,,,,,w,move_up,,0,0
6595,219833,,,,,,,,,,,,,,,,,,,,,,w,move_up,,0,0
6596,219867,,,,,,,,,,,,,,,,,,,,,,w,move_up,,0,0
6597,219900,,,,,,,,,,,,,,,,,,,,,,d|w,move_up|move_right,,0,0
6598,219933,,,,,,,,,,,,,,,,,,,,,,d|w,move_up|move_right,,0,0
6599,219967,,,,,,,,,,,,,,,,,,,,,,d|w,move_up|move_right,,0,0
6600,220000,,,,,,,,,,,,,,,,,,,,,,d|w,move_up|move_right,,0,0
6601,220033,,,,,,,,,,,,,,,,,,,,,,d|w,move_up|move_right,,0,0
6602,220067,,,,,,,,,,,,,,,,,,,,,,d|w,move_up|move_right,,0,0
6603,220100,,,,,,,,,,,,,,,,,,,,,,d|w,move_up|move_right,,0,0
6604,220133,,,,,,,,,,,,,,,,,,,,,,d|w,move_up|move_right,,0,0
6605,220167,,,,,,,,,,,,,,,,,,,,,,d|w,move_up|move_right,,0,0
6606,220200,,,,,,,,,,,,,,,,,,,,,,d|w,move_up|move_right,,0,0
6607,220233,,,,,,,,,,,,,,,,,,,,,,w,move_up,,0,0
6608,220267,,,,,,,,,,,,,,,,,,,,,,w,move_up,,0,0
6609,220300,,,,,,,,,,,,,,,,,,,,,,w,move_up,,0,0
6610,220333,,,,,,,,,,,,,,,,,,,,,,d|w,move_up|move_right,,0,0
6611,220367,,,,,,,,,,,,,,,,,,,,,,d|w,move_up|move_right,,0,0
6612,220400,,,,,,,,,,,,,,,,,,,,,,d|w,move_up|move_right,,0,0
6613,220433,,,,,,,,,,,,,,,,,,,,,,d|w,move_up|move_right,,0,0
6614,220467,,,,,,,,,,,,,,,,,,,,,,d|w,move_up|move_right,,0,0
6615,220500,,,,,,,,,,,,,,,,,,,,,,w,move_up,,0,0
6616,220533,,,,,,,,,,,,,,,,,,,,,,d|w,move_up|move_right,,0,0
6617,220567,,,,,,,,,,,,,,,,,,,,,,d|w,move_up|move_right,,0,0
6618,220600,,,,,,,,,,,,,,,,,,,,,,d|w,move_up|move_right,,0,0
6619,220633,,,,,,,,,,,,,,,,,,,,,,w,move_up,,0,0
6620,220667,,,,,,,,,,,,,,,,,,,,,,d|w,move_up|move_right,,0,0
6621,220700,,,,,,,,,,,,,,,,,,,,,,d|w,move_up|move_right,,0,0
6622,220733,,,,,,,,,,,,,,,,,,,,,,d|w,move_up|move_right,,0,0
6623,220767,,,,,,,,,,,,,,,,,,,,,,d|w,move_up|move_right,,0,0
6624,220800,,,,,,,,,,,,,,,,,,,,,,d|w,move_up|move_right,,0,0
6625,220833,,,,,,,,,,,,,,,,,,,,,,w,move_up,,0,0
6626,220867,,,,,,,,,,,,,,,,,,,,,,w,move_up,,0,0
6627,220900,,,,,,,,,,,,,,,,,,,,,,w,move_up,,0,0
6628,220933,,,,,,,,,,,,,,,,,,,,,,w,move_up,,0,0
6629,220967,,,,,,,,,,,,,,,,,,,,,,w,move_up,,0,0
6630,221000,,,,,,,,,,,,,,,,,,,,,,,,,0,0
6631,221033,,,,,,,,,,,,,,,,,,,,,,,,,0,0
6632,221067,,,,,,,,,,,,,,,,,,,,,,,,,0,0
6633,221100,,,,,,,,,,,,,,,,,,,,,,,,,0,0
6634,221133,,,,,,,,,,,,,,,,,,,,,,,,,0,0
6635,221167,,,,,,,,,,,,,,,,,,,,,,,,,0,0
6636,221200,,,,,,,,,,,,,,,,,,,,,,,,,0,0
6637,221233,,,,,,,,,,,,,,,,,,,,,,,,,0,0
6638,221267,,,,,,,,,,,,,,,,,,,,,,,,,0,0
6639,221300,,,,,,,,,,,,,,,,,,,,,,,,,0,0
6640,221333,,,,,,,,,,,,,,,,,,,,,,,,,0,0
6641,221367,,,,,,,,,,,,,,,,,,,,,,,,,0,0
6642,221400,,,,,,,,,,,,,,,,,,,,,,,,,0,0
6643,221433,,,,,,,,,,,,,,,,,,,,,,,,,0,0
6644,221467,,,,,,,,,,,,,,,,,,,,,,,,,0,0
6645,221500,,,,,,,,,,,,,,,,,,,,,,,,,0,0
6646,221533,,,,,,,,,,,,,,,,,,,,,,,,,0,0
6647,221567,,,,,,,,,,,,,,,,,,,,,,w,move_up,,0,0
6648,221600,,,,,,,,,,,,,,,,,,,,,,w,move_up,,0,0
6649,221633,,,,,,,,,,,,,,,,,,,,,,w,move_up,,0,0
6650,221667,,,,,,,,,,,,,,,,,,,,,,w,move_up,,0,0
6651,221700,,,,,,,,,,,,,,,,,,,,,,w,move_up,,0,0
6652,221733,,,,,,,,,,,,,,,,,,,,,,w,move_up,,0,0
6653,221767,,,,,,,,,,,,,,,,,,,,,,w,move_up,,0,0
6654,221800,,,,,,,,,,,,,,,,,,,,,,w,move_up,,0,0
6655,221833,,,,,,,,,,,,,,,,,,,,,,w,move_up,,0,0
6656,221867,,,,,,,,,,,,,,,,,,,,,,w,move_up,,0,0
6657,221900,,,,,,,,,,,,,,,,,,,,,,w,move_up,,0,0
6658,221933,,,,,,,,,,,,,,,,,,,,,,w,move_up,,0,0
6659,221967,,,,,,,,,,,,,,,,,,,,,,w,move_up,,0,0
6660,222000,,,,,,,,,,,,,,,,,,,,,,w,move_up,,0,0
6661,222033,,,,,,,,,,,,,,,,,,,,,,w,move_up,,0,0
6662,222067,,,,,,,,,,,,,,,,,,,,,,w,move_up,,0,0
6663,222100,,,,,,,,,,,,,,,,,,,,,,d|w,move_up|move_right,,0,0
6664,222133,,,,,,,,,,,,,,,,,,,,,,d|w,move_up|move_right,,0,0
6665,222167,,,,,,,,,,,,,,,,,,,,,,d|w,move_up|move_right,,0,0
6666,222200,,,,,,,,,,,,,,,,,,,,,,d|w,move_up|move_right,,0,0
6667,222233,,,,,,,,,,,,,,,,,,,,,,d|w,move_up|move_right,,0,0
6668,222267,,,,,,,,,,,,,,,,,,,,,,d|w,move_up|move_right,,0,0
6669,222300,,,,,,,,,,,,,,,,,,,,,,d|w,move_up|move_right,,0,0
6670,222333,,,,,,,,,,,,,,,,,,,,,,d|w,move_up|move_right,,0,0
6671,222367,,,,,,,,,,,,,,,,,,,,,,d|w,move_up|move_right,,0,0
6672,222400,,,,,,,,,,,,,,,,,,,,,,d|w,move_up|move_right,,0,0
6673,222433,,,,,,,,,,,,,,,,,,,,,,,,,0,0
6674,222467,,,,,,,,,,,,,,,,,,,,,,,,,0,0
6675,222500,,,,,,,,,,,,,,,,,,,,,,,,,0,0
6676,222533,,,,,,,,,,,,,,,,,,,,,,,,,0,0
6677,222567,,,,,,,,,,,,,,,,,,,,,,,,,0,0
6678,222600,,,,,,,,,,,,,,,,,,,,,,,,,0,0
6679,222633,,,,,,,,,,,,,,,,,,,,,,,,,0,0
6680,222667,,,,,,,,,,,,,,,,,,,,,,,,,0,0
6681,222700,,,,,,,,,,,,,,,,,,,,,,,,,0,0
6682,222733,,,,,,,,,,,,,,,,,,,,,,,,,0,0
6683,222767,,,,,,,,,,,,,,,,,,,,,,w,move_up,,0,0
6684,222800,,,,,,,,,,,,,,,,,,,,,,w,move_up,,0,0
6685,222833,,,,,,,,,,,,,,,,,,,,,,w,move_up,,0,0
6686,222867,,,,,,,,,,,,,,,,,,,,,,w,move_up,,0,0
6687,222900,,,,,,,,,,,,,,,,,,,,,,w,move_up,,0,0
6688,222933,,,,,,,,,,,,,,,,,,,,,,w,move_up,,0,0
6689,222967,,,,,,,,,,,,,,,,,,,,,,d|w,move_up|move_right,,0,0
6690,223000,,,,,,,,,,,,,,,,,,,,,,d|w,move_up|move_right,,0,0
6691,223033,,,,,,,,,,,,,,,,,,,,,,d|w,move_up|move_right,,0,0
6692,223067,,,,,,,,,,,,,,,,,,,,,,d|w,move_up|move_right,,0,0
6693,223100,,,,,,,,,,,,,,,,,,,,,,d|w,move_up|move_right,,0,0
6694,223133,,,,,,,,,,,,,,,,,,,,,,d|w,move_up|move_right,,0,0
6695,223167,,,,,,,,,,,,,,,,,,,,,,d|w,move_up|move_right,,0,0
6696,223200,,,,,,,,,,,,,,,,,,,,,,d|w,move_up|move_right,,0,0
6697,223233,,,,,,,,,,,,,,,,,,,,,,d|w,move_up|move_right,,0,0
6698,223267,,,,,,,,,,,,,,,,,,,,,,w,move_up,,0,0
6699,223300,,,,,,,,,,,,,,,,,,,,,,w,move_up,,0,0
6700,223333,,,,,,,,,,,,,,,,,,,,,,w,move_up,,0,0
6701,223367,,,,,,,,,,,,,,,,,,,,,,w,move_up,,0,0
6702,223400,,,,,,,,,,,,,,,,,,,,,,w,move_up,,0,0
6703,223433,,,,,,,,,,,,,,,,,,,,,,w,move_up,,0,0
6704,223467,,,,,,,,,,,,,,,,,,,,,,w,move_up,,0,0
6705,223500,,,,,,,,,,,,,,,,,,,,,,w,move_up,,0,0
6706,223533,,,,,,,,,,,,,,,,,,,,,,w,move_up,,0,0
6707,223567,,,,,,,,,,,,,,,,,,,,,,w,move_up,,0,0
6708,223600,,,,,,,,,,,,,,,,,,,,,,w,move_up,,0,0
6709,223633,,,,,,,,,,,,,,,,,,,,,,w,move_up,,0,0
6710,223667,,,,,,,,,,,,,,,,,,,,,,,,,0,0
6711,223700,,,,,,,,,,,,,,,,,,,,,,,,,0,0
6712,223733,,,,,,,,,,,,,,,,,,,,,,,,,0,0
6713,223767,,,,,,,,,,,,,,,,,,,,,,,,,0,0
6714,223800,,,,,,,,,,,,,,,,,,,,,,,,,0,0
6715,223833,,,,,,,,,,,,,,,,,,,,,,,,,0,0
6716,223867,,,,,,,,,,,,,,,,,,,,,,w,move_up,,0,0
6717,223900,,,,,,,,,,,,,,,,,,,,,,w,move_up,,0,0
6718,223933,,,,,,,,,,,,,,,,,,,,,,d|w,move_up|move_right,,0,0
6719,223967,,,,,,,,,,,,,,,,,,,,,,d|w,move_up|move_right,,0,0
6720,224000,,,,,,,,,,,,,,,,,,,,,,d|w,move_up|move_right,,0,0
6721,224033,,,,,,,,,,,,,,,,,,,,,,d|w,move_up|move_right,,0,0
6722,224067,,,,,,,,,,,,,,,,,,,,,,d|w,move_up|move_right,,0,0
6723,224100,,,,,,,,,,,,,,,,,,,,,,d|w,move_up|move_right,,0,0
6724,224133,,,,,,,,,,,,,,,,,,,,,,d|w,move_up|move_right,,0,0
6725,224167,,,,,,,,,,,,,,,,,,,,,,w,move_up,,0,0
6726,224200,,,,,,,,,,,,,,,,,,,,,,w,move_up,,0,0
6727,224233,,,,,,,,,,,,,,,,,,,,,,,,,0,0
6728,224267,,,,,,,,,,,,,,,,,,,,,,,,,0,0
6729,224300,,,,,,,,,,,,,,,,,,,,,,,,,0,0
6730,224333,,,,,,,,,,,,,,,,,,,,,,d,move_right,,0,0
6731,224367,,,,,,,,,,,,,,,,,,,,,,d,move_right,,0,0
6732,224400,,,,,,,,,,,,,,,,,,,,,,d,move_right,,0,0
6733,224433,,,,,,,,,,,,,,,,,,,,,,d,move_right,,0,0
6734,224467,,,,,,,,,,,,,,,,,,,,,,d,move_right,,0,0
6735,224500,,,,,,,,,,,,,,,,,,,,,,d,move_right,,0,0
6736,224533,,,,,,,,,,,,,,,,,,,,,,d,move_right,,0,0
6737,224567,,,,,,,,,,,,,,,,,,,,,,d,move_right,,0,0
6738,224600,,,,,,,,,,,,,,,,,,,,,,d,move_right,,0,0
6739,224633,,,,,,,,,,,,,,,,,,,,,,d,move_right,,0,0
6740,224667,,,,,,,,,,,,,,,,,,,,,,d,move_right,,0,0
6741,224700,,,,,,,,,,,,,,,,,,,,,,,,,0,0
6742,224733,,,,,,,,,,,,,,,,,,,,,,,,,0,0
6743,224767,,,,,,,,,,,,,,,,,,,,,,,,,0,0
6744,224800,,,,,,,,,,,,,,,,,,,,,,,,,0,0
6745,224833,,,,,,,,,,,,,,,,,,,,,,d,move_right,,0,0
6746,224867,,,,,,,,,,,,,,,,,,,,,,d,move_right,,0,0
6747,224900,,,,,,,,,,,,,,,,,,,,,,d,move_right,,0,0
6748,224933,,,,,,,,,,,,,,,,,,,,,,,,,0,0
6749,224967,,,,,,,,,,,,,,,,,,,,,,,,,0,0
6750,225000,,,,,,,,,,,,,,,,,,,,,,,,,0,0
6751,225033,,,,,,,,,,,,,,,,,,,,,,,,,0,0
6752,225067,,,,,,,,,,,,,,,,,,,,,,,,,0,0
6753,225100,,,,,,,,,,,,,,,,,,,,,,,,,0,0
6754,225133,,,,,,,,,,,,,,,,,,,,,,,,,0,0
6755,225167,,,,,,,,,,,,,,,,,,,,,,,,,0,0
6756,225200,,,,,,,,,,,,,,,,,,,,,,,,,0,0
6757,225233,,,,,,,,,,,,,,,,,,,,,,,,,0,0
6758,225267,,,,,,,,,,,,,,,,,,,,,,,,,0,0
6759,225300,,,,,,,,,,,,,,,,,,,,,,,,,0,0
6760,225333,,,,,,,,,,,,,,,,,,,,,,,,,0,0
6761,225367,,,,,,,,,,,,,,,,,,,,,,,,,0,0
6762,225400,,,,,,,,,,,,,,,,,,,,,,,,,0,0
6763,225433,,,,,,,,,,,,,,,,,,,,,,,,,0,0
6764,225467,,,,,,,,,,,,,,,,,,,,,,,,,0,0
6765,225500,,,,,,,,,,,,,,,,,,,,,,,,,0,0
6766,225533,,,,,,,,,,,,,,,,,,,,,,d,move_right,,0,0
6767,225567,,,,,,,,,,,,,,,,,,,,,,d,move_right,,0,0
6768,225600,,,,,,,,,,,,,,,,,,,,,,d,move_right,,0,0
6769,225633,,,,,,,,,,,,,,,,,,,,,,d,move_right,,0,0
6770,225667,,,,,,,,,,,,,,,,,,,,,,d,move_right,,0,0
6771,225700,,,,,,,,,,,,,,,,,,,,,,d,move_right,,0,0
6772,225733,,,,,,,,,,,,,,,,,,,,,,d,move_right,,0,0
6773,225767,,,,,,,,,,,,,,,,,,,,,,d,move_right,,0,0
6774,225800,,,,,,,,,,,,,,,,,,,,,,d,move_right,,0,0
6775,225833,,,,,,,,,,,,,,,,,,,,,,d,move_right,,0,0
6776,225867,,,,,,,,,,,,,,,,,,,,,,d,move_right,,0,0
6777,225900,,,,,,,,,,,,,,,,,,,,,,d,move_right,,0,0
6778,225933,,,,,,,,,,,,,,,,,,,,,,d,move_right,,0,0
6779,225967,,,,,,,,,,,,,,,,,,,,,,d,move_right,,0,0
6780,226000,,,,,,,,,,,,,,,,,,,,,,,,,0,0
6781,226033,,,,,,,,,,,,,,,,,,,,,,,,,0,0
6782,226067,,,,,,,,,,,,,,,,,,,,,,,,,0,0
6783,226100,,,,,,,,,,,,,,,,,,,,,,,,,0,0
6784,226133,,,,,,,,,,,,,,,,,,,,,,w,move_up,,0,0
6785,226167,,,,,,,,,,,,,,,,,,,,,,w,move_up,,0,0
6786,226200,,,,,,,,,,,,,,,,,,,,,,d|w,move_up|move_right,,0,0
6787,226233,,,,,,,,,,,,,,,,,,,,,,d|w,move_up|move_right,,0,0
6788,226267,,,,,,,,,,,,,,,,,,,,,,d|w,move_up|move_right,,0,0
6789,226300,,,,,,,,,,,,,,,,,,,,,,w,move_up,,0,0
6790,226333,,,,,,,,,,,,,,,,,,,,,,w,move_up,,0,0
6791,226367,,,,,,,,,,,,,,,,,,,,,,w,move_up,,0,0
6792,226400,,,,,,,,,,,,,,,,,,,,,,w,move_up,,0,0
6793,226433,,,,,,,,,,,,,,,,,,,,,,w,move_up,,0,0
6794,226467,,,,,,,,,,,,,,,,,,,,,,w,move_up,,0,0
6795,226500,,,,,,,,,,,,,,,,,,,,,,w,move_up,,0,0
6796,226533,,,,,,,,,,,,,,,,,,,,,,w,move_up,,0,0
6797,226567,,,,,,,,,,,,,,,,,,,,,,w,move_up,,0,0
6798,226600,,,,,,,,,,,,,,,,,,,,,,w,move_up,,0,0
6799,226633,,,,,,,,,,,,,,,,,,,,,,w,move_up,,0,0
6800,226667,,,,,,,,,,,,,,,,,,,,,,w,move_up,,0,0
6801,226700,,,,,,,,,,,,,,,,,,,,,,w,move_up,,0,0
6802,226733,,,,,,,,,,,,,,,,,,,,,,d|w,move_up|move_right,,0,0
6803,226767,,,,,,,,,,,,,,,,,,,,,,d|w,move_up|move_right,,0,0
6804,226800,,,,,,,,,,,,,,,,,,,,,,d|w,move_up|move_right,,0,0
6805,226833,,,,,,,,,,,,,,,,,,,,,,w,move_up,,0,0
6806,226867,,,,,,,,,,,,,,,,,,,,,,w,move_up,,0,0
6807,226900,,,,,,,,,,,,,,,,,,,,,,w,move_up,,0,0
6808,226933,,,,,,,,,,,,,,,,,,,,,,w,move_up,,0,0
6809,226967,,,,,,,,,,,,,,,,,,,,,,w,move_up,,0,0
6810,227000,,,,,,,,,,,,,,,,,,,,,,w,move_up,,0,0
6811,227033,,,,,,,,,,,,,,,,,,,,,,w,move_up,,0,0
6812,227067,,,,,,,,,,,,,,,,,,,,,,w,move_up,,0,0
6813,227100,,,,,,,,,,,,,,,,,,,,,,w,move_up,,0,0
6814,227133,,,,,,,,,,,,,,,,,,,,,,w,move_up,,0,0
6815,227167,,,,,,,,,,,,,,,,,,,,,,w,move_up,,0,0
6816,227200,,,,,,,,,,,,,,,,,,,,,,w,move_up,,0,0
6817,227233,,,,,,,,,,,,,,,,,,,,,,w,move_up,,0,0
6818,227267,,,,,,,,,,,,,,,,,,,,,,w,move_up,,0,0
6819,227300,,,,,,,,,,,,,,,,,,,,,,w,move_up,,0,0
6820,227333,,,,,,,,,,,,,,,,,,,,,,w,move_up,,0,0
6821,227367,,,,,,,,,,,,,,,,,,,,,,w,move_up,,0,0
6822,227400,,,,,,,,,,,,,,,,,,,,,,,,,0,0
6823,227433,,,,,,,,,,,,,,,,,,,,,,,,,0,0
6824,227467,,,,,,,,,,,,,,,,,,,,,,e,interact,,0,0
6825,227500,,,,,,,,,,,,,,,,,,,,,,e,interact,,0,0
6826,227533,,,,,,,,,,,,,,,,,,,,,,e,interact,,0,0
6827,227567,,,,,,,,,,,,,,,,,,,,,,e,interact,,0,0
6828,227600,,,,,,,,,,,,,,,,,,,,,,,,,0,0
6829,227633,,,,,,,,,,,,,,,,,,,,,,,,,0,0
6830,227667,,,,,,,,,,,,,,,,,,,,,,w,move_up,,0,0
6831,227700,,,,,,,,,,,,,,,,,,,,,,w,move_up,,0,0
6832,227733,,,,,,,,,,,,,,,,,,,,,,w,move_up,,0,0
6833,227767,,,,,,,,,,,,,,,,,,,,,,w,move_up,,0,0
6834,227800,,,,,,,,,,,,,,,,,,,,,,w,move_up,,0,0
6835,227833,,,,,,,,,,,,,,,,,,,,,,w,move_up,,0,0
6836,227867,,,,,,,,,,,,,,,,,,,,,,w,move_up,,0,0
6837,227900,,,,,,,,,,,,,,,,,,,,,,,,,0,0
6838,227933,,,,,,,,,,,,,,,,,,,,,,,,,0,0
6839,227967,,,,,,,,,,,,,,,,,,,,,,,,,0,0
6840,228000,,,,,,,,,,,,,,,,,,,,,,,,,0,0
6841,228033,,,,,,,,,,,,,,,,,,,,,,,,,0,0
6842,228067,,,,,,,,,,,,,,,,,,,,,,,,,0,0
6843,228100,,,,,,,,,,,,,,,,,,,,,,,,,0,0
6844,228133,,,,,,,,,,,,,,,,,,,,,,e,interact,,0,0
6845,228167,,,,,,,,,,,,,,,,,,,,,,e,interact,,0,0
6846,228200,,,,,,,,,,,,,,,,,,,,,,e,interact,,0,0
6847,228233,,,,,,,,,,,,,,,,,,,,,,e,interact,,0,0
6848,228267,,,,,,,,,,,,,,,,,,,,,,,,,0,0
6849,228300,,,,,,,,,,,,,,,,,,,,,,,,,0,0
6850,228333,,,,,,,,,,,,,,,,,,,,,,,,,0,0
6851,228367,,,,,,,,,,,,,,,,,,,,,,,,,0,0
6852,228400,,,,,,,,,,,,,,,,,,,,,,,,,0,0
6853,228433,,,,,,,,,,,,,,,,,,,,,,,,,0,0
6854,228467,,,,,,,,,,,,,,,,,,,,,,,,,0,0
6855,228500,,,,,,,,,,,,,,,,,,,,,,,,,0,0
6856,228533,,,,,,,,,,,,,,,,,,,,,,,,,0,0
6857,228567,,,,,,,,,,,,,,,,,,,,,,,,,0,0
6858,228600,,,,,,,,,,,,,,,,,,,,,,,,,0,0
6859,228633,,,,,,,,,,,,,,,,,,,,,,e,interact,,0,0
6860,228667,,,,,,,,,,,,,,,,,,,,,,e,interact,,0,0
6861,228700,,,,,,,,,,,,,,,,,,,,,,e,interact,,0,0
6862,228733,,,,,,,,,,,,,,,,,,,,,,,,,0,0
6863,228767,,,,,,,,,,,,,,,,,,,,,,,,,0,0
6864,228800,,,,,,,,,,,,,,,,,,,,,,,,,0,0
6865,228833,,,,,,,,,,,,,,,,,,,,,,,,,0,0
6866,228867,,,,,,,,,,,,,,,,,,,,,,,,,0,0
6867,228900,,,,,,,,,,,,,,,,,,,,,,,,,0,0
6868,228933,,,,,,,,,,,,,,,,,,,,,,,,,0,0
6869,228967,,,,,,,,,,,,,,,,,,,,,,e,interact,,0,0
6870,229000,,,,,,,,,,,,,,,,,,,,,,e,interact,,0,0
6871,229033,,,,,,,,,,,,,,,,,,,,,,e,interact,,0,0
6872,229067,,,,,,,,,,,,,,,,,,,,,,,,,0,0
6873,229100,,,,,,,,,,,,,,,,,,,,,,a,move_left,,0,0
6874,229133,,,,,,,,,,,,,,,,,,,,,,a,move_left,,0,0
6875,229167,,,,,,,,,,,,,,,,,,,,,,a,move_left,,0,0
6876,229200,,,,,,,,,,,,,,,,,,,,,,a,move_left,,0,0
6877,229233,,,,,,,,,,,,,,,,,,,,,,a|w,move_up|move_left,,0,0
6878,229267,,,,,,,,,,,,,,,,,,,,,,a|w,move_up|move_left,,0,0
6879,229300,,,,,,,,,,,,,,,,,,,,,,a|w,move_up|move_left,,0,0
6880,229333,,,,,,,,,,,,,,,,,,,,,,a|w,move_up|move_left,,0,0
6881,229367,,,,,,,,,,,,,,,,,,,,,,w,move_up,,0,0
6882,229400,,,,,,,,,,,,,,,,,,,,,,,,,0,0
6883,229433,,,,,,,,,,,,,,,,,,,,,,,,,0,0
6884,229467,,,,,,,,,,,,,,,,,,,,,,,,,0,0
6885,229500,,,,,,,,,,,,,,,,,,,,,,,,,0,0
6886,229533,,,,,,,,,,,,,,,,,,,,,,,,,0,0
6887,229567,,,,,,,,,,,,,,,,,,,,,,,,,0,0
6888,229600,,,,,,,,,,,,,,,,,,,,,,e,interact,,0,0
6889,229633,,,,,,,,,,,,,,,,,,,,,,e,interact,,0,0
6890,229667,,,,,,,,,,,,,,,,,,,,,,e,interact,,0,0
6891,229700,,,,,,,,,,,,,,,,,,,,,,e,interact,,0,0
6892,229733,,,,,,,,,,,,,,,,,,,,,,,,,0,0
6893,229767,,,,,,,,,,,,,,,,,,,,,,,,,0,0
6894,229800,,,,,,,,,,,,,,,,,,,,,,,,,0,0
6895,229833,,,,,,,,,,,,,,,,,,,,,,,,,0,0
6896,229867,,,,,,,,,,,,,,,,,,,,,,,,,0,0
6897,229900,,,,,,,,,,,,,,,,,,,,,,,,,0,0
6898,229933,,,,,,,,,,,,,,,,,,,,,,,,,0,0
6899,229967,,,,,,,,,,,,,,,,,,,,,,,,,0,0
6900,230000,,,,,,,,,,,,,,,,,,,,,,,,,0,0
6901,230033,,,,,,,,,,,,,,,,,,,,,,,,,0,0
6902,230067,,,,,,,,,,,,,,,,,,,,,,,,,0,0
6903,230100,,,,,,,,,,,,,,,,,,,,,,,,,0,0
6904,230133,,,,,,,,,,,,,,,,,,,,,,s,move_down,,0,0
6905,230167,,,,,,,,,,,,,,,,,,,,,,s,move_down,,0,0
6906,230200,,,,,,,,,,,,,,,,,,,,,,s,move_down,,0,0
6907,230233,,,,,,,,,,,,,,,,,,,,,,s,move_down,,0,0
6908,230267,,,,,,,,,,,,,,,,,,,,,,s,move_down,,0,0
6909,230300,,,,,,,,,,,,,,,,,,,,,,,,,0,0
6910,230333,,,,,,,,,,,,,,,,,,,,,,,,,0,0
6911,230367,,,,,,,,,,,,,,,,,,,,,,,,,0,0
6912,230400,,,,,,,,,,,,,,,,,,,,,,,,,0,0
6913,230433,,,,,,,,,,,,,,,,,,,,,,,,,0,0
6914,230467,,,,,,,,,,,,,,,,,,,,,,,,,0,0
6915,230500,,,,,,,,,,,,,,,,,,,,,,,,,0,0
6916,230533,,,,,,,,,,,,,,,,,,,,,,,,,0,0
6917,230567,,,,,,,,,,,,,,,,,,,,,,,,,0,0
6918,230600,,,,,,,,,,,,,,,,,,,,,,,,,0,0
6919,230633,,,,,,,,,,,,,,,,,,,,,,,,,0,0
6920,230667,,,,,,,,,,,,,,,,,,,,,,,,,0,0
6921,230700,,,,,,,,,,,,,,,,,,,,,,,,,0,0
6922,230733,,,,,,,,,,,,,,,,,,,,,,,,,0,0
6923,230767,,,,,,,,,,,,,,,,,,,,,,,,,0,0
6924,230800,,,,,,,,,,,,,,,,,,,,,,,,,0,0
6925,230833,,,,,,,,,,,,,,,,,,,,,,,,,0,0
6926,230867,,,,,,,,,,,,,,,,,,,,,,,,,0,0
6927,230900,,,,,,,,,,,,,,,,,,,,,,,,,0,0
6928,230933,,,,,,,,,,,,,,,,,,,,,,,,,0,0
6929,230967,,,,,,,,,,,,,,,,,,,,,,,,,0,0
6930,231000,,,,,,,,,,,,,,,,,,,,,,,,,0,0
6931,231033,,,,,,,,,,,,,,,,,,,,,,,,,0,0
6932,231067,,,,,,,,,,,,,,,,,,,,,,,,,0,0
6933,231100,,,,,,,,,,,,,,,,,,,,,,,,,0,0
6934,231133,,,,,,,,,,,,,,,,,,,,,,,,,0,0
6935,231167,,,,,,,,,,,,,,,,,,,,,,,,,0,0
6936,231200,,,,,,,,,,,,,,,,,,,,,,,,,0,0
6937,231233,,,,,,,,,,,,,,,,,,,,,,,,,0,0
6938,231267,,,,,,,,,,,,,,,,,,,,,,,,,0,0
6939,231300,,,,,,,,,,,,,,,,,,,,,,,,,0,0
6940,231333,,,,,,,,,,,,,,,,,,,,,,,,,0,0
6941,231367,,,,,,,,,,,,,,,,,,,,,,,,,0,0
6942,231400,,,,,,,,,,,,,,,,,,,,,,,,,0,0
6943,231433,,,,,,,,,,,,,,,,,,,,,,,,,0,0
6944,231467,,,,,,,,,,,,,,,,,,,,,,w,move_up,,0,0
6945,231500,,,,,,,,,,,,,,,,,,,,,,w,move_up,,0,0
6946,231533,,,,,,,,,,,,,,,,,,,,,,w,move_up,,0,0
6947,231567,,,,,,,,,,,,,,,,,,,,,,a|w,move_up|move_left,,0,0
6948,231600,,,,,,,,,,,,,,,,,,,,,,a|w,move_up|move_left,,0,0
6949,231633,,,,,,,,,,,,,,,,,,,,,,a|w,move_up|move_left,,0,0
6950,231667,,,,,,,,,,,,,,,,,,,,,,w,move_up,,0,0
6951,231700,,,,,,,,,,,,,,,,,,,,,,w,move_up,,0,0
6952,231733,,,,,,,,,,,,,,,,,,,,,,w,move_up,,0,0
6953,231767,,,,,,,,,,,,,,,,,,,,,,w,move_up,,0,0
6954,231800,,,,,,,,,,,,,,,,,,,,,,w,move_up,,0,0
6955,231833,,,,,,,,,,,,,,,,,,,,,,w,move_up,,0,0
6956,231867,,,,,,,,,,,,,,,,,,,,,,w,move_up,,0,0
6957,231900,,,,,,,,,,,,,,,,,,,,,,w,move_up,,0,0
6958,231933,,,,,,,,,,,,,,,,,,,,,,d|w,move_up|move_right,,0,0
6959,231967,,,,,,,,,,,,,,,,,,,,,,d|w,move_up|move_right,,0,0
6960,232000,,,,,,,,,,,,,,,,,,,,,,d|w,move_up|move_right,,0,0
6961,232033,,,,,,,,,,,,,,,,,,,,,,d|w,move_up|move_right,,0,0
6962,232067,,,,,,,,,,,,,,,,,,,,,,w,move_up,,0,0
6963,232100,,,,,,,,,,,,,,,,,,,,,,w,move_up,,0,0
6964,232133,,,,,,,,,,,,,,,,,,,,,,w,move_up,,0,0
6965,232167,,,,,,,,,,,,,,,,,,,,,,w,move_up,,0,0
6966,232200,,,,,,,,,,,,,,,,,,,,,,w,move_up,,0,0
6967,232233,,,,,,,,,,,,,,,,,,,,,,w,move_up,,0,0
6968,232267,,,,,,,,,,,,,,,,,,,,,,w,move_up,,0,0
6969,232300,,,,,,,,,,,,,,,,,,,,,,d|w,move_up|move_right,,0,0
6970,232333,,,,,,,,,,,,,,,,,,,,,,d|w,move_up|move_right,,0,0
6971,232367,,,,,,,,,,,,,,,,,,,,,,d|w,move_up|move_right,,0,0
6972,232400,,,,,,,,,,,,,,,,,,,,,,d|w,move_up|move_right,,0,0
6973,232433,,,,,,,,,,,,,,,,,,,,,,w,move_up,,0,0
6974,232467,,,,,,,,,,,,,,,,,,,,,,w,move_up,,0,0
6975,232500,,,,,,,,,,,,,,,,,,,,,,w,move_up,,0,0
6976,232533,,,,,,,,,,,,,,,,,,,,,,w,move_up,,0,0
6977,232567,,,,,,,,,,,,,,,,,,,,,,w,move_up,,0,0
6978,232600,,,,,,,,,,,,,,,,,,,,,,w,move_up,,0,0
6979,232633,,,,,,,,,,,,,,,,,,,,,,w,move_up,,0,0
6980,232667,,,,,,,,,,,,,,,,,,,,,,w,move_up,,0,0
6981,232700,,,,,,,,,,,,,,,,,,,,,,w,move_up,,0,0
6982,232733,,,,,,,,,,,,,,,,,,,,,,w,move_up,,0,0
6983,232767,,,,,,,,,,,,,,,,,,,,,,w,move_up,,0,0
6984,232800,,,,,,,,,,,,,,,,,,,,,,w,move_up,,0,0
6985,232833,,,,,,,,,,,,,,,,,,,,,,w,move_up,,0,0
6986,232867,,,,,,,,,,,,,,,,,,,,,,w,move_up,,0,0
6987,232900,,,,,,,,,,,,,,,,,,,,,,w,move_up,,0,0
6988,232933,,,,,,,,,,,,,,,,,,,,,,w,move_up,,0,0
6989,232967,,,,,,,,,,,,,,,,,,,,,,d|w,move_up|move_right,,0,0
6990,233000,,,,,,,,,,,,,,,,,,,,,,d|w,move_up|move_right,,0,0
6991,233033,,,,,,,,,,,,,,,,,,,,,,d|w,move_up|move_right,,0,0
6992,233067,,,,,,,,,,,,,,,,,,,,,,d|w,move_up|move_right,,0,0
6993,233100,,,,,,,,,,,,,,,,,,,,,,d|w,move_up|move_right,,0,0
6994,233133,,,,,,,,,,,,,,,,,,,,,,d|w,move_up|move_right,,0,0
6995,233167,,,,,,,,,,,,,,,,,,,,,,d|w,move_up|move_right,,0,0
6996,233200,,,,,,,,,,,,,,,,,,,,,,d|w,move_up|move_right,,0,0
6997,233233,,,,,,,,,,,,,,,,,,,,,,d|w,move_up|move_right,,0,0
6998,233267,,,,,,,,,,,,,,,,,,,,,,d|w,move_up|move_right,,0,0
6999,233300,,,,,,,,,,,,,,,,,,,,,,d|w,move_up|move_right,,0,0
7000,233333,,,,,,,,,,,,,,,,,,,,,,d|w,move_up|move_right,,0,0
7001,233367,,,,,,,,,,,,,,,,,,,,,,d|w,move_up|move_right,,0,0
7002,233400,,,,,,,,,,,,,,,,,,,,,,d|w,move_up|move_right,,0,0
7003,233433,,,,,,,,,,,,,,,,,,,,,,d,move_right,,0,0
7004,233467,,,,,,,,,,,,,,,,,,,,,,d,move_right,,0,0
7005,233500,,,,,,,,,,,,,,,,,,,,,,d,move_right,,0,0
7006,233533,,,,,,,,,,,,,,,,,,,,,,,,,0,0
7007,233567,,,,,,,,,,,,,,,,,,,,,,,,,0,0
7008,233600,,,,,,,,,,,,,,,,,,,,,,,,,0,0
7009,233633,,,,,,,,,,,,,,,,,,,,,,,,,0,0
7010,233667,,,,,,,,,,,,,,,,,,,,,,,,,0,0
7011,233700,,,,,,,,,,,,,,,,,,,,,,,,,0,0
7012,233733,,,,,,,,,,,,,,,,,,,,,,,,,0,0
7013,233767,,,,,,,,,,,,,,,,,,,,,,,,,0,0
7014,233800,,,,,,,,,,,,,,,,,,,,,,,,,0,0
7015,233833,,,,,,,,,,,,,,,,,,,,,,,,,0,0
7016,233867,,,,,,,,,,,,,,,,,,,,,,,,,0,0
7017,233900,,,,,,,,,,,,,,,,,,,,,,,,,0,0
7018,233933,,,,,,,,,,,,,,,,,,,,,,w,move_up,,0,0
7019,233967,,,,,,,,,,,,,,,,,,,,,,w,move_up,,0,0
7020,234000,,,,,,,,,,,,,,,,,,,,,,w,move_up,,0,0
7021,234033,,,,,,,,,,,,,,,,,,,,,,w,move_up,,0,0
7022,234067,,,,,,,,,,,,,,,,,,,,,,w,move_up,,0,0
7023,234100,,,,,,,,,,,,,,,,,,,,,,w,move_up,,0,0
7024,234133,,,,,,,,,,,,,,,,,,,,,,w,move_up,,0,0
7025,234167,,,,,,,,,,,,,,,,,,,,,,w,move_up,,0,0
7026,234200,,,,,,,,,,,,,,,,,,,,,,a|w,move_up|move_left,,0,0
7027,234233,,,,,,,,,,,,,,,,,,,,,,a|w,move_up|move_left,,0,0
7028,234267,,,,,,,,,,,,,,,,,,,,,,a|w,move_up|move_left,,0,0
7029,234300,,,,,,,,,,,,,,,,,,,,,,a|w,move_up|move_left,,0,0
7030,234333,,,,,,,,,,,,,,,,,,,,,,a|w,move_up|move_left,,0,0
7031,234367,,,,,,,,,,,,,,,,,,,,,,a|w,move_up|move_left,,0,0
7032,234400,,,,,,,,,,,,,,,,,,,,,,w,move_up,,0,0
7033,234433,,,,,,,,,,,,,,,,,,,,,,w,move_up,,0,0
7034,234467,,,,,,,,,,,,,,,,,,,,,,w,move_up,,0,0
7035,234500,,,,,,,,,,,,,,,,,,,,,,w,move_up,,0,0
7036,234533,,,,,,,,,,,,,,,,,,,,,,w,move_up,,0,0
7037,234567,,,,,,,,,,,,,,,,,,,,,,w,move_up,,0,0
7038,234600,,,,,,,,,,,,,,,,,,,,,,w,move_up,,0,0
7039,234633,,,,,,,,,,,,,,,,,,,,,,w,move_up,,0,0
7040,234667,,,,,,,,,,,,,,,,,,,,,,w,move_up,,0,0
7041,234700,,,,,,,,,,,,,,,,,,,,,,w,move_up,,0,0
7042,234733,,,,,,,,,,,,,,,,,,,,,,w,move_up,,0,0
7043,234767,,,,,,,,,,,,,,,,,,,,,,w,move_up,,0,0
7044,234800,,,,,,,,,,,,,,,,,,,,,,w,move_up,,0,0
7045,234833,,,,,,,,,,,,,,,,,,,,,,w,move_up,,0,0
7046,234867,,,,,,,,,,,,,,,,,,,,,,d|w,move_up|move_right,,0,0
7047,234900,,,,,,,,,,,,,,,,,,,,,,d|w,move_up|move_right,,0,0
7048,234933,,,,,,,,,,,,,,,,,,,,,,d|w,move_up|move_right,,0,0
7049,234967,,,,,,,,,,,,,,,,,,,,,,d|w,move_up|move_right,,0,0
7050,235000,,,,,,,,,,,,,,,,,,,,,,d|w,move_up|move_right,,0,0
7051,235033,,,,,,,,,,,,,,,,,,,,,,d|w,move_up|move_right,,0,0
7052,235067,,,,,,,,,,,,,,,,,,,,,,d|w,move_up|move_right,,0,0
7053,235100,,,,,,,,,,,,,,,,,,,,,,d|w,move_up|move_right,,0,0
7054,235133,,,,,,,,,,,,,,,,,,,,,,d|w,move_up|move_right,,0,0
7055,235167,,,,,,,,,,,,,,,,,,,,,,d|w,move_up|move_right,,0,0
7056,235200,,,,,,,,,,,,,,,,,,,,,,d|w,move_up|move_right,,0,0
7057,235233,,,,,,,,,,,,,,,,,,,,,,d|w,move_up|move_right,,0,0
7058,235267,,,,,,,,,,,,,,,,,,,,,,d|w,move_up|move_right,,0,0
7059,235300,,,,,,,,,,,,,,,,,,,,,,d|w,move_up|move_right,,0,0
7060,235333,,,,,,,,,,,,,,,,,,,,,,d|w,move_up|move_right,,0,0
7061,235367,,,,,,,,,,,,,,,,,,,,,,d|w,move_up|move_right,,0,0
7062,235400,,,,,,,,,,,,,,,,,,,,,,d|w,move_up|move_right,,0,0
7063,235433,,,,,,,,,,,,,,,,,,,,,,d|w,move_up|move_right,,0,0
7064,235467,,,,,,,,,,,,,,,,,,,,,,d|w,move_up|move_right,,0,0
7065,235500,,,,,,,,,,,,,,,,,,,,,,d|w,move_up|move_right,,0,0
7066,235533,,,,,,,,,,,,,,,,,,,,,,d|w,move_up|move_right,,0,0
7067,235567,,,,,,,,,,,,,,,,,,,,,,d|w,move_up|move_right,,0,0
7068,235600,,,,,,,,,,,,,,,,,,,,,,d|w,move_up|move_right,,0,0
7069,235633,,,,,,,,,,,,,,,,,,,,,,d|w,move_up|move_right,,0,0
7070,235667,,,,,,,,,,,,,,,,,,,,,,d|w,move_up|move_right,,0,0
7071,235700,,,,,,,,,,,,,,,,,,,,,,d|w,move_up|move_right,,0,0
7072,235733,,,,,,,,,,,,,,,,,,,,,,d|w,move_up|move_right,,0,0
7073,235767,,,,,,,,,,,,,,,,,,,,,,d|w,move_up|move_right,,0,0
7074,235800,,,,,,,,,,,,,,,,,,,,,,d|w,move_up|move_right,,0,0
7075,235833,,,,,,,,,,,,,,,,,,,,,,d|w,move_up|move_right,,0,0
7076,235867,,,,,,,,,,,,,,,,,,,,,,d|w,move_up|move_right,,0,0
7077,235900,,,,,,,,,,,,,,,,,,,,,,d|w,move_up|move_right,,0,0
7078,235933,,,,,,,,,,,,,,,,,,,,,,d|w,move_up|move_right,,0,0
7079,235967,,,,,,,,,,,,,,,,,,,,,,d|w,move_up|move_right,,0,0
7080,236000,,,,,,,,,,,,,,,,,,,,,,d|w,move_up|move_right,,0,0
7081,236033,,,,,,,,,,,,,,,,,,,,,,d|w,move_up|move_right,,0,0
7082,236067,,,,,,,,,,,,,,,,,,,,,,d|w,move_up|move_right,,0,0
7083,236100,,,,,,,,,,,,,,,,,,,,,,d|w,move_up|move_right,,0,0
7084,236133,,,,,,,,,,,,,,,,,,,,,,w,move_up,,0,0
7085,236167,,,,,,,,,,,,,,,,,,,,,,w,move_up,,0,0
7086,236200,,,,,,,,,,,,,,,,,,,,,,w,move_up,,0,0
7087,236233,,,,,,,,,,,,,,,,,,,,,,w,move_up,,0,0
7088,236267,,,,,,,,,,,,,,,,,,,,,,w,move_up,,0,0
7089,236300,,,,,,,,,,,,,,,,,,,,,,w,move_up,,0,0
7090,236333,,,,,,,,,,,,,,,,,,,,,,w,move_up,,0,0
7091,236367,,,,,,,,,,,,,,,,,,,,,,w,move_up,,0,0
7092,236400,,,,,,,,,,,,,,,,,,,,,,w,move_up,,0,0
7093,236433,,,,,,,,,,,,,,,,,,,,,,w,move_up,,0,0
7094,236467,,,,,,,,,,,,,,,,,,,,,,w,move_up,,0,0
7095,236500,,,,,,,,,,,,,,,,,,,,,,w,move_up,,0,0
7096,236533,,,,,,,,,,,,,,,,,,,,,,w,move_up,,0,0
7097,236567,,,,,,,,,,,,,,,,,,,,,,w,move_up,,0,0
7098,236600,,,,,,,,,,,,,,,,,,,,,,w,move_up,,0,0
7099,236633,,,,,,,,,,,,,,,,,,,,,,w,move_up,,0,0
7100,236667,,,,,,,,,,,,,,,,,,,,,,w,move_up,,0,0
7101,236700,,,,,,,,,,,,,,,,,,,,,,e|w,interact|move_up,,0,0
7102,236733,,,,,,,,,,,,,,,,,,,,,,e|w,interact|move_up,,0,0
7103,236767,,,,,,,,,,,,,,,,,,,,,,e|w,interact|move_up,,0,0
7104,236800,,,,,,,,,,,,,,,,,,,,,,e|w,interact|move_up,,0,0
7105,236833,,,,,,,,,,,,,,,,,,,,,,w,move_up,,0,0
7106,236867,,,,,,,,,,,,,,,,,,,,,,w,move_up,,0,0
7107,236900,,,,,,,,,,,,,,,,,,,,,,w,move_up,,0,0
7108,236933,,,,,,,,,,,,,,,,,,,,,,w,move_up,,0,0
7109,236967,,,,,,,,,,,,,,,,,,,,,,w,move_up,,0,0
7110,237000,,,,,,,,,,,,,,,,,,,,,,d|w,move_up|move_right,,0,0
7111,237033,,,,,,,,,,,,,,,,,,,,,,d|w,move_up|move_right,,0,0
7112,237067,,,,,,,,,,,,,,,,,,,,,,d|w,move_up|move_right,,0,0
7113,237100,,,,,,,,,,,,,,,,,,,,,,d|w,move_up|move_right,,0,0
7114,237133,,,,,,,,,,,,,,,,,,,,,,d|w,move_up|move_right,,0,0
7115,237167,,,,,,,,,,,,,,,,,,,,,,d|w,move_up|move_right,,0,0
7116,237200,,,,,,,,,,,,,,,,,,,,,,d|w,move_up|move_right,,0,0
7117,237233,,,,,,,,,,,,,,,,,,,,,,d|w,move_up|move_right,,0,0
7118,237267,,,,,,,,,,,,,,,,,,,,,,d|w,move_up|move_right,,0,0
7119,237300,,,,,,,,,,,,,,,,,,,,,,d|w,move_up|move_right,,0,0
7120,237333,,,,,,,,,,,,,,,,,,,,,,w,move_up,,0,0
7121,237367,,,,,,,,,,,,,,,,,,,,,,w,move_up,,0,0
7122,237400,,,,,,,,,,,,,,,,,,,,,,w,move_up,,0,0
7123,237433,,,,,,,,,,,,,,,,,,,,,,w,move_up,,0,0
7124,237467,,,,,,,,,,,,,,,,,,,,,,w,move_up,,0,0
7125,237500,,,,,,,,,,,,,,,,,,,,,,w,move_up,,0,0
7126,237533,,,,,,,,,,,,,,,,,,,,,,w,move_up,,0,0
7127,237567,,,,,,,,,,,,,,,,,,,,,,w,move_up,,0,0
7128,237600,,,,,,,,,,,,,,,,,,,,,,w,move_up,,0,0
7129,237633,,,,,,,,,,,,,,,,,,,,,,w,move_up,,0,0
7130,237667,,,,,,,,,,,,,,,,,,,,,,w,move_up,,0,0
7131,237700,,,,,,,,,,,,,,,,,,,,,,a|w,move_up|move_left,,0,0
7132,237733,,,,,,,,,,,,,,,,,,,,,,a|w,move_up|move_left,,0,0
7133,237767,,,,,,,,,,,,,,,,,,,,,,a|w,move_up|move_left,,0,0
7134,237800,,,,,,,,,,,,,,,,,,,,,,a|w,move_up|move_left,,0,0
7135,237833,,,,,,,,,,,,,,,,,,,,,,a|w,move_up|move_left,,0,0
7136,237867,,,,,,,,,,,,,,,,,,,,,,a|w,move_up|move_left,,0,0
7137,237900,,,,,,,,,,,,,,,,,,,,,,a|w,move_up|move_left,,0,0
7138,237933,,,,,,,,,,,,,,,,,,,,,,a|w,move_up|move_left,,0,0
7139,237967,,,,,,,,,,,,,,,,,,,,,,a|w,move_up|move_left,,0,0
7140,238000,,,,,,,,,,,,,,,,,,,,,,a|w,move_up|move_left,,0,0
7141,238033,,,,,,,,,,,,,,,,,,,,,,a|w,move_up|move_left,,0,0
7142,238067,,,,,,,,,,,,,,,,,,,,,,a|w,move_up|move_left,,0,0
7143,238100,,,,,,,,,,,,,,,,,,,,,,a|w,move_up|move_left,,0,0
7144,238133,,,,,,,,,,,,,,,,,,,,,,a|w,move_up|move_left,,0,0
7145,238167,,,,,,,,,,,,,,,,,,,,,,a|w,move_up|move_left,,0,0
7146,238200,,,,,,,,,,,,,,,,,,,,,,a|w,move_up|move_left,,0,0
7147,238233,,,,,,,,,,,,,,,,,,,,,,a|w,move_up|move_left,,0,0
7148,238267,,,,,,,,,,,,,,,,,,,,,,a|w,move_up|move_left,,0,0
7149,238300,,,,,,,,,,,,,,,,,,,,,,a|w,move_up|move_left,,0,0
7150,238333,,,,,,,,,,,,,,,,,,,,,,a|w,move_up|move_left,,0,0
7151,238367,,,,,,,,,,,,,,,,,,,,,,w,move_up,,0,0
7152,238400,,,,,,,,,,,,,,,,,,,,,,w,move_up,,0,0
7153,238433,,,,,,,,,,,,,,,,,,,,,,w,move_up,,0,0
7154,238467,,,,,,,,,,,,,,,,,,,,,,w,move_up,,0,0
7155,238500,,,,,,,,,,,,,,,,,,,,,,w,move_up,,0,0
7156,238533,,,,,,,,,,,,,,,,,,,,,,w,move_up,,0,0
7157,238567,,,,,,,,,,,,,,,,,,,,,,w,move_up,,0,0
7158,238600,,,,,,,,,,,,,,,,,,,,,,w,move_up,,0,0
7159,238633,,,,,,,,,,,,,,,,,,,,,,w,move_up,,0,0
7160,238667,,,,,,,,,,,,,,,,,,,,,,w,move_up,,0,0
7161,238700,,,,,,,,,,,,,,,,,,,,,,w,move_up,,0,0
7162,238733,,,,,,,,,,,,,,,,,,,,,,d|w,move_up|move_right,,0,0
7163,238767,,,,,,,,,,,,,,,,,,,,,,d|w,move_up|move_right,,0,0
7164,238800,,,,,,,,,,,,,,,,,,,,,,d|w,move_up|move_right,,0,0
7165,238833,,,,,,,,,,,,,,,,,,,,,,d|w,move_up|move_right,,0,0
7166,238867,,,,,,,,,,,,,,,,,,,,,,d|w,move_up|move_right,,0,0
7167,238900,,,,,,,,,,,,,,,,,,,,,,w,move_up,,0,0
7168,238933,,,,,,,,,,,,,,,,,,,,,,w,move_up,,0,0
7169,238967,,,,,,,,,,,,,,,,,,,,,,w,move_up,,0,0
7170,239000,,,,,,,,,,,,,,,,,,,,,,w,move_up,,0,0
7171,239033,,,,,,,,,,,,,,,,,,,,,,w,move_up,,0,0
7172,239067,,,,,,,,,,,,,,,,,,,,,,w,move_up,,0,0
7173,239100,,,,,,,,,,,,,,,,,,,,,,w,move_up,,0,0
7174,239133,,,,,,,,,,,,,,,,,,,,,,w,move_up,,0,0
7175,239167,,,,,,,,,,,,,,,,,,,,,,w,move_up,,0,0
7176,239200,,,,,,,,,,,,,,,,,,,,,,w,move_up,,0,0
7177,239233,,,,,,,,,,,,,,,,,,,,,,w,move_up,,0,0
7178,239267,,,,,,,,,,,,,,,,,,,,,,w,move_up,,0,0
7179,239300,,,,,,,,,,,,,,,,,,,,,,a|w,move_up|move_left,,0,0
7180,239333,,,,,,,,,,,,,,,,,,,,,,a|w,move_up|move_left,,0,0
7181,239367,,,,,,,,,,,,,,,,,,,,,,a|w,move_up|move_left,,0,0
7182,239400,,,,,,,,,,,,,,,,,,,,,,a|w,move_up|move_left,,0,0
7183,239433,,,,,,,,,,,,,,,,,,,,,,a|w,move_up|move_left,,0,0
7184,239467,,,,,,,,,,,,,,,,,,,,,,a|w,move_up|move_left,,0,0
7185,239500,,,,,,,,,,,,,,,,,,,,,,a|w,move_up|move_left,,0,0
7186,239533,,,,,,,,,,,,,,,,,,,,,,a|w,move_up|move_left,,0,0
7187,239567,,,,,,,,,,,,,,,,,,,,,,a|w,move_up|move_left,,0,0
7188,239600,,,,,,,,,,,,,,,,,,,,,,a|w,move_up|move_left,,0,0
7189,239633,,,,,,,,,,,,,,,,,,,,,,a|w,move_up|move_left,,0,0
7190,239667,,,,,,,,,,,,,,,,,,,,,,a|w,move_up|move_left,,0,0
7191,239700,,,,,,,,,,,,,,,,,,,,,,w,move_up,,0,0
7192,239733,,,,,,,,,,,,,,,,,,,,,,w,move_up,,0,0
7193,239767,,,,,,,,,,,,,,,,,,,,,,w,move_up,,0,0
7194,239800,,,,,,,,,,,,,,,,,,,,,,w,move_up,,0,0
7195,239833,,,,,,,,,,,,,,,,,,,,,,w,move_up,,0,0
7196,239867,,,,,,,,,,,,,,,,,,,,,,w,move_up,,0,0
7197,239900,,,,,,,,,,,,,,,,,,,,,,w,move_up,,0,0
7198,239933,,,,,,,,,,,,,,,,,,,,,,w,move_up,,0,0
7199,239967,,,,,,,,,,,,,,,,,,,,,,w,move_up,,0,0
7200,240000,,,,,,,,,,,,,,,,,,,,,,w,move_up,,0,0
7201,240033,,,,,,,,,,,,,,,,,,,,,,d|w,move_up|move_right,,0,0
7202,240067,,,,,,,,,,,,,,,,,,,,,,d|w,move_up|move_right,,0,0
7203,240100,,,,,,,,,,,,,,,,,,,,,,d|w,move_up|move_right,,0,0
7204,240133,,,,,,,,,,,,,,,,,,,,,,d|w,move_up|move_right,,0,0
7205,240167,,,,,,,,,,,,,,,,,,,,,,d|w,move_up|move_right,,0,0
7206,240200,,,,,,,,,,,,,,,,,,,,,,d|w,move_up|move_right,,0,0
7207,240233,,,,,,,,,,,,,,,,,,,,,,w,move_up,,0,0
7208,240267,,,,,,,,,,,,,,,,,,,,,,w,move_up,,0,0
7209,240300,,,,,,,,,,,,,,,,,,,,,,w,move_up,,0,0
7210,240333,,,,,,,,,,,,,,,,,,,,,,w,move_up,,0,0
7211,240367,,,,,,,,,,,,,,,,,,,,,,w,move_up,,0,0
7212,240400,,,,,,,,,,,,,,,,,,,,,,w,move_up,,0,0
7213,240433,,,,,,,,,,,,,,,,,,,,,,w,move_up,,0,0
7214,240467,,,,,,,,,,,,,,,,,,,,,,w,move_up,,0,0
7215,240500,,,,,,,,,,,,,,,,,,,,,,w,move_up,,0,0
7216,240533,,,,,,,,,,,,,,,,,,,,,,w,move_up,,0,0
7217,240567,,,,,,,,,,,,,,,,,,,,,,w,move_up,,0,0
7218,240600,,,,,,,,,,,,,,,,,,,,,,w,move_up,,0,0
7219,240633,,,,,,,,,,,,,,,,,,,,,,w,move_up,,0,0
7220,240667,,,,,,,,,,,,,,,,,,,,,,w,move_up,,0,0
7221,240700,,,,,,,,,,,,,,,,,,,,,,w,move_up,,0,0
7222,240733,,,,,,,,,,,,,,,,,,,,,,w,move_up,,0,0
7223,240767,,,,,,,,,,,,,,,,,,,,,,w,move_up,,0,0
7224,240800,,,,,,,,,,,,,,,,,,,,,,w,move_up,,0,0
7225,240833,,,,,,,,,,,,,,,,,,,,,,w,move_up,,0,0
7226,240867,,,,,,,,,,,,,,,,,,,,,,w,move_up,,0,0
7227,240900,,,,,,,,,,,,,,,,,,,,,,w,move_up,,0,0
7228,240933,,,,,,,,,,,,,,,,,,,,,,w,move_up,,0,0
7229,240967,,,,,,,,,,,,,,,,,,,,,,w,move_up,,0,0
7230,241000,,,,,,,,,,,,,,,,,,,,,,a|w,move_up|move_left,,0,0
7231,241033,,,,,,,,,,,,,,,,,,,,,,a|w,move_up|move_left,,0,0
7232,241067,,,,,,,,,,,,,,,,,,,,,,a|w,move_up|move_left,,0,0
7233,241100,,,,,,,,,,,,,,,,,,,,,,a|w,move_up|move_left,,0,0
7234,241133,,,,,,,,,,,,,,,,,,,,,,a|w,move_up|move_left,,0,0
7235,241167,,,,,,,,,,,,,,,,,,,,,,a|w,move_up|move_left,,0,0
7236,241200,,,,,,,,,,,,,,,,,,,,,,a|w,move_up|move_left,,0,0
7237,241233,,,,,,,,,,,,,,,,,,,,,,a|w,move_up|move_left,,0,0
7238,241267,,,,,,,,,,,,,,,,,,,,,,a|w,move_up|move_left,,0,0
7239,241300,,,,,,,,,,,,,,,,,,,,,,a|w,move_up|move_left,,0,0
7240,241333,,,,,,,,,,,,,,,,,,,,,,a|w,move_up|move_left,,0,0
7241,241367,,,,,,,,,,,,,,,,,,,,,,a|w,move_up|move_left,,0,0
7242,241400,,,,,,,,,,,,,,,,,,,,,,w,move_up,,0,0
7243,241433,,,,,,,,,,,,,,,,,,,,,,w,move_up,,0,0
7244,241467,,,,,,,,,,,,,,,,,,,,,,w,move_up,,0,0
7245,241500,,,,,,,,,,,,,,,,,,,,,,a|w,move_up|move_left,,0,0
7246,241533,,,,,,,,,,,,,,,,,,,,,,a|w,move_up|move_left,,0,0
7247,241567,,,,,,,,,,,,,,,,,,,,,,a|w,move_up|move_left,,0,0
7248,241600,,,,,,,,,,,,,,,,,,,,,,a|w,move_up|move_left,,0,0
7249,241633,,,,,,,,,,,,,,,,,,,,,,a|w,move_up|move_left,,0,0
7250,241667,,,,,,,,,,,,,,,,,,,,,,a|w,move_up|move_left,,0,0
7251,241700,,,,,,,,,,,,,,,,,,,,,,a|w,move_up|move_left,,0,0
7252,241733,,,,,,,,,,,,,,,,,,,,,,a|w,move_up|move_left,,0,0
7253,241767,,,,,,,,,,,,,,,,,,,,,,a|w,move_up|move_left,,0,0
7254,241800,,,,,,,,,,,,,,,,,,,,,,a|w,move_up|move_left,,0,0
7255,241833,,,,,,,,,,,,,,,,,,,,,,a|w,move_up|move_left,,0,0
7256,241867,,,,,,,,,,,,,,,,,,,,,,w,move_up,,0,0
7257,241900,,,,,,,,,,,,,,,,,,,,,,w,move_up,,0,0
7258,241933,,,,,,,,,,,,,,,,,,,,,,w,move_up,,0,0
7259,241967,,,,,,,,,,,,,,,,,,,,,,w,move_up,,0,0
7260,242000,,,,,,,,,,,,,,,,,,,,,,w,move_up,,0,0
7261,242033,,,,,,,,,,,,,,,,,,,,,,a|w,move_up|move_left,,0,0
7262,242067,,,,,,,,,,,,,,,,,,,,,,a|w,move_up|move_left,,0,0
7263,242100,,,,,,,,,,,,,,,,,,,,,,a|w,move_up|move_left,,0,0
7264,242133,,,,,,,,,,,,,,,,,,,,,,a|w,move_up|move_left,,0,0
7265,242167,,,,,,,,,,,,,,,,,,,,,,a|w,move_up|move_left,,0,0
7266,242200,,,,,,,,,,,,,,,,,,,,,,w,move_up,,0,0
7267,242233,,,,,,,,,,,,,,,,,,,,,,w,move_up,,0,0
7268,242267,,,,,,,,,,,,,,,,,,,,,,w,move_up,,0,0
7269,242300,,,,,,,,,,,,,,,,,,,,,,w,move_up,,0,0
7270,242333,,,,,,,,,,,,,,,,,,,,,,w,move_up,,0,0
7271,242367,,,,,,,,,,,,,,,,,,,,,,w,move_up,,0,0
7272,242400,,,,,,,,,,,,,,,,,,,,,,w,move_up,,0,0
7273,242433,,,,,,,,,,,,,,,,,,,,,,w,move_up,,0,0
7274,242467,,,,,,,,,,,,,,,,,,,,,,w,move_up,,0,0
7275,242500,,,,,,,,,,,,,,,,,,,,,,w,move_up,,0,0
7276,242533,,,,,,,,,,,,,,,,,,,,,,w,move_up,,0,0
7277,242567,,,,,,,,,,,,,,,,,,,,,,w,move_up,,0,0
7278,242600,,,,,,,,,,,,,,,,,,,,,,d|w,move_up|move_right,,0,0
7279,242633,,,,,,,,,,,,,,,,,,,,,,d|w,move_up|move_right,,0,0
7280,242667,,,,,,,,,,,,,,,,,,,,,,d|w,move_up|move_right,,0,0
7281,242700,,,,,,,,,,,,,,,,,,,,,,d|w,move_up|move_right,,0,0
7282,242733,,,,,,,,,,,,,,,,,,,,,,d|w,move_up|move_right,,0,0
7283,242767,,,,,,,,,,,,,,,,,,,,,,d|w,move_up|move_right,,0,0
7284,242800,,,,,,,,,,,,,,,,,,,,,,d|w,move_up|move_right,,0,0
7285,242833,,,,,,,,,,,,,,,,,,,,,,d|w,move_up|move_right,,0,0
7286,242867,,,,,,,,,,,,,,,,,,,,,,d|w,move_up|move_right,,0,0
7287,242900,,,,,,,,,,,,,,,,,,,,,,d|w,move_up|move_right,,0,0
7288,242933,,,,,,,,,,,,,,,,,,,,,,d|w,move_up|move_right,,0,0
7289,242967,,,,,,,,,,,,,,,,,,,,,,d|w,move_up|move_right,,0,0
7290,243000,,,,,,,,,,,,,,,,,,,,,,d|w,move_up|move_right,,0,0
7291,243033,,,,,,,,,,,,,,,,,,,,,,d|w,move_up|move_right,,0,0
7292,243067,,,,,,,,,,,,,,,,,,,,,,d|w,move_up|move_right,,0,0
7293,243100,,,,,,,,,,,,,,,,,,,,,,d|w,move_up|move_right,,0,0
7294,243133,,,,,,,,,,,,,,,,,,,,,,w,move_up,,0,0
7295,243167,,,,,,,,,,,,,,,,,,,,,,w,move_up,,0,0
7296,243200,,,,,,,,,,,,,,,,,,,,,,w,move_up,,0,0
7297,243233,,,,,,,,,,,,,,,,,,,,,,w,move_up,,0,0
7298,243267,,,,,,,,,,,,,,,,,,,,,,w,move_up,,0,0
7299,243300,,,,,,,,,,,,,,,,,,,,,,,,,0,0
7300,243333,,,,,,,,,,,,,,,,,,,,,,,,,0,0
7301,243367,,,,,,,,,,,,,,,,,,,,,,,,,0,0
7302,243400,,,,,,,,,,,,,,,,,,,,,,,,,0,0
7303,243433,,,,,,,,,,,,,,,,,,,,,,,,,0,0
7304,243467,,,,,,,,,,,,,,,,,,,,,,w,move_up,,0,0
7305,243500,,,,,,,,,,,,,,,,,,,,,,w,move_up,,0,0
7306,243533,,,,,,,,,,,,,,,,,,,,,,w,move_up,,0,0
7307,243567,,,,,,,,,,,,,,,,,,,,,,d|w,move_up|move_right,,0,0
7308,243600,,,,,,,,,,,,,,,,,,,,,,d|w,move_up|move_right,,0,0
7309,243633,,,,,,,,,,,,,,,,,,,,,,d|w,move_up|move_right,,0,0
7310,243667,,,,,,,,,,,,,,,,,,,,,,d|w,move_up|move_right,,0,0
7311,243700,,,,,,,,,,,,,,,,,,,,,,d|w,move_up|move_right,,0,0
7312,243733,,,,,,,,,,,,,,,,,,,,,,d|w,move_up|move_right,,0,0
7313,243767,,,,,,,,,,,,,,,,,,,,,,d|w,move_up|move_right,,0,0
7314,243800,,,,,,,,,,,,,,,,,,,,,,d|w,move_up|move_right,,0,0
7315,243833,,,,,,,,,,,,,,,,,,,,,,w,move_up,,0,0
7316,243867,,,,,,,,,,,,,,,,,,,,,,w,move_up,,0,0
7317,243900,,,,,,,,,,,,,,,,,,,,,,w,move_up,,0,0
7318,243933,,,,,,,,,,,,,,,,,,,,,,w,move_up,,0,0
7319,243967,,,,,,,,,,,,,,,,,,,,,,w,move_up,,0,0
7320,244000,,,,,,,,,,,,,,,,,,,,,,w,move_up,,0,0
7321,244033,,,,,,,,,,,,,,,,,,,,,,w,move_up,,0,0
7322,244067,,,,,,,,,,,,,,,,,,,,,,,,,0,0
7323,244100,,,,,,,,,,,,,,,,,,,,,,,,,0,0
7324,244133,,,,,,,,,,,,,,,,,,,,,,,,,0,0
7325,244167,,,,,,,,,,,,,,,,,,,,,,,,,0,0
7326,244200,,,,,,,,,,,,,,,,,,,,,,,,,0,0
7327,244233,,,,,,,,,,,,,,,,,,,,,,,,,0,0
7328,244267,,,,,,,,,,,,,,,,,,,,,,d,move_right,,0,0
7329,244300,,,,,,,,,,,,,,,,,,,,,,d|w,move_up|move_right,,0,0
7330,244333,,,,,,,,,,,,,,,,,,,,,,d|w,move_up|move_right,,0,0
7331,244367,,,,,,,,,,,,,,,,,,,,,,d|w,move_up|move_right,,0,0
7332,244400,,,,,,,,,,,,,,,,,,,,,,d|w,move_up|move_right,,0,0
7333,244433,,,,,,,,,,,,,,,,,,,,,,d|w,move_up|move_right,,0,0
7334,244467,,,,,,,,,,,,,,,,,,,,,,d|w,move_up|move_right,,0,0
7335,244500,,,,,,,,,,,,,,,,,,,,,,d|w,move_up|move_right,,0,0
7336,244533,,,,,,,,,,,,,,,,,,,,,,d|w,move_up|move_right,,0,0
7337,244567,,,,,,,,,,,,,,,,,,,,,,d|w,move_up|move_right,,0,0
7338,244600,,,,,,,,,,,,,,,,,,,,,,d|w,move_up|move_right,,0,0
7339,244633,,,,,,,,,,,,,,,,,,,,,,w,move_up,,0,0
7340,244667,,,,,,,,,,,,,,,,,,,,,,w,move_up,,0,0
7341,244700,,,,,,,,,,,,,,,,,,,,,,w,move_up,,0,0
7342,244733,,,,,,,,,,,,,,,,,,,,,,d|w,move_up|move_right,,0,0
7343,244767,,,,,,,,,,,,,,,,,,,,,,d|w,move_up|move_right,,0,0
7344,244800,,,,,,,,,,,,,,,,,,,,,,d|w,move_up|move_right,,0,0
7345,244833,,,,,,,,,,,,,,,,,,,,,,w,move_up,,0,0
7346,244867,,,,,,,,,,,,,,,,,,,,,,w,move_up,,0,0
7347,244900,,,,,,,,,,,,,,,,,,,,,,w,move_up,,0,0
7348,244933,,,,,,,,,,,,,,,,,,,,,,w,move_up,,0,0
7349,244967,,,,,,,,,,,,,,,,,,,,,,w,move_up,,0,0
7350,245000,,,,,,,,,,,,,,,,,,,,,,w,move_up,,0,0
7351,245033,,,,,,,,,,,,,,,,,,,,,,w,move_up,,0,0
7352,245067,,,,,,,,,,,,,,,,,,,,,,w,move_up,,0,0
7353,245100,,,,,,,,,,,,,,,,,,,,,,a|w,move_up|move_left,,0,0
7354,245133,,,,,,,,,,,,,,,,,,,,,,a|w,move_up|move_left,,0,0
7355,245167,,,,,,,,,,,,,,,,,,,,,,a|w,move_up|move_left,,0,0
7356,245200,,,,,,,,,,,,,,,,,,,,,,a|w,move_up|move_left,,0,0
7357,245233,,,,,,,,,,,,,,,,,,,,,,a|w,move_up|move_left,,0,0
7358,245267,,,,,,,,,,,,,,,,,,,,,,a|w,move_up|move_left,,0,0
7359,245300,,,,,,,,,,,,,,,,,,,,,,a|w,move_up|move_left,,0,0
7360,245333,,,,,,,,,,,,,,,,,,,,,,a|w,move_up|move_left,,0,0
7361,245367,,,,,,,,,,,,,,,,,,,,,,a|w,move_up|move_left,,0,0
7362,245400,,,,,,,,,,,,,,,,,,,,,,a|w,move_up|move_left,,0,0
7363,245433,,,,,,,,,,,,,,,,,,,,,,a|w,move_up|move_left,,0,0
7364,245467,,,,,,,,,,,,,,,,,,,,,,a|w,move_up|move_left,,0,0
7365,245500,,,,,,,,,,,,,,,,,,,,,,w,move_up,,0,0
7366,245533,,,,,,,,,,,,,,,,,,,,,,w,move_up,,0,0
7367,245567,,,,,,,,,,,,,,,,,,,,,,w,move_up,,0,0
7368,245600,,,,,,,,,,,,,,,,,,,,,,w,move_up,,0,0
7369,245633,,,,,,,,,,,,,,,,,,,,,,w,move_up,,0,0
7370,245667,,,,,,,,,,,,,,,,,,,,,,w,move_up,,0,0
7371,245700,,,,,,,,,,,,,,,,,,,,,,w,move_up,,0,0
7372,245733,,,,,,,,,,,,,,,,,,,,,,d|w,move_up|move_right,,0,0
7373,245767,,,,,,,,,,,,,,,,,,,,,,d,move_right,,0,0
7374,245800,,,,,,,,,,,,,,,,,,,,,,d,move_right,,0,0
7375,245833,,,,,,,,,,,,,,,,,,,,,,,,,0,0
7376,245867,,,,,,,,,,,,,,,,,,,,,,,,,0,0
7377,245900,,,,,,,,,,,,,,,,,,,,,,,,,0,0
7378,245933,,,,,,,,,,,,,,,,,,,,,,,,,0,0
7379,245967,,,,,,,,,,,,,,,,,,,,,,,,,0,0
7380,246000,,,,,,,,,,,,,,,,,,,,,,,,,0,0
7381,246033,,,,,,,,,,,,,,,,,,,,,,,,,0,0
7382,246067,,,,,,,,,,,,,,,,,,,,,,,,,0,0
7383,246100,,,,,,,,,,,,,,,,,,,,,,,,,0,0
7384,246133,,,,,,,,,,,,,,,,,,,,,,a,move_left,,0,0
7385,246167,,,,,,,,,,,,,,,,,,,,,,a,move_left,,0,0
7386,246200,,,,,,,,,,,,,,,,,,,,,,a|w,move_up|move_left,,0,0
7387,246233,,,,,,,,,,,,,,,,,,,,,,a|w,move_up|move_left,,0,0
7388,246267,,,,,,,,,,,,,,,,,,,,,,a|w,move_up|move_left,,0,0
7389,246300,,,,,,,,,,,,,,,,,,,,,,w,move_up,,0,0
7390,246333,,,,,,,,,,,,,,,,,,,,,,w,move_up,,0,0
7391,246367,,,,,,,,,,,,,,,,,,,,,,w,move_up,,0,0
7392,246400,,,,,,,,,,,,,,,,,,,,,,w,move_up,,0,0
7393,246433,,,,,,,,,,,,,,,,,,,,,,w,move_up,,0,0
7394,246467,,,,,,,,,,,,,,,,,,,,,,w,move_up,,0,0
7395,246500,,,,,,,,,,,,,,,,,,,,,,w,move_up,,0,0
7396,246533,,,,,,,,,,,,,,,,,,,,,,w,move_up,,0,0
7397,246567,,,,,,,,,,,,,,,,,,,,,,w,move_up,,0,0
7398,246600,,,,,,,,,,,,,,,,,,,,,,w,move_up,,0,0
7399,246633,,,,,,,,,,,,,,,,,,,,,,w,move_up,,0,0
7400,246667,,,,,,,,,,,,,,,,,,,,,,w,move_up,,0,0
7401,246700,,,,,,,,,,,,,,,,,,,,,,w,move_up,,0,0
7402,246733,,,,,,,,,,,,,,,,,,,,,,w,move_up,,0,0
7403,246767,,,,,,,,,,,,,,,,,,,,,,a|w,move_up|move_left,,0,0
7404,246800,,,,,,,,,,,,,,,,,,,,,,a|w,move_up|move_left,,0,0
7405,246833,,,,,,,,,,,,,,,,,,,,,,a|w,move_up|move_left,,0,0
7406,246867,,,,,,,,,,,,,,,,,,,,,,a|w,move_up|move_left,,0,0
7407,246900,,,,,,,,,,,,,,,,,,,,,,a|w,move_up|move_left,,0,0
7408,246933,,,,,,,,,,,,,,,,,,,,,,w,move_up,,0,0
7409,246967,,,,,,,,,,,,,,,,,,,,,,w,move_up,,0,0
7410,247000,,,,,,,,,,,,,,,,,,,,,,w,move_up,,0,0
7411,247033,,,,,,,,,,,,,,,,,,,,,,w,move_up,,0,0
7412,247067,,,,,,,,,,,,,,,,,,,,,,w,move_up,,0,0
7413,247100,,,,,,,,,,,,,,,,,,,,,,w,move_up,,0,0
7414,247133,,,,,,,,,,,,,,,,,,,,,,w,move_up,,0,0
7415,247167,,,,,,,,,,,,,,,,,,,,,,w,move_up,,0,0
7416,247200,,,,,,,,,,,,,,,,,,,,,,w,move_up,,0,0
7417,247233,,,,,,,,,,,,,,,,,,,,,,w,move_up,,0,0
7418,247267,,,,,,,,,,,,,,,,,,,,,,w,move_up,,0,0
7419,247300,,,,,,,,,,,,,,,,,,,,,,w,move_up,,0,0
7420,247333,,,,,,,,,,,,,,,,,,,,,,w,move_up,,0,0
7421,247367,,,,,,,,,,,,,,,,,,,,,,w,move_up,,0,0
7422,247400,,,,,,,,,,,,,,,,,,,,,,w,move_up,,0,0
7423,247433,,,,,,,,,,,,,,,,,,,,,,w,move_up,,0,0
7424,247467,,,,,,,,,,,,,,,,,,,,,,w,move_up,,0,0
7425,247500,,,,,,,,,,,,,,,,,,,,,,w,move_up,,0,0
7426,247533,,,,,,,,,,,,,,,,,,,,,,w,move_up,,0,0
7427,247567,,,,,,,,,,,,,,,,,,,,,,w,move_up,,0,0
7428,247600,,,,,,,,,,,,,,,,,,,,,,w,move_up,,0,0
7429,247633,,,,,,,,,,,,,,,,,,,,,,w,move_up,,0,0
7430,247667,,,,,,,,,,,,,,,,,,,,,,a|w,move_up|move_left,,0,0
7431,247700,,,,,,,,,,,,,,,,,,,,,,a|w,move_up|move_left,,0,0
7432,247733,,,,,,,,,,,,,,,,,,,,,,a|w,move_up|move_left,,0,0
7433,247767,,,,,,,,,,,,,,,,,,,,,,a|w,move_up|move_left,,0,0
7434,247800,,,,,,,,,,,,,,,,,,,,,,a|w,move_up|move_left,,0,0
7435,247833,,,,,,,,,,,,,,,,,,,,,,a|w,move_up|move_left,,0,0
7436,247867,,,,,,,,,,,,,,,,,,,,,,a|w,move_up|move_left,,0,0
7437,247900,,,,,,,,,,,,,,,,,,,,,,a|w,move_up|move_left,,0,0
7438,247933,,,,,,,,,,,,,,,,,,,,,,a,move_left,,0,0
7439,247967,,,,,,,,,,,,,,,,,,,,,,a,move_left,,0,0
7440,248000,,,,,,,,,,,,,,,,,,,,,,a,move_left,,0,0
7441,248033,,,,,,,,,,,,,,,,,,,,,,a,move_left,,0,0
7442,248067,,,,,,,,,,,,,,,,,,,,,,a,move_left,,0,0
7443,248100,,,,,,,,,,,,,,,,,,,,,,a,move_left,,0,0
7444,248133,,,,,,,,,,,,,,,,,,,,,,a,move_left,,0,0
7445,248167,,,,,,,,,,,,,,,,,,,,,,a,move_left,,0,0
7446,248200,,,,,,,,,,,,,,,,,,,,,,a,move_left,,0,0
7447,248233,,,,,,,,,,,,,,,,,,,,,,a,move_left,,0,0
7448,248267,,,,,,,,,,,,,,,,,,,,,,a,move_left,,0,0
7449,248300,,,,,,,,,,,,,,,,,,,,,,a|w,move_up|move_left,,0,0
7450,248333,,,,,,,,,,,,,,,,,,,,,,a|w,move_up|move_left,,0,0
7451,248367,,,,,,,,,,,,,,,,,,,,,,a|w,move_up|move_left,,0,0
7452,248400,,,,,,,,,,,,,,,,,,,,,,a|w,move_up|move_left,,0,0
7453,248433,,,,,,,,,,,,,,,,,,,,,,a|w,move_up|move_left,,0,0
7454,248467,,,,,,,,,,,,,,,,,,,,,,a|w,move_up|move_left,,0,0
7455,248500,,,,,,,,,,,,,,,,,,,,,,a|w,move_up|move_left,,0,0
7456,248533,,,,,,,,,,,,,,,,,,,,,,a|w,move_up|move_left,,0,0
7457,248567,,,,,,,,,,,,,,,,,,,,,,w,move_up,,0,0
7458,248600,,,,,,,,,,,,,,,,,,,,,,w,move_up,,0,0
7459,248633,,,,,,,,,,,,,,,,,,,,,,w,move_up,,0,0
7460,248667,,,,,,,,,,,,,,,,,,,,,,w,move_up,,0,0
7461,248700,,,,,,,,,,,,,,,,,,,,,,w,move_up,,0,0
7462,248733,,,,,,,,,,,,,,,,,,,,,,w,move_up,,0,0
7463,248767,,,,,,,,,,,,,,,,,,,,,,w,move_up,,0,0
7464,248800,,,,,,,,,,,,,,,,,,,,,,w,move_up,,0,0
7465,248833,,,,,,,,,,,,,,,,,,,,,,w,move_up,,0,0
7466,248867,,,,,,,,,,,,,,,,,,,,,,w,move_up,,0,0
7467,248900,,,,,,,,,,,,,,,,,,,,,,w,move_up,,0,0
7468,248933,,,,,,,,,,,,,,,,,,,,,,w,move_up,,0,0
7469,248967,,,,,,,,,,,,,,,,,,,,,,w,move_up,,0,0
7470,249000,,,,,,,,,,,,,,,,,,,,,,w,move_up,,0,0
7471,249033,,,,,,,,,,,,,,,,,,,,,,w,move_up,,0,0
7472,249067,,,,,,,,,,,,,,,,,,,,,,w,move_up,,0,0
7473,249100,,,,,,,,,,,,,,,,,,,,,,w,move_up,,0,0
7474,249133,,,,,,,,,,,,,,,,,,,,,,w,move_up,,0,0
7475,249167,,,,,,,,,,,,,,,,,,,,,,w,move_up,,0,0
7476,249200,,,,,,,,,,,,,,,,,,,,,,w,move_up,,0,0
7477,249233,,,,,,,,,,,,,,,,,,,,,,w,move_up,,0,0
7478,249267,,,,,,,,,,,,,,,,,,,,,,w,move_up,,0,0
7479,249300,,,,,,,,,,,,,,,,,,,,,,w,move_up,,0,0
7480,249333,,,,,,,,,,,,,,,,,,,,,,w,move_up,,0,0
7481,249367,,,,,,,,,,,,,,,,,,,,,,d|w,move_up|move_right,,0,0
7482,249400,,,,,,,,,,,,,,,,,,,,,,d|w,move_up|move_right,,0,0
7483,249433,,,,,,,,,,,,,,,,,,,,,,d|w,move_up|move_right,,0,0
7484,249467,,,,,,,,,,,,,,,,,,,,,,d|w,move_up|move_right,,0,0
7485,249500,,,,,,,,,,,,,,,,,,,,,,d|w,move_up|move_right,,0,0
7486,249533,,,,,,,,,,,,,,,,,,,,,,w,move_up,,0,0
7487,249567,,,,,,,,,,,,,,,,,,,,,,w,move_up,,0,0
7488,249600,,,,,,,,,,,,,,,,,,,,,,w,move_up,,0,0
7489,249633,,,,,,,,,,,,,,,,,,,,,,a|w,move_up|move_left,,0,0
7490,249667,,,,,,,,,,,,,,,,,,,,,,a|w,move_up|move_left,,0,0
7491,249700,,,,,,,,,,,,,,,,,,,,,,a|w,move_up|move_left,,0,0
7492,249733,,,,,,,,,,,,,,,,,,,,,,a|w,move_up|move_left,,0,0
7493,249767,,,,,,,,,,,,,,,,,,,,,,a|w,move_up|move_left,,0,0
7494,249800,,,,,,,,,,,,,,,,,,,,,,a|w,move_up|move_left,,0,0
7495,249833,,,,,,,,,,,,,,,,,,,,,,a|w,move_up|move_left,,0,0
7496,249867,,,,,,,,,,,,,,,,,,,,,,a,move_left,,0,0
7497,249900,,,,,,,,,,,,,,,,,,,,,,a,move_left,,0,0
7498,249933,,,,,,,,,,,,,,,,,,,,,,a,move_left,,0,0
7499,249967,,,,,,,,,,,,,,,,,,,,,,a,move_left,,0,0
7500,250000,,,,,,,,,,,,,,,,,,,,,,a,move_left,,0,0
7501,250033,,,,,,,,,,,,,,,,,,,,,,a,move_left,,0,0
7502,250067,,,,,,,,,,,,,,,,,,,,,,a,move_left,,0,0
7503,250100,,,,,,,,,,,,,,,,,,,,,,a,move_left,,0,0
7504,250133,,,,,,,,,,,,,,,,,,,,,,a,move_left,,0,0
7505,250167,,,,,,,,,,,,,,,,,,,,,,a,move_left,,0,0
7506,250200,,,,,,,,,,,,,,,,,,,,,,a,move_left,,0,0
7507,250233,,,,,,,,,,,,,,,,,,,,,,a,move_left,,0,0
7508,250267,,,,,,,,,,,,,,,,,,,,,,a|w,move_up|move_left,,0,0
7509,250300,,,,,,,,,,,,,,,,,,,,,,a|w,move_up|move_left,,0,0
7510,250333,,,,,,,,,,,,,,,,,,,,,,a|w,move_up|move_left,,0,0
7511,250367,,,,,,,,,,,,,,,,,,,,,,a|w,move_up|move_left,,0,0
7512,250400,,,,,,,,,,,,,,,,,,,,,,a|w,move_up|move_left,,0,0
7513,250433,,,,,,,,,,,,,,,,,,,,,,a|w,move_up|move_left,,0,0
7514,250467,,,,,,,,,,,,,,,,,,,,,,a|w,move_up|move_left,,0,0
7515,250500,,,,,,,,,,,,,,,,,,,,,,w,move_up,,0,0
7516,250533,,,,,,,,,,,,,,,,,,,,,,w,move_up,,0,0
7517,250567,,,,,,,,,,,,,,,,,,,,,,w,move_up,,0,0
7518,250600,,,,,,,,,,,,,,,,,,,,,,w,move_up,,0,0
7519,250633,,,,,,,,,,,,,,,,,,,,,,w,move_up,,0,0
7520,250667,,,,,,,,,,,,,,,,,,,,,,w,move_up,,0,0
7521,250700,,,,,,,,,,,,,,,,,,,,,,w,move_up,,0,0
7522,250733,,,,,,,,,,,,,,,,,,,,,,d|w,move_up|move_right,,0,0
7523,250767,,,,,,,,,,,,,,,,,,,,,,d,move_right,,0,0
7524,250800,,,,,,,,,,,,,,,,,,,,,,d,move_right,,0,0
7525,250833,,,,,,,,,,,,,,,,,,,,,,d,move_right,,0,0
7526,250867,,,,,,,,,,,,,,,,,,,,,,d,move_right,,0,0
7527,250900,,,,,,,,,,,,,,,,,,,,,,d,move_right,,0,0
7528,250933,,,,,,,,,,,,,,,,,,,,,,d,move_right,,0,0
7529,250967,,,,,,,,,,,,,,,,,,,,,,d,move_right,,0,0
7530,251000,,,,,,,,,,,,,,,,,,,,,,d,move_right,,0,0
7531,251033,,,,,,,,,,,,,,,,,,,,,,d|w,move_up|move_right,,0,0
7532,251067,,,,,,,,,,,,,,,,,,,,,,d|w,move_up|move_right,,0,0
7533,251100,,,,,,,,,,,,,,,,,,,,,,d|w,move_up|move_right,,0,0
7534,251133,,,,,,,,,,,,,,,,,,,,,,d|w,move_up|move_right,,0,0
7535,251167,,,,,,,,,,,,,,,,,,,,,,d|w,move_up|move_right,,0,0
7536,251200,,,,,,,,,,,,,,,,,,,,,,d|w,move_up|move_right,,0,0
7537,251233,,,,,,,,,,,,,,,,,,,,,,d|w,move_up|move_right,,0,0
7538,251267,,,,,,,,,,,,,,,,,,,,,,d|w,move_up|move_right,,0,0
7539,251300,,,,,,,,,,,,,,,,,,,,,,d|w,move_up|move_right,,0,0
7540,251333,,,,,,,,,,,,,,,,,,,,,,d,move_right,,0,0
7541,251367,,,,,,,,,,,,,,,,,,,,,,d,move_right,,0,0
7542,251400,,,,,,,,,,,,,,,,,,,,,,d,move_right,,0,0
7543,251433,,,,,,,,,,,,,,,,,,,,,,,,,0,0
7544,251467,,,,,,,,,,,,,,,,,,,,,,,,,0,0
7545,251500,,,,,,,,,,,,,,,,,,,,,,,,,0,0
7546,251533,,,,,,,,,,,,,,,,,,,,,,,,,0,0
7547,251567,,,,,,,,,,,,,,,,,,,,,,,,,0,0
7548,251600,,,,,,,,,,,,,,,,,,,,,,,,,0,0
7549,251633,,,,,,,,,,,,,,,,,,,,,,,,,0,0
7550,251667,,,,,,,,,,,,,,,,,,,,,,a,move_left,,0,0
7551,251700,,,,,,,,,,,,,,,,,,,,,,a,move_left,,0,0
7552,251733,,,,,,,,,,,,,,,,,,,,,,a,move_left,,0,0
7553,251767,,,,,,,,,,,,,,,,,,,,,,a,move_left,,0,0
7554,251800,,,,,,,,,,,,,,,,,,,,,,a,move_left,,0,0
7555,251833,,,,,,,,,,,,,,,,,,,,,,a,move_left,,0,0
7556,251867,,,,,,,,,,,,,,,,,,,,,,a,move_left,,0,0
7557,251900,,,,,,,,,,,,,,,,,,,,,,a,move_left,,0,0
7558,251933,,,,,,,,,,,,,,,,,,,,,,a,move_left,,0,0
7559,251967,,,,,,,,,,,,,,,,,,,,,,a,move_left,,0,0
7560,252000,,,,,,,,,,,,,,,,,,,,,,a,move_left,,0,0
7561,252033,,,,,,,,,,,,,,,,,,,,,,a,move_left,,0,0
7562,252067,,,,,,,,,,,,,,,,,,,,,,a|w,move_up|move_left,,0,0
7563,252100,,,,,,,,,,,,,,,,,,,,,,a|w,move_up|move_left,,0,0
7564,252133,,,,,,,,,,,,,,,,,,,,,,a|w,move_up|move_left,,0,0
7565,252167,,,,,,,,,,,,,,,,,,,,,,a|w,move_up|move_left,,0,0
7566,252200,,,,,,,,,,,,,,,,,,,,,,a|w,move_up|move_left,,0,0
7567,252233,,,,,,,,,,,,,,,,,,,,,,a|w,move_up|move_left,,0,0
7568,252267,,,,,,,,,,,,,,,,,,,,,,a|w,move_up|move_left,,0,0
7569,252300,,,,,,,,,,,,,,,,,,,,,,w,move_up,,0,0
7570,252333,,,,,,,,,,,,,,,,,,,,,,w,move_up,,0,0
7571,252367,,,,,,,,,,,,,,,,,,,,,,w,move_up,,0,0
7572,252400,,,,,,,,,,,,,,,,,,,,,,w,move_up,,0,0
7573,252433,,,,,,,,,,,,,,,,,,,,,,w,move_up,,0,0
7574,252467,,,,,,,,,,,,,,,,,,,,,,w,move_up,,0,0
7575,252500,,,,,,,,,,,,,,,,,,,,,,w,move_up,,0,0
7576,252533,,,,,,,,,,,,,,,,,,,,,,w,move_up,,0,0
7577,252567,,,,,,,,,,,,,,,,,,,,,,w,move_up,,0,0
7578,252600,,,,,,,,,,,,,,,,,,,,,,w,move_up,,0,0
7579,252633,,,,,,,,,,,,,,,,,,,,,,w,move_up,,0,0
7580,252667,,,,,,,,,,,,,,,,,,,,,,w,move_up,,0,0
7581,252700,,,,,,,,,,,,,,,,,,,,,,w,move_up,,0,0
7582,252733,,,,,,,,,,,,,,,,,,,,,,w,move_up,,0,0
7583,252767,,,,,,,,,,,,,,,,,,,,,,w,move_up,,0,0
7584,252800,,,,,,,,,,,,,,,,,,,,,,d|w,move_up|move_right,,0,0
7585,252833,,,,,,,,,,,,,,,,,,,,,,d|w,move_up|move_right,,0,0
7586,252867,,,,,,,,,,,,,,,,,,,,,,d|w,move_up|move_right,,0,0
7587,252900,,,,,,,,,,,,,,,,,,,,,,d|w,move_up|move_right,,0,0
7588,252933,,,,,,,,,,,,,,,,,,,,,,d|w,move_up|move_right,,0,0
7589,252967,,,,,,,,,,,,,,,,,,,,,,d|w,move_up|move_right,,0,0
7590,253000,,,,,,,,,,,,,,,,,,,,,,d|w,move_up|move_right,,0,0
7591,253033,,,,,,,,,,,,,,,,,,,,,,d|w,move_up|move_right,,0,0
7592,253067,,,,,,,,,,,,,,,,,,,,,,d|w,move_up|move_right,,0,0
7593,253100,,,,,,,,,,,,,,,,,,,,,,w,move_up,,0,0
7594,253133,,,,,,,,,,,,,,,,,,,,,,w,move_up,,0,0
7595,253167,,,,,,,,,,,,,,,,,,,,,,a|w,move_up|move_left,,0,0
7596,253200,,,,,,,,,,,,,,,,,,,,,,a|w,move_up|move_left,,0,0
7597,253233,,,,,,,,,,,,,,,,,,,,,,a|w,move_up|move_left,,0,0
7598,253267,,,,,,,,,,,,,,,,,,,,,,a|w,move_up|move_left,,0,0
7599,253300,,,,,,,,,,,,,,,,,,,,,,a|w,move_up|move_left,,0,0
7600,253333,,,,,,,,,,,,,,,,,,,,,,a|w,move_up|move_left,,0,0
7601,253367,,,,,,,,,,,,,,,,,,,,,,a|w,move_up|move_left,,0,0
7602,253400,,,,,,,,,,,,,,,,,,,,,,a|w,move_up|move_left,,0,0
7603,253433,,,,,,,,,,,,,,,,,,,,,,a|w,move_up|move_left,,0,0
7604,253467,,,,,,,,,,,,,,,,,,,,,,a|w,move_up|move_left,,0,0
7605,253500,,,,,,,,,,,,,,,,,,,,,,a|w,move_up|move_left,,0,0
7606,253533,,,,,,,,,,,,,,,,,,,,,,a|w,move_up|move_left,,0,0
7607,253567,,,,,,,,,,,,,,,,,,,,,,a|w,move_up|move_left,,0,0
7608,253600,,,,,,,,,,,,,,,,,,,,,,a|w,move_up|move_left,,0,0
7609,253633,,,,,,,,,,,,,,,,,,,,,,a|w,move_up|move_left,,0,0
7610,253667,,,,,,,,,,,,,,,,,,,,,,a|w,move_up|move_left,,0,0
7611,253700,,,,,,,,,,,,,,,,,,,,,,a|w,move_up|move_left,,0,0
7612,253733,,,,,,,,,,,,,,,,,,,,,,a|w,move_up|move_left,,0,0
7613,253767,,,,,,,,,,,,,,,,,,,,,,a|w,move_up|move_left,,0,0
7614,253800,,,,,,,,,,,,,,,,,,,,,,a|w,move_up|move_left,,0,0
7615,253833,,,,,,,,,,,,,,,,,,,,,,a|w,move_up|move_left,,0,0
7616,253867,,,,,,,,,,,,,,,,,,,,,,a|w,move_up|move_left,,0,0
7617,253900,,,,,,,,,,,,,,,,,,,,,,a|w,move_up|move_left,,0,0
7618,253933,,,,,,,,,,,,,,,,,,,,,,a|w,move_up|move_left,,0,0
7619,253967,,,,,,,,,,,,,,,,,,,,,,a|w,move_up|move_left,,0,0
7620,254000,,,,,,,,,,,,,,,,,,,,,,a|w,move_up|move_left,,0,0
7621,254033,,,,,,,,,,,,,,,,,,,,,,w,move_up,,0,0
7622,254067,,,,,,,,,,,,,,,,,,,,,,w,move_up,,0,0
7623,254100,,,,,,,,,,,,,,,,,,,,,,w,move_up,,0,0
7624,254133,,,,,,,,,,,,,,,,,,,,,,w,move_up,,0,0
7625,254167,,,,,,,,,,,,,,,,,,,,,,w,move_up,,0,0
7626,254200,,,,,,,,,,,,,,,,,,,,,,w,move_up,,0,0
7627,254233,,,,,,,,,,,,,,,,,,,,,,w,move_up,,0,0
7628,254267,,,,,,,,,,,,,,,,,,,,,,w,move_up,,0,0
7629,254300,,,,,,,,,,,,,,,,,,,,,,d|w,move_up|move_right,,0,0
7630,254333,,,,,,,,,,,,,,,,,,,,,,d|w,move_up|move_right,,0,0
7631,254367,,,,,,,,,,,,,,,,,,,,,,d|w,move_up|move_right,,0,0
7632,254400,,,,,,,,,,,,,,,,,,,,,,d|w,move_up|move_right,,0,0
7633,254433,,,,,,,,,,,,,,,,,,,,,,d|w,move_up|move_right,,0,0
7634,254467,,,,,,,,,,,,,,,,,,,,,,d|w,move_up|move_right,,0,0
7635,254500,,,,,,,,,,,,,,,,,,,,,,d|w,move_up|move_right,,0,0
7636,254533,,,,,,,,,,,,,,,,,,,,,,d|w,move_up|move_right,,0,0
7637,254567,,,,,,,,,,,,,,,,,,,,,,d|w,move_up|move_right,,0,0
7638,254600,,,,,,,,,,,,,,,,,,,,,,d|w,move_up|move_right,,0,0
7639,254633,,,,,,,,,,,,,,,,,,,,,,d|w,move_up|move_right,,0,0
7640,254667,,,,,,,,,,,,,,,,,,,,,,d|w,move_up|move_right,,0,0
7641,254700,,,,,,,,,,,,,,,,,,,,,,d|w,move_up|move_right,,0,0
7642,254733,,,,,,,,,,,,,,,,,,,,,,d|w,move_up|move_right,,0,0
7643,254767,,,,,,,,,,,,,,,,,,,,,,d|w,move_up|move_right,,0,0
7644,254800,,,,,,,,,,,,,,,,,,,,,,d|w,move_up|move_right,,0,0
7645,254833,,,,,,,,,,,,,,,,,,,,,,d|w,move_up|move_right,,0,0
7646,254867,,,,,,,,,,,,,,,,,,,,,,d|w,move_up|move_right,,0,0
7647,254900,,,,,,,,,,,,,,,,,,,,,,d|w,move_up|move_right,,0,0
7648,254933,,,,,,,,,,,,,,,,,,,,,,d|w,move_up|move_right,,0,0
7649,254967,,,,,,,,,,,,,,,,,,,,,,d|w,move_up|move_right,,0,0
7650,255000,,,,,,,,,,,,,,,,,,,,,,d|w,move_up|move_right,,0,0
7651,255033,,,,,,,,,,,,,,,,,,,,,,d|w,move_up|move_right,,0,0
7652,255067,,,,,,,,,,,,,,,,,,,,,,d|w,move_up|move_right,,0,0
7653,255100,,,,,,,,,,,,,,,,,,,,,,d|w,move_up|move_right,,0,0
7654,255133,,,,,,,,,,,,,,,,,,,,,,d|w,move_up|move_right,,0,0
7655,255167,,,,,,,,,,,,,,,,,,,,,,d|w,move_up|move_right,,0,0
7656,255200,,,,,,,,,,,,,,,,,,,,,,d|w,move_up|move_right,,0,0
7657,255233,,,,,,,,,,,,,,,,,,,,,,d|w,move_up|move_right,,0,0
7658,255267,,,,,,,,,,,,,,,,,,,,,,d|w,move_up|move_right,,0,0
7659,255300,,,,,,,,,,,,,,,,,,,,,,d|w,move_up|move_right,,0,0
7660,255333,,,,,,,,,,,,,,,,,,,,,,d|w,move_up|move_right,,0,0
7661,255367,,,,,,,,,,,,,,,,,,,,,,d|w,move_up|move_right,,0,0
7662,255400,,,,,,,,,,,,,,,,,,,,,,d,move_right,,0,0
7663,255433,,,,,,,,,,,,,,,,,,,,,,d,move_right,,0,0
7664,255467,,,,,,,,,,,,,,,,,,,,,,d,move_right,,0,0
7665,255500,,,,,,,,,,,,,,,,,,,,,,d,move_right,,0,0
7666,255533,,,,,,,,,,,,,,,,,,,,,,d,move_right,,0,0
7667,255567,,,,,,,,,,,,,,,,,,,,,,d,move_right,,0,0
7668,255600,,,,,,,,,,,,,,,,,,,,,,d,move_right,,0,0
7669,255633,,,,,,,,,,,,,,,,,,,,,,d,move_right,,0,0
7670,255667,,,,,,,,,,,,,,,,,,,,,,d,move_right,,0,0
7671,255700,,,,,,,,,,,,,,,,,,,,,,,,,0,0
7672,255733,,,,,,,,,,,,,,,,,,,,,,,,,0,0
7673,255767,,,,,,,,,,,,,,,,,,,,,,d,move_right,,0,0
7674,255800,,,,,,,,,,,,,,,,,,,,,,d|w,move_up|move_right,,0,0
7675,255833,,,,,,,,,,,,,,,,,,,,,,d|w,move_up|move_right,,0,0
7676,255867,,,,,,,,,,,,,,,,,,,,,,d|w,move_up|move_right,,0,0
7677,255900,,,,,,,,,,,,,,,,,,,,,,d|w,move_up|move_right,,0,0
7678,255933,,,,,,,,,,,,,,,,,,,,,,d|w,move_up|move_right,,0,0
7679,255967,,,,,,,,,,,,,,,,,,,,,,d|w,move_up|move_right,,0,0
7680,256000,,,,,,,,,,,,,,,,,,,,,,d|w,move_up|move_right,,0,0
7681,256033,,,,,,,,,,,,,,,,,,,,,,d|w,move_up|move_right,,0,0
7682,256067,,,,,,,,,,,,,,,,,,,,,,d|w,move_up|move_right,,0,0
7683,256100,,,,,,,,,,,,,,,,,,,,,,,,,0,0
7684,256133,,,,,,,,,,,,,,,,,,,,,,,,,0,0
7685,256167,,,,,,,,,,,,,,,,,,,,,,,,,0,0
7686,256200,,,,,,,,,,,,,,,,,,,,,,,,,0,0
7687,256233,,,,,,,,,,,,,,,,,,,,,,,,,0,0
7688,256267,,,,,,,,,,,,,,,,,,,,,,,,,0,0
7689,256300,,,,,,,,,,,,,,,,,,,,,,,,,0,0
7690,256333,,,,,,,,,,,,,,,,,,,,,,,,,0,0
7691,256367,,,,,,,,,,,,,,,,,,,,,,d|w,move_up|move_right,,0,0
7692,256400,,,,,,,,,,,,,,,,,,,,,,d|w,move_up|move_right,,0,0
7693,256433,,,,,,,,,,,,,,,,,,,,,,d|w,move_up|move_right,,0,0
7694,256467,,,,,,,,,,,,,,,,,,,,,,d|w,move_up|move_right,,0,0
7695,256500,,,,,,,,,,,,,,,,,,,,,,d|w,move_up|move_right,,0,0
7696,256533,,,,,,,,,,,,,,,,,,,,,,d|w,move_up|move_right,,0,0
7697,256567,,,,,,,,,,,,,,,,,,,,,,d|w,move_up|move_right,,0,0
7698,256600,,,,,,,,,,,,,,,,,,,,,,d|w,move_up|move_right,,0,0
7699,256633,,,,,,,,,,,,,,,,,,,,,,d|w,move_up|move_right,,0,0
7700,256667,,,,,,,,,,,,,,,,,,,,,,w,move_up,,0,0
7701,256700,,,,,,,,,,,,,,,,,,,,,,w,move_up,,0,0
7702,256733,,,,,,,,,,,,,,,,,,,,,,w,move_up,,0,0
7703,256767,,,,,,,,,,,,,,,,,,,,,,w,move_up,,0,0
7704,256800,,,,,,,,,,,,,,,,,,,,,,w,move_up,,0,0
7705,256833,,,,,,,,,,,,,,,,,,,,,,w,move_up,,0,0
7706,256867,,,,,,,,,,,,,,,,,,,,,,w,move_up,,0,0
7707,256900,,,,,,,,,,,,,,,,,,,,,,w,move_up,,0,0
7708,256933,,,,,,,,,,,,,,,,,,,,,,w,move_up,,0,0
7709,256967,,,,,,,,,,,,,,,,,,,,,,w,move_up,,0,0
7710,257000,,,,,,,,,,,,,,,,,,,,,,w,move_up,,0,0
7711,257033,,,,,,,,,,,,,,,,,,,,,,w,move_up,,0,0
7712,257067,,,,,,,,,,,,,,,,,,,,,,w,move_up,,0,0
7713,257100,,,,,,,,,,,,,,,,,,,,,,w,move_up,,0,0
7714,257133,,,,,,,,,,,,,,,,,,,,,,w,move_up,,0,0
7715,257167,,,,,,,,,,,,,,,,,,,,,,w,move_up,,0,0
7716,257200,,,,,,,,,,,,,,,,,,,,,,w,move_up,,0,0
7717,257233,,,,,,,,,,,,,,,,,,,,,,w,move_up,,0,0
7718,257267,,,,,,,,,,,,,,,,,,,,,,w,move_up,,0,0
7719,257300,,,,,,,,,,,,,,,,,,,,,,d|w,move_up|move_right,,0,0
7720,257333,,,,,,,,,,,,,,,,,,,,,,d|w,move_up|move_right,,0,0
7721,257367,,,,,,,,,,,,,,,,,,,,,,d|w,move_up|move_right,,0,0
7722,257400,,,,,,,,,,,,,,,,,,,,,,d|w,move_up|move_right,,0,0
7723,257433,,,,,,,,,,,,,,,,,,,,,,w,move_up,,0,0
7724,257467,,,,,,,,,,,,,,,,,,,,,,w,move_up,,0,0
7725,257500,,,,,,,,,,,,,,,,,,,,,,w,move_up,,0,0
7726,257533,,,,,,,,,,,,,,,,,,,,,,w,move_up,,0,0
7727,257567,,,,,,,,,,,,,,,,,,,,,,w,move_up,,0,0
7728,257600,,,,,,,,,,,,,,,,,,,,,,w,move_up,,0,0
7729,257633,,,,,,,,,,,,,,,,,,,,,,w,move_up,,0,0
7730,257667,,,,,,,,,,,,,,,,,,,,,,w,move_up,,0,0
7731,257700,,,,,,,,,,,,,,,,,,,,,,w,move_up,,0,0
7732,257733,,,,,,,,,,,,,,,,,,,,,,w,move_up,,0,0
7733,257767,,,,,,,,,,,,,,,,,,,,,,w,move_up,,0,0
7734,257800,,,,,,,,,,,,,,,,,,,,,,w,move_up,,0,0
7735,257833,,,,,,,,,,,,,,,,,,,,,,w,move_up,,0,0
7736,257867,,,,,,,,,,,,,,,,,,,,,,w,move_up,,0,0
7737,257900,,,,,,,,,,,,,,,,,,,,,,w,move_up,,0,0
7738,257933,,,,,,,,,,,,,,,,,,,,,,w,move_up,,0,0
7739,257967,,,,,,,,,,,,,,,,,,,,,,w,move_up,,0,0
7740,258000,,,,,,,,,,,,,,,,,,,,,,w,move_up,,0,0
7741,258033,,,,,,,,,,,,,,,,,,,,,,w,move_up,,0,0
7742,258067,,,,,,,,,,,,,,,,,,,,,,w,move_up,,0,0
7743,258100,,,,,,,,,,,,,,,,,,,,,,w,move_up,,0,0
7744,258133,,,,,,,,,,,,,,,,,,,,,,w,move_up,,0,0
7745,258167,,,,,,,,,,,,,,,,,,,,,,w,move_up,,0,0
7746,258200,,,,,,,,,,,,,,,,,,,,,,w,move_up,,0,0
7747,258233,,,,,,,,,,,,,,,,,,,,,,w,move_up,,0,0
7748,258267,,,,,,,,,,,,,,,,,,,,,,w,move_up,,0,0
7749,258300,,,,,,,,,,,,,,,,,,,,,,w,move_up,,0,0
7750,258333,,,,,,,,,,,,,,,,,,,,,,w,move_up,,0,0
7751,258367,,,,,,,,,,,,,,,,,,,,,,w,move_up,,0,0
7752,258400,,,,,,,,,,,,,,,,,,,,,,w,move_up,,0,0
7753,258433,,,,,,,,,,,,,,,,,,,,,,w,move_up,,0,0
7754,258467,,,,,,,,,,,,,,,,,,,,,,w,move_up,,0,0
7755,258500,,,,,,,,,,,,,,,,,,,,,,e|w,interact|move_up,,0,0
7756,258533,,,,,,,,,,,,,,,,,,,,,,e|w,interact|move_up,,0,0
7757,258567,,,,,,,,,,,,,,,,,,,,,,e|w,interact|move_up,,0,0
7758,258600,,,,,,,,,,,,,,,,,,,,,,e,interact,,0,0
7759,258633,,,,,,,,,,,,,,,,,,,,,,,,,0,0
7760,258667,,,,,,,,,,,,,,,,,,,,,,,,,0,0
7761,258700,,,,,,,,,,,,,,,,,,,,,,,,,0,0
7762,258733,,,,,,,,,,,,,,,,,,,,,,,,,0,0
7763,258767,,,,,,,,,,,,,,,,,,,,,,,,,0,0
7764,258800,,,,,,,,,,,,,,,,,,,,,,,,,0,0
7765,258833,,,,,,,,,,,,,,,,,,,,,,,,,0,0
7766,258867,,,,,,,,,,,,,,,,,,,,,,,,,0,0
7767,258900,,,,,,,,,,,,,,,,,,,,,,,,,0,0
7768,258933,,,,,,,,,,,,,,,,,,,,,,,,,0,0
7769,258967,,,,,,,,,,,,,,,,,,,,,,,,,0,0
7770,259000,,,,,,,,,,,,,,,,,,,,,,,,,0,0
7771,259033,,,,,,,,,,,,,,,,,,,,,,,,,0,0
7772,259067,,,,,,,,,,,,,,,,,,,,,,,,,0,0
7773,259100,,,,,,,,,,,,,,,,,,,,,,,,,0,0
7774,259133,,,,,,,,,,,,,,,,,,,,,,,,,0,0
7775,259167,,,,,,,,,,,,,,,,,,,,,,,,,0,0
7776,259200,,,,,,,,,,,,,,,,,,,,,,,,,0,0
7777,259233,,,,,,,,,,,,,,,,,,,,,,,,,0,0
7778,259267,,,,,,,,,,,,,,,,,,,,,,,,,0,0
7779,259300,,,,,,,,,,,,,,,,,,,,,,w,move_up,,0,0
7780,259333,,,,,,,,,,,,,,,,,,,,,,w,move_up,,0,0
7781,259367,,,,,,,,,,,,,,,,,,,,,,d|w,move_up|move_right,,0,0
7782,259400,,,,,,,,,,,,,,,,,,,,,,d|w,move_up|move_right,,0,0
7783,259433,,,,,,,,,,,,,,,,,,,,,,d|w,move_up|move_right,,0,0
7784,259467,,,,,,,,,,,,,,,,,,,,,,d|w,move_up|move_right,,0,0
7785,259500,,,,,,,,,,,,,,,,,,,,,,d|w,move_up|move_right,,0,0
7786,259533,,,,,,,,,,,,,,,,,,,,,,d|w,move_up|move_right,,0,0
7787,259567,,,,,,,,,,,,,,,,,,,,,,d|w,move_up|move_right,,0,0
7788,259600,,,,,,,,,,,,,,,,,,,,,,w,move_up,,0,0
7789,259633,,,,,,,,,,,,,,,,,,,,,,,,,0,0
7790,259667,,,,,,,,,,,,,,,,,,,,,,,,,0,0
7791,259700,,,,,,,,,,,,,,,,,,,,,,,,,0,0
7792,259733,,,,,,,,,,,,,,,,,,,,,,,,,0,0
7793,259767,,,,,,,,,,,,,,,,,,,,,,,,,0,0
7794,259800,,,,,,,,,,,,,,,,,,,,,,,,,0,0
7795,259833,,,,,,,,,,,,,,,,,,,,,,,,,0,0
7796,259867,,,,,,,,,,,,,,,,,,,,,,,,,0,0
7797,259900,,,,,,,,,,,,,,,,,,,,,,,,,0,0
7798,259933,,,,,,,,,,,,,,,,,,,,,,,,,0,0
7799,259967,,,,,,,,,,,,,,,,,,,,,,,,,0,0
7800,260000,,,,,,,,,,,,,,,,,,,,,,,,,0,0
7801,260033,,,,,,,,,,,,,,,,,,,,,,,,,0,0
7802,260067,,,,,,,,,,,,,,,,,,,,,,,,,0,0
7803,260100,,,,,,,,,,,,,,,,,,,,,,,,,0,0
7804,260133,,,,,,,,,,,,,,,,,,,,,,,,,0,0
7805,260167,,,,,,,,,,,,,,,,,,,,,,,,,0,0
7806,260200,,,,,,,,,,,,,,,,,,,,,,,,,0,0
7807,260233,,,,,,,,,,,,,,,,,,,,,,,,,0,0
7808,260267,,,,,,,,,,,,,,,,,,,,,,,,,0,0
7809,260300,,,,,,,,,,,,,,,,,,,,,,,,,0,0
7810,260333,,,,,,,,,,,,,,,,,,,,,,,,,0,0
7811,260367,,,,,,,,,,,,,,,,,,,,,,,,,0,0
7812,260400,,,,,,,,,,,,,,,,,,,,,,,,,0,0
7813,260433,,,,,,,,,,,,,,,,,,,,,,,,,0,0
7814,260467,,,,,,,,,,,,,,,,,,,,,,,,,0,0
7815,260500,,,,,,,,,,,,,,,,,,,,,,,,,0,0
7816,260533,,,,,,,,,,,,,,,,,,,,,,,,,0,0
7817,260567,,,,,,,,,,,,,,,,,,,,,,,,,0,0
7818,260600,,,,,,,,,,,,,,,,,,,,,,,,,0,0
7819,260633,,,,,,,,,,,,,,,,,,,,,,,,,0,0
7820,260667,,,,,,,,,,,,,,,,,,,,,,w,move_up,,0,0
7821,260700,,,,,,,,,,,,,,,,,,,,,,w,move_up,,0,0
7822,260733,,,,,,,,,,,,,,,,,,,,,,w,move_up,,0,0
7823,260767,,,,,,,,,,,,,,,,,,,,,,d|w,move_up|move_right,,0,0
7824,260800,,,,,,,,,,,,,,,,,,,,,,d|w,move_up|move_right,,0,0
7825,260833,,,,,,,,,,,,,,,,,,,,,,d|w,move_up|move_right,,0,0
7826,260867,,,,,,,,,,,,,,,,,,,,,,d|w,move_up|move_right,,0,0
7827,260900,,,,,,,,,,,,,,,,,,,,,,d|w,move_up|move_right,,0,0
7828,260933,,,,,,,,,,,,,,,,,,,,,,d|w,move_up|move_right,,0,0
7829,260967,,,,,,,,,,,,,,,,,,,,,,d|w,move_up|move_right,,0,0
7830,261000,,,,,,,,,,,,,,,,,,,,,,w,move_up,,0,0
7831,261033,,,,,,,,,,,,,,,,,,,,,,,,,0,0
7832,261067,,,,,,,,,,,,,,,,,,,,,,,,,0,0
7833,261100,,,,,,,,,,,,,,,,,,,,,,,,,0,0
7834,261133,,,,,,,,,,,,,,,,,,,,,,,,,0,0
7835,261167,,,,,,,,,,,,,,,,,,,,,,,,,0,0
7836,261200,,,,,,,,,,,,,,,,,,,,,,,,,0,0
7837,261233,,,,,,,,,,,,,,,,,,,,,,,,,0,0
7838,261267,,,,,,,,,,,,,,,,,,,,,,,,,0,0
7839,261300,,,,,,,,,,,,,,,,,,,,,,,,,0,0
7840,261333,,,,,,,,,,,,,,,,,,,,,,,,,0,0
7841,261367,,,,,,,,,,,,,,,,,,,,,,,,,0,0
7842,261400,,,,,,,,,,,,,,,,,,,,,,,,,0,0
7843,261433,,,,,,,,,,,,,,,,,,,,,,w,move_up,,0,0
7844,261467,,,,,,,,,,,,,,,,,,,,,,w,move_up,,0,0
7845,261500,,,,,,,,,,,,,,,,,,,,,,w,move_up,,0,0
7846,261533,,,,,,,,,,,,,,,,,,,,,,w,move_up,,0,0
7847,261567,,,,,,,,,,,,,,,,,,,,,,w,move_up,,0,0
7848,261600,,,,,,,,,,,,,,,,,,,,,,w,move_up,,0,0
7849,261633,,,,,,,,,,,,,,,,,,,,,,w,move_up,,0,0
7850,261667,,,,,,,,,,,,,,,,,,,,,,w,move_up,,0,0
7851,261700,,,,,,,,,,,,,,,,,,,,,,w,move_up,,0,0
7852,261733,,,,,,,,,,,,,,,,,,,,,,w,move_up,,0,0
7853,261767,,,,,,,,,,,,,,,,,,,,,,,,,0,0
7854,261800,,,,,,,,,,,,,,,,,,,,,,,,,0,0
7855,261833,,,,,,,,,,,,,,,,,,,,,,,,,0,0
7856,261867,,,,,,,,,,,,,,,,,,,,,,,,,0,0
7857,261900,,,,,,,,,,,,,,,,,,,,,,,,,0,0
7858,261933,,,,,,,,,,,,,,,,,,,,,,w,move_up,,0,0
7859,261967,,,,,,,,,,,,,,,,,,,,,,w,move_up,,0,0
7860,262000,,,,,,,,,,,,,,,,,,,,,,w,move_up,,0,0
7861,262033,,,,,,,,,,,,,,,,,,,,,,w,move_up,,0,0
7862,262067,,,,,,,,,,,,,,,,,,,,,,w,move_up,,0,0
7863,262100,,,,,,,,,,,,,,,,,,,,,,w,move_up,,0,0
7864,262133,,,,,,,,,,,,,,,,,,,,,,w,move_up,,0,0
7865,262167,,,,,,,,,,,,,,,,,,,,,,w,move_up,,0,0
7866,262200,,,,,,,,,,,,,,,,,,,,,,w,move_up,,0,0
7867,262233,,,,,,,,,,,,,,,,,,,,,,w,move_up,,0,0
7868,262267,,,,,,,,,,,,,,,,,,,,,,w,move_up,,0,0
7869,262300,,,,,,,,,,,,,,,,,,,,,,e|w,interact|move_up,,0,0
7870,262333,,,,,,,,,,,,,,,,,,,,,,e,interact,,0,0
7871,262367,,,,,,,,,,,,,,,,,,,,,,e,interact,,0,0
7872,262400,,,,,,,,,,,,,,,,,,,,,,e,interact,,0,0
7873,262433,,,,,,,,,,,,,,,,,,,,,,,,,0,0
7874,262467,,,,,,,,,,,,,,,,,,,,,,,,,0,0
7875,262500,,,,,,,,,,,,,,,,,,,,,,,,,0,0
7876,262533,,,,,,,,,,,,,,,,,,,,,,,,,0,0
7877,262567,,,,,,,,,,,,,,,,,,,,,,,,,0,0
7878,262600,,,,,,,,,,,,,,,,,,,,,,,,,0,0
7879,262633,,,,,,,,,,,,,,,,,,,,,,,,,0,0
7880,262667,,,,,,,,,,,,,,,,,,,,,,,,,0,0
7881,262700,,,,,,,,,,,,,,,,,,,,,,d,move_right,,0,0
7882,262733,,,,,,,,,,,,,,,,,,,,,,d,move_right,,0,0
7883,262767,,,,,,,,,,,,,,,,,,,,,,d,move_right,,0,0
7884,262800,,,,,,,,,,,,,,,,,,,,,,d,move_right,,0,0
7885,262833,,,,,,,,,,,,,,,,,,,,,,,,,0,0
7886,262867,,,,,,,,,,,,,,,,,,,,,,w,move_up,,0,0
7887,262900,,,,,,,,,,,,,,,,,,,,,,w,move_up,,0,0
7888,262933,,,,,,,,,,,,,,,,,,,,,,w,move_up,,0,0
7889,262967,,,,,,,,,,,,,,,,,,,,,,w,move_up,,0,0
7890,263000,,,,,,,,,,,,,,,,,,,,,,w,move_up,,0,0
7891,263033,,,,,,,,,,,,,,,,,,,,,,w,move_up,,0,0
7892,263067,,,,,,,,,,,,,,,,,,,,,,w,move_up,,0,0
7893,263100,,,,,,,,,,,,,,,,,,,,,,d|w,move_up|move_right,,0,0
7894,263133,,,,,,,,,,,,,,,,,,,,,,d|w,move_up|move_right,,0,0
7895,263167,,,,,,,,,,,,,,,,,,,,,,d|w,move_up|move_right,,0,0
7896,263200,,,,,,,,,,,,,,,,,,,,,,w,move_up,,0,0
7897,263233,,,,,,,,,,,,,,,,,,,,,,w,move_up,,0,0
7898,263267,,,,,,,,,,,,,,,,,,,,,,w,move_up,,0,0
7899,263300,,,,,,,,,,,,,,,,,,,,,,w,move_up,,0,0
7900,263333,,,,,,,,,,,,,,,,,,,,,,w,move_up,,0,0
7901,263367,,,,,,,,,,,,,,,,,,,,,,w,move_up,,0,0
7902,263400,,,,,,,,,,,,,,,,,,,,,,w,move_up,,0,0
7903,263433,,,,,,,,,,,,,,,,,,,,,,w,move_up,,0,0
7904,263467,,,,,,,,,,,,,,,,,,,,,,,,,0,0
7905,263500,,,,,,,,,,,,,,,,,,,,,,,,,0,0
7906,263533,,,,,,,,,,,,,,,,,,,,,,,,,0,0
7907,263567,,,,,,,,,,,,,,,,,,,,,,,,,0,0
7908,263600,,,,,,,,,,,,,,,,,,,,,,,,,0,0
7909,263633,,,,,,,,,,,,,,,,,,,,,,w,move_up,,0,0
7910,263667,,,,,,,,,,,,,,,,,,,,,,w,move_up,,0,0
7911,263700,,,,,,,,,,,,,,,,,,,,,,w,move_up,,0,0
7912,263733,,,,,,,,,,,,,,,,,,,,,,d|w,move_up|move_right,,0,0
7913,263767,,,,,,,,,,,,,,,,,,,,,,d|w,move_up|move_right,,0,0
7914,263800,,,,,,,,,,,,,,,,,,,,,,d|w,move_up|move_right,,0,0
7915,263833,,,,,,,,,,,,,,,,,,,,,,d|w,move_up|move_right,,0,0
7916,263867,,,,,,,,,,,,,,,,,,,,,,d|w,move_up|move_right,,0,0
7917,263900,,,,,,,,,,,,,,,,,,,,,,w,move_up,,0,0
7918,263933,,,,,,,,,,,,,,,,,,,,,,,,,0,0
7919,263967,,,,,,,,,,,,,,,,,,,,,,,,,0,0
7920,264000,,,,,,,,,,,,,,,,,,,,,,,,,0,0
7921,264033,,,,,,,,,,,,,,,,,,,,,,,,,0,0
7922,264067,,,,,,,,,,,,,,,,,,,,,,,,,0,0
7923,264100,,,,,,,,,,,,,,,,,,,,,,,,,0,0
7924,264133,,,,,,,,,,,,,,,,,,,,,,w,move_up,,0,0
7925,264167,,,,,,,,,,,,,,,,,,,,,,w,move_up,,0,0
7926,264200,,,,,,,,,,,,,,,,,,,,,,w,move_up,,0,0
7927,264233,,,,,,,,,,,,,,,,,,,,,,w,move_up,,0,0
7928,264267,,,,,,,,,,,,,,,,,,,,,,w,move_up,,0,0
7929,264300,,,,,,,,,,,,,,,,,,,,,,w,move_up,,0,0
7930,264333,,,,,,,,,,,,,,,,,,,,,,w,move_up,,0,0
7931,264367,,,,,,,,,,,,,,,,,,,,,,a|w,move_up|move_left,,0,0
7932,264400,,,,,,,,,,,,,,,,,,,,,,a|w,move_up|move_left,,0,0
7933,264433,,,,,,,,,,,,,,,,,,,,,,a|w,move_up|move_left,,0,0
7934,264467,,,,,,,,,,,,,,,,,,,,,,a,move_left,,0,0
7935,264500,,,,,,,,,,,,,,,,,,,,,,a,move_left,,0,0
7936,264533,,,,,,,,,,,,,,,,,,,,,,,,,0,0
7937,264567,,,,,,,,,,,,,,,,,,,,,,,,,0,0
7938,264600,,,,,,,,,,,,,,,,,,,,,,,,,0,0
7939,264633,,,,,,,,,,,,,,,,,,,,,,,,,0,0
7940,264667,,,,,,,,,,,,,,,,,,,,,,,,,0,0
7941,264700,,,,,,,,,,,,,,,,,,,,,,,,,0,0
7942,264733,,,,,,,,,,,,,,,,,,,,,,a,move_left,,0,0
7943,264767,,,,,,,,,,,,,,,,,,,,,,a,move_left,,0,0
7944,264800,,,,,,,,,,,,,,,,,,,,,,a,move_left,,0,0
7945,264833,,,,,,,,,,,,,,,,,,,,,,a,move_left,,0,0
7946,264867,,,,,,,,,,,,,,,,,,,,,,a,move_left,,0,0
7947,264900,,,,,,,,,,,,,,,,,,,,,,a,move_left,,0,0
7948,264933,,,,,,,,,,,,,,,,,,,,,,a|w,move_up|move_left,,0,0
7949,264967,,,,,,,,,,,,,,,,,,,,,,a|w,move_up|move_left,,0,0
7950,265000,,,,,,,,,,,,,,,,,,,,,,a|w,move_up|move_left,,0,0
7951,265033,,,,,,,,,,,,,,,,,,,,,,a|w,move_up|move_left,,0,0
7952,265067,,,,,,,,,,,,,,,,,,,,,,a|w,move_up|move_left,,0,0
7953,265100,,,,,,,,,,,,,,,,,,,,,,a|w,move_up|move_left,,0,0
7954,265133,,,,,,,,,,,,,,,,,,,,,,w,move_up,,0,0
7955,265167,,,,,,,,,,,,,,,,,,,,,,,,,0,0
7956,265200,,,,,,,,,,,,,,,,,,,,,,,,,0,0
7957,265233,,,,,,,,,,,,,,,,,,,,,,,,,0,0
7958,265267,,,,,,,,,,,,,,,,,,,,,,,,,0,0
7959,265300,,,,,,,,,,,,,,,,,,,,,,,,,0,0
7960,265333,,,,,,,,,,,,,,,,,,,,,,,,,0,0
7961,265367,,,,,,,,,,,,,,,,,,,,,,a,move_left,,0,0
7962,265400,,,,,,,,,,,,,,,,,,,,,,a,move_left,,0,0
7963,265433,,,,,,,,,,,,,,,,,,,,,,a,move_left,,0,0
7964,265467,,,,,,,,,,,,,,,,,,,,,,a,move_left,,0,0
7965,265500,,,,,,,,,,,,,,,,,,,,,,a,move_left,,0,0
7966,265533,,,,,,,,,,,,,,,,,,,,,,a,move_left,,0,0
7967,265567,,,,,,,,,,,,,,,,,,,,,,a,move_left,,0,0
7968,265600,,,,,,,,,,,,,,,,,,,,,,,,,0,0
7969,265633,,,,,,,,,,,,,,,,,,,,,,,,,0,0
7970,265667,,,,,,,,,,,,,,,,,,,,,,,,,0,0
7971,265700,,,,,,,,,,,,,,,,,,,,,,,,,0,0
7972,265733,,,,,,,,,,,,,,,,,,,,,,,,,0,0
7973,265767,,,,,,,,,,,,,,,,,,,,,,,,,0,0
7974,265800,,,,,,,,,,,,,,,,,,,,,,a,move_left,,0,0
7975,265833,,,,,,,,,,,,,,,,,,,,,,a,move_left,,0,0
7976,265867,,,,,,,,,,,,,,,,,,,,,,a,move_left,,0,0
7977,265900,,,,,,,,,,,,,,,,,,,,,,a,move_left,,0,0
7978,265933,,,,,,,,,,,,,,,,,,,,,,a,move_left,,0,0
7979,265967,,,,,,,,,,,,,,,,,,,,,,,,,0,0
7980,266000,,,,,,,,,,,,,,,,,,,,,,,,,0,0
7981,266033,,,,,,,,,,,,,,,,,,,,,,,,,0,0
7982,266067,,,,,,,,,,,,,,,,,,,,,,,,,0,0
7983,266100,,,,,,,,,,,,,,,,,,,,,,,,,0,0
7984,266133,,,,,,,,,,,,,,,,,,,,,,,,,0,0
7985,266167,,,,,,,,,,,,,,,,,,,,,,,,,0,0
7986,266200,,,,,,,,,,,,,,,,,,,,,,,,,0,0
7987,266233,,,,,,,,,,,,,,,,,,,,,,,,,0,0
7988,266267,,,,,,,,,,,,,,,,,,,,,,,,,0,0
7989,266300,,,,,,,,,,,,,,,,,,,,,,,,,0,0
7990,266333,,,,,,,,,,,,,,,,,,,,,,,,,0,0
7991,266367,,,,,,,,,,,,,,,,,,,,,,,,,0,0
7992,266400,,,,,,,,,,,,,,,,,,,,,,,,,0,0
7993,266433,,,,,,,,,,,,,,,,,,,,,,,,,0,0
7994,266467,,,,,,,,,,,,,,,,,,,,,,,,,0,0
7995,266500,,,,,,,,,,,,,,,,,,,,,,,,,0,0
7996,266533,,,,,,,,,,,,,,,,,,,,,,,,,0,0
7997,266567,,,,,,,,,,,,,,,,,,,,,,,,,0,0
7998,266600,,,,,,,,,,,,,,,,,,,,,,w,move_up,,0,0
7999,266633,,,,,,,,,,,,,,,,,,,,,,w,move_up,,0,0
8000,266667,,,,,,,,,,,,,,,,,,,,,,w,move_up,,0,0
8001,266700,,,,,,,,,,,,,,,,,,,,,,w,move_up,,0,0
8002,266733,,,,,,,,,,,,,,,,,,,,,,w,move_up,,0,0
8003,266767,,,,,,,,,,,,,,,,,,,,,,w,move_up,,0,0
8004,266800,,,,,,,,,,,,,,,,,,,,,,w,move_up,,0,0
8005,266833,,,,,,,,,,,,,,,,,,,,,,w,move_up,,0,0
8006,266867,,,,,,,,,,,,,,,,,,,,,,w,move_up,,0,0
8007,266900,,,,,,,,,,,,,,,,,,,,,,w,move_up,,0,0
8008,266933,,,,,,,,,,,,,,,,,,,,,,w,move_up,,0,0
8009,266967,,,,,,,,,,,,,,,,,,,,,,w,move_up,,0,0
8010,267000,,,,,,,,,,,,,,,,,,,,,,w,move_up,,0,0
8011,267033,,,,,,,,,,,,,,,,,,,,,,d|w,move_up|move_right,,0,0
8012,267067,,,,,,,,,,,,,,,,,,,,,,d|w,move_up|move_right,,0,0
8013,267100,,,,,,,,,,,,,,,,,,,,,,d|w,move_up|move_right,,0,0
8014,267133,,,,,,,,,,,,,,,,,,,,,,d|w,move_up|move_right,,0,0
8015,267167,,,,,,,,,,,,,,,,,,,,,,d|w,move_up|move_right,,0,0
8016,267200,,,,,,,,,,,,,,,,,,,,,,w,move_up,,0,0
8017,267233,,,,,,,,,,,,,,,,,,,,,,w,move_up,,0,0
8018,267267,,,,,,,,,,,,,,,,,,,,,,w,move_up,,0,0
8019,267300,,,,,,,,,,,,,,,,,,,,,,w,move_up,,0,0
8020,267333,,,,,,,,,,,,,,,,,,,,,,,,,0,0
8021,267367,,,,,,,,,,,,,,,,,,,,,,,,,0,0
8022,267400,,,,,,,,,,,,,,,,,,,,,,,,,0,0
8023,267433,,,,,,,,,,,,,,,,,,,,,,,,,0,0
8024,267467,,,,,,,,,,,,,,,,,,,,,,,,,0,0
8025,267500,,,,,,,,,,,,,,,,,,,,,,,,,0,0
8026,267533,,,,,,,,,,,,,,,,,,,,,,d,move_right,,0,0
8027,267567,,,,,,,,,,,,,,,,,,,,,,d|w,move_up|move_right,,0,0
8028,267600,,,,,,,,,,,,,,,,,,,,,,d|w,move_up|move_right,,0,0
8029,267633,,,,,,,,,,,,,,,,,,,,,,d|w,move_up|move_right,,0,0
8030,267667,,,,,,,,,,,,,,,,,,,,,,d|w,move_up|move_right,,0,0
8031,267700,,,,,,,,,,,,,,,,,,,,,,d|w,move_up|move_right,,0,0
8032,267733,,,,,,,,,,,,,,,,,,,,,,d|w,move_up|move_right,,0,0
8033,267767,,,,,,,,,,,,,,,,,,,,,,d|w,move_up|move_right,,0,0
8034,267800,,,,,,,,,,,,,,,,,,,,,,d|w,move_up|move_right,,0,0
8035,267833,,,,,,,,,,,,,,,,,,,,,,w,move_up,,0,0
8036,267867,,,,,,,,,,,,,,,,,,,,,,w,move_up,,0,0
8037,267900,,,,,,,,,,,,,,,,,,,,,,,,,0,0
8038,267933,,,,,,,,,,,,,,,,,,,,,,,,,0,0
8039,267967,,,,,,,,,,,,,,,,,,,,,,,,,0,0
8040,268000,,,,,,,,,,,,,,,,,,,,,,w,move_up,,0,0
8041,268033,,,,,,,,,,,,,,,,,,,,,,w,move_up,,0,0
8042,268067,,,,,,,,,,,,,,,,,,,,,,w,move_up,,0,0
8043,268100,,,,,,,,,,,,,,,,,,,,,,w,move_up,,0,0
8044,268133,,,,,,,,,,,,,,,,,,,,,,w,move_up,,0,0
8045,268167,,,,,,,,,,,,,,,,,,,,,,w,move_up,,0,0
8046,268200,,,,,,,,,,,,,,,,,,,,,,w,move_up,,0,0
8047,268233,,,,,,,,,,,,,,,,,,,,,,w,move_up,,0,0
8048,268267,,,,,,,,,,,,,,,,,,,,,,w,move_up,,0,0
8049,268300,,,,,,,,,,,,,,,,,,,,,,w,move_up,,0,0
8050,268333,,,,,,,,,,,,,,,,,,,,,,w,move_up,,0,0
8051,268367,,,,,,,,,,,,,,,,,,,,,,w,move_up,,0,0
8052,268400,,,,,,,,,,,,,,,,,,,,,,w,move_up,,0,0
8053,268433,,,,,,,,,,,,,,,,,,,,,,w,move_up,,0,0
8054,268467,,,,,,,,,,,,,,,,,,,,,,,,,0,0
8055,268500,,,,,,,,,,,,,,,,,,,,,,,,,0,0
8056,268533,,,,,,,,,,,,,,,,,,,,,,w,move_up,,0,0
8057,268567,,,,,,,,,,,,,,,,,,,,,,w,move_up,,0,0
8058,268600,,,,,,,,,,,,,,,,,,,,,,w,move_up,,0,0
8059,268633,,,,,,,,,,,,,,,,,,,,,,w,move_up,,0,0
8060,268667,,,,,,,,,,,,,,,,,,,,,,w,move_up,,0,0
8061,268700,,,,,,,,,,,,,,,,,,,,,,w,move_up,,0,0
8062,268733,,,,,,,,,,,,,,,,,,,,,,w,move_up,,0,0
8063,268767,,,,,,,,,,,,,,,,,,,,,,w,move_up,,0,0
8064,268800,,,,,,,,,,,,,,,,,,,,,,w,move_up,,0,0
8065,268833,,,,,,,,,,,,,,,,,,,,,,w,move_up,,0,0
8066,268867,,,,,,,,,,,,,,,,,,,,,,w,move_up,,0,0
8067,268900,,,,,,,,,,,,,,,,,,,,,,w,move_up,,0,0
8068,268933,,,,,,,,,,,,,,,,,,,,,,,,,0,0
8069,268967,,,,,,,,,,,,,,,,,,,,,,w,move_up,,0,0
8070,269000,,,,,,,,,,,,,,,,,,,,,,d|w,move_up|move_right,,0,0
8071,269033,,,,,,,,,,,,,,,,,,,,,,d|w,move_up|move_right,,0,0
8072,269067,,,,,,,,,,,,,,,,,,,,,,d|w,move_up|move_right,,0,0
8073,269100,,,,,,,,,,,,,,,,,,,,,,d|w,move_up|move_right,,0,0
8074,269133,,,,,,,,,,,,,,,,,,,,,,d|w,move_up|move_right,,0,0
8075,269167,,,,,,,,,,,,,,,,,,,,,,d|w,move_up|move_right,,0,0
8076,269200,,,,,,,,,,,,,,,,,,,,,,d|w,move_up|move_right,,0,0
8077,269233,,,,,,,,,,,,,,,,,,,,,,d|w,move_up|move_right,,0,0
8078,269267,,,,,,,,,,,,,,,,,,,,,,d|w,move_up|move_right,,0,0
8079,269300,,,,,,,,,,,,,,,,,,,,,,d|w,move_up|move_right,,0,0
8080,269333,,,,,,,,,,,,,,,,,,,,,,d|w,move_up|move_right,,0,0
8081,269367,,,,,,,,,,,,,,,,,,,,,,,,,0,0
8082,269400,,,,,,,,,,,,,,,,,,,,,,,,,0,0
8083,269433,,,,,,,,,,,,,,,,,,,,,,,,,0,0
8084,269467,,,,,,,,,,,,,,,,,,,,,,,,,0,0
8085,269500,,,,,,,,,,,,,,,,,,,,,,,,,0,0
8086,269533,,,,,,,,,,,,,,,,,,,,,,,,,0,0
8087,269567,,,,,,,,,,,,,,,,,,,,,,,,,0,0
8088,269600,,,,,,,,,,,,,,,,,,,,,,,,,0,0
8089,269633,,,,,,,,,,,,,,,,,,,,,,d,move_right,,0,0
8090,269667,,,,,,,,,,,,,,,,,,,,,,d,move_right,,0,0
8091,269700,,,,,,,,,,,,,,,,,,,,,,d,move_right,,0,0
8092,269733,,,,,,,,,,,,,,,,,,,,,,d,move_right,,0,0
8093,269767,,,,,,,,,,,,,,,,,,,,,,,,,0,0
8094,269800,,,,,,,,,,,,,,,,,,,,,,,,,0,0
8095,269833,,,,,,,,,,,,,,,,,,,,,,,,,0,0
8096,269867,,,,,,,,,,,,,,,,,,,,,,,,,0,0
8097,269900,,,,,,,,,,,,,,,,,,,,,,,,,0,0
8098,269933,,,,,,,,,,,,,,,,,,,,,,,,,0,0
8099,269967,,,,,,,,,,,,,,,,,,,,,,,,,0,0
8100,270000,,,,,,,,,,,,,,,,,,,,,,,,,0,0
8101,270033,,,,,,,,,,,,,,,,,,,,,,,,,0,0
8102,270067,,,,,,,,,,,,,,,,,,,,,,,,,0,0
8103,270100,,,,,,,,,,,,,,,,,,,,,,,,,0,0
8104,270133,,,,,,,,,,,,,,,,,,,,,,,,,0,0
8105,270167,,,,,,,,,,,,,,,,,,,,,,,,,0,0
8106,270200,,,,,,,,,,,,,,,,,,,,,,,,,0,0
8107,270233,,,,,,,,,,,,,,,,,,,,,,,,,0,0
8108,270267,,,,,,,,,,,,,,,,,,,,,,,,,0,0
8109,270300,,,,,,,,,,,,,,,,,,,,,,,,,0,0
8110,270333,,,,,,,,,,,,,,,,,,,,,,,,,0,0
8111,270367,,,,,,,,,,,,,,,,,,,,,,,,,0,0
8112,270400,,,,,,,,,,,,,,,,,,,,,,,,,0,0
8113,270433,,,,,,,,,,,,,,,,,,,,,,d|w,move_up|move_right,,0,0
8114,270467,,,,,,,,,,,,,,,,,,,,,,d|w,move_up|move_right,,0,0
8115,270500,,,,,,,,,,,,,,,,,,,,,,d|w,move_up|move_right,,0,0
8116,270533,,,,,,,,,,,,,,,,,,,,,,d|w,move_up|move_right,,0,0
8117,270567,,,,,,,,,,,,,,,,,,,,,,d|w,move_up|move_right,,0,0
8118,270600,,,,,,,,,,,,,,,,,,,,,,d|w,move_up|move_right,,0,0
8119,270633,,,,,,,,,,,,,,,,,,,,,,d|w,move_up|move_right,,0,0
8120,270667,,,,,,,,,,,,,,,,,,,,,,d,move_right,,0,0
8121,270700,,,,,,,,,,,,,,,,,,,,,,,,,0,0
8122,270733,,,,,,,,,,,,,,,,,,,,,,,,,0,0
8123,270767,,,,,,,,,,,,,,,,,,,,,,,,,0,0
8124,270800,,,,,,,,,,,,,,,,,,,,,,,,,0,0
8125,270833,,,,,,,,,,,,,,,,,,,,,,,,,0,0
8126,270867,,,,,,,,,,,,,,,,,,,,,,,,,0,0
8127,270900,,,,,,,,,,,,,,,,,,,,,,,,,0,0
8128,270933,,,,,,,,,,,,,,,,,,,,,,,,,0,0
8129,270967,,,,,,,,,,,,,,,,,,,,,,,,,0,0
8130,271000,,,,,,,,,,,,,,,,,,,,,,,,,0,0
8131,271033,,,,,,,,,,,,,,,,,,,,,,,,,0,0
8132,271067,,,,,,,,,,,,,,,,,,,,,,,,,0,0
8133,271100,,,,,,,,,,,,,,,,,,,,,,,,,0,0
8134,271133,,,,,,,,,,,,,,,,,,,,,,,,,0,0
8135,271167,,,,,,,,,,,,,,,,,,,,,,,,,0,0
8136,271200,,,,,,,,,,,,,,,,,,,,,,w,move_up,,0,0
8137,271233,,,,,,,,,,,,,,,,,,,,,,w,move_up,,0,0
8138,271267,,,,,,,,,,,,,,,,,,,,,,w,move_up,,0,0
8139,271300,,,,,,,,,,,,,,,,,,,,,,w,move_up,,0,0
8140,271333,,,,,,,,,,,,,,,,,,,,,,w,move_up,,0,0
8141,271367,,,,,,,,,,,,,,,,,,,,,,w,move_up,,0,0
8142,271400,,,,,,,,,,,,,,,,,,,,,,w,move_up,,0,0
8143,271433,,,,,,,,,,,,,,,,,,,,,,,,,0,0
8144,271467,,,,,,,,,,,,,,,,,,,,,,,,,0,0
8145,271500,,,,,,,,,,,,,,,,,,,,,,,,,0,0
8146,271533,,,,,,,,,,,,,,,,,,,,,,,,,0,0
8147,271567,,,,,,,,,,,,,,,,,,,,,,,,,0,0
8148,271600,,,,,,,,,,,,,,,,,,,,,,a,move_left,,0,0
8149,271633,,,,,,,,,,,,,,,,,,,,,,a,move_left,,0,0
8150,271667,,,,,,,,,,,,,,,,,,,,,,a,move_left,,0,0
8151,271700,,,,,,,,,,,,,,,,,,,,,,a,move_left,,0,0
8152,271733,,,,,,,,,,,,,,,,,,,,,,a,move_left,,0,0
8153,271767,,,,,,,,,,,,,,,,,,,,,,a,move_left,,0,0
8154,271800,,,,,,,,,,,,,,,,,,,,,,a,move_left,,0,0
8155,271833,,,,,,,,,,,,,,,,,,,,,,a,move_left,,0,0
8156,271867,,,,,,,,,,,,,,,,,,,,,,a,move_left,,0,0
8157,271900,,,,,,,,,,,,,,,,,,,,,,a,move_left,,0,0
8158,271933,,,,,,,,,,,,,,,,,,,,,,,,,0,0
8159,271967,,,,,,,,,,,,,,,,,,,,,,,,,0,0
8160,272000,,,,,,,,,,,,,,,,,,,,,,,,,0,0
8161,272033,,,,,,,,,,,,,,,,,,,,,,,,,0,0
8162,272067,,,,,,,,,,,,,,,,,,,,,,,,,0,0
8163,272100,,,,,,,,,,,,,,,,,,,,,,,,,0,0
8164,272133,,,,,,,,,,,,,,,,,,,,,,,,,0,0
8165,272167,,,,,,,,,,,,,,,,,,,,,,,,,0,0
8166,272200,,,,,,,,,,,,,,,,,,,,,,,,,0,0
8167,272233,,,,,,,,,,,,,,,,,,,,,,,,,0,0
8168,272267,,,,,,,,,,,,,,,,,,,,,,,,,0,0
8169,272300,,,,,,,,,,,,,,,,,,,,,,,,,0,0
8170,272333,,,,,,,,,,,,,,,,,,,,,,,,,0,0
8171,272367,,,,,,,,,,,,,,,,,,,,,,,,,0,0
8172,272400,,,,,,,,,,,,,,,,,,,,,,,,,0,0
8173,272433,,,,,,,,,,,,,,,,,,,,,,,,,0,0
8174,272467,,,,,,,,,,,,,,,,,,,,,,,,,0,0
8175,272500,,,,,,,,,,,,,,,,,,,,,,,,,0,0
8176,272533,,,,,,,,,,,,,,,,,,,,,,,,,0,0
8177,272567,,,,,,,,,,,,,,,,,,,,,,,,,0,0
8178,272600,,,,,,,,,,,,,,,,,,,,,,,,,0,0
8179,272633,,,,,,,,,,,,,,,,,,,,,,,,,0,0
8180,272667,,,,,,,,,,,,,,,,,,,,,,,,,0,0
8181,272700,,,,,,,,,,,,,,,,,,,,,,,,,0,0
8182,272733,,,,,,,,,,,,,,,,,,,,,,,,,0,0
8183,272767,,,,,,,,,,,,,,,,,,,,,,,,,0,0
8184,272800,,,,,,,,,,,,,,,,,,,,,,,,,0,0
8185,272833,,,,,,,,,,,,,,,,,,,,,,,,,0,0
8186,272867,,,,,,,,,,,,,,,,,,,,,,,,,0,0
8187,272900,,,,,,,,,,,,,,,,,,,,,,,,,0,0
8188,272933,,,,,,,,,,,,,,,,,,,,,,s,move_down,,0,0
8189,272967,,,,,,,,,,,,,,,,,,,,,,d|s,move_down|move_right,,0,0
8190,273000,,,,,,,,,,,,,,,,,,,,,,d|s,move_down|move_right,,0,0
8191,273033,,,,,,,,,,,,,,,,,,,,,,d|s,move_down|move_right,,0,0
8192,273067,,,,,,,,,,,,,,,,,,,,,,d|s,move_down|move_right,,0,0
8193,273100,,,,,,,,,,,,,,,,,,,,,,d|s,move_down|move_right,,0,0
8194,273133,,,,,,,,,,,,,,,,,,,,,,d|s,move_down|move_right,,0,0
8195,273167,,,,,,,,,,,,,,,,,,,,,,d|s,move_down|move_right,,0,0
8196,273200,,,,,,,,,,,,,,,,,,,,,,d|s,move_down|move_right,,0,0
8197,273233,,,,,,,,,,,,,,,,,,,,,,,,,0,0
8198,273267,,,,,,,,,,,,,,,,,,,,,,,,,0,0
8199,273300,,,,,,,,,,,,,,,,,,,,,,,,,0,0
8200,273333,,,,,,,,,,,,,,,,,,,,,,,,,0,0
8201,273367,,,,,,,,,,,,,,,,,,,,,,,,,0,0
8202,273400,,,,,,,,,,,,,,,,,,,,,,,,,0,0
8203,273433,,,,,,,,,,,,,,,,,,,,,,,,,0,0
8204,273467,,,,,,,,,,,,,,,,,,,,,,,,,0,0
8205,273500,,,,,,,,,,,,,,,,,,,,,,,,,0,0
8206,273533,,,,,,,,,,,,,,,,,,,,,,w,move_up,,0,0
8207,273567,,,,,,,,,,,,,,,,,,,,,,w,move_up,,0,0
8208,273600,,,,,,,,,,,,,,,,,,,,,,d|w,move_up|move_right,,0,0
8209,273633,,,,,,,,,,,,,,,,,,,,,,d|w,move_up|move_right,,0,0
8210,273667,,,,,,,,,,,,,,,,,,,,,,d|w,move_up|move_right,,0,0
8211,273700,,,,,,,,,,,,,,,,,,,,,,d|w,move_up|move_right,,0,0
8212,273733,,,,,,,,,,,,,,,,,,,,,,w,move_up,,0,0
8213,273767,,,,,,,,,,,,,,,,,,,,,,,,,0,0
8214,273800,,,,,,,,,,,,,,,,,,,,,,,,,0,0
8215,273833,,,,,,,,,,,,,,,,,,,,,,,,,0,0
8216,273867,,,,,,,,,,,,,,,,,,,,,,,,,0,0
8217,273900,,,,,,,,,,,,,,,,,,,,,,,,,0,0
8218,273933,,,,,,,,,,,,,,,,,,,,,,,,,0,0
8219,273967,,,,,,,,,,,,,,,,,,,,,,,,,0,0
8220,274000,,,,,,,,,,,,,,,,,,,,,,,,,0,0
8221,274033,,,,,,,,,,,,,,,,,,,,,,,,,0,0
8222,274067,,,,,,,,,,,,,,,,,,,,,,,,,0,0
8223,274100,,,,,,,,,,,,,,,,,,,,,,,,,0,0
8224,274133,,,,,,,,,,,,,,,,,,,,,,,,,0,0
8225,274167,,,,,,,,,,,,,,,,,,,,,,,,,0,0
8226,274200,,,,,,,,,,,,,,,,,,,,,,,,,0,0
8227,274233,,,,,,,,,,,,,,,,,,,,,,,,,0,0
8228,274267,,,,,,,,,,,,,,,,,,,,,,,,,0,0
8229,274300,,,,,,,,,,,,,,,,,,,,,,,,,0,0
8230,274333,,,,,,,,,,,,,,,,,,,,,,,,,0,0
8231,274367,,,,,,,,,,,,,,,,,,,,,,,,,0,0
8232,274400,,,,,,,,,,,,,,,,,,,,,,,,,0,0
8233,274433,,,,,,,,,,,,,,,,,,,,,,,,,0,0
8234,274467,,,,,,,,,,,,,,,,,,,,,,w,move_up,,0,0
8235,274500,,,,,,,,,,,,,,,,,,,,,,w,move_up,,0,0
8236,274533,,,,,,,,,,,,,,,,,,,,,,w,move_up,,0,0
8237,274567,,,,,,,,,,,,,,,,,,,,,,w,move_up,,0,0
8238,274600,,,,,,,,,,,,,,,,,,,,,,w,move_up,,0,0
8239,274633,,,,,,,,,,,,,,,,,,,,,,w,move_up,,0,0
8240,274667,,,,,,,,,,,,,,,,,,,,,,w,move_up,,0,0
8241,274700,,,,,,,,,,,,,,,,,,,,,,w,move_up,,0,0
8242,274733,,,,,,,,,,,,,,,,,,,,,,w,move_up,,0,0
8243,274767,,,,,,,,,,,,,,,,,,,,,,w,move_up,,0,0
8244,274800,,,,,,,,,,,,,,,,,,,,,,w,move_up,,0,0
8245,274833,,,,,,,,,,,,,,,,,,,,,,w,move_up,,0,0
8246,274867,,,,,,,,,,,,,,,,,,,,,,w,move_up,,0,0
8247,274900,,,,,,,,,,,,,,,,,,,,,,w,move_up,,0,0
8248,274933,,,,,,,,,,,,,,,,,,,,,,w,move_up,,0,0
8249,274967,,,,,,,,,,,,,,,,,,,,,,w,move_up,,0,0
8250,275000,,,,,,,,,,,,,,,,,,,,,,w,move_up,,0,0
8251,275033,,,,,,,,,,,,,,,,,,,,,,w,move_up,,0,0
8252,275067,,,,,,,,,,,,,,,,,,,,,,w,move_up,,0,0
8253,275100,,,,,,,,,,,,,,,,,,,,,,w,move_up,,0,0
8254,275133,,,,,,,,,,,,,,,,,,,,,,w,move_up,,0,0
8255,275167,,,,,,,,,,,,,,,,,,,,,,w,move_up,,0,0
8256,275200,,,,,,,,,,,,,,,,,,,,,,w,move_up,,0,0
8257,275233,,,,,,,,,,,,,,,,,,,,,,w,move_up,,0,0
8258,275267,,,,,,,,,,,,,,,,,,,,,,w,move_up,,0,0
8259,275300,,,,,,,,,,,,,,,,,,,,,,w,move_up,,0,0
8260,275333,,,,,,,,,,,,,,,,,,,,,,w,move_up,,0,0
8261,275367,,,,,,,,,,,,,,,,,,,,,,w,move_up,,0,0
8262,275400,,,,,,,,,,,,,,,,,,,,,,w,move_up,,0,0
8263,275433,,,,,,,,,,,,,,,,,,,,,,w,move_up,,0,0
8264,275467,,,,,,,,,,,,,,,,,,,,,,w,move_up,,0,0
8265,275500,,,,,,,,,,,,,,,,,,,,,,w,move_up,,0,0
8266,275533,,,,,,,,,,,,,,,,,,,,,,w,move_up,,0,0
8267,275567,,,,,,,,,,,,,,,,,,,,,,w,move_up,,0,0
8268,275600,,,,,,,,,,,,,,,,,,,,,,w,move_up,,0,0
8269,275633,,,,,,,,,,,,,,,,,,,,,,w,move_up,,0,0
8270,275667,,,,,,,,,,,,,,,,,,,,,,w,move_up,,0,0
8271,275700,,,,,,,,,,,,,,,,,,,,,,w,move_up,,0,0
8272,275733,,,,,,,,,,,,,,,,,,,,,,w,move_up,,0,0
8273,275767,,,,,,,,,,,,,,,,,,,,,,w,move_up,,0,0
8274,275800,,,,,,,,,,,,,,,,,,,,,,w,move_up,,0,0
8275,275833,,,,,,,,,,,,,,,,,,,,,,w,move_up,,0,0
8276,275867,,,,,,,,,,,,,,,,,,,,,,w,move_up,,0,0
8277,275900,,,,,,,,,,,,,,,,,,,,,,w,move_up,,0,0
8278,275933,,,,,,,,,,,,,,,,,,,,,,w,move_up,,0,0
8279,275967,,,,,,,,,,,,,,,,,,,,,,w,move_up,,0,0
8280,276000,,,,,,,,,,,,,,,,,,,,,,w,move_up,,0,0
8281,276033,,,,,,,,,,,,,,,,,,,,,,w,move_up,,0,0
8282,276067,,,,,,,,,,,,,,,,,,,,,,w,move_up,,0,0
8283,276100,,,,,,,,,,,,,,,,,,,,,,w,move_up,,0,0
8284,276133,,,,,,,,,,,,,,,,,,,,,,w,move_up,,0,0
8285,276167,,,,,,,,,,,,,,,,,,,,,,w,move_up,,0,0
8286,276200,,,,,,,,,,,,,,,,,,,,,,w,move_up,,0,0
8287,276233,,,,,,,,,,,,,,,,,,,,,,,,,0,0
8288,276267,,,,,,,,,,,,,,,,,,,,,,,,,0,0
8289,276300,,,,,,,,,,,,,,,,,,,,,,,,,0,0
8290,276333,,,,,,,,,,,,,,,,,,,,,,,,,0,0
8291,276367,,,,,,,,,,,,,,,,,,,,,,,,,0,0
8292,276400,,,,,,,,,,,,,,,,,,,,,,e,interact,,0,0
8293,276433,,,,,,,,,,,,,,,,,,,,,,e,interact,,0,0
8294,276467,,,,,,,,,,,,,,,,,,,,,,e,interact,,0,0
8295,276500,,,,,,,,,,,,,,,,,,,,,,,,,0,0
8296,276533,,,,,,,,,,,,,,,,,,,,,,,,,0,0
8297,276567,,,,,,,,,,,,,,,,,,,,,,,,,0,0
8298,276600,,,,,,,,,,,,,,,,,,,,,,,,,0,0
8299,276633,,,,,,,,,,,,,,,,,,,,,,,,,0,0
8300,276667,,,,,,,,,,,,,,,,,,,,,,,,,0,0
8301,276700,,,,,,,,,,,,,,,,,,,,,,,,,0,0
8302,276733,,,,,,,,,,,,,,,,,,,,,,,,,0,0
8303,276767,,,,,,,,,,,,,,,,,,,,,,,,,0,0
8304,276800,,,,,,,,,,,,,,,,,,,,,,,,,0,0
8305,276833,,,,,,,,,,,,,,,,,,,,,,,,,0,0
8306,276867,,,,,,,,,,,,,,,,,,,,,,w,move_up,,0,0
8307,276900,,,,,,,,,,,,,,,,,,,,,,w,move_up,,0,0
8308,276933,,,,,,,,,,,,,,,,,,,,,,w,move_up,,0,0
8309,276967,,,,,,,,,,,,,,,,,,,,,,w,move_up,,0,0
8310,277000,,,,,,,,,,,,,,,,,,,,,,w,move_up,,0,0
8311,277033,,,,,,,,,,,,,,,,,,,,,,w,move_up,,0,0
8312,277067,,,,,,,,,,,,,,,,,,,,,,,,,0,0
8313,277100,,,,,,,,,,,,,,,,,,,,,,,,,0,0
8314,277133,,,,,,,,,,,,,,,,,,,,,,,,,0,0
8315,277167,,,,,,,,,,,,,,,,,,,,,,,,,0,0
8316,277200,,,,,,,,,,,,,,,,,,,,,,,,,0,0
8317,277233,,,,,,,,,,,,,,,,,,,,,,,,,0,0
8318,277267,,,,,,,,,,,,,,,,,,,,,,,,,0,0
8319,277300,,,,,,,,,,,,,,,,,,,,,,,,,0,0
8320,277333,,,,,,,,,,,,,,,,,,,,,,,,,0,0
8321,277367,,,,,,,,,,,,,,,,,,,,,,,,,0,0
8322,277400,,,,,,,,,,,,,,,,,,,,,,,,,0,0
8323,277433,,,,,,,,,,,,,,,,,,,,,,,,,0,0
8324,277467,,,,,,,,,,,,,,,,,,,,,,,,,0,0
8325,277500,,,,,,,,,,,,,,,,,,,,,,,,,0,0
8326,277533,,,,,,,,,,,,,,,,,,,,,,,,,0,0
8327,277567,,,,,,,,,,,,,,,,,,,,,,,,,0,0
8328,277600,,,,,,,,,,,,,,,,,,,,,,,,,0,0
8329,277633,,,,,,,,,,,,,,,,,,,,,,,,,0,0
8330,277667,,,,,,,,,,,,,,,,,,,,,,,,,0,0
8331,277700,,,,,,,,,,,,,,,,,,,,,,,,,0,0
8332,277733,,,,,,,,,,,,,,,,,,,,,,,,,0,0
8333,277767,,,,,,,,,,,,,,,,,,,,,,,,,0,0
8334,277800,,,,,,,,,,,,,,,,,,,,,,,,,0,0
8335,277833,,,,,,,,,,,,,,,,,,,,,,,,,0,0
8336,277867,,,,,,,,,,,,,,,,,,,,,,,,,0,0
8337,277900,,,,,,,,,,,,,,,,,,,,,,,,,0,0
8338,277933,,,,,,,,,,,,,,,,,,,,,,,,,0,0
8339,277967,,,,,,,,,,,,,,,,,,,,,,,,,0,0
8340,278000,,,,,,,,,,,,,,,,,,,,,,,,,0,0
8341,278033,,,,,,,,,,,,,,,,,,,,,,,,,0,0
8342,278067,,,,,,,,,,,,,,,,,,,,,,,,,0,0
8343,278100,,,,,,,,,,,,,,,,,,,,,,,,,0,0
8344,278133,,,,,,,,,,,,,,,,,,,,,,,,,0,0
8345,278167,,,,,,,,,,,,,,,,,,,,,,,,,0,0
8346,278200,,,,,,,,,,,,,,,,,,,,,,,,,0,0
8347,278233,,,,,,,,,,,,,,,,,,,,,,,,,0,0
8348,278267,,,,,,,,,,,,,,,,,,,,,,,,,0,0
8349,278300,,,,,,,,,,,,,,,,,,,,,,,,,0,0
8350,278333,,,,,,,,,,,,,,,,,,,,,,,,,0,0
8351,278367,,,,,,,,,,,,,,,,,,,,,,,,,0,0
8352,278400,,,,,,,,,,,,,,,,,,,,,,,,,0,0
8353,278433,,,,,,,,,,,,,,,,,,,,,,,,,0,0
8354,278467,,,,,,,,,,,,,,,,,,,,,,,,,0,0
8355,278500,,,,,,,,,,,,,,,,,,,,,,,,,0,0
8356,278533,,,,,,,,,,,,,,,,,,,,,,,,,0,0
8357,278567,,,,,,,,,,,,,,,,,,,,,,,,,0,0
8358,278600,,,,,,,,,,,,,,,,,,,,,,,,,0,0
8359,278633,,,,,,,,,,,,,,,,,,,,,,,,,0,0
8360,278667,,,,,,,,,,,,,,,,,,,,,,,,,0,0
8361,278700,,,,,,,,,,,,,,,,,,,,,,,,,0,0
8362,278733,,,,,,,,,,,,,,,,,,,,,,,,,0,0
8363,278767,,,,,,,,,,,,,,,,,,,,,,,,,0,0
8364,278800,,,,,,,,,,,,,,,,,,,,,,,,,0,0
8365,278833,,,,,,,,,,,,,,,,,,,,,,,,,0,0
8366,278867,,,,,,,,,,,,,,,,,,,,,,,,,0,0
8367,278900,,,,,,,,,,,,,,,,,,,,,,,,,0,0
8368,278933,,,,,,,,,,,,,,,,,,,,,,,,,0,0
8369,278967,,,,,,,,,,,,,,,,,,,,,,,,,0,0
8370,279000,,,,,,,,,,,,,,,,,,,,,,w,move_up,,0,0
8371,279033,,,,,,,,,,,,,,,,,,,,,,w,move_up,,0,0
8372,279067,,,,,,,,,,,,,,,,,,,,,,w,move_up,,0,0
8373,279100,,,,,,,,,,,,,,,,,,,,,,w,move_up,,0,0
8374,279133,,,,,,,,,,,,,,,,,,,,,,a|w,move_up|move_left,,0,0
8375,279167,,,,,,,,,,,,,,,,,,,,,,a|w,move_up|move_left,,0,0
8376,279200,,,,,,,,,,,,,,,,,,,,,,a|w,move_up|move_left,,0,0
8377,279233,,,,,,,,,,,,,,,,,,,,,,a|w,move_up|move_left,,0,0
8378,279267,,,,,,,,,,,,,,,,,,,,,,a|w,move_up|move_left,,0,0
8379,279300,,,,,,,,,,,,,,,,,,,,,,a|w,move_up|move_left,,0,0
8380,279333,,,,,,,,,,,,,,,,,,,,,,a|w,move_up|move_left,,0,0
8381,279367,,,,,,,,,,,,,,,,,,,,,,a|w,move_up|move_left,,0,0
8382,279400,,,,,,,,,,,,,,,,,,,,,,a|w,move_up|move_left,,0,0
8383,279433,,,,,,,,,,,,,,,,,,,,,,a|w,move_up|move_left,,0,0
8384,279467,,,,,,,,,,,,,,,,,,,,,,a|w,move_up|move_left,,0,0
8385,279500,,,,,,,,,,,,,,,,,,,,,,a|w,move_up|move_left,,0,0
8386,279533,,,,,,,,,,,,,,,,,,,,,,a|w,move_up|move_left,,0,0
8387,279567,,,,,,,,,,,,,,,,,,,,,,a|w,move_up|move_left,,0,0
8388,279600,,,,,,,,,,,,,,,,,,,,,,a|w,move_up|move_left,,0,0
8389,279633,,,,,,,,,,,,,,,,,,,,,,a|w,move_up|move_left,,0,0
8390,279667,,,,,,,,,,,,,,,,,,,,,,a|w,move_up|move_left,,0,0
8391,279700,,,,,,,,,,,,,,,,,,,,,,a|w,move_up|move_left,,0,0
8392,279733,,,,,,,,,,,,,,,,,,,,,,a|w,move_up|move_left,,0,0
8393,279767,,,,,,,,,,,,,,,,,,,,,,a|w,move_up|move_left,,0,0
8394,279800,,,,,,,,,,,,,,,,,,,,,,a|w,move_up|move_left,,0,0
8395,279833,,,,,,,,,,,,,,,,,,,,,,a|w,move_up|move_left,,0,0
8396,279867,,,,,,,,,,,,,,,,,,,,,,a|w,move_up|move_left,,0,0
8397,279900,,,,,,,,,,,,,,,,,,,,,,a|w,move_up|move_left,,0,0
8398,279933,,,,,,,,,,,,,,,,,,,,,,a|w,move_up|move_left,,0,0
8399,279967,,,,,,,,,,,,,,,,,,,,,,a|w,move_up|move_left,,0,0
8400,280000,,,,,,,,,,,,,,,,,,,,,,a|w,move_up|move_left,,0,0
8401,280033,,,,,,,,,,,,,,,,,,,,,,a|w,move_up|move_left,,0,0
8402,280067,,,,,,,,,,,,,,,,,,,,,,a|w,move_up|move_left,,0,0
8403,280100,,,,,,,,,,,,,,,,,,,,,,a|w,move_up|move_left,,0,0
8404,280133,,,,,,,,,,,,,,,,,,,,,,a|w,move_up|move_left,,0,0
8405,280167,,,,,,,,,,,,,,,,,,,,,,a|w,move_up|move_left,,0,0
8406,280200,,,,,,,,,,,,,,,,,,,,,,a|w,move_up|move_left,,0,0
8407,280233,,,,,,,,,,,,,,,,,,,,,,a|w,move_up|move_left,,0,0
8408,280267,,,,,,,,,,,,,,,,,,,,,,a|w,move_up|move_left,,0,0
8409,280300,,,,,,,,,,,,,,,,,,,,,,a|w,move_up|move_left,,0,0
8410,280333,,,,,,,,,,,,,,,,,,,,,,a|w,move_up|move_left,,0,0
8411,280367,,,,,,,,,,,,,,,,,,,,,,a|w,move_up|move_left,,0,0
8412,280400,,,,,,,,,,,,,,,,,,,,,,a|w,move_up|move_left,,0,0
8413,280433,,,,,,,,,,,,,,,,,,,,,,a|w,move_up|move_left,,0,0
8414,280467,,,,,,,,,,,,,,,,,,,,,,a|w,move_up|move_left,,0,0
8415,280500,,,,,,,,,,,,,,,,,,,,,,a|w,move_up|move_left,,0,0
8416,280533,,,,,,,,,,,,,,,,,,,,,,w,move_up,,0,0
8417,280567,,,,,,,,,,,,,,,,,,,,,,w,move_up,,0,0
8418,280600,,,,,,,,,,,,,,,,,,,,,,w,move_up,,0,0
8419,280633,,,,,,,,,,,,,,,,,,,,,,w,move_up,,0,0
8420,280667,,,,,,,,,,,,,,,,,,,,,,w,move_up,,0,0
8421,280700,,,,,,,,,,,,,,,,,,,,,,,,,0,0
8422,280733,,,,,,,,,,,,,,,,,,,,,,,,,0,0
8423,280767,,,,,,,,,,,,,,,,,,,,,,a,move_left,,0,0
8424,280800,,,,,,,,,,,,,,,,,,,,,,a|w,move_up|move_left,,0,0
8425,280833,,,,,,,,,,,,,,,,,,,,,,a|w,move_up|move_left,,0,0
8426,280867,,,,,,,,,,,,,,,,,,,,,,a|w,move_up|move_left,,0,0
8427,280900,,,,,,,,,,,,,,,,,,,,,,a|w,move_up|move_left,,0,0
8428,280933,,,,,,,,,,,,,,,,,,,,,,a|w,move_up|move_left,,0,0
8429,280967,,,,,,,,,,,,,,,,,,,,,,a|w,move_up|move_left,,0,0
8430,281000,,,,,,,,,,,,,,,,,,,,,,a|w,move_up|move_left,,0,0
8431,281033,,,,,,,,,,,,,,,,,,,,,,a|w,move_up|move_left,,0,0
8432,281067,,,,,,,,,,,,,,,,,,,,,,a|w,move_up|move_left,,0,0
8433,281100,,,,,,,,,,,,,,,,,,,,,,a|w,move_up|move_left,,0,0
8434,281133,,,,,,,,,,,,,,,,,,,,,,a|w,move_up|move_left,,0,0
8435,281167,,,,,,,,,,,,,,,,,,,,,,a,move_left,,0,0
8436,281200,,,,,,,,,,,,,,,,,,,,,,a,move_left,,0,0
8437,281233,,,,,,,,,,,,,,,,,,,,,,a,move_left,,0,0
8438,281267,,,,,,,,,,,,,,,,,,,,,,a,move_left,,0,0
8439,281300,,,,,,,,,,,,,,,,,,,,,,a,move_left,,0,0
8440,281333,,,,,,,,,,,,,,,,,,,,,,a,move_left,,0,0
8441,281367,,,,,,,,,,,,,,,,,,,,,,a,move_left,,0,0
8442,281400,,,,,,,,,,,,,,,,,,,,,,a,move_left,,0,0
8443,281433,,,,,,,,,,,,,,,,,,,,,,a,move_left,,0,0
8444,281467,,,,,,,,,,,,,,,,,,,,,,a,move_left,,0,0
8445,281500,,,,,,,,,,,,,,,,,,,,,,a,move_left,,0,0
8446,281533,,,,,,,,,,,,,,,,,,,,,,a|w,move_up|move_left,,0,0
8447,281567,,,,,,,,,,,,,,,,,,,,,,a|w,move_up|move_left,,0,0
8448,281600,,,,,,,,,,,,,,,,,,,,,,a|w,move_up|move_left,,0,0
8449,281633,,,,,,,,,,,,,,,,,,,,,,a|w,move_up|move_left,,0,0
8450,281667,,,,,,,,,,,,,,,,,,,,,,a|w,move_up|move_left,,0,0
8451,281700,,,,,,,,,,,,,,,,,,,,,,a|w,move_up|move_left,,0,0
8452,281733,,,,,,,,,,,,,,,,,,,,,,a|w,move_up|move_left,,0,0
8453,281767,,,,,,,,,,,,,,,,,,,,,,a|w,move_up|move_left,,0,0
8454,281800,,,,,,,,,,,,,,,,,,,,,,a|w,move_up|move_left,,0,0
8455,281833,,,,,,,,,,,,,,,,,,,,,,a|w,move_up|move_left,,0,0
8456,281867,,,,,,,,,,,,,,,,,,,,,,w,move_up,,0,0
8457,281900,,,,,,,,,,,,,,,,,,,,,,w,move_up,,0,0
8458,281933,,,,,,,,,,,,,,,,,,,,,,w,move_up,,0,0
8459,281967,,,,,,,,,,,,,,,,,,,,,,w,move_up,,0,0
8460,282000,,,,,,,,,,,,,,,,,,,,,,w,move_up,,0,0
8461,282033,,,,,,,,,,,,,,,,,,,,,,w,move_up,,0,0
8462,282067,,,,,,,,,,,,,,,,,,,,,,w,move_up,,0,0
8463,282100,,,,,,,,,,,,,,,,,,,,,,w,move_up,,0,0
8464,282133,,,,,,,,,,,,,,,,,,,,,,w,move_up,,0,0
8465,282167,,,,,,,,,,,,,,,,,,,,,,w,move_up,,0,0
8466,282200,,,,,,,,,,,,,,,,,,,,,,w,move_up,,0,0
8467,282233,,,,,,,,,,,,,,,,,,,,,,w,move_up,,0,0
8468,282267,,,,,,,,,,,,,,,,,,,,,,w,move_up,,0,0
8469,282300,,,,,,,,,,,,,,,,,,,,,,w,move_up,,0,0
8470,282333,,,,,,,,,,,,,,,,,,,,,,w,move_up,,0,0
8471,282367,,,,,,,,,,,,,,,,,,,,,,w,move_up,,0,0
8472,282400,,,,,,,,,,,,,,,,,,,,,,w,move_up,,0,0
8473,282433,,,,,,,,,,,,,,,,,,,,,,w,move_up,,0,0
8474,282467,,,,,,,,,,,,,,,,,,,,,,w,move_up,,0,0
8475,282500,,,,,,,,,,,,,,,,,,,,,,d|w,move_up|move_right,,0,0
8476,282533,,,,,,,,,,,,,,,,,,,,,,d|w,move_up|move_right,,0,0
8477,282567,,,,,,,,,,,,,,,,,,,,,,d|w,move_up|move_right,,0,0
8478,282600,,,,,,,,,,,,,,,,,,,,,,w,move_up,,0,0
8479,282633,,,,,,,,,,,,,,,,,,,,,,w,move_up,,0,0
8480,282667,,,,,,,,,,,,,,,,,,,,,,w,move_up,,0,0
8481,282700,,,,,,,,,,,,,,,,,,,,,,w,move_up,,0,0
8482,282733,,,,,,,,,,,,,,,,,,,,,,w,move_up,,0,0
8483,282767,,,,,,,,,,,,,,,,,,,,,,a|w,move_up|move_left,,0,0
8484,282800,,,,,,,,,,,,,,,,,,,,,,a|w,move_up|move_left,,0,0
8485,282833,,,,,,,,,,,,,,,,,,,,,,a|w,move_up|move_left,,0,0
8486,282867,,,,,,,,,,,,,,,,,,,,,,a|w,move_up|move_left,,0,0
8487,282900,,,,,,,,,,,,,,,,,,,,,,a,move_left,,0,0
8488,282933,,,,,,,,,,,,,,,,,,,,,,a,move_left,,0,0
8489,282967,,,,,,,,,,,,,,,,,,,,,,a,move_left,,0,0
8490,283000,,,,,,,,,,,,,,,,,,,,,,a,move_left,,0,0
8491,283033,,,,,,,,,,,,,,,,,,,,,,a,move_left,,0,0
8492,283067,,,,,,,,,,,,,,,,,,,,,,a,move_left,,0,0
8493,283100,,,,,,,,,,,,,,,,,,,,,,a,move_left,,0,0
8494,283133,,,,,,,,,,,,,,,,,,,,,,,,,0,0
8495,283167,,,,,,,,,,,,,,,,,,,,,,,,,0,0
8496,283200,,,,,,,,,,,,,,,,,,,,,,,,,0,0
8497,283233,,,,,,,,,,,,,,,,,,,,,,,,,0,0
8498,283267,,,,,,,,,,,,,,,,,,,,,,,,,0,0
8499,283300,,,,,,,,,,,,,,,,,,,,,,,,,0,0
8500,283333,,,,,,,,,,,,,,,,,,,,,,,,,0,0
8501,283367,,,,,,,,,,,,,,,,,,,,,,,,,0,0
8502,283400,,,,,,,,,,,,,,,,,,,,,,,,,0,0
8503,283433,,,,,,,,,,,,,,,,,,,,,,w,move_up,,0,0
8504,283467,,,,,,,,,,,,,,,,,,,,,,w,move_up,,0,0
8505,283500,,,,,,,,,,,,,,,,,,,,,,a|w,move_up|move_left,,0,0
8506,283533,,,,,,,,,,,,,,,,,,,,,,a|w,move_up|move_left,,0,0
8507,283567,,,,,,,,,,,,,,,,,,,,,,a|w,move_up|move_left,,0,0
8508,283600,,,,,,,,,,,,,,,,,,,,,,a|w,move_up|move_left,,0,0
8509,283633,,,,,,,,,,,,,,,,,,,,,,a|w,move_up|move_left,,0,0
8510,283667,,,,,,,,,,,,,,,,,,,,,,a|w,move_up|move_left,,0,0
8511,283700,,,,,,,,,,,,,,,,,,,,,,a|w,move_up|move_left,,0,0
8512,283733,,,,,,,,,,,,,,,,,,,,,,a|w,move_up|move_left,,0,0
8513,283767,,,,,,,,,,,,,,,,,,,,,,a|w,move_up|move_left,,0,0
8514,283800,,,,,,,,,,,,,,,,,,,,,,a|w,move_up|move_left,,0,0
8515,283833,,,,,,,,,,,,,,,,,,,,,,a|w,move_up|move_left,,0,0
8516,283867,,,,,,,,,,,,,,,,,,,,,,a|w,move_up|move_left,,0,0
8517,283900,,,,,,,,,,,,,,,,,,,,,,a|w,move_up|move_left,,0,0
8518,283933,,,,,,,,,,,,,,,,,,,,,,a|w,move_up|move_left,,0,0
8519,283967,,,,,,,,,,,,,,,,,,,,,,a|w,move_up|move_left,,0,0
8520,284000,,,,,,,,,,,,,,,,,,,,,,a|w,move_up|move_left,,0,0
8521,284033,,,,,,,,,,,,,,,,,,,,,,a|w,move_up|move_left,,0,0
8522,284067,,,,,,,,,,,,,,,,,,,,,,a|w,move_up|move_left,,0,0
8523,284100,,,,,,,,,,,,,,,,,,,,,,w,move_up,,0,0
8524,284133,,,,,,,,,,,,,,,,,,,,,,w,move_up,,0,0
8525,284167,,,,,,,,,,,,,,,,,,,,,,w,move_up,,0,0
8526,284200,,,,,,,,,,,,,,,,,,,,,,w,move_up,,0,0
8527,284233,,,,,,,,,,,,,,,,,,,,,,w,move_up,,0,0
8528,284267,,,,,,,,,,,,,,,,,,,,,,w,move_up,,0,0
8529,284300,,,,,,,,,,,,,,,,,,,,,,w,move_up,,0,0
8530,284333,,,,,,,,,,,,,,,,,,,,,,w,move_up,,0,0
8531,284367,,,,,,,,,,,,,,,,,,,,,,w,move_up,,0,0
8532,284400,,,,,,,,,,,,,,,,,,,,,,w,move_up,,0,0
8533,284433,,,,,,,,,,,,,,,,,,,,,,w,move_up,,0,0
8534,284467,,,,,,,,,,,,,,,,,,,,,,d|w,move_up|move_right,,0,0
8535,284500,,,,,,,,,,,,,,,,,,,,,,d|w,move_up|move_right,,0,0
8536,284533,,,,,,,,,,,,,,,,,,,,,,d|w,move_up|move_right,,0,0
8537,284567,,,,,,,,,,,,,,,,,,,,,,d|w,move_up|move_right,,0,0
8538,284600,,,,,,,,,,,,,,,,,,,,,,w,move_up,,0,0
8539,284633,,,,,,,,,,,,,,,,,,,,,,w,move_up,,0,0
8540,284667,,,,,,,,,,,,,,,,,,,,,,w,move_up,,0,0
8541,284700,,,,,,,,,,,,,,,,,,,,,,w,move_up,,0,0
8542,284733,,,,,,,,,,,,,,,,,,,,,,w,move_up,,0,0
8543,284767,,,,,,,,,,,,,,,,,,,,,,w,move_up,,0,0
8544,284800,,,,,,,,,,,,,,,,,,,,,,w,move_up,,0,0
8545,284833,,,,,,,,,,,,,,,,,,,,,,w,move_up,,0,0
8546,284867,,,,,,,,,,,,,,,,,,,,,,w,move_up,,0,0
8547,284900,,,,,,,,,,,,,,,,,,,,,,w,move_up,,0,0
8548,284933,,,,,,,,,,,,,,,,,,,,,,w,move_up,,0,0
8549,284967,,,,,,,,,,,,,,,,,,,,,,w,move_up,,0,0
8550,285000,,,,,,,,,,,,,,,,,,,,,,w,move_up,,0,0
8551,285033,,,,,,,,,,,,,,,,,,,,,,w,move_up,,0,0
8552,285067,,,,,,,,,,,,,,,,,,,,,,w,move_up,,0,0
8553,285100,,,,,,,,,,,,,,,,,,,,,,w,move_up,,0,0
8554,285133,,,,,,,,,,,,,,,,,,,,,,w,move_up,,0,0
8555,285167,,,,,,,,,,,,,,,,,,,,,,w,move_up,,0,0
8556,285200,,,,,,,,,,,,,,,,,,,,,,w,move_up,,0,0
8557,285233,,,,,,,,,,,,,,,,,,,,,,w,move_up,,0,0
8558,285267,,,,,,,,,,,,,,,,,,,,,,w,move_up,,0,0
8559,285300,,,,,,,,,,,,,,,,,,,,,,w,move_up,,0,0
8560,285333,,,,,,,,,,,,,,,,,,,,,,w,move_up,,0,0
8561,285367,,,,,,,,,,,,,,,,,,,,,,w,move_up,,0,0
8562,285400,,,,,,,,,,,,,,,,,,,,,,w,move_up,,0,0
8563,285433,,,,,,,,,,,,,,,,,,,,,,w,move_up,,0,0
8564,285467,,,,,,,,,,,,,,,,,,,,,,w,move_up,,0,0
8565,285500,,,,,,,,,,,,,,,,,,,,,,w,move_up,,0,0
8566,285533,,,,,,,,,,,,,,,,,,,,,,w,move_up,,0,0
8567,285567,,,,,,,,,,,,,,,,,,,,,,w,move_up,,0,0
8568,285600,,,,,,,,,,,,,,,,,,,,,,w,move_up,,0,0
8569,285633,,,,,,,,,,,,,,,,,,,,,,w,move_up,,0,0
8570,285667,,,,,,,,,,,,,,,,,,,,,,w,move_up,,0,0
8571,285700,,,,,,,,,,,,,,,,,,,,,,e|w,interact|move_up,,0,0
8572,285733,,,,,,,,,,,,,,,,,,,,,,e|w,interact|move_up,,0,0
8573,285767,,,,,,,,,,,,,,,,,,,,,,e,interact,,0,0
8574,285800,,,,,,,,,,,,,,,,,,,,,,e,interact,,0,0
8575,285833,,,,,,,,,,,,,,,,,,,,,,,,,0,0
8576,285867,,,,,,,,,,,,,,,,,,,,,,,,,0,0
8577,285900,,,,,,,,,,,,,,,,,,,,,,,,,0,0
8578,285933,,,,,,,,,,,,,,,,,,,,,,,,,0,0
8579,285967,,,,,,,,,,,,,,,,,,,,,,d,move_right,,0,0
8580,286000,,,,,,,,,,,,,,,,,,,,,,d,move_right,,0,0
8581,286033,,,,,,,,,,,,,,,,,,,,,,d,move_right,,0,0
8582,286067,,,,,,,,,,,,,,,,,,,,,,d,move_right,,0,0
8583,286100,,,,,,,,,,,,,,,,,,,,,,d,move_right,,0,0
8584,286133,,,,,,,,,,,,,,,,,,,,,,d,move_right,,0,0
8585,286167,,,,,,,,,,,,,,,,,,,,,,,,,0,0
8586,286200,,,,,,,,,,,,,,,,,,,,,,,,,0,0
8587,286233,,,,,,,,,,,,,,,,,,,,,,,,,0,0
8588,286267,,,,,,,,,,,,,,,,,,,,,,,,,0,0
8589,286300,,,,,,,,,,,,,,,,,,,,,,,,,0,0
8590,286333,,,,,,,,,,,,,,,,,,,,,,,,,0,0
8591,286367,,,,,,,,,,,,,,,,,,,,,,,,,0,0
8592,286400,,,,,,,,,,,,,,,,,,,,,,,,,0,0
8593,286433,,,,,,,,,,,,,,,,,,,,,,,,,0,0
8594,286467,,,,,,,,,,,,,,,,,,,,,,,,,0,0
8595,286500,,,,,,,,,,,,,,,,,,,,,,,,,0,0
8596,286533,,,,,,,,,,,,,,,,,,,,,,,,,0,0
8597,286567,,,,,,,,,,,,,,,,,,,,,,,,,0,0
8598,286600,,,,,,,,,,,,,,,,,,,,,,,,,0,0
8599,286633,,,,,,,,,,,,,,,,,,,,,,,,,0,0
8600,286667,,,,,,,,,,,,,,,,,,,,,,,,,0,0
8601,286700,,,,,,,,,,,,,,,,,,,,,,,,,0,0
8602,286733,,,,,,,,,,,,,,,,,,,,,,,,,0,0
8603,286767,,,,,,,,,,,,,,,,,,,,,,,,,0,0
8604,286800,,,,,,,,,,,,,,,,,,,,,,,,,0,0
8605,286833,,,,,,,,,,,,,,,,,,,,,,,,,0,0
8606,286867,,,,,,,,,,,,,,,,,,,,,,,,,0,0
8607,286900,,,,,,,,,,,,,,,,,,,,,,,,,0,0
8608,286933,,,,,,,,,,,,,,,,,,,,,,,,,0,0
8609,286967,,,,,,,,,,,,,,,,,,,,,,,,,0,0
8610,287000,,,,,,,,,,,,,,,,,,,,,,,,,0,0
8611,287033,,,,,,,,,,,,,,,,,,,,,,,,,0,0
8612,287067,,,,,,,,,,,,,,,,,,,,,,,,,0,0
8613,287100,,,,,,,,,,,,,,,,,,,,,,,,,0,0
8614,287133,,,,,,,,,,,,,,,,,,,,,,,,,0,0
8615,287167,,,,,,,,,,,,,,,,,,,,,,,,,0,0
8616,287200,,,,,,,,,,,,,,,,,,,,,,,,,0,0
8617,287233,,,,,,,,,,,,,,,,,,,,,,,,,0,0
8618,287267,,,,,,,,,,,,,,,,,,,,,,,,,0,0
8619,287300,,,,,,,,,,,,,,,,,,,,,,,,,0,0
8620,287333,,,,,,,,,,,,,,,,,,,,,,,,,0,0
8621,287367,,,,,,,,,,,,,,,,,,,,,,,,,0,0
8622,287400,,,,,,,,,,,,,,,,,,,,,,,,,0,0
8623,287433,,,,,,,,,,,,,,,,,,,,,,,,,0,0
8624,287467,,,,,,,,,,,,,,,,,,,,,,,,,0,0
8625,287500,,,,,,,,,,,,,,,,,,,,,,,,,0,0
8626,287533,,,,,,,,,,,,,,,,,,,,,,,,,0,0
8627,287567,,,,,,,,,,,,,,,,,,,,,,,,,0,0
8628,287600,,,,,,,,,,,,,,,,,,,,,,,,,0,0
8629,287633,,,,,,,,,,,,,,,,,,,,,,,,,0,0
8630,287667,,,,,,,,,,,,,,,,,,,,,,,,,0,0
8631,287700,,,,,,,,,,,,,,,,,,,,,,,,,0,0
8632,287733,,,,,,,,,,,,,,,,,,,,,,w,move_up,,0,0
8633,287767,,,,,,,,,,,,,,,,,,,,,,w,move_up,,0,0
8634,287800,,,,,,,,,,,,,,,,,,,,,,w,move_up,,0,0
8635,287833,,,,,,,,,,,,,,,,,,,,,,w,move_up,,0,0
8636,287867,,,,,,,,,,,,,,,,,,,,,,w,move_up,,0,0
8637,287900,,,,,,,,,,,,,,,,,,,,,,w,move_up,,0,0
8638,287933,,,,,,,,,,,,,,,,,,,,,,w,move_up,,0,0
8639,287967,,,,,,,,,,,,,,,,,,,,,,w,move_up,,0,0
8640,288000,,,,,,,,,,,,,,,,,,,,,,w,move_up,,0,0
8641,288033,,,,,,,,,,,,,,,,,,,,,,w,move_up,,0,0
8642,288067,,,,,,,,,,,,,,,,,,,,,,w,move_up,,0,0
8643,288100,,,,,,,,,,,,,,,,,,,,,,w,move_up,,0,0
8644,288133,,,,,,,,,,,,,,,,,,,,,,w,move_up,,0,0
8645,288167,,,,,,,,,,,,,,,,,,,,,,w,move_up,,0,0
8646,288200,,,,,,,,,,,,,,,,,,,,,,w,move_up,,0,0
8647,288233,,,,,,,,,,,,,,,,,,,,,,w,move_up,,0,0
8648,288267,,,,,,,,,,,,,,,,,,,,,,w,move_up,,0,0
8649,288300,,,,,,,,,,,,,,,,,,,,,,w,move_up,,0,0
8650,288333,,,,,,,,,,,,,,,,,,,,,,w,move_up,,0,0
8651,288367,,,,,,,,,,,,,,,,,,,,,,w,move_up,,0,0
8652,288400,,,,,,,,,,,,,,,,,,,,,,w,move_up,,0,0
8653,288433,,,,,,,,,,,,,,,,,,,,,,w,move_up,,0,0
8654,288467,,,,,,,,,,,,,,,,,,,,,,w,move_up,,0,0
8655,288500,,,,,,,,,,,,,,,,,,,,,,w,move_up,,0,0
8656,288533,,,,,,,,,,,,,,,,,,,,,,w,move_up,,0,0
8657,288567,,,,,,,,,,,,,,,,,,,,,,w,move_up,,0,0
8658,288600,,,,,,,,,,,,,,,,,,,,,,w,move_up,,0,0
8659,288633,,,,,,,,,,,,,,,,,,,,,,w,move_up,,0,0
8660,288667,,,,,,,,,,,,,,,,,,,,,,w,move_up,,0,0
8661,288700,,,,,,,,,,,,,,,,,,,,,,w,move_up,,0,0
8662,288733,,,,,,,,,,,,,,,,,,,,,,w,move_up,,0,0
8663,288767,,,,,,,,,,,,,,,,,,,,,,w,move_up,,0,0
8664,288800,,,,,,,,,,,,,,,,,,,,,,w,move_up,,0,0
8665,288833,,,,,,,,,,,,,,,,,,,,,,w,move_up,,0,0
8666,288867,,,,,,,,,,,,,,,,,,,,,,w,move_up,,0,0
8667,288900,,,,,,,,,,,,,,,,,,,,,,a|w,move_up|move_left,,0,0
8668,288933,,,,,,,,,,,,,,,,,,,,,,a|w,move_up|move_left,,0,0
8669,288967,,,,,,,,,,,,,,,,,,,,,,a|w,move_up|move_left,,0,0
8670,289000,,,,,,,,,,,,,,,,,,,,,,a|w,move_up|move_left,,0,0
8671,289033,,,,,,,,,,,,,,,,,,,,,,a|w,move_up|move_left,,0,0
8672,289067,,,,,,,,,,,,,,,,,,,,,,a|w,move_up|move_left,,0,0
8673,289100,,,,,,,,,,,,,,,,,,,,,,a|w,move_up|move_left,,0,0
8674,289133,,,,,,,,,,,,,,,,,,,,,,a|w,move_up|move_left,,0,0
8675,289167,,,,,,,,,,,,,,,,,,,,,,a|w,move_up|move_left,,0,0
8676,289200,,,,,,,,,,,,,,,,,,,,,,a|w,move_up|move_left,,0,0
8677,289233,,,,,,,,,,,,,,,,,,,,,,a|w,move_up|move_left,,0,0
8678,289267,,,,,,,,,,,,,,,,,,,,,,a|w,move_up|move_left,,0,0
8679,289300,,,,,,,,,,,,,,,,,,,,,,a|w,move_up|move_left,,0,0
8680,289333,,,,,,,,,,,,,,,,,,,,,,a|w,move_up|move_left,,0,0
8681,289367,,,,,,,,,,,,,,,,,,,,,,a|w,move_up|move_left,,0,0
8682,289400,,,,,,,,,,,,,,,,,,,,,,a|w,move_up|move_left,,0,0
8683,289433,,,,,,,,,,,,,,,,,,,,,,w,move_up,,0,0
8684,289467,,,,,,,,,,,,,,,,,,,,,,w,move_up,,0,0
8685,289500,,,,,,,,,,,,,,,,,,,,,,w,move_up,,0,0
8686,289533,,,,,,,,,,,,,,,,,,,,,,w,move_up,,0,0
8687,289567,,,,,,,,,,,,,,,,,,,,,,w,move_up,,0,0
8688,289600,,,,,,,,,,,,,,,,,,,,,,w,move_up,,0,0
8689,289633,,,,,,,,,,,,,,,,,,,,,,w,move_up,,0,0
8690,289667,,,,,,,,,,,,,,,,,,,,,,w,move_up,,0,0
8691,289700,,,,,,,,,,,,,,,,,,,,,,w,move_up,,0,0
8692,289733,,,,,,,,,,,,,,,,,,,,,,w,move_up,,0,0
8693,289767,,,,,,,,,,,,,,,,,,,,,,w,move_up,,0,0
8694,289800,,,,,,,,,,,,,,,,,,,,,,w,move_up,,0,0
8695,289833,,,,,,,,,,,,,,,,,,,,,,w,move_up,,0,0
8696,289867,,,,,,,,,,,,,,,,,,,,,,w,move_up,,0,0
8697,289900,,,,,,,,,,,,,,,,,,,,,,w,move_up,,0,0
8698,289933,,,,,,,,,,,,,,,,,,,,,,w,move_up,,0,0
8699,289967,,,,,,,,,,,,,,,,,,,,,,a|w,move_up|move_left,,0,0
8700,290000,,,,,,,,,,,,,,,,,,,,,,a|w,move_up|move_left,,0,0
8701,290033,,,,,,,,,,,,,,,,,,,,,,a|w,move_up|move_left,,0,0
8702,290067,,,,,,,,,,,,,,,,,,,,,,a|w,move_up|move_left,,0,0
8703,290100,,,,,,,,,,,,,,,,,,,,,,a|w,move_up|move_left,,0,0
8704,290133,,,,,,,,,,,,,,,,,,,,,,w,move_up,,0,0
8705,290167,,,,,,,,,,,,,,,,,,,,,,w,move_up,,0,0
8706,290200,,,,,,,,,,,,,,,,,,,,,,w,move_up,,0,0
8707,290233,,,,,,,,,,,,,,,,,,,,,,w,move_up,,0,0
8708,290267,,,,,,,,,,,,,,,,,,,,,,w,move_up,,0,0
8709,290300,,,,,,,,,,,,,,,,,,,,,,w,move_up,,0,0
8710,290333,,,,,,,,,,,,,,,,,,,,,,w,move_up,,0,0
8711,290367,,,,,,,,,,,,,,,,,,,,,,w,move_up,,0,0
8712,290400,,,,,,,,,,,,,,,,,,,,,,w,move_up,,0,0
8713,290433,,,,,,,,,,,,,,,,,,,,,,w,move_up,,0,0
8714,290467,,,,,,,,,,,,,,,,,,,,,,w,move_up,,0,0
8715,290500,,,,,,,,,,,,,,,,,,,,,,w,move_up,,0,0
8716,290533,,,,,,,,,,,,,,,,,,,,,,w,move_up,,0,0
8717,290567,,,,,,,,,,,,,,,,,,,,,,w,move_up,,0,0
8718,290600,,,,,,,,,,,,,,,,,,,,,,w,move_up,,0,0
8719,290633,,,,,,,,,,,,,,,,,,,,,,w,move_up,,0,0
8720,290667,,,,,,,,,,,,,,,,,,,,,,w,move_up,,0,0
8721,290700,,,,,,,,,,,,,,,,,,,,,,w,move_up,,0,0
8722,290733,,,,,,,,,,,,,,,,,,,,,,d|w,move_up|move_right,,0,0
8723,290767,,,,,,,,,,,,,,,,,,,,,,d|w,move_up|move_right,,0,0
8724,290800,,,,,,,,,,,,,,,,,,,,,,d|w,move_up|move_right,,0,0
8725,290833,,,,,,,,,,,,,,,,,,,,,,d|w,move_up|move_right,,0,0
8726,290867,,,,,,,,,,,,,,,,,,,,,,d|w,move_up|move_right,,0,0
8727,290900,,,,,,,,,,,,,,,,,,,,,,d|w,move_up|move_right,,0,0
8728,290933,,,,,,,,,,,,,,,,,,,,,,d|w,move_up|move_right,,0,0
8729,290967,,,,,,,,,,,,,,,,,,,,,,d|w,move_up|move_right,,0,0
8730,291000,,,,,,,,,,,,,,,,,,,,,,d|w,move_up|move_right,,0,0
8731,291033,,,,,,,,,,,,,,,,,,,,,,w,move_up,,0,0
8732,291067,,,,,,,,,,,,,,,,,,,,,,w,move_up,,0,0
8733,291100,,,,,,,,,,,,,,,,,,,,,,w,move_up,,0,0
8734,291133,,,,,,,,,,,,,,,,,,,,,,w,move_up,,0,0
8735,291167,,,,,,,,,,,,,,,,,,,,,,w,move_up,,0,0
8736,291200,,,,,,,,,,,,,,,,,,,,,,w,move_up,,0,0
8737,291233,,,,,,,,,,,,,,,,,,,,,,w,move_up,,0,0
8738,291267,,,,,,,,,,,,,,,,,,,,,,w,move_up,,0,0
8739,291300,,,,,,,,,,,,,,,,,,,,,,w,move_up,,0,0
8740,291333,,,,,,,,,,,,,,,,,,,,,,d|w,move_up|move_right,,0,0
8741,291367,,,,,,,,,,,,,,,,,,,,,,d|w,move_up|move_right,,0,0
8742,291400,,,,,,,,,,,,,,,,,,,,,,d|w,move_up|move_right,,0,0
8743,291433,,,,,,,,,,,,,,,,,,,,,,d|w,move_up|move_right,,0,0
8744,291467,,,,,,,,,,,,,,,,,,,,,,d|w,move_up|move_right,,0,0
8745,291500,,,,,,,,,,,,,,,,,,,,,,w,move_up,,0,0
8746,291533,,,,,,,,,,,,,,,,,,,,,,,,,0,0
8747,291567,,,,,,,,,,,,,,,,,,,,,,,,,0,0
8748,291600,,,,,,,,,,,,,,,,,,,,,,,,,0,0
8749,291633,,,,,,,,,,,,,,,,,,,,,,,,,0,0
8750,291667,,,,,,,,,,,,,,,,,,,,,,,,,0,0
8751,291700,,,,,,,,,,,,,,,,,,,,,,,,,0,0
8752,291733,,,,,,,,,,,,,,,,,,,,,,,,,0,0
8753,291767,,,,,,,,,,,,,,,,,,,,,,,,,0,0
8754,291800,,,,,,,,,,,,,,,,,,,,,,,,,0,0
8755,291833,,,,,,,,,,,,,,,,,,,,,,,,,0,0
8756,291867,,,,,,,,,,,,,,,,,,,,,,,,,0,0
8757,291900,,,,,,,,,,,,,,,,,,,,,,,,,0,0
8758,291933,,,,,,,,,,,,,,,,,,,,,,,,,0,0
8759,291967,,,,,,,,,,,,,,,,,,,,,,,,,0,0
8760,292000,,,,,,,,,,,,,,,,,,,,,,,,,0,0
8761,292033,,,,,,,,,,,,,,,,,,,,,,d,move_right,,0,0
8762,292067,,,,,,,,,,,,,,,,,,,,,,d,move_right,,0,0
8763,292100,,,,,,,,,,,,,,,,,,,,,,d,move_right,,0,0
8764,292133,,,,,,,,,,,,,,,,,,,,,,d,move_right,,0,0
8765,292167,,,,,,,,,,,,,,,,,,,,,,d,move_right,,0,0
8766,292200,,,,,,,,,,,,,,,,,,,,,,d,move_right,,0,0
8767,292233,,,,,,,,,,,,,,,,,,,,,,d,move_right,,0,0
8768,292267,,,,,,,,,,,,,,,,,,,,,,,,,0,0
8769,292300,,,,,,,,,,,,,,,,,,,,,,,,,0,0
8770,292333,,,,,,,,,,,,,,,,,,,,,,s,move_down,,0,0
8771,292367,,,,,,,,,,,,,,,,,,,,,,s,move_down,,0,0
8772,292400,,,,,,,,,,,,,,,,,,,,,,s,move_down,,0,0
8773,292433,,,,,,,,,,,,,,,,,,,,,,s,move_down,,0,0
8774,292467,,,,,,,,,,,,,,,,,,,,,,s,move_down,,0,0
8775,292500,,,,,,,,,,,,,,,,,,,,,,s,move_down,,0,0
8776,292533,,,,,,,,,,,,,,,,,,,,,,s,move_down,,0,0
8777,292567,,,,,,,,,,,,,,,,,,,,,,s,move_down,,0,0
8778,292600,,,,,,,,,,,,,,,,,,,,,,s,move_down,,0,0
8779,292633,,,,,,,,,,,,,,,,,,,,,,s,move_down,,0,0
8780,292667,,,,,,,,,,,,,,,,,,,,,,s,move_down,,0,0
8781,292700,,,,,,,,,,,,,,,,,,,,,,s,move_down,,0,0
8782,292733,,,,,,,,,,,,,,,,,,,,,,s,move_down,,0,0
8783,292767,,,,,,,,,,,,,,,,,,,,,,s,move_down,,0,0
8784,292800,,,,,,,,,,,,,,,,,,,,,,s,move_down,,0,0
8785,292833,,,,,,,,,,,,,,,,,,,,,,s,move_down,,0,0
8786,292867,,,,,,,,,,,,,,,,,,,,,,,,,0,0
8787,292900,,,,,,,,,,,,,,,,,,,,,,,,,0,0
8788,292933,,,,,,,,,,,,,,,,,,,,,,,,,0,0
8789,292967,,,,,,,,,,,,,,,,,,,,,,,,,0,0
8790,293000,,,,,,,,,,,,,,,,,,,,,,,,,0,0
8791,293033,,,,,,,,,,,,,,,,,,,,,,,,,0,0
8792,293067,,,,,,,,,,,,,,,,,,,,,,,,,0,0
8793,293100,,,,,,,,,,,,,,,,,,,,,,,,,0,0
8794,293133,,,,,,,,,,,,,,,,,,,,,,,,,0,0
8795,293167,,,,,,,,,,,,,,,,,,,,,,,,,0,0
8796,293200,,,,,,,,,,,,,,,,,,,,,,d,move_right,,0,0
8797,293233,,,,,,,,,,,,,,,,,,,,,,d,move_right,,0,0
8798,293267,,,,,,,,,,,,,,,,,,,,,,d,move_right,,0,0
8799,293300,,,,,,,,,,,,,,,,,,,,,,d|w,move_up|move_right,,0,0
8800,293333,,,,,,,,,,,,,,,,,,,,,,d|w,move_up|move_right,,0,0
8801,293367,,,,,,,,,,,,,,,,,,,,,,w,move_up,,0,0
8802,293400,,,,,,,,,,,,,,,,,,,,,,w,move_up,,0,0
8803,293433,,,,,,,,,,,,,,,,,,,,,,w,move_up,,0,0
8804,293467,,,,,,,,,,,,,,,,,,,,,,w,move_up,,0,0
8805,293500,,,,,,,,,,,,,,,,,,,,,,w,move_up,,0,0
8806,293533,,,,,,,,,,,,,,,,,,,,,,w,move_up,,0,0
8807,293567,,,,,,,,,,,,,,,,,,,,,,w,move_up,,0,0
8808,293600,,,,,,,,,,,,,,,,,,,,,,d|w,move_up|move_right,,0,0
8809,293633,,,,,,,,,,,,,,,,,,,,,,d|w,move_up|move_right,,0,0
8810,293667,,,,,,,,,,,,,,,,,,,,,,d|w,move_up|move_right,,0,0
8811,293700,,,,,,,,,,,,,,,,,,,,,,d|w,move_up|move_right,,0,0
8812,293733,,,,,,,,,,,,,,,,,,,,,,d|w,move_up|move_right,,0,0
8813,293767,,,,,,,,,,,,,,,,,,,,,,w,move_up,,0,0
8814,293800,,,,,,,,,,,,,,,,,,,,,,w,move_up,,0,0
8815,293833,,,,,,,,,,,,,,,,,,,,,,w,move_up,,0,0
8816,293867,,,,,,,,,,,,,,,,,,,,,,w,move_up,,0,0
8817,293900,,,,,,,,,,,,,,,,,,,,,,w,move_up,,0,0
8818,293933,,,,,,,,,,,,,,,,,,,,,,w,move_up,,0,0
8819,293967,,,,,,,,,,,,,,,,,,,,,,w,move_up,,0,0
8820,294000,,,,,,,,,,,,,,,,,,,,,,w,move_up,,0,0
8821,294033,,,,,,,,,,,,,,,,,,,,,,w,move_up,,0,0
8822,294067,,,,,,,,,,,,,,,,,,,,,,w,move_up,,0,0
8823,294100,,,,,,,,,,,,,,,,,,,,,,w,move_up,,0,0
8824,294133,,,,,,,,,,,,,,,,,,,,,,w,move_up,,0,0
8825,294167,,,,,,,,,,,,,,,,,,,,,,w,move_up,,0,0
8826,294200,,,,,,,,,,,,,,,,,,,,,,w,move_up,,0,0
8827,294233,,,,,,,,,,,,,,,,,,,,,,w,move_up,,0,0
8828,294267,,,,,,,,,,,,,,,,,,,,,,w,move_up,,0,0
8829,294300,,,,,,,,,,,,,,,,,,,,,,w,move_up,,0,0
8830,294333,,,,,,,,,,,,,,,,,,,,,,w,move_up,,0,0
8831,294367,,,,,,,,,,,,,,,,,,,,,,w,move_up,,0,0
8832,294400,,,,,,,,,,,,,,,,,,,,,,w,move_up,,0,0
8833,294433,,,,,,,,,,,,,,,,,,,,,,w,move_up,,0,0
8834,294467,,,,,,,,,,,,,,,,,,,,,,w,move_up,,0,0
8835,294500,,,,,,,,,,,,,,,,,,,,,,w,move_up,,0,0
8836,294533,,,,,,,,,,,,,,,,,,,,,,d|w,move_up|move_right,,0,0
8837,294567,,,,,,,,,,,,,,,,,,,,,,d|w,move_up|move_right,,0,0
8838,294600,,,,,,,,,,,,,,,,,,,,,,d|w,move_up|move_right,,0,0
8839,294633,,,,,,,,,,,,,,,,,,,,,,d|w,move_up|move_right,,0,0
8840,294667,,,,,,,,,,,,,,,,,,,,,,w,move_up,,0,0
8841,294700,,,,,,,,,,,,,,,,,,,,,,w,move_up,,0,0
8842,294733,,,,,,,,,,,,,,,,,,,,,,w,move_up,,0,0
8843,294767,,,,,,,,,,,,,,,,,,,,,,w,move_up,,0,0
8844,294800,,,,,,,,,,,,,,,,,,,,,,w,move_up,,0,0
8845,294833,,,,,,,,,,,,,,,,,,,,,,w,move_up,,0,0
8846,294867,,,,,,,,,,,,,,,,,,,,,,w,move_up,,0,0
8847,294900,,,,,,,,,,,,,,,,,,,,,,w,move_up,,0,0
8848,294933,,,,,,,,,,,,,,,,,,,,,,w,move_up,,0,0
8849,294967,,,,,,,,,,,,,,,,,,,,,,w,move_up,,0,0
8850,295000,,,,,,,,,,,,,,,,,,,,,,w,move_up,,0,0
8851,295033,,,,,,,,,,,,,,,,,,,,,,w,move_up,,0,0
8852,295067,,,,,,,,,,,,,,,,,,,,,,w,move_up,,0,0
8853,295100,,,,,,,,,,,,,,,,,,,,,,w,move_up,,0,0
8854,295133,,,,,,,,,,,,,,,,,,,,,,w,move_up,,0,0
8855,295167,,,,,,,,,,,,,,,,,,,,,,w,move_up,,0,0
8856,295200,,,,,,,,,,,,,,,,,,,,,,w,move_up,,0,0
8857,295233,,,,,,,,,,,,,,,,,,,,,,w,move_up,,0,0
8858,295267,,,,,,,,,,,,,,,,,,,,,,w,move_up,,0,0
8859,295300,,,,,,,,,,,,,,,,,,,,,,w,move_up,,0,0
8860,295333,,,,,,,,,,,,,,,,,,,,,,w,move_up,,0,0
8861,295367,,,,,,,,,,,,,,,,,,,,,,w,move_up,,0,0
8862,295400,,,,,,,,,,,,,,,,,,,,,,w,move_up,,0,0
8863,295433,,,,,,,,,,,,,,,,,,,,,,w,move_up,,0,0
8864,295467,,,,,,,,,,,,,,,,,,,,,,w,move_up,,0,0
8865,295500,,,,,,,,,,,,,,,,,,,,,,a|w,move_up|move_left,,0,0
8866,295533,,,,,,,,,,,,,,,,,,,,,,a|w,move_up|move_left,,0,0
8867,295567,,,,,,,,,,,,,,,,,,,,,,a|w,move_up|move_left,,0,0
8868,295600,,,,,,,,,,,,,,,,,,,,,,a|w,move_up|move_left,,0,0
8869,295633,,,,,,,,,,,,,,,,,,,,,,a|w,move_up|move_left,,0,0
8870,295667,,,,,,,,,,,,,,,,,,,,,,a|w,move_up|move_left,,0,0
8871,295700,,,,,,,,,,,,,,,,,,,,,,a|w,move_up|move_left,,0,0
8872,295733,,,,,,,,,,,,,,,,,,,,,,a|w,move_up|move_left,,0,0
8873,295767,,,,,,,,,,,,,,,,,,,,,,a|w,move_up|move_left,,0,0
8874,295800,,,,,,,,,,,,,,,,,,,,,,a|w,move_up|move_left,,0,0
8875,295833,,,,,,,,,,,,,,,,,,,,,,a|w,move_up|move_left,,0,0
8876,295867,,,,,,,,,,,,,,,,,,,,,,a|w,move_up|move_left,,0,0
8877,295900,,,,,,,,,,,,,,,,,,,,,,w,move_up,,0,0
8878,295933,,,,,,,,,,,,,,,,,,,,,,w,move_up,,0,0
8879,295967,,,,,,,,,,,,,,,,,,,,,,w,move_up,,0,0
8880,296000,,,,,,,,,,,,,,,,,,,,,,w,move_up,,0,0
8881,296033,,,,,,,,,,,,,,,,,,,,,,a|w,move_up|move_left,,0,0
8882,296067,,,,,,,,,,,,,,,,,,,,,,a|w,move_up|move_left,,0,0
8883,296100,,,,,,,,,,,,,,,,,,,,,,a|w,move_up|move_left,,0,0
8884,296133,,,,,,,,,,,,,,,,,,,,,,a|w,move_up|move_left,,0,0
8885,296167,,,,,,,,,,,,,,,,,,,,,,a|w,move_up|move_left,,0,0
8886,296200,,,,,,,,,,,,,,,,,,,,,,a|w,move_up|move_left,,0,0
8887,296233,,,,,,,,,,,,,,,,,,,,,,w,move_up,,0,0
8888,296267,,,,,,,,,,,,,,,,,,,,,,w,move_up,,0,0
8889,296300,,,,,,,,,,,,,,,,,,,,,,w,move_up,,0,0
8890,296333,,,,,,,,,,,,,,,,,,,,,,w,move_up,,0,0
8891,296367,,,,,,,,,,,,,,,,,,,,,,w,move_up,,0,0
8892,296400,,,,,,,,,,,,,,,,,,,,,,w,move_up,,0,0
8893,296433,,,,,,,,,,,,,,,,,,,,,,w,move_up,,0,0
8894,296467,,,,,,,,,,,,,,,,,,,,,,w,move_up,,0,0
8895,296500,,,,,,,,,,,,,,,,,,,,,,w,move_up,,0,0
8896,296533,,,,,,,,,,,,,,,,,,,,,,w,move_up,,0,0
8897,296567,,,,,,,,,,,,,,,,,,,,,,w,move_up,,0,0
8898,296600,,,,,,,,,,,,,,,,,,,,,,w,move_up,,0,0
8899,296633,,,,,,,,,,,,,,,,,,,,,,w,move_up,,0,0
8900,296667,,,,,,,,,,,,,,,,,,,,,,,,,0,0
8901,296700,,,,,,,,,,,,,,,,,,,,,,e,interact,,0,0
8902,296733,,,,,,,,,,,,,,,,,,,,,,e,interact,,0,0
8903,296767,,,,,,,,,,,,,,,,,,,,,,e,interact,,0,0
8904,296800,,,,,,,,,,,,,,,,,,,,,,e,interact,,0,0
8905,296833,,,,,,,,,,,,,,,,,,,,,,,,,0,0
8906,296867,,,,,,,,,,,,,,,,,,,,,,,,,0,0
8907,296900,,,,,,,,,,,,,,,,,,,,,,w,move_up,,0,0
8908,296933,,,,,,,,,,,,,,,,,,,,,,w,move_up,,0,0
8909,296967,,,,,,,,,,,,,,,,,,,,,,w,move_up,,0,0
8910,297000,,,,,,,,,,,,,,,,,,,,,,w,move_up,,0,0
8911,297033,,,,,,,,,,,,,,,,,,,,,,w,move_up,,0,0
8912,297067,,,,,,,,,,,,,,,,,,,,,,w,move_up,,0,0
8913,297100,,,,,,,,,,,,,,,,,,,,,,w,move_up,,0,0
8914,297133,,,,,,,,,,,,,,,,,,,,,,,,,0,0
8915,297167,,,,,,,,,,,,,,,,,,,,,,,,,0,0
8916,297200,,,,,,,,,,,,,,,,,,,,,,,,,0,0
8917,297233,,,,,,,,,,,,,,,,,,,,,,,,,0,0
8918,297267,,,,,,,,,,,,,,,,,,,,,,,,,0,0
8919,297300,,,,,,,,,,,,,,,,,,,,,,,,,0,0
8920,297333,,,,,,,,,,,,,,,,,,,,,,e,interact,,0,0
8921,297367,,,,,,,,,,,,,,,,,,,,,,e,interact,,0,0
8922,297400,,,,,,,,,,,,,,,,,,,,,,e,interact,,0,0
8923,297433,,,,,,,,,,,,,,,,,,,,,,e,interact,,0,0
8924,297467,,,,,,,,,,,,,,,,,,,,,,,,,0,0
8925,297500,,,,,,,,,,,,,,,,,,,,,,,,,0,0
8926,297533,,,,,,,,,,,,,,,,,,,,,,,,,0,0
8927,297567,,,,,,,,,,,,,,,,,,,,,,,,,0,0
8928,297600,,,,,,,,,,,,,,,,,,,,,,,,,0,0
8929,297633,,,,,,,,,,,,,,,,,,,,,,,,,0,0
8930,297667,,,,,,,,,,,,,,,,,,,,,,,,,0,0
8931,297700,,,,,,,,,,,,,,,,,,,,,,,,,0,0
8932,297733,,,,,,,,,,,,,,,,,,,,,,,,,0,0
8933,297767,,,,,,,,,,,,,,,,,,,,,,,,,0,0
8934,297800,,,,,,,,,,,,,,,,,,,,,,,,,0,0
8935,297833,,,,,,,,,,,,,,,,,,,,,,,,,0,0
8936,297867,,,,,,,,,,,,,,,,,,,,,,e,interact,,0,0
8937,297900,,,,,,,,,,,,,,,,,,,,,,e,interact,,0,0
8938,297933,,,,,,,,,,,,,,,,,,,,,,e,interact,,0,0
8939,297967,,,,,,,,,,,,,,,,,,,,,,e,interact,,0,0
8940,298000,,,,,,,,,,,,,,,,,,,,,,,,,0,0
8941,298033,,,,,,,,,,,,,,,,,,,,,,,,,0,0
8942,298067,,,,,,,,,,,,,,,,,,,,,,,,,0,0
8943,298100,,,,,,,,,,,,,,,,,,,,,,a,move_left,,0,0
8944,298133,,,,,,,,,,,,,,,,,,,,,,a,move_left,,0,0
8945,298167,,,,,,,,,,,,,,,,,,,,,,a,move_left,,0,0
8946,298200,,,,,,,,,,,,,,,,,,,,,,a,move_left,,0,0
8947,298233,,,,,,,,,,,,,,,,,,,,,,a,move_left,,0,0
8948,298267,,,,,,,,,,,,,,,,,,,,,,a,move_left,,0,0
8949,298300,,,,,,,,,,,,,,,,,,,,,,,,,0,0
8950,298333,,,,,,,,,,,,,,,,,,,,,,,,,0,0
8951,298367,,,,,,,,,,,,,,,,,,,,,,,,,0,0
8952,298400,,,,,,,,,,,,,,,,,,,,,,,,,0,0
8953,298433,,,,,,,,,,,,,,,,,,,,,,,,,0,0
8954,298467,,,,,,,,,,,,,,,,,,,,,,,,,0,0
8955,298500,,,,,,,,,,,,,,,,,,,,,,,,,0,0
8956,298533,,,,,,,,,,,,,,,,,,,,,,,,,0,0
8957,298567,,,,,,,,,,,,,,,,,,,,,,,,,0,0
8958,298600,,,,,,,,,,,,,,,,,,,,,,,,,0,0
8959,298633,,,,,,,,,,,,,,,,,,,,,,w,move_up,,0,0
8960,298667,,,,,,,,,,,,,,,,,,,,,,w,move_up,,0,0
8961,298700,,,,,,,,,,,,,,,,,,,,,,w,move_up,,0,0
8962,298733,,,,,,,,,,,,,,,,,,,,,,w,move_up,,0,0
8963,298767,,,,,,,,,,,,,,,,,,,,,,,,,0,0
8964,298800,,,,,,,,,,,,,,,,,,,,,,,,,0,0
8965,298833,,,,,,,,,,,,,,,,,,,,,,,,,0,0
8966,298867,,,,,,,,,,,,,,,,,,,,,,,,,0,0
8967,298900,,,,,,,,,,,,,,,,,,,,,,,,,0,0
8968,298933,,,,,,,,,,,,,,,,,,,,,,,,,0,0
8969,298967,,,,,,,,,,,,,,,,,,,,,,,,,0,0
8970,299000,,,,,,,,,,,,,,,,,,,,,,e,interact,,0,0
8971,299033,,,,,,,,,,,,,,,,,,,,,,e,interact,,0,0
8972,299067,,,,,,,,,,,,,,,,,,,,,,e,interact,,0,0
8973,299100,,,,,,,,,,,,,,,,,,,,,,e,interact,,0,0
8974,299133,,,,,,,,,,,,,,,,,,,,,,,,,0,0
8975,299167,,,,,,,,,,,,,,,,,,,,,,,,,0,0
8976,299200,,,,,,,,,,,,,,,,,,,,,,,,,0,0
8977,299233,,,,,,,,,,,,,,,,,,,,,,,,,0,0
8978,299267,,,,,,,,,,,,,,,,,,,,,,,,,0,0
8979,299300,,,,,,,,,,,,,,,,,,,,,,,,,0,0
8980,299333,,,,,,,,,,,,,,,,,,,,,,,,,0,0
8981,299367,,,,,,,,,,,,,,,,,,,,,,,,,0,0
8982,299400,,,,,,,,,,,,,,,,,,,,,,,,,0,0
8983,299433,,,,,,,,,,,,,,,,,,,,,,,,,0,0
8984,299467,,,,,,,,,,,,,,,,,,,,,,,,,0,0
8985,299500,,,,,,,,,,,,,,,,,,,,,,,,,0,0
8986,299533,,,,,,,,,,,,,,,,,,,,,,,,,0,0
8987,299567,,,,,,,,,,,,,,,,,,,,,,,,,0,0
8988,299600,,,,,,,,,,,,,,,,,,,,,,,,,0,0
8989,299633,,,,,,,,,,,,,,,,,,,,,,,,,0,0
8990,299667,,,,,,,,,,,,,,,,,,,,,,,,,0,0
8991,299700,,,,,,,,,,,,,,,,,,,,,,,,,0,0
8992,299733,,,,,,,,,,,,,,,,,,,,,,,,,0,0
8993,299767,,,,,,,,,,,,,,,,,,,,,,,,,0,0
8994,299800,,,,,,,,,,,,,,,,,,,,,,,,,0,0
8995,299833,,,,,,,,,,,,,,,,,,,,,,,,,0,0
8996,299867,,,,,,,,,,,,,,,,,,,,,,,,,0,0
8997,299900,,,,,,,,,,,,,,,,,,,,,,,,,0,0
8998,299933,,,,,,,,,,,,,,,,,,,,,,,,,0,0
8999,299967,,,,,,,,,,,,,,,,,,,,,,,,,0,0
9000,300000,,,,,,,,,,,,,,,,,,,,,,,,,0,0
9001,300033,,,,,,,,,,,,,,,,,,,,,,,,,0,0
9002,300067,,,,,,,,,,,,,,,,,,,,,,,,,0,0
9003,300100,,,,,,,,,,,,,,,,,,,,,,,,,0,0
9004,300133,,,,,,,,,,,,,,,,,,,,,,,,,0,0
9005,300167,,,,,,,,,,,,,,,,,,,,,,,,,0,0
9006,300200,,,,,,,,,,,,,,,,,,,,,,,,,0,0
9007,300233,,,,,,,,,,,,,,,,,,,,,,,,,0,0
9008,300267,,,,,,,,,,,,,,,,,,,,,,,,,0,0
9009,300300,,,,,,,,,,,,,,,,,,,,,,,,,0,0
9010,300333,,,,,,,,,,,,,,,,,,,,,,,,,0,0
9011,300367,,,,,,,,,,,,,,,,,,,,,,,,,0,0
9012,300400,,,,,,,,,,,,,,,,,,,,,,,,,0,0
9013,300433,,,,,,,,,,,,,,,,,,,,,,,,,0,0
9014,300467,,,,,,,,,,,,,,,,,,,,,,w,move_up,,0,0
9015,300500,,,,,,,,,,,,,,,,,,,,,,w,move_up,,0,0
9016,300533,,,,,,,,,,,,,,,,,,,,,,w,move_up,,0,0
9017,300567,,,,,,,,,,,,,,,,,,,,,,w,move_up,,0,0
9018,300600,,,,,,,,,,,,,,,,,,,,,,w,move_up,,0,0
9019,300633,,,,,,,,,,,,,,,,,,,,,,d|w,move_up|move_right,,0,0
9020,300667,,,,,,,,,,,,,,,,,,,,,,d|w,move_up|move_right,,0,0
9021,300700,,,,,,,,,,,,,,,,,,,,,,d|w,move_up|move_right,,0,0
9022,300733,,,,,,,,,,,,,,,,,,,,,,d|w,move_up|move_right,,0,0
9023,300767,,,,,,,,,,,,,,,,,,,,,,d|w,move_up|move_right,,0,0
9024,300800,,,,,,,,,,,,,,,,,,,,,,d,move_right,,0,0
9025,300833,,,,,,,,,,,,,,,,,,,,,,d,move_right,,0,0
9026,300867,,,,,,,,,,,,,,,,,,,,,,d,move_right,,0,0
9027,300900,,,,,,,,,,,,,,,,,,,,,,d,move_right,,0,0
9028,300933,,,,,,,,,,,,,,,,,,,,,,d,move_right,,0,0
9029,300967,,,,,,,,,,,,,,,,,,,,,,d,move_right,,0,0
9030,301000,,,,,,,,,,,,,,,,,,,,,,d,move_right,,0,0
9031,301033,,,,,,,,,,,,,,,,,,,,,,d,move_right,,0,0
9032,301067,,,,,,,,,,,,,,,,,,,,,,d,move_right,,0,0
9033,301100,,,,,,,,,,,,,,,,,,,,,,,,,0,0
9034,301133,,,,,,,,,,,,,,,,,,,,,,,,,0,0
9035,301167,,,,,,,,,,,,,,,,,,,,,,d,move_right,,0,0
9036,301200,,,,,,,,,,,,,,,,,,,,,,d,move_right,,0,0
9037,301233,,,,,,,,,,,,,,,,,,,,,,d,move_right,,0,0
9038,301267,,,,,,,,,,,,,,,,,,,,,,d,move_right,,0,0
9039,301300,,,,,,,,,,,,,,,,,,,,,,d,move_right,,0,0
9040,301333,,,,,,,,,,,,,,,,,,,,,,d,move_right,,0,0
9041,301367,,,,,,,,,,,,,,,,,,,,,,d,move_right,,0,0
9042,301400,,,,,,,,,,,,,,,,,,,,,,d,move_right,,0,0
9043,301433,,,,,,,,,,,,,,,,,,,,,,,,,0,0
9044,301467,,,,,,,,,,,,,,,,,,,,,,,,,0,0
9045,301500,,,,,,,,,,,,,,,,,,,,,,,,,0,0
9046,301533,,,,,,,,,,,,,,,,,,,,,,,,,0,0
9047,301567,,,,,,,,,,,,,,,,,,,,,,d,move_right,,0,0
9048,301600,,,,,,,,,,,,,,,,,,,,,,d,move_right,,0,0
9049,301633,,,,,,,,,,,,,,,,,,,,,,d,move_right,,0,0
9050,301667,,,,,,,,,,,,,,,,,,,,,,d,move_right,,0,0
9051,301700,,,,,,,,,,,,,,,,,,,,,,d,move_right,,0,0
9052,301733,,,,,,,,,,,,,,,,,,,,,,,,,0,0
9053,301767,,,,,,,,,,,,,,,,,,,,,,,,,0,0
9054,301800,,,,,,,,,,,,,,,,,,,,,,,,,0,0
9055,301833,,,,,,,,,,,,,,,,,,,,,,,,,0,0
9056,301867,,,,,,,,,,,,,,,,,,,,,,,,,0,0
9057,301900,,,,,,,,,,,,,,,,,,,,,,,,,0,0
9058,301933,,,,,,,,,,,,,,,,,,,,,,,,,0,0
9059,301967,,,,,,,,,,,,,,,,,,,,,,,,,0,0
9060,302000,,,,,,,,,,,,,,,,,,,,,,,,,0,0
9061,302033,,,,,,,,,,,,,,,,,,,,,,,,,0,0
9062,302067,,,,,,,,,,,,,,,,,,,,,,,,,0,0
9063,302100,,,,,,,,,,,,,,,,,,,,,,,,,0,0
9064,302133,,,,,,,,,,,,,,,,,,,,,,w,move_up,,0,0
9065,302167,,,,,,,,,,,,,,,,,,,,,,w,move_up,,0,0
9066,302200,,,,,,,,,,,,,,,,,,,,,,w,move_up,,0,0
9067,302233,,,,,,,,,,,,,,,,,,,,,,d|w,move_up|move_right,,0,0
9068,302267,,,,,,,,,,,,,,,,,,,,,,d|w,move_up|move_right,,0,0
9069,302300,,,,,,,,,,,,,,,,,,,,,,d|w,move_up|move_right,,0,0
9070,302333,,,,,,,,,,,,,,,,,,,,,,d|w,move_up|move_right,,0,0
9071,302367,,,,,,,,,,,,,,,,,,,,,,d|w,move_up|move_right,,0,0
9072,302400,,,,,,,,,,,,,,,,,,,,,,w,move_up,,0,0
9073,302433,,,,,,,,,,,,,,,,,,,,,,w,move_up,,0,0
9074,302467,,,,,,,,,,,,,,,,,,,,,,w,move_up,,0,0
9075,302500,,,,,,,,,,,,,,,,,,,,,,w,move_up,,0,0
9076,302533,,,,,,,,,,,,,,,,,,,,,,,,,0,0
9077,302567,,,,,,,,,,,,,,,,,,,,,,,,,0,0
9078,302600,,,,,,,,,,,,,,,,,,,,,,,,,0,0
9079,302633,,,,,,,,,,,,,,,,,,,,,,d,move_right,,0,0
9080,302667,,,,,,,,,,,,,,,,,,,,,,d|w,move_up|move_right,,0,0
9081,302700,,,,,,,,,,,,,,,,,,,,,,d|w,move_up|move_right,,0,0
9082,302733,,,,,,,,,,,,,,,,,,,,,,d|w,move_up|move_right,,0,0
9083,302767,,,,,,,,,,,,,,,,,,,,,,d|w,move_up|move_right,,0,0
9084,302800,,,,,,,,,,,,,,,,,,,,,,d|w,move_up|move_right,,0,0
9085,302833,,,,,,,,,,,,,,,,,,,,,,d|w,move_up|move_right,,0,0
9086,302867,,,,,,,,,,,,,,,,,,,,,,d|w,move_up|move_right,,0,0
9087,302900,,,,,,,,,,,,,,,,,,,,,,d|w,move_up|move_right,,0,0
9088,302933,,,,,,,,,,,,,,,,,,,,,,w,move_up,,0,0
9089,302967,,,,,,,,,,,,,,,,,,,,,,w,move_up,,0,0
9090,303000,,,,,,,,,,,,,,,,,,,,,,w,move_up,,0,0
9091,303033,,,,,,,,,,,,,,,,,,,,,,w,move_up,,0,0
9092,303067,,,,,,,,,,,,,,,,,,,,,,w,move_up,,0,0
9093,303100,,,,,,,,,,,,,,,,,,,,,,w,move_up,,0,0
9094,303133,,,,,,,,,,,,,,,,,,,,,,w,move_up,,0,0
9095,303167,,,,,,,,,,,,,,,,,,,,,,w,move_up,,0,0
9096,303200,,,,,,,,,,,,,,,,,,,,,,w,move_up,,0,0
9097,303233,,,,,,,,,,,,,,,,,,,,,,w,move_up,,0,0
9098,303267,,,,,,,,,,,,,,,,,,,,,,w,move_up,,0,0
9099,303300,,,,,,,,,,,,,,,,,,,,,,w,move_up,,0,0
9100,303333,,,,,,,,,,,,,,,,,,,,,,w,move_up,,0,0
9101,303367,,,,,,,,,,,,,,,,,,,,,,w,move_up,,0,0
9102,303400,,,,,,,,,,,,,,,,,,,,,,d|w,move_up|move_right,,0,0
9103,303433,,,,,,,,,,,,,,,,,,,,,,d|w,move_up|move_right,,0,0
9104,303467,,,,,,,,,,,,,,,,,,,,,,d|w,move_up|move_right,,0,0
9105,303500,,,,,,,,,,,,,,,,,,,,,,d|w,move_up|move_right,,0,0
9106,303533,,,,,,,,,,,,,,,,,,,,,,d|w,move_up|move_right,,0,0
9107,303567,,,,,,,,,,,,,,,,,,,,,,d|w,move_up|move_right,,0,0
9108,303600,,,,,,,,,,,,,,,,,,,,,,d|w,move_up|move_right,,0,0
9109,303633,,,,,,,,,,,,,,,,,,,,,,w,move_up,,0,0
9110,303667,,,,,,,,,,,,,,,,,,,,,,w,move_up,,0,0
9111,303700,,,,,,,,,,,,,,,,,,,,,,,,,0,0
9112,303733,,,,,,,,,,,,,,,,,,,,,,,,,0,0
9113,303767,,,,,,,,,,,,,,,,,,,,,,,,,0,0
9114,303800,,,,,,,,,,,,,,,,,,,,,,d,move_right,,0,0
9115,303833,,,,,,,,,,,,,,,,,,,,,,d|w,move_up|move_right,,0,0
9116,303867,,,,,,,,,,,,,,,,,,,,,,d|w,move_up|move_right,,0,0
9117,303900,,,,,,,,,,,,,,,,,,,,,,d|w,move_up|move_right,,0,0
9118,303933,,,,,,,,,,,,,,,,,,,,,,d|w,move_up|move_right,,0,0
9119,303967,,,,,,,,,,,,,,,,,,,,,,d|w,move_up|move_right,,0,0
9120,304000,,,,,,,,,,,,,,,,,,,,,,d|w,move_up|move_right,,0,0
9121,304033,,,,,,,,,,,,,,,,,,,,,,d|w,move_up|move_right,,0,0
9122,304067,,,,,,,,,,,,,,,,,,,,,,w,move_up,,0,0
9123,304100,,,,,,,,,,,,,,,,,,,,,,w,move_up,,0,0
9124,304133,,,,,,,,,,,,,,,,,,,,,,,,,0,0
9125,304167,,,,,,,,,,,,,,,,,,,,,,,,,0,0
9126,304200,,,,,,,,,,,,,,,,,,,,,,,,,0,0
9127,304233,,,,,,,,,,,,,,,,,,,,,,,,,0,0
9128,304267,,,,,,,,,,,,,,,,,,,,,,,,,0,0
9129,304300,,,,,,,,,,,,,,,,,,,,,,,,,0,0
9130,304333,,,,,,,,,,,,,,,,,,,,,,,,,0,0
9131,304367,,,,,,,,,,,,,,,,,,,,,,,,,0,0
9132,304400,,,,,,,,,,,,,,,,,,,,,,,,,0,0
9133,304433,,,,,,,,,,,,,,,,,,,,,,,,,0,0
9134,304467,,,,,,,,,,,,,,,,,,,,,,e,interact,,0,0
9135,304500,,,,,,,,,,,,,,,,,,,,,,e,interact,,0,0
9136,304533,,,,,,,,,,,,,,,,,,,,,,e,interact,,0,0
9137,304567,,,,,,,,,,,,,,,,,,,,,,e,interact,,0,0
9138,304600,,,,,,,,,,,,,,,,,,,,,,,,,0,0
9139,304633,,,,,,,,,,,,,,,,,,,,,,,,,0,0
9140,304667,,,,,,,,,,,,,,,,,,,,,,,,,0,0
9141,304700,,,,,,,,,,,,,,,,,,,,,,,,,0,0
9142,304733,,,,,,,,,,,,,,,,,,,,,,,,,0,0
9143,304767,,,,,,,,,,,,,,,,,,,,,,,,,0,0
9144,304800,,,,,,,,,,,,,,,,,,,,,,,,,0,0
9145,304833,,,,,,,,,,,,,,,,,,,,,,,,,0,0
9146,304867,,,,,,,,,,,,,,,,,,,,,,,,,0,0
9147,304900,,,,,,,,,,,,,,,,,,,,,,w,move_up,,0,0
9148,304933,,,,,,,,,,,,,,,,,,,,,,w,move_up,,0,0
9149,304967,,,,,,,,,,,,,,,,,,,,,,w,move_up,,0,0
9150,305000,,,,,,,,,,,,,,,,,,,,,,w,move_up,,0,0
9151,305033,,,,,,,,,,,,,,,,,,,,,,w,move_up,,0,0
9152,305067,,,,,,,,,,,,,,,,,,,,,,w,move_up,,0,0
9153,305100,,,,,,,,,,,,,,,,,,,,,,w,move_up,,0,0
9154,305133,,,,,,,,,,,,,,,,,,,,,,w,move_up,,0,0
9155,305167,,,,,,,,,,,,,,,,,,,,,,w,move_up,,0,0
9156,305200,,,,,,,,,,,,,,,,,,,,,,w,move_up,,0,0
9157,305233,,,,,,,,,,,,,,,,,,,,,,w,move_up,,0,0
9158,305267,,,,,,,,,,,,,,,,,,,,,,w,move_up,,0,0
9159,305300,,,,,,,,,,,,,,,,,,,,,,w,move_up,,0,0
9160,305333,,,,,,,,,,,,,,,,,,,,,,w,move_up,,0,0
9161,305367,,,,,,,,,,,,,,,,,,,,,,w,move_up,,0,0
9162,305400,,,,,,,,,,,,,,,,,,,,,,w,move_up,,0,0
9163,305433,,,,,,,,,,,,,,,,,,,,,,w,move_up,,0,0
9164,305467,,,,,,,,,,,,,,,,,,,,,,w,move_up,,0,0
9165,305500,,,,,,,,,,,,,,,,,,,,,,w,move_up,,0,0
9166,305533,,,,,,,,,,,,,,,,,,,,,,w,move_up,,0,0
9167,305567,,,,,,,,,,,,,,,,,,,,,,w,move_up,,0,0
9168,305600,,,,,,,,,,,,,,,,,,,,,,w,move_up,,0,0
9169,305633,,,,,,,,,,,,,,,,,,,,,,w,move_up,,0,0
9170,305667,,,,,,,,,,,,,,,,,,,,,,w,move_up,,0,0
9171,305700,,,,,,,,,,,,,,,,,,,,,,w,move_up,,0,0
9172,305733,,,,,,,,,,,,,,,,,,,,,,w,move_up,,0,0
9173,305767,,,,,,,,,,,,,,,,,,,,,,w,move_up,,0,0
9174,305800,,,,,,,,,,,,,,,,,,,,,,w,move_up,,0,0
9175,305833,,,,,,,,,,,,,,,,,,,,,,w,move_up,,0,0
9176,305867,,,,,,,,,,,,,,,,,,,,,,w,move_up,,0,0
9177,305900,,,,,,,,,,,,,,,,,,,,,,w,move_up,,0,0
9178,305933,,,,,,,,,,,,,,,,,,,,,,w,move_up,,0,0
9179,305967,,,,,,,,,,,,,,,,,,,,,,w,move_up,,0,0
9180,306000,,,,,,,,,,,,,,,,,,,,,,w,move_up,,0,0
9181,306033,,,,,,,,,,,,,,,,,,,,,,w,move_up,,0,0
9182,306067,,,,,,,,,,,,,,,,,,,,,,w,move_up,,0,0
9183,306100,,,,,,,,,,,,,,,,,,,,,,w,move_up,,0,0
9184,306133,,,,,,,,,,,,,,,,,,,,,,w,move_up,,0,0
9185,306167,,,,,,,,,,,,,,,,,,,,,,w,move_up,,0,0
9186,306200,,,,,,,,,,,,,,,,,,,,,,w,move_up,,0,0
9187,306233,,,,,,,,,,,,,,,,,,,,,,w,move_up,,0,0
9188,306267,,,,,,,,,,,,,,,,,,,,,,w,move_up,,0,0
9189,306300,,,,,,,,,,,,,,,,,,,,,,w,move_up,,0,0
9190,306333,,,,,,,,,,,,,,,,,,,,,,w,move_up,,0,0
9191,306367,,,,,,,,,,,,,,,,,,,,,,w,move_up,,0,0
9192,306400,,,,,,,,,,,,,,,,,,,,,,w,move_up,,0,0
9193,306433,,,,,,,,,,,,,,,,,,,,,,w,move_up,,0,0
9194,306467,,,,,,,,,,,,,,,,,,,,,,w,move_up,,0,0
9195,306500,,,,,,,,,,,,,,,,,,,,,,w,move_up,,0,0
9196,306533,,,,,,,,,,,,,,,,,,,,,,w,move_up,,0,0
9197,306567,,,,,,,,,,,,,,,,,,,,,,w,move_up,,0,0
9198,306600,,,,,,,,,,,,,,,,,,,,,,w,move_up,,0,0
9199,306633,,,,,,,,,,,,,,,,,,,,,,w,move_up,,0,0
9200,306667,,,,,,,,,,,,,,,,,,,,,,w,move_up,,0,0
9201,306700,,,,,,,,,,,,,,,,,,,,,,w,move_up,,0,0
9202,306733,,,,,,,,,,,,,,,,,,,,,,w,move_up,,0,0
9203,306767,,,,,,,,,,,,,,,,,,,,,,,,,0,0
9204,306800,,,,,,,,,,,,,,,,,,,,,,,,,0,0
9205,306833,,,,,,,,,,,,,,,,,,,,,,,,,0,0
9206,306867,,,,,,,,,,,,,,,,,,,,,,,,,0,0
9207,306900,,,,,,,,,,,,,,,,,,,,,,,,,0,0
9208,306933,,,,,,,,,,,,,,,,,,,,,,,,,0,0
9209,306967,,,,,,,,,,,,,,,,,,,,,,,,,0,0
9210,307000,,,,,,,,,,,,,,,,,,,,,,,,,0,0
9211,307033,,,,,,,,,,,,,,,,,,,,,,,,,0,0
9212,307067,,,,,,,,,,,,,,,,,,,,,,a,move_left,,0,0
9213,307100,,,,,,,,,,,,,,,,,,,,,,a,move_left,,0,0
9214,307133,,,,,,,,,,,,,,,,,,,,,,a,move_left,,0,0
9215,307167,,,,,,,,,,,,,,,,,,,,,,a|w,move_up|move_left,,0,0
9216,307200,,,,,,,,,,,,,,,,,,,,,,a|w,move_up|move_left,,0,0
9217,307233,,,,,,,,,,,,,,,,,,,,,,a|w,move_up|move_left,,0,0
9218,307267,,,,,,,,,,,,,,,,,,,,,,a|w,move_up|move_left,,0,0
9219,307300,,,,,,,,,,,,,,,,,,,,,,a|w,move_up|move_left,,0,0
9220,307333,,,,,,,,,,,,,,,,,,,,,,a|w,move_up|move_left,,0,0
9221,307367,,,,,,,,,,,,,,,,,,,,,,a|w,move_up|move_left,,0,0
9222,307400,,,,,,,,,,,,,,,,,,,,,,a|w,move_up|move_left,,0,0
9223,307433,,,,,,,,,,,,,,,,,,,,,,a|w,move_up|move_left,,0,0
9224,307467,,,,,,,,,,,,,,,,,,,,,,,,,0,0
9225,307500,,,,,,,,,,,,,,,,,,,,,,,,,0,0
9226,307533,,,,,,,,,,,,,,,,,,,,,,,,,0,0
9227,307567,,,,,,,,,,,,,,,,,,,,,,,,,0,0
9228,307600,,,,,,,,,,,,,,,,,,,,,,,,,0,0
9229,307633,,,,,,,,,,,,,,,,,,,,,,,,,0,0
9230,307667,,,,,,,,,,,,,,,,,,,,,,,,,0,0
9231,307700,,,,,,,,,,,,,,,,,,,,,,a,move_left,,0,0
9232,307733,,,,,,,,,,,,,,,,,,,,,,a|w,move_up|move_left,,0,0
9233,307767,,,,,,,,,,,,,,,,,,,,,,a|w,move_up|move_left,,0,0
9234,307800,,,,,,,,,,,,,,,,,,,,,,a|w,move_up|move_left,,0,0
9235,307833,,,,,,,,,,,,,,,,,,,,,,a|w,move_up|move_left,,0,0
9236,307867,,,,,,,,,,,,,,,,,,,,,,a|w,move_up|move_left,,0,0
9237,307900,,,,,,,,,,,,,,,,,,,,,,a|w,move_up|move_left,,0,0
9238,307933,,,,,,,,,,,,,,,,,,,,,,a|w,move_up|move_left,,0,0
9239,307967,,,,,,,,,,,,,,,,,,,,,,a|w,move_up|move_left,,0,0
9240,308000,,,,,,,,,,,,,,,,,,,,,,w,move_up,,0,0
9241,308033,,,,,,,,,,,,,,,,,,,,,,w,move_up,,0,0
9242,308067,,,,,,,,,,,,,,,,,,,,,,,,,0,0
9243,308100,,,,,,,,,,,,,,,,,,,,,,,,,0,0
9244,308133,,,,,,,,,,,,,,,,,,,,,,,,,0,0
9245,308167,,,,,,,,,,,,,,,,,,,,,,,,,0,0
9246,308200,,,,,,,,,,,,,,,,,,,,,,,,,0,0
9247,308233,,,,,,,,,,,,,,,,,,,,,,,,,0,0
9248,308267,,,,,,,,,,,,,,,,,,,,,,,,,0,0
9249,308300,,,,,,,,,,,,,,,,,,,,,,,,,0,0
9250,308333,,,,,,,,,,,,,,,,,,,,,,,,,0,0
9251,308367,,,,,,,,,,,,,,,,,,,,,,,,,0,0
9252,308400,,,,,,,,,,,,,,,,,,,,,,,,,0,0
9253,308433,,,,,,,,,,,,,,,,,,,,,,,,,0,0
9254,308467,,,,,,,,,,,,,,,,,,,,,,,,,0,0
9255,308500,,,,,,,,,,,,,,,,,,,,,,,,,0,0
9256,308533,,,,,,,,,,,,,,,,,,,,,,,,,0,0
9257,308567,,,,,,,,,,,,,,,,,,,,,,,,,0,0
9258,308600,,,,,,,,,,,,,,,,,,,,,,d,move_right,,0,0
9259,308633,,,,,,,,,,,,,,,,,,,,,,d|w,move_up|move_right,,0,0
9260,308667,,,,,,,,,,,,,,,,,,,,,,d|w,move_up|move_right,,0,0
9261,308700,,,,,,,,,,,,,,,,,,,,,,d|w,move_up|move_right,,0,0
9262,308733,,,,,,,,,,,,,,,,,,,,,,d|w,move_up|move_right,,0,0
9263,308767,,,,,,,,,,,,,,,,,,,,,,,,,0,0
9264,308800,,,,,,,,,,,,,,,,,,,,,,,,,0,0
9265,308833,,,,,,,,,,,,,,,,,,,,,,,,,0,0
9266,308867,,,,,,,,,,,,,,,,,,,,,,,,,0,0
9267,308900,,,,,,,,,,,,,,,,,,,,,,,,,0,0
9268,308933,,,,,,,,,,,,,,,,,,,,,,,,,0,0
9269,308967,,,,,,,,,,,,,,,,,,,,,,,,,0,0
9270,309000,,,,,,,,,,,,,,,,,,,,,,,,,0,0
9271,309033,,,,,,,,,,,,,,,,,,,,,,,,,0,0
9272,309067,,,,,,,,,,,,,,,,,,,,,,,,,0,0
9273,309100,,,,,,,,,,,,,,,,,,,,,,,,,0,0
9274,309133,,,,,,,,,,,,,,,,,,,,,,,,,0,0
9275,309167,,,,,,,,,,,,,,,,,,,,,,w,move_up,,0,0
9276,309200,,,,,,,,,,,,,,,,,,,,,,w,move_up,,0,0
9277,309233,,,,,,,,,,,,,,,,,,,,,,w,move_up,,0,0
9278,309267,,,,,,,,,,,,,,,,,,,,,,w,move_up,,0,0
9279,309300,,,,,,,,,,,,,,,,,,,,,,w,move_up,,0,0
9280,309333,,,,,,,,,,,,,,,,,,,,,,w,move_up,,0,0
9281,309367,,,,,,,,,,,,,,,,,,,,,,d|w,move_up|move_right,,0,0
9282,309400,,,,,,,,,,,,,,,,,,,,,,d|w,move_up|move_right,,0,0
9283,309433,,,,,,,,,,,,,,,,,,,,,,d|w,move_up|move_right,,0,0
9284,309467,,,,,,,,,,,,,,,,,,,,,,d|w,move_up|move_right,,0,0
9285,309500,,,,,,,,,,,,,,,,,,,,,,w,move_up,,0,0
9286,309533,,,,,,,,,,,,,,,,,,,,,,w,move_up,,0,0
9287,309567,,,,,,,,,,,,,,,,,,,,,,w,move_up,,0,0
9288,309600,,,,,,,,,,,,,,,,,,,,,,w,move_up,,0,0
9289,309633,,,,,,,,,,,,,,,,,,,,,,w,move_up,,0,0
9290,309667,,,,,,,,,,,,,,,,,,,,,,w,move_up,,0,0
9291,309700,,,,,,,,,,,,,,,,,,,,,,w,move_up,,0,0
9292,309733,,,,,,,,,,,,,,,,,,,,,,w,move_up,,0,0
9293,309767,,,,,,,,,,,,,,,,,,,,,,w,move_up,,0,0
9294,309800,,,,,,,,,,,,,,,,,,,,,,w,move_up,,0,0
9295,309833,,,,,,,,,,,,,,,,,,,,,,w,move_up,,0,0
9296,309867,,,,,,,,,,,,,,,,,,,,,,a|w,move_up|move_left,,0,0
9297,309900,,,,,,,,,,,,,,,,,,,,,,a|w,move_up|move_left,,0,0
9298,309933,,,,,,,,,,,,,,,,,,,,,,a|w,move_up|move_left,,0,0
9299,309967,,,,,,,,,,,,,,,,,,,,,,a|w,move_up|move_left,,0,0
9300,310000,,,,,,,,,,,,,,,,,,,,,,a|w,move_up|move_left,,0,0
9301,310033,,,,,,,,,,,,,,,,,,,,,,a|w,move_up|move_left,,0,0
9302,310067,,,,,,,,,,,,,,,,,,,,,,a|w,move_up|move_left,,0,0
9303,310100,,,,,,,,,,,,,,,,,,,,,,a|w,move_up|move_left,,0,0
9304,310133,,,,,,,,,,,,,,,,,,,,,,a|w,move_up|move_left,,0,0
9305,310167,,,,,,,,,,,,,,,,,,,,,,a|w,move_up|move_left,,0,0
9306,310200,,,,,,,,,,,,,,,,,,,,,,a|w,move_up|move_left,,0,0
9307,310233,,,,,,,,,,,,,,,,,,,,,,a|w,move_up|move_left,,0,0
9308,310267,,,,,,,,,,,,,,,,,,,,,,a|w,move_up|move_left,,0,0
9309,310300,,,,,,,,,,,,,,,,,,,,,,a|w,move_up|move_left,,0,0
9310,310333,,,,,,,,,,,,,,,,,,,,,,a,move_left,,0,0
9311,310367,,,,,,,,,,,,,,,,,,,,,,a,move_left,,0,0
9312,310400,,,,,,,,,,,,,,,,,,,,,,a,move_left,,0,0
9313,310433,,,,,,,,,,,,,,,,,,,,,,a,move_left,,0,0
9314,310467,,,,,,,,,,,,,,,,,,,,,,a,move_left,,0,0
9315,310500,,,,,,,,,,,,,,,,,,,,,,a,move_left,,0,0
9316,310533,,,,,,,,,,,,,,,,,,,,,,a,move_left,,0,0
9317,310567,,,,,,,,,,,,,,,,,,,,,,a,move_left,,0,0
9318,310600,,,,,,,,,,,,,,,,,,,,,,a,move_left,,0,0
9319,310633,,,,,,,,,,,,,,,,,,,,,,a,move_left,,0,0
9320,310667,,,,,,,,,,,,,,,,,,,,,,a,move_left,,0,0
9321,310700,,,,,,,,,,,,,,,,,,,,,,a,move_left,,0,0
9322,310733,,,,,,,,,,,,,,,,,,,,,,a,move_left,,0,0
9323,310767,,,,,,,,,,,,,,,,,,,,,,a,move_left,,0,0
9324,310800,,,,,,,,,,,,,,,,,,,,,,a,move_left,,0,0
9325,310833,,,,,,,,,,,,,,,,,,,,,,,,,0,0
9326,310867,,,,,,,,,,,,,,,,,,,,,,,,,0,0
9327,310900,,,,,,,,,,,,,,,,,,,,,,,,,0,0
9328,310933,,,,,,,,,,,,,,,,,,,,,,,,,0,0
9329,310967,,,,,,,,,,,,,,,,,,,,,,,,,0,0
9330,311000,,,,,,,,,,,,,,,,,,,,,,,,,0,0
9331,311033,,,,,,,,,,,,,,,,,,,,,,,,,0,0
9332,311067,,,,,,,,,,,,,,,,,,,,,,,,,0,0
9333,311100,,,,,,,,,,,,,,,,,,,,,,,,,0,0
9334,311133,,,,,,,,,,,,,,,,,,,,,,,,,0,0
9335,311167,,,,,,,,,,,,,,,,,,,,,,d,move_right,,0,0
9336,311200,,,,,,,,,,,,,,,,,,,,,,d,move_right,,0,0
9337,311233,,,,,,,,,,,,,,,,,,,,,,d,move_right,,0,0
9338,311267,,,,,,,,,,,,,,,,,,,,,,,,,0,0
9339,311300,,,,,,,,,,,,,,,,,,,,,,,,,0,0
9340,311333,,,,,,,,,,,,,,,,,,,,,,,,,0,0
9341,311367,,,,,,,,,,,,,,,,,,,,,,,,,0,0
9342,311400,,,,,,,,,,,,,,,,,,,,,,,,,0,0
9343,311433,,,,,,,,,,,,,,,,,,,,,,w,move_up,,0,0
9344,311467,,,,,,,,,,,,,,,,,,,,,,w,move_up,,0,0
9345,311500,,,,,,,,,,,,,,,,,,,,,,w,move_up,,0,0
9346,311533,,,,,,,,,,,,,,,,,,,,,,w,move_up,,0,0
9347,311567,,,,,,,,,,,,,,,,,,,,,,w,move_up,,0,0
9348,311600,,,,,,,,,,,,,,,,,,,,,,w,move_up,,0,0
9349,311633,,,,,,,,,,,,,,,,,,,,,,w,move_up,,0,0
9350,311667,,,,,,,,,,,,,,,,,,,,,,,,,0,0
9351,311700,,,,,,,,,,,,,,,,,,,,,,,,,0,0
9352,311733,,,,,,,,,,,,,,,,,,,,,,,,,0,0
9353,311767,,,,,,,,,,,,,,,,,,,,,,,,,0,0
9354,311800,,,,,,,,,,,,,,,,,,,,,,,,,0,0
9355,311833,,,,,,,,,,,,,,,,,,,,,,,,,0,0
9356,311867,,,,,,,,,,,,,,,,,,,,,,,,,0,0
9357,311900,,,,,,,,,,,,,,,,,,,,,,,,,0,0
9358,311933,,,,,,,,,,,,,,,,,,,,,,,,,0,0
9359,311967,,,,,,,,,,,,,,,,,,,,,,,,,0,0
9360,312000,,,,,,,,,,,,,,,,,,,,,,,,,0,0
9361,312033,,,,,,,,,,,,,,,,,,,,,,,,,0,0
9362,312067,,,,,,,,,,,,,,,,,,,,,,,,,0,0
9363,312100,,,,,,,,,,,,,,,,,,,,,,,,,0,0
9364,312133,,,,,,,,,,,,,,,,,,,,,,w,move_up,,0,0
9365,312167,,,,,,,,,,,,,,,,,,,,,,w,move_up,,0,0
9366,312200,,,,,,,,,,,,,,,,,,,,,,w,move_up,,0,0
9367,312233,,,,,,,,,,,,,,,,,,,,,,w,move_up,,0,0
9368,312267,,,,,,,,,,,,,,,,,,,,,,w,move_up,,0,0
9369,312300,,,,,,,,,,,,,,,,,,,,,,d|w,move_up|move_right,,0,0
9370,312333,,,,,,,,,,,,,,,,,,,,,,d|w,move_up|move_right,,0,0
9371,312367,,,,,,,,,,,,,,,,,,,,,,d|w,move_up|move_right,,0,0
9372,312400,,,,,,,,,,,,,,,,,,,,,,d|w,move_up|move_right,,0,0
9373,312433,,,,,,,,,,,,,,,,,,,,,,w,move_up,,0,0
9374,312467,,,,,,,,,,,,,,,,,,,,,,w,move_up,,0,0
9375,312500,,,,,,,,,,,,,,,,,,,,,,w,move_up,,0,0
9376,312533,,,,,,,,,,,,,,,,,,,,,,d|w,move_up|move_right,,0,0
9377,312567,,,,,,,,,,,,,,,,,,,,,,d|w,move_up|move_right,,0,0
9378,312600,,,,,,,,,,,,,,,,,,,,,,d|w,move_up|move_right,,0,0
9379,312633,,,,,,,,,,,,,,,,,,,,,,d|w,move_up|move_right,,0,0
9380,312667,,,,,,,,,,,,,,,,,,,,,,d|w,move_up|move_right,,0,0
9381,312700,,,,,,,,,,,,,,,,,,,,,,d|w,move_up|move_right,,0,0
9382,312733,,,,,,,,,,,,,,,,,,,,,,d|w,move_up|move_right,,0,0
9383,312767,,,,,,,,,,,,,,,,,,,,,,d|w,move_up|move_right,,0,0
9384,312800,,,,,,,,,,,,,,,,,,,,,,d|w,move_up|move_right,,0,0
9385,312833,,,,,,,,,,,,,,,,,,,,,,w,move_up,,0,0
9386,312867,,,,,,,,,,,,,,,,,,,,,,w,move_up,,0,0
9387,312900,,,,,,,,,,,,,,,,,,,,,,w,move_up,,0,0
9388,312933,,,,,,,,,,,,,,,,,,,,,,w,move_up,,0,0
9389,312967,,,,,,,,,,,,,,,,,,,,,,w,move_up,,0,0
9390,313000,,,,,,,,,,,,,,,,,,,,,,w,move_up,,0,0
9391,313033,,,,,,,,,,,,,,,,,,,,,,w,move_up,,0,0
9392,313067,,,,,,,,,,,,,,,,,,,,,,d|w,move_up|move_right,,0,0
9393,313100,,,,,,,,,,,,,,,,,,,,,,d|w,move_up|move_right,,0,0
9394,313133,,,,,,,,,,,,,,,,,,,,,,d|w,move_up|move_right,,0,0
9395,313167,,,,,,,,,,,,,,,,,,,,,,d|w,move_up|move_right,,0,0
9396,313200,,,,,,,,,,,,,,,,,,,,,,,,,0,0
9397,313233,,,,,,,,,,,,,,,,,,,,,,,,,0,0
9398,313267,,,,,,,,,,,,,,,,,,,,,,,,,0,0
9399,313300,,,,,,,,,,,,,,,,,,,,,,,,,0,0
9400,313333,,,,,,,,,,,,,,,,,,,,,,,,,0,0
9401,313367,,,,,,,,,,,,,,,,,,,,,,,,,0,0
9402,313400,,,,,,,,,,,,,,,,,,,,,,,,,0,0
9403,313433,,,,,,,,,,,,,,,,,,,,,,,,,0,0
9404,313467,,,,,,,,,,,,,,,,,,,,,,d,move_right,,0,0
9405,313500,,,,,,,,,,,,,,,,,,,,,,d,move_right,,0,0
9406,313533,,,,,,,,,,,,,,,,,,,,,,d,move_right,,0,0
9407,313567,,,,,,,,,,,,,,,,,,,,,,d,move_right,,0,0
9408,313600,,,,,,,,,,,,,,,,,,,,,,d|w,move_up|move_right,,0,0
9409,313633,,,,,,,,,,,,,,,,,,,,,,d|w,move_up|move_right,,0,0
9410,313667,,,,,,,,,,,,,,,,,,,,,,d|w,move_up|move_right,,0,0
9411,313700,,,,,,,,,,,,,,,,,,,,,,d|w,move_up|move_right,,0,0
9412,313733,,,,,,,,,,,,,,,,,,,,,,d|w,move_up|move_right,,0,0
9413,313767,,,,,,,,,,,,,,,,,,,,,,d|w,move_up|move_right,,0,0
9414,313800,,,,,,,,,,,,,,,,,,,,,,d|w,move_up|move_right,,0,0
9415,313833,,,,,,,,,,,,,,,,,,,,,,d|w,move_up|move_right,,0,0
9416,313867,,,,,,,,,,,,,,,,,,,,,,d|w,move_up|move_right,,0,0
9417,313900,,,,,,,,,,,,,,,,,,,,,,d|w,move_up|move_right,,0,0
9418,313933,,,,,,,,,,,,,,,,,,,,,,d|w,move_up|move_right,,0,0
9419,313967,,,,,,,,,,,,,,,,,,,,,,w,move_up,,0,0
9420,314000,,,,,,,,,,,,,,,,,,,,,,w,move_up,,0,0
9421,314033,,,,,,,,,,,,,,,,,,,,,,w,move_up,,0,0
9422,314067,,,,,,,,,,,,,,,,,,,,,,w,move_up,,0,0
9423,314100,,,,,,,,,,,,,,,,,,,,,,w,move_up,,0,0
9424,314133,,,,,,,,,,,,,,,,,,,,,,w,move_up,,0,0
9425,314167,,,,,,,,,,,,,,,,,,,,,,w,move_up,,0,0
9426,314200,,,,,,,,,,,,,,,,,,,,,,w,move_up,,0,0
9427,314233,,,,,,,,,,,,,,,,,,,,,,d|w,move_up|move_right,,0,0
9428,314267,,,,,,,,,,,,,,,,,,,,,,d|w,move_up|move_right,,0,0
9429,314300,,,,,,,,,,,,,,,,,,,,,,d|w,move_up|move_right,,0,0
9430,314333,,,,,,,,,,,,,,,,,,,,,,d|w,move_up|move_right,,0,0
9431,314367,,,,,,,,,,,,,,,,,,,,,,d|w,move_up|move_right,,0,0
9432,314400,,,,,,,,,,,,,,,,,,,,,,d|w,move_up|move_right,,0,0
9433,314433,,,,,,,,,,,,,,,,,,,,,,d|w,move_up|move_right,,0,0
9434,314467,,,,,,,,,,,,,,,,,,,,,,d|w,move_up|move_right,,0,0
9435,314500,,,,,,,,,,,,,,,,,,,,,,d|w,move_up|move_right,,0,0
9436,314533,,,,,,,,,,,,,,,,,,,,,,d|w,move_up|move_right,,0,0
9437,314567,,,,,,,,,,,,,,,,,,,,,,d|w,move_up|move_right,,0,0
9438,314600,,,,,,,,,,,,,,,,,,,,,,d|w,move_up|move_right,,0,0
9439,314633,,,,,,,,,,,,,,,,,,,,,,d|w,move_up|move_right,,0,0
9440,314667,,,,,,,,,,,,,,,,,,,,,,d|w,move_up|move_right,,0,0
9441,314700,,,,,,,,,,,,,,,,,,,,,,d|w,move_up|move_right,,0,0
9442,314733,,,,,,,,,,,,,,,,,,,,,,d|w,move_up|move_right,,0,0
9443,314767,,,,,,,,,,,,,,,,,,,,,,d|w,move_up|move_right,,0,0
9444,314800,,,,,,,,,,,,,,,,,,,,,,d|w,move_up|move_right,,0,0
9445,314833,,,,,,,,,,,,,,,,,,,,,,d|w,move_up|move_right,,0,0
9446,314867,,,,,,,,,,,,,,,,,,,,,,d,move_right,,0,0
9447,314900,,,,,,,,,,,,,,,,,,,,,,,,,0,0
9448,314933,,,,,,,,,,,,,,,,,,,,,,,,,0,0
9449,314967,,,,,,,,,,,,,,,,,,,,,,,,,0,0
9450,315000,,,,,,,,,,,,,,,,,,,,,,,,,0,0
9451,315033,,,,,,,,,,,,,,,,,,,,,,,,,0,0
9452,315067,,,,,,,,,,,,,,,,,,,,,,,,,0,0
9453,315100,,,,,,,,,,,,,,,,,,,,,,w,move_up,,0,0
9454,315133,,,,,,,,,,,,,,,,,,,,,,w,move_up,,0,0
9455,315167,,,,,,,,,,,,,,,,,,,,,,d|w,move_up|move_right,,0,0
9456,315200,,,,,,,,,,,,,,,,,,,,,,d|w,move_up|move_right,,0,0
9457,315233,,,,,,,,,,,,,,,,,,,,,,d|w,move_up|move_right,,0,0
9458,315267,,,,,,,,,,,,,,,,,,,,,,d|w,move_up|move_right,,0,0
9459,315300,,,,,,,,,,,,,,,,,,,,,,d|w,move_up|move_right,,0,0
9460,315333,,,,,,,,,,,,,,,,,,,,,,d|w,move_up|move_right,,0,0
9461,315367,,,,,,,,,,,,,,,,,,,,,,w,move_up,,0,0
9462,315400,,,,,,,,,,,,,,,,,,,,,,w,move_up,,0,0
9463,315433,,,,,,,,,,,,,,,,,,,,,,w,move_up,,0,0
9464,315467,,,,,,,,,,,,,,,,,,,,,,w,move_up,,0,0
9465,315500,,,,,,,,,,,,,,,,,,,,,,w,move_up,,0,0
9466,315533,,,,,,,,,,,,,,,,,,,,,,w,move_up,,0,0
9467,315567,,,,,,,,,,,,,,,,,,,,,,w,move_up,,0,0
9468,315600,,,,,,,,,,,,,,,,,,,,,,w,move_up,,0,0
9469,315633,,,,,,,,,,,,,,,,,,,,,,w,move_up,,0,0
9470,315667,,,,,,,,,,,,,,,,,,,,,,d|w,move_up|move_right,,0,0
9471,315700,,,,,,,,,,,,,,,,,,,,,,d|w,move_up|move_right,,0,0
9472,315733,,,,,,,,,,,,,,,,,,,,,,d|w,move_up|move_right,,0,0
9473,315767,,,,,,,,,,,,,,,,,,,,,,d|w,move_up|move_right,,0,0
9474,315800,,,,,,,,,,,,,,,,,,,,,,d|w,move_up|move_right,,0,0
9475,315833,,,,,,,,,,,,,,,,,,,,,,d|w,move_up|move_right,,0,0
9476,315867,,,,,,,,,,,,,,,,,,,,,,d|w,move_up|move_right,,0,0
9477,315900,,,,,,,,,,,,,,,,,,,,,,d|w,move_up|move_right,,0,0
9478,315933,,,,,,,,,,,,,,,,,,,,,,d|w,move_up|move_right,,0,0
9479,315967,,,,,,,,,,,,,,,,,,,,,,w,move_up,,0,0
9480,316000,,,,,,,,,,,,,,,,,,,,,,w,move_up,,0,0
9481,316033,,,,,,,,,,,,,,,,,,,,,,w,move_up,,0,0
9482,316067,,,,,,,,,,,,,,,,,,,,,,w,move_up,,0,0
9483,316100,,,,,,,,,,,,,,,,,,,,,,w,move_up,,0,0
9484,316133,,,,,,,,,,,,,,,,,,,,,,,,,0,0
9485,316167,,,,,,,,,,,,,,,,,,,,,,,,,0,0
9486,316200,,,,,,,,,,,,,,,,,,,,,,,,,0,0
9487,316233,,,,,,,,,,,,,,,,,,,,,,,,,0,0
9488,316267,,,,,,,,,,,,,,,,,,,,,,,,,0,0
9489,316300,,,,,,,,,,,,,,,,,,,,,,,,,0,0
9490,316333,,,,,,,,,,,,,,,,,,,,,,,,,0,0
9491,316367,,,,,,,,,,,,,,,,,,,,,,,,,0,0
9492,316400,,,,,,,,,,,,,,,,,,,,,,,,,0,0
9493,316433,,,,,,,,,,,,,,,,,,,,,,,,,0,0
9494,316467,,,,,,,,,,,,,,,,,,,,,,,,,0,0
9495,316500,,,,,,,,,,,,,,,,,,,,,,,,,0,0
9496,316533,,,,,,,,,,,,,,,,,,,,,,,,,0,0
9497,316567,,,,,,,,,,,,,,,,,,,,,,,,,0,0
9498,316600,,,,,,,,,,,,,,,,,,,,,,,,,0,0
9499,316633,,,,,,,,,,,,,,,,,,,,,,,,,0,0
9500,316667,,,,,,,,,,,,,,,,,,,,,,,,,0,0
9501,316700,,,,,,,,,,,,,,,,,,,,,,,,,0,0
9502,316733,,,,,,,,,,,,,,,,,,,,,,,,,0,0
9503,316767,,,,,,,,,,,,,,,,,,,,,,,,,0,0
9504,316800,,,,,,,,,,,,,,,,,,,,,,,,,0,0
9505,316833,,,,,,,,,,,,,,,,,,,,,,,,,0,0
9506,316867,,,,,,,,,,,,,,,,,,,,,,,,,0,0
9507,316900,,,,,,,,,,,,,,,,,,,,,,,,,0,0
9508,316933,,,,,,,,,,,,,,,,,,,,,,,,,0,0
9509,316967,,,,,,,,,,,,,,,,,,,,,,,,,0,0
9510,317000,,,,,,,,,,,,,,,,,,,,,,,,,0,0
9511,317033,,,,,,,,,,,,,,,,,,,,,,,,,0,0
9512,317067,,,,,,,,,,,,,,,,,,,,,,,,,0,0
9513,317100,,,,,,,,,,,,,,,,,,,,,,,,,0,0
9514,317133,,,,,,,,,,,,,,,,,,,,,,,,,0,0
9515,317167,,,,,,,,,,,,,,,,,,,,,,,,,0,0
9516,317200,,,,,,,,,,,,,,,,,,,,,,,,,0,0
9517,317233,,,,,,,,,,,,,,,,,,,,,,,,,0,0
9518,317267,,,,,,,,,,,,,,,,,,,,,,,,,0,0
9519,317300,,,,,,,,,,,,,,,,,,,,,,,,,0,0
9520,317333,,,,,,,,,,,,,,,,,,,,,,,,,0,0
9521,317367,,,,,,,,,,,,,,,,,,,,,,,,,0,0
9522,317400,,,,,,,,,,,,,,,,,,,,,,,,,0,0
9523,317433,,,,,,,,,,,,,,,,,,,,,,,,,0,0
9524,317467,,,,,,,,,,,,,,,,,,,,,,,,,0,0
9525,317500,,,,,,,,,,,,,,,,,,,,,,,,,0,0
9526,317533,,,,,,,,,,,,,,,,,,,,,,,,,0,0
9527,317567,,,,,,,,,,,,,,,,,,,,,,,,,0,0
9528,317600,,,,,,,,,,,,,,,,,,,,,,,,,0,0
9529,317633,,,,,,,,,,,,,,,,,,,,,,,,,0,0
9530,317667,,,,,,,,,,,,,,,,,,,,,,,,,0,0
9531,317700,,,,,,,,,,,,,,,,,,,,,,,,,0,0
9532,317733,,,,,,,,,,,,,,,,,,,,,,,,,0,0
9533,317767,,,,,,,,,,,,,,,,,,,,,,,,,0,0
9534,317800,,,,,,,,,,,,,,,,,,,,,,,,,0,0
9535,317833,,,,,,,,,,,,,,,,,,,,,,,,,0,0
9536,317867,,,,,,,,,,,,,,,,,,,,,,,,,0,0
9537,317900,,,,,,,,,,,,,,,,,,,,,,,,,0,0
9538,317933,,,,,,,,,,,,,,,,,,,,,,,,,0,0
9539,317967,,,,,,,,,,,,,,,,,,,,,,,,,0,0
9540,318000,,,,,,,,,,,,,,,,,,,,,,,,,0,0
9541,318033,,,,,,,,,,,,,,,,,,,,,,,,,0,0
9542,318067,,,,,,,,,,,,,,,,,,,,,,,,,0,0
9543,318100,,,,,,,,,,,,,,,,,,,,,,,,,0,0
9544,318133,,,,,,,,,,,,,,,,,,,,,,,,,0,0
9545,318167,,,,,,,,,,,,,,,,,,,,,,,,,0,0
9546,318200,,,,,,,,,,,,,,,,,,,,,,,,,0,0
9547,318233,,,,,,,,,,,,,,,,,,,,,,,,,0,0
9548,318267,,,,,,,,,,,,,,,,,,,,,,,,,0,0
9549,318300,,,,,,,,,,,,,,,,,,,,,,,,,0,0
9550,318333,,,,,,,,,,,,,,,,,,,,,,,,,0,0
9551,318367,,,,,,,,,,,,,,,,,,,,,,,,,0,0
9552,318400,,,,,,,,,,,,,,,,,,,,,,,,,0,0
9553,318433,,,,,,,,,,,,,,,,,,,,,,,,,0,0
9554,318467,,,,,,,,,,,,,,,,,,,,,,d,move_right,,0,0
9555,318500,,,,,,,,,,,,,,,,,,,,,,d,move_right,,0,0
9556,318533,,,,,,,,,,,,,,,,,,,,,,d|w,move_up|move_right,,0,0
9557,318567,,,,,,,,,,,,,,,,,,,,,,d|w,move_up|move_right,,0,0
9558,318600,,,,,,,,,,,,,,,,,,,,,,d|w,move_up|move_right,,0,0
9559,318633,,,,,,,,,,,,,,,,,,,,,,d|w,move_up|move_right,,0,0
9560,318667,,,,,,,,,,,,,,,,,,,,,,d|w,move_up|move_right,,0,0
9561,318700,,,,,,,,,,,,,,,,,,,,,,d|w,move_up|move_right,,0,0
9562,318733,,,,,,,,,,,,,,,,,,,,,,d,move_right,,0,0
9563,318767,,,,,,,,,,,,,,,,,,,,,,,,,0,0
9564,318800,,,,,,,,,,,,,,,,,,,,,,,,,0,0
9565,318833,,,,,,,,,,,,,,,,,,,,,,,,,0,0
9566,318867,,,,,,,,,,,,,,,,,,,,,,,,,0,0
9567,318900,,,,,,,,,,,,,,,,,,,,,,,,,0,0
9568,318933,,,,,,,,,,,,,,,,,,,,,,,,,0,0
9569,318967,,,,,,,,,,,,,,,,,,,,,,,,,0,0
9570,319000,,,,,,,,,,,,,,,,,,,,,,,,,0,0
9571,319033,,,,,,,,,,,,,,,,,,,,,,,,,0,0
9572,319067,,,,,,,,,,,,,,,,,,,,,,,,,0,0
9573,319100,,,,,,,,,,,,,,,,,,,,,,,,,0,0
9574,319133,,,,,,,,,,,,,,,,,,,,,,,,,0,0
9575,319167,,,,,,,,,,,,,,,,,,,,,,,,,0,0
9576,319200,,,,,,,,,,,,,,,,,,,,,,w,move_up,,0,0
9577,319233,,,,,,,,,,,,,,,,,,,,,,w,move_up,,0,0
9578,319267,,,,,,,,,,,,,,,,,,,,,,w,move_up,,0,0
9579,319300,,,,,,,,,,,,,,,,,,,,,,w,move_up,,0,0
9580,319333,,,,,,,,,,,,,,,,,,,,,,w,move_up,,0,0
9581,319367,,,,,,,,,,,,,,,,,,,,,,w,move_up,,0,0
9582,319400,,,,,,,,,,,,,,,,,,,,,,w,move_up,,0,0
9583,319433,,,,,,,,,,,,,,,,,,,,,,w,move_up,,0,0
9584,319467,,,,,,,,,,,,,,,,,,,,,,w,move_up,,0,0
9585,319500,,,,,,,,,,,,,,,,,,,,,,w,move_up,,0,0
9586,319533,,,,,,,,,,,,,,,,,,,,,,w,move_up,,0,0
9587,319567,,,,,,,,,,,,,,,,,,,,,,w,move_up,,0,0
9588,319600,,,,,,,,,,,,,,,,,,,,,,w,move_up,,0,0
9589,319633,,,,,,,,,,,,,,,,,,,,,,w,move_up,,0,0
9590,319667,,,,,,,,,,,,,,,,,,,,,,,,,0,0
9591,319700,,,,,,,,,,,,,,,,,,,,,,,,,0,0
9592,319733,,,,,,,,,,,,,,,,,,,,,,,,,0,0
9593,319767,,,,,,,,,,,,,,,,,,,,,,,,,0,0
9594,319800,,,,,,,,,,,,,,,,,,,,,,,,,0,0
9595,319833,,,,,,,,,,,,,,,,,,,,,,,,,0,0
9596,319867,,,,,,,,,,,,,,,,,,,,,,,,,0,0
9597,319900,,,,,,,,,,,,,,,,,,,,,,,,,0,0
9598,319933,,,,,,,,,,,,,,,,,,,,,,,,,0,0
9599,319967,,,,,,,,,,,,,,,,,,,,,,,,,0,0
9600,320000,,,,,,,,,,,,,,,,,,,,,,,,,0,0
9601,320033,,,,,,,,,,,,,,,,,,,,,,,,,0,0
9602,320067,,,,,,,,,,,,,,,,,,,,,,,,,0,0
9603,320100,,,,,,,,,,,,,,,,,,,,,,,,,0,0
9604,320133,,,,,,,,,,,,,,,,,,,,,,,,,0,0
9605,320167,,,,,,,,,,,,,,,,,,,,,,,,,0,0
9606,320200,,,,,,,,,,,,,,,,,,,,,,,,,0,0
9607,320233,,,,,,,,,,,,,,,,,,,,,,,,,0,0
9608,320267,,,,,,,,,,,,,,,,,,,,,,,,,0,0
9609,320300,,,,,,,,,,,,,,,,,,,,,,,,,0,0
9610,320333,,,,,,,,,,,,,,,,,,,,,,,,,0,0
9611,320367,,,,,,,,,,,,,,,,,,,,,,w,move_up,,0,0
9612,320400,,,,,,,,,,,,,,,,,,,,,,w,move_up,,0,0
9613,320433,,,,,,,,,,,,,,,,,,,,,,w,move_up,,0,0
9614,320467,,,,,,,,,,,,,,,,,,,,,,w,move_up,,0,0
9615,320500,,,,,,,,,,,,,,,,,,,,,,w,move_up,,0,0
9616,320533,,,,,,,,,,,,,,,,,,,,,,w,move_up,,0,0
9617,320567,,,,,,,,,,,,,,,,,,,,,,w,move_up,,0,0
9618,320600,,,,,,,,,,,,,,,,,,,,,,w,move_up,,0,0
9619,320633,,,,,,,,,,,,,,,,,,,,,,w,move_up,,0,0
9620,320667,,,,,,,,,,,,,,,,,,,,,,w,move_up,,0,0
9621,320700,,,,,,,,,,,,,,,,,,,,,,w,move_up,,0,0
9622,320733,,,,,,,,,,,,,,,,,,,,,,w,move_up,,0,0
9623,320767,,,,,,,,,,,,,,,,,,,,,,w,move_up,,0,0
9624,320800,,,,,,,,,,,,,,,,,,,,,,w,move_up,,0,0
9625,320833,,,,,,,,,,,,,,,,,,,,,,w,move_up,,0,0
9626,320867,,,,,,,,,,,,,,,,,,,,,,w,move_up,,0,0
9627,320900,,,,,,,,,,,,,,,,,,,,,,,,,0,0
9628,320933,,,,,,,,,,,,,,,,,,,,,,,,,0,0
9629,320967,,,,,,,,,,,,,,,,,,,,,,,,,0,0
9630,321000,,,,,,,,,,,,,,,,,,,,,,,,,0,0
9631,321033,,,,,,,,,,,,,,,,,,,,,,,,,0,0
9632,321067,,,,,,,,,,,,,,,,,,,,,,,,,0,0
9633,321100,,,,,,,,,,,,,,,,,,,,,,w,move_up,,0,0
9634,321133,,,,,,,,,,,,,,,,,,,,,,w,move_up,,0,0
9635,321167,,,,,,,,,,,,,,,,,,,,,,w,move_up,,0,0
9636,321200,,,,,,,,,,,,,,,,,,,,,,w,move_up,,0,0
9637,321233,,,,,,,,,,,,,,,,,,,,,,w,move_up,,0,0
9638,321267,,,,,,,,,,,,,,,,,,,,,,,,,0,0
9639,321300,,,,,,,,,,,,,,,,,,,,,,,,,0,0
9640,321333,,,,,,,,,,,,,,,,,,,,,,,,,0,0
9641,321367,,,,,,,,,,,,,,,,,,,,,,,,,0,0
9642,321400,,,,,,,,,,,,,,,,,,,,,,e,interact,,0,0
9643,321433,,,,,,,,,,,,,,,,,,,,,,e,interact,,0,0
9644,321467,,,,,,,,,,,,,,,,,,,,,,e,interact,,0,0
9645,321500,,,,,,,,,,,,,,,,,,,,,,e,interact,,0,0
9646,321533,,,,,,,,,,,,,,,,,,,,,,,,,0,0
9647,321567,,,,,,,,,,,,,,,,,,,,,,,,,0,0
9648,321600,,,,,,,,,,,,,,,,,,,,,,,,,0,0
9649,321633,,,,,,,,,,,,,,,,,,,,,,,,,0,0
9650,321667,,,,,,,,,,,,,,,,,,,,,,,,,0,0
9651,321700,,,,,,,,,,,,,,,,,,,,,,,,,0,0
9652,321733,,,,,,,,,,,,,,,,,,,,,,,,,0,0
9653,321767,,,,,,,,,,,,,,,,,,,,,,,,,0,0
9654,321800,,,,,,,,,,,,,,,,,,,,,,,,,0,0
9655,321833,,,,,,,,,,,,,,,,,,,,,,,,,0,0
9656,321867,,,,,,,,,,,,,,,,,,,,,,,,,0,0
9657,321900,,,,,,,,,,,,,,,,,,,,,,w,move_up,,0,0
9658,321933,,,,,,,,,,,,,,,,,,,,,,w,move_up,,0,0
9659,321967,,,,,,,,,,,,,,,,,,,,,,w,move_up,,0,0
9660,322000,,,,,,,,,,,,,,,,,,,,,,w,move_up,,0,0
9661,322033,,,,,,,,,,,,,,,,,,,,,,w,move_up,,0,0
9662,322067,,,,,,,,,,,,,,,,,,,,,,d|w,move_up|move_right,,0,0
9663,322100,,,,,,,,,,,,,,,,,,,,,,d|w,move_up|move_right,,0,0
9664,322133,,,,,,,,,,,,,,,,,,,,,,d|w,move_up|move_right,,0,0
9665,322167,,,,,,,,,,,,,,,,,,,,,,d|w,move_up|move_right,,0,0
9666,322200,,,,,,,,,,,,,,,,,,,,,,d|w,move_up|move_right,,0,0
9667,322233,,,,,,,,,,,,,,,,,,,,,,,,,0,0
9668,322267,,,,,,,,,,,,,,,,,,,,,,,,,0,0
9669,322300,,,,,,,,,,,,,,,,,,,,,,,,,0,0
9670,322333,,,,,,,,,,,,,,,,,,,,,,,,,0,0
9671,322367,,,,,,,,,,,,,,,,,,,,,,,,,0,0
9672,322400,,,,,,,,,,,,,,,,,,,,,,,,,0,0
9673,322433,,,,,,,,,,,,,,,,,,,,,,,,,0,0
9674,322467,,,,,,,,,,,,,,,,,,,,,,,,,0,0
9675,322500,,,,,,,,,,,,,,,,,,,,,,,,,0,0
9676,322533,,,,,,,,,,,,,,,,,,,,,,,,,0,0
9677,322567,,,,,,,,,,,,,,,,,,,,,,w,move_up,,0,0
9678,322600,,,,,,,,,,,,,,,,,,,,,,w,move_up,,0,0
9679,322633,,,,,,,,,,,,,,,,,,,,,,w,move_up,,0,0
9680,322667,,,,,,,,,,,,,,,,,,,,,,w,move_up,,0,0
9681,322700,,,,,,,,,,,,,,,,,,,,,,w,move_up,,0,0
9682,322733,,,,,,,,,,,,,,,,,,,,,,w,move_up,,0,0
9683,322767,,,,,,,,,,,,,,,,,,,,,,w,move_up,,0,0
9684,322800,,,,,,,,,,,,,,,,,,,,,,w,move_up,,0,0
9685,322833,,,,,,,,,,,,,,,,,,,,,,w,move_up,,0,0
9686,322867,,,,,,,,,,,,,,,,,,,,,,w,move_up,,0,0
9687,322900,,,,,,,,,,,,,,,,,,,,,,w,move_up,,0,0
9688,322933,,,,,,,,,,,,,,,,,,,,,,,,,0,0
9689,322967,,,,,,,,,,,,,,,,,,,,,,,,,0,0
9690,323000,,,,,,,,,,,,,,,,,,,,,,,,,0,0
9691,323033,,,,,,,,,,,,,,,,,,,,,,,,,0,0
9692,323067,,,,,,,,,,,,,,,,,,,,,,,,,0,0
9693,323100,,,,,,,,,,,,,,,,,,,,,,w,move_up,,0,0
9694,323133,,,,,,,,,,,,,,,,,,,,,,w,move_up,,0,0
9695,323167,,,,,,,,,,,,,,,,,,,,,,w,move_up,,0,0
9696,323200,,,,,,,,,,,,,,,,,,,,,,d|w,move_up|move_right,,0,0
9697,323233,,,,,,,,,,,,,,,,,,,,,,d|w,move_up|move_right,,0,0
9698,323267,,,,,,,,,,,,,,,,,,,,,,d|w,move_up|move_right,,0,0
9699,323300,,,,,,,,,,,,,,,,,,,,,,d|w,move_up|move_right,,0,0
9700,323333,,,,,,,,,,,,,,,,,,,,,,d|w,move_up|move_right,,0,0
9701,323367,,,,,,,,,,,,,,,,,,,,,,d|w,move_up|move_right,,0,0
9702,323400,,,,,,,,,,,,,,,,,,,,,,,,,0,0
9703,323433,,,,,,,,,,,,,,,,,,,,,,,,,0,0
9704,323467,,,,,,,,,,,,,,,,,,,,,,,,,0,0
9705,323500,,,,,,,,,,,,,,,,,,,,,,,,,0,0
9706,323533,,,,,,,,,,,,,,,,,,,,,,,,,0,0
9707,323567,,,,,,,,,,,,,,,,,,,,,,,,,0,0
9708,323600,,,,,,,,,,,,,,,,,,,,,,,,,0,0
9709,323633,,,,,,,,,,,,,,,,,,,,,,,,,0,0
9710,323667,,,,,,,,,,,,,,,,,,,,,,,,,0,0
9711,323700,,,,,,,,,,,,,,,,,,,,,,,,,0,0
9712,323733,,,,,,,,,,,,,,,,,,,,,,,,,0,0
9713,323767,,,,,,,,,,,,,,,,,,,,,,,,,0,0
9714,323800,,,,,,,,,,,,,,,,,,,,,,a,move_left,,0,0
9715,323833,,,,,,,,,,,,,,,,,,,,,,a,move_left,,0,0
9716,323867,,,,,,,,,,,,,,,,,,,,,,a|w,move_up|move_left,,0,0
9717,323900,,,,,,,,,,,,,,,,,,,,,,a|w,move_up|move_left,,0,0
9718,323933,,,,,,,,,,,,,,,,,,,,,,a|w,move_up|move_left,,0,0
9719,323967,,,,,,,,,,,,,,,,,,,,,,a|w,move_up|move_left,,0,0
9720,324000,,,,,,,,,,,,,,,,,,,,,,a|w,move_up|move_left,,0,0
9721,324033,,,,,,,,,,,,,,,,,,,,,,w,move_up,,0,0
9722,324067,,,,,,,,,,,,,,,,,,,,,,w,move_up,,0,0
9723,324100,,,,,,,,,,,,,,,,,,,,,,w,move_up,,0,0
9724,324133,,,,,,,,,,,,,,,,,,,,,,w,move_up,,0,0
9725,324167,,,,,,,,,,,,,,,,,,,,,,w,move_up,,0,0
9726,324200,,,,,,,,,,,,,,,,,,,,,,w,move_up,,0,0
9727,324233,,,,,,,,,,,,,,,,,,,,,,,,,0,0
9728,324267,,,,,,,,,,,,,,,,,,,,,,,,,0,0
9729,324300,,,,,,,,,,,,,,,,,,,,,,,,,0,0
9730,324333,,,,,,,,,,,,,,,,,,,,,,,,,0,0
9731,324367,,,,,,,,,,,,,,,,,,,,,,w,move_up,,0,0
9732,324400,,,,,,,,,,,,,,,,,,,,,,w,move_up,,0,0
9733,324433,,,,,,,,,,,,,,,,,,,,,,w,move_up,,0,0
9734,324467,,,,,,,,,,,,,,,,,,,,,,w,move_up,,0,0
9735,324500,,,,,,,,,,,,,,,,,,,,,,w,move_up,,0,0
9736,324533,,,,,,,,,,,,,,,,,,,,,,w,move_up,,0,0
9737,324567,,,,,,,,,,,,,,,,,,,,,,d|w,move_up|move_right,,0,0
9738,324600,,,,,,,,,,,,,,,,,,,,,,d|w,move_up|move_right,,0,0
9739,324633,,,,,,,,,,,,,,,,,,,,,,d|w,move_up|move_right,,0,0
9740,324667,,,,,,,,,,,,,,,,,,,,,,d|w,move_up|move_right,,0,0
9741,324700,,,,,,,,,,,,,,,,,,,,,,d|w,move_up|move_right,,0,0
9742,324733,,,,,,,,,,,,,,,,,,,,,,d|w,move_up|move_right,,0,0
9743,324767,,,,,,,,,,,,,,,,,,,,,,d|w,move_up|move_right,,0,0
9744,324800,,,,,,,,,,,,,,,,,,,,,,w,move_up,,0,0
9745,324833,,,,,,,,,,,,,,,,,,,,,,w,move_up,,0,0
9746,324867,,,,,,,,,,,,,,,,,,,,,,,,,0,0
9747,324900,,,,,,,,,,,,,,,,,,,,,,,,,0,0
9748,324933,,,,,,,,,,,,,,,,,,,,,,,,,0,0
9749,324967,,,,,,,,,,,,,,,,,,,,,,d,move_right,,0,0
9750,325000,,,,,,,,,,,,,,,,,,,,,,d|w,move_up|move_right,,0,0
9751,325033,,,,,,,,,,,,,,,,,,,,,,d|w,move_up|move_right,,0,0
9752,325067,,,,,,,,,,,,,,,,,,,,,,d|w,move_up|move_right,,0,0
9753,325100,,,,,,,,,,,,,,,,,,,,,,d|w,move_up|move_right,,0,0
9754,325133,,,,,,,,,,,,,,,,,,,,,,d|w,move_up|move_right,,0,0
9755,325167,,,,,,,,,,,,,,,,,,,,,,d|w,move_up|move_right,,0,0
9756,325200,,,,,,,,,,,,,,,,,,,,,,d|w,move_up|move_right,,0,0
9757,325233,,,,,,,,,,,,,,,,,,,,,,d|w,move_up|move_right,,0,0
9758,325267,,,,,,,,,,,,,,,,,,,,,,d|w,move_up|move_right,,0,0
9759,325300,,,,,,,,,,,,,,,,,,,,,,d,move_right,,0,0
9760,325333,,,,,,,,,,,,,,,,,,,,,,,,,0,0
9761,325367,,,,,,,,,,,,,,,,,,,,,,,,,0,0
9762,325400,,,,,,,,,,,,,,,,,,,,,,,,,0,0
9763,325433,,,,,,,,,,,,,,,,,,,,,,,,,0,0
9764,325467,,,,,,,,,,,,,,,,,,,,,,,,,0,0
9765,325500,,,,,,,,,,,,,,,,,,,,,,,,,0,0
9766,325533,,,,,,,,,,,,,,,,,,,,,,,,,0,0
9767,325567,,,,,,,,,,,,,,,,,,,,,,,,,0,0
9768,325600,,,,,,,,,,,,,,,,,,,,,,,,,0,0
9769,325633,,,,,,,,,,,,,,,,,,,,,,,,,0,0
9770,325667,,,,,,,,,,,,,,,,,,,,,,,,,0,0
9771,325700,,,,,,,,,,,,,,,,,,,,,,,,,0,0
9772,325733,,,,,,,,,,,,,,,,,,,,,,,,,0,0
9773,325767,,,,,,,,,,,,,,,,,,,,,,,,,0,0
9774,325800,,,,,,,,,,,,,,,,,,,,,,,,,0,0
9775,325833,,,,,,,,,,,,,,,,,,,,,,,,,0,0
9776,325867,,,,,,,,,,,,,,,,,,,,,,w,move_up,,0,0
9777,325900,,,,,,,,,,,,,,,,,,,,,,w,move_up,,0,0
9778,325933,,,,,,,,,,,,,,,,,,,,,,w,move_up,,0,0
9779,325967,,,,,,,,,,,,,,,,,,,,,,w,move_up,,0,0
9780,326000,,,,,,,,,,,,,,,,,,,,,,w,move_up,,0,0
9781,326033,,,,,,,,,,,,,,,,,,,,,,w,move_up,,0,0
9782,326067,,,,,,,,,,,,,,,,,,,,,,w,move_up,,0,0
9783,326100,,,,,,,,,,,,,,,,,,,,,,w,move_up,,0,0
9784,326133,,,,,,,,,,,,,,,,,,,,,,w,move_up,,0,0
9785,326167,,,,,,,,,,,,,,,,,,,,,,w,move_up,,0,0
9786,326200,,,,,,,,,,,,,,,,,,,,,,w,move_up,,0,0
9787,326233,,,,,,,,,,,,,,,,,,,,,,w,move_up,,0,0
9788,326267,,,,,,,,,,,,,,,,,,,,,,w,move_up,,0,0
9789,326300,,,,,,,,,,,,,,,,,,,,,,w,move_up,,0,0
9790,326333,,,,,,,,,,,,,,,,,,,,,,w,move_up,,0,0
9791,326367,,,,,,,,,,,,,,,,,,,,,,w,move_up,,0,0
9792,326400,,,,,,,,,,,,,,,,,,,,,,w,move_up,,0,0
9793,326433,,,,,,,,,,,,,,,,,,,,,,w,move_up,,0,0
9794,326467,,,,,,,,,,,,,,,,,,,,,,w,move_up,,0,0
9795,326500,,,,,,,,,,,,,,,,,,,,,,w,move_up,,0,0
9796,326533,,,,,,,,,,,,,,,,,,,,,,w,move_up,,0,0
9797,326567,,,,,,,,,,,,,,,,,,,,,,w,move_up,,0,0
9798,326600,,,,,,,,,,,,,,,,,,,,,,w,move_up,,0,0
9799,326633,,,,,,,,,,,,,,,,,,,,,,w,move_up,,0,0
9800,326667,,,,,,,,,,,,,,,,,,,,,,w,move_up,,0,0
9801,326700,,,,,,,,,,,,,,,,,,,,,,w,move_up,,0,0
9802,326733,,,,,,,,,,,,,,,,,,,,,,w,move_up,,0,0
9803,326767,,,,,,,,,,,,,,,,,,,,,,w,move_up,,0,0
9804,326800,,,,,,,,,,,,,,,,,,,,,,w,move_up,,0,0
9805,326833,,,,,,,,,,,,,,,,,,,,,,,,,0,0
9806,326867,,,,,,,,,,,,,,,,,,,,,,,,,0,0
9807,326900,,,,,,,,,,,,,,,,,,,,,,,,,0,0
9808,326933,,,,,,,,,,,,,,,,,,,,,,,,,0,0
9809,326967,,,,,,,,,,,,,,,,,,,,,,,,,0,0
9810,327000,,,,,,,,,,,,,,,,,,,,,,,,,0,0
9811,327033,,,,,,,,,,,,,,,,,,,,,,,,,0,0
9812,327067,,,,,,,,,,,,,,,,,,,,,,w,move_up,,0,0
9813,327100,,,,,,,,,,,,,,,,,,,,,,w,move_up,,0,0
9814,327133,,,,,,,,,,,,,,,,,,,,,,w,move_up,,0,0
9815,327167,,,,,,,,,,,,,,,,,,,,,,w,move_up,,0,0
9816,327200,,,,,,,,,,,,,,,,,,,,,,w,move_up,,0,0
9817,327233,,,,,,,,,,,,,,,,,,,,,,w,move_up,,0,0
9818,327267,,,,,,,,,,,,,,,,,,,,,,w,move_up,,0,0
9819,327300,,,,,,,,,,,,,,,,,,,,,,,,,0,0
9820,327333,,,,,,,,,,,,,,,,,,,,,,,,,0,0
9821,327367,,,,,,,,,,,,,,,,,,,,,,,,,0,0
9822,327400,,,,,,,,,,,,,,,,,,,,,,,,,0,0
9823,327433,,,,,,,,,,,,,,,,,,,,,,,,,0,0
9824,327467,,,,,,,,,,,,,,,,,,,,,,,,,0,0
9825,327500,,,,,,,,,,,,,,,,,,,,,,,,,0,0
9826,327533,,,,,,,,,,,,,,,,,,,,,,,,,0,0
9827,327567,,,,,,,,,,,,,,,,,,,,,,a,move_left,,0,0
9828,327600,,,,,,,,,,,,,,,,,,,,,,a,move_left,,0,0
9829,327633,,,,,,,,,,,,,,,,,,,,,,a,move_left,,0,0
9830,327667,,,,,,,,,,,,,,,,,,,,,,a|w,move_up|move_left,,0,0
9831,327700,,,,,,,,,,,,,,,,,,,,,,a|w,move_up|move_left,,0,0
9832,327733,,,,,,,,,,,,,,,,,,,,,,a|w,move_up|move_left,,0,0
9833,327767,,,,,,,,,,,,,,,,,,,,,,a|w,move_up|move_left,,0,0
9834,327800,,,,,,,,,,,,,,,,,,,,,,a|w,move_up|move_left,,0,0
9835,327833,,,,,,,,,,,,,,,,,,,,,,a|w,move_up|move_left,,0,0
9836,327867,,,,,,,,,,,,,,,,,,,,,,w,move_up,,0,0
9837,327900,,,,,,,,,,,,,,,,,,,,,,w,move_up,,0,0
9838,327933,,,,,,,,,,,,,,,,,,,,,,w,move_up,,0,0
9839,327967,,,,,,,,,,,,,,,,,,,,,,w,move_up,,0,0
9840,328000,,,,,,,,,,,,,,,,,,,,,,w,move_up,,0,0
9841,328033,,,,,,,,,,,,,,,,,,,,,,w,move_up,,0,0
9842,328067,,,,,,,,,,,,,,,,,,,,,,w,move_up,,0,0
9843,328100,,,,,,,,,,,,,,,,,,,,,,a|w,move_up|move_left,,0,0
9844,328133,,,,,,,,,,,,,,,,,,,,,,a|w,move_up|move_left,,0,0
9845,328167,,,,,,,,,,,,,,,,,,,,,,a|w,move_up|move_left,,0,0
9846,328200,,,,,,,,,,,,,,,,,,,,,,w,move_up,,0,0
9847,328233,,,,,,,,,,,,,,,,,,,,,,w,move_up,,0,0
9848,328267,,,,,,,,,,,,,,,,,,,,,,w,move_up,,0,0
9849,328300,,,,,,,,,,,,,,,,,,,,,,w,move_up,,0,0
9850,328333,,,,,,,,,,,,,,,,,,,,,,w,move_up,,0,0
9851,328367,,,,,,,,,,,,,,,,,,,,,,w,move_up,,0,0
9852,328400,,,,,,,,,,,,,,,,,,,,,,w,move_up,,0,0
9853,328433,,,,,,,,,,,,,,,,,,,,,,d|w,move_up|move_right,,0,0
9854,328467,,,,,,,,,,,,,,,,,,,,,,d|w,move_up|move_right,,0,0
9855,328500,,,,,,,,,,,,,,,,,,,,,,d|w,move_up|move_right,,0,0
9856,328533,,,,,,,,,,,,,,,,,,,,,,d|w,move_up|move_right,,0,0
9857,328567,,,,,,,,,,,,,,,,,,,,,,w,move_up,,0,0
9858,328600,,,,,,,,,,,,,,,,,,,,,,w,move_up,,0,0
9859,328633,,,,,,,,,,,,,,,,,,,,,,,,,0,0
9860,328667,,,,,,,,,,,,,,,,,,,,,,,,,0,0
9861,328700,,,,,,,,,,,,,,,,,,,,,,,,,0,0
9862,328733,,,,,,,,,,,,,,,,,,,,,,,,,0,0
9863,328767,,,,,,,,,,,,,,,,,,,,,,,,,0,0
9864,328800,,,,,,,,,,,,,,,,,,,,,,,,,0,0
9865,328833,,,,,,,,,,,,,,,,,,,,,,,,,0,0
9866,328867,,,,,,,,,,,,,,,,,,,,,,,,,0,0
9867,328900,,,,,,,,,,,,,,,,,,,,,,,,,0,0
9868,328933,,,,,,,,,,,,,,,,,,,,,,,,,0,0
9869,328967,,,,,,,,,,,,,,,,,,,,,,,,,0,0
9870,329000,,,,,,,,,,,,,,,,,,,,,,,,,0,0
9871,329033,,,,,,,,,,,,,,,,,,,,,,,,,0,0
9872,329067,,,,,,,,,,,,,,,,,,,,,,,,,0,0
9873,329100,,,,,,,,,,,,,,,,,,,,,,,,,0,0
9874,329133,,,,,,,,,,,,,,,,,,,,,,,,,0,0
9875,329167,,,,,,,,,,,,,,,,,,,,,,w,move_up,,0,0
9876,329200,,,,,,,,,,,,,,,,,,,,,,w,move_up,,0,0
9877,329233,,,,,,,,,,,,,,,,,,,,,,w,move_up,,0,0
9878,329267,,,,,,,,,,,,,,,,,,,,,,w,move_up,,0,0
9879,329300,,,,,,,,,,,,,,,,,,,,,,w,move_up,,0,0
9880,329333,,,,,,,,,,,,,,,,,,,,,,w,move_up,,0,0
9881,329367,,,,,,,,,,,,,,,,,,,,,,w,move_up,,0,0
9882,329400,,,,,,,,,,,,,,,,,,,,,,w,move_up,,0,0
9883,329433,,,,,,,,,,,,,,,,,,,,,,w,move_up,,0,0
9884,329467,,,,,,,,,,,,,,,,,,,,,,w,move_up,,0,0
9885,329500,,,,,,,,,,,,,,,,,,,,,,w,move_up,,0,0
9886,329533,,,,,,,,,,,,,,,,,,,,,,w,move_up,,0,0
9887,329567,,,,,,,,,,,,,,,,,,,,,,w,move_up,,0,0
9888,329600,,,,,,,,,,,,,,,,,,,,,,w,move_up,,0,0
9889,329633,,,,,,,,,,,,,,,,,,,,,,w,move_up,,0,0
9890,329667,,,,,,,,,,,,,,,,,,,,,,w,move_up,,0,0
9891,329700,,,,,,,,,,,,,,,,,,,,,,,,,0,0
9892,329733,,,,,,,,,,,,,,,,,,,,,,d,move_right,,0,0
9893,329767,,,,,,,,,,,,,,,,,,,,,,d,move_right,,0,0
9894,329800,,,,,,,,,,,,,,,,,,,,,,d|w,move_up|move_right,,0,0
9895,329833,,,,,,,,,,,,,,,,,,,,,,d|w,move_up|move_right,,0,0
9896,329867,,,,,,,,,,,,,,,,,,,,,,d|w,move_up|move_right,,0,0
9897,329900,,,,,,,,,,,,,,,,,,,,,,d|w,move_up|move_right,,0,0
9898,329933,,,,,,,,,,,,,,,,,,,,,,d|w,move_up|move_right,,0,0
9899,329967,,,,,,,,,,,,,,,,,,,,,,d|w,move_up|move_right,,0,0
9900,330000,,,,,,,,,,,,,,,,,,,,,,d|w,move_up|move_right,,0,0
9901,330033,,,,,,,,,,,,,,,,,,,,,,d|w,move_up|move_right,,0,0
9902,330067,,,,,,,,,,,,,,,,,,,,,,d|w,move_up|move_right,,0,0
9903,330100,,,,,,,,,,,,,,,,,,,,,,,,,0,0
9904,330133,,,,,,,,,,,,,,,,,,,,,,,,,0,0
9905,330167,,,,,,,,,,,,,,,,,,,,,,,,,0,0
9906,330200,,,,,,,,,,,,,,,,,,,,,,,,,0,0
9907,330233,,,,,,,,,,,,,,,,,,,,,,,,,0,0
9908,330267,,,,,,,,,,,,,,,,,,,,,,,,,0,0
9909,330300,,,,,,,,,,,,,,,,,,,,,,,,,0,0
9910,330333,,,,,,,,,,,,,,,,,,,,,,,,,0,0
9911,330367,,,,,,,,,,,,,,,,,,,,,,,,,0,0
9912,330400,,,,,,,,,,,,,,,,,,,,,,,,,0,0
9913,330433,,,,,,,,,,,,,,,,,,,,,,,,,0,0
9914,330467,,,,,,,,,,,,,,,,,,,,,,,,,0,0
9915,330500,,,,,,,,,,,,,,,,,,,,,,d,move_right,,0,0
9916,330533,,,,,,,,,,,,,,,,,,,,,,d,move_right,,0,0
9917,330567,,,,,,,,,,,,,,,,,,,,,,d|w,move_up|move_right,,0,0
9918,330600,,,,,,,,,,,,,,,,,,,,,,d|w,move_up|move_right,,0,0
9919,330633,,,,,,,,,,,,,,,,,,,,,,d|w,move_up|move_right,,0,0
9920,330667,,,,,,,,,,,,,,,,,,,,,,d|w,move_up|move_right,,0,0
9921,330700,,,,,,,,,,,,,,,,,,,,,,d|w,move_up|move_right,,0,0
9922,330733,,,,,,,,,,,,,,,,,,,,,,d|w,move_up|move_right,,0,0
9923,330767,,,,,,,,,,,,,,,,,,,,,,d|w,move_up|move_right,,0,0
9924,330800,,,,,,,,,,,,,,,,,,,,,,d|w,move_up|move_right,,0,0
9925,330833,,,,,,,,,,,,,,,,,,,,,,d|w,move_up|move_right,,0,0
9926,330867,,,,,,,,,,,,,,,,,,,,,,d|w,move_up|move_right,,0,0
9927,330900,,,,,,,,,,,,,,,,,,,,,,d|w,move_up|move_right,,0,0
9928,330933,,,,,,,,,,,,,,,,,,,,,,w,move_up,,0,0
9929,330967,,,,,,,,,,,,,,,,,,,,,,w,move_up,,0,0
9930,331000,,,,,,,,,,,,,,,,,,,,,,w,move_up,,0,0
9931,331033,,,,,,,,,,,,,,,,,,,,,,,,,0,0
9932,331067,,,,,,,,,,,,,,,,,,,,,,,,,0,0
9933,331100,,,,,,,,,,,,,,,,,,,,,,,,,0,0
9934,331133,,,,,,,,,,,,,,,,,,,,,,,,,0,0
9935,331167,,,,,,,,,,,,,,,,,,,,,,,,,0,0
9936,331200,,,,,,,,,,,,,,,,,,,,,,w,move_up,,0,0
9937,331233,,,,,,,,,,,,,,,,,,,,,,w,move_up,,0,0
9938,331267,,,,,,,,,,,,,,,,,,,,,,w,move_up,,0,0
9939,331300,,,,,,,,,,,,,,,,,,,,,,w,move_up,,0,0
9940,331333,,,,,,,,,,,,,,,,,,,,,,w,move_up,,0,0
9941,331367,,,,,,,,,,,,,,,,,,,,,,w,move_up,,0,0
9942,331400,,,,,,,,,,,,,,,,,,,,,,w,move_up,,0,0
9943,331433,,,,,,,,,,,,,,,,,,,,,,w,move_up,,0,0
9944,331467,,,,,,,,,,,,,,,,,,,,,,w,move_up,,0,0
9945,331500,,,,,,,,,,,,,,,,,,,,,,w,move_up,,0,0
9946,331533,,,,,,,,,,,,,,,,,,,,,,w,move_up,,0,0
9947,331567,,,,,,,,,,,,,,,,,,,,,,w,move_up,,0,0
9948,331600,,,,,,,,,,,,,,,,,,,,,,d|w,move_up|move_right,,0,0
9949,331633,,,,,,,,,,,,,,,,,,,,,,d|w,move_up|move_right,,0,0
9950,331667,,,,,,,,,,,,,,,,,,,,,,d|w,move_up|move_right,,0,0
9951,331700,,,,,,,,,,,,,,,,,,,,,,d|w,move_up|move_right,,0,0
9952,331733,,,,,,,,,,,,,,,,,,,,,,,,,0,0
9953,331767,,,,,,,,,,,,,,,,,,,,,,,,,0,0
9954,331800,,,,,,,,,,,,,,,,,,,,,,,,,0,0
9955,331833,,,,,,,,,,,,,,,,,,,,,,,,,0,0
9956,331867,,,,,,,,,,,,,,,,,,,,,,,,,0,0
9957,331900,,,,,,,,,,,,,,,,,,,,,,,,,0,0
9958,331933,,,,,,,,,,,,,,,,,,,,,,,,,0,0
9959,331967,,,,,,,,,,,,,,,,,,,,,,,,,0,0
9960,332000,,,,,,,,,,,,,,,,,,,,,,,,,0,0
9961,332033,,,,,,,,,,,,,,,,,,,,,,,,,0,0
9962,332067,,,,,,,,,,,,,,,,,,,,,,,,,0,0
9963,332100,,,,,,,,,,,,,,,,,,,,,,,,,0,0
9964,332133,,,,,,,,,,,,,,,,,,,,,,,,,0,0
9965,332167,,,,,,,,,,,,,,,,,,,,,,,,,0,0
9966,332200,,,,,,,,,,,,,,,,,,,,,,,,,0,0
9967,332233,,,,,,,,,,,,,,,,,,,,,,,,,0,0
9968,332267,,,,,,,,,,,,,,,,,,,,,,,,,0,0
9969,332300,,,,,,,,,,,,,,,,,,,,,,,,,0,0
9970,332333,,,,,,,,,,,,,,,,,,,,,,,,,0,0
9971,332367,,,,,,,,,,,,,,,,,,,,,,,,,0,0
9972,332400,,,,,,,,,,,,,,,,,,,,,,,,,0,0
9973,332433,,,,,,,,,,,,,,,,,,,,,,,,,0,0
9974,332467,,,,,,,,,,,,,,,,,,,,,,,,,0,0
9975,332500,,,,,,,,,,,,,,,,,,,,,,,,,0,0
9976,332533,,,,,,,,,,,,,,,,,,,,,,w,move_up,,0,0
9977,332567,,,,,,,,,,,,,,,,,,,,,,w,move_up,,0,0
9978,332600,,,,,,,,,,,,,,,,,,,,,,w,move_up,,0,0
9979,332633,,,,,,,,,,,,,,,,,,,,,,w,move_up,,0,0
9980,332667,,,,,,,,,,,,,,,,,,,,,,w,move_up,,0,0
9981,332700,,,,,,,,,,,,,,,,,,,,,,w,move_up,,0,0
9982,332733,,,,,,,,,,,,,,,,,,,,,,w,move_up,,0,0
9983,332767,,,,,,,,,,,,,,,,,,,,,,,,,0,0
9984,332800,,,,,,,,,,,,,,,,,,,,,,,,,0,0
9985,332833,,,,,,,,,,,,,,,,,,,,,,,,,0,0
9986,332867,,,,,,,,,,,,,,,,,,,,,,,,,0,0
9987,332900,,,,,,,,,,,,,,,,,,,,,,,,,0,0
9988,332933,,,,,,,,,,,,,,,,,,,,,,,,,0,0
9989,332967,,,,,,,,,,,,,,,,,,,,,,,,,0,0
9990,333000,,,,,,,,,,,,,,,,,,,,,,,,,0,0
9991,333033,,,,,,,,,,,,,,,,,,,,,,,,,0,0
9992,333067,,,,,,,,,,,,,,,,,,,,,,,,,0,0
9993,333100,,,,,,,,,,,,,,,,,,,,,,,,,0,0
9994,333133,,,,,,,,,,,,,,,,,,,,,,,,,0,0
9995,333167,,,,,,,,,,,,,,,,,,,,,,,,,0,0
9996,333200,,,,,,,,,,,,,,,,,,,,,,,,,0,0
9997,333233,,,,,,,,,,,,,,,,,,,,,,,,,0,0
9998,333267,,,,,,,,,,,,,,,,,,,,,,,,,0,0
9999,333300,,,,,,,,,,,,,,,,,,,,,,,,,0,0
10000,333333,,,,,,,,,,,,,,,,,,,,,,,,,0,0
10001,333367,,,,,,,,,,,,,,,,,,,,,,,,,0,0
10002,333400,,,,,,,,,,,,,,,,,,,,,,,,,0,0
10003,333433,,,,,,,,,,,,,,,,,,,,,,,,,0,0
10004,333467,,,,,,,,,,,,,,,,,,,,,,,,,0,0
10005,333500,,,,,,,,,,,,,,,,,,,,,,,,,0,0
10006,333533,,,,,,,,,,,,,,,,,,,,,,,,,0,0
10007,333567,,,,,,,,,,,,,,,,,,,,,,,,,0,0
10008,333600,,,,,,,,,,,,,,,,,,,,,,w,move_up,,0,0
10009,333633,,,,,,,,,,,,,,,,,,,,,,w,move_up,,0,0
10010,333667,,,,,,,,,,,,,,,,,,,,,,w,move_up,,0,0
10011,333700,,,,,,,,,,,,,,,,,,,,,,w,move_up,,0,0
10012,333733,,,,,,,,,,,,,,,,,,,,,,w,move_up,,0,0
10013,333767,,,,,,,,,,,,,,,,,,,,,,w,move_up,,0,0
10014,333800,,,,,,,,,,,,,,,,,,,,,,w,move_up,,0,0
10015,333833,,,,,,,,,,,,,,,,,,,,,,w,move_up,,0,0
10016,333867,,,,,,,,,,,,,,,,,,,,,,e,interact,,0,0
10017,333900,,,,,,,,,,,,,,,,,,,,,,e,interact,,0,0
10018,333933,,,,,,,,,,,,,,,,,,,,,,e,interact,,0,0
10019,333967,,,,,,,,,,,,,,,,,,,,,,e,interact,,0,0
10020,334000,,,,,,,,,,,,,,,,,,,,,,,,,0,0
10021,334033,,,,,,,,,,,,,,,,,,,,,,,,,0,0
10022,334067,,,,,,,,,,,,,,,,,,,,,,,,,0,0
10023,334100,,,,,,,,,,,,,,,,,,,,,,,,,0,0
10024,334133,,,,,,,,,,,,,,,,,,,,,,d,move_right,,0,0
10025,334167,,,,,,,,,,,,,,,,,,,,,,d,move_right,,0,0
10026,334200,,,,,,,,,,,,,,,,,,,,,,d,move_right,,0,0
10027,334233,,,,,,,,,,,,,,,,,,,,,,d,move_right,,0,0
10028,334267,,,,,,,,,,,,,,,,,,,,,,d|w,move_up|move_right,,0,0
10029,334300,,,,,,,,,,,,,,,,,,,,,,d|w,move_up|move_right,,0,0
10030,334333,,,,,,,,,,,,,,,,,,,,,,d|w,move_up|move_right,,0,0
10031,334367,,,,,,,,,,,,,,,,,,,,,,d|w,move_up|move_right,,0,0
10032,334400,,,,,,,,,,,,,,,,,,,,,,d|w,move_up|move_right,,0,0
10033,334433,,,,,,,,,,,,,,,,,,,,,,d|w,move_up|move_right,,0,0
10034,334467,,,,,,,,,,,,,,,,,,,,,,d|w,move_up|move_right,,0,0
10035,334500,,,,,,,,,,,,,,,,,,,,,,w,move_up,,0,0
10036,334533,,,,,,,,,,,,,,,,,,,,,,w,move_up,,0,0
10037,334567,,,,,,,,,,,,,,,,,,,,,,w,move_up,,0,0
10038,334600,,,,,,,,,,,,,,,,,,,,,,w,move_up,,0,0
10039,334633,,,,,,,,,,,,,,,,,,,,,,w,move_up,,0,0
10040,334667,,,,,,,,,,,,,,,,,,,,,,w,move_up,,0,0
10041,334700,,,,,,,,,,,,,,,,,,,,,,w,move_up,,0,0
10042,334733,,,,,,,,,,,,,,,,,,,,,,w,move_up,,0,0
10043,334767,,,,,,,,,,,,,,,,,,,,,,w,move_up,,0,0
10044,334800,,,,,,,,,,,,,,,,,,,,,,w,move_up,,0,0
10045,334833,,,,,,,,,,,,,,,,,,,,,,w,move_up,,0,0
10046,334867,,,,,,,,,,,,,,,,,,,,,,d|w,move_up|move_right,,0,0
10047,334900,,,,,,,,,,,,,,,,,,,,,,d|w,move_up|move_right,,0,0
10048,334933,,,,,,,,,,,,,,,,,,,,,,d|w,move_up|move_right,,0,0
10049,334967,,,,,,,,,,,,,,,,,,,,,,d|w,move_up|move_right,,0,0
10050,335000,,,,,,,,,,,,,,,,,,,,,,d|w,move_up|move_right,,0,0
10051,335033,,,,,,,,,,,,,,,,,,,,,,d|w,move_up|move_right,,0,0
10052,335067,,,,,,,,,,,,,,,,,,,,,,w,move_up,,0,0
10053,335100,,,,,,,,,,,,,,,,,,,,,,w,move_up,,0,0
10054,335133,,,,,,,,,,,,,,,,,,,,,,,,,0,0
10055,335167,,,,,,,,,,,,,,,,,,,,,,,,,0,0
10056,335200,,,,,,,,,,,,,,,,,,,,,,w,move_up,,0,0
10057,335233,,,,,,,,,,,,,,,,,,,,,,d|w,move_up|move_right,,0,0
10058,335267,,,,,,,,,,,,,,,,,,,,,,d|w,move_up|move_right,,0,0
10059,335300,,,,,,,,,,,,,,,,,,,,,,d|w,move_up|move_right,,0,0
10060,335333,,,,,,,,,,,,,,,,,,,,,,d|w,move_up|move_right,,0,0
10061,335367,,,,,,,,,,,,,,,,,,,,,,d|w,move_up|move_right,,0,0
10062,335400,,,,,,,,,,,,,,,,,,,,,,d|w,move_up|move_right,,0,0
10063,335433,,,,,,,,,,,,,,,,,,,,,,d|w,move_up|move_right,,0,0
10064,335467,,,,,,,,,,,,,,,,,,,,,,d|w,move_up|move_right,,0,0
10065,335500,,,,,,,,,,,,,,,,,,,,,,d|w,move_up|move_right,,0,0
10066,335533,,,,,,,,,,,,,,,,,,,,,,w,move_up,,0,0
10067,335567,,,,,,,,,,,,,,,,,,,,,,w,move_up,,0,0
10068,335600,,,,,,,,,,,,,,,,,,,,,,w,move_up,,0,0
10069,335633,,,,,,,,,,,,,,,,,,,,,,w,move_up,,0,0
10070,335667,,,,,,,,,,,,,,,,,,,,,,w,move_up,,0,0
10071,335700,,,,,,,,,,,,,,,,,,,,,,w,move_up,,0,0
10072,335733,,,,,,,,,,,,,,,,,,,,,,d|w,move_up|move_right,,0,0
10073,335767,,,,,,,,,,,,,,,,,,,,,,d|w,move_up|move_right,,0,0
10074,335800,,,,,,,,,,,,,,,,,,,,,,d|w,move_up|move_right,,0,0
10075,335833,,,,,,,,,,,,,,,,,,,,,,d|w,move_up|move_right,,0,0
10076,335867,,,,,,,,,,,,,,,,,,,,,,d|w,move_up|move_right,,0,0
10077,335900,,,,,,,,,,,,,,,,,,,,,,w,move_up,,0,0
10078,335933,,,,,,,,,,,,,,,,,,,,,,w,move_up,,0,0
10079,335967,,,,,,,,,,,,,,,,,,,,,,w,move_up,,0,0
10080,336000,,,,,,,,,,,,,,,,,,,,,,w,move_up,,0,0
10081,336033,,,,,,,,,,,,,,,,,,,,,,w,move_up,,0,0
10082,336067,,,,,,,,,,,,,,,,,,,,,,w,move_up,,0,0
10083,336100,,,,,,,,,,,,,,,,,,,,,,w,move_up,,0,0
10084,336133,,,,,,,,,,,,,,,,,,,,,,w,move_up,,0,0
10085,336167,,,,,,,,,,,,,,,,,,,,,,w,move_up,,0,0
10086,336200,,,,,,,,,,,,,,,,,,,,,,w,move_up,,0,0
10087,336233,,,,,,,,,,,,,,,,,,,,,,w,move_up,,0,0
10088,336267,,,,,,,,,,,,,,,,,,,,,,w,move_up,,0,0
10089,336300,,,,,,,,,,,,,,,,,,,,,,w,move_up,,0,0
10090,336333,,,,,,,,,,,,,,,,,,,,,,e|w,interact|move_up,,0,0
10091,336367,,,,,,,,,,,,,,,,,,,,,,e|w,interact|move_up,,0,0
10092,336400,,,,,,,,,,,,,,,,,,,,,,e|w,interact|move_up,,0,0
10093,336433,,,,,,,,,,,,,,,,,,,,,,e|w,interact|move_up,,0,0
10094,336467,,,,,,,,,,,,,,,,,,,,,,w,move_up,,0,0
10095,336500,,,,,,,,,,,,,,,,,,,,,,w,move_up,,0,0
10096,336533,,,,,,,,,,,,,,,,,,,,,,,,,0,0
10097,336567,,,,,,,,,,,,,,,,,,,,,,,,,0,0
10098,336600,,,,,,,,,,,,,,,,,,,,,,d,move_right,,0,0
10099,336633,,,,,,,,,,,,,,,,,,,,,,d,move_right,,0,0
10100,336667,,,,,,,,,,,,,,,,,,,,,,d,move_right,,0,0
10101,336700,,,,,,,,,,,,,,,,,,,,,,d,move_right,,0,0
10102,336733,,,,,,,,,,,,,,,,,,,,,,d,move_right,,0,0
10103,336767,,,,,,,,,,,,,,,,,,,,,,d,move_right,,0,0
10104,336800,,,,,,,,,,,,,,,,,,,,,,d,move_right,,0,0
10105,336833,,,,,,,,,,,,,,,,,,,,,,d,move_right,,0,0
10106,336867,,,,,,,,,,,,,,,,,,,,,,,,,0,0
10107,336900,,,,,,,,,,,,,,,,,,,,,,,,,0,0
10108,336933,,,,,,,,,,,,,,,,,,,,,,,,,0,0
10109,336967,,,,,,,,,,,,,,,,,,,,,,,,,0,0
10110,337000,,,,,,,,,,,,,,,,,,,,,,,,,0,0
10111,337033,,,,,,,,,,,,,,,,,,,,,,,,,0,0
10112,337067,,,,,,,,,,,,,,,,,,,,,,w,move_up,,0,0
10113,337100,,,,,,,,,,,,,,,,,,,,,,w,move_up,,0,0
10114,337133,,,,,,,,,,,,,,,,,,,,,,d|w,move_up|move_right,,0,0
10115,337167,,,,,,,,,,,,,,,,,,,,,,d|w,move_up|move_right,,0,0
10116,337200,,,,,,,,,,,,,,,,,,,,,,d|w,move_up|move_right,,0,0
10117,337233,,,,,,,,,,,,,,,,,,,,,,d|w,move_up|move_right,,0,0
10118,337267,,,,,,,,,,,,,,,,,,,,,,d|w,move_up|move_right,,0,0
10119,337300,,,,,,,,,,,,,,,,,,,,,,d|w,move_up|move_right,,0,0
10120,337333,,,,,,,,,,,,,,,,,,,,,,d|w,move_up|move_right,,0,0
10121,337367,,,,,,,,,,,,,,,,,,,,,,d|w,move_up|move_right,,0,0
10122,337400,,,,,,,,,,,,,,,,,,,,,,d|w,move_up|move_right,,0,0
10123,337433,,,,,,,,,,,,,,,,,,,,,,d|w,move_up|move_right,,0,0
10124,337467,,,,,,,,,,,,,,,,,,,,,,d|w,move_up|move_right,,0,0
10125,337500,,,,,,,,,,,,,,,,,,,,,,,,,0,0
10126,337533,,,,,,,,,,,,,,,,,,,,,,,,,0,0
10127,337567,,,,,,,,,,,,,,,,,,,,,,,,,0,0
10128,337600,,,,,,,,,,,,,,,,,,,,,,,,,0,0
10129,337633,,,,,,,,,,,,,,,,,,,,,,,,,0,0
10130,337667,,,,,,,,,,,,,,,,,,,,,,,,,0,0
10131,337700,,,,,,,,,,,,,,,,,,,,,,,,,0,0
10132,337733,,,,,,,,,,,,,,,,,,,,,,,,,0,0
10133,337767,,,,,,,,,,,,,,,,,,,,,,,,,0,0
10134,337800,,,,,,,,,,,,,,,,,,,,,,,,,0,0
10135,337833,,,,,,,,,,,,,,,,,,,,,,,,,0,0
10136,337867,,,,,,,,,,,,,,,,,,,,,,,,,0,0
10137,337900,,,,,,,,,,,,,,,,,,,,,,,,,0,0
10138,337933,,,,,,,,,,,,,,,,,,,,,,,,,0,0
10139,337967,,,,,,,,,,,,,,,,,,,,,,,,,0,0
10140,338000,,,,,,,,,,,,,,,,,,,,,,,,,0,0
10141,338033,,,,,,,,,,,,,,,,,,,,,,,,,0,0
10142,338067,,,,,,,,,,,,,,,,,,,,,,,,,0,0
10143,338100,,,,,,,,,,,,,,,,,,,,,,,,,0,0
10144,338133,,,,,,,,,,,,,,,,,,,,,,,,,0,0
10145,338167,,,,,,,,,,,,,,,,,,,,,,,,,0,0
10146,338200,,,,,,,,,,,,,,,,,,,,,,,,,0,0
10147,338233,,,,,,,,,,,,,,,,,,,,,,w,move_up,,0,0
10148,338267,,,,,,,,,,,,,,,,,,,,,,w,move_up,,0,0
10149,338300,,,,,,,,,,,,,,,,,,,,,,w,move_up,,0,0
10150,338333,,,,,,,,,,,,,,,,,,,,,,w,move_up,,0,0
10151,338367,,,,,,,,,,,,,,,,,,,,,,w,move_up,,0,0
10152,338400,,,,,,,,,,,,,,,,,,,,,,w,move_up,,0,0
10153,338433,,,,,,,,,,,,,,,,,,,,,,w,move_up,,0,0
10154,338467,,,,,,,,,,,,,,,,,,,,,,w,move_up,,0,0
10155,338500,,,,,,,,,,,,,,,,,,,,,,w,move_up,,0,0
10156,338533,,,,,,,,,,,,,,,,,,,,,,w,move_up,,0,0
10157,338567,,,,,,,,,,,,,,,,,,,,,,w,move_up,,0,0
10158,338600,,,,,,,,,,,,,,,,,,,,,,w,move_up,,0,0
10159,338633,,,,,,,,,,,,,,,,,,,,,,w,move_up,,0,0
10160,338667,,,,,,,,,,,,,,,,,,,,,,w,move_up,,0,0
10161,338700,,,,,,,,,,,,,,,,,,,,,,w,move_up,,0,0
10162,338733,,,,,,,,,,,,,,,,,,,,,,w,move_up,,0,0
10163,338767,,,,,,,,,,,,,,,,,,,,,,w,move_up,,0,0
10164,338800,,,,,,,,,,,,,,,,,,,,,,w,move_up,,0,0
10165,338833,,,,,,,,,,,,,,,,,,,,,,w,move_up,,0,0
10166,338867,,,,,,,,,,,,,,,,,,,,,,w,move_up,,0,0
10167,338900,,,,,,,,,,,,,,,,,,,,,,d|w,move_up|move_right,,0,0
10168,338933,,,,,,,,,,,,,,,,,,,,,,d|w,move_up|move_right,,0,0
10169,338967,,,,,,,,,,,,,,,,,,,,,,d|w,move_up|move_right,,0,0
10170,339000,,,,,,,,,,,,,,,,,,,,,,d|w,move_up|move_right,,0,0
10171,339033,,,,,,,,,,,,,,,,,,,,,,d|w,move_up|move_right,,0,0
10172,339067,,,,,,,,,,,,,,,,,,,,,,d|w,move_up|move_right,,0,0
10173,339100,,,,,,,,,,,,,,,,,,,,,,d|w,move_up|move_right,,0,0
10174,339133,,,,,,,,,,,,,,,,,,,,,,d,move_right,,0,0
10175,339167,,,,,,,,,,,,,,,,,,,,,,d,move_right,,0,0
10176,339200,,,,,,,,,,,,,,,,,,,,,,,,,0,0
10177,339233,,,,,,,,,,,,,,,,,,,,,,,,,0,0
10178,339267,,,,,,,,,,,,,,,,,,,,,,,,,0,0
10179,339300,,,,,,,,,,,,,,,,,,,,,,,,,0,0
10180,339333,,,,,,,,,,,,,,,,,,,,,,,,,0,0
10181,339367,,,,,,,,,,,,,,,,,,,,,,,,,0,0
10182,339400,,,,,,,,,,,,,,,,,,,,,,w,move_up,,0,0
10183,339433,,,,,,,,,,,,,,,,,,,,,,w,move_up,,0,0
10184,339467,,,,,,,,,,,,,,,,,,,,,,w,move_up,,0,0
10185,339500,,,,,,,,,,,,,,,,,,,,,,w,move_up,,0,0
10186,339533,,,,,,,,,,,,,,,,,,,,,,w,move_up,,0,0
10187,339567,,,,,,,,,,,,,,,,,,,,,,w,move_up,,0,0
10188,339600,,,,,,,,,,,,,,,,,,,,,,w,move_up,,0,0
10189,339633,,,,,,,,,,,,,,,,,,,,,,w,move_up,,0,0
10190,339667,,,,,,,,,,,,,,,,,,,,,,w,move_up,,0,0
10191,339700,,,,,,,,,,,,,,,,,,,,,,a|w,move_up|move_left,,0,0
10192,339733,,,,,,,,,,,,,,,,,,,,,,a|w,move_up|move_left,,0,0
10193,339767,,,,,,,,,,,,,,,,,,,,,,a|w,move_up|move_left,,0,0
10194,339800,,,,,,,,,,,,,,,,,,,,,,a|w,move_up|move_left,,0,0
10195,339833,,,,,,,,,,,,,,,,,,,,,,a|w,move_up|move_left,,0,0
10196,339867,,,,,,,,,,,,,,,,,,,,,,a|w,move_up|move_left,,0,0
10197,339900,,,,,,,,,,,,,,,,,,,,,,a|w,move_up|move_left,,0,0
10198,339933,,,,,,,,,,,,,,,,,,,,,,a|w,move_up|move_left,,0,0
10199,339967,,,,,,,,,,,,,,,,,,,,,,a|w,move_up|move_left,,0,0
10200,340000,,,,,,,,,,,,,,,,,,,,,,a|w,move_up|move_left,,0,0
10201,340033,,,,,,,,,,,,,,,,,,,,,,w,move_up,,0,0
10202,340067,,,,,,,,,,,,,,,,,,,,,,w,move_up,,0,0
10203,340100,,,,,,,,,,,,,,,,,,,,,,w,move_up,,0,0
10204,340133,,,,,,,,,,,,,,,,,,,,,,w,move_up,,0,0
10205,340167,,,,,,,,,,,,,,,,,,,,,,w,move_up,,0,0
10206,340200,,,,,,,,,,,,,,,,,,,,,,w,move_up,,0,0
10207,340233,,,,,,,,,,,,,,,,,,,,,,w,move_up,,0,0
10208,340267,,,,,,,,,,,,,,,,,,,,,,w,move_up,,0,0
10209,340300,,,,,,,,,,,,,,,,,,,,,,w,move_up,,0,0
10210,340333,,,,,,,,,,,,,,,,,,,,,,w,move_up,,0,0
10211,340367,,,,,,,,,,,,,,,,,,,,,,w,move_up,,0,0
10212,340400,,,,,,,,,,,,,,,,,,,,,,w,move_up,,0,0
10213,340433,,,,,,,,,,,,,,,,,,,,,,w,move_up,,0,0
10214,340467,,,,,,,,,,,,,,,,,,,,,,w,move_up,,0,0
10215,340500,,,,,,,,,,,,,,,,,,,,,,w,move_up,,0,0
10216,340533,,,,,,,,,,,,,,,,,,,,,,w,move_up,,0,0
10217,340567,,,,,,,,,,,,,,,,,,,,,,w,move_up,,0,0
10218,340600,,,,,,,,,,,,,,,,,,,,,,w,move_up,,0,0
10219,340633,,,,,,,,,,,,,,,,,,,,,,w,move_up,,0,0
10220,340667,,,,,,,,,,,,,,,,,,,,,,w,move_up,,0,0
10221,340700,,,,,,,,,,,,,,,,,,,,,,w,move_up,,0,0
10222,340733,,,,,,,,,,,,,,,,,,,,,,w,move_up,,0,0
10223,340767,,,,,,,,,,,,,,,,,,,,,,w,move_up,,0,0
10224,340800,,,,,,,,,,,,,,,,,,,,,,w,move_up,,0,0
10225,340833,,,,,,,,,,,,,,,,,,,,,,a|w,move_up|move_left,,0,0
10226,340867,,,,,,,,,,,,,,,,,,,,,,a|w,move_up|move_left,,0,0
10227,340900,,,,,,,,,,,,,,,,,,,,,,a|w,move_up|move_left,,0,0
10228,340933,,,,,,,,,,,,,,,,,,,,,,a|w,move_up|move_left,,0,0
10229,340967,,,,,,,,,,,,,,,,,,,,,,a|w,move_up|move_left,,0,0
10230,341000,,,,,,,,,,,,,,,,,,,,,,w,move_up,,0,0
10231,341033,,,,,,,,,,,,,,,,,,,,,,w,move_up,,0,0
10232,341067,,,,,,,,,,,,,,,,,,,,,,w,move_up,,0,0
10233,341100,,,,,,,,,,,,,,,,,,,,,,w,move_up,,0,0
10234,341133,,,,,,,,,,,,,,,,,,,,,,w,move_up,,0,0
10235,341167,,,,,,,,,,,,,,,,,,,,,,w,move_up,,0,0
10236,341200,,,,,,,,,,,,,,,,,,,,,,w,move_up,,0,0
10237,341233,,,,,,,,,,,,,,,,,,,,,,w,move_up,,0,0
10238,341267,,,,,,,,,,,,,,,,,,,,,,w,move_up,,0,0
10239,341300,,,,,,,,,,,,,,,,,,,,,,w,move_up,,0,0
10240,341333,,,,,,,,,,,,,,,,,,,,,,w,move_up,,0,0
10241,341367,,,,,,,,,,,,,,,,,,,,,,w,move_up,,0,0
10242,341400,,,,,,,,,,,,,,,,,,,,,,w,move_up,,0,0
10243,341433,,,,,,,,,,,,,,,,,,,,,,w,move_up,,0,0
10244,341467,,,,,,,,,,,,,,,,,,,,,,w,move_up,,0,0
10245,341500,,,,,,,,,,,,,,,,,,,,,,w,move_up,,0,0
10246,341533,,,,,,,,,,,,,,,,,,,,,,,,,0,0
10247,341567,,,,,,,,,,,,,,,,,,,,,,,,,0,0
10248,341600,,,,,,,,,,,,,,,,,,,,,,,,,0,0
10249,341633,,,,,,,,,,,,,,,,,,,,,,,,,0,0
10250,341667,,,,,,,,,,,,,,,,,,,,,,e,interact,,0,0
10251,341700,,,,,,,,,,,,,,,,,,,,,,e,interact,,0,0
10252,341733,,,,,,,,,,,,,,,,,,,,,,e,interact,,0,0
10253,341767,,,,,,,,,,,,,,,,,,,,,,e,interact,,0,0
10254,341800,,,,,,,,,,,,,,,,,,,,,,e,interact,,0,0
10255,341833,,,,,,,,,,,,,,,,,,,,,,,,,0,0
10256,341867,,,,,,,,,,,,,,,,,,,,,,,,,0,0
10257,341900,,,,,,,,,,,,,,,,,,,,,,,,,0,0
10258,341933,,,,,,,,,,,,,,,,,,,,,,,,,0,0
10259,341967,,,,,,,,,,,,,,,,,,,,,,,,,0,0
10260,342000,,,,,,,,,,,,,,,,,,,,,,,,,0,0
10261,342033,,,,,,,,,,,,,,,,,,,,,,,,,0,0
10262,342067,,,,,,,,,,,,,,,,,,,,,,,,,0,0
10263,342100,,,,,,,,,,,,,,,,,,,,,,,,,0,0
10264,342133,,,,,,,,,,,,,,,,,,,,,,,,,0,0
10265,342167,,,,,,,,,,,,,,,,,,,,,,,,,0,0
10266,342200,,,,,,,,,,,,,,,,,,,,,,,,,0,0
10267,342233,,,,,,,,,,,,,,,,,,,,,,,,,0,0
10268,342267,,,,,,,,,,,,,,,,,,,,,,,,,0,0
10269,342300,,,,,,,,,,,,,,,,,,,,,,,,,0,0
10270,342333,,,,,,,,,,,,,,,,,,,,,,,,,0,0
10271,342367,,,,,,,,,,,,,,,,,,,,,,,,,0,0
10272,342400,,,,,,,,,,,,,,,,,,,,,,,,,0,0
10273,342433,,,,,,,,,,,,,,,,,,,,,,w,move_up,,0,0
10274,342467,,,,,,,,,,,,,,,,,,,,,,w,move_up,,0,0
10275,342500,,,,,,,,,,,,,,,,,,,,,,w,move_up,,0,0
10276,342533,,,,,,,,,,,,,,,,,,,,,,a|w,move_up|move_left,,0,0
10277,342567,,,,,,,,,,,,,,,,,,,,,,a|w,move_up|move_left,,0,0
10278,342600,,,,,,,,,,,,,,,,,,,,,,a|w,move_up|move_left,,0,0
10279,342633,,,,,,,,,,,,,,,,,,,,,,a|w,move_up|move_left,,0,0
10280,342667,,,,,,,,,,,,,,,,,,,,,,a|w,move_up|move_left,,0,0
10281,342700,,,,,,,,,,,,,,,,,,,,,,w,move_up,,0,0
10282,342733,,,,,,,,,,,,,,,,,,,,,,w,move_up,,0,0
10283,342767,,,,,,,,,,,,,,,,,,,,,,w,move_up,,0,0
10284,342800,,,,,,,,,,,,,,,,,,,,,,w,move_up,,0,0
10285,342833,,,,,,,,,,,,,,,,,,,,,,w,move_up,,0,0
10286,342867,,,,,,,,,,,,,,,,,,,,,,w,move_up,,0,0
10287,342900,,,,,,,,,,,,,,,,,,,,,,w,move_up,,0,0
10288,342933,,,,,,,,,,,,,,,,,,,,,,,,,0,0
10289,342967,,,,,,,,,,,,,,,,,,,,,,,,,0,0
10290,343000,,,,,,,,,,,,,,,,,,,,,,,,,0,0
10291,343033,,,,,,,,,,,,,,,,,,,,,,,,,0,0
10292,343067,,,,,,,,,,,,,,,,,,,,,,,,,0,0
10293,343100,,,,,,,,,,,,,,,,,,,,,,,,,0,0
10294,343133,,,,,,,,,,,,,,,,,,,,,,,,,0,0
10295,343167,,,,,,,,,,,,,,,,,,,,,,,,,0,0
10296,343200,,,,,,,,,,,,,,,,,,,,,,d,move_right,,0,0
10297,343233,,,,,,,,,,,,,,,,,,,,,,d,move_right,,0,0
10298,343267,,,,,,,,,,,,,,,,,,,,,,d,move_right,,0,0
10299,343300,,,,,,,,,,,,,,,,,,,,,,d|w,move_up|move_right,,0,0
10300,343333,,,,,,,,,,,,,,,,,,,,,,d|w,move_up|move_right,,0,0
10301,343367,,,,,,,,,,,,,,,,,,,,,,d|w,move_up|move_right,,0,0
10302,343400,,,,,,,,,,,,,,,,,,,,,,d|w,move_up|move_right,,0,0
10303,343433,,,,,,,,,,,,,,,,,,,,,,d|w,move_up|move_right,,0,0
10304,343467,,,,,,,,,,,,,,,,,,,,,,w,move_up,,0,0
10305,343500,,,,,,,,,,,,,,,,,,,,,,w,move_up,,0,0
10306,343533,,,,,,,,,,,,,,,,,,,,,,w,move_up,,0,0
10307,343567,,,,,,,,,,,,,,,,,,,,,,w,move_up,,0,0
10308,343600,,,,,,,,,,,,,,,,,,,,,,w,move_up,,0,0
10309,343633,,,,,,,,,,,,,,,,,,,,,,w,move_up,,0,0
10310,343667,,,,,,,,,,,,,,,,,,,,,,w,move_up,,0,0
10311,343700,,,,,,,,,,,,,,,,,,,,,,w,move_up,,0,0
10312,343733,,,,,,,,,,,,,,,,,,,,,,w,move_up,,0,0
10313,343767,,,,,,,,,,,,,,,,,,,,,,w,move_up,,0,0
10314,343800,,,,,,,,,,,,,,,,,,,,,,w,move_up,,0,0
10315,343833,,,,,,,,,,,,,,,,,,,,,,w,move_up,,0,0
10316,343867,,,,,,,,,,,,,,,,,,,,,,w,move_up,,0,0
10317,343900,,,,,,,,,,,,,,,,,,,,,,w,move_up,,0,0
10318,343933,,,,,,,,,,,,,,,,,,,,,,w,move_up,,0,0
10319,343967,,,,,,,,,,,,,,,,,,,,,,w,move_up,,0,0
10320,344000,,,,,,,,,,,,,,,,,,,,,,w,move_up,,0,0
10321,344033,,,,,,,,,,,,,,,,,,,,,,w,move_up,,0,0
10322,344067,,,,,,,,,,,,,,,,,,,,,,w,move_up,,0,0
10323,344100,,,,,,,,,,,,,,,,,,,,,,w,move_up,,0,0
10324,344133,,,,,,,,,,,,,,,,,,,,,,w,move_up,,0,0
10325,344167,,,,,,,,,,,,,,,,,,,,,,w,move_up,,0,0
10326,344200,,,,,,,,,,,,,,,,,,,,,,w,move_up,,0,0
10327,344233,,,,,,,,,,,,,,,,,,,,,,w,move_up,,0,0
10328,344267,,,,,,,,,,,,,,,,,,,,,,w,move_up,,0,0
10329,344300,,,,,,,,,,,,,,,,,,,,,,w,move_up,,0,0
10330,344333,,,,,,,,,,,,,,,,,,,,,,w,move_up,,0,0
10331,344367,,,,,,,,,,,,,,,,,,,,,,w,move_up,,0,0
10332,344400,,,,,,,,,,,,,,,,,,,,,,w,move_up,,0,0
10333,344433,,,,,,,,,,,,,,,,,,,,,,w,move_up,,0,0
10334,344467,,,,,,,,,,,,,,,,,,,,,,w,move_up,,0,0
10335,344500,,,,,,,,,,,,,,,,,,,,,,w,move_up,,0,0
10336,344533,,,,,,,,,,,,,,,,,,,,,,e|w,interact|move_up,,0,0
10337,344567,,,,,,,,,,,,,,,,,,,,,,e|w,interact|move_up,,0,0
10338,344600,,,,,,,,,,,,,,,,,,,,,,e|w,interact|move_up,,0,0
10339,344633,,,,,,,,,,,,,,,,,,,,,,w,move_up,,0,0
10340,344667,,,,,,,,,,,,,,,,,,,,,,w,move_up,,0,0
10341,344700,,,,,,,,,,,,,,,,,,,,,,w,move_up,,0,0
10342,344733,,,,,,,,,,,,,,,,,,,,,,w,move_up,,0,0
10343,344767,,,,,,,,,,,,,,,,,,,,,,,,,0,0
10344,344800,,,,,,,,,,,,,,,,,,,,,,d,move_right,,0,0
10345,344833,,,,,,,,,,,,,,,,,,,,,,d,move_right,,0,0
10346,344867,,,,,,,,,,,,,,,,,,,,,,d,move_right,,0,0
10347,344900,,,,,,,,,,,,,,,,,,,,,,d,move_right,,0,0
10348,344933,,,,,,,,,,,,,,,,,,,,,,d,move_right,,0,0
10349,344967,,,,,,,,,,,,,,,,,,,,,,,,,0,0
10350,345000,,,,,,,,,,,,,,,,,,,,,,,,,0,0
10351,345033,,,,,,,,,,,,,,,,,,,,,,,,,0,0
10352,345067,,,,,,,,,,,,,,,,,,,,,,,,,0,0
10353,345100,,,,,,,,,,,,,,,,,,,,,,,,,0,0
10354,345133,,,,,,,,,,,,,,,,,,,,,,,,,0,0
10355,345167,,,,,,,,,,,,,,,,,,,,,,,,,0,0
10356,345200,,,,,,,,,,,,,,,,,,,,,,,,,0,0
10357,345233,,,,,,,,,,,,,,,,,,,,,,,,,0,0
10358,345267,,,,,,,,,,,,,,,,,,,,,,,,,0,0
10359,345300,,,,,,,,,,,,,,,,,,,,,,,,,0,0
10360,345333,,,,,,,,,,,,,,,,,,,,,,,,,0,0
10361,345367,,,,,,,,,,,,,,,,,,,,,,,,,0,0
10362,345400,,,,,,,,,,,,,,,,,,,,,,,,,0,0
10363,345433,,,,,,,,,,,,,,,,,,,,,,,,,0,0
10364,345467,,,,,,,,,,,,,,,,,,,,,,,,,0,0
10365,345500,,,,,,,,,,,,,,,,,,,,,,,,,0,0
10366,345533,,,,,,,,,,,,,,,,,,,,,,,,,0,0
10367,345567,,,,,,,,,,,,,,,,,,,,,,,,,0,0
10368,345600,,,,,,,,,,,,,,,,,,,,,,,,,0,0
10369,345633,,,,,,,,,,,,,,,,,,,,,,,,,0,0
10370,345667,,,,,,,,,,,,,,,,,,,,,,,,,0,0
10371,345700,,,,,,,,,,,,,,,,,,,,,,,,,0,0
10372,345733,,,,,,,,,,,,,,,,,,,,,,,,,0,0
10373,345767,,,,,,,,,,,,,,,,,,,,,,d,move_right,,0,0
10374,345800,,,,,,,,,,,,,,,,,,,,,,d,move_right,,0,0
10375,345833,,,,,,,,,,,,,,,,,,,,,,d|w,move_up|move_right,,0,0
10376,345867,,,,,,,,,,,,,,,,,,,,,,d|w,move_up|move_right,,0,0
10377,345900,,,,,,,,,,,,,,,,,,,,,,d|w,move_up|move_right,,0,0
10378,345933,,,,,,,,,,,,,,,,,,,,,,d|w,move_up|move_right,,0,0
10379,345967,,,,,,,,,,,,,,,,,,,,,,w,move_up,,0,0
10380,346000,,,,,,,,,,,,,,,,,,,,,,w,move_up,,0,0
10381,346033,,,,,,,,,,,,,,,,,,,,,,w,move_up,,0,0
10382,346067,,,,,,,,,,,,,,,,,,,,,,w,move_up,,0,0
10383,346100,,,,,,,,,,,,,,,,,,,,,,w,move_up,,0,0
10384,346133,,,,,,,,,,,,,,,,,,,,,,w,move_up,,0,0
10385,346167,,,,,,,,,,,,,,,,,,,,,,w,move_up,,0,0
10386,346200,,,,,,,,,,,,,,,,,,,,,,w,move_up,,0,0
10387,346233,,,,,,,,,,,,,,,,,,,,,,w,move_up,,0,0
10388,346267,,,,,,,,,,,,,,,,,,,,,,w,move_up,,0,0
10389,346300,,,,,,,,,,,,,,,,,,,,,,a|w,move_up|move_left,,0,0
10390,346333,,,,,,,,,,,,,,,,,,,,,,a|w,move_up|move_left,,0,0
10391,346367,,,,,,,,,,,,,,,,,,,,,,a|w,move_up|move_left,,0,0
10392,346400,,,,,,,,,,,,,,,,,,,,,,a|w,move_up|move_left,,0,0
10393,346433,,,,,,,,,,,,,,,,,,,,,,a|w,move_up|move_left,,0,0
10394,346467,,,,,,,,,,,,,,,,,,,,,,a|w,move_up|move_left,,0,0
10395,346500,,,,,,,,,,,,,,,,,,,,,,a|w,move_up|move_left,,0,0
10396,346533,,,,,,,,,,,,,,,,,,,,,,a|w,move_up|move_left,,0,0
10397,346567,,,,,,,,,,,,,,,,,,,,,,a|w,move_up|move_left,,0,0
10398,346600,,,,,,,,,,,,,,,,,,,,,,a|w,move_up|move_left,,0,0
10399,346633,,,,,,,,,,,,,,,,,,,,,,a|w,move_up|move_left,,0,0
10400,346667,,,,,,,,,,,,,,,,,,,,,,a,move_left,,0,0
10401,346700,,,,,,,,,,,,,,,,,,,,,,a,move_left,,0,0
10402,346733,,,,,,,,,,,,,,,,,,,,,,a,move_left,,0,0
10403,346767,,,,,,,,,,,,,,,,,,,,,,a,move_left,,0,0
10404,346800,,,,,,,,,,,,,,,,,,,,,,a,move_left,,0,0
10405,346833,,,,,,,,,,,,,,,,,,,,,,a,move_left,,0,0
10406,346867,,,,,,,,,,,,,,,,,,,,,,a,move_left,,0,0
10407,346900,,,,,,,,,,,,,,,,,,,,,,a|w,move_up|move_left,,0,0
10408,346933,,,,,,,,,,,,,,,,,,,,,,a|w,move_up|move_left,,0,0
10409,346967,,,,,,,,,,,,,,,,,,,,,,a|w,move_up|move_left,,0,0
10410,347000,,,,,,,,,,,,,,,,,,,,,,w,move_up,,0,0
10411,347033,,,,,,,,,,,,,,,,,,,,,,w,move_up,,0,0
10412,347067,,,,,,,,,,,,,,,,,,,,,,w,move_up,,0,0
10413,347100,,,,,,,,,,,,,,,,,,,,,,w,move_up,,0,0
10414,347133,,,,,,,,,,,,,,,,,,,,,,w,move_up,,0,0
10415,347167,,,,,,,,,,,,,,,,,,,,,,w,move_up,,0,0
10416,347200,,,,,,,,,,,,,,,,,,,,,,w,move_up,,0,0
10417,347233,,,,,,,,,,,,,,,,,,,,,,w,move_up,,0,0
10418,347267,,,,,,,,,,,,,,,,,,,,,,w,move_up,,0,0
10419,347300,,,,,,,,,,,,,,,,,,,,,,w,move_up,,0,0
10420,347333,,,,,,,,,,,,,,,,,,,,,,d|w,move_up|move_right,,0,0
10421,347367,,,,,,,,,,,,,,,,,,,,,,d|w,move_up|move_right,,0,0
10422,347400,,,,,,,,,,,,,,,,,,,,,,d|w,move_up|move_right,,0,0
10423,347433,,,,,,,,,,,,,,,,,,,,,,d|w,move_up|move_right,,0,0
10424,347467,,,,,,,,,,,,,,,,,,,,,,d|w,move_up|move_right,,0,0
10425,347500,,,,,,,,,,,,,,,,,,,,,,d|w,move_up|move_right,,0,0
10426,347533,,,,,,,,,,,,,,,,,,,,,,w,move_up,,0,0
10427,347567,,,,,,,,,,,,,,,,,,,,,,w,move_up,,0,0
10428,347600,,,,,,,,,,,,,,,,,,,,,,w,move_up,,0,0
10429,347633,,,,,,,,,,,,,,,,,,,,,,w,move_up,,0,0
10430,347667,,,,,,,,,,,,,,,,,,,,,,w,move_up,,0,0
10431,347700,,,,,,,,,,,,,,,,,,,,,,w,move_up,,0,0
10432,347733,,,,,,,,,,,,,,,,,,,,,,w,move_up,,0,0
10433,347767,,,,,,,,,,,,,,,,,,,,,,w,move_up,,0,0
10434,347800,,,,,,,,,,,,,,,,,,,,,,w,move_up,,0,0
10435,347833,,,,,,,,,,,,,,,,,,,,,,w,move_up,,0,0
10436,347867,,,,,,,,,,,,,,,,,,,,,,w,move_up,,0,0
10437,347900,,,,,,,,,,,,,,,,,,,,,,w,move_up,,0,0
10438,347933,,,,,,,,,,,,,,,,,,,,,,e|w,interact|move_up,,0,0
10439,347967,,,,,,,,,,,,,,,,,,,,,,e|w,interact|move_up,,0,0
10440,348000,,,,,,,,,,,,,,,,,,,,,,e|w,interact|move_up,,0,0
10441,348033,,,,,,,,,,,,,,,,,,,,,,e|w,interact|move_up,,0,0
10442,348067,,,,,,,,,,,,,,,,,,,,,,w,move_up,,0,0
10443,348100,,,,,,,,,,,,,,,,,,,,,,w,move_up,,0,0
10444,348133,,,,,,,,,,,,,,,,,,,,,,w,move_up,,0,0
10445,348167,,,,,,,,,,,,,,,,,,,,,,w,move_up,,0,0
10446,348200,,,,,,,,,,,,,,,,,,,,,,w,move_up,,0,0
10447,348233,,,,,,,,,,,,,,,,,,,,,,w,move_up,,0,0
10448,348267,,,,,,,,,,,,,,,,,,,,,,w,move_up,,0,0
10449,348300,,,,,,,,,,,,,,,,,,,,,,w,move_up,,0,0
10450,348333,,,,,,,,,,,,,,,,,,,,,,w,move_up,,0,0
10451,348367,,,,,,,,,,,,,,,,,,,,,,w,move_up,,0,0
10452,348400,,,,,,,,,,,,,,,,,,,,,,w,move_up,,0,0
10453,348433,,,,,,,,,,,,,,,,,,,,,,w,move_up,,0,0
10454,348467,,,,,,,,,,,,,,,,,,,,,,w,move_up,,0,0
10455,348500,,,,,,,,,,,,,,,,,,,,,,w,move_up,,0,0
10456,348533,,,,,,,,,,,,,,,,,,,,,,,,,0,0
10457,348567,,,,,,,,,,,,,,,,,,,,,,,,,0,0
10458,348600,,,,,,,,,,,,,,,,,,,,,,,,,0,0
10459,348633,,,,,,,,,,,,,,,,,,,,,,,,,0,0
10460,348667,,,,,,,,,,,,,,,,,,,,,,w,move_up,,0,0
10461,348700,,,,,,,,,,,,,,,,,,,,,,w,move_up,,0,0
10462,348733,,,,,,,,,,,,,,,,,,,,,,w,move_up,,0,0
10463,348767,,,,,,,,,,,,,,,,,,,,,,w,move_up,,0,0
10464,348800,,,,,,,,,,,,,,,,,,,,,,w,move_up,,0,0
10465,348833,,,,,,,,,,,,,,,,,,,,,,w,move_up,,0,0
10466,348867,,,,,,,,,,,,,,,,,,,,,,w,move_up,,0,0
10467,348900,,,,,,,,,,,,,,,,,,,,,,w,move_up,,0,0
10468,348933,,,,,,,,,,,,,,,,,,,,,,w,move_up,,0,0
10469,348967,,,,,,,,,,,,,,,,,,,,,,w,move_up,,0,0
10470,349000,,,,,,,,,,,,,,,,,,,,,,w,move_up,,0,0
10471,349033,,,,,,,,,,,,,,,,,,,,,,w,move_up,,0,0
10472,349067,,,,,,,,,,,,,,,,,,,,,,w,move_up,,0,0
10473,349100,,,,,,,,,,,,,,,,,,,,,,w,move_up,,0,0
10474,349133,,,,,,,,,,,,,,,,,,,,,,w,move_up,,0,0
10475,349167,,,,,,,,,,,,,,,,,,,,,,w,move_up,,0,0
10476,349200,,,,,,,,,,,,,,,,,,,,,,w,move_up,,0,0
10477,349233,,,,,,,,,,,,,,,,,,,,,,w,move_up,,0,0
10478,349267,,,,,,,,,,,,,,,,,,,,,,w,move_up,,0,0
10479,349300,,,,,,,,,,,,,,,,,,,,,,w,move_up,,0,0
10480,349333,,,,,,,,,,,,,,,,,,,,,,w,move_up,,0,0
10481,349367,,,,,,,,,,,,,,,,,,,,,,w,move_up,,0,0
10482,349400,,,,,,,,,,,,,,,,,,,,,,w,move_up,,0,0
10483,349433,,,,,,,,,,,,,,,,,,,,,,w,move_up,,0,0
10484,349467,,,,,,,,,,,,,,,,,,,,,,w,move_up,,0,0
10485,349500,,,,,,,,,,,,,,,,,,,,,,w,move_up,,0,0
10486,349533,,,,,,,,,,,,,,,,,,,,,,w,move_up,,0,0
10487,349567,,,,,,,,,,,,,,,,,,,,,,w,move_up,,0,0
10488,349600,,,,,,,,,,,,,,,,,,,,,,w,move_up,,0,0
10489,349633,,,,,,,,,,,,,,,,,,,,,,w,move_up,,0,0
10490,349667,,,,,,,,,,,,,,,,,,,,,,w,move_up,,0,0
10491,349700,,,,,,,,,,,,,,,,,,,,,,w,move_up,,0,0
10492,349733,,,,,,,,,,,,,,,,,,,,,,w,move_up,,0,0
10493,349767,,,,,,,,,,,,,,,,,,,,,,w,move_up,,0,0
10494,349800,,,,,,,,,,,,,,,,,,,,,,w,move_up,,0,0
10495,349833,,,,,,,,,,,,,,,,,,,,,,w,move_up,,0,0
10496,349867,,,,,,,,,,,,,,,,,,,,,,w,move_up,,0,0
10497,349900,,,,,,,,,,,,,,,,,,,,,,w,move_up,,0,0
10498,349933,,,,,,,,,,,,,,,,,,,,,,w,move_up,,0,0
10499,349967,,,,,,,,,,,,,,,,,,,,,,e|w,interact|move_up,,0,0
10500,350000,,,,,,,,,,,,,,,,,,,,,,e|w,interact|move_up,,0,0
10501,350033,,,,,,,,,,,,,,,,,,,,,,e|w,interact|move_up,,0,0
10502,350067,,,,,,,,,,,,,,,,,,,,,,e|w,interact|move_up,,0,0
10503,350100,,,,,,,,,,,,,,,,,,,,,,w,move_up,,0,0
10504,350133,,,,,,,,,,,,,,,,,,,,,,,,,0,0
10505,350167,,,,,,,,,,,,,,,,,,,,,,,,,0,0
10506,350200,,,,,,,,,,,,,,,,,,,,,,,,,0,0
10507,350233,,,,,,,,,,,,,,,,,,,,,,,,,0,0
10508,350267,,,,,,,,,,,,,,,,,,,,,,,,,0,0
10509,350300,,,,,,,,,,,,,,,,,,,,,,,,,0,0
10510,350333,,,,,,,,,,,,,,,,,,,,,,,,,0,0
10511,350367,,,,,,,,,,,,,,,,,,,,,,,,,0,0
10512,350400,,,,,,,,,,,,,,,,,,,,,,,,,0,0
10513,350433,,,,,,,,,,,,,,,,,,,,,,,,,0,0
10514,350467,,,,,,,,,,,,,,,,,,,,,,,,,0,0
10515,350500,,,,,,,,,,,,,,,,,,,,,,,,,0,0
10516,350533,,,,,,,,,,,,,,,,,,,,,,,,,0,0
10517,350567,,,,,,,,,,,,,,,,,,,,,,,,,0,0
10518,350600,,,,,,,,,,,,,,,,,,,,,,,,,0,0
10519,350633,,,,,,,,,,,,,,,,,,,,,,,,,0,0
10520,350667,,,,,,,,,,,,,,,,,,,,,,,,,0,0
10521,350700,,,,,,,,,,,,,,,,,,,,,,,,,0,0
10522,350733,,,,,,,,,,,,,,,,,,,,,,,,,0,0
10523,350767,,,,,,,,,,,,,,,,,,,,,,,,,0,0
10524,350800,,,,,,,,,,,,,,,,,,,,,,,,,0,0
10525,350833,,,,,,,,,,,,,,,,,,,,,,,,,0,0
10526,350867,,,,,,,,,,,,,,,,,,,,,,,,,0,0
10527,350900,,,,,,,,,,,,,,,,,,,,,,,,,0,0
10528,350933,,,,,,,,,,,,,,,,,,,,,,,,,0,0
10529,350967,,,,,,,,,,,,,,,,,,,,,,e,interact,,0,0
10530,351000,,,,,,,,,,,,,,,,,,,,,,e,interact,,0,0
10531,351033,,,,,,,,,,,,,,,,,,,,,,e,interact,,0,0
10532,351067,,,,,,,,,,,,,,,,,,,,,,e,interact,,0,0
10533,351100,,,,,,,,,,,,,,,,,,,,,,,,,0,0
10534,351133,,,,,,,,,,,,,,,,,,,,,,,,,0,0
10535,351167,,,,,,,,,,,,,,,,,,,,,,,,,0,0
10536,351200,,,,,,,,,,,,,,,,,,,,,,,,,0,0
10537,351233,,,,,,,,,,,,,,,,,,,,,,,,,0,0
10538,351267,,,,,,,,,,,,,,,,,,,,,,,,,0,0
10539,351300,,,,,,,,,,,,,,,,,,,,,,,,,0,0
10540,351333,,,,,,,,,,,,,,,,,,,,,,,,,0,0
10541,351367,,,,,,,,,,,,,,,,,,,,,,,,,0,0
10542,351400,,,,,,,,,,,,,,,,,,,,,,,,,0,0
10543,351433,,,,,,,,,,,,,,,,,,,,,,,,,0,0
10544,351467,,,,,,,,,,,,,,,,,,,,,,,,,0,0
10545,351500,,,,,,,,,,,,,,,,,,,,,,,,,0,0
10546,351533,,,,,,,,,,,,,,,,,,,,,,,,,0,0
10547,351567,,,,,,,,,,,,,,,,,,,,,,,,,0,0
10548,351600,,,,,,,,,,,,,,,,,,,,,,,,,0,0
10549,351633,,,,,,,,,,,,,,,,,,,,,,,,,0,0
10550,351667,,,,,,,,,,,,,,,,,,,,,,,,,0,0
10551,351700,,,,,,,,,,,,,,,,,,,,,,,,,0,0
10552,351733,,,,,,,,,,,,,,,,,,,,,,,,,0,0
10553,351767,,,,,,,,,,,,,,,,,,,,,,,,,0,0
10554,351800,,,,,,,,,,,,,,,,,,,,,,w,move_up,,0,0
10555,351833,,,,,,,,,,,,,,,,,,,,,,w,move_up,,0,0
10556,351867,,,,,,,,,,,,,,,,,,,,,,w,move_up,,0,0
10557,351900,,,,,,,,,,,,,,,,,,,,,,w,move_up,,0,0
10558,351933,,,,,,,,,,,,,,,,,,,,,,w,move_up,,0,0
10559,351967,,,,,,,,,,,,,,,,,,,,,,w,move_up,,0,0
10560,352000,,,,,,,,,,,,,,,,,,,,,,w,move_up,,0,0
10561,352033,,,,,,,,,,,,,,,,,,,,,,w,move_up,,0,0
10562,352067,,,,,,,,,,,,,,,,,,,,,,w,move_up,,0,0
10563,352100,,,,,,,,,,,,,,,,,,,,,,a|w,move_up|move_left,,0,0
10564,352133,,,,,,,,,,,,,,,,,,,,,,a|w,move_up|move_left,,0,0
10565,352167,,,,,,,,,,,,,,,,,,,,,,a|w,move_up|move_left,,0,0
10566,352200,,,,,,,,,,,,,,,,,,,,,,a|w,move_up|move_left,,0,0
10567,352233,,,,,,,,,,,,,,,,,,,,,,a|w,move_up|move_left,,0,0
10568,352267,,,,,,,,,,,,,,,,,,,,,,a|w,move_up|move_left,,0,0
10569,352300,,,,,,,,,,,,,,,,,,,,,,w,move_up,,0,0
10570,352333,,,,,,,,,,,,,,,,,,,,,,w,move_up,,0,0
10571,352367,,,,,,,,,,,,,,,,,,,,,,w,move_up,,0,0
10572,352400,,,,,,,,,,,,,,,,,,,,,,w,move_up,,0,0
10573,352433,,,,,,,,,,,,,,,,,,,,,,w,move_up,,0,0
10574,352467,,,,,,,,,,,,,,,,,,,,,,w,move_up,,0,0
10575,352500,,,,,,,,,,,,,,,,,,,,,,w,move_up,,0,0
10576,352533,,,,,,,,,,,,,,,,,,,,,,w,move_up,,0,0
10577,352567,,,,,,,,,,,,,,,,,,,,,,w,move_up,,0,0
10578,352600,,,,,,,,,,,,,,,,,,,,,,w,move_up,,0,0
10579,352633,,,,,,,,,,,,,,,,,,,,,,w,move_up,,0,0
10580,352667,,,,,,,,,,,,,,,,,,,,,,,,,0,0
10581,352700,,,,,,,,,,,,,,,,,,,,,,,,,0,0
10582,352733,,,,,,,,,,,,,,,,,,,,,,,,,0,0
10583,352767,,,,,,,,,,,,,,,,,,,,,,,,,0,0
10584,352800,,,,,,,,,,,,,,,,,,,,,,,,,0,0
10585,352833,,,,,,,,,,,,,,,,,,,,,,,,,0,0
10586,352867,,,,,,,,,,,,,,,,,,,,,,,,,0,0
10587,352900,,,,,,,,,,,,,,,,,,,,,,a,move_left,,0,0
10588,352933,,,,,,,,,,,,,,,,,,,,,,a,move_left,,0,0
10589,352967,,,,,,,,,,,,,,,,,,,,,,a,move_left,,0,0
10590,353000,,,,,,,,,,,,,,,,,,,,,,a,move_left,,0,0
10591,353033,,,,,,,,,,,,,,,,,,,,,,a|w,move_up|move_left,,0,0
10592,353067,,,,,,,,,,,,,,,,,,,,,,a|w,move_up|move_left,,0,0
10593,353100,,,,,,,,,,,,,,,,,,,,,,a|w,move_up|move_left,,0,0
10594,353133,,,,,,,,,,,,,,,,,,,,,,w,move_up,,0,0
10595,353167,,,,,,,,,,,,,,,,,,,,,,w,move_up,,0,0
10596,353200,,,,,,,,,,,,,,,,,,,,,,w,move_up,,0,0
10597,353233,,,,,,,,,,,,,,,,,,,,,,w,move_up,,0,0
10598,353267,,,,,,,,,,,,,,,,,,,,,,w,move_up,,0,0
10599,353300,,,,,,,,,,,,,,,,,,,,,,w,move_up,,0,0
10600,353333,,,,,,,,,,,,,,,,,,,,,,w,move_up,,0,0
10601,353367,,,,,,,,,,,,,,,,,,,,,,d|w,move_up|move_right,,0,0
10602,353400,,,,,,,,,,,,,,,,,,,,,,d|w,move_up|move_right,,0,0
10603,353433,,,,,,,,,,,,,,,,,,,,,,d|w,move_up|move_right,,0,0
10604,353467,,,,,,,,,,,,,,,,,,,,,,d|w,move_up|move_right,,0,0
10605,353500,,,,,,,,,,,,,,,,,,,,,,d|w,move_up|move_right,,0,0
10606,353533,,,,,,,,,,,,,,,,,,,,,,d|w,move_up|move_right,,0,0
10607,353567,,,,,,,,,,,,,,,,,,,,,,d|w,move_up|move_right,,0,0
10608,353600,,,,,,,,,,,,,,,,,,,,,,d|w,move_up|move_right,,0,0
10609,353633,,,,,,,,,,,,,,,,,,,,,,d|w,move_up|move_right,,0,0
10610,353667,,,,,,,,,,,,,,,,,,,,,,d|w,move_up|move_right,,0,0
10611,353700,,,,,,,,,,,,,,,,,,,,,,d|w,move_up|move_right,,0,0
10612,353733,,,,,,,,,,,,,,,,,,,,,,d|w,move_up|move_right,,0,0
10613,353767,,,,,,,,,,,,,,,,,,,,,,d|w,move_up|move_right,,0,0
10614,353800,,,,,,,,,,,,,,,,,,,,,,d|w,move_up|move_right,,0,0
10615,353833,,,,,,,,,,,,,,,,,,,,,,w,move_up,,0,0
10616,353867,,,,,,,,,,,,,,,,,,,,,,w,move_up,,0,0
10617,353900,,,,,,,,,,,,,,,,,,,,,,w,move_up,,0,0
10618,353933,,,,,,,,,,,,,,,,,,,,,,w,move_up,,0,0
10619,353967,,,,,,,,,,,,,,,,,,,,,,w,move_up,,0,0
10620,354000,,,,,,,,,,,,,,,,,,,,,,w,move_up,,0,0
10621,354033,,,,,,,,,,,,,,,,,,,,,,w,move_up,,0,0
10622,354067,,,,,,,,,,,,,,,,,,,,,,w,move_up,,0,0
10623,354100,,,,,,,,,,,,,,,,,,,,,,w,move_up,,0,0
10624,354133,,,,,,,,,,,,,,,,,,,,,,w,move_up,,0,0
10625,354167,,,,,,,,,,,,,,,,,,,,,,w,move_up,,0,0
10626,354200,,,,,,,,,,,,,,,,,,,,,,w,move_up,,0,0
10627,354233,,,,,,,,,,,,,,,,,,,,,,w,move_up,,0,0
10628,354267,,,,,,,,,,,,,,,,,,,,,,w,move_up,,0,0
10629,354300,,,,,,,,,,,,,,,,,,,,,,d|w,move_up|move_right,,0,0
10630,354333,,,,,,,,,,,,,,,,,,,,,,d|w,move_up|move_right,,0,0
10631,354367,,,,,,,,,,,,,,,,,,,,,,d|w,move_up|move_right,,0,0
10632,354400,,,,,,,,,,,,,,,,,,,,,,d|w,move_up|move_right,,0,0
10633,354433,,,,,,,,,,,,,,,,,,,,,,w,move_up,,0,0
10634,354467,,,,,,,,,,,,,,,,,,,,,,w,move_up,,0,0
10635,354500,,,,,,,,,,,,,,,,,,,,,,w,move_up,,0,0
10636,354533,,,,,,,,,,,,,,,,,,,,,,w,move_up,,0,0
10637,354567,,,,,,,,,,,,,,,,,,,,,,w,move_up,,0,0
10638,354600,,,,,,,,,,,,,,,,,,,,,,,,,0,0
10639,354633,,,,,,,,,,,,,,,,,,,,,,,,,0,0
10640,354667,,,,,,,,,,,,,,,,,,,,,,,,,0,0
10641,354700,,,,,,,,,,,,,,,,,,,,,,,,,0,0
10642,354733,,,,,,,,,,,,,,,,,,,,,,,,,0,0
10643,354767,,,,,,,,,,,,,,,,,,,,,,w,move_up,,0,0
10644,354800,,,,,,,,,,,,,,,,,,,,,,w,move_up,,0,0
10645,354833,,,,,,,,,,,,,,,,,,,,,,w,move_up,,0,0
10646,354867,,,,,,,,,,,,,,,,,,,,,,w,move_up,,0,0
10647,354900,,,,,,,,,,,,,,,,,,,,,,w,move_up,,0,0
10648,354933,,,,,,,,,,,,,,,,,,,,,,e|w,interact|move_up,,0,0
10649,354967,,,,,,,,,,,,,,,,,,,,,,e|w,interact|move_up,,0,0
10650,355000,,,,,,,,,,,,,,,,,,,,,,e,interact,,0,0
10651,355033,,,,,,,,,,,,,,,,,,,,,,,,,0,0
10652,355067,,,,,,,,,,,,,,,,,,,,,,,,,0,0
10653,355100,,,,,,,,,,,,,,,,,,,,,,,,,0,0
10654,355133,,,,,,,,,,,,,,,,,,,,,,,,,0,0
10655,355167,,,,,,,,,,,,,,,,,,,,,,,,,0,0
10656,355200,,,,,,,,,,,,,,,,,,,,,,s,move_down,,0,0
10657,355233,,,,,,,,,,,,,,,,,,,,,,s,move_down,,0,0
10658,355267,,,,,,,,,,,,,,,,,,,,,,s,move_down,,0,0
10659,355300,,,,,,,,,,,,,,,,,,,,,,d|s,move_down|move_right,,0,0
10660,355333,,,,,,,,,,,,,,,,,,,,,,d|s,move_down|move_right,,0,0
10661,355367,,,,,,,,,,,,,,,,,,,,,,d|s,move_down|move_right,,0,0
10662,355400,,,,,,,,,,,,,,,,,,,,,,d|s,move_down|move_right,,0,0
10663,355433,,,,,,,,,,,,,,,,,,,,,,s,move_down,,0,0
10664,355467,,,,,,,,,,,,,,,,,,,,,,s,move_down,,0,0
10665,355500,,,,,,,,,,,,,,,,,,,,,,,,,0,0
10666,355533,,,,,,,,,,,,,,,,,,,,,,,,,0,0
10667,355567,,,,,,,,,,,,,,,,,,,,,,,,,0,0
10668,355600,,,,,,,,,,,,,,,,,,,,,,,,,0,0
10669,355633,,,,,,,,,,,,,,,,,,,,,,,,,0,0
10670,355667,,,,,,,,,,,,,,,,,,,,,,,,,0,0
10671,355700,,,,,,,,,,,,,,,,,,,,,,,,,0,0
10672,355733,,,,,,,,,,,,,,,,,,,,,,,,,0,0
10673,355767,,,,,,,,,,,,,,,,,,,,,,,,,0,0
10674,355800,,,,,,,,,,,,,,,,,,,,,,,,,0,0
10675,355833,,,,,,,,,,,,,,,,,,,,,,,,,0,0
10676,355867,,,,,,,,,,,,,,,,,,,,,,,,,0,0
10677,355900,,,,,,,,,,,,,,,,,,,,,,,,,0,0
10678,355933,,,,,,,,,,,,,,,,,,,,,,,,,0,0
10679,355967,,,,,,,,,,,,,,,,,,,,,,,,,0,0
10680,356000,,,,,,,,,,,,,,,,,,,,,,,,,0,0
10681,356033,,,,,,,,,,,,,,,,,,,,,,,,,0,0
10682,356067,,,,,,,,,,,,,,,,,,,,,,,,,0,0
10683,356100,,,,,,,,,,,,,,,,,,,,,,,,,0,0
10684,356133,,,,,,,,,,,,,,,,,,,,,,,,,0,0
10685,356167,,,,,,,,,,,,,,,,,,,,,,,,,0,0
10686,356200,,,,,,,,,,,,,,,,,,,,,,,,,0,0
10687,356233,,,,,,,,,,,,,,,,,,,,,,,,,0,0
10688,356267,,,,,,,,,,,,,,,,,,,,,,,,,0,0
10689,356300,,,,,,,,,,,,,,,,,,,,,,,,,0,0
10690,356333,,,,,,,,,,,,,,,,,,,,,,,,,0,0
10691,356367,,,,,,,,,,,,,,,,,,,,,,,,,0,0
10692,356400,,,,,,,,,,,,,,,,,,,,,,,,,0,0
10693,356433,,,,,,,,,,,,,,,,,,,,,,,,,0,0
10694,356467,,,,,,,,,,,,,,,,,,,,,,d,move_right,,0,0
10695,356500,,,,,,,,,,,,,,,,,,,,,,d|w,move_up|move_right,,0,0
10696,356533,,,,,,,,,,,,,,,,,,,,,,d|w,move_up|move_right,,0,0
10697,356567,,,,,,,,,,,,,,,,,,,,,,d|w,move_up|move_right,,0,0
10698,356600,,,,,,,,,,,,,,,,,,,,,,d|w,move_up|move_right,,0,0
10699,356633,,,,,,,,,,,,,,,,,,,,,,d|w,move_up|move_right,,0,0
10700,356667,,,,,,,,,,,,,,,,,,,,,,d|w,move_up|move_right,,0,0
10701,356700,,,,,,,,,,,,,,,,,,,,,,d|w,move_up|move_right,,0,0
10702,356733,,,,,,,,,,,,,,,,,,,,,,d|w,move_up|move_right,,0,0
10703,356767,,,,,,,,,,,,,,,,,,,,,,d|w,move_up|move_right,,0,0
10704,356800,,,,,,,,,,,,,,,,,,,,,,d|w,move_up|move_right,,0,0
10705,356833,,,,,,,,,,,,,,,,,,,,,,d|w,move_up|move_right,,0,0
10706,356867,,,,,,,,,,,,,,,,,,,,,,w,move_up,,0,0
10707,356900,,,,,,,,,,,,,,,,,,,,,,w,move_up,,0,0
10708,356933,,,,,,,,,,,,,,,,,,,,,,w,move_up,,0,0
10709,356967,,,,,,,,,,,,,,,,,,,,,,w,move_up,,0,0
10710,357000,,,,,,,,,,,,,,,,,,,,,,w,move_up,,0,0
10711,357033,,,,,,,,,,,,,,,,,,,,,,w,move_up,,0,0
10712,357067,,,,,,,,,,,,,,,,,,,,,,w,move_up,,0,0
10713,357100,,,,,,,,,,,,,,,,,,,,,,w,move_up,,0,0
10714,357133,,,,,,,,,,,,,,,,,,,,,,w,move_up,,0,0
10715,357167,,,,,,,,,,,,,,,,,,,,,,w,move_up,,0,0
10716,357200,,,,,,,,,,,,,,,,,,,,,,a|w,move_up|move_left,,0,0
10717,357233,,,,,,,,,,,,,,,,,,,,,,a|w,move_up|move_left,,0,0
10718,357267,,,,,,,,,,,,,,,,,,,,,,a|w,move_up|move_left,,0,0
10719,357300,,,,,,,,,,,,,,,,,,,,,,a|w,move_up|move_left,,0,0
10720,357333,,,,,,,,,,,,,,,,,,,,,,a|w,move_up|move_left,,0,0
10721,357367,,,,,,,,,,,,,,,,,,,,,,a|w,move_up|move_left,,0,0
10722,357400,,,,,,,,,,,,,,,,,,,,,,a|w,move_up|move_left,,0,0
10723,357433,,,,,,,,,,,,,,,,,,,,,,a|w,move_up|move_left,,0,0
10724,357467,,,,,,,,,,,,,,,,,,,,,,a|w,move_up|move_left,,0,0
10725,357500,,,,,,,,,,,,,,,,,,,,,,a|w,move_up|move_left,,0,0
10726,357533,,,,,,,,,,,,,,,,,,,,,,a|w,move_up|move_left,,0,0
10727,357567,,,,,,,,,,,,,,,,,,,,,,a|w,move_up|move_left,,0,0
10728,357600,,,,,,,,,,,,,,,,,,,,,,a|w,move_up|move_left,,0,0
10729,357633,,,,,,,,,,,,,,,,,,,,,,a|w,move_up|move_left,,0,0
10730,357667,,,,,,,,,,,,,,,,,,,,,,a|w,move_up|move_left,,0,0
10731,357700,,,,,,,,,,,,,,,,,,,,,,a|w,move_up|move_left,,0,0
10732,357733,,,,,,,,,,,,,,,,,,,,,,a|w,move_up|move_left,,0,0
10733,357767,,,,,,,,,,,,,,,,,,,,,,a|w,move_up|move_left,,0,0
10734,357800,,,,,,,,,,,,,,,,,,,,,,a|w,move_up|move_left,,0,0
10735,357833,,,,,,,,,,,,,,,,,,,,,,a|w,move_up|move_left,,0,0
10736,357867,,,,,,,,,,,,,,,,,,,,,,a|w,move_up|move_left,,0,0
10737,357900,,,,,,,,,,,,,,,,,,,,,,w,move_up,,0,0
10738,357933,,,,,,,,,,,,,,,,,,,,,,w,move_up,,0,0
10739,357967,,,,,,,,,,,,,,,,,,,,,,w,move_up,,0,0
10740,358000,,,,,,,,,,,,,,,,,,,,,,w,move_up,,0,0
10741,358033,,,,,,,,,,,,,,,,,,,,,,w,move_up,,0,0
10742,358067,,,,,,,,,,,,,,,,,,,,,,w,move_up,,0,0
10743,358100,,,,,,,,,,,,,,,,,,,,,,w,move_up,,0,0
10744,358133,,,,,,,,,,,,,,,,,,,,,,w,move_up,,0,0
10745,358167,,,,,,,,,,,,,,,,,,,,,,w,move_up,,0,0
10746,358200,,,,,,,,,,,,,,,,,,,,,,w,move_up,,0,0
10747,358233,,,,,,,,,,,,,,,,,,,,,,w,move_up,,0,0
10748,358267,,,,,,,,,,,,,,,,,,,,,,w,move_up,,0,0
10749,358300,,,,,,,,,,,,,,,,,,,,,,w,move_up,,0,0
10750,358333,,,,,,,,,,,,,,,,,,,,,,w,move_up,,0,0
10751,358367,,,,,,,,,,,,,,,,,,,,,,w,move_up,,0,0
10752,358400,,,,,,,,,,,,,,,,,,,,,,w,move_up,,0,0
10753,358433,,,,,,,,,,,,,,,,,,,,,,w,move_up,,0,0
10754,358467,,,,,,,,,,,,,,,,,,,,,,e|w,interact|move_up,,0,0
10755,358500,,,,,,,,,,,,,,,,,,,,,,e|w,interact|move_up,,0,0
10756,358533,,,,,,,,,,,,,,,,,,,,,,e|w,interact|move_up,,0,0
10757,358567,,,,,,,,,,,,,,,,,,,,,,e|w,interact|move_up,,0,0
10758,358600,,,,,,,,,,,,,,,,,,,,,,e|w,interact|move_up,,0,0
10759,358633,,,,,,,,,,,,,,,,,,,,,,w,move_up,,0,0
10760,358667,,,,,,,,,,,,,,,,,,,,,,w,move_up,,0,0
10761,358700,,,,,,,,,,,,,,,,,,,,,,w,move_up,,0,0
10762,358733,,,,,,,,,,,,,,,,,,,,,,w,move_up,,0,0
10763,358767,,,,,,,,,,,,,,,,,,,,,,,,,0,0
10764,358800,,,,,,,,,,,,,,,,,,,,,,,,,0,0
10765,358833,,,,,,,,,,,,,,,,,,,,,,,,,0,0
10766,358867,,,,,,,,,,,,,,,,,,,,,,,,,0,0
10767,358900,,,,,,,,,,,,,,,,,,,,,,w,move_up,,0,0
10768,358933,,,,,,,,,,,,,,,,,,,,,,w,move_up,,0,0
10769,358967,,,,,,,,,,,,,,,,,,,,,,w,move_up,,0,0
10770,359000,,,,,,,,,,,,,,,,,,,,,,w,move_up,,0,0
10771,359033,,,,,,,,,,,,,,,,,,,,,,d|w,move_up|move_right,,0,0
10772,359067,,,,,,,,,,,,,,,,,,,,,,d|w,move_up|move_right,,0,0
10773,359100,,,,,,,,,,,,,,,,,,,,,,d|w,move_up|move_right,,0,0
10774,359133,,,,,,,,,,,,,,,,,,,,,,d|w,move_up|move_right,,0,0
10775,359167,,,,,,,,,,,,,,,,,,,,,,d|w,move_up|move_right,,0,0
10776,359200,,,,,,,,,,,,,,,,,,,,,,d|w,move_up|move_right,,0,0
10777,359233,,,,,,,,,,,,,,,,,,,,,,d|w,move_up|move_right,,0,0
10778,359267,,,,,,,,,,,,,,,,,,,,,,d|w,move_up|move_right,,0,0
10779,359300,,,,,,,,,,,,,,,,,,,,,,w,move_up,,0,0
10780,359333,,,,,,,,,,,,,,,,,,,,,,w,move_up,,0,0
10781,359367,,,,,,,,,,,,,,,,,,,,,,w,move_up,,0,0
10782,359400,,,,,,,,,,,,,,,,,,,,,,w,move_up,,0,0
10783,359433,,,,,,,,,,,,,,,,,,,,,,w,move_up,,0,0
10784,359467,,,,,,,,,,,,,,,,,,,,,,w,move_up,,0,0
10785,359500,,,,,,,,,,,,,,,,,,,,,,w,move_up,,0,0
10786,359533,,,,,,,,,,,,,,,,,,,,,,w,move_up,,0,0
10787,359567,,,,,,,,,,,,,,,,,,,,,,w,move_up,,0,0
10788,359600,,,,,,,,,,,,,,,,,,,,,,w,move_up,,0,0
10789,359633,,,,,,,,,,,,,,,,,,,,,,w,move_up,,0,0
10790,359667,,,,,,,,,,,,,,,,,,,,,,w,move_up,,0,0
10791,359700,,,,,,,,,,,,,,,,,,,,,,w,move_up,,0,0
10792,359733,,,,,,,,,,,,,,,,,,,,,,w,move_up,,0,0
10793,359767,,,,,,,,,,,,,,,,,,,,,,w,move_up,,0,0
10794,359800,,,,,,,,,,,,,,,,,,,,,,w,move_up,,0,0
10795,359833,,,,,,,,,,,,,,,,,,,,,,w,move_up,,0,0
10796,359867,,,,,,,,,,,,,,,,,,,,,,w,move_up,,0,0
10797,359900,,,,,,,,,,,,,,,,,,,,,,w,move_up,,0,0
10798,359933,,,,,,,,,,,,,,,,,,,,,,w,move_up,,0,0
10799,359967,,,,,,,,,,,,,,,,,,,,,,w,move_up,,0,0
10800,360000,,,,,,,,,,,,,,,,,,,,,,w,move_up,,0,0
10801,360033,,,,,,,,,,,,,,,,,,,,,,w,move_up,,0,0
10802,360067,,,,,,,,,,,,,,,,,,,,,,w,move_up,,0,0
10803,360100,,,,,,,,,,,,,,,,,,,,,,a|w,move_up|move_left,,0,0
10804,360133,,,,,,,,,,,,,,,,,,,,,,a|w,move_up|move_left,,0,0
10805,360167,,,,,,,,,,,,,,,,,,,,,,a|w,move_up|move_left,,0,0
10806,360200,,,,,,,,,,,,,,,,,,,,,,a|w,move_up|move_left,,0,0
10807,360233,,,,,,,,,,,,,,,,,,,,,,a|w,move_up|move_left,,0,0
10808,360267,,,,,,,,,,,,,,,,,,,,,,a|w,move_up|move_left,,0,0
10809,360300,,,,,,,,,,,,,,,,,,,,,,a|w,move_up|move_left,,0,0
10810,360333,,,,,,,,,,,,,,,,,,,,,,a|w,move_up|move_left,,0,0
10811,360367,,,,,,,,,,,,,,,,,,,,,,a|w,move_up|move_left,,0,0
10812,360400,,,,,,,,,,,,,,,,,,,,,,a|w,move_up|move_left,,0,0
10813,360433,,,,,,,,,,,,,,,,,,,,,,a|w,move_up|move_left,,0,0
10814,360467,,,,,,,,,,,,,,,,,,,,,,a|w,move_up|move_left,,0,0
10815,360500,,,,,,,,,,,,,,,,,,,,,,a|w,move_up|move_left,,0,0
10816,360533,,,,,,,,,,,,,,,,,,,,,,a|w,move_up|move_left,,0,0
10817,360567,,,,,,,,,,,,,,,,,,,,,,a|w,move_up|move_left,,0,0
10818,360600,,,,,,,,,,,,,,,,,,,,,,a|w,move_up|move_left,,0,0
10819,360633,,,,,,,,,,,,,,,,,,,,,,w,move_up,,0,0
10820,360667,,,,,,,,,,,,,,,,,,,,,,w,move_up,,0,0
10821,360700,,,,,,,,,,,,,,,,,,,,,,w,move_up,,0,0
10822,360733,,,,,,,,,,,,,,,,,,,,,,w,move_up,,0,0
10823,360767,,,,,,,,,,,,,,,,,,,,,,w,move_up,,0,0
10824,360800,,,,,,,,,,,,,,,,,,,,,,w,move_up,,0,0
10825,360833,,,,,,,,,,,,,,,,,,,,,,w,move_up,,0,0
10826,360867,,,,,,,,,,,,,,,,,,,,,,w,move_up,,0,0
10827,360900,,,,,,,,,,,,,,,,,,,,,,,,,0,0
10828,360933,,,,,,,,,,,,,,,,,,,,,,,,,0,0
10829,360967,,,,,,,,,,,,,,,,,,,,,,,,,0,0
10830,361000,,,,,,,,,,,,,,,,,,,,,,,,,0,0
10831,361033,,,,,,,,,,,,,,,,,,,,,,,,,0,0
10832,361067,,,,,,,,,,,,,,,,,,,,,,,,,0,0
10833,361100,,,,,,,,,,,,,,,,,,,,,,,,,0,0
10834,361133,,,,,,,,,,,,,,,,,,,,,,,,,0,0
10835,361167,,,,,,,,,,,,,,,,,,,,,,a,move_left,,0,0
10836,361200,,,,,,,,,,,,,,,,,,,,,,a|w,move_up|move_left,,0,0
10837,361233,,,,,,,,,,,,,,,,,,,,,,a|w,move_up|move_left,,0,0
10838,361267,,,,,,,,,,,,,,,,,,,,,,a|w,move_up|move_left,,0,0
10839,361300,,,,,,,,,,,,,,,,,,,,,,a|w,move_up|move_left,,0,0
10840,361333,,,,,,,,,,,,,,,,,,,,,,a|w,move_up|move_left,,0,0
10841,361367,,,,,,,,,,,,,,,,,,,,,,a|w,move_up|move_left,,0,0
10842,361400,,,,,,,,,,,,,,,,,,,,,,a|w,move_up|move_left,,0,0
10843,361433,,,,,,,,,,,,,,,,,,,,,,a|w,move_up|move_left,,0,0
10844,361467,,,,,,,,,,,,,,,,,,,,,,a|w,move_up|move_left,,0,0
10845,361500,,,,,,,,,,,,,,,,,,,,,,a|w,move_up|move_left,,0,0
10846,361533,,,,,,,,,,,,,,,,,,,,,,a|w,move_up|move_left,,0,0
10847,361567,,,,,,,,,,,,,,,,,,,,,,w,move_up,,0,0
10848,361600,,,,,,,,,,,,,,,,,,,,,,e|w,interact|move_up,,0,0
10849,361633,,,,,,,,,,,,,,,,,,,,,,e|w,interact|move_up,,0,0
10850,361667,,,,,,,,,,,,,,,,,,,,,,e|w,interact|move_up,,0,0
10851,361700,,,,,,,,,,,,,,,,,,,,,,e,interact,,0,0
10852,361733,,,,,,,,,,,,,,,,,,,,,,e,interact,,0,0
10853,361767,,,,,,,,,,,,,,,,,,,,,,,,,0,0
10854,361800,,,,,,,,,,,,,,,,,,,,,,a,move_left,,0,0
10855,361833,,,,,,,,,,,,,,,,,,,,,,a,move_left,,0,0
10856,361867,,,,,,,,,,,,,,,,,,,,,,a,move_left,,0,0
10857,361900,,,,,,,,,,,,,,,,,,,,,,a,move_left,,0,0
10858,361933,,,,,,,,,,,,,,,,,,,,,,a,move_left,,0,0
10859,361967,,,,,,,,,,,,,,,,,,,,,,a,move_left,,0,0
10860,362000,,,,,,,,,,,,,,,,,,,,,,a,move_left,,0,0
10861,362033,,,,,,,,,,,,,,,,,,,,,,a,move_left,,0,0
10862,362067,,,,,,,,,,,,,,,,,,,,,,a,move_left,,0,0
10863,362100,,,,,,,,,,,,,,,,,,,,,,a,move_left,,0,0
10864,362133,,,,,,,,,,,,,,,,,,,,,,a,move_left,,0,0
10865,362167,,,,,,,,,,,,,,,,,,,,,,a,move_left,,0,0
10866,362200,,,,,,,,,,,,,,,,,,,,,,a,move_left,,0,0
10867,362233,,,,,,,,,,,,,,,,,,,,,,a,move_left,,0,0
10868,362267,,,,,,,,,,,,,,,,,,,,,,a,move_left,,0,0
10869,362300,,,,,,,,,,,,,,,,,,,,,,a,move_left,,0,0
10870,362333,,,,,,,,,,,,,,,,,,,,,,a|w,move_up|move_left,,0,0
10871,362367,,,,,,,,,,,,,,,,,,,,,,a|w,move_up|move_left,,0,0
10872,362400,,,,,,,,,,,,,,,,,,,,,,a|w,move_up|move_left,,0,0
10873,362433,,,,,,,,,,,,,,,,,,,,,,w,move_up,,0,0
10874,362467,,,,,,,,,,,,,,,,,,,,,,w,move_up,,0,0
10875,362500,,,,,,,,,,,,,,,,,,,,,,w,move_up,,0,0
10876,362533,,,,,,,,,,,,,,,,,,,,,,w,move_up,,0,0
10877,362567,,,,,,,,,,,,,,,,,,,,,,w,move_up,,0,0
10878,362600,,,,,,,,,,,,,,,,,,,,,,w,move_up,,0,0
10879,362633,,,,,,,,,,,,,,,,,,,,,,w,move_up,,0,0
10880,362667,,,,,,,,,,,,,,,,,,,,,,d|w,move_up|move_right,,0,0
10881,362700,,,,,,,,,,,,,,,,,,,,,,d|w,move_up|move_right,,0,0
10882,362733,,,,,,,,,,,,,,,,,,,,,,d|w,move_up|move_right,,0,0
10883,362767,,,,,,,,,,,,,,,,,,,,,,d|w,move_up|move_right,,0,0
10884,362800,,,,,,,,,,,,,,,,,,,,,,d|w,move_up|move_right,,0,0
10885,362833,,,,,,,,,,,,,,,,,,,,,,d|w,move_up|move_right,,0,0
10886,362867,,,,,,,,,,,,,,,,,,,,,,d|w,move_up|move_right,,0,0
10887,362900,,,,,,,,,,,,,,,,,,,,,,d|w,move_up|move_right,,0,0
10888,362933,,,,,,,,,,,,,,,,,,,,,,d|w,move_up|move_right,,0,0
10889,362967,,,,,,,,,,,,,,,,,,,,,,d|w,move_up|move_right,,0,0
10890,363000,,,,,,,,,,,,,,,,,,,,,,d|w,move_up|move_right,,0,0
10891,363033,,,,,,,,,,,,,,,,,,,,,,d|w,move_up|move_right,,0,0
10892,363067,,,,,,,,,,,,,,,,,,,,,,d|w,move_up|move_right,,0,0
10893,363100,,,,,,,,,,,,,,,,,,,,,,d|w,move_up|move_right,,0,0
10894,363133,,,,,,,,,,,,,,,,,,,,,,d|w,move_up|move_right,,0,0
10895,363167,,,,,,,,,,,,,,,,,,,,,,w,move_up,,0,0
10896,363200,,,,,,,,,,,,,,,,,,,,,,,,,0,0
10897,363233,,,,,,,,,,,,,,,,,,,,,,,,,0,0
10898,363267,,,,,,,,,,,,,,,,,,,,,,,,,0,0
10899,363300,,,,,,,,,,,,,,,,,,,,,,,,,0,0
10900,363333,,,,,,,,,,,,,,,,,,,,,,w,move_up,,0,0
10901,363367,,,,,,,,,,,,,,,,,,,,,,w,move_up,,0,0
10902,363400,,,,,,,,,,,,,,,,,,,,,,w,move_up,,0,0
10903,363433,,,,,,,,,,,,,,,,,,,,,,w,move_up,,0,0
10904,363467,,,,,,,,,,,,,,,,,,,,,,w,move_up,,0,0
10905,363500,,,,,,,,,,,,,,,,,,,,,,w,move_up,,0,0
10906,363533,,,,,,,,,,,,,,,,,,,,,,w,move_up,,0,0
10907,363567,,,,,,,,,,,,,,,,,,,,,,w,move_up,,0,0
10908,363600,,,,,,,,,,,,,,,,,,,,,,w,move_up,,0,0
10909,363633,,,,,,,,,,,,,,,,,,,,,,w,move_up,,0,0
10910,363667,,,,,,,,,,,,,,,,,,,,,,w,move_up,,0,0
10911,363700,,,,,,,,,,,,,,,,,,,,,,w,move_up,,0,0
10912,363733,,,,,,,,,,,,,,,,,,,,,,w,move_up,,0,0
10913,363767,,,,,,,,,,,,,,,,,,,,,,w,move_up,,0,0
10914,363800,,,,,,,,,,,,,,,,,,,,,,w,move_up,,0,0
10915,363833,,,,,,,,,,,,,,,,,,,,,,e|w,interact|move_up,,0,0
10916,363867,,,,,,,,,,,,,,,,,,,,,,e|w,interact|move_up,,0,0
10917,363900,,,,,,,,,,,,,,,,,,,,,,e,interact,,0,0
10918,363933,,,,,,,,,,,,,,,,,,,,,,e,interact,,0,0
10919,363967,,,,,,,,,,,,,,,,,,,,,,e,interact,,0,0
10920,364000,,,,,,,,,,,,,,,,,,,,,,,,,0,0
10921,364033,,,,,,,,,,,,,,,,,,,,,,,,,0,0
10922,364067,,,,,,,,,,,,,,,,,,,,,,,,,0,0
10923,364100,,,,,,,,,,,,,,,,,,,,,,,,,0,0
10924,364133,,,,,,,,,,,,,,,,,,,,,,,,,0,0
10925,364167,,,,,,,,,,,,,,,,,,,,,,,,,0,0
10926,364200,,,,,,,,,,,,,,,,,,,,,,,,,0,0
10927,364233,,,,,,,,,,,,,,,,,,,,,,,,,0,0
10928,364267,,,,,,,,,,,,,,,,,,,,,,,,,0,0
10929,364300,,,,,,,,,,,,,,,,,,,,,,,,,0,0
10930,364333,,,,,,,,,,,,,,,,,,,,,,e,interact,,0,0
10931,364367,,,,,,,,,,,,,,,,,,,,,,e,interact,,0,0
10932,364400,,,,,,,,,,,,,,,,,,,,,,e,interact,,0,0
10933,364433,,,,,,,,,,,,,,,,,,,,,,e,interact,,0,0
10934,364467,,,,,,,,,,,,,,,,,,,,,,a,move_left,,0,0
10935,364500,,,,,,,,,,,,,,,,,,,,,,a,move_left,,0,0
10936,364533,,,,,,,,,,,,,,,,,,,,,,a,move_left,,0,0
10937,364567,,,,,,,,,,,,,,,,,,,,,,a,move_left,,0,0
10938,364600,,,,,,,,,,,,,,,,,,,,,,a,move_left,,0,0
10939,364633,,,,,,,,,,,,,,,,,,,,,,a|w,move_up|move_left,,0,0
10940,364667,,,,,,,,,,,,,,,,,,,,,,a|w,move_up|move_left,,0,0
10941,364700,,,,,,,,,,,,,,,,,,,,,,a|w,move_up|move_left,,0,0
10942,364733,,,,,,,,,,,,,,,,,,,,,,a|w,move_up|move_left,,0,0
10943,364767,,,,,,,,,,,,,,,,,,,,,,w,move_up,,0,0
10944,364800,,,,,,,,,,,,,,,,,,,,,,w,move_up,,0,0
10945,364833,,,,,,,,,,,,,,,,,,,,,,w,move_up,,0,0
10946,364867,,,,,,,,,,,,,,,,,,,,,,w,move_up,,0,0
10947,364900,,,,,,,,,,,,,,,,,,,,,,w,move_up,,0,0
10948,364933,,,,,,,,,,,,,,,,,,,,,,w,move_up,,0,0
10949,364967,,,,,,,,,,,,,,,,,,,,,,w,move_up,,0,0
10950,365000,,,,,,,,,,,,,,,,,,,,,,w,move_up,,0,0
10951,365033,,,,,,,,,,,,,,,,,,,,,,w,move_up,,0,0
10952,365067,,,,,,,,,,,,,,,,,,,,,,w,move_up,,0,0
10953,365100,,,,,,,,,,,,,,,,,,,,,,w,move_up,,0,0
10954,365133,,,,,,,,,,,,,,,,,,,,,,w,move_up,,0,0
10955,365167,,,,,,,,,,,,,,,,,,,,,,w,move_up,,0,0
10956,365200,,,,,,,,,,,,,,,,,,,,,,w,move_up,,0,0
10957,365233,,,,,,,,,,,,,,,,,,,,,,w,move_up,,0,0
10958,365267,,,,,,,,,,,,,,,,,,,,,,w,move_up,,0,0
10959,365300,,,,,,,,,,,,,,,,,,,,,,d|w,move_up|move_right,,0,0
10960,365333,,,,,,,,,,,,,,,,,,,,,,d|w,move_up|move_right,,0,0
10961,365367,,,,,,,,,,,,,,,,,,,,,,d|w,move_up|move_right,,0,0
10962,365400,,,,,,,,,,,,,,,,,,,,,,w,move_up,,0,0
10963,365433,,,,,,,,,,,,,,,,,,,,,,w,move_up,,0,0
10964,365467,,,,,,,,,,,,,,,,,,,,,,w,move_up,,0,0
10965,365500,,,,,,,,,,,,,,,,,,,,,,w,move_up,,0,0
10966,365533,,,,,,,,,,,,,,,,,,,,,,a|w,move_up|move_left,,0,0
10967,365567,,,,,,,,,,,,,,,,,,,,,,a|w,move_up|move_left,,0,0
10968,365600,,,,,,,,,,,,,,,,,,,,,,a|w,move_up|move_left,,0,0
10969,365633,,,,,,,,,,,,,,,,,,,,,,a|w,move_up|move_left,,0,0
10970,365667,,,,,,,,,,,,,,,,,,,,,,a|w,move_up|move_left,,0,0
10971,365700,,,,,,,,,,,,,,,,,,,,,,a|w,move_up|move_left,,0,0
10972,365733,,,,,,,,,,,,,,,,,,,,,,a|w,move_up|move_left,,0,0
10973,365767,,,,,,,,,,,,,,,,,,,,,,a|w,move_up|move_left,,0,0
10974,365800,,,,,,,,,,,,,,,,,,,,,,a|w,move_up|move_left,,0,0
10975,365833,,,,,,,,,,,,,,,,,,,,,,d|w,move_up|move_right,,0,0
10976,365867,,,,,,,,,,,,,,,,,,,,,,d|w,move_up|move_right,,0,0
10977,365900,,,,,,,,,,,,,,,,,,,,,,d|w,move_up|move_right,,0,0
10978,365933,,,,,,,,,,,,,,,,,,,,,,d|w,move_up|move_right,,0,0
10979,365967,,,,,,,,,,,,,,,,,,,,,,d|w,move_up|move_right,,0,0
10980,366000,,,,,,,,,,,,,,,,,,,,,,d|w,move_up|move_right,,0,0
10981,366033,,,,,,,,,,,,,,,,,,,,,,d|w,move_up|move_right,,0,0
10982,366067,,,,,,,,,,,,,,,,,,,,,,d|w,move_up|move_right,,0,0
10983,366100,,,,,,,,,,,,,,,,,,,,,,d|w,move_up|move_right,,0,0
10984,366133,,,,,,,,,,,,,,,,,,,,,,d|w,move_up|move_right,,0,0
10985,366167,,,,,,,,,,,,,,,,,,,,,,d,move_right,,0,0
10986,366200,,,,,,,,,,,,,,,,,,,,,,d,move_right,,0,0
10987,366233,,,,,,,,,,,,,,,,,,,,,,d,move_right,,0,0
10988,366267,,,,,,,,,,,,,,,,,,,,,,d,move_right,,0,0
10989,366300,,,,,,,,,,,,,,,,,,,,,,d,move_right,,0,0
10990,366333,,,,,,,,,,,,,,,,,,,,,,d,move_right,,0,0
10991,366367,,,,,,,,,,,,,,,,,,,,,,d,move_right,,0,0
10992,366400,,,,,,,,,,,,,,,,,,,,,,d,move_right,,0,0
10993,366433,,,,,,,,,,,,,,,,,,,,,,d,move_right,,0,0
10994,366467,,,,,,,,,,,,,,,,,,,,,,d,move_right,,0,0
10995,366500,,,,,,,,,,,,,,,,,,,,,,d,move_right,,0,0
10996,366533,,,,,,,,,,,,,,,,,,,,,,,,,0,0
10997,366567,,,,,,,,,,,,,,,,,,,,,,,,,0,0
10998,366600,,,,,,,,,,,,,,,,,,,,,,,,,0,0
10999,366633,,,,,,,,,,,,,,,,,,,,,,,,,0,0
11000,366667,,,,,,,,,,,,,,,,,,,,,,d,move_right,,0,0
11001,366700,,,,,,,,,,,,,,,,,,,,,,d,move_right,,0,0
11002,366733,,,,,,,,,,,,,,,,,,,,,,d,move_right,,0,0
11003,366767,,,,,,,,,,,,,,,,,,,,,,d,move_right,,0,0
11004,366800,,,,,,,,,,,,,,,,,,,,,,d,move_right,,0,0
11005,366833,,,,,,,,,,,,,,,,,,,,,,d,move_right,,0,0
11006,366867,,,,,,,,,,,,,,,,,,,,,,d,move_right,,0,0
11007,366900,,,,,,,,,,,,,,,,,,,,,,,,,0,0
11008,366933,,,,,,,,,,,,,,,,,,,,,,a,move_left,,0,0
11009,366967,,,,,,,,,,,,,,,,,,,,,,a,move_left,,0,0
11010,367000,,,,,,,,,,,,,,,,,,,,,,a,move_left,,0,0
11011,367033,,,,,,,,,,,,,,,,,,,,,,a,move_left,,0,0
11012,367067,,,,,,,,,,,,,,,,,,,,,,a,move_left,,0,0
11013,367100,,,,,,,,,,,,,,,,,,,,,,a,move_left,,0,0
11014,367133,,,,,,,,,,,,,,,,,,,,,,a,move_left,,0,0
11015,367167,,,,,,,,,,,,,,,,,,,,,,,,,0,0
11016,367200,,,,,,,,,,,,,,,,,,,,,,,,,0,0
11017,367233,,,,,,,,,,,,,,,,,,,,,,,,,0,0
11018,367267,,,,,,,,,,,,,,,,,,,,,,,,,0,0
11019,367300,,,,,,,,,,,,,,,,,,,,,,,,,0,0
11020,367333,,,,,,,,,,,,,,,,,,,,,,,,,0,0
11021,367367,,,,,,,,,,,,,,,,,,,,,,,,,0,0
11022,367400,,,,,,,,,,,,,,,,,,,,,,,,,0,0
11023,367433,,,,,,,,,,,,,,,,,,,,,,,,,0,0
11024,367467,,,,,,,,,,,,,,,,,,,,,,,,,0,0
11025,367500,,,,,,,,,,,,,,,,,,,,,,,,,0,0
11026,367533,,,,,,,,,,,,,,,,,,,,,,,,,0,0
11027,367567,,,,,,,,,,,,,,,,,,,,,,,,,0,0
11028,367600,,,,,,,,,,,,,,,,,,,,,,,,,0,0
11029,367633,,,,,,,,,,,,,,,,,,,,,,,,,0,0
11030,367667,,,,,,,,,,,,,,,,,,,,,,d,move_right,,0,0
11031,367700,,,,,,,,,,,,,,,,,,,,,,d,move_right,,0,0
11032,367733,,,,,,,,,,,,,,,,,,,,,,d,move_right,,0,0
11033,367767,,,,,,,,,,,,,,,,,,,,,,d,move_right,,0,0
11034,367800,,,,,,,,,,,,,,,,,,,,,,d,move_right,,0,0
11035,367833,,,,,,,,,,,,,,,,,,,,,,d,move_right,,0,0
11036,367867,,,,,,,,,,,,,,,,,,,,,,d,move_right,,0,0
11037,367900,,,,,,,,,,,,,,,,,,,,,,d,move_right,,0,0
11038,367933,,,,,,,,,,,,,,,,,,,,,,d,move_right,,0,0
11039,367967,,,,,,,,,,,,,,,,,,,,,,d,move_right,,0,0
11040,368000,,,,,,,,,,,,,,,,,,,,,,d,move_right,,0,0
11041,368033,,,,,,,,,,,,,,,,,,,,,,d,move_right,,0,0
11042,368067,,,,,,,,,,,,,,,,,,,,,,d,move_right,,0,0
11043,368100,,,,,,,,,,,,,,,,,,,,,,d,move_right,,0,0
11044,368133,,,,,,,,,,,,,,,,,,,,,,d,move_right,,0,0
11045,368167,,,,,,,,,,,,,,,,,,,,,,d|w,move_up|move_right,,0,0
11046,368200,,,,,,,,,,,,,,,,,,,,,,d|w,move_up|move_right,,0,0
11047,368233,,,,,,,,,,,,,,,,,,,,,,d|w,move_up|move_right,,0,0
11048,368267,,,,,,,,,,,,,,,,,,,,,,d|w,move_up|move_right,,0,0
11049,368300,,,,,,,,,,,,,,,,,,,,,,d|w,move_up|move_right,,0,0
11050,368333,,,,,,,,,,,,,,,,,,,,,,d|w,move_up|move_right,,0,0
11051,368367,,,,,,,,,,,,,,,,,,,,,,d|w,move_up|move_right,,0,0
11052,368400,,,,,,,,,,,,,,,,,,,,,,w,move_up,,0,0
11053,368433,,,,,,,,,,,,,,,,,,,,,,w,move_up,,0,0
11054,368467,,,,,,,,,,,,,,,,,,,,,,w,move_up,,0,0
11055,368500,,,,,,,,,,,,,,,,,,,,,,w,move_up,,0,0
11056,368533,,,,,,,,,,,,,,,,,,,,,,w,move_up,,0,0
11057,368567,,,,,,,,,,,,,,,,,,,,,,w,move_up,,0,0
11058,368600,,,,,,,,,,,,,,,,,,,,,,w,move_up,,0,0
11059,368633,,,,,,,,,,,,,,,,,,,,,,w,move_up,,0,0
11060,368667,,,,,,,,,,,,,,,,,,,,,,d|w,move_up|move_right,,0,0
11061,368700,,,,,,,,,,,,,,,,,,,,,,d|w,move_up|move_right,,0,0
11062,368733,,,,,,,,,,,,,,,,,,,,,,d|w,move_up|move_right,,0,0
11063,368767,,,,,,,,,,,,,,,,,,,,,,d|w,move_up|move_right,,0,0
11064,368800,,,,,,,,,,,,,,,,,,,,,,d|w,move_up|move_right,,0,0
11065,368833,,,,,,,,,,,,,,,,,,,,,,w,move_up,,0,0
11066,368867,,,,,,,,,,,,,,,,,,,,,,w,move_up,,0,0
11067,368900,,,,,,,,,,,,,,,,,,,,,,w,move_up,,0,0
11068,368933,,,,,,,,,,,,,,,,,,,,,,w,move_up,,0,0
11069,368967,,,,,,,,,,,,,,,,,,,,,,w,move_up,,0,0
11070,369000,,,,,,,,,,,,,,,,,,,,,,w,move_up,,0,0
11071,369033,,,,,,,,,,,,,,,,,,,,,,w,move_up,,0,0
11072,369067,,,,,,,,,,,,,,,,,,,,,,w,move_up,,0,0
11073,369100,,,,,,,,,,,,,,,,,,,,,,w,move_up,,0,0
11074,369133,,,,,,,,,,,,,,,,,,,,,,w,move_up,,0,0
11075,369167,,,,,,,,,,,,,,,,,,,,,,w,move_up,,0,0
11076,369200,,,,,,,,,,,,,,,,,,,,,,w,move_up,,0,0
11077,369233,,,,,,,,,,,,,,,,,,,,,,w,move_up,,0,0
11078,369267,,,,,,,,,,,,,,,,,,,,,,w,move_up,,0,0
11079,369300,,,,,,,,,,,,,,,,,,,,,,w,move_up,,0,0
11080,369333,,,,,,,,,,,,,,,,,,,,,,w,move_up,,0,0
11081,369367,,,,,,,,,,,,,,,,,,,,,,w,move_up,,0,0
11082,369400,,,,,,,,,,,,,,,,,,,,,,d|w,move_up|move_right,,0,0
11083,369433,,,,,,,,,,,,,,,,,,,,,,d|w,move_up|move_right,,0,0
11084,369467,,,,,,,,,,,,,,,,,,,,,,d|w,move_up|move_right,,0,0
11085,369500,,,,,,,,,,,,,,,,,,,,,,d|w,move_up|move_right,,0,0
11086,369533,,,,,,,,,,,,,,,,,,,,,,d|w,move_up|move_right,,0,0
11087,369567,,,,,,,,,,,,,,,,,,,,,,w,move_up,,0,0
11088,369600,,,,,,,,,,,,,,,,,,,,,,w,move_up,,0,0
11089,369633,,,,,,,,,,,,,,,,,,,,,,w,move_up,,0,0
11090,369667,,,,,,,,,,,,,,,,,,,,,,w,move_up,,0,0
11091,369700,,,,,,,,,,,,,,,,,,,,,,w,move_up,,0,0
11092,369733,,,,,,,,,,,,,,,,,,,,,,d|w,move_up|move_right,,0,0
11093,369767,,,,,,,,,,,,,,,,,,,,,,d|w,move_up|move_right,,0,0
11094,369800,,,,,,,,,,,,,,,,,,,,,,d|w,move_up|move_right,,0,0
11095,369833,,,,,,,,,,,,,,,,,,,,,,d|w,move_up|move_right,,0,0
11096,369867,,,,,,,,,,,,,,,,,,,,,,d|w,move_up|move_right,,0,0
11097,369900,,,,,,,,,,,,,,,,,,,,,,d|w,move_up|move_right,,0,0
11098,369933,,,,,,,,,,,,,,,,,,,,,,d|w,move_up|move_right,,0,0
11099,369967,,,,,,,,,,,,,,,,,,,,,,d|w,move_up|move_right,,0,0
11100,370000,,,,,,,,,,,,,,,,,,,,,,d|w,move_up|move_right,,0,0
11101,370033,,,,,,,,,,,,,,,,,,,,,,d|w,move_up|move_right,,0,0
11102,370067,,,,,,,,,,,,,,,,,,,,,,w,move_up,,0,0
11103,370100,,,,,,,,,,,,,,,,,,,,,,w,move_up,,0,0
11104,370133,,,,,,,,,,,,,,,,,,,,,,w,move_up,,0,0
11105,370167,,,,,,,,,,,,,,,,,,,,,,w,move_up,,0,0
11106,370200,,,,,,,,,,,,,,,,,,,,,,w,move_up,,0,0
11107,370233,,,,,,,,,,,,,,,,,,,,,,w,move_up,,0,0
11108,370267,,,,,,,,,,,,,,,,,,,,,,w,move_up,,0,0
11109,370300,,,,,,,,,,,,,,,,,,,,,,w,move_up,,0,0
11110,370333,,,,,,,,,,,,,,,,,,,,,,w,move_up,,0,0
11111,370367,,,,,,,,,,,,,,,,,,,,,,w,move_up,,0,0
11112,370400,,,,,,,,,,,,,,,,,,,,,,w,move_up,,0,0
11113,370433,,,,,,,,,,,,,,,,,,,,,,w,move_up,,0,0
11114,370467,,,,,,,,,,,,,,,,,,,,,,w,move_up,,0,0
11115,370500,,,,,,,,,,,,,,,,,,,,,,w,move_up,,0,0
11116,370533,,,,,,,,,,,,,,,,,,,,,,e|w,interact|move_up,,0,0
11117,370567,,,,,,,,,,,,,,,,,,,,,,e|w,interact|move_up,,0,0
11118,370600,,,,,,,,,,,,,,,,,,,,,,e|w,interact|move_up,,0,0
11119,370633,,,,,,,,,,,,,,,,,,,,,,e|w,interact|move_up,,0,0
11120,370667,,,,,,,,,,,,,,,,,,,,,,w,move_up,,0,0
11121,370700,,,,,,,,,,,,,,,,,,,,,,w,move_up,,0,0
11122,370733,,,,,,,,,,,,,,,,,,,,,,w,move_up,,0,0
11123,370767,,,,,,,,,,,,,,,,,,,,,,,,,0,0
11124,370800,,,,,,,,,,,,,,,,,,,,,,,,,0,0
11125,370833,,,,,,,,,,,,,,,,,,,,,,,,,0,0
11126,370867,,,,,,,,,,,,,,,,,,,,,,,,,0,0
11127,370900,,,,,,,,,,,,,,,,,,,,,,,,,0,0
11128,370933,,,,,,,,,,,,,,,,,,,,,,e,interact,,0,0
11129,370967,,,,,,,,,,,,,,,,,,,,,,e,interact,,0,0
11130,371000,,,,,,,,,,,,,,,,,,,,,,e,interact,,0,0
11131,371033,,,,,,,,,,,,,,,,,,,,,,e,interact,,0,0
11132,371067,,,,,,,,,,,,,,,,,,,,,,,,,0,0
11133,371100,,,,,,,,,,,,,,,,,,,,,,a,move_left,,0,0
11134,371133,,,,,,,,,,,,,,,,,,,,,,a,move_left,,0,0
11135,371167,,,,,,,,,,,,,,,,,,,,,,a,move_left,,0,0
11136,371200,,,,,,,,,,,,,,,,,,,,,,a,move_left,,0,0
11137,371233,,,,,,,,,,,,,,,,,,,,,,a,move_left,,0,0
11138,371267,,,,,,,,,,,,,,,,,,,,,,a|w,move_up|move_left,,0,0
11139,371300,,,,,,,,,,,,,,,,,,,,,,a|w,move_up|move_left,,0,0
11140,371333,,,,,,,,,,,,,,,,,,,,,,a|w,move_up|move_left,,0,0
11141,371367,,,,,,,,,,,,,,,,,,,,,,a|w,move_up|move_left,,0,0
11142,371400,,,,,,,,,,,,,,,,,,,,,,w,move_up,,0,0
11143,371433,,,,,,,,,,,,,,,,,,,,,,w,move_up,,0,0
11144,371467,,,,,,,,,,,,,,,,,,,,,,w,move_up,,0,0
11145,371500,,,,,,,,,,,,,,,,,,,,,,w,move_up,,0,0
11146,371533,,,,,,,,,,,,,,,,,,,,,,w,move_up,,0,0
11147,371567,,,,,,,,,,,,,,,,,,,,,,w,move_up,,0,0
11148,371600,,,,,,,,,,,,,,,,,,,,,,w,move_up,,0,0
11149,371633,,,,,,,,,,,,,,,,,,,,,,w,move_up,,0,0
11150,371667,,,,,,,,,,,,,,,,,,,,,,w,move_up,,0,0
11151,371700,,,,,,,,,,,,,,,,,,,,,,w,move_up,,0,0
11152,371733,,,,,,,,,,,,,,,,,,,,,,w,move_up,,0,0
11153,371767,,,,,,,,,,,,,,,,,,,,,,w,move_up,,0,0
11154,371800,,,,,,,,,,,,,,,,,,,,,,w,move_up,,0,0
11155,371833,,,,,,,,,,,,,,,,,,,,,,w,move_up,,0,0
11156,371867,,,,,,,,,,,,,,,,,,,,,,w,move_up,,0,0
11157,371900,,,,,,,,,,,,,,,,,,,,,,w,move_up,,0,0
11158,371933,,,,,,,,,,,,,,,,,,,,,,w,move_up,,0,0
11159,371967,,,,,,,,,,,,,,,,,,,,,,w,move_up,,0,0
11160,372000,,,,,,,,,,,,,,,,,,,,,,w,move_up,,0,0
11161,372033,,,,,,,,,,,,,,,,,,,,,,w,move_up,,0,0
11162,372067,,,,,,,,,,,,,,,,,,,,,,w,move_up,,0,0
11163,372100,,,,,,,,,,,,,,,,,,,,,,w,move_up,,0,0
11164,372133,,,,,,,,,,,,,,,,,,,,,,w,move_up,,0,0
11165,372167,,,,,,,,,,,,,,,,,,,,,,w,move_up,,0,0
11166,372200,,,,,,,,,,,,,,,,,,,,,,w,move_up,,0,0
11167,372233,,,,,,,,,,,,,,,,,,,,,,d|w,move_up|move_right,,0,0
11168,372267,,,,,,,,,,,,,,,,,,,,,,d|w,move_up|move_right,,0,0
11169,372300,,,,,,,,,,,,,,,,,,,,,,d|w,move_up|move_right,,0,0
11170,372333,,,,,,,,,,,,,,,,,,,,,,d|w,move_up|move_right,,0,0
11171,372367,,,,,,,,,,,,,,,,,,,,,,d|w,move_up|move_right,,0,0
11172,372400,,,,,,,,,,,,,,,,,,,,,,d|w,move_up|move_right,,0,0
11173,372433,,,,,,,,,,,,,,,,,,,,,,d|w,move_up|move_right,,0,0
11174,372467,,,,,,,,,,,,,,,,,,,,,,w,move_up,,0,0
11175,372500,,,,,,,,,,,,,,,,,,,,,,w,move_up,,0,0
11176,372533,,,,,,,,,,,,,,,,,,,,,,w,move_up,,0,0
11177,372567,,,,,,,,,,,,,,,,,,,,,,w,move_up,,0,0
11178,372600,,,,,,,,,,,,,,,,,,,,,,w,move_up,,0,0
11179,372633,,,,,,,,,,,,,,,,,,,,,,,,,0,0
11180,372667,,,,,,,,,,,,,,,,,,,,,,,,,0,0
11181,372700,,,,,,,,,,,,,,,,,,,,,,,,,0,0
11182,372733,,,,,,,,,,,,,,,,,,,,,,,,,0,0
11183,372767,,,,,,,,,,,,,,,,,,,,,,,,,0,0
11184,372800,,,,,,,,,,,,,,,,,,,,,,,,,0,0
11185,372833,,,,,,,,,,,,,,,,,,,,,,,,,0,0
11186,372867,,,,,,,,,,,,,,,,,,,,,,,,,0,0
11187,372900,,,,,,,,,,,,,,,,,,,,,,,,,0,0
11188,372933,,,,,,,,,,,,,,,,,,,,,,,,,0,0
11189,372967,,,,,,,,,,,,,,,,,,,,,,,,,0,0
11190,373000,,,,,,,,,,,,,,,,,,,,,,,,,0,0
11191,373033,,,,,,,,,,,,,,,,,,,,,,s,move_down,,0,0
11192,373067,,,,,,,,,,,,,,,,,,,,,,s,move_down,,0,0
11193,373100,,,,,,,,,,,,,,,,,,,,,,s,move_down,,0,0
11194,373133,,,,,,,,,,,,,,,,,,,,,,s,move_down,,0,0
11195,373167,,,,,,,,,,,,,,,,,,,,,,s,move_down,,0,0
11196,373200,,,,,,,,,,,,,,,,,,,,,,s,move_down,,0,0
11197,373233,,,,,,,,,,,,,,,,,,,,,,s,move_down,,0,0
11198,373267,,,,,,,,,,,,,,,,,,,,,,s,move_down,,0,0
11199,373300,,,,,,,,,,,,,,,,,,,,,,s,move_down,,0,0
11200,373333,,,,,,,,,,,,,,,,,,,,,,,,,0,0
11201,373367,,,,,,,,,,,,,,,,,,,,,,a,move_left,,0,0
11202,373400,,,,,,,,,,,,,,,,,,,,,,a,move_left,,0,0
11203,373433,,,,,,,,,,,,,,,,,,,,,,a,move_left,,0,0
11204,373467,,,,,,,,,,,,,,,,,,,,,,,,,0,0
11205,373500,,,,,,,,,,,,,,,,,,,,,,s,move_down,,0,0
11206,373533,,,,,,,,,,,,,,,,,,,,,,a|s,move_left|move_down,,0,0
11207,373567,,,,,,,,,,,,,,,,,,,,,,a|s,move_left|move_down,,0,0
11208,373600,,,,,,,,,,,,,,,,,,,,,,a|s,move_left|move_down,,0,0
11209,373633,,,,,,,,,,,,,,,,,,,,,,a|s,move_left|move_down,,0,0
11210,373667,,,,,,,,,,,,,,,,,,,,,,a|s,move_left|move_down,,0,0
11211,373700,,,,,,,,,,,,,,,,,,,,,,a|s,move_left|move_down,,0,0
11212,373733,,,,,,,,,,,,,,,,,,,,,,a|s,move_left|move_down,,0,0
11213,373767,,,,,,,,,,,,,,,,,,,,,,a,move_left,,0,0
11214,373800,,,,,,,,,,,,,,,,,,,,,,a,move_left,,0,0
11215,373833,,,,,,,,,,,,,,,,,,,,,,a,move_left,,0,0
11216,373867,,,,,,,,,,,,,,,,,,,,,,,,,0,0
11217,373900,,,,,,,,,,,,,,,,,,,,,,,,,0,0
11218,373933,,,,,,,,,,,,,,,,,,,,,,,,,0,0
11219,373967,,,,,,,,,,,,,,,,,,,,,,,,,0,0
11220,374000,,,,,,,,,,,,,,,,,,,,,,,,,0,0
11221,374033,,,,,,,,,,,,,,,,,,,,,,,,,0,0
11222,374067,,,,,,,,,,,,,,,,,,,,,,,,,0,0
11223,374100,,,,,,,,,,,,,,,,,,,,,,,,,0,0
11224,374133,,,,,,,,,,,,,,,,,,,,,,,,,0,0
11225,374167,,,,,,,,,,,,,,,,,,,,,,,,,0,0
11226,374200,,,,,,,,,,,,,,,,,,,,,,,,,0,0
11227,374233,,,,,,,,,,,,,,,,,,,,,,,,,0,0
11228,374267,,,,,,,,,,,,,,,,,,,,,,,,,0,0
11229,374300,,,,,,,,,,,,,,,,,,,,,,,,,0,0
11230,374333,,,,,,,,,,,,,,,,,,,,,,,,,0,0
11231,374367,,,,,,,,,,,,,,,,,,,,,,,,,0,0
11232,374400,,,,,,,,,,,,,,,,,,,,,,,,,0,0
11233,374433,,,,,,,,,,,,,,,,,,,,,,,,,0,0
11234,374467,,,,,,,,,,,,,,,,,,,,,,,,,0,0
11235,374500,,,,,,,,,,,,,,,,,,,,,,,,,0,0
11236,374533,,,,,,,,,,,,,,,,,,,,,,,,,0,0
11237,374567,,,,,,,,,,,,,,,,,,,,,,,,,0,0
11238,374600,,,,,,,,,,,,,,,,,,,,,,,,,0,0
11239,374633,,,,,,,,,,,,,,,,,,,,,,,,,0,0
11240,374667,,,,,,,,,,,,,,,,,,,,,,,,,0,0
11241,374700,,,,,,,,,,,,,,,,,,,,,,,,,0,0
11242,374733,,,,,,,,,,,,,,,,,,,,,,,,,0,0
11243,374767,,,,,,,,,,,,,,,,,,,,,,,,,0,0
11244,374800,,,,,,,,,,,,,,,,,,,,,,,,,0,0
11245,374833,,,,,,,,,,,,,,,,,,,,,,,,,0,0
11246,374867,,,,,,,,,,,,,,,,,,,,,,,,,0,0
11247,374900,,,,,,,,,,,,,,,,,,,,,,,,,0,0
11248,374933,,,,,,,,,,,,,,,,,,,,,,,,,0,0
11249,374967,,,,,,,,,,,,,,,,,,,,,,,,,0,0
11250,375000,,,,,,,,,,,,,,,,,,,,,,,,,0,0
11251,375033,,,,,,,,,,,,,,,,,,,,,,,,,0,0
11252,375067,,,,,,,,,,,,,,,,,,,,,,,,,0,0
11253,375100,,,,,,,,,,,,,,,,,,,,,,,,,0,0
11254,375133,,,,,,,,,,,,,,,,,,,,,,,,,0,0
11255,375167,,,,,,,,,,,,,,,,,,,,,,,,,0,0
11256,375200,,,,,,,,,,,,,,,,,,,,,,,,,0,0
11257,375233,,,,,,,,,,,,,,,,,,,,,,,,,0,0
11258,375267,,,,,,,,,,,,,,,,,,,,,,,,,0,0
11259,375300,,,,,,,,,,,,,,,,,,,,,,w,move_up,,0,0
11260,375333,,,,,,,,,,,,,,,,,,,,,,w,move_up,,0,0
11261,375367,,,,,,,,,,,,,,,,,,,,,,w,move_up,,0,0
11262,375400,,,,,,,,,,,,,,,,,,,,,,w,move_up,,0,0
11263,375433,,,,,,,,,,,,,,,,,,,,,,w,move_up,,0,0
11264,375467,,,,,,,,,,,,,,,,,,,,,,w,move_up,,0,0
11265,375500,,,,,,,,,,,,,,,,,,,,,,w,move_up,,0,0
11266,375533,,,,,,,,,,,,,,,,,,,,,,w,move_up,,0,0
11267,375567,,,,,,,,,,,,,,,,,,,,,,w,move_up,,0,0
11268,375600,,,,,,,,,,,,,,,,,,,,,,w,move_up,,0,0
11269,375633,,,,,,,,,,,,,,,,,,,,,,d|w,move_up|move_right,,0,0
11270,375667,,,,,,,,,,,,,,,,,,,,,,d|w,move_up|move_right,,0,0
11271,375700,,,,,,,,,,,,,,,,,,,,,,d|w,move_up|move_right,,0,0
11272,375733,,,,,,,,,,,,,,,,,,,,,,d|w,move_up|move_right,,0,0
11273,375767,,,,,,,,,,,,,,,,,,,,,,d|w,move_up|move_right,,0,0
11274,375800,,,,,,,,,,,,,,,,,,,,,,d|w,move_up|move_right,,0,0
11275,375833,,,,,,,,,,,,,,,,,,,,,,w,move_up,,0,0
11276,375867,,,,,,,,,,,,,,,,,,,,,,w,move_up,,0,0
11277,375900,,,,,,,,,,,,,,,,,,,,,,,,,0,0
11278,375933,,,,,,,,,,,,,,,,,,,,,,,,,0,0
11279,375967,,,,,,,,,,,,,,,,,,,,,,,,,0,0
11280,376000,,,,,,,,,,,,,,,,,,,,,,,,,0,0
11281,376033,,,,,,,,,,,,,,,,,,,,,,,,,0,0
11282,376067,,,,,,,,,,,,,,,,,,,,,,,,,0,0
11283,376100,,,,,,,,,,,,,,,,,,,,,,,,,0,0
11284,376133,,,,,,,,,,,,,,,,,,,,,,,,,0,0
11285,376167,,,,,,,,,,,,,,,,,,,,,,,,,0,0
11286,376200,,,,,,,,,,,,,,,,,,,,,,,,,0,0
11287,376233,,,,,,,,,,,,,,,,,,,,,,,,,0,0
11288,376267,,,,,,,,,,,,,,,,,,,,,,,,,0,0
11289,376300,,,,,,,,,,,,,,,,,,,,,,,,,0,0
11290,376333,,,,,,,,,,,,,,,,,,,,,,,,,0,0
11291,376367,,,,,,,,,,,,,,,,,,,,,,,,,0,0
11292,376400,,,,,,,,,,,,,,,,,,,,,,,,,0,0
11293,376433,,,,,,,,,,,,,,,,,,,,,,,,,0,0
11294,376467,,,,,,,,,,,,,,,,,,,,,,,,,0,0
11295,376500,,,,,,,,,,,,,,,,,,,,,,,,,0,0
11296,376533,,,,,,,,,,,,,,,,,,,,,,,,,0,0
11297,376567,,,,,,,,,,,,,,,,,,,,,,,,,0,0
11298,376600,,,,,,,,,,,,,,,,,,,,,,,,,0,0
11299,376633,,,,,,,,,,,,,,,,,,,,,,,,,0,0
11300,376667,,,,,,,,,,,,,,,,,,,,,,,,,0,0
11301,376700,,,,,,,,,,,,,,,,,,,,,,,,,0,0
11302,376733,,,,,,,,,,,,,,,,,,,,,,,,,0,0
11303,376767,,,,,,,,,,,,,,,,,,,,,,,,,0,0
11304,376800,,,,,,,,,,,,,,,,,,,,,,,,,0,0
11305,376833,,,,,,,,,,,,,,,,,,,,,,,,,0,0
11306,376867,,,,,,,,,,,,,,,,,,,,,,,,,0,0
11307,376900,,,,,,,,,,,,,,,,,,,,,,,,,0,0
11308,376933,,,,,,,,,,,,,,,,,,,,,,,,,0,0
11309,376967,,,,,,,,,,,,,,,,,,,,,,,,,0,0
11310,377000,,,,,,,,,,,,,,,,,,,,,,,,,0,0
11311,377033,,,,,,,,,,,,,,,,,,,,,,,,,0,0
11312,377067,,,,,,,,,,,,,,,,,,,,,,w,move_up,,0,0
11313,377100,,,,,,,,,,,,,,,,,,,,,,w,move_up,,0,0
11314,377133,,,,,,,,,,,,,,,,,,,,,,w,move_up,,0,0
11315,377167,,,,,,,,,,,,,,,,,,,,,,w,move_up,,0,0
11316,377200,,,,,,,,,,,,,,,,,,,,,,w,move_up,,0,0
11317,377233,,,,,,,,,,,,,,,,,,,,,,w,move_up,,0,0
11318,377267,,,,,,,,,,,,,,,,,,,,,,w,move_up,,0,0
11319,377300,,,,,,,,,,,,,,,,,,,,,,w,move_up,,0,0
11320,377333,,,,,,,,,,,,,,,,,,,,,,w,move_up,,0,0
11321,377367,,,,,,,,,,,,,,,,,,,,,,w,move_up,,0,0
11322,377400,,,,,,,,,,,,,,,,,,,,,,w,move_up,,0,0
11323,377433,,,,,,,,,,,,,,,,,,,,,,w,move_up,,0,0
11324,377467,,,,,,,,,,,,,,,,,,,,,,d|w,move_up|move_right,,0,0
11325,377500,,,,,,,,,,,,,,,,,,,,,,d|w,move_up|move_right,,0,0
11326,377533,,,,,,,,,,,,,,,,,,,,,,d|w,move_up|move_right,,0,0
11327,377567,,,,,,,,,,,,,,,,,,,,,,d|w,move_up|move_right,,0,0
11328,377600,,,,,,,,,,,,,,,,,,,,,,w,move_up,,0,0
11329,377633,,,,,,,,,,,,,,,,,,,,,,w,move_up,,0,0
11330,377667,,,,,,,,,,,,,,,,,,,,,,w,move_up,,0,0
11331,377700,,,,,,,,,,,,,,,,,,,,,,w,move_up,,0,0
11332,377733,,,,,,,,,,,,,,,,,,,,,,w,move_up,,0,0
11333,377767,,,,,,,,,,,,,,,,,,,,,,w,move_up,,0,0
11334,377800,,,,,,,,,,,,,,,,,,,,,,d|w,move_up|move_right,,0,0
11335,377833,,,,,,,,,,,,,,,,,,,,,,d|w,move_up|move_right,,0,0
11336,377867,,,,,,,,,,,,,,,,,,,,,,d|w,move_up|move_right,,0,0
11337,377900,,,,,,,,,,,,,,,,,,,,,,d|w,move_up|move_right,,0,0
11338,377933,,,,,,,,,,,,,,,,,,,,,,d|w,move_up|move_right,,0,0
11339,377967,,,,,,,,,,,,,,,,,,,,,,d|w,move_up|move_right,,0,0
11340,378000,,,,,,,,,,,,,,,,,,,,,,d|w,move_up|move_right,,0,0
11341,378033,,,,,,,,,,,,,,,,,,,,,,d|w,move_up|move_right,,0,0
11342,378067,,,,,,,,,,,,,,,,,,,,,,d|w,move_up|move_right,,0,0
11343,378100,,,,,,,,,,,,,,,,,,,,,,d|w,move_up|move_right,,0,0
11344,378133,,,,,,,,,,,,,,,,,,,,,,w,move_up,,0,0
11345,378167,,,,,,,,,,,,,,,,,,,,,,w,move_up,,0,0
11346,378200,,,,,,,,,,,,,,,,,,,,,,w,move_up,,0,0
11347,378233,,,,,,,,,,,,,,,,,,,,,,w,move_up,,0,0
11348,378267,,,,,,,,,,,,,,,,,,,,,,w,move_up,,0,0
11349,378300,,,,,,,,,,,,,,,,,,,,,,w,move_up,,0,0
11350,378333,,,,,,,,,,,,,,,,,,,,,,w,move_up,,0,0
11351,378367,,,,,,,,,,,,,,,,,,,,,,a|w,move_up|move_left,,0,0
11352,378400,,,,,,,,,,,,,,,,,,,,,,a|w,move_up|move_left,,0,0
11353,378433,,,,,,,,,,,,,,,,,,,,,,a|w,move_up|move_left,,0,0
11354,378467,,,,,,,,,,,,,,,,,,,,,,a|w,move_up|move_left,,0,0
11355,378500,,,,,,,,,,,,,,,,,,,,,,a|w,move_up|move_left,,0,0
11356,378533,,,,,,,,,,,,,,,,,,,,,,a|w,move_up|move_left,,0,0
11357,378567,,,,,,,,,,,,,,,,,,,,,,a|w,move_up|move_left,,0,0
11358,378600,,,,,,,,,,,,,,,,,,,,,,a|w,move_up|move_left,,0,0
11359,378633,,,,,,,,,,,,,,,,,,,,,,a|w,move_up|move_left,,0,0
11360,378667,,,,,,,,,,,,,,,,,,,,,,a|w,move_up|move_left,,0,0
11361,378700,,,,,,,,,,,,,,,,,,,,,,a|w,move_up|move_left,,0,0
11362,378733,,,,,,,,,,,,,,,,,,,,,,a|w,move_up|move_left,,0,0
11363,378767,,,,,,,,,,,,,,,,,,,,,,a|w,move_up|move_left,,0,0
11364,378800,,,,,,,,,,,,,,,,,,,,,,a|w,move_up|move_left,,0,0
11365,378833,,,,,,,,,,,,,,,,,,,,,,a|w,move_up|move_left,,0,0
11366,378867,,,,,,,,,,,,,,,,,,,,,,a|w,move_up|move_left,,0,0
11367,378900,,,,,,,,,,,,,,,,,,,,,,a|w,move_up|move_left,,0,0
11368,378933,,,,,,,,,,,,,,,,,,,,,,a|w,move_up|move_left,,0,0
11369,378967,,,,,,,,,,,,,,,,,,,,,,a|w,move_up|move_left,,0,0
11370,379000,,,,,,,,,,,,,,,,,,,,,,a|w,move_up|move_left,,0,0
11371,379033,,,,,,,,,,,,,,,,,,,,,,a|w,move_up|move_left,,0,0
11372,379067,,,,,,,,,,,,,,,,,,,,,,w,move_up,,0,0
11373,379100,,,,,,,,,,,,,,,,,,,,,,w,move_up,,0,0
11374,379133,,,,,,,,,,,,,,,,,,,,,,w,move_up,,0,0
11375,379167,,,,,,,,,,,,,,,,,,,,,,w,move_up,,0,0
11376,379200,,,,,,,,,,,,,,,,,,,,,,w,move_up,,0,0
11377,379233,,,,,,,,,,,,,,,,,,,,,,w,move_up,,0,0
11378,379267,,,,,,,,,,,,,,,,,,,,,,w,move_up,,0,0
11379,379300,,,,,,,,,,,,,,,,,,,,,,w,move_up,,0,0
11380,379333,,,,,,,,,,,,,,,,,,,,,,w,move_up,,0,0
11381,379367,,,,,,,,,,,,,,,,,,,,,,w,move_up,,0,0
11382,379400,,,,,,,,,,,,,,,,,,,,,,w,move_up,,0,0
11383,379433,,,,,,,,,,,,,,,,,,,,,,w,move_up,,0,0
11384,379467,,,,,,,,,,,,,,,,,,,,,,w,move_up,,0,0
11385,379500,,,,,,,,,,,,,,,,,,,,,,w,move_up,,0,0
11386,379533,,,,,,,,,,,,,,,,,,,,,,w,move_up,,0,0
11387,379567,,,,,,,,,,,,,,,,,,,,,,w,move_up,,0,0
11388,379600,,,,,,,,,,,,,,,,,,,,,,w,move_up,,0,0
11389,379633,,,,,,,,,,,,,,,,,,,,,,w,move_up,,0,0
11390,379667,,,,,,,,,,,,,,,,,,,,,,w,move_up,,0,0
11391,379700,,,,,,,,,,,,,,,,,,,,,,w,move_up,,0,0
11392,379733,,,,,,,,,,,,,,,,,,,,,,w,move_up,,0,0
11393,379767,,,,,,,,,,,,,,,,,,,,,,w,move_up,,0,0
11394,379800,,,,,,,,,,,,,,,,,,,,,,d|w,move_up|move_right,,0,0
11395,379833,,,,,,,,,,,,,,,,,,,,,,d|w,move_up|move_right,,0,0
11396,379867,,,,,,,,,,,,,,,,,,,,,,d|w,move_up|move_right,,0,0
11397,379900,,,,,,,,,,,,,,,,,,,,,,d|w,move_up|move_right,,0,0
11398,379933,,,,,,,,,,,,,,,,,,,,,,d|w,move_up|move_right,,0,0
11399,379967,,,,,,,,,,,,,,,,,,,,,,d|w,move_up|move_right,,0,0
11400,380000,,,,,,,,,,,,,,,,,,,,,,d|w,move_up|move_right,,0,0
11401,380033,,,,,,,,,,,,,,,,,,,,,,d|w,move_up|move_right,,0,0
11402,380067,,,,,,,,,,,,,,,,,,,,,,d|w,move_up|move_right,,0,0
11403,380100,,,,,,,,,,,,,,,,,,,,,,d|w,move_up|move_right,,0,0
11404,380133,,,,,,,,,,,,,,,,,,,,,,d,move_right,,0,0
11405,380167,,,,,,,,,,,,,,,,,,,,,,d,move_right,,0,0
11406,380200,,,,,,,,,,,,,,,,,,,,,,d,move_right,,0,0
11407,380233,,,,,,,,,,,,,,,,,,,,,,d,move_right,,0,0
11408,380267,,,,,,,,,,,,,,,,,,,,,,d,move_right,,0,0
11409,380300,,,,,,,,,,,,,,,,,,,,,,d,move_right,,0,0
11410,380333,,,,,,,,,,,,,,,,,,,,,,d|w,move_up|move_right,,0,0
11411,380367,,,,,,,,,,,,,,,,,,,,,,d|w,move_up|move_right,,0,0
11412,380400,,,,,,,,,,,,,,,,,,,,,,d|w,move_up|move_right,,0,0
11413,380433,,,,,,,,,,,,,,,,,,,,,,d|w,move_up|move_right,,0,0
11414,380467,,,,,,,,,,,,,,,,,,,,,,d|w,move_up|move_right,,0,0
11415,380500,,,,,,,,,,,,,,,,,,,,,,d|w,move_up|move_right,,0,0
11416,380533,,,,,,,,,,,,,,,,,,,,,,d|w,move_up|move_right,,0,0
11417,380567,,,,,,,,,,,,,,,,,,,,,,,,,0,0
11418,380600,,,,,,,,,,,,,,,,,,,,,,,,,0,0
11419,380633,,,,,,,,,,,,,,,,,,,,,,,,,0,0
11420,380667,,,,,,,,,,,,,,,,,,,,,,,,,0,0
11421,380700,,,,,,,,,,,,,,,,,,,,,,,,,0,0
11422,380733,,,,,,,,,,,,,,,,,,,,,,,,,0,0
11423,380767,,,,,,,,,,,,,,,,,,,,,,,,,0,0
11424,380800,,,,,,,,,,,,,,,,,,,,,,,,,0,0
11425,380833,,,,,,,,,,,,,,,,,,,,,,w,move_up,,0,0
11426,380867,,,,,,,,,,,,,,,,,,,,,,d|w,move_up|move_right,,0,0
11427,380900,,,,,,,,,,,,,,,,,,,,,,d|w,move_up|move_right,,0,0
11428,380933,,,,,,,,,,,,,,,,,,,,,,d|w,move_up|move_right,,0,0
11429,380967,,,,,,,,,,,,,,,,,,,,,,d|w,move_up|move_right,,0,0
11430,381000,,,,,,,,,,,,,,,,,,,,,,d|w,move_up|move_right,,0,0
11431,381033,,,,,,,,,,,,,,,,,,,,,,d|w,move_up|move_right,,0,0
11432,381067,,,,,,,,,,,,,,,,,,,,,,d|w,move_up|move_right,,0,0
11433,381100,,,,,,,,,,,,,,,,,,,,,,d|w,move_up|move_right,,0,0
11434,381133,,,,,,,,,,,,,,,,,,,,,,d|w,move_up|move_right,,0,0
11435,381167,,,,,,,,,,,,,,,,,,,,,,d|w,move_up|move_right,,0,0
11436,381200,,,,,,,,,,,,,,,,,,,,,,d|w,move_up|move_right,,0,0
11437,381233,,,,,,,,,,,,,,,,,,,,,,d|w,move_up|move_right,,0,0
11438,381267,,,,,,,,,,,,,,,,,,,,,,d|w,move_up|move_right,,0,0
11439,381300,,,,,,,,,,,,,,,,,,,,,,d|w,move_up|move_right,,0,0
11440,381333,,,,,,,,,,,,,,,,,,,,,,d|w,move_up|move_right,,0,0
11441,381367,,,,,,,,,,,,,,,,,,,,,,d,move_right,,0,0
11442,381400,,,,,,,,,,,,,,,,,,,,,,,,,0,0
11443,381433,,,,,,,,,,,,,,,,,,,,,,,,,0,0
11444,381467,,,,,,,,,,,,,,,,,,,,,,,,,0,0
11445,381500,,,,,,,,,,,,,,,,,,,,,,,,,0,0
11446,381533,,,,,,,,,,,,,,,,,,,,,,,,,0,0
11447,381567,,,,,,,,,,,,,,,,,,,,,,,,,0,0
11448,381600,,,,,,,,,,,,,,,,,,,,,,,,,0,0
11449,381633,,,,,,,,,,,,,,,,,,,,,,,,,0,0
11450,381667,,,,,,,,,,,,,,,,,,,,,,d,move_right,,0,0
11451,381700,,,,,,,,,,,,,,,,,,,,,,d,move_right,,0,0
11452,381733,,,,,,,,,,,,,,,,,,,,,,d,move_right,,0,0
11453,381767,,,,,,,,,,,,,,,,,,,,,,d|w,move_up|move_right,,0,0
11454,381800,,,,,,,,,,,,,,,,,,,,,,d|w,move_up|move_right,,0,0
11455,381833,,,,,,,,,,,,,,,,,,,,,,d|w,move_up|move_right,,0,0
11456,381867,,,,,,,,,,,,,,,,,,,,,,d|w,move_up|move_right,,0,0
11457,381900,,,,,,,,,,,,,,,,,,,,,,d|w,move_up|move_right,,0,0
11458,381933,,,,,,,,,,,,,,,,,,,,,,d|w,move_up|move_right,,0,0
11459,381967,,,,,,,,,,,,,,,,,,,,,,d|w,move_up|move_right,,0,0
11460,382000,,,,,,,,,,,,,,,,,,,,,,d|w,move_up|move_right,,0,0
11461,382033,,,,,,,,,,,,,,,,,,,,,,d|w,move_up|move_right,,0,0
11462,382067,,,,,,,,,,,,,,,,,,,,,,d|w,move_up|move_right,,0,0
11463,382100,,,,,,,,,,,,,,,,,,,,,,d|w,move_up|move_right,,0,0
11464,382133,,,,,,,,,,,,,,,,,,,,,,d|w,move_up|move_right,,0,0
11465,382167,,,,,,,,,,,,,,,,,,,,,,w,move_up,,0,0
11466,382200,,,,,,,,,,,,,,,,,,,,,,w,move_up,,0,0
11467,382233,,,,,,,,,,,,,,,,,,,,,,w,move_up,,0,0
11468,382267,,,,,,,,,,,,,,,,,,,,,,w,move_up,,0,0
11469,382300,,,,,,,,,,,,,,,,,,,,,,w,move_up,,0,0
11470,382333,,,,,,,,,,,,,,,,,,,,,,w,move_up,,0,0
11471,382367,,,,,,,,,,,,,,,,,,,,,,w,move_up,,0,0
11472,382400,,,,,,,,,,,,,,,,,,,,,,w,move_up,,0,0
11473,382433,,,,,,,,,,,,,,,,,,,,,,w,move_up,,0,0
11474,382467,,,,,,,,,,,,,,,,,,,,,,w,move_up,,0,0
11475,382500,,,,,,,,,,,,,,,,,,,,,,w,move_up,,0,0
11476,382533,,,,,,,,,,,,,,,,,,,,,,w,move_up,,0,0
11477,382567,,,,,,,,,,,,,,,,,,,,,,w,move_up,,0,0
11478,382600,,,,,,,,,,,,,,,,,,,,,,a|w,move_up|move_left,,0,0
11479,382633,,,,,,,,,,,,,,,,,,,,,,a|w,move_up|move_left,,0,0
11480,382667,,,,,,,,,,,,,,,,,,,,,,a|w,move_up|move_left,,0,0
11481,382700,,,,,,,,,,,,,,,,,,,,,,a|w,move_up|move_left,,0,0
11482,382733,,,,,,,,,,,,,,,,,,,,,,a|w,move_up|move_left,,0,0
11483,382767,,,,,,,,,,,,,,,,,,,,,,a|w,move_up|move_left,,0,0
11484,382800,,,,,,,,,,,,,,,,,,,,,,w,move_up,,0,0
11485,382833,,,,,,,,,,,,,,,,,,,,,,w,move_up,,0,0
11486,382867,,,,,,,,,,,,,,,,,,,,,,w,move_up,,0,0
11487,382900,,,,,,,,,,,,,,,,,,,,,,d|w,move_up|move_right,,0,0
11488,382933,,,,,,,,,,,,,,,,,,,,,,d|w,move_up|move_right,,0,0
11489,382967,,,,,,,,,,,,,,,,,,,,,,d|w,move_up|move_right,,0,0
11490,383000,,,,,,,,,,,,,,,,,,,,,,d|w,move_up|move_right,,0,0
11491,383033,,,,,,,,,,,,,,,,,,,,,,d|w,move_up|move_right,,0,0
11492,383067,,,,,,,,,,,,,,,,,,,,,,d|w,move_up|move_right,,0,0
11493,383100,,,,,,,,,,,,,,,,,,,,,,w,move_up,,0,0
11494,383133,,,,,,,,,,,,,,,,,,,,,,w,move_up,,0,0
11495,383167,,,,,,,,,,,,,,,,,,,,,,w,move_up,,0,0
11496,383200,,,,,,,,,,,,,,,,,,,,,,w,move_up,,0,0
11497,383233,,,,,,,,,,,,,,,,,,,,,,w,move_up,,0,0
11498,383267,,,,,,,,,,,,,,,,,,,,,,w,move_up,,0,0
11499,383300,,,,,,,,,,,,,,,,,,,,,,w,move_up,,0,0
11500,383333,,,,,,,,,,,,,,,,,,,,,,w,move_up,,0,0
11501,383367,,,,,,,,,,,,,,,,,,,,,,w,move_up,,0,0
11502,383400,,,,,,,,,,,,,,,,,,,,,,a|w,move_up|move_left,,0,0
11503,383433,,,,,,,,,,,,,,,,,,,,,,a|w,move_up|move_left,,0,0
11504,383467,,,,,,,,,,,,,,,,,,,,,,a|w,move_up|move_left,,0,0
11505,383500,,,,,,,,,,,,,,,,,,,,,,a|w,move_up|move_left,,0,0
11506,383533,,,,,,,,,,,,,,,,,,,,,,a|w,move_up|move_left,,0,0
11507,383567,,,,,,,,,,,,,,,,,,,,,,a|w,move_up|move_left,,0,0
11508,383600,,,,,,,,,,,,,,,,,,,,,,a|w,move_up|move_left,,0,0
11509,383633,,,,,,,,,,,,,,,,,,,,,,a|w,move_up|move_left,,0,0
11510,383667,,,,,,,,,,,,,,,,,,,,,,a|w,move_up|move_left,,0,0
11511,383700,,,,,,,,,,,,,,,,,,,,,,a|w,move_up|move_left,,0,0
11512,383733,,,,,,,,,,,,,,,,,,,,,,a|w,move_up|move_left,,0,0
11513,383767,,,,,,,,,,,,,,,,,,,,,,a|w,move_up|move_left,,0,0
11514,383800,,,,,,,,,,,,,,,,,,,,,,a|w,move_up|move_left,,0,0
11515,383833,,,,,,,,,,,,,,,,,,,,,,a|w,move_up|move_left,,0,0
11516,383867,,,,,,,,,,,,,,,,,,,,,,a,move_left,,0,0
11517,383900,,,,,,,,,,,,,,,,,,,,,,a,move_left,,0,0
11518,383933,,,,,,,,,,,,,,,,,,,,,,a,move_left,,0,0
11519,383967,,,,,,,,,,,,,,,,,,,,,,a,move_left,,0,0
11520,384000,,,,,,,,,,,,,,,,,,,,,,a,move_left,,0,0
11521,384033,,,,,,,,,,,,,,,,,,,,,,a,move_left,,0,0
11522,384067,,,,,,,,,,,,,,,,,,,,,,a,move_left,,0,0
11523,384100,,,,,,,,,,,,,,,,,,,,,,a|w,move_up|move_left,,0,0
11524,384133,,,,,,,,,,,,,,,,,,,,,,a|w,move_up|move_left,,0,0
11525,384167,,,,,,,,,,,,,,,,,,,,,,a|w,move_up|move_left,,0,0
11526,384200,,,,,,,,,,,,,,,,,,,,,,a|w,move_up|move_left,,0,0
11527,384233,,,,,,,,,,,,,,,,,,,,,,a|w,move_up|move_left,,0,0
11528,384267,,,,,,,,,,,,,,,,,,,,,,a|w,move_up|move_left,,0,0
11529,384300,,,,,,,,,,,,,,,,,,,,,,a,move_left,,0,0
11530,384333,,,,,,,,,,,,,,,,,,,,,,a|w,move_up|move_left,,0,0
11531,384367,,,,,,,,,,,,,,,,,,,,,,a|w,move_up|move_left,,0,0
11532,384400,,,,,,,,,,,,,,,,,,,,,,a|w,move_up|move_left,,0,0
11533,384433,,,,,,,,,,,,,,,,,,,,,,a|w,move_up|move_left,,0,0
11534,384467,,,,,,,,,,,,,,,,,,,,,,w,move_up,,0,0
11535,384500,,,,,,,,,,,,,,,,,,,,,,w,move_up,,0,0
11536,384533,,,,,,,,,,,,,,,,,,,,,,a|w,move_up|move_left,,0,0
11537,384567,,,,,,,,,,,,,,,,,,,,,,a|w,move_up|move_left,,0,0
11538,384600,,,,,,,,,,,,,,,,,,,,,,a|w,move_up|move_left,,0,0
11539,384633,,,,,,,,,,,,,,,,,,,,,,w,move_up,,0,0
11540,384667,,,,,,,,,,,,,,,,,,,,,,w,move_up,,0,0
11541,384700,,,,,,,,,,,,,,,,,,,,,,d|w,move_up|move_right,,0,0
11542,384733,,,,,,,,,,,,,,,,,,,,,,d|w,move_up|move_right,,0,0
11543,384767,,,,,,,,,,,,,,,,,,,,,,d|w,move_up|move_right,,0,0
11544,384800,,,,,,,,,,,,,,,,,,,,,,d|w,move_up|move_right,,0,0
11545,384833,,,,,,,,,,,,,,,,,,,,,,d|w,move_up|move_right,,0,0
11546,384867,,,,,,,,,,,,,,,,,,,,,,w,move_up,,0,0
11547,384900,,,,,,,,,,,,,,,,,,,,,,w,move_up,,0,0
11548,384933,,,,,,,,,,,,,,,,,,,,,,w,move_up,,0,0
11549,384967,,,,,,,,,,,,,,,,,,,,,,w,move_up,,0,0
11550,385000,,,,,,,,,,,,,,,,,,,,,,w,move_up,,0,0
11551,385033,,,,,,,,,,,,,,,,,,,,,,w,move_up,,0,0
11552,385067,,,,,,,,,,,,,,,,,,,,,,w,move_up,,0,0
11553,385100,,,,,,,,,,,,,,,,,,,,,,w,move_up,,0,0
11554,385133,,,,,,,,,,,,,,,,,,,,,,w,move_up,,0,0
11555,385167,,,,,,,,,,,,,,,,,,,,,,w,move_up,,0,0
11556,385200,,,,,,,,,,,,,,,,,,,,,,w,move_up,,0,0
11557,385233,,,,,,,,,,,,,,,,,,,,,,w,move_up,,0,0
11558,385267,,,,,,,,,,,,,,,,,,,,,,w,move_up,,0,0
11559,385300,,,,,,,,,,,,,,,,,,,,,,w,move_up,,0,0
11560,385333,,,,,,,,,,,,,,,,,,,,,,w,move_up,,0,0
11561,385367,,,,,,,,,,,,,,,,,,,,,,w,move_up,,0,0
11562,385400,,,,,,,,,,,,,,,,,,,,,,w,move_up,,0,0
11563,385433,,,,,,,,,,,,,,,,,,,,,,w,move_up,,0,0
11564,385467,,,,,,,,,,,,,,,,,,,,,,w,move_up,,0,0
11565,385500,,,,,,,,,,,,,,,,,,,,,,w,move_up,,0,0
11566,385533,,,,,,,,,,,,,,,,,,,,,,w,move_up,,0,0
11567,385567,,,,,,,,,,,,,,,,,,,,,,w,move_up,,0,0
11568,385600,,,,,,,,,,,,,,,,,,,,,,w,move_up,,0,0
11569,385633,,,,,,,,,,,,,,,,,,,,,,w,move_up,,0,0
11570,385667,,,,,,,,,,,,,,,,,,,,,,w,move_up,,0,0
11571,385700,,,,,,,,,,,,,,,,,,,,,,w,move_up,,0,0
11572,385733,,,,,,,,,,,,,,,,,,,,,,w,move_up,,0,0
11573,385767,,,,,,,,,,,,,,,,,,,,,,w,move_up,,0,0
11574,385800,,,,,,,,,,,,,,,,,,,,,,w,move_up,,0,0
11575,385833,,,,,,,,,,,,,,,,,,,,,,w,move_up,,0,0
11576,385867,,,,,,,,,,,,,,,,,,,,,,w,move_up,,0,0
11577,385900,,,,,,,,,,,,,,,,,,,,,,a|w,move_up|move_left,,0,0
11578,385933,,,,,,,,,,,,,,,,,,,,,,a|w,move_up|move_left,,0,0
11579,385967,,,,,,,,,,,,,,,,,,,,,,a|w,move_up|move_left,,0,0
11580,386000,,,,,,,,,,,,,,,,,,,,,,a|w,move_up|move_left,,0,0
11581,386033,,,,,,,,,,,,,,,,,,,,,,a|w,move_up|move_left,,0,0
11582,386067,,,,,,,,,,,,,,,,,,,,,,a|w,move_up|move_left,,0,0
11583,386100,,,,,,,,,,,,,,,,,,,,,,a|w,move_up|move_left,,0,0
11584,386133,,,,,,,,,,,,,,,,,,,,,,a|w,move_up|move_left,,0,0
11585,386167,,,,,,,,,,,,,,,,,,,,,,a|w,move_up|move_left,,0,0
11586,386200,,,,,,,,,,,,,,,,,,,,,,a|w,move_up|move_left,,0,0
11587,386233,,,,,,,,,,,,,,,,,,,,,,a|w,move_up|move_left,,0,0
11588,386267,,,,,,,,,,,,,,,,,,,,,,a|w,move_up|move_left,,0,0
11589,386300,,,,,,,,,,,,,,,,,,,,,,a|w,move_up|move_left,,0,0
11590,386333,,,,,,,,,,,,,,,,,,,,,,a|w,move_up|move_left,,0,0
11591,386367,,,,,,,,,,,,,,,,,,,,,,w,move_up,,0,0
11592,386400,,,,,,,,,,,,,,,,,,,,,,w,move_up,,0,0
11593,386433,,,,,,,,,,,,,,,,,,,,,,a|w,move_up|move_left,,0,0
11594,386467,,,,,,,,,,,,,,,,,,,,,,a|w,move_up|move_left,,0,0
11595,386500,,,,,,,,,,,,,,,,,,,,,,a|w,move_up|move_left,,0,0
11596,386533,,,,,,,,,,,,,,,,,,,,,,a|w,move_up|move_left,,0,0
11597,386567,,,,,,,,,,,,,,,,,,,,,,a|w,move_up|move_left,,0,0
11598,386600,,,,,,,,,,,,,,,,,,,,,,a|w,move_up|move_left,,0,0
11599,386633,,,,,,,,,,,,,,,,,,,,,,a|w,move_up|move_left,,0,0
11600,386667,,,,,,,,,,,,,,,,,,,,,,a|w,move_up|move_left,,0,0
11601,386700,,,,,,,,,,,,,,,,,,,,,,a|w,move_up|move_left,,0,0
11602,386733,,,,,,,,,,,,,,,,,,,,,,a|w,move_up|move_left,,0,0
11603,386767,,,,,,,,,,,,,,,,,,,,,,a|w,move_up|move_left,,0,0
11604,386800,,,,,,,,,,,,,,,,,,,,,,,,,0,0
11605,386833,,,,,,,,,,,,,,,,,,,,,,,,,0,0
11606,386867,,,,,,,,,,,,,,,,,,,,,,,,,0,0
11607,386900,,,,,,,,,,,,,,,,,,,,,,,,,0,0
11608,386933,,,,,,,,,,,,,,,,,,,,,,,,,0,0
11609,386967,,,,,,,,,,,,,,,,,,,,,,,,,0,0
11610,387000,,,,,,,,,,,,,,,,,,,,,,,,,0,0
11611,387033,,,,,,,,,,,,,,,,,,,,,,,,,0,0
11612,387067,,,,,,,,,,,,,,,,,,,,,,,,,0,0
11613,387100,,,,,,,,,,,,,,,,,,,,,,,,,0,0
11614,387133,,,,,,,,,,,,,,,,,,,,,,,,,0,0
11615,387167,,,,,,,,,,,,,,,,,,,,,,,,,0,0
11616,387200,,,,,,,,,,,,,,,,,,,,,,,,,0,0
11617,387233,,,,,,,,,,,,,,,,,,,,,,a,move_left,,0,0
11618,387267,,,,,,,,,,,,,,,,,,,,,,a,move_left,,0,0
11619,387300,,,,,,,,,,,,,,,,,,,,,,a,move_left,,0,0
11620,387333,,,,,,,,,,,,,,,,,,,,,,a,move_left,,0,0
11621,387367,,,,,,,,,,,,,,,,,,,,,,a|w,move_up|move_left,,0,0
11622,387400,,,,,,,,,,,,,,,,,,,,,,a|w,move_up|move_left,,0,0
11623,387433,,,,,,,,,,,,,,,,,,,,,,a|w,move_up|move_left,,0,0
11624,387467,,,,,,,,,,,,,,,,,,,,,,a|w,move_up|move_left,,0,0
11625,387500,,,,,,,,,,,,,,,,,,,,,,a|w,move_up|move_left,,0,0
11626,387533,,,,,,,,,,,,,,,,,,,,,,a,move_left,,0,0
11627,387567,,,,,,,,,,,,,,,,,,,,,,,,,0,0
11628,387600,,,,,,,,,,,,,,,,,,,,,,,,,0,0
11629,387633,,,,,,,,,,,,,,,,,,,,,,,,,0,0
11630,387667,,,,,,,,,,,,,,,,,,,,,,,,,0,0
11631,387700,,,,,,,,,,,,,,,,,,,,,,,,,0,0
11632,387733,,,,,,,,,,,,,,,,,,,,,,,,,0,0
11633,387767,,,,,,,,,,,,,,,,,,,,,,,,,0,0
11634,387800,,,,,,,,,,,,,,,,,,,,,,,,,0,0
11635,387833,,,,,,,,,,,,,,,,,,,,,,,,,0,0
11636,387867,,,,,,,,,,,,,,,,,,,,,,,,,0,0
11637,387900,,,,,,,,,,,,,,,,,,,,,,,,,0,0
11638,387933,,,,,,,,,,,,,,,,,,,,,,,,,0,0
11639,387967,,,,,,,,,,,,,,,,,,,,,,,,,0,0
11640,388000,,,,,,,,,,,,,,,,,,,,,,w,move_up,,0,0
11641,388033,,,,,,,,,,,,,,,,,,,,,,w,move_up,,0,0
11642,388067,,,,,,,,,,,,,,,,,,,,,,w,move_up,,0,0
11643,388100,,,,,,,,,,,,,,,,,,,,,,w,move_up,,0,0
11644,388133,,,,,,,,,,,,,,,,,,,,,,w,move_up,,0,0
11645,388167,,,,,,,,,,,,,,,,,,,,,,w,move_up,,0,0
11646,388200,,,,,,,,,,,,,,,,,,,,,,w,move_up,,0,0
11647,388233,,,,,,,,,,,,,,,,,,,,,,w,move_up,,0,0
11648,388267,,,,,,,,,,,,,,,,,,,,,,w,move_up,,0,0
11649,388300,,,,,,,,,,,,,,,,,,,,,,w,move_up,,0,0
11650,388333,,,,,,,,,,,,,,,,,,,,,,w,move_up,,0,0
11651,388367,,,,,,,,,,,,,,,,,,,,,,w,move_up,,0,0
11652,388400,,,,,,,,,,,,,,,,,,,,,,w,move_up,,0,0
11653,388433,,,,,,,,,,,,,,,,,,,,,,a|w,move_up|move_left,,0,0
11654,388467,,,,,,,,,,,,,,,,,,,,,,a|w,move_up|move_left,,0,0
11655,388500,,,,,,,,,,,,,,,,,,,,,,a|w,move_up|move_left,,0,0
11656,388533,,,,,,,,,,,,,,,,,,,,,,a|w,move_up|move_left,,0,0
11657,388567,,,,,,,,,,,,,,,,,,,,,,a|w,move_up|move_left,,0,0
11658,388600,,,,,,,,,,,,,,,,,,,,,,w,move_up,,0,0
11659,388633,,,,,,,,,,,,,,,,,,,,,,w,move_up,,0,0
11660,388667,,,,,,,,,,,,,,,,,,,,,,w,move_up,,0,0
11661,388700,,,,,,,,,,,,,,,,,,,,,,w,move_up,,0,0
11662,388733,,,,,,,,,,,,,,,,,,,,,,w,move_up,,0,0
11663,388767,,,,,,,,,,,,,,,,,,,,,,w,move_up,,0,0
11664,388800,,,,,,,,,,,,,,,,,,,,,,w,move_up,,0,0
11665,388833,,,,,,,,,,,,,,,,,,,,,,w,move_up,,0,0
11666,388867,,,,,,,,,,,,,,,,,,,,,,w,move_up,,0,0
11667,388900,,,,,,,,,,,,,,,,,,,,,,w,move_up,,0,0
11668,388933,,,,,,,,,,,,,,,,,,,,,,,,,0,0
11669,388967,,,,,,,,,,,,,,,,,,,,,,,,,0,0
11670,389000,,,,,,,,,,,,,,,,,,,,,,,,,0,0
11671,389033,,,,,,,,,,,,,,,,,,,,,,,,,0,0
11672,389067,,,,,,,,,,,,,,,,,,,,,,,,,0,0
11673,389100,,,,,,,,,,,,,,,,,,,,,,,,,0,0
11674,389133,,,,,,,,,,,,,,,,,,,,,,a,move_left,,0,0
11675,389167,,,,,,,,,,,,,,,,,,,,,,a|w,move_up|move_left,,0,0
11676,389200,,,,,,,,,,,,,,,,,,,,,,a|w,move_up|move_left,,0,0
11677,389233,,,,,,,,,,,,,,,,,,,,,,a|w,move_up|move_left,,0,0
11678,389267,,,,,,,,,,,,,,,,,,,,,,a|w,move_up|move_left,,0,0
11679,389300,,,,,,,,,,,,,,,,,,,,,,a|w,move_up|move_left,,0,0
11680,389333,,,,,,,,,,,,,,,,,,,,,,a|w,move_up|move_left,,0,0
11681,389367,,,,,,,,,,,,,,,,,,,,,,a|w,move_up|move_left,,0,0
11682,389400,,,,,,,,,,,,,,,,,,,,,,a|w,move_up|move_left,,0,0
11683,389433,,,,,,,,,,,,,,,,,,,,,,w,move_up,,0,0
11684,389467,,,,,,,,,,,,,,,,,,,,,,w,move_up,,0,0
11685,389500,,,,,,,,,,,,,,,,,,,,,,w,move_up,,0,0
11686,389533,,,,,,,,,,,,,,,,,,,,,,w,move_up,,0,0
11687,389567,,,,,,,,,,,,,,,,,,,,,,w,move_up,,0,0
11688,389600,,,,,,,,,,,,,,,,,,,,,,w,move_up,,0,0
11689,389633,,,,,,,,,,,,,,,,,,,,,,w,move_up,,0,0
11690,389667,,,,,,,,,,,,,,,,,,,,,,w,move_up,,0,0
11691,389700,,,,,,,,,,,,,,,,,,,,,,w,move_up,,0,0
11692,389733,,,,,,,,,,,,,,,,,,,,,,w,move_up,,0,0
11693,389767,,,,,,,,,,,,,,,,,,,,,,w,move_up,,0,0
11694,389800,,,,,,,,,,,,,,,,,,,,,,w,move_up,,0,0
11695,389833,,,,,,,,,,,,,,,,,,,,,,w,move_up,,0,0
11696,389867,,,,,,,,,,,,,,,,,,,,,,w,move_up,,0,0
11697,389900,,,,,,,,,,,,,,,,,,,,,,w,move_up,,0,0
11698,389933,,,,,,,,,,,,,,,,,,,,,,e|w,interact|move_up,,0,0
11699,389967,,,,,,,,,,,,,,,,,,,,,,e|w,interact|move_up,,0,0
11700,390000,,,,,,,,,,,,,,,,,,,,,,e|w,interact|move_up,,0,0
11701,390033,,,,,,,,,,,,,,,,,,,,,,e|w,interact|move_up,,0,0
11702,390067,,,,,,,,,,,,,,,,,,,,,,e|w,interact|move_up,,0,0
11703,390100,,,,,,,,,,,,,,,,,,,,,,w,move_up,,0,0
11704,390133,,,,,,,,,,,,,,,,,,,,,,w,move_up,,0,0
11705,390167,,,,,,,,,,,,,,,,,,,,,,w,move_up,,0,0
11706,390200,,,,,,,,,,,,,,,,,,,,,,w,move_up,,0,0
11707,390233,,,,,,,,,,,,,,,,,,,,,,e|w,interact|move_up,,0,0
11708,390267,,,,,,,,,,,,,,,,,,,,,,e|w,interact|move_up,,0,0
11709,390300,,,,,,,,,,,,,,,,,,,,,,e|w,interact|move_up,,0,0
11710,390333,,,,,,,,,,,,,,,,,,,,,,e|w,interact|move_up,,0,0
11711,390367,,,,,,,,,,,,,,,,,,,,,,e,interact,,0,0
11712,390400,,,,,,,,,,,,,,,,,,,,,,,,,0,0
11713,390433,,,,,,,,,,,,,,,,,,,,,,,,,0,0
11714,390467,,,,,,,,,,,,,,,,,,,,,,,,,0,0
11715,390500,,,,,,,,,,,,,,,,,,,,,,,,,0,0
11716,390533,,,,,,,,,,,,,,,,,,,,,,,,,0,0
11717,390567,,,,,,,,,,,,,,,,,,,,,,,,,0,0
11718,390600,,,,,,,,,,,,,,,,,,,,,,a,move_left,,0,0
11719,390633,,,,,,,,,,,,,,,,,,,,,,a|w,move_up|move_left,,0,0
11720,390667,,,,,,,,,,,,,,,,,,,,,,a|w,move_up|move_left,,0,0
11721,390700,,,,,,,,,,,,,,,,,,,,,,a|w,move_up|move_left,,0,0
11722,390733,,,,,,,,,,,,,,,,,,,,,,a|w,move_up|move_left,,0,0
11723,390767,,,,,,,,,,,,,,,,,,,,,,a|w,move_up|move_left,,0,0
11724,390800,,,,,,,,,,,,,,,,,,,,,,w,move_up,,0,0
11725,390833,,,,,,,,,,,,,,,,,,,,,,w,move_up,,0,0
11726,390867,,,,,,,,,,,,,,,,,,,,,,w,move_up,,0,0
11727,390900,,,,,,,,,,,,,,,,,,,,,,w,move_up,,0,0
11728,390933,,,,,,,,,,,,,,,,,,,,,,w,move_up,,0,0
11729,390967,,,,,,,,,,,,,,,,,,,,,,w,move_up,,0,0
11730,391000,,,,,,,,,,,,,,,,,,,,,,w,move_up,,0,0
11731,391033,,,,,,,,,,,,,,,,,,,,,,w,move_up,,0,0
11732,391067,,,,,,,,,,,,,,,,,,,,,,w,move_up,,0,0
11733,391100,,,,,,,,,,,,,,,,,,,,,,a|w,move_up|move_left,,0,0
11734,391133,,,,,,,,,,,,,,,,,,,,,,a|w,move_up|move_left,,0,0
11735,391167,,,,,,,,,,,,,,,,,,,,,,a|w,move_up|move_left,,0,0
11736,391200,,,,,,,,,,,,,,,,,,,,,,a|w,move_up|move_left,,0,0
11737,391233,,,,,,,,,,,,,,,,,,,,,,a|w,move_up|move_left,,0,0
11738,391267,,,,,,,,,,,,,,,,,,,,,,a|w,move_up|move_left,,0,0
11739,391300,,,,,,,,,,,,,,,,,,,,,,a|w,move_up|move_left,,0,0
11740,391333,,,,,,,,,,,,,,,,,,,,,,a|w,move_up|move_left,,0,0
11741,391367,,,,,,,,,,,,,,,,,,,,,,a|w,move_up|move_left,,0,0
11742,391400,,,,,,,,,,,,,,,,,,,,,,a|w,move_up|move_left,,0,0
11743,391433,,,,,,,,,,,,,,,,,,,,,,a|w,move_up|move_left,,0,0
11744,391467,,,,,,,,,,,,,,,,,,,,,,a|w,move_up|move_left,,0,0
11745,391500,,,,,,,,,,,,,,,,,,,,,,a|w,move_up|move_left,,0,0
11746,391533,,,,,,,,,,,,,,,,,,,,,,a|w,move_up|move_left,,0,0
11747,391567,,,,,,,,,,,,,,,,,,,,,,a|w,move_up|move_left,,0,0
11748,391600,,,,,,,,,,,,,,,,,,,,,,w,move_up,,0,0
11749,391633,,,,,,,,,,,,,,,,,,,,,,w,move_up,,0,0
11750,391667,,,,,,,,,,,,,,,,,,,,,,w,move_up,,0,0
11751,391700,,,,,,,,,,,,,,,,,,,,,,w,move_up,,0,0
11752,391733,,,,,,,,,,,,,,,,,,,,,,d|w,move_up|move_right,,0,0
11753,391767,,,,,,,,,,,,,,,,,,,,,,d|w,move_up|move_right,,0,0
11754,391800,,,,,,,,,,,,,,,,,,,,,,d|w,move_up|move_right,,0,0
11755,391833,,,,,,,,,,,,,,,,,,,,,,d|w,move_up|move_right,,0,0
11756,391867,,,,,,,,,,,,,,,,,,,,,,d|w,move_up|move_right,,0,0
11757,391900,,,,,,,,,,,,,,,,,,,,,,d,move_right,,0,0
11758,391933,,,,,,,,,,,,,,,,,,,,,,d,move_right,,0,0
11759,391967,,,,,,,,,,,,,,,,,,,,,,d,move_right,,0,0
11760,392000,,,,,,,,,,,,,,,,,,,,,,d,move_right,,0,0
11761,392033,,,,,,,,,,,,,,,,,,,,,,d|s,move_down|move_right,,0,0
11762,392067,,,,,,,,,,,,,,,,,,,,,,d|s,move_down|move_right,,0,0
11763,392100,,,,,,,,,,,,,,,,,,,,,,d|s,move_down|move_right,,0,0
11764,392133,,,,,,,,,,,,,,,,,,,,,,d|s,move_down|move_right,,0,0
11765,392167,,,,,,,,,,,,,,,,,,,,,,d|s,move_down|move_right,,0,0
11766,392200,,,,,,,,,,,,,,,,,,,,,,d|s,move_down|move_right,,0,0
11767,392233,,,,,,,,,,,,,,,,,,,,,,d|s,move_down|move_right,,0,0
11768,392267,,,,,,,,,,,,,,,,,,,,,,d|s,move_down|move_right,,0,0
11769,392300,,,,,,,,,,,,,,,,,,,,,,s,move_down,,0,0
11770,392333,,,,,,,,,,,,,,,,,,,,,,s,move_down,,0,0
11771,392367,,,,,,,,,,,,,,,,,,,,,,s,move_down,,0,0
11772,392400,,,,,,,,,,,,,,,,,,,,,,,,,0,0
11773,392433,,,,,,,,,,,,,,,,,,,,,,,,,0,0
11774,392467,,,,,,,,,,,,,,,,,,,,,,,,,0,0
11775,392500,,,,,,,,,,,,,,,,,,,,,,,,,0,0
11776,392533,,,,,,,,,,,,,,,,,,,,,,,,,0,0
11777,392567,,,,,,,,,,,,,,,,,,,,,,,,,0,0
11778,392600,,,,,,,,,,,,,,,,,,,,,,,,,0,0
11779,392633,,,,,,,,,,,,,,,,,,,,,,,,,0,0
11780,392667,,,,,,,,,,,,,,,,,,,,,,,,,0,0
11781,392700,,,,,,,,,,,,,,,,,,,,,,w,move_up,,0,0
11782,392733,,,,,,,,,,,,,,,,,,,,,,w,move_up,,0,0
11783,392767,,,,,,,,,,,,,,,,,,,,,,w,move_up,,0,0
11784,392800,,,,,,,,,,,,,,,,,,,,,,d|w,move_up|move_right,,0,0
11785,392833,,,,,,,,,,,,,,,,,,,,,,d|w,move_up|move_right,,0,0
11786,392867,,,,,,,,,,,,,,,,,,,,,,d|w,move_up|move_right,,0,0
11787,392900,,,,,,,,,,,,,,,,,,,,,,d|w,move_up|move_right,,0,0
11788,392933,,,,,,,,,,,,,,,,,,,,,,d|w,move_up|move_right,,0,0
11789,392967,,,,,,,,,,,,,,,,,,,,,,d|w,move_up|move_right,,0,0
11790,393000,,,,,,,,,,,,,,,,,,,,,,d|w,move_up|move_right,,0,0
11791,393033,,,,,,,,,,,,,,,,,,,,,,d|w,move_up|move_right,,0,0
11792,393067,,,,,,,,,,,,,,,,,,,,,,d|w,move_up|move_right,,0,0
11793,393100,,,,,,,,,,,,,,,,,,,,,,d|w,move_up|move_right,,0,0
11794,393133,,,,,,,,,,,,,,,,,,,,,,d|w,move_up|move_right,,0,0
11795,393167,,,,,,,,,,,,,,,,,,,,,,d|w,move_up|move_right,,0,0
11796,393200,,,,,,,,,,,,,,,,,,,,,,d|w,move_up|move_right,,0,0
11797,393233,,,,,,,,,,,,,,,,,,,,,,d|w,move_up|move_right,,0,0
11798,393267,,,,,,,,,,,,,,,,,,,,,,d|w,move_up|move_right,,0,0
11799,393300,,,,,,,,,,,,,,,,,,,,,,d|w,move_up|move_right,,0,0
11800,393333,,,,,,,,,,,,,,,,,,,,,,d|w,move_up|move_right,,0,0
11801,393367,,,,,,,,,,,,,,,,,,,,,,w,move_up,,0,0
11802,393400,,,,,,,,,,,,,,,,,,,,,,w,move_up,,0,0
11803,393433,,,,,,,,,,,,,,,,,,,,,,w,move_up,,0,0
11804,393467,,,,,,,,,,,,,,,,,,,,,,w,move_up,,0,0
11805,393500,,,,,,,,,,,,,,,,,,,,,,w,move_up,,0,0
11806,393533,,,,,,,,,,,,,,,,,,,,,,w,move_up,,0,0
11807,393567,,,,,,,,,,,,,,,,,,,,,,w,move_up,,0,0
11808,393600,,,,,,,,,,,,,,,,,,,,,,w,move_up,,0,0
11809,393633,,,,,,,,,,,,,,,,,,,,,,d|w,move_up|move_right,,0,0
11810,393667,,,,,,,,,,,,,,,,,,,,,,d|w,move_up|move_right,,0,0
11811,393700,,,,,,,,,,,,,,,,,,,,,,d|w,move_up|move_right,,0,0
11812,393733,,,,,,,,,,,,,,,,,,,,,,a|w,move_up|move_left,,0,0
11813,393767,,,,,,,,,,,,,,,,,,,,,,a|w,move_up|move_left,,0,0
11814,393800,,,,,,,,,,,,,,,,,,,,,,a|w,move_up|move_left,,0,0
11815,393833,,,,,,,,,,,,,,,,,,,,,,a|w,move_up|move_left,,0,0
11816,393867,,,,,,,,,,,,,,,,,,,,,,a|w,move_up|move_left,,0,0
11817,393900,,,,,,,,,,,,,,,,,,,,,,a|w,move_up|move_left,,0,0
11818,393933,,,,,,,,,,,,,,,,,,,,,,a|w,move_up|move_left,,0,0
11819,393967,,,,,,,,,,,,,,,,,,,,,,a|w,move_up|move_left,,0,0
11820,394000,,,,,,,,,,,,,,,,,,,,,,w,move_up,,0,0
11821,394033,,,,,,,,,,,,,,,,,,,,,,w,move_up,,0,0
11822,394067,,,,,,,,,,,,,,,,,,,,,,w,move_up,,0,0
11823,394100,,,,,,,,,,,,,,,,,,,,,,w,move_up,,0,0
11824,394133,,,,,,,,,,,,,,,,,,,,,,w,move_up,,0,0
11825,394167,,,,,,,,,,,,,,,,,,,,,,w,move_up,,0,0
11826,394200,,,,,,,,,,,,,,,,,,,,,,w,move_up,,0,0
11827,394233,,,,,,,,,,,,,,,,,,,,,,w,move_up,,0,0
11828,394267,,,,,,,,,,,,,,,,,,,,,,w,move_up,,0,0
11829,394300,,,,,,,,,,,,,,,,,,,,,,w,move_up,,0,0
11830,394333,,,,,,,,,,,,,,,,,,,,,,w,move_up,,0,0
11831,394367,,,,,,,,,,,,,,,,,,,,,,w,move_up,,0,0
11832,394400,,,,,,,,,,,,,,,,,,,,,,w,move_up,,0,0
11833,394433,,,,,,,,,,,,,,,,,,,,,,w,move_up,,0,0
11834,394467,,,,,,,,,,,,,,,,,,,,,,w,move_up,,0,0
11835,394500,,,,,,,,,,,,,,,,,,,,,,w,move_up,,0,0
11836,394533,,,,,,,,,,,,,,,,,,,,,,w,move_up,,0,0
11837,394567,,,,,,,,,,,,,,,,,,,,,,w,move_up,,0,0
11838,394600,,,,,,,,,,,,,,,,,,,,,,w,move_up,,0,0
11839,394633,,,,,,,,,,,,,,,,,,,,,,w,move_up,,0,0
11840,394667,,,,,,,,,,,,,,,,,,,,,,w,move_up,,0,0
11841,394700,,,,,,,,,,,,,,,,,,,,,,a|w,move_up|move_left,,0,0
11842,394733,,,,,,,,,,,,,,,,,,,,,,a|w,move_up|move_left,,0,0
11843,394767,,,,,,,,,,,,,,,,,,,,,,a|w,move_up|move_left,,0,0
11844,394800,,,,,,,,,,,,,,,,,,,,,,a|w,move_up|move_left,,0,0
11845,394833,,,,,,,,,,,,,,,,,,,,,,a|w,move_up|move_left,,0,0
11846,394867,,,,,,,,,,,,,,,,,,,,,,a|w,move_up|move_left,,0,0
11847,394900,,,,,,,,,,,,,,,,,,,,,,a|w,move_up|move_left,,0,0
11848,394933,,,,,,,,,,,,,,,,,,,,,,a|w,move_up|move_left,,0,0
11849,394967,,,,,,,,,,,,,,,,,,,,,,a|w,move_up|move_left,,0,0
11850,395000,,,,,,,,,,,,,,,,,,,,,,a|w,move_up|move_left,,0,0
11851,395033,,,,,,,,,,,,,,,,,,,,,,a|w,move_up|move_left,,0,0
11852,395067,,,,,,,,,,,,,,,,,,,,,,a|w,move_up|move_left,,0,0
11853,395100,,,,,,,,,,,,,,,,,,,,,,a|w,move_up|move_left,,0,0
11854,395133,,,,,,,,,,,,,,,,,,,,,,a|w,move_up|move_left,,0,0
11855,395167,,,,,,,,,,,,,,,,,,,,,,a|w,move_up|move_left,,0,0
11856,395200,,,,,,,,,,,,,,,,,,,,,,a|w,move_up|move_left,,0,0
11857,395233,,,,,,,,,,,,,,,,,,,,,,a|w,move_up|move_left,,0,0
11858,395267,,,,,,,,,,,,,,,,,,,,,,a|w,move_up|move_left,,0,0
11859,395300,,,,,,,,,,,,,,,,,,,,,,a|w,move_up|move_left,,0,0
11860,395333,,,,,,,,,,,,,,,,,,,,,,a|w,move_up|move_left,,0,0
11861,395367,,,,,,,,,,,,,,,,,,,,,,a|w,move_up|move_left,,0,0
11862,395400,,,,,,,,,,,,,,,,,,,,,,a|w,move_up|move_left,,0,0
11863,395433,,,,,,,,,,,,,,,,,,,,,,a|w,move_up|move_left,,0,0
11864,395467,,,,,,,,,,,,,,,,,,,,,,,,,0,0
11865,395500,,,,,,,,,,,,,,,,,,,,,,,,,0,0
11866,395533,,,,,,,,,,,,,,,,,,,,,,,,,0,0
11867,395567,,,,,,,,,,,,,,,,,,,,,,,,,0,0
11868,395600,,,,,,,,,,,,,,,,,,,,,,,,,0,0
11869,395633,,,,,,,,,,,,,,,,,,,,,,w,move_up,,0,0
11870,395667,,,,,,,,,,,,,,,,,,,,,,w,move_up,,0,0
11871,395700,,,,,,,,,,,,,,,,,,,,,,w,move_up,,0,0
11872,395733,,,,,,,,,,,,,,,,,,,,,,w,move_up,,0,0
11873,395767,,,,,,,,,,,,,,,,,,,,,,w,move_up,,0,0
11874,395800,,,,,,,,,,,,,,,,,,,,,,w,move_up,,0,0
11875,395833,,,,,,,,,,,,,,,,,,,,,,w,move_up,,0,0
11876,395867,,,,,,,,,,,,,,,,,,,,,,w,move_up,,0,0
11877,395900,,,,,,,,,,,,,,,,,,,,,,w,move_up,,0,0
11878,395933,,,,,,,,,,,,,,,,,,,,,,w,move_up,,0,0
11879,395967,,,,,,,,,,,,,,,,,,,,,,w,move_up,,0,0
11880,396000,,,,,,,,,,,,,,,,,,,,,,w,move_up,,0,0
11881,396033,,,,,,,,,,,,,,,,,,,,,,w,move_up,,0,0
11882,396067,,,,,,,,,,,,,,,,,,,,,,w,move_up,,0,0
11883,396100,,,,,,,,,,,,,,,,,,,,,,w,move_up,,0,0
11884,396133,,,,,,,,,,,,,,,,,,,,,,w,move_up,,0,0
11885,396167,,,,,,,,,,,,,,,,,,,,,,w,move_up,,0,0
11886,396200,,,,,,,,,,,,,,,,,,,,,,w,move_up,,0,0
11887,396233,,,,,,,,,,,,,,,,,,,,,,w,move_up,,0,0
11888,396267,,,,,,,,,,,,,,,,,,,,,,w,move_up,,0,0
11889,396300,,,,,,,,,,,,,,,,,,,,,,a|w,move_up|move_left,,0,0
11890,396333,,,,,,,,,,,,,,,,,,,,,,a|w,move_up|move_left,,0,0
11891,396367,,,,,,,,,,,,,,,,,,,,,,a|w,move_up|move_left,,0,0
11892,396400,,,,,,,,,,,,,,,,,,,,,,a|w,move_up|move_left,,0,0
11893,396433,,,,,,,,,,,,,,,,,,,,,,a|w,move_up|move_left,,0,0
11894,396467,,,,,,,,,,,,,,,,,,,,,,a|w,move_up|move_left,,0,0
11895,396500,,,,,,,,,,,,,,,,,,,,,,w,move_up,,0,0
11896,396533,,,,,,,,,,,,,,,,,,,,,,w,move_up,,0,0
11897,396567,,,,,,,,,,,,,,,,,,,,,,w,move_up,,0,0
11898,396600,,,,,,,,,,,,,,,,,,,,,,w,move_up,,0,0
11899,396633,,,,,,,,,,,,,,,,,,,,,,d|w,move_up|move_right,,0,0
11900,396667,,,,,,,,,,,,,,,,,,,,,,d|w,move_up|move_right,,0,0
11901,396700,,,,,,,,,,,,,,,,,,,,,,d|w,move_up|move_right,,0,0
11902,396733,,,,,,,,,,,,,,,,,,,,,,d|w,move_up|move_right,,0,0
11903,396767,,,,,,,,,,,,,,,,,,,,,,d|w,move_up|move_right,,0,0
11904,396800,,,,,,,,,,,,,,,,,,,,,,d|w,move_up|move_right,,0,0
11905,396833,,,,,,,,,,,,,,,,,,,,,,d|w,move_up|move_right,,0,0
11906,396867,,,,,,,,,,,,,,,,,,,,,,d|w,move_up|move_right,,0,0
11907,396900,,,,,,,,,,,,,,,,,,,,,,d|w,move_up|move_right,,0,0
11908,396933,,,,,,,,,,,,,,,,,,,,,,d|w,move_up|move_right,,0,0
11909,396967,,,,,,,,,,,,,,,,,,,,,,d|w,move_up|move_right,,0,0
11910,397000,,,,,,,,,,,,,,,,,,,,,,d|w,move_up|move_right,,0,0
11911,397033,,,,,,,,,,,,,,,,,,,,,,d|w,move_up|move_right,,0,0
11912,397067,,,,,,,,,,,,,,,,,,,,,,d|w,move_up|move_right,,0,0
11913,397100,,,,,,,,,,,,,,,,,,,,,,d|w,move_up|move_right,,0,0
11914,397133,,,,,,,,,,,,,,,,,,,,,,d|w,move_up|move_right,,0,0
11915,397167,,,,,,,,,,,,,,,,,,,,,,d|w,move_up|move_right,,0,0
11916,397200,,,,,,,,,,,,,,,,,,,,,,d|w,move_up|move_right,,0,0
11917,397233,,,,,,,,,,,,,,,,,,,,,,d|w,move_up|move_right,,0,0
11918,397267,,,,,,,,,,,,,,,,,,,,,,d|w,move_up|move_right,,0,0
11919,397300,,,,,,,,,,,,,,,,,,,,,,d|w,move_up|move_right,,0,0
11920,397333,,,,,,,,,,,,,,,,,,,,,,d|w,move_up|move_right,,0,0
11921,397367,,,,,,,,,,,,,,,,,,,,,,d|w,move_up|move_right,,0,0
11922,397400,,,,,,,,,,,,,,,,,,,,,,d|w,move_up|move_right,,0,0
11923,397433,,,,,,,,,,,,,,,,,,,,,,d|w,move_up|move_right,,0,0
11924,397467,,,,,,,,,,,,,,,,,,,,,,w,move_up,,0,0
11925,397500,,,,,,,,,,,,,,,,,,,,,,w,move_up,,0,0
11926,397533,,,,,,,,,,,,,,,,,,,,,,w,move_up,,0,0
11927,397567,,,,,,,,,,,,,,,,,,,,,,w,move_up,,0,0
11928,397600,,,,,,,,,,,,,,,,,,,,,,a|w,move_up|move_left,,0,0
11929,397633,,,,,,,,,,,,,,,,,,,,,,a|w,move_up|move_left,,0,0
11930,397667,,,,,,,,,,,,,,,,,,,,,,a|w,move_up|move_left,,0,0
11931,397700,,,,,,,,,,,,,,,,,,,,,,w,move_up,,0,0
11932,397733,,,,,,,,,,,,,,,,,,,,,,w,move_up,,0,0
11933,397767,,,,,,,,,,,,,,,,,,,,,,w,move_up,,0,0
11934,397800,,,,,,,,,,,,,,,,,,,,,,w,move_up,,0,0
11935,397833,,,,,,,,,,,,,,,,,,,,,,w,move_up,,0,0
11936,397867,,,,,,,,,,,,,,,,,,,,,,d|w,move_up|move_right,,0,0
11937,397900,,,,,,,,,,,,,,,,,,,,,,d|w,move_up|move_right,,0,0
11938,397933,,,,,,,,,,,,,,,,,,,,,,d|w,move_up|move_right,,0,0
11939,397967,,,,,,,,,,,,,,,,,,,,,,d|w,move_up|move_right,,0,0
11940,398000,,,,,,,,,,,,,,,,,,,,,,d|w,move_up|move_right,,0,0
11941,398033,,,,,,,,,,,,,,,,,,,,,,d|w,move_up|move_right,,0,0
11942,398067,,,,,,,,,,,,,,,,,,,,,,d|w,move_up|move_right,,0,0
11943,398100,,,,,,,,,,,,,,,,,,,,,,d|w,move_up|move_right,,0,0
11944,398133,,,,,,,,,,,,,,,,,,,,,,d|w,move_up|move_right,,0,0
11945,398167,,,,,,,,,,,,,,,,,,,,,,d|w,move_up|move_right,,0,0
11946,398200,,,,,,,,,,,,,,,,,,,,,,d|w,move_up|move_right,,0,0
11947,398233,,,,,,,,,,,,,,,,,,,,,,d|w,move_up|move_right,,0,0
11948,398267,,,,,,,,,,,,,,,,,,,,,,d|w,move_up|move_right,,0,0
11949,398300,,,,,,,,,,,,,,,,,,,,,,d|w,move_up|move_right,,0,0
11950,398333,,,,,,,,,,,,,,,,,,,,,,d|w,move_up|move_right,,0,0
11951,398367,,,,,,,,,,,,,,,,,,,,,,d|w,move_up|move_right,,0,0
11952,398400,,,,,,,,,,,,,,,,,,,,,,w,move_up,,0,0
11953,398433,,,,,,,,,,,,,,,,,,,,,,d|w,move_up|move_right,,0,0
11954,398467,,,,,,,,,,,,,,,,,,,,,,d|w,move_up|move_right,,0,0
11955,398500,,,,,,,,,,,,,,,,,,,,,,d|w,move_up|move_right,,0,0
11956,398533,,,,,,,,,,,,,,,,,,,,,,d|w,move_up|move_right,,0,0
11957,398567,,,,,,,,,,,,,,,,,,,,,,d|w,move_up|move_right,,0,0
11958,398600,,,,,,,,,,,,,,,,,,,,,,d|w,move_up|move_right,,0,0
11959,398633,,,,,,,,,,,,,,,,,,,,,,d|w,move_up|move_right,,0,0
11960,398667,,,,,,,,,,,,,,,,,,,,,,d|w,move_up|move_right,,0,0
11961,398700,,,,,,,,,,,,,,,,,,,,,,d|w,move_up|move_right,,0,0
11962,398733,,,,,,,,,,,,,,,,,,,,,,d|w,move_up|move_right,,0,0
11963,398767,,,,,,,,,,,,,,,,,,,,,,d|w,move_up|move_right,,0,0
11964,398800,,,,,,,,,,,,,,,,,,,,,,d|w,move_up|move_right,,0,0
11965,398833,,,,,,,,,,,,,,,,,,,,,,d|w,move_up|move_right,,0,0
11966,398867,,,,,,,,,,,,,,,,,,,,,,d|w,move_up|move_right,,0,0
11967,398900,,,,,,,,,,,,,,,,,,,,,,w,move_up,,0,0
11968,398933,,,,,,,,,,,,,,,,,,,,,,w,move_up,,0,0
11969,398967,,,,,,,,,,,,,,,,,,,,,,w,move_up,,0,0
11970,399000,,,,,,,,,,,,,,,,,,,,,,w,move_up,,0,0
11971,399033,,,,,,,,,,,,,,,,,,,,,,w,move_up,,0,0
11972,399067,,,,,,,,,,,,,,,,,,,,,,w,move_up,,0,0
11973,399100,,,,,,,,,,,,,,,,,,,,,,w,move_up,,0,0
11974,399133,,,,,,,,,,,,,,,,,,,,,,w,move_up,,0,0
11975,399167,,,,,,,,,,,,,,,,,,,,,,w,move_up,,0,0
11976,399200,,,,,,,,,,,,,,,,,,,,,,w,move_up,,0,0
11977,399233,,,,,,,,,,,,,,,,,,,,,,w,move_up,,0,0
11978,399267,,,,,,,,,,,,,,,,,,,,,,w,move_up,,0,0
11979,399300,,,,,,,,,,,,,,,,,,,,,,w,move_up,,0,0
11980,399333,,,,,,,,,,,,,,,,,,,,,,a|w,move_up|move_left,,0,0
11981,399367,,,,,,,,,,,,,,,,,,,,,,a|w,move_up|move_left,,0,0
11982,399400,,,,,,,,,,,,,,,,,,,,,,a|w,move_up|move_left,,0,0
11983,399433,,,,,,,,,,,,,,,,,,,,,,a|w,move_up|move_left,,0,0
11984,399467,,,,,,,,,,,,,,,,,,,,,,a|w,move_up|move_left,,0,0
11985,399500,,,,,,,,,,,,,,,,,,,,,,a|w,move_up|move_left,,0,0
11986,399533,,,,,,,,,,,,,,,,,,,,,,a|w,move_up|move_left,,0,0
11987,399567,,,,,,,,,,,,,,,,,,,,,,a|w,move_up|move_left,,0,0
11988,399600,,,,,,,,,,,,,,,,,,,,,,a|w,move_up|move_left,,0,0
11989,399633,,,,,,,,,,,,,,,,,,,,,,a|w,move_up|move_left,,0,0
11990,399667,,,,,,,,,,,,,,,,,,,,,,a|w,move_up|move_left,,0,0
11991,399700,,,,,,,,,,,,,,,,,,,,,,a|w,move_up|move_left,,0,0
11992,399733,,,,,,,,,,,,,,,,,,,,,,a|w,move_up|move_left,,0,0
11993,399767,,,,,,,,,,,,,,,,,,,,,,a|w,move_up|move_left,,0,0
11994,399800,,,,,,,,,,,,,,,,,,,,,,a|w,move_up|move_left,,0,0
11995,399833,,,,,,,,,,,,,,,,,,,,,,a|w,move_up|move_left,,0,0
11996,399867,,,,,,,,,,,,,,,,,,,,,,a|w,move_up|move_left,,0,0
11997,399900,,,,,,,,,,,,,,,,,,,,,,a|w,move_up|move_left,,0,0
11998,399933,,,,,,,,,,,,,,,,,,,,,,a,move_left,,0,0
11999,399967,,,,,,,,,,,,,,,,,,,,,,a,move_left,,0,0
12000,400000,,,,,,,,,,,,,,,,,,,,,,a,move_left,,0,0
12001,400033,,,,,,,,,,,,,,,,,,,,,,a,move_left,,0,0
12002,400067,,,,,,,,,,,,,,,,,,,,,,a,move_left,,0,0
12003,400100,,,,,,,,,,,,,,,,,,,,,,a,move_left,,0,0
12004,400133,,,,,,,,,,,,,,,,,,,,,,a,move_left,,0,0
12005,400167,,,,,,,,,,,,,,,,,,,,,,a,move_left,,0,0
12006,400200,,,,,,,,,,,,,,,,,,,,,,a,move_left,,0,0
12007,400233,,,,,,,,,,,,,,,,,,,,,,a,move_left,,0,0
12008,400267,,,,,,,,,,,,,,,,,,,,,,a,move_left,,0,0
12009,400300,,,,,,,,,,,,,,,,,,,,,,a|w,move_up|move_left,,0,0
12010,400333,,,,,,,,,,,,,,,,,,,,,,a|w,move_up|move_left,,0,0
12011,400367,,,,,,,,,,,,,,,,,,,,,,a|w,move_up|move_left,,0,0
12012,400400,,,,,,,,,,,,,,,,,,,,,,a|w,move_up|move_left,,0,0
12013,400433,,,,,,,,,,,,,,,,,,,,,,w,move_up,,0,0
12014,400467,,,,,,,,,,,,,,,,,,,,,,w,move_up,,0,0
12015,400500,,,,,,,,,,,,,,,,,,,,,,w,move_up,,0,0
12016,400533,,,,,,,,,,,,,,,,,,,,,,w,move_up,,0,0
12017,400567,,,,,,,,,,,,,,,,,,,,,,w,move_up,,0,0
12018,400600,,,,,,,,,,,,,,,,,,,,,,w,move_up,,0,0
12019,400633,,,,,,,,,,,,,,,,,,,,,,w,move_up,,0,0
12020,400667,,,,,,,,,,,,,,,,,,,,,,w,move_up,,0,0
12021,400700,,,,,,,,,,,,,,,,,,,,,,w,move_up,,0,0
12022,400733,,,,,,,,,,,,,,,,,,,,,,w,move_up,,0,0
12023,400767,,,,,,,,,,,,,,,,,,,,,,a|w,move_up|move_left,,0,0
12024,400800,,,,,,,,,,,,,,,,,,,,,,a|w,move_up|move_left,,0,0
12025,400833,,,,,,,,,,,,,,,,,,,,,,a|w,move_up|move_left,,0,0
12026,400867,,,,,,,,,,,,,,,,,,,,,,a|w,move_up|move_left,,0,0
12027,400900,,,,,,,,,,,,,,,,,,,,,,a|w,move_up|move_left,,0,0
12028,400933,,,,,,,,,,,,,,,,,,,,,,w,move_up,,0,0
12029,400967,,,,,,,,,,,,,,,,,,,,,,w,move_up,,0,0
12030,401000,,,,,,,,,,,,,,,,,,,,,,w,move_up,,0,0
12031,401033,,,,,,,,,,,,,,,,,,,,,,w,move_up,,0,0
12032,401067,,,,,,,,,,,,,,,,,,,,,,w,move_up,,0,0
12033,401100,,,,,,,,,,,,,,,,,,,,,,w,move_up,,0,0
12034,401133,,,,,,,,,,,,,,,,,,,,,,e|w,interact|move_up,,0,0
12035,401167,,,,,,,,,,,,,,,,,,,,,,e|w,interact|move_up,,0,0
12036,401200,,,,,,,,,,,,,,,,,,,,,,e|w,interact|move_up,,0,0
12037,401233,,,,,,,,,,,,,,,,,,,,,,e|w,interact|move_up,,0,0
12038,401267,,,,,,,,,,,,,,,,,,,,,,w,move_up,,0,0
12039,401300,,,,,,,,,,,,,,,,,,,,,,w,move_up,,0,0
12040,401333,,,,,,,,,,,,,,,,,,,,,,w,move_up,,0,0
12041,401367,,,,,,,,,,,,,,,,,,,,,,,,,0,0
12042,401400,,,,,,,,,,,,,,,,,,,,,,,,,0,0
12043,401433,,,,,,,,,,,,,,,,,,,,,,,,,0,0
12044,401467,,,,,,,,,,,,,,,,,,,,,,,,,0,0
12045,401500,,,,,,,,,,,,,,,,,,,,,,,,,0,0
12046,401533,,,,,,,,,,,,,,,,,,,,,,,,,0,0
12047,401567,,,,,,,,,,,,,,,,,,,,,,,,,0,0
12048,401600,,,,,,,,,,,,,,,,,,,,,,,,,0,0
12049,401633,,,,,,,,,,,,,,,,,,,,,,w,move_up,,0,0
12050,401667,,,,,,,,,,,,,,,,,,,,,,w,move_up,,0,0
12051,401700,,,,,,,,,,,,,,,,,,,,,,w,move_up,,0,0
12052,401733,,,,,,,,,,,,,,,,,,,,,,a|w,move_up|move_left,,0,0
12053,401767,,,,,,,,,,,,,,,,,,,,,,a|w,move_up|move_left,,0,0
12054,401800,,,,,,,,,,,,,,,,,,,,,,a|w,move_up|move_left,,0,0
12055,401833,,,,,,,,,,,,,,,,,,,,,,a|w,move_up|move_left,,0,0
12056,401867,,,,,,,,,,,,,,,,,,,,,,a|w,move_up|move_left,,0,0
12057,401900,,,,,,,,,,,,,,,,,,,,,,a|w,move_up|move_left,,0,0
12058,401933,,,,,,,,,,,,,,,,,,,,,,a|w,move_up|move_left,,0,0
12059,401967,,,,,,,,,,,,,,,,,,,,,,a|w,move_up|move_left,,0,0
12060,402000,,,,,,,,,,,,,,,,,,,,,,a|w,move_up|move_left,,0,0
12061,402033,,,,,,,,,,,,,,,,,,,,,,a|w,move_up|move_left,,0,0
12062,402067,,,,,,,,,,,,,,,,,,,,,,a|w,move_up|move_left,,0,0
12063,402100,,,,,,,,,,,,,,,,,,,,,,a|w,move_up|move_left,,0,0
12064,402133,,,,,,,,,,,,,,,,,,,,,,a|w,move_up|move_left,,0,0
12065,402167,,,,,,,,,,,,,,,,,,,,,,,,,0,0
12066,402200,,,,,,,,,,,,,,,,,,,,,,,,,0,0
12067,402233,,,,,,,,,,,,,,,,,,,,,,,,,0,0
12068,402267,,,,,,,,,,,,,,,,,,,,,,,,,0,0
12069,402300,,,,,,,,,,,,,,,,,,,,,,,,,0,0
12070,402333,,,,,,,,,,,,,,,,,,,,,,,,,0,0
12071,402367,,,,,,,,,,,,,,,,,,,,,,,,,0,0
12072,402400,,,,,,,,,,,,,,,,,,,,,,,,,0,0
12073,402433,,,,,,,,,,,,,,,,,,,,,,,,,0,0
12074,402467,,,,,,,,,,,,,,,,,,,,,,,,,0,0
12075,402500,,,,,,,,,,,,,,,,,,,,,,,,,0,0
12076,402533,,,,,,,,,,,,,,,,,,,,,,,,,0,0
12077,402567,,,,,,,,,,,,,,,,,,,,,,,,,0,0
12078,402600,,,,,,,,,,,,,,,,,,,,,,,,,0,0
12079,402633,,,,,,,,,,,,,,,,,,,,,,,,,0,0
12080,402667,,,,,,,,,,,,,,,,,,,,,,,,,0,0
12081,402700,,,,,,,,,,,,,,,,,,,,,,,,,0,0
12082,402733,,,,,,,,,,,,,,,,,,,,,,,,,0,0
12083,402767,,,,,,,,,,,,,,,,,,,,,,,,,0,0
12084,402800,,,,,,,,,,,,,,,,,,,,,,,,,0,0
12085,402833,,,,,,,,,,,,,,,,,,,,,,,,,0,0
12086,402867,,,,,,,,,,,,,,,,,,,,,,,,,0,0
12087,402900,,,,,,,,,,,,,,,,,,,,,,a|w,move_up|move_left,,0,0
12088,402933,,,,,,,,,,,,,,,,,,,,,,a|w,move_up|move_left,,0,0
12089,402967,,,,,,,,,,,,,,,,,,,,,,a|w,move_up|move_left,,0,0
12090,403000,,,,,,,,,,,,,,,,,,,,,,a|w,move_up|move_left,,0,0
12091,403033,,,,,,,,,,,,,,,,,,,,,,a|w,move_up|move_left,,0,0
12092,403067,,,,,,,,,,,,,,,,,,,,,,a|w,move_up|move_left,,0,0
12093,403100,,,,,,,,,,,,,,,,,,,,,,a|w,move_up|move_left,,0,0
12094,403133,,,,,,,,,,,,,,,,,,,,,,a|w,move_up|move_left,,0,0
12095,403167,,,,,,,,,,,,,,,,,,,,,,w,move_up,,0,0
12096,403200,,,,,,,,,,,,,,,,,,,,,,w,move_up,,0,0
12097,403233,,,,,,,,,,,,,,,,,,,,,,w,move_up,,0,0
12098,403267,,,,,,,,,,,,,,,,,,,,,,w,move_up,,0,0
12099,403300,,,,,,,,,,,,,,,,,,,,,,w,move_up,,0,0
12100,403333,,,,,,,,,,,,,,,,,,,,,,w,move_up,,0,0
12101,403367,,,,,,,,,,,,,,,,,,,,,,w,move_up,,0,0
12102,403400,,,,,,,,,,,,,,,,,,,,,,w,move_up,,0,0
12103,403433,,,,,,,,,,,,,,,,,,,,,,w,move_up,,0,0
12104,403467,,,,,,,,,,,,,,,,,,,,,,w,move_up,,0,0
12105,403500,,,,,,,,,,,,,,,,,,,,,,w,move_up,,0,0
12106,403533,,,,,,,,,,,,,,,,,,,,,,w,move_up,,0,0
12107,403567,,,,,,,,,,,,,,,,,,,,,,w,move_up,,0,0
12108,403600,,,,,,,,,,,,,,,,,,,,,,d|w,move_up|move_right,,0,0
12109,403633,,,,,,,,,,,,,,,,,,,,,,d|w,move_up|move_right,,0,0
12110,403667,,,,,,,,,,,,,,,,,,,,,,d|w,move_up|move_right,,0,0
12111,403700,,,,,,,,,,,,,,,,,,,,,,d|w,move_up|move_right,,0,0
12112,403733,,,,,,,,,,,,,,,,,,,,,,d|w,move_up|move_right,,0,0
12113,403767,,,,,,,,,,,,,,,,,,,,,,d|w,move_up|move_right,,0,0
12114,403800,,,,,,,,,,,,,,,,,,,,,,d|w,move_up|move_right,,0,0
12115,403833,,,,,,,,,,,,,,,,,,,,,,d|w,move_up|move_right,,0,0
12116,403867,,,,,,,,,,,,,,,,,,,,,,d|w,move_up|move_right,,0,0
12117,403900,,,,,,,,,,,,,,,,,,,,,,d|w,move_up|move_right,,0,0
12118,403933,,,,,,,,,,,,,,,,,,,,,,d|w,move_up|move_right,,0,0
12119,403967,,,,,,,,,,,,,,,,,,,,,,d|w,move_up|move_right,,0,0
12120,404000,,,,,,,,,,,,,,,,,,,,,,d|w,move_up|move_right,,0,0
12121,404033,,,,,,,,,,,,,,,,,,,,,,d|w,move_up|move_right,,0,0
12122,404067,,,,,,,,,,,,,,,,,,,,,,d|w,move_up|move_right,,0,0
12123,404100,,,,,,,,,,,,,,,,,,,,,,d|w,move_up|move_right,,0,0
12124,404133,,,,,,,,,,,,,,,,,,,,,,d,move_right,,0,0
12125,404167,,,,,,,,,,,,,,,,,,,,,,d,move_right,,0,0
12126,404200,,,,,,,,,,,,,,,,,,,,,,d,move_right,,0,0
12127,404233,,,,,,,,,,,,,,,,,,,,,,,,,0,0
12128,404267,,,,,,,,,,,,,,,,,,,,,,,,,0,0
12129,404300,,,,,,,,,,,,,,,,,,,,,,,,,0,0
12130,404333,,,,,,,,,,,,,,,,,,,,,,,,,0,0
12131,404367,,,,,,,,,,,,,,,,,,,,,,,,,0,0
12132,404400,,,,,,,,,,,,,,,,,,,,,,,,,0,0
12133,404433,,,,,,,,,,,,,,,,,,,,,,,,,0,0
12134,404467,,,,,,,,,,,,,,,,,,,,,,,,,0,0
12135,404500,,,,,,,,,,,,,,,,,,,,,,,,,0,0
12136,404533,,,,,,,,,,,,,,,,,,,,,,,,,0,0
12137,404567,,,,,,,,,,,,,,,,,,,,,,,,,0,0
12138,404600,,,,,,,,,,,,,,,,,,,,,,,,,0,0
12139,404633,,,,,,,,,,,,,,,,,,,,,,,,,0,0
12140,404667,,,,,,,,,,,,,,,,,,,,,,,,,0,0
12141,404700,,,,,,,,,,,,,,,,,,,,,,,,,0,0
12142,404733,,,,,,,,,,,,,,,,,,,,,,d|w,move_up|move_right,,0,0
12143,404767,,,,,,,,,,,,,,,,,,,,,,d|w,move_up|move_right,,0,0
12144,404800,,,,,,,,,,,,,,,,,,,,,,d|w,move_up|move_right,,0,0
12145,404833,,,,,,,,,,,,,,,,,,,,,,d|w,move_up|move_right,,0,0
12146,404867,,,,,,,,,,,,,,,,,,,,,,d|w,move_up|move_right,,0,0
12147,404900,,,,,,,,,,,,,,,,,,,,,,d|w,move_up|move_right,,0,0
12148,404933,,,,,,,,,,,,,,,,,,,,,,d|w,move_up|move_right,,0,0
12149,404967,,,,,,,,,,,,,,,,,,,,,,d|w,move_up|move_right,,0,0
12150,405000,,,,,,,,,,,,,,,,,,,,,,d|w,move_up|move_right,,0,0
12151,405033,,,,,,,,,,,,,,,,,,,,,,d|w,move_up|move_right,,0,0
12152,405067,,,,,,,,,,,,,,,,,,,,,,d|w,move_up|move_right,,0,0
12153,405100,,,,,,,,,,,,,,,,,,,,,,d|w,move_up|move_right,,0,0
12154,405133,,,,,,,,,,,,,,,,,,,,,,d|w,move_up|move_right,,0,0
12155,405167,,,,,,,,,,,,,,,,,,,,,,d|w,move_up|move_right,,0,0
12156,405200,,,,,,,,,,,,,,,,,,,,,,d|w,move_up|move_right,,0,0
12157,405233,,,,,,,,,,,,,,,,,,,,,,d|w,move_up|move_right,,0,0
12158,405267,,,,,,,,,,,,,,,,,,,,,,d|w,move_up|move_right,,0,0
12159,405300,,,,,,,,,,,,,,,,,,,,,,d|w,move_up|move_right,,0,0
12160,405333,,,,,,,,,,,,,,,,,,,,,,d|w,move_up|move_right,,0,0
12161,405367,,,,,,,,,,,,,,,,,,,,,,d|w,move_up|move_right,,0,0
12162,405400,,,,,,,,,,,,,,,,,,,,,,w,move_up,,0,0
12163,405433,,,,,,,,,,,,,,,,,,,,,,w,move_up,,0,0
12164,405467,,,,,,,,,,,,,,,,,,,,,,w,move_up,,0,0
12165,405500,,,,,,,,,,,,,,,,,,,,,,w,move_up,,0,0
12166,405533,,,,,,,,,,,,,,,,,,,,,,w,move_up,,0,0
12167,405567,,,,,,,,,,,,,,,,,,,,,,e,interact,,0,0
12168,405600,,,,,,,,,,,,,,,,,,,,,,e,interact,,0,0
12169,405633,,,,,,,,,,,,,,,,,,,,,,e,interact,,0,0
12170,405667,,,,,,,,,,,,,,,,,,,,,,e,interact,,0,0
12171,405700,,,,,,,,,,,,,,,,,,,,,,,,,0,0
12172,405733,,,,,,,,,,,,,,,,,,,,,,,,,0,0
12173,405767,,,,,,,,,,,,,,,,,,,,,,w,move_up,,0,0
12174,405800,,,,,,,,,,,,,,,,,,,,,,w,move_up,,0,0
12175,405833,,,,,,,,,,,,,,,,,,,,,,w,move_up,,0,0
12176,405867,,,,,,,,,,,,,,,,,,,,,,w,move_up,,0,0
12177,405900,,,,,,,,,,,,,,,,,,,,,,w,move_up,,0,0
12178,405933,,,,,,,,,,,,,,,,,,,,,,e|w,interact|move_up,,0,0
12179,405967,,,,,,,,,,,,,,,,,,,,,,e|w,interact|move_up,,0,0
12180,406000,,,,,,,,,,,,,,,,,,,,,,e,interact,,0,0
12181,406033,,,,,,,,,,,,,,,,,,,,,,e,interact,,0,0
12182,406067,,,,,,,,,,,,,,,,,,,,,,,,,0,0
12183,406100,,,,,,,,,,,,,,,,,,,,,,,,,0,0
12184,406133,,,,,,,,,,,,,,,,,,,,,,,,,0,0
12185,406167,,,,,,,,,,,,,,,,,,,,,,,,,0,0
12186,406200,,,,,,,,,,,,,,,,,,,,,,,,,0,0
12187,406233,,,,,,,,,,,,,,,,,,,,,,,,,0,0
12188,406267,,,,,,,,,,,,,,,,,,,,,,,,,0,0
12189,406300,,,,,,,,,,,,,,,,,,,,,,,,,0,0
12190,406333,,,,,,,,,,,,,,,,,,,,,,,,,0,0
12191,406367,,,,,,,,,,,,,,,,,,,,,,,,,0,0
12192,406400,,,,,,,,,,,,,,,,,,,,,,,,,0,0
12193,406433,,,,,,,,,,,,,,,,,,,,,,,,,0,0
12194,406467,,,,,,,,,,,,,,,,,,,,,,,,,0,0
12195,406500,,,,,,,,,,,,,,,,,,,,,,,,,0,0
12196,406533,,,,,,,,,,,,,,,,,,,,,,,,,0,0
12197,406567,,,,,,,,,,,,,,,,,,,,,,d,move_right,,0,0
12198,406600,,,,,,,,,,,,,,,,,,,,,,d,move_right,,0,0
12199,406633,,,,,,,,,,,,,,,,,,,,,,d,move_right,,0,0
12200,406667,,,,,,,,,,,,,,,,,,,,,,d,move_right,,0,0
12201,406700,,,,,,,,,,,,,,,,,,,,,,d,move_right,,0,0
12202,406733,,,,,,,,,,,,,,,,,,,,,,,,,0,0
12203,406767,,,,,,,,,,,,,,,,,,,,,,,,,0,0
12204,406800,,,,,,,,,,,,,,,,,,,,,,,,,0,0
12205,406833,,,,,,,,,,,,,,,,,,,,,,,,,0,0
12206,406867,,,,,,,,,,,,,,,,,,,,,,,,,0,0
12207,406900,,,,,,,,,,,,,,,,,,,,,,,,,0,0
12208,406933,,,,,,,,,,,,,,,,,,,,,,,,,0,0
12209,406967,,,,,,,,,,,,,,,,,,,,,,,,,0,0
12210,407000,,,,,,,,,,,,,,,,,,,,,,,,,0,0
12211,407033,,,,,,,,,,,,,,,,,,,,,,,,,0,0
12212,407067,,,,,,,,,,,,,,,,,,,,,,,,,0,0
12213,407100,,,,,,,,,,,,,,,,,,,,,,,,,0,0
12214,407133,,,,,,,,,,,,,,,,,,,,,,,,,0,0
12215,407167,,,,,,,,,,,,,,,,,,,,,,,,,0,0
12216,407200,,,,,,,,,,,,,,,,,,,,,,,,,0,0
12217,407233,,,,,,,,,,,,,,,,,,,,,,,,,0,0
12218,407267,,,,,,,,,,,,,,,,,,,,,,,,,0,0
12219,407300,,,,,,,,,,,,,,,,,,,,,,,,,0,0
12220,407333,,,,,,,,,,,,,,,,,,,,,,,,,0,0
12221,407367,,,,,,,,,,,,,,,,,,,,,,,,,0,0
12222,407400,,,,,,,,,,,,,,,,,,,,,,,,,0,0
12223,407433,,,,,,,,,,,,,,,,,,,,,,,,,0,0
12224,407467,,,,,,,,,,,,,,,,,,,,,,,,,0,0
12225,407500,,,,,,,,,,,,,,,,,,,,,,a,move_left,,0,0
12226,407533,,,,,,,,,,,,,,,,,,,,,,a,move_left,,0,0
12227,407567,,,,,,,,,,,,,,,,,,,,,,a,move_left,,0,0
12228,407600,,,,,,,,,,,,,,,,,,,,,,a,move_left,,0,0
12229,407633,,,,,,,,,,,,,,,,,,,,,,a,move_left,,0,0
12230,407667,,,,,,,,,,,,,,,,,,,,,,a,move_left,,0,0
12231,407700,,,,,,,,,,,,,,,,,,,,,,a|w,move_up|move_left,,0,0
12232,407733,,,,,,,,,,,,,,,,,,,,,,a|w,move_up|move_left,,0,0
12233,407767,,,,,,,,,,,,,,,,,,,,,,a|w,move_up|move_left,,0,0
12234,407800,,,,,,,,,,,,,,,,,,,,,,a|w,move_up|move_left,,0,0
12235,407833,,,,,,,,,,,,,,,,,,,,,,a|w,move_up|move_left,,0,0
12236,407867,,,,,,,,,,,,,,,,,,,,,,a|w,move_up|move_left,,0,0
12237,407900,,,,,,,,,,,,,,,,,,,,,,a|w,move_up|move_left,,0,0
12238,407933,,,,,,,,,,,,,,,,,,,,,,a|w,move_up|move_left,,0,0
12239,407967,,,,,,,,,,,,,,,,,,,,,,a|w,move_up|move_left,,0,0
12240,408000,,,,,,,,,,,,,,,,,,,,,,w,move_up,,0,0
12241,408033,,,,,,,,,,,,,,,,,,,,,,w,move_up,,0,0
12242,408067,,,,,,,,,,,,,,,,,,,,,,w,move_up,,0,0
12243,408100,,,,,,,,,,,,,,,,,,,,,,w,move_up,,0,0
12244,408133,,,,,,,,,,,,,,,,,,,,,,w,move_up,,0,0
12245,408167,,,,,,,,,,,,,,,,,,,,,,w,move_up,,0,0
12246,408200,,,,,,,,,,,,,,,,,,,,,,w,move_up,,0,0
12247,408233,,,,,,,,,,,,,,,,,,,,,,w,move_up,,0,0
12248,408267,,,,,,,,,,,,,,,,,,,,,,w,move_up,,0,0
12249,408300,,,,,,,,,,,,,,,,,,,,,,w,move_up,,0,0
12250,408333,,,,,,,,,,,,,,,,,,,,,,w,move_up,,0,0
12251,408367,,,,,,,,,,,,,,,,,,,,,,w,move_up,,0,0
12252,408400,,,,,,,,,,,,,,,,,,,,,,w,move_up,,0,0
12253,408433,,,,,,,,,,,,,,,,,,,,,,w,move_up,,0,0
12254,408467,,,,,,,,,,,,,,,,,,,,,,w,move_up,,0,0
12255,408500,,,,,,,,,,,,,,,,,,,,,,w,move_up,,0,0
12256,408533,,,,,,,,,,,,,,,,,,,,,,w,move_up,,0,0
12257,408567,,,,,,,,,,,,,,,,,,,,,,w,move_up,,0,0
12258,408600,,,,,,,,,,,,,,,,,,,,,,w,move_up,,0,0
12259,408633,,,,,,,,,,,,,,,,,,,,,,w,move_up,,0,0
12260,408667,,,,,,,,,,,,,,,,,,,,,,w,move_up,,0,0
12261,408700,,,,,,,,,,,,,,,,,,,,,,w,move_up,,0,0
12262,408733,,,,,,,,,,,,,,,,,,,,,,w,move_up,,0,0
12263,408767,,,,,,,,,,,,,,,,,,,,,,w,move_up,,0,0
12264,408800,,,,,,,,,,,,,,,,,,,,,,w,move_up,,0,0
12265,408833,,,,,,,,,,,,,,,,,,,,,,w,move_up,,0,0
12266,408867,,,,,,,,,,,,,,,,,,,,,,a|w,move_up|move_left,,0,0
12267,408900,,,,,,,,,,,,,,,,,,,,,,a|w,move_up|move_left,,0,0
12268,408933,,,,,,,,,,,,,,,,,,,,,,a|w,move_up|move_left,,0,0
12269,408967,,,,,,,,,,,,,,,,,,,,,,a|w,move_up|move_left,,0,0
12270,409000,,,,,,,,,,,,,,,,,,,,,,a|w,move_up|move_left,,0,0
12271,409033,,,,,,,,,,,,,,,,,,,,,,a|w,move_up|move_left,,0,0
12272,409067,,,,,,,,,,,,,,,,,,,,,,a|w,move_up|move_left,,0,0
12273,409100,,,,,,,,,,,,,,,,,,,,,,a|w,move_up|move_left,,0,0
12274,409133,,,,,,,,,,,,,,,,,,,,,,w,move_up,,0,0
12275,409167,,,,,,,,,,,,,,,,,,,,,,w,move_up,,0,0
12276,409200,,,,,,,,,,,,,,,,,,,,,,w,move_up,,0,0
12277,409233,,,,,,,,,,,,,,,,,,,,,,w,move_up,,0,0
12278,409267,,,,,,,,,,,,,,,,,,,,,,w,move_up,,0,0
12279,409300,,,,,,,,,,,,,,,,,,,,,,w,move_up,,0,0
12280,409333,,,,,,,,,,,,,,,,,,,,,,w,move_up,,0,0
12281,409367,,,,,,,,,,,,,,,,,,,,,,w,move_up,,0,0
12282,409400,,,,,,,,,,,,,,,,,,,,,,w,move_up,,0,0
12283,409433,,,,,,,,,,,,,,,,,,,,,,w,move_up,,0,0
12284,409467,,,,,,,,,,,,,,,,,,,,,,w,move_up,,0,0
12285,409500,,,,,,,,,,,,,,,,,,,,,,w,move_up,,0,0
12286,409533,,,,,,,,,,,,,,,,,,,,,,w,move_up,,0,0
12287,409567,,,,,,,,,,,,,,,,,,,,,,w,move_up,,0,0
12288,409600,,,,,,,,,,,,,,,,,,,,,,a|w,move_up|move_left,,0,0
12289,409633,,,,,,,,,,,,,,,,,,,,,,a|w,move_up|move_left,,0,0
12290,409667,,,,,,,,,,,,,,,,,,,,,,a|w,move_up|move_left,,0,0
12291,409700,,,,,,,,,,,,,,,,,,,,,,a|w,move_up|move_left,,0,0
12292,409733,,,,,,,,,,,,,,,,,,,,,,w,move_up,,0,0
12293,409767,,,,,,,,,,,,,,,,,,,,,,w,move_up,,0,0
12294,409800,,,,,,,,,,,,,,,,,,,,,,w,move_up,,0,0
12295,409833,,,,,,,,,,,,,,,,,,,,,,w,move_up,,0,0
12296,409867,,,,,,,,,,,,,,,,,,,,,,w,move_up,,0,0
12297,409900,,,,,,,,,,,,,,,,,,,,,,w,move_up,,0,0
12298,409933,,,,,,,,,,,,,,,,,,,,,,d|w,move_up|move_right,,0,0
12299,409967,,,,,,,,,,,,,,,,,,,,,,d|w,move_up|move_right,,0,0
12300,410000,,,,,,,,,,,,,,,,,,,,,,d|w,move_up|move_right,,0,0
12301,410033,,,,,,,,,,,,,,,,,,,,,,d|w,move_up|move_right,,0,0
12302,410067,,,,,,,,,,,,,,,,,,,,,,d|w,move_up|move_right,,0,0
12303,410100,,,,,,,,,,,,,,,,,,,,,,d|w,move_up|move_right,,0,0
12304,410133,,,,,,,,,,,,,,,,,,,,,,d|w,move_up|move_right,,0,0
12305,410167,,,,,,,,,,,,,,,,,,,,,,d|w,move_up|move_right,,0,0
12306,410200,,,,,,,,,,,,,,,,,,,,,,w,move_up,,0,0
12307,410233,,,,,,,,,,,,,,,,,,,,,,w,move_up,,0,0
12308,410267,,,,,,,,,,,,,,,,,,,,,,w,move_up,,0,0
12309,410300,,,,,,,,,,,,,,,,,,,,,,w,move_up,,0,0
12310,410333,,,,,,,,,,,,,,,,,,,,,,w,move_up,,0,0
12311,410367,,,,,,,,,,,,,,,,,,,,,,w,move_up,,0,0
12312,410400,,,,,,,,,,,,,,,,,,,,,,w,move_up,,0,0
12313,410433,,,,,,,,,,,,,,,,,,,,,,w,move_up,,0,0
12314,410467,,,,,,,,,,,,,,,,,,,,,,w,move_up,,0,0
12315,410500,,,,,,,,,,,,,,,,,,,,,,w,move_up,,0,0
12316,410533,,,,,,,,,,,,,,,,,,,,,,w,move_up,,0,0
12317,410567,,,,,,,,,,,,,,,,,,,,,,w,move_up,,0,0
12318,410600,,,,,,,,,,,,,,,,,,,,,,w,move_up,,0,0
12319,410633,,,,,,,,,,,,,,,,,,,,,,w,move_up,,0,0
12320,410667,,,,,,,,,,,,,,,,,,,,,,a|w,move_up|move_left,,0,0
12321,410700,,,,,,,,,,,,,,,,,,,,,,a|w,move_up|move_left,,0,0
12322,410733,,,,,,,,,,,,,,,,,,,,,,a|w,move_up|move_left,,0,0
12323,410767,,,,,,,,,,,,,,,,,,,,,,a|w,move_up|move_left,,0,0
12324,410800,,,,,,,,,,,,,,,,,,,,,,a|w,move_up|move_left,,0,0
12325,410833,,,,,,,,,,,,,,,,,,,,,,a|w,move_up|move_left,,0,0
12326,410867,,,,,,,,,,,,,,,,,,,,,,a|w,move_up|move_left,,0,0
12327,410900,,,,,,,,,,,,,,,,,,,,,,w,move_up,,0,0
12328,410933,,,,,,,,,,,,,,,,,,,,,,w,move_up,,0,0
12329,410967,,,,,,,,,,,,,,,,,,,,,,w,move_up,,0,0
12330,411000,,,,,,,,,,,,,,,,,,,,,,w,move_up,,0,0
12331,411033,,,,,,,,,,,,,,,,,,,,,,w,move_up,,0,0
12332,411067,,,,,,,,,,,,,,,,,,,,,,w,move_up,,0,0
12333,411100,,,,,,,,,,,,,,,,,,,,,,w,move_up,,0,0
12334,411133,,,,,,,,,,,,,,,,,,,,,,w,move_up,,0,0
12335,411167,,,,,,,,,,,,,,,,,,,,,,w,move_up,,0,0
12336,411200,,,,,,,,,,,,,,,,,,,,,,a|w,move_up|move_left,,0,0
12337,411233,,,,,,,,,,,,,,,,,,,,,,a|w,move_up|move_left,,0,0
12338,411267,,,,,,,,,,,,,,,,,,,,,,a|w,move_up|move_left,,0,0
12339,411300,,,,,,,,,,,,,,,,,,,,,,a|w,move_up|move_left,,0,0
12340,411333,,,,,,,,,,,,,,,,,,,,,,a|w,move_up|move_left,,0,0
12341,411367,,,,,,,,,,,,,,,,,,,,,,a|w,move_up|move_left,,0,0
12342,411400,,,,,,,,,,,,,,,,,,,,,,a|w,move_up|move_left,,0,0
12343,411433,,,,,,,,,,,,,,,,,,,,,,a|w,move_up|move_left,,0,0
12344,411467,,,,,,,,,,,,,,,,,,,,,,a|w,move_up|move_left,,0,0
12345,411500,,,,,,,,,,,,,,,,,,,,,,a|w,move_up|move_left,,0,0
12346,411533,,,,,,,,,,,,,,,,,,,,,,a|w,move_up|move_left,,0,0
12347,411567,,,,,,,,,,,,,,,,,,,,,,a|w,move_up|move_left,,0,0
12348,411600,,,,,,,,,,,,,,,,,,,,,,a|w,move_up|move_left,,0,0
12349,411633,,,,,,,,,,,,,,,,,,,,,,a|w,move_up|move_left,,0,0
12350,411667,,,,,,,,,,,,,,,,,,,,,,a|w,move_up|move_left,,0,0
12351,411700,,,,,,,,,,,,,,,,,,,,,,a|w,move_up|move_left,,0,0
12352,411733,,,,,,,,,,,,,,,,,,,,,,a|w,move_up|move_left,,0,0
12353,411767,,,,,,,,,,,,,,,,,,,,,,a|w,move_up|move_left,,0,0
12354,411800,,,,,,,,,,,,,,,,,,,,,,w,move_up,,0,0
12355,411833,,,,,,,,,,,,,,,,,,,,,,w,move_up,,0,0
12356,411867,,,,,,,,,,,,,,,,,,,,,,w,move_up,,0,0
12357,411900,,,,,,,,,,,,,,,,,,,,,,w,move_up,,0,0
12358,411933,,,,,,,,,,,,,,,,,,,,,,w,move_up,,0,0
12359,411967,,,,,,,,,,,,,,,,,,,,,,w,move_up,,0,0
12360,412000,,,,,,,,,,,,,,,,,,,,,,w,move_up,,0,0
12361,412033,,,,,,,,,,,,,,,,,,,,,,w,move_up,,0,0
12362,412067,,,,,,,,,,,,,,,,,,,,,,w,move_up,,0,0
12363,412100,,,,,,,,,,,,,,,,,,,,,,w,move_up,,0,0
12364,412133,,,,,,,,,,,,,,,,,,,,,,w,move_up,,0,0
12365,412167,,,,,,,,,,,,,,,,,,,,,,w,move_up,,0,0
12366,412200,,,,,,,,,,,,,,,,,,,,,,w,move_up,,0,0
12367,412233,,,,,,,,,,,,,,,,,,,,,,w,move_up,,0,0
12368,412267,,,,,,,,,,,,,,,,,,,,,,w,move_up,,0,0
12369,412300,,,,,,,,,,,,,,,,,,,,,,w,move_up,,0,0
12370,412333,,,,,,,,,,,,,,,,,,,,,,w,move_up,,0,0
12371,412367,,,,,,,,,,,,,,,,,,,,,,w,move_up,,0,0
12372,412400,,,,,,,,,,,,,,,,,,,,,,w,move_up,,0,0
12373,412433,,,,,,,,,,,,,,,,,,,,,,w,move_up,,0,0
12374,412467,,,,,,,,,,,,,,,,,,,,,,w,move_up,,0,0
12375,412500,,,,,,,,,,,,,,,,,,,,,,w,move_up,,0,0
12376,412533,,,,,,,,,,,,,,,,,,,,,,w,move_up,,0,0
12377,412567,,,,,,,,,,,,,,,,,,,,,,w,move_up,,0,0
12378,412600,,,,,,,,,,,,,,,,,,,,,,w,move_up,,0,0
12379,412633,,,,,,,,,,,,,,,,,,,,,,w,move_up,,0,0
12380,412667,,,,,,,,,,,,,,,,,,,,,,w,move_up,,0,0
12381,412700,,,,,,,,,,,,,,,,,,,,,,w,move_up,,0,0
12382,412733,,,,,,,,,,,,,,,,,,,,,,w,move_up,,0,0
12383,412767,,,,,,,,,,,,,,,,,,,,,,w,move_up,,0,0
12384,412800,,,,,,,,,,,,,,,,,,,,,,w,move_up,,0,0
12385,412833,,,,,,,,,,,,,,,,,,,,,,w,move_up,,0,0
12386,412867,,,,,,,,,,,,,,,,,,,,,,w,move_up,,0,0
12387,412900,,,,,,,,,,,,,,,,,,,,,,e|w,interact|move_up,,0,0
12388,412933,,,,,,,,,,,,,,,,,,,,,,e|w,interact|move_up,,0,0
12389,412967,,,,,,,,,,,,,,,,,,,,,,e|w,interact|move_up,,0,0
12390,413000,,,,,,,,,,,,,,,,,,,,,,w,move_up,,0,0
12391,413033,,,,,,,,,,,,,,,,,,,,,,w,move_up,,0,0
12392,413067,,,,,,,,,,,,,,,,,,,,,,w,move_up,,0,0
12393,413100,,,,,,,,,,,,,,,,,,,,,,w,move_up,,0,0
12394,413133,,,,,,,,,,,,,,,,,,,,,,d|w,move_up|move_right,,0,0
12395,413167,,,,,,,,,,,,,,,,,,,,,,d,move_right,,0,0
12396,413200,,,,,,,,,,,,,,,,,,,,,,d,move_right,,0,0
12397,413233,,,,,,,,,,,,,,,,,,,,,,d,move_right,,0,0
12398,413267,,,,,,,,,,,,,,,,,,,,,,d,move_right,,0,0
12399,413300,,,,,,,,,,,,,,,,,,,,,,,,,0,0
12400,413333,,,,,,,,,,,,,,,,,,,,,,,,,0,0
12401,413367,,,,,,,,,,,,,,,,,,,,,,,,,0,0
12402,413400,,,,,,,,,,,,,,,,,,,,,,,,,0,0
12403,413433,,,,,,,,,,,,,,,,,,,,,,,,,0,0
12404,413467,,,,,,,,,,,,,,,,,,,,,,,,,0,0
12405,413500,,,,,,,,,,,,,,,,,,,,,,w,move_up,,0,0
12406,413533,,,,,,,,,,,,,,,,,,,,,,w,move_up,,0,0
12407,413567,,,,,,,,,,,,,,,,,,,,,,w,move_up,,0,0
12408,413600,,,,,,,,,,,,,,,,,,,,,,d|w,move_up|move_right,,0,0
12409,413633,,,,,,,,,,,,,,,,,,,,,,d|w,move_up|move_right,,0,0
12410,413667,,,,,,,,,,,,,,,,,,,,,,d|w,move_up|move_right,,0,0
12411,413700,,,,,,,,,,,,,,,,,,,,,,d|w,move_up|move_right,,0,0
12412,413733,,,,,,,,,,,,,,,,,,,,,,d|w,move_up|move_right,,0,0
12413,413767,,,,,,,,,,,,,,,,,,,,,,d|w,move_up|move_right,,0,0
12414,413800,,,,,,,,,,,,,,,,,,,,,,w,move_up,,0,0
12415,413833,,,,,,,,,,,,,,,,,,,,,,w,move_up,,0,0
12416,413867,,,,,,,,,,,,,,,,,,,,,,w,move_up,,0,0
12417,413900,,,,,,,,,,,,,,,,,,,,,,w,move_up,,0,0
12418,413933,,,,,,,,,,,,,,,,,,,,,,w,move_up,,0,0
12419,413967,,,,,,,,,,,,,,,,,,,,,,w,move_up,,0,0
12420,414000,,,,,,,,,,,,,,,,,,,,,,w,move_up,,0,0
12421,414033,,,,,,,,,,,,,,,,,,,,,,w,move_up,,0,0
12422,414067,,,,,,,,,,,,,,,,,,,,,,w,move_up,,0,0
12423,414100,,,,,,,,,,,,,,,,,,,,,,w,move_up,,0,0
12424,414133,,,,,,,,,,,,,,,,,,,,,,w,move_up,,0,0
12425,414167,,,,,,,,,,,,,,,,,,,,,,w,move_up,,0,0
12426,414200,,,,,,,,,,,,,,,,,,,,,,w,move_up,,0,0
12427,414233,,,,,,,,,,,,,,,,,,,,,,w,move_up,,0,0
12428,414267,,,,,,,,,,,,,,,,,,,,,,w,move_up,,0,0
12429,414300,,,,,,,,,,,,,,,,,,,,,,w,move_up,,0,0
12430,414333,,,,,,,,,,,,,,,,,,,,,,w,move_up,,0,0
12431,414367,,,,,,,,,,,,,,,,,,,,,,w,move_up,,0,0
12432,414400,,,,,,,,,,,,,,,,,,,,,,w,move_up,,0,0
12433,414433,,,,,,,,,,,,,,,,,,,,,,w,move_up,,0,0
12434,414467,,,,,,,,,,,,,,,,,,,,,,w,move_up,,0,0
12435,414500,,,,,,,,,,,,,,,,,,,,,,w,move_up,,0,0
12436,414533,,,,,,,,,,,,,,,,,,,,,,w,move_up,,0,0
12437,414567,,,,,,,,,,,,,,,,,,,,,,w,move_up,,0,0
12438,414600,,,,,,,,,,,,,,,,,,,,,,e|w,interact|move_up,,0,0
12439,414633,,,,,,,,,,,,,,,,,,,,,,e|w,interact|move_up,,0,0
12440,414667,,,,,,,,,,,,,,,,,,,,,,e,interact,,0,0
12441,414700,,,,,,,,,,,,,,,,,,,,,,e,interact,,0,0
12442,414733,,,,,,,,,,,,,,,,,,,,,,,,,0,0
12443,414767,,,,,,,,,,,,,,,,,,,,,,,,,0,0
12444,414800,,,,,,,,,,,,,,,,,,,,,,,,,0,0
12445,414833,,,,,,,,,,,,,,,,,,,,,,,,,0,0
12446,414867,,,,,,,,,,,,,,,,,,,,,,,,,0,0
12447,414900,,,,,,,,,,,,,,,,,,,,,,,,,0,0
12448,414933,,,,,,,,,,,,,,,,,,,,,,,,,0,0
12449,414967,,,,,,,,,,,,,,,,,,,,,,,,,0,0
12450,415000,,,,,,,,,,,,,,,,,,,,,,,,,0,0
12451,415033,,,,,,,,,,,,,,,,,,,,,,,,,0,0
12452,415067,,,,,,,,,,,,,,,,,,,,,,,,,0,0
12453,415100,,,,,,,,,,,,,,,,,,,,,,,,,0,0
12454,415133,,,,,,,,,,,,,,,,,,,,,,,,,0,0
12455,415167,,,,,,,,,,,,,,,,,,,,,,,,,0,0
12456,415200,,,,,,,,,,,,,,,,,,,,,,,,,0,0
12457,415233,,,,,,,,,,,,,,,,,,,,,,,,,0,0
12458,415267,,,,,,,,,,,,,,,,,,,,,,,,,0,0
12459,415300,,,,,,,,,,,,,,,,,,,,,,,,,0,0
12460,415333,,,,,,,,,,,,,,,,,,,,,,,,,0,0
12461,415367,,,,,,,,,,,,,,,,,,,,,,,,,0,0
12462,415400,,,,,,,,,,,,,,,,,,,,,,,,,0,0
12463,415433,,,,,,,,,,,,,,,,,,,,,,,,,0,0
12464,415467,,,,,,,,,,,,,,,,,,,,,,,,,0,0
12465,415500,,,,,,,,,,,,,,,,,,,,,,,,,0,0
12466,415533,,,,,,,,,,,,,,,,,,,,,,,,,0,0
12467,415567,,,,,,,,,,,,,,,,,,,,,,,,,0,0
12468,415600,,,,,,,,,,,,,,,,,,,,,,,,,0,0
12469,415633,,,,,,,,,,,,,,,,,,,,,,,,,0,0
12470,415667,,,,,,,,,,,,,,,,,,,,,,,,,0,0
12471,415700,,,,,,,,,,,,,,,,,,,,,,,,,0,0
12472,415733,,,,,,,,,,,,,,,,,,,,,,,,,0,0
12473,415767,,,,,,,,,,,,,,,,,,,,,,,,,0,0
12474,415800,,,,,,,,,,,,,,,,,,,,,,,,,0,0
12475,415833,,,,,,,,,,,,,,,,,,,,,,,,,0,0
12476,415867,,,,,,,,,,,,,,,,,,,,,,,,,0,0
12477,415900,,,,,,,,,,,,,,,,,,,,,,,,,0,0
12478,415933,,,,,,,,,,,,,,,,,,,,,,e,interact,,0,0
12479,415967,,,,,,,,,,,,,,,,,,,,,,e,interact,,0,0
12480,416000,,,,,,,,,,,,,,,,,,,,,,e,interact,,0,0
12481,416033,,,,,,,,,,,,,,,,,,,,,,e,interact,,0,0
12482,416067,,,,,,,,,,,,,,,,,,,,,,,,,0,0
12483,416100,,,,,,,,,,,,,,,,,,,,,,,,,0,0
12484,416133,,,,,,,,,,,,,,,,,,,,,,,,,0,0
12485,416167,,,,,,,,,,,,,,,,,,,,,,,,,0,0
12486,416200,,,,,,,,,,,,,,,,,,,,,,,,,0,0
12487,416233,,,,,,,,,,,,,,,,,,,,,,,,,0,0
12488,416267,,,,,,,,,,,,,,,,,,,,,,d,move_right,,0,0
12489,416300,,,,,,,,,,,,,,,,,,,,,,d,move_right,,0,0
12490,416333,,,,,,,,,,,,,,,,,,,,,,d,move_right,,0,0
12491,416367,,,,,,,,,,,,,,,,,,,,,,d,move_right,,0,0
12492,416400,,,,,,,,,,,,,,,,,,,,,,d,move_right,,0,0
12493,416433,,,,,,,,,,,,,,,,,,,,,,d,move_right,,0,0
12494,416467,,,,,,,,,,,,,,,,,,,,,,d,move_right,,0,0
12495,416500,,,,,,,,,,,,,,,,,,,,,,d,move_right,,0,0
12496,416533,,,,,,,,,,,,,,,,,,,,,,,,,0,0
12497,416567,,,,,,,,,,,,,,,,,,,,,,,,,0,0
12498,416600,,,,,,,,,,,,,,,,,,,,,,,,,0,0
12499,416633,,,,,,,,,,,,,,,,,,,,,,w,move_up,,0,0
12500,416667,,,,,,,,,,,,,,,,,,,,,,w,move_up,,0,0
12501,416700,,,,,,,,,,,,,,,,,,,,,,w,move_up,,0,0
12502,416733,,,,,,,,,,,,,,,,,,,,,,w,move_up,,0,0
12503,416767,,,,,,,,,,,,,,,,,,,,,,w,move_up,,0,0
12504,416800,,,,,,,,,,,,,,,,,,,,,,w,move_up,,0,0
12505,416833,,,,,,,,,,,,,,,,,,,,,,d|w,move_up|move_right,,0,0
12506,416867,,,,,,,,,,,,,,,,,,,,,,d|w,move_up|move_right,,0,0
12507,416900,,,,,,,,,,,,,,,,,,,,,,d|w,move_up|move_right,,0,0
12508,416933,,,,,,,,,,,,,,,,,,,,,,d|w,move_up|move_right,,0,0
12509,416967,,,,,,,,,,,,,,,,,,,,,,d|w,move_up|move_right,,0,0
12510,417000,,,,,,,,,,,,,,,,,,,,,,w,move_up,,0,0
12511,417033,,,,,,,,,,,,,,,,,,,,,,,,,0,0
12512,417067,,,,,,,,,,,,,,,,,,,,,,,,,0,0
12513,417100,,,,,,,,,,,,,,,,,,,,,,,,,0,0
12514,417133,,,,,,,,,,,,,,,,,,,,,,,,,0,0
12515,417167,,,,,,,,,,,,,,,,,,,,,,,,,0,0
12516,417200,,,,,,,,,,,,,,,,,,,,,,,,,0,0
12517,417233,,,,,,,,,,,,,,,,,,,,,,,,,0,0
12518,417267,,,,,,,,,,,,,,,,,,,,,,,,,0,0
12519,417300,,,,,,,,,,,,,,,,,,,,,,,,,0,0
12520,417333,,,,,,,,,,,,,,,,,,,,,,d,move_right,,0,0
12521,417367,,,,,,,,,,,,,,,,,,,,,,d,move_right,,0,0
12522,417400,,,,,,,,,,,,,,,,,,,,,,d,move_right,,0,0
12523,417433,,,,,,,,,,,,,,,,,,,,,,d,move_right,,0,0
12524,417467,,,,,,,,,,,,,,,,,,,,,,,,,0,0
12525,417500,,,,,,,,,,,,,,,,,,,,,,,,,0,0
12526,417533,,,,,,,,,,,,,,,,,,,,,,,,,0,0
12527,417567,,,,,,,,,,,,,,,,,,,,,,w,move_up,,0,0
12528,417600,,,,,,,,,,,,,,,,,,,,,,w,move_up,,0,0
12529,417633,,,,,,,,,,,,,,,,,,,,,,w,move_up,,0,0
12530,417667,,,,,,,,,,,,,,,,,,,,,,d|w,move_up|move_right,,0,0
12531,417700,,,,,,,,,,,,,,,,,,,,,,d|w,move_up|move_right,,0,0
12532,417733,,,,,,,,,,,,,,,,,,,,,,d|w,move_up|move_right,,0,0
12533,417767,,,,,,,,,,,,,,,,,,,,,,d|w,move_up|move_right,,0,0
12534,417800,,,,,,,,,,,,,,,,,,,,,,d|w,move_up|move_right,,0,0
12535,417833,,,,,,,,,,,,,,,,,,,,,,w,move_up,,0,0
12536,417867,,,,,,,,,,,,,,,,,,,,,,w,move_up,,0,0
12537,417900,,,,,,,,,,,,,,,,,,,,,,w,move_up,,0,0
12538,417933,,,,,,,,,,,,,,,,,,,,,,w,move_up,,0,0
12539,417967,,,,,,,,,,,,,,,,,,,,,,w,move_up,,0,0
12540,418000,,,,,,,,,,,,,,,,,,,,,,w,move_up,,0,0
12541,418033,,,,,,,,,,,,,,,,,,,,,,w,move_up,,0,0
12542,418067,,,,,,,,,,,,,,,,,,,,,,w,move_up,,0,0
12543,418100,,,,,,,,,,,,,,,,,,,,,,d|w,move_up|move_right,,0,0
12544,418133,,,,,,,,,,,,,,,,,,,,,,d|w,move_up|move_right,,0,0
12545,418167,,,,,,,,,,,,,,,,,,,,,,d|w,move_up|move_right,,0,0
12546,418200,,,,,,,,,,,,,,,,,,,,,,w,move_up,,0,0
12547,418233,,,,,,,,,,,,,,,,,,,,,,w,move_up,,0,0
12548,418267,,,,,,,,,,,,,,,,,,,,,,w,move_up,,0,0
12549,418300,,,,,,,,,,,,,,,,,,,,,,w,move_up,,0,0
12550,418333,,,,,,,,,,,,,,,,,,,,,,w,move_up,,0,0
12551,418367,,,,,,,,,,,,,,,,,,,,,,w,move_up,,0,0
12552,418400,,,,,,,,,,,,,,,,,,,,,,w,move_up,,0,0
12553,418433,,,,,,,,,,,,,,,,,,,,,,w,move_up,,0,0
12554,418467,,,,,,,,,,,,,,,,,,,,,,w,move_up,,0,0
12555,418500,,,,,,,,,,,,,,,,,,,,,,e|w,interact|move_up,,0,0
12556,418533,,,,,,,,,,,,,,,,,,,,,,e|w,interact|move_up,,0,0
12557,418567,,,,,,,,,,,,,,,,,,,,,,e|w,interact|move_up,,0,0
12558,418600,,,,,,,,,,,,,,,,,,,,,,,,,0,0
12559,418633,,,,,,,,,,,,,,,,,,,,,,,,,0,0
12560,418667,,,,,,,,,,,,,,,,,,,,,,,,,0,0
12561,418700,,,,,,,,,,,,,,,,,,,,,,,,,0,0
12562,418733,,,,,,,,,,,,,,,,,,,,,,,,,0,0
12563,418767,,,,,,,,,,,,,,,,,,,,,,,,,0,0
12564,418800,,,,,,,,,,,,,,,,,,,,,,,,,0,0
12565,418833,,,,,,,,,,,,,,,,,,,,,,,,,0,0
12566,418867,,,,,,,,,,,,,,,,,,,,,,,,,0,0
12567,418900,,,,,,,,,,,,,,,,,,,,,,,,,0,0
12568,418933,,,,,,,,,,,,,,,,,,,,,,,,,0,0
12569,418967,,,,,,,,,,,,,,,,,,,,,,d,move_right,,0,0
12570,419000,,,,,,,,,,,,,,,,,,,,,,d,move_right,,0,0
12571,419033,,,,,,,,,,,,,,,,,,,,,,d|w,move_up|move_right,,0,0
12572,419067,,,,,,,,,,,,,,,,,,,,,,d|w,move_up|move_right,,0,0
12573,419100,,,,,,,,,,,,,,,,,,,,,,d|w,move_up|move_right,,0,0
12574,419133,,,,,,,,,,,,,,,,,,,,,,d|w,move_up|move_right,,0,0
12575,419167,,,,,,,,,,,,,,,,,,,,,,w,move_up,,0,0
12576,419200,,,,,,,,,,,,,,,,,,,,,,w,move_up,,0,0
12577,419233,,,,,,,,,,,,,,,,,,,,,,w,move_up,,0,0
12578,419267,,,,,,,,,,,,,,,,,,,,,,w,move_up,,0,0
12579,419300,,,,,,,,,,,,,,,,,,,,,,w,move_up,,0,0
12580,419333,,,,,,,,,,,,,,,,,,,,,,w,move_up,,0,0
12581,419367,,,,,,,,,,,,,,,,,,,,,,w,move_up,,0,0
12582,419400,,,,,,,,,,,,,,,,,,,,,,w,move_up,,0,0
12583,419433,,,,,,,,,,,,,,,,,,,,,,w,move_up,,0,0
12584,419467,,,,,,,,,,,,,,,,,,,,,,w,move_up,,0,0
12585,419500,,,,,,,,,,,,,,,,,,,,,,w,move_up,,0,0
12586,419533,,,,,,,,,,,,,,,,,,,,,,w,move_up,,0,0
12587,419567,,,,,,,,,,,,,,,,,,,,,,,,,0,0
12588,419600,,,,,,,,,,,,,,,,,,,,,,,,,0,0
12589,419633,,,,,,,,,,,,,,,,,,,,,,,,,0,0
12590,419667,,,,,,,,,,,,,,,,,,,,,,,,,0,0
12591,419700,,,,,,,,,,,,,,,,,,,,,,,,,0,0
12592,419733,,,,,,,,,,,,,,,,,,,,,,,,,0,0
12593,419767,,,,,,,,,,,,,,,,,,,,,,,,,0,0
12594,419800,,,,,,,,,,,,,,,,,,,,,,,,,0,0
12595,419833,,,,,,,,,,,,,,,,,,,,,,,,,0,0
12596,419867,,,,,,,,,,,,,,,,,,,,,,,,,0,0
12597,419900,,,,,,,,,,,,,,,,,,,,,,,,,0,0
12598,419933,,,,,,,,,,,,,,,,,,,,,,,,,0,0
12599,419967,,,,,,,,,,,,,,,,,,,,,,,,,0,0
12600,420000,,,,,,,,,,,,,,,,,,,,,,,,,0,0
12601,420033,,,,,,,,,,,,,,,,,,,,,,,,,0,0
12602,420067,,,,,,,,,,,,,,,,,,,,,,e,interact,,0,0
12603,420100,,,,,,,,,,,,,,,,,,,,,,e,interact,,0,0
12604,420133,,,,,,,,,,,,,,,,,,,,,,e,interact,,0,0
12605,420167,,,,,,,,,,,,,,,,,,,,,,e,interact,,0,0
12606,420200,,,,,,,,,,,,,,,,,,,,,,,,,0,0
12607,420233,,,,,,,,,,,,,,,,,,,,,,,,,0,0
12608,420267,,,,,,,,,,,,,,,,,,,,,,,,,0,0
12609,420300,,,,,,,,,,,,,,,,,,,,,,,,,0,0
12610,420333,,,,,,,,,,,,,,,,,,,,,,,,,0,0
12611,420367,,,,,,,,,,,,,,,,,,,,,,,,,0,0
12612,420400,,,,,,,,,,,,,,,,,,,,,,,,,0,0
12613,420433,,,,,,,,,,,,,,,,,,,,,,,,,0,0
12614,420467,,,,,,,,,,,,,,,,,,,,,,,,,0,0
12615,420500,,,,,,,,,,,,,,,,,,,,,,,,,0,0
12616,420533,,,,,,,,,,,,,,,,,,,,,,,,,0,0
12617,420567,,,,,,,,,,,,,,,,,,,,,,,,,0,0
12618,420600,,,,,,,,,,,,,,,,,,,,,,,,,0,0
12619,420633,,,,,,,,,,,,,,,,,,,,,,,,,0,0
12620,420667,,,,,,,,,,,,,,,,,,,,,,,,,0,0
12621,420700,,,,,,,,,,,,,,,,,,,,,,d,move_right,,0,0
12622,420733,,,,,,,,,,,,,,,,,,,,,,d,move_right,,0,0
12623,420767,,,,,,,,,,,,,,,,,,,,,,d,move_right,,0,0
12624,420800,,,,,,,,,,,,,,,,,,,,,,d,move_right,,0,0
12625,420833,,,,,,,,,,,,,,,,,,,,,,d,move_right,,0,0
12626,420867,,,,,,,,,,,,,,,,,,,,,,d|s,move_down|move_right,,0,0
12627,420900,,,,,,,,,,,,,,,,,,,,,,d|s,move_down|move_right,,0,0
12628,420933,,,,,,,,,,,,,,,,,,,,,,s,move_down,,0,0
12629,420967,,,,,,,,,,,,,,,,,,,,,,s,move_down,,0,0
12630,421000,,,,,,,,,,,,,,,,,,,,,,s,move_down,,0,0
12631,421033,,,,,,,,,,,,,,,,,,,,,,s,move_down,,0,0
12632,421067,,,,,,,,,,,,,,,,,,,,,,,,,0,0
12633,421100,,,,,,,,,,,,,,,,,,,,,,,,,0,0
12634,421133,,,,,,,,,,,,,,,,,,,,,,,,,0,0
12635,421167,,,,,,,,,,,,,,,,,,,,,,,,,0,0
12636,421200,,,,,,,,,,,,,,,,,,,,,,,,,0,0
12637,421233,,,,,,,,,,,,,,,,,,,,,,,,,0,0
12638,421267,,,,,,,,,,,,,,,,,,,,,,,,,0,0
12639,421300,,,,,,,,,,,,,,,,,,,,,,,,,0,0
12640,421333,,,,,,,,,,,,,,,,,,,,,,,,,0,0
12641,421367,,,,,,,,,,,,,,,,,,,,,,,,,0,0
12642,421400,,,,,,,,,,,,,,,,,,,,,,,,,0,0
12643,421433,,,,,,,,,,,,,,,,,,,,,,,,,0,0
12644,421467,,,,,,,,,,,,,,,,,,,,,,,,,0,0
12645,421500,,,,,,,,,,,,,,,,,,,,,,,,,0,0
12646,421533,,,,,,,,,,,,,,,,,,,,,,,,,0,0
12647,421567,,,,,,,,,,,,,,,,,,,,,,,,,0,0
12648,421600,,,,,,,,,,,,,,,,,,,,,,,,,0,0
12649,421633,,,,,,,,,,,,,,,,,,,,,,s,move_down,,0,0
12650,421667,,,,,,,,,,,,,,,,,,,,,,s,move_down,,0,0
12651,421700,,,,,,,,,,,,,,,,,,,,,,s,move_down,,0,0
12652,421733,,,,,,,,,,,,,,,,,,,,,,s,move_down,,0,0
12653,421767,,,,,,,,,,,,,,,,,,,,,,s,move_down,,0,0
12654,421800,,,,,,,,,,,,,,,,,,,,,,s,move_down,,0,0
12655,421833,,,,,,,,,,,,,,,,,,,,,,s,move_down,,0,0
12656,421867,,,,,,,,,,,,,,,,,,,,,,s,move_down,,0,0
12657,421900,,,,,,,,,,,,,,,,,,,,,,,,,0,0
12658,421933,,,,,,,,,,,,,,,,,,,,,,,,,0,0
12659,421967,,,,,,,,,,,,,,,,,,,,,,,,,0,0
12660,422000,,,,,,,,,,,,,,,,,,,,,,,,,0,0
12661,422033,,,,,,,,,,,,,,,,,,,,,,,,,0,0
12662,422067,,,,,,,,,,,,,,,,,,,,,,,,,0,0
12663,422100,,,,,,,,,,,,,,,,,,,,,,,,,0,0
12664,422133,,,,,,,,,,,,,,,,,,,,,,,,,0,0
12665,422167,,,,,,,,,,,,,,,,,,,,,,,,,0,0
12666,422200,,,,,,,,,,,,,,,,,,,,,,,,,0,0
12667,422233,,,,,,,,,,,,,,,,,,,,,,,,,0,0
12668,422267,,,,,,,,,,,,,,,,,,,,,,,,,0,0
12669,422300,,,,,,,,,,,,,,,,,,,,,,,,,0,0
12670,422333,,,,,,,,,,,,,,,,,,,,,,,,,0,0
12671,422367,,,,,,,,,,,,,,,,,,,,,,,,,0,0
12672,422400,,,,,,,,,,,,,,,,,,,,,,,,,0,0
12673,422433,,,,,,,,,,,,,,,,,,,,,,,,,0,0
12674,422467,,,,,,,,,,,,,,,,,,,,,,w,move_up,,0,0
12675,422500,,,,,,,,,,,,,,,,,,,,,,w,move_up,,0,0
12676,422533,,,,,,,,,,,,,,,,,,,,,,w,move_up,,0,0
12677,422567,,,,,,,,,,,,,,,,,,,,,,w,move_up,,0,0
12678,422600,,,,,,,,,,,,,,,,,,,,,,w,move_up,,0,0
12679,422633,,,,,,,,,,,,,,,,,,,,,,w,move_up,,0,0
12680,422667,,,,,,,,,,,,,,,,,,,,,,w,move_up,,0,0
12681,422700,,,,,,,,,,,,,,,,,,,,,,w,move_up,,0,0
12682,422733,,,,,,,,,,,,,,,,,,,,,,w,move_up,,0,0
12683,422767,,,,,,,,,,,,,,,,,,,,,,w,move_up,,0,0
12684,422800,,,,,,,,,,,,,,,,,,,,,,w,move_up,,0,0
12685,422833,,,,,,,,,,,,,,,,,,,,,,,,,0,0
12686,422867,,,,,,,,,,,,,,,,,,,,,,,,,0,0
12687,422900,,,,,,,,,,,,,,,,,,,,,,,,,0,0
12688,422933,,,,,,,,,,,,,,,,,,,,,,,,,0,0
12689,422967,,,,,,,,,,,,,,,,,,,,,,,,,0,0
12690,423000,,,,,,,,,,,,,,,,,,,,,,,,,0,0
12691,423033,,,,,,,,,,,,,,,,,,,,,,,,,0,0
12692,423067,,,,,,,,,,,,,,,,,,,,,,,,,0,0
12693,423100,,,,,,,,,,,,,,,,,,,,,,,,,0,0
12694,423133,,,,,,,,,,,,,,,,,,,,,,,,,0,0
12695,423167,,,,,,,,,,,,,,,,,,,,,,,,,0,0
12696,423200,,,,,,,,,,,,,,,,,,,,,,w,move_up,,0,0
12697,423233,,,,,,,,,,,,,,,,,,,,,,w,move_up,,0,0
12698,423267,,,,,,,,,,,,,,,,,,,,,,w,move_up,,0,0
12699,423300,,,,,,,,,,,,,,,,,,,,,,w,move_up,,0,0
12700,423333,,,,,,,,,,,,,,,,,,,,,,w,move_up,,0,0
12701,423367,,,,,,,,,,,,,,,,,,,,,,w,move_up,,0,0
12702,423400,,,,,,,,,,,,,,,,,,,,,,w,move_up,,0,0
12703,423433,,,,,,,,,,,,,,,,,,,,,,w,move_up,,0,0
12704,423467,,,,,,,,,,,,,,,,,,,,,,w,move_up,,0,0
12705,423500,,,,,,,,,,,,,,,,,,,,,,w,move_up,,0,0
12706,423533,,,,,,,,,,,,,,,,,,,,,,w,move_up,,0,0
12707,423567,,,,,,,,,,,,,,,,,,,,,,w,move_up,,0,0
12708,423600,,,,,,,,,,,,,,,,,,,,,,w,move_up,,0,0
12709,423633,,,,,,,,,,,,,,,,,,,,,,d|w,move_up|move_right,,0,0
12710,423667,,,,,,,,,,,,,,,,,,,,,,d|w,move_up|move_right,,0,0
12711,423700,,,,,,,,,,,,,,,,,,,,,,d|w,move_up|move_right,,0,0
12712,423733,,,,,,,,,,,,,,,,,,,,,,d|w,move_up|move_right,,0,0
12713,423767,,,,,,,,,,,,,,,,,,,,,,d|w,move_up|move_right,,0,0
12714,423800,,,,,,,,,,,,,,,,,,,,,,d|w,move_up|move_right,,0,0
12715,423833,,,,,,,,,,,,,,,,,,,,,,w,move_up,,0,0
12716,423867,,,,,,,,,,,,,,,,,,,,,,w,move_up,,0,0
12717,423900,,,,,,,,,,,,,,,,,,,,,,w,move_up,,0,0
12718,423933,,,,,,,,,,,,,,,,,,,,,,w,move_up,,0,0
12719,423967,,,,,,,,,,,,,,,,,,,,,,w,move_up,,0,0
12720,424000,,,,,,,,,,,,,,,,,,,,,,w,move_up,,0,0
12721,424033,,,,,,,,,,,,,,,,,,,,,,w,move_up,,0,0
12722,424067,,,,,,,,,,,,,,,,,,,,,,w,move_up,,0,0
12723,424100,,,,,,,,,,,,,,,,,,,,,,w,move_up,,0,0
12724,424133,,,,,,,,,,,,,,,,,,,,,,w,move_up,,0,0
12725,424167,,,,,,,,,,,,,,,,,,,,,,w,move_up,,0,0
12726,424200,,,,,,,,,,,,,,,,,,,,,,w,move_up,,0,0
12727,424233,,,,,,,,,,,,,,,,,,,,,,w,move_up,,0,0
12728,424267,,,,,,,,,,,,,,,,,,,,,,w,move_up,,0,0
12729,424300,,,,,,,,,,,,,,,,,,,,,,w,move_up,,0,0
12730,424333,,,,,,,,,,,,,,,,,,,,,,w,move_up,,0,0
12731,424367,,,,,,,,,,,,,,,,,,,,,,w,move_up,,0,0
12732,424400,,,,,,,,,,,,,,,,,,,,,,w,move_up,,0,0
12733,424433,,,,,,,,,,,,,,,,,,,,,,w,move_up,,0,0
12734,424467,,,,,,,,,,,,,,,,,,,,,,w,move_up,,0,0
12735,424500,,,,,,,,,,,,,,,,,,,,,,w,move_up,,0,0
12736,424533,,,,,,,,,,,,,,,,,,,,,,w,move_up,,0,0
12737,424567,,,,,,,,,,,,,,,,,,,,,,w,move_up,,0,0
12738,424600,,,,,,,,,,,,,,,,,,,,,,d|w,move_up|move_right,,0,0
12739,424633,,,,,,,,,,,,,,,,,,,,,,d|w,move_up|move_right,,0,0
12740,424667,,,,,,,,,,,,,,,,,,,,,,d|w,move_up|move_right,,0,0
12741,424700,,,,,,,,,,,,,,,,,,,,,,d|w,move_up|move_right,,0,0
12742,424733,,,,,,,,,,,,,,,,,,,,,,w,move_up,,0,0
12743,424767,,,,,,,,,,,,,,,,,,,,,,w,move_up,,0,0
12744,424800,,,,,,,,,,,,,,,,,,,,,,w,move_up,,0,0
12745,424833,,,,,,,,,,,,,,,,,,,,,,w,move_up,,0,0
12746,424867,,,,,,,,,,,,,,,,,,,,,,w,move_up,,0,0
12747,424900,,,,,,,,,,,,,,,,,,,,,,w,move_up,,0,0
