frame_id,timestamp_ms,c2w_m00,c2w_m01,c2w_m02,c2w_m03,c2w_m10,c2w_m11,c2w_m12,c2w_m13,c2w_m20,c2w_m21,c2w_m22,c2w_m23,c2w_m30,c2w_m31,c2w_m32,c2w_m33,camera_model,camera_fx,camera_fy,camera_cx,camera_cy,input_keys,input_actions,input_mouse_buttons,input_mouse_dx,input_mouse_dy
0,0,,,,,,,,,,,,,,,,,,,,,,,,,0,0
1,33,,,,,,,,,,,,,,,,,,,,,,,,,0,0
2,67,,,,,,,,,,,,,,,,,,,,,,,,,0,0
3,100,,,,,,,,,,,,,,,,,,,,,,,,,0,0
4,133,,,,,,,,,,,,,,,,,,,,,,,,,0,0
5,167,,,,,,,,,,,,,,,,,,,,,,,,,0,0
6,200,,,,,,,,,,,,,,,,,,,,,,,,,0,0
7,233,,,,,,,,,,,,,,,,,,,,,,,,,0,0
8,267,,,,,,,,,,,,,,,,,,,,,,,,,0,0
9,300,,,,,,,,,,,,,,,,,,,,,,,,,0,0
10,333,,,,,,,,,,,,,,,,,,,,,,,,,0,0
11,367,,,,,,,,,,,,,,,,,,,,,,,,,0,0
12,400,,,,,,,,,,,,,,,,,,,,,,,,,0,0
13,433,,,,,,,,,,,,,,,,,,,,,,,,,0,0
14,467,,,,,,,,,,,,,,,,,,,,,,,,,0,0
15,500,,,,,,,,,,,,,,,,,,,,,,,,,0,0
16,533,,,,,,,,,,,,,,,,,,,,,,,,,0,0
17,567,,,,,,,,,,,,,,,,,,,,,,,,,0,0
18,600,,,,,,,,,,,,,,,,,,,,,,,,,0,0
19,633,,,,,,,,,,,,,,,,,,,,,,,,,0,0
20,667,,,,,,,,,,,,,,,,,,,,,,,,,0,0
21,700,,,,,,,,,,,,,,,,,,,,,,,,,0,0
22,733,,,,,,,,,,,,,,,,,,,,,,,,,0,0
23,767,,,,,,,,,,,,,,,,,,,,,,,,,0,0
24,800,,,,,,,,,,,,,,,,,,,,,,,,,0,0
25,833,,,,,,,,,,,,,,,,,,,,,,,,,0,0
26,867,,,,,,,,,,,,,,,,,,,,,,,,,0,0
27,900,,,,,,,,,,,,,,,,,,,,,,,,,0,0
28,933,,,,,,,,,,,,,,,,,,,,,,,,,0,0
29,967,,,,,,,,,,,,,,,,,,,,,,,,,0,0
30,1000,,,,,,,,,,,,,,,,,,,,,,,,,0,0
31,1033,,,,,,,,,,,,,,,,,,,,,,,,,0,0
32,1067,,,,,,,,,,,,,,,,,,,,,,,,,0,0
33,1100,,,,,,,,,,,,,,,,,,,,,,,,,0,0
34,1133,,,,,,,,,,,,,,,,,,,,,,,,,0,0
35,1167,,,,,,,,,,,,,,,,,,,,,,,,,0,0
36,1200,,,,,,,,,,,,,,,,,,,,,,,,,0,0
37,1233,,,,,,,,,,,,,,,,,,,,,,,,,0,0
38,1267,,,,,,,,,,,,,,,,,,,,,,,,,0,0
39,1300,,,,,,,,,,,,,,,,,,,,,,,,,0,0
40,1333,,,,,,,,,,,,,,,,,,,,,,,,,0,0
41,1367,,,,,,,,,,,,,,,,,,,,,,,,,0,0
42,1400,,,,,,,,,,,,,,,,,,,,,,,,,0,0
43,1433,,,,,,,,,,,,,,,,,,,,,,,,,0,0
44,1467,,,,,,,,,,,,,,,,,,,,,,,,,0,0
45,1500,,,,,,,,,,,,,,,,,,,,,,,,,0,0
46,1533,,,,,,,,,,,,,,,,,,,,,,,,,0,0
47,1567,,,,,,,,,,,,,,,,,,,,,,,,,0,0
48,1600,,,,,,,,,,,,,,,,,,,,,,,,,0,0
49,1633,,,,,,,,,,,,,,,,,,,,,,,,,0,0
50,1667,,,,,,,,,,,,,,,,,,,,,,,,,0,0
51,1700,,,,,,,,,,,,,,,,,,,,,,,,,0,0
52,1733,,,,,,,,,,,,,,,,,,,,,,,,,0,0
53,1767,,,,,,,,,,,,,,,,,,,,,,,,,0,0
54,1800,,,,,,,,,,,,,,,,,,,,,,,,,0,0
55,1833,,,,,,,,,,,,,,,,,,,,,,,,,0,0
56,1867,,,,,,,,,,,,,,,,,,,,,,,,,0,0
57,1900,,,,,,,,,,,,,,,,,,,,,,,,,0,0
58,1933,,,,,,,,,,,,,,,,,,,,,,,,,0,0
59,1967,,,,,,,,,,,,,,,,,,,,,,,,,0,0
60,2000,,,,,,,,,,,,,,,,,,,,,,,,,0,0
61,2033,,,,,,,,,,,,,,,,,,,,,,,,,0,0
62,2067,,,,,,,,,,,,,,,,,,,,,,,,,0,0
63,2100,,,,,,,,,,,,,,,,,,,,,,,,,0,0
64,2133,,,,,,,,,,,,,,,,,,,,,,,,,0,0
65,2167,,,,,,,,,,,,,,,,,,,,,,,,,0,0
66,2200,,,,,,,,,,,,,,,,,,,,,,,,,0,0
67,2233,,,,,,,,,,,,,,,,,,,,,,,,,0,0
68,2267,,,,,,,,,,,,,,,,,,,,,,,,,0,0
69,2300,,,,,,,,,,,,,,,,,,,,,,,,,0,0
70,2333,,,,,,,,,,,,,,,,,,,,,,,,,0,0
71,2367,,,,,,,,,,,,,,,,,,,,,,,,,0,0
72,2400,,,,,,,,,,,,,,,,,,,,,,,,,0,0
73,2433,,,,,,,,,,,,,,,,,,,,,,,,,0,0
74,2467,,,,,,,,,,,,,,,,,,,,,,,,,0,0
75,2500,,,,,,,,,,,,,,,,,,,,,,,,,0,0
76,2533,,,,,,,,,,,,,,,,,,,,,,,,,0,0
77,2567,,,,,,,,,,,,,,,,,,,,,,,,,0,0
78,2600,,,,,,,,,,,,,,,,,,,,,,,,,0,0
79,2633,,,,,,,,,,,,,,,,,,,,,,,,,0,0
80,2667,,,,,,,,,,,,,,,,,,,,,,,,,0,0
81,2700,,,,,,,,,,,,,,,,,,,,,,,,,0,0
82,2733,,,,,,,,,,,,,,,,,,,,,,,,,0,0
83,2767,,,,,,,,,,,,,,,,,,,,,,,,,0,0
84,2800,,,,,,,,,,,,,,,,,,,,,,,,,0,0
85,2833,,,,,,,,,,,,,,,,,,,,,,,,,0,0
86,2867,,,,,,,,,,,,,,,,,,,,,,,,,0,0
87,2900,,,,,,,,,,,,,,,,,,,,,,,,,0,0
88,2933,,,,,,,,,,,,,,,,,,,,,,,,,0,0
89,2967,,,,,,,,,,,,,,,,,,,,,,,,,0,0
90,3000,,,,,,,,,,,,,,,,,,,,,,,,,0,0
91,3033,,,,,,,,,,,,,,,,,,,,,,,,,1,0
92,3067,,,,,,,,,,,,,,,,,,,,,,w,move_up,,1,1
93,3100,,,,,,,,,,,,,,,,,,,,,,,,,0,1
94,3133,,,,,,,,,,,,,,,,,,,,,,,,,3,1
95,3167,,,,,,,,,,,,,,,,,,,,,,w,move_up,,3,2
96,3200,,,,,,,,,,,,,,,,,,,,,,w,move_up,,10,1
97,3233,,,,,,,,,,,,,,,,,,,,,,w,move_up,,19,1
98,3267,,,,,,,,,,,,,,,,,,,,,,w,move_up,,16,1
99,3300,,,,,,,,,,,,,,,,,,,,,,w,move_up,,0,0
100,3333,,,,,,,,,,,,,,,,,,,,,,w,move_up,,1,0
101,3367,,,,,,,,,,,,,,,,,,,,,,,,,0,0
102,3400,,,,,,,,,,,,,,,,,,,,,,,,,0,0
103,3433,,,,,,,,,,,,,,,,,,,,,,,,,0,0
104,3467,,,,,,,,,,,,,,,,,,,,,,,,,-2,-3
105,3500,,,,,,,,,,,,,,,,,,,,,,,,,-2,-1
106,3533,,,,,,,,,,,,,,,,,,,,,,,,,0,0
107,3567,,,,,,,,,,,,,,,,,,,,,,,,,-6,-1
108,3600,,,,,,,,,,,,,,,,,,,,,,,,,-25,-6
109,3633,,,,,,,,,,,,,,,,,,,,,,,,,-23,-3
110,3667,,,,,,,,,,,,,,,,,,,,,,,,,-6,0
111,3700,,,,,,,,,,,,,,,,,,,,,,,,,-2,0
112,3733,,,,,,,,,,,,,,,,,,,,,,,,,0,0
113,3767,,,,,,,,,,,,,,,,,,,,,,,,,0,0
114,3800,,,,,,,,,,,,,,,,,,,,,,,,,0,0
115,3833,,,,,,,,,,,,,,,,,,,,,,,,,0,0
116,3867,,,,,,,,,,,,,,,,,,,,,,,,,0,0
117,3900,,,,,,,,,,,,,,,,,,,,,,,,,0,0
118,3933,,,,,,,,,,,,,,,,,,,,,,,,,5,-2
119,3967,,,,,,,,,,,,,,,,,,,,,,,,,1,-1
120,4000,,,,,,,,,,,,,,,,,,,,,,,,,0,0
121,4033,,,,,,,,,,,,,,,,,,,,,,,,,0,0
122,4067,,,,,,,,,,,,,,,,,,,,,,s,move_down,,-8,-1
123,4100,,,,,,,,,,,,,,,,,,,,,,s,move_down,,-51,8
124,4133,,,,,,,,,,,,,,,,,,,,,,s,move_down,,-105,16
125,4167,,,,,,,,,,,,,,,,,,,,,,s,move_down,,-178,8
126,4200,,,,,,,,,,,,,,,,,,,,,,s,move_down,,-86,0
127,4233,,,,,,,,,,,,,,,,,,,,,,s,move_down,,0,0
128,4267,,,,,,,,,,,,,,,,,,,,,,,,,-13,1
129,4300,,,,,,,,,,,,,,,,,,,,,,,,,0,0
130,4333,,,,,,,,,,,,,,,,,,,,,,,,,0,0
131,4367,,,,,,,,,,,,,,,,,,,,,,,,,0,0
132,4400,,,,,,,,,,,,,,,,,,,,,,,,,-20,-10
133,4433,,,,,,,,,,,,,,,,,,,,,,,,,-153,-16
134,4467,,,,,,,,,,,,,,,,,,,,,,w,move_up,,-119,-11
135,4500,,,,,,,,,,,,,,,,,,,,,,w,move_up,,-47,-2
136,4533,,,,,,,,,,,,,,,,,,,,,,w,move_up,,-1,1
137,4567,,,,,,,,,,,,,,,,,,,,,,w,move_up,,0,2
138,4600,,,,,,,,,,,,,,,,,,,,,,w,move_up,,0,0
139,4633,,,,,,,,,,,,,,,,,,,,,,w,move_up,,-1,1
140,4667,,,,,,,,,,,,,,,,,,,,,,w,move_up,,-17,3
141,4700,,,,,,,,,,,,,,,,,,,,,,w,move_up,,-12,2
142,4733,,,,,,,,,,,,,,,,,,,,,,w,move_up,,-5,4
143,4767,,,,,,,,,,,,,,,,,,,,,,,,,-1,5
144,4800,,,,,,,,,,,,,,,,,,,,,,,,,0,0
145,4833,,,,,,,,,,,,,,,,,,,,,,w,move_up,,0,2
146,4867,,,,,,,,,,,,,,,,,,,,,,w,move_up,,0,0
147,4900,,,,,,,,,,,,,,,,,,,,,,w,move_up,,0,0
148,4933,,,,,,,,,,,,,,,,,,,,,,w,move_up,,1,-1
149,4967,,,,,,,,,,,,,,,,,,,,,,w,move_up,,18,-7
150,5000,,,,,,,,,,,,,,,,,,,,,,w,move_up,,0,0
151,5033,,,,,,,,,,,,,,,,,,,,,,w,move_up,,1,0
152,5067,,,,,,,,,,,,,,,,,,,,,,w,move_up,,0,0
153,5100,,,,,,,,,,,,,,,,,,,,,,w,move_up,,0,0
154,5133,,,,,,,,,,,,,,,,,,,,,,w,move_up,,0,0
155,5167,,,,,,,,,,,,,,,,,,,,,,w,move_up,,0,0
156,5200,,,,,,,,,,,,,,,,,,,,,,w,move_up,,0,0
157,5233,,,,,,,,,,,,,,,,,,,,,,w,move_up,,0,0
158,5267,,,,,,,,,,,,,,,,,,,,,,w,move_up,,0,0
159,5300,,,,,,,,,,,,,,,,,,,,,,w,move_up,,0,0
160,5333,,,,,,,,,,,,,,,,,,,,,,w,move_up,,0,0
161,5367,,,,,,,,,,,,,,,,,,,,,,w,move_up,,0,-1
162,5400,,,,,,,,,,,,,,,,,,,,,,w,move_up,,-33,-17
163,5433,,,,,,,,,,,,,,,,,,,,,,w,move_up,,11,14
164,5467,,,,,,,,,,,,,,,,,,,,,,w,move_up,,42,11
165,5500,,,,,,,,,,,,,,,,,,,,,,w,move_up,,8,3
166,5533,,,,,,,,,,,,,,,,,,,,,,w,move_up,,0,0
167,5567,,,,,,,,,,,,,,,,,,,,,,w,move_up,,1,0
168,5600,,,,,,,,,,,,,,,,,,,,,,w,move_up,,-3,-3
169,5633,,,,,,,,,,,,,,,,,,,,,,w,move_up,,0,0
170,5667,,,,,,,,,,,,,,,,,,,,,,w,move_up,,-3,1
171,5700,,,,,,,,,,,,,,,,,,,,,,w,move_up,,0,0
172,5733,,,,,,,,,,,,,,,,,,,,,,w,move_up,,0,0
173,5767,,,,,,,,,,,,,,,,,,,,,,w,move_up,,0,0
174,5800,,,,,,,,,,,,,,,,,,,,,,w,move_up,,0,0
175,5833,,,,,,,,,,,,,,,,,,,,,,w,move_up,,0,0
176,5867,,,,,,,,,,,,,,,,,,,,,,w,move_up,,0,0
177,5900,,,,,,,,,,,,,,,,,,,,,,w,move_up,,0,0
178,5933,,,,,,,,,,,,,,,,,,,,,,w,move_up,,0,0
179,5967,,,,,,,,,,,,,,,,,,,,,,w,move_up,,0,0
180,6000,,,,,,,,,,,,,,,,,,,,,,w,move_up,,0,0
181,6033,,,,,,,,,,,,,,,,,,,,,,w,move_up,,0,0
182,6067,,,,,,,,,,,,,,,,,,,,,,w,move_up,,0,0
183,6100,,,,,,,,,,,,,,,,,,,,,,w,move_up,,0,0
184,6133,,,,,,,,,,,,,,,,,,,,,,w,move_up,,-1,-2
185,6167,,,,,,,,,,,,,,,,,,,,,,w,move_up,,-1,19
186,6200,,,,,,,,,,,,,,,,,,,,,,w,move_up,,16,29
187,6233,,,,,,,,,,,,,,,,,,,,,,w,move_up,,20,20
188,6267,,,,,,,,,,,,,,,,,,,,,,w,move_up,,13,9
189,6300,,,,,,,,,,,,,,,,,,,,,,w,move_up,,2,2
190,6333,,,,,,,,,,,,,,,,,,,,,,w,move_up,,0,0
191,6367,,,,,,,,,,,,,,,,,,,,,,w,move_up,,0,1
192,6400,,,,,,,,,,,,,,,,,,,,,,w,move_up,,0,0
193,6433,,,,,,,,,,,,,,,,,,,,,,w,move_up,,0,0
194,6467,,,,,,,,,,,,,,,,,,,,,,w,move_up,,0,-1
195,6500,,,,,,,,,,,,,,,,,,,,,,w,move_up,,4,1
196,6533,,,,,,,,,,,,,,,,,,,,,,w,move_up,,0,0
197,6567,,,,,,,,,,,,,,,,,,,,,,w,move_up,,0,0
198,6600,,,,,,,,,,,,,,,,,,,,,,w,move_up,,0,0
199,6633,,,,,,,,,,,,,,,,,,,,,,w,move_up,,0,0
200,6667,,,,,,,,,,,,,,,,,,,,,,w,move_up,,0,0
201,6700,,,,,,,,,,,,,,,,,,,,,,w,move_up,,0,0
202,6733,,,,,,,,,,,,,,,,,,,,,,w,move_up,,0,0
203,6767,,,,,,,,,,,,,,,,,,,,,,w,move_up,,0,0
204,6800,,,,,,,,,,,,,,,,,,,,,,w,move_up,,0,0
205,6833,,,,,,,,,,,,,,,,,,,,,,w,move_up,,0,0
206,6867,,,,,,,,,,,,,,,,,,,,,,w,move_up,,0,0
207,6900,,,,,,,,,,,,,,,,,,,,,,w,move_up,,0,0
208,6933,,,,,,,,,,,,,,,,,,,,,,w,move_up,,0,0
209,6967,,,,,,,,,,,,,,,,,,,,,,w,move_up,,-2,-14
210,7000,,,,,,,,,,,,,,,,,,,,,,w,move_up,,3,-24
211,7033,,,,,,,,,,,,,,,,,,,,,,w,move_up,,-3,-24
212,7067,,,,,,,,,,,,,,,,,,,,,,w,move_up,,-12,-29
213,7100,,,,,,,,,,,,,,,,,,,,,,w,move_up,,-5,-13
214,7133,,,,,,,,,,,,,,,,,,,,,,w,move_up,,0,0
215,7167,,,,,,,,,,,,,,,,,,,,,,,,,-4,7
216,7200,,,,,,,,,,,,,,,,,,,,,,,,,-3,11
217,7233,,,,,,,,,,,,,,,,,,,,,,,,,0,3
218,7267,,,,,,,,,,,,,,,,,,,,,,,,,0,0
219,7300,,,,,,,,,,,,,,,,,,,,,,w,move_up,,0,0
220,7333,,,,,,,,,,,,,,,,,,,,,,w,move_up,,0,0
221,7367,,,,,,,,,,,,,,,,,,,,,,w,move_up,,0,0
222,7400,,,,,,,,,,,,,,,,,,,,,,w,move_up,,0,0
223,7433,,,,,,,,,,,,,,,,,,,,,,w,move_up,,0,0
224,7467,,,,,,,,,,,,,,,,,,,,,,w,move_up,,-1,3
225,7500,,,,,,,,,,,,,,,,,,,,,,w,move_up,,-7,5
226,7533,,,,,,,,,,,,,,,,,,,,,,w,move_up,,-7,3
227,7567,,,,,,,,,,,,,,,,,,,,,,w,move_up,,-5,2
228,7600,,,,,,,,,,,,,,,,,,,,,,w,move_up,,-1,0
229,7633,,,,,,,,,,,,,,,,,,,,,,w,move_up,,-2,1
230,7667,,,,,,,,,,,,,,,,,,,,,,d|w,move_up|move_right,,-3,1
231,7700,,,,,,,,,,,,,,,,,,,,,,d|w,move_up|move_right,,-5,0
232,7733,,,,,,,,,,,,,,,,,,,,,,d|w,move_up|move_right,,-12,0
233,7767,,,,,,,,,,,,,,,,,,,,,,d|w,move_up|move_right,,-14,0
234,7800,,,,,,,,,,,,,,,,,,,,,,d|w,move_up|move_right,,-9,0
235,7833,,,,,,,,,,,,,,,,,,,,,,w,move_up,,0,0
236,7867,,,,,,,,,,,,,,,,,,,,,,w,move_up,,0,0
237,7900,,,,,,,,,,,,,,,,,,,,,,,,,0,0
238,7933,,,,,,,,,,,,,,,,,,,,,,,,,0,0
239,7967,,,,,,,,,,,,,,,,,,,,,,,,,0,0
240,8000,,,,,,,,,,,,,,,,,,,,,,,,,-1,0
241,8033,,,,,,,,,,,,,,,,,,,,,,,,,-2,0
242,8067,,,,,,,,,,,,,,,,,,,,,,,,,-13,-4
243,8100,,,,,,,,,,,,,,,,,,,,,,w,move_up,,-25,-13
244,8133,,,,,,,,,,,,,,,,,,,,,,w,move_up,,-17,-3
245,8167,,,,,,,,,,,,,,,,,,,,,,w,move_up,,-10,1
246,8200,,,,,,,,,,,,,,,,,,,,,,w,move_up,,-8,10
247,8233,,,,,,,,,,,,,,,,,,,,,,w,move_up,,-6,21
248,8267,,,,,,,,,,,,,,,,,,,,,,,,,2,26
249,8300,,,,,,,,,,,,,,,,,,,,,,,,,15,32
250,8333,,,,,,,,,,,,,,,,,,,,,,w,move_up,,17,22
251,8367,,,,,,,,,,,,,,,,,,,,,,w,move_up,,11,11
252,8400,,,,,,,,,,,,,,,,,,,,,,w,move_up,,7,4
253,8433,,,,,,,,,,,,,,,,,,,,,,w,move_up,,23,4
254,8467,,,,,,,,,,,,,,,,,,,,,,w,move_up,,19,1
255,8500,,,,,,,,,,,,,,,,,,,,,,w,move_up,,8,0
256,8533,,,,,,,,,,,,,,,,,,,,,,w,move_up,,3,-1
257,8567,,,,,,,,,,,,,,,,,,,,,,w,move_up,,3,-2
258,8600,,,,,,,,,,,,,,,,,,,,,,w,move_up,,0,0
259,8633,,,,,,,,,,,,,,,,,,,,,,,,,0,-1
260,8667,,,,,,,,,,,,,,,,,,,,,,,,,3,0
261,8700,,,,,,,,,,,,,,,,,,,,,,,,,7,1
262,8733,,,,,,,,,,,,,,,,,,,,,,w,move_up,,10,3
263,8767,,,,,,,,,,,,,,,,,,,,,,w,move_up,,9,2
264,8800,,,,,,,,,,,,,,,,,,,,,,w,move_up,,4,0
265,8833,,,,,,,,,,,,,,,,,,,,,,w,move_up,,0,-1
266,8867,,,,,,,,,,,,,,,,,,,,,,w,move_up,,-1,-5
267,8900,,,,,,,,,,,,,,,,,,,,,,w,move_up,,-6,-7
268,8933,,,,,,,,,,,,,,,,,,,,,,,,,-6,-6
269,8967,,,,,,,,,,,,,,,,,,,,,,,,,-4,-7
270,9000,,,,,,,,,,,,,,,,,,,,,,,,,-3,-7
271,9033,,,,,,,,,,,,,,,,,,,,,,,,,-2,-6
272,9067,,,,,,,,,,,,,,,,,,,,,,,,,0,-3
273,9100,,,,,,,,,,,,,,,,,,,,,,,,,-1,-2
274,9133,,,,,,,,,,,,,,,,,,,,,,,,,0,0
275,9167,,,,,,,,,,,,,,,,,,,,,,,,,0,0
276,9200,,,,,,,,,,,,,,,,,,,,,,,,,0,-1
277,9233,,,,,,,,,,,,,,,,,,,,,,,,,12,-38
278,9267,,,,,,,,,,,,,,,,,,,,,,,,,11,-56
279,9300,,,,,,,,,,,,,,,,,,,,,,,,,5,-57
280,9333,,,,,,,,,,,,,,,,,,,,,,,,,1,-23
281,9367,,,,,,,,,,,,,,,,,,,,,,,,,0,0
282,9400,,,,,,,,,,,,,,,,,,,,,,,,,0,-1
283,9433,,,,,,,,,,,,,,,,,,,,,,,,,-1,0
284,9467,,,,,,,,,,,,,,,,,,,,,,,,,-2,0
285,9500,,,,,,,,,,,,,,,,,,,,,,,,,-3,2
286,9533,,,,,,,,,,,,,,,,,,,,,,,,,-6,1
287,9567,,,,,,,,,,,,,,,,,,,,,,,,,-10,5
288,9600,,,,,,,,,,,,,,,,,,,,,,,,,-20,14
289,9633,,,,,,,,,,,,,,,,,,,,,,,,,-10,13
290,9667,,,,,,,,,,,,,,,,,,,,,,,,,-1,6
291,9700,,,,,,,,,,,,,,,,,,,,,,,,,-1,1
292,9733,,,,,,,,,,,,,,,,,,,,,,,,,0,0
293,9767,,,,,,,,,,,,,,,,,,,,,,,,,0,0
294,9800,,,,,,,,,,,,,,,,,,,,,,,,,-1,3
295,9833,,,,,,,,,,,,,,,,,,,,,,,,,-14,17
296,9867,,,,,,,,,,,,,,,,,,,,,,,,,-11,11
297,9900,,,,,,,,,,,,,,,,,,,,,,,,,-1,2
298,9933,,,,,,,,,,,,,,,,,,,,,,,,,0,0
299,9967,,,,,,,,,,,,,,,,,,,,,,,,,0,0
300,10000,,,,,,,,,,,,,,,,,,,,,,,,,0,0
301,10033,,,,,,,,,,,,,,,,,,,,,,,,,0,0
302,10067,,,,,,,,,,,,,,,,,,,,,,,,,0,0
303,10100,,,,,,,,,,,,,,,,,,,,,,,,,0,0
304,10133,,,,,,,,,,,,,,,,,,,,,,,,,0,0
305,10167,,,,,,,,,,,,,,,,,,,,,,,,,0,0
306,10200,,,,,,,,,,,,,,,,,,,,,,,,,0,0
307,10233,,,,,,,,,,,,,,,,,,,,,,,,,0,0
308,10267,,,,,,,,,,,,,,,,,,,,,,,,,0,0
309,10300,,,,,,,,,,,,,,,,,,,,,,,,,0,0
310,10333,,,,,,,,,,,,,,,,,,,,,,,,,-1,0
311,10367,,,,,,,,,,,,,,,,,,,,,,,,,0,0
312,10400,,,,,,,,,,,,,,,,,,,,,,,,,1,0
313,10433,,,,,,,,,,,,,,,,,,,,,,,,,82,-40
314,10467,,,,,,,,,,,,,,,,,,,,,,,,,37,-40
315,10500,,,,,,,,,,,,,,,,,,,,,,,,,4,-11
316,10533,,,,,,,,,,,,,,,,,,,,,,,,,-1,0
317,10567,,,,,,,,,,,,,,,,,,,,,,,,,-3,0
318,10600,,,,,,,,,,,,,,,,,,,,,,,,,-1,2
319,10633,,,,,,,,,,,,,,,,,,,,,,,,,-3,1
320,10667,,,,,,,,,,,,,,,,,,,,,,,,,-4,3
321,10700,,,,,,,,,,,,,,,,,,,,,,,,,-10,1
322,10733,,,,,,,,,,,,,,,,,,,,,,,,,-5,1
323,10767,,,,,,,,,,,,,,,,,,,,,,,,,-7,0
324,10800,,,,,,,,,,,,,,,,,,,,,,,,,-3,0
325,10833,,,,,,,,,,,,,,,,,,,,,,,,,-2,1
326,10867,,,,,,,,,,,,,,,,,,,,,,,,,-7,5
327,10900,,,,,,,,,,,,,,,,,,,,,,,,,-11,15
328,10933,,,,,,,,,,,,,,,,,,,,,,s,move_down,,-2,7
329,10967,,,,,,,,,,,,,,,,,,,,,,s,move_down,,0,0
330,11000,,,,,,,,,,,,,,,,,,,,,,s,move_down,,0,0
331,11033,,,,,,,,,,,,,,,,,,,,,,s,move_down,,0,0
332,11067,,,,,,,,,,,,,,,,,,,,,,s,move_down,,0,0
333,11100,,,,,,,,,,,,,,,,,,,,,,,,,0,0
334,11133,,,,,,,,,,,,,,,,,,,,,,,,,0,0
335,11167,,,,,,,,,,,,,,,,,,,,,,,,,0,0
336,11200,,,,,,,,,,,,,,,,,,,,,,,,,0,0
337,11233,,,,,,,,,,,,,,,,,,,,,,,,,0,0
338,11267,,,,,,,,,,,,,,,,,,,,,,,,,0,0
339,11300,,,,,,,,,,,,,,,,,,,,,,,,,0,0
340,11333,,,,,,,,,,,,,,,,,,,,,,,,,0,0
341,11367,,,,,,,,,,,,,,,,,,,,,,,,,0,0
342,11400,,,,,,,,,,,,,,,,,,,,,,,,,0,0
343,11433,,,,,,,,,,,,,,,,,,,,,,w,move_up,,0,0
344,11467,,,,,,,,,,,,,,,,,,,,,,w,move_up,,0,0
345,11500,,,,,,,,,,,,,,,,,,,,,,w,move_up,,0,0
346,11533,,,,,,,,,,,,,,,,,,,,,,w,move_up,,0,0
347,11567,,,,,,,,,,,,,,,,,,,,,,w,move_up,,0,0
348,11600,,,,,,,,,,,,,,,,,,,,,,,,,0,0
349,11633,,,,,,,,,,,,,,,,,,,,,,,,,1,-1
350,11667,,,,,,,,,,,,,,,,,,,,,,,,,1,-5
351,11700,,,,,,,,,,,,,,,,,,,,,,,,,2,-11
352,11733,,,,,,,,,,,,,,,,,,,,,,,,,0,-7
353,11767,,,,,,,,,,,,,,,,,,,,,,,,,0,0
354,11800,,,,,,,,,,,,,,,,,,,,,,,,,0,0
355,11833,,,,,,,,,,,,,,,,,,,,,,,,,0,0
356,11867,,,,,,,,,,,,,,,,,,,,,,,,,0,0
357,11900,,,,,,,,,,,,,,,,,,,,,,,,,0,0
358,11933,,,,,,,,,,,,,,,,,,,,,,,,,1,-7
359,11967,,,,,,,,,,,,,,,,,,,,,,,,,0,-9
360,12000,,,,,,,,,,,,,,,,,,,,,,,,,-1,-2
361,12033,,,,,,,,,,,,,,,,,,,,,,,,,0,0
362,12067,,,,,,,,,,,,,,,,,,,,,,,,,0,0
363,12100,,,,,,,,,,,,,,,,,,,,,,e,interact,,0,0
364,12133,,,,,,,,,,,,,,,,,,,,,,e,interact,,0,0
365,12167,,,,,,,,,,,,,,,,,,,,,,e,interact,,0,0
366,12200,,,,,,,,,,,,,,,,,,,,,,e,interact,,0,0
367,12233,,,,,,,,,,,,,,,,,,,,,,e,interact,,0,0
368,12267,,,,,,,,,,,,,,,,,,,,,,,,,0,0
369,12300,,,,,,,,,,,,,,,,,,,,,,,,,0,0
370,12333,,,,,,,,,,,,,,,,,,,,,,,,,0,0
371,12367,,,,,,,,,,,,,,,,,,,,,,,,,0,0
372,12400,,,,,,,,,,,,,,,,,,,,,,,,,0,1
373,12433,,,,,,,,,,,,,,,,,,,,,,e,interact,,0,0
374,12467,,,,,,,,,,,,,,,,,,,,,,e,interact,,0,0
375,12500,,,,,,,,,,,,,,,,,,,,,,e,interact,,0,0
376,12533,,,,,,,,,,,,,,,,,,,,,,e,interact,,0,1
377,12567,,,,,,,,,,,,,,,,,,,,,,,,,0,3
378,12600,,,,,,,,,,,,,,,,,,,,,,,,,0,3
379,12633,,,,,,,,,,,,,,,,,,,,,,,,,0,2
380,12667,,,,,,,,,,,,,,,,,,,,,,,,,0,3
381,12700,,,,,,,,,,,,,,,,,,,,,,,,,-1,12
382,12733,,,,,,,,,,,,,,,,,,,,,,,,,-1,6
383,12767,,,,,,,,,,,,,,,,,,,,,,,,,0,0
384,12800,,,,,,,,,,,,,,,,,,,,,,,,,0,1
385,12833,,,,,,,,,,,,,,,,,,,,,,,,,0,0
386,12867,,,,,,,,,,,,,,,,,,,,,,,,,0,0
387,12900,,,,,,,,,,,,,,,,,,,,,,,,,0,0
388,12933,,,,,,,,,,,,,,,,,,,,,,,,,0,0
389,12967,,,,,,,,,,,,,,,,,,,,,,e,interact,,0,-2
390,13000,,,,,,,,,,,,,,,,,,,,,,e,interact,,1,-2
391,13033,,,,,,,,,,,,,,,,,,,,,,e,interact,,0,0
392,13067,,,,,,,,,,,,,,,,,,,,,,e,interact,,0,0
393,13100,,,,,,,,,,,,,,,,,,,,,,,,,0,0
394,13133,,,,,,,,,,,,,,,,,,,,,,,,,0,0
395,13167,,,,,,,,,,,,,,,,,,,,,,,,,0,0
396,13200,,,,,,,,,,,,,,,,,,,,,,,,,0,4
397,13233,,,,,,,,,,,,,,,,,,,,,,,,,-2,25
398,13267,,,,,,,,,,,,,,,,,,,,,,,,,-1,64
399,13300,,,,,,,,,,,,,,,,,,,,,,,,,7,71
400,13333,,,,,,,,,,,,,,,,,,,,,,,,,0,0
401,13367,,,,,,,,,,,,,,,,,,,,,,,,,1,6
402,13400,,,,,,,,,,,,,,,,,,,,,,,,,0,0
403,13433,,,,,,,,,,,,,,,,,,,,,,,,,0,0
404,13467,,,,,,,,,,,,,,,,,,,,,,,,,0,0
405,13500,,,,,,,,,,,,,,,,,,,,,,,,,0,0
406,13533,,,,,,,,,,,,,,,,,,,,,,,,,0,4
407,13567,,,,,,,,,,,,,,,,,,,,,,,,,1,9
408,13600,,,,,,,,,,,,,,,,,,,,,,,,,4,7
409,13633,,,,,,,,,,,,,,,,,,,,,,,,,2,1
410,13667,,,,,,,,,,,,,,,,,,,,,,,,,0,0
411,13700,,,,,,,,,,,,,,,,,,,,,,,,,0,0
412,13733,,,,,,,,,,,,,,,,,,,,,,,,,0,0
413,13767,,,,,,,,,,,,,,,,,,,,,,,,,0,0
414,13800,,,,,,,,,,,,,,,,,,,,,,,,,0,0
415,13833,,,,,,,,,,,,,,,,,,,,,,,,,0,0
416,13867,,,,,,,,,,,,,,,,,,,,,,,,,0,0
417,13900,,,,,,,,,,,,,,,,,,,,,,,,,0,0
418,13933,,,,,,,,,,,,,,,,,,,,,,,,,0,0
419,13967,,,,,,,,,,,,,,,,,,,,,,,,,0,0
420,14000,,,,,,,,,,,,,,,,,,,,,,,,,0,0
421,14033,,,,,,,,,,,,,,,,,,,,,,,,,0,0
422,14067,,,,,,,,,,,,,,,,,,,,,,,,,0,0
423,14100,,,,,,,,,,,,,,,,,,,,,,,,,0,0
424,14133,,,,,,,,,,,,,,,,,,,,,,,,,0,0
425,14167,,,,,,,,,,,,,,,,,,,,,,,,,0,0
426,14200,,,,,,,,,,,,,,,,,,,,,,,,,0,0
427,14233,,,,,,,,,,,,,,,,,,,,,,,,,0,0
428,14267,,,,,,,,,,,,,,,,,,,,,,,,,-2,0
429,14300,,,,,,,,,,,,,,,,,,,,,,,,,-3,4
430,14333,,,,,,,,,,,,,,,,,,,,,,,,,8,8
431,14367,,,,,,,,,,,,,,,,,,,,,,,,,13,10
432,14400,,,,,,,,,,,,,,,,,,,,,,,,,9,11
433,14433,,,,,,,,,,,,,,,,,,,,,,,,,3,7
434,14467,,,,,,,,,,,,,,,,,,,,,,,,,1,2
435,14500,,,,,,,,,,,,,,,,,,,,,,,,,0,0
436,14533,,,,,,,,,,,,,,,,,,,,,,,,,0,0
437,14567,,,,,,,,,,,,,,,,,,,,,,,,,0,0
438,14600,,,,,,,,,,,,,,,,,,,,,,,,,0,0
439,14633,,,,,,,,,,,,,,,,,,,,,,,,,0,0
440,14667,,,,,,,,,,,,,,,,,,,,,,,,,0,0
441,14700,,,,,,,,,,,,,,,,,,,,,,,,,-2,-5
442,14733,,,,,,,,,,,,,,,,,,,,,,,,,-4,-5
443,14767,,,,,,,,,,,,,,,,,,,,,,,,,-1,-3
444,14800,,,,,,,,,,,,,,,,,,,,,,,,,0,0
445,14833,,,,,,,,,,,,,,,,,,,,,,,,,0,0
446,14867,,,,,,,,,,,,,,,,,,,,,,,,,0,0
447,14900,,,,,,,,,,,,,,,,,,,,,,,,,0,0
448,14933,,,,,,,,,,,,,,,,,,,,,,,,,0,0
449,14967,,,,,,,,,,,,,,,,,,,,,,,,,0,0
450,15000,,,,,,,,,,,,,,,,,,,,,,,,,0,0
451,15033,,,,,,,,,,,,,,,,,,,,,,,,,0,0
452,15067,,,,,,,,,,,,,,,,,,,,,,,,,-2,-1
453,15100,,,,,,,,,,,,,,,,,,,,,,,,,-21,-22
454,15133,,,,,,,,,,,,,,,,,,,,,,,,,-54,-64
455,15167,,,,,,,,,,,,,,,,,,,,,,,,,-30,-34
456,15200,,,,,,,,,,,,,,,,,,,,,,,,,-18,-17
457,15233,,,,,,,,,,,,,,,,,,,,,,,,,-3,-3
458,15267,,,,,,,,,,,,,,,,,,,,,,,,,-1,-2
459,15300,,,,,,,,,,,,,,,,,,,,,,,,,0,0
460,15333,,,,,,,,,,,,,,,,,,,,,,,,,0,0
461,15367,,,,,,,,,,,,,,,,,,,,,,,,,-1,0
462,15400,,,,,,,,,,,,,,,,,,,,,,,,,-2,2
463,15433,,,,,,,,,,,,,,,,,,,,,,,,,-5,4
464,15467,,,,,,,,,,,,,,,,,,,,,,,,,-10,10
465,15500,,,,,,,,,,,,,,,,,,,,,,,,,-14,12
466,15533,,,,,,,,,,,,,,,,,,,,,,,,,-10,11
467,15567,,,,,,,,,,,,,,,,,,,,,,,,,-8,9
468,15600,,,,,,,,,,,,,,,,,,,,,,,,,-1,2
469,15633,,,,,,,,,,,,,,,,,,,,,,,,,0,0
470,15667,,,,,,,,,,,,,,,,,,,,,,,,,0,0
471,15700,,,,,,,,,,,,,,,,,,,,,,,,,0,0
472,15733,,,,,,,,,,,,,,,,,,,,,,,,,0,0
473,15767,,,,,,,,,,,,,,,,,,,,,,,,,0,0
474,15800,,,,,,,,,,,,,,,,,,,,,,,,,0,0
475,15833,,,,,,,,,,,,,,,,,,,,,,e,interact,,0,0
476,15867,,,,,,,,,,,,,,,,,,,,,,e,interact,,0,0
477,15900,,,,,,,,,,,,,,,,,,,,,,e,interact,,0,0
478,15933,,,,,,,,,,,,,,,,,,,,,,e,interact,,0,0
479,15967,,,,,,,,,,,,,,,,,,,,,,,,,0,0
480,16000,,,,,,,,,,,,,,,,,,,,,,,,,0,0
481,16033,,,,,,,,,,,,,,,,,,,,,,,,,0,0
482,16067,,,,,,,,,,,,,,,,,,,,,,,,,0,0
483,16100,,,,,,,,,,,,,,,,,,,,,,,,,0,0
484,16133,,,,,,,,,,,,,,,,,,,,,,,,,0,0
485,16167,,,,,,,,,,,,,,,,,,,,,,,,,7,-6
486,16200,,,,,,,,,,,,,,,,,,,,,,,,,6,-6
487,16233,,,,,,,,,,,,,,,,,,,,,,,,,3,-2
488,16267,,,,,,,,,,,,,,,,,,,,,,,,,0,0
489,16300,,,,,,,,,,,,,,,,,,,,,,,,,0,0
490,16333,,,,,,,,,,,,,,,,,,,,,,e,interact,,0,0
491,16367,,,,,,,,,,,,,,,,,,,,,,e,interact,,0,0
492,16400,,,,,,,,,,,,,,,,,,,,,,e,interact,,0,0
493,16433,,,,,,,,,,,,,,,,,,,,,,,,,0,0
494,16467,,,,,,,,,,,,,,,,,,,,,,,,,0,0
495,16500,,,,,,,,,,,,,,,,,,,,,,,,,0,0
496,16533,,,,,,,,,,,,,,,,,,,,,,,,,0,0
497,16567,,,,,,,,,,,,,,,,,,,,,,,,,0,0
498,16600,,,,,,,,,,,,,,,,,,,,,,,,,0,0
499,16633,,,,,,,,,,,,,,,,,,,,,,,,,0,0
500,16667,,,,,,,,,,,,,,,,,,,,,,e,interact,,0,0
501,16700,,,,,,,,,,,,,,,,,,,,,,e,interact,,0,0
502,16733,,,,,,,,,,,,,,,,,,,,,,e,interact,,0,0
503,16767,,,,,,,,,,,,,,,,,,,,,,,,,0,0
504,16800,,,,,,,,,,,,,,,,,,,,,,,,,0,0
505,16833,,,,,,,,,,,,,,,,,,,,,,,,,0,0
506,16867,,,,,,,,,,,,,,,,,,,,,,,,,0,0
507,16900,,,,,,,,,,,,,,,,,,,,,,,,,0,0
508,16933,,,,,,,,,,,,,,,,,,,,,,,,,0,0
509,16967,,,,,,,,,,,,,,,,,,,,,,,,,0,0
510,17000,,,,,,,,,,,,,,,,,,,,,,,,,0,0
511,17033,,,,,,,,,,,,,,,,,,,,,,,,,0,0
512,17067,,,,,,,,,,,,,,,,,,,,,,,,,0,0
513,17100,,,,,,,,,,,,,,,,,,,,,,,,,0,0
514,17133,,,,,,,,,,,,,,,,,,,,,,,,,0,0
515,17167,,,,,,,,,,,,,,,,,,,,,,,,,0,0
516,17200,,,,,,,,,,,,,,,,,,,,,,,,,0,2
517,17233,,,,,,,,,,,,,,,,,,,,,,,,,6,7
518,17267,,,,,,,,,,,,,,,,,,,,,,,,,35,16
519,17300,,,,,,,,,,,,,,,,,,,,,,,,,72,22
520,17333,,,,,,,,,,,,,,,,,,,,,,,,,94,24
521,17367,,,,,,,,,,,,,,,,,,,,,,,,,54,22
522,17400,,,,,,,,,,,,,,,,,,,,,,,,,0,0
523,17433,,,,,,,,,,,,,,,,,,,,,,,,,1,0
524,17467,,,,,,,,,,,,,,,,,,,,,,,,,0,0
525,17500,,,,,,,,,,,,,,,,,,,,,,,,,0,0
526,17533,,,,,,,,,,,,,,,,,,,,,,,,,0,-1
527,17567,,,,,,,,,,,,,,,,,,,,,,,,,0,-8
528,17600,,,,,,,,,,,,,,,,,,,,,,,,,1,-1
529,17633,,,,,,,,,,,,,,,,,,,,,,,,,1,1
530,17667,,,,,,,,,,,,,,,,,,,,,,,,,0,0
531,17700,,,,,,,,,,,,,,,,,,,,,,,,,0,0
532,17733,,,,,,,,,,,,,,,,,,,,,,,,,0,0
533,17767,,,,,,,,,,,,,,,,,,,,,,,,,0,0
534,17800,,,,,,,,,,,,,,,,,,,,,,,,,0,0
535,17833,,,,,,,,,,,,,,,,,,,,,,,,,0,0
536,17867,,,,,,,,,,,,,,,,,,,,,,,,,0,0
537,17900,,,,,,,,,,,,,,,,,,,,,,,,,0,0
538,17933,,,,,,,,,,,,,,,,,,,,,,,,,0,0
539,17967,,,,,,,,,,,,,,,,,,,,,,,,,0,0
540,18000,,,,,,,,,,,,,,,,,,,,,,,,,0,0
541,18033,,,,,,,,,,,,,,,,,,,,,,,,,0,0
542,18067,,,,,,,,,,,,,,,,,,,,,,,,,0,0
543,18100,,,,,,,,,,,,,,,,,,,,,,,,,0,0
544,18133,,,,,,,,,,,,,,,,,,,,,,,,,0,0
545,18167,,,,,,,,,,,,,,,,,,,,,,,,,0,0
546,18200,,,,,,,,,,,,,,,,,,,,,,,,,0,0
547,18233,,,,,,,,,,,,,,,,,,,,,,,,,-2,0
548,18267,,,,,,,,,,,,,,,,,,,,,,,,,-5,-3
549,18300,,,,,,,,,,,,,,,,,,,,,,,,,-22,1
550,18333,,,,,,,,,,,,,,,,,,,,,,,,,-37,7
551,18367,,,,,,,,,,,,,,,,,,,,,,,,,-38,5
552,18400,,,,,,,,,,,,,,,,,,,,,,,,,-13,0
553,18433,,,,,,,,,,,,,,,,,,,,,,,,,-3,0
554,18467,,,,,,,,,,,,,,,,,,,,,,,,,-3,0
555,18500,,,,,,,,,,,,,,,,,,,,,,,,,-6,4
556,18533,,,,,,,,,,,,,,,,,,,,,,,,,-5,4
557,18567,,,,,,,,,,,,,,,,,,,,,,,,,-6,5
558,18600,,,,,,,,,,,,,,,,,,,,,,,,,-2,5
559,18633,,,,,,,,,,,,,,,,,,,,,,,,,-2,5
560,18667,,,,,,,,,,,,,,,,,,,,,,,,,0,0
561,18700,,,,,,,,,,,,,,,,,,,,,,,,,0,0
562,18733,,,,,,,,,,,,,,,,,,,,,,,,,0,0
563,18767,,,,,,,,,,,,,,,,,,,,,,,,,0,0
564,18800,,,,,,,,,,,,,,,,,,,,,,,,,0,0
565,18833,,,,,,,,,,,,,,,,,,,,,,,,,0,0
566,18867,,,,,,,,,,,,,,,,,,,,,,,,,0,0
567,18900,,,,,,,,,,,,,,,,,,,,,,,,,0,0
568,18933,,,,,,,,,,,,,,,,,,,,,,,,,2,-2
569,18967,,,,,,,,,,,,,,,,,,,,,,,,,0,0
570,19000,,,,,,,,,,,,,,,,,,,,,,,,,1,-1
571,19033,,,,,,,,,,,,,,,,,,,,,,,,,0,-1
572,19067,,,,,,,,,,,,,,,,,,,,,,,,,1,0
573,19100,,,,,,,,,,,,,,,,,,,,,,,,,0,-1
574,19133,,,,,,,,,,,,,,,,,,,,,,,,,1,0
575,19167,,,,,,,,,,,,,,,,,,,,,,,,,1,-2
576,19200,,,,,,,,,,,,,,,,,,,,,,,,,0,-1
577,19233,,,,,,,,,,,,,,,,,,,,,,,,,0,0
578,19267,,,,,,,,,,,,,,,,,,,,,,,,,0,0
579,19300,,,,,,,,,,,,,,,,,,,,,,,,,0,0
580,19333,,,,,,,,,,,,,,,,,,,,,,,,,0,0
581,19367,,,,,,,,,,,,,,,,,,,,,,e,interact,,0,0
582,19400,,,,,,,,,,,,,,,,,,,,,,e,interact,,0,0
583,19433,,,,,,,,,,,,,,,,,,,,,,e,interact,,0,0
584,19467,,,,,,,,,,,,,,,,,,,,,,,,,0,0
585,19500,,,,,,,,,,,,,,,,,,,,,,,,,0,0
586,19533,,,,,,,,,,,,,,,,,,,,,,,,,0,0
587,19567,,,,,,,,,,,,,,,,,,,,,,,,,0,0
588,19600,,,,,,,,,,,,,,,,,,,,,,,,,0,0
589,19633,,,,,,,,,,,,,,,,,,,,,,,,,0,0
590,19667,,,,,,,,,,,,,,,,,,,,,,,,,0,0
591,19700,,,,,,,,,,,,,,,,,,,,,,,,,0,0
592,19733,,,,,,,,,,,,,,,,,,,,,,,,,0,0
593,19767,,,,,,,,,,,,,,,,,,,,,,,,,0,0
594,19800,,,,,,,,,,,,,,,,,,,,,,,,,0,0
595,19833,,,,,,,,,,,,,,,,,,,,,,,,,0,0
596,19867,,,,,,,,,,,,,,,,,,,,,,,,,0,0
597,19900,,,,,,,,,,,,,,,,,,,,,,,,,0,0
598,19933,,,,,,,,,,,,,,,,,,,,,,,,,1,0
599,19967,,,,,,,,,,,,,,,,,,,,,,,,,1,-1
600,20000,,,,,,,,,,,,,,,,,,,,,,,,,2,-3
601,20033,,,,,,,,,,,,,,,,,,,,,,,,,1,-1
602,20067,,,,,,,,,,,,,,,,,,,,,,,,,1,-3
603,20100,,,,,,,,,,,,,,,,,,,,,,,,,1,-1
604,20133,,,,,,,,,,,,,,,,,,,,,,,,,1,-1
605,20167,,,,,,,,,,,,,,,,,,,,,,,,,0,0
606,20200,,,,,,,,,,,,,,,,,,,,,,e,interact,,0,0
607,20233,,,,,,,,,,,,,,,,,,,,,,e,interact,,0,0
608,20267,,,,,,,,,,,,,,,,,,,,,,e,interact,,0,0
609,20300,,,,,,,,,,,,,,,,,,,,,,e,interact,,0,0
610,20333,,,,,,,,,,,,,,,,,,,,,,,,,0,0
611,20367,,,,,,,,,,,,,,,,,,,,,,,,,0,0
612,20400,,,,,,,,,,,,,,,,,,,,,,,,,0,0
613,20433,,,,,,,,,,,,,,,,,,,,,,,,,0,0
614,20467,,,,,,,,,,,,,,,,,,,,,,,,,0,0
615,20500,,,,,,,,,,,,,,,,,,,,,,,,,0,0
616,20533,,,,,,,,,,,,,,,,,,,,,,,,,0,0
617,20567,,,,,,,,,,,,,,,,,,,,,,,,,0,0
618,20600,,,,,,,,,,,,,,,,,,,,,,,,,0,0
619,20633,,,,,,,,,,,,,,,,,,,,,,,,,0,0
620,20667,,,,,,,,,,,,,,,,,,,,,,,,,0,0
621,20700,,,,,,,,,,,,,,,,,,,,,,,,,0,0
622,20733,,,,,,,,,,,,,,,,,,,,,,,,,0,0
623,20767,,,,,,,,,,,,,,,,,,,,,,,,,0,0
624,20800,,,,,,,,,,,,,,,,,,,,,,,,,0,0
625,20833,,,,,,,,,,,,,,,,,,,,,,,,,0,-8
626,20867,,,,,,,,,,,,,,,,,,,,,,,,,0,-25
627,20900,,,,,,,,,,,,,,,,,,,,,,,,,-4,-54
628,20933,,,,,,,,,,,,,,,,,,,,,,,,,-8,-13
629,20967,,,,,,,,,,,,,,,,,,,,,,,,,0,0
630,21000,,,,,,,,,,,,,,,,,,,,,,,,,-1,-1
631,21033,,,,,,,,,,,,,,,,,,,,,,,,,0,0
632,21067,,,,,,,,,,,,,,,,,,,,,,,,,0,0
633,21100,,,,,,,,,,,,,,,,,,,,,,,,,0,0
634,21133,,,,,,,,,,,,,,,,,,,,,,,,,0,-1
635,21167,,,,,,,,,,,,,,,,,,,,,,,,,-15,2
636,21200,,,,,,,,,,,,,,,,,,,,,,,,,-22,42
637,21233,,,,,,,,,,,,,,,,,,,,,,,,,-23,54
638,21267,,,,,,,,,,,,,,,,,,,,,,,,,-28,36
639,21300,,,,,,,,,,,,,,,,,,,,,,,,,-11,7
640,21333,,,,,,,,,,,,,,,,,,,,,,,,,-3,2
641,21367,,,,,,,,,,,,,,,,,,,,,,e,interact,,-1,1
642,21400,,,,,,,,,,,,,,,,,,,,,,e,interact,,0,0
643,21433,,,,,,,,,,,,,,,,,,,,,,e,interact,,0,0
644,21467,,,,,,,,,,,,,,,,,,,,,,,,,-1,-2
645,21500,,,,,,,,,,,,,,,,,,,,,,e,interact,,0,-5
646,21533,,,,,,,,,,,,,,,,,,,,,,e,interact,,0,-2
647,21567,,,,,,,,,,,,,,,,,,,,,,e,interact,,-2,-2
648,21600,,,,,,,,,,,,,,,,,,,,,,,,,-2,-4
649,21633,,,,,,,,,,,,,,,,,,,,,,e,interact,,0,0
650,21667,,,,,,,,,,,,,,,,,,,,,,e,interact,,0,0
651,21700,,,,,,,,,,,,,,,,,,,,,,e,interact,,0,0
652,21733,,,,,,,,,,,,,,,,,,,,,,,,,0,0
653,21767,,,,,,,,,,,,,,,,,,,,,,e,interact,,-1,-1
654,21800,,,,,,,,,,,,,,,,,,,,,,e,interact,,0,-1
655,21833,,,,,,,,,,,,,,,,,,,,,,e,interact,,0,-1
656,21867,,,,,,,,,,,,,,,,,,,,,,,,,0,0
657,21900,,,,,,,,,,,,,,,,,,,,,,e,interact,,0,0
658,21933,,,,,,,,,,,,,,,,,,,,,,e,interact,,0,-1
659,21967,,,,,,,,,,,,,,,,,,,,,,e,interact,,-1,-1
660,22000,,,,,,,,,,,,,,,,,,,,,,e,interact,,0,0
661,22033,,,,,,,,,,,,,,,,,,,,,,e,interact,,0,0
662,22067,,,,,,,,,,,,,,,,,,,,,,e,interact,,0,-2
663,22100,,,,,,,,,,,,,,,,,,,,,,e,interact,,0,-2
664,22133,,,,,,,,,,,,,,,,,,,,,,e,interact,,-1,-2
665,22167,,,,,,,,,,,,,,,,,,,,,,e,interact,,0,-1
666,22200,,,,,,,,,,,,,,,,,,,,,,e,interact,,0,-1
667,22233,,,,,,,,,,,,,,,,,,,,,,e,interact,,0,-1
668,22267,,,,,,,,,,,,,,,,,,,,,,e,interact,,0,0
669,22300,,,,,,,,,,,,,,,,,,,,,,e,interact,,0,0
670,22333,,,,,,,,,,,,,,,,,,,,,,,,,0,0
671,22367,,,,,,,,,,,,,,,,,,,,,,e,interact,,0,0
672,22400,,,,,,,,,,,,,,,,,,,,,,e,interact,,0,0
673,22433,,,,,,,,,,,,,,,,,,,,,,e,interact,,0,0
674,22467,,,,,,,,,,,,,,,,,,,,,,e,interact,,0,0
675,22500,,,,,,,,,,,,,,,,,,,,,,,,,0,0
676,22533,,,,,,,,,,,,,,,,,,,,,,e,interact,,0,0
677,22567,,,,,,,,,,,,,,,,,,,,,,e,interact,,0,0
678,22600,,,,,,,,,,,,,,,,,,,,,,e,interact,,0,0
679,22633,,,,,,,,,,,,,,,,,,,,,,,,,0,0
680,22667,,,,,,,,,,,,,,,,,,,,,,e,interact,,0,0
681,22700,,,,,,,,,,,,,,,,,,,,,,e,interact,,0,0
682,22733,,,,,,,,,,,,,,,,,,,,,,e,interact,,0,0
683,22767,,,,,,,,,,,,,,,,,,,,,,,,,0,0
684,22800,,,,,,,,,,,,,,,,,,,,,,,,,0,-1
685,22833,,,,,,,,,,,,,,,,,,,,,,,,,1,-1
686,22867,,,,,,,,,,,,,,,,,,,,,,e,interact,,1,-1
687,22900,,,,,,,,,,,,,,,,,,,,,,e,interact,,2,-6
688,22933,,,,,,,,,,,,,,,,,,,,,,,,,1,-4
689,22967,,,,,,,,,,,,,,,,,,,,,,w,move_up,,1,-2
690,23000,,,,,,,,,,,,,,,,,,,,,,w,move_up,,10,-6
691,23033,,,,,,,,,,,,,,,,,,,,,,w,move_up,,8,-5
692,23067,,,,,,,,,,,,,,,,,,,,,,w,move_up,,3,-2
693,23100,,,,,,,,,,,,,,,,,,,,,,e|w,interact|move_up,,0,0
694,23133,,,,,,,,,,,,,,,,,,,,,,e|w,interact|move_up,,0,0
695,23167,,,,,,,,,,,,,,,,,,,,,,e|w,interact|move_up,,0,0
696,23200,,,,,,,,,,,,,,,,,,,,,,e|w,interact|move_up,,2,0
697,23233,,,,,,,,,,,,,,,,,,,,,,,,,24,0
698,23267,,,,,,,,,,,,,,,,,,,,,,e,interact,,45,-9
699,23300,,,,,,,,,,,,,,,,,,,,,,e,interact,,66,-17
700,23333,,,,,,,,,,,,,,,,,,,,,,e,interact,,55,-22
701,23367,,,,,,,,,,,,,,,,,,,,,,e,interact,,52,-25
702,23400,,,,,,,,,,,,,,,,,,,,,,,,,6,-7
703,23433,,,,,,,,,,,,,,,,,,,,,,,,,0,-6
704,23467,,,,,,,,,,,,,,,,,,,,,,,,,-1,-4
705,23500,,,,,,,,,,,,,,,,,,,,,,,,,-2,-5
706,23533,,,,,,,,,,,,,,,,,,,,,,,,,-4,-9
707,23567,,,,,,,,,,,,,,,,,,,,,,,,,-3,-21
708,23600,,,,,,,,,,,,,,,,,,,,,,,,,-3,-18
709,23633,,,,,,,,,,,,,,,,,,,,,,,,,-6,-17
710,23667,,,,,,,,,,,,,,,,,,,,,,,,,-10,-7
711,23700,,,,,,,,,,,,,,,,,,,,,,e,interact,,-11,-2
712,23733,,,,,,,,,,,,,,,,,,,,,,e,interact,,-14,0
713,23767,,,,,,,,,,,,,,,,,,,,,,e,interact,,-8,3
714,23800,,,,,,,,,,,,,,,,,,,,,,e,interact,,-7,8
715,23833,,,,,,,,,,,,,,,,,,,,,,e,interact,,-1,3
716,23867,,,,,,,,,,,,,,,,,,,,,,e,interact,,0,0
717,23900,,,,,,,,,,,,,,,,,,,,,,e,interact,,0,2
718,23933,,,,,,,,,,,,,,,,,,,,,,e,interact,,4,10
719,23967,,,,,,,,,,,,,,,,,,,,,,e,interact,,2,4
720,24000,,,,,,,,,,,,,,,,,,,,,,e,interact,,1,3
721,24033,,,,,,,,,,,,,,,,,,,,,,e,interact,,1,2
722,24067,,,,,,,,,,,,,,,,,,,,,,e,interact,,0,0
723,24100,,,,,,,,,,,,,,,,,,,,,,,,,1,0
724,24133,,,,,,,,,,,,,,,,,,,,,,e,interact,,0,0
725,24167,,,,,,,,,,,,,,,,,,,,,,e,interact,,0,0
726,24200,,,,,,,,,,,,,,,,,,,,,,e,interact,,0,0
727,24233,,,,,,,,,,,,,,,,,,,,,,e,interact,,0,0
728,24267,,,,,,,,,,,,,,,,,,,,,,e,interact,,0,0
729,24300,,,,,,,,,,,,,,,,,,,,,,e,interact,,0,0
730,24333,,,,,,,,,,,,,,,,,,,,,,e,interact,,0,0
731,24367,,,,,,,,,,,,,,,,,,,,,,e,interact,,-1,0
732,24400,,,,,,,,,,,,,,,,,,,,,,e,interact,,-3,2
733,24433,,,,,,,,,,,,,,,,,,,,,,e,interact,,0,1
734,24467,,,,,,,,,,,,,,,,,,,,,,e,interact,,0,0
735,24500,,,,,,,,,,,,,,,,,,,,,,,,,-2,0
736,24533,,,,,,,,,,,,,,,,,,,,,,e,interact,,-3,1
737,24567,,,,,,,,,,,,,,,,,,,,,,e,interact,,-10,4
738,24600,,,,,,,,,,,,,,,,,,,,,,e,interact,,-16,7
739,24633,,,,,,,,,,,,,,,,,,,,,,,,,-26,14
740,24667,,,,,,,,,,,,,,,,,,,,,,,,,-34,18
741,24700,,,,,,,,,,,,,,,,,,,,,,,,,-27,15
742,24733,,,,,,,,,,,,,,,,,,,,,,,,,-2,1
743,24767,,,,,,,,,,,,,,,,,,,,,,,,,0,1
744,24800,,,,,,,,,,,,,,,,,,,,,,,,,0,0
745,24833,,,,,,,,,,,,,,,,,,,,,,,,,0,0
746,24867,,,,,,,,,,,,,,,,,,,,,,w,move_up,,0,0
747,24900,,,,,,,,,,,,,,,,,,,,,,w,move_up,,0,-1
748,24933,,,,,,,,,,,,,,,,,,,,,,w,move_up,,0,0
749,24967,,,,,,,,,,,,,,,,,,,,,,w,move_up,,0,0
750,25000,,,,,,,,,,,,,,,,,,,,,,w,move_up,,0,0
751,25033,,,,,,,,,,,,,,,,,,,,,,w,move_up,,0,0
752,25067,,,,,,,,,,,,,,,,,,,,,,w,move_up,,0,0
753,25100,,,,,,,,,,,,,,,,,,,,,,,,,0,0
754,25133,,,,,,,,,,,,,,,,,,,,,,w,move_up,,-5,3
755,25167,,,,,,,,,,,,,,,,,,,,,,w,move_up,,-11,6
756,25200,,,,,,,,,,,,,,,,,,,,,,shift|w,move_up,,-6,2
757,25233,,,,,,,,,,,,,,,,,,,,,,shift|w,move_up,,-3,1
758,25267,,,,,,,,,,,,,,,,,,,,,,shift|w,move_up,,-5,-3
759,25300,,,,,,,,,,,,,,,,,,,,,,shift|w,move_up,,-3,-2
760,25333,,,,,,,,,,,,,,,,,,,,,,shift|w,move_up,,-4,-2
761,25367,,,,,,,,,,,,,,,,,,,,,,shift|w,move_up,,-2,-2
762,25400,,,,,,,,,,,,,,,,,,,,,,shift|w,move_up,,-1,-2
763,25433,,,,,,,,,,,,,,,,,,,,,,shift|w,move_up,,0,-1
764,25467,,,,,,,,,,,,,,,,,,,,,,shift|w,move_up,,0,0
765,25500,,,,,,,,,,,,,,,,,,,,,,shift|w,move_up,,0,-1
766,25533,,,,,,,,,,,,,,,,,,,,,,shift|w,move_up,,4,-3
767,25567,,,,,,,,,,,,,,,,,,,,,,shift|w,move_up,,9,-5
768,25600,,,,,,,,,,,,,,,,,,,,,,shift|w,move_up,,6,-3
769,25633,,,,,,,,,,,,,,,,,,,,,,shift|w,move_up,,0,0
770,25667,,,,,,,,,,,,,,,,,,,,,,shift|w,move_up,,6,-1
771,25700,,,,,,,,,,,,,,,,,,,,,,shift|w,move_up,,11,-2
772,25733,,,,,,,,,,,,,,,,,,,,,,shift|w,move_up,,5,-1
773,25767,,,,,,,,,,,,,,,,,,,,,,shift|w,move_up,,0,-1
774,25800,,,,,,,,,,,,,,,,,,,,,,shift|w,move_up,,0,0
775,25833,,,,,,,,,,,,,,,,,,,,,,shift|w,move_up,,0,0
776,25867,,,,,,,,,,,,,,,,,,,,,,shift|w,move_up,,-10,1
777,25900,,,,,,,,,,,,,,,,,,,,,,shift|w,move_up,,-28,4
778,25933,,,,,,,,,,,,,,,,,,,,,,shift|w,move_up,,-19,3
779,25967,,,,,,,,,,,,,,,,,,,,,,shift|w,move_up,,-4,0
780,26000,,,,,,,,,,,,,,,,,,,,,,shift|w,move_up,,0,0
781,26033,,,,,,,,,,,,,,,,,,,,,,shift|w,move_up,,0,0
782,26067,,,,,,,,,,,,,,,,,,,,,,shift|w,move_up,,0,0
783,26100,,,,,,,,,,,,,,,,,,,,,,shift|w,move_up,,2,0
784,26133,,,,,,,,,,,,,,,,,,,,,,shift|w,move_up,,4,0
785,26167,,,,,,,,,,,,,,,,,,,,,,shift|w,move_up,,11,-1
786,26200,,,,,,,,,,,,,,,,,,,,,,shift|w,move_up,,10,-2
787,26233,,,,,,,,,,,,,,,,,,,,,,shift|w,move_up,,3,-1
788,26267,,,,,,,,,,,,,,,,,,,,,,shift|w,move_up,,2,-2
789,26300,,,,,,,,,,,,,,,,,,,,,,shift|w,move_up,,0,0
790,26333,,,,,,,,,,,,,,,,,,,,,,shift|w,move_up,,0,0
791,26367,,,,,,,,,,,,,,,,,,,,,,shift|w,move_up,,0,0
792,26400,,,,,,,,,,,,,,,,,,,,,,shift|w,move_up,,0,0
793,26433,,,,,,,,,,,,,,,,,,,,,,shift|w,move_up,,2,0
794,26467,,,,,,,,,,,,,,,,,,,,,,shift|w,move_up,,11,-3
795,26500,,,,,,,,,,,,,,,,,,,,,,shift|w,move_up,,2,0
796,26533,,,,,,,,,,,,,,,,,,,,,,shift|w,move_up,,0,0
797,26567,,,,,,,,,,,,,,,,,,,,,,shift|w,move_up,,1,-1
798,26600,,,,,,,,,,,,,,,,,,,,,,shift|w,move_up,,0,0
799,26633,,,,,,,,,,,,,,,,,,,,,,shift|w,move_up,,0,0
800,26667,,,,,,,,,,,,,,,,,,,,,,shift|w,move_up,,0,0
801,26700,,,,,,,,,,,,,,,,,,,,,,shift|w,move_up,,0,0
802,26733,,,,,,,,,,,,,,,,,,,,,,shift|w,move_up,,1,0
803,26767,,,,,,,,,,,,,,,,,,,,,,shift|w,move_up,,7,0
804,26800,,,,,,,,,,,,,,,,,,,,,,shift|w,move_up,,7,0
805,26833,,,,,,,,,,,,,,,,,,,,,,shift|w,move_up,,1,-1
806,26867,,,,,,,,,,,,,,,,,,,,,,shift|w,move_up,,2,0
807,26900,,,,,,,,,,,,,,,,,,,,,,shift|w,move_up,,6,0
808,26933,,,,,,,,,,,,,,,,,,,,,,shift|w,move_up,,13,1
809,26967,,,,,,,,,,,,,,,,,,,,,,shift|w,move_up,,2,0
810,27000,,,,,,,,,,,,,,,,,,,,,,shift|w,move_up,,1,0
811,27033,,,,,,,,,,,,,,,,,,,,,,shift|w,move_up,,15,3
812,27067,,,,,,,,,,,,,,,,,,,,,,shift|w,move_up,,44,6
813,27100,,,,,,,,,,,,,,,,,,,,,,a|shift|w,move_up|move_left,,34,5
814,27133,,,,,,,,,,,,,,,,,,,,,,a|shift|w,move_up|move_left,,33,7
815,27167,,,,,,,,,,,,,,,,,,,,,,a|shift|w,move_up|move_left,,57,10
816,27200,,,,,,,,,,,,,,,,,,,,,,a|shift|w,move_up|move_left,,53,6
817,27233,,,,,,,,,,,,,,,,,,,,,,a|e|shift|w,interact|move_up|move_left,,26,2
818,27267,,,,,,,,,,,,,,,,,,,,,,a|e|shift|w,interact|move_up|move_left,,16,1
819,27300,,,,,,,,,,,,,,,,,,,,,,a|e|shift|w,interact|move_up|move_left,,11,0
820,27333,,,,,,,,,,,,,,,,,,,,,,a|shift|w,move_up|move_left,,19,1
821,27367,,,,,,,,,,,,,,,,,,,,,,a|shift|w,move_up|move_left,,41,3
822,27400,,,,,,,,,,,,,,,,,,,,,,a|shift|w,move_up|move_left,,15,0
823,27433,,,,,,,,,,,,,,,,,,,,,,a|shift|w,move_up|move_left,,0,0
824,27467,,,,,,,,,,,,,,,,,,,,,,a|shift|w,move_up|move_left,,-4,0
825,27500,,,,,,,,,,,,,,,,,,,,,,a|shift|w,move_up|move_left,,-4,0
826,27533,,,,,,,,,,,,,,,,,,,,,,a|shift|w,move_up|move_left,,-16,-4
827,27567,,,,,,,,,,,,,,,,,,,,,,a|shift|w,move_up|move_left,,-35,-8
828,27600,,,,,,,,,,,,,,,,,,,,,,a|shift|w,move_up|move_left,,-24,-3
829,27633,,,,,,,,,,,,,,,,,,,,,,a|shift|w,move_up|move_left,,-44,0
830,27667,,,,,,,,,,,,,,,,,,,,,,a|w,move_up|move_left,,-46,1
831,27700,,,,,,,,,,,,,,,,,,,,,,a|w,move_up|move_left,,-24,1
832,27733,,,,,,,,,,,,,,,,,,,,,,a|w,move_up|move_left,,0,0
833,27767,,,,,,,,,,,,,,,,,,,,,,a|w,move_up|move_left,,-1,0
834,27800,,,,,,,,,,,,,,,,,,,,,,a,move_left,,0,0
835,27833,,,,,,,,,,,,,,,,,,,,,,a,move_left,,1,1
836,27867,,,,,,,,,,,,,,,,,,,,,,a,move_left,,21,2
837,27900,,,,,,,,,,,,,,,,,,,,,,a|e,interact|move_left,,14,0
838,27933,,,,,,,,,,,,,,,,,,,,,,a|e,interact|move_left,,10,1
839,27967,,,,,,,,,,,,,,,,,,,,,,a|e|w,interact|move_up|move_left,,0,0
840,28000,,,,,,,,,,,,,,,,,,,,,,a|e|w,interact|move_up|move_left,,0,0
841,28033,,,,,,,,,,,,,,,,,,,,,,a|w,move_up|move_left,,0,0
842,28067,,,,,,,,,,,,,,,,,,,,,,a|w,move_up|move_left,,-4,0
843,28100,,,,,,,,,,,,,,,,,,,,,,a|w,move_up|move_left,,-12,0
844,28133,,,,,,,,,,,,,,,,,,,,,,a|w,move_up|move_left,,-1,0
845,28167,,,,,,,,,,,,,,,,,,,,,,a|w,move_up|move_left,,0,0
846,28200,,,,,,,,,,,,,,,,,,,,,,a|w,move_up|move_left,,0,0
847,28233,,,,,,,,,,,,,,,,,,,,,,a|w,move_up|move_left,,0,0
848,28267,,,,,,,,,,,,,,,,,,,,,,a|w,move_up|move_left,,0,0
849,28300,,,,,,,,,,,,,,,,,,,,,,a|w,move_up|move_left,,1,0
850,28333,,,,,,,,,,,,,,,,,,,,,,a|w,move_up|move_left,,56,9
851,28367,,,,,,,,,,,,,,,,,,,,,,a|w,move_up|move_left,,108,7
852,28400,,,,,,,,,,,,,,,,,,,,,,a|e|w,interact|move_up|move_left,,121,-2
853,28433,,,,,,,,,,,,,,,,,,,,,,a|e|w,interact|move_up|move_left,,17,-4
854,28467,,,,,,,,,,,,,,,,,,,,,,a|w,move_up|move_left,,-42,-6
855,28500,,,,,,,,,,,,,,,,,,,,,,a|w,move_up|move_left,,-85,-1
856,28533,,,,,,,,,,,,,,,,,,,,,,a|w,move_up|move_left,,-73,-3
857,28567,,,,,,,,,,,,,,,,,,,,,,a|w,move_up|move_left,,-27,-8
858,28600,,,,,,,,,,,,,,,,,,,,,,a|w,move_up|move_left,,-21,-10
859,28633,,,,,,,,,,,,,,,,,,,,,,a|w,move_up|move_left,,-28,-6
860,28667,,,,,,,,,,,,,,,,,,,,,,a|w,move_up|move_left,,-14,-1
861,28700,,,,,,,,,,,,,,,,,,,,,,a|w,move_up|move_left,,-3,0
862,28733,,,,,,,,,,,,,,,,,,,,,,a|w,move_up|move_left,,-4,0
863,28767,,,,,,,,,,,,,,,,,,,,,,a|w,move_up|move_left,,-1,0
864,28800,,,,,,,,,,,,,,,,,,,,,,a|w,move_up|move_left,,-3,1
865,28833,,,,,,,,,,,,,,,,,,,,,,w,move_up,,-6,0
866,28867,,,,,,,,,,,,,,,,,,,,,,w,move_up,,-20,-2
867,28900,,,,,,,,,,,,,,,,,,,,,,a|w,move_up|move_left,,-20,-2
868,28933,,,,,,,,,,,,,,,,,,,,,,a|w,move_up|move_left,,-8,0
869,28967,,,,,,,,,,,,,,,,,,,,,,a|w,move_up|move_left,,-4,0
870,29000,,,,,,,,,,,,,,,,,,,,,,w,move_up,,-4,0
871,29033,,,,,,,,,,,,,,,,,,,,,,a|w,move_up|move_left,,0,0
872,29067,,,,,,,,,,,,,,,,,,,,,,a|w,move_up|move_left,,0,0
873,29100,,,,,,,,,,,,,,,,,,,,,,a|w,move_up|move_left,,2,0
874,29133,,,,,,,,,,,,,,,,,,,,,,w,move_up,,30,5
875,29167,,,,,,,,,,,,,,,,,,,,,,a|w,move_up|move_left,,38,4
876,29200,,,,,,,,,,,,,,,,,,,,,,a|w,move_up|move_left,,15,0
877,29233,,,,,,,,,,,,,,,,,,,,,,a|w,move_up|move_left,,0,0
878,29267,,,,,,,,,,,,,,,,,,,,,,a|w,move_up|move_left,,0,0
879,29300,,,,,,,,,,,,,,,,,,,,,,a|w,move_up|move_left,,0,0
880,29333,,,,,,,,,,,,,,,,,,,,,,a|w,move_up|move_left,,0,0
881,29367,,,,,,,,,,,,,,,,,,,,,,a|w,move_up|move_left,,0,0
882,29400,,,,,,,,,,,,,,,,,,,,,,a|w,move_up|move_left,,-1,0
883,29433,,,,,,,,,,,,,,,,,,,,,,a|w,move_up|move_left,,0,0
884,29467,,,,,,,,,,,,,,,,,,,,,,a|w,move_up|move_left,,-2,-3
885,29500,,,,,,,,,,,,,,,,,,,,,,a|w,move_up|move_left,,-2,-3
886,29533,,,,,,,,,,,,,,,,,,,,,,w,move_up,,-1,-4
887,29567,,,,,,,,,,,,,,,,,,,,,,w,move_up,,-3,-3
888,29600,,,,,,,,,,,,,,,,,,,,,,w,move_up,,-3,-2
889,29633,,,,,,,,,,,,,,,,,,,,,,w,move_up,,-5,-1
890,29667,,,,,,,,,,,,,,,,,,,,,,w,move_up,,-2,-1
891,29700,,,,,,,,,,,,,,,,,,,,,,w,move_up,,-7,-2
892,29733,,,,,,,,,,,,,,,,,,,,,,w,move_up,,-5,-1
893,29767,,,,,,,,,,,,,,,,,,,,,,w,move_up,,-2,0
894,29800,,,,,,,,,,,,,,,,,,,,,,a|w,move_up|move_left,,0,0
895,29833,,,,,,,,,,,,,,,,,,,,,,a|w,move_up|move_left,,0,0
896,29867,,,,,,,,,,,,,,,,,,,,,,a|w,move_up|move_left,,0,0
897,29900,,,,,,,,,,,,,,,,,,,,,,a|w,move_up|move_left,,3,2
898,29933,,,,,,,,,,,,,,,,,,,,,,w,move_up,,7,3
899,29967,,,,,,,,,,,,,,,,,,,,,,w,move_up,,5,2
900,30000,,,,,,,,,,,,,,,,,,,,,,w,move_up,,5,1
901,30033,,,,,,,,,,,,,,,,,,,,,,w,move_up,,5,1
902,30067,,,,,,,,,,,,,,,,,,,,,,w,move_up,,2,0
903,30100,,,,,,,,,,,,,,,,,,,,,,w,move_up,,0,0
904,30133,,,,,,,,,,,,,,,,,,,,,,w,move_up,,0,0
905,30167,,,,,,,,,,,,,,,,,,,,,,w,move_up,,0,0
906,30200,,,,,,,,,,,,,,,,,,,,,,a|w,move_up|move_left,,0,0
907,30233,,,,,,,,,,,,,,,,,,,,,,a|w,move_up|move_left,,0,0
908,30267,,,,,,,,,,,,,,,,,,,,,,a|w,move_up|move_left,,0,1
909,30300,,,,,,,,,,,,,,,,,,,,,,w,move_up,,11,3
910,30333,,,,,,,,,,,,,,,,,,,,,,w,move_up,,17,4
911,30367,,,,,,,,,,,,,,,,,,,,,,w,move_up,,13,2
912,30400,,,,,,,,,,,,,,,,,,,,,,w,move_up,,9,2
913,30433,,,,,,,,,,,,,,,,,,,,,,w,move_up,,9,2
914,30467,,,,,,,,,,,,,,,,,,,,,,w,move_up,,5,0
915,30500,,,,,,,,,,,,,,,,,,,,,,w,move_up,,1,0
916,30533,,,,,,,,,,,,,,,,,,,,,,w,move_up,,6,1
917,30567,,,,,,,,,,,,,,,,,,,,,,w,move_up,,2,0
918,30600,,,,,,,,,,,,,,,,,,,,,,a|w,move_up|move_left,,0,0
919,30633,,,,,,,,,,,,,,,,,,,,,,a|w,move_up|move_left,,0,0
920,30667,,,,,,,,,,,,,,,,,,,,,,a|w,move_up|move_left,,0,0
921,30700,,,,,,,,,,,,,,,,,,,,,,a|w,move_up|move_left,,0,0
922,30733,,,,,,,,,,,,,,,,,,,,,,w,move_up,,4,1
923,30767,,,,,,,,,,,,,,,,,,,,,,w,move_up,,1,1
924,30800,,,,,,,,,,,,,,,,,,,,,,w,move_up,,2,0
925,30833,,,,,,,,,,,,,,,,,,,,,,w,move_up,,15,2
926,30867,,,,,,,,,,,,,,,,,,,,,,w,move_up,,5,2
927,30900,,,,,,,,,,,,,,,,,,,,,,w,move_up,,3,1
928,30933,,,,,,,,,,,,,,,,,,,,,,w,move_up,,1,1
929,30967,,,,,,,,,,,,,,,,,,,,,,w,move_up,,0,1
930,31000,,,,,,,,,,,,,,,,,,,,,,w,move_up,,1,1
931,31033,,,,,,,,,,,,,,,,,,,,,,w,move_up,,0,0
932,31067,,,,,,,,,,,,,,,,,,,,,,w,move_up,,-3,0
933,31100,,,,,,,,,,,,,,,,,,,,,,w,move_up,,-4,0
934,31133,,,,,,,,,,,,,,,,,,,,,,w,move_up,,-10,0
935,31167,,,,,,,,,,,,,,,,,,,,,,w,move_up,,-16,2
936,31200,,,,,,,,,,,,,,,,,,,,,,w,move_up,,-25,0
937,31233,,,,,,,,,,,,,,,,,,,,,,w,move_up,,-21,1
938,31267,,,,,,,,,,,,,,,,,,,,,,w,move_up,,-2,1
939,31300,,,,,,,,,,,,,,,,,,,,,,w,move_up,,-5,1
940,31333,,,,,,,,,,,,,,,,,,,,,,w,move_up,,-1,2
941,31367,,,,,,,,,,,,,,,,,,,,,,w,move_up,,-2,2
942,31400,,,,,,,,,,,,,,,,,,,,,,w,move_up,,-2,1
943,31433,,,,,,,,,,,,,,,,,,,,,,w,move_up,,-6,3
944,31467,,,,,,,,,,,,,,,,,,,,,,w,move_up,,-15,4
945,31500,,,,,,,,,,,,,,,,,,,,,,w,move_up,,-11,4
946,31533,,,,,,,,,,,,,,,,,,,,,,w,move_up,,-4,1
947,31567,,,,,,,,,,,,,,,,,,,,,,w,move_up,,0,0
948,31600,,,,,,,,,,,,,,,,,,,,,,w,move_up,,0,0
949,31633,,,,,,,,,,,,,,,,,,,,,,w,move_up,,1,2
950,31667,,,,,,,,,,,,,,,,,,,,,,w,move_up,,3,1
951,31700,,,,,,,,,,,,,,,,,,,,,,w,move_up,,0,1
952,31733,,,,,,,,,,,,,,,,,,,,,,w,move_up,,2,2
953,31767,,,,,,,,,,,,,,,,,,,,,,w,move_up,,-1,5
954,31800,,,,,,,,,,,,,,,,,,,,,,w,move_up,,0,7
955,31833,,,,,,,,,,,,,,,,,,,,,,w,move_up,,0,2
956,31867,,,,,,,,,,,,,,,,,,,,,,w,move_up,,0,1
957,31900,,,,,,,,,,,,,,,,,,,,,,e|w,interact|move_up,,0,1
958,31933,,,,,,,,,,,,,,,,,,,,,,e|w,interact|move_up,,0,0
959,31967,,,,,,,,,,,,,,,,,,,,,,e|w,interact|move_up,,1,0
960,32000,,,,,,,,,,,,,,,,,,,,,,e|w,interact|move_up,,0,0
961,32033,,,,,,,,,,,,,,,,,,,,,,w,move_up,,0,0
962,32067,,,,,,,,,,,,,,,,,,,,,,w,move_up,,0,0
963,32100,,,,,,,,,,,,,,,,,,,,,,w,move_up,,0,0
964,32133,,,,,,,,,,,,,,,,,,,,,,e|w,interact|move_up,,1,1
965,32167,,,,,,,,,,,,,,,,,,,,,,e|w,interact|move_up,,1,0
966,32200,,,,,,,,,,,,,,,,,,,,,,e|w,interact|move_up,,3,5
967,32233,,,,,,,,,,,,,,,,,,,,,,e|w,interact|move_up,,0,4
968,32267,,,,,,,,,,,,,,,,,,,,,,w,move_up,,-1,9
969,32300,,,,,,,,,,,,,,,,,,,,,,w,move_up,,0,5
970,32333,,,,,,,,,,,,,,,,,,,,,,w,move_up,,0,1
971,32367,,,,,,,,,,,,,,,,,,,,,,w,move_up,,0,0
972,32400,,,,,,,,,,,,,,,,,,,,,,,,,0,0
973,32433,,,,,,,,,,,,,,,,,,,,,,,,,0,0
974,32467,,,,,,,,,,,,,,,,,,,,,,,,,0,0
975,32500,,,,,,,,,,,,,,,,,,,,,,,,,0,0
976,32533,,,,,,,,,,,,,,,,,,,,,,,,,0,-1
977,32567,,,,,,,,,,,,,,,,,,,,,,,,,1,-2
978,32600,,,,,,,,,,,,,,,,,,,,,,,,,0,0
979,32633,,,,,,,,,,,,,,,,,,,,,,,,,0,0
980,32667,,,,,,,,,,,,,,,,,,,,,,,,,0,0
981,32700,,,,,,,,,,,,,,,,,,,,,,,,,0,0
982,32733,,,,,,,,,,,,,,,,,,,,,,,,,0,0
983,32767,,,,,,,,,,,,,,,,,,,,,,,,,0,0
984,32800,,,,,,,,,,,,,,,,,,,,,,,,,0,0
985,32833,,,,,,,,,,,,,,,,,,,,,,,,,0,0
986,32867,,,,,,,,,,,,,,,,,,,,,,,,,0,0
987,32900,,,,,,,,,,,,,,,,,,,,,,,,,0,0
988,32933,,,,,,,,,,,,,,,,,,,,,,,,,0,0
989,32967,,,,,,,,,,,,,,,,,,,,,,,,,0,0
990,33000,,,,,,,,,,,,,,,,,,,,,,,,,0,0
991,33033,,,,,,,,,,,,,,,,,,,,,,,,,0,0
992,33067,,,,,,,,,,,,,,,,,,,,,,,,,0,0
993,33100,,,,,,,,,,,,,,,,,,,,,,,,,0,0
994,33133,,,,,,,,,,,,,,,,,,,,,,,,,0,0
995,33167,,,,,,,,,,,,,,,,,,,,,,,,,0,0
996,33200,,,,,,,,,,,,,,,,,,,,,,,,,0,0
997,33233,,,,,,,,,,,,,,,,,,,,,,,,,0,0
998,33267,,,,,,,,,,,,,,,,,,,,,,,,,0,0
999,33300,,,,,,,,,,,,,,,,,,,,,,,,,0,0
1000,33333,,,,,,,,,,,,,,,,,,,,,,,,,0,0
1001,33367,,,,,,,,,,,,,,,,,,,,,,,,,0,0
1002,33400,,,,,,,,,,,,,,,,,,,,,,,,,0,0
1003,33433,,,,,,,,,,,,,,,,,,,,,,,,,0,0
1004,33467,,,,,,,,,,,,,,,,,,,,,,,,,0,0
1005,33500,,,,,,,,,,,,,,,,,,,,,,,,,0,0
1006,33533,,,,,,,,,,,,,,,,,,,,,,,,,0,0
1007,33567,,,,,,,,,,,,,,,,,,,,,,,,,0,0
1008,33600,,,,,,,,,,,,,,,,,,,,,,,,,0,0
1009,33633,,,,,,,,,,,,,,,,,,,,,,,,,0,0
1010,33667,,,,,,,,,,,,,,,,,,,,,,,,,0,0
1011,33700,,,,,,,,,,,,,,,,,,,,,,,,,0,0
1012,33733,,,,,,,,,,,,,,,,,,,,,,,,,0,0
1013,33767,,,,,,,,,,,,,,,,,,,,,,,,,0,0
1014,33800,,,,,,,,,,,,,,,,,,,,,,,,,0,0
1015,33833,,,,,,,,,,,,,,,,,,,,,,,,,0,0
1016,33867,,,,,,,,,,,,,,,,,,,,,,,,,0,0
1017,33900,,,,,,,,,,,,,,,,,,,,,,,,,0,0
1018,33933,,,,,,,,,,,,,,,,,,,,,,,,,0,0
1019,33967,,,,,,,,,,,,,,,,,,,,,,,,,0,0
1020,34000,,,,,,,,,,,,,,,,,,,,,,,,,0,0
1021,34033,,,,,,,,,,,,,,,,,,,,,,,,,0,0
1022,34067,,,,,,,,,,,,,,,,,,,,,,,,,0,0
1023,34100,,,,,,,,,,,,,,,,,,,,,,,,,0,0
1024,34133,,,,,,,,,,,,,,,,,,,,,,,,,0,0
1025,34167,,,,,,,,,,,,,,,,,,,,,,,,,0,0
1026,34200,,,,,,,,,,,,,,,,,,,,,,,,,0,0
1027,34233,,,,,,,,,,,,,,,,,,,,,,,,,0,0
1028,34267,,,,,,,,,,,,,,,,,,,,,,,,,0,0
1029,34300,,,,,,,,,,,,,,,,,,,,,,,,,0,0
1030,34333,,,,,,,,,,,,,,,,,,,,,,,,,0,0
1031,34367,,,,,,,,,,,,,,,,,,,,,,,,,0,0
1032,34400,,,,,,,,,,,,,,,,,,,,,,,,,0,0
1033,34433,,,,,,,,,,,,,,,,,,,,,,,,,0,0
1034,34467,,,,,,,,,,,,,,,,,,,,,,,,,0,0
1035,34500,,,,,,,,,,,,,,,,,,,,,,,,,0,0
1036,34533,,,,,,,,,,,,,,,,,,,,,,,,,0,0
1037,34567,,,,,,,,,,,,,,,,,,,,,,,,,0,0
1038,34600,,,,,,,,,,,,,,,,,,,,,,,,,0,0
1039,34633,,,,,,,,,,,,,,,,,,,,,,,,,0,0
1040,34667,,,,,,,,,,,,,,,,,,,,,,,,,0,0
1041,34700,,,,,,,,,,,,,,,,,,,,,,,,,0,0
1042,34733,,,,,,,,,,,,,,,,,,,,,,,,,0,0
1043,34767,,,,,,,,,,,,,,,,,,,,,,,,,0,0
1044,34800,,,,,,,,,,,,,,,,,,,,,,,,,0,0
1045,34833,,,,,,,,,,,,,,,,,,,,,,,,,0,0
1046,34867,,,,,,,,,,,,,,,,,,,,,,,,,0,0
1047,34900,,,,,,,,,,,,,,,,,,,,,,,,,0,0
1048,34933,,,,,,,,,,,,,,,,,,,,,,,,,0,0
1049,34967,,,,,,,,,,,,,,,,,,,,,,,,,0,0
1050,35000,,,,,,,,,,,,,,,,,,,,,,,,,0,0
1051,35033,,,,,,,,,,,,,,,,,,,,,,,,,0,0
1052,35067,,,,,,,,,,,,,,,,,,,,,,,,,0,0
1053,35100,,,,,,,,,,,,,,,,,,,,,,,,,0,0
1054,35133,,,,,,,,,,,,,,,,,,,,,,,,,0,0
1055,35167,,,,,,,,,,,,,,,,,,,,,,,,,0,0
1056,35200,,,,,,,,,,,,,,,,,,,,,,,,,0,0
1057,35233,,,,,,,,,,,,,,,,,,,,,,,,,0,1
1058,35267,,,,,,,,,,,,,,,,,,,,,,,,,0,0
1059,35300,,,,,,,,,,,,,,,,,,,,,,,,,0,0
1060,35333,,,,,,,,,,,,,,,,,,,,,,,,,1,0
1061,35367,,,,,,,,,,,,,,,,,,,,,,,,,0,0
1062,35400,,,,,,,,,,,,,,,,,,,,,,,,,0,0
1063,35433,,,,,,,,,,,,,,,,,,,,,,,,,0,0
1064,35467,,,,,,,,,,,,,,,,,,,,,,,,,20,10
1065,35500,,,,,,,,,,,,,,,,,,,,,,,,,69,25
1066,35533,,,,,,,,,,,,,,,,,,,,,,,,,46,6
1067,35567,,,,,,,,,,,,,,,,,,,,,,,,,0,0
1068,35600,,,,,,,,,,,,,,,,,,,,,,,,,0,0
1069,35633,,,,,,,,,,,,,,,,,,,,,,,,,0,0
1070,35667,,,,,,,,,,,,,,,,,,,,,,,,,0,0
1071,35700,,,,,,,,,,,,,,,,,,,,,,,,,0,0
1072,35733,,,,,,,,,,,,,,,,,,,,,,,,,0,0
1073,35767,,,,,,,,,,,,,,,,,,,,,,,,,0,0
1074,35800,,,,,,,,,,,,,,,,,,,,,,,,,10,-1
1075,35833,,,,,,,,,,,,,,,,,,,,,,,,,46,4
1076,35867,,,,,,,,,,,,,,,,,,,,,,,,,85,19
1077,35900,,,,,,,,,,,,,,,,,,,,,,,,,57,11
1078,35933,,,,,,,,,,,,,,,,,,,,,,,,,9,3
1079,35967,,,,,,,,,,,,,,,,,,,,,,,,,-3,0
1080,36000,,,,,,,,,,,,,,,,,,,,,,,,,0,0
1081,36033,,,,,,,,,,,,,,,,,,,,,,,,,0,0
1082,36067,,,,,,,,,,,,,,,,,,,,,,,,,0,0
1083,36100,,,,,,,,,,,,,,,,,,,,,,,,,0,0
1084,36133,,,,,,,,,,,,,,,,,,,,,,,,,0,0
1085,36167,,,,,,,,,,,,,,,,,,,,,,,,,0,0
1086,36200,,,,,,,,,,,,,,,,,,,,,,,,,0,0
1087,36233,,,,,,,,,,,,,,,,,,,,,,,,,0,0
1088,36267,,,,,,,,,,,,,,,,,,,,,,,,,0,0
1089,36300,,,,,,,,,,,,,,,,,,,,,,,,,0,0
1090,36333,,,,,,,,,,,,,,,,,,,,,,,,,0,0
1091,36367,,,,,,,,,,,,,,,,,,,,,,,,,0,0
1092,36400,,,,,,,,,,,,,,,,,,,,,,,,,0,0
1093,36433,,,,,,,,,,,,,,,,,,,,,,,,,0,0
1094,36467,,,,,,,,,,,,,,,,,,,,,,,,,0,0
1095,36500,,,,,,,,,,,,,,,,,,,,,,,,,0,0
1096,36533,,,,,,,,,,,,,,,,,,,,,,,,,0,0
1097,36567,,,,,,,,,,,,,,,,,,,,,,,,,0,0
1098,36600,,,,,,,,,,,,,,,,,,,,,,,,,0,0
1099,36633,,,,,,,,,,,,,,,,,,,,,,,,,0,0
1100,36667,,,,,,,,,,,,,,,,,,,,,,,,,0,0
1101,36700,,,,,,,,,,,,,,,,,,,,,,,,,0,0
1102,36733,,,,,,,,,,,,,,,,,,,,,,,,,0,0
1103,36767,,,,,,,,,,,,,,,,,,,,,,,,,0,0
1104,36800,,,,,,,,,,,,,,,,,,,,,,,,,0,0
1105,36833,,,,,,,,,,,,,,,,,,,,,,,,,0,0
1106,36867,,,,,,,,,,,,,,,,,,,,,,,,,0,0
1107,36900,,,,,,,,,,,,,,,,,,,,,,,,,0,0
1108,36933,,,,,,,,,,,,,,,,,,,,,,,,,0,0
1109,36967,,,,,,,,,,,,,,,,,,,,,,,,,0,0
1110,37000,,,,,,,,,,,,,,,,,,,,,,,,,0,0
1111,37033,,,,,,,,,,,,,,,,,,,,,,,,,0,0
1112,37067,,,,,,,,,,,,,,,,,,,,,,,,,0,0
1113,37100,,,,,,,,,,,,,,,,,,,,,,,,,0,0
1114,37133,,,,,,,,,,,,,,,,,,,,,,,,,0,0
1115,37167,,,,,,,,,,,,,,,,,,,,,,,,,0,0
1116,37200,,,,,,,,,,,,,,,,,,,,,,,,,0,0
1117,37233,,,,,,,,,,,,,,,,,,,,,,,,,0,0
1118,37267,,,,,,,,,,,,,,,,,,,,,,,,,0,0
1119,37300,,,,,,,,,,,,,,,,,,,,,,,,,0,0
1120,37333,,,,,,,,,,,,,,,,,,,,,,,,,0,0
1121,37367,,,,,,,,,,,,,,,,,,,,,,,,,0,0
1122,37400,,,,,,,,,,,,,,,,,,,,,,,,,0,0
1123,37433,,,,,,,,,,,,,,,,,,,,,,,,,0,0
1124,37467,,,,,,,,,,,,,,,,,,,,,,,,,0,0
1125,37500,,,,,,,,,,,,,,,,,,,,,,,,,-3,0
1126,37533,,,,,,,,,,,,,,,,,,,,,,,,,9,10
1127,37567,,,,,,,,,,,,,,,,,,,,,,,,,36,25
1128,37600,,,,,,,,,,,,,,,,,,,,,,,,,45,6
1129,37633,,,,,,,,,,,,,,,,,,,,,,,,,24,-2
1130,37667,,,,,,,,,,,,,,,,,,,,,,,,,8,-13
1131,37700,,,,,,,,,,,,,,,,,,,,,,,,,1,-8
1132,37733,,,,,,,,,,,,,,,,,,,,,,,,,0,-1
1133,37767,,,,,,,,,,,,,,,,,,,,,,,,,0,0
1134,37800,,,,,,,,,,,,,,,,,,,,,,,,,1,0
1135,37833,,,,,,,,,,,,,,,,,,,,,,,,,0,0
1136,37867,,,,,,,,,,,,,,,,,,,,,,,,,0,0
1137,37900,,,,,,,,,,,,,,,,,,,,,,,,,0,0
1138,37933,,,,,,,,,,,,,,,,,,,,,,,,,0,0
1139,37967,,,,,,,,,,,,,,,,,,,,,,,,,0,0
1140,38000,,,,,,,,,,,,,,,,,,,,,,,,,-1,0
1141,38033,,,,,,,,,,,,,,,,,,,,,,,,,-4,5
1142,38067,,,,,,,,,,,,,,,,,,,,,,,,,0,0
1143,38100,,,,,,,,,,,,,,,,,,,,,,,,,0,0
1144,38133,,,,,,,,,,,,,,,,,,,,,,,,,13,4
1145,38167,,,,,,,,,,,,,,,,,,,,,,,,,42,16
1146,38200,,,,,,,,,,,,,,,,,,,,,,,,,7,9
1147,38233,,,,,,,,,,,,,,,,,,,,,,,,,0,0
1148,38267,,,,,,,,,,,,,,,,,,,,,,,,,0,1
1149,38300,,,,,,,,,,,,,,,,,,,,,,,,,0,0
1150,38333,,,,,,,,,,,,,,,,,,,,,,,,,0,0
1151,38367,,,,,,,,,,,,,,,,,,,,,,,,,0,0
1152,38400,,,,,,,,,,,,,,,,,,,,,,,,,0,0
1153,38433,,,,,,,,,,,,,,,,,,,,,,,,,0,0
1154,38467,,,,,,,,,,,,,,,,,,,,,,,,,1,0
1155,38500,,,,,,,,,,,,,,,,,,,,,,,,,7,-1
1156,38533,,,,,,,,,,,,,,,,,,,,,,,,,1,0
1157,38567,,,,,,,,,,,,,,,,,,,,,,,,,2,-2
1158,38600,,,,,,,,,,,,,,,,,,,,,,,,,0,0
1159,38633,,,,,,,,,,,,,,,,,,,,,,,,,0,0
1160,38667,,,,,,,,,,,,,,,,,,,,,,,,,0,0
1161,38700,,,,,,,,,,,,,,,,,,,,,,,,,0,0
1162,38733,,,,,,,,,,,,,,,,,,,,,,,,,0,0
1163,38767,,,,,,,,,,,,,,,,,,,,,,,,,0,0
1164,38800,,,,,,,,,,,,,,,,,,,,,,,,,0,0
1165,38833,,,,,,,,,,,,,,,,,,,,,,,,,0,0
1166,38867,,,,,,,,,,,,,,,,,,,,,,,,,0,0
1167,38900,,,,,,,,,,,,,,,,,,,,,,,,,0,0
1168,38933,,,,,,,,,,,,,,,,,,,,,,,,,3,2
1169,38967,,,,,,,,,,,,,,,,,,,,,,,,,22,9
1170,39000,,,,,,,,,,,,,,,,,,,,,,,,,38,3
1171,39033,,,,,,,,,,,,,,,,,,,,,,,,,7,-3
1172,39067,,,,,,,,,,,,,,,,,,,,,,,,,-18,-2
1173,39100,,,,,,,,,,,,,,,,,,,,,,,,,-55,13
1174,39133,,,,,,,,,,,,,,,,,,,,,,,,,-44,26
1175,39167,,,,,,,,,,,,,,,,,,,,,,,,,37,27
1176,39200,,,,,,,,,,,,,,,,,,,,,,,,,96,-5
1177,39233,,,,,,,,,,,,,,,,,,,,,,,,,52,-22
1178,39267,,,,,,,,,,,,,,,,,,,,,,,,,-15,-11
1179,39300,,,,,,,,,,,,,,,,,,,,,,,,,-70,7
1180,39333,,,,,,,,,,,,,,,,,,,,,,,,,-51,30
1181,39367,,,,,,,,,,,,,,,,,,,,,,,,,23,18
1182,39400,,,,,,,,,,,,,,,,,,,,,,,,,48,-9
1183,39433,,,,,,,,,,,,,,,,,,,,,,,,,21,-17
1184,39467,,,,,,,,,,,,,,,,,,,,,,,,,-20,-8
1185,39500,,,,,,,,,,,,,,,,,,,,,,,,,-26,9
1186,39533,,,,,,,,,,,,,,,,,,,,,,,,,1,8
1187,39567,,,,,,,,,,,,,,,,,,,,,,,,,20,-5
1188,39600,,,,,,,,,,,,,,,,,,,,,,,,,16,-20
1189,39633,,,,,,,,,,,,,,,,,,,,,,,,,0,-11
1190,39667,,,,,,,,,,,,,,,,,,,,,,,,,-11,1
1191,39700,,,,,,,,,,,,,,,,,,,,,,,,,-11,11
1192,39733,,,,,,,,,,,,,,,,,,,,,,,,,0,11
1193,39767,,,,,,,,,,,,,,,,,,,,,,,,,19,10
1194,39800,,,,,,,,,,,,,,,,,,,,,,,,,24,-1
1195,39833,,,,,,,,,,,,,,,,,,,,,,,,,7,-3
1196,39867,,,,,,,,,,,,,,,,,,,,,,,,,1,0
1197,39900,,,,,,,,,,,,,,,,,,,,,,,,,0,0
1198,39933,,,,,,,,,,,,,,,,,,,,,,,,,0,0
1199,39967,,,,,,,,,,,,,,,,,,,,,,,,,0,0
1200,40000,,,,,,,,,,,,,,,,,,,,,,,,,0,0
1201,40033,,,,,,,,,,,,,,,,,,,,,,,,,0,0
1202,40067,,,,,,,,,,,,,,,,,,,,,,,,,1,0
1203,40100,,,,,,,,,,,,,,,,,,,,,,,,,45,34
1204,40133,,,,,,,,,,,,,,,,,,,,,,,,,67,17
1205,40167,,,,,,,,,,,,,,,,,,,,,,,,,52,-11
1206,40200,,,,,,,,,,,,,,,,,,,,,,,,,-5,-32
1207,40233,,,,,,,,,,,,,,,,,,,,,,,,,-62,-17
1208,40267,,,,,,,,,,,,,,,,,,,,,,,,,-76,20
1209,40300,,,,,,,,,,,,,,,,,,,,,,,,,-34,36
1210,40333,,,,,,,,,,,,,,,,,,,,,,,,,26,28
1211,40367,,,,,,,,,,,,,,,,,,,,,,,,,78,2
1212,40400,,,,,,,,,,,,,,,,,,,,,,,,,92,-42
1213,40433,,,,,,,,,,,,,,,,,,,,,,,,,9,-33
1214,40467,,,,,,,,,,,,,,,,,,,,,,,,,-42,-20
1215,40500,,,,,,,,,,,,,,,,,,,,,,,,,-66,10
1216,40533,,,,,,,,,,,,,,,,,,,,,,,,,-31,29
1217,40567,,,,,,,,,,,,,,,,,,,,,,,,,9,29
1218,40600,,,,,,,,,,,,,,,,,,,,,,,,,53,13
1219,40633,,,,,,,,,,,,,,,,,,,,,,,,,31,-15
1220,40667,,,,,,,,,,,,,,,,,,,,,,,,,17,-25
1221,40700,,,,,,,,,,,,,,,,,,,,,,,,,0,0
1222,40733,,,,,,,,,,,,,,,,,,,,,,,,,-1,0
1223,40767,,,,,,,,,,,,,,,,,,,,,,,,,-16,4
1224,40800,,,,,,,,,,,,,,,,,,,,,,,,,0,0
1225,40833,,,,,,,,,,,,,,,,,,,,,,,,,-2,0
1226,40867,,,,,,,,,,,,,,,,,,,,,,,,,0,0
1227,40900,,,,,,,,,,,,,,,,,,,,,,,,,0,0
1228,40933,,,,,,,,,,,,,,,,,,,,,,,,,0,0
1229,40967,,,,,,,,,,,,,,,,,,,,,,,,,0,0
1230,41000,,,,,,,,,,,,,,,,,,,,,,,,,0,-1
1231,41033,,,,,,,,,,,,,,,,,,,,,,,,,0,-3
1232,41067,,,,,,,,,,,,,,,,,,,,,,,,,0,-1
1233,41100,,,,,,,,,,,,,,,,,,,,,,,,,1,-1
1234,41133,,,,,,,,,,,,,,,,,,,,,,,,,0,-1
1235,41167,,,,,,,,,,,,,,,,,,,,,,,,,0,0
1236,41200,,,,,,,,,,,,,,,,,,,,,,,,,0,0
1237,41233,,,,,,,,,,,,,,,,,,,,,,,,,0,0
1238,41267,,,,,,,,,,,,,,,,,,,,,,,,,0,0
1239,41300,,,,,,,,,,,,,,,,,,,,,,,,,0,0
1240,41333,,,,,,,,,,,,,,,,,,,,,,,,,0,0
1241,41367,,,,,,,,,,,,,,,,,,,,,,,,,0,0
1242,41400,,,,,,,,,,,,,,,,,,,,,,,,,0,0
1243,41433,,,,,,,,,,,,,,,,,,,,,,,,,0,0
1244,41467,,,,,,,,,,,,,,,,,,,,,,,,,0,0
1245,41500,,,,,,,,,,,,,,,,,,,,,,,,,0,0
1246,41533,,,,,,,,,,,,,,,,,,,,,,,,,0,0
1247,41567,,,,,,,,,,,,,,,,,,,,,,,,,0,0
1248,41600,,,,,,,,,,,,,,,,,,,,,,,,,0,0
1249,41633,,,,,,,,,,,,,,,,,,,,,,,,,0,0
1250,41667,,,,,,,,,,,,,,,,,,,,,,,,,0,0
1251,41700,,,,,,,,,,,,,,,,,,,,,,,,,0,0
1252,41733,,,,,,,,,,,,,,,,,,,,,,,,,0,0
1253,41767,,,,,,,,,,,,,,,,,,,,,,,,,0,0
1254,41800,,,,,,,,,,,,,,,,,,,,,,,,,0,0
1255,41833,,,,,,,,,,,,,,,,,,,,,,,,,0,0
1256,41867,,,,,,,,,,,,,,,,,,,,,,,,,-1,2
1257,41900,,,,,,,,,,,,,,,,,,,,,,,,,0,0
1258,41933,,,,,,,,,,,,,,,,,,,,,,,,,-1,0
1259,41967,,,,,,,,,,,,,,,,,,,,,,,,,0,0
1260,42000,,,,,,,,,,,,,,,,,,,,,,,,,0,0
1261,42033,,,,,,,,,,,,,,,,,,,,,,,,,0,0
1262,42067,,,,,,,,,,,,,,,,,,,,,,,,,0,0
1263,42100,,,,,,,,,,,,,,,,,,,,,,,,,0,0
1264,42133,,,,,,,,,,,,,,,,,,,,,,,,,0,0
1265,42167,,,,,,,,,,,,,,,,,,,,,,,,,0,0
1266,42200,,,,,,,,,,,,,,,,,,,,,,,,,0,0
1267,42233,,,,,,,,,,,,,,,,,,,,,,,,,0,0
1268,42267,,,,,,,,,,,,,,,,,,,,,,,,,0,0
1269,42300,,,,,,,,,,,,,,,,,,,,,,,,,0,0
1270,42333,,,,,,,,,,,,,,,,,,,,,,,,,0,0
1271,42367,,,,,,,,,,,,,,,,,,,,,,,,,0,0
1272,42400,,,,,,,,,,,,,,,,,,,,,,,,,0,0
1273,42433,,,,,,,,,,,,,,,,,,,,,,,,,0,0
1274,42467,,,,,,,,,,,,,,,,,,,,,,,,,0,0
1275,42500,,,,,,,,,,,,,,,,,,,,,,,,,0,0
1276,42533,,,,,,,,,,,,,,,,,,,,,,,,,0,0
1277,42567,,,,,,,,,,,,,,,,,,,,,,,,,0,0
1278,42600,,,,,,,,,,,,,,,,,,,,,,,,,0,0
1279,42633,,,,,,,,,,,,,,,,,,,,,,,,,0,0
1280,42667,,,,,,,,,,,,,,,,,,,,,,,,,0,0
1281,42700,,,,,,,,,,,,,,,,,,,,,,,,,0,0
1282,42733,,,,,,,,,,,,,,,,,,,,,,,,,0,0
1283,42767,,,,,,,,,,,,,,,,,,,,,,,,,0,0
1284,42800,,,,,,,,,,,,,,,,,,,,,,,,,0,0
1285,42833,,,,,,,,,,,,,,,,,,,,,,,,,0,0
1286,42867,,,,,,,,,,,,,,,,,,,,,,,,,0,0
1287,42900,,,,,,,,,,,,,,,,,,,,,,,,,0,0
1288,42933,,,,,,,,,,,,,,,,,,,,,,,,,0,0
1289,42967,,,,,,,,,,,,,,,,,,,,,,,,,0,0
1290,43000,,,,,,,,,,,,,,,,,,,,,,,,,0,0
1291,43033,,,,,,,,,,,,,,,,,,,,,,,,,0,0
1292,43067,,,,,,,,,,,,,,,,,,,,,,,,,0,0
1293,43100,,,,,,,,,,,,,,,,,,,,,,,,,0,0
1294,43133,,,,,,,,,,,,,,,,,,,,,,,,,0,0
1295,43167,,,,,,,,,,,,,,,,,,,,,,,,,0,0
1296,43200,,,,,,,,,,,,,,,,,,,,,,,,,0,0
1297,43233,,,,,,,,,,,,,,,,,,,,,,,,,0,0
1298,43267,,,,,,,,,,,,,,,,,,,,,,,,,0,0
1299,43300,,,,,,,,,,,,,,,,,,,,,,,,,0,0
1300,43333,,,,,,,,,,,,,,,,,,,,,,,,,0,0
1301,43367,,,,,,,,,,,,,,,,,,,,,,,,,0,0
1302,43400,,,,,,,,,,,,,,,,,,,,,,,,,0,0
1303,43433,,,,,,,,,,,,,,,,,,,,,,,,,0,0
1304,43467,,,,,,,,,,,,,,,,,,,,,,,,,0,0
1305,43500,,,,,,,,,,,,,,,,,,,,,,,,,0,0
1306,43533,,,,,,,,,,,,,,,,,,,,,,,,,0,0
1307,43567,,,,,,,,,,,,,,,,,,,,,,,,,0,0
1308,43600,,,,,,,,,,,,,,,,,,,,,,,,,0,0
1309,43633,,,,,,,,,,,,,,,,,,,,,,,,,0,0
1310,43667,,,,,,,,,,,,,,,,,,,,,,,,,0,0
1311,43700,,,,,,,,,,,,,,,,,,,,,,,,,0,0
1312,43733,,,,,,,,,,,,,,,,,,,,,,,,,0,0
1313,43767,,,,,,,,,,,,,,,,,,,,,,,,,0,0
1314,43800,,,,,,,,,,,,,,,,,,,,,,,,,0,0
1315,43833,,,,,,,,,,,,,,,,,,,,,,,,,0,0
1316,43867,,,,,,,,,,,,,,,,,,,,,,,,,0,0
1317,43900,,,,,,,,,,,,,,,,,,,,,,,,,0,0
1318,43933,,,,,,,,,,,,,,,,,,,,,,,,,0,0
1319,43967,,,,,,,,,,,,,,,,,,,,,,,,,0,0
1320,44000,,,,,,,,,,,,,,,,,,,,,,,,,0,0
1321,44033,,,,,,,,,,,,,,,,,,,,,,,,,0,0
1322,44067,,,,,,,,,,,,,,,,,,,,,,,,,0,0
1323,44100,,,,,,,,,,,,,,,,,,,,,,,,,0,0
1324,44133,,,,,,,,,,,,,,,,,,,,,,,,,0,0
1325,44167,,,,,,,,,,,,,,,,,,,,,,,,,0,0
1326,44200,,,,,,,,,,,,,,,,,,,,,,,,,0,0
1327,44233,,,,,,,,,,,,,,,,,,,,,,,,,0,0
1328,44267,,,,,,,,,,,,,,,,,,,,,,,,,0,0
1329,44300,,,,,,,,,,,,,,,,,,,,,,,,,0,0
1330,44333,,,,,,,,,,,,,,,,,,,,,,,,,0,0
1331,44367,,,,,,,,,,,,,,,,,,,,,,,,,0,0
1332,44400,,,,,,,,,,,,,,,,,,,,,,,,,0,0
1333,44433,,,,,,,,,,,,,,,,,,,,,,,,,0,0
1334,44467,,,,,,,,,,,,,,,,,,,,,,,,,0,0
1335,44500,,,,,,,,,,,,,,,,,,,,,,,,,0,0
1336,44533,,,,,,,,,,,,,,,,,,,,,,,,,0,0
1337,44567,,,,,,,,,,,,,,,,,,,,,,,,,0,0
1338,44600,,,,,,,,,,,,,,,,,,,,,,,,,0,0
1339,44633,,,,,,,,,,,,,,,,,,,,,,,,,0,0
1340,44667,,,,,,,,,,,,,,,,,,,,,,,,,0,0
1341,44700,,,,,,,,,,,,,,,,,,,,,,,,,0,0
1342,44733,,,,,,,,,,,,,,,,,,,,,,,,,0,0
1343,44767,,,,,,,,,,,,,,,,,,,,,,,,,0,0
1344,44800,,,,,,,,,,,,,,,,,,,,,,,,,0,0
1345,44833,,,,,,,,,,,,,,,,,,,,,,,,,0,0
1346,44867,,,,,,,,,,,,,,,,,,,,,,,,,0,0
1347,44900,,,,,,,,,,,,,,,,,,,,,,,,,0,0
1348,44933,,,,,,,,,,,,,,,,,,,,,,,,,0,0
1349,44967,,,,,,,,,,,,,,,,,,,,,,,,,0,0
1350,45000,,,,,,,,,,,,,,,,,,,,,,,,,0,0
1351,45033,,,,,,,,,,,,,,,,,,,,,,,,,0,0
1352,45067,,,,,,,,,,,,,,,,,,,,,,,,,0,0
1353,45100,,,,,,,,,,,,,,,,,,,,,,,,,0,0
1354,45133,,,,,,,,,,,,,,,,,,,,,,,,,0,0
1355,45167,,,,,,,,,,,,,,,,,,,,,,,,,0,0
1356,45200,,,,,,,,,,,,,,,,,,,,,,,,,0,0
1357,45233,,,,,,,,,,,,,,,,,,,,,,,,,0,0
1358,45267,,,,,,,,,,,,,,,,,,,,,,,,,0,0
1359,45300,,,,,,,,,,,,,,,,,,,,,,,,,0,0
1360,45333,,,,,,,,,,,,,,,,,,,,,,,,,0,0
1361,45367,,,,,,,,,,,,,,,,,,,,,,,,,0,0
1362,45400,,,,,,,,,,,,,,,,,,,,,,,,,0,0
1363,45433,,,,,,,,,,,,,,,,,,,,,,,,,0,0
1364,45467,,,,,,,,,,,,,,,,,,,,,,,,,0,0
1365,45500,,,,,,,,,,,,,,,,,,,,,,,,,0,0
1366,45533,,,,,,,,,,,,,,,,,,,,,,,,,0,0
1367,45567,,,,,,,,,,,,,,,,,,,,,,,,,0,0
1368,45600,,,,,,,,,,,,,,,,,,,,,,,,,0,0
1369,45633,,,,,,,,,,,,,,,,,,,,,,,,,0,0
1370,45667,,,,,,,,,,,,,,,,,,,,,,,,,0,0
1371,45700,,,,,,,,,,,,,,,,,,,,,,,,,0,0
1372,45733,,,,,,,,,,,,,,,,,,,,,,,,,0,0
1373,45767,,,,,,,,,,,,,,,,,,,,,,,,,0,0
1374,45800,,,,,,,,,,,,,,,,,,,,,,,,,0,0
1375,45833,,,,,,,,,,,,,,,,,,,,,,,,,0,0
1376,45867,,,,,,,,,,,,,,,,,,,,,,,,,0,0
1377,45900,,,,,,,,,,,,,,,,,,,,,,,,,0,0
1378,45933,,,,,,,,,,,,,,,,,,,,,,,,,0,0
1379,45967,,,,,,,,,,,,,,,,,,,,,,,,,0,0
1380,46000,,,,,,,,,,,,,,,,,,,,,,,,,0,0
1381,46033,,,,,,,,,,,,,,,,,,,,,,,,,0,0
1382,46067,,,,,,,,,,,,,,,,,,,,,,,,,0,0
1383,46100,,,,,,,,,,,,,,,,,,,,,,,,,0,0
1384,46133,,,,,,,,,,,,,,,,,,,,,,,,,0,0
1385,46167,,,,,,,,,,,,,,,,,,,,,,,,,0,0
1386,46200,,,,,,,,,,,,,,,,,,,,,,,,,0,0
1387,46233,,,,,,,,,,,,,,,,,,,,,,,,,0,0
1388,46267,,,,,,,,,,,,,,,,,,,,,,,,,0,0
1389,46300,,,,,,,,,,,,,,,,,,,,,,,,,0,0
1390,46333,,,,,,,,,,,,,,,,,,,,,,,,,0,0
1391,46367,,,,,,,,,,,,,,,,,,,,,,,,,0,0
1392,46400,,,,,,,,,,,,,,,,,,,,,,,,,0,0
1393,46433,,,,,,,,,,,,,,,,,,,,,,,,,0,0
1394,46467,,,,,,,,,,,,,,,,,,,,,,,,,0,0
1395,46500,,,,,,,,,,,,,,,,,,,,,,,,,0,0
1396,46533,,,,,,,,,,,,,,,,,,,,,,,,,0,0
1397,46567,,,,,,,,,,,,,,,,,,,,,,,,,0,0
1398,46600,,,,,,,,,,,,,,,,,,,,,,,,,0,0
1399,46633,,,,,,,,,,,,,,,,,,,,,,,,,0,0
1400,46667,,,,,,,,,,,,,,,,,,,,,,,,,0,0
1401,46700,,,,,,,,,,,,,,,,,,,,,,,,,0,0
1402,46733,,,,,,,,,,,,,,,,,,,,,,,,,0,0
1403,46767,,,,,,,,,,,,,,,,,,,,,,,,,0,0
1404,46800,,,,,,,,,,,,,,,,,,,,,,,,,0,0
1405,46833,,,,,,,,,,,,,,,,,,,,,,,,,0,0
1406,46867,,,,,,,,,,,,,,,,,,,,,,,,,0,2
1407,46900,,,,,,,,,,,,,,,,,,,,,,,,,12,0
1408,46933,,,,,,,,,,,,,,,,,,,,,,,,,6,-5
1409,46967,,,,,,,,,,,,,,,,,,,,,,,,,-10,-7
1410,47000,,,,,,,,,,,,,,,,,,,,,,,,,-53,11
1411,47033,,,,,,,,,,,,,,,,,,,,,,,,,-46,27
1412,47067,,,,,,,,,,,,,,,,,,,,,,,,,14,29
1413,47100,,,,,,,,,,,,,,,,,,,,,,,,,84,7
1414,47133,,,,,,,,,,,,,,,,,,,,,,,,,88,-28
1415,47167,,,,,,,,,,,,,,,,,,,,,,,,,23,-35
1416,47200,,,,,,,,,,,,,,,,,,,,,,,,,-84,-21
1417,47233,,,,,,,,,,,,,,,,,,,,,,,,,-120,27
1418,47267,,,,,,,,,,,,,,,,,,,,,,,,,-59,57
1419,47300,,,,,,,,,,,,,,,,,,,,,,,,,31,66
1420,47333,,,,,,,,,,,,,,,,,,,,,,,,,110,13
1421,47367,,,,,,,,,,,,,,,,,,,,,,,,,112,-59
1422,47400,,,,,,,,,,,,,,,,,,,,,,,,,26,-92
1423,47433,,,,,,,,,,,,,,,,,,,,,,,,,-73,-31
1424,47467,,,,,,,,,,,,,,,,,,,,,,,,,-104,21
1425,47500,,,,,,,,,,,,,,,,,,,,,,,,,-61,69
1426,47533,,,,,,,,,,,,,,,,,,,,,,,,,23,84
1427,47567,,,,,,,,,,,,,,,,,,,,,,,,,96,41
1428,47600,,,,,,,,,,,,,,,,,,,,,,,,,103,-71
1429,47633,,,,,,,,,,,,,,,,,,,,,,,,,9,-59
1430,47667,,,,,,,,,,,,,,,,,,,,,,,,,-79,-71
1431,47700,,,,,,,,,,,,,,,,,,,,,,,,,-100,11
1432,47733,,,,,,,,,,,,,,,,,,,,,,,,,-70,66
1433,47767,,,,,,,,,,,,,,,,,,,,,,,,,5,82
1434,47800,,,,,,,,,,,,,,,,,,,,,,,,,90,29
1435,47833,,,,,,,,,,,,,,,,,,,,,,,,,70,-63
1436,47867,,,,,,,,,,,,,,,,,,,,,,,,,6,-53
1437,47900,,,,,,,,,,,,,,,,,,,,,,,,,-29,-22
1438,47933,,,,,,,,,,,,,,,,,,,,,,,,,-25,-1
1439,47967,,,,,,,,,,,,,,,,,,,,,,,,,-4,1
1440,48000,,,,,,,,,,,,,,,,,,,,,,,,,0,0
1441,48033,,,,,,,,,,,,,,,,,,,,,,,,,-1,1
1442,48067,,,,,,,,,,,,,,,,,,,,,,,,,0,0
1443,48100,,,,,,,,,,,,,,,,,,,,,,,,,0,0
1444,48133,,,,,,,,,,,,,,,,,,,,,,,,,0,0
1445,48167,,,,,,,,,,,,,,,,,,,,,,,,,0,0
1446,48200,,,,,,,,,,,,,,,,,,,,,,,,,0,0
1447,48233,,,,,,,,,,,,,,,,,,,,,,,,,0,0
1448,48267,,,,,,,,,,,,,,,,,,,,,,,,,0,0
1449,48300,,,,,,,,,,,,,,,,,,,,,,,,,0,0
1450,48333,,,,,,,,,,,,,,,,,,,,,,,,,0,0
1451,48367,,,,,,,,,,,,,,,,,,,,,,,,,0,0
1452,48400,,,,,,,,,,,,,,,,,,,,,,,,,0,0
1453,48433,,,,,,,,,,,,,,,,,,,,,,,,,0,0
1454,48467,,,,,,,,,,,,,,,,,,,,,,,,,0,0
1455,48500,,,,,,,,,,,,,,,,,,,,,,,,,0,0
1456,48533,,,,,,,,,,,,,,,,,,,,,,,,,0,0
1457,48567,,,,,,,,,,,,,,,,,,,,,,,,,0,0
1458,48600,,,,,,,,,,,,,,,,,,,,,,,,,0,0
1459,48633,,,,,,,,,,,,,,,,,,,,,,,,,0,0
1460,48667,,,,,,,,,,,,,,,,,,,,,,,,,0,0
1461,48700,,,,,,,,,,,,,,,,,,,,,,,,,0,0
1462,48733,,,,,,,,,,,,,,,,,,,,,,,,,0,0
1463,48767,,,,,,,,,,,,,,,,,,,,,,,,,0,0
1464,48800,,,,,,,,,,,,,,,,,,,,,,,,,0,0
1465,48833,,,,,,,,,,,,,,,,,,,,,,,,,0,0
1466,48867,,,,,,,,,,,,,,,,,,,,,,,,,0,0
1467,48900,,,,,,,,,,,,,,,,,,,,,,,,,0,0
1468,48933,,,,,,,,,,,,,,,,,,,,,,,,,0,0
1469,48967,,,,,,,,,,,,,,,,,,,,,,,,,0,0
1470,49000,,,,,,,,,,,,,,,,,,,,,,,,,0,0
1471,49033,,,,,,,,,,,,,,,,,,,,,,,,,0,0
1472,49067,,,,,,,,,,,,,,,,,,,,,,,,,0,0
1473,49100,,,,,,,,,,,,,,,,,,,,,,,,,0,0
1474,49133,,,,,,,,,,,,,,,,,,,,,,,,,0,0
1475,49167,,,,,,,,,,,,,,,,,,,,,,,,,0,0
1476,49200,,,,,,,,,,,,,,,,,,,,,,,,,0,0
1477,49233,,,,,,,,,,,,,,,,,,,,,,,,,0,0
1478,49267,,,,,,,,,,,,,,,,,,,,,,,,,0,0
1479,49300,,,,,,,,,,,,,,,,,,,,,,,,,0,0
1480,49333,,,,,,,,,,,,,,,,,,,,,,,,,0,0
1481,49367,,,,,,,,,,,,,,,,,,,,,,,,,0,0
1482,49400,,,,,,,,,,,,,,,,,,,,,,,,,0,0
1483,49433,,,,,,,,,,,,,,,,,,,,,,,,,0,0
1484,49467,,,,,,,,,,,,,,,,,,,,,,,,,0,0
1485,49500,,,,,,,,,,,,,,,,,,,,,,,,,0,0
1486,49533,,,,,,,,,,,,,,,,,,,,,,,,,0,0
1487,49567,,,,,,,,,,,,,,,,,,,,,,,,,0,0
1488,49600,,,,,,,,,,,,,,,,,,,,,,,,,0,0
1489,49633,,,,,,,,,,,,,,,,,,,,,,,,,0,0
1490,49667,,,,,,,,,,,,,,,,,,,,,,,,,0,0
1491,49700,,,,,,,,,,,,,,,,,,,,,,,,,0,0
1492,49733,,,,,,,,,,,,,,,,,,,,,,,,,0,0
1493,49767,,,,,,,,,,,,,,,,,,,,,,,,,0,0
1494,49800,,,,,,,,,,,,,,,,,,,,,,,,,0,0
1495,49833,,,,,,,,,,,,,,,,,,,,,,,,,0,0
1496,49867,,,,,,,,,,,,,,,,,,,,,,,,,0,0
1497,49900,,,,,,,,,,,,,,,,,,,,,,,,,0,0
1498,49933,,,,,,,,,,,,,,,,,,,,,,,,,-1,0
1499,49967,,,,,,,,,,,,,,,,,,,,,,,,,0,0
1500,50000,,,,,,,,,,,,,,,,,,,,,,,,,2,12
1501,50033,,,,,,,,,,,,,,,,,,,,,,,,,3,5
1502,50067,,,,,,,,,,,,,,,,,,,,,,,,,0,0
1503,50100,,,,,,,,,,,,,,,,,,,,,,,,,0,0
1504,50133,,,,,,,,,,,,,,,,,,,,,,,,,0,0
1505,50167,,,,,,,,,,,,,,,,,,,,,,,,,0,0
1506,50200,,,,,,,,,,,,,,,,,,,,,,,,,0,0
1507,50233,,,,,,,,,,,,,,,,,,,,,,,,,0,0
1508,50267,,,,,,,,,,,,,,,,,,,,,,,,,0,0
1509,50300,,,,,,,,,,,,,,,,,,,,,,,,,0,0
1510,50333,,,,,,,,,,,,,,,,,,,,,,,,,0,0
1511,50367,,,,,,,,,,,,,,,,,,,,,,,,,0,0
1512,50400,,,,,,,,,,,,,,,,,,,,,,,,,-6,-3
1513,50433,,,,,,,,,,,,,,,,,,,,,,,,,0,0
1514,50467,,,,,,,,,,,,,,,,,,,,,,,,,0,0
1515,50500,,,,,,,,,,,,,,,,,,,,,,,,,0,0
1516,50533,,,,,,,,,,,,,,,,,,,,,,,,,0,0
1517,50567,,,,,,,,,,,,,,,,,,,,,,,,,0,0
1518,50600,,,,,,,,,,,,,,,,,,,,,,,,,0,0
1519,50633,,,,,,,,,,,,,,,,,,,,,,,,,0,0
1520,50667,,,,,,,,,,,,,,,,,,,,,,,,,0,0
1521,50700,,,,,,,,,,,,,,,,,,,,,,,,,0,0
1522,50733,,,,,,,,,,,,,,,,,,,,,,,,,0,0
1523,50767,,,,,,,,,,,,,,,,,,,,,,,,,0,0
1524,50800,,,,,,,,,,,,,,,,,,,,,,,,,0,0
1525,50833,,,,,,,,,,,,,,,,,,,,,,,,,0,0
1526,50867,,,,,,,,,,,,,,,,,,,,,,,,,0,0
1527,50900,,,,,,,,,,,,,,,,,,,,,,,,,0,0
1528,50933,,,,,,,,,,,,,,,,,,,,,,,,,0,0
1529,50967,,,,,,,,,,,,,,,,,,,,,,,,,0,0
1530,51000,,,,,,,,,,,,,,,,,,,,,,,,,0,0
1531,51033,,,,,,,,,,,,,,,,,,,,,,,,,0,0
1532,51067,,,,,,,,,,,,,,,,,,,,,,,,,0,0
1533,51100,,,,,,,,,,,,,,,,,,,,,,,,,0,0
1534,51133,,,,,,,,,,,,,,,,,,,,,,,,,0,0
1535,51167,,,,,,,,,,,,,,,,,,,,,,,,,0,0
1536,51200,,,,,,,,,,,,,,,,,,,,,,,,,0,0
1537,51233,,,,,,,,,,,,,,,,,,,,,,,,,0,0
1538,51267,,,,,,,,,,,,,,,,,,,,,,,,,0,0
1539,51300,,,,,,,,,,,,,,,,,,,,,,,,,0,0
1540,51333,,,,,,,,,,,,,,,,,,,,,,,,,0,0
1541,51367,,,,,,,,,,,,,,,,,,,,,,,,,0,0
1542,51400,,,,,,,,,,,,,,,,,,,,,,,,,0,0
1543,51433,,,,,,,,,,,,,,,,,,,,,,,,,0,0
1544,51467,,,,,,,,,,,,,,,,,,,,,,,,,0,0
1545,51500,,,,,,,,,,,,,,,,,,,,,,,,,0,0
1546,51533,,,,,,,,,,,,,,,,,,,,,,,,,0,0
1547,51567,,,,,,,,,,,,,,,,,,,,,,,,,0,0
1548,51600,,,,,,,,,,,,,,,,,,,,,,,,,0,0
1549,51633,,,,,,,,,,,,,,,,,,,,,,,,,0,0
1550,51667,,,,,,,,,,,,,,,,,,,,,,,,,0,0
1551,51700,,,,,,,,,,,,,,,,,,,,,,,,,0,0
1552,51733,,,,,,,,,,,,,,,,,,,,,,,,,0,0
1553,51767,,,,,,,,,,,,,,,,,,,,,,,,,0,0
1554,51800,,,,,,,,,,,,,,,,,,,,,,,,,0,0
1555,51833,,,,,,,,,,,,,,,,,,,,,,,,,0,0
1556,51867,,,,,,,,,,,,,,,,,,,,,,,,,0,0
1557,51900,,,,,,,,,,,,,,,,,,,,,,,,,0,0
1558,51933,,,,,,,,,,,,,,,,,,,,,,,,,0,0
1559,51967,,,,,,,,,,,,,,,,,,,,,,,,,0,0
1560,52000,,,,,,,,,,,,,,,,,,,,,,,,,0,0
1561,52033,,,,,,,,,,,,,,,,,,,,,,,,,0,0
1562,52067,,,,,,,,,,,,,,,,,,,,,,,,,0,0
1563,52100,,,,,,,,,,,,,,,,,,,,,,,,,0,0
1564,52133,,,,,,,,,,,,,,,,,,,,,,,,,0,0
1565,52167,,,,,,,,,,,,,,,,,,,,,,,,,0,0
1566,52200,,,,,,,,,,,,,,,,,,,,,,,,,0,0
1567,52233,,,,,,,,,,,,,,,,,,,,,,,,,0,0
1568,52267,,,,,,,,,,,,,,,,,,,,,,,,,0,0
1569,52300,,,,,,,,,,,,,,,,,,,,,,,,,0,0
1570,52333,,,,,,,,,,,,,,,,,,,,,,,,,0,0
1571,52367,,,,,,,,,,,,,,,,,,,,,,,,,0,0
1572,52400,,,,,,,,,,,,,,,,,,,,,,,,,0,0
1573,52433,,,,,,,,,,,,,,,,,,,,,,,,,0,0
1574,52467,,,,,,,,,,,,,,,,,,,,,,,,,0,0
1575,52500,,,,,,,,,,,,,,,,,,,,,,,,,0,0
1576,52533,,,,,,,,,,,,,,,,,,,,,,,,,0,0
1577,52567,,,,,,,,,,,,,,,,,,,,,,,,,0,0
1578,52600,,,,,,,,,,,,,,,,,,,,,,,,,0,0
1579,52633,,,,,,,,,,,,,,,,,,,,,,,,,0,0
1580,52667,,,,,,,,,,,,,,,,,,,,,,,,,0,0
1581,52700,,,,,,,,,,,,,,,,,,,,,,,,,0,0
1582,52733,,,,,,,,,,,,,,,,,,,,,,,,,0,0
1583,52767,,,,,,,,,,,,,,,,,,,,,,,,,0,0
1584,52800,,,,,,,,,,,,,,,,,,,,,,,,,0,0
1585,52833,,,,,,,,,,,,,,,,,,,,,,,,,0,0
1586,52867,,,,,,,,,,,,,,,,,,,,,,,,,0,0
1587,52900,,,,,,,,,,,,,,,,,,,,,,,,,0,0
1588,52933,,,,,,,,,,,,,,,,,,,,,,,,,0,0
1589,52967,,,,,,,,,,,,,,,,,,,,,,,,,0,0
1590,53000,,,,,,,,,,,,,,,,,,,,,,,,,0,0
1591,53033,,,,,,,,,,,,,,,,,,,,,,,,,0,0
1592,53067,,,,,,,,,,,,,,,,,,,,,,,,,0,0
1593,53100,,,,,,,,,,,,,,,,,,,,,,,,,0,0
1594,53133,,,,,,,,,,,,,,,,,,,,,,,,,0,0
1595,53167,,,,,,,,,,,,,,,,,,,,,,,,,0,0
1596,53200,,,,,,,,,,,,,,,,,,,,,,,,,0,0
1597,53233,,,,,,,,,,,,,,,,,,,,,,,,,0,0
1598,53267,,,,,,,,,,,,,,,,,,,,,,,,,0,0
1599,53300,,,,,,,,,,,,,,,,,,,,,,,,,0,0
1600,53333,,,,,,,,,,,,,,,,,,,,,,,,,0,0
1601,53367,,,,,,,,,,,,,,,,,,,,,,,,,0,0
1602,53400,,,,,,,,,,,,,,,,,,,,,,,,,0,0
1603,53433,,,,,,,,,,,,,,,,,,,,,,,,,0,0
1604,53467,,,,,,,,,,,,,,,,,,,,,,,,,0,0
1605,53500,,,,,,,,,,,,,,,,,,,,,,,,,0,0
1606,53533,,,,,,,,,,,,,,,,,,,,,,,,,0,0
1607,53567,,,,,,,,,,,,,,,,,,,,,,,,,0,0
1608,53600,,,,,,,,,,,,,,,,,,,,,,,,,0,0
1609,53633,,,,,,,,,,,,,,,,,,,,,,,,,0,0
1610,53667,,,,,,,,,,,,,,,,,,,,,,,,,0,0
1611,53700,,,,,,,,,,,,,,,,,,,,,,,,,0,0
1612,53733,,,,,,,,,,,,,,,,,,,,,,,,,0,0
1613,53767,,,,,,,,,,,,,,,,,,,,,,,,,0,0
1614,53800,,,,,,,,,,,,,,,,,,,,,,,,,0,0
1615,53833,,,,,,,,,,,,,,,,,,,,,,,,,0,0
1616,53867,,,,,,,,,,,,,,,,,,,,,,,,,0,0
1617,53900,,,,,,,,,,,,,,,,,,,,,,e,interact,,0,0
1618,53933,,,,,,,,,,,,,,,,,,,,,,e,interact,,0,0
1619,53967,,,,,,,,,,,,,,,,,,,,,,e,interact,,0,0
1620,54000,,,,,,,,,,,,,,,,,,,,,,e,interact,,0,0
1621,54033,,,,,,,,,,,,,,,,,,,,,,,,,0,0
1622,54067,,,,,,,,,,,,,,,,,,,,,,,,,0,0
1623,54100,,,,,,,,,,,,,,,,,,,,,,,,,0,0
1624,54133,,,,,,,,,,,,,,,,,,,,,,,,,1,0
1625,54167,,,,,,,,,,,,,,,,,,,,,,,,,28,-2
1626,54200,,,,,,,,,,,,,,,,,,,,,,,,,63,1
1627,54233,,,,,,,,,,,,,,,,,,,,,,,,,78,0
1628,54267,,,,,,,,,,,,,,,,,,,,,,,,,36,-3
1629,54300,,,,,,,,,,,,,,,,,,,,,,,,,0,0
1630,54333,,,,,,,,,,,,,,,,,,,,,,,,,0,0
1631,54367,,,,,,,,,,,,,,,,,,,,,,,,,0,0
1632,54400,,,,,,,,,,,,,,,,,,,,,,,,,0,0
1633,54433,,,,,,,,,,,,,,,,,,,,,,,,,1,-6
1634,54467,,,,,,,,,,,,,,,,,,,,,,,,,2,-6
1635,54500,,,,,,,,,,,,,,,,,,,,,,,,,7,-14
1636,54533,,,,,,,,,,,,,,,,,,,,,,,,,-7,-19
1637,54567,,,,,,,,,,,,,,,,,,,,,,,,,-38,-20
1638,54600,,,,,,,,,,,,,,,,,,,,,,,,,-61,-13
1639,54633,,,,,,,,,,,,,,,,,,,,,,,,,-32,-4
1640,54667,,,,,,,,,,,,,,,,,,,,,,,,,-36,-2
1641,54700,,,,,,,,,,,,,,,,,,,,,,,,,-7,-1
1642,54733,,,,,,,,,,,,,,,,,,,,,,,,,0,0
1643,54767,,,,,,,,,,,,,,,,,,,,,,,,,0,0
1644,54800,,,,,,,,,,,,,,,,,,,,,,,,,0,0
1645,54833,,,,,,,,,,,,,,,,,,,,,,,,,0,0
1646,54867,,,,,,,,,,,,,,,,,,,,,,,,,0,0
1647,54900,,,,,,,,,,,,,,,,,,,,,,,,,0,0
1648,54933,,,,,,,,,,,,,,,,,,,,,,,,,0,0
1649,54967,,,,,,,,,,,,,,,,,,,,,,,,,0,0
1650,55000,,,,,,,,,,,,,,,,,,,,,,,,,0,0
1651,55033,,,,,,,,,,,,,,,,,,,,,,,,,0,0
1652,55067,,,,,,,,,,,,,,,,,,,,,,,,,0,0
1653,55100,,,,,,,,,,,,,,,,,,,,,,,,,1,0
1654,55133,,,,,,,,,,,,,,,,,,,,,,w,move_up,,143,-16
1655,55167,,,,,,,,,,,,,,,,,,,,,,w,move_up,,103,-10
1656,55200,,,,,,,,,,,,,,,,,,,,,,w,move_up,,46,-4
1657,55233,,,,,,,,,,,,,,,,,,,,,,w,move_up,,5,-1
1658,55267,,,,,,,,,,,,,,,,,,,,,,w,move_up,,0,4
1659,55300,,,,,,,,,,,,,,,,,,,,,,w,move_up,,-1,1
1660,55333,,,,,,,,,,,,,,,,,,,,,,w,move_up,,0,-1
1661,55367,,,,,,,,,,,,,,,,,,,,,,w,move_up,,-3,0
1662,55400,,,,,,,,,,,,,,,,,,,,,,w,move_up,,0,1
1663,55433,,,,,,,,,,,,,,,,,,,,,,w,move_up,,-1,1
1664,55467,,,,,,,,,,,,,,,,,,,,,,a|w,move_up|move_left,,8,4
1665,55500,,,,,,,,,,,,,,,,,,,,,,a|w,move_up|move_left,,24,10
1666,55533,,,,,,,,,,,,,,,,,,,,,,a|w,move_up|move_left,,0,0
1667,55567,,,,,,,,,,,,,,,,,,,,,,a|w,move_up|move_left,,5,3
1668,55600,,,,,,,,,,,,,,,,,,,,,,w,move_up,,0,0
1669,55633,,,,,,,,,,,,,,,,,,,,,,w,move_up,,0,0
1670,55667,,,,,,,,,,,,,,,,,,,,,,w,move_up,,0,0
1671,55700,,,,,,,,,,,,,,,,,,,,,,w,move_up,,0,0
1672,55733,,,,,,,,,,,,,,,,,,,,,,w,move_up,,0,0
1673,55767,,,,,,,,,,,,,,,,,,,,,,w,move_up,,0,0
1674,55800,,,,,,,,,,,,,,,,,,,,,,w,move_up,,3,-1
1675,55833,,,,,,,,,,,,,,,,,,,,,,w,move_up,,1,-2
1676,55867,,,,,,,,,,,,,,,,,,,,,,w,move_up,,1,0
1677,55900,,,,,,,,,,,,,,,,,,,,,,w,move_up,,16,1
1678,55933,,,,,,,,,,,,,,,,,,,,,,w,move_up,,15,1
1679,55967,,,,,,,,,,,,,,,,,,,,,,w,move_up,,6,1
1680,56000,,,,,,,,,,,,,,,,,,,,,,w,move_up,,2,1
1681,56033,,,,,,,,,,,,,,,,,,,,,,w,move_up,,1,1
1682,56067,,,,,,,,,,,,,,,,,,,,,,w,move_up,,5,1
1683,56100,,,,,,,,,,,,,,,,,,,,,,w,move_up,,12,1
1684,56133,,,,,,,,,,,,,,,,,,,,,,w,move_up,,16,0
1685,56167,,,,,,,,,,,,,,,,,,,,,,w,move_up,,10,1
1686,56200,,,,,,,,,,,,,,,,,,,,,,w,move_up,,12,1
1687,56233,,,,,,,,,,,,,,,,,,,,,,w,move_up,,14,0
1688,56267,,,,,,,,,,,,,,,,,,,,,,w,move_up,,8,0
1689,56300,,,,,,,,,,,,,,,,,,,,,,w,move_up,,8,0
1690,56333,,,,,,,,,,,,,,,,,,,,,,w,move_up,,25,0
1691,56367,,,,,,,,,,,,,,,,,,,,,,w,move_up,,8,0
1692,56400,,,,,,,,,,,,,,,,,,,,,,w,move_up,,2,0
1693,56433,,,,,,,,,,,,,,,,,,,,,,w,move_up,,0,0
1694,56467,,,,,,,,,,,,,,,,,,,,,,w,move_up,,0,0
1695,56500,,,,,,,,,,,,,,,,,,,,,,w,move_up,,0,0
1696,56533,,,,,,,,,,,,,,,,,,,,,,w,move_up,,0,0
1697,56567,,,,,,,,,,,,,,,,,,,,,,w,move_up,,0,0
1698,56600,,,,,,,,,,,,,,,,,,,,,,w,move_up,,0,0
1699,56633,,,,,,,,,,,,,,,,,,,,,,w,move_up,,-11,-1
1700,56667,,,,,,,,,,,,,,,,,,,,,,w,move_up,,-57,-2
1701,56700,,,,,,,,,,,,,,,,,,,,,,w,move_up,,-103,0
1702,56733,,,,,,,,,,,,,,,,,,,,,,d|w,move_up|move_right,,-75,0
1703,56767,,,,,,,,,,,,,,,,,,,,,,d|w,move_up|move_right,,-44,1
1704,56800,,,,,,,,,,,,,,,,,,,,,,d|w,move_up|move_right,,-9,0
1705,56833,,,,,,,,,,,,,,,,,,,,,,d|w,move_up|move_right,,0,0
1706,56867,,,,,,,,,,,,,,,,,,,,,,d|w,move_up|move_right,,0,0
1707,56900,,,,,,,,,,,,,,,,,,,,,,d|w,move_up|move_right,,-1,0
1708,56933,,,,,,,,,,,,,,,,,,,,,,d|w,move_up|move_right,,0,-1
1709,56967,,,,,,,,,,,,,,,,,,,,,,w,move_up,,-7,-2
1710,57000,,,,,,,,,,,,,,,,,,,,,,w,move_up,,-7,-2
1711,57033,,,,,,,,,,,,,,,,,,,,,,w,move_up,,-13,-3
1712,57067,,,,,,,,,,,,,,,,,,,,,,d|w,move_up|move_right,,-30,-4
1713,57100,,,,,,,,,,,,,,,,,,,,,,d|w,move_up|move_right,,-31,-1
1714,57133,,,,,,,,,,,,,,,,,,,,,,d|w,move_up|move_right,,-52,-1
1715,57167,,,,,,,,,,,,,,,,,,,,,,d|w,move_up|move_right,,-64,0
1716,57200,,,,,,,,,,,,,,,,,,,,,,d|w,move_up|move_right,,-52,1
1717,57233,,,,,,,,,,,,,,,,,,,,,,d|w,move_up|move_right,,-24,1
1718,57267,,,,,,,,,,,,,,,,,,,,,,d|w,move_up|move_right,,0,0
1719,57300,,,,,,,,,,,,,,,,,,,,,,d|w,move_up|move_right,,-1,0
1720,57333,,,,,,,,,,,,,,,,,,,,,,d|w,move_up|move_right,,0,0
1721,57367,,,,,,,,,,,,,,,,,,,,,,d|w,move_up|move_right,,0,0
1722,57400,,,,,,,,,,,,,,,,,,,,,,w,move_up,,0,0
1723,57433,,,,,,,,,,,,,,,,,,,,,,w,move_up,,0,0
1724,57467,,,,,,,,,,,,,,,,,,,,,,w,move_up,,0,0
1725,57500,,,,,,,,,,,,,,,,,,,,,,w,move_up,,-13,5
1726,57533,,,,,,,,,,,,,,,,,,,,,,w,move_up,,-36,8
1727,57567,,,,,,,,,,,,,,,,,,,,,,d|w,move_up|move_right,,-44,7
1728,57600,,,,,,,,,,,,,,,,,,,,,,d|w,move_up|move_right,,-25,3
1729,57633,,,,,,,,,,,,,,,,,,,,,,d|w,move_up|move_right,,0,0
1730,57667,,,,,,,,,,,,,,,,,,,,,,d|w,move_up|move_right,,-1,0
1731,57700,,,,,,,,,,,,,,,,,,,,,,d|w,move_up|move_right,,0,0
1732,57733,,,,,,,,,,,,,,,,,,,,,,d|w,move_up|move_right,,0,0
1733,57767,,,,,,,,,,,,,,,,,,,,,,d|w,move_up|move_right,,0,0
1734,57800,,,,,,,,,,,,,,,,,,,,,,d|w,move_up|move_right,,0,0
1735,57833,,,,,,,,,,,,,,,,,,,,,,d|w,move_up|move_right,,0,0
1736,57867,,,,,,,,,,,,,,,,,,,,,,d|w,move_up|move_right,,5,1
1737,57900,,,,,,,,,,,,,,,,,,,,,,d|w,move_up|move_right,,64,0
1738,57933,,,,,,,,,,,,,,,,,,,,,,d|w,move_up|move_right,,100,-6
1739,57967,,,,,,,,,,,,,,,,,,,,,,d|w,move_up|move_right,,41,-1
1740,58000,,,,,,,,,,,,,,,,,,,,,,d|w,move_up|move_right,,19,0
1741,58033,,,,,,,,,,,,,,,,,,,,,,d|w,move_up|move_right,,19,1
1742,58067,,,,,,,,,,,,,,,,,,,,,,d|w,move_up|move_right,,39,1
1743,58100,,,,,,,,,,,,,,,,,,,,,,w,move_up,,63,-3
1744,58133,,,,,,,,,,,,,,,,,,,,,,w,move_up,,60,-3
1745,58167,,,,,,,,,,,,,,,,,,,,,,d|w,move_up|move_right,,14,0
1746,58200,,,,,,,,,,,,,,,,,,,,,,d|w,move_up|move_right,,0,0
1747,58233,,,,,,,,,,,,,,,,,,,,,,d|w,move_up|move_right,,6,0
1748,58267,,,,,,,,,,,,,,,,,,,,,,d|w,move_up|move_right,,16,0
1749,58300,,,,,,,,,,,,,,,,,,,,,,d|w,move_up|move_right,,1,0
1750,58333,,,,,,,,,,,,,,,,,,,,,,w,move_up,,-9,1
1751,58367,,,,,,,,,,,,,,,,,,,,,,w,move_up,,-43,8
1752,58400,,,,,,,,,,,,,,,,,,,,,,w,move_up,,-64,8
1753,58433,,,,,,,,,,,,,,,,,,,,,,w,move_up,,-48,4
1754,58467,,,,,,,,,,,,,,,,,,,,,,w,move_up,,-18,0
1755,58500,,,,,,,,,,,,,,,,,,,,,,w,move_up,,0,0
1756,58533,,,,,,,,,,,,,,,,,,,,,,w,move_up,,0,0
1757,58567,,,,,,,,,,,,,,,,,,,,,,w,move_up,,0,0
1758,58600,,,,,,,,,,,,,,,,,,,,,,w,move_up,,0,0
1759,58633,,,,,,,,,,,,,,,,,,,,,,w,move_up,,0,0
1760,58667,,,,,,,,,,,,,,,,,,,,,,w,move_up,,0,0
1761,58700,,,,,,,,,,,,,,,,,,,,,,w,move_up,,-1,0
1762,58733,,,,,,,,,,,,,,,,,,,,,,w,move_up,,-9,0
1763,58767,,,,,,,,,,,,,,,,,,,,,,w,move_up,,-12,-1
1764,58800,,,,,,,,,,,,,,,,,,,,,,w,move_up,,-6,-2
1765,58833,,,,,,,,,,,,,,,,,,,,,,w,move_up,,-2,-3
1766,58867,,,,,,,,,,,,,,,,,,,,,,w,move_up,,-1,-1
1767,58900,,,,,,,,,,,,,,,,,,,,,,w,move_up,,0,0
1768,58933,,,,,,,,,,,,,,,,,,,,,,w,move_up,,0,-1
1769,58967,,,,,,,,,,,,,,,,,,,,,,w,move_up,,0,0
1770,59000,,,,,,,,,,,,,,,,,,,,,,w,move_up,,0,0
1771,59033,,,,,,,,,,,,,,,,,,,,,,w,move_up,,0,0
1772,59067,,,,,,,,,,,,,,,,,,,,,,w,move_up,,-2,0
1773,59100,,,,,,,,,,,,,,,,,,,,,,w,move_up,,-2,-2
1774,59133,,,,,,,,,,,,,,,,,,,,,,w,move_up,,-2,-2
1775,59167,,,,,,,,,,,,,,,,,,,,,,w,move_up,,-2,-5
1776,59200,,,,,,,,,,,,,,,,,,,,,,w,move_up,,-4,-6
1777,59233,,,,,,,,,,,,,,,,,,,,,,w,move_up,,-1,-2
1778,59267,,,,,,,,,,,,,,,,,,,,,,w,move_up,,0,-2
1779,59300,,,,,,,,,,,,,,,,,,,,,,w,move_up,,0,-2
1780,59333,,,,,,,,,,,,,,,,,,,,,,w,move_up,,0,0
1781,59367,,,,,,,,,,,,,,,,,,,,,,w,move_up,,0,0
1782,59400,,,,,,,,,,,,,,,,,,,,,,w,move_up,,0,0
1783,59433,,,,,,,,,,,,,,,,,,,,,,w,move_up,,0,0
1784,59467,,,,,,,,,,,,,,,,,,,,,,e|w,interact|move_up,,0,0
1785,59500,,,,,,,,,,,,,,,,,,,,,,e|w,interact|move_up,,0,0
1786,59533,,,,,,,,,,,,,,,,,,,,,,e|w,interact|move_up,,0,0
1787,59567,,,,,,,,,,,,,,,,,,,,,,e|w,interact|move_up,,0,0
1788,59600,,,,,,,,,,,,,,,,,,,,,,w,move_up,,0,0
1789,59633,,,,,,,,,,,,,,,,,,,,,,w,move_up,,0,0
1790,59667,,,,,,,,,,,,,,,,,,,,,,w,move_up,,0,0
1791,59700,,,,,,,,,,,,,,,,,,,,,,,,,0,0
1792,59733,,,,,,,,,,,,,,,,,,,,,,w,move_up,,0,0
1793,59767,,,,,,,,,,,,,,,,,,,,,,e|w,interact|move_up,,0,0
1794,59800,,,,,,,,,,,,,,,,,,,,,,e|w,interact|move_up,,0,0
1795,59833,,,,,,,,,,,,,,,,,,,,,,e|w,interact|move_up,,0,0
1796,59867,,,,,,,,,,,,,,,,,,,,,,e,interact,,-1,0
1797,59900,,,,,,,,,,,,,,,,,,,,,,e,interact,,0,0
1798,59933,,,,,,,,,,,,,,,,,,,,,,,,,0,0
1799,59967,,,,,,,,,,,,,,,,,,,,,,,,,0,0
1800,60000,,,,,,,,,,,,,,,,,,,,,,,,,0,0
1801,60033,,,,,,,,,,,,,,,,,,,,,,,,,0,0
1802,60067,,,,,,,,,,,,,,,,,,,,,,,,,0,0
1803,60100,,,,,,,,,,,,,,,,,,,,,,,,,-1,0
1804,60133,,,,,,,,,,,,,,,,,,,,,,,,,0,0
1805,60167,,,,,,,,,,,,,,,,,,,,,,,,,0,0
1806,60200,,,,,,,,,,,,,,,,,,,,,,,,,-9,2
1807,60233,,,,,,,,,,,,,,,,,,,,,,,,,-18,4
1808,60267,,,,,,,,,,,,,,,,,,,,,,w,move_up,,-17,2
1809,60300,,,,,,,,,,,,,,,,,,,,,,w,move_up,,-8,1
1810,60333,,,,,,,,,,,,,,,,,,,,,,w,move_up,,0,0
1811,60367,,,,,,,,,,,,,,,,,,,,,,w,move_up,,0,0
1812,60400,,,,,,,,,,,,,,,,,,,,,,w,move_up,,0,0
1813,60433,,,,,,,,,,,,,,,,,,,,,,w,move_up,,0,0
1814,60467,,,,,,,,,,,,,,,,,,,,,,w,move_up,,0,0
1815,60500,,,,,,,,,,,,,,,,,,,,,,w,move_up,,0,0
1816,60533,,,,,,,,,,,,,,,,,,,,,,w,move_up,,0,0
1817,60567,,,,,,,,,,,,,,,,,,,,,,,,,0,0
1818,60600,,,,,,,,,,,,,,,,,,,,,,,,,0,0
1819,60633,,,,,,,,,,,,,,,,,,,,,,,,,0,0
1820,60667,,,,,,,,,,,,,,,,,,,,,,,,,0,0
1821,60700,,,,,,,,,,,,,,,,,,,,,,,,,0,0
1822,60733,,,,,,,,,,,,,,,,,,,,,,,,,0,0
1823,60767,,,,,,,,,,,,,,,,,,,,,,,,,0,0
1824,60800,,,,,,,,,,,,,,,,,,,,,,,,,0,0
1825,60833,,,,,,,,,,,,,,,,,,,,,,,,,0,0
1826,60867,,,,,,,,,,,,,,,,,,,,,,s,move_down,,0,0
1827,60900,,,,,,,,,,,,,,,,,,,,,,s,move_down,,-1,0
1828,60933,,,,,,,,,,,,,,,,,,,,,,s,move_down,,0,0
1829,60967,,,,,,,,,,,,,,,,,,,,,,s,move_down,,0,-1
1830,61000,,,,,,,,,,,,,,,,,,,,,,,,,0,0
1831,61033,,,,,,,,,,,,,,,,,,,,,,,,,0,-1
1832,61067,,,,,,,,,,,,,,,,,,,,,,,,,0,0
1833,61100,,,,,,,,,,,,,,,,,,,,,,,,,0,0
1834,61133,,,,,,,,,,,,,,,,,,,,,,,,,0,0
1835,61167,,,,,,,,,,,,,,,,,,,,,,,,,0,0
1836,61200,,,,,,,,,,,,,,,,,,,,,,,,,0,0
1837,61233,,,,,,,,,,,,,,,,,,,,,,,,,0,0
1838,61267,,,,,,,,,,,,,,,,,,,,,,,,,0,0
1839,61300,,,,,,,,,,,,,,,,,,,,,,,,,0,0
1840,61333,,,,,,,,,,,,,,,,,,,,,,,,,0,0
1841,61367,,,,,,,,,,,,,,,,,,,,,,,,,0,0
1842,61400,,,,,,,,,,,,,,,,,,,,,,,,,0,0
1843,61433,,,,,,,,,,,,,,,,,,,,,,,,,0,0
1844,61467,,,,,,,,,,,,,,,,,,,,,,,,,0,0
1845,61500,,,,,,,,,,,,,,,,,,,,,,,,,0,0
1846,61533,,,,,,,,,,,,,,,,,,,,,,,,,0,0
1847,61567,,,,,,,,,,,,,,,,,,,,,,,,,0,0
1848,61600,,,,,,,,,,,,,,,,,,,,,,,,,0,0
1849,61633,,,,,,,,,,,,,,,,,,,,,,,,,0,0
1850,61667,,,,,,,,,,,,,,,,,,,,,,,,,0,0
1851,61700,,,,,,,,,,,,,,,,,,,,,,,,,0,0
1852,61733,,,,,,,,,,,,,,,,,,,,,,,,,0,0
1853,61767,,,,,,,,,,,,,,,,,,,,,,w,move_up,,5,-1
1854,61800,,,,,,,,,,,,,,,,,,,,,,w,move_up,,14,-2
1855,61833,,,,,,,,,,,,,,,,,,,,,,w,move_up,,24,0
1856,61867,,,,,,,,,,,,,,,,,,,,,,w,move_up,,39,2
1857,61900,,,,,,,,,,,,,,,,,,,,,,w,move_up,,28,5
1858,61933,,,,,,,,,,,,,,,,,,,,,,w,move_up,,5,2
1859,61967,,,,,,,,,,,,,,,,,,,,,,w,move_up,,6,4
1860,62000,,,,,,,,,,,,,,,,,,,,,,w,move_up,,8,4
1861,62033,,,,,,,,,,,,,,,,,,,,,,w,move_up,,3,3
1862,62067,,,,,,,,,,,,,,,,,,,,,,w,move_up,,1,2
1863,62100,,,,,,,,,,,,,,,,,,,,,,w,move_up,,1,0
1864,62133,,,,,,,,,,,,,,,,,,,,,,w,move_up,,0,0
1865,62167,,,,,,,,,,,,,,,,,,,,,,,,,0,0
1866,62200,,,,,,,,,,,,,,,,,,,,,,,,,0,0
1867,62233,,,,,,,,,,,,,,,,,,,,,,,,,0,0
1868,62267,,,,,,,,,,,,,,,,,,,,,,,,,0,0
1869,62300,,,,,,,,,,,,,,,,,,,,,,,,,0,0
1870,62333,,,,,,,,,,,,,,,,,,,,,,,,,0,0
1871,62367,,,,,,,,,,,,,,,,,,,,,,,,,0,0
1872,62400,,,,,,,,,,,,,,,,,,,,,,,,,0,1
1873,62433,,,,,,,,,,,,,,,,,,,,,,,,,-27,5
1874,62467,,,,,,,,,,,,,,,,,,,,,,,,,-57,4
1875,62500,,,,,,,,,,,,,,,,,,,,,,,,,-55,0
1876,62533,,,,,,,,,,,,,,,,,,,,,,,,,-32,-1
1877,62567,,,,,,,,,,,,,,,,,,,,,,,,,-16,-5
1878,62600,,,,,,,,,,,,,,,,,,,,,,,,,-16,-2
1879,62633,,,,,,,,,,,,,,,,,,,,,,,,,0,0
1880,62667,,,,,,,,,,,,,,,,,,,,,,,,,-2,0
1881,62700,,,,,,,,,,,,,,,,,,,,,,,,,0,0
1882,62733,,,,,,,,,,,,,,,,,,,,,,,,,0,0
1883,62767,,,,,,,,,,,,,,,,,,,,,,,,,0,0
1884,62800,,,,,,,,,,,,,,,,,,,,,,,,,-16,-5
1885,62833,,,,,,,,,,,,,,,,,,,,,,,,,-85,4
1886,62867,,,,,,,,,,,,,,,,,,,,,,,,,-133,0
1887,62900,,,,,,,,,,,,,,,,,,,,,,,,,-117,-1
1888,62933,,,,,,,,,,,,,,,,,,,,,,,,,-38,-3
1889,62967,,,,,,,,,,,,,,,,,,,,,,,,,-22,-3
1890,63000,,,,,,,,,,,,,,,,,,,,,,,,,-20,-2
1891,63033,,,,,,,,,,,,,,,,,,,,,,,,,-28,-2
1892,63067,,,,,,,,,,,,,,,,,,,,,,w,move_up,,-35,-1
1893,63100,,,,,,,,,,,,,,,,,,,,,,w,move_up,,-39,-2
1894,63133,,,,,,,,,,,,,,,,,,,,,,w,move_up,,-26,-2
1895,63167,,,,,,,,,,,,,,,,,,,,,,w,move_up,,-16,-2
1896,63200,,,,,,,,,,,,,,,,,,,,,,w,move_up,,-16,-2
1897,63233,,,,,,,,,,,,,,,,,,,,,,w,move_up,,-20,-3
1898,63267,,,,,,,,,,,,,,,,,,,,,,w,move_up,,-21,-4
1899,63300,,,,,,,,,,,,,,,,,,,,,,w,move_up,,-31,-4
1900,63333,,,,,,,,,,,,,,,,,,,,,,w,move_up,,-30,-5
1901,63367,,,,,,,,,,,,,,,,,,,,,,w,move_up,,-27,-5
1902,63400,,,,,,,,,,,,,,,,,,,,,,w,move_up,,-9,-1
1903,63433,,,,,,,,,,,,,,,,,,,,,,w,move_up,,0,0
1904,63467,,,,,,,,,,,,,,,,,,,,,,w,move_up,,-2,1
1905,63500,,,,,,,,,,,,,,,,,,,,,,w,move_up,,0,0
1906,63533,,,,,,,,,,,,,,,,,,,,,,w,move_up,,0,0
1907,63567,,,,,,,,,,,,,,,,,,,,,,w,move_up,,0,0
1908,63600,,,,,,,,,,,,,,,,,,,,,,w,move_up,,0,-1
1909,63633,,,,,,,,,,,,,,,,,,,,,,w,move_up,,-49,-5
1910,63667,,,,,,,,,,,,,,,,,,,,,,w,move_up,,-66,12
1911,63700,,,,,,,,,,,,,,,,,,,,,,w,move_up,,-75,20
1912,63733,,,,,,,,,,,,,,,,,,,,,,w,move_up,,-36,8
1913,63767,,,,,,,,,,,,,,,,,,,,,,w,move_up,,-19,0
1914,63800,,,,,,,,,,,,,,,,,,,,,,w,move_up,,-5,-3
1915,63833,,,,,,,,,,,,,,,,,,,,,,w,move_up,,-6,-5
1916,63867,,,,,,,,,,,,,,,,,,,,,,w,move_up,,-8,-3
1917,63900,,,,,,,,,,,,,,,,,,,,,,w,move_up,,-7,-2
1918,63933,,,,,,,,,,,,,,,,,,,,,,w,move_up,,-18,-4
1919,63967,,,,,,,,,,,,,,,,,,,,,,w,move_up,,-35,-4
1920,64000,,,,,,,,,,,,,,,,,,,,,,w,move_up,,-36,-2
1921,64033,,,,,,,,,,,,,,,,,,,,,,w,move_up,,-8,0
1922,64067,,,,,,,,,,,,,,,,,,,,,,w,move_up,,0,0
1923,64100,,,,,,,,,,,,,,,,,,,,,,w,move_up,,-1,0
1924,64133,,,,,,,,,,,,,,,,,,,,,,d|w,move_up|move_right,,0,0
1925,64167,,,,,,,,,,,,,,,,,,,,,,d|w,move_up|move_right,,13,2
1926,64200,,,,,,,,,,,,,,,,,,,,,,d|w,move_up|move_right,,84,6
1927,64233,,,,,,,,,,,,,,,,,,,,,,d|w,move_up|move_right,,160,-6
1928,64267,,,,,,,,,,,,,,,,,,,,,,d|w,move_up|move_right,,101,-4
1929,64300,,,,,,,,,,,,,,,,,,,,,,w,move_up,,45,1
1930,64333,,,,,,,,,,,,,,,,,,,,,,w,move_up,,0,1
1931,64367,,,,,,,,,,,,,,,,,,,,,,w,move_up,,0,0
1932,64400,,,,,,,,,,,,,,,,,,,,,,w,move_up,,0,0
1933,64433,,,,,,,,,,,,,,,,,,,,,,w,move_up,,0,0
1934,64467,,,,,,,,,,,,,,,,,,,,,,w,move_up,,11,2
1935,64500,,,,,,,,,,,,,,,,,,,,,,w,move_up,,53,3
1936,64533,,,,,,,,,,,,,,,,,,,,,,w,move_up,,64,-1
1937,64567,,,,,,,,,,,,,,,,,,,,,,w,move_up,,42,1
1938,64600,,,,,,,,,,,,,,,,,,,,,,w,move_up,,0,0
1939,64633,,,,,,,,,,,,,,,,,,,,,,w,move_up,,2,2
1940,64667,,,,,,,,,,,,,,,,,,,,,,w,move_up,,0,0
1941,64700,,,,,,,,,,,,,,,,,,,,,,w,move_up,,0,0
1942,64733,,,,,,,,,,,,,,,,,,,,,,a|w,move_up|move_left,,1,-1
1943,64767,,,,,,,,,,,,,,,,,,,,,,a|w,move_up|move_left,,15,-10
1944,64800,,,,,,,,,,,,,,,,,,,,,,a|w,move_up|move_left,,29,-1
1945,64833,,,,,,,,,,,,,,,,,,,,,,a|w,move_up|move_left,,23,1
1946,64867,,,,,,,,,,,,,,,,,,,,,,a|w,move_up|move_left,,2,0
1947,64900,,,,,,,,,,,,,,,,,,,,,,a|w,move_up|move_left,,0,0
1948,64933,,,,,,,,,,,,,,,,,,,,,,a|w,move_up|move_left,,0,0
1949,64967,,,,,,,,,,,,,,,,,,,,,,a|w,move_up|move_left,,0,0
1950,65000,,,,,,,,,,,,,,,,,,,,,,a|w,move_up|move_left,,0,0
1951,65033,,,,,,,,,,,,,,,,,,,,,,a|w,move_up|move_left,,-1,0
1952,65067,,,,,,,,,,,,,,,,,,,,,,a|w,move_up|move_left,,0,0
1953,65100,,,,,,,,,,,,,,,,,,,,,,a|w,move_up|move_left,,6,0
1954,65133,,,,,,,,,,,,,,,,,,,,,,a|w,move_up|move_left,,2,0
1955,65167,,,,,,,,,,,,,,,,,,,,,,a|w,move_up|move_left,,0,0
1956,65200,,,,,,,,,,,,,,,,,,,,,,a|w,move_up|move_left,,0,-1
1957,65233,,,,,,,,,,,,,,,,,,,,,,a|w,move_up|move_left,,-27,-6
1958,65267,,,,,,,,,,,,,,,,,,,,,,a|w,move_up|move_left,,-60,6
1959,65300,,,,,,,,,,,,,,,,,,,,,,a|w,move_up|move_left,,-59,14
1960,65333,,,,,,,,,,,,,,,,,,,,,,w,move_up,,-63,0
1961,65367,,,,,,,,,,,,,,,,,,,,,,w,move_up,,-37,-5
1962,65400,,,,,,,,,,,,,,,,,,,,,,w,move_up,,-12,-4
1963,65433,,,,,,,,,,,,,,,,,,,,,,w,move_up,,-1,-1
1964,65467,,,,,,,,,,,,,,,,,,,,,,w,move_up,,0,0
1965,65500,,,,,,,,,,,,,,,,,,,,,,w,move_up,,0,0
1966,65533,,,,,,,,,,,,,,,,,,,,,,w,move_up,,0,0
1967,65567,,,,,,,,,,,,,,,,,,,,,,w,move_up,,0,0
1968,65600,,,,,,,,,,,,,,,,,,,,,,w,move_up,,0,0
1969,65633,,,,,,,,,,,,,,,,,,,,,,w,move_up,,0,0
1970,65667,,,,,,,,,,,,,,,,,,,,,,w,move_up,,0,0
1971,65700,,,,,,,,,,,,,,,,,,,,,,w,move_up,,0,0
1972,65733,,,,,,,,,,,,,,,,,,,,,,w,move_up,,0,0
1973,65767,,,,,,,,,,,,,,,,,,,,,,w,move_up,,0,0
1974,65800,,,,,,,,,,,,,,,,,,,,,,w,move_up,,0,0
1975,65833,,,,,,,,,,,,,,,,,,,,,,w,move_up,,0,0
1976,65867,,,,,,,,,,,,,,,,,,,,,,w,move_up,,6,6
1977,65900,,,,,,,,,,,,,,,,,,,,,,w,move_up,,6,2
1978,65933,,,,,,,,,,,,,,,,,,,,,,w,move_up,,11,-3
1979,65967,,,,,,,,,,,,,,,,,,,,,,w,move_up,,7,-6
1980,66000,,,,,,,,,,,,,,,,,,,,,,w,move_up,,0,-5
1981,66033,,,,,,,,,,,,,,,,,,,,,,w,move_up,,-2,-2
1982,66067,,,,,,,,,,,,,,,,,,,,,,w,move_up,,0,0
1983,66100,,,,,,,,,,,,,,,,,,,,,,w,move_up,,0,0
1984,66133,,,,,,,,,,,,,,,,,,,,,,w,move_up,,0,0
1985,66167,,,,,,,,,,,,,,,,,,,,,,w,move_up,,0,0
1986,66200,,,,,,,,,,,,,,,,,,,,,,w,move_up,,0,0
1987,66233,,,,,,,,,,,,,,,,,,,,,,w,move_up,,0,0
1988,66267,,,,,,,,,,,,,,,,,,,,,,w,move_up,,0,0
1989,66300,,,,,,,,,,,,,,,,,,,,,,w,move_up,,0,0
1990,66333,,,,,,,,,,,,,,,,,,,,,,w,move_up,,0,0
1991,66367,,,,,,,,,,,,,,,,,,,,,,w,move_up,,0,0
1992,66400,,,,,,,,,,,,,,,,,,,,,,w,move_up,,7,0
1993,66433,,,,,,,,,,,,,,,,,,,,,,w,move_up,,0,0
1994,66467,,,,,,,,,,,,,,,,,,,,,,w,move_up,,3,0
1995,66500,,,,,,,,,,,,,,,,,,,,,,w,move_up,,15,0
1996,66533,,,,,,,,,,,,,,,,,,,,,,w,move_up,,16,3
1997,66567,,,,,,,,,,,,,,,,,,,,,,w,move_up,,9,1
1998,66600,,,,,,,,,,,,,,,,,,,,,,w,move_up,,1,1
1999,66633,,,,,,,,,,,,,,,,,,,,,,w,move_up,,0,0
2000,66667,,,,,,,,,,,,,,,,,,,,,,w,move_up,,-7,-2
2001,66700,,,,,,,,,,,,,,,,,,,,,,w,move_up,,-36,-1
2002,66733,,,,,,,,,,,,,,,,,,,,,,w,move_up,,-65,1
2003,66767,,,,,,,,,,,,,,,,,,,,,,w,move_up,,-74,5
2004,66800,,,,,,,,,,,,,,,,,,,,,,w,move_up,,-25,3
2005,66833,,,,,,,,,,,,,,,,,,,,,,d|w,move_up|move_right,,0,0
2006,66867,,,,,,,,,,,,,,,,,,,,,,d|w,move_up|move_right,,-4,1
2007,66900,,,,,,,,,,,,,,,,,,,,,,d|w,move_up|move_right,,-9,0
2008,66933,,,,,,,,,,,,,,,,,,,,,,d|w,move_up|move_right,,-10,1
2009,66967,,,,,,,,,,,,,,,,,,,,,,d|w,move_up|move_right,,-10,0
2010,67000,,,,,,,,,,,,,,,,,,,,,,d|w,move_up|move_right,,-19,0
2011,67033,,,,,,,,,,,,,,,,,,,,,,d|w,move_up|move_right,,-16,1
2012,67067,,,,,,,,,,,,,,,,,,,,,,d|w,move_up|move_right,,-24,1
2013,67100,,,,,,,,,,,,,,,,,,,,,,d|w,move_up|move_right,,-19,1
2014,67133,,,,,,,,,,,,,,,,,,,,,,w,move_up,,-7,1
2015,67167,,,,,,,,,,,,,,,,,,,,,,w,move_up,,-6,0
2016,67200,,,,,,,,,,,,,,,,,,,,,,d|w,move_up|move_right,,-13,2
2017,67233,,,,,,,,,,,,,,,,,,,,,,d|w,move_up|move_right,,-21,1
2018,67267,,,,,,,,,,,,,,,,,,,,,,d|w,move_up|move_right,,-16,1
2019,67300,,,,,,,,,,,,,,,,,,,,,,d|w,move_up|move_right,,-17,0
2020,67333,,,,,,,,,,,,,,,,,,,,,,w,move_up,,-16,0
2021,67367,,,,,,,,,,,,,,,,,,,,,,w,move_up,,-13,0
2022,67400,,,,,,,,,,,,,,,,,,,,,,w,move_up,,-10,0
2023,67433,,,,,,,,,,,,,,,,,,,,,,w,move_up,,-15,0
2024,67467,,,,,,,,,,,,,,,,,,,,,,w,move_up,,-15,0
2025,67500,,,,,,,,,,,,,,,,,,,,,,d|w,move_up|move_right,,-14,0
2026,67533,,,,,,,,,,,,,,,,,,,,,,d|w,move_up|move_right,,-3,0
2027,67567,,,,,,,,,,,,,,,,,,,,,,d|w,move_up|move_right,,0,0
2028,67600,,,,,,,,,,,,,,,,,,,,,,d|w,move_up|move_right,,0,0
2029,67633,,,,,,,,,,,,,,,,,,,,,,d|w,move_up|move_right,,0,0
2030,67667,,,,,,,,,,,,,,,,,,,,,,d|w,move_up|move_right,,0,0
2031,67700,,,,,,,,,,,,,,,,,,,,,,w,move_up,,0,0
2032,67733,,,,,,,,,,,,,,,,,,,,,,w,move_up,,0,0
2033,67767,,,,,,,,,,,,,,,,,,,,,,w,move_up,,5,1
2034,67800,,,,,,,,,,,,,,,,,,,,,,w,move_up,,37,0
2035,67833,,,,,,,,,,,,,,,,,,,,,,w,move_up,,57,-1
2036,67867,,,,,,,,,,,,,,,,,,,,,,w,move_up,,13,-1
2037,67900,,,,,,,,,,,,,,,,,,,,,,w,move_up,,0,0
2038,67933,,,,,,,,,,,,,,,,,,,,,,w,move_up,,-12,1
2039,67967,,,,,,,,,,,,,,,,,,,,,,w,move_up,,-40,3
2040,68000,,,,,,,,,,,,,,,,,,,,,,w,move_up,,-47,2
2041,68033,,,,,,,,,,,,,,,,,,,,,,w,move_up,,-32,1
2042,68067,,,,,,,,,,,,,,,,,,,,,,w,move_up,,-11,0
2043,68100,,,,,,,,,,,,,,,,,,,,,,w,move_up,,-1,0
2044,68133,,,,,,,,,,,,,,,,,,,,,,w,move_up,,-1,0
2045,68167,,,,,,,,,,,,,,,,,,,,,,w,move_up,,-1,0
2046,68200,,,,,,,,,,,,,,,,,,,,,,w,move_up,,-2,1
2047,68233,,,,,,,,,,,,,,,,,,,,,,w,move_up,,-5,6
2048,68267,,,,,,,,,,,,,,,,,,,,,,w,move_up,,0,0
2049,68300,,,,,,,,,,,,,,,,,,,,,,w,move_up,,0,1
2050,68333,,,,,,,,,,,,,,,,,,,,,,w,move_up,,0,0
2051,68367,,,,,,,,,,,,,,,,,,,,,,w,move_up,,0,0
2052,68400,,,,,,,,,,,,,,,,,,,,,,a|w,move_up|move_left,,0,0
2053,68433,,,,,,,,,,,,,,,,,,,,,,a|w,move_up|move_left,,0,0
2054,68467,,,,,,,,,,,,,,,,,,,,,,w,move_up,,-1,-1
2055,68500,,,,,,,,,,,,,,,,,,,,,,w,move_up,,-49,-18
2056,68533,,,,,,,,,,,,,,,,,,,,,,w,move_up,,-42,-6
2057,68567,,,,,,,,,,,,,,,,,,,,,,w,move_up,,-19,-3
2058,68600,,,,,,,,,,,,,,,,,,,,,,w,move_up,,-3,0
2059,68633,,,,,,,,,,,,,,,,,,,,,,w,move_up,,-1,1
2060,68667,,,,,,,,,,,,,,,,,,,,,,w,move_up,,0,0
2061,68700,,,,,,,,,,,,,,,,,,,,,,w,move_up,,0,0
2062,68733,,,,,,,,,,,,,,,,,,,,,,w,move_up,,0,0
2063,68767,,,,,,,,,,,,,,,,,,,,,,w,move_up,,0,1
2064,68800,,,,,,,,,,,,,,,,,,,,,,d|w,move_up|move_right,,-9,4
2065,68833,,,,,,,,,,,,,,,,,,,,,,d|w,move_up|move_right,,-12,2
2066,68867,,,,,,,,,,,,,,,,,,,,,,d|w,move_up|move_right,,-21,3
2067,68900,,,,,,,,,,,,,,,,,,,,,,d|w,move_up|move_right,,-21,1
2068,68933,,,,,,,,,,,,,,,,,,,,,,d|w,move_up|move_right,,-19,5
2069,68967,,,,,,,,,,,,,,,,,,,,,,d|w,move_up|move_right,,-4,3
2070,69000,,,,,,,,,,,,,,,,,,,,,,d|w,move_up|move_right,,0,1
2071,69033,,,,,,,,,,,,,,,,,,,,,,d|w,move_up|move_right,,0,0
2072,69067,,,,,,,,,,,,,,,,,,,,,,d|w,move_up|move_right,,0,0
2073,69100,,,,,,,,,,,,,,,,,,,,,,d|w,move_up|move_right,,0,0
2074,69133,,,,,,,,,,,,,,,,,,,,,,d|w,move_up|move_right,,0,0
2075,69167,,,,,,,,,,,,,,,,,,,,,,d|w,move_up|move_right,,-3,-7
2076,69200,,,,,,,,,,,,,,,,,,,,,,d|w,move_up|move_right,,-26,-3
2077,69233,,,,,,,,,,,,,,,,,,,,,,d|w,move_up|move_right,,-20,1
2078,69267,,,,,,,,,,,,,,,,,,,,,,d|w,move_up|move_right,,-5,0
2079,69300,,,,,,,,,,,,,,,,,,,,,,d|w,move_up|move_right,,-8,0
2080,69333,,,,,,,,,,,,,,,,,,,,,,d|w,move_up|move_right,,-13,-2
2081,69367,,,,,,,,,,,,,,,,,,,,,,d|w,move_up|move_right,,-17,0
2082,69400,,,,,,,,,,,,,,,,,,,,,,d|w,move_up|move_right,,-16,0
2083,69433,,,,,,,,,,,,,,,,,,,,,,d|w,move_up|move_right,,-7,0
2084,69467,,,,,,,,,,,,,,,,,,,,,,d|w,move_up|move_right,,-2,0
2085,69500,,,,,,,,,,,,,,,,,,,,,,d|w,move_up|move_right,,-1,1
2086,69533,,,,,,,,,,,,,,,,,,,,,,d|w,move_up|move_right,,-4,1
2087,69567,,,,,,,,,,,,,,,,,,,,,,d|w,move_up|move_right,,-9,1
2088,69600,,,,,,,,,,,,,,,,,,,,,,w,move_up,,-24,0
2089,69633,,,,,,,,,,,,,,,,,,,,,,,,,-64,0
2090,69667,,,,,,,,,,,,,,,,,,,,,,,,,-130,-4
2091,69700,,,,,,,,,,,,,,,,,,,,,,,,,-96,-4
2092,69733,,,,,,,,,,,,,,,,,,,,,,a|w,move_up|move_left,,-49,-3
2093,69767,,,,,,,,,,,,,,,,,,,,,,a|w,move_up|move_left,,-12,-1
2094,69800,,,,,,,,,,,,,,,,,,,,,,a|w,move_up|move_left,,-2,0
2095,69833,,,,,,,,,,,,,,,,,,,,,,a|w,move_up|move_left,,-9,1
2096,69867,,,,,,,,,,,,,,,,,,,,,,a|w,move_up|move_left,,-25,3
2097,69900,,,,,,,,,,,,,,,,,,,,,,a|w,move_up|move_left,,-26,0
2098,69933,,,,,,,,,,,,,,,,,,,,,,a|w,move_up|move_left,,-29,0
2099,69967,,,,,,,,,,,,,,,,,,,,,,w,move_up,,-31,-1
2100,70000,,,,,,,,,,,,,,,,,,,,,,w,move_up,,-40,2
2101,70033,,,,,,,,,,,,,,,,,,,,,,w,move_up,,0,0
2102,70067,,,,,,,,,,,,,,,,,,,,,,w,move_up,,-7,3
2103,70100,,,,,,,,,,,,,,,,,,,,,,w,move_up,,0,0
2104,70133,,,,,,,,,,,,,,,,,,,,,,w,move_up,,0,0
2105,70167,,,,,,,,,,,,,,,,,,,,,,w,move_up,,0,0
2106,70200,,,,,,,,,,,,,,,,,,,,,,w,move_up,,0,0
2107,70233,,,,,,,,,,,,,,,,,,,,,,w,move_up,,-6,-9
2108,70267,,,,,,,,,,,,,,,,,,,,,,w,move_up,,-64,4
2109,70300,,,,,,,,,,,,,,,,,,,,,,w,move_up,,-55,7
2110,70333,,,,,,,,,,,,,,,,,,,,,,d|w,move_up|move_right,,-41,4
2111,70367,,,,,,,,,,,,,,,,,,,,,,d|w,move_up|move_right,,-32,1
2112,70400,,,,,,,,,,,,,,,,,,,,,,d|w,move_up|move_right,,-13,0
2113,70433,,,,,,,,,,,,,,,,,,,,,,d|w,move_up|move_right,,0,0
2114,70467,,,,,,,,,,,,,,,,,,,,,,d|w,move_up|move_right,,0,0
2115,70500,,,,,,,,,,,,,,,,,,,,,,d|w,move_up|move_right,,0,0
2116,70533,,,,,,,,,,,,,,,,,,,,,,d|w,move_up|move_right,,0,0
2117,70567,,,,,,,,,,,,,,,,,,,,,,d|w,move_up|move_right,,21,2
2118,70600,,,,,,,,,,,,,,,,,,,,,,d|w,move_up|move_right,,93,2
2119,70633,,,,,,,,,,,,,,,,,,,,,,d|w,move_up|move_right,,100,1
2120,70667,,,,,,,,,,,,,,,,,,,,,,d|w,move_up|move_right,,48,2
2121,70700,,,,,,,,,,,,,,,,,,,,,,w,move_up,,8,0
2122,70733,,,,,,,,,,,,,,,,,,,,,,w,move_up,,0,1
2123,70767,,,,,,,,,,,,,,,,,,,,,,w,move_up,,9,2
2124,70800,,,,,,,,,,,,,,,,,,,,,,w,move_up,,14,0
2125,70833,,,,,,,,,,,,,,,,,,,,,,w,move_up,,11,0
2126,70867,,,,,,,,,,,,,,,,,,,,,,w,move_up,,3,0
2127,70900,,,,,,,,,,,,,,,,,,,,,,w,move_up,,0,0
2128,70933,,,,,,,,,,,,,,,,,,,,,,w,move_up,,0,0
2129,70967,,,,,,,,,,,,,,,,,,,,,,w,move_up,,0,0
2130,71000,,,,,,,,,,,,,,,,,,,,,,w,move_up,,0,0
2131,71033,,,,,,,,,,,,,,,,,,,,,,w,move_up,,0,0
2132,71067,,,,,,,,,,,,,,,,,,,,,,w,move_up,,0,-3
2133,71100,,,,,,,,,,,,,,,,,,,,,,w,move_up,,-1,-1
2134,71133,,,,,,,,,,,,,,,,,,,,,,w,move_up,,0,0
2135,71167,,,,,,,,,,,,,,,,,,,,,,w,move_up,,0,0
2136,71200,,,,,,,,,,,,,,,,,,,,,,w,move_up,,-2,-1
2137,71233,,,,,,,,,,,,,,,,,,,,,,w,move_up,,-3,-1
2138,71267,,,,,,,,,,,,,,,,,,,,,,w,move_up,,0,0
2139,71300,,,,,,,,,,,,,,,,,,,,,,w,move_up,,0,0
2140,71333,,,,,,,,,,,,,,,,,,,,,,w,move_up,,0,0
2141,71367,,,,,,,,,,,,,,,,,,,,,,w,move_up,,-3,0
2142,71400,,,,,,,,,,,,,,,,,,,,,,w,move_up,,-7,-1
2143,71433,,,,,,,,,,,,,,,,,,,,,,w,move_up,,-27,-2
2144,71467,,,,,,,,,,,,,,,,,,,,,,w,move_up,,-28,-4
2145,71500,,,,,,,,,,,,,,,,,,,,,,w,move_up,,-13,-2
2146,71533,,,,,,,,,,,,,,,,,,,,,,d|w,move_up|move_right,,-3,-1
2147,71567,,,,,,,,,,,,,,,,,,,,,,d|w,move_up|move_right,,-8,0
2148,71600,,,,,,,,,,,,,,,,,,,,,,d|w,move_up|move_right,,-18,0
2149,71633,,,,,,,,,,,,,,,,,,,,,,d|w,move_up|move_right,,-19,0
2150,71667,,,,,,,,,,,,,,,,,,,,,,d|w,move_up|move_right,,-14,0
2151,71700,,,,,,,,,,,,,,,,,,,,,,d|w,move_up|move_right,,-13,0
2152,71733,,,,,,,,,,,,,,,,,,,,,,w,move_up,,-15,0
2153,71767,,,,,,,,,,,,,,,,,,,,,,w,move_up,,-5,0
2154,71800,,,,,,,,,,,,,,,,,,,,,,w,move_up,,0,0
2155,71833,,,,,,,,,,,,,,,,,,,,,,w,move_up,,-3,0
2156,71867,,,,,,,,,,,,,,,,,,,,,,w,move_up,,-3,0
2157,71900,,,,,,,,,,,,,,,,,,,,,,w,move_up,,0,0
2158,71933,,,,,,,,,,,,,,,,,,,,,,w,move_up,,0,0
2159,71967,,,,,,,,,,,,,,,,,,,,,,w,move_up,,0,0
2160,72000,,,,,,,,,,,,,,,,,,,,,,w,move_up,,0,0
2161,72033,,,,,,,,,,,,,,,,,,,,,,d|w,move_up|move_right,,-1,0
2162,72067,,,,,,,,,,,,,,,,,,,,,,d|w,move_up|move_right,,12,0
2163,72100,,,,,,,,,,,,,,,,,,,,,,d|w,move_up|move_right,,64,-2
2164,72133,,,,,,,,,,,,,,,,,,,,,,w,move_up,,90,-6
2165,72167,,,,,,,,,,,,,,,,,,,,,,w,move_up,,49,-2
2166,72200,,,,,,,,,,,,,,,,,,,,,,w,move_up,,4,0
2167,72233,,,,,,,,,,,,,,,,,,,,,,w,move_up,,0,0
2168,72267,,,,,,,,,,,,,,,,,,,,,,w,move_up,,-3,1
2169,72300,,,,,,,,,,,,,,,,,,,,,,w,move_up,,0,0
2170,72333,,,,,,,,,,,,,,,,,,,,,,w,move_up,,0,1
2171,72367,,,,,,,,,,,,,,,,,,,,,,w,move_up,,0,0
2172,72400,,,,,,,,,,,,,,,,,,,,,,w,move_up,,0,0
2173,72433,,,,,,,,,,,,,,,,,,,,,,w,move_up,,0,0
2174,72467,,,,,,,,,,,,,,,,,,,,,,a|w,move_up|move_left,,0,0
2175,72500,,,,,,,,,,,,,,,,,,,,,,a|w,move_up|move_left,,1,0
2176,72533,,,,,,,,,,,,,,,,,,,,,,a|w,move_up|move_left,,3,0
2177,72567,,,,,,,,,,,,,,,,,,,,,,a|w,move_up|move_left,,5,-1
2178,72600,,,,,,,,,,,,,,,,,,,,,,a|w,move_up|move_left,,8,-1
2179,72633,,,,,,,,,,,,,,,,,,,,,,a|w,move_up|move_left,,2,0
2180,72667,,,,,,,,,,,,,,,,,,,,,,w,move_up,,0,0
2181,72700,,,,,,,,,,,,,,,,,,,,,,w,move_up,,0,0
2182,72733,,,,,,,,,,,,,,,,,,,,,,w,move_up,,0,0
2183,72767,,,,,,,,,,,,,,,,,,,,,,w,move_up,,0,-1
2184,72800,,,,,,,,,,,,,,,,,,,,,,w,move_up,,-1,0
2185,72833,,,,,,,,,,,,,,,,,,,,,,w,move_up,,0,0
2186,72867,,,,,,,,,,,,,,,,,,,,,,w,move_up,,0,0
2187,72900,,,,,,,,,,,,,,,,,,,,,,w,move_up,,0,0
2188,72933,,,,,,,,,,,,,,,,,,,,,,w,move_up,,0,0
2189,72967,,,,,,,,,,,,,,,,,,,,,,w,move_up,,-3,0
2190,73000,,,,,,,,,,,,,,,,,,,,,,w,move_up,,-12,0
2191,73033,,,,,,,,,,,,,,,,,,,,,,w,move_up,,-37,-1
2192,73067,,,,,,,,,,,,,,,,,,,,,,w,move_up,,-32,0
2193,73100,,,,,,,,,,,,,,,,,,,,,,w,move_up,,-27,0
2194,73133,,,,,,,,,,,,,,,,,,,,,,w,move_up,,-20,0
2195,73167,,,,,,,,,,,,,,,,,,,,,,d|w,move_up|move_right,,-12,0
2196,73200,,,,,,,,,,,,,,,,,,,,,,d|w,move_up|move_right,,-9,-1
2197,73233,,,,,,,,,,,,,,,,,,,,,,d|w,move_up|move_right,,-10,-2
2198,73267,,,,,,,,,,,,,,,,,,,,,,d|w,move_up|move_right,,-13,-1
2199,73300,,,,,,,,,,,,,,,,,,,,,,d|w,move_up|move_right,,-17,-2
2200,73333,,,,,,,,,,,,,,,,,,,,,,d|w,move_up|move_right,,-19,-2
2201,73367,,,,,,,,,,,,,,,,,,,,,,d|w,move_up|move_right,,-17,-1
2202,73400,,,,,,,,,,,,,,,,,,,,,,d|w,move_up|move_right,,-18,0
2203,73433,,,,,,,,,,,,,,,,,,,,,,d|w,move_up|move_right,,-11,0
2204,73467,,,,,,,,,,,,,,,,,,,,,,d|w,move_up|move_right,,-1,0
2205,73500,,,,,,,,,,,,,,,,,,,,,,d|w,move_up|move_right,,-1,0
2206,73533,,,,,,,,,,,,,,,,,,,,,,d|w,move_up|move_right,,-1,0
2207,73567,,,,,,,,,,,,,,,,,,,,,,d|w,move_up|move_right,,-1,0
2208,73600,,,,,,,,,,,,,,,,,,,,,,d|w,move_up|move_right,,-6,2
2209,73633,,,,,,,,,,,,,,,,,,,,,,d|w,move_up|move_right,,-6,1
2210,73667,,,,,,,,,,,,,,,,,,,,,,d|w,move_up|move_right,,-13,3
2211,73700,,,,,,,,,,,,,,,,,,,,,,d|w,move_up|move_right,,-6,1
2212,73733,,,,,,,,,,,,,,,,,,,,,,d|w,move_up|move_right,,-2,0
2213,73767,,,,,,,,,,,,,,,,,,,,,,d|w,move_up|move_right,,-3,1
2214,73800,,,,,,,,,,,,,,,,,,,,,,d|w,move_up|move_right,,-6,0
2215,73833,,,,,,,,,,,,,,,,,,,,,,d|w,move_up|move_right,,-4,0
2216,73867,,,,,,,,,,,,,,,,,,,,,,d|w,move_up|move_right,,0,0
2217,73900,,,,,,,,,,,,,,,,,,,,,,d,move_right,,3,1
2218,73933,,,,,,,,,,,,,,,,,,,,,,d,move_right,,34,1
2219,73967,,,,,,,,,,,,,,,,,,,,,,d|w,move_up|move_right,,58,0
2220,74000,,,,,,,,,,,,,,,,,,,,,,d|w,move_up|move_right,,25,-1
2221,74033,,,,,,,,,,,,,,,,,,,,,,d|w,move_up|move_right,,3,0
2222,74067,,,,,,,,,,,,,,,,,,,,,,d|w,move_up|move_right,,4,0
2223,74100,,,,,,,,,,,,,,,,,,,,,,d|w,move_up|move_right,,4,1
2224,74133,,,,,,,,,,,,,,,,,,,,,,d|w,move_up|move_right,,1,0
2225,74167,,,,,,,,,,,,,,,,,,,,,,d|w,move_up|move_right,,0,0
2226,74200,,,,,,,,,,,,,,,,,,,,,,d|w,move_up|move_right,,0,0
2227,74233,,,,,,,,,,,,,,,,,,,,,,d|w,move_up|move_right,,0,0
2228,74267,,,,,,,,,,,,,,,,,,,,,,d|w,move_up|move_right,,0,1
2229,74300,,,,,,,,,,,,,,,,,,,,,,d|w,move_up|move_right,,-3,0
2230,74333,,,,,,,,,,,,,,,,,,,,,,d|w,move_up|move_right,,-22,6
2231,74367,,,,,,,,,,,,,,,,,,,,,,d|w,move_up|move_right,,-31,5
2232,74400,,,,,,,,,,,,,,,,,,,,,,d|w,move_up|move_right,,-25,4
2233,74433,,,,,,,,,,,,,,,,,,,,,,d|w,move_up|move_right,,-7,1
2234,74467,,,,,,,,,,,,,,,,,,,,,,d|w,move_up|move_right,,-15,0
2235,74500,,,,,,,,,,,,,,,,,,,,,,d|w,move_up|move_right,,-24,0
2236,74533,,,,,,,,,,,,,,,,,,,,,,d|w,move_up|move_right,,-18,0
2237,74567,,,,,,,,,,,,,,,,,,,,,,d|w,move_up|move_right,,-3,0
2238,74600,,,,,,,,,,,,,,,,,,,,,,w,move_up,,0,0
2239,74633,,,,,,,,,,,,,,,,,,,,,,w,move_up,,0,-1
2240,74667,,,,,,,,,,,,,,,,,,,,,,w,move_up,,0,0
2241,74700,,,,,,,,,,,,,,,,,,,,,,w,move_up,,0,0
2242,74733,,,,,,,,,,,,,,,,,,,,,,d|w,move_up|move_right,,0,0
2243,74767,,,,,,,,,,,,,,,,,,,,,,d|w,move_up|move_right,,0,0
2244,74800,,,,,,,,,,,,,,,,,,,,,,d|w,move_up|move_right,,0,0
2245,74833,,,,,,,,,,,,,,,,,,,,,,d|w,move_up|move_right,,0,0
2246,74867,,,,,,,,,,,,,,,,,,,,,,d|w,move_up|move_right,,0,0
2247,74900,,,,,,,,,,,,,,,,,,,,,,d|w,move_up|move_right,,0,0
2248,74933,,,,,,,,,,,,,,,,,,,,,,d|w,move_up|move_right,,2,0
2249,74967,,,,,,,,,,,,,,,,,,,,,,d|w,move_up|move_right,,21,0
2250,75000,,,,,,,,,,,,,,,,,,,,,,d|w,move_up|move_right,,64,0
2251,75033,,,,,,,,,,,,,,,,,,,,,,d|w,move_up|move_right,,36,-1
2252,75067,,,,,,,,,,,,,,,,,,,,,,d|w,move_up|move_right,,3,0
2253,75100,,,,,,,,,,,,,,,,,,,,,,d|w,move_up|move_right,,0,0
2254,75133,,,,,,,,,,,,,,,,,,,,,,d|w,move_up|move_right,,0,0
2255,75167,,,,,,,,,,,,,,,,,,,,,,d|w,move_up|move_right,,7,1
2256,75200,,,,,,,,,,,,,,,,,,,,,,d|w,move_up|move_right,,38,2
2257,75233,,,,,,,,,,,,,,,,,,,,,,d|w,move_up|move_right,,78,1
2258,75267,,,,,,,,,,,,,,,,,,,,,,d|w,move_up|move_right,,56,2
2259,75300,,,,,,,,,,,,,,,,,,,,,,d|w,move_up|move_right,,35,4
2260,75333,,,,,,,,,,,,,,,,,,,,,,d|w,move_up|move_right,,10,1
2261,75367,,,,,,,,,,,,,,,,,,,,,,d|w,move_up|move_right,,0,0
2262,75400,,,,,,,,,,,,,,,,,,,,,,d|w,move_up|move_right,,2,0
2263,75433,,,,,,,,,,,,,,,,,,,,,,d|w,move_up|move_right,,0,0
2264,75467,,,,,,,,,,,,,,,,,,,,,,w,move_up,,-2,0
2265,75500,,,,,,,,,,,,,,,,,,,,,,w,move_up,,-5,0
2266,75533,,,,,,,,,,,,,,,,,,,,,,w,move_up,,-2,1
2267,75567,,,,,,,,,,,,,,,,,,,,,,w,move_up,,-4,0
2268,75600,,,,,,,,,,,,,,,,,,,,,,w,move_up,,0,0
2269,75633,,,,,,,,,,,,,,,,,,,,,,w,move_up,,0,0
2270,75667,,,,,,,,,,,,,,,,,,,,,,w,move_up,,0,0
2271,75700,,,,,,,,,,,,,,,,,,,,,,d|w,move_up|move_right,,-2,0
2272,75733,,,,,,,,,,,,,,,,,,,,,,d|w,move_up|move_right,,-2,-1
2273,75767,,,,,,,,,,,,,,,,,,,,,,d|w,move_up|move_right,,-7,-7
2274,75800,,,,,,,,,,,,,,,,,,,,,,d|w,move_up|move_right,,-12,-9
2275,75833,,,,,,,,,,,,,,,,,,,,,,w,move_up,,0,0
2276,75867,,,,,,,,,,,,,,,,,,,,,,w,move_up,,-2,-1
2277,75900,,,,,,,,,,,,,,,,,,,,,,w,move_up,,0,0
2278,75933,,,,,,,,,,,,,,,,,,,,,,w,move_up,,0,0
2279,75967,,,,,,,,,,,,,,,,,,,,,,w,move_up,,0,0
2280,76000,,,,,,,,,,,,,,,,,,,,,,w,move_up,,0,0
2281,76033,,,,,,,,,,,,,,,,,,,,,,w,move_up,,0,0
2282,76067,,,,,,,,,,,,,,,,,,,,,,w,move_up,,0,0
2283,76100,,,,,,,,,,,,,,,,,,,,,,d|w,move_up|move_right,,0,0
2284,76133,,,,,,,,,,,,,,,,,,,,,,d|w,move_up|move_right,,0,0
2285,76167,,,,,,,,,,,,,,,,,,,,,,d|w,move_up|move_right,,0,0
2286,76200,,,,,,,,,,,,,,,,,,,,,,d|w,move_up|move_right,,0,0
2287,76233,,,,,,,,,,,,,,,,,,,,,,d|w,move_up|move_right,,0,0
2288,76267,,,,,,,,,,,,,,,,,,,,,,d|w,move_up|move_right,,0,0
2289,76300,,,,,,,,,,,,,,,,,,,,,,w,move_up,,0,-7
2290,76333,,,,,,,,,,,,,,,,,,,,,,w,move_up,,1,-5
2291,76367,,,,,,,,,,,,,,,,,,,,,,w,move_up,,-9,-3
2292,76400,,,,,,,,,,,,,,,,,,,,,,w,move_up,,-7,-2
2293,76433,,,,,,,,,,,,,,,,,,,,,,w,move_up,,0,-1
2294,76467,,,,,,,,,,,,,,,,,,,,,,w,move_up,,-2,0
2295,76500,,,,,,,,,,,,,,,,,,,,,,w,move_up,,-2,0
2296,76533,,,,,,,,,,,,,,,,,,,,,,w,move_up,,-6,0
2297,76567,,,,,,,,,,,,,,,,,,,,,,w,move_up,,0,0
2298,76600,,,,,,,,,,,,,,,,,,,,,,w,move_up,,0,0
2299,76633,,,,,,,,,,,,,,,,,,,,,,w,move_up,,0,0
2300,76667,,,,,,,,,,,,,,,,,,,,,,w,move_up,,0,0
2301,76700,,,,,,,,,,,,,,,,,,,,,,w,move_up,,0,0
2302,76733,,,,,,,,,,,,,,,,,,,,,,w,move_up,,0,0
2303,76767,,,,,,,,,,,,,,,,,,,,,,w,move_up,,0,0
2304,76800,,,,,,,,,,,,,,,,,,,,,,w,move_up,,0,0
2305,76833,,,,,,,,,,,,,,,,,,,,,,w,move_up,,0,0
2306,76867,,,,,,,,,,,,,,,,,,,,,,w,move_up,,0,0
2307,76900,,,,,,,,,,,,,,,,,,,,,,w,move_up,,0,0
2308,76933,,,,,,,,,,,,,,,,,,,,,,w,move_up,,0,0
2309,76967,,,,,,,,,,,,,,,,,,,,,,w,move_up,,0,0
2310,77000,,,,,,,,,,,,,,,,,,,,,,w,move_up,,0,0
2311,77033,,,,,,,,,,,,,,,,,,,,,,w,move_up,,0,0
2312,77067,,,,,,,,,,,,,,,,,,,,,,w,move_up,,0,6
2313,77100,,,,,,,,,,,,,,,,,,,,,,w,move_up,,-2,4
2314,77133,,,,,,,,,,,,,,,,,,,,,,w,move_up,,-1,2
2315,77167,,,,,,,,,,,,,,,,,,,,,,w,move_up,,0,0
2316,77200,,,,,,,,,,,,,,,,,,,,,,w,move_up,,0,1
2317,77233,,,,,,,,,,,,,,,,,,,,,,w,move_up,,0,0
2318,77267,,,,,,,,,,,,,,,,,,,,,,w,move_up,,0,2
2319,77300,,,,,,,,,,,,,,,,,,,,,,w,move_up,,0,0
2320,77333,,,,,,,,,,,,,,,,,,,,,,w,move_up,,0,1
2321,77367,,,,,,,,,,,,,,,,,,,,,,w,move_up,,0,2
2322,77400,,,,,,,,,,,,,,,,,,,,,,w,move_up,,7,3
2323,77433,,,,,,,,,,,,,,,,,,,,,,w,move_up,,7,1
2324,77467,,,,,,,,,,,,,,,,,,,,,,a|w,move_up|move_left,,6,1
2325,77500,,,,,,,,,,,,,,,,,,,,,,a|w,move_up|move_left,,6,2
2326,77533,,,,,,,,,,,,,,,,,,,,,,a|w,move_up|move_left,,8,3
2327,77567,,,,,,,,,,,,,,,,,,,,,,w,move_up,,25,3
2328,77600,,,,,,,,,,,,,,,,,,,,,,w,move_up,,25,2
2329,77633,,,,,,,,,,,,,,,,,,,,,,a|w,move_up|move_left,,21,1
2330,77667,,,,,,,,,,,,,,,,,,,,,,a|w,move_up|move_left,,17,2
2331,77700,,,,,,,,,,,,,,,,,,,,,,a|w,move_up|move_left,,13,1
2332,77733,,,,,,,,,,,,,,,,,,,,,,a|w,move_up|move_left,,17,1
2333,77767,,,,,,,,,,,,,,,,,,,,,,a|w,move_up|move_left,,17,0
2334,77800,,,,,,,,,,,,,,,,,,,,,,a|w,move_up|move_left,,13,0
2335,77833,,,,,,,,,,,,,,,,,,,,,,a|w,move_up|move_left,,20,-1
2336,77867,,,,,,,,,,,,,,,,,,,,,,a|w,move_up|move_left,,15,-1
2337,77900,,,,,,,,,,,,,,,,,,,,,,a|w,move_up|move_left,,16,-1
2338,77933,,,,,,,,,,,,,,,,,,,,,,a|w,move_up|move_left,,19,-1
2339,77967,,,,,,,,,,,,,,,,,,,,,,a|w,move_up|move_left,,15,-2
2340,78000,,,,,,,,,,,,,,,,,,,,,,a|w,move_up|move_left,,18,-1
2341,78033,,,,,,,,,,,,,,,,,,,,,,a|w,move_up|move_left,,25,0
2342,78067,,,,,,,,,,,,,,,,,,,,,,a|w,move_up|move_left,,4,0
2343,78100,,,,,,,,,,,,,,,,,,,,,,a|w,move_up|move_left,,3,0
2344,78133,,,,,,,,,,,,,,,,,,,,,,a|w,move_up|move_left,,9,0
2345,78167,,,,,,,,,,,,,,,,,,,,,,a|w,move_up|move_left,,8,-1
2346,78200,,,,,,,,,,,,,,,,,,,,,,a|w,move_up|move_left,,7,-1
2347,78233,,,,,,,,,,,,,,,,,,,,,,a|w,move_up|move_left,,11,0
2348,78267,,,,,,,,,,,,,,,,,,,,,,a|w,move_up|move_left,,11,-1
2349,78300,,,,,,,,,,,,,,,,,,,,,,a|w,move_up|move_left,,13,0
2350,78333,,,,,,,,,,,,,,,,,,,,,,a|w,move_up|move_left,,17,0
2351,78367,,,,,,,,,,,,,,,,,,,,,,a|w,move_up|move_left,,5,0
2352,78400,,,,,,,,,,,,,,,,,,,,,,a|w,move_up|move_left,,0,0
2353,78433,,,,,,,,,,,,,,,,,,,,,,w,move_up,,1,0
2354,78467,,,,,,,,,,,,,,,,,,,,,,w,move_up,,-8,0
2355,78500,,,,,,,,,,,,,,,,,,,,,,w,move_up,,-57,0
2356,78533,,,,,,,,,,,,,,,,,,,,,,,,,-95,0
2357,78567,,,,,,,,,,,,,,,,,,,,,,,,,-93,0
2358,78600,,,,,,,,,,,,,,,,,,,,,,,,,-70,-1
2359,78633,,,,,,,,,,,,,,,,,,,,,,,,,-39,0
2360,78667,,,,,,,,,,,,,,,,,,,,,,,,,-29,-1
2361,78700,,,,,,,,,,,,,,,,,,,,,,,,,-23,0
2362,78733,,,,,,,,,,,,,,,,,,,,,,,,,-25,1
2363,78767,,,,,,,,,,,,,,,,,,,,,,a,move_left,,-32,1
2364,78800,,,,,,,,,,,,,,,,,,,,,,a|w,move_up|move_left,,-24,1
2365,78833,,,,,,,,,,,,,,,,,,,,,,a|w,move_up|move_left,,-28,0
2366,78867,,,,,,,,,,,,,,,,,,,,,,a|w,move_up|move_left,,-29,0
2367,78900,,,,,,,,,,,,,,,,,,,,,,a|w,move_up|move_left,,-24,0
2368,78933,,,,,,,,,,,,,,,,,,,,,,a|w,move_up|move_left,,-24,1
2369,78967,,,,,,,,,,,,,,,,,,,,,,a|w,move_up|move_left,,-15,0
2370,79000,,,,,,,,,,,,,,,,,,,,,,a|w,move_up|move_left,,-11,0
2371,79033,,,,,,,,,,,,,,,,,,,,,,a|w,move_up|move_left,,-7,0
2372,79067,,,,,,,,,,,,,,,,,,,,,,a|w,move_up|move_left,,-9,1
2373,79100,,,,,,,,,,,,,,,,,,,,,,a|w,move_up|move_left,,-20,1
2374,79133,,,,,,,,,,,,,,,,,,,,,,a|w,move_up|move_left,,-23,0
2375,79167,,,,,,,,,,,,,,,,,,,,,,w,move_up,,-37,0
2376,79200,,,,,,,,,,,,,,,,,,,,,,w,move_up,,-31,0
2377,79233,,,,,,,,,,,,,,,,,,,,,,w,move_up,,-24,0
2378,79267,,,,,,,,,,,,,,,,,,,,,,w,move_up,,-17,1
2379,79300,,,,,,,,,,,,,,,,,,,,,,w,move_up,,-18,1
2380,79333,,,,,,,,,,,,,,,,,,,,,,w,move_up,,-17,1
2381,79367,,,,,,,,,,,,,,,,,,,,,,w,move_up,,-17,1
2382,79400,,,,,,,,,,,,,,,,,,,,,,w,move_up,,-21,0
2383,79433,,,,,,,,,,,,,,,,,,,,,,w,move_up,,-21,1
2384,79467,,,,,,,,,,,,,,,,,,,,,,w,move_up,,-18,0
2385,79500,,,,,,,,,,,,,,,,,,,,,,w,move_up,,-9,0
2386,79533,,,,,,,,,,,,,,,,,,,,,,w,move_up,,0,0
2387,79567,,,,,,,,,,,,,,,,,,,,,,w,move_up,,-1,0
2388,79600,,,,,,,,,,,,,,,,,,,,,,w,move_up,,11,0
2389,79633,,,,,,,,,,,,,,,,,,,,,,d|w,move_up|move_right,,23,0
2390,79667,,,,,,,,,,,,,,,,,,,,,,d|w,move_up|move_right,,26,1
2391,79700,,,,,,,,,,,,,,,,,,,,,,d|w,move_up|move_right,,21,1
2392,79733,,,,,,,,,,,,,,,,,,,,,,d|w,move_up|move_right,,18,2
2393,79767,,,,,,,,,,,,,,,,,,,,,,w,move_up,,13,0
2394,79800,,,,,,,,,,,,,,,,,,,,,,w,move_up,,10,1
2395,79833,,,,,,,,,,,,,,,,,,,,,,w,move_up,,11,0
2396,79867,,,,,,,,,,,,,,,,,,,,,,w,move_up,,5,0
2397,79900,,,,,,,,,,,,,,,,,,,,,,w,move_up,,0,0
2398,79933,,,,,,,,,,,,,,,,,,,,,,w,move_up,,0,0
2399,79967,,,,,,,,,,,,,,,,,,,,,,w,move_up,,0,0
2400,80000,,,,,,,,,,,,,,,,,,,,,,w,move_up,,0,0
2401,80033,,,,,,,,,,,,,,,,,,,,,,w,move_up,,0,0
2402,80067,,,,,,,,,,,,,,,,,,,,,,w,move_up,,0,0
2403,80100,,,,,,,,,,,,,,,,,,,,,,w,move_up,,3,0
2404,80133,,,,,,,,,,,,,,,,,,,,,,w,move_up,,14,-1
2405,80167,,,,,,,,,,,,,,,,,,,,,,w,move_up,,35,-3
2406,80200,,,,,,,,,,,,,,,,,,,,,,w,move_up,,32,-1
2407,80233,,,,,,,,,,,,,,,,,,,,,,w,move_up,,15,-1
2408,80267,,,,,,,,,,,,,,,,,,,,,,w,move_up,,12,0
2409,80300,,,,,,,,,,,,,,,,,,,,,,w,move_up,,12,1
2410,80333,,,,,,,,,,,,,,,,,,,,,,a|w,move_up|move_left,,28,1
2411,80367,,,,,,,,,,,,,,,,,,,,,,a|w,move_up|move_left,,31,0
2412,80400,,,,,,,,,,,,,,,,,,,,,,a|w,move_up|move_left,,8,0
2413,80433,,,,,,,,,,,,,,,,,,,,,,a|w,move_up|move_left,,1,0
2414,80467,,,,,,,,,,,,,,,,,,,,,,a|w,move_up|move_left,,0,0
2415,80500,,,,,,,,,,,,,,,,,,,,,,a|w,move_up|move_left,,0,0
2416,80533,,,,,,,,,,,,,,,,,,,,,,a|w,move_up|move_left,,0,0
2417,80567,,,,,,,,,,,,,,,,,,,,,,a|w,move_up|move_left,,0,0
2418,80600,,,,,,,,,,,,,,,,,,,,,,a|w,move_up|move_left,,-6,0
2419,80633,,,,,,,,,,,,,,,,,,,,,,a|w,move_up|move_left,,-26,0
2420,80667,,,,,,,,,,,,,,,,,,,,,,a|w,move_up|move_left,,-49,-1
2421,80700,,,,,,,,,,,,,,,,,,,,,,a|w,move_up|move_left,,-51,-1
2422,80733,,,,,,,,,,,,,,,,,,,,,,w,move_up,,-28,-1
2423,80767,,,,,,,,,,,,,,,,,,,,,,w,move_up,,-3,-1
2424,80800,,,,,,,,,,,,,,,,,,,,,,w,move_up,,0,0
2425,80833,,,,,,,,,,,,,,,,,,,,,,w,move_up,,0,0
2426,80867,,,,,,,,,,,,,,,,,,,,,,w,move_up,,0,0
2427,80900,,,,,,,,,,,,,,,,,,,,,,w,move_up,,0,0
2428,80933,,,,,,,,,,,,,,,,,,,,,,w,move_up,,-2,0
2429,80967,,,,,,,,,,,,,,,,,,,,,,w,move_up,,-6,-1
2430,81000,,,,,,,,,,,,,,,,,,,,,,w,move_up,,-11,0
2431,81033,,,,,,,,,,,,,,,,,,,,,,w,move_up,,-13,0
2432,81067,,,,,,,,,,,,,,,,,,,,,,w,move_up,,-12,-1
2433,81100,,,,,,,,,,,,,,,,,,,,,,w,move_up,,-11,0
2434,81133,,,,,,,,,,,,,,,,,,,,,,w,move_up,,-8,0
2435,81167,,,,,,,,,,,,,,,,,,,,,,w,move_up,,-1,0
2436,81200,,,,,,,,,,,,,,,,,,,,,,w,move_up,,-5,0
2437,81233,,,,,,,,,,,,,,,,,,,,,,w,move_up,,-5,0
2438,81267,,,,,,,,,,,,,,,,,,,,,,w,move_up,,-5,0
2439,81300,,,,,,,,,,,,,,,,,,,,,,w,move_up,,-9,0
2440,81333,,,,,,,,,,,,,,,,,,,,,,w,move_up,,-17,0
2441,81367,,,,,,,,,,,,,,,,,,,,,,d|w,move_up|move_right,,-16,0
2442,81400,,,,,,,,,,,,,,,,,,,,,,d|w,move_up|move_right,,-16,0
2443,81433,,,,,,,,,,,,,,,,,,,,,,d|w,move_up|move_right,,-13,0
2444,81467,,,,,,,,,,,,,,,,,,,,,,d|w,move_up|move_right,,-4,0
2445,81500,,,,,,,,,,,,,,,,,,,,,,d|w,move_up|move_right,,-1,0
2446,81533,,,,,,,,,,,,,,,,,,,,,,d|w,move_up|move_right,,-1,0
2447,81567,,,,,,,,,,,,,,,,,,,,,,d|w,move_up|move_right,,-2,0
2448,81600,,,,,,,,,,,,,,,,,,,,,,d|w,move_up|move_right,,-3,0
2449,81633,,,,,,,,,,,,,,,,,,,,,,d|w,move_up|move_right,,-5,1
2450,81667,,,,,,,,,,,,,,,,,,,,,,d|w,move_up|move_right,,-1,0
2451,81700,,,,,,,,,,,,,,,,,,,,,,d|w,move_up|move_right,,10,1
2452,81733,,,,,,,,,,,,,,,,,,,,,,d|w,move_up|move_right,,83,1
2453,81767,,,,,,,,,,,,,,,,,,,,,,w,move_up,,123,-2
2454,81800,,,,,,,,,,,,,,,,,,,,,,w,move_up,,88,3
2455,81833,,,,,,,,,,,,,,,,,,,,,,w,move_up,,56,5
2456,81867,,,,,,,,,,,,,,,,,,,,,,w,move_up,,16,3
2457,81900,,,,,,,,,,,,,,,,,,,,,,w,move_up,,15,3
2458,81933,,,,,,,,,,,,,,,,,,,,,,w,move_up,,35,1
2459,81967,,,,,,,,,,,,,,,,,,,,,,a|w,move_up|move_left,,85,-3
2460,82000,,,,,,,,,,,,,,,,,,,,,,a|w,move_up|move_left,,99,-6
2461,82033,,,,,,,,,,,,,,,,,,,,,,a|w,move_up|move_left,,9,2
2462,82067,,,,,,,,,,,,,,,,,,,,,,a|w,move_up|move_left,,2,1
2463,82100,,,,,,,,,,,,,,,,,,,,,,a|w,move_up|move_left,,0,0
2464,82133,,,,,,,,,,,,,,,,,,,,,,a|w,move_up|move_left,,0,0
2465,82167,,,,,,,,,,,,,,,,,,,,,,a|w,move_up|move_left,,0,0
2466,82200,,,,,,,,,,,,,,,,,,,,,,a|w,move_up|move_left,,0,-1
2467,82233,,,,,,,,,,,,,,,,,,,,,,a|w,move_up|move_left,,6,-10
2468,82267,,,,,,,,,,,,,,,,,,,,,,a|w,move_up|move_left,,2,0
2469,82300,,,,,,,,,,,,,,,,,,,,,,a|w,move_up|move_left,,0,0
2470,82333,,,,,,,,,,,,,,,,,,,,,,a|w,move_up|move_left,,-1,0
2471,82367,,,,,,,,,,,,,,,,,,,,,,a|w,move_up|move_left,,0,0
2472,82400,,,,,,,,,,,,,,,,,,,,,,a|w,move_up|move_left,,0,0
2473,82433,,,,,,,,,,,,,,,,,,,,,,a|w,move_up|move_left,,6,0
2474,82467,,,,,,,,,,,,,,,,,,,,,,a|w,move_up|move_left,,32,-1
2475,82500,,,,,,,,,,,,,,,,,,,,,,a|w,move_up|move_left,,46,-2
2476,82533,,,,,,,,,,,,,,,,,,,,,,a|w,move_up|move_left,,34,0
2477,82567,,,,,,,,,,,,,,,,,,,,,,a|w,move_up|move_left,,18,0
2478,82600,,,,,,,,,,,,,,,,,,,,,,a|w,move_up|move_left,,8,0
2479,82633,,,,,,,,,,,,,,,,,,,,,,a|w,move_up|move_left,,19,0
2480,82667,,,,,,,,,,,,,,,,,,,,,,a|w,move_up|move_left,,22,-4
2481,82700,,,,,,,,,,,,,,,,,,,,,,a|w,move_up|move_left,,5,-1
2482,82733,,,,,,,,,,,,,,,,,,,,,,a|w,move_up|move_left,,0,0
2483,82767,,,,,,,,,,,,,,,,,,,,,,a|w,move_up|move_left,,1,0
2484,82800,,,,,,,,,,,,,,,,,,,,,,a|w,move_up|move_left,,-4,0
2485,82833,,,,,,,,,,,,,,,,,,,,,,a|w,move_up|move_left,,-22,2
2486,82867,,,,,,,,,,,,,,,,,,,,,,a|w,move_up|move_left,,-46,3
2487,82900,,,,,,,,,,,,,,,,,,,,,,a|w,move_up|move_left,,-48,1
2488,82933,,,,,,,,,,,,,,,,,,,,,,a|w,move_up|move_left,,-28,1
2489,82967,,,,,,,,,,,,,,,,,,,,,,a|w,move_up|move_left,,-3,-1
2490,83000,,,,,,,,,,,,,,,,,,,,,,a|w,move_up|move_left,,-5,-1
2491,83033,,,,,,,,,,,,,,,,,,,,,,a|w,move_up|move_left,,-7,0
2492,83067,,,,,,,,,,,,,,,,,,,,,,a|w,move_up|move_left,,-1,0
2493,83100,,,,,,,,,,,,,,,,,,,,,,a|w,move_up|move_left,,0,0
2494,83133,,,,,,,,,,,,,,,,,,,,,,a|w,move_up|move_left,,0,0
2495,83167,,,,,,,,,,,,,,,,,,,,,,a|w,move_up|move_left,,0,0
2496,83200,,,,,,,,,,,,,,,,,,,,,,a|w,move_up|move_left,,0,0
2497,83233,,,,,,,,,,,,,,,,,,,,,,a|w,move_up|move_left,,12,3
2498,83267,,,,,,,,,,,,,,,,,,,,,,a|w,move_up|move_left,,58,6
2499,83300,,,,,,,,,,,,,,,,,,,,,,a|w,move_up|move_left,,95,2
2500,83333,,,,,,,,,,,,,,,,,,,,,,a|w,move_up|move_left,,43,2
2501,83367,,,,,,,,,,,,,,,,,,,,,,a|w,move_up|move_left,,16,2
2502,83400,,,,,,,,,,,,,,,,,,,,,,a,move_left,,0,0
2503,83433,,,,,,,,,,,,,,,,,,,,,,a,move_left,,3,1
2504,83467,,,,,,,,,,,,,,,,,,,,,,a,move_left,,12,1
2505,83500,,,,,,,,,,,,,,,,,,,,,,a,move_left,,12,0
2506,83533,,,,,,,,,,,,,,,,,,,,,,a,move_left,,1,0
2507,83567,,,,,,,,,,,,,,,,,,,,,,,,,1,0
2508,83600,,,,,,,,,,,,,,,,,,,,,,,,,1,0
2509,83633,,,,,,,,,,,,,,,,,,,,,,,,,0,-4
2510,83667,,,,,,,,,,,,,,,,,,,,,,,,,-2,-6
2511,83700,,,,,,,,,,,,,,,,,,,,,,,,,0,0
2512,83733,,,,,,,,,,,,,,,,,,,,,,,,,-1,0
2513,83767,,,,,,,,,,,,,,,,,,,,,,,,,-2,-2
2514,83800,,,,,,,,,,,,,,,,,,,,,,a,move_left,,0,-1
2515,83833,,,,,,,,,,,,,,,,,,,,,,a,move_left,,4,-3
2516,83867,,,,,,,,,,,,,,,,,,,,,,a,move_left,,0,0
2517,83900,,,,,,,,,,,,,,,,,,,,,,a,move_left,,1,-1
2518,83933,,,,,,,,,,,,,,,,,,,,,,a,move_left,,0,0
2519,83967,,,,,,,,,,,,,,,,,,,,,,a|w,move_up|move_left,,0,0
2520,84000,,,,,,,,,,,,,,,,,,,,,,a|w,move_up|move_left,,0,0
2521,84033,,,,,,,,,,,,,,,,,,,,,,w,move_up,,-1,0
2522,84067,,,,,,,,,,,,,,,,,,,,,,w,move_up,,-12,0
2523,84100,,,,,,,,,,,,,,,,,,,,,,w,move_up,,-55,12
2524,84133,,,,,,,,,,,,,,,,,,,,,,w,move_up,,-94,8
2525,84167,,,,,,,,,,,,,,,,,,,,,,w,move_up,,-111,2
2526,84200,,,,,,,,,,,,,,,,,,,,,,w,move_up,,-96,-5
2527,84233,,,,,,,,,,,,,,,,,,,,,,w,move_up,,-23,-3
2528,84267,,,,,,,,,,,,,,,,,,,,,,w,move_up,,-2,0
2529,84300,,,,,,,,,,,,,,,,,,,,,,w,move_up,,-2,0
2530,84333,,,,,,,,,,,,,,,,,,,,,,w,move_up,,-4,3
2531,84367,,,,,,,,,,,,,,,,,,,,,,w,move_up,,-9,7
2532,84400,,,,,,,,,,,,,,,,,,,,,,w,move_up,,-9,14
2533,84433,,,,,,,,,,,,,,,,,,,,,,w,move_up,,-4,8
2534,84467,,,,,,,,,,,,,,,,,,,,,,w,move_up,,0,1
2535,84500,,,,,,,,,,,,,,,,,,,,,,w,move_up,,0,0
2536,84533,,,,,,,,,,,,,,,,,,,,,,d|w,move_up|move_right,,0,0
2537,84567,,,,,,,,,,,,,,,,,,,,,,d|w,move_up|move_right,,0,0
2538,84600,,,,,,,,,,,,,,,,,,,,,,d|w,move_up|move_right,,0,0
2539,84633,,,,,,,,,,,,,,,,,,,,,,d|w,move_up|move_right,,0,0
2540,84667,,,,,,,,,,,,,,,,,,,,,,d|w,move_up|move_right,,-4,-2
2541,84700,,,,,,,,,,,,,,,,,,,,,,d|w,move_up|move_right,,-14,0
2542,84733,,,,,,,,,,,,,,,,,,,,,,d|w,move_up|move_right,,-14,7
2543,84767,,,,,,,,,,,,,,,,,,,,,,d|w,move_up|move_right,,-11,7
2544,84800,,,,,,,,,,,,,,,,,,,,,,d|w,move_up|move_right,,-17,6
2545,84833,,,,,,,,,,,,,,,,,,,,,,w,move_up,,-14,2
2546,84867,,,,,,,,,,,,,,,,,,,,,,w,move_up,,-19,3
2547,84900,,,,,,,,,,,,,,,,,,,,,,w,move_up,,-17,1
2548,84933,,,,,,,,,,,,,,,,,,,,,,w,move_up,,-24,2
2549,84967,,,,,,,,,,,,,,,,,,,,,,,,,-17,2
2550,85000,,,,,,,,,,,,,,,,,,,,,,,,,-8,1
2551,85033,,,,,,,,,,,,,,,,,,,,,,,,,0,0
2552,85067,,,,,,,,,,,,,,,,,,,,,,,,,-1,1
2553,85100,,,,,,,,,,,,,,,,,,,,,,,,,-3,0
2554,85133,,,,,,,,,,,,,,,,,,,,,,w,move_up,,-2,2
2555,85167,,,,,,,,,,,,,,,,,,,,,,w,move_up,,-5,1
2556,85200,,,,,,,,,,,,,,,,,,,,,,w,move_up,,-8,3
2557,85233,,,,,,,,,,,,,,,,,,,,,,w,move_up,,-9,3
2558,85267,,,,,,,,,,,,,,,,,,,,,,w,move_up,,-8,4
2559,85300,,,,,,,,,,,,,,,,,,,,,,w,move_up,,-4,3
2560,85333,,,,,,,,,,,,,,,,,,,,,,w,move_up,,-4,6
2561,85367,,,,,,,,,,,,,,,,,,,,,,w,move_up,,-4,6
2562,85400,,,,,,,,,,,,,,,,,,,,,,w,move_up,,-1,8
2563,85433,,,,,,,,,,,,,,,,,,,,,,w,move_up,,-1,5
2564,85467,,,,,,,,,,,,,,,,,,,,,,w,move_up,,-1,7
2565,85500,,,,,,,,,,,,,,,,,,,,,,w,move_up,,-1,2
2566,85533,,,,,,,,,,,,,,,,,,,,,,,,,0,1
2567,85567,,,,,,,,,,,,,,,,,,,,,,,,,0,0
2568,85600,,,,,,,,,,,,,,,,,,,,,,,,,0,0
2569,85633,,,,,,,,,,,,,,,,,,,,,,,,,0,0
2570,85667,,,,,,,,,,,,,,,,,,,,,,,,,0,0
2571,85700,,,,,,,,,,,,,,,,,,,,,,,,,0,0
2572,85733,,,,,,,,,,,,,,,,,,,,,,,,,0,0
2573,85767,,,,,,,,,,,,,,,,,,,,,,,,,0,0
2574,85800,,,,,,,,,,,,,,,,,,,,,,,,,0,0
2575,85833,,,,,,,,,,,,,,,,,,,,,,,,,0,0
2576,85867,,,,,,,,,,,,,,,,,,,,,,,,,0,0
2577,85900,,,,,,,,,,,,,,,,,,,,,,,,,0,0
2578,85933,,,,,,,,,,,,,,,,,,,,,,,,,0,0
2579,85967,,,,,,,,,,,,,,,,,,,,,,,,,0,0
2580,86000,,,,,,,,,,,,,,,,,,,,,,,,,0,0
2581,86033,,,,,,,,,,,,,,,,,,,,,,,,,0,0
2582,86067,,,,,,,,,,,,,,,,,,,,,,,,,0,0
2583,86100,,,,,,,,,,,,,,,,,,,,,,,,,0,0
2584,86133,,,,,,,,,,,,,,,,,,,,,,,,,0,0
2585,86167,,,,,,,,,,,,,,,,,,,,,,,,,0,0
2586,86200,,,,,,,,,,,,,,,,,,,,,,,,,0,0
2587,86233,,,,,,,,,,,,,,,,,,,,,,,,,0,0
2588,86267,,,,,,,,,,,,,,,,,,,,,,,,,0,0
2589,86300,,,,,,,,,,,,,,,,,,,,,,,,,0,0
2590,86333,,,,,,,,,,,,,,,,,,,,,,e,interact,,0,0
2591,86367,,,,,,,,,,,,,,,,,,,,,,e,interact,,0,0
2592,86400,,,,,,,,,,,,,,,,,,,,,,e,interact,,0,0
2593,86433,,,,,,,,,,,,,,,,,,,,,,e,interact,,0,0
2594,86467,,,,,,,,,,,,,,,,,,,,,,,,,0,0
2595,86500,,,,,,,,,,,,,,,,,,,,,,,,,0,0
2596,86533,,,,,,,,,,,,,,,,,,,,,,,,,0,0
2597,86567,,,,,,,,,,,,,,,,,,,,,,,,,0,0
2598,86600,,,,,,,,,,,,,,,,,,,,,,,,,0,0
2599,86633,,,,,,,,,,,,,,,,,,,,,,,,,0,0
2600,86667,,,,,,,,,,,,,,,,,,,,,,,,,0,0
2601,86700,,,,,,,,,,,,,,,,,,,,,,,,,0,0
2602,86733,,,,,,,,,,,,,,,,,,,,,,w,move_up,,0,0
2603,86767,,,,,,,,,,,,,,,,,,,,,,w,move_up,,4,4
2604,86800,,,,,,,,,,,,,,,,,,,,,,w,move_up,,9,10
2605,86833,,,,,,,,,,,,,,,,,,,,,,w,move_up,,2,4
2606,86867,,,,,,,,,,,,,,,,,,,,,,w,move_up,,0,3
2607,86900,,,,,,,,,,,,,,,,,,,,,,w,move_up,,0,3
2608,86933,,,,,,,,,,,,,,,,,,,,,,w,move_up,,-1,7
2609,86967,,,,,,,,,,,,,,,,,,,,,,,,,-1,5
2610,87000,,,,,,,,,,,,,,,,,,,,,,,,,0,2
2611,87033,,,,,,,,,,,,,,,,,,,,,,e,interact,,0,0
2612,87067,,,,,,,,,,,,,,,,,,,,,,e,interact,,0,0
2613,87100,,,,,,,,,,,,,,,,,,,,,,e,interact,,0,0
2614,87133,,,,,,,,,,,,,,,,,,,,,,e,interact,,0,0
2615,87167,,,,,,,,,,,,,,,,,,,,,,e,interact,,0,0
2616,87200,,,,,,,,,,,,,,,,,,,,,,,,,0,0
2617,87233,,,,,,,,,,,,,,,,,,,,,,,,,0,0
2618,87267,,,,,,,,,,,,,,,,,,,,,,,,,0,0
2619,87300,,,,,,,,,,,,,,,,,,,,,,w,move_up,,1,13
2620,87333,,,,,,,,,,,,,,,,,,,,,,w,move_up,,1,29
2621,87367,,,,,,,,,,,,,,,,,,,,,,w,move_up,,0,16
2622,87400,,,,,,,,,,,,,,,,,,,,,,w,move_up,,0,1
2623,87433,,,,,,,,,,,,,,,,,,,,,,w,move_up,,0,0
2624,87467,,,,,,,,,,,,,,,,,,,,,,w,move_up,,0,0
2625,87500,,,,,,,,,,,,,,,,,,,,,,w,move_up,,0,0
2626,87533,,,,,,,,,,,,,,,,,,,,,,,,,0,0
2627,87567,,,,,,,,,,,,,,,,,,,,,,,,,0,0
2628,87600,,,,,,,,,,,,,,,,,,,,,,e,interact,,0,0
2629,87633,,,,,,,,,,,,,,,,,,,,,,e,interact,,0,0
2630,87667,,,,,,,,,,,,,,,,,,,,,,e,interact,,0,0
2631,87700,,,,,,,,,,,,,,,,,,,,,,e,interact,,0,0
2632,87733,,,,,,,,,,,,,,,,,,,,,,,,,0,0
2633,87767,,,,,,,,,,,,,,,,,,,,,,,,,0,0
2634,87800,,,,,,,,,,,,,,,,,,,,,,,,,0,0
2635,87833,,,,,,,,,,,,,,,,,,,,,,,,,0,0
2636,87867,,,,,,,,,,,,,,,,,,,,,,,,,-6,2
2637,87900,,,,,,,,,,,,,,,,,,,,,,,,,0,0
2638,87933,,,,,,,,,,,,,,,,,,,,,,,,,-1,2
2639,87967,,,,,,,,,,,,,,,,,,,,,,,,,0,0
2640,88000,,,,,,,,,,,,,,,,,,,,,,,,,0,0
2641,88033,,,,,,,,,,,,,,,,,,,,,,,,,0,0
2642,88067,,,,,,,,,,,,,,,,,,,,,,,,,0,0
2643,88100,,,,,,,,,,,,,,,,,,,,,,,,,0,0
2644,88133,,,,,,,,,,,,,,,,,,,,,,,,,1,-1
2645,88167,,,,,,,,,,,,,,,,,,,,,,,,,2,-4
2646,88200,,,,,,,,,,,,,,,,,,,,,,,,,0,0
2647,88233,,,,,,,,,,,,,,,,,,,,,,,,,0,0
2648,88267,,,,,,,,,,,,,,,,,,,,,,,,,0,0
2649,88300,,,,,,,,,,,,,,,,,,,,,,,,,0,0
2650,88333,,,,,,,,,,,,,,,,,,,,,,,,,0,0
2651,88367,,,,,,,,,,,,,,,,,,,,,,,,,0,0
2652,88400,,,,,,,,,,,,,,,,,,,,,,,,,0,0
2653,88433,,,,,,,,,,,,,,,,,,,,,,,,,0,0
2654,88467,,,,,,,,,,,,,,,,,,,,,,,,,0,0
2655,88500,,,,,,,,,,,,,,,,,,,,,,,,,0,0
2656,88533,,,,,,,,,,,,,,,,,,,,,,,,,0,0
2657,88567,,,,,,,,,,,,,,,,,,,,,,,,,0,0
2658,88600,,,,,,,,,,,,,,,,,,,,,,,,,0,0
2659,88633,,,,,,,,,,,,,,,,,,,,,,,,,0,-1
2660,88667,,,,,,,,,,,,,,,,,,,,,,,,,-45,-31
2661,88700,,,,,,,,,,,,,,,,,,,,,,,,,-34,-30
2662,88733,,,,,,,,,,,,,,,,,,,,,,,,,-16,-14
2663,88767,,,,,,,,,,,,,,,,,,,,,,,,,-9,-8
2664,88800,,,,,,,,,,,,,,,,,,,,,,,,,-10,-7
2665,88833,,,,,,,,,,,,,,,,,,,,,,,,,-5,-5
2666,88867,,,,,,,,,,,,,,,,,,,,,,,,,0,-1
2667,88900,,,,,,,,,,,,,,,,,,,,,,,,,0,0
2668,88933,,,,,,,,,,,,,,,,,,,,,,,,,-5,-3
2669,88967,,,,,,,,,,,,,,,,,,,,,,w,move_up,,-22,-11
2670,89000,,,,,,,,,,,,,,,,,,,,,,w,move_up,,-44,-12
2671,89033,,,,,,,,,,,,,,,,,,,,,,w,move_up,,-49,-13
2672,89067,,,,,,,,,,,,,,,,,,,,,,w,move_up,,-28,-11
2673,89100,,,,,,,,,,,,,,,,,,,,,,w,move_up,,-5,-8
2674,89133,,,,,,,,,,,,,,,,,,,,,,,,,-7,1
2675,89167,,,,,,,,,,,,,,,,,,,,,,,,,0,0
2676,89200,,,,,,,,,,,,,,,,,,,,,,,,,-1,2
2677,89233,,,,,,,,,,,,,,,,,,,,,,,,,0,0
2678,89267,,,,,,,,,,,,,,,,,,,,,,,,,0,0
2679,89300,,,,,,,,,,,,,,,,,,,,,,,,,0,0
2680,89333,,,,,,,,,,,,,,,,,,,,,,,,,-15,-9
2681,89367,,,,,,,,,,,,,,,,,,,,,,,,,-172,0
2682,89400,,,,,,,,,,,,,,,,,,,,,,,,,-186,-6
2683,89433,,,,,,,,,,,,,,,,,,,,,,,,,-140,-15
2684,89467,,,,,,,,,,,,,,,,,,,,,,,,,-73,-16
2685,89500,,,,,,,,,,,,,,,,,,,,,,,,,-25,-10
2686,89533,,,,,,,,,,,,,,,,,,,,,,,,,-30,-2
2687,89567,,,,,,,,,,,,,,,,,,,,,,,,,-11,5
2688,89600,,,,,,,,,,,,,,,,,,,,,,,,,-1,1
2689,89633,,,,,,,,,,,,,,,,,,,,,,,,,0,0
2690,89667,,,,,,,,,,,,,,,,,,,,,,,,,0,0
2691,89700,,,,,,,,,,,,,,,,,,,,,,w,move_up,,0,0
2692,89733,,,,,,,,,,,,,,,,,,,,,,w,move_up,,0,0
2693,89767,,,,,,,,,,,,,,,,,,,,,,w,move_up,,-4,-4
2694,89800,,,,,,,,,,,,,,,,,,,,,,w,move_up,,-7,-1
2695,89833,,,,,,,,,,,,,,,,,,,,,,w,move_up,,-4,1
2696,89867,,,,,,,,,,,,,,,,,,,,,,w,move_up,,0,3
2697,89900,,,,,,,,,,,,,,,,,,,,,,w,move_up,,-2,1
2698,89933,,,,,,,,,,,,,,,,,,,,,,w,move_up,,-1,0
2699,89967,,,,,,,,,,,,,,,,,,,,,,w,move_up,,0,0
2700,90000,,,,,,,,,,,,,,,,,,,,,,w,move_up,,0,0
2701,90033,,,,,,,,,,,,,,,,,,,,,,w,move_up,,0,0
2702,90067,,,,,,,,,,,,,,,,,,,,,,w,move_up,,-2,0
2703,90100,,,,,,,,,,,,,,,,,,,,,,w,move_up,,-16,-3
2704,90133,,,,,,,,,,,,,,,,,,,,,,w,move_up,,-6,1
2705,90167,,,,,,,,,,,,,,,,,,,,,,w,move_up,,-3,0
2706,90200,,,,,,,,,,,,,,,,,,,,,,w,move_up,,-1,0
2707,90233,,,,,,,,,,,,,,,,,,,,,,w,move_up,,-1,1
2708,90267,,,,,,,,,,,,,,,,,,,,,,w,move_up,,0,0
2709,90300,,,,,,,,,,,,,,,,,,,,,,w,move_up,,0,0
2710,90333,,,,,,,,,,,,,,,,,,,,,,w,move_up,,0,0
2711,90367,,,,,,,,,,,,,,,,,,,,,,w,move_up,,0,0
2712,90400,,,,,,,,,,,,,,,,,,,,,,w,move_up,,0,0
2713,90433,,,,,,,,,,,,,,,,,,,,,,w,move_up,,18,2
2714,90467,,,,,,,,,,,,,,,,,,,,,,w,move_up,,45,2
2715,90500,,,,,,,,,,,,,,,,,,,,,,w,move_up,,53,1
2716,90533,,,,,,,,,,,,,,,,,,,,,,w,move_up,,39,2
2717,90567,,,,,,,,,,,,,,,,,,,,,,a|w,move_up|move_left,,10,0
2718,90600,,,,,,,,,,,,,,,,,,,,,,a|w,move_up|move_left,,0,0
2719,90633,,,,,,,,,,,,,,,,,,,,,,a|w,move_up|move_left,,3,0
2720,90667,,,,,,,,,,,,,,,,,,,,,,a|w,move_up|move_left,,3,0
2721,90700,,,,,,,,,,,,,,,,,,,,,,a|w,move_up|move_left,,0,0
2722,90733,,,,,,,,,,,,,,,,,,,,,,a|w,move_up|move_left,,1,-1
2723,90767,,,,,,,,,,,,,,,,,,,,,,a|w,move_up|move_left,,-1,0
2724,90800,,,,,,,,,,,,,,,,,,,,,,a|w,move_up|move_left,,-11,-2
2725,90833,,,,,,,,,,,,,,,,,,,,,,w,move_up,,-27,-4
2726,90867,,,,,,,,,,,,,,,,,,,,,,w,move_up,,-37,-3
2727,90900,,,,,,,,,,,,,,,,,,,,,,w,move_up,,-28,0
2728,90933,,,,,,,,,,,,,,,,,,,,,,w,move_up,,-2,0
2729,90967,,,,,,,,,,,,,,,,,,,,,,w,move_up,,0,0
2730,91000,,,,,,,,,,,,,,,,,,,,,,w,move_up,,0,0
2731,91033,,,,,,,,,,,,,,,,,,,,,,w,move_up,,0,0
2732,91067,,,,,,,,,,,,,,,,,,,,,,w,move_up,,0,0
2733,91100,,,,,,,,,,,,,,,,,,,,,,w,move_up,,0,0
2734,91133,,,,,,,,,,,,,,,,,,,,,,w,move_up,,0,0
2735,91167,,,,,,,,,,,,,,,,,,,,,,w,move_up,,0,0
2736,91200,,,,,,,,,,,,,,,,,,,,,,w,move_up,,0,0
2737,91233,,,,,,,,,,,,,,,,,,,,,,w,move_up,,-9,0
2738,91267,,,,,,,,,,,,,,,,,,,,,,a|w,move_up|move_left,,-19,0
2739,91300,,,,,,,,,,,,,,,,,,,,,,a|w,move_up|move_left,,-17,-1
2740,91333,,,,,,,,,,,,,,,,,,,,,,a|w,move_up|move_left,,-7,0
2741,91367,,,,,,,,,,,,,,,,,,,,,,w,move_up,,-2,0
2742,91400,,,,,,,,,,,,,,,,,,,,,,w,move_up,,-3,0
2743,91433,,,,,,,,,,,,,,,,,,,,,,w,move_up,,-1,0
2744,91467,,,,,,,,,,,,,,,,,,,,,,w,move_up,,-3,-1
2745,91500,,,,,,,,,,,,,,,,,,,,,,w,move_up,,-2,0
2746,91533,,,,,,,,,,,,,,,,,,,,,,w,move_up,,0,0
2747,91567,,,,,,,,,,,,,,,,,,,,,,d|w,move_up|move_right,,-1,0
2748,91600,,,,,,,,,,,,,,,,,,,,,,d|w,move_up|move_right,,0,0
2749,91633,,,,,,,,,,,,,,,,,,,,,,d|w,move_up|move_right,,0,1
2750,91667,,,,,,,,,,,,,,,,,,,,,,d|w,move_up|move_right,,4,0
2751,91700,,,,,,,,,,,,,,,,,,,,,,d|w,move_up|move_right,,5,-1
2752,91733,,,,,,,,,,,,,,,,,,,,,,w,move_up,,2,0
2753,91767,,,,,,,,,,,,,,,,,,,,,,w,move_up,,2,-1
2754,91800,,,,,,,,,,,,,,,,,,,,,,w,move_up,,0,0
2755,91833,,,,,,,,,,,,,,,,,,,,,,w,move_up,,0,0
2756,91867,,,,,,,,,,,,,,,,,,,,,,w,move_up,,0,0
2757,91900,,,,,,,,,,,,,,,,,,,,,,w,move_up,,0,0
2758,91933,,,,,,,,,,,,,,,,,,,,,,w,move_up,,0,0
2759,91967,,,,,,,,,,,,,,,,,,,,,,w,move_up,,0,0
2760,92000,,,,,,,,,,,,,,,,,,,,,,w,move_up,,0,0
2761,92033,,,,,,,,,,,,,,,,,,,,,,w,move_up,,0,0
2762,92067,,,,,,,,,,,,,,,,,,,,,,w,move_up,,0,0
2763,92100,,,,,,,,,,,,,,,,,,,,,,w,move_up,,0,0
2764,92133,,,,,,,,,,,,,,,,,,,,,,w,move_up,,0,0
2765,92167,,,,,,,,,,,,,,,,,,,,,,w,move_up,,0,0
2766,92200,,,,,,,,,,,,,,,,,,,,,,w,move_up,,0,0
2767,92233,,,,,,,,,,,,,,,,,,,,,,w,move_up,,0,0
2768,92267,,,,,,,,,,,,,,,,,,,,,,w,move_up,,0,-1
2769,92300,,,,,,,,,,,,,,,,,,,,,,w,move_up,,0,0
2770,92333,,,,,,,,,,,,,,,,,,,,,,w,move_up,,0,0
2771,92367,,,,,,,,,,,,,,,,,,,,,,w,move_up,,0,0
2772,92400,,,,,,,,,,,,,,,,,,,,,,w,move_up,,0,0
2773,92433,,,,,,,,,,,,,,,,,,,,,,w,move_up,,0,0
2774,92467,,,,,,,,,,,,,,,,,,,,,,a|w,move_up|move_left,,0,0
2775,92500,,,,,,,,,,,,,,,,,,,,,,a|w,move_up|move_left,,-4,0
2776,92533,,,,,,,,,,,,,,,,,,,,,,a|w,move_up|move_left,,0,1
2777,92567,,,,,,,,,,,,,,,,,,,,,,a|w,move_up|move_left,,6,1
2778,92600,,,,,,,,,,,,,,,,,,,,,,w,move_up,,6,3
2779,92633,,,,,,,,,,,,,,,,,,,,,,w,move_up,,0,0
2780,92667,,,,,,,,,,,,,,,,,,,,,,w,move_up,,0,1
2781,92700,,,,,,,,,,,,,,,,,,,,,,w,move_up,,0,0
2782,92733,,,,,,,,,,,,,,,,,,,,,,w,move_up,,0,0
2783,92767,,,,,,,,,,,,,,,,,,,,,,w,move_up,,-5,0
2784,92800,,,,,,,,,,,,,,,,,,,,,,w,move_up,,-14,0
2785,92833,,,,,,,,,,,,,,,,,,,,,,d|w,move_up|move_right,,-19,0
2786,92867,,,,,,,,,,,,,,,,,,,,,,d|w,move_up|move_right,,-20,4
2787,92900,,,,,,,,,,,,,,,,,,,,,,d|w,move_up|move_right,,-5,2
2788,92933,,,,,,,,,,,,,,,,,,,,,,d|w,move_up|move_right,,0,0
2789,92967,,,,,,,,,,,,,,,,,,,,,,d|w,move_up|move_right,,0,0
2790,93000,,,,,,,,,,,,,,,,,,,,,,w,move_up,,0,0
2791,93033,,,,,,,,,,,,,,,,,,,,,,w,move_up,,0,0
2792,93067,,,,,,,,,,,,,,,,,,,,,,,,,0,0
2793,93100,,,,,,,,,,,,,,,,,,,,,,,,,0,0
2794,93133,,,,,,,,,,,,,,,,,,,,,,,,,0,0
2795,93167,,,,,,,,,,,,,,,,,,,,,,,,,0,0
2796,93200,,,,,,,,,,,,,,,,,,,,,,,,,0,0
2797,93233,,,,,,,,,,,,,,,,,,,,,,,,,0,0
2798,93267,,,,,,,,,,,,,,,,,,,,,,,,,0,0
2799,93300,,,,,,,,,,,,,,,,,,,,,,,,,0,0
2800,93333,,,,,,,,,,,,,,,,,,,,,,,,,0,0
2801,93367,,,,,,,,,,,,,,,,,,,,,,,,,0,0
2802,93400,,,,,,,,,,,,,,,,,,,,,,,,,0,0
2803,93433,,,,,,,,,,,,,,,,,,,,,,,,,0,0
2804,93467,,,,,,,,,,,,,,,,,,,,,,,,,0,0
2805,93500,,,,,,,,,,,,,,,,,,,,,,,,,0,0
2806,93533,,,,,,,,,,,,,,,,,,,,,,,,,0,0
2807,93567,,,,,,,,,,,,,,,,,,,,,,,,,0,0
2808,93600,,,,,,,,,,,,,,,,,,,,,,,,,0,0
2809,93633,,,,,,,,,,,,,,,,,,,,,,,,,0,0
2810,93667,,,,,,,,,,,,,,,,,,,,,,,,,0,0
2811,93700,,,,,,,,,,,,,,,,,,,,,,,,,0,0
2812,93733,,,,,,,,,,,,,,,,,,,,,,,,,0,0
2813,93767,,,,,,,,,,,,,,,,,,,,,,,,,0,0
2814,93800,,,,,,,,,,,,,,,,,,,,,,,,,0,0
2815,93833,,,,,,,,,,,,,,,,,,,,,,,,,0,0
2816,93867,,,,,,,,,,,,,,,,,,,,,,,,,0,0
2817,93900,,,,,,,,,,,,,,,,,,,,,,,,,0,0
2818,93933,,,,,,,,,,,,,,,,,,,,,,,,,0,0
2819,93967,,,,,,,,,,,,,,,,,,,,,,,,,0,0
2820,94000,,,,,,,,,,,,,,,,,,,,,,,,,0,0
2821,94033,,,,,,,,,,,,,,,,,,,,,,,,,0,0
2822,94067,,,,,,,,,,,,,,,,,,,,,,,,,0,0
2823,94100,,,,,,,,,,,,,,,,,,,,,,,,,0,0
2824,94133,,,,,,,,,,,,,,,,,,,,,,,,,0,0
2825,94167,,,,,,,,,,,,,,,,,,,,,,,,,0,0
2826,94200,,,,,,,,,,,,,,,,,,,,,,,,,0,0
2827,94233,,,,,,,,,,,,,,,,,,,,,,,,,0,0
2828,94267,,,,,,,,,,,,,,,,,,,,,,,,,0,0
2829,94300,,,,,,,,,,,,,,,,,,,,,,,,,0,0
2830,94333,,,,,,,,,,,,,,,,,,,,,,,,,0,0
2831,94367,,,,,,,,,,,,,,,,,,,,,,,,,0,0
2832,94400,,,,,,,,,,,,,,,,,,,,,,,,,0,0
2833,94433,,,,,,,,,,,,,,,,,,,,,,,,,0,0
2834,94467,,,,,,,,,,,,,,,,,,,,,,,,,0,0
2835,94500,,,,,,,,,,,,,,,,,,,,,,,,,0,0
2836,94533,,,,,,,,,,,,,,,,,,,,,,,,,0,0
2837,94567,,,,,,,,,,,,,,,,,,,,,,,,,0,0
2838,94600,,,,,,,,,,,,,,,,,,,,,,,,,0,0
2839,94633,,,,,,,,,,,,,,,,,,,,,,,,,0,0
2840,94667,,,,,,,,,,,,,,,,,,,,,,,,,0,0
2841,94700,,,,,,,,,,,,,,,,,,,,,,,,,0,0
2842,94733,,,,,,,,,,,,,,,,,,,,,,,,,0,0
2843,94767,,,,,,,,,,,,,,,,,,,,,,,,,0,0
2844,94800,,,,,,,,,,,,,,,,,,,,,,,,,0,0
2845,94833,,,,,,,,,,,,,,,,,,,,,,,,,0,0
2846,94867,,,,,,,,,,,,,,,,,,,,,,,,,0,0
2847,94900,,,,,,,,,,,,,,,,,,,,,,,,,0,0
2848,94933,,,,,,,,,,,,,,,,,,,,,,,,,0,0
2849,94967,,,,,,,,,,,,,,,,,,,,,,,,,0,0
2850,95000,,,,,,,,,,,,,,,,,,,,,,,,,0,0
2851,95033,,,,,,,,,,,,,,,,,,,,,,w,move_up,,0,0
2852,95067,,,,,,,,,,,,,,,,,,,,,,w,move_up,,-15,0
2853,95100,,,,,,,,,,,,,,,,,,,,,,w,move_up,,-36,-13
2854,95133,,,,,,,,,,,,,,,,,,,,,,w,move_up,,-13,-6
2855,95167,,,,,,,,,,,,,,,,,,,,,,d|w,move_up|move_right,,-5,0
2856,95200,,,,,,,,,,,,,,,,,,,,,,d|w,move_up|move_right,,-15,1
2857,95233,,,,,,,,,,,,,,,,,,,,,,d|w,move_up|move_right,,-14,2
2858,95267,,,,,,,,,,,,,,,,,,,,,,d|w,move_up|move_right,,-26,2
2859,95300,,,,,,,,,,,,,,,,,,,,,,d|w,move_up|move_right,,-20,-4
2860,95333,,,,,,,,,,,,,,,,,,,,,,d|w,move_up|move_right,,-47,-6
2861,95367,,,,,,,,,,,,,,,,,,,,,,d|w,move_up|move_right,,-54,0
2862,95400,,,,,,,,,,,,,,,,,,,,,,d,move_right,,-59,4
2863,95433,,,,,,,,,,,,,,,,,,,,,,d,move_right,,-64,7
2864,95467,,,,,,,,,,,,,,,,,,,,,,,,,-18,1
2865,95500,,,,,,,,,,,,,,,,,,,,,,,,,-2,0
2866,95533,,,,,,,,,,,,,,,,,,,,,,,,,0,0
2867,95567,,,,,,,,,,,,,,,,,,,,,,,,,0,0
2868,95600,,,,,,,,,,,,,,,,,,,,,,,,,0,0
2869,95633,,,,,,,,,,,,,,,,,,,,,,,,,0,0
2870,95667,,,,,,,,,,,,,,,,,,,,,,,,,0,0
2871,95700,,,,,,,,,,,,,,,,,,,,,,d,move_right,,0,0
2872,95733,,,,,,,,,,,,,,,,,,,,,,d,move_right,,0,0
2873,95767,,,,,,,,,,,,,,,,,,,,,,d|w,move_up|move_right,,0,0
2874,95800,,,,,,,,,,,,,,,,,,,,,,d|w,move_up|move_right,,1,0
2875,95833,,,,,,,,,,,,,,,,,,,,,,d|w,move_up|move_right,,17,1
2876,95867,,,,,,,,,,,,,,,,,,,,,,w,move_up,,0,0
2877,95900,,,,,,,,,,,,,,,,,,,,,,w,move_up,,0,0
2878,95933,,,,,,,,,,,,,,,,,,,,,,w,move_up,,1,0
2879,95967,,,,,,,,,,,,,,,,,,,,,,w,move_up,,4,1
2880,96000,,,,,,,,,,,,,,,,,,,,,,w,move_up,,2,0
2881,96033,,,,,,,,,,,,,,,,,,,,,,w,move_up,,6,2
2882,96067,,,,,,,,,,,,,,,,,,,,,,w,move_up,,2,1
2883,96100,,,,,,,,,,,,,,,,,,,,,,w,move_up,,0,0
2884,96133,,,,,,,,,,,,,,,,,,,,,,w,move_up,,0,0
2885,96167,,,,,,,,,,,,,,,,,,,,,,w,move_up,,0,0
2886,96200,,,,,,,,,,,,,,,,,,,,,,w,move_up,,0,0
2887,96233,,,,,,,,,,,,,,,,,,,,,,w,move_up,,0,0
2888,96267,,,,,,,,,,,,,,,,,,,,,,w,move_up,,0,0
2889,96300,,,,,,,,,,,,,,,,,,,,,,w,move_up,,0,0
2890,96333,,,,,,,,,,,,,,,,,,,,,,,,,0,0
2891,96367,,,,,,,,,,,,,,,,,,,,,,,,,0,0
2892,96400,,,,,,,,,,,,,,,,,,,,,,,,,0,0
2893,96433,,,,,,,,,,,,,,,,,,,,,,w,move_up,,0,0
2894,96467,,,,,,,,,,,,,,,,,,,,,,w,move_up,,0,0
2895,96500,,,,,,,,,,,,,,,,,,,,,,w,move_up,,0,0
2896,96533,,,,,,,,,,,,,,,,,,,,,,w,move_up,,0,0
2897,96567,,,,,,,,,,,,,,,,,,,,,,w,move_up,,0,0
2898,96600,,,,,,,,,,,,,,,,,,,,,,w,move_up,,0,0
2899,96633,,,,,,,,,,,,,,,,,,,,,,w,move_up,,0,0
2900,96667,,,,,,,,,,,,,,,,,,,,,,w,move_up,,0,0
2901,96700,,,,,,,,,,,,,,,,,,,,,,w,move_up,,0,0
2902,96733,,,,,,,,,,,,,,,,,,,,,,w,move_up,,0,0
2903,96767,,,,,,,,,,,,,,,,,,,,,,w,move_up,,0,0
2904,96800,,,,,,,,,,,,,,,,,,,,,,w,move_up,,0,0
2905,96833,,,,,,,,,,,,,,,,,,,,,,w,move_up,,0,0
2906,96867,,,,,,,,,,,,,,,,,,,,,,w,move_up,,0,0
2907,96900,,,,,,,,,,,,,,,,,,,,,,w,move_up,,0,0
2908,96933,,,,,,,,,,,,,,,,,,,,,,d|w,move_up|move_right,,0,0
2909,96967,,,,,,,,,,,,,,,,,,,,,,d|w,move_up|move_right,,0,0
2910,97000,,,,,,,,,,,,,,,,,,,,,,d|w,move_up|move_right,,0,0
2911,97033,,,,,,,,,,,,,,,,,,,,,,d|w,move_up|move_right,,0,0
2912,97067,,,,,,,,,,,,,,,,,,,,,,d|w,move_up|move_right,,0,0
2913,97100,,,,,,,,,,,,,,,,,,,,,,w,move_up,,0,0
2914,97133,,,,,,,,,,,,,,,,,,,,,,w,move_up,,0,0
2915,97167,,,,,,,,,,,,,,,,,,,,,,w,move_up,,0,0
2916,97200,,,,,,,,,,,,,,,,,,,,,,w,move_up,,0,0
2917,97233,,,,,,,,,,,,,,,,,,,,,,w,move_up,,0,0
2918,97267,,,,,,,,,,,,,,,,,,,,,,w,move_up,,0,0
2919,97300,,,,,,,,,,,,,,,,,,,,,,w,move_up,,0,0
2920,97333,,,,,,,,,,,,,,,,,,,,,,w,move_up,,0,0
2921,97367,,,,,,,,,,,,,,,,,,,,,,w,move_up,,0,0
2922,97400,,,,,,,,,,,,,,,,,,,,,,,,,0,0
2923,97433,,,,,,,,,,,,,,,,,,,,,,,,,0,0
2924,97467,,,,,,,,,,,,,,,,,,,,,,,,,0,0
2925,97500,,,,,,,,,,,,,,,,,,,,,,,,,0,0
2926,97533,,,,,,,,,,,,,,,,,,,,,,,,,0,0
2927,97567,,,,,,,,,,,,,,,,,,,,,,,,,0,0
2928,97600,,,,,,,,,,,,,,,,,,,,,,,,,0,0
2929,97633,,,,,,,,,,,,,,,,,,,,,,,,,0,0
2930,97667,,,,,,,,,,,,,,,,,,,,,,,,,0,0
2931,97700,,,,,,,,,,,,,,,,,,,,,,,,,0,0
2932,97733,,,,,,,,,,,,,,,,,,,,,,,,,0,0
2933,97767,,,,,,,,,,,,,,,,,,,,,,,,,0,0
2934,97800,,,,,,,,,,,,,,,,,,,,,,,,,0,0
2935,97833,,,,,,,,,,,,,,,,,,,,,,,,,0,0
2936,97867,,,,,,,,,,,,,,,,,,,,,,,,,0,0
2937,97900,,,,,,,,,,,,,,,,,,,,,,,,,0,0
2938,97933,,,,,,,,,,,,,,,,,,,,,,,,,0,0
2939,97967,,,,,,,,,,,,,,,,,,,,,,,,,0,0
2940,98000,,,,,,,,,,,,,,,,,,,,,,,,,0,0
2941,98033,,,,,,,,,,,,,,,,,,,,,,,,,0,0
2942,98067,,,,,,,,,,,,,,,,,,,,,,,,,0,0
2943,98100,,,,,,,,,,,,,,,,,,,,,,,,,0,0
2944,98133,,,,,,,,,,,,,,,,,,,,,,,,,0,0
2945,98167,,,,,,,,,,,,,,,,,,,,,,,,,0,0
2946,98200,,,,,,,,,,,,,,,,,,,,,,,,,0,0
2947,98233,,,,,,,,,,,,,,,,,,,,,,,,,0,0
2948,98267,,,,,,,,,,,,,,,,,,,,,,,,,0,0
2949,98300,,,,,,,,,,,,,,,,,,,,,,,,,0,0
2950,98333,,,,,,,,,,,,,,,,,,,,,,w,move_up,,0,1
2951,98367,,,,,,,,,,,,,,,,,,,,,,w,move_up,,0,0
2952,98400,,,,,,,,,,,,,,,,,,,,,,w,move_up,,0,0
2953,98433,,,,,,,,,,,,,,,,,,,,,,w,move_up,,0,0
2954,98467,,,,,,,,,,,,,,,,,,,,,,w,move_up,,0,0
2955,98500,,,,,,,,,,,,,,,,,,,,,,w,move_up,,0,0
2956,98533,,,,,,,,,,,,,,,,,,,,,,w,move_up,,0,0
2957,98567,,,,,,,,,,,,,,,,,,,,,,w,move_up,,29,-3
2958,98600,,,,,,,,,,,,,,,,,,,,,,w,move_up,,119,-5
2959,98633,,,,,,,,,,,,,,,,,,,,,,a|w,move_up|move_left,,150,20
2960,98667,,,,,,,,,,,,,,,,,,,,,,a|w,move_up|move_left,,154,21
2961,98700,,,,,,,,,,,,,,,,,,,,,,a|w,move_up|move_left,,71,3
2962,98733,,,,,,,,,,,,,,,,,,,,,,a|w,move_up|move_left,,19,-2
2963,98767,,,,,,,,,,,,,,,,,,,,,,a|w,move_up|move_left,,0,0
2964,98800,,,,,,,,,,,,,,,,,,,,,,a|w,move_up|move_left,,2,0
2965,98833,,,,,,,,,,,,,,,,,,,,,,a|w,move_up|move_left,,0,0
2966,98867,,,,,,,,,,,,,,,,,,,,,,a|w,move_up|move_left,,0,0
2967,98900,,,,,,,,,,,,,,,,,,,,,,a|w,move_up|move_left,,0,0
2968,98933,,,,,,,,,,,,,,,,,,,,,,a|w,move_up|move_left,,-1,0
2969,98967,,,,,,,,,,,,,,,,,,,,,,a|w,move_up|move_left,,-77,-4
2970,99000,,,,,,,,,,,,,,,,,,,,,,a|w,move_up|move_left,,-70,-14
2971,99033,,,,,,,,,,,,,,,,,,,,,,a,move_left,,-82,-14
2972,99067,,,,,,,,,,,,,,,,,,,,,,a,move_left,,-23,-4
2973,99100,,,,,,,,,,,,,,,,,,,,,,,,,-5,-2
2974,99133,,,,,,,,,,,,,,,,,,,,,,,,,0,-1
2975,99167,,,,,,,,,,,,,,,,,,,,,,,,,0,0
2976,99200,,,,,,,,,,,,,,,,,,,,,,,,,0,0
2977,99233,,,,,,,,,,,,,,,,,,,,,,,,,-1,0
2978,99267,,,,,,,,,,,,,,,,,,,,,,,,,-9,1
2979,99300,,,,,,,,,,,,,,,,,,,,,,a,move_left,,-8,2
2980,99333,,,,,,,,,,,,,,,,,,,,,,a,move_left,,0,0
2981,99367,,,,,,,,,,,,,,,,,,,,,,a|w,move_up|move_left,,-1,0
2982,99400,,,,,,,,,,,,,,,,,,,,,,a|w,move_up|move_left,,18,0
2983,99433,,,,,,,,,,,,,,,,,,,,,,a|w,move_up|move_left,,46,-2
2984,99467,,,,,,,,,,,,,,,,,,,,,,a|w,move_up|move_left,,54,-4
2985,99500,,,,,,,,,,,,,,,,,,,,,,a|w,move_up|move_left,,16,-3
2986,99533,,,,,,,,,,,,,,,,,,,,,,a|w,move_up|move_left,,0,0
2987,99567,,,,,,,,,,,,,,,,,,,,,,w,move_up,,1,0
2988,99600,,,,,,,,,,,,,,,,,,,,,,w,move_up,,0,0
2989,99633,,,,,,,,,,,,,,,,,,,,,,,,,0,-1
2990,99667,,,,,,,,,,,,,,,,,,,,,,,,,0,0
2991,99700,,,,,,,,,,,,,,,,,,,,,,,,,0,0
2992,99733,,,,,,,,,,,,,,,,,,,,,,,,,0,0
2993,99767,,,,,,,,,,,,,,,,,,,,,,w,move_up,,0,0
2994,99800,,,,,,,,,,,,,,,,,,,,,,w,move_up,,0,0
2995,99833,,,,,,,,,,,,,,,,,,,,,,w,move_up,,0,0
2996,99867,,,,,,,,,,,,,,,,,,,,,,a|w,move_up|move_left,,0,0
2997,99900,,,,,,,,,,,,,,,,,,,,,,a|w,move_up|move_left,,0,0
2998,99933,,,,,,,,,,,,,,,,,,,,,,a|w,move_up|move_left,,9,8
2999,99967,,,,,,,,,,,,,,,,,,,,,,w,move_up,,9,36
3000,100000,,,,,,,,,,,,,,,,,,,,,,w,move_up,,5,50
3001,100033,,,,,,,,,,,,,,,,,,,,,,w,move_up,,23,8
3002,100067,,,,,,,,,,,,,,,,,,,,,,w,move_up,,2,1
3003,100100,,,,,,,,,,,,,,,,,,,,,,w,move_up,,0,0
3004,100133,,,,,,,,,,,,,,,,,,,,,,w,move_up,,0,-1
3005,100167,,,,,,,,,,,,,,,,,,,,,,w,move_up,,-25,-20
3006,100200,,,,,,,,,,,,,,,,,,,,,,w,move_up,,-17,-9
3007,100233,,,,,,,,,,,,,,,,,,,,,,w,move_up,,-6,-5
3008,100267,,,,,,,,,,,,,,,,,,,,,,w,move_up,,-1,-4
3009,100300,,,,,,,,,,,,,,,,,,,,,,w,move_up,,-1,-6
3010,100333,,,,,,,,,,,,,,,,,,,,,,d|w,move_up|move_right,,0,0
3011,100367,,,,,,,,,,,,,,,,,,,,,,d|w,move_up|move_right,,0,-1
3012,100400,,,,,,,,,,,,,,,,,,,,,,d|w,move_up|move_right,,0,0
3013,100433,,,,,,,,,,,,,,,,,,,,,,d|w,move_up|move_right,,0,0
3014,100467,,,,,,,,,,,,,,,,,,,,,,d|w,move_up|move_right,,0,-4
3015,100500,,,,,,,,,,,,,,,,,,,,,,d|w,move_up|move_right,,-1,-9
3016,100533,,,,,,,,,,,,,,,,,,,,,,d|w,move_up|move_right,,-4,-9
3017,100567,,,,,,,,,,,,,,,,,,,,,,d|w,move_up|move_right,,-10,-7
3018,100600,,,,,,,,,,,,,,,,,,,,,,d|w,move_up|move_right,,-6,-2
3019,100633,,,,,,,,,,,,,,,,,,,,,,w,move_up,,-5,-2
3020,100667,,,,,,,,,,,,,,,,,,,,,,w,move_up,,-2,-1
3021,100700,,,,,,,,,,,,,,,,,,,,,,w,move_up,,0,0
3022,100733,,,,,,,,,,,,,,,,,,,,,,w,move_up,,0,0
3023,100767,,,,,,,,,,,,,,,,,,,,,,d|w,move_up|move_right,,0,0
3024,100800,,,,,,,,,,,,,,,,,,,,,,d|w,move_up|move_right,,0,0
3025,100833,,,,,,,,,,,,,,,,,,,,,,d|w,move_up|move_right,,0,0
3026,100867,,,,,,,,,,,,,,,,,,,,,,d|w,move_up|move_right,,0,0
3027,100900,,,,,,,,,,,,,,,,,,,,,,d|w,move_up|move_right,,0,0
3028,100933,,,,,,,,,,,,,,,,,,,,,,d|w,move_up|move_right,,-4,-1
3029,100967,,,,,,,,,,,,,,,,,,,,,,d|w,move_up|move_right,,-3,0
3030,101000,,,,,,,,,,,,,,,,,,,,,,d|w,move_up|move_right,,-3,-4
3031,101033,,,,,,,,,,,,,,,,,,,,,,d|w,move_up|move_right,,-1,-1
3032,101067,,,,,,,,,,,,,,,,,,,,,,w,move_up,,0,0
3033,101100,,,,,,,,,,,,,,,,,,,,,,w,move_up,,0,0
3034,101133,,,,,,,,,,,,,,,,,,,,,,w,move_up,,0,0
3035,101167,,,,,,,,,,,,,,,,,,,,,,w,move_up,,0,0
3036,101200,,,,,,,,,,,,,,,,,,,,,,w,move_up,,0,0
3037,101233,,,,,,,,,,,,,,,,,,,,,,w,move_up,,37,-4
3038,101267,,,,,,,,,,,,,,,,,,,,,,w,move_up,,90,-3
3039,101300,,,,,,,,,,,,,,,,,,,,,,a|w,move_up|move_left,,59,-4
3040,101333,,,,,,,,,,,,,,,,,,,,,,a|w,move_up|move_left,,8,0
3041,101367,,,,,,,,,,,,,,,,,,,,,,a|w,move_up|move_left,,-1,0
3042,101400,,,,,,,,,,,,,,,,,,,,,,a|w,move_up|move_left,,-27,-2
3043,101433,,,,,,,,,,,,,,,,,,,,,,a|w,move_up|move_left,,-38,0
3044,101467,,,,,,,,,,,,,,,,,,,,,,w,move_up,,-39,0
3045,101500,,,,,,,,,,,,,,,,,,,,,,w,move_up,,-28,0
3046,101533,,,,,,,,,,,,,,,,,,,,,,w,move_up,,-7,0
3047,101567,,,,,,,,,,,,,,,,,,,,,,,,,0,0
3048,101600,,,,,,,,,,,,,,,,,,,,,,,,,0,0
3049,101633,,,,,,,,,,,,,,,,,,,,,,,,,-7,0
3050,101667,,,,,,,,,,,,,,,,,,,,,,d,move_right,,-13,0
3051,101700,,,,,,,,,,,,,,,,,,,,,,d|w,move_up|move_right,,-15,0
3052,101733,,,,,,,,,,,,,,,,,,,,,,d|w,move_up|move_right,,-12,0
3053,101767,,,,,,,,,,,,,,,,,,,,,,d|w,move_up|move_right,,-2,0
3054,101800,,,,,,,,,,,,,,,,,,,,,,d|w,move_up|move_right,,0,0
3055,101833,,,,,,,,,,,,,,,,,,,,,,d|w,move_up|move_right,,0,0
3056,101867,,,,,,,,,,,,,,,,,,,,,,w,move_up,,0,0
3057,101900,,,,,,,,,,,,,,,,,,,,,,w,move_up,,0,0
3058,101933,,,,,,,,,,,,,,,,,,,,,,,,,18,1
3059,101967,,,,,,,,,,,,,,,,,,,,,,,,,110,3
3060,102000,,,,,,,,,,,,,,,,,,,,,,a,move_left,,114,0
3061,102033,,,,,,,,,,,,,,,,,,,,,,a,move_left,,54,2
3062,102067,,,,,,,,,,,,,,,,,,,,,,a,move_left,,14,1
3063,102100,,,,,,,,,,,,,,,,,,,,,,a,move_left,,0,0
3064,102133,,,,,,,,,,,,,,,,,,,,,,a,move_left,,1,0
3065,102167,,,,,,,,,,,,,,,,,,,,,,a,move_left,,0,0
3066,102200,,,,,,,,,,,,,,,,,,,,,,a,move_left,,0,0
3067,102233,,,,,,,,,,,,,,,,,,,,,,a,move_left,,3,0
3068,102267,,,,,,,,,,,,,,,,,,,,,,a,move_left,,19,0
3069,102300,,,,,,,,,,,,,,,,,,,,,,,,,36,-3
3070,102333,,,,,,,,,,,,,,,,,,,,,,,,,30,-9
3071,102367,,,,,,,,,,,,,,,,,,,,,,,,,8,-4
3072,102400,,,,,,,,,,,,,,,,,,,,,,w,move_up,,0,0
3073,102433,,,,,,,,,,,,,,,,,,,,,,w,move_up,,0,-1
3074,102467,,,,,,,,,,,,,,,,,,,,,,a|w,move_up|move_left,,0,0
3075,102500,,,,,,,,,,,,,,,,,,,,,,a|w,move_up|move_left,,0,0
3076,102533,,,,,,,,,,,,,,,,,,,,,,a|w,move_up|move_left,,0,0
3077,102567,,,,,,,,,,,,,,,,,,,,,,a|w,move_up|move_left,,0,0
3078,102600,,,,,,,,,,,,,,,,,,,,,,a|w,move_up|move_left,,0,0
3079,102633,,,,,,,,,,,,,,,,,,,,,,w,move_up,,0,0
3080,102667,,,,,,,,,,,,,,,,,,,,,,,,,0,0
3081,102700,,,,,,,,,,,,,,,,,,,,,,,,,0,0
3082,102733,,,,,,,,,,,,,,,,,,,,,,,,,0,0
3083,102767,,,,,,,,,,,,,,,,,,,,,,,,,0,0
3084,102800,,,,,,,,,,,,,,,,,,,,,,,,,0,0
3085,102833,,,,,,,,,,,,,,,,,,,,,,,,,0,0
3086,102867,,,,,,,,,,,,,,,,,,,,,,,,,0,0
3087,102900,,,,,,,,,,,,,,,,,,,,,,,,,0,0
3088,102933,,,,,,,,,,,,,,,,,,,,,,,,,0,0
3089,102967,,,,,,,,,,,,,,,,,,,,,,,,,0,0
3090,103000,,,,,,,,,,,,,,,,,,,,,,,,,0,0
3091,103033,,,,,,,,,,,,,,,,,,,,,,,,,0,0
3092,103067,,,,,,,,,,,,,,,,,,,,,,,,,0,0
3093,103100,,,,,,,,,,,,,,,,,,,,,,,,,0,0
3094,103133,,,,,,,,,,,,,,,,,,,,,,,,,0,0
3095,103167,,,,,,,,,,,,,,,,,,,,,,,,,0,0
3096,103200,,,,,,,,,,,,,,,,,,,,,,,,,0,0
3097,103233,,,,,,,,,,,,,,,,,,,,,,,,,0,0
3098,103267,,,,,,,,,,,,,,,,,,,,,,,,,0,0
3099,103300,,,,,,,,,,,,,,,,,,,,,,,,,0,0
3100,103333,,,,,,,,,,,,,,,,,,,,,,,,,0,0
3101,103367,,,,,,,,,,,,,,,,,,,,,,,,,0,0
3102,103400,,,,,,,,,,,,,,,,,,,,,,,,,0,0
3103,103433,,,,,,,,,,,,,,,,,,,,,,,,,0,0
3104,103467,,,,,,,,,,,,,,,,,,,,,,,,,0,0
3105,103500,,,,,,,,,,,,,,,,,,,,,,,,,0,0
3106,103533,,,,,,,,,,,,,,,,,,,,,,,,,0,-1
3107,103567,,,,,,,,,,,,,,,,,,,,,,,,,0,0
3108,103600,,,,,,,,,,,,,,,,,,,,,,,,,0,0
3109,103633,,,,,,,,,,,,,,,,,,,,,,,,,0,5
3110,103667,,,,,,,,,,,,,,,,,,,,,,,,,0,0
3111,103700,,,,,,,,,,,,,,,,,,,,,,,,,0,0
3112,103733,,,,,,,,,,,,,,,,,,,,,,,,,0,0
3113,103767,,,,,,,,,,,,,,,,,,,,,,,,,0,0
3114,103800,,,,,,,,,,,,,,,,,,,,,,,,,0,0
3115,103833,,,,,,,,,,,,,,,,,,,,,,,,,0,0
3116,103867,,,,,,,,,,,,,,,,,,,,,,,,,0,0
3117,103900,,,,,,,,,,,,,,,,,,,,,,,,,0,0
3118,103933,,,,,,,,,,,,,,,,,,,,,,,,,0,0
3119,103967,,,,,,,,,,,,,,,,,,,,,,,,,0,0
3120,104000,,,,,,,,,,,,,,,,,,,,,,,,,0,0
3121,104033,,,,,,,,,,,,,,,,,,,,,,,,,0,0
3122,104067,,,,,,,,,,,,,,,,,,,,,,w,move_up,,0,0
3123,104100,,,,,,,,,,,,,,,,,,,,,,w,move_up,,0,0
3124,104133,,,,,,,,,,,,,,,,,,,,,,w,move_up,,0,0
3125,104167,,,,,,,,,,,,,,,,,,,,,,w,move_up,,0,0
3126,104200,,,,,,,,,,,,,,,,,,,,,,w,move_up,,0,0
3127,104233,,,,,,,,,,,,,,,,,,,,,,w,move_up,,0,0
3128,104267,,,,,,,,,,,,,,,,,,,,,,w,move_up,,0,0
3129,104300,,,,,,,,,,,,,,,,,,,,,,w,move_up,,0,0
3130,104333,,,,,,,,,,,,,,,,,,,,,,w,move_up,,0,0
3131,104367,,,,,,,,,,,,,,,,,,,,,,,,,0,0
3132,104400,,,,,,,,,,,,,,,,,,,,,,,,,0,0
3133,104433,,,,,,,,,,,,,,,,,,,,,,,,,0,0
3134,104467,,,,,,,,,,,,,,,,,,,,,,w,move_up,,0,0
3135,104500,,,,,,,,,,,,,,,,,,,,,,w,move_up,,0,0
3136,104533,,,,,,,,,,,,,,,,,,,,,,w,move_up,,0,0
3137,104567,,,,,,,,,,,,,,,,,,,,,,w,move_up,,0,0
3138,104600,,,,,,,,,,,,,,,,,,,,,,w,move_up,,0,0
3139,104633,,,,,,,,,,,,,,,,,,,,,,w,move_up,,0,0
3140,104667,,,,,,,,,,,,,,,,,,,,,,d|w,move_up|move_right,,0,0
3141,104700,,,,,,,,,,,,,,,,,,,,,,d|w,move_up|move_right,,0,0
3142,104733,,,,,,,,,,,,,,,,,,,,,,d|w,move_up|move_right,,0,0
3143,104767,,,,,,,,,,,,,,,,,,,,,,d|w,move_up|move_right,,0,0
3144,104800,,,,,,,,,,,,,,,,,,,,,,d|w,move_up|move_right,,0,0
3145,104833,,,,,,,,,,,,,,,,,,,,,,w,move_up,,0,0
3146,104867,,,,,,,,,,,,,,,,,,,,,,w,move_up,,0,0
3147,104900,,,,,,,,,,,,,,,,,,,,,,w,move_up,,0,0
3148,104933,,,,,,,,,,,,,,,,,,,,,,,,,0,0
3149,104967,,,,,,,,,,,,,,,,,,,,,,,,,0,0
3150,105000,,,,,,,,,,,,,,,,,,,,,,,,,0,0
3151,105033,,,,,,,,,,,,,,,,,,,,,,,,,0,0
3152,105067,,,,,,,,,,,,,,,,,,,,,,,,,0,0
3153,105100,,,,,,,,,,,,,,,,,,,,,,,,,0,0
3154,105133,,,,,,,,,,,,,,,,,,,,,,w,move_up,,0,0
3155,105167,,,,,,,,,,,,,,,,,,,,,,w,move_up,,0,0
3156,105200,,,,,,,,,,,,,,,,,,,,,,w,move_up,,0,0
3157,105233,,,,,,,,,,,,,,,,,,,,,,d|w,move_up|move_right,,0,0
3158,105267,,,,,,,,,,,,,,,,,,,,,,d|w,move_up|move_right,,0,0
3159,105300,,,,,,,,,,,,,,,,,,,,,,d|w,move_up|move_right,,0,0
3160,105333,,,,,,,,,,,,,,,,,,,,,,d|w,move_up|move_right,,0,0
3161,105367,,,,,,,,,,,,,,,,,,,,,,d|w,move_up|move_right,,0,0
3162,105400,,,,,,,,,,,,,,,,,,,,,,d|w,move_up|move_right,,0,0
3163,105433,,,,,,,,,,,,,,,,,,,,,,,,,0,0
3164,105467,,,,,,,,,,,,,,,,,,,,,,,,,0,0
3165,105500,,,,,,,,,,,,,,,,,,,,,,,,,0,0
3166,105533,,,,,,,,,,,,,,,,,,,,,,,,,0,0
3167,105567,,,,,,,,,,,,,,,,,,,,,,,,,0,0
3168,105600,,,,,,,,,,,,,,,,,,,,,,w,move_up,,0,0
3169,105633,,,,,,,,,,,,,,,,,,,,,,w,move_up,,0,0
3170,105667,,,,,,,,,,,,,,,,,,,,,,w,move_up,,0,0
3171,105700,,,,,,,,,,,,,,,,,,,,,,w,move_up,,0,0
3172,105733,,,,,,,,,,,,,,,,,,,,,,w,move_up,,0,0
3173,105767,,,,,,,,,,,,,,,,,,,,,,w,move_up,,0,0
3174,105800,,,,,,,,,,,,,,,,,,,,,,w,move_up,,0,0
3175,105833,,,,,,,,,,,,,,,,,,,,,,w,move_up,,0,0
3176,105867,,,,,,,,,,,,,,,,,,,,,,,,,0,0
3177,105900,,,,,,,,,,,,,,,,,,,,,,,,,0,0
3178,105933,,,,,,,,,,,,,,,,,,,,,,,,,0,0
3179,105967,,,,,,,,,,,,,,,,,,,,,,,,,0,0
3180,106000,,,,,,,,,,,,,,,,,,,,,,,,,0,0
3181,106033,,,,,,,,,,,,,,,,,,,,,,,,,0,0
3182,106067,,,,,,,,,,,,,,,,,,,,,,,,,0,0
3183,106100,,,,,,,,,,,,,,,,,,,,,,,,,0,0
3184,106133,,,,,,,,,,,,,,,,,,,,,,,,,0,0
3185,106167,,,,,,,,,,,,,,,,,,,,,,,,,0,0
3186,106200,,,,,,,,,,,,,,,,,,,,,,,,,0,0
3187,106233,,,,,,,,,,,,,,,,,,,,,,,,,0,0
3188,106267,,,,,,,,,,,,,,,,,,,,,,,,,0,0
3189,106300,,,,,,,,,,,,,,,,,,,,,,,,,0,0
3190,106333,,,,,,,,,,,,,,,,,,,,,,,,,0,0
3191,106367,,,,,,,,,,,,,,,,,,,,,,,,,0,0
3192,106400,,,,,,,,,,,,,,,,,,,,,,,,,0,0
3193,106433,,,,,,,,,,,,,,,,,,,,,,,,,0,0
3194,106467,,,,,,,,,,,,,,,,,,,,,,,,,0,0
3195,106500,,,,,,,,,,,,,,,,,,,,,,,,,0,0
3196,106533,,,,,,,,,,,,,,,,,,,,,,,,,0,0
3197,106567,,,,,,,,,,,,,,,,,,,,,,,,,0,0
3198,106600,,,,,,,,,,,,,,,,,,,,,,,,,0,0
3199,106633,,,,,,,,,,,,,,,,,,,,,,,,,0,0
3200,106667,,,,,,,,,,,,,,,,,,,,,,,,,0,0
3201,106700,,,,,,,,,,,,,,,,,,,,,,,,,0,0
3202,106733,,,,,,,,,,,,,,,,,,,,,,,,,0,0
3203,106767,,,,,,,,,,,,,,,,,,,,,,,,,0,0
3204,106800,,,,,,,,,,,,,,,,,,,,,,,,,0,0
3205,106833,,,,,,,,,,,,,,,,,,,,,,,,,0,0
3206,106867,,,,,,,,,,,,,,,,,,,,,,,,,0,0
3207,106900,,,,,,,,,,,,,,,,,,,,,,,,,0,0
3208,106933,,,,,,,,,,,,,,,,,,,,,,,,,0,0
3209,106967,,,,,,,,,,,,,,,,,,,,,,,,,0,0
3210,107000,,,,,,,,,,,,,,,,,,,,,,,,,0,0
3211,107033,,,,,,,,,,,,,,,,,,,,,,,,,0,0
3212,107067,,,,,,,,,,,,,,,,,,,,,,,,,0,0
3213,107100,,,,,,,,,,,,,,,,,,,,,,,,,0,0
3214,107133,,,,,,,,,,,,,,,,,,,,,,,,,0,0
3215,107167,,,,,,,,,,,,,,,,,,,,,,,,,0,0
3216,107200,,,,,,,,,,,,,,,,,,,,,,,,,0,0
3217,107233,,,,,,,,,,,,,,,,,,,,,,,,,0,0
3218,107267,,,,,,,,,,,,,,,,,,,,,,,,,0,0
3219,107300,,,,,,,,,,,,,,,,,,,,,,,,,0,0
3220,107333,,,,,,,,,,,,,,,,,,,,,,,,,0,0
3221,107367,,,,,,,,,,,,,,,,,,,,,,,,,0,0
3222,107400,,,,,,,,,,,,,,,,,,,,,,,,,0,0
3223,107433,,,,,,,,,,,,,,,,,,,,,,,,,0,0
3224,107467,,,,,,,,,,,,,,,,,,,,,,,,,0,0
3225,107500,,,,,,,,,,,,,,,,,,,,,,,,,0,0
3226,107533,,,,,,,,,,,,,,,,,,,,,,,,,0,1
3227,107567,,,,,,,,,,,,,,,,,,,,,,,,,0,0
3228,107600,,,,,,,,,,,,,,,,,,,,,,,,,0,0
3229,107633,,,,,,,,,,,,,,,,,,,,,,,,,0,0
3230,107667,,,,,,,,,,,,,,,,,,,,,,,,,0,0
3231,107700,,,,,,,,,,,,,,,,,,,,,,,,,0,0
3232,107733,,,,,,,,,,,,,,,,,,,,,,,,,0,0
3233,107767,,,,,,,,,,,,,,,,,,,,,,,,,0,0
3234,107800,,,,,,,,,,,,,,,,,,,,,,,,,0,0
3235,107833,,,,,,,,,,,,,,,,,,,,,,,,,0,0
3236,107867,,,,,,,,,,,,,,,,,,,,,,,,,0,0
3237,107900,,,,,,,,,,,,,,,,,,,,,,,,,0,0
3238,107933,,,,,,,,,,,,,,,,,,,,,,w,move_up,,0,0
3239,107967,,,,,,,,,,,,,,,,,,,,,,w,move_up,,0,0
3240,108000,,,,,,,,,,,,,,,,,,,,,,d|w,move_up|move_right,,4,1
3241,108033,,,,,,,,,,,,,,,,,,,,,,d|w,move_up|move_right,,3,3
3242,108067,,,,,,,,,,,,,,,,,,,,,,d|w,move_up|move_right,,-4,1
3243,108100,,,,,,,,,,,,,,,,,,,,,,d,move_right,,2,1
3244,108133,,,,,,,,,,,,,,,,,,,,,,,,,8,0
3245,108167,,,,,,,,,,,,,,,,,,,,,,,,,15,-5
3246,108200,,,,,,,,,,,,,,,,,,,,,,,,,22,-4
3247,108233,,,,,,,,,,,,,,,,,,,,,,a,move_left,,48,-4
3248,108267,,,,,,,,,,,,,,,,,,,,,,a,move_left,,74,-5
3249,108300,,,,,,,,,,,,,,,,,,,,,,a,move_left,,39,-6
3250,108333,,,,,,,,,,,,,,,,,,,,,,a,move_left,,0,0
3251,108367,,,,,,,,,,,,,,,,,,,,,,a,move_left,,-2,-1
3252,108400,,,,,,,,,,,,,,,,,,,,,,a,move_left,,-12,-3
3253,108433,,,,,,,,,,,,,,,,,,,,,,a|w,move_up|move_left,,-29,-2
3254,108467,,,,,,,,,,,,,,,,,,,,,,a|w,move_up|move_left,,-37,0
3255,108500,,,,,,,,,,,,,,,,,,,,,,w,move_up,,-39,3
3256,108533,,,,,,,,,,,,,,,,,,,,,,w,move_up,,-3,0
3257,108567,,,,,,,,,,,,,,,,,,,,,,w,move_up,,0,0
3258,108600,,,,,,,,,,,,,,,,,,,,,,w,move_up,,0,0
3259,108633,,,,,,,,,,,,,,,,,,,,,,,,,0,1
3260,108667,,,,,,,,,,,,,,,,,,,,,,,,,0,0
3261,108700,,,,,,,,,,,,,,,,,,,,,,,,,-4,2
3262,108733,,,,,,,,,,,,,,,,,,,,,,,,,-28,10
3263,108767,,,,,,,,,,,,,,,,,,,,,,,,,-60,11
3264,108800,,,,,,,,,,,,,,,,,,,,,,d,move_right,,-77,5
3265,108833,,,,,,,,,,,,,,,,,,,,,,d,move_right,,-19,1
3266,108867,,,,,,,,,,,,,,,,,,,,,,d,move_right,,0,0
3267,108900,,,,,,,,,,,,,,,,,,,,,,d|w,move_up|move_right,,0,0
3268,108933,,,,,,,,,,,,,,,,,,,,,,d|w,move_up|move_right,,0,0
3269,108967,,,,,,,,,,,,,,,,,,,,,,d|w,move_up|move_right,,-1,-1
3270,109000,,,,,,,,,,,,,,,,,,,,,,d|w,move_up|move_right,,-3,-5
3271,109033,,,,,,,,,,,,,,,,,,,,,,d|w,move_up|move_right,,-13,-7
3272,109067,,,,,,,,,,,,,,,,,,,,,,,,,-15,-4
3273,109100,,,,,,,,,,,,,,,,,,,,,,,,,-7,-2
3274,109133,,,,,,,,,,,,,,,,,,,,,,,,,0,0
3275,109167,,,,,,,,,,,,,,,,,,,,,,,,,0,0
3276,109200,,,,,,,,,,,,,,,,,,,,,,,,,1,0
3277,109233,,,,,,,,,,,,,,,,,,,,,,,,,20,-2
3278,109267,,,,,,,,,,,,,,,,,,,,,,w,move_up,,126,-10
3279,109300,,,,,,,,,,,,,,,,,,,,,,w,move_up,,123,4
3280,109333,,,,,,,,,,,,,,,,,,,,,,w,move_up,,82,6
3281,109367,,,,,,,,,,,,,,,,,,,,,,w,move_up,,26,3
3282,109400,,,,,,,,,,,,,,,,,,,,,,a|w,move_up|move_left,,0,0
3283,109433,,,,,,,,,,,,,,,,,,,,,,a|w,move_up|move_left,,0,0
3284,109467,,,,,,,,,,,,,,,,,,,,,,a|w,move_up|move_left,,0,0
3285,109500,,,,,,,,,,,,,,,,,,,,,,a|w,move_up|move_left,,2,0
3286,109533,,,,,,,,,,,,,,,,,,,,,,a|w,move_up|move_left,,34,11
3287,109567,,,,,,,,,,,,,,,,,,,,,,a|w,move_up|move_left,,27,4
3288,109600,,,,,,,,,,,,,,,,,,,,,,a|w,move_up|move_left,,8,0
3289,109633,,,,,,,,,,,,,,,,,,,,,,a|w,move_up|move_left,,0,0
3290,109667,,,,,,,,,,,,,,,,,,,,,,,,,0,0
3291,109700,,,,,,,,,,,,,,,,,,,,,,,,,0,0
3292,109733,,,,,,,,,,,,,,,,,,,,,,,,,0,0
3293,109767,,,,,,,,,,,,,,,,,,,,,,,,,0,0
3294,109800,,,,,,,,,,,,,,,,,,,,,,,,,0,0
3295,109833,,,,,,,,,,,,,,,,,,,,,,,,,0,0
3296,109867,,,,,,,,,,,,,,,,,,,,,,,,,0,0
3297,109900,,,,,,,,,,,,,,,,,,,,,,,,,0,0
3298,109933,,,,,,,,,,,,,,,,,,,,,,,,,0,0
3299,109967,,,,,,,,,,,,,,,,,,,,,,,,,0,0
3300,110000,,,,,,,,,,,,,,,,,,,,,,,,,0,0
3301,110033,,,,,,,,,,,,,,,,,,,,,,,,,0,0
3302,110067,,,,,,,,,,,,,,,,,,,,,,,,,0,0
3303,110100,,,,,,,,,,,,,,,,,,,,,,,,,0,0
3304,110133,,,,,,,,,,,,,,,,,,,,,,,,,0,0
3305,110167,,,,,,,,,,,,,,,,,,,,,,,,,0,0
3306,110200,,,,,,,,,,,,,,,,,,,,,,,,,0,0
3307,110233,,,,,,,,,,,,,,,,,,,,,,w,move_up,,0,0
3308,110267,,,,,,,,,,,,,,,,,,,,,,w,move_up,,0,0
3309,110300,,,,,,,,,,,,,,,,,,,,,,w,move_up,,0,0
3310,110333,,,,,,,,,,,,,,,,,,,,,,w,move_up,,0,0
3311,110367,,,,,,,,,,,,,,,,,,,,,,w,move_up,,-1,0
3312,110400,,,,,,,,,,,,,,,,,,,,,,d|w,move_up|move_right,,-7,-1
3313,110433,,,,,,,,,,,,,,,,,,,,,,d|w,move_up|move_right,,-13,-2
3314,110467,,,,,,,,,,,,,,,,,,,,,,d|w,move_up|move_right,,-19,-1
3315,110500,,,,,,,,,,,,,,,,,,,,,,d|w,move_up|move_right,,-14,0
3316,110533,,,,,,,,,,,,,,,,,,,,,,d|w,move_up|move_right,,-15,0
3317,110567,,,,,,,,,,,,,,,,,,,,,,d|w,move_up|move_right,,-13,1
3318,110600,,,,,,,,,,,,,,,,,,,,,,,,,-15,2
3319,110633,,,,,,,,,,,,,,,,,,,,,,,,,-33,2
3320,110667,,,,,,,,,,,,,,,,,,,,,,,,,-32,0
3321,110700,,,,,,,,,,,,,,,,,,,,,,w,move_up,,-33,-1
3322,110733,,,,,,,,,,,,,,,,,,,,,,d|w,move_up|move_right,,-23,-3
3323,110767,,,,,,,,,,,,,,,,,,,,,,d|w,move_up|move_right,,-6,-1
3324,110800,,,,,,,,,,,,,,,,,,,,,,d|w,move_up|move_right,,0,0
3325,110833,,,,,,,,,,,,,,,,,,,,,,d|w,move_up|move_right,,-1,0
3326,110867,,,,,,,,,,,,,,,,,,,,,,d|w,move_up|move_right,,-6,-1
3327,110900,,,,,,,,,,,,,,,,,,,,,,d|w,move_up|move_right,,-10,-2
3328,110933,,,,,,,,,,,,,,,,,,,,,,d|w,move_up|move_right,,-22,-1
3329,110967,,,,,,,,,,,,,,,,,,,,,,d|w,move_up|move_right,,-29,5
3330,111000,,,,,,,,,,,,,,,,,,,,,,d|w,move_up|move_right,,0,0
3331,111033,,,,,,,,,,,,,,,,,,,,,,w,move_up,,0,0
3332,111067,,,,,,,,,,,,,,,,,,,,,,,,,0,0
3333,111100,,,,,,,,,,,,,,,,,,,,,,,,,0,0
3334,111133,,,,,,,,,,,,,,,,,,,,,,,,,0,0
3335,111167,,,,,,,,,,,,,,,,,,,,,,,,,-2,0
3336,111200,,,,,,,,,,,,,,,,,,,,,,d|w,move_up|move_right,,-55,-1
3337,111233,,,,,,,,,,,,,,,,,,,,,,d|w,move_up|move_right,,-47,-1
3338,111267,,,,,,,,,,,,,,,,,,,,,,d|w,move_up|move_right,,-6,-3
3339,111300,,,,,,,,,,,,,,,,,,,,,,d|w,move_up|move_right,,-4,-1
3340,111333,,,,,,,,,,,,,,,,,,,,,,d|w,move_up|move_right,,-7,0
3341,111367,,,,,,,,,,,,,,,,,,,,,,d|w,move_up|move_right,,-9,1
3342,111400,,,,,,,,,,,,,,,,,,,,,,d|w,move_up|move_right,,-21,2
3343,111433,,,,,,,,,,,,,,,,,,,,,,d|w,move_up|move_right,,-41,1
3344,111467,,,,,,,,,,,,,,,,,,,,,,d|w,move_up|move_right,,-37,0
3345,111500,,,,,,,,,,,,,,,,,,,,,,d,move_right,,-29,0
3346,111533,,,,,,,,,,,,,,,,,,,,,,,,,-16,0
3347,111567,,,,,,,,,,,,,,,,,,,,,,,,,0,0
3348,111600,,,,,,,,,,,,,,,,,,,,,,,,,-3,0
3349,111633,,,,,,,,,,,,,,,,,,,,,,,,,0,0
3350,111667,,,,,,,,,,,,,,,,,,,,,,,,,0,0
3351,111700,,,,,,,,,,,,,,,,,,,,,,,,,0,0
3352,111733,,,,,,,,,,,,,,,,,,,,,,w,move_up,,-2,0
3353,111767,,,,,,,,,,,,,,,,,,,,,,w,move_up,,-3,0
3354,111800,,,,,,,,,,,,,,,,,,,,,,d|w,move_up|move_right,,-14,0
3355,111833,,,,,,,,,,,,,,,,,,,,,,d|w,move_up|move_right,,-14,0
3356,111867,,,,,,,,,,,,,,,,,,,,,,d|w,move_up|move_right,,-13,0
3357,111900,,,,,,,,,,,,,,,,,,,,,,d|w,move_up|move_right,,-10,0
3358,111933,,,,,,,,,,,,,,,,,,,,,,d|w,move_up|move_right,,-8,0
3359,111967,,,,,,,,,,,,,,,,,,,,,,d|w,move_up|move_right,,-4,0
3360,112000,,,,,,,,,,,,,,,,,,,,,,d|w,move_up|move_right,,-3,0
3361,112033,,,,,,,,,,,,,,,,,,,,,,d|w,move_up|move_right,,-1,0
3362,112067,,,,,,,,,,,,,,,,,,,,,,w,move_up,,0,0
3363,112100,,,,,,,,,,,,,,,,,,,,,,w,move_up,,0,0
3364,112133,,,,,,,,,,,,,,,,,,,,,,w,move_up,,0,0
3365,112167,,,,,,,,,,,,,,,,,,,,,,w,move_up,,0,0
3366,112200,,,,,,,,,,,,,,,,,,,,,,w,move_up,,0,0
3367,112233,,,,,,,,,,,,,,,,,,,,,,w,move_up,,-1,1
3368,112267,,,,,,,,,,,,,,,,,,,,,,w,move_up,,-10,2
3369,112300,,,,,,,,,,,,,,,,,,,,,,w,move_up,,-10,1
3370,112333,,,,,,,,,,,,,,,,,,,,,,w,move_up,,-6,0
3371,112367,,,,,,,,,,,,,,,,,,,,,,w,move_up,,1,0
3372,112400,,,,,,,,,,,,,,,,,,,,,,w,move_up,,41,1
3373,112433,,,,,,,,,,,,,,,,,,,,,,w,move_up,,73,0
3374,112467,,,,,,,,,,,,,,,,,,,,,,w,move_up,,54,0
3375,112500,,,,,,,,,,,,,,,,,,,,,,w,move_up,,21,2
3376,112533,,,,,,,,,,,,,,,,,,,,,,a|w,move_up|move_left,,0,0
3377,112567,,,,,,,,,,,,,,,,,,,,,,a|w,move_up|move_left,,1,0
3378,112600,,,,,,,,,,,,,,,,,,,,,,a|w,move_up|move_left,,1,0
3379,112633,,,,,,,,,,,,,,,,,,,,,,a|w,move_up|move_left,,17,0
3380,112667,,,,,,,,,,,,,,,,,,,,,,a|w,move_up|move_left,,25,-1
3381,112700,,,,,,,,,,,,,,,,,,,,,,a|w,move_up|move_left,,14,0
3382,112733,,,,,,,,,,,,,,,,,,,,,,a|w,move_up|move_left,,2,0
3383,112767,,,,,,,,,,,,,,,,,,,,,,a|w,move_up|move_left,,-1,0
3384,112800,,,,,,,,,,,,,,,,,,,,,,a|w,move_up|move_left,,-21,0
3385,112833,,,,,,,,,,,,,,,,,,,,,,w,move_up,,-42,3
3386,112867,,,,,,,,,,,,,,,,,,,,,,w,move_up,,-52,2
3387,112900,,,,,,,,,,,,,,,,,,,,,,w,move_up,,-38,1
3388,112933,,,,,,,,,,,,,,,,,,,,,,w,move_up,,-7,1
3389,112967,,,,,,,,,,,,,,,,,,,,,,w,move_up,,0,0
3390,113000,,,,,,,,,,,,,,,,,,,,,,w,move_up,,-7,0
3391,113033,,,,,,,,,,,,,,,,,,,,,,w,move_up,,-18,2
3392,113067,,,,,,,,,,,,,,,,,,,,,,w,move_up,,-18,0
3393,113100,,,,,,,,,,,,,,,,,,,,,,w,move_up,,-16,0
3394,113133,,,,,,,,,,,,,,,,,,,,,,w,move_up,,-19,0
3395,113167,,,,,,,,,,,,,,,,,,,,,,w,move_up,,-10,0
3396,113200,,,,,,,,,,,,,,,,,,,,,,w,move_up,,-7,0
3397,113233,,,,,,,,,,,,,,,,,,,,,,w,move_up,,-14,-2
3398,113267,,,,,,,,,,,,,,,,,,,,,,w,move_up,,-16,-1
3399,113300,,,,,,,,,,,,,,,,,,,,,,w,move_up,,-16,-1
3400,113333,,,,,,,,,,,,,,,,,,,,,,d|w,move_up|move_right,,-32,-1
3401,113367,,,,,,,,,,,,,,,,,,,,,,d|w,move_up|move_right,,-24,0
3402,113400,,,,,,,,,,,,,,,,,,,,,,d|w,move_up|move_right,,-20,-1
3403,113433,,,,,,,,,,,,,,,,,,,,,,d|w,move_up|move_right,,-26,0
3404,113467,,,,,,,,,,,,,,,,,,,,,,w,move_up,,-15,0
3405,113500,,,,,,,,,,,,,,,,,,,,,,w,move_up,,-3,0
3406,113533,,,,,,,,,,,,,,,,,,,,,,w,move_up,,0,0
3407,113567,,,,,,,,,,,,,,,,,,,,,,,,,-2,0
3408,113600,,,,,,,,,,,,,,,,,,,,,,,,,-9,0
3409,113633,,,,,,,,,,,,,,,,,,,,,,,,,-22,0
3410,113667,,,,,,,,,,,,,,,,,,,,,,,,,-34,1
3411,113700,,,,,,,,,,,,,,,,,,,,,,,,,-32,0
3412,113733,,,,,,,,,,,,,,,,,,,,,,,,,-16,0
3413,113767,,,,,,,,,,,,,,,,,,,,,,,,,-1,0
3414,113800,,,,,,,,,,,,,,,,,,,,,,,,,-1,0
3415,113833,,,,,,,,,,,,,,,,,,,,,,,,,-2,0
3416,113867,,,,,,,,,,,,,,,,,,,,,,w,move_up,,-1,0
3417,113900,,,,,,,,,,,,,,,,,,,,,,w,move_up,,-4,0
3418,113933,,,,,,,,,,,,,,,,,,,,,,w,move_up,,-9,-1
3419,113967,,,,,,,,,,,,,,,,,,,,,,w,move_up,,-18,-1
3420,114000,,,,,,,,,,,,,,,,,,,,,,w,move_up,,-19,-2
3421,114033,,,,,,,,,,,,,,,,,,,,,,w,move_up,,-8,-1
3422,114067,,,,,,,,,,,,,,,,,,,,,,w,move_up,,0,0
3423,114100,,,,,,,,,,,,,,,,,,,,,,w,move_up,,-1,-1
3424,114133,,,,,,,,,,,,,,,,,,,,,,w,move_up,,0,0
3425,114167,,,,,,,,,,,,,,,,,,,,,,w,move_up,,2,0
3426,114200,,,,,,,,,,,,,,,,,,,,,,w,move_up,,19,0
3427,114233,,,,,,,,,,,,,,,,,,,,,,w,move_up,,30,-1
3428,114267,,,,,,,,,,,,,,,,,,,,,,a|w,move_up|move_left,,20,0
3429,114300,,,,,,,,,,,,,,,,,,,,,,a|w,move_up|move_left,,38,-1
3430,114333,,,,,,,,,,,,,,,,,,,,,,a|w,move_up|move_left,,26,0
3431,114367,,,,,,,,,,,,,,,,,,,,,,a|w,move_up|move_left,,2,0
3432,114400,,,,,,,,,,,,,,,,,,,,,,a|w,move_up|move_left,,0,0
3433,114433,,,,,,,,,,,,,,,,,,,,,,w,move_up,,1,0
3434,114467,,,,,,,,,,,,,,,,,,,,,,,,,-19,3
3435,114500,,,,,,,,,,,,,,,,,,,,,,,,,-48,5
3436,114533,,,,,,,,,,,,,,,,,,,,,,,,,-64,4
3437,114567,,,,,,,,,,,,,,,,,,,,,,,,,-39,0
3438,114600,,,,,,,,,,,,,,,,,,,,,,,,,-16,-1
3439,114633,,,,,,,,,,,,,,,,,,,,,,,,,-10,-1
3440,114667,,,,,,,,,,,,,,,,,,,,,,,,,-11,-2
3441,114700,,,,,,,,,,,,,,,,,,,,,,w,move_up,,-17,-1
3442,114733,,,,,,,,,,,,,,,,,,,,,,w,move_up,,-23,-1
3443,114767,,,,,,,,,,,,,,,,,,,,,,w,move_up,,-24,-1
3444,114800,,,,,,,,,,,,,,,,,,,,,,w,move_up,,-10,-1
3445,114833,,,,,,,,,,,,,,,,,,,,,,w,move_up,,0,0
3446,114867,,,,,,,,,,,,,,,,,,,,,,w,move_up,,0,0
3447,114900,,,,,,,,,,,,,,,,,,,,,,a|w,move_up|move_left,,0,0
3448,114933,,,,,,,,,,,,,,,,,,,,,,a|w,move_up|move_left,,6,0
3449,114967,,,,,,,,,,,,,,,,,,,,,,a|w,move_up|move_left,,24,0
3450,115000,,,,,,,,,,,,,,,,,,,,,,a|w,move_up|move_left,,33,-1
3451,115033,,,,,,,,,,,,,,,,,,,,,,a|w,move_up|move_left,,28,-1
3452,115067,,,,,,,,,,,,,,,,,,,,,,a|w,move_up|move_left,,15,0
3453,115100,,,,,,,,,,,,,,,,,,,,,,a|w,move_up|move_left,,11,-1
3454,115133,,,,,,,,,,,,,,,,,,,,,,a|w,move_up|move_left,,10,0
3455,115167,,,,,,,,,,,,,,,,,,,,,,w,move_up,,2,0
3456,115200,,,,,,,,,,,,,,,,,,,,,,w,move_up,,0,0
3457,115233,,,,,,,,,,,,,,,,,,,,,,w,move_up,,0,0
3458,115267,,,,,,,,,,,,,,,,,,,,,,w,move_up,,0,0
3459,115300,,,,,,,,,,,,,,,,,,,,,,w,move_up,,2,-1
3460,115333,,,,,,,,,,,,,,,,,,,,,,w,move_up,,0,0
3461,115367,,,,,,,,,,,,,,,,,,,,,,a|w,move_up|move_left,,2,-1
3462,115400,,,,,,,,,,,,,,,,,,,,,,a|w,move_up|move_left,,5,-4
3463,115433,,,,,,,,,,,,,,,,,,,,,,a|w,move_up|move_left,,15,1
3464,115467,,,,,,,,,,,,,,,,,,,,,,a|w,move_up|move_left,,0,0
3465,115500,,,,,,,,,,,,,,,,,,,,,,w,move_up,,2,0
3466,115533,,,,,,,,,,,,,,,,,,,,,,w,move_up,,0,0
3467,115567,,,,,,,,,,,,,,,,,,,,,,a|w,move_up|move_left,,0,0
3468,115600,,,,,,,,,,,,,,,,,,,,,,a|w,move_up|move_left,,0,0
3469,115633,,,,,,,,,,,,,,,,,,,,,,a|w,move_up|move_left,,0,0
3470,115667,,,,,,,,,,,,,,,,,,,,,,a|w,move_up|move_left,,12,-5
3471,115700,,,,,,,,,,,,,,,,,,,,,,a|w,move_up|move_left,,16,-8
3472,115733,,,,,,,,,,,,,,,,,,,,,,a|w,move_up|move_left,,3,0
3473,115767,,,,,,,,,,,,,,,,,,,,,,w,move_up,,2,2
3474,115800,,,,,,,,,,,,,,,,,,,,,,w,move_up,,2,0
3475,115833,,,,,,,,,,,,,,,,,,,,,,w,move_up,,0,1
3476,115867,,,,,,,,,,,,,,,,,,,,,,w,move_up,,-1,0
3477,115900,,,,,,,,,,,,,,,,,,,,,,w,move_up,,-10,2
3478,115933,,,,,,,,,,,,,,,,,,,,,,w,move_up,,-24,3
3479,115967,,,,,,,,,,,,,,,,,,,,,,w,move_up,,-7,0
3480,116000,,,,,,,,,,,,,,,,,,,,,,w,move_up,,0,0
3481,116033,,,,,,,,,,,,,,,,,,,,,,w,move_up,,-3,1
3482,116067,,,,,,,,,,,,,,,,,,,,,,w,move_up,,0,0
3483,116100,,,,,,,,,,,,,,,,,,,,,,w,move_up,,0,0
3484,116133,,,,,,,,,,,,,,,,,,,,,,w,move_up,,0,0
3485,116167,,,,,,,,,,,,,,,,,,,,,,w,move_up,,0,0
3486,116200,,,,,,,,,,,,,,,,,,,,,,w,move_up,,0,0
3487,116233,,,,,,,,,,,,,,,,,,,,,,a|w,move_up|move_left,,0,0
3488,116267,,,,,,,,,,,,,,,,,,,,,,a|w,move_up|move_left,,4,3
3489,116300,,,,,,,,,,,,,,,,,,,,,,a|w,move_up|move_left,,47,5
3490,116333,,,,,,,,,,,,,,,,,,,,,,a|w,move_up|move_left,,83,0
3491,116367,,,,,,,,,,,,,,,,,,,,,,a|w,move_up|move_left,,73,1
3492,116400,,,,,,,,,,,,,,,,,,,,,,a|w,move_up|move_left,,7,1
3493,116433,,,,,,,,,,,,,,,,,,,,,,a|w,move_up|move_left,,0,0
3494,116467,,,,,,,,,,,,,,,,,,,,,,a|w,move_up|move_left,,0,0
3495,116500,,,,,,,,,,,,,,,,,,,,,,a|w,move_up|move_left,,0,0
3496,116533,,,,,,,,,,,,,,,,,,,,,,a|w,move_up|move_left,,0,0
3497,116567,,,,,,,,,,,,,,,,,,,,,,a|w,move_up|move_left,,0,0
3498,116600,,,,,,,,,,,,,,,,,,,,,,a|w,move_up|move_left,,1,0
3499,116633,,,,,,,,,,,,,,,,,,,,,,a|w,move_up|move_left,,17,0
3500,116667,,,,,,,,,,,,,,,,,,,,,,a|w,move_up|move_left,,20,-1
3501,116700,,,,,,,,,,,,,,,,,,,,,,a|w,move_up|move_left,,10,0
3502,116733,,,,,,,,,,,,,,,,,,,,,,a|w,move_up|move_left,,11,0
3503,116767,,,,,,,,,,,,,,,,,,,,,,a|w,move_up|move_left,,1,0
3504,116800,,,,,,,,,,,,,,,,,,,,,,a|w,move_up|move_left,,0,0
3505,116833,,,,,,,,,,,,,,,,,,,,,,a|w,move_up|move_left,,0,1
3506,116867,,,,,,,,,,,,,,,,,,,,,,a|w,move_up|move_left,,-19,-1
3507,116900,,,,,,,,,,,,,,,,,,,,,,a|w,move_up|move_left,,-35,0
3508,116933,,,,,,,,,,,,,,,,,,,,,,,,,-41,-3
3509,116967,,,,,,,,,,,,,,,,,,,,,,,,,-12,-1
3510,117000,,,,,,,,,,,,,,,,,,,,,,,,,0,0
3511,117033,,,,,,,,,,,,,,,,,,,,,,,,,-3,-1
3512,117067,,,,,,,,,,,,,,,,,,,,,,,,,-1,-1
3513,117100,,,,,,,,,,,,,,,,,,,,,,,,,-3,-2
3514,117133,,,,,,,,,,,,,,,,,,,,,,w,move_up,,-3,0
3515,117167,,,,,,,,,,,,,,,,,,,,,,w,move_up,,0,0
3516,117200,,,,,,,,,,,,,,,,,,,,,,w,move_up,,0,-1
3517,117233,,,,,,,,,,,,,,,,,,,,,,w,move_up,,12,0
3518,117267,,,,,,,,,,,,,,,,,,,,,,w,move_up,,28,0
3519,117300,,,,,,,,,,,,,,,,,,,,,,,,,29,0
3520,117333,,,,,,,,,,,,,,,,,,,,,,,,,7,0
3521,117367,,,,,,,,,,,,,,,,,,,,,,,,,0,0
3522,117400,,,,,,,,,,,,,,,,,,,,,,,,,0,0
3523,117433,,,,,,,,,,,,,,,,,,,,,,,,,-16,0
3524,117467,,,,,,,,,,,,,,,,,,,,,,,,,-26,-2
3525,117500,,,,,,,,,,,,,,,,,,,,,,,,,-6,0
3526,117533,,,,,,,,,,,,,,,,,,,,,,,,,10,0
3527,117567,,,,,,,,,,,,,,,,,,,,,,,,,56,2
3528,117600,,,,,,,,,,,,,,,,,,,,,,d,move_right,,93,2
3529,117633,,,,,,,,,,,,,,,,,,,,,,d,move_right,,117,1
3530,117667,,,,,,,,,,,,,,,,,,,,,,d,move_right,,55,4
3531,117700,,,,,,,,,,,,,,,,,,,,,,d,move_right,,15,2
3532,117733,,,,,,,,,,,,,,,,,,,,,,d,move_right,,0,0
3533,117767,,,,,,,,,,,,,,,,,,,,,,d,move_right,,1,0
3534,117800,,,,,,,,,,,,,,,,,,,,,,d,move_right,,0,0
3535,117833,,,,,,,,,,,,,,,,,,,,,,d|w,move_up|move_right,,-1,0
3536,117867,,,,,,,,,,,,,,,,,,,,,,d|w,move_up|move_right,,0,0
3537,117900,,,,,,,,,,,,,,,,,,,,,,d|w,move_up|move_right,,0,0
3538,117933,,,,,,,,,,,,,,,,,,,,,,d|w,move_up|move_right,,1,0
3539,117967,,,,,,,,,,,,,,,,,,,,,,d|w,move_up|move_right,,18,-2
3540,118000,,,,,,,,,,,,,,,,,,,,,,d|w,move_up|move_right,,40,0
3541,118033,,,,,,,,,,,,,,,,,,,,,,d|w,move_up|move_right,,48,-1
3542,118067,,,,,,,,,,,,,,,,,,,,,,d|w,move_up|move_right,,24,0
3543,118100,,,,,,,,,,,,,,,,,,,,,,d|w,move_up|move_right,,0,0
3544,118133,,,,,,,,,,,,,,,,,,,,,,d|w,move_up|move_right,,0,0
3545,118167,,,,,,,,,,,,,,,,,,,,,,d|w,move_up|move_right,,0,0
3546,118200,,,,,,,,,,,,,,,,,,,,,,d|w,move_up|move_right,,0,0
3547,118233,,,,,,,,,,,,,,,,,,,,,,d|w,move_up|move_right,,0,0
3548,118267,,,,,,,,,,,,,,,,,,,,,,d|w,move_up|move_right,,0,0
3549,118300,,,,,,,,,,,,,,,,,,,,,,d|w,move_up|move_right,,-3,0
3550,118333,,,,,,,,,,,,,,,,,,,,,,d|w,move_up|move_right,,-17,1
3551,118367,,,,,,,,,,,,,,,,,,,,,,d|w,move_up|move_right,,-15,1
3552,118400,,,,,,,,,,,,,,,,,,,,,,d|w,move_up|move_right,,-19,0
3553,118433,,,,,,,,,,,,,,,,,,,,,,d|w,move_up|move_right,,-9,0
3554,118467,,,,,,,,,,,,,,,,,,,,,,d|w,move_up|move_right,,-10,0
3555,118500,,,,,,,,,,,,,,,,,,,,,,d|w,move_up|move_right,,-18,0
3556,118533,,,,,,,,,,,,,,,,,,,,,,d|w,move_up|move_right,,-15,-1
3557,118567,,,,,,,,,,,,,,,,,,,,,,d|w,move_up|move_right,,-11,-1
3558,118600,,,,,,,,,,,,,,,,,,,,,,d|w,move_up|move_right,,-21,-2
3559,118633,,,,,,,,,,,,,,,,,,,,,,d|w,move_up|move_right,,-21,-2
3560,118667,,,,,,,,,,,,,,,,,,,,,,d|w,move_up|move_right,,-15,-1
3561,118700,,,,,,,,,,,,,,,,,,,,,,d|w,move_up|move_right,,-22,-1
3562,118733,,,,,,,,,,,,,,,,,,,,,,d|w,move_up|move_right,,-17,0
3563,118767,,,,,,,,,,,,,,,,,,,,,,d|w,move_up|move_right,,-17,0
3564,118800,,,,,,,,,,,,,,,,,,,,,,d|w,move_up|move_right,,-19,-1
3565,118833,,,,,,,,,,,,,,,,,,,,,,d|w,move_up|move_right,,-20,0
3566,118867,,,,,,,,,,,,,,,,,,,,,,d|w,move_up|move_right,,-16,0
3567,118900,,,,,,,,,,,,,,,,,,,,,,d|w,move_up|move_right,,-20,0
3568,118933,,,,,,,,,,,,,,,,,,,,,,w,move_up,,-21,-1
3569,118967,,,,,,,,,,,,,,,,,,,,,,w,move_up,,-24,0
3570,119000,,,,,,,,,,,,,,,,,,,,,,w,move_up,,-7,-1
3571,119033,,,,,,,,,,,,,,,,,,,,,,w,move_up,,-3,0
3572,119067,,,,,,,,,,,,,,,,,,,,,,w,move_up,,0,0
3573,119100,,,,,,,,,,,,,,,,,,,,,,w,move_up,,0,0
3574,119133,,,,,,,,,,,,,,,,,,,,,,w,move_up,,0,0
3575,119167,,,,,,,,,,,,,,,,,,,,,,w,move_up,,0,0
3576,119200,,,,,,,,,,,,,,,,,,,,,,d|w,move_up|move_right,,4,0
3577,119233,,,,,,,,,,,,,,,,,,,,,,d|w,move_up|move_right,,22,1
3578,119267,,,,,,,,,,,,,,,,,,,,,,d|w,move_up|move_right,,5,0
3579,119300,,,,,,,,,,,,,,,,,,,,,,d|w,move_up|move_right,,0,0
3580,119333,,,,,,,,,,,,,,,,,,,,,,d|w,move_up|move_right,,-1,0
3581,119367,,,,,,,,,,,,,,,,,,,,,,w,move_up,,-22,0
3582,119400,,,,,,,,,,,,,,,,,,,,,,w,move_up,,-38,2
3583,119433,,,,,,,,,,,,,,,,,,,,,,w,move_up,,-38,0
3584,119467,,,,,,,,,,,,,,,,,,,,,,d|w,move_up|move_right,,-25,0
3585,119500,,,,,,,,,,,,,,,,,,,,,,d|w,move_up|move_right,,-13,1
3586,119533,,,,,,,,,,,,,,,,,,,,,,d|w,move_up|move_right,,-5,0
3587,119567,,,,,,,,,,,,,,,,,,,,,,d|w,move_up|move_right,,0,0
3588,119600,,,,,,,,,,,,,,,,,,,,,,d|w,move_up|move_right,,0,0
3589,119633,,,,,,,,,,,,,,,,,,,,,,d|w,move_up|move_right,,1,0
3590,119667,,,,,,,,,,,,,,,,,,,,,,d|w,move_up|move_right,,32,1
3591,119700,,,,,,,,,,,,,,,,,,,,,,d|w,move_up|move_right,,70,1
3592,119733,,,,,,,,,,,,,,,,,,,,,,,,,61,0
3593,119767,,,,,,,,,,,,,,,,,,,,,,,,,19,2
3594,119800,,,,,,,,,,,,,,,,,,,,,,,,,0,0
3595,119833,,,,,,,,,,,,,,,,,,,,,,,,,1,0
3596,119867,,,,,,,,,,,,,,,,,,,,,,,,,0,0
3597,119900,,,,,,,,,,,,,,,,,,,,,,,,,-1,0
3598,119933,,,,,,,,,,,,,,,,,,,,,,,,,-16,0
3599,119967,,,,,,,,,,,,,,,,,,,,,,,,,-59,2
3600,120000,,,,,,,,,,,,,,,,,,,,,,d,move_right,,-83,1
3601,120033,,,,,,,,,,,,,,,,,,,,,,d,move_right,,-90,1
3602,120067,,,,,,,,,,,,,,,,,,,,,,d,move_right,,-49,1
3603,120100,,,,,,,,,,,,,,,,,,,,,,d,move_right,,-26,2
3604,120133,,,,,,,,,,,,,,,,,,,,,,d,move_right,,-12,2
3605,120167,,,,,,,,,,,,,,,,,,,,,,d,move_right,,-10,3
3606,120200,,,,,,,,,,,,,,,,,,,,,,d,move_right,,-11,3
3607,120233,,,,,,,,,,,,,,,,,,,,,,d,move_right,,-13,5
3608,120267,,,,,,,,,,,,,,,,,,,,,,d|w,move_up|move_right,,-15,4
3609,120300,,,,,,,,,,,,,,,,,,,,,,d|w,move_up|move_right,,-21,5
3610,120333,,,,,,,,,,,,,,,,,,,,,,d|w,move_up|move_right,,-20,4
3611,120367,,,,,,,,,,,,,,,,,,,,,,w,move_up,,-8,3
3612,120400,,,,,,,,,,,,,,,,,,,,,,w,move_up,,0,0
3613,120433,,,,,,,,,,,,,,,,,,,,,,,,,-2,1
3614,120467,,,,,,,,,,,,,,,,,,,,,,,,,-1,0
3615,120500,,,,,,,,,,,,,,,,,,,,,,,,,-1,2
3616,120533,,,,,,,,,,,,,,,,,,,,,,,,,-1,1
3617,120567,,,,,,,,,,,,,,,,,,,,,,,,,-2,1
3618,120600,,,,,,,,,,,,,,,,,,,,,,,,,-5,2
3619,120633,,,,,,,,,,,,,,,,,,,,,,,,,-2,1
3620,120667,,,,,,,,,,,,,,,,,,,,,,,,,15,4
3621,120700,,,,,,,,,,,,,,,,,,,,,,w,move_up,,137,1
3622,120733,,,,,,,,,,,,,,,,,,,,,,w,move_up,,149,-10
3623,120767,,,,,,,,,,,,,,,,,,,,,,w,move_up,,92,-5
3624,120800,,,,,,,,,,,,,,,,,,,,,,w,move_up,,51,0
3625,120833,,,,,,,,,,,,,,,,,,,,,,a|w,move_up|move_left,,19,2
3626,120867,,,,,,,,,,,,,,,,,,,,,,a,move_left,,8,0
3627,120900,,,,,,,,,,,,,,,,,,,,,,a,move_left,,19,-1
3628,120933,,,,,,,,,,,,,,,,,,,,,,a,move_left,,38,-6
3629,120967,,,,,,,,,,,,,,,,,,,,,,a,move_left,,22,-3
3630,121000,,,,,,,,,,,,,,,,,,,,,,a,move_left,,19,-1
3631,121033,,,,,,,,,,,,,,,,,,,,,,a,move_left,,22,-2
3632,121067,,,,,,,,,,,,,,,,,,,,,,a,move_left,,6,-2
3633,121100,,,,,,,,,,,,,,,,,,,,,,,,,-5,-2
3634,121133,,,,,,,,,,,,,,,,,,,,,,,,,-24,0
3635,121167,,,,,,,,,,,,,,,,,,,,,,,,,-38,0
3636,121200,,,,,,,,,,,,,,,,,,,,,,a,move_left,,-48,0
3637,121233,,,,,,,,,,,,,,,,,,,,,,a,move_left,,-45,0
3638,121267,,,,,,,,,,,,,,,,,,,,,,a|w,move_up|move_left,,-39,0
3639,121300,,,,,,,,,,,,,,,,,,,,,,a|w,move_up|move_left,,-10,-1
3640,121333,,,,,,,,,,,,,,,,,,,,,,a|w,move_up|move_left,,0,0
3641,121367,,,,,,,,,,,,,,,,,,,,,,a|w,move_up|move_left,,6,-1
3642,121400,,,,,,,,,,,,,,,,,,,,,,a|w,move_up|move_left,,44,-2
3643,121433,,,,,,,,,,,,,,,,,,,,,,a|w,move_up|move_left,,100,-2
3644,121467,,,,,,,,,,,,,,,,,,,,,,a|w,move_up|move_left,,93,0
3645,121500,,,,,,,,,,,,,,,,,,,,,,a|w,move_up|move_left,,88,1
3646,121533,,,,,,,,,,,,,,,,,,,,,,a|w,move_up|move_left,,47,0
3647,121567,,,,,,,,,,,,,,,,,,,,,,,,,11,0
3648,121600,,,,,,,,,,,,,,,,,,,,,,,,,0,0
3649,121633,,,,,,,,,,,,,,,,,,,,,,,,,0,0
3650,121667,,,,,,,,,,,,,,,,,,,,,,,,,0,0
3651,121700,,,,,,,,,,,,,,,,,,,,,,,,,0,0
3652,121733,,,,,,,,,,,,,,,,,,,,,,w,move_up,,-1,0
3653,121767,,,,,,,,,,,,,,,,,,,,,,w,move_up,,-12,-4
3654,121800,,,,,,,,,,,,,,,,,,,,,,w,move_up,,-12,-1
3655,121833,,,,,,,,,,,,,,,,,,,,,,w,move_up,,-3,0
3656,121867,,,,,,,,,,,,,,,,,,,,,,w,move_up,,0,0
3657,121900,,,,,,,,,,,,,,,,,,,,,,w,move_up,,1,0
3658,121933,,,,,,,,,,,,,,,,,,,,,,w,move_up,,24,1
3659,121967,,,,,,,,,,,,,,,,,,,,,,w,move_up,,20,0
3660,122000,,,,,,,,,,,,,,,,,,,,,,w,move_up,,13,-1
3661,122033,,,,,,,,,,,,,,,,,,,,,,w,move_up,,0,0
3662,122067,,,,,,,,,,,,,,,,,,,,,,w,move_up,,1,-1
3663,122100,,,,,,,,,,,,,,,,,,,,,,w,move_up,,0,0
3664,122133,,,,,,,,,,,,,,,,,,,,,,w,move_up,,0,0
3665,122167,,,,,,,,,,,,,,,,,,,,,,w,move_up,,0,0
3666,122200,,,,,,,,,,,,,,,,,,,,,,w,move_up,,0,0
3667,122233,,,,,,,,,,,,,,,,,,,,,,w,move_up,,0,0
3668,122267,,,,,,,,,,,,,,,,,,,,,,w,move_up,,0,0
3669,122300,,,,,,,,,,,,,,,,,,,,,,w,move_up,,0,0
3670,122333,,,,,,,,,,,,,,,,,,,,,,w,move_up,,0,0
3671,122367,,,,,,,,,,,,,,,,,,,,,,w,move_up,,0,0
3672,122400,,,,,,,,,,,,,,,,,,,,,,w,move_up,,0,0
3673,122433,,,,,,,,,,,,,,,,,,,,,,w,move_up,,0,0
3674,122467,,,,,,,,,,,,,,,,,,,,,,w,move_up,,0,0
3675,122500,,,,,,,,,,,,,,,,,,,,,,w,move_up,,0,0
3676,122533,,,,,,,,,,,,,,,,,,,,,,w,move_up,,0,0
3677,122567,,,,,,,,,,,,,,,,,,,,,,w,move_up,,0,0
3678,122600,,,,,,,,,,,,,,,,,,,,,,w,move_up,,-18,-6
3679,122633,,,,,,,,,,,,,,,,,,,,,,w,move_up,,-62,-10
3680,122667,,,,,,,,,,,,,,,,,,,,,,d|w,move_up|move_right,,-41,-4
3681,122700,,,,,,,,,,,,,,,,,,,,,,d|w,move_up|move_right,,-26,-2
3682,122733,,,,,,,,,,,,,,,,,,,,,,d|w,move_up|move_right,,-26,0
3683,122767,,,,,,,,,,,,,,,,,,,,,,d|w,move_up|move_right,,-24,-3
3684,122800,,,,,,,,,,,,,,,,,,,,,,d|w,move_up|move_right,,-21,-4
3685,122833,,,,,,,,,,,,,,,,,,,,,,d|w,move_up|move_right,,-8,-1
3686,122867,,,,,,,,,,,,,,,,,,,,,,d|w,move_up|move_right,,-1,0
3687,122900,,,,,,,,,,,,,,,,,,,,,,d|w,move_up|move_right,,0,-1
3688,122933,,,,,,,,,,,,,,,,,,,,,,d|w,move_up|move_right,,0,0
3689,122967,,,,,,,,,,,,,,,,,,,,,,d|w,move_up|move_right,,-1,0
3690,123000,,,,,,,,,,,,,,,,,,,,,,d|w,move_up|move_right,,-2,0
3691,123033,,,,,,,,,,,,,,,,,,,,,,d|w,move_up|move_right,,-4,1
3692,123067,,,,,,,,,,,,,,,,,,,,,,d|w,move_up|move_right,,-21,3
3693,123100,,,,,,,,,,,,,,,,,,,,,,d|w,move_up|move_right,,-19,1
3694,123133,,,,,,,,,,,,,,,,,,,,,,d|w,move_up|move_right,,-16,2
3695,123167,,,,,,,,,,,,,,,,,,,,,,d|w,move_up|move_right,,-8,1
3696,123200,,,,,,,,,,,,,,,,,,,,,,d|w,move_up|move_right,,-10,2
3697,123233,,,,,,,,,,,,,,,,,,,,,,d|w,move_up|move_right,,-12,2
3698,123267,,,,,,,,,,,,,,,,,,,,,,d|w,move_up|move_right,,-6,0
3699,123300,,,,,,,,,,,,,,,,,,,,,,d|w,move_up|move_right,,-10,1
3700,123333,,,,,,,,,,,,,,,,,,,,,,d|w,move_up|move_right,,-11,0
3701,123367,,,,,,,,,,,,,,,,,,,,,,w,move_up,,-10,1
3702,123400,,,,,,,,,,,,,,,,,,,,,,w,move_up,,-8,1
3703,123433,,,,,,,,,,,,,,,,,,,,,,w,move_up,,0,0
3704,123467,,,,,,,,,,,,,,,,,,,,,,w,move_up,,11,3
3705,123500,,,,,,,,,,,,,,,,,,,,,,w,move_up,,54,3
3706,123533,,,,,,,,,,,,,,,,,,,,,,w,move_up,,48,1
3707,123567,,,,,,,,,,,,,,,,,,,,,,w,move_up,,26,0
3708,123600,,,,,,,,,,,,,,,,,,,,,,a|w,move_up|move_left,,2,0
3709,123633,,,,,,,,,,,,,,,,,,,,,,a|w,move_up|move_left,,0,0
3710,123667,,,,,,,,,,,,,,,,,,,,,,a|w,move_up|move_left,,1,0
3711,123700,,,,,,,,,,,,,,,,,,,,,,a|w,move_up|move_left,,6,1
3712,123733,,,,,,,,,,,,,,,,,,,,,,a|w,move_up|move_left,,12,0
3713,123767,,,,,,,,,,,,,,,,,,,,,,a|w,move_up|move_left,,9,0
3714,123800,,,,,,,,,,,,,,,,,,,,,,a|w,move_up|move_left,,14,2
3715,123833,,,,,,,,,,,,,,,,,,,,,,a|w,move_up|move_left,,3,0
3716,123867,,,,,,,,,,,,,,,,,,,,,,a|w,move_up|move_left,,2,0
3717,123900,,,,,,,,,,,,,,,,,,,,,,a|w,move_up|move_left,,8,0
3718,123933,,,,,,,,,,,,,,,,,,,,,,a|w,move_up|move_left,,16,2
3719,123967,,,,,,,,,,,,,,,,,,,,,,a|w,move_up|move_left,,20,1
3720,124000,,,,,,,,,,,,,,,,,,,,,,a|w,move_up|move_left,,18,1
3721,124033,,,,,,,,,,,,,,,,,,,,,,a|w,move_up|move_left,,11,1
3722,124067,,,,,,,,,,,,,,,,,,,,,,a|w,move_up|move_left,,14,1
3723,124100,,,,,,,,,,,,,,,,,,,,,,a|w,move_up|move_left,,3,0
3724,124133,,,,,,,,,,,,,,,,,,,,,,w,move_up,,0,0
3725,124167,,,,,,,,,,,,,,,,,,,,,,w,move_up,,3,0
3726,124200,,,,,,,,,,,,,,,,,,,,,,w,move_up,,4,0
3727,124233,,,,,,,,,,,,,,,,,,,,,,w,move_up,,13,1
3728,124267,,,,,,,,,,,,,,,,,,,,,,w,move_up,,14,0
3729,124300,,,,,,,,,,,,,,,,,,,,,,w,move_up,,-1,-1
3730,124333,,,,,,,,,,,,,,,,,,,,,,w,move_up,,-30,-2
3731,124367,,,,,,,,,,,,,,,,,,,,,,,,,-102,-1
3732,124400,,,,,,,,,,,,,,,,,,,,,,,,,-86,0
3733,124433,,,,,,,,,,,,,,,,,,,,,,,,,-43,0
3734,124467,,,,,,,,,,,,,,,,,,,,,,,,,-10,0
3735,124500,,,,,,,,,,,,,,,,,,,,,,a,move_left,,-3,0
3736,124533,,,,,,,,,,,,,,,,,,,,,,a,move_left,,-13,0
3737,124567,,,,,,,,,,,,,,,,,,,,,,,,,-14,0
3738,124600,,,,,,,,,,,,,,,,,,,,,,,,,-11,-1
3739,124633,,,,,,,,,,,,,,,,,,,,,,,,,-19,0
3740,124667,,,,,,,,,,,,,,,,,,,,,,,,,-20,0
3741,124700,,,,,,,,,,,,,,,,,,,,,,w,move_up,,-12,0
3742,124733,,,,,,,,,,,,,,,,,,,,,,w,move_up,,-17,0
3743,124767,,,,,,,,,,,,,,,,,,,,,,w,move_up,,-19,0
3744,124800,,,,,,,,,,,,,,,,,,,,,,w,move_up,,-28,0
3745,124833,,,,,,,,,,,,,,,,,,,,,,w,move_up,,-18,-1
3746,124867,,,,,,,,,,,,,,,,,,,,,,w,move_up,,-2,0
3747,124900,,,,,,,,,,,,,,,,,,,,,,w,move_up,,0,0
3748,124933,,,,,,,,,,,,,,,,,,,,,,w,move_up,,11,-1
3749,124967,,,,,,,,,,,,,,,,,,,,,,w,move_up,,18,0
3750,125000,,,,,,,,,,,,,,,,,,,,,,w,move_up,,20,0
3751,125033,,,,,,,,,,,,,,,,,,,,,,w,move_up,,24,0
3752,125067,,,,,,,,,,,,,,,,,,,,,,w,move_up,,21,1
3753,125100,,,,,,,,,,,,,,,,,,,,,,w,move_up,,28,0
3754,125133,,,,,,,,,,,,,,,,,,,,,,w,move_up,,12,1
3755,125167,,,,,,,,,,,,,,,,,,,,,,w,move_up,,0,0
3756,125200,,,,,,,,,,,,,,,,,,,,,,w,move_up,,0,0
3757,125233,,,,,,,,,,,,,,,,,,,,,,w,move_up,,0,0
3758,125267,,,,,,,,,,,,,,,,,,,,,,w,move_up,,1,0
3759,125300,,,,,,,,,,,,,,,,,,,,,,w,move_up,,10,1
3760,125333,,,,,,,,,,,,,,,,,,,,,,a|w,move_up|move_left,,18,0
3761,125367,,,,,,,,,,,,,,,,,,,,,,a|w,move_up|move_left,,29,1
3762,125400,,,,,,,,,,,,,,,,,,,,,,a|w,move_up|move_left,,20,1
3763,125433,,,,,,,,,,,,,,,,,,,,,,a|w,move_up|move_left,,1,0
3764,125467,,,,,,,,,,,,,,,,,,,,,,a|w,move_up|move_left,,-2,0
3765,125500,,,,,,,,,,,,,,,,,,,,,,a|w,move_up|move_left,,-26,0
3766,125533,,,,,,,,,,,,,,,,,,,,,,a|w,move_up|move_left,,-65,0
3767,125567,,,,,,,,,,,,,,,,,,,,,,a|w,move_up|move_left,,-39,1
3768,125600,,,,,,,,,,,,,,,,,,,,,,w,move_up,,-8,0
3769,125633,,,,,,,,,,,,,,,,,,,,,,w,move_up,,0,0
3770,125667,,,,,,,,,,,,,,,,,,,,,,w,move_up,,0,0
3771,125700,,,,,,,,,,,,,,,,,,,,,,d|w,move_up|move_right,,-1,0
3772,125733,,,,,,,,,,,,,,,,,,,,,,d|w,move_up|move_right,,-6,0
3773,125767,,,,,,,,,,,,,,,,,,,,,,d|w,move_up|move_right,,-16,1
3774,125800,,,,,,,,,,,,,,,,,,,,,,d|w,move_up|move_right,,-20,0
3775,125833,,,,,,,,,,,,,,,,,,,,,,d|w,move_up|move_right,,-18,0
3776,125867,,,,,,,,,,,,,,,,,,,,,,d|w,move_up|move_right,,-18,0
3777,125900,,,,,,,,,,,,,,,,,,,,,,d|w,move_up|move_right,,-31,0
3778,125933,,,,,,,,,,,,,,,,,,,,,,d|w,move_up|move_right,,-27,0
3779,125967,,,,,,,,,,,,,,,,,,,,,,d|w,move_up|move_right,,-14,0
3780,126000,,,,,,,,,,,,,,,,,,,,,,d|w,move_up|move_right,,-6,0
3781,126033,,,,,,,,,,,,,,,,,,,,,,d|w,move_up|move_right,,-7,1
3782,126067,,,,,,,,,,,,,,,,,,,,,,d|w,move_up|move_right,,-14,1
3783,126100,,,,,,,,,,,,,,,,,,,,,,d|w,move_up|move_right,,-19,1
3784,126133,,,,,,,,,,,,,,,,,,,,,,w,move_up,,-25,0
3785,126167,,,,,,,,,,,,,,,,,,,,,,w,move_up,,-28,1
3786,126200,,,,,,,,,,,,,,,,,,,,,,w,move_up,,-24,0
3787,126233,,,,,,,,,,,,,,,,,,,,,,w,move_up,,-25,1
3788,126267,,,,,,,,,,,,,,,,,,,,,,w,move_up,,-20,0
3789,126300,,,,,,,,,,,,,,,,,,,,,,w,move_up,,-7,1
3790,126333,,,,,,,,,,,,,,,,,,,,,,d|w,move_up|move_right,,0,0
3791,126367,,,,,,,,,,,,,,,,,,,,,,d|w,move_up|move_right,,1,0
3792,126400,,,,,,,,,,,,,,,,,,,,,,d|w,move_up|move_right,,7,-2
3793,126433,,,,,,,,,,,,,,,,,,,,,,d|w,move_up|move_right,,3,-2
3794,126467,,,,,,,,,,,,,,,,,,,,,,d|w,move_up|move_right,,4,-1
3795,126500,,,,,,,,,,,,,,,,,,,,,,w,move_up,,7,0
3796,126533,,,,,,,,,,,,,,,,,,,,,,w,move_up,,0,0
3797,126567,,,,,,,,,,,,,,,,,,,,,,w,move_up,,1,-1
3798,126600,,,,,,,,,,,,,,,,,,,,,,w,move_up,,0,0
3799,126633,,,,,,,,,,,,,,,,,,,,,,w,move_up,,0,0
3800,126667,,,,,,,,,,,,,,,,,,,,,,w,move_up,,-2,-1
3801,126700,,,,,,,,,,,,,,,,,,,,,,w,move_up,,0,0
3802,126733,,,,,,,,,,,,,,,,,,,,,,w,move_up,,-1,0
3803,126767,,,,,,,,,,,,,,,,,,,,,,w,move_up,,-1,-2
3804,126800,,,,,,,,,,,,,,,,,,,,,,w,move_up,,-1,0
3805,126833,,,,,,,,,,,,,,,,,,,,,,w,move_up,,-6,-2
3806,126867,,,,,,,,,,,,,,,,,,,,,,w,move_up,,-5,-2
3807,126900,,,,,,,,,,,,,,,,,,,,,,w,move_up,,-7,-1
3808,126933,,,,,,,,,,,,,,,,,,,,,,w,move_up,,-10,-1
3809,126967,,,,,,,,,,,,,,,,,,,,,,w,move_up,,-7,-1
3810,127000,,,,,,,,,,,,,,,,,,,,,,w,move_up,,-2,0
3811,127033,,,,,,,,,,,,,,,,,,,,,,w,move_up,,-4,0
3812,127067,,,,,,,,,,,,,,,,,,,,,,d|w,move_up|move_right,,-10,-1
3813,127100,,,,,,,,,,,,,,,,,,,,,,d|w,move_up|move_right,,-9,-1
3814,127133,,,,,,,,,,,,,,,,,,,,,,d|w,move_up|move_right,,-3,-1
3815,127167,,,,,,,,,,,,,,,,,,,,,,d|w,move_up|move_right,,-7,-1
3816,127200,,,,,,,,,,,,,,,,,,,,,,d|w,move_up|move_right,,-5,-1
3817,127233,,,,,,,,,,,,,,,,,,,,,,w,move_up,,-3,-1
3818,127267,,,,,,,,,,,,,,,,,,,,,,w,move_up,,-7,0
3819,127300,,,,,,,,,,,,,,,,,,,,,,w,move_up,,-17,0
3820,127333,,,,,,,,,,,,,,,,,,,,,,w,move_up,,-6,-1
3821,127367,,,,,,,,,,,,,,,,,,,,,,w,move_up,,0,0
3822,127400,,,,,,,,,,,,,,,,,,,,,,w,move_up,,4,-1
3823,127433,,,,,,,,,,,,,,,,,,,,,,d|w,move_up|move_right,,19,-3
3824,127467,,,,,,,,,,,,,,,,,,,,,,d|w,move_up|move_right,,29,0
3825,127500,,,,,,,,,,,,,,,,,,,,,,d|w,move_up|move_right,,24,-1
3826,127533,,,,,,,,,,,,,,,,,,,,,,w,move_up,,14,1
3827,127567,,,,,,,,,,,,,,,,,,,,,,w,move_up,,12,2
3828,127600,,,,,,,,,,,,,,,,,,,,,,w,move_up,,2,0
3829,127633,,,,,,,,,,,,,,,,,,,,,,w,move_up,,0,0
3830,127667,,,,,,,,,,,,,,,,,,,,,,w,move_up,,0,0
3831,127700,,,,,,,,,,,,,,,,,,,,,,w,move_up,,0,0
3832,127733,,,,,,,,,,,,,,,,,,,,,,w,move_up,,0,0
3833,127767,,,,,,,,,,,,,,,,,,,,,,w,move_up,,0,0
3834,127800,,,,,,,,,,,,,,,,,,,,,,w,move_up,,-17,0
3835,127833,,,,,,,,,,,,,,,,,,,,,,w,move_up,,-23,-1
3836,127867,,,,,,,,,,,,,,,,,,,,,,w,move_up,,-18,-1
3837,127900,,,,,,,,,,,,,,,,,,,,,,w,move_up,,-6,-1
3838,127933,,,,,,,,,,,,,,,,,,,,,,w,move_up,,-1,-1
3839,127967,,,,,,,,,,,,,,,,,,,,,,w,move_up,,-1,0
3840,128000,,,,,,,,,,,,,,,,,,,,,,w,move_up,,-2,0
3841,128033,,,,,,,,,,,,,,,,,,,,,,w,move_up,,-2,0
3842,128067,,,,,,,,,,,,,,,,,,,,,,d|w,move_up|move_right,,-2,0
3843,128100,,,,,,,,,,,,,,,,,,,,,,d|w,move_up|move_right,,-22,6
3844,128133,,,,,,,,,,,,,,,,,,,,,,d|w,move_up|move_right,,0,0
3845,128167,,,,,,,,,,,,,,,,,,,,,,d|w,move_up|move_right,,-4,2
3846,128200,,,,,,,,,,,,,,,,,,,,,,d|w,move_up|move_right,,0,0
3847,128233,,,,,,,,,,,,,,,,,,,,,,d|w,move_up|move_right,,0,0
3848,128267,,,,,,,,,,,,,,,,,,,,,,w,move_up,,0,0
3849,128300,,,,,,,,,,,,,,,,,,,,,,w,move_up,,0,0
3850,128333,,,,,,,,,,,,,,,,,,,,,,w,move_up,,0,0
3851,128367,,,,,,,,,,,,,,,,,,,,,,w,move_up,,7,-1
3852,128400,,,,,,,,,,,,,,,,,,,,,,w,move_up,,13,7
3853,128433,,,,,,,,,,,,,,,,,,,,,,w,move_up,,11,2
3854,128467,,,,,,,,,,,,,,,,,,,,,,w,move_up,,7,0
3855,128500,,,,,,,,,,,,,,,,,,,,,,w,move_up,,1,0
3856,128533,,,,,,,,,,,,,,,,,,,,,,w,move_up,,0,0
3857,128567,,,,,,,,,,,,,,,,,,,,,,w,move_up,,0,0
3858,128600,,,,,,,,,,,,,,,,,,,,,,w,move_up,,0,0
3859,128633,,,,,,,,,,,,,,,,,,,,,,w,move_up,,0,0
3860,128667,,,,,,,,,,,,,,,,,,,,,,w,move_up,,-1,-1
3861,128700,,,,,,,,,,,,,,,,,,,,,,w,move_up,,0,-2
3862,128733,,,,,,,,,,,,,,,,,,,,,,w,move_up,,0,-1
3863,128767,,,,,,,,,,,,,,,,,,,,,,w,move_up,,-1,0
3864,128800,,,,,,,,,,,,,,,,,,,,,,w,move_up,,-4,4
3865,128833,,,,,,,,,,,,,,,,,,,,,,w,move_up,,-11,-2
3866,128867,,,,,,,,,,,,,,,,,,,,,,d|w,move_up|move_right,,-47,-6
3867,128900,,,,,,,,,,,,,,,,,,,,,,d|w,move_up|move_right,,-56,-1
3868,128933,,,,,,,,,,,,,,,,,,,,,,d|w,move_up|move_right,,-49,-3
3869,128967,,,,,,,,,,,,,,,,,,,,,,d|w,move_up|move_right,,-31,-1
3870,129000,,,,,,,,,,,,,,,,,,,,,,d|w,move_up|move_right,,-11,1
3871,129033,,,,,,,,,,,,,,,,,,,,,,d|w,move_up|move_right,,0,0
3872,129067,,,,,,,,,,,,,,,,,,,,,,d|w,move_up|move_right,,-3,2
3873,129100,,,,,,,,,,,,,,,,,,,,,,w,move_up,,-2,2
3874,129133,,,,,,,,,,,,,,,,,,,,,,w,move_up,,0,0
3875,129167,,,,,,,,,,,,,,,,,,,,,,w,move_up,,-1,0
3876,129200,,,,,,,,,,,,,,,,,,,,,,w,move_up,,1,0
3877,129233,,,,,,,,,,,,,,,,,,,,,,w,move_up,,1,-1
3878,129267,,,,,,,,,,,,,,,,,,,,,,w,move_up,,4,0
3879,129300,,,,,,,,,,,,,,,,,,,,,,w,move_up,,21,-1
3880,129333,,,,,,,,,,,,,,,,,,,,,,w,move_up,,19,-2
3881,129367,,,,,,,,,,,,,,,,,,,,,,w,move_up,,34,-1
3882,129400,,,,,,,,,,,,,,,,,,,,,,w,move_up,,45,-1
3883,129433,,,,,,,,,,,,,,,,,,,,,,w,move_up,,24,0
3884,129467,,,,,,,,,,,,,,,,,,,,,,w,move_up,,9,0
3885,129500,,,,,,,,,,,,,,,,,,,,,,w,move_up,,0,0
3886,129533,,,,,,,,,,,,,,,,,,,,,,w,move_up,,0,0
3887,129567,,,,,,,,,,,,,,,,,,,,,,w,move_up,,0,0
3888,129600,,,,,,,,,,,,,,,,,,,,,,w,move_up,,-2,0
3889,129633,,,,,,,,,,,,,,,,,,,,,,w,move_up,,-4,0
3890,129667,,,,,,,,,,,,,,,,,,,,,,w,move_up,,-11,1
3891,129700,,,,,,,,,,,,,,,,,,,,,,w,move_up,,-39,5
3892,129733,,,,,,,,,,,,,,,,,,,,,,w,move_up,,-31,2
3893,129767,,,,,,,,,,,,,,,,,,,,,,w,move_up,,-7,1
3894,129800,,,,,,,,,,,,,,,,,,,,,,w,move_up,,0,0
3895,129833,,,,,,,,,,,,,,,,,,,,,,w,move_up,,-2,0
3896,129867,,,,,,,,,,,,,,,,,,,,,,w,move_up,,-5,0
3897,129900,,,,,,,,,,,,,,,,,,,,,,w,move_up,,-10,0
3898,129933,,,,,,,,,,,,,,,,,,,,,,w,move_up,,-21,-1
3899,129967,,,,,,,,,,,,,,,,,,,,,,w,move_up,,-14,-1
3900,130000,,,,,,,,,,,,,,,,,,,,,,w,move_up,,-11,-1
3901,130033,,,,,,,,,,,,,,,,,,,,,,w,move_up,,-5,-1
3902,130067,,,,,,,,,,,,,,,,,,,,,,w,move_up,,0,0
3903,130100,,,,,,,,,,,,,,,,,,,,,,w,move_up,,0,0
3904,130133,,,,,,,,,,,,,,,,,,,,,,w,move_up,,0,0
3905,130167,,,,,,,,,,,,,,,,,,,,,,w,move_up,,7,0
3906,130200,,,,,,,,,,,,,,,,,,,,,,w,move_up,,7,1
3907,130233,,,,,,,,,,,,,,,,,,,,,,w,move_up,,0,0
3908,130267,,,,,,,,,,,,,,,,,,,,,,w,move_up,,0,0
3909,130300,,,,,,,,,,,,,,,,,,,,,,w,move_up,,0,0
3910,130333,,,,,,,,,,,,,,,,,,,,,,w,move_up,,-8,2
3911,130367,,,,,,,,,,,,,,,,,,,,,,w,move_up,,-26,5
3912,130400,,,,,,,,,,,,,,,,,,,,,,d|w,move_up|move_right,,-30,4
3913,130433,,,,,,,,,,,,,,,,,,,,,,d|w,move_up|move_right,,-21,1
3914,130467,,,,,,,,,,,,,,,,,,,,,,d|w,move_up|move_right,,-11,0
3915,130500,,,,,,,,,,,,,,,,,,,,,,d|w,move_up|move_right,,-10,0
3916,130533,,,,,,,,,,,,,,,,,,,,,,d|w,move_up|move_right,,-11,-1
3917,130567,,,,,,,,,,,,,,,,,,,,,,d|w,move_up|move_right,,-9,-1
3918,130600,,,,,,,,,,,,,,,,,,,,,,w,move_up,,-4,0
3919,130633,,,,,,,,,,,,,,,,,,,,,,w,move_up,,-4,-1
3920,130667,,,,,,,,,,,,,,,,,,,,,,w,move_up,,-3,0
3921,130700,,,,,,,,,,,,,,,,,,,,,,w,move_up,,-1,0
3922,130733,,,,,,,,,,,,,,,,,,,,,,d|w,move_up|move_right,,-6,-1
3923,130767,,,,,,,,,,,,,,,,,,,,,,d|w,move_up|move_right,,-10,-2
3924,130800,,,,,,,,,,,,,,,,,,,,,,d|w,move_up|move_right,,-13,-2
3925,130833,,,,,,,,,,,,,,,,,,,,,,d|w,move_up|move_right,,-7,-3
3926,130867,,,,,,,,,,,,,,,,,,,,,,w,move_up,,0,0
3927,130900,,,,,,,,,,,,,,,,,,,,,,w,move_up,,0,0
3928,130933,,,,,,,,,,,,,,,,,,,,,,w,move_up,,-1,0
3929,130967,,,,,,,,,,,,,,,,,,,,,,w,move_up,,-2,-1
3930,131000,,,,,,,,,,,,,,,,,,,,,,w,move_up,,-3,0
3931,131033,,,,,,,,,,,,,,,,,,,,,,w,move_up,,-8,-1
3932,131067,,,,,,,,,,,,,,,,,,,,,,w,move_up,,-8,-1
3933,131100,,,,,,,,,,,,,,,,,,,,,,w,move_up,,-2,0
3934,131133,,,,,,,,,,,,,,,,,,,,,,w,move_up,,0,0
3935,131167,,,,,,,,,,,,,,,,,,,,,,w,move_up,,0,0
3936,131200,,,,,,,,,,,,,,,,,,,,,,w,move_up,,0,0
3937,131233,,,,,,,,,,,,,,,,,,,,,,w,move_up,,0,0
3938,131267,,,,,,,,,,,,,,,,,,,,,,w,move_up,,0,0
3939,131300,,,,,,,,,,,,,,,,,,,,,,w,move_up,,3,0
3940,131333,,,,,,,,,,,,,,,,,,,,,,w,move_up,,0,0
3941,131367,,,,,,,,,,,,,,,,,,,,,,w,move_up,,1,0
3942,131400,,,,,,,,,,,,,,,,,,,,,,w,move_up,,0,0
3943,131433,,,,,,,,,,,,,,,,,,,,,,w,move_up,,0,0
3944,131467,,,,,,,,,,,,,,,,,,,,,,w,move_up,,0,0
3945,131500,,,,,,,,,,,,,,,,,,,,,,w,move_up,,0,0
3946,131533,,,,,,,,,,,,,,,,,,,,,,w,move_up,,0,0
3947,131567,,,,,,,,,,,,,,,,,,,,,,w,move_up,,0,0
3948,131600,,,,,,,,,,,,,,,,,,,,,,w,move_up,,6,-6
3949,131633,,,,,,,,,,,,,,,,,,,,,,w,move_up,,7,-4
3950,131667,,,,,,,,,,,,,,,,,,,,,,w,move_up,,1,1
3951,131700,,,,,,,,,,,,,,,,,,,,,,w,move_up,,0,0
3952,131733,,,,,,,,,,,,,,,,,,,,,,w,move_up,,-2,8
3953,131767,,,,,,,,,,,,,,,,,,,,,,w,move_up,,0,0
3954,131800,,,,,,,,,,,,,,,,,,,,,,w,move_up,,0,0
3955,131833,,,,,,,,,,,,,,,,,,,,,,w,move_up,,0,0
3956,131867,,,,,,,,,,,,,,,,,,,,,,w,move_up,,0,0
3957,131900,,,,,,,,,,,,,,,,,,,,,,w,move_up,,0,0
3958,131933,,,,,,,,,,,,,,,,,,,,,,w,move_up,,-19,2
3959,131967,,,,,,,,,,,,,,,,,,,,,,d|w,move_up|move_right,,-18,2
3960,132000,,,,,,,,,,,,,,,,,,,,,,d|w,move_up|move_right,,-13,3
3961,132033,,,,,,,,,,,,,,,,,,,,,,d|w,move_up|move_right,,-7,-1
3962,132067,,,,,,,,,,,,,,,,,,,,,,d|w,move_up|move_right,,-11,-2
3963,132100,,,,,,,,,,,,,,,,,,,,,,d|w,move_up|move_right,,-14,-3
3964,132133,,,,,,,,,,,,,,,,,,,,,,d|w,move_up|move_right,,-20,-2
3965,132167,,,,,,,,,,,,,,,,,,,,,,d|w,move_up|move_right,,-20,0
3966,132200,,,,,,,,,,,,,,,,,,,,,,d|w,move_up|move_right,,-30,0
3967,132233,,,,,,,,,,,,,,,,,,,,,,d|w,move_up|move_right,,-25,-1
3968,132267,,,,,,,,,,,,,,,,,,,,,,d|w,move_up|move_right,,-19,-1
3969,132300,,,,,,,,,,,,,,,,,,,,,,d|w,move_up|move_right,,-15,-1
3970,132333,,,,,,,,,,,,,,,,,,,,,,d|w,move_up|move_right,,-3,-1
3971,132367,,,,,,,,,,,,,,,,,,,,,,d|w,move_up|move_right,,-4,0
3972,132400,,,,,,,,,,,,,,,,,,,,,,d|w,move_up|move_right,,-19,0
3973,132433,,,,,,,,,,,,,,,,,,,,,,d|w,move_up|move_right,,-23,0
3974,132467,,,,,,,,,,,,,,,,,,,,,,d|w,move_up|move_right,,-20,-1
3975,132500,,,,,,,,,,,,,,,,,,,,,,d|w,move_up|move_right,,-20,-1
3976,132533,,,,,,,,,,,,,,,,,,,,,,d|w,move_up|move_right,,-24,0
3977,132567,,,,,,,,,,,,,,,,,,,,,,d|w,move_up|move_right,,-16,-1
3978,132600,,,,,,,,,,,,,,,,,,,,,,d|w,move_up|move_right,,-10,0
3979,132633,,,,,,,,,,,,,,,,,,,,,,d,move_right,,-2,0
3980,132667,,,,,,,,,,,,,,,,,,,,,,,,,-1,0
3981,132700,,,,,,,,,,,,,,,,,,,,,,,,,-1,0
3982,132733,,,,,,,,,,,,,,,,,,,,,,,,,0,0
3983,132767,,,,,,,,,,,,,,,,,,,,,,,,,0,0
3984,132800,,,,,,,,,,,,,,,,,,,,,,,,,0,0
3985,132833,,,,,,,,,,,,,,,,,,,,,,,,,0,0
3986,132867,,,,,,,,,,,,,,,,,,,,,,,,,0,0
3987,132900,,,,,,,,,,,,,,,,,,,,,,,,,0,0
3988,132933,,,,,,,,,,,,,,,,,,,,,,,,,0,0
3989,132967,,,,,,,,,,,,,,,,,,,,,,,,,4,0
3990,133000,,,,,,,,,,,,,,,,,,,,,,,,,78,4
3991,133033,,,,,,,,,,,,,,,,,,,,,,,,,93,0
3992,133067,,,,,,,,,,,,,,,,,,,,,,,,,59,0
3993,133100,,,,,,,,,,,,,,,,,,,,,,,,,7,0
3994,133133,,,,,,,,,,,,,,,,,,,,,,,,,0,0
3995,133167,,,,,,,,,,,,,,,,,,,,,,,,,0,0
3996,133200,,,,,,,,,,,,,,,,,,,,,,,,,1,0
3997,133233,,,,,,,,,,,,,,,,,,,,,,,,,0,0
3998,133267,,,,,,,,,,,,,,,,,,,,,,,,,0,0
3999,133300,,,,,,,,,,,,,,,,,,,,,,,,,0,0
4000,133333,,,,,,,,,,,,,,,,,,,,,,,,,-26,3
4001,133367,,,,,,,,,,,,,,,,,,,,,,,,,-57,3
4002,133400,,,,,,,,,,,,,,,,,,,,,,,,,-67,1
4003,133433,,,,,,,,,,,,,,,,,,,,,,,,,-35,0
4004,133467,,,,,,,,,,,,,,,,,,,,,,,,,-2,0
4005,133500,,,,,,,,,,,,,,,,,,,,,,,,,0,0
4006,133533,,,,,,,,,,,,,,,,,,,,,,,,,0,-1
4007,133567,,,,,,,,,,,,,,,,,,,,,,,,,0,0
4008,133600,,,,,,,,,,,,,,,,,,,,,,d,move_right,,-1,0
4009,133633,,,,,,,,,,,,,,,,,,,,,,d|w,move_up|move_right,,-5,0
4010,133667,,,,,,,,,,,,,,,,,,,,,,d|w,move_up|move_right,,-16,-2
4011,133700,,,,,,,,,,,,,,,,,,,,,,d|w,move_up|move_right,,-34,-2
4012,133733,,,,,,,,,,,,,,,,,,,,,,d|w,move_up|move_right,,-30,-1
4013,133767,,,,,,,,,,,,,,,,,,,,,,d|w,move_up|move_right,,-29,-2
4014,133800,,,,,,,,,,,,,,,,,,,,,,d|w,move_up|move_right,,-16,-2
4015,133833,,,,,,,,,,,,,,,,,,,,,,w,move_up,,-5,-1
4016,133867,,,,,,,,,,,,,,,,,,,,,,w,move_up,,-7,0
4017,133900,,,,,,,,,,,,,,,,,,,,,,w,move_up,,-12,-1
4018,133933,,,,,,,,,,,,,,,,,,,,,,w,move_up,,-17,-1
4019,133967,,,,,,,,,,,,,,,,,,,,,,d|w,move_up|move_right,,-23,-2
4020,134000,,,,,,,,,,,,,,,,,,,,,,d|w,move_up|move_right,,-9,-1
4021,134033,,,,,,,,,,,,,,,,,,,,,,d|w,move_up|move_right,,-3,0
4022,134067,,,,,,,,,,,,,,,,,,,,,,d|w,move_up|move_right,,-6,-1
4023,134100,,,,,,,,,,,,,,,,,,,,,,d|w,move_up|move_right,,-2,0
4024,134133,,,,,,,,,,,,,,,,,,,,,,d|w,move_up|move_right,,-5,-1
4025,134167,,,,,,,,,,,,,,,,,,,,,,d|w,move_up|move_right,,-4,0
4026,134200,,,,,,,,,,,,,,,,,,,,,,d|w,move_up|move_right,,-6,0
4027,134233,,,,,,,,,,,,,,,,,,,,,,d|w,move_up|move_right,,-4,0
4028,134267,,,,,,,,,,,,,,,,,,,,,,d|w,move_up|move_right,,-4,0
4029,134300,,,,,,,,,,,,,,,,,,,,,,d|w,move_up|move_right,,0,0
4030,134333,,,,,,,,,,,,,,,,,,,,,,d|w,move_up|move_right,,0,0
4031,134367,,,,,,,,,,,,,,,,,,,,,,d|w,move_up|move_right,,0,0
4032,134400,,,,,,,,,,,,,,,,,,,,,,d|w,move_up|move_right,,0,0
4033,134433,,,,,,,,,,,,,,,,,,,,,,d|w,move_up|move_right,,0,0
4034,134467,,,,,,,,,,,,,,,,,,,,,,d,move_right,,0,0
4035,134500,,,,,,,,,,,,,,,,,,,,,,,,,0,0
4036,134533,,,,,,,,,,,,,,,,,,,,,,,,,0,0
4037,134567,,,,,,,,,,,,,,,,,,,,,,,,,0,0
4038,134600,,,,,,,,,,,,,,,,,,,,,,,,,-1,0
4039,134633,,,,,,,,,,,,,,,,,,,,,,,,,-3,0
4040,134667,,,,,,,,,,,,,,,,,,,,,,,,,-2,0
4041,134700,,,,,,,,,,,,,,,,,,,,,,,,,-1,0
4042,134733,,,,,,,,,,,,,,,,,,,,,,,,,-1,0
4043,134767,,,,,,,,,,,,,,,,,,,,,,,,,-1,0
4044,134800,,,,,,,,,,,,,,,,,,,,,,,,,0,0
4045,134833,,,,,,,,,,,,,,,,,,,,,,,,,0,0
4046,134867,,,,,,,,,,,,,,,,,,,,,,,,,0,0
4047,134900,,,,,,,,,,,,,,,,,,,,,,,,,0,0
4048,134933,,,,,,,,,,,,,,,,,,,,,,,,,0,0
4049,134967,,,,,,,,,,,,,,,,,,,,,,,,,0,0
4050,135000,,,,,,,,,,,,,,,,,,,,,,,,,0,0
4051,135033,,,,,,,,,,,,,,,,,,,,,,,,,0,0
4052,135067,,,,,,,,,,,,,,,,,,,,,,,,,0,0
4053,135100,,,,,,,,,,,,,,,,,,,,,,,,,0,0
4054,135133,,,,,,,,,,,,,,,,,,,,,,,,,0,0
4055,135167,,,,,,,,,,,,,,,,,,,,,,,,,0,0
4056,135200,,,,,,,,,,,,,,,,,,,,,,,,,0,0
4057,135233,,,,,,,,,,,,,,,,,,,,,,,,,0,0
4058,135267,,,,,,,,,,,,,,,,,,,,,,,,,0,0
4059,135300,,,,,,,,,,,,,,,,,,,,,,,,,0,0
4060,135333,,,,,,,,,,,,,,,,,,,,,,,,,0,0
4061,135367,,,,,,,,,,,,,,,,,,,,,,,,,0,0
4062,135400,,,,,,,,,,,,,,,,,,,,,,,,,0,0
4063,135433,,,,,,,,,,,,,,,,,,,,,,,,,0,0
4064,135467,,,,,,,,,,,,,,,,,,,,,,,,,0,0
4065,135500,,,,,,,,,,,,,,,,,,,,,,,,,0,0
4066,135533,,,,,,,,,,,,,,,,,,,,,,,,,0,0
4067,135567,,,,,,,,,,,,,,,,,,,,,,,,,0,0
4068,135600,,,,,,,,,,,,,,,,,,,,,,,,,0,0
4069,135633,,,,,,,,,,,,,,,,,,,,,,,,,0,0
4070,135667,,,,,,,,,,,,,,,,,,,,,,,,,0,0
4071,135700,,,,,,,,,,,,,,,,,,,,,,,,,0,0
4072,135733,,,,,,,,,,,,,,,,,,,,,,,,,0,0
4073,135767,,,,,,,,,,,,,,,,,,,,,,,,,0,0
4074,135800,,,,,,,,,,,,,,,,,,,,,,,,,0,0
4075,135833,,,,,,,,,,,,,,,,,,,,,,,,,0,0
4076,135867,,,,,,,,,,,,,,,,,,,,,,,,,0,0
4077,135900,,,,,,,,,,,,,,,,,,,,,,,,,0,0
4078,135933,,,,,,,,,,,,,,,,,,,,,,,,,0,0
4079,135967,,,,,,,,,,,,,,,,,,,,,,,,,0,0
4080,136000,,,,,,,,,,,,,,,,,,,,,,,,,0,0
4081,136033,,,,,,,,,,,,,,,,,,,,,,,,,0,0
4082,136067,,,,,,,,,,,,,,,,,,,,,,,,,0,0
4083,136100,,,,,,,,,,,,,,,,,,,,,,,,,0,0
4084,136133,,,,,,,,,,,,,,,,,,,,,,,,,0,0
4085,136167,,,,,,,,,,,,,,,,,,,,,,,,,0,0
4086,136200,,,,,,,,,,,,,,,,,,,,,,,,,0,0
4087,136233,,,,,,,,,,,,,,,,,,,,,,,,,0,0
4088,136267,,,,,,,,,,,,,,,,,,,,,,,,,0,0
4089,136300,,,,,,,,,,,,,,,,,,,,,,,,,0,0
4090,136333,,,,,,,,,,,,,,,,,,,,,,,,,0,0
4091,136367,,,,,,,,,,,,,,,,,,,,,,,,,0,0
4092,136400,,,,,,,,,,,,,,,,,,,,,,,,,0,0
4093,136433,,,,,,,,,,,,,,,,,,,,,,,,,0,0
4094,136467,,,,,,,,,,,,,,,,,,,,,,,,,0,0
4095,136500,,,,,,,,,,,,,,,,,,,,,,,,,0,0
4096,136533,,,,,,,,,,,,,,,,,,,,,,,,,0,0
4097,136567,,,,,,,,,,,,,,,,,,,,,,,,,0,0
4098,136600,,,,,,,,,,,,,,,,,,,,,,,,,0,0
4099,136633,,,,,,,,,,,,,,,,,,,,,,,,,0,0
4100,136667,,,,,,,,,,,,,,,,,,,,,,,,,0,0
4101,136700,,,,,,,,,,,,,,,,,,,,,,,,,0,0
4102,136733,,,,,,,,,,,,,,,,,,,,,,,,,0,0
4103,136767,,,,,,,,,,,,,,,,,,,,,,,,,0,0
4104,136800,,,,,,,,,,,,,,,,,,,,,,,,,0,0
4105,136833,,,,,,,,,,,,,,,,,,,,,,,,,0,0
4106,136867,,,,,,,,,,,,,,,,,,,,,,,,,0,0
4107,136900,,,,,,,,,,,,,,,,,,,,,,,,,0,0
4108,136933,,,,,,,,,,,,,,,,,,,,,,,,,0,0
4109,136967,,,,,,,,,,,,,,,,,,,,,,,,,0,0
4110,137000,,,,,,,,,,,,,,,,,,,,,,,,,0,0
4111,137033,,,,,,,,,,,,,,,,,,,,,,,,,0,0
4112,137067,,,,,,,,,,,,,,,,,,,,,,,,,0,0
4113,137100,,,,,,,,,,,,,,,,,,,,,,,,,0,0
4114,137133,,,,,,,,,,,,,,,,,,,,,,,,,0,0
4115,137167,,,,,,,,,,,,,,,,,,,,,,,,,0,0
4116,137200,,,,,,,,,,,,,,,,,,,,,,,,,0,0
4117,137233,,,,,,,,,,,,,,,,,,,,,,,,,0,0
4118,137267,,,,,,,,,,,,,,,,,,,,,,,,,0,0
4119,137300,,,,,,,,,,,,,,,,,,,,,,,,,0,0
4120,137333,,,,,,,,,,,,,,,,,,,,,,,,,0,0
4121,137367,,,,,,,,,,,,,,,,,,,,,,,,,0,0
4122,137400,,,,,,,,,,,,,,,,,,,,,,,,,0,0
4123,137433,,,,,,,,,,,,,,,,,,,,,,,,,5,0
4124,137467,,,,,,,,,,,,,,,,,,,,,,,,,15,1
4125,137500,,,,,,,,,,,,,,,,,,,,,,,,,13,0
4126,137533,,,,,,,,,,,,,,,,,,,,,,,,,3,0
4127,137567,,,,,,,,,,,,,,,,,,,,,,,,,4,0
4128,137600,,,,,,,,,,,,,,,,,,,,,,,,,0,0
4129,137633,,,,,,,,,,,,,,,,,,,,,,,,,1,0
4130,137667,,,,,,,,,,,,,,,,,,,,,,,,,6,0
4131,137700,,,,,,,,,,,,,,,,,,,,,,,,,11,-1
4132,137733,,,,,,,,,,,,,,,,,,,,,,,,,20,-2
4133,137767,,,,,,,,,,,,,,,,,,,,,,,,,22,-2
4134,137800,,,,,,,,,,,,,,,,,,,,,,,,,16,0
4135,137833,,,,,,,,,,,,,,,,,,,,,,,,,0,0
4136,137867,,,,,,,,,,,,,,,,,,,,,,,,,1,0
4137,137900,,,,,,,,,,,,,,,,,,,,,,,,,0,0
4138,137933,,,,,,,,,,,,,,,,,,,,,,,,,0,0
4139,137967,,,,,,,,,,,,,,,,,,,,,,,,,0,0
4140,138000,,,,,,,,,,,,,,,,,,,,,,,,,0,0
4141,138033,,,,,,,,,,,,,,,,,,,,,,,,,0,0
4142,138067,,,,,,,,,,,,,,,,,,,,,,,,,0,0
4143,138100,,,,,,,,,,,,,,,,,,,,,,,,,0,0
4144,138133,,,,,,,,,,,,,,,,,,,,,,,,,0,0
4145,138167,,,,,,,,,,,,,,,,,,,,,,,,,0,0
4146,138200,,,,,,,,,,,,,,,,,,,,,,,,,0,0
4147,138233,,,,,,,,,,,,,,,,,,,,,,,,,0,0
4148,138267,,,,,,,,,,,,,,,,,,,,,,,,,0,0
4149,138300,,,,,,,,,,,,,,,,,,,,,,,,,0,0
4150,138333,,,,,,,,,,,,,,,,,,,,,,,,,0,0
4151,138367,,,,,,,,,,,,,,,,,,,,,,,,,0,0
4152,138400,,,,,,,,,,,,,,,,,,,,,,,,,0,0
4153,138433,,,,,,,,,,,,,,,,,,,,,,,,,0,0
4154,138467,,,,,,,,,,,,,,,,,,,,,,,,,0,0
4155,138500,,,,,,,,,,,,,,,,,,,,,,,,,0,0
4156,138533,,,,,,,,,,,,,,,,,,,,,,,,,0,0
4157,138567,,,,,,,,,,,,,,,,,,,,,,,,,0,0
4158,138600,,,,,,,,,,,,,,,,,,,,,,,,,0,0
4159,138633,,,,,,,,,,,,,,,,,,,,,,,,,0,0
4160,138667,,,,,,,,,,,,,,,,,,,,,,,,,0,0
4161,138700,,,,,,,,,,,,,,,,,,,,,,,,,0,0
4162,138733,,,,,,,,,,,,,,,,,,,,,,,,,2,0
4163,138767,,,,,,,,,,,,,,,,,,,,,,,,,0,0
4164,138800,,,,,,,,,,,,,,,,,,,,,,,,,1,1
4165,138833,,,,,,,,,,,,,,,,,,,,,,,,,2,0
4166,138867,,,,,,,,,,,,,,,,,,,,,,,,,15,0
4167,138900,,,,,,,,,,,,,,,,,,,,,,,,,13,1
4168,138933,,,,,,,,,,,,,,,,,,,,,,,,,4,1
4169,138967,,,,,,,,,,,,,,,,,,,,,,,,,4,0
4170,139000,,,,,,,,,,,,,,,,,,,,,,,,,2,0
4171,139033,,,,,,,,,,,,,,,,,,,,,,,,,1,0
4172,139067,,,,,,,,,,,,,,,,,,,,,,,,,1,0
4173,139100,,,,,,,,,,,,,,,,,,,,,,,,,1,0
4174,139133,,,,,,,,,,,,,,,,,,,,,,,,,4,0
4175,139167,,,,,,,,,,,,,,,,,,,,,,,,,10,0
4176,139200,,,,,,,,,,,,,,,,,,,,,,,,,16,-2
4177,139233,,,,,,,,,,,,,,,,,,,,,,,,,22,-4
4178,139267,,,,,,,,,,,,,,,,,,,,,,,,,7,0
4179,139300,,,,,,,,,,,,,,,,,,,,,,,,,3,0
4180,139333,,,,,,,,,,,,,,,,,,,,,,,,,5,1
4181,139367,,,,,,,,,,,,,,,,,,,,,,,,,2,2
4182,139400,,,,,,,,,,,,,,,,,,,,,,,,,2,0
4183,139433,,,,,,,,,,,,,,,,,,,,,,,,,1,0
4184,139467,,,,,,,,,,,,,,,,,,,,,,,,,0,0
4185,139500,,,,,,,,,,,,,,,,,,,,,,,,,0,0
4186,139533,,,,,,,,,,,,,,,,,,,,,,,,,0,0
4187,139567,,,,,,,,,,,,,,,,,,,,,,,,,0,0
4188,139600,,,,,,,,,,,,,,,,,,,,,,,,,0,0
4189,139633,,,,,,,,,,,,,,,,,,,,,,,,,0,0
4190,139667,,,,,,,,,,,,,,,,,,,,,,,,,0,0
4191,139700,,,,,,,,,,,,,,,,,,,,,,,,,0,0
4192,139733,,,,,,,,,,,,,,,,,,,,,,,,,0,0
4193,139767,,,,,,,,,,,,,,,,,,,,,,,,,0,0
4194,139800,,,,,,,,,,,,,,,,,,,,,,,,,0,0
4195,139833,,,,,,,,,,,,,,,,,,,,,,,,,0,0
4196,139867,,,,,,,,,,,,,,,,,,,,,,,,,0,0
4197,139900,,,,,,,,,,,,,,,,,,,,,,,,,0,0
4198,139933,,,,,,,,,,,,,,,,,,,,,,,,,0,0
4199,139967,,,,,,,,,,,,,,,,,,,,,,,,,0,0
4200,140000,,,,,,,,,,,,,,,,,,,,,,,,,0,0
4201,140033,,,,,,,,,,,,,,,,,,,,,,,,,0,0
4202,140067,,,,,,,,,,,,,,,,,,,,,,,,,0,0
4203,140100,,,,,,,,,,,,,,,,,,,,,,,,,0,0
4204,140133,,,,,,,,,,,,,,,,,,,,,,,,,0,0
4205,140167,,,,,,,,,,,,,,,,,,,,,,,,,0,0
4206,140200,,,,,,,,,,,,,,,,,,,,,,,,,0,0
4207,140233,,,,,,,,,,,,,,,,,,,,,,,,,0,0
4208,140267,,,,,,,,,,,,,,,,,,,,,,,,,0,0
4209,140300,,,,,,,,,,,,,,,,,,,,,,,,,0,0
4210,140333,,,,,,,,,,,,,,,,,,,,,,,,,0,0
4211,140367,,,,,,,,,,,,,,,,,,,,,,,,,0,0
4212,140400,,,,,,,,,,,,,,,,,,,,,,,,,0,0
4213,140433,,,,,,,,,,,,,,,,,,,,,,,,,0,0
4214,140467,,,,,,,,,,,,,,,,,,,,,,,,,0,0
4215,140500,,,,,,,,,,,,,,,,,,,,,,,,,0,0
4216,140533,,,,,,,,,,,,,,,,,,,,,,,,,0,0
4217,140567,,,,,,,,,,,,,,,,,,,,,,,,,0,0
4218,140600,,,,,,,,,,,,,,,,,,,,,,,,,0,0
4219,140633,,,,,,,,,,,,,,,,,,,,,,,,,0,0
4220,140667,,,,,,,,,,,,,,,,,,,,,,,,,0,0
4221,140700,,,,,,,,,,,,,,,,,,,,,,,,,0,0
4222,140733,,,,,,,,,,,,,,,,,,,,,,,,,0,0
4223,140767,,,,,,,,,,,,,,,,,,,,,,,,,0,0
4224,140800,,,,,,,,,,,,,,,,,,,,,,,,,0,0
4225,140833,,,,,,,,,,,,,,,,,,,,,,,,,0,0
4226,140867,,,,,,,,,,,,,,,,,,,,,,,,,-2,1
4227,140900,,,,,,,,,,,,,,,,,,,,,,,,,0,0
4228,140933,,,,,,,,,,,,,,,,,,,,,,,,,0,1
4229,140967,,,,,,,,,,,,,,,,,,,,,,,,,9,2
4230,141000,,,,,,,,,,,,,,,,,,,,,,,,,51,1
4231,141033,,,,,,,,,,,,,,,,,,,,,,,,,86,-1
4232,141067,,,,,,,,,,,,,,,,,,,,,,,,,58,-1
4233,141100,,,,,,,,,,,,,,,,,,,,,,,,,29,2
4234,141133,,,,,,,,,,,,,,,,,,,,,,,,,9,1
4235,141167,,,,,,,,,,,,,,,,,,,,,,d,move_right,,13,3
4236,141200,,,,,,,,,,,,,,,,,,,,,,d,move_right,,39,3
4237,141233,,,,,,,,,,,,,,,,,,,,,,d,move_right,,44,-2
4238,141267,,,,,,,,,,,,,,,,,,,,,,d,move_right,,43,-3
4239,141300,,,,,,,,,,,,,,,,,,,,,,d|w,move_up|move_right,,32,-2
4240,141333,,,,,,,,,,,,,,,,,,,,,,d|w,move_up|move_right,,18,0
4241,141367,,,,,,,,,,,,,,,,,,,,,,d|w,move_up|move_right,,11,1
4242,141400,,,,,,,,,,,,,,,,,,,,,,d|w,move_up|move_right,,14,3
4243,141433,,,,,,,,,,,,,,,,,,,,,,d|w,move_up|move_right,,18,4
4244,141467,,,,,,,,,,,,,,,,,,,,,,d|w,move_up|move_right,,26,2
4245,141500,,,,,,,,,,,,,,,,,,,,,,d|w,move_up|move_right,,23,2
4246,141533,,,,,,,,,,,,,,,,,,,,,,w,move_up,,19,2
4247,141567,,,,,,,,,,,,,,,,,,,,,,w,move_up,,24,0
4248,141600,,,,,,,,,,,,,,,,,,,,,,w,move_up,,18,0
4249,141633,,,,,,,,,,,,,,,,,,,,,,w,move_up,,11,0
4250,141667,,,,,,,,,,,,,,,,,,,,,,w,move_up,,18,2
4251,141700,,,,,,,,,,,,,,,,,,,,,,w,move_up,,16,2
4252,141733,,,,,,,,,,,,,,,,,,,,,,w,move_up,,4,0
4253,141767,,,,,,,,,,,,,,,,,,,,,,w,move_up,,0,0
4254,141800,,,,,,,,,,,,,,,,,,,,,,w,move_up,,0,0
4255,141833,,,,,,,,,,,,,,,,,,,,,,w,move_up,,-11,1
4256,141867,,,,,,,,,,,,,,,,,,,,,,w,move_up,,-31,3
4257,141900,,,,,,,,,,,,,,,,,,,,,,w,move_up,,-48,2
4258,141933,,,,,,,,,,,,,,,,,,,,,,w,move_up,,-62,2
4259,141967,,,,,,,,,,,,,,,,,,,,,,d|w,move_up|move_right,,-48,0
4260,142000,,,,,,,,,,,,,,,,,,,,,,d|w,move_up|move_right,,-34,-3
4261,142033,,,,,,,,,,,,,,,,,,,,,,d|w,move_up|move_right,,-17,-1
4262,142067,,,,,,,,,,,,,,,,,,,,,,d|w,move_up|move_right,,-28,0
4263,142100,,,,,,,,,,,,,,,,,,,,,,d|w,move_up|move_right,,-29,1
4264,142133,,,,,,,,,,,,,,,,,,,,,,w,move_up,,-16,1
4265,142167,,,,,,,,,,,,,,,,,,,,,,w,move_up,,-8,0
4266,142200,,,,,,,,,,,,,,,,,,,,,,w,move_up,,-3,2
4267,142233,,,,,,,,,,,,,,,,,,,,,,,,,-4,1
4268,142267,,,,,,,,,,,,,,,,,,,,,,,,,-2,1
4269,142300,,,,,,,,,,,,,,,,,,,,,,,,,-2,0
4270,142333,,,,,,,,,,,,,,,,,,,,,,w,move_up,,-2,1
4271,142367,,,,,,,,,,,,,,,,,,,,,,w,move_up,,0,0
4272,142400,,,,,,,,,,,,,,,,,,,,,,w,move_up,,1,0
4273,142433,,,,,,,,,,,,,,,,,,,,,,d|w,move_up|move_right,,17,-1
4274,142467,,,,,,,,,,,,,,,,,,,,,,d|w,move_up|move_right,,19,-1
4275,142500,,,,,,,,,,,,,,,,,,,,,,d|w,move_up|move_right,,2,0
4276,142533,,,,,,,,,,,,,,,,,,,,,,w,move_up,,0,0
4277,142567,,,,,,,,,,,,,,,,,,,,,,w,move_up,,0,0
4278,142600,,,,,,,,,,,,,,,,,,,,,,w,move_up,,-1,0
4279,142633,,,,,,,,,,,,,,,,,,,,,,w,move_up,,0,0
4280,142667,,,,,,,,,,,,,,,,,,,,,,w,move_up,,0,0
4281,142700,,,,,,,,,,,,,,,,,,,,,,w,move_up,,-2,0
4282,142733,,,,,,,,,,,,,,,,,,,,,,w,move_up,,-4,1
4283,142767,,,,,,,,,,,,,,,,,,,,,,w,move_up,,-10,2
4284,142800,,,,,,,,,,,,,,,,,,,,,,w,move_up,,-9,2
4285,142833,,,,,,,,,,,,,,,,,,,,,,w,move_up,,-7,1
4286,142867,,,,,,,,,,,,,,,,,,,,,,w,move_up,,-2,0
4287,142900,,,,,,,,,,,,,,,,,,,,,,w,move_up,,-1,1
4288,142933,,,,,,,,,,,,,,,,,,,,,,w,move_up,,-4,0
4289,142967,,,,,,,,,,,,,,,,,,,,,,w,move_up,,-7,0
4290,143000,,,,,,,,,,,,,,,,,,,,,,w,move_up,,-10,-1
4291,143033,,,,,,,,,,,,,,,,,,,,,,d|w,move_up|move_right,,-8,-1
4292,143067,,,,,,,,,,,,,,,,,,,,,,d|w,move_up|move_right,,-8,-2
4293,143100,,,,,,,,,,,,,,,,,,,,,,d|w,move_up|move_right,,-4,-1
4294,143133,,,,,,,,,,,,,,,,,,,,,,d|w,move_up|move_right,,-3,0
4295,143167,,,,,,,,,,,,,,,,,,,,,,d|w,move_up|move_right,,-1,-1
4296,143200,,,,,,,,,,,,,,,,,,,,,,d|w,move_up|move_right,,-2,0
4297,143233,,,,,,,,,,,,,,,,,,,,,,d|w,move_up|move_right,,0,0
4298,143267,,,,,,,,,,,,,,,,,,,,,,d|w,move_up|move_right,,0,0
4299,143300,,,,,,,,,,,,,,,,,,,,,,w,move_up,,0,0
4300,143333,,,,,,,,,,,,,,,,,,,,,,w,move_up,,0,0
4301,143367,,,,,,,,,,,,,,,,,,,,,,d|w,move_up|move_right,,0,0
4302,143400,,,,,,,,,,,,,,,,,,,,,,d|w,move_up|move_right,,0,0
4303,143433,,,,,,,,,,,,,,,,,,,,,,d|w,move_up|move_right,,0,0
4304,143467,,,,,,,,,,,,,,,,,,,,,,d|w,move_up|move_right,,0,0
4305,143500,,,,,,,,,,,,,,,,,,,,,,d|w,move_up|move_right,,0,0
4306,143533,,,,,,,,,,,,,,,,,,,,,,d|w,move_up|move_right,,15,-1
4307,143567,,,,,,,,,,,,,,,,,,,,,,d|w,move_up|move_right,,19,0
4308,143600,,,,,,,,,,,,,,,,,,,,,,w,move_up,,6,0
4309,143633,,,,,,,,,,,,,,,,,,,,,,w,move_up,,-1,0
4310,143667,,,,,,,,,,,,,,,,,,,,,,w,move_up,,-15,2
4311,143700,,,,,,,,,,,,,,,,,,,,,,w,move_up,,-30,1
4312,143733,,,,,,,,,,,,,,,,,,,,,,d|w,move_up|move_right,,-33,0
4313,143767,,,,,,,,,,,,,,,,,,,,,,d|w,move_up|move_right,,-24,-1
4314,143800,,,,,,,,,,,,,,,,,,,,,,d|w,move_up|move_right,,-10,-1
4315,143833,,,,,,,,,,,,,,,,,,,,,,d|w,move_up|move_right,,-12,0
4316,143867,,,,,,,,,,,,,,,,,,,,,,d|w,move_up|move_right,,-14,0
4317,143900,,,,,,,,,,,,,,,,,,,,,,d|w,move_up|move_right,,-19,0
4318,143933,,,,,,,,,,,,,,,,,,,,,,d|w,move_up|move_right,,-26,0
4319,143967,,,,,,,,,,,,,,,,,,,,,,d|w,move_up|move_right,,-25,0
4320,144000,,,,,,,,,,,,,,,,,,,,,,d|w,move_up|move_right,,-19,0
4321,144033,,,,,,,,,,,,,,,,,,,,,,w,move_up,,-5,0
4322,144067,,,,,,,,,,,,,,,,,,,,,,w,move_up,,-11,0
4323,144100,,,,,,,,,,,,,,,,,,,,,,d|w,move_up|move_right,,-11,1
4324,144133,,,,,,,,,,,,,,,,,,,,,,d|w,move_up|move_right,,-9,1
4325,144167,,,,,,,,,,,,,,,,,,,,,,d|w,move_up|move_right,,-12,1
4326,144200,,,,,,,,,,,,,,,,,,,,,,d|w,move_up|move_right,,-16,2
4327,144233,,,,,,,,,,,,,,,,,,,,,,d|w,move_up|move_right,,-18,0
4328,144267,,,,,,,,,,,,,,,,,,,,,,w,move_up,,-19,1
4329,144300,,,,,,,,,,,,,,,,,,,,,,w,move_up,,-14,0
4330,144333,,,,,,,,,,,,,,,,,,,,,,w,move_up,,-5,0
4331,144367,,,,,,,,,,,,,,,,,,,,,,w,move_up,,-9,0
4332,144400,,,,,,,,,,,,,,,,,,,,,,w,move_up,,-12,0
4333,144433,,,,,,,,,,,,,,,,,,,,,,w,move_up,,-22,1
4334,144467,,,,,,,,,,,,,,,,,,,,,,d|w,move_up|move_right,,-22,0
4335,144500,,,,,,,,,,,,,,,,,,,,,,d|w,move_up|move_right,,-16,0
4336,144533,,,,,,,,,,,,,,,,,,,,,,d|w,move_up|move_right,,-3,0
4337,144567,,,,,,,,,,,,,,,,,,,,,,d|w,move_up|move_right,,0,0
4338,144600,,,,,,,,,,,,,,,,,,,,,,d|w,move_up|move_right,,0,0
4339,144633,,,,,,,,,,,,,,,,,,,,,,d|w,move_up|move_right,,0,0
4340,144667,,,,,,,,,,,,,,,,,,,,,,w,move_up,,1,0
4341,144700,,,,,,,,,,,,,,,,,,,,,,w,move_up,,13,-1
4342,144733,,,,,,,,,,,,,,,,,,,,,,w,move_up,,12,-1
4343,144767,,,,,,,,,,,,,,,,,,,,,,w,move_up,,32,7
4344,144800,,,,,,,,,,,,,,,,,,,,,,w,move_up,,0,0
4345,144833,,,,,,,,,,,,,,,,,,,,,,w,move_up,,0,0
4346,144867,,,,,,,,,,,,,,,,,,,,,,w,move_up,,0,0
4347,144900,,,,,,,,,,,,,,,,,,,,,,w,move_up,,0,0
4348,144933,,,,,,,,,,,,,,,,,,,,,,w,move_up,,0,0
4349,144967,,,,,,,,,,,,,,,,,,,,,,w,move_up,,1,0
4350,145000,,,,,,,,,,,,,,,,,,,,,,w,move_up,,28,-1
4351,145033,,,,,,,,,,,,,,,,,,,,,,w,move_up,,28,2
4352,145067,,,,,,,,,,,,,,,,,,,,,,w,move_up,,19,1
4353,145100,,,,,,,,,,,,,,,,,,,,,,w,move_up,,3,0
4354,145133,,,,,,,,,,,,,,,,,,,,,,w,move_up,,1,0
4355,145167,,,,,,,,,,,,,,,,,,,,,,w,move_up,,0,-1
4356,145200,,,,,,,,,,,,,,,,,,,,,,w,move_up,,0,0
4357,145233,,,,,,,,,,,,,,,,,,,,,,w,move_up,,-5,0
4358,145267,,,,,,,,,,,,,,,,,,,,,,w,move_up,,-19,0
4359,145300,,,,,,,,,,,,,,,,,,,,,,w,move_up,,-16,0
4360,145333,,,,,,,,,,,,,,,,,,,,,,w,move_up,,-16,-5
4361,145367,,,,,,,,,,,,,,,,,,,,,,w,move_up,,-18,-6
4362,145400,,,,,,,,,,,,,,,,,,,,,,d|w,move_up|move_right,,-18,-4
4363,145433,,,,,,,,,,,,,,,,,,,,,,d|w,move_up|move_right,,-8,-3
4364,145467,,,,,,,,,,,,,,,,,,,,,,d|w,move_up|move_right,,-1,0
4365,145500,,,,,,,,,,,,,,,,,,,,,,d|w,move_up|move_right,,0,0
4366,145533,,,,,,,,,,,,,,,,,,,,,,w,move_up,,0,0
4367,145567,,,,,,,,,,,,,,,,,,,,,,w,move_up,,0,0
4368,145600,,,,,,,,,,,,,,,,,,,,,,w,move_up,,-1,0
4369,145633,,,,,,,,,,,,,,,,,,,,,,d|w,move_up|move_right,,-10,0
4370,145667,,,,,,,,,,,,,,,,,,,,,,d|w,move_up|move_right,,-26,1
4371,145700,,,,,,,,,,,,,,,,,,,,,,d|w,move_up|move_right,,-49,1
4372,145733,,,,,,,,,,,,,,,,,,,,,,d|w,move_up|move_right,,-24,1
4373,145767,,,,,,,,,,,,,,,,,,,,,,d|w,move_up|move_right,,-3,0
4374,145800,,,,,,,,,,,,,,,,,,,,,,w,move_up,,0,0
4375,145833,,,,,,,,,,,,,,,,,,,,,,w,move_up,,0,0
4376,145867,,,,,,,,,,,,,,,,,,,,,,w,move_up,,0,0
4377,145900,,,,,,,,,,,,,,,,,,,,,,d|w,move_up|move_right,,0,0
4378,145933,,,,,,,,,,,,,,,,,,,,,,d|w,move_up|move_right,,0,0
4379,145967,,,,,,,,,,,,,,,,,,,,,,d|w,move_up|move_right,,0,0
4380,146000,,,,,,,,,,,,,,,,,,,,,,d|w,move_up|move_right,,0,2
4381,146033,,,,,,,,,,,,,,,,,,,,,,d|w,move_up|move_right,,18,3
4382,146067,,,,,,,,,,,,,,,,,,,,,,w,move_up,,47,2
4383,146100,,,,,,,,,,,,,,,,,,,,,,w,move_up,,61,1
4384,146133,,,,,,,,,,,,,,,,,,,,,,w,move_up,,34,0
4385,146167,,,,,,,,,,,,,,,,,,,,,,w,move_up,,4,1
4386,146200,,,,,,,,,,,,,,,,,,,,,,w,move_up,,0,0
4387,146233,,,,,,,,,,,,,,,,,,,,,,w,move_up,,0,0
4388,146267,,,,,,,,,,,,,,,,,,,,,,w,move_up,,0,0
4389,146300,,,,,,,,,,,,,,,,,,,,,,w,move_up,,0,0
4390,146333,,,,,,,,,,,,,,,,,,,,,,w,move_up,,0,0
4391,146367,,,,,,,,,,,,,,,,,,,,,,w,move_up,,0,0
4392,146400,,,,,,,,,,,,,,,,,,,,,,w,move_up,,0,0
4393,146433,,,,,,,,,,,,,,,,,,,,,,w,move_up,,-2,0
4394,146467,,,,,,,,,,,,,,,,,,,,,,w,move_up,,-16,1
4395,146500,,,,,,,,,,,,,,,,,,,,,,w,move_up,,-45,1
4396,146533,,,,,,,,,,,,,,,,,,,,,,d|w,move_up|move_right,,-46,-1
4397,146567,,,,,,,,,,,,,,,,,,,,,,d|w,move_up|move_right,,-27,-2
4398,146600,,,,,,,,,,,,,,,,,,,,,,d|w,move_up|move_right,,-8,-1
4399,146633,,,,,,,,,,,,,,,,,,,,,,d|w,move_up|move_right,,-1,-1
4400,146667,,,,,,,,,,,,,,,,,,,,,,d|w,move_up|move_right,,-6,0
4401,146700,,,,,,,,,,,,,,,,,,,,,,d|w,move_up|move_right,,-10,-1
4402,146733,,,,,,,,,,,,,,,,,,,,,,d|w,move_up|move_right,,-13,0
4403,146767,,,,,,,,,,,,,,,,,,,,,,d|w,move_up|move_right,,-24,-2
4404,146800,,,,,,,,,,,,,,,,,,,,,,d|w,move_up|move_right,,-21,-1
4405,146833,,,,,,,,,,,,,,,,,,,,,,d|w,move_up|move_right,,-8,0
4406,146867,,,,,,,,,,,,,,,,,,,,,,d|w,move_up|move_right,,0,0
4407,146900,,,,,,,,,,,,,,,,,,,,,,d|w,move_up|move_right,,8,-2
4408,146933,,,,,,,,,,,,,,,,,,,,,,d|w,move_up|move_right,,47,-2
4409,146967,,,,,,,,,,,,,,,,,,,,,,w,move_up,,70,0
4410,147000,,,,,,,,,,,,,,,,,,,,,,w,move_up,,83,4
4411,147033,,,,,,,,,,,,,,,,,,,,,,w,move_up,,42,4
4412,147067,,,,,,,,,,,,,,,,,,,,,,w,move_up,,15,3
4413,147100,,,,,,,,,,,,,,,,,,,,,,w,move_up,,8,0
4414,147133,,,,,,,,,,,,,,,,,,,,,,w,move_up,,7,0
4415,147167,,,,,,,,,,,,,,,,,,,,,,w,move_up,,16,0
4416,147200,,,,,,,,,,,,,,,,,,,,,,w,move_up,,26,1
4417,147233,,,,,,,,,,,,,,,,,,,,,,w,move_up,,29,0
4418,147267,,,,,,,,,,,,,,,,,,,,,,d|w,move_up|move_right,,12,0
4419,147300,,,,,,,,,,,,,,,,,,,,,,d|w,move_up|move_right,,2,0
4420,147333,,,,,,,,,,,,,,,,,,,,,,d|w,move_up|move_right,,-6,1
4421,147367,,,,,,,,,,,,,,,,,,,,,,d|w,move_up|move_right,,-15,0
4422,147400,,,,,,,,,,,,,,,,,,,,,,d|w,move_up|move_right,,-31,0
4423,147433,,,,,,,,,,,,,,,,,,,,,,d|w,move_up|move_right,,-28,-1
4424,147467,,,,,,,,,,,,,,,,,,,,,,d|w,move_up|move_right,,-23,-1
4425,147500,,,,,,,,,,,,,,,,,,,,,,d|w,move_up|move_right,,-15,-1
4426,147533,,,,,,,,,,,,,,,,,,,,,,d|w,move_up|move_right,,-11,-1
4427,147567,,,,,,,,,,,,,,,,,,,,,,d|w,move_up|move_right,,-8,0
4428,147600,,,,,,,,,,,,,,,,,,,,,,d|w,move_up|move_right,,-3,0
4429,147633,,,,,,,,,,,,,,,,,,,,,,d|w,move_up|move_right,,-3,0
4430,147667,,,,,,,,,,,,,,,,,,,,,,d|w,move_up|move_right,,-9,-1
4431,147700,,,,,,,,,,,,,,,,,,,,,,d|w,move_up|move_right,,-23,0
4432,147733,,,,,,,,,,,,,,,,,,,,,,w,move_up,,-33,0
4433,147767,,,,,,,,,,,,,,,,,,,,,,w,move_up,,-53,0
4434,147800,,,,,,,,,,,,,,,,,,,,,,d|w,move_up|move_right,,-39,0
4435,147833,,,,,,,,,,,,,,,,,,,,,,d|w,move_up|move_right,,-22,-1
4436,147867,,,,,,,,,,,,,,,,,,,,,,d|w,move_up|move_right,,-6,0
4437,147900,,,,,,,,,,,,,,,,,,,,,,d|w,move_up|move_right,,-3,0
4438,147933,,,,,,,,,,,,,,,,,,,,,,d|w,move_up|move_right,,-8,0
4439,147967,,,,,,,,,,,,,,,,,,,,,,w,move_up,,-15,1
4440,148000,,,,,,,,,,,,,,,,,,,,,,w,move_up,,-22,0
4441,148033,,,,,,,,,,,,,,,,,,,,,,w,move_up,,-27,0
4442,148067,,,,,,,,,,,,,,,,,,,,,,w,move_up,,-33,-1
4443,148100,,,,,,,,,,,,,,,,,,,,,,w,move_up,,-26,0
4444,148133,,,,,,,,,,,,,,,,,,,,,,w,move_up,,-14,-1
4445,148167,,,,,,,,,,,,,,,,,,,,,,w,move_up,,0,0
4446,148200,,,,,,,,,,,,,,,,,,,,,,w,move_up,,0,0
4447,148233,,,,,,,,,,,,,,,,,,,,,,w,move_up,,0,0
4448,148267,,,,,,,,,,,,,,,,,,,,,,w,move_up,,10,-2
4449,148300,,,,,,,,,,,,,,,,,,,,,,w,move_up,,15,-2
4450,148333,,,,,,,,,,,,,,,,,,,,,,w,move_up,,18,-1
4451,148367,,,,,,,,,,,,,,,,,,,,,,w,move_up,,26,-1
4452,148400,,,,,,,,,,,,,,,,,,,,,,w,move_up,,4,0
4453,148433,,,,,,,,,,,,,,,,,,,,,,w,move_up,,0,0
4454,148467,,,,,,,,,,,,,,,,,,,,,,w,move_up,,0,0
4455,148500,,,,,,,,,,,,,,,,,,,,,,w,move_up,,0,0
4456,148533,,,,,,,,,,,,,,,,,,,,,,w,move_up,,0,0
4457,148567,,,,,,,,,,,,,,,,,,,,,,w,move_up,,-4,1
4458,148600,,,,,,,,,,,,,,,,,,,,,,w,move_up,,-17,4
4459,148633,,,,,,,,,,,,,,,,,,,,,,w,move_up,,-15,1
4460,148667,,,,,,,,,,,,,,,,,,,,,,w,move_up,,-27,1
4461,148700,,,,,,,,,,,,,,,,,,,,,,w,move_up,,-5,0
4462,148733,,,,,,,,,,,,,,,,,,,,,,d|w,move_up|move_right,,0,0
4463,148767,,,,,,,,,,,,,,,,,,,,,,d|w,move_up|move_right,,-1,0
4464,148800,,,,,,,,,,,,,,,,,,,,,,d|w,move_up|move_right,,-3,0
4465,148833,,,,,,,,,,,,,,,,,,,,,,d|w,move_up|move_right,,-16,0
4466,148867,,,,,,,,,,,,,,,,,,,,,,d|w,move_up|move_right,,-41,0
4467,148900,,,,,,,,,,,,,,,,,,,,,,d|w,move_up|move_right,,-40,0
4468,148933,,,,,,,,,,,,,,,,,,,,,,d|w,move_up|move_right,,-29,0
4469,148967,,,,,,,,,,,,,,,,,,,,,,d|w,move_up|move_right,,-8,-1
4470,149000,,,,,,,,,,,,,,,,,,,,,,d|w,move_up|move_right,,0,0
4471,149033,,,,,,,,,,,,,,,,,,,,,,w,move_up,,0,0
4472,149067,,,,,,,,,,,,,,,,,,,,,,w,move_up,,0,0
4473,149100,,,,,,,,,,,,,,,,,,,,,,w,move_up,,0,0
4474,149133,,,,,,,,,,,,,,,,,,,,,,w,move_up,,0,0
4475,149167,,,,,,,,,,,,,,,,,,,,,,w,move_up,,0,0
4476,149200,,,,,,,,,,,,,,,,,,,,,,w,move_up,,0,0
4477,149233,,,,,,,,,,,,,,,,,,,,,,w,move_up,,15,-3
4478,149267,,,,,,,,,,,,,,,,,,,,,,w,move_up,,61,-5
4479,149300,,,,,,,,,,,,,,,,,,,,,,w,move_up,,88,-1
4480,149333,,,,,,,,,,,,,,,,,,,,,,a|w,move_up|move_left,,102,2
4481,149367,,,,,,,,,,,,,,,,,,,,,,a|w,move_up|move_left,,86,3
4482,149400,,,,,,,,,,,,,,,,,,,,,,a|w,move_up|move_left,,63,2
4483,149433,,,,,,,,,,,,,,,,,,,,,,a|w,move_up|move_left,,31,2
4484,149467,,,,,,,,,,,,,,,,,,,,,,a|w,move_up|move_left,,24,1
4485,149500,,,,,,,,,,,,,,,,,,,,,,a|w,move_up|move_left,,30,0
4486,149533,,,,,,,,,,,,,,,,,,,,,,w,move_up,,25,0
4487,149567,,,,,,,,,,,,,,,,,,,,,,w,move_up,,18,0
4488,149600,,,,,,,,,,,,,,,,,,,,,,w,move_up,,29,0
4489,149633,,,,,,,,,,,,,,,,,,,,,,w,move_up,,33,1
4490,149667,,,,,,,,,,,,,,,,,,,,,,w,move_up,,40,0
4491,149700,,,,,,,,,,,,,,,,,,,,,,w,move_up,,49,1
4492,149733,,,,,,,,,,,,,,,,,,,,,,d|w,move_up|move_right,,36,1
4493,149767,,,,,,,,,,,,,,,,,,,,,,d|w,move_up|move_right,,13,0
4494,149800,,,,,,,,,,,,,,,,,,,,,,d|w,move_up|move_right,,0,0
4495,149833,,,,,,,,,,,,,,,,,,,,,,d|w,move_up|move_right,,1,0
4496,149867,,,,,,,,,,,,,,,,,,,,,,d|w,move_up|move_right,,0,0
4497,149900,,,,,,,,,,,,,,,,,,,,,,d|w,move_up|move_right,,-5,1
4498,149933,,,,,,,,,,,,,,,,,,,,,,d|w,move_up|move_right,,-7,0
4499,149967,,,,,,,,,,,,,,,,,,,,,,d|w,move_up|move_right,,-3,0
4500,150000,,,,,,,,,,,,,,,,,,,,,,d|w,move_up|move_right,,-22,1
4501,150033,,,,,,,,,,,,,,,,,,,,,,d|w,move_up|move_right,,-61,0
4502,150067,,,,,,,,,,,,,,,,,,,,,,w,move_up,,-87,0
4503,150100,,,,,,,,,,,,,,,,,,,,,,w,move_up,,-137,-3
4504,150133,,,,,,,,,,,,,,,,,,,,,,w,move_up,,-115,-3
4505,150167,,,,,,,,,,,,,,,,,,,,,,w,move_up,,-113,-6
4506,150200,,,,,,,,,,,,,,,,,,,,,,w,move_up,,-48,-3
4507,150233,,,,,,,,,,,,,,,,,,,,,,w,move_up,,-27,0
4508,150267,,,,,,,,,,,,,,,,,,,,,,w,move_up,,-20,2
4509,150300,,,,,,,,,,,,,,,,,,,,,,w,move_up,,-23,0
4510,150333,,,,,,,,,,,,,,,,,,,,,,w,move_up,,-27,0
4511,150367,,,,,,,,,,,,,,,,,,,,,,w,move_up,,-34,0
4512,150400,,,,,,,,,,,,,,,,,,,,,,w,move_up,,-44,-1
4513,150433,,,,,,,,,,,,,,,,,,,,,,w,move_up,,-33,0
4514,150467,,,,,,,,,,,,,,,,,,,,,,w,move_up,,-32,0
4515,150500,,,,,,,,,,,,,,,,,,,,,,w,move_up,,-38,1
4516,150533,,,,,,,,,,,,,,,,,,,,,,w,move_up,,-36,1
4517,150567,,,,,,,,,,,,,,,,,,,,,,w,move_up,,-30,1
4518,150600,,,,,,,,,,,,,,,,,,,,,,w,move_up,,-24,0
4519,150633,,,,,,,,,,,,,,,,,,,,,,w,move_up,,-15,0
4520,150667,,,,,,,,,,,,,,,,,,,,,,w,move_up,,-6,0
4521,150700,,,,,,,,,,,,,,,,,,,,,,w,move_up,,-11,0
4522,150733,,,,,,,,,,,,,,,,,,,,,,w,move_up,,-15,1
4523,150767,,,,,,,,,,,,,,,,,,,,,,w,move_up,,-25,2
4524,150800,,,,,,,,,,,,,,,,,,,,,,w,move_up,,-24,1
4525,150833,,,,,,,,,,,,,,,,,,,,,,w,move_up,,-12,0
4526,150867,,,,,,,,,,,,,,,,,,,,,,w,move_up,,1,0
4527,150900,,,,,,,,,,,,,,,,,,,,,,w,move_up,,1,0
4528,150933,,,,,,,,,,,,,,,,,,,,,,w,move_up,,6,0
4529,150967,,,,,,,,,,,,,,,,,,,,,,w,move_up,,20,-2
4530,151000,,,,,,,,,,,,,,,,,,,,,,w,move_up,,14,0
4531,151033,,,,,,,,,,,,,,,,,,,,,,w,move_up,,8,0
4532,151067,,,,,,,,,,,,,,,,,,,,,,w,move_up,,7,0
4533,151100,,,,,,,,,,,,,,,,,,,,,,w,move_up,,0,0
4534,151133,,,,,,,,,,,,,,,,,,,,,,w,move_up,,-1,1
4535,151167,,,,,,,,,,,,,,,,,,,,,,w,move_up,,-10,3
4536,151200,,,,,,,,,,,,,,,,,,,,,,w,move_up,,-21,4
4537,151233,,,,,,,,,,,,,,,,,,,,,,w,move_up,,-11,2
4538,151267,,,,,,,,,,,,,,,,,,,,,,w,move_up,,1,0
4539,151300,,,,,,,,,,,,,,,,,,,,,,w,move_up,,76,-6
4540,151333,,,,,,,,,,,,,,,,,,,,,,w,move_up,,86,-2
4541,151367,,,,,,,,,,,,,,,,,,,,,,w,move_up,,64,0
4542,151400,,,,,,,,,,,,,,,,,,,,,,w,move_up,,45,0
4543,151433,,,,,,,,,,,,,,,,,,,,,,w,move_up,,36,1
4544,151467,,,,,,,,,,,,,,,,,,,,,,w,move_up,,17,1
4545,151500,,,,,,,,,,,,,,,,,,,,,,w,move_up,,10,0
4546,151533,,,,,,,,,,,,,,,,,,,,,,w,move_up,,11,-1
4547,151567,,,,,,,,,,,,,,,,,,,,,,w,move_up,,6,0
4548,151600,,,,,,,,,,,,,,,,,,,,,,w,move_up,,8,0
4549,151633,,,,,,,,,,,,,,,,,,,,,,w,move_up,,16,-1
4550,151667,,,,,,,,,,,,,,,,,,,,,,d|w,move_up|move_right,,6,0
4551,151700,,,,,,,,,,,,,,,,,,,,,,d|w,move_up|move_right,,7,0
4552,151733,,,,,,,,,,,,,,,,,,,,,,d|w,move_up|move_right,,14,0
4553,151767,,,,,,,,,,,,,,,,,,,,,,w,move_up,,25,-1
4554,151800,,,,,,,,,,,,,,,,,,,,,,w,move_up,,49,-2
4555,151833,,,,,,,,,,,,,,,,,,,,,,w,move_up,,30,0
4556,151867,,,,,,,,,,,,,,,,,,,,,,w,move_up,,12,1
4557,151900,,,,,,,,,,,,,,,,,,,,,,w,move_up,,3,0
4558,151933,,,,,,,,,,,,,,,,,,,,,,a|w,move_up|move_left,,2,0
4559,151967,,,,,,,,,,,,,,,,,,,,,,a|w,move_up|move_left,,6,1
4560,152000,,,,,,,,,,,,,,,,,,,,,,a|w,move_up|move_left,,20,0
4561,152033,,,,,,,,,,,,,,,,,,,,,,a|w,move_up|move_left,,38,0
4562,152067,,,,,,,,,,,,,,,,,,,,,,a|w,move_up|move_left,,38,0
4563,152100,,,,,,,,,,,,,,,,,,,,,,a|w,move_up|move_left,,28,-1
4564,152133,,,,,,,,,,,,,,,,,,,,,,a|w,move_up|move_left,,21,0
4565,152167,,,,,,,,,,,,,,,,,,,,,,a|w,move_up|move_left,,7,0
4566,152200,,,,,,,,,,,,,,,,,,,,,,a|w,move_up|move_left,,2,0
4567,152233,,,,,,,,,,,,,,,,,,,,,,a|w,move_up|move_left,,3,0
4568,152267,,,,,,,,,,,,,,,,,,,,,,a|w,move_up|move_left,,6,0
4569,152300,,,,,,,,,,,,,,,,,,,,,,a|w,move_up|move_left,,6,0
4570,152333,,,,,,,,,,,,,,,,,,,,,,a|w,move_up|move_left,,9,-1
4571,152367,,,,,,,,,,,,,,,,,,,,,,a|w,move_up|move_left,,15,-2
4572,152400,,,,,,,,,,,,,,,,,,,,,,a|w,move_up|move_left,,14,-3
4573,152433,,,,,,,,,,,,,,,,,,,,,,a|w,move_up|move_left,,11,-3
4574,152467,,,,,,,,,,,,,,,,,,,,,,a|w,move_up|move_left,,2,-2
4575,152500,,,,,,,,,,,,,,,,,,,,,,w,move_up,,1,-1
4576,152533,,,,,,,,,,,,,,,,,,,,,,w,move_up,,0,0
4577,152567,,,,,,,,,,,,,,,,,,,,,,w,move_up,,1,0
4578,152600,,,,,,,,,,,,,,,,,,,,,,w,move_up,,0,-2
4579,152633,,,,,,,,,,,,,,,,,,,,,,w,move_up,,0,-1
4580,152667,,,,,,,,,,,,,,,,,,,,,,w,move_up,,-5,-3
4581,152700,,,,,,,,,,,,,,,,,,,,,,w,move_up,,-13,-6
4582,152733,,,,,,,,,,,,,,,,,,,,,,w,move_up,,-21,-10
4583,152767,,,,,,,,,,,,,,,,,,,,,,w,move_up,,-30,-12
4584,152800,,,,,,,,,,,,,,,,,,,,,,w,move_up,,-16,-8
4585,152833,,,,,,,,,,,,,,,,,,,,,,w,move_up,,-3,-6
4586,152867,,,,,,,,,,,,,,,,,,,,,,w,move_up,,-1,-4
4587,152900,,,,,,,,,,,,,,,,,,,,,,w,move_up,,0,-3
4588,152933,,,,,,,,,,,,,,,,,,,,,,w,move_up,,7,-5
4589,152967,,,,,,,,,,,,,,,,,,,,,,w,move_up,,16,-7
4590,153000,,,,,,,,,,,,,,,,,,,,,,,,,24,-9
4591,153033,,,,,,,,,,,,,,,,,,,,,,,,,13,-4
4592,153067,,,,,,,,,,,,,,,,,,,,,,,,,7,-2
4593,153100,,,,,,,,,,,,,,,,,,,,,,,,,5,-1
4594,153133,,,,,,,,,,,,,,,,,,,,,,,,,4,0
4595,153167,,,,,,,,,,,,,,,,,,,,,,,,,2,-1
4596,153200,,,,,,,,,,,,,,,,,,,,,,w,move_up,,4,-2
4597,153233,,,,,,,,,,,,,,,,,,,,,,w,move_up,,9,-2
4598,153267,,,,,,,,,,,,,,,,,,,,,,w,move_up,,11,-2
4599,153300,,,,,,,,,,,,,,,,,,,,,,w,move_up,,4,0
4600,153333,,,,,,,,,,,,,,,,,,,,,,w,move_up,,0,0
4601,153367,,,,,,,,,,,,,,,,,,,,,,w,move_up,,0,0
4602,153400,,,,,,,,,,,,,,,,,,,,,,w,move_up,,0,0
4603,153433,,,,,,,,,,,,,,,,,,,,,,w,move_up,,0,0
4604,153467,,,,,,,,,,,,,,,,,,,,,,w,move_up,,0,0
4605,153500,,,,,,,,,,,,,,,,,,,,,,w,move_up,,0,-1
4606,153533,,,,,,,,,,,,,,,,,,,,,,w,move_up,,0,0
4607,153567,,,,,,,,,,,,,,,,,,,,,,w,move_up,,0,0
4608,153600,,,,,,,,,,,,,,,,,,,,,,w,move_up,,0,0
4609,153633,,,,,,,,,,,,,,,,,,,,,,w,move_up,,0,0
4610,153667,,,,,,,,,,,,,,,,,,,,,,w,move_up,,2,0
4611,153700,,,,,,,,,,,,,,,,,,,,,,w,move_up,,8,-2
4612,153733,,,,,,,,,,,,,,,,,,,,,,w,move_up,,1,0
4613,153767,,,,,,,,,,,,,,,,,,,,,,w,move_up,,0,0
4614,153800,,,,,,,,,,,,,,,,,,,,,,w,move_up,,0,0
4615,153833,,,,,,,,,,,,,,,,,,,,,,w,move_up,,0,0
4616,153867,,,,,,,,,,,,,,,,,,,,,,w,move_up,,-3,0
4617,153900,,,,,,,,,,,,,,,,,,,,,,w,move_up,,-1,0
4618,153933,,,,,,,,,,,,,,,,,,,,,,w,move_up,,-1,0
4619,153967,,,,,,,,,,,,,,,,,,,,,,w,move_up,,0,0
4620,154000,,,,,,,,,,,,,,,,,,,,,,w,move_up,,0,0
4621,154033,,,,,,,,,,,,,,,,,,,,,,w,move_up,,0,0
4622,154067,,,,,,,,,,,,,,,,,,,,,,w,move_up,,0,0
4623,154100,,,,,,,,,,,,,,,,,,,,,,w,move_up,,0,0
4624,154133,,,,,,,,,,,,,,,,,,,,,,w,move_up,,0,0
4625,154167,,,,,,,,,,,,,,,,,,,,,,w,move_up,,0,0
4626,154200,,,,,,,,,,,,,,,,,,,,,,w,move_up,,0,0
4627,154233,,,,,,,,,,,,,,,,,,,,,,w,move_up,,0,0
4628,154267,,,,,,,,,,,,,,,,,,,,,,w,move_up,,0,0
4629,154300,,,,,,,,,,,,,,,,,,,,,,w,move_up,,0,0
4630,154333,,,,,,,,,,,,,,,,,,,,,,w,move_up,,0,0
4631,154367,,,,,,,,,,,,,,,,,,,,,,w,move_up,,0,0
4632,154400,,,,,,,,,,,,,,,,,,,,,,w,move_up,,0,0
4633,154433,,,,,,,,,,,,,,,,,,,,,,w,move_up,,0,0
4634,154467,,,,,,,,,,,,,,,,,,,,,,w,move_up,,0,0
4635,154500,,,,,,,,,,,,,,,,,,,,,,w,move_up,,0,1
4636,154533,,,,,,,,,,,,,,,,,,,,,,w,move_up,,-6,7
4637,154567,,,,,,,,,,,,,,,,,,,,,,w,move_up,,0,0
4638,154600,,,,,,,,,,,,,,,,,,,,,,w,move_up,,0,0
4639,154633,,,,,,,,,,,,,,,,,,,,,,w,move_up,,-11,14
4640,154667,,,,,,,,,,,,,,,,,,,,,,w,move_up,,-23,20
4641,154700,,,,,,,,,,,,,,,,,,,,,,w,move_up,,-10,10
4642,154733,,,,,,,,,,,,,,,,,,,,,,w,move_up,,0,1
4643,154767,,,,,,,,,,,,,,,,,,,,,,w,move_up,,0,0
4644,154800,,,,,,,,,,,,,,,,,,,,,,w,move_up,,-1,1
4645,154833,,,,,,,,,,,,,,,,,,,,,,w,move_up,,0,2
4646,154867,,,,,,,,,,,,,,,,,,,,,,w,move_up,,0,0
4647,154900,,,,,,,,,,,,,,,,,,,,,,w,move_up,,0,0
4648,154933,,,,,,,,,,,,,,,,,,,,,,w,move_up,,0,0
4649,154967,,,,,,,,,,,,,,,,,,,,,,d|w,move_up|move_right,,-4,0
4650,155000,,,,,,,,,,,,,,,,,,,,,,d|w,move_up|move_right,,-11,1
4651,155033,,,,,,,,,,,,,,,,,,,,,,d|w,move_up|move_right,,-19,2
4652,155067,,,,,,,,,,,,,,,,,,,,,,d|w,move_up|move_right,,-17,3
4653,155100,,,,,,,,,,,,,,,,,,,,,,d|w,move_up|move_right,,-8,2
4654,155133,,,,,,,,,,,,,,,,,,,,,,d|w,move_up|move_right,,-3,2
4655,155167,,,,,,,,,,,,,,,,,,,,,,d|w,move_up|move_right,,-17,3
4656,155200,,,,,,,,,,,,,,,,,,,,,,d|w,move_up|move_right,,-26,3
4657,155233,,,,,,,,,,,,,,,,,,,,,,d|w,move_up|move_right,,-22,3
4658,155267,,,,,,,,,,,,,,,,,,,,,,d|w,move_up|move_right,,-20,4
4659,155300,,,,,,,,,,,,,,,,,,,,,,d|w,move_up|move_right,,-15,11
4660,155333,,,,,,,,,,,,,,,,,,,,,,d|w,move_up|move_right,,-9,8
4661,155367,,,,,,,,,,,,,,,,,,,,,,d|w,move_up|move_right,,0,0
4662,155400,,,,,,,,,,,,,,,,,,,,,,d|w,move_up|move_right,,0,0
4663,155433,,,,,,,,,,,,,,,,,,,,,,d|w,move_up|move_right,,0,0
4664,155467,,,,,,,,,,,,,,,,,,,,,,d|w,move_up|move_right,,0,0
4665,155500,,,,,,,,,,,,,,,,,,,,,,w,move_up,,0,0
4666,155533,,,,,,,,,,,,,,,,,,,,,,,,,-1,0
4667,155567,,,,,,,,,,,,,,,,,,,,,,,,,-3,-5
4668,155600,,,,,,,,,,,,,,,,,,,,,,,,,0,0
4669,155633,,,,,,,,,,,,,,,,,,,,,,,,,0,0
4670,155667,,,,,,,,,,,,,,,,,,,,,,,,,1,0
4671,155700,,,,,,,,,,,,,,,,,,,,,,w,move_up,,1,0
4672,155733,,,,,,,,,,,,,,,,,,,,,,d|w,move_up|move_right,,1,0
4673,155767,,,,,,,,,,,,,,,,,,,,,,d|w,move_up|move_right,,0,-1
4674,155800,,,,,,,,,,,,,,,,,,,,,,d|w,move_up|move_right,,-6,0
4675,155833,,,,,,,,,,,,,,,,,,,,,,d|w,move_up|move_right,,-32,0
4676,155867,,,,,,,,,,,,,,,,,,,,,,d|w,move_up|move_right,,-38,1
4677,155900,,,,,,,,,,,,,,,,,,,,,,d|w,move_up|move_right,,-22,0
4678,155933,,,,,,,,,,,,,,,,,,,,,,d|w,move_up|move_right,,-1,-1
4679,155967,,,,,,,,,,,,,,,,,,,,,,d|w,move_up|move_right,,-2,0
4680,156000,,,,,,,,,,,,,,,,,,,,,,d|w,move_up|move_right,,-9,0
4681,156033,,,,,,,,,,,,,,,,,,,,,,d|w,move_up|move_right,,-7,-1
4682,156067,,,,,,,,,,,,,,,,,,,,,,d|w,move_up|move_right,,-2,0
4683,156100,,,,,,,,,,,,,,,,,,,,,,,,,0,0
4684,156133,,,,,,,,,,,,,,,,,,,,,,,,,0,0
4685,156167,,,,,,,,,,,,,,,,,,,,,,,,,0,0
4686,156200,,,,,,,,,,,,,,,,,,,,,,,,,0,0
4687,156233,,,,,,,,,,,,,,,,,,,,,,,,,0,0
4688,156267,,,,,,,,,,,,,,,,,,,,,,,,,0,0
4689,156300,,,,,,,,,,,,,,,,,,,,,,,,,-1,0
4690,156333,,,,,,,,,,,,,,,,,,,,,,,,,0,-1
4691,156367,,,,,,,,,,,,,,,,,,,,,,,,,-3,-1
4692,156400,,,,,,,,,,,,,,,,,,,,,,,,,0,0
4693,156433,,,,,,,,,,,,,,,,,,,,,,,,,0,0
4694,156467,,,,,,,,,,,,,,,,,,,,,,,,,-1,0
4695,156500,,,,,,,,,,,,,,,,,,,,,,,,,0,0
4696,156533,,,,,,,,,,,,,,,,,,,,,,,,,-6,-1
4697,156567,,,,,,,,,,,,,,,,,,,,,,,,,-13,-2
4698,156600,,,,,,,,,,,,,,,,,,,,,,d,move_right,,-15,-1
4699,156633,,,,,,,,,,,,,,,,,,,,,,d,move_right,,-3,-1
4700,156667,,,,,,,,,,,,,,,,,,,,,,d,move_right,,0,0
4701,156700,,,,,,,,,,,,,,,,,,,,,,d,move_right,,0,0
4702,156733,,,,,,,,,,,,,,,,,,,,,,d,move_right,,-1,0
4703,156767,,,,,,,,,,,,,,,,,,,,,,,,,0,0
4704,156800,,,,,,,,,,,,,,,,,,,,,,,,,0,0
4705,156833,,,,,,,,,,,,,,,,,,,,,,,,,0,-1
4706,156867,,,,,,,,,,,,,,,,,,,,,,,,,0,0
4707,156900,,,,,,,,,,,,,,,,,,,,,,,,,0,0
4708,156933,,,,,,,,,,,,,,,,,,,,,,,,,0,0
4709,156967,,,,,,,,,,,,,,,,,,,,,,,,,0,0
4710,157000,,,,,,,,,,,,,,,,,,,,,,,,,0,0
4711,157033,,,,,,,,,,,,,,,,,,,,,,,,,0,0
4712,157067,,,,,,,,,,,,,,,,,,,,,,,,,0,-1
4713,157100,,,,,,,,,,,,,,,,,,,,,,,,,0,0
4714,157133,,,,,,,,,,,,,,,,,,,,,,w,move_up,,0,0
4715,157167,,,,,,,,,,,,,,,,,,,,,,w,move_up,,0,0
4716,157200,,,,,,,,,,,,,,,,,,,,,,w,move_up,,0,0
4717,157233,,,,,,,,,,,,,,,,,,,,,,w,move_up,,0,0
4718,157267,,,,,,,,,,,,,,,,,,,,,,w,move_up,,0,0
4719,157300,,,,,,,,,,,,,,,,,,,,,,w,move_up,,0,0
4720,157333,,,,,,,,,,,,,,,,,,,,,,w,move_up,,0,0
4721,157367,,,,,,,,,,,,,,,,,,,,,,w,move_up,,0,0
4722,157400,,,,,,,,,,,,,,,,,,,,,,w,move_up,,0,0
4723,157433,,,,,,,,,,,,,,,,,,,,,,w,move_up,,-1,0
4724,157467,,,,,,,,,,,,,,,,,,,,,,w,move_up,,1,7
4725,157500,,,,,,,,,,,,,,,,,,,,,,w,move_up,,1,6
4726,157533,,,,,,,,,,,,,,,,,,,,,,w,move_up,,0,0
4727,157567,,,,,,,,,,,,,,,,,,,,,,w,move_up,,0,1
4728,157600,,,,,,,,,,,,,,,,,,,,,,w,move_up,,0,0
4729,157633,,,,,,,,,,,,,,,,,,,,,,w,move_up,,0,0
4730,157667,,,,,,,,,,,,,,,,,,,,,,w,move_up,,0,0
4731,157700,,,,,,,,,,,,,,,,,,,,,,w,move_up,,0,0
4732,157733,,,,,,,,,,,,,,,,,,,,,,w,move_up,,0,0
4733,157767,,,,,,,,,,,,,,,,,,,,,,w,move_up,,0,-1
4734,157800,,,,,,,,,,,,,,,,,,,,,,w,move_up,,-10,-13
4735,157833,,,,,,,,,,,,,,,,,,,,,,w,move_up,,-2,-1
4736,157867,,,,,,,,,,,,,,,,,,,,,,,,,0,0
4737,157900,,,,,,,,,,,,,,,,,,,,,,,,,1,0
4738,157933,,,,,,,,,,,,,,,,,,,,,,,,,0,0
4739,157967,,,,,,,,,,,,,,,,,,,,,,,,,0,0
4740,158000,,,,,,,,,,,,,,,,,,,,,,w,move_up,,0,1
4741,158033,,,,,,,,,,,,,,,,,,,,,,w,move_up,,0,0
4742,158067,,,,,,,,,,,,,,,,,,,,,,w,move_up,,-10,0
4743,158100,,,,,,,,,,,,,,,,,,,,,,w,move_up,,-24,1
4744,158133,,,,,,,,,,,,,,,,,,,,,,w,move_up,,-27,2
4745,158167,,,,,,,,,,,,,,,,,,,,,,w,move_up,,-13,0
4746,158200,,,,,,,,,,,,,,,,,,,,,,d|w,move_up|move_right,,-7,0
4747,158233,,,,,,,,,,,,,,,,,,,,,,d|w,move_up|move_right,,-22,0
4748,158267,,,,,,,,,,,,,,,,,,,,,,d|w,move_up|move_right,,-41,-1
4749,158300,,,,,,,,,,,,,,,,,,,,,,d|w,move_up|move_right,,-34,0
4750,158333,,,,,,,,,,,,,,,,,,,,,,d|w,move_up|move_right,,-19,-1
4751,158367,,,,,,,,,,,,,,,,,,,,,,d|w,move_up|move_right,,-4,0
4752,158400,,,,,,,,,,,,,,,,,,,,,,d|w,move_up|move_right,,-4,-1
4753,158433,,,,,,,,,,,,,,,,,,,,,,d|w,move_up|move_right,,-10,0
4754,158467,,,,,,,,,,,,,,,,,,,,,,d|w,move_up|move_right,,-21,0
4755,158500,,,,,,,,,,,,,,,,,,,,,,d|w,move_up|move_right,,-23,0
4756,158533,,,,,,,,,,,,,,,,,,,,,,d|w,move_up|move_right,,-10,0
4757,158567,,,,,,,,,,,,,,,,,,,,,,w,move_up,,-6,-1
4758,158600,,,,,,,,,,,,,,,,,,,,,,w,move_up,,-6,0
4759,158633,,,,,,,,,,,,,,,,,,,,,,w,move_up,,0,0
4760,158667,,,,,,,,,,,,,,,,,,,,,,w,move_up,,0,0
4761,158700,,,,,,,,,,,,,,,,,,,,,,w,move_up,,0,0
4762,158733,,,,,,,,,,,,,,,,,,,,,,w,move_up,,2,0
4763,158767,,,,,,,,,,,,,,,,,,,,,,w,move_up,,12,1
4764,158800,,,,,,,,,,,,,,,,,,,,,,w,move_up,,29,1
4765,158833,,,,,,,,,,,,,,,,,,,,,,w,move_up,,21,2
4766,158867,,,,,,,,,,,,,,,,,,,,,,w,move_up,,3,0
4767,158900,,,,,,,,,,,,,,,,,,,,,,w,move_up,,0,0
4768,158933,,,,,,,,,,,,,,,,,,,,,,w,move_up,,0,0
4769,158967,,,,,,,,,,,,,,,,,,,,,,w,move_up,,0,0
4770,159000,,,,,,,,,,,,,,,,,,,,,,w,move_up,,0,0
4771,159033,,,,,,,,,,,,,,,,,,,,,,w,move_up,,0,0
4772,159067,,,,,,,,,,,,,,,,,,,,,,w,move_up,,0,0
4773,159100,,,,,,,,,,,,,,,,,,,,,,w,move_up,,0,0
4774,159133,,,,,,,,,,,,,,,,,,,,,,w,move_up,,-1,1
4775,159167,,,,,,,,,,,,,,,,,,,,,,w,move_up,,-2,0
4776,159200,,,,,,,,,,,,,,,,,,,,,,w,move_up,,-1,0
4777,159233,,,,,,,,,,,,,,,,,,,,,,w,move_up,,0,0
4778,159267,,,,,,,,,,,,,,,,,,,,,,w,move_up,,-2,0
4779,159300,,,,,,,,,,,,,,,,,,,,,,w,move_up,,-9,1
4780,159333,,,,,,,,,,,,,,,,,,,,,,w,move_up,,-15,3
4781,159367,,,,,,,,,,,,,,,,,,,,,,w,move_up,,-14,2
4782,159400,,,,,,,,,,,,,,,,,,,,,,w,move_up,,-8,1
4783,159433,,,,,,,,,,,,,,,,,,,,,,w,move_up,,-6,1
4784,159467,,,,,,,,,,,,,,,,,,,,,,w,move_up,,-3,0
4785,159500,,,,,,,,,,,,,,,,,,,,,,w,move_up,,-2,1
4786,159533,,,,,,,,,,,,,,,,,,,,,,w,move_up,,-2,0
4787,159567,,,,,,,,,,,,,,,,,,,,,,w,move_up,,-3,1
4788,159600,,,,,,,,,,,,,,,,,,,,,,w,move_up,,-1,1
4789,159633,,,,,,,,,,,,,,,,,,,,,,e|w,interact|move_up,,0,0
4790,159667,,,,,,,,,,,,,,,,,,,,,,e|w,interact|move_up,,0,0
4791,159700,,,,,,,,,,,,,,,,,,,,,,e|w,interact|move_up,,0,0
4792,159733,,,,,,,,,,,,,,,,,,,,,,e|w,interact|move_up,,0,0
4793,159767,,,,,,,,,,,,,,,,,,,,,,,,,0,0
4794,159800,,,,,,,,,,,,,,,,,,,,,,,,,0,0
4795,159833,,,,,,,,,,,,,,,,,,,,,,,,,0,0
4796,159867,,,,,,,,,,,,,,,,,,,,,,,,,0,0
4797,159900,,,,,,,,,,,,,,,,,,,,,,,,,0,0
4798,159933,,,,,,,,,,,,,,,,,,,,,,,,,0,0
4799,159967,,,,,,,,,,,,,,,,,,,,,,,,,0,0
4800,160000,,,,,,,,,,,,,,,,,,,,,,,,,0,0
4801,160033,,,,,,,,,,,,,,,,,,,,,,,,,0,0
4802,160067,,,,,,,,,,,,,,,,,,,,,,,,,0,0
4803,160100,,,,,,,,,,,,,,,,,,,,,,,,,0,0
4804,160133,,,,,,,,,,,,,,,,,,,,,,,,,0,0
4805,160167,,,,,,,,,,,,,,,,,,,,,,,,,0,0
4806,160200,,,,,,,,,,,,,,,,,,,,,,,,,0,0
4807,160233,,,,,,,,,,,,,,,,,,,,,,,,,0,0
4808,160267,,,,,,,,,,,,,,,,,,,,,,,,,5,0
4809,160300,,,,,,,,,,,,,,,,,,,,,,,,,1,1
4810,160333,,,,,,,,,,,,,,,,,,,,,,,,,0,0
4811,160367,,,,,,,,,,,,,,,,,,,,,,,,,0,0
4812,160400,,,,,,,,,,,,,,,,,,,,,,,,,0,0
4813,160433,,,,,,,,,,,,,,,,,,,,,,,,,0,0
4814,160467,,,,,,,,,,,,,,,,,,,,,,,,,0,0
4815,160500,,,,,,,,,,,,,,,,,,,,,,,,,0,0
4816,160533,,,,,,,,,,,,,,,,,,,,,,,,,0,0
4817,160567,,,,,,,,,,,,,,,,,,,,,,,,,0,0
4818,160600,,,,,,,,,,,,,,,,,,,,,,e,interact,,0,0
4819,160633,,,,,,,,,,,,,,,,,,,,,,e,interact,,0,0
4820,160667,,,,,,,,,,,,,,,,,,,,,,e,interact,,0,0
4821,160700,,,,,,,,,,,,,,,,,,,,,,e,interact,,0,0
4822,160733,,,,,,,,,,,,,,,,,,,,,,,,,0,0
4823,160767,,,,,,,,,,,,,,,,,,,,,,,,,0,0
4824,160800,,,,,,,,,,,,,,,,,,,,,,,,,0,0
4825,160833,,,,,,,,,,,,,,,,,,,,,,,,,0,0
4826,160867,,,,,,,,,,,,,,,,,,,,,,,,,-7,-1
4827,160900,,,,,,,,,,,,,,,,,,,,,,,,,-26,-3
4828,160933,,,,,,,,,,,,,,,,,,,,,,,,,-26,-4
4829,160967,,,,,,,,,,,,,,,,,,,,,,,,,-20,0
4830,161000,,,,,,,,,,,,,,,,,,,,,,,,,-14,5
4831,161033,,,,,,,,,,,,,,,,,,,,,,w,move_up,,0,0
4832,161067,,,,,,,,,,,,,,,,,,,,,,w,move_up,,-1,1
4833,161100,,,,,,,,,,,,,,,,,,,,,,w,move_up,,0,0
4834,161133,,,,,,,,,,,,,,,,,,,,,,w,move_up,,0,0
4835,161167,,,,,,,,,,,,,,,,,,,,,,,,,0,0
4836,161200,,,,,,,,,,,,,,,,,,,,,,,,,0,0
4837,161233,,,,,,,,,,,,,,,,,,,,,,,,,-11,-7
4838,161267,,,,,,,,,,,,,,,,,,,,,,,,,-15,-1
4839,161300,,,,,,,,,,,,,,,,,,,,,,,,,0,0
4840,161333,,,,,,,,,,,,,,,,,,,,,,w,move_up,,-1,2
4841,161367,,,,,,,,,,,,,,,,,,,,,,w,move_up,,-2,0
4842,161400,,,,,,,,,,,,,,,,,,,,,,w,move_up,,-1,1
4843,161433,,,,,,,,,,,,,,,,,,,,,,w,move_up,,0,0
4844,161467,,,,,,,,,,,,,,,,,,,,,,w,move_up,,0,0
4845,161500,,,,,,,,,,,,,,,,,,,,,,w,move_up,,0,0
4846,161533,,,,,,,,,,,,,,,,,,,,,,w,move_up,,0,1
4847,161567,,,,,,,,,,,,,,,,,,,,,,w,move_up,,2,1
4848,161600,,,,,,,,,,,,,,,,,,,,,,w,move_up,,45,19
4849,161633,,,,,,,,,,,,,,,,,,,,,,w,move_up,,44,11
4850,161667,,,,,,,,,,,,,,,,,,,,,,w,move_up,,17,3
4851,161700,,,,,,,,,,,,,,,,,,,,,,w,move_up,,0,0
4852,161733,,,,,,,,,,,,,,,,,,,,,,w,move_up,,-3,0
4853,161767,,,,,,,,,,,,,,,,,,,,,,w,move_up,,-8,0
4854,161800,,,,,,,,,,,,,,,,,,,,,,w,move_up,,-5,2
4855,161833,,,,,,,,,,,,,,,,,,,,,,w,move_up,,-8,0
4856,161867,,,,,,,,,,,,,,,,,,,,,,w,move_up,,-4,1
4857,161900,,,,,,,,,,,,,,,,,,,,,,w,move_up,,-6,0
4858,161933,,,,,,,,,,,,,,,,,,,,,,w,move_up,,-2,1
4859,161967,,,,,,,,,,,,,,,,,,,,,,w,move_up,,-2,0
4860,162000,,,,,,,,,,,,,,,,,,,,,,w,move_up,,-1,0
4861,162033,,,,,,,,,,,,,,,,,,,,,,w,move_up,,0,0
4862,162067,,,,,,,,,,,,,,,,,,,,,,w,move_up,,0,0
4863,162100,,,,,,,,,,,,,,,,,,,,,,w,move_up,,0,0
4864,162133,,,,,,,,,,,,,,,,,,,,,,w,move_up,,-9,1
4865,162167,,,,,,,,,,,,,,,,,,,,,,w,move_up,,-27,1
4866,162200,,,,,,,,,,,,,,,,,,,,,,w,move_up,,-37,-2
4867,162233,,,,,,,,,,,,,,,,,,,,,,w,move_up,,-40,-6
4868,162267,,,,,,,,,,,,,,,,,,,,,,w,move_up,,-23,-7
4869,162300,,,,,,,,,,,,,,,,,,,,,,w,move_up,,-11,-4
4870,162333,,,,,,,,,,,,,,,,,,,,,,w,move_up,,-8,-2
4871,162367,,,,,,,,,,,,,,,,,,,,,,w,move_up,,-7,-1
4872,162400,,,,,,,,,,,,,,,,,,,,,,w,move_up,,-5,-2
4873,162433,,,,,,,,,,,,,,,,,,,,,,w,move_up,,0,0
4874,162467,,,,,,,,,,,,,,,,,,,,,,w,move_up,,-1,0
4875,162500,,,,,,,,,,,,,,,,,,,,,,w,move_up,,0,0
4876,162533,,,,,,,,,,,,,,,,,,,,,,w,move_up,,0,0
4877,162567,,,,,,,,,,,,,,,,,,,,,,w,move_up,,0,0
4878,162600,,,,,,,,,,,,,,,,,,,,,,w,move_up,,0,0
4879,162633,,,,,,,,,,,,,,,,,,,,,,w,move_up,,0,0
4880,162667,,,,,,,,,,,,,,,,,,,,,,w,move_up,,0,0
4881,162700,,,,,,,,,,,,,,,,,,,,,,w,move_up,,-2,0
4882,162733,,,,,,,,,,,,,,,,,,,,,,w,move_up,,-21,-3
4883,162767,,,,,,,,,,,,,,,,,,,,,,w,move_up,,-32,-5
4884,162800,,,,,,,,,,,,,,,,,,,,,,w,move_up,,-41,-7
4885,162833,,,,,,,,,,,,,,,,,,,,,,w,move_up,,-38,-4
4886,162867,,,,,,,,,,,,,,,,,,,,,,d|w,move_up|move_right,,-19,-1
4887,162900,,,,,,,,,,,,,,,,,,,,,,d|w,move_up|move_right,,0,0
4888,162933,,,,,,,,,,,,,,,,,,,,,,d|w,move_up|move_right,,0,0
4889,162967,,,,,,,,,,,,,,,,,,,,,,d|w,move_up|move_right,,0,0
4890,163000,,,,,,,,,,,,,,,,,,,,,,d|w,move_up|move_right,,-4,0
4891,163033,,,,,,,,,,,,,,,,,,,,,,d|w,move_up|move_right,,-6,0
4892,163067,,,,,,,,,,,,,,,,,,,,,,d|w,move_up|move_right,,-8,0
4893,163100,,,,,,,,,,,,,,,,,,,,,,d|w,move_up|move_right,,-5,0
4894,163133,,,,,,,,,,,,,,,,,,,,,,d|w,move_up|move_right,,-9,0
4895,163167,,,,,,,,,,,,,,,,,,,,,,d|w,move_up|move_right,,-6,0
4896,163200,,,,,,,,,,,,,,,,,,,,,,w,move_up,,-2,0
4897,163233,,,,,,,,,,,,,,,,,,,,,,w,move_up,,-1,0
4898,163267,,,,,,,,,,,,,,,,,,,,,,w,move_up,,0,0
4899,163300,,,,,,,,,,,,,,,,,,,,,,w,move_up,,0,0
4900,163333,,,,,,,,,,,,,,,,,,,,,,w,move_up,,2,0
4901,163367,,,,,,,,,,,,,,,,,,,,,,w,move_up,,14,0
4902,163400,,,,,,,,,,,,,,,,,,,,,,w,move_up,,41,2
4903,163433,,,,,,,,,,,,,,,,,,,,,,w,move_up,,72,2
4904,163467,,,,,,,,,,,,,,,,,,,,,,w,move_up,,32,1
4905,163500,,,,,,,,,,,,,,,,,,,,,,w,move_up,,3,1
4906,163533,,,,,,,,,,,,,,,,,,,,,,w,move_up,,1,0
4907,163567,,,,,,,,,,,,,,,,,,,,,,w,move_up,,0,0
4908,163600,,,,,,,,,,,,,,,,,,,,,,w,move_up,,4,1
4909,163633,,,,,,,,,,,,,,,,,,,,,,w,move_up,,12,1
4910,163667,,,,,,,,,,,,,,,,,,,,,,w,move_up,,12,1
4911,163700,,,,,,,,,,,,,,,,,,,,,,w,move_up,,28,5
4912,163733,,,,,,,,,,,,,,,,,,,,,,,,,106,7
4913,163767,,,,,,,,,,,,,,,,,,,,,,,,,46,1
4914,163800,,,,,,,,,,,,,,,,,,,,,,,,,5,0
4915,163833,,,,,,,,,,,,,,,,,,,,,,,,,-1,0
4916,163867,,,,,,,,,,,,,,,,,,,,,,d,move_right,,0,0
4917,163900,,,,,,,,,,,,,,,,,,,,,,d,move_right,,-2,0
4918,163933,,,,,,,,,,,,,,,,,,,,,,d,move_right,,0,0
4919,163967,,,,,,,,,,,,,,,,,,,,,,d,move_right,,0,0
4920,164000,,,,,,,,,,,,,,,,,,,,,,,,,0,0
4921,164033,,,,,,,,,,,,,,,,,,,,,,,,,0,0
4922,164067,,,,,,,,,,,,,,,,,,,,,,,,,1,0
4923,164100,,,,,,,,,,,,,,,,,,,,,,d,move_right,,32,0
4924,164133,,,,,,,,,,,,,,,,,,,,,,d,move_right,,68,2
4925,164167,,,,,,,,,,,,,,,,,,,,,,d,move_right,,90,1
4926,164200,,,,,,,,,,,,,,,,,,,,,,d,move_right,,128,0
4927,164233,,,,,,,,,,,,,,,,,,,,,,d|w,move_up|move_right,,0,0
4928,164267,,,,,,,,,,,,,,,,,,,,,,d|w,move_up|move_right,,15,2
4929,164300,,,,,,,,,,,,,,,,,,,,,,w,move_up,,0,0
4930,164333,,,,,,,,,,,,,,,,,,,,,,w,move_up,,0,0
4931,164367,,,,,,,,,,,,,,,,,,,,,,w,move_up,,0,0
4932,164400,,,,,,,,,,,,,,,,,,,,,,w,move_up,,36,-10
4933,164433,,,,,,,,,,,,,,,,,,,,,,w,move_up,,102,0
4934,164467,,,,,,,,,,,,,,,,,,,,,,w,move_up,,108,1
4935,164500,,,,,,,,,,,,,,,,,,,,,,w,move_up,,43,4
4936,164533,,,,,,,,,,,,,,,,,,,,,,w,move_up,,1,1
4937,164567,,,,,,,,,,,,,,,,,,,,,,w,move_up,,-2,0
4938,164600,,,,,,,,,,,,,,,,,,,,,,w,move_up,,0,0
4939,164633,,,,,,,,,,,,,,,,,,,,,,w,move_up,,0,0
4940,164667,,,,,,,,,,,,,,,,,,,,,,w,move_up,,0,0
4941,164700,,,,,,,,,,,,,,,,,,,,,,a|w,move_up|move_left,,15,2
4942,164733,,,,,,,,,,,,,,,,,,,,,,a|w,move_up|move_left,,56,3
4943,164767,,,,,,,,,,,,,,,,,,,,,,a|w,move_up|move_left,,88,-5
4944,164800,,,,,,,,,,,,,,,,,,,,,,a|w,move_up|move_left,,21,0
4945,164833,,,,,,,,,,,,,,,,,,,,,,a|w,move_up|move_left,,0,0
4946,164867,,,,,,,,,,,,,,,,,,,,,,a|w,move_up|move_left,,0,1
4947,164900,,,,,,,,,,,,,,,,,,,,,,a|w,move_up|move_left,,0,0
4948,164933,,,,,,,,,,,,,,,,,,,,,,a|w,move_up|move_left,,0,0
4949,164967,,,,,,,,,,,,,,,,,,,,,,a|w,move_up|move_left,,0,-1
4950,165000,,,,,,,,,,,,,,,,,,,,,,a|w,move_up|move_left,,5,-17
4951,165033,,,,,,,,,,,,,,,,,,,,,,a|w,move_up|move_left,,2,-4
4952,165067,,,,,,,,,,,,,,,,,,,,,,a|w,move_up|move_left,,2,-5
4953,165100,,,,,,,,,,,,,,,,,,,,,,a|w,move_up|move_left,,1,-2
4954,165133,,,,,,,,,,,,,,,,,,,,,,a|w,move_up|move_left,,0,-1
4955,165167,,,,,,,,,,,,,,,,,,,,,,a|w,move_up|move_left,,0,0
4956,165200,,,,,,,,,,,,,,,,,,,,,,a|w,move_up|move_left,,0,0
4957,165233,,,,,,,,,,,,,,,,,,,,,,a|w,move_up|move_left,,0,0
4958,165267,,,,,,,,,,,,,,,,,,,,,,a|w,move_up|move_left,,1,0
4959,165300,,,,,,,,,,,,,,,,,,,,,,a|w,move_up|move_left,,0,0
4960,165333,,,,,,,,,,,,,,,,,,,,,,a|w,move_up|move_left,,2,0
4961,165367,,,,,,,,,,,,,,,,,,,,,,a|w,move_up|move_left,,0,0
4962,165400,,,,,,,,,,,,,,,,,,,,,,w,move_up,,1,2
4963,165433,,,,,,,,,,,,,,,,,,,,,,w,move_up,,0,0
4964,165467,,,,,,,,,,,,,,,,,,,,,,w,move_up,,0,0
4965,165500,,,,,,,,,,,,,,,,,,,,,,w,move_up,,0,0
4966,165533,,,,,,,,,,,,,,,,,,,,,,w,move_up,,0,1
4967,165567,,,,,,,,,,,,,,,,,,,,,,w,move_up,,0,4
4968,165600,,,,,,,,,,,,,,,,,,,,,,w,move_up,,0,4
4969,165633,,,,,,,,,,,,,,,,,,,,,,w,move_up,,0,3
4970,165667,,,,,,,,,,,,,,,,,,,,,,w,move_up,,-1,0
4971,165700,,,,,,,,,,,,,,,,,,,,,,w,move_up,,0,2
4972,165733,,,,,,,,,,,,,,,,,,,,,,w,move_up,,0,0
4973,165767,,,,,,,,,,,,,,,,,,,,,,w,move_up,,2,1
4974,165800,,,,,,,,,,,,,,,,,,,,,,w,move_up,,6,0
4975,165833,,,,,,,,,,,,,,,,,,,,,,a|w,move_up|move_left,,16,2
4976,165867,,,,,,,,,,,,,,,,,,,,,,a|w,move_up|move_left,,35,2
4977,165900,,,,,,,,,,,,,,,,,,,,,,a|w,move_up|move_left,,28,0
4978,165933,,,,,,,,,,,,,,,,,,,,,,a|w,move_up|move_left,,4,0
4979,165967,,,,,,,,,,,,,,,,,,,,,,a|w,move_up|move_left,,0,0
4980,166000,,,,,,,,,,,,,,,,,,,,,,a|w,move_up|move_left,,0,0
4981,166033,,,,,,,,,,,,,,,,,,,,,,a|w,move_up|move_left,,2,1
4982,166067,,,,,,,,,,,,,,,,,,,,,,a|w,move_up|move_left,,5,0
4983,166100,,,,,,,,,,,,,,,,,,,,,,a|w,move_up|move_left,,6,0
4984,166133,,,,,,,,,,,,,,,,,,,,,,a|w,move_up|move_left,,20,0
4985,166167,,,,,,,,,,,,,,,,,,,,,,a|w,move_up|move_left,,29,1
4986,166200,,,,,,,,,,,,,,,,,,,,,,a|w,move_up|move_left,,4,0
4987,166233,,,,,,,,,,,,,,,,,,,,,,w,move_up,,0,0
4988,166267,,,,,,,,,,,,,,,,,,,,,,w,move_up,,-1,0
4989,166300,,,,,,,,,,,,,,,,,,,,,,w,move_up,,-6,0
4990,166333,,,,,,,,,,,,,,,,,,,,,,w,move_up,,-12,0
4991,166367,,,,,,,,,,,,,,,,,,,,,,w,move_up,,-8,0
4992,166400,,,,,,,,,,,,,,,,,,,,,,w,move_up,,-7,-1
4993,166433,,,,,,,,,,,,,,,,,,,,,,w,move_up,,-18,-2
4994,166467,,,,,,,,,,,,,,,,,,,,,,w,move_up,,-16,-2
4995,166500,,,,,,,,,,,,,,,,,,,,,,w,move_up,,-4,0
4996,166533,,,,,,,,,,,,,,,,,,,,,,w,move_up,,0,0
4997,166567,,,,,,,,,,,,,,,,,,,,,,,,,-1,0
4998,166600,,,,,,,,,,,,,,,,,,,,,,,,,0,0
4999,166633,,,,,,,,,,,,,,,,,,,,,,,,,0,0
5000,166667,,,,,,,,,,,,,,,,,,,,,,,,,0,0
5001,166700,,,,,,,,,,,,,,,,,,,,,,,,,0,0
5002,166733,,,,,,,,,,,,,,,,,,,,,,,,,0,0
5003,166767,,,,,,,,,,,,,,,,,,,,,,w,move_up,,0,0
5004,166800,,,,,,,,,,,,,,,,,,,,,,w,move_up,,0,0
5005,166833,,,,,,,,,,,,,,,,,,,,,,w,move_up,,0,0
5006,166867,,,,,,,,,,,,,,,,,,,,,,w,move_up,,5,3
5007,166900,,,,,,,,,,,,,,,,,,,,,,w,move_up,,4,1
5008,166933,,,,,,,,,,,,,,,,,,,,,,,,,6,3
5009,166967,,,,,,,,,,,,,,,,,,,,,,,,,6,1
5010,167000,,,,,,,,,,,,,,,,,,,,,,,,,0,0
5011,167033,,,,,,,,,,,,,,,,,,,,,,,,,24,5
5012,167067,,,,,,,,,,,,,,,,,,,,,,,,,74,6
5013,167100,,,,,,,,,,,,,,,,,,,,,,,,,69,2
5014,167133,,,,,,,,,,,,,,,,,,,,,,,,,18,1
5015,167167,,,,,,,,,,,,,,,,,,,,,,,,,0,0
5016,167200,,,,,,,,,,,,,,,,,,,,,,,,,2,0
5017,167233,,,,,,,,,,,,,,,,,,,,,,,,,9,0
5018,167267,,,,,,,,,,,,,,,,,,,,,,,,,35,0
5019,167300,,,,,,,,,,,,,,,,,,,,,,,,,87,2
5020,167333,,,,,,,,,,,,,,,,,,,,,,,,,104,-1
5021,167367,,,,,,,,,,,,,,,,,,,,,,,,,35,-1
5022,167400,,,,,,,,,,,,,,,,,,,,,,,,,11,0
5023,167433,,,,,,,,,,,,,,,,,,,,,,,,,0,-1
5024,167467,,,,,,,,,,,,,,,,,,,,,,,,,1,-1
5025,167500,,,,,,,,,,,,,,,,,,,,,,,,,3,-2
5026,167533,,,,,,,,,,,,,,,,,,,,,,,,,6,-4
5027,167567,,,,,,,,,,,,,,,,,,,,,,,,,8,-6
5028,167600,,,,,,,,,,,,,,,,,,,,,,,,,4,-4
5029,167633,,,,,,,,,,,,,,,,,,,,,,,,,0,0
5030,167667,,,,,,,,,,,,,,,,,,,,,,,,,0,0
5031,167700,,,,,,,,,,,,,,,,,,,,,,,,,0,0
5032,167733,,,,,,,,,,,,,,,,,,,,,,,,,0,0
5033,167767,,,,,,,,,,,,,,,,,,,,,,,,,0,0
5034,167800,,,,,,,,,,,,,,,,,,,,,,,,,0,0
5035,167833,,,,,,,,,,,,,,,,,,,,,,,,,0,0
5036,167867,,,,,,,,,,,,,,,,,,,,,,,,,0,0
5037,167900,,,,,,,,,,,,,,,,,,,,,,,,,0,0
5038,167933,,,,,,,,,,,,,,,,,,,,,,,,,0,0
5039,167967,,,,,,,,,,,,,,,,,,,,,,,,,0,0
5040,168000,,,,,,,,,,,,,,,,,,,,,,,,,0,0
5041,168033,,,,,,,,,,,,,,,,,,,,,,,,,0,0
5042,168067,,,,,,,,,,,,,,,,,,,,,,,,,0,0
5043,168100,,,,,,,,,,,,,,,,,,,,,,,,,0,0
5044,168133,,,,,,,,,,,,,,,,,,,,,,,,,0,0
5045,168167,,,,,,,,,,,,,,,,,,,,,,,,,0,0
5046,168200,,,,,,,,,,,,,,,,,,,,,,,,,0,0
5047,168233,,,,,,,,,,,,,,,,,,,,,,,,,1,-2
5048,168267,,,,,,,,,,,,,,,,,,,,,,,,,2,-3
5049,168300,,,,,,,,,,,,,,,,,,,,,,,,,0,-1
5050,168333,,,,,,,,,,,,,,,,,,,,,,,,,0,0
5051,168367,,,,,,,,,,,,,,,,,,,,,,,,,0,0
5052,168400,,,,,,,,,,,,,,,,,,,,,,,,,0,0
5053,168433,,,,,,,,,,,,,,,,,,,,,,,,,0,0
5054,168467,,,,,,,,,,,,,,,,,,,,,,,,,0,0
5055,168500,,,,,,,,,,,,,,,,,,,,,,,,,0,0
5056,168533,,,,,,,,,,,,,,,,,,,,,,,,,0,0
5057,168567,,,,,,,,,,,,,,,,,,,,,,,,,0,0
5058,168600,,,,,,,,,,,,,,,,,,,,,,,,,0,0
5059,168633,,,,,,,,,,,,,,,,,,,,,,,,,0,0
5060,168667,,,,,,,,,,,,,,,,,,,,,,,,,0,0
5061,168700,,,,,,,,,,,,,,,,,,,,,,,,,2,-1
5062,168733,,,,,,,,,,,,,,,,,,,,,,,,,15,-4
5063,168767,,,,,,,,,,,,,,,,,,,,,,,,,0,0
5064,168800,,,,,,,,,,,,,,,,,,,,,,,,,6,-1
5065,168833,,,,,,,,,,,,,,,,,,,,,,,,,0,0
5066,168867,,,,,,,,,,,,,,,,,,,,,,,,,0,0
5067,168900,,,,,,,,,,,,,,,,,,,,,,,,,0,0
5068,168933,,,,,,,,,,,,,,,,,,,,,,,,,0,0
5069,168967,,,,,,,,,,,,,,,,,,,,,,,,,0,0
5070,169000,,,,,,,,,,,,,,,,,,,,,,,,,0,0
5071,169033,,,,,,,,,,,,,,,,,,,,,,,,,0,0
5072,169067,,,,,,,,,,,,,,,,,,,,,,,,,0,0
5073,169100,,,,,,,,,,,,,,,,,,,,,,,,,0,0
5074,169133,,,,,,,,,,,,,,,,,,,,,,,,,0,0
5075,169167,,,,,,,,,,,,,,,,,,,,,,,,,0,0
5076,169200,,,,,,,,,,,,,,,,,,,,,,,,,0,0
5077,169233,,,,,,,,,,,,,,,,,,,,,,,,,0,0
5078,169267,,,,,,,,,,,,,,,,,,,,,,,,,0,0
5079,169300,,,,,,,,,,,,,,,,,,,,,,,,,0,0
5080,169333,,,,,,,,,,,,,,,,,,,,,,,,,0,0
5081,169367,,,,,,,,,,,,,,,,,,,,,,,,,2,-3
5082,169400,,,,,,,,,,,,,,,,,,,,,,,,,3,0
5083,169433,,,,,,,,,,,,,,,,,,,,,,,,,2,1
5084,169467,,,,,,,,,,,,,,,,,,,,,,,,,2,2
5085,169500,,,,,,,,,,,,,,,,,,,,,,,,,0,0
5086,169533,,,,,,,,,,,,,,,,,,,,,,,,,0,1
5087,169567,,,,,,,,,,,,,,,,,,,,,,,,,0,0
5088,169600,,,,,,,,,,,,,,,,,,,,,,,,,1,0
5089,169633,,,,,,,,,,,,,,,,,,,,,,,,,0,0
5090,169667,,,,,,,,,,,,,,,,,,,,,,,,,0,0
5091,169700,,,,,,,,,,,,,,,,,,,,,,,,,0,0
5092,169733,,,,,,,,,,,,,,,,,,,,,,,,,0,0
5093,169767,,,,,,,,,,,,,,,,,,,,,,,,,0,0
5094,169800,,,,,,,,,,,,,,,,,,,,,,,,,0,0
5095,169833,,,,,,,,,,,,,,,,,,,,,,,,,0,0
5096,169867,,,,,,,,,,,,,,,,,,,,,,,,,0,0
5097,169900,,,,,,,,,,,,,,,,,,,,,,,,,0,0
5098,169933,,,,,,,,,,,,,,,,,,,,,,,,,0,0
5099,169967,,,,,,,,,,,,,,,,,,,,,,,,,0,0
5100,170000,,,,,,,,,,,,,,,,,,,,,,,,,0,0
5101,170033,,,,,,,,,,,,,,,,,,,,,,,,,0,0
5102,170067,,,,,,,,,,,,,,,,,,,,,,,,,0,0
5103,170100,,,,,,,,,,,,,,,,,,,,,,,,,0,0
5104,170133,,,,,,,,,,,,,,,,,,,,,,,,,0,0
5105,170167,,,,,,,,,,,,,,,,,,,,,,,,,0,0
5106,170200,,,,,,,,,,,,,,,,,,,,,,,,,0,0
5107,170233,,,,,,,,,,,,,,,,,,,,,,,,,0,0
5108,170267,,,,,,,,,,,,,,,,,,,,,,,,,0,0
5109,170300,,,,,,,,,,,,,,,,,,,,,,,,,0,0
5110,170333,,,,,,,,,,,,,,,,,,,,,,,,,0,0
5111,170367,,,,,,,,,,,,,,,,,,,,,,,,,-26,-1
5112,170400,,,,,,,,,,,,,,,,,,,,,,,,,-66,1
5113,170433,,,,,,,,,,,,,,,,,,,,,,,,,-68,-1
5114,170467,,,,,,,,,,,,,,,,,,,,,,,,,-54,-5
5115,170500,,,,,,,,,,,,,,,,,,,,,,,,,-15,-2
5116,170533,,,,,,,,,,,,,,,,,,,,,,,,,0,0
5117,170567,,,,,,,,,,,,,,,,,,,,,,,,,0,-1
5118,170600,,,,,,,,,,,,,,,,,,,,,,,,,0,0
5119,170633,,,,,,,,,,,,,,,,,,,,,,,,,0,0
5120,170667,,,,,,,,,,,,,,,,,,,,,,,,,0,0
5121,170700,,,,,,,,,,,,,,,,,,,,,,,,,0,0
5122,170733,,,,,,,,,,,,,,,,,,,,,,,,,0,0
5123,170767,,,,,,,,,,,,,,,,,,,,,,,,,0,0
5124,170800,,,,,,,,,,,,,,,,,,,,,,,,,0,0
5125,170833,,,,,,,,,,,,,,,,,,,,,,,,,0,0
5126,170867,,,,,,,,,,,,,,,,,,,,,,,,,0,0
5127,170900,,,,,,,,,,,,,,,,,,,,,,,,,0,0
5128,170933,,,,,,,,,,,,,,,,,,,,,,,,,0,0
5129,170967,,,,,,,,,,,,,,,,,,,,,,,,,0,0
5130,171000,,,,,,,,,,,,,,,,,,,,,,,,,0,0
5131,171033,,,,,,,,,,,,,,,,,,,,,,,,,0,0
5132,171067,,,,,,,,,,,,,,,,,,,,,,,,,0,0
5133,171100,,,,,,,,,,,,,,,,,,,,,,,,,0,0
5134,171133,,,,,,,,,,,,,,,,,,,,,,,,,0,0
5135,171167,,,,,,,,,,,,,,,,,,,,,,,,,0,0
5136,171200,,,,,,,,,,,,,,,,,,,,,,,,,0,0
5137,171233,,,,,,,,,,,,,,,,,,,,,,,,,0,0
5138,171267,,,,,,,,,,,,,,,,,,,,,,,,,0,0
5139,171300,,,,,,,,,,,,,,,,,,,,,,,,,0,0
5140,171333,,,,,,,,,,,,,,,,,,,,,,,,,0,0
5141,171367,,,,,,,,,,,,,,,,,,,,,,,,,0,0
5142,171400,,,,,,,,,,,,,,,,,,,,,,,,,0,0
5143,171433,,,,,,,,,,,,,,,,,,,,,,,,,0,0
5144,171467,,,,,,,,,,,,,,,,,,,,,,,,,0,0
5145,171500,,,,,,,,,,,,,,,,,,,,,,,,,0,0
5146,171533,,,,,,,,,,,,,,,,,,,,,,,,,0,0
5147,171567,,,,,,,,,,,,,,,,,,,,,,,,,0,0
5148,171600,,,,,,,,,,,,,,,,,,,,,,,,,0,0
5149,171633,,,,,,,,,,,,,,,,,,,,,,,,,0,0
5150,171667,,,,,,,,,,,,,,,,,,,,,,,,,0,0
5151,171700,,,,,,,,,,,,,,,,,,,,,,,,,0,0
5152,171733,,,,,,,,,,,,,,,,,,,,,,,,,0,0
5153,171767,,,,,,,,,,,,,,,,,,,,,,,,,0,0
5154,171800,,,,,,,,,,,,,,,,,,,,,,,,,0,0
5155,171833,,,,,,,,,,,,,,,,,,,,,,,,,0,0
5156,171867,,,,,,,,,,,,,,,,,,,,,,,,,-1,-1
5157,171900,,,,,,,,,,,,,,,,,,,,,,,,,-3,-1
5158,171933,,,,,,,,,,,,,,,,,,,,,,,,,0,0
5159,171967,,,,,,,,,,,,,,,,,,,,,,,,,0,0
5160,172000,,,,,,,,,,,,,,,,,,,,,,w,move_up,,0,0
5161,172033,,,,,,,,,,,,,,,,,,,,,,w,move_up,,0,0
5162,172067,,,,,,,,,,,,,,,,,,,,,,w,move_up,,0,0
5163,172100,,,,,,,,,,,,,,,,,,,,,,w,move_up,,-1,0
5164,172133,,,,,,,,,,,,,,,,,,,,,,w,move_up,,-28,-1
5165,172167,,,,,,,,,,,,,,,,,,,,,,w,move_up,,-56,0
5166,172200,,,,,,,,,,,,,,,,,,,,,,w,move_up,,-37,2
5167,172233,,,,,,,,,,,,,,,,,,,,,,w,move_up,,-18,1
5168,172267,,,,,,,,,,,,,,,,,,,,,,w,move_up,,-10,0
5169,172300,,,,,,,,,,,,,,,,,,,,,,w,move_up,,-7,0
5170,172333,,,,,,,,,,,,,,,,,,,,,,w,move_up,,-13,0
5171,172367,,,,,,,,,,,,,,,,,,,,,,d|w,move_up|move_right,,-13,0
5172,172400,,,,,,,,,,,,,,,,,,,,,,d|w,move_up|move_right,,-9,1
5173,172433,,,,,,,,,,,,,,,,,,,,,,d|w,move_up|move_right,,-7,1
5174,172467,,,,,,,,,,,,,,,,,,,,,,d|w,move_up|move_right,,-10,1
5175,172500,,,,,,,,,,,,,,,,,,,,,,d|w,move_up|move_right,,-10,1
5176,172533,,,,,,,,,,,,,,,,,,,,,,d|w,move_up|move_right,,-17,1
5177,172567,,,,,,,,,,,,,,,,,,,,,,d|w,move_up|move_right,,-19,0
5178,172600,,,,,,,,,,,,,,,,,,,,,,d|w,move_up|move_right,,-20,0
5179,172633,,,,,,,,,,,,,,,,,,,,,,d|w,move_up|move_right,,-18,0
5180,172667,,,,,,,,,,,,,,,,,,,,,,w,move_up,,-11,0
5181,172700,,,,,,,,,,,,,,,,,,,,,,w,move_up,,-3,0
5182,172733,,,,,,,,,,,,,,,,,,,,,,w,move_up,,0,0
5183,172767,,,,,,,,,,,,,,,,,,,,,,w,move_up,,-2,0
5184,172800,,,,,,,,,,,,,,,,,,,,,,,,,-1,0
5185,172833,,,,,,,,,,,,,,,,,,,,,,,,,-5,0
5186,172867,,,,,,,,,,,,,,,,,,,,,,,,,-6,0
5187,172900,,,,,,,,,,,,,,,,,,,,,,,,,-3,-1
5188,172933,,,,,,,,,,,,,,,,,,,,,,d,move_right,,-7,0
5189,172967,,,,,,,,,,,,,,,,,,,,,,d,move_right,,-11,-1
5190,173000,,,,,,,,,,,,,,,,,,,,,,d,move_right,,-5,0
5191,173033,,,,,,,,,,,,,,,,,,,,,,d,move_right,,-4,-1
5192,173067,,,,,,,,,,,,,,,,,,,,,,d,move_right,,-2,0
5193,173100,,,,,,,,,,,,,,,,,,,,,,,,,0,0
5194,173133,,,,,,,,,,,,,,,,,,,,,,,,,0,0
5195,173167,,,,,,,,,,,,,,,,,,,,,,,,,0,0
5196,173200,,,,,,,,,,,,,,,,,,,,,,,,,0,0
5197,173233,,,,,,,,,,,,,,,,,,,,,,,,,0,0
5198,173267,,,,,,,,,,,,,,,,,,,,,,,,,0,0
5199,173300,,,,,,,,,,,,,,,,,,,,,,,,,0,0
5200,173333,,,,,,,,,,,,,,,,,,,,,,,,,0,0
5201,173367,,,,,,,,,,,,,,,,,,,,,,,,,0,0
5202,173400,,,,,,,,,,,,,,,,,,,,,,,,,0,0
5203,173433,,,,,,,,,,,,,,,,,,,,,,,,,0,0
5204,173467,,,,,,,,,,,,,,,,,,,,,,,,,0,0
5205,173500,,,,,,,,,,,,,,,,,,,,,,,,,0,0
5206,173533,,,,,,,,,,,,,,,,,,,,,,,,,0,0
5207,173567,,,,,,,,,,,,,,,,,,,,,,,,,1,0
5208,173600,,,,,,,,,,,,,,,,,,,,,,,,,70,3
5209,173633,,,,,,,,,,,,,,,,,,,,,,,,,126,1
5210,173667,,,,,,,,,,,,,,,,,,,,,,,,,124,-1
5211,173700,,,,,,,,,,,,,,,,,,,,,,w,move_up,,69,-1
5212,173733,,,,,,,,,,,,,,,,,,,,,,w,move_up,,12,0
5213,173767,,,,,,,,,,,,,,,,,,,,,,w,move_up,,0,0
5214,173800,,,,,,,,,,,,,,,,,,,,,,w,move_up,,2,0
5215,173833,,,,,,,,,,,,,,,,,,,,,,w,move_up,,10,-2
5216,173867,,,,,,,,,,,,,,,,,,,,,,w,move_up,,13,-3
5217,173900,,,,,,,,,,,,,,,,,,,,,,w,move_up,,34,-2
5218,173933,,,,,,,,,,,,,,,,,,,,,,a|w,move_up|move_left,,40,-2
5219,173967,,,,,,,,,,,,,,,,,,,,,,a|w,move_up|move_left,,29,-2
5220,174000,,,,,,,,,,,,,,,,,,,,,,a|w,move_up|move_left,,24,-1
5221,174033,,,,,,,,,,,,,,,,,,,,,,a|w,move_up|move_left,,12,-1
5222,174067,,,,,,,,,,,,,,,,,,,,,,a|w,move_up|move_left,,10,-1
5223,174100,,,,,,,,,,,,,,,,,,,,,,a|w,move_up|move_left,,20,0
5224,174133,,,,,,,,,,,,,,,,,,,,,,a|w,move_up|move_left,,16,-1
5225,174167,,,,,,,,,,,,,,,,,,,,,,a|w,move_up|move_left,,9,-1
5226,174200,,,,,,,,,,,,,,,,,,,,,,a|w,move_up|move_left,,6,0
5227,174233,,,,,,,,,,,,,,,,,,,,,,a|w,move_up|move_left,,4,0
5228,174267,,,,,,,,,,,,,,,,,,,,,,a|w,move_up|move_left,,9,0
5229,174300,,,,,,,,,,,,,,,,,,,,,,a|w,move_up|move_left,,32,-1
5230,174333,,,,,,,,,,,,,,,,,,,,,,a|w,move_up|move_left,,14,-1
5231,174367,,,,,,,,,,,,,,,,,,,,,,a|w,move_up|move_left,,2,0
5232,174400,,,,,,,,,,,,,,,,,,,,,,a|w,move_up|move_left,,0,0
5233,174433,,,,,,,,,,,,,,,,,,,,,,a|w,move_up|move_left,,0,0
5234,174467,,,,,,,,,,,,,,,,,,,,,,a|w,move_up|move_left,,0,0
5235,174500,,,,,,,,,,,,,,,,,,,,,,a|w,move_up|move_left,,0,0
5236,174533,,,,,,,,,,,,,,,,,,,,,,a|w,move_up|move_left,,0,0
5237,174567,,,,,,,,,,,,,,,,,,,,,,a|w,move_up|move_left,,0,0
5238,174600,,,,,,,,,,,,,,,,,,,,,,a|w,move_up|move_left,,0,0
5239,174633,,,,,,,,,,,,,,,,,,,,,,a|w,move_up|move_left,,0,0
5240,174667,,,,,,,,,,,,,,,,,,,,,,a|w,move_up|move_left,,-1,0
5241,174700,,,,,,,,,,,,,,,,,,,,,,a|w,move_up|move_left,,-29,3
5242,174733,,,,,,,,,,,,,,,,,,,,,,a|w,move_up|move_left,,-62,7
5243,174767,,,,,,,,,,,,,,,,,,,,,,a|w,move_up|move_left,,-59,6
5244,174800,,,,,,,,,,,,,,,,,,,,,,w,move_up,,-16,1
5245,174833,,,,,,,,,,,,,,,,,,,,,,w,move_up,,0,0
5246,174867,,,,,,,,,,,,,,,,,,,,,,w,move_up,,-8,0
5247,174900,,,,,,,,,,,,,,,,,,,,,,w,move_up,,-12,0
5248,174933,,,,,,,,,,,,,,,,,,,,,,w,move_up,,-12,0
5249,174967,,,,,,,,,,,,,,,,,,,,,,w,move_up,,-15,0
5250,175000,,,,,,,,,,,,,,,,,,,,,,w,move_up,,-18,1
5251,175033,,,,,,,,,,,,,,,,,,,,,,w,move_up,,-16,1
5252,175067,,,,,,,,,,,,,,,,,,,,,,w,move_up,,-6,1
5253,175100,,,,,,,,,,,,,,,,,,,,,,w,move_up,,0,0
5254,175133,,,,,,,,,,,,,,,,,,,,,,w,move_up,,0,0
5255,175167,,,,,,,,,,,,,,,,,,,,,,w,move_up,,0,0
5256,175200,,,,,,,,,,,,,,,,,,,,,,w,move_up,,0,0
5257,175233,,,,,,,,,,,,,,,,,,,,,,w,move_up,,0,0
5258,175267,,,,,,,,,,,,,,,,,,,,,,w,move_up,,0,0
5259,175300,,,,,,,,,,,,,,,,,,,,,,w,move_up,,-1,0
5260,175333,,,,,,,,,,,,,,,,,,,,,,w,move_up,,-2,0
5261,175367,,,,,,,,,,,,,,,,,,,,,,w,move_up,,-2,0
5262,175400,,,,,,,,,,,,,,,,,,,,,,w,move_up,,-1,0
5263,175433,,,,,,,,,,,,,,,,,,,,,,w,move_up,,-2,0
5264,175467,,,,,,,,,,,,,,,,,,,,,,w,move_up,,-2,0
5265,175500,,,,,,,,,,,,,,,,,,,,,,w,move_up,,-3,0
5266,175533,,,,,,,,,,,,,,,,,,,,,,w,move_up,,-5,0
5267,175567,,,,,,,,,,,,,,,,,,,,,,w,move_up,,-7,1
5268,175600,,,,,,,,,,,,,,,,,,,,,,w,move_up,,-6,1
5269,175633,,,,,,,,,,,,,,,,,,,,,,w,move_up,,-5,0
5270,175667,,,,,,,,,,,,,,,,,,,,,,d|w,move_up|move_right,,-6,0
5271,175700,,,,,,,,,,,,,,,,,,,,,,d|w,move_up|move_right,,-5,0
5272,175733,,,,,,,,,,,,,,,,,,,,,,d|w,move_up|move_right,,-5,0
5273,175767,,,,,,,,,,,,,,,,,,,,,,d|w,move_up|move_right,,-6,0
5274,175800,,,,,,,,,,,,,,,,,,,,,,d|w,move_up|move_right,,-4,0
5275,175833,,,,,,,,,,,,,,,,,,,,,,w,move_up,,-4,0
5276,175867,,,,,,,,,,,,,,,,,,,,,,w,move_up,,-4,0
5277,175900,,,,,,,,,,,,,,,,,,,,,,w,move_up,,-3,0
5278,175933,,,,,,,,,,,,,,,,,,,,,,w,move_up,,-4,0
5279,175967,,,,,,,,,,,,,,,,,,,,,,w,move_up,,-5,0
5280,176000,,,,,,,,,,,,,,,,,,,,,,w,move_up,,-1,0
5281,176033,,,,,,,,,,,,,,,,,,,,,,w,move_up,,-1,0
5282,176067,,,,,,,,,,,,,,,,,,,,,,w,move_up,,0,0
5283,176100,,,,,,,,,,,,,,,,,,,,,,w,move_up,,0,0
5284,176133,,,,,,,,,,,,,,,,,,,,,,w,move_up,,0,0
5285,176167,,,,,,,,,,,,,,,,,,,,,,w,move_up,,0,0
5286,176200,,,,,,,,,,,,,,,,,,,,,,w,move_up,,0,0
5287,176233,,,,,,,,,,,,,,,,,,,,,,w,move_up,,1,1
5288,176267,,,,,,,,,,,,,,,,,,,,,,w,move_up,,13,9
5289,176300,,,,,,,,,,,,,,,,,,,,,,w,move_up,,18,13
5290,176333,,,,,,,,,,,,,,,,,,,,,,a|w,move_up|move_left,,20,9
5291,176367,,,,,,,,,,,,,,,,,,,,,,a|w,move_up|move_left,,33,7
5292,176400,,,,,,,,,,,,,,,,,,,,,,a|w,move_up|move_left,,17,1
5293,176433,,,,,,,,,,,,,,,,,,,,,,a|w,move_up|move_left,,1,0
5294,176467,,,,,,,,,,,,,,,,,,,,,,a|w,move_up|move_left,,0,0
5295,176500,,,,,,,,,,,,,,,,,,,,,,a|w,move_up|move_left,,0,0
5296,176533,,,,,,,,,,,,,,,,,,,,,,a|w,move_up|move_left,,0,0
5297,176567,,,,,,,,,,,,,,,,,,,,,,a|w,move_up|move_left,,0,0
5298,176600,,,,,,,,,,,,,,,,,,,,,,a|w,move_up|move_left,,1,0
5299,176633,,,,,,,,,,,,,,,,,,,,,,a|w,move_up|move_left,,2,0
5300,176667,,,,,,,,,,,,,,,,,,,,,,a|w,move_up|move_left,,5,-2
5301,176700,,,,,,,,,,,,,,,,,,,,,,a|w,move_up|move_left,,16,-5
5302,176733,,,,,,,,,,,,,,,,,,,,,,a|w,move_up|move_left,,30,-11
5303,176767,,,,,,,,,,,,,,,,,,,,,,a|w,move_up|move_left,,35,-5
5304,176800,,,,,,,,,,,,,,,,,,,,,,a|w,move_up|move_left,,0,0
5305,176833,,,,,,,,,,,,,,,,,,,,,,a|w,move_up|move_left,,1,1
5306,176867,,,,,,,,,,,,,,,,,,,,,,a|w,move_up|move_left,,0,0
5307,176900,,,,,,,,,,,,,,,,,,,,,,a|w,move_up|move_left,,0,0
5308,176933,,,,,,,,,,,,,,,,,,,,,,a|w,move_up|move_left,,0,0
5309,176967,,,,,,,,,,,,,,,,,,,,,,a|w,move_up|move_left,,0,0
5310,177000,,,,,,,,,,,,,,,,,,,,,,a|w,move_up|move_left,,0,-2
5311,177033,,,,,,,,,,,,,,,,,,,,,,a|w,move_up|move_left,,5,0
5312,177067,,,,,,,,,,,,,,,,,,,,,,a|w,move_up|move_left,,15,1
5313,177100,,,,,,,,,,,,,,,,,,,,,,a|w,move_up|move_left,,31,-4
5314,177133,,,,,,,,,,,,,,,,,,,,,,a|w,move_up|move_left,,41,-8
5315,177167,,,,,,,,,,,,,,,,,,,,,,a|w,move_up|move_left,,30,-6
5316,177200,,,,,,,,,,,,,,,,,,,,,,a|w,move_up|move_left,,8,-2
5317,177233,,,,,,,,,,,,,,,,,,,,,,a|w,move_up|move_left,,0,0
5318,177267,,,,,,,,,,,,,,,,,,,,,,a|w,move_up|move_left,,1,0
5319,177300,,,,,,,,,,,,,,,,,,,,,,a|w,move_up|move_left,,0,0
5320,177333,,,,,,,,,,,,,,,,,,,,,,a,move_left,,0,0
5321,177367,,,,,,,,,,,,,,,,,,,,,,a,move_left,,0,0
5322,177400,,,,,,,,,,,,,,,,,,,,,,a,move_left,,0,0
5323,177433,,,,,,,,,,,,,,,,,,,,,,a,move_left,,3,0
5324,177467,,,,,,,,,,,,,,,,,,,,,,a,move_left,,5,0
5325,177500,,,,,,,,,,,,,,,,,,,,,,a,move_left,,12,0
5326,177533,,,,,,,,,,,,,,,,,,,,,,a,move_left,,9,0
5327,177567,,,,,,,,,,,,,,,,,,,,,,a,move_left,,9,0
5328,177600,,,,,,,,,,,,,,,,,,,,,,a,move_left,,8,0
5329,177633,,,,,,,,,,,,,,,,,,,,,,a,move_left,,8,0
5330,177667,,,,,,,,,,,,,,,,,,,,,,a,move_left,,6,0
5331,177700,,,,,,,,,,,,,,,,,,,,,,a,move_left,,1,0
5332,177733,,,,,,,,,,,,,,,,,,,,,,a,move_left,,1,0
5333,177767,,,,,,,,,,,,,,,,,,,,,,a,move_left,,0,0
5334,177800,,,,,,,,,,,,,,,,,,,,,,,,,0,0
5335,177833,,,,,,,,,,,,,,,,,,,,,,a,move_left,,0,0
5336,177867,,,,,,,,,,,,,,,,,,,,,,a,move_left,,0,0
5337,177900,,,,,,,,,,,,,,,,,,,,,,a,move_left,,0,0
5338,177933,,,,,,,,,,,,,,,,,,,,,,,,,0,0
5339,177967,,,,,,,,,,,,,,,,,,,,,,,,,0,0
5340,178000,,,,,,,,,,,,,,,,,,,,,,,,,0,0
5341,178033,,,,,,,,,,,,,,,,,,,,,,,,,0,0
5342,178067,,,,,,,,,,,,,,,,,,,,,,,,,0,0
5343,178100,,,,,,,,,,,,,,,,,,,,,,,,,0,0
5344,178133,,,,,,,,,,,,,,,,,,,,,,,,,0,0
5345,178167,,,,,,,,,,,,,,,,,,,,,,,,,0,0
5346,178200,,,,,,,,,,,,,,,,,,,,,,,,,0,0
5347,178233,,,,,,,,,,,,,,,,,,,,,,,,,0,0
5348,178267,,,,,,,,,,,,,,,,,,,,,,,,,0,0
5349,178300,,,,,,,,,,,,,,,,,,,,,,,,,0,0
5350,178333,,,,,,,,,,,,,,,,,,,,,,a,move_left,,0,0
5351,178367,,,,,,,,,,,,,,,,,,,,,,a,move_left,,0,0
5352,178400,,,,,,,,,,,,,,,,,,,,,,a,move_left,,0,0
5353,178433,,,,,,,,,,,,,,,,,,,,,,a,move_left,,0,0
5354,178467,,,,,,,,,,,,,,,,,,,,,,a,move_left,,0,0
5355,178500,,,,,,,,,,,,,,,,,,,,,,a|w,move_up|move_left,,0,0
5356,178533,,,,,,,,,,,,,,,,,,,,,,a|w,move_up|move_left,,0,0
5357,178567,,,,,,,,,,,,,,,,,,,,,,a|w,move_up|move_left,,1,0
5358,178600,,,,,,,,,,,,,,,,,,,,,,a|w,move_up|move_left,,3,0
5359,178633,,,,,,,,,,,,,,,,,,,,,,a|w,move_up|move_left,,5,1
5360,178667,,,,,,,,,,,,,,,,,,,,,,a|w,move_up|move_left,,6,0
5361,178700,,,,,,,,,,,,,,,,,,,,,,a|w,move_up|move_left,,12,2
5362,178733,,,,,,,,,,,,,,,,,,,,,,a|w,move_up|move_left,,11,2
5363,178767,,,,,,,,,,,,,,,,,,,,,,a|w,move_up|move_left,,21,4
5364,178800,,,,,,,,,,,,,,,,,,,,,,a|w,move_up|move_left,,16,4
5365,178833,,,,,,,,,,,,,,,,,,,,,,a|w,move_up|move_left,,13,3
5366,178867,,,,,,,,,,,,,,,,,,,,,,a|w,move_up|move_left,,7,1
5367,178900,,,,,,,,,,,,,,,,,,,,,,a|w,move_up|move_left,,3,1
5368,178933,,,,,,,,,,,,,,,,,,,,,,a|w,move_up|move_left,,2,0
5369,178967,,,,,,,,,,,,,,,,,,,,,,a|w,move_up|move_left,,2,0
5370,179000,,,,,,,,,,,,,,,,,,,,,,a|w,move_up|move_left,,4,0
5371,179033,,,,,,,,,,,,,,,,,,,,,,a|w,move_up|move_left,,7,1
5372,179067,,,,,,,,,,,,,,,,,,,,,,a|w,move_up|move_left,,4,0
5373,179100,,,,,,,,,,,,,,,,,,,,,,a|w,move_up|move_left,,1,0
5374,179133,,,,,,,,,,,,,,,,,,,,,,a|w,move_up|move_left,,0,0
5375,179167,,,,,,,,,,,,,,,,,,,,,,a|w,move_up|move_left,,0,0
5376,179200,,,,,,,,,,,,,,,,,,,,,,a|w,move_up|move_left,,1,-1
5377,179233,,,,,,,,,,,,,,,,,,,,,,a|w,move_up|move_left,,0,0
5378,179267,,,,,,,,,,,,,,,,,,,,,,w,move_up,,0,-1
5379,179300,,,,,,,,,,,,,,,,,,,,,,w,move_up,,-2,-3
5380,179333,,,,,,,,,,,,,,,,,,,,,,w,move_up,,-2,-1
5381,179367,,,,,,,,,,,,,,,,,,,,,,w,move_up,,-6,-3
5382,179400,,,,,,,,,,,,,,,,,,,,,,w,move_up,,-10,-3
5383,179433,,,,,,,,,,,,,,,,,,,,,,w,move_up,,-19,-4
5384,179467,,,,,,,,,,,,,,,,,,,,,,w,move_up,,-21,-4
5385,179500,,,,,,,,,,,,,,,,,,,,,,w,move_up,,-20,-2
5386,179533,,,,,,,,,,,,,,,,,,,,,,w,move_up,,-7,0
5387,179567,,,,,,,,,,,,,,,,,,,,,,w,move_up,,0,0
5388,179600,,,,,,,,,,,,,,,,,,,,,,w,move_up,,-1,0
5389,179633,,,,,,,,,,,,,,,,,,,,,,w,move_up,,-2,0
5390,179667,,,,,,,,,,,,,,,,,,,,,,w,move_up,,-2,0
5391,179700,,,,,,,,,,,,,,,,,,,,,,d|w,move_up|move_right,,-8,0
5392,179733,,,,,,,,,,,,,,,,,,,,,,d|w,move_up|move_right,,-15,0
5393,179767,,,,,,,,,,,,,,,,,,,,,,d|w,move_up|move_right,,-20,0
5394,179800,,,,,,,,,,,,,,,,,,,,,,d|w,move_up|move_right,,-16,0
5395,179833,,,,,,,,,,,,,,,,,,,,,,d|w,move_up|move_right,,-14,0
5396,179867,,,,,,,,,,,,,,,,,,,,,,d|w,move_up|move_right,,-9,0
5397,179900,,,,,,,,,,,,,,,,,,,,,,d|w,move_up|move_right,,-3,0
5398,179933,,,,,,,,,,,,,,,,,,,,,,w,move_up,,0,0
5399,179967,,,,,,,,,,,,,,,,,,,,,,w,move_up,,0,0
5400,180000,,,,,,,,,,,,,,,,,,,,,,d|w,move_up|move_right,,-1,0
5401,180033,,,,,,,,,,,,,,,,,,,,,,d|w,move_up|move_right,,-4,0
5402,180067,,,,,,,,,,,,,,,,,,,,,,d|w,move_up|move_right,,-3,0
5403,180100,,,,,,,,,,,,,,,,,,,,,,d|w,move_up|move_right,,-1,0
5404,180133,,,,,,,,,,,,,,,,,,,,,,d|w,move_up|move_right,,0,0
5405,180167,,,,,,,,,,,,,,,,,,,,,,w,move_up,,0,0
5406,180200,,,,,,,,,,,,,,,,,,,,,,,,,0,0
5407,180233,,,,,,,,,,,,,,,,,,,,,,,,,0,0
5408,180267,,,,,,,,,,,,,,,,,,,,,,,,,0,0
5409,180300,,,,,,,,,,,,,,,,,,,,,,,,,0,0
5410,180333,,,,,,,,,,,,,,,,,,,,,,,,,-1,1
5411,180367,,,,,,,,,,,,,,,,,,,,,,,,,-1,0
5412,180400,,,,,,,,,,,,,,,,,,,,,,w,move_up,,-1,0
5413,180433,,,,,,,,,,,,,,,,,,,,,,w,move_up,,0,0
5414,180467,,,,,,,,,,,,,,,,,,,,,,w,move_up,,0,0
5415,180500,,,,,,,,,,,,,,,,,,,,,,w,move_up,,0,0
5416,180533,,,,,,,,,,,,,,,,,,,,,,,,,0,0
5417,180567,,,,,,,,,,,,,,,,,,,,,,,,,0,0
5418,180600,,,,,,,,,,,,,,,,,,,,,,,,,0,0
5419,180633,,,,,,,,,,,,,,,,,,,,,,,,,0,0
5420,180667,,,,,,,,,,,,,,,,,,,,,,,,,0,0
5421,180700,,,,,,,,,,,,,,,,,,,,,,w,move_up,,0,0
5422,180733,,,,,,,,,,,,,,,,,,,,,,w,move_up,,0,0
5423,180767,,,,,,,,,,,,,,,,,,,,,,w,move_up,,0,0
5424,180800,,,,,,,,,,,,,,,,,,,,,,w,move_up,,-1,1
5425,180833,,,,,,,,,,,,,,,,,,,,,,d|w,move_up|move_right,,-1,0
5426,180867,,,,,,,,,,,,,,,,,,,,,,d|w,move_up|move_right,,-4,0
5427,180900,,,,,,,,,,,,,,,,,,,,,,d|w,move_up|move_right,,-26,3
5428,180933,,,,,,,,,,,,,,,,,,,,,,d|w,move_up|move_right,,-31,1
5429,180967,,,,,,,,,,,,,,,,,,,,,,d|w,move_up|move_right,,-28,0
5430,181000,,,,,,,,,,,,,,,,,,,,,,d|w,move_up|move_right,,-20,0
5431,181033,,,,,,,,,,,,,,,,,,,,,,d|w,move_up|move_right,,-5,0
5432,181067,,,,,,,,,,,,,,,,,,,,,,d|w,move_up|move_right,,0,0
5433,181100,,,,,,,,,,,,,,,,,,,,,,w,move_up,,-1,0
5434,181133,,,,,,,,,,,,,,,,,,,,,,,,,0,0
5435,181167,,,,,,,,,,,,,,,,,,,,,,,,,0,0
5436,181200,,,,,,,,,,,,,,,,,,,,,,,,,0,0
5437,181233,,,,,,,,,,,,,,,,,,,,,,,,,0,0
5438,181267,,,,,,,,,,,,,,,,,,,,,,,,,0,0
5439,181300,,,,,,,,,,,,,,,,,,,,,,,,,0,0
5440,181333,,,,,,,,,,,,,,,,,,,,,,,,,0,0
5441,181367,,,,,,,,,,,,,,,,,,,,,,,,,0,0
5442,181400,,,,,,,,,,,,,,,,,,,,,,,,,25,2
5443,181433,,,,,,,,,,,,,,,,,,,,,,,,,81,1
5444,181467,,,,,,,,,,,,,,,,,,,,,,,,,95,0
5445,181500,,,,,,,,,,,,,,,,,,,,,,,,,79,0
5446,181533,,,,,,,,,,,,,,,,,,,,,,,,,36,2
5447,181567,,,,,,,,,,,,,,,,,,,,,,,,,5,0
5448,181600,,,,,,,,,,,,,,,,,,,,,,,,,0,0
5449,181633,,,,,,,,,,,,,,,,,,,,,,,,,4,0
5450,181667,,,,,,,,,,,,,,,,,,,,,,,,,4,0
5451,181700,,,,,,,,,,,,,,,,,,,,,,,,,16,0
5452,181733,,,,,,,,,,,,,,,,,,,,,,,,,29,1
5453,181767,,,,,,,,,,,,,,,,,,,,,,,,,17,0
5454,181800,,,,,,,,,,,,,,,,,,,,,,d,move_right,,23,0
5455,181833,,,,,,,,,,,,,,,,,,,,,,d,move_right,,37,0
5456,181867,,,,,,,,,,,,,,,,,,,,,,d,move_right,,62,1
5457,181900,,,,,,,,,,,,,,,,,,,,,,d,move_right,,122,4
5458,181933,,,,,,,,,,,,,,,,,,,,,,d,move_right,,119,-2
5459,181967,,,,,,,,,,,,,,,,,,,,,,d,move_right,,82,-1
5460,182000,,,,,,,,,,,,,,,,,,,,,,d,move_right,,0,0
5461,182033,,,,,,,,,,,,,,,,,,,,,,d,move_right,,3,0
5462,182067,,,,,,,,,,,,,,,,,,,,,,d,move_right,,0,0
5463,182100,,,,,,,,,,,,,,,,,,,,,,d,move_right,,0,0
5464,182133,,,,,,,,,,,,,,,,,,,,,,d|w,move_up|move_right,,0,0
5465,182167,,,,,,,,,,,,,,,,,,,,,,d|w,move_up|move_right,,1,0
5466,182200,,,,,,,,,,,,,,,,,,,,,,d|w,move_up|move_right,,19,-13
5467,182233,,,,,,,,,,,,,,,,,,,,,,d|w,move_up|move_right,,5,2
5468,182267,,,,,,,,,,,,,,,,,,,,,,d|w,move_up|move_right,,7,3
5469,182300,,,,,,,,,,,,,,,,,,,,,,w,move_up,,6,1
5470,182333,,,,,,,,,,,,,,,,,,,,,,w,move_up,,18,1
5471,182367,,,,,,,,,,,,,,,,,,,,,,w,move_up,,29,0
5472,182400,,,,,,,,,,,,,,,,,,,,,,w,move_up,,15,0
5473,182433,,,,,,,,,,,,,,,,,,,,,,w,move_up,,11,1
5474,182467,,,,,,,,,,,,,,,,,,,,,,w,move_up,,8,2
5475,182500,,,,,,,,,,,,,,,,,,,,,,w,move_up,,2,1
5476,182533,,,,,,,,,,,,,,,,,,,,,,w,move_up,,1,1
5477,182567,,,,,,,,,,,,,,,,,,,,,,w,move_up,,0,0
5478,182600,,,,,,,,,,,,,,,,,,,,,,w,move_up,,0,-1
5479,182633,,,,,,,,,,,,,,,,,,,,,,w,move_up,,0,0
5480,182667,,,,,,,,,,,,,,,,,,,,,,d|w,move_up|move_right,,0,0
5481,182700,,,,,,,,,,,,,,,,,,,,,,d|w,move_up|move_right,,-1,0
5482,182733,,,,,,,,,,,,,,,,,,,,,,d|w,move_up|move_right,,-20,-1
5483,182767,,,,,,,,,,,,,,,,,,,,,,d|w,move_up|move_right,,-33,5
5484,182800,,,,,,,,,,,,,,,,,,,,,,d|w,move_up|move_right,,-44,3
5485,182833,,,,,,,,,,,,,,,,,,,,,,d|w,move_up|move_right,,-48,0
5486,182867,,,,,,,,,,,,,,,,,,,,,,d|w,move_up|move_right,,-56,-3
5487,182900,,,,,,,,,,,,,,,,,,,,,,d|w,move_up|move_right,,-44,-3
5488,182933,,,,,,,,,,,,,,,,,,,,,,d|w,move_up|move_right,,-28,0
5489,182967,,,,,,,,,,,,,,,,,,,,,,d|w,move_up|move_right,,-6,0
5490,183000,,,,,,,,,,,,,,,,,,,,,,d|w,move_up|move_right,,0,0
5491,183033,,,,,,,,,,,,,,,,,,,,,,d|w,move_up|move_right,,0,0
5492,183067,,,,,,,,,,,,,,,,,,,,,,d,move_right,,-1,0
5493,183100,,,,,,,,,,,,,,,,,,,,,,d,move_right,,-1,0
5494,183133,,,,,,,,,,,,,,,,,,,,,,d,move_right,,-4,0
5495,183167,,,,,,,,,,,,,,,,,,,,,,d,move_right,,-4,0
5496,183200,,,,,,,,,,,,,,,,,,,,,,d,move_right,,-9,0
5497,183233,,,,,,,,,,,,,,,,,,,,,,d,move_right,,-11,0
5498,183267,,,,,,,,,,,,,,,,,,,,,,d,move_right,,-11,-1
5499,183300,,,,,,,,,,,,,,,,,,,,,,d,move_right,,-11,-2
5500,183333,,,,,,,,,,,,,,,,,,,,,,d,move_right,,-5,-1
5501,183367,,,,,,,,,,,,,,,,,,,,,,d,move_right,,-4,-2
5502,183400,,,,,,,,,,,,,,,,,,,,,,d,move_right,,-1,0
5503,183433,,,,,,,,,,,,,,,,,,,,,,,,,0,0
5504,183467,,,,,,,,,,,,,,,,,,,,,,,,,0,0
5505,183500,,,,,,,,,,,,,,,,,,,,,,,,,0,0
5506,183533,,,,,,,,,,,,,,,,,,,,,,,,,0,0
5507,183567,,,,,,,,,,,,,,,,,,,,,,,,,0,0
5508,183600,,,,,,,,,,,,,,,,,,,,,,d,move_right,,0,0
5509,183633,,,,,,,,,,,,,,,,,,,,,,d,move_right,,0,0
5510,183667,,,,,,,,,,,,,,,,,,,,,,d,move_right,,-1,0
5511,183700,,,,,,,,,,,,,,,,,,,,,,d|w,move_up|move_right,,-5,-1
5512,183733,,,,,,,,,,,,,,,,,,,,,,d|w,move_up|move_right,,-6,0
5513,183767,,,,,,,,,,,,,,,,,,,,,,d|w,move_up|move_right,,-5,-1
5514,183800,,,,,,,,,,,,,,,,,,,,,,d|w,move_up|move_right,,-5,-1
5515,183833,,,,,,,,,,,,,,,,,,,,,,d,move_right,,-1,0
5516,183867,,,,,,,,,,,,,,,,,,,,,,d,move_right,,-1,-1
5517,183900,,,,,,,,,,,,,,,,,,,,,,,,,-1,0
5518,183933,,,,,,,,,,,,,,,,,,,,,,,,,0,0
5519,183967,,,,,,,,,,,,,,,,,,,,,,,,,0,0
5520,184000,,,,,,,,,,,,,,,,,,,,,,,,,0,0
5521,184033,,,,,,,,,,,,,,,,,,,,,,,,,-1,-1
5522,184067,,,,,,,,,,,,,,,,,,,,,,,,,0,0
5523,184100,,,,,,,,,,,,,,,,,,,,,,,,,0,0
5524,184133,,,,,,,,,,,,,,,,,,,,,,,,,-1,0
5525,184167,,,,,,,,,,,,,,,,,,,,,,,,,-3,-1
5526,184200,,,,,,,,,,,,,,,,,,,,,,d,move_right,,-9,0
5527,184233,,,,,,,,,,,,,,,,,,,,,,d,move_right,,-10,-1
5528,184267,,,,,,,,,,,,,,,,,,,,,,d,move_right,,-8,0
5529,184300,,,,,,,,,,,,,,,,,,,,,,d|w,move_up|move_right,,-3,0
5530,184333,,,,,,,,,,,,,,,,,,,,,,d|w,move_up|move_right,,-1,-1
5531,184367,,,,,,,,,,,,,,,,,,,,,,d|w,move_up|move_right,,-2,0
5532,184400,,,,,,,,,,,,,,,,,,,,,,d|w,move_up|move_right,,-1,-1
5533,184433,,,,,,,,,,,,,,,,,,,,,,d|w,move_up|move_right,,0,0
5534,184467,,,,,,,,,,,,,,,,,,,,,,d|w,move_up|move_right,,-2,0
5535,184500,,,,,,,,,,,,,,,,,,,,,,d|w,move_up|move_right,,0,0
5536,184533,,,,,,,,,,,,,,,,,,,,,,w,move_up,,0,0
5537,184567,,,,,,,,,,,,,,,,,,,,,,w,move_up,,0,0
5538,184600,,,,,,,,,,,,,,,,,,,,,,w,move_up,,0,0
5539,184633,,,,,,,,,,,,,,,,,,,,,,w,move_up,,0,0
5540,184667,,,,,,,,,,,,,,,,,,,,,,w,move_up,,0,0
5541,184700,,,,,,,,,,,,,,,,,,,,,,w,move_up,,0,0
5542,184733,,,,,,,,,,,,,,,,,,,,,,w,move_up,,0,0
5543,184767,,,,,,,,,,,,,,,,,,,,,,w,move_up,,0,0
5544,184800,,,,,,,,,,,,,,,,,,,,,,d|w,move_up|move_right,,0,0
5545,184833,,,,,,,,,,,,,,,,,,,,,,d|w,move_up|move_right,,0,0
5546,184867,,,,,,,,,,,,,,,,,,,,,,d|w,move_up|move_right,,0,0
5547,184900,,,,,,,,,,,,,,,,,,,,,,d|w,move_up|move_right,,0,0
5548,184933,,,,,,,,,,,,,,,,,,,,,,d|w,move_up|move_right,,0,0
5549,184967,,,,,,,,,,,,,,,,,,,,,,d|w,move_up|move_right,,0,0
5550,185000,,,,,,,,,,,,,,,,,,,,,,w,move_up,,0,0
5551,185033,,,,,,,,,,,,,,,,,,,,,,w,move_up,,0,0
5552,185067,,,,,,,,,,,,,,,,,,,,,,w,move_up,,0,0
5553,185100,,,,,,,,,,,,,,,,,,,,,,w,move_up,,0,0
5554,185133,,,,,,,,,,,,,,,,,,,,,,w,move_up,,0,0
5555,185167,,,,,,,,,,,,,,,,,,,,,,w,move_up,,0,0
5556,185200,,,,,,,,,,,,,,,,,,,,,,w,move_up,,0,0
5557,185233,,,,,,,,,,,,,,,,,,,,,,w,move_up,,0,0
5558,185267,,,,,,,,,,,,,,,,,,,,,,w,move_up,,0,0
5559,185300,,,,,,,,,,,,,,,,,,,,,,w,move_up,,0,0
5560,185333,,,,,,,,,,,,,,,,,,,,,,w,move_up,,0,0
5561,185367,,,,,,,,,,,,,,,,,,,,,,w,move_up,,0,0
5562,185400,,,,,,,,,,,,,,,,,,,,,,w,move_up,,0,0
5563,185433,,,,,,,,,,,,,,,,,,,,,,w,move_up,,0,0
5564,185467,,,,,,,,,,,,,,,,,,,,,,w,move_up,,0,0
5565,185500,,,,,,,,,,,,,,,,,,,,,,w,move_up,,0,0
5566,185533,,,,,,,,,,,,,,,,,,,,,,w,move_up,,0,0
5567,185567,,,,,,,,,,,,,,,,,,,,,,w,move_up,,0,0
5568,185600,,,,,,,,,,,,,,,,,,,,,,w,move_up,,2,0
5569,185633,,,,,,,,,,,,,,,,,,,,,,w,move_up,,1,3
5570,185667,,,,,,,,,,,,,,,,,,,,,,w,move_up,,0,0
5571,185700,,,,,,,,,,,,,,,,,,,,,,w,move_up,,-1,0
5572,185733,,,,,,,,,,,,,,,,,,,,,,w,move_up,,0,0
5573,185767,,,,,,,,,,,,,,,,,,,,,,w,move_up,,0,0
5574,185800,,,,,,,,,,,,,,,,,,,,,,w,move_up,,0,0
5575,185833,,,,,,,,,,,,,,,,,,,,,,w,move_up,,0,0
5576,185867,,,,,,,,,,,,,,,,,,,,,,w,move_up,,0,0
5577,185900,,,,,,,,,,,,,,,,,,,,,,w,move_up,,0,0
5578,185933,,,,,,,,,,,,,,,,,,,,,,w,move_up,,0,0
5579,185967,,,,,,,,,,,,,,,,,,,,,,d|w,move_up|move_right,,-3,0
5580,186000,,,,,,,,,,,,,,,,,,,,,,d|w,move_up|move_right,,-7,-2
5581,186033,,,,,,,,,,,,,,,,,,,,,,d|w,move_up|move_right,,-9,0
5582,186067,,,,,,,,,,,,,,,,,,,,,,d|w,move_up|move_right,,-6,0
5583,186100,,,,,,,,,,,,,,,,,,,,,,d|w,move_up|move_right,,-5,0
5584,186133,,,,,,,,,,,,,,,,,,,,,,d|w,move_up|move_right,,-6,0
5585,186167,,,,,,,,,,,,,,,,,,,,,,w,move_up,,-5,0
5586,186200,,,,,,,,,,,,,,,,,,,,,,w,move_up,,-4,0
5587,186233,,,,,,,,,,,,,,,,,,,,,,w,move_up,,-5,0
5588,186267,,,,,,,,,,,,,,,,,,,,,,w,move_up,,-5,0
5589,186300,,,,,,,,,,,,,,,,,,,,,,w,move_up,,-6,-1
5590,186333,,,,,,,,,,,,,,,,,,,,,,d|w,move_up|move_right,,-6,0
5591,186367,,,,,,,,,,,,,,,,,,,,,,d|w,move_up|move_right,,-7,0
5592,186400,,,,,,,,,,,,,,,,,,,,,,d|w,move_up|move_right,,-10,0
5593,186433,,,,,,,,,,,,,,,,,,,,,,d|w,move_up|move_right,,-12,0
5594,186467,,,,,,,,,,,,,,,,,,,,,,d|w,move_up|move_right,,-11,0
5595,186500,,,,,,,,,,,,,,,,,,,,,,d|w,move_up|move_right,,-13,0
5596,186533,,,,,,,,,,,,,,,,,,,,,,d|w,move_up|move_right,,-11,0
5597,186567,,,,,,,,,,,,,,,,,,,,,,w,move_up,,-12,0
5598,186600,,,,,,,,,,,,,,,,,,,,,,w,move_up,,-6,0
5599,186633,,,,,,,,,,,,,,,,,,,,,,w,move_up,,-1,0
5600,186667,,,,,,,,,,,,,,,,,,,,,,w,move_up,,-1,0
5601,186700,,,,,,,,,,,,,,,,,,,,,,w,move_up,,-1,0
5602,186733,,,,,,,,,,,,,,,,,,,,,,w,move_up,,-1,0
5603,186767,,,,,,,,,,,,,,,,,,,,,,w,move_up,,-1,0
5604,186800,,,,,,,,,,,,,,,,,,,,,,w,move_up,,-2,0
5605,186833,,,,,,,,,,,,,,,,,,,,,,w,move_up,,-4,0
5606,186867,,,,,,,,,,,,,,,,,,,,,,w,move_up,,-3,0
5607,186900,,,,,,,,,,,,,,,,,,,,,,w,move_up,,-2,0
5608,186933,,,,,,,,,,,,,,,,,,,,,,w,move_up,,0,0
5609,186967,,,,,,,,,,,,,,,,,,,,,,w,move_up,,0,0
5610,187000,,,,,,,,,,,,,,,,,,,,,,d|w,move_up|move_right,,-1,0
5611,187033,,,,,,,,,,,,,,,,,,,,,,d|w,move_up|move_right,,0,0
5612,187067,,,,,,,,,,,,,,,,,,,,,,d|w,move_up|move_right,,0,0
5613,187100,,,,,,,,,,,,,,,,,,,,,,d|w,move_up|move_right,,0,0
5614,187133,,,,,,,,,,,,,,,,,,,,,,d|w,move_up|move_right,,0,0
5615,187167,,,,,,,,,,,,,,,,,,,,,,d|w,move_up|move_right,,-2,0
5616,187200,,,,,,,,,,,,,,,,,,,,,,d|w,move_up|move_right,,-1,1
5617,187233,,,,,,,,,,,,,,,,,,,,,,d|w,move_up|move_right,,0,0
5618,187267,,,,,,,,,,,,,,,,,,,,,,d|w,move_up|move_right,,-2,0
5619,187300,,,,,,,,,,,,,,,,,,,,,,d|w,move_up|move_right,,-3,0
5620,187333,,,,,,,,,,,,,,,,,,,,,,w,move_up,,-3,0
5621,187367,,,,,,,,,,,,,,,,,,,,,,w,move_up,,-3,1
5622,187400,,,,,,,,,,,,,,,,,,,,,,d|w,move_up|move_right,,-6,0
5623,187433,,,,,,,,,,,,,,,,,,,,,,d|w,move_up|move_right,,-2,0
5624,187467,,,,,,,,,,,,,,,,,,,,,,d|w,move_up|move_right,,0,0
5625,187500,,,,,,,,,,,,,,,,,,,,,,w,move_up,,0,0
5626,187533,,,,,,,,,,,,,,,,,,,,,,w,move_up,,0,0
5627,187567,,,,,,,,,,,,,,,,,,,,,,w,move_up,,0,0
5628,187600,,,,,,,,,,,,,,,,,,,,,,w,move_up,,0,0
5629,187633,,,,,,,,,,,,,,,,,,,,,,w,move_up,,0,0
5630,187667,,,,,,,,,,,,,,,,,,,,,,,,,0,0
5631,187700,,,,,,,,,,,,,,,,,,,,,,,,,-1,0
5632,187733,,,,,,,,,,,,,,,,,,,,,,,,,0,0
5633,187767,,,,,,,,,,,,,,,,,,,,,,,,,0,0
5634,187800,,,,,,,,,,,,,,,,,,,,,,,,,0,0
5635,187833,,,,,,,,,,,,,,,,,,,,,,,,,-1,0
5636,187867,,,,,,,,,,,,,,,,,,,,,,,,,-11,2
5637,187900,,,,,,,,,,,,,,,,,,,,,,,,,-49,4
5638,187933,,,,,,,,,,,,,,,,,,,,,,,,,-100,4
5639,187967,,,,,,,,,,,,,,,,,,,,,,,,,-122,2
5640,188000,,,,,,,,,,,,,,,,,,,,,,a,move_left,,-114,1
5641,188033,,,,,,,,,,,,,,,,,,,,,,a,move_left,,-61,1
5642,188067,,,,,,,,,,,,,,,,,,,,,,a,move_left,,-39,1
5643,188100,,,,,,,,,,,,,,,,,,,,,,a,move_left,,-33,1
5644,188133,,,,,,,,,,,,,,,,,,,,,,a,move_left,,-33,1
5645,188167,,,,,,,,,,,,,,,,,,,,,,a,move_left,,-32,1
5646,188200,,,,,,,,,,,,,,,,,,,,,,a,move_left,,-9,0
5647,188233,,,,,,,,,,,,,,,,,,,,,,a,move_left,,-1,0
5648,188267,,,,,,,,,,,,,,,,,,,,,,a|w,move_up|move_left,,0,0
5649,188300,,,,,,,,,,,,,,,,,,,,,,a|w,move_up|move_left,,0,0
5650,188333,,,,,,,,,,,,,,,,,,,,,,a|w,move_up|move_left,,0,0
5651,188367,,,,,,,,,,,,,,,,,,,,,,a|w,move_up|move_left,,0,0
5652,188400,,,,,,,,,,,,,,,,,,,,,,w,move_up,,8,-2
5653,188433,,,,,,,,,,,,,,,,,,,,,,w,move_up,,8,-2
5654,188467,,,,,,,,,,,,,,,,,,,,,,w,move_up,,3,0
5655,188500,,,,,,,,,,,,,,,,,,,,,,w,move_up,,5,-1
5656,188533,,,,,,,,,,,,,,,,,,,,,,w,move_up,,2,-1
5657,188567,,,,,,,,,,,,,,,,,,,,,,d,move_right,,2,0
5658,188600,,,,,,,,,,,,,,,,,,,,,,d,move_right,,0,0
5659,188633,,,,,,,,,,,,,,,,,,,,,,d,move_right,,2,0
5660,188667,,,,,,,,,,,,,,,,,,,,,,d,move_right,,23,0
5661,188700,,,,,,,,,,,,,,,,,,,,,,d,move_right,,73,-2
5662,188733,,,,,,,,,,,,,,,,,,,,,,d,move_right,,81,0
5663,188767,,,,,,,,,,,,,,,,,,,,,,d,move_right,,73,0
5664,188800,,,,,,,,,,,,,,,,,,,,,,d,move_right,,36,0
5665,188833,,,,,,,,,,,,,,,,,,,,,,d|w,move_up|move_right,,11,2
5666,188867,,,,,,,,,,,,,,,,,,,,,,d|w,move_up|move_right,,28,0
5667,188900,,,,,,,,,,,,,,,,,,,,,,d|w,move_up|move_right,,53,0
5668,188933,,,,,,,,,,,,,,,,,,,,,,d|w,move_up|move_right,,52,-1
5669,188967,,,,,,,,,,,,,,,,,,,,,,d|w,move_up|move_right,,74,-1
5670,189000,,,,,,,,,,,,,,,,,,,,,,d|w,move_up|move_right,,51,0
5671,189033,,,,,,,,,,,,,,,,,,,,,,d|w,move_up|move_right,,18,0
5672,189067,,,,,,,,,,,,,,,,,,,,,,d|w,move_up|move_right,,0,0
5673,189100,,,,,,,,,,,,,,,,,,,,,,d|w,move_up|move_right,,0,0
5674,189133,,,,,,,,,,,,,,,,,,,,,,d|w,move_up|move_right,,0,0
5675,189167,,,,,,,,,,,,,,,,,,,,,,w,move_up,,0,0
5676,189200,,,,,,,,,,,,,,,,,,,,,,w,move_up,,0,0
5677,189233,,,,,,,,,,,,,,,,,,,,,,w,move_up,,0,0
5678,189267,,,,,,,,,,,,,,,,,,,,,,w,move_up,,0,0
5679,189300,,,,,,,,,,,,,,,,,,,,,,w,move_up,,-7,0
5680,189333,,,,,,,,,,,,,,,,,,,,,,w,move_up,,-13,0
5681,189367,,,,,,,,,,,,,,,,,,,,,,w,move_up,,-15,1
5682,189400,,,,,,,,,,,,,,,,,,,,,,d|w,move_up|move_right,,-7,1
5683,189433,,,,,,,,,,,,,,,,,,,,,,d|w,move_up|move_right,,-8,0
5684,189467,,,,,,,,,,,,,,,,,,,,,,d|w,move_up|move_right,,-9,0
5685,189500,,,,,,,,,,,,,,,,,,,,,,d|w,move_up|move_right,,-15,0
5686,189533,,,,,,,,,,,,,,,,,,,,,,d|w,move_up|move_right,,-13,0
5687,189567,,,,,,,,,,,,,,,,,,,,,,d|w,move_up|move_right,,-16,-1
5688,189600,,,,,,,,,,,,,,,,,,,,,,d|w,move_up|move_right,,-8,0
5689,189633,,,,,,,,,,,,,,,,,,,,,,d|w,move_up|move_right,,-3,-1
5690,189667,,,,,,,,,,,,,,,,,,,,,,d|w,move_up|move_right,,-2,0
5691,189700,,,,,,,,,,,,,,,,,,,,,,d|w,move_up|move_right,,-2,0
5692,189733,,,,,,,,,,,,,,,,,,,,,,d|w,move_up|move_right,,0,0
5693,189767,,,,,,,,,,,,,,,,,,,,,,d|w,move_up|move_right,,-1,0
5694,189800,,,,,,,,,,,,,,,,,,,,,,d|w,move_up|move_right,,0,0
5695,189833,,,,,,,,,,,,,,,,,,,,,,d|w,move_up|move_right,,0,0
5696,189867,,,,,,,,,,,,,,,,,,,,,,d|w,move_up|move_right,,0,0
5697,189900,,,,,,,,,,,,,,,,,,,,,,d|w,move_up|move_right,,0,0
5698,189933,,,,,,,,,,,,,,,,,,,,,,d|w,move_up|move_right,,0,0
5699,189967,,,,,,,,,,,,,,,,,,,,,,d|w,move_up|move_right,,0,0
5700,190000,,,,,,,,,,,,,,,,,,,,,,d|w,move_up|move_right,,12,-2
5701,190033,,,,,,,,,,,,,,,,,,,,,,d|w,move_up|move_right,,37,-1
5702,190067,,,,,,,,,,,,,,,,,,,,,,d|w,move_up|move_right,,55,-3
5703,190100,,,,,,,,,,,,,,,,,,,,,,d|w,move_up|move_right,,49,-1
5704,190133,,,,,,,,,,,,,,,,,,,,,,d|w,move_up|move_right,,30,3
5705,190167,,,,,,,,,,,,,,,,,,,,,,d|w,move_up|move_right,,31,1
5706,190200,,,,,,,,,,,,,,,,,,,,,,d|w,move_up|move_right,,23,0
5707,190233,,,,,,,,,,,,,,,,,,,,,,d|w,move_up|move_right,,14,0
5708,190267,,,,,,,,,,,,,,,,,,,,,,d|w,move_up|move_right,,16,0
5709,190300,,,,,,,,,,,,,,,,,,,,,,w,move_up,,15,0
5710,190333,,,,,,,,,,,,,,,,,,,,,,w,move_up,,15,0
5711,190367,,,,,,,,,,,,,,,,,,,,,,w,move_up,,9,0
5712,190400,,,,,,,,,,,,,,,,,,,,,,w,move_up,,5,0
5713,190433,,,,,,,,,,,,,,,,,,,,,,w,move_up,,2,0
5714,190467,,,,,,,,,,,,,,,,,,,,,,w,move_up,,0,0
5715,190500,,,,,,,,,,,,,,,,,,,,,,w,move_up,,0,0
5716,190533,,,,,,,,,,,,,,,,,,,,,,w,move_up,,0,0
5717,190567,,,,,,,,,,,,,,,,,,,,,,w,move_up,,0,0
5718,190600,,,,,,,,,,,,,,,,,,,,,,w,move_up,,4,0
5719,190633,,,,,,,,,,,,,,,,,,,,,,w,move_up,,18,1
5720,190667,,,,,,,,,,,,,,,,,,,,,,w,move_up,,27,0
5721,190700,,,,,,,,,,,,,,,,,,,,,,w,move_up,,15,0
5722,190733,,,,,,,,,,,,,,,,,,,,,,w,move_up,,11,1
5723,190767,,,,,,,,,,,,,,,,,,,,,,w,move_up,,5,0
5724,190800,,,,,,,,,,,,,,,,,,,,,,w,move_up,,14,0
5725,190833,,,,,,,,,,,,,,,,,,,,,,w,move_up,,19,0
5726,190867,,,,,,,,,,,,,,,,,,,,,,w,move_up,,22,0
5727,190900,,,,,,,,,,,,,,,,,,,,,,w,move_up,,25,0
5728,190933,,,,,,,,,,,,,,,,,,,,,,a|w,move_up|move_left,,39,0
5729,190967,,,,,,,,,,,,,,,,,,,,,,a|w,move_up|move_left,,13,-1
5730,191000,,,,,,,,,,,,,,,,,,,,,,a|w,move_up|move_left,,10,0
5731,191033,,,,,,,,,,,,,,,,,,,,,,a|w,move_up|move_left,,2,-1
5732,191067,,,,,,,,,,,,,,,,,,,,,,a|w,move_up|move_left,,0,0
5733,191100,,,,,,,,,,,,,,,,,,,,,,w,move_up,,2,0
5734,191133,,,,,,,,,,,,,,,,,,,,,,w,move_up,,0,0
5735,191167,,,,,,,,,,,,,,,,,,,,,,w,move_up,,0,0
5736,191200,,,,,,,,,,,,,,,,,,,,,,w,move_up,,0,0
5737,191233,,,,,,,,,,,,,,,,,,,,,,w,move_up,,0,0
5738,191267,,,,,,,,,,,,,,,,,,,,,,w,move_up,,3,0
5739,191300,,,,,,,,,,,,,,,,,,,,,,w,move_up,,3,0
5740,191333,,,,,,,,,,,,,,,,,,,,,,w,move_up,,5,-2
5741,191367,,,,,,,,,,,,,,,,,,,,,,w,move_up,,8,-2
5742,191400,,,,,,,,,,,,,,,,,,,,,,w,move_up,,8,-3
5743,191433,,,,,,,,,,,,,,,,,,,,,,w,move_up,,2,-1
5744,191467,,,,,,,,,,,,,,,,,,,,,,w,move_up,,1,0
5745,191500,,,,,,,,,,,,,,,,,,,,,,w,move_up,,2,-1
5746,191533,,,,,,,,,,,,,,,,,,,,,,w,move_up,,3,-1
5747,191567,,,,,,,,,,,,,,,,,,,,,,w,move_up,,1,0
5748,191600,,,,,,,,,,,,,,,,,,,,,,w,move_up,,0,0
5749,191633,,,,,,,,,,,,,,,,,,,,,,w,move_up,,0,0
5750,191667,,,,,,,,,,,,,,,,,,,,,,w,move_up,,0,0
5751,191700,,,,,,,,,,,,,,,,,,,,,,w,move_up,,0,0
5752,191733,,,,,,,,,,,,,,,,,,,,,,w,move_up,,-1,0
5753,191767,,,,,,,,,,,,,,,,,,,,,,w,move_up,,-2,0
5754,191800,,,,,,,,,,,,,,,,,,,,,,w,move_up,,-3,0
5755,191833,,,,,,,,,,,,,,,,,,,,,,w,move_up,,-10,0
5756,191867,,,,,,,,,,,,,,,,,,,,,,w,move_up,,-14,0
5757,191900,,,,,,,,,,,,,,,,,,,,,,w,move_up,,-13,1
5758,191933,,,,,,,,,,,,,,,,,,,,,,w,move_up,,-12,2
5759,191967,,,,,,,,,,,,,,,,,,,,,,w,move_up,,-9,1
5760,192000,,,,,,,,,,,,,,,,,,,,,,w,move_up,,-3,0
5761,192033,,,,,,,,,,,,,,,,,,,,,,w,move_up,,-1,1
5762,192067,,,,,,,,,,,,,,,,,,,,,,w,move_up,,-2,0
5763,192100,,,,,,,,,,,,,,,,,,,,,,d|w,move_up|move_right,,-4,0
5764,192133,,,,,,,,,,,,,,,,,,,,,,d|w,move_up|move_right,,-7,1
5765,192167,,,,,,,,,,,,,,,,,,,,,,d|w,move_up|move_right,,-12,2
5766,192200,,,,,,,,,,,,,,,,,,,,,,d|w,move_up|move_right,,-15,2
5767,192233,,,,,,,,,,,,,,,,,,,,,,w,move_up,,-14,0
5768,192267,,,,,,,,,,,,,,,,,,,,,,w,move_up,,-11,1
5769,192300,,,,,,,,,,,,,,,,,,,,,,w,move_up,,-6,0
5770,192333,,,,,,,,,,,,,,,,,,,,,,w,move_up,,-9,0
5771,192367,,,,,,,,,,,,,,,,,,,,,,w,move_up,,-8,0
5772,192400,,,,,,,,,,,,,,,,,,,,,,w,move_up,,-11,0
5773,192433,,,,,,,,,,,,,,,,,,,,,,w,move_up,,-2,0
5774,192467,,,,,,,,,,,,,,,,,,,,,,w,move_up,,-1,0
5775,192500,,,,,,,,,,,,,,,,,,,,,,w,move_up,,-2,0
5776,192533,,,,,,,,,,,,,,,,,,,,,,w,move_up,,-5,2
5777,192567,,,,,,,,,,,,,,,,,,,,,,w,move_up,,-11,2
5778,192600,,,,,,,,,,,,,,,,,,,,,,w,move_up,,-11,3
5779,192633,,,,,,,,,,,,,,,,,,,,,,w,move_up,,-6,1
5780,192667,,,,,,,,,,,,,,,,,,,,,,w,move_up,,-9,2
5781,192700,,,,,,,,,,,,,,,,,,,,,,w,move_up,,-8,0
5782,192733,,,,,,,,,,,,,,,,,,,,,,w,move_up,,-4,0
5783,192767,,,,,,,,,,,,,,,,,,,,,,w,move_up,,0,0
5784,192800,,,,,,,,,,,,,,,,,,,,,,w,move_up,,0,1
5785,192833,,,,,,,,,,,,,,,,,,,,,,w,move_up,,-1,0
5786,192867,,,,,,,,,,,,,,,,,,,,,,w,move_up,,0,0
5787,192900,,,,,,,,,,,,,,,,,,,,,,w,move_up,,0,0
5788,192933,,,,,,,,,,,,,,,,,,,,,,w,move_up,,0,0
5789,192967,,,,,,,,,,,,,,,,,,,,,,w,move_up,,0,0
5790,193000,,,,,,,,,,,,,,,,,,,,,,w,move_up,,0,0
5791,193033,,,,,,,,,,,,,,,,,,,,,,w,move_up,,0,0
5792,193067,,,,,,,,,,,,,,,,,,,,,,w,move_up,,0,1
5793,193100,,,,,,,,,,,,,,,,,,,,,,w,move_up,,12,3
5794,193133,,,,,,,,,,,,,,,,,,,,,,w,move_up,,58,1
5795,193167,,,,,,,,,,,,,,,,,,,,,,w,move_up,,35,0
5796,193200,,,,,,,,,,,,,,,,,,,,,,a|w,move_up|move_left,,8,-1
5797,193233,,,,,,,,,,,,,,,,,,,,,,a|w,move_up|move_left,,1,0
5798,193267,,,,,,,,,,,,,,,,,,,,,,a|w,move_up|move_left,,16,1
5799,193300,,,,,,,,,,,,,,,,,,,,,,a|w,move_up|move_left,,29,0
5800,193333,,,,,,,,,,,,,,,,,,,,,,a|w,move_up|move_left,,17,0
5801,193367,,,,,,,,,,,,,,,,,,,,,,a|w,move_up|move_left,,5,1
5802,193400,,,,,,,,,,,,,,,,,,,,,,a|w,move_up|move_left,,15,2
5803,193433,,,,,,,,,,,,,,,,,,,,,,a|w,move_up|move_left,,14,0
5804,193467,,,,,,,,,,,,,,,,,,,,,,a|w,move_up|move_left,,15,0
5805,193500,,,,,,,,,,,,,,,,,,,,,,a|w,move_up|move_left,,23,0
5806,193533,,,,,,,,,,,,,,,,,,,,,,a|w,move_up|move_left,,9,1
5807,193567,,,,,,,,,,,,,,,,,,,,,,a|w,move_up|move_left,,3,0
5808,193600,,,,,,,,,,,,,,,,,,,,,,w,move_up,,12,1
5809,193633,,,,,,,,,,,,,,,,,,,,,,w,move_up,,10,1
5810,193667,,,,,,,,,,,,,,,,,,,,,,w,move_up,,20,4
5811,193700,,,,,,,,,,,,,,,,,,,,,,w,move_up,,24,2
5812,193733,,,,,,,,,,,,,,,,,,,,,,w,move_up,,26,3
5813,193767,,,,,,,,,,,,,,,,,,,,,,a|w,move_up|move_left,,33,3
5814,193800,,,,,,,,,,,,,,,,,,,,,,a|w,move_up|move_left,,45,2
5815,193833,,,,,,,,,,,,,,,,,,,,,,a|w,move_up|move_left,,41,4
5816,193867,,,,,,,,,,,,,,,,,,,,,,a|w,move_up|move_left,,0,0
5817,193900,,,,,,,,,,,,,,,,,,,,,,a|w,move_up|move_left,,4,2
5818,193933,,,,,,,,,,,,,,,,,,,,,,a|w,move_up|move_left,,0,0
5819,193967,,,,,,,,,,,,,,,,,,,,,,a|w,move_up|move_left,,0,0
5820,194000,,,,,,,,,,,,,,,,,,,,,,a|w,move_up|move_left,,0,0
5821,194033,,,,,,,,,,,,,,,,,,,,,,a|w,move_up|move_left,,0,0
5822,194067,,,,,,,,,,,,,,,,,,,,,,a|w,move_up|move_left,,9,-5
5823,194100,,,,,,,,,,,,,,,,,,,,,,a|w,move_up|move_left,,46,-3
5824,194133,,,,,,,,,,,,,,,,,,,,,,a|w,move_up|move_left,,89,1
5825,194167,,,,,,,,,,,,,,,,,,,,,,a|w,move_up|move_left,,104,-3
5826,194200,,,,,,,,,,,,,,,,,,,,,,a|w,move_up|move_left,,53,-2
5827,194233,,,,,,,,,,,,,,,,,,,,,,a|w,move_up|move_left,,38,-2
5828,194267,,,,,,,,,,,,,,,,,,,,,,a|w,move_up|move_left,,26,-2
5829,194300,,,,,,,,,,,,,,,,,,,,,,a,move_left,,23,-2
5830,194333,,,,,,,,,,,,,,,,,,,,,,a,move_left,,13,-3
5831,194367,,,,,,,,,,,,,,,,,,,,,,a,move_left,,9,-1
5832,194400,,,,,,,,,,,,,,,,,,,,,,a,move_left,,-1,5
5833,194433,,,,,,,,,,,,,,,,,,,,,,a,move_left,,0,0
5834,194467,,,,,,,,,,,,,,,,,,,,,,a,move_left,,0,0
5835,194500,,,,,,,,,,,,,,,,,,,,,,,,,0,0
5836,194533,,,,,,,,,,,,,,,,,,,,,,,,,0,0
5837,194567,,,,,,,,,,,,,,,,,,,,,,,,,0,0
5838,194600,,,,,,,,,,,,,,,,,,,,,,,,,2,0
5839,194633,,,,,,,,,,,,,,,,,,,,,,,,,84,-14
5840,194667,,,,,,,,,,,,,,,,,,,,,,,,,70,-1
5841,194700,,,,,,,,,,,,,,,,,,,,,,,,,41,3
5842,194733,,,,,,,,,,,,,,,,,,,,,,,,,5,2
5843,194767,,,,,,,,,,,,,,,,,,,,,,,,,0,0
5844,194800,,,,,,,,,,,,,,,,,,,,,,,,,0,0
5845,194833,,,,,,,,,,,,,,,,,,,,,,,,,1,0
5846,194867,,,,,,,,,,,,,,,,,,,,,,,,,0,1
5847,194900,,,,,,,,,,,,,,,,,,,,,,s,move_down,,8,1
5848,194933,,,,,,,,,,,,,,,,,,,,,,s,move_down,,20,2
5849,194967,,,,,,,,,,,,,,,,,,,,,,s,move_down,,17,1
5850,195000,,,,,,,,,,,,,,,,,,,,,,s,move_down,,0,0
5851,195033,,,,,,,,,,,,,,,,,,,,,,s,move_down,,1,0
5852,195067,,,,,,,,,,,,,,,,,,,,,,s,move_down,,0,0
5853,195100,,,,,,,,,,,,,,,,,,,,,,s,move_down,,0,0
5854,195133,,,,,,,,,,,,,,,,,,,,,,s,move_down,,0,0
5855,195167,,,,,,,,,,,,,,,,,,,,,,,,,0,0
5856,195200,,,,,,,,,,,,,,,,,,,,,,,,,0,0
5857,195233,,,,,,,,,,,,,,,,,,,,,,,,,0,0
5858,195267,,,,,,,,,,,,,,,,,,,,,,,,,0,0
5859,195300,,,,,,,,,,,,,,,,,,,,,,,,,0,0
5860,195333,,,,,,,,,,,,,,,,,,,,,,,,,0,0
5861,195367,,,,,,,,,,,,,,,,,,,,,,,,,0,0
5862,195400,,,,,,,,,,,,,,,,,,,,,,,,,0,0
5863,195433,,,,,,,,,,,,,,,,,,,,,,,,,0,0
5864,195467,,,,,,,,,,,,,,,,,,,,,,,,,0,0
5865,195500,,,,,,,,,,,,,,,,,,,,,,,,,0,0
5866,195533,,,,,,,,,,,,,,,,,,,,,,,,,0,0
5867,195567,,,,,,,,,,,,,,,,,,,,,,,,,0,0
5868,195600,,,,,,,,,,,,,,,,,,,,,,,,,0,0
5869,195633,,,,,,,,,,,,,,,,,,,,,,,,,0,0
5870,195667,,,,,,,,,,,,,,,,,,,,,,,,,0,0
5871,195700,,,,,,,,,,,,,,,,,,,,,,,,,0,0
5872,195733,,,,,,,,,,,,,,,,,,,,,,,,,0,0
5873,195767,,,,,,,,,,,,,,,,,,,,,,,,,0,0
5874,195800,,,,,,,,,,,,,,,,,,,,,,,,,0,0
5875,195833,,,,,,,,,,,,,,,,,,,,,,,,,0,0
5876,195867,,,,,,,,,,,,,,,,,,,,,,,,,0,0
5877,195900,,,,,,,,,,,,,,,,,,,,,,,,,0,0
5878,195933,,,,,,,,,,,,,,,,,,,,,,,,,0,0
5879,195967,,,,,,,,,,,,,,,,,,,,,,,,,0,0
5880,196000,,,,,,,,,,,,,,,,,,,,,,,,,0,0
5881,196033,,,,,,,,,,,,,,,,,,,,,,,,,0,0
5882,196067,,,,,,,,,,,,,,,,,,,,,,,,,0,0
5883,196100,,,,,,,,,,,,,,,,,,,,,,,,,0,0
5884,196133,,,,,,,,,,,,,,,,,,,,,,,,,0,0
5885,196167,,,,,,,,,,,,,,,,,,,,,,,,,0,0
5886,196200,,,,,,,,,,,,,,,,,,,,,,,,,0,0
5887,196233,,,,,,,,,,,,,,,,,,,,,,,,,0,0
5888,196267,,,,,,,,,,,,,,,,,,,,,,,,,0,0
5889,196300,,,,,,,,,,,,,,,,,,,,,,,,,0,0
5890,196333,,,,,,,,,,,,,,,,,,,,,,,,,0,0
5891,196367,,,,,,,,,,,,,,,,,,,,,,,,,0,0
5892,196400,,,,,,,,,,,,,,,,,,,,,,,,,0,0
5893,196433,,,,,,,,,,,,,,,,,,,,,,,,,0,0
5894,196467,,,,,,,,,,,,,,,,,,,,,,,,,0,0
5895,196500,,,,,,,,,,,,,,,,,,,,,,,,,0,0
5896,196533,,,,,,,,,,,,,,,,,,,,,,,,,0,0
5897,196567,,,,,,,,,,,,,,,,,,,,,,,,,-1,0
5898,196600,,,,,,,,,,,,,,,,,,,,,,,,,-24,1
5899,196633,,,,,,,,,,,,,,,,,,,,,,,,,-84,2
5900,196667,,,,,,,,,,,,,,,,,,,,,,,,,-92,-1
5901,196700,,,,,,,,,,,,,,,,,,,,,,,,,-70,2
5902,196733,,,,,,,,,,,,,,,,,,,,,,,,,-34,5
5903,196767,,,,,,,,,,,,,,,,,,,,,,,,,-31,3
5904,196800,,,,,,,,,,,,,,,,,,,,,,,,,-66,2
5905,196833,,,,,,,,,,,,,,,,,,,,,,,,,-61,1
5906,196867,,,,,,,,,,,,,,,,,,,,,,,,,-59,5
5907,196900,,,,,,,,,,,,,,,,,,,,,,,,,-46,3
5908,196933,,,,,,,,,,,,,,,,,,,,,,,,,-47,4
5909,196967,,,,,,,,,,,,,,,,,,,,,,,,,-29,4
5910,197000,,,,,,,,,,,,,,,,,,,,,,,,,-29,4
5911,197033,,,,,,,,,,,,,,,,,,,,,,,,,-34,7
5912,197067,,,,,,,,,,,,,,,,,,,,,,,,,-24,9
5913,197100,,,,,,,,,,,,,,,,,,,,,,,,,-9,9
5914,197133,,,,,,,,,,,,,,,,,,,,,,,,,-2,6
5915,197167,,,,,,,,,,,,,,,,,,,,,,,,,1,6
5916,197200,,,,,,,,,,,,,,,,,,,,,,w,move_up,,0,2
5917,197233,,,,,,,,,,,,,,,,,,,,,,w,move_up,,1,0
5918,197267,,,,,,,,,,,,,,,,,,,,,,w,move_up,,3,0
5919,197300,,,,,,,,,,,,,,,,,,,,,,w,move_up,,4,0
5920,197333,,,,,,,,,,,,,,,,,,,,,,w,move_up,,1,0
5921,197367,,,,,,,,,,,,,,,,,,,,,,w,move_up,,5,-1
5922,197400,,,,,,,,,,,,,,,,,,,,,,w,move_up,,6,-2
5923,197433,,,,,,,,,,,,,,,,,,,,,,w,move_up,,6,-2
5924,197467,,,,,,,,,,,,,,,,,,,,,,w,move_up,,13,-5
5925,197500,,,,,,,,,,,,,,,,,,,,,,w,move_up,,10,-5
5926,197533,,,,,,,,,,,,,,,,,,,,,,w,move_up,,9,-5
5927,197567,,,,,,,,,,,,,,,,,,,,,,w,move_up,,4,-3
5928,197600,,,,,,,,,,,,,,,,,,,,,,w,move_up,,0,0
5929,197633,,,,,,,,,,,,,,,,,,,,,,w,move_up,,1,0
5930,197667,,,,,,,,,,,,,,,,,,,,,,w,move_up,,2,-2
5931,197700,,,,,,,,,,,,,,,,,,,,,,w,move_up,,1,-1
5932,197733,,,,,,,,,,,,,,,,,,,,,,w,move_up,,3,-2
5933,197767,,,,,,,,,,,,,,,,,,,,,,w,move_up,,3,-4
5934,197800,,,,,,,,,,,,,,,,,,,,,,w,move_up,,6,-8
5935,197833,,,,,,,,,,,,,,,,,,,,,,w,move_up,,7,-17
5936,197867,,,,,,,,,,,,,,,,,,,,,,w,move_up,,6,-31
5937,197900,,,,,,,,,,,,,,,,,,,,,,w,move_up,,-14,-6
5938,197933,,,,,,,,,,,,,,,,,,,,,,w,move_up,,0,0
5939,197967,,,,,,,,,,,,,,,,,,,,,,w,move_up,,-1,0
5940,198000,,,,,,,,,,,,,,,,,,,,,,w,move_up,,0,0
5941,198033,,,,,,,,,,,,,,,,,,,,,,w,move_up,,0,0
5942,198067,,,,,,,,,,,,,,,,,,,,,,w,move_up,,0,0
5943,198100,,,,,,,,,,,,,,,,,,,,,,w,move_up,,0,0
5944,198133,,,,,,,,,,,,,,,,,,,,,,w,move_up,,0,0
5945,198167,,,,,,,,,,,,,,,,,,,,,,w,move_up,,-13,0
5946,198200,,,,,,,,,,,,,,,,,,,,,,w,move_up,,-6,-2
5947,198233,,,,,,,,,,,,,,,,,,,,,,w,move_up,,3,1
5948,198267,,,,,,,,,,,,,,,,,,,,,,w,move_up,,6,0
5949,198300,,,,,,,,,,,,,,,,,,,,,,,,,1,-1
5950,198333,,,,,,,,,,,,,,,,,,,,,,,,,-5,-1
5951,198367,,,,,,,,,,,,,,,,,,,,,,,,,-17,2
5952,198400,,,,,,,,,,,,,,,,,,,,,,,,,-31,5
5953,198433,,,,,,,,,,,,,,,,,,,,,,w,move_up,,-36,4
5954,198467,,,,,,,,,,,,,,,,,,,,,,w,move_up,,-15,1
5955,198500,,,,,,,,,,,,,,,,,,,,,,w,move_up,,0,0
5956,198533,,,,,,,,,,,,,,,,,,,,,,w,move_up,,0,0
5957,198567,,,,,,,,,,,,,,,,,,,,,,w,move_up,,0,0
5958,198600,,,,,,,,,,,,,,,,,,,,,,w,move_up,,0,0
5959,198633,,,,,,,,,,,,,,,,,,,,,,d|w,move_up|move_right,,0,0
5960,198667,,,,,,,,,,,,,,,,,,,,,,d|w,move_up|move_right,,-26,-2
5961,198700,,,,,,,,,,,,,,,,,,,,,,d|w,move_up|move_right,,-41,-1
5962,198733,,,,,,,,,,,,,,,,,,,,,,d|w,move_up|move_right,,-32,-4
5963,198767,,,,,,,,,,,,,,,,,,,,,,d|w,move_up|move_right,,-20,-3
5964,198800,,,,,,,,,,,,,,,,,,,,,,d|w,move_up|move_right,,-8,0
5965,198833,,,,,,,,,,,,,,,,,,,,,,d|w,move_up|move_right,,-7,0
5966,198867,,,,,,,,,,,,,,,,,,,,,,d|w,move_up|move_right,,-10,2
5967,198900,,,,,,,,,,,,,,,,,,,,,,d|w,move_up|move_right,,-14,2
5968,198933,,,,,,,,,,,,,,,,,,,,,,d|w,move_up|move_right,,-8,0
5969,198967,,,,,,,,,,,,,,,,,,,,,,d|w,move_up|move_right,,-5,0
5970,199000,,,,,,,,,,,,,,,,,,,,,,d|w,move_up|move_right,,-7,0
5971,199033,,,,,,,,,,,,,,,,,,,,,,d|w,move_up|move_right,,-13,1
5972,199067,,,,,,,,,,,,,,,,,,,,,,d|w,move_up|move_right,,-18,1
5973,199100,,,,,,,,,,,,,,,,,,,,,,d|w,move_up|move_right,,-24,0
5974,199133,,,,,,,,,,,,,,,,,,,,,,d|w,move_up|move_right,,-21,0
5975,199167,,,,,,,,,,,,,,,,,,,,,,d|w,move_up|move_right,,-11,-1
5976,199200,,,,,,,,,,,,,,,,,,,,,,d|w,move_up|move_right,,-15,-2
5977,199233,,,,,,,,,,,,,,,,,,,,,,d|w,move_up|move_right,,-10,0
5978,199267,,,,,,,,,,,,,,,,,,,,,,d|w,move_up|move_right,,-8,0
5979,199300,,,,,,,,,,,,,,,,,,,,,,d|w,move_up|move_right,,-5,0
5980,199333,,,,,,,,,,,,,,,,,,,,,,d|w,move_up|move_right,,0,0
5981,199367,,,,,,,,,,,,,,,,,,,,,,d|w,move_up|move_right,,0,0
5982,199400,,,,,,,,,,,,,,,,,,,,,,,,,-1,0
5983,199433,,,,,,,,,,,,,,,,,,,,,,,,,0,0
5984,199467,,,,,,,,,,,,,,,,,,,,,,,,,0,0
5985,199500,,,,,,,,,,,,,,,,,,,,,,,,,0,0
5986,199533,,,,,,,,,,,,,,,,,,,,,,,,,0,0
5987,199567,,,,,,,,,,,,,,,,,,,,,,,,,0,0
5988,199600,,,,,,,,,,,,,,,,,,,,,,,,,0,0
5989,199633,,,,,,,,,,,,,,,,,,,,,,,,,0,0
5990,199667,,,,,,,,,,,,,,,,,,,,,,,,,0,0
5991,199700,,,,,,,,,,,,,,,,,,,,,,,,,0,0
5992,199733,,,,,,,,,,,,,,,,,,,,,,,,,0,0
5993,199767,,,,,,,,,,,,,,,,,,,,,,,,,0,0
5994,199800,,,,,,,,,,,,,,,,,,,,,,,,,0,0
5995,199833,,,,,,,,,,,,,,,,,,,,,,,,,0,0
5996,199867,,,,,,,,,,,,,,,,,,,,,,,,,0,0
5997,199900,,,,,,,,,,,,,,,,,,,,,,,,,0,0
5998,199933,,,,,,,,,,,,,,,,,,,,,,,,,0,0
5999,199967,,,,,,,,,,,,,,,,,,,,,,,,,9,0
6000,200000,,,,,,,,,,,,,,,,,,,,,,,,,74,-1
6001,200033,,,,,,,,,,,,,,,,,,,,,,,,,91,-3
6002,200067,,,,,,,,,,,,,,,,,,,,,,,,,92,-4
6003,200100,,,,,,,,,,,,,,,,,,,,,,,,,139,5
6004,200133,,,,,,,,,,,,,,,,,,,,,,,,,0,0
6005,200167,,,,,,,,,,,,,,,,,,,,,,,,,8,1
6006,200200,,,,,,,,,,,,,,,,,,,,,,,,,0,0
6007,200233,,,,,,,,,,,,,,,,,,,,,,,,,0,0
6008,200267,,,,,,,,,,,,,,,,,,,,,,,,,0,0
6009,200300,,,,,,,,,,,,,,,,,,,,,,,,,0,-1
6010,200333,,,,,,,,,,,,,,,,,,,,,,,,,55,-10
6011,200367,,,,,,,,,,,,,,,,,,,,,,,,,181,8
6012,200400,,,,,,,,,,,,,,,,,,,,,,,,,183,4
6013,200433,,,,,,,,,,,,,,,,,,,,,,,,,58,5
6014,200467,,,,,,,,,,,,,,,,,,,,,,,,,0,0
6015,200500,,,,,,,,,,,,,,,,,,,,,,,,,12,2
6016,200533,,,,,,,,,,,,,,,,,,,,,,,,,0,0
6017,200567,,,,,,,,,,,,,,,,,,,,,,,,,0,0
6018,200600,,,,,,,,,,,,,,,,,,,,,,,,,0,-1
6019,200633,,,,,,,,,,,,,,,,,,,,,,,,,20,-9
6020,200667,,,,,,,,,,,,,,,,,,,,,,,,,57,-3
6021,200700,,,,,,,,,,,,,,,,,,,,,,,,,95,-20
6022,200733,,,,,,,,,,,,,,,,,,,,,,,,,49,-15
6023,200767,,,,,,,,,,,,,,,,,,,,,,,,,9,-3
6024,200800,,,,,,,,,,,,,,,,,,,,,,,,,0,0
6025,200833,,,,,,,,,,,,,,,,,,,,,,,,,0,2
6026,200867,,,,,,,,,,,,,,,,,,,,,,,,,-1,4
6027,200900,,,,,,,,,,,,,,,,,,,,,,,,,1,1
6028,200933,,,,,,,,,,,,,,,,,,,,,,,,,0,0
6029,200967,,,,,,,,,,,,,,,,,,,,,,,,,1,0
6030,201000,,,,,,,,,,,,,,,,,,,,,,,,,0,0
6031,201033,,,,,,,,,,,,,,,,,,,,,,,,,0,0
6032,201067,,,,,,,,,,,,,,,,,,,,,,,,,0,0
6033,201100,,,,,,,,,,,,,,,,,,,,,,,,,0,0
6034,201133,,,,,,,,,,,,,,,,,,,,,,,,,0,0
6035,201167,,,,,,,,,,,,,,,,,,,,,,w,move_up,,-1,-1
6036,201200,,,,,,,,,,,,,,,,,,,,,,w,move_up,,0,-1
6037,201233,,,,,,,,,,,,,,,,,,,,,,w,move_up,,0,-1
6038,201267,,,,,,,,,,,,,,,,,,,,,,w,move_up,,0,0
6039,201300,,,,,,,,,,,,,,,,,,,,,,w,move_up,,0,0
6040,201333,,,,,,,,,,,,,,,,,,,,,,w,move_up,,0,0
6041,201367,,,,,,,,,,,,,,,,,,,,,,w,move_up,,1,-1
6042,201400,,,,,,,,,,,,,,,,,,,,,,w,move_up,,3,-1
6043,201433,,,,,,,,,,,,,,,,,,,,,,w,move_up,,9,-3
6044,201467,,,,,,,,,,,,,,,,,,,,,,w,move_up,,4,-1
6045,201500,,,,,,,,,,,,,,,,,,,,,,w,move_up,,7,-3
6046,201533,,,,,,,,,,,,,,,,,,,,,,w,move_up,,5,-2
6047,201567,,,,,,,,,,,,,,,,,,,,,,w,move_up,,2,-4
6048,201600,,,,,,,,,,,,,,,,,,,,,,w,move_up,,1,-5
6049,201633,,,,,,,,,,,,,,,,,,,,,,w,move_up,,1,-1
6050,201667,,,,,,,,,,,,,,,,,,,,,,w,move_up,,0,0
6051,201700,,,,,,,,,,,,,,,,,,,,,,,,,0,0
6052,201733,,,,,,,,,,,,,,,,,,,,,,,,,0,0
6053,201767,,,,,,,,,,,,,,,,,,,,,,,,,0,0
6054,201800,,,,,,,,,,,,,,,,,,,,,,,,,0,0
6055,201833,,,,,,,,,,,,,,,,,,,,,,,,,0,0
6056,201867,,,,,,,,,,,,,,,,,,,,,,,,,0,0
6057,201900,,,,,,,,,,,,,,,,,,,,,,w,move_up,,0,0
6058,201933,,,,,,,,,,,,,,,,,,,,,,w,move_up,,0,0
6059,201967,,,,,,,,,,,,,,,,,,,,,,w,move_up,,0,0
6060,202000,,,,,,,,,,,,,,,,,,,,,,w,move_up,,0,0
6061,202033,,,,,,,,,,,,,,,,,,,,,,w,move_up,,0,0
6062,202067,,,,,,,,,,,,,,,,,,,,,,w,move_up,,0,0
6063,202100,,,,,,,,,,,,,,,,,,,,,,w,move_up,,-2,0
6064,202133,,,,,,,,,,,,,,,,,,,,,,w,move_up,,-9,-2
6065,202167,,,,,,,,,,,,,,,,,,,,,,w,move_up,,-10,-13
6066,202200,,,,,,,,,,,,,,,,,,,,,,w,move_up,,-5,-16
6067,202233,,,,,,,,,,,,,,,,,,,,,,w,move_up,,-2,-8
6068,202267,,,,,,,,,,,,,,,,,,,,,,w,move_up,,0,0
6069,202300,,,,,,,,,,,,,,,,,,,,,,w,move_up,,0,0
6070,202333,,,,,,,,,,,,,,,,,,,,,,w,move_up,,0,0
6071,202367,,,,,,,,,,,,,,,,,,,,,,w,move_up,,0,0
6072,202400,,,,,,,,,,,,,,,,,,,,,,,,,0,0
6073,202433,,,,,,,,,,,,,,,,,,,,,,,,,0,0
6074,202467,,,,,,,,,,,,,,,,,,,,,,,,,0,0
6075,202500,,,,,,,,,,,,,,,,,,,,,,,,,0,0
6076,202533,,,,,,,,,,,,,,,,,,,,,,w,move_up,,0,0
6077,202567,,,,,,,,,,,,,,,,,,,,,,w,move_up,,-1,0
6078,202600,,,,,,,,,,,,,,,,,,,,,,w,move_up,,-1,0
6079,202633,,,,,,,,,,,,,,,,,,,,,,w,move_up,,-1,2
6080,202667,,,,,,,,,,,,,,,,,,,,,,w,move_up,,-2,1
6081,202700,,,,,,,,,,,,,,,,,,,,,,w,move_up,,0,1
6082,202733,,,,,,,,,,,,,,,,,,,,,,w,move_up,,-1,0
6083,202767,,,,,,,,,,,,,,,,,,,,,,w,move_up,,0,0
6084,202800,,,,,,,,,,,,,,,,,,,,,,w,move_up,,0,0
6085,202833,,,,,,,,,,,,,,,,,,,,,,w,move_up,,0,0
6086,202867,,,,,,,,,,,,,,,,,,,,,,,,,0,0
6087,202900,,,,,,,,,,,,,,,,,,,,,,w,move_up,,0,0
6088,202933,,,,,,,,,,,,,,,,,,,,,,w,move_up,,0,0
6089,202967,,,,,,,,,,,,,,,,,,,,,,w,move_up,,0,0
6090,203000,,,,,,,,,,,,,,,,,,,,,,w,move_up,,0,0
6091,203033,,,,,,,,,,,,,,,,,,,,,,w,move_up,,0,0
6092,203067,,,,,,,,,,,,,,,,,,,,,,w,move_up,,0,0
6093,203100,,,,,,,,,,,,,,,,,,,,,,w,move_up,,0,1
6094,203133,,,,,,,,,,,,,,,,,,,,,,,,,0,0
6095,203167,,,,,,,,,,,,,,,,,,,,,,,,,0,0
6096,203200,,,,,,,,,,,,,,,,,,,,,,w,move_up,,0,0
6097,203233,,,,,,,,,,,,,,,,,,,,,,w,move_up,,0,0
6098,203267,,,,,,,,,,,,,,,,,,,,,,w,move_up,,0,0
6099,203300,,,,,,,,,,,,,,,,,,,,,,w,move_up,,0,2
6100,203333,,,,,,,,,,,,,,,,,,,,,,w,move_up,,0,1
6101,203367,,,,,,,,,,,,,,,,,,,,,,,,,0,0
6102,203400,,,,,,,,,,,,,,,,,,,,,,w,move_up,,0,0
6103,203433,,,,,,,,,,,,,,,,,,,,,,w,move_up,,0,0
6104,203467,,,,,,,,,,,,,,,,,,,,,,w,move_up,,0,2
6105,203500,,,,,,,,,,,,,,,,,,,,,,w,move_up,,0,2
6106,203533,,,,,,,,,,,,,,,,,,,,,,w,move_up,,0,3
6107,203567,,,,,,,,,,,,,,,,,,,,,,,,,0,1
6108,203600,,,,,,,,,,,,,,,,,,,,,,w,move_up,,0,0
6109,203633,,,,,,,,,,,,,,,,,,,,,,w,move_up,,0,1
6110,203667,,,,,,,,,,,,,,,,,,,,,,w,move_up,,-1,3
6111,203700,,,,,,,,,,,,,,,,,,,,,,w,move_up,,-1,2
6112,203733,,,,,,,,,,,,,,,,,,,,,,,,,0,2
6113,203767,,,,,,,,,,,,,,,,,,,,,,,,,0,0
6114,203800,,,,,,,,,,,,,,,,,,,,,,,,,-1,0
6115,203833,,,,,,,,,,,,,,,,,,,,,,,,,0,0
6116,203867,,,,,,,,,,,,,,,,,,,,,,,,,0,0
6117,203900,,,,,,,,,,,,,,,,,,,,,,,,,0,0
6118,203933,,,,,,,,,,,,,,,,,,,,,,w,move_up,,0,1
6119,203967,,,,,,,,,,,,,,,,,,,,,,w,move_up,,0,0
6120,204000,,,,,,,,,,,,,,,,,,,,,,w,move_up,,0,0
6121,204033,,,,,,,,,,,,,,,,,,,,,,w,move_up,,0,0
6122,204067,,,,,,,,,,,,,,,,,,,,,,,,,0,0
6123,204100,,,,,,,,,,,,,,,,,,,,,,,,,0,0
6124,204133,,,,,,,,,,,,,,,,,,,,,,w,move_up,,0,0
6125,204167,,,,,,,,,,,,,,,,,,,,,,w,move_up,,0,1
6126,204200,,,,,,,,,,,,,,,,,,,,,,w,move_up,,0,2
6127,204233,,,,,,,,,,,,,,,,,,,,,,w,move_up,,0,0
6128,204267,,,,,,,,,,,,,,,,,,,,,,,,,0,0
6129,204300,,,,,,,,,,,,,,,,,,,,,,,,,0,0
6130,204333,,,,,,,,,,,,,,,,,,,,,,,,,0,1
6131,204367,,,,,,,,,,,,,,,,,,,,,,,,,0,3
6132,204400,,,,,,,,,,,,,,,,,,,,,,,,,0,2
6133,204433,,,,,,,,,,,,,,,,,,,,,,,,,5,3
6134,204467,,,,,,,,,,,,,,,,,,,,,,,,,19,3
6135,204500,,,,,,,,,,,,,,,,,,,,,,,,,25,1
6136,204533,,,,,,,,,,,,,,,,,,,,,,,,,9,2
6137,204567,,,,,,,,,,,,,,,,,,,,,,,,,2,0
6138,204600,,,,,,,,,,,,,,,,,,,,,,,,,0,0
6139,204633,,,,,,,,,,,,,,,,,,,,,,,,,0,1
6140,204667,,,,,,,,,,,,,,,,,,,,,,,,,0,0
6141,204700,,,,,,,,,,,,,,,,,,,,,,,,,1,0
6142,204733,,,,,,,,,,,,,,,,,,,,,,w,move_up,,0,0
6143,204767,,,,,,,,,,,,,,,,,,,,,,w,move_up,,0,0
6144,204800,,,,,,,,,,,,,,,,,,,,,,w,move_up,,-6,2
6145,204833,,,,,,,,,,,,,,,,,,,,,,w,move_up,,-14,3
6146,204867,,,,,,,,,,,,,,,,,,,,,,,,,-27,1
6147,204900,,,,,,,,,,,,,,,,,,,,,,,,,-22,-1
6148,204933,,,,,,,,,,,,,,,,,,,,,,,,,-11,-1
6149,204967,,,,,,,,,,,,,,,,,,,,,,,,,-4,0
6150,205000,,,,,,,,,,,,,,,,,,,,,,,,,-10,2
6151,205033,,,,,,,,,,,,,,,,,,,,,,,,,-13,3
6152,205067,,,,,,,,,,,,,,,,,,,,,,,,,-9,1
6153,205100,,,,,,,,,,,,,,,,,,,,,,d,move_right,,-7,0
6154,205133,,,,,,,,,,,,,,,,,,,,,,d,move_right,,-3,0
6155,205167,,,,,,,,,,,,,,,,,,,,,,d,move_right,,0,0
6156,205200,,,,,,,,,,,,,,,,,,,,,,d,move_right,,-1,0
6157,205233,,,,,,,,,,,,,,,,,,,,,,d,move_right,,-7,0
6158,205267,,,,,,,,,,,,,,,,,,,,,,d,move_right,,-7,0
6159,205300,,,,,,,,,,,,,,,,,,,,,,,,,-8,1
6160,205333,,,,,,,,,,,,,,,,,,,,,,,,,-7,0
6161,205367,,,,,,,,,,,,,,,,,,,,,,,,,-7,0
6162,205400,,,,,,,,,,,,,,,,,,,,,,,,,-3,0
6163,205433,,,,,,,,,,,,,,,,,,,,,,,,,-1,0
6164,205467,,,,,,,,,,,,,,,,,,,,,,,,,-1,0
6165,205500,,,,,,,,,,,,,,,,,,,,,,,,,0,0
6166,205533,,,,,,,,,,,,,,,,,,,,,,,,,0,0
6167,205567,,,,,,,,,,,,,,,,,,,,,,,,,0,0
6168,205600,,,,,,,,,,,,,,,,,,,,,,,,,0,0
6169,205633,,,,,,,,,,,,,,,,,,,,,,d,move_right,,0,0
6170,205667,,,,,,,,,,,,,,,,,,,,,,d,move_right,,0,0
6171,205700,,,,,,,,,,,,,,,,,,,,,,d,move_right,,-1,0
6172,205733,,,,,,,,,,,,,,,,,,,,,,d,move_right,,-1,0
6173,205767,,,,,,,,,,,,,,,,,,,,,,,,,-4,0
6174,205800,,,,,,,,,,,,,,,,,,,,,,,,,-6,0
6175,205833,,,,,,,,,,,,,,,,,,,,,,,,,-5,-1
6176,205867,,,,,,,,,,,,,,,,,,,,,,,,,-9,0
6177,205900,,,,,,,,,,,,,,,,,,,,,,,,,-13,0
6178,205933,,,,,,,,,,,,,,,,,,,,,,,,,-4,0
6179,205967,,,,,,,,,,,,,,,,,,,,,,,,,-1,-1
6180,206000,,,,,,,,,,,,,,,,,,,,,,,,,-2,-3
6181,206033,,,,,,,,,,,,,,,,,,,,,,,,,-2,1
6182,206067,,,,,,,,,,,,,,,,,,,,,,,,,0,0
6183,206100,,,,,,,,,,,,,,,,,,,,,,,,,-2,2
6184,206133,,,,,,,,,,,,,,,,,,,,,,,,,0,0
6185,206167,,,,,,,,,,,,,,,,,,,,,,d,move_right,,0,0
6186,206200,,,,,,,,,,,,,,,,,,,,,,d,move_right,,0,0
6187,206233,,,,,,,,,,,,,,,,,,,,,,d,move_right,,0,-1
6188,206267,,,,,,,,,,,,,,,,,,,,,,d,move_right,,-2,-11
6189,206300,,,,,,,,,,,,,,,,,,,,,,d,move_right,,-3,-1
6190,206333,,,,,,,,,,,,,,,,,,,,,,,,,-2,0
6191,206367,,,,,,,,,,,,,,,,,,,,,,,,,-12,0
6192,206400,,,,,,,,,,,,,,,,,,,,,,,,,-15,-1
6193,206433,,,,,,,,,,,,,,,,,,,,,,d,move_right,,-15,-1
6194,206467,,,,,,,,,,,,,,,,,,,,,,d,move_right,,-12,-1
6195,206500,,,,,,,,,,,,,,,,,,,,,,d,move_right,,-12,0
6196,206533,,,,,,,,,,,,,,,,,,,,,,d,move_right,,-10,1
6197,206567,,,,,,,,,,,,,,,,,,,,,,d,move_right,,-13,2
6198,206600,,,,,,,,,,,,,,,,,,,,,,d,move_right,,-9,1
6199,206633,,,,,,,,,,,,,,,,,,,,,,d,move_right,,-8,1
6200,206667,,,,,,,,,,,,,,,,,,,,,,d,move_right,,-3,1
6201,206700,,,,,,,,,,,,,,,,,,,,,,,,,-2,0
6202,206733,,,,,,,,,,,,,,,,,,,,,,,,,-5,13
6203,206767,,,,,,,,,,,,,,,,,,,,,,,,,-2,4
6204,206800,,,,,,,,,,,,,,,,,,,,,,,,,0,1
6205,206833,,,,,,,,,,,,,,,,,,,,,,,,,0,0
6206,206867,,,,,,,,,,,,,,,,,,,,,,,,,0,0
6207,206900,,,,,,,,,,,,,,,,,,,,,,,,,0,0
6208,206933,,,,,,,,,,,,,,,,,,,,,,,,,1,-1
6209,206967,,,,,,,,,,,,,,,,,,,,,,,,,12,-9
6210,207000,,,,,,,,,,,,,,,,,,,,,,,,,4,1
6211,207033,,,,,,,,,,,,,,,,,,,,,,d,move_right,,6,4
6212,207067,,,,,,,,,,,,,,,,,,,,,,d,move_right,,0,0
6213,207100,,,,,,,,,,,,,,,,,,,,,,d,move_right,,1,0
6214,207133,,,,,,,,,,,,,,,,,,,,,,d,move_right,,0,0
6215,207167,,,,,,,,,,,,,,,,,,,,,,d,move_right,,-2,0
6216,207200,,,,,,,,,,,,,,,,,,,,,,d,move_right,,-2,0
6217,207233,,,,,,,,,,,,,,,,,,,,,,,,,-4,1
6218,207267,,,,,,,,,,,,,,,,,,,,,,,,,-1,1
6219,207300,,,,,,,,,,,,,,,,,,,,,,,,,-1,0
6220,207333,,,,,,,,,,,,,,,,,,,,,,,,,-1,0
6221,207367,,,,,,,,,,,,,,,,,,,,,,,,,-3,1
6222,207400,,,,,,,,,,,,,,,,,,,,,,d,move_right,,-3,0
6223,207433,,,,,,,,,,,,,,,,,,,,,,d,move_right,,-3,1
6224,207467,,,,,,,,,,,,,,,,,,,,,,d,move_right,,-4,0
6225,207500,,,,,,,,,,,,,,,,,,,,,,d,move_right,,-4,2
6226,207533,,,,,,,,,,,,,,,,,,,,,,d,move_right,,-2,1
6227,207567,,,,,,,,,,,,,,,,,,,,,,d,move_right,,-3,1
6228,207600,,,,,,,,,,,,,,,,,,,,,,d,move_right,,-3,1
6229,207633,,,,,,,,,,,,,,,,,,,,,,,,,-6,0
6230,207667,,,,,,,,,,,,,,,,,,,,,,,,,-4,1
6231,207700,,,,,,,,,,,,,,,,,,,,,,,,,-4,1
6232,207733,,,,,,,,,,,,,,,,,,,,,,,,,-3,1
6233,207767,,,,,,,,,,,,,,,,,,,,,,,,,0,0
6234,207800,,,,,,,,,,,,,,,,,,,,,,,,,0,0
6235,207833,,,,,,,,,,,,,,,,,,,,,,,,,0,0
6236,207867,,,,,,,,,,,,,,,,,,,,,,,,,0,0
6237,207900,,,,,,,,,,,,,,,,,,,,,,,,,0,0
6238,207933,,,,,,,,,,,,,,,,,,,,,,,,,0,0
6239,207967,,,,,,,,,,,,,,,,,,,,,,,,,0,0
6240,208000,,,,,,,,,,,,,,,,,,,,,,,,,0,0
6241,208033,,,,,,,,,,,,,,,,,,,,,,,,,0,0
6242,208067,,,,,,,,,,,,,,,,,,,,,,,,,0,0
6243,208100,,,,,,,,,,,,,,,,,,,,,,d,move_right,,-1,0
6244,208133,,,,,,,,,,,,,,,,,,,,,,d|w,move_up|move_right,,-9,3
6245,208167,,,,,,,,,,,,,,,,,,,,,,d|w,move_up|move_right,,-7,3
6246,208200,,,,,,,,,,,,,,,,,,,,,,d|w,move_up|move_right,,-3,2
6247,208233,,,,,,,,,,,,,,,,,,,,,,d|w,move_up|move_right,,-3,1
6248,208267,,,,,,,,,,,,,,,,,,,,,,d,move_right,,0,0
6249,208300,,,,,,,,,,,,,,,,,,,,,,d,move_right,,0,0
6250,208333,,,,,,,,,,,,,,,,,,,,,,d,move_right,,0,0
6251,208367,,,,,,,,,,,,,,,,,,,,,,,,,0,0
6252,208400,,,,,,,,,,,,,,,,,,,,,,,,,0,0
6253,208433,,,,,,,,,,,,,,,,,,,,,,,,,0,0
6254,208467,,,,,,,,,,,,,,,,,,,,,,,,,0,0
6255,208500,,,,,,,,,,,,,,,,,,,,,,,,,0,0
6256,208533,,,,,,,,,,,,,,,,,,,,,,,,,0,0
6257,208567,,,,,,,,,,,,,,,,,,,,,,,,,0,0
6258,208600,,,,,,,,,,,,,,,,,,,,,,d,move_right,,0,0
6259,208633,,,,,,,,,,,,,,,,,,,,,,d,move_right,,0,0
6260,208667,,,,,,,,,,,,,,,,,,,,,,d,move_right,,5,0
6261,208700,,,,,,,,,,,,,,,,,,,,,,d,move_right,,5,0
6262,208733,,,,,,,,,,,,,,,,,,,,,,d,move_right,,2,0
6263,208767,,,,,,,,,,,,,,,,,,,,,,,,,0,0
6264,208800,,,,,,,,,,,,,,,,,,,,,,,,,0,0
6265,208833,,,,,,,,,,,,,,,,,,,,,,,,,0,0
6266,208867,,,,,,,,,,,,,,,,,,,,,,,,,0,0
6267,208900,,,,,,,,,,,,,,,,,,,,,,,,,0,0
6268,208933,,,,,,,,,,,,,,,,,,,,,,,,,0,0
6269,208967,,,,,,,,,,,,,,,,,,,,,,,,,0,0
6270,209000,,,,,,,,,,,,,,,,,,,,,,,,,0,0
6271,209033,,,,,,,,,,,,,,,,,,,,,,,,,0,0
6272,209067,,,,,,,,,,,,,,,,,,,,,,,,,0,0
6273,209100,,,,,,,,,,,,,,,,,,,,,,,,,0,0
6274,209133,,,,,,,,,,,,,,,,,,,,,,,,,0,0
6275,209167,,,,,,,,,,,,,,,,,,,,,,,,,0,0
6276,209200,,,,,,,,,,,,,,,,,,,,,,,,,0,0
6277,209233,,,,,,,,,,,,,,,,,,,,,,,,,0,0
6278,209267,,,,,,,,,,,,,,,,,,,,,,,,,0,0
6279,209300,,,,,,,,,,,,,,,,,,,,,,,,,0,0
6280,209333,,,,,,,,,,,,,,,,,,,,,,,,,0,0
6281,209367,,,,,,,,,,,,,,,,,,,,,,w,move_up,,0,0
6282,209400,,,,,,,,,,,,,,,,,,,,,,w,move_up,,0,0
6283,209433,,,,,,,,,,,,,,,,,,,,,,d|w,move_up|move_right,,0,0
6284,209467,,,,,,,,,,,,,,,,,,,,,,d|w,move_up|move_right,,0,0
6285,209500,,,,,,,,,,,,,,,,,,,,,,d|w,move_up|move_right,,0,0
6286,209533,,,,,,,,,,,,,,,,,,,,,,d|w,move_up|move_right,,0,0
6287,209567,,,,,,,,,,,,,,,,,,,,,,d|w,move_up|move_right,,0,0
6288,209600,,,,,,,,,,,,,,,,,,,,,,d|w,move_up|move_right,,0,0
6289,209633,,,,,,,,,,,,,,,,,,,,,,w,move_up,,0,0
6290,209667,,,,,,,,,,,,,,,,,,,,,,,,,0,0
6291,209700,,,,,,,,,,,,,,,,,,,,,,,,,0,0
6292,209733,,,,,,,,,,,,,,,,,,,,,,,,,0,0
6293,209767,,,,,,,,,,,,,,,,,,,,,,,,,0,0
6294,209800,,,,,,,,,,,,,,,,,,,,,,,,,0,0
6295,209833,,,,,,,,,,,,,,,,,,,,,,,,,0,0
6296,209867,,,,,,,,,,,,,,,,,,,,,,,,,0,0
6297,209900,,,,,,,,,,,,,,,,,,,,,,,,,0,0
6298,209933,,,,,,,,,,,,,,,,,,,,,,,,,0,0
6299,209967,,,,,,,,,,,,,,,,,,,,,,,,,0,0
6300,210000,,,,,,,,,,,,,,,,,,,,,,,,,0,0
6301,210033,,,,,,,,,,,,,,,,,,,,,,,,,0,0
6302,210067,,,,,,,,,,,,,,,,,,,,,,,,,0,0
6303,210100,,,,,,,,,,,,,,,,,,,,,,,,,0,0
6304,210133,,,,,,,,,,,,,,,,,,,,,,,,,0,0
6305,210167,,,,,,,,,,,,,,,,,,,,,,,,,0,0
6306,210200,,,,,,,,,,,,,,,,,,,,,,w,move_up,,0,0
6307,210233,,,,,,,,,,,,,,,,,,,,,,w,move_up,,0,0
6308,210267,,,,,,,,,,,,,,,,,,,,,,w,move_up,,0,0
6309,210300,,,,,,,,,,,,,,,,,,,,,,w,move_up,,0,0
6310,210333,,,,,,,,,,,,,,,,,,,,,,w,move_up,,0,0
6311,210367,,,,,,,,,,,,,,,,,,,,,,w,move_up,,1,1
6312,210400,,,,,,,,,,,,,,,,,,,,,,w,move_up,,7,5
6313,210433,,,,,,,,,,,,,,,,,,,,,,w,move_up,,9,6
6314,210467,,,,,,,,,,,,,,,,,,,,,,w,move_up,,2,1
6315,210500,,,,,,,,,,,,,,,,,,,,,,w,move_up,,2,0
6316,210533,,,,,,,,,,,,,,,,,,,,,,w,move_up,,0,0
6317,210567,,,,,,,,,,,,,,,,,,,,,,w,move_up,,0,0
6318,210600,,,,,,,,,,,,,,,,,,,,,,w,move_up,,0,0
6319,210633,,,,,,,,,,,,,,,,,,,,,,,,,0,0
6320,210667,,,,,,,,,,,,,,,,,,,,,,,,,0,0
6321,210700,,,,,,,,,,,,,,,,,,,,,,,,,0,0
6322,210733,,,,,,,,,,,,,,,,,,,,,,,,,0,0
6323,210767,,,,,,,,,,,,,,,,,,,,,,,,,0,0
6324,210800,,,,,,,,,,,,,,,,,,,,,,,,,0,0
6325,210833,,,,,,,,,,,,,,,,,,,,,,,,,0,0
6326,210867,,,,,,,,,,,,,,,,,,,,,,,,,0,0
6327,210900,,,,,,,,,,,,,,,,,,,,,,,,,0,0
6328,210933,,,,,,,,,,,,,,,,,,,,,,,,,0,0
6329,210967,,,,,,,,,,,,,,,,,,,,,,,,,0,0
6330,211000,,,,,,,,,,,,,,,,,,,,,,,,,0,0
6331,211033,,,,,,,,,,,,,,,,,,,,,,,,,0,0
6332,211067,,,,,,,,,,,,,,,,,,,,,,,,,0,0
6333,211100,,,,,,,,,,,,,,,,,,,,,,,,,0,0
6334,211133,,,,,,,,,,,,,,,,,,,,,,,,,0,0
6335,211167,,,,,,,,,,,,,,,,,,,,,,,,,0,0
6336,211200,,,,,,,,,,,,,,,,,,,,,,,,,0,0
6337,211233,,,,,,,,,,,,,,,,,,,,,,,,,0,0
6338,211267,,,,,,,,,,,,,,,,,,,,,,,,,0,0
6339,211300,,,,,,,,,,,,,,,,,,,,,,,,,0,0
6340,211333,,,,,,,,,,,,,,,,,,,,,,,,,0,0
6341,211367,,,,,,,,,,,,,,,,,,,,,,,,,0,0
6342,211400,,,,,,,,,,,,,,,,,,,,,,,,,0,0
6343,211433,,,,,,,,,,,,,,,,,,,,,,,,,0,0
6344,211467,,,,,,,,,,,,,,,,,,,,,,,,,0,0
6345,211500,,,,,,,,,,,,,,,,,,,,,,,,,0,0
6346,211533,,,,,,,,,,,,,,,,,,,,,,,,,0,0
6347,211567,,,,,,,,,,,,,,,,,,,,,,,,,0,0
6348,211600,,,,,,,,,,,,,,,,,,,,,,,,,0,0
6349,211633,,,,,,,,,,,,,,,,,,,,,,w,move_up,,0,0
6350,211667,,,,,,,,,,,,,,,,,,,,,,w,move_up,,-3,1
6351,211700,,,,,,,,,,,,,,,,,,,,,,w,move_up,,-9,1
6352,211733,,,,,,,,,,,,,,,,,,,,,,w,move_up,,-11,1
6353,211767,,,,,,,,,,,,,,,,,,,,,,w,move_up,,-5,0
6354,211800,,,,,,,,,,,,,,,,,,,,,,w,move_up,,-8,0
6355,211833,,,,,,,,,,,,,,,,,,,,,,w,move_up,,-10,0
6356,211867,,,,,,,,,,,,,,,,,,,,,,w,move_up,,-10,0
6357,211900,,,,,,,,,,,,,,,,,,,,,,w,move_up,,-12,-1
6358,211933,,,,,,,,,,,,,,,,,,,,,,w,move_up,,-6,-1
6359,211967,,,,,,,,,,,,,,,,,,,,,,w,move_up,,0,0
6360,212000,,,,,,,,,,,,,,,,,,,,,,w,move_up,,0,0
6361,212033,,,,,,,,,,,,,,,,,,,,,,w,move_up,,3,0
6362,212067,,,,,,,,,,,,,,,,,,,,,,,,,10,0
6363,212100,,,,,,,,,,,,,,,,,,,,,,,,,11,0
6364,212133,,,,,,,,,,,,,,,,,,,,,,,,,20,0
6365,212167,,,,,,,,,,,,,,,,,,,,,,,,,67,1
6366,212200,,,,,,,,,,,,,,,,,,,,,,,,,37,1
6367,212233,,,,,,,,,,,,,,,,,,,,,,,,,6,0
6368,212267,,,,,,,,,,,,,,,,,,,,,,,,,0,0
6369,212300,,,,,,,,,,,,,,,,,,,,,,,,,0,0
6370,212333,,,,,,,,,,,,,,,,,,,,,,,,,-1,0
6371,212367,,,,,,,,,,,,,,,,,,,,,,,,,0,0
6372,212400,,,,,,,,,,,,,,,,,,,,,,,,,-1,0
6373,212433,,,,,,,,,,,,,,,,,,,,,,,,,-3,0
6374,212467,,,,,,,,,,,,,,,,,,,,,,,,,-3,0
6375,212500,,,,,,,,,,,,,,,,,,,,,,s,move_down,,-4,0
6376,212533,,,,,,,,,,,,,,,,,,,,,,s,move_down,,-3,1
6377,212567,,,,,,,,,,,,,,,,,,,,,,s,move_down,,-3,0
6378,212600,,,,,,,,,,,,,,,,,,,,,,s,move_down,,-2,0
6379,212633,,,,,,,,,,,,,,,,,,,,,,s,move_down,,-2,0
6380,212667,,,,,,,,,,,,,,,,,,,,,,s,move_down,,-3,0
6381,212700,,,,,,,,,,,,,,,,,,,,,,s,move_down,,-2,0
6382,212733,,,,,,,,,,,,,,,,,,,,,,s,move_down,,-2,0
6383,212767,,,,,,,,,,,,,,,,,,,,,,s,move_down,,-3,0
6384,212800,,,,,,,,,,,,,,,,,,,,,,s,move_down,,-2,0
6385,212833,,,,,,,,,,,,,,,,,,,,,,s,move_down,,-3,0
6386,212867,,,,,,,,,,,,,,,,,,,,,,d|s,move_down|move_right,,-5,0
6387,212900,,,,,,,,,,,,,,,,,,,,,,d|s,move_down|move_right,,-7,0
6388,212933,,,,,,,,,,,,,,,,,,,,,,d|s,move_down|move_right,,-3,0
6389,212967,,,,,,,,,,,,,,,,,,,,,,d|s,move_down|move_right,,-3,0
6390,213000,,,,,,,,,,,,,,,,,,,,,,d|s,move_down|move_right,,-10,0
6391,213033,,,,,,,,,,,,,,,,,,,,,,d|s,move_down|move_right,,-11,0
6392,213067,,,,,,,,,,,,,,,,,,,,,,s,move_down,,-4,0
6393,213100,,,,,,,,,,,,,,,,,,,,,,s,move_down,,-4,0
6394,213133,,,,,,,,,,,,,,,,,,,,,,s,move_down,,-2,0
6395,213167,,,,,,,,,,,,,,,,,,,,,,s,move_down,,-3,0
6396,213200,,,,,,,,,,,,,,,,,,,,,,s,move_down,,-4,0
6397,213233,,,,,,,,,,,,,,,,,,,,,,s,move_down,,-6,0
6398,213267,,,,,,,,,,,,,,,,,,,,,,s,move_down,,-10,0
6399,213300,,,,,,,,,,,,,,,,,,,,,,s,move_down,,-9,0
6400,213333,,,,,,,,,,,,,,,,,,,,,,s,move_down,,-6,0
6401,213367,,,,,,,,,,,,,,,,,,,,,,s,move_down,,-2,0
6402,213400,,,,,,,,,,,,,,,,,,,,,,s,move_down,,-3,0
6403,213433,,,,,,,,,,,,,,,,,,,,,,s,move_down,,-3,0
6404,213467,,,,,,,,,,,,,,,,,,,,,,s,move_down,,-3,0
6405,213500,,,,,,,,,,,,,,,,,,,,,,a|s,move_left|move_down,,-1,0
6406,213533,,,,,,,,,,,,,,,,,,,,,,a|s,move_left|move_down,,-1,0
6407,213567,,,,,,,,,,,,,,,,,,,,,,a|s,move_left|move_down,,-1,0
6408,213600,,,,,,,,,,,,,,,,,,,,,,a|s,move_left|move_down,,-1,0
6409,213633,,,,,,,,,,,,,,,,,,,,,,a|s,move_left|move_down,,-2,0
6410,213667,,,,,,,,,,,,,,,,,,,,,,a|s,move_left|move_down,,-2,0
6411,213700,,,,,,,,,,,,,,,,,,,,,,a|s,move_left|move_down,,-1,0
6412,213733,,,,,,,,,,,,,,,,,,,,,,a|s,move_left|move_down,,0,0
6413,213767,,,,,,,,,,,,,,,,,,,,,,a,move_left,,0,0
6414,213800,,,,,,,,,,,,,,,,,,,,,,a,move_left,,0,0
6415,213833,,,,,,,,,,,,,,,,,,,,,,a,move_left,,0,0
6416,213867,,,,,,,,,,,,,,,,,,,,,,a,move_left,,0,0
6417,213900,,,,,,,,,,,,,,,,,,,,,,a,move_left,,0,0
6418,213933,,,,,,,,,,,,,,,,,,,,,,,,,0,0
6419,213967,,,,,,,,,,,,,,,,,,,,,,,,,0,0
6420,214000,,,,,,,,,,,,,,,,,,,,,,,,,0,0
6421,214033,,,,,,,,,,,,,,,,,,,,,,,,,0,0
6422,214067,,,,,,,,,,,,,,,,,,,,,,,,,2,0
6423,214100,,,,,,,,,,,,,,,,,,,,,,,,,30,-1
6424,214133,,,,,,,,,,,,,,,,,,,,,,,,,29,-1
6425,214167,,,,,,,,,,,,,,,,,,,,,,,,,5,-1
6426,214200,,,,,,,,,,,,,,,,,,,,,,,,,0,0
6427,214233,,,,,,,,,,,,,,,,,,,,,,,,,1,0
6428,214267,,,,,,,,,,,,,,,,,,,,,,,,,0,0
6429,214300,,,,,,,,,,,,,,,,,,,,,,,,,0,0
6430,214333,,,,,,,,,,,,,,,,,,,,,,,,,0,0
6431,214367,,,,,,,,,,,,,,,,,,,,,,,,,0,0
6432,214400,,,,,,,,,,,,,,,,,,,,,,w,move_up,,0,0
6433,214433,,,,,,,,,,,,,,,,,,,,,,w,move_up,,0,0
6434,214467,,,,,,,,,,,,,,,,,,,,,,d|w,move_up|move_right,,0,0
6435,214500,,,,,,,,,,,,,,,,,,,,,,d|w,move_up|move_right,,-1,0
6436,214533,,,,,,,,,,,,,,,,,,,,,,d|w,move_up|move_right,,-2,0
6437,214567,,,,,,,,,,,,,,,,,,,,,,d|w,move_up|move_right,,-3,0
6438,214600,,,,,,,,,,,,,,,,,,,,,,d|w,move_up|move_right,,-1,0
6439,214633,,,,,,,,,,,,,,,,,,,,,,d|w,move_up|move_right,,-1,0
6440,214667,,,,,,,,,,,,,,,,,,,,,,d|w,move_up|move_right,,0,0
6441,214700,,,,,,,,,,,,,,,,,,,,,,d|w,move_up|move_right,,0,0
6442,214733,,,,,,,,,,,,,,,,,,,,,,d|w,move_up|move_right,,0,0
6443,214767,,,,,,,,,,,,,,,,,,,,,,,,,0,0
6444,214800,,,,,,,,,,,,,,,,,,,,,,,,,0,0
6445,214833,,,,,,,,,,,,,,,,,,,,,,,,,0,0
6446,214867,,,,,,,,,,,,,,,,,,,,,,,,,0,0
6447,214900,,,,,,,,,,,,,,,,,,,,,,,,,0,0
6448,214933,,,,,,,,,,,,,,,,,,,,,,,,,0,0
6449,214967,,,,,,,,,,,,,,,,,,,,,,,,,0,0
6450,215000,,,,,,,,,,,,,,,,,,,,,,,,,0,0
6451,215033,,,,,,,,,,,,,,,,,,,,,,,,,0,0
6452,215067,,,,,,,,,,,,,,,,,,,,,,w,move_up,,0,0
6453,215100,,,,,,,,,,,,,,,,,,,,,,w,move_up,,0,0
6454,215133,,,,,,,,,,,,,,,,,,,,,,w,move_up,,0,0
6455,215167,,,,,,,,,,,,,,,,,,,,,,w,move_up,,0,0
6456,215200,,,,,,,,,,,,,,,,,,,,,,w,move_up,,0,0
6457,215233,,,,,,,,,,,,,,,,,,,,,,w,move_up,,0,0
6458,215267,,,,,,,,,,,,,,,,,,,,,,w,move_up,,0,0
6459,215300,,,,,,,,,,,,,,,,,,,,,,w,move_up,,0,0
6460,215333,,,,,,,,,,,,,,,,,,,,,,w,move_up,,0,0
6461,215367,,,,,,,,,,,,,,,,,,,,,,w,move_up,,0,0
6462,215400,,,,,,,,,,,,,,,,,,,,,,w,move_up,,0,0
6463,215433,,,,,,,,,,,,,,,,,,,,,,w,move_up,,19,-2
6464,215467,,,,,,,,,,,,,,,,,,,,,,w,move_up,,29,-1
6465,215500,,,,,,,,,,,,,,,,,,,,,,w,move_up,,16,0
6466,215533,,,,,,,,,,,,,,,,,,,,,,w,move_up,,1,0
6467,215567,,,,,,,,,,,,,,,,,,,,,,w,move_up,,0,0
6468,215600,,,,,,,,,,,,,,,,,,,,,,w,move_up,,0,0
6469,215633,,,,,,,,,,,,,,,,,,,,,,,,,0,0
6470,215667,,,,,,,,,,,,,,,,,,,,,,,,,0,0
6471,215700,,,,,,,,,,,,,,,,,,,,,,,,,0,0
6472,215733,,,,,,,,,,,,,,,,,,,,,,,,,0,0
6473,215767,,,,,,,,,,,,,,,,,,,,,,,,,0,0
6474,215800,,,,,,,,,,,,,,,,,,,,,,,,,0,0
6475,215833,,,,,,,,,,,,,,,,,,,,,,w,move_up,,0,0
6476,215867,,,,,,,,,,,,,,,,,,,,,,w,move_up,,-2,0
6477,215900,,,,,,,,,,,,,,,,,,,,,,w,move_up,,-7,0
6478,215933,,,,,,,,,,,,,,,,,,,,,,w,move_up,,-16,1
6479,215967,,,,,,,,,,,,,,,,,,,,,,w,move_up,,-30,1
6480,216000,,,,,,,,,,,,,,,,,,,,,,w,move_up,,-46,1
6481,216033,,,,,,,,,,,,,,,,,,,,,,w,move_up,,-14,0
6482,216067,,,,,,,,,,,,,,,,,,,,,,w,move_up,,-5,0
6483,216100,,,,,,,,,,,,,,,,,,,,,,w,move_up,,-6,0
6484,216133,,,,,,,,,,,,,,,,,,,,,,w,move_up,,-9,0
6485,216167,,,,,,,,,,,,,,,,,,,,,,w,move_up,,-5,1
6486,216200,,,,,,,,,,,,,,,,,,,,,,,,,-3,0
6487,216233,,,,,,,,,,,,,,,,,,,,,,,,,-3,0
6488,216267,,,,,,,,,,,,,,,,,,,,,,,,,-7,0
6489,216300,,,,,,,,,,,,,,,,,,,,,,,,,-10,0
6490,216333,,,,,,,,,,,,,,,,,,,,,,,,,-14,-2
6491,216367,,,,,,,,,,,,,,,,,,,,,,,,,-20,0
6492,216400,,,,,,,,,,,,,,,,,,,,,,,,,-15,-1
6493,216433,,,,,,,,,,,,,,,,,,,,,,d|w,move_up|move_right,,-8,-1
6494,216467,,,,,,,,,,,,,,,,,,,,,,d|w,move_up|move_right,,-2,0
6495,216500,,,,,,,,,,,,,,,,,,,,,,d|w,move_up|move_right,,-2,-1
6496,216533,,,,,,,,,,,,,,,,,,,,,,d|w,move_up|move_right,,-4,0
6497,216567,,,,,,,,,,,,,,,,,,,,,,d|w,move_up|move_right,,-1,0
6498,216600,,,,,,,,,,,,,,,,,,,,,,d|w,move_up|move_right,,0,0
6499,216633,,,,,,,,,,,,,,,,,,,,,,w,move_up,,0,0
6500,216667,,,,,,,,,,,,,,,,,,,,,,,,,0,0
6501,216700,,,,,,,,,,,,,,,,,,,,,,,,,0,0
6502,216733,,,,,,,,,,,,,,,,,,,,,,,,,0,0
6503,216767,,,,,,,,,,,,,,,,,,,,,,,,,0,0
6504,216800,,,,,,,,,,,,,,,,,,,,,,,,,30,-1
6505,216833,,,,,,,,,,,,,,,,,,,,,,,,,86,0
6506,216867,,,,,,,,,,,,,,,,,,,,,,,,,69,0
6507,216900,,,,,,,,,,,,,,,,,,,,,,,,,25,0
6508,216933,,,,,,,,,,,,,,,,,,,,,,,,,5,1
6509,216967,,,,,,,,,,,,,,,,,,,,,,,,,1,0
6510,217000,,,,,,,,,,,,,,,,,,,,,,,,,0,0
6511,217033,,,,,,,,,,,,,,,,,,,,,,,,,0,0
6512,217067,,,,,,,,,,,,,,,,,,,,,,,,,0,0
6513,217100,,,,,,,,,,,,,,,,,,,,,,,,,0,0
6514,217133,,,,,,,,,,,,,,,,,,,,,,,,,0,0
6515,217167,,,,,,,,,,,,,,,,,,,,,,,,,0,0
6516,217200,,,,,,,,,,,,,,,,,,,,,,,,,0,0
6517,217233,,,,,,,,,,,,,,,,,,,,,,,,,0,0
6518,217267,,,,,,,,,,,,,,,,,,,,,,,,,0,0
6519,217300,,,,,,,,,,,,,,,,,,,,,,,,,0,0
6520,217333,,,,,,,,,,,,,,,,,,,,,,,,,0,0
6521,217367,,,,,,,,,,,,,,,,,,,,,,,,,0,0
6522,217400,,,,,,,,,,,,,,,,,,,,,,,,,0,0
6523,217433,,,,,,,,,,,,,,,,,,,,,,,,,0,0
6524,217467,,,,,,,,,,,,,,,,,,,,,,,,,0,0
6525,217500,,,,,,,,,,,,,,,,,,,,,,,,,0,0
6526,217533,,,,,,,,,,,,,,,,,,,,,,,,,0,0
6527,217567,,,,,,,,,,,,,,,,,,,,,,,,,0,0
6528,217600,,,,,,,,,,,,,,,,,,,,,,,,,0,0
6529,217633,,,,,,,,,,,,,,,,,,,,,,,,,-1,0
6530,217667,,,,,,,,,,,,,,,,,,,,,,,,,-10,0
6531,217700,,,,,,,,,,,,,,,,,,,,,,,,,-18,0
6532,217733,,,,,,,,,,,,,,,,,,,,,,,,,-27,0
6533,217767,,,,,,,,,,,,,,,,,,,,,,,,,-36,0
6534,217800,,,,,,,,,,,,,,,,,,,,,,,,,-29,-1
6535,217833,,,,,,,,,,,,,,,,,,,,,,,,,-12,-1
6536,217867,,,,,,,,,,,,,,,,,,,,,,,,,0,0
6537,217900,,,,,,,,,,,,,,,,,,,,,,,,,0,0
6538,217933,,,,,,,,,,,,,,,,,,,,,,,,,0,0
6539,217967,,,,,,,,,,,,,,,,,,,,,,w,move_up,,-3,0
6540,218000,,,,,,,,,,,,,,,,,,,,,,d|w,move_up|move_right,,-22,-1
6541,218033,,,,,,,,,,,,,,,,,,,,,,d|w,move_up|move_right,,-39,-2
6542,218067,,,,,,,,,,,,,,,,,,,,,,d|w,move_up|move_right,,-44,-3
6543,218100,,,,,,,,,,,,,,,,,,,,,,d|w,move_up|move_right,,-44,-3
6544,218133,,,,,,,,,,,,,,,,,,,,,,d|w,move_up|move_right,,-15,-1
6545,218167,,,,,,,,,,,,,,,,,,,,,,d|w,move_up|move_right,,-8,0
6546,218200,,,,,,,,,,,,,,,,,,,,,,d|w,move_up|move_right,,-10,0
6547,218233,,,,,,,,,,,,,,,,,,,,,,,,,-9,0
6548,218267,,,,,,,,,,,,,,,,,,,,,,,,,-7,0
6549,218300,,,,,,,,,,,,,,,,,,,,,,,,,-1,0
6550,218333,,,,,,,,,,,,,,,,,,,,,,,,,0,0
6551,218367,,,,,,,,,,,,,,,,,,,,,,,,,0,0
6552,218400,,,,,,,,,,,,,,,,,,,,,,,,,-1,0
6553,218433,,,,,,,,,,,,,,,,,,,,,,,,,-1,0
6554,218467,,,,,,,,,,,,,,,,,,,,,,,,,-1,0
6555,218500,,,,,,,,,,,,,,,,,,,,,,w,move_up,,-8,0
6556,218533,,,,,,,,,,,,,,,,,,,,,,w,move_up,,-16,1
6557,218567,,,,,,,,,,,,,,,,,,,,,,w,move_up,,-22,3
6558,218600,,,,,,,,,,,,,,,,,,,,,,w,move_up,,-14,1
6559,218633,,,,,,,,,,,,,,,,,,,,,,w,move_up,,-1,0
6560,218667,,,,,,,,,,,,,,,,,,,,,,w,move_up,,0,0
6561,218700,,,,,,,,,,,,,,,,,,,,,,w,move_up,,0,0
6562,218733,,,,,,,,,,,,,,,,,,,,,,w,move_up,,0,0
6563,218767,,,,,,,,,,,,,,,,,,,,,,w,move_up,,0,0
6564,218800,,,,,,,,,,,,,,,,,,,,,,w,move_up,,0,0
6565,218833,,,,,,,,,,,,,,,,,,,,,,w,move_up,,2,1
6566,218867,,,,,,,,,,,,,,,,,,,,,,,,,3,1
6567,218900,,,,,,,,,,,,,,,,,,,,,,,,,1,1
6568,218933,,,,,,,,,,,,,,,,,,,,,,,,,6,0
6569,218967,,,,,,,,,,,,,,,,,,,,,,,,,11,1
6570,219000,,,,,,,,,,,,,,,,,,,,,,,,,5,1
6571,219033,,,,,,,,,,,,,,,,,,,,,,,,,1,0
6572,219067,,,,,,,,,,,,,,,,,,,,,,,,,0,0
6573,219100,,,,,,,,,,,,,,,,,,,,,,,,,0,0
6574,219133,,,,,,,,,,,,,,,,,,,,,,,,,11,1
6575,219167,,,,,,,,,,,,,,,,,,,,,,,,,63,2
6576,219200,,,,,,,,,,,,,,,,,,,,,,,,,103,1
6577,219233,,,,,,,,,,,,,,,,,,,,,,,,,68,1
6578,219267,,,,,,,,,,,,,,,,,,,,,,,,,21,2
6579,219300,,,,,,,,,,,,,,,,,,,,,,,,,0,0
6580,219333,,,,,,,,,,,,,,,,,,,,,,,,,0,1
6581,219367,,,,,,,,,,,,,,,,,,,,,,,,,0,0
6582,219400,,,,,,,,,,,,,,,,,,,,,,,,,0,0
6583,219433,,,,,,,,,,,,,,,,,,,,,,,,,2,0
6584,219467,,,,,,,,,,,,,,,,,,,,,,,,,4,-1
6585,219500,,,,,,,,,,,,,,,,,,,,,,,,,9,-1
6586,219533,,,,,,,,,,,,,,,,,,,,,,,,,6,-1
6587,219567,,,,,,,,,,,,,,,,,,,,,,,,,6,0
6588,219600,,,,,,,,,,,,,,,,,,,,,,,,,0,0
6589,219633,,,,,,,,,,,,,,,,,,,,,,,,,1,-1
6590,219667,,,,,,,,,,,,,,,,,,,,,,,,,0,0
6591,219700,,,,,,,,,,,,,,,,,,,,,,,,,0,0
6592,219733,,,,,,,,,,,,,,,,,,,,,,,,,0,0
6593,219767,,,,,,,,,,,,,,,,,,,,,,,,,0,0
6594,219800,,,,,,,,,,,,,,,,,,,,,,,,,0,0
6595,219833,,,,,,,,,,,,,,,,,,,,,,,,,0,0
6596,219867,,,,,,,,,,,,,,,,,,,,,,,,,0,0
6597,219900,,,,,,,,,,,,,,,,,,,,,,,,,0,0
6598,219933,,,,,,,,,,,,,,,,,,,,,,,,,0,0
6599,219967,,,,,,,,,,,,,,,,,,,,,,,,,0,0
6600,220000,,,,,,,,,,,,,,,,,,,,,,,,,12,1
6601,220033,,,,,,,,,,,,,,,,,,,,,,,,,48,1
6602,220067,,,,,,,,,,,,,,,,,,,,,,,,,53,1
6603,220100,,,,,,,,,,,,,,,,,,,,,,,,,26,0
6604,220133,,,,,,,,,,,,,,,,,,,,,,,,,0,0
6605,220167,,,,,,,,,,,,,,,,,,,,,,,,,0,0
6606,220200,,,,,,,,,,,,,,,,,,,,,,,,,0,0
6607,220233,,,,,,,,,,,,,,,,,,,,,,,,,0,0
6608,220267,,,,,,,,,,,,,,,,,,,,,,,,,0,0
6609,220300,,,,,,,,,,,,,,,,,,,,,,,,,0,0
6610,220333,,,,,,,,,,,,,,,,,,,,,,,,,0,-1
6611,220367,,,,,,,,,,,,,,,,,,,,,,,,,1,0
6612,220400,,,,,,,,,,,,,,,,,,,,,,,,,0,0
6613,220433,,,,,,,,,,,,,,,,,,,,,,,,,0,0
6614,220467,,,,,,,,,,,,,,,,,,,,,,,,,0,0
6615,220500,,,,,,,,,,,,,,,,,,,,,,,,,0,0
6616,220533,,,,,,,,,,,,,,,,,,,,,,,,,0,0
6617,220567,,,,,,,,,,,,,,,,,,,,,,,,,4,0
6618,220600,,,,,,,,,,,,,,,,,,,,,,,,,1,0
6619,220633,,,,,,,,,,,,,,,,,,,,,,,,,0,0
6620,220667,,,,,,,,,,,,,,,,,,,,,,,,,0,0
6621,220700,,,,,,,,,,,,,,,,,,,,,,,,,0,0
6622,220733,,,,,,,,,,,,,,,,,,,,,,,,,0,0
6623,220767,,,,,,,,,,,,,,,,,,,,,,,,,0,0
6624,220800,,,,,,,,,,,,,,,,,,,,,,,,,0,0
6625,220833,,,,,,,,,,,,,,,,,,,,,,,,,0,0
6626,220867,,,,,,,,,,,,,,,,,,,,,,,,,0,0
6627,220900,,,,,,,,,,,,,,,,,,,,,,,,,0,0
6628,220933,,,,,,,,,,,,,,,,,,,,,,,,,0,0
6629,220967,,,,,,,,,,,,,,,,,,,,,,,,,0,0
6630,221000,,,,,,,,,,,,,,,,,,,,,,,,,0,0
6631,221033,,,,,,,,,,,,,,,,,,,,,,,,,0,0
6632,221067,,,,,,,,,,,,,,,,,,,,,,,,,0,0
6633,221100,,,,,,,,,,,,,,,,,,,,,,,,,0,1
6634,221133,,,,,,,,,,,,,,,,,,,,,,,,,45,9
6635,221167,,,,,,,,,,,,,,,,,,,,,,,,,58,1
6636,221200,,,,,,,,,,,,,,,,,,,,,,,,,24,3
6637,221233,,,,,,,,,,,,,,,,,,,,,,,,,1,1
6638,221267,,,,,,,,,,,,,,,,,,,,,,,,,0,0
6639,221300,,,,,,,,,,,,,,,,,,,,,,,,,0,1
6640,221333,,,,,,,,,,,,,,,,,,,,,,,,,0,0
6641,221367,,,,,,,,,,,,,,,,,,,,,,w,move_up,,0,0
6642,221400,,,,,,,,,,,,,,,,,,,,,,w,move_up,,2,2
6643,221433,,,,,,,,,,,,,,,,,,,,,,w,move_up,,2,3
6644,221467,,,,,,,,,,,,,,,,,,,,,,w,move_up,,1,1
6645,221500,,,,,,,,,,,,,,,,,,,,,,w,move_up,,-1,1
6646,221533,,,,,,,,,,,,,,,,,,,,,,w,move_up,,-1,1
6647,221567,,,,,,,,,,,,,,,,,,,,,,w,move_up,,-2,2
6648,221600,,,,,,,,,,,,,,,,,,,,,,w,move_up,,-3,2
6649,221633,,,,,,,,,,,,,,,,,,,,,,w,move_up,,-4,3
6650,221667,,,,,,,,,,,,,,,,,,,,,,w,move_up,,-3,2
6651,221700,,,,,,,,,,,,,,,,,,,,,,w,move_up,,-1,2
6652,221733,,,,,,,,,,,,,,,,,,,,,,w,move_up,,-1,3
6653,221767,,,,,,,,,,,,,,,,,,,,,,w,move_up,,0,2
6654,221800,,,,,,,,,,,,,,,,,,,,,,w,move_up,,0,0
6655,221833,,,,,,,,,,,,,,,,,,,,,,w,move_up,,0,1
6656,221867,,,,,,,,,,,,,,,,,,,,,,w,move_up,,0,0
6657,221900,,,,,,,,,,,,,,,,,,,,,,w,move_up,,0,0
6658,221933,,,,,,,,,,,,,,,,,,,,,,w,move_up,,0,0
6659,221967,,,,,,,,,,,,,,,,,,,,,,,,,0,0
6660,222000,,,,,,,,,,,,,,,,,,,,,,,,,0,0
6661,222033,,,,,,,,,,,,,,,,,,,,,,,,,0,0
6662,222067,,,,,,,,,,,,,,,,,,,,,,,,,0,0
6663,222100,,,,,,,,,,,,,,,,,,,,,,,,,0,0
6664,222133,,,,,,,,,,,,,,,,,,,,,,,,,0,0
6665,222167,,,,,,,,,,,,,,,,,,,,,,,,,0,0
6666,222200,,,,,,,,,,,,,,,,,,,,,,,,,0,0
6667,222233,,,,,,,,,,,,,,,,,,,,,,,,,0,0
6668,222267,,,,,,,,,,,,,,,,,,,,,,,,,0,0
6669,222300,,,,,,,,,,,,,,,,,,,,,,,,,0,0
6670,222333,,,,,,,,,,,,,,,,,,,,,,w,move_up,,0,0
6671,222367,,,,,,,,,,,,,,,,,,,,,,w,move_up,,0,0
6672,222400,,,,,,,,,,,,,,,,,,,,,,w,move_up,,0,2
6673,222433,,,,,,,,,,,,,,,,,,,,,,w,move_up,,0,2
6674,222467,,,,,,,,,,,,,,,,,,,,,,w,move_up,,0,2
6675,222500,,,,,,,,,,,,,,,,,,,,,,w,move_up,,0,1
6676,222533,,,,,,,,,,,,,,,,,,,,,,w,move_up,,1,4
6677,222567,,,,,,,,,,,,,,,,,,,,,,w,move_up,,2,6
6678,222600,,,,,,,,,,,,,,,,,,,,,,w,move_up,,1,6
6679,222633,,,,,,,,,,,,,,,,,,,,,,w,move_up,,3,4
6680,222667,,,,,,,,,,,,,,,,,,,,,,w,move_up,,1,2
6681,222700,,,,,,,,,,,,,,,,,,,,,,w,move_up,,1,4
6682,222733,,,,,,,,,,,,,,,,,,,,,,w,move_up,,2,4
6683,222767,,,,,,,,,,,,,,,,,,,,,,w,move_up,,4,6
6684,222800,,,,,,,,,,,,,,,,,,,,,,w,move_up,,2,1
6685,222833,,,,,,,,,,,,,,,,,,,,,,w,move_up,,0,2
6686,222867,,,,,,,,,,,,,,,,,,,,,,w,move_up,,0,0
6687,222900,,,,,,,,,,,,,,,,,,,,,,w,move_up,,0,0
6688,222933,,,,,,,,,,,,,,,,,,,,,,w,move_up,,0,0
6689,222967,,,,,,,,,,,,,,,,,,,,,,w,move_up,,0,0
6690,223000,,,,,,,,,,,,,,,,,,,,,,w,move_up,,0,0
6691,223033,,,,,,,,,,,,,,,,,,,,,,w,move_up,,0,0
6692,223067,,,,,,,,,,,,,,,,,,,,,,w,move_up,,-2,0
6693,223100,,,,,,,,,,,,,,,,,,,,,,,,,-13,-4
6694,223133,,,,,,,,,,,,,,,,,,,,,,,,,-36,-7
6695,223167,,,,,,,,,,,,,,,,,,,,,,,,,-77,-17
6696,223200,,,,,,,,,,,,,,,,,,,,,,,,,-75,-17
6697,223233,,,,,,,,,,,,,,,,,,,,,,,,,-72,-17
6698,223267,,,,,,,,,,,,,,,,,,,,,,,,,-45,-10
6699,223300,,,,,,,,,,,,,,,,,,,,,,,,,-13,-4
6700,223333,,,,,,,,,,,,,,,,,,,,,,,,,0,0
6701,223367,,,,,,,,,,,,,,,,,,,,,,,,,0,0
6702,223400,,,,,,,,,,,,,,,,,,,,,,,,,0,0
6703,223433,,,,,,,,,,,,,,,,,,,,,,,,,0,0
6704,223467,,,,,,,,,,,,,,,,,,,,,,,,,0,0
6705,223500,,,,,,,,,,,,,,,,,,,,,,,,,0,0
6706,223533,,,,,,,,,,,,,,,,,,,,,,,,,0,0
6707,223567,,,,,,,,,,,,,,,,,,,,,,,,,0,0
6708,223600,,,,,,,,,,,,,,,,,,,,,,,,,2,0
6709,223633,,,,,,,,,,,,,,,,,,,,,,,,,0,1
6710,223667,,,,,,,,,,,,,,,,,,,,,,,,,0,0
6711,223700,,,,,,,,,,,,,,,,,,,,,,,,,0,0
6712,223733,,,,,,,,,,,,,,,,,,,,,,,,,-1,0
6713,223767,,,,,,,,,,,,,,,,,,,,,,,,,-20,0
6714,223800,,,,,,,,,,,,,,,,,,,,,,,,,-39,-4
6715,223833,,,,,,,,,,,,,,,,,,,,,,,,,-43,-5
6716,223867,,,,,,,,,,,,,,,,,,,,,,,,,-43,-5
6717,223900,,,,,,,,,,,,,,,,,,,,,,,,,-10,-2
6718,223933,,,,,,,,,,,,,,,,,,,,,,,,,-2,-1
6719,223967,,,,,,,,,,,,,,,,,,,,,,,,,0,0
6720,224000,,,,,,,,,,,,,,,,,,,,,,,,,0,0
6721,224033,,,,,,,,,,,,,,,,,,,,,,,,,0,0
6722,224067,,,,,,,,,,,,,,,,,,,,,,,,,0,0
6723,224100,,,,,,,,,,,,,,,,,,,,,,,,,0,0
6724,224133,,,,,,,,,,,,,,,,,,,,,,,,,0,0
6725,224167,,,,,,,,,,,,,,,,,,,,,,,,,0,0
6726,224200,,,,,,,,,,,,,,,,,,,,,,,,,0,0
6727,224233,,,,,,,,,,,,,,,,,,,,,,,,,0,0
6728,224267,,,,,,,,,,,,,,,,,,,,,,,,,0,0
6729,224300,,,,,,,,,,,,,,,,,,,,,,,,,0,0
6730,224333,,,,,,,,,,,,,,,,,,,,,,a,move_left,,13,0
6731,224367,,,,,,,,,,,,,,,,,,,,,,a,move_left,,42,1
6732,224400,,,,,,,,,,,,,,,,,,,,,,a,move_left,,35,0
6733,224433,,,,,,,,,,,,,,,,,,,,,,a,move_left,,11,0
6734,224467,,,,,,,,,,,,,,,,,,,,,,a,move_left,,0,0
6735,224500,,,,,,,,,,,,,,,,,,,,,,a,move_left,,0,0
6736,224533,,,,,,,,,,,,,,,,,,,,,,a,move_left,,0,0
6737,224567,,,,,,,,,,,,,,,,,,,,,,a,move_left,,0,0
6738,224600,,,,,,,,,,,,,,,,,,,,,,a,move_left,,1,0
6739,224633,,,,,,,,,,,,,,,,,,,,,,a,move_left,,1,0
6740,224667,,,,,,,,,,,,,,,,,,,,,,a,move_left,,1,0
6741,224700,,,,,,,,,,,,,,,,,,,,,,a,move_left,,0,0
6742,224733,,,,,,,,,,,,,,,,,,,,,,a,move_left,,0,0
6743,224767,,,,,,,,,,,,,,,,,,,,,,a,move_left,,1,0
6744,224800,,,,,,,,,,,,,,,,,,,,,,a,move_left,,0,0
6745,224833,,,,,,,,,,,,,,,,,,,,,,a,move_left,,1,0
6746,224867,,,,,,,,,,,,,,,,,,,,,,a,move_left,,1,0
6747,224900,,,,,,,,,,,,,,,,,,,,,,a,move_left,,1,0
6748,224933,,,,,,,,,,,,,,,,,,,,,,a,move_left,,0,0
6749,224967,,,,,,,,,,,,,,,,,,,,,,a,move_left,,2,-1
6750,225000,,,,,,,,,,,,,,,,,,,,,,a,move_left,,1,0
6751,225033,,,,,,,,,,,,,,,,,,,,,,a,move_left,,1,0
6752,225067,,,,,,,,,,,,,,,,,,,,,,a,move_left,,2,-1
6753,225100,,,,,,,,,,,,,,,,,,,,,,a,move_left,,2,0
6754,225133,,,,,,,,,,,,,,,,,,,,,,a,move_left,,1,0
6755,225167,,,,,,,,,,,,,,,,,,,,,,a,move_left,,0,0
6756,225200,,,,,,,,,,,,,,,,,,,,,,a,move_left,,0,0
6757,225233,,,,,,,,,,,,,,,,,,,,,,a,move_left,,1,0
6758,225267,,,,,,,,,,,,,,,,,,,,,,a,move_left,,0,0
6759,225300,,,,,,,,,,,,,,,,,,,,,,a,move_left,,0,0
6760,225333,,,,,,,,,,,,,,,,,,,,,,a,move_left,,0,0
6761,225367,,,,,,,,,,,,,,,,,,,,,,,,,0,0
6762,225400,,,,,,,,,,,,,,,,,,,,,,,,,-1,0
6763,225433,,,,,,,,,,,,,,,,,,,,,,,,,-44,2
6764,225467,,,,,,,,,,,,,,,,,,,,,,w,move_up,,-64,1
6765,225500,,,,,,,,,,,,,,,,,,,,,,w,move_up,,-58,-2
6766,225533,,,,,,,,,,,,,,,,,,,,,,w,move_up,,-27,-1
6767,225567,,,,,,,,,,,,,,,,,,,,,,w,move_up,,0,0
6768,225600,,,,,,,,,,,,,,,,,,,,,,w,move_up,,0,-1
6769,225633,,,,,,,,,,,,,,,,,,,,,,w,move_up,,0,0
6770,225667,,,,,,,,,,,,,,,,,,,,,,w,move_up,,0,0
6771,225700,,,,,,,,,,,,,,,,,,,,,,w,move_up,,0,0
6772,225733,,,,,,,,,,,,,,,,,,,,,,w,move_up,,0,0
6773,225767,,,,,,,,,,,,,,,,,,,,,,w,move_up,,0,0
6774,225800,,,,,,,,,,,,,,,,,,,,,,w,move_up,,0,0
6775,225833,,,,,,,,,,,,,,,,,,,,,,w,move_up,,2,0
6776,225867,,,,,,,,,,,,,,,,,,,,,,w,move_up,,4,0
6777,225900,,,,,,,,,,,,,,,,,,,,,,w,move_up,,10,0
6778,225933,,,,,,,,,,,,,,,,,,,,,,w,move_up,,19,-1
6779,225967,,,,,,,,,,,,,,,,,,,,,,w,move_up,,37,0
6780,226000,,,,,,,,,,,,,,,,,,,,,,w,move_up,,49,-1
6781,226033,,,,,,,,,,,,,,,,,,,,,,a|w,move_up|move_left,,39,0
6782,226067,,,,,,,,,,,,,,,,,,,,,,a|w,move_up|move_left,,28,-1
6783,226100,,,,,,,,,,,,,,,,,,,,,,a|w,move_up|move_left,,36,1
6784,226133,,,,,,,,,,,,,,,,,,,,,,a|w,move_up|move_left,,48,0
6785,226167,,,,,,,,,,,,,,,,,,,,,,a|w,move_up|move_left,,43,0
6786,226200,,,,,,,,,,,,,,,,,,,,,,a|w,move_up|move_left,,37,0
6787,226233,,,,,,,,,,,,,,,,,,,,,,a,move_left,,12,0
6788,226267,,,,,,,,,,,,,,,,,,,,,,a,move_left,,0,0
6789,226300,,,,,,,,,,,,,,,,,,,,,,a,move_left,,0,0
6790,226333,,,,,,,,,,,,,,,,,,,,,,a,move_left,,0,0
6791,226367,,,,,,,,,,,,,,,,,,,,,,a,move_left,,0,0
6792,226400,,,,,,,,,,,,,,,,,,,,,,a,move_left,,0,0
6793,226433,,,,,,,,,,,,,,,,,,,,,,a,move_left,,0,0
6794,226467,,,,,,,,,,,,,,,,,,,,,,a,move_left,,0,0
6795,226500,,,,,,,,,,,,,,,,,,,,,,a,move_left,,-1,0
6796,226533,,,,,,,,,,,,,,,,,,,,,,a|w,move_up|move_left,,-34,1
6797,226567,,,,,,,,,,,,,,,,,,,,,,a|w,move_up|move_left,,-75,3
6798,226600,,,,,,,,,,,,,,,,,,,,,,a|w,move_up|move_left,,-53,1
6799,226633,,,,,,,,,,,,,,,,,,,,,,w,move_up,,-26,0
6800,226667,,,,,,,,,,,,,,,,,,,,,,w,move_up,,-6,0
6801,226700,,,,,,,,,,,,,,,,,,,,,,w,move_up,,-8,0
6802,226733,,,,,,,,,,,,,,,,,,,,,,w,move_up,,-12,0
6803,226767,,,,,,,,,,,,,,,,,,,,,,w,move_up,,-9,0
6804,226800,,,,,,,,,,,,,,,,,,,,,,w,move_up,,-9,1
6805,226833,,,,,,,,,,,,,,,,,,,,,,w,move_up,,-15,0
6806,226867,,,,,,,,,,,,,,,,,,,,,,w,move_up,,-21,1
6807,226900,,,,,,,,,,,,,,,,,,,,,,w,move_up,,-24,1
6808,226933,,,,,,,,,,,,,,,,,,,,,,w,move_up,,-24,0
6809,226967,,,,,,,,,,,,,,,,,,,,,,w,move_up,,-35,1
6810,227000,,,,,,,,,,,,,,,,,,,,,,w,move_up,,-29,0
6811,227033,,,,,,,,,,,,,,,,,,,,,,w,move_up,,-21,1
6812,227067,,,,,,,,,,,,,,,,,,,,,,w,move_up,,-12,0
6813,227100,,,,,,,,,,,,,,,,,,,,,,w,move_up,,0,0
6814,227133,,,,,,,,,,,,,,,,,,,,,,w,move_up,,-1,0
6815,227167,,,,,,,,,,,,,,,,,,,,,,w,move_up,,-4,1
6816,227200,,,,,,,,,,,,,,,,,,,,,,w,move_up,,-5,0
6817,227233,,,,,,,,,,,,,,,,,,,,,,w,move_up,,-5,0
6818,227267,,,,,,,,,,,,,,,,,,,,,,w,move_up,,-6,1
6819,227300,,,,,,,,,,,,,,,,,,,,,,w,move_up,,-12,1
6820,227333,,,,,,,,,,,,,,,,,,,,,,w,move_up,,-9,0
6821,227367,,,,,,,,,,,,,,,,,,,,,,w,move_up,,-9,0
6822,227400,,,,,,,,,,,,,,,,,,,,,,w,move_up,,0,0
6823,227433,,,,,,,,,,,,,,,,,,,,,,w,move_up,,0,0
6824,227467,,,,,,,,,,,,,,,,,,,,,,w,move_up,,0,0
6825,227500,,,,,,,,,,,,,,,,,,,,,,w,move_up,,0,0
6826,227533,,,,,,,,,,,,,,,,,,,,,,w,move_up,,0,0
6827,227567,,,,,,,,,,,,,,,,,,,,,,w,move_up,,-1,0
6828,227600,,,,,,,,,,,,,,,,,,,,,,w,move_up,,-4,0
6829,227633,,,,,,,,,,,,,,,,,,,,,,w,move_up,,-5,0
6830,227667,,,,,,,,,,,,,,,,,,,,,,w,move_up,,-13,0
6831,227700,,,,,,,,,,,,,,,,,,,,,,w,move_up,,-9,-2
6832,227733,,,,,,,,,,,,,,,,,,,,,,w,move_up,,-5,-1
6833,227767,,,,,,,,,,,,,,,,,,,,,,w,move_up,,-17,4
6834,227800,,,,,,,,,,,,,,,,,,,,,,w,move_up,,0,0
6835,227833,,,,,,,,,,,,,,,,,,,,,,w,move_up,,-2,1
6836,227867,,,,,,,,,,,,,,,,,,,,,,w,move_up,,0,0
6837,227900,,,,,,,,,,,,,,,,,,,,,,w,move_up,,0,0
6838,227933,,,,,,,,,,,,,,,,,,,,,,w,move_up,,0,0
6839,227967,,,,,,,,,,,,,,,,,,,,,,w,move_up,,0,0
6840,228000,,,,,,,,,,,,,,,,,,,,,,w,move_up,,0,0
6841,228033,,,,,,,,,,,,,,,,,,,,,,w,move_up,,0,0
6842,228067,,,,,,,,,,,,,,,,,,,,,,w,move_up,,0,0
6843,228100,,,,,,,,,,,,,,,,,,,,,,w,move_up,,3,-3
6844,228133,,,,,,,,,,,,,,,,,,,,,,w,move_up,,4,-1
6845,228167,,,,,,,,,,,,,,,,,,,,,,w,move_up,,2,-2
6846,228200,,,,,,,,,,,,,,,,,,,,,,w,move_up,,0,0
6847,228233,,,,,,,,,,,,,,,,,,,,,,w,move_up,,0,-1
6848,228267,,,,,,,,,,,,,,,,,,,,,,w,move_up,,0,0
6849,228300,,,,,,,,,,,,,,,,,,,,,,w,move_up,,0,0
6850,228333,,,,,,,,,,,,,,,,,,,,,,w,move_up,,0,0
6851,228367,,,,,,,,,,,,,,,,,,,,,,w,move_up,,0,0
6852,228400,,,,,,,,,,,,,,,,,,,,,,w,move_up,,0,0
6853,228433,,,,,,,,,,,,,,,,,,,,,,w,move_up,,0,0
6854,228467,,,,,,,,,,,,,,,,,,,,,,w,move_up,,0,0
6855,228500,,,,,,,,,,,,,,,,,,,,,,w,move_up,,0,0
6856,228533,,,,,,,,,,,,,,,,,,,,,,w,move_up,,0,0
6857,228567,,,,,,,,,,,,,,,,,,,,,,w,move_up,,0,0
6858,228600,,,,,,,,,,,,,,,,,,,,,,w,move_up,,0,0
6859,228633,,,,,,,,,,,,,,,,,,,,,,w,move_up,,0,0
6860,228667,,,,,,,,,,,,,,,,,,,,,,w,move_up,,0,0
6861,228700,,,,,,,,,,,,,,,,,,,,,,w,move_up,,0,0
6862,228733,,,,,,,,,,,,,,,,,,,,,,w,move_up,,0,0
6863,228767,,,,,,,,,,,,,,,,,,,,,,w,move_up,,0,0
6864,228800,,,,,,,,,,,,,,,,,,,,,,w,move_up,,0,0
6865,228833,,,,,,,,,,,,,,,,,,,,,,w,move_up,,0,0
6866,228867,,,,,,,,,,,,,,,,,,,,,,w,move_up,,0,0
6867,228900,,,,,,,,,,,,,,,,,,,,,,w,move_up,,0,0
6868,228933,,,,,,,,,,,,,,,,,,,,,,w,move_up,,0,0
6869,228967,,,,,,,,,,,,,,,,,,,,,,w,move_up,,0,0
6870,229000,,,,,,,,,,,,,,,,,,,,,,w,move_up,,0,0
6871,229033,,,,,,,,,,,,,,,,,,,,,,w,move_up,,0,0
6872,229067,,,,,,,,,,,,,,,,,,,,,,w,move_up,,0,0
6873,229100,,,,,,,,,,,,,,,,,,,,,,w,move_up,,0,0
6874,229133,,,,,,,,,,,,,,,,,,,,,,w,move_up,,0,0
6875,229167,,,,,,,,,,,,,,,,,,,,,,w,move_up,,0,0
6876,229200,,,,,,,,,,,,,,,,,,,,,,w,move_up,,0,0
6877,229233,,,,,,,,,,,,,,,,,,,,,,w,move_up,,0,0
6878,229267,,,,,,,,,,,,,,,,,,,,,,w,move_up,,0,0
6879,229300,,,,,,,,,,,,,,,,,,,,,,w,move_up,,0,0
6880,229333,,,,,,,,,,,,,,,,,,,,,,w,move_up,,0,0
6881,229367,,,,,,,,,,,,,,,,,,,,,,w,move_up,,0,0
6882,229400,,,,,,,,,,,,,,,,,,,,,,w,move_up,,0,0
6883,229433,,,,,,,,,,,,,,,,,,,,,,w,move_up,,0,0
6884,229467,,,,,,,,,,,,,,,,,,,,,,w,move_up,,0,0
6885,229500,,,,,,,,,,,,,,,,,,,,,,w,move_up,,0,0
6886,229533,,,,,,,,,,,,,,,,,,,,,,w,move_up,,0,0
6887,229567,,,,,,,,,,,,,,,,,,,,,,w,move_up,,0,0
6888,229600,,,,,,,,,,,,,,,,,,,,,,w,move_up,,0,0
6889,229633,,,,,,,,,,,,,,,,,,,,,,w,move_up,,0,0
6890,229667,,,,,,,,,,,,,,,,,,,,,,,,,0,0
6891,229700,,,,,,,,,,,,,,,,,,,,,,,,,0,0
6892,229733,,,,,,,,,,,,,,,,,,,,,,,,,0,0
6893,229767,,,,,,,,,,,,,,,,,,,,,,,,,0,0
6894,229800,,,,,,,,,,,,,,,,,,,,,,,,,0,0
6895,229833,,,,,,,,,,,,,,,,,,,,,,,,,0,0
6896,229867,,,,,,,,,,,,,,,,,,,,,,,,,0,0
6897,229900,,,,,,,,,,,,,,,,,,,,,,,,,0,0
6898,229933,,,,,,,,,,,,,,,,,,,,,,,,,0,0
6899,229967,,,,,,,,,,,,,,,,,,,,,,,,,0,0
6900,230000,,,,,,,,,,,,,,,,,,,,,,,,,16,2
6901,230033,,,,,,,,,,,,,,,,,,,,,,,,,113,17
6902,230067,,,,,,,,,,,,,,,,,,,,,,,,,188,22
6903,230100,,,,,,,,,,,,,,,,,,,,,,,,,236,12
6904,230133,,,,,,,,,,,,,,,,,,,,,,d,move_right,,142,2
6905,230167,,,,,,,,,,,,,,,,,,,,,,d,move_right,,0,0
6906,230200,,,,,,,,,,,,,,,,,,,,,,d,move_right,,6,1
6907,230233,,,,,,,,,,,,,,,,,,,,,,d|w,move_up|move_right,,0,0
6908,230267,,,,,,,,,,,,,,,,,,,,,,d|w,move_up|move_right,,0,0
6909,230300,,,,,,,,,,,,,,,,,,,,,,d|w,move_up|move_right,,0,-1
6910,230333,,,,,,,,,,,,,,,,,,,,,,d|w,move_up|move_right,,15,-4
6911,230367,,,,,,,,,,,,,,,,,,,,,,w,move_up,,35,-7
6912,230400,,,,,,,,,,,,,,,,,,,,,,w,move_up,,6,-2
6913,230433,,,,,,,,,,,,,,,,,,,,,,w,move_up,,1,-2
6914,230467,,,,,,,,,,,,,,,,,,,,,,w,move_up,,0,-6
6915,230500,,,,,,,,,,,,,,,,,,,,,,w,move_up,,0,-12
6916,230533,,,,,,,,,,,,,,,,,,,,,,w,move_up,,0,-7
6917,230567,,,,,,,,,,,,,,,,,,,,,,w,move_up,,0,-5
6918,230600,,,,,,,,,,,,,,,,,,,,,,w,move_up,,0,-1
6919,230633,,,,,,,,,,,,,,,,,,,,,,w,move_up,,0,0
6920,230667,,,,,,,,,,,,,,,,,,,,,,w,move_up,,0,0
6921,230700,,,,,,,,,,,,,,,,,,,,,,w,move_up,,0,0
6922,230733,,,,,,,,,,,,,,,,,,,,,,w,move_up,,0,0
6923,230767,,,,,,,,,,,,,,,,,,,,,,w,move_up,,0,0
6924,230800,,,,,,,,,,,,,,,,,,,,,,w,move_up,,0,0
6925,230833,,,,,,,,,,,,,,,,,,,,,,w,move_up,,1,0
6926,230867,,,,,,,,,,,,,,,,,,,,,,w,move_up,,9,0
6927,230900,,,,,,,,,,,,,,,,,,,,,,w,move_up,,6,-1
6928,230933,,,,,,,,,,,,,,,,,,,,,,w,move_up,,3,0
6929,230967,,,,,,,,,,,,,,,,,,,,,,w,move_up,,0,0
6930,231000,,,,,,,,,,,,,,,,,,,,,,w,move_up,,1,0
6931,231033,,,,,,,,,,,,,,,,,,,,,,w,move_up,,0,0
6932,231067,,,,,,,,,,,,,,,,,,,,,,w,move_up,,0,0
6933,231100,,,,,,,,,,,,,,,,,,,,,,w,move_up,,0,0
6934,231133,,,,,,,,,,,,,,,,,,,,,,w,move_up,,0,0
6935,231167,,,,,,,,,,,,,,,,,,,,,,w,move_up,,5,0
6936,231200,,,,,,,,,,,,,,,,,,,,,,w,move_up,,11,0
6937,231233,,,,,,,,,,,,,,,,,,,,,,shift|w,move_up,,6,0
6938,231267,,,,,,,,,,,,,,,,,,,,,,shift|w,move_up,,0,0
6939,231300,,,,,,,,,,,,,,,,,,,,,,shift|w,move_up,,1,0
6940,231333,,,,,,,,,,,,,,,,,,,,,,shift|w,move_up,,0,0
6941,231367,,,,,,,,,,,,,,,,,,,,,,shift|w,move_up,,0,0
6942,231400,,,,,,,,,,,,,,,,,,,,,,shift|w,move_up,,0,0
6943,231433,,,,,,,,,,,,,,,,,,,,,,shift|w,move_up,,0,0
6944,231467,,,,,,,,,,,,,,,,,,,,,,shift|w,move_up,,0,0
6945,231500,,,,,,,,,,,,,,,,,,,,,,shift|w,move_up,,2,0
6946,231533,,,,,,,,,,,,,,,,,,,,,,shift|w,move_up,,16,-1
6947,231567,,,,,,,,,,,,,,,,,,,,,,shift|w,move_up,,11,-1
6948,231600,,,,,,,,,,,,,,,,,,,,,,a|shift|w,move_up|move_left,,4,0
6949,231633,,,,,,,,,,,,,,,,,,,,,,a|shift|w,move_up|move_left,,4,0
6950,231667,,,,,,,,,,,,,,,,,,,,,,a|shift|w,move_up|move_left,,7,0
6951,231700,,,,,,,,,,,,,,,,,,,,,,a|shift|w,move_up|move_left,,12,0
6952,231733,,,,,,,,,,,,,,,,,,,,,,a|shift|w,move_up|move_left,,9,0
6953,231767,,,,,,,,,,,,,,,,,,,,,,a|shift|w,move_up|move_left,,21,2
6954,231800,,,,,,,,,,,,,,,,,,,,,,a|shift|w,move_up|move_left,,27,2
6955,231833,,,,,,,,,,,,,,,,,,,,,,shift|w,move_up,,32,3
6956,231867,,,,,,,,,,,,,,,,,,,,,,shift|w,move_up,,51,3
6957,231900,,,,,,,,,,,,,,,,,,,,,,shift|w,move_up,,21,1
6958,231933,,,,,,,,,,,,,,,,,,,,,,shift|w,move_up,,13,1
6959,231967,,,,,,,,,,,,,,,,,,,,,,shift|w,move_up,,19,0
6960,232000,,,,,,,,,,,,,,,,,,,,,,shift|w,move_up,,22,0
6961,232033,,,,,,,,,,,,,,,,,,,,,,shift|w,move_up,,32,2
6962,232067,,,,,,,,,,,,,,,,,,,,,,shift|w,move_up,,20,0
6963,232100,,,,,,,,,,,,,,,,,,,,,,shift|w,move_up,,0,0
6964,232133,,,,,,,,,,,,,,,,,,,,,,shift|w,move_up,,1,0
6965,232167,,,,,,,,,,,,,,,,,,,,,,shift|w,move_up,,0,0
6966,232200,,,,,,,,,,,,,,,,,,,,,,shift|w,move_up,,2,0
6967,232233,,,,,,,,,,,,,,,,,,,,,,a|shift|w,move_up|move_left,,17,0
6968,232267,,,,,,,,,,,,,,,,,,,,,,a|shift|w,move_up|move_left,,26,1
6969,232300,,,,,,,,,,,,,,,,,,,,,,a|w,move_up|move_left,,50,3
6970,232333,,,,,,,,,,,,,,,,,,,,,,a|w,move_up|move_left,,43,2
6971,232367,,,,,,,,,,,,,,,,,,,,,,w,move_up,,15,2
6972,232400,,,,,,,,,,,,,,,,,,,,,,w,move_up,,5,1
6973,232433,,,,,,,,,,,,,,,,,,,,,,e|w,interact|move_up,,11,2
6974,232467,,,,,,,,,,,,,,,,,,,,,,e|w,interact|move_up,,30,3
6975,232500,,,,,,,,,,,,,,,,,,,,,,e|w,interact|move_up,,53,3
6976,232533,,,,,,,,,,,,,,,,,,,,,,e,interact,,38,0
6977,232567,,,,,,,,,,,,,,,,,,,,,,,,,13,0
6978,232600,,,,,,,,,,,,,,,,,,,,,,,,,14,2
6979,232633,,,,,,,,,,,,,,,,,,,,,,,,,1,2
6980,232667,,,,,,,,,,,,,,,,,,,,,,,,,0,1
6981,232700,,,,,,,,,,,,,,,,,,,,,,,,,0,0
6982,232733,,,,,,,,,,,,,,,,,,,,,,,,,0,0
6983,232767,,,,,,,,,,,,,,,,,,,,,,a|w,move_up|move_left,,0,0
6984,232800,,,,,,,,,,,,,,,,,,,,,,a|w,move_up|move_left,,0,0
6985,232833,,,,,,,,,,,,,,,,,,,,,,a|w,move_up|move_left,,2,-4
6986,232867,,,,,,,,,,,,,,,,,,,,,,a|w,move_up|move_left,,10,-5
6987,232900,,,,,,,,,,,,,,,,,,,,,,a|w,move_up|move_left,,33,-6
6988,232933,,,,,,,,,,,,,,,,,,,,,,a|e|w,interact|move_up|move_left,,26,-3
6989,232967,,,,,,,,,,,,,,,,,,,,,,a|e|w,interact|move_up|move_left,,21,0
6990,233000,,,,,,,,,,,,,,,,,,,,,,e|w,interact|move_up,,17,0
6991,233033,,,,,,,,,,,,,,,,,,,,,,e|w,interact|move_up,,13,1
6992,233067,,,,,,,,,,,,,,,,,,,,,,,,,1,0
6993,233100,,,,,,,,,,,,,,,,,,,,,,,,,0,0
6994,233133,,,,,,,,,,,,,,,,,,,,,,,,,1,1
6995,233167,,,,,,,,,,,,,,,,,,,,,,,,,0,0
6996,233200,,,,,,,,,,,,,,,,,,,,,,,,,0,0
6997,233233,,,,,,,,,,,,,,,,,,,,,,,,,0,0
6998,233267,,,,,,,,,,,,,,,,,,,,,,,,,0,0
6999,233300,,,,,,,,,,,,,,,,,,,,,,,,,0,0
7000,233333,,,,,,,,,,,,,,,,,,,,,,,,,0,0
7001,233367,,,,,,,,,,,,,,,,,,,,,,,,,0,0
7002,233400,,,,,,,,,,,,,,,,,,,,,,,,,0,0
7003,233433,,,,,,,,,,,,,,,,,,,,,,,,,0,0
7004,233467,,,,,,,,,,,,,,,,,,,,,,,,,0,0
7005,233500,,,,,,,,,,,,,,,,,,,,,,,,,0,0
7006,233533,,,,,,,,,,,,,,,,,,,,,,,,,0,0
7007,233567,,,,,,,,,,,,,,,,,,,,,,,,,0,0
7008,233600,,,,,,,,,,,,,,,,,,,,,,,,,0,0
7009,233633,,,,,,,,,,,,,,,,,,,,,,,,,0,0
7010,233667,,,,,,,,,,,,,,,,,,,,,,,,,0,0
7011,233700,,,,,,,,,,,,,,,,,,,,,,,,,0,0
7012,233733,,,,,,,,,,,,,,,,,,,,,,,,,0,0
7013,233767,,,,,,,,,,,,,,,,,,,,,,,,,0,0
7014,233800,,,,,,,,,,,,,,,,,,,,,,,,,0,0
7015,233833,,,,,,,,,,,,,,,,,,,,,,,,,0,0
7016,233867,,,,,,,,,,,,,,,,,,,,,,,,,0,0
7017,233900,,,,,,,,,,,,,,,,,,,,,,,,,0,0
7018,233933,,,,,,,,,,,,,,,,,,,,,,,,,0,0
7019,233967,,,,,,,,,,,,,,,,,,,,,,,,,0,0
7020,234000,,,,,,,,,,,,,,,,,,,,,,,,,0,0
7021,234033,,,,,,,,,,,,,,,,,,,,,,,,,0,0
7022,234067,,,,,,,,,,,,,,,,,,,,,,,,,0,0
7023,234100,,,,,,,,,,,,,,,,,,,,,,,,,0,0
7024,234133,,,,,,,,,,,,,,,,,,,,,,,,,0,0
7025,234167,,,,,,,,,,,,,,,,,,,,,,,,,0,0
7026,234200,,,,,,,,,,,,,,,,,,,,,,,,,0,0
7027,234233,,,,,,,,,,,,,,,,,,,,,,,,,0,0
7028,234267,,,,,,,,,,,,,,,,,,,,,,,,,0,0
7029,234300,,,,,,,,,,,,,,,,,,,,,,,,,0,0
7030,234333,,,,,,,,,,,,,,,,,,,,,,,,,0,0
7031,234367,,,,,,,,,,,,,,,,,,,,,,,,,0,0
7032,234400,,,,,,,,,,,,,,,,,,,,,,,,,0,0
7033,234433,,,,,,,,,,,,,,,,,,,,,,,,,0,0
7034,234467,,,,,,,,,,,,,,,,,,,,,,,,,0,0
7035,234500,,,,,,,,,,,,,,,,,,,,,,,,,0,0
7036,234533,,,,,,,,,,,,,,,,,,,,,,,,,0,0
7037,234567,,,,,,,,,,,,,,,,,,,,,,,,,-1,0
7038,234600,,,,,,,,,,,,,,,,,,,,,,,,,-34,-4
7039,234633,,,,,,,,,,,,,,,,,,,,,,,,,-50,-5
7040,234667,,,,,,,,,,,,,,,,,,,,,,,,,-40,-2
7041,234700,,,,,,,,,,,,,,,,,,,,,,,,,-24,-1
7042,234733,,,,,,,,,,,,,,,,,,,,,,,,,-7,1
7043,234767,,,,,,,,,,,,,,,,,,,,,,,,,-12,1
7044,234800,,,,,,,,,,,,,,,,,,,,,,,,,-2,0
7045,234833,,,,,,,,,,,,,,,,,,,,,,,,,0,0
7046,234867,,,,,,,,,,,,,,,,,,,,,,,,,0,0
7047,234900,,,,,,,,,,,,,,,,,,,,,,,,,0,0
7048,234933,,,,,,,,,,,,,,,,,,,,,,,,,0,0
7049,234967,,,,,,,,,,,,,,,,,,,,,,,,,0,0
7050,235000,,,,,,,,,,,,,,,,,,,,,,,,,0,0
7051,235033,,,,,,,,,,,,,,,,,,,,,,,,,0,0
7052,235067,,,,,,,,,,,,,,,,,,,,,,,,,0,0
7053,235100,,,,,,,,,,,,,,,,,,,,,,,,,0,0
7054,235133,,,,,,,,,,,,,,,,,,,,,,,,,0,0
7055,235167,,,,,,,,,,,,,,,,,,,,,,,,,0,0
7056,235200,,,,,,,,,,,,,,,,,,,,,,,,,0,0
7057,235233,,,,,,,,,,,,,,,,,,,,,,,,,0,0
7058,235267,,,,,,,,,,,,,,,,,,,,,,,,,0,0
7059,235300,,,,,,,,,,,,,,,,,,,,,,,,,0,0
7060,235333,,,,,,,,,,,,,,,,,,,,,,,,,0,0
7061,235367,,,,,,,,,,,,,,,,,,,,,,,,,0,0
7062,235400,,,,,,,,,,,,,,,,,,,,,,,,,0,0
7063,235433,,,,,,,,,,,,,,,,,,,,,,,,,0,0
7064,235467,,,,,,,,,,,,,,,,,,,,,,,,,0,0
7065,235500,,,,,,,,,,,,,,,,,,,,,,,,,0,0
7066,235533,,,,,,,,,,,,,,,,,,,,,,,,,0,0
7067,235567,,,,,,,,,,,,,,,,,,,,,,,,,0,0
7068,235600,,,,,,,,,,,,,,,,,,,,,,,,,0,0
7069,235633,,,,,,,,,,,,,,,,,,,,,,,,,0,0
7070,235667,,,,,,,,,,,,,,,,,,,,,,,,,0,0
7071,235700,,,,,,,,,,,,,,,,,,,,,,,,,0,0
7072,235733,,,,,,,,,,,,,,,,,,,,,,,,,0,0
7073,235767,,,,,,,,,,,,,,,,,,,,,,,,,0,0
7074,235800,,,,,,,,,,,,,,,,,,,,,,,,,0,0
7075,235833,,,,,,,,,,,,,,,,,,,,,,,,,0,0
7076,235867,,,,,,,,,,,,,,,,,,,,,,,,,0,0
7077,235900,,,,,,,,,,,,,,,,,,,,,,,,,0,0
7078,235933,,,,,,,,,,,,,,,,,,,,,,,,,0,0
7079,235967,,,,,,,,,,,,,,,,,,,,,,,,,0,0
7080,236000,,,,,,,,,,,,,,,,,,,,,,,,,0,0
7081,236033,,,,,,,,,,,,,,,,,,,,,,,,,0,0
7082,236067,,,,,,,,,,,,,,,,,,,,,,,,,0,0
7083,236100,,,,,,,,,,,,,,,,,,,,,,,,,0,0
7084,236133,,,,,,,,,,,,,,,,,,,,,,,,,0,0
7085,236167,,,,,,,,,,,,,,,,,,,,,,,,,0,0
7086,236200,,,,,,,,,,,,,,,,,,,,,,,,,0,0
7087,236233,,,,,,,,,,,,,,,,,,,,,,,,,0,0
7088,236267,,,,,,,,,,,,,,,,,,,,,,,,,0,0
7089,236300,,,,,,,,,,,,,,,,,,,,,,,,,0,0
7090,236333,,,,,,,,,,,,,,,,,,,,,,,,,0,0
7091,236367,,,,,,,,,,,,,,,,,,,,,,,,,0,0
7092,236400,,,,,,,,,,,,,,,,,,,,,,,,,0,0
7093,236433,,,,,,,,,,,,,,,,,,,,,,,,,0,0
7094,236467,,,,,,,,,,,,,,,,,,,,,,,,,0,0
7095,236500,,,,,,,,,,,,,,,,,,,,,,,,,0,0
7096,236533,,,,,,,,,,,,,,,,,,,,,,,,,0,0
7097,236567,,,,,,,,,,,,,,,,,,,,,,,,,0,0
7098,236600,,,,,,,,,,,,,,,,,,,,,,,,,0,0
7099,236633,,,,,,,,,,,,,,,,,,,,,,,,,0,0
7100,236667,,,,,,,,,,,,,,,,,,,,,,,,,0,0
7101,236700,,,,,,,,,,,,,,,,,,,,,,,,,0,0
7102,236733,,,,,,,,,,,,,,,,,,,,,,,,,0,0
7103,236767,,,,,,,,,,,,,,,,,,,,,,,,,0,0
7104,236800,,,,,,,,,,,,,,,,,,,,,,,,,0,0
7105,236833,,,,,,,,,,,,,,,,,,,,,,,,,0,0
7106,236867,,,,,,,,,,,,,,,,,,,,,,,,,0,0
7107,236900,,,,,,,,,,,,,,,,,,,,,,,,,0,0
7108,236933,,,,,,,,,,,,,,,,,,,,,,,,,0,0
7109,236967,,,,,,,,,,,,,,,,,,,,,,,,,0,0
7110,237000,,,,,,,,,,,,,,,,,,,,,,,,,0,0
7111,237033,,,,,,,,,,,,,,,,,,,,,,,,,0,0
7112,237067,,,,,,,,,,,,,,,,,,,,,,,,,0,0
7113,237100,,,,,,,,,,,,,,,,,,,,,,,,,0,0
7114,237133,,,,,,,,,,,,,,,,,,,,,,,,,0,0
7115,237167,,,,,,,,,,,,,,,,,,,,,,,,,0,0
7116,237200,,,,,,,,,,,,,,,,,,,,,,,,,0,0
7117,237233,,,,,,,,,,,,,,,,,,,,,,,,,0,0
7118,237267,,,,,,,,,,,,,,,,,,,,,,,,,0,0
7119,237300,,,,,,,,,,,,,,,,,,,,,,,,,0,0
7120,237333,,,,,,,,,,,,,,,,,,,,,,,,,0,0
7121,237367,,,,,,,,,,,,,,,,,,,,,,,,,0,0
7122,237400,,,,,,,,,,,,,,,,,,,,,,,,,0,0
7123,237433,,,,,,,,,,,,,,,,,,,,,,,,,0,0
7124,237467,,,,,,,,,,,,,,,,,,,,,,,,,0,0
7125,237500,,,,,,,,,,,,,,,,,,,,,,,,,0,0
7126,237533,,,,,,,,,,,,,,,,,,,,,,,,,0,0
7127,237567,,,,,,,,,,,,,,,,,,,,,,,,,0,0
7128,237600,,,,,,,,,,,,,,,,,,,,,,,,,0,0
7129,237633,,,,,,,,,,,,,,,,,,,,,,,,,0,0
7130,237667,,,,,,,,,,,,,,,,,,,,,,,,,0,0
7131,237700,,,,,,,,,,,,,,,,,,,,,,,,,0,0
7132,237733,,,,,,,,,,,,,,,,,,,,,,,,,0,0
7133,237767,,,,,,,,,,,,,,,,,,,,,,,,,0,0
7134,237800,,,,,,,,,,,,,,,,,,,,,,,,,0,0
7135,237833,,,,,,,,,,,,,,,,,,,,,,,,,0,0
7136,237867,,,,,,,,,,,,,,,,,,,,,,,,,0,0
7137,237900,,,,,,,,,,,,,,,,,,,,,,,,,0,0
7138,237933,,,,,,,,,,,,,,,,,,,,,,,,,0,0
7139,237967,,,,,,,,,,,,,,,,,,,,,,,,,0,0
7140,238000,,,,,,,,,,,,,,,,,,,,,,,,,0,0
7141,238033,,,,,,,,,,,,,,,,,,,,,,,,,0,0
7142,238067,,,,,,,,,,,,,,,,,,,,,,,,,0,0
7143,238100,,,,,,,,,,,,,,,,,,,,,,,,,0,0
7144,238133,,,,,,,,,,,,,,,,,,,,,,,,,0,0
7145,238167,,,,,,,,,,,,,,,,,,,,,,,,,0,0
7146,238200,,,,,,,,,,,,,,,,,,,,,,,,,0,0
7147,238233,,,,,,,,,,,,,,,,,,,,,,,,,0,0
7148,238267,,,,,,,,,,,,,,,,,,,,,,,,,0,0
7149,238300,,,,,,,,,,,,,,,,,,,,,,,,,0,0
7150,238333,,,,,,,,,,,,,,,,,,,,,,,,,0,0
7151,238367,,,,,,,,,,,,,,,,,,,,,,,,,0,0
7152,238400,,,,,,,,,,,,,,,,,,,,,,,,,0,0
7153,238433,,,,,,,,,,,,,,,,,,,,,,,,,0,0
7154,238467,,,,,,,,,,,,,,,,,,,,,,,,,0,0
7155,238500,,,,,,,,,,,,,,,,,,,,,,,,,0,0
7156,238533,,,,,,,,,,,,,,,,,,,,,,,,,0,0
7157,238567,,,,,,,,,,,,,,,,,,,,,,,,,0,0
7158,238600,,,,,,,,,,,,,,,,,,,,,,,,,0,0
7159,238633,,,,,,,,,,,,,,,,,,,,,,,,,0,0
7160,238667,,,,,,,,,,,,,,,,,,,,,,,,,0,0
7161,238700,,,,,,,,,,,,,,,,,,,,,,,,,0,0
7162,238733,,,,,,,,,,,,,,,,,,,,,,,,,0,0
7163,238767,,,,,,,,,,,,,,,,,,,,,,,,,0,0
7164,238800,,,,,,,,,,,,,,,,,,,,,,,,,0,0
7165,238833,,,,,,,,,,,,,,,,,,,,,,,,,0,0
7166,238867,,,,,,,,,,,,,,,,,,,,,,,,,0,0
7167,238900,,,,,,,,,,,,,,,,,,,,,,,,,0,0
7168,238933,,,,,,,,,,,,,,,,,,,,,,,,,0,0
7169,238967,,,,,,,,,,,,,,,,,,,,,,,,,0,0
7170,239000,,,,,,,,,,,,,,,,,,,,,,,,,0,0
7171,239033,,,,,,,,,,,,,,,,,,,,,,,,,0,0
7172,239067,,,,,,,,,,,,,,,,,,,,,,,,,0,0
7173,239100,,,,,,,,,,,,,,,,,,,,,,,,,0,0
7174,239133,,,,,,,,,,,,,,,,,,,,,,,,,0,0
7175,239167,,,,,,,,,,,,,,,,,,,,,,,,,0,0
7176,239200,,,,,,,,,,,,,,,,,,,,,,,,,0,0
7177,239233,,,,,,,,,,,,,,,,,,,,,,,,,0,0
7178,239267,,,,,,,,,,,,,,,,,,,,,,,,,0,0
7179,239300,,,,,,,,,,,,,,,,,,,,,,,,,0,0
7180,239333,,,,,,,,,,,,,,,,,,,,,,,,,0,0
7181,239367,,,,,,,,,,,,,,,,,,,,,,,,,0,0
7182,239400,,,,,,,,,,,,,,,,,,,,,,,,,0,0
7183,239433,,,,,,,,,,,,,,,,,,,,,,,,,0,0
7184,239467,,,,,,,,,,,,,,,,,,,,,,,,,0,0
7185,239500,,,,,,,,,,,,,,,,,,,,,,,,,0,0
7186,239533,,,,,,,,,,,,,,,,,,,,,,,,,0,0
7187,239567,,,,,,,,,,,,,,,,,,,,,,,,,0,0
7188,239600,,,,,,,,,,,,,,,,,,,,,,,,,0,0
7189,239633,,,,,,,,,,,,,,,,,,,,,,,,,0,0
7190,239667,,,,,,,,,,,,,,,,,,,,,,,,,0,0
7191,239700,,,,,,,,,,,,,,,,,,,,,,,,,0,0
7192,239733,,,,,,,,,,,,,,,,,,,,,,,,,0,0
7193,239767,,,,,,,,,,,,,,,,,,,,,,,,,0,0
7194,239800,,,,,,,,,,,,,,,,,,,,,,,,,0,0
7195,239833,,,,,,,,,,,,,,,,,,,,,,,,,0,0
7196,239867,,,,,,,,,,,,,,,,,,,,,,,,,-16,-5
7197,239900,,,,,,,,,,,,,,,,,,,,,,,,,-58,-31
7198,239933,,,,,,,,,,,,,,,,,,,,,,,,,-4,-1
7199,239967,,,,,,,,,,,,,,,,,,,,,,,,,0,0
7200,240000,,,,,,,,,,,,,,,,,,,,,,,,,0,0
7201,240033,,,,,,,,,,,,,,,,,,,,,,,,,-2,-1
7202,240067,,,,,,,,,,,,,,,,,,,,,,,,,0,0
7203,240100,,,,,,,,,,,,,,,,,,,,,,,,,0,0
7204,240133,,,,,,,,,,,,,,,,,,,,,,,,,0,0
7205,240167,,,,,,,,,,,,,,,,,,,,,,,,,0,0
7206,240200,,,,,,,,,,,,,,,,,,,,,,,,,0,0
7207,240233,,,,,,,,,,,,,,,,,,,,,,,,,0,0
7208,240267,,,,,,,,,,,,,,,,,,,,,,,,,0,0
7209,240300,,,,,,,,,,,,,,,,,,,,,,,,,0,0
7210,240333,,,,,,,,,,,,,,,,,,,,,,,,,0,0
7211,240367,,,,,,,,,,,,,,,,,,,,,,,,,0,0
7212,240400,,,,,,,,,,,,,,,,,,,,,,,,,0,0
7213,240433,,,,,,,,,,,,,,,,,,,,,,,,,0,0
7214,240467,,,,,,,,,,,,,,,,,,,,,,,,,0,0
7215,240500,,,,,,,,,,,,,,,,,,,,,,,,,0,0
7216,240533,,,,,,,,,,,,,,,,,,,,,,,,,0,0
7217,240567,,,,,,,,,,,,,,,,,,,,,,,,,0,0
7218,240600,,,,,,,,,,,,,,,,,,,,,,,,,0,0
7219,240633,,,,,,,,,,,,,,,,,,,,,,,,,0,0
7220,240667,,,,,,,,,,,,,,,,,,,,,,,,,0,0
7221,240700,,,,,,,,,,,,,,,,,,,,,,,,,0,0
7222,240733,,,,,,,,,,,,,,,,,,,,,,,,,0,0
7223,240767,,,,,,,,,,,,,,,,,,,,,,,,,0,0
7224,240800,,,,,,,,,,,,,,,,,,,,,,,,,0,0
7225,240833,,,,,,,,,,,,,,,,,,,,,,,,,0,0
7226,240867,,,,,,,,,,,,,,,,,,,,,,,,,0,0
7227,240900,,,,,,,,,,,,,,,,,,,,,,,,,0,0
7228,240933,,,,,,,,,,,,,,,,,,,,,,,,,0,0
7229,240967,,,,,,,,,,,,,,,,,,,,,,,,,0,0
7230,241000,,,,,,,,,,,,,,,,,,,,,,,,,0,0
7231,241033,,,,,,,,,,,,,,,,,,,,,,,,,0,0
7232,241067,,,,,,,,,,,,,,,,,,,,,,,,,0,0
7233,241100,,,,,,,,,,,,,,,,,,,,,,,,,0,0
7234,241133,,,,,,,,,,,,,,,,,,,,,,,,,0,0
7235,241167,,,,,,,,,,,,,,,,,,,,,,,,,0,0
7236,241200,,,,,,,,,,,,,,,,,,,,,,,,,0,0
7237,241233,,,,,,,,,,,,,,,,,,,,,,,,,0,0
7238,241267,,,,,,,,,,,,,,,,,,,,,,,,,0,0
7239,241300,,,,,,,,,,,,,,,,,,,,,,,,,0,0
7240,241333,,,,,,,,,,,,,,,,,,,,,,,,,0,0
7241,241367,,,,,,,,,,,,,,,,,,,,,,,,,0,0
7242,241400,,,,,,,,,,,,,,,,,,,,,,,,,0,0
7243,241433,,,,,,,,,,,,,,,,,,,,,,,,,0,0
7244,241467,,,,,,,,,,,,,,,,,,,,,,,,,0,0
7245,241500,,,,,,,,,,,,,,,,,,,,,,,,,0,0
7246,241533,,,,,,,,,,,,,,,,,,,,,,,,,0,0
7247,241567,,,,,,,,,,,,,,,,,,,,,,,,,0,0
7248,241600,,,,,,,,,,,,,,,,,,,,,,,,,0,0
7249,241633,,,,,,,,,,,,,,,,,,,,,,,,,0,0
7250,241667,,,,,,,,,,,,,,,,,,,,,,,,,0,0
7251,241700,,,,,,,,,,,,,,,,,,,,,,,,,0,0
7252,241733,,,,,,,,,,,,,,,,,,,,,,,,,0,0
7253,241767,,,,,,,,,,,,,,,,,,,,,,,,,0,0
7254,241800,,,,,,,,,,,,,,,,,,,,,,,,,0,0
7255,241833,,,,,,,,,,,,,,,,,,,,,,,,,0,0
7256,241867,,,,,,,,,,,,,,,,,,,,,,,,,0,0
7257,241900,,,,,,,,,,,,,,,,,,,,,,,,,0,0
7258,241933,,,,,,,,,,,,,,,,,,,,,,,,,0,0
7259,241967,,,,,,,,,,,,,,,,,,,,,,,,,0,0
7260,242000,,,,,,,,,,,,,,,,,,,,,,,,,0,0
7261,242033,,,,,,,,,,,,,,,,,,,,,,,,,0,0
7262,242067,,,,,,,,,,,,,,,,,,,,,,,,,0,0
7263,242100,,,,,,,,,,,,,,,,,,,,,,,,,0,0
7264,242133,,,,,,,,,,,,,,,,,,,,,,,,,0,0
7265,242167,,,,,,,,,,,,,,,,,,,,,,,,,0,0
7266,242200,,,,,,,,,,,,,,,,,,,,,,,,,0,0
7267,242233,,,,,,,,,,,,,,,,,,,,,,,,,0,0
7268,242267,,,,,,,,,,,,,,,,,,,,,,,,,0,0
7269,242300,,,,,,,,,,,,,,,,,,,,,,,,,0,0
7270,242333,,,,,,,,,,,,,,,,,,,,,,,,,0,0
7271,242367,,,,,,,,,,,,,,,,,,,,,,,,,0,0
7272,242400,,,,,,,,,,,,,,,,,,,,,,,,,0,0
7273,242433,,,,,,,,,,,,,,,,,,,,,,,,,0,0
7274,242467,,,,,,,,,,,,,,,,,,,,,,,,,0,0
7275,242500,,,,,,,,,,,,,,,,,,,,,,,,,0,0
7276,242533,,,,,,,,,,,,,,,,,,,,,,,,,0,0
7277,242567,,,,,,,,,,,,,,,,,,,,,,,,,0,0
7278,242600,,,,,,,,,,,,,,,,,,,,,,,,,0,0
7279,242633,,,,,,,,,,,,,,,,,,,,,,,,,0,0
7280,242667,,,,,,,,,,,,,,,,,,,,,,,,,0,0
7281,242700,,,,,,,,,,,,,,,,,,,,,,,,,0,0
7282,242733,,,,,,,,,,,,,,,,,,,,,,,,,0,0
7283,242767,,,,,,,,,,,,,,,,,,,,,,,,,0,0
7284,242800,,,,,,,,,,,,,,,,,,,,,,,,,0,0
7285,242833,,,,,,,,,,,,,,,,,,,,,,,,,0,0
7286,242867,,,,,,,,,,,,,,,,,,,,,,,,,0,0
7287,242900,,,,,,,,,,,,,,,,,,,,,,,,,0,0
7288,242933,,,,,,,,,,,,,,,,,,,,,,,,,0,0
7289,242967,,,,,,,,,,,,,,,,,,,,,,,,,0,0
7290,243000,,,,,,,,,,,,,,,,,,,,,,,,,0,0
7291,243033,,,,,,,,,,,,,,,,,,,,,,,,,0,0
7292,243067,,,,,,,,,,,,,,,,,,,,,,,,,0,0
7293,243100,,,,,,,,,,,,,,,,,,,,,,,,,0,0
7294,243133,,,,,,,,,,,,,,,,,,,,,,,,,0,0
7295,243167,,,,,,,,,,,,,,,,,,,,,,,,,0,0
7296,243200,,,,,,,,,,,,,,,,,,,,,,,,,0,0
7297,243233,,,,,,,,,,,,,,,,,,,,,,,,,0,0
7298,243267,,,,,,,,,,,,,,,,,,,,,,,,,0,0
7299,243300,,,,,,,,,,,,,,,,,,,,,,,,,0,0
7300,243333,,,,,,,,,,,,,,,,,,,,,,,,,0,0
7301,243367,,,,,,,,,,,,,,,,,,,,,,,,,0,0
7302,243400,,,,,,,,,,,,,,,,,,,,,,,,,0,0
7303,243433,,,,,,,,,,,,,,,,,,,,,,,,,0,0
7304,243467,,,,,,,,,,,,,,,,,,,,,,,,,0,0
7305,243500,,,,,,,,,,,,,,,,,,,,,,,,,0,0
7306,243533,,,,,,,,,,,,,,,,,,,,,,,,,0,0
7307,243567,,,,,,,,,,,,,,,,,,,,,,,,,0,0
7308,243600,,,,,,,,,,,,,,,,,,,,,,,,,0,0
7309,243633,,,,,,,,,,,,,,,,,,,,,,,,,0,0
7310,243667,,,,,,,,,,,,,,,,,,,,,,,,,0,0
7311,243700,,,,,,,,,,,,,,,,,,,,,,,,,0,0
7312,243733,,,,,,,,,,,,,,,,,,,,,,,,,0,0
7313,243767,,,,,,,,,,,,,,,,,,,,,,,,,0,0
7314,243800,,,,,,,,,,,,,,,,,,,,,,,,,0,0
7315,243833,,,,,,,,,,,,,,,,,,,,,,,,,0,0
7316,243867,,,,,,,,,,,,,,,,,,,,,,,,,0,0
7317,243900,,,,,,,,,,,,,,,,,,,,,,,,,0,0
7318,243933,,,,,,,,,,,,,,,,,,,,,,,,,0,0
7319,243967,,,,,,,,,,,,,,,,,,,,,,,,,0,0
7320,244000,,,,,,,,,,,,,,,,,,,,,,,,,0,0
7321,244033,,,,,,,,,,,,,,,,,,,,,,,,,0,0
7322,244067,,,,,,,,,,,,,,,,,,,,,,,,,0,0
7323,244100,,,,,,,,,,,,,,,,,,,,,,,,,0,0
7324,244133,,,,,,,,,,,,,,,,,,,,,,,,,0,0
7325,244167,,,,,,,,,,,,,,,,,,,,,,,,,0,0
7326,244200,,,,,,,,,,,,,,,,,,,,,,,,,0,0
7327,244233,,,,,,,,,,,,,,,,,,,,,,,,,0,0
7328,244267,,,,,,,,,,,,,,,,,,,,,,,,,0,0
7329,244300,,,,,,,,,,,,,,,,,,,,,,,,,0,0
7330,244333,,,,,,,,,,,,,,,,,,,,,,,,,0,0
7331,244367,,,,,,,,,,,,,,,,,,,,,,,,,0,0
7332,244400,,,,,,,,,,,,,,,,,,,,,,,,,0,0
7333,244433,,,,,,,,,,,,,,,,,,,,,,,,,0,0
7334,244467,,,,,,,,,,,,,,,,,,,,,,,,,0,0
7335,244500,,,,,,,,,,,,,,,,,,,,,,,,,0,0
7336,244533,,,,,,,,,,,,,,,,,,,,,,,,,0,0
7337,244567,,,,,,,,,,,,,,,,,,,,,,,,,0,0
7338,244600,,,,,,,,,,,,,,,,,,,,,,,,,0,0
7339,244633,,,,,,,,,,,,,,,,,,,,,,,,,0,0
7340,244667,,,,,,,,,,,,,,,,,,,,,,,,,0,0
7341,244700,,,,,,,,,,,,,,,,,,,,,,,,,0,0
7342,244733,,,,,,,,,,,,,,,,,,,,,,,,,0,0
7343,244767,,,,,,,,,,,,,,,,,,,,,,,,,0,0
7344,244800,,,,,,,,,,,,,,,,,,,,,,,,,0,0
7345,244833,,,,,,,,,,,,,,,,,,,,,,,,,0,0
7346,244867,,,,,,,,,,,,,,,,,,,,,,,,,0,0
7347,244900,,,,,,,,,,,,,,,,,,,,,,,,,0,0
7348,244933,,,,,,,,,,,,,,,,,,,,,,,,,0,0
7349,244967,,,,,,,,,,,,,,,,,,,,,,,,,0,0
7350,245000,,,,,,,,,,,,,,,,,,,,,,,,,0,0
7351,245033,,,,,,,,,,,,,,,,,,,,,,,,,0,0
7352,245067,,,,,,,,,,,,,,,,,,,,,,,,,0,0
7353,245100,,,,,,,,,,,,,,,,,,,,,,,,,0,0
7354,245133,,,,,,,,,,,,,,,,,,,,,,,,,0,0
7355,245167,,,,,,,,,,,,,,,,,,,,,,,,,0,0
7356,245200,,,,,,,,,,,,,,,,,,,,,,,,,0,0
7357,245233,,,,,,,,,,,,,,,,,,,,,,,,,0,0
7358,245267,,,,,,,,,,,,,,,,,,,,,,,,,0,0
7359,245300,,,,,,,,,,,,,,,,,,,,,,,,,0,0
7360,245333,,,,,,,,,,,,,,,,,,,,,,,,,0,0
7361,245367,,,,,,,,,,,,,,,,,,,,,,,,,0,0
7362,245400,,,,,,,,,,,,,,,,,,,,,,,,,0,0
7363,245433,,,,,,,,,,,,,,,,,,,,,,,,,0,0
7364,245467,,,,,,,,,,,,,,,,,,,,,,,,,0,0
7365,245500,,,,,,,,,,,,,,,,,,,,,,,,,0,0
7366,245533,,,,,,,,,,,,,,,,,,,,,,,,,0,0
7367,245567,,,,,,,,,,,,,,,,,,,,,,,,,0,0
7368,245600,,,,,,,,,,,,,,,,,,,,,,,,,0,0
7369,245633,,,,,,,,,,,,,,,,,,,,,,,,,0,0
7370,245667,,,,,,,,,,,,,,,,,,,,,,,,,0,0
7371,245700,,,,,,,,,,,,,,,,,,,,,,,,,0,0
7372,245733,,,,,,,,,,,,,,,,,,,,,,,,,0,0
7373,245767,,,,,,,,,,,,,,,,,,,,,,,,,0,0
7374,245800,,,,,,,,,,,,,,,,,,,,,,,,,0,0
7375,245833,,,,,,,,,,,,,,,,,,,,,,,,,0,0
7376,245867,,,,,,,,,,,,,,,,,,,,,,,,,0,0
7377,245900,,,,,,,,,,,,,,,,,,,,,,,,,0,0
7378,245933,,,,,,,,,,,,,,,,,,,,,,,,,0,0
7379,245967,,,,,,,,,,,,,,,,,,,,,,,,,0,0
7380,246000,,,,,,,,,,,,,,,,,,,,,,,,,0,0
7381,246033,,,,,,,,,,,,,,,,,,,,,,,,,0,0
7382,246067,,,,,,,,,,,,,,,,,,,,,,,,,0,0
7383,246100,,,,,,,,,,,,,,,,,,,,,,,,,0,0
7384,246133,,,,,,,,,,,,,,,,,,,,,,,,,0,0
7385,246167,,,,,,,,,,,,,,,,,,,,,,,,,0,0
7386,246200,,,,,,,,,,,,,,,,,,,,,,,,,0,0
7387,246233,,,,,,,,,,,,,,,,,,,,,,,,,0,0
7388,246267,,,,,,,,,,,,,,,,,,,,,,,,,0,0
7389,246300,,,,,,,,,,,,,,,,,,,,,,,,,0,0
7390,246333,,,,,,,,,,,,,,,,,,,,,,,,,0,0
7391,246367,,,,,,,,,,,,,,,,,,,,,,,,,0,0
7392,246400,,,,,,,,,,,,,,,,,,,,,,,,,0,0
7393,246433,,,,,,,,,,,,,,,,,,,,,,,,,0,0
7394,246467,,,,,,,,,,,,,,,,,,,,,,,,,0,0
7395,246500,,,,,,,,,,,,,,,,,,,,,,,,,0,0
7396,246533,,,,,,,,,,,,,,,,,,,,,,,,,0,0
7397,246567,,,,,,,,,,,,,,,,,,,,,,,,,0,0
7398,246600,,,,,,,,,,,,,,,,,,,,,,,,,0,0
7399,246633,,,,,,,,,,,,,,,,,,,,,,,,,0,0
7400,246667,,,,,,,,,,,,,,,,,,,,,,,,,0,0
7401,246700,,,,,,,,,,,,,,,,,,,,,,,,,0,0
7402,246733,,,,,,,,,,,,,,,,,,,,,,,,,0,0
7403,246767,,,,,,,,,,,,,,,,,,,,,,,,,0,0
7404,246800,,,,,,,,,,,,,,,,,,,,,,,,,0,0
7405,246833,,,,,,,,,,,,,,,,,,,,,,,,,0,0
7406,246867,,,,,,,,,,,,,,,,,,,,,,,,,0,0
7407,246900,,,,,,,,,,,,,,,,,,,,,,,,,0,0
7408,246933,,,,,,,,,,,,,,,,,,,,,,,,,0,0
7409,246967,,,,,,,,,,,,,,,,,,,,,,,,,0,0
7410,247000,,,,,,,,,,,,,,,,,,,,,,,,,0,0
7411,247033,,,,,,,,,,,,,,,,,,,,,,,,,0,0
7412,247067,,,,,,,,,,,,,,,,,,,,,,,,,0,0
7413,247100,,,,,,,,,,,,,,,,,,,,,,,,,0,0
7414,247133,,,,,,,,,,,,,,,,,,,,,,,,,0,0
7415,247167,,,,,,,,,,,,,,,,,,,,,,,,,0,0
7416,247200,,,,,,,,,,,,,,,,,,,,,,,,,0,0
7417,247233,,,,,,,,,,,,,,,,,,,,,,,,,0,0
7418,247267,,,,,,,,,,,,,,,,,,,,,,,,,0,0
7419,247300,,,,,,,,,,,,,,,,,,,,,,,,,0,0
7420,247333,,,,,,,,,,,,,,,,,,,,,,,,,0,0
7421,247367,,,,,,,,,,,,,,,,,,,,,,,,,0,0
7422,247400,,,,,,,,,,,,,,,,,,,,,,,,,0,0
7423,247433,,,,,,,,,,,,,,,,,,,,,,,,,0,0
7424,247467,,,,,,,,,,,,,,,,,,,,,,,,,0,0
7425,247500,,,,,,,,,,,,,,,,,,,,,,,,,0,0
7426,247533,,,,,,,,,,,,,,,,,,,,,,,,,0,0
7427,247567,,,,,,,,,,,,,,,,,,,,,,,,,0,0
7428,247600,,,,,,,,,,,,,,,,,,,,,,,,,0,0
7429,247633,,,,,,,,,,,,,,,,,,,,,,,,,0,0
7430,247667,,,,,,,,,,,,,,,,,,,,,,,,,0,0
7431,247700,,,,,,,,,,,,,,,,,,,,,,,,,0,0
7432,247733,,,,,,,,,,,,,,,,,,,,,,,,,0,0
7433,247767,,,,,,,,,,,,,,,,,,,,,,,,,0,0
7434,247800,,,,,,,,,,,,,,,,,,,,,,,,,0,0
7435,247833,,,,,,,,,,,,,,,,,,,,,,,,,0,0
7436,247867,,,,,,,,,,,,,,,,,,,,,,,,,0,0
7437,247900,,,,,,,,,,,,,,,,,,,,,,,,,0,0
7438,247933,,,,,,,,,,,,,,,,,,,,,,,,,0,0
7439,247967,,,,,,,,,,,,,,,,,,,,,,,,,0,0
7440,248000,,,,,,,,,,,,,,,,,,,,,,,,,0,0
7441,248033,,,,,,,,,,,,,,,,,,,,,,,,,0,0
7442,248067,,,,,,,,,,,,,,,,,,,,,,,,,0,0
7443,248100,,,,,,,,,,,,,,,,,,,,,,,,,0,0
7444,248133,,,,,,,,,,,,,,,,,,,,,,,,,0,0
7445,248167,,,,,,,,,,,,,,,,,,,,,,,,,0,0
7446,248200,,,,,,,,,,,,,,,,,,,,,,,,,0,0
7447,248233,,,,,,,,,,,,,,,,,,,,,,,,,0,0
7448,248267,,,,,,,,,,,,,,,,,,,,,,,,,0,0
7449,248300,,,,,,,,,,,,,,,,,,,,,,,,,0,0
7450,248333,,,,,,,,,,,,,,,,,,,,,,,,,0,0
7451,248367,,,,,,,,,,,,,,,,,,,,,,,,,0,0
7452,248400,,,,,,,,,,,,,,,,,,,,,,,,,0,0
7453,248433,,,,,,,,,,,,,,,,,,,,,,,,,0,0
7454,248467,,,,,,,,,,,,,,,,,,,,,,,,,0,0
7455,248500,,,,,,,,,,,,,,,,,,,,,,,,,0,0
7456,248533,,,,,,,,,,,,,,,,,,,,,,,,,0,0
7457,248567,,,,,,,,,,,,,,,,,,,,,,,,,0,0
7458,248600,,,,,,,,,,,,,,,,,,,,,,,,,0,0
7459,248633,,,,,,,,,,,,,,,,,,,,,,,,,0,0
7460,248667,,,,,,,,,,,,,,,,,,,,,,,,,0,0
7461,248700,,,,,,,,,,,,,,,,,,,,,,,,,0,0
7462,248733,,,,,,,,,,,,,,,,,,,,,,,,,0,0
7463,248767,,,,,,,,,,,,,,,,,,,,,,,,,0,0
7464,248800,,,,,,,,,,,,,,,,,,,,,,,,,0,0
7465,248833,,,,,,,,,,,,,,,,,,,,,,,,,0,0
7466,248867,,,,,,,,,,,,,,,,,,,,,,,,,0,0
7467,248900,,,,,,,,,,,,,,,,,,,,,,,,,0,0
7468,248933,,,,,,,,,,,,,,,,,,,,,,,,,0,0
7469,248967,,,,,,,,,,,,,,,,,,,,,,,,,0,0
7470,249000,,,,,,,,,,,,,,,,,,,,,,,,,0,0
7471,249033,,,,,,,,,,,,,,,,,,,,,,,,,0,0
7472,249067,,,,,,,,,,,,,,,,,,,,,,,,,0,0
7473,249100,,,,,,,,,,,,,,,,,,,,,,,,,0,0
7474,249133,,,,,,,,,,,,,,,,,,,,,,,,,0,0
7475,249167,,,,,,,,,,,,,,,,,,,,,,,,,0,0
7476,249200,,,,,,,,,,,,,,,,,,,,,,,,,0,0
7477,249233,,,,,,,,,,,,,,,,,,,,,,,,,0,0
7478,249267,,,,,,,,,,,,,,,,,,,,,,,,,0,0
7479,249300,,,,,,,,,,,,,,,,,,,,,,,,,0,0
7480,249333,,,,,,,,,,,,,,,,,,,,,,,,,0,0
7481,249367,,,,,,,,,,,,,,,,,,,,,,,,,0,0
7482,249400,,,,,,,,,,,,,,,,,,,,,,,,,0,0
7483,249433,,,,,,,,,,,,,,,,,,,,,,,,,0,0
7484,249467,,,,,,,,,,,,,,,,,,,,,,,,,0,0
7485,249500,,,,,,,,,,,,,,,,,,,,,,,,,0,0
7486,249533,,,,,,,,,,,,,,,,,,,,,,,,,-11,-2
7487,249567,,,,,,,,,,,,,,,,,,,,,,,,,-43,-7
7488,249600,,,,,,,,,,,,,,,,,,,,,,,,,-65,-6
7489,249633,,,,,,,,,,,,,,,,,,,,,,,,,-71,0
7490,249667,,,,,,,,,,,,,,,,,,,,,,,,,-75,-5
7491,249700,,,,,,,,,,,,,,,,,,,,,,,,,-46,-11
7492,249733,,,,,,,,,,,,,,,,,,,,,,,,,-36,-21
7493,249767,,,,,,,,,,,,,,,,,,,,,,,,,-16,-6
7494,249800,,,,,,,,,,,,,,,,,,,,,,,,,0,0
7495,249833,,,,,,,,,,,,,,,,,,,,,,,,,-5,0
7496,249867,,,,,,,,,,,,,,,,,,,,,,,,,0,0
7497,249900,,,,,,,,,,,,,,,,,,,,,,,,,0,0
7498,249933,,,,,,,,,,,,,,,,,,,,,,,,,0,0
7499,249967,,,,,,,,,,,,,,,,,,,,,,,,,0,0
7500,250000,,,,,,,,,,,,,,,,,,,,,,,,,0,0
7501,250033,,,,,,,,,,,,,,,,,,,,,,,,,0,0
7502,250067,,,,,,,,,,,,,,,,,,,,,,,,,0,-1
7503,250100,,,,,,,,,,,,,,,,,,,,,,,,,7,-2
7504,250133,,,,,,,,,,,,,,,,,,,,,,,,,1,0
7505,250167,,,,,,,,,,,,,,,,,,,,,,,,,0,1
7506,250200,,,,,,,,,,,,,,,,,,,,,,,,,0,0
7507,250233,,,,,,,,,,,,,,,,,,,,,,,,,0,0
7508,250267,,,,,,,,,,,,,,,,,,,,,,,,,1,0
7509,250300,,,,,,,,,,,,,,,,,,,,,,,,,0,0
7510,250333,,,,,,,,,,,,,,,,,,,,,,,,,0,0
7511,250367,,,,,,,,,,,,,,,,,,,,,,,,,0,0
7512,250400,,,,,,,,,,,,,,,,,,,,,,,,,0,0
7513,250433,,,,,,,,,,,,,,,,,,,,,,,,,0,0
7514,250467,,,,,,,,,,,,,,,,,,,,,,,,,0,0
7515,250500,,,,,,,,,,,,,,,,,,,,,,,,,0,0
7516,250533,,,,,,,,,,,,,,,,,,,,,,,,,0,0
7517,250567,,,,,,,,,,,,,,,,,,,,,,,,,0,0
7518,250600,,,,,,,,,,,,,,,,,,,,,,,,,0,0
7519,250633,,,,,,,,,,,,,,,,,,,,,,,,,0,0
7520,250667,,,,,,,,,,,,,,,,,,,,,,,,,-10,-3
7521,250700,,,,,,,,,,,,,,,,,,,,,,,,,-55,-8
7522,250733,,,,,,,,,,,,,,,,,,,,,,,,,-76,-7
7523,250767,,,,,,,,,,,,,,,,,,,,,,,,,-91,6
7524,250800,,,,,,,,,,,,,,,,,,,,,,,,,0,0
7525,250833,,,,,,,,,,,,,,,,,,,,,,,,,-2,1
7526,250867,,,,,,,,,,,,,,,,,,,,,,,,,0,0
7527,250900,,,,,,,,,,,,,,,,,,,,,,,,,0,0
7528,250933,,,,,,,,,,,,,,,,,,,,,,,,,0,0
7529,250967,,,,,,,,,,,,,,,,,,,,,,,,,0,0
7530,251000,,,,,,,,,,,,,,,,,,,,,,,,,0,0
7531,251033,,,,,,,,,,,,,,,,,,,,,,,,,0,0
7532,251067,,,,,,,,,,,,,,,,,,,,,,,,,0,-1
7533,251100,,,,,,,,,,,,,,,,,,,,,,,,,1,-3
7534,251133,,,,,,,,,,,,,,,,,,,,,,,,,1,0
7535,251167,,,,,,,,,,,,,,,,,,,,,,,,,0,0
7536,251200,,,,,,,,,,,,,,,,,,,,,,,,,0,0
7537,251233,,,,,,,,,,,,,,,,,,,,,,,,,0,0
7538,251267,,,,,,,,,,,,,,,,,,,,,,,,,0,0
7539,251300,,,,,,,,,,,,,,,,,,,,,,,,,0,0
7540,251333,,,,,,,,,,,,,,,,,,,,,,,,,0,0
7541,251367,,,,,,,,,,,,,,,,,,,,,,,,,0,0
7542,251400,,,,,,,,,,,,,,,,,,,,,,,,,0,0
7543,251433,,,,,,,,,,,,,,,,,,,,,,,,,0,0
7544,251467,,,,,,,,,,,,,,,,,,,,,,,,,0,0
7545,251500,,,,,,,,,,,,,,,,,,,,,,,,,0,0
7546,251533,,,,,,,,,,,,,,,,,,,,,,,,,0,0
7547,251567,,,,,,,,,,,,,,,,,,,,,,,,,0,0
7548,251600,,,,,,,,,,,,,,,,,,,,,,,,,0,0
7549,251633,,,,,,,,,,,,,,,,,,,,,,,,,0,0
7550,251667,,,,,,,,,,,,,,,,,,,,,,,,,0,0
7551,251700,,,,,,,,,,,,,,,,,,,,,,,,,0,0
7552,251733,,,,,,,,,,,,,,,,,,,,,,,,,0,0
7553,251767,,,,,,,,,,,,,,,,,,,,,,,,,0,0
7554,251800,,,,,,,,,,,,,,,,,,,,,,,,,0,0
7555,251833,,,,,,,,,,,,,,,,,,,,,,,,,0,0
7556,251867,,,,,,,,,,,,,,,,,,,,,,,,,0,0
7557,251900,,,,,,,,,,,,,,,,,,,,,,,,,0,0
7558,251933,,,,,,,,,,,,,,,,,,,,,,,,,0,0
7559,251967,,,,,,,,,,,,,,,,,,,,,,,,,0,0
7560,252000,,,,,,,,,,,,,,,,,,,,,,,,,0,0
7561,252033,,,,,,,,,,,,,,,,,,,,,,,,,0,0
7562,252067,,,,,,,,,,,,,,,,,,,,,,,,,0,0
7563,252100,,,,,,,,,,,,,,,,,,,,,,,,,0,0
7564,252133,,,,,,,,,,,,,,,,,,,,,,,,,0,0
7565,252167,,,,,,,,,,,,,,,,,,,,,,,,,0,0
7566,252200,,,,,,,,,,,,,,,,,,,,,,,,,0,0
7567,252233,,,,,,,,,,,,,,,,,,,,,,,,,0,0
7568,252267,,,,,,,,,,,,,,,,,,,,,,,,,0,0
7569,252300,,,,,,,,,,,,,,,,,,,,,,,,,0,0
7570,252333,,,,,,,,,,,,,,,,,,,,,,,,,0,0
7571,252367,,,,,,,,,,,,,,,,,,,,,,,,,0,0
7572,252400,,,,,,,,,,,,,,,,,,,,,,,,,0,0
7573,252433,,,,,,,,,,,,,,,,,,,,,,,,,0,0
7574,252467,,,,,,,,,,,,,,,,,,,,,,,,,0,0
7575,252500,,,,,,,,,,,,,,,,,,,,,,,,,0,0
7576,252533,,,,,,,,,,,,,,,,,,,,,,,,,0,0
7577,252567,,,,,,,,,,,,,,,,,,,,,,,,,0,0
7578,252600,,,,,,,,,,,,,,,,,,,,,,,,,0,0
7579,252633,,,,,,,,,,,,,,,,,,,,,,,,,0,0
7580,252667,,,,,,,,,,,,,,,,,,,,,,,,,0,0
7581,252700,,,,,,,,,,,,,,,,,,,,,,,,,0,0
7582,252733,,,,,,,,,,,,,,,,,,,,,,,,,0,0
7583,252767,,,,,,,,,,,,,,,,,,,,,,,,,0,0
7584,252800,,,,,,,,,,,,,,,,,,,,,,,,,0,0
7585,252833,,,,,,,,,,,,,,,,,,,,,,,,,0,0
7586,252867,,,,,,,,,,,,,,,,,,,,,,,,,0,0
7587,252900,,,,,,,,,,,,,,,,,,,,,,,,,0,0
7588,252933,,,,,,,,,,,,,,,,,,,,,,,,,0,0
7589,252967,,,,,,,,,,,,,,,,,,,,,,,,,0,0
7590,253000,,,,,,,,,,,,,,,,,,,,,,,,,0,0
7591,253033,,,,,,,,,,,,,,,,,,,,,,,,,0,0
7592,253067,,,,,,,,,,,,,,,,,,,,,,,,,0,0
7593,253100,,,,,,,,,,,,,,,,,,,,,,,,,0,0
7594,253133,,,,,,,,,,,,,,,,,,,,,,,,,0,0
7595,253167,,,,,,,,,,,,,,,,,,,,,,,,,0,0
7596,253200,,,,,,,,,,,,,,,,,,,,,,,,,0,0
7597,253233,,,,,,,,,,,,,,,,,,,,,,,,,0,0
7598,253267,,,,,,,,,,,,,,,,,,,,,,,,,0,0
7599,253300,,,,,,,,,,,,,,,,,,,,,,,,,0,0
7600,253333,,,,,,,,,,,,,,,,,,,,,,,,,0,0
7601,253367,,,,,,,,,,,,,,,,,,,,,,,,,0,0
7602,253400,,,,,,,,,,,,,,,,,,,,,,,,,0,0
7603,253433,,,,,,,,,,,,,,,,,,,,,,,,,0,0
7604,253467,,,,,,,,,,,,,,,,,,,,,,,,,0,0
7605,253500,,,,,,,,,,,,,,,,,,,,,,,,,0,0
7606,253533,,,,,,,,,,,,,,,,,,,,,,,,,0,0
7607,253567,,,,,,,,,,,,,,,,,,,,,,,,,0,0
7608,253600,,,,,,,,,,,,,,,,,,,,,,,,,0,0
7609,253633,,,,,,,,,,,,,,,,,,,,,,,,,0,0
7610,253667,,,,,,,,,,,,,,,,,,,,,,,,,0,0
7611,253700,,,,,,,,,,,,,,,,,,,,,,,,,0,0
7612,253733,,,,,,,,,,,,,,,,,,,,,,,,,0,0
7613,253767,,,,,,,,,,,,,,,,,,,,,,,,,0,0
7614,253800,,,,,,,,,,,,,,,,,,,,,,,,,0,0
7615,253833,,,,,,,,,,,,,,,,,,,,,,,,,0,0
7616,253867,,,,,,,,,,,,,,,,,,,,,,,,,0,0
7617,253900,,,,,,,,,,,,,,,,,,,,,,,,,0,0
7618,253933,,,,,,,,,,,,,,,,,,,,,,,,,0,0
7619,253967,,,,,,,,,,,,,,,,,,,,,,,,,0,0
7620,254000,,,,,,,,,,,,,,,,,,,,,,,,,0,0
7621,254033,,,,,,,,,,,,,,,,,,,,,,,,,0,0
7622,254067,,,,,,,,,,,,,,,,,,,,,,,,,0,0
7623,254100,,,,,,,,,,,,,,,,,,,,,,,,,0,0
7624,254133,,,,,,,,,,,,,,,,,,,,,,,,,0,0
7625,254167,,,,,,,,,,,,,,,,,,,,,,,,,0,0
7626,254200,,,,,,,,,,,,,,,,,,,,,,,,,0,0
7627,254233,,,,,,,,,,,,,,,,,,,,,,,,,0,0
7628,254267,,,,,,,,,,,,,,,,,,,,,,,,,0,0
7629,254300,,,,,,,,,,,,,,,,,,,,,,,,,0,0
7630,254333,,,,,,,,,,,,,,,,,,,,,,,,,0,0
7631,254367,,,,,,,,,,,,,,,,,,,,,,,,,0,0
7632,254400,,,,,,,,,,,,,,,,,,,,,,,,,0,0
7633,254433,,,,,,,,,,,,,,,,,,,,,,,,,0,0
7634,254467,,,,,,,,,,,,,,,,,,,,,,,,,0,0
7635,254500,,,,,,,,,,,,,,,,,,,,,,,,,0,0
7636,254533,,,,,,,,,,,,,,,,,,,,,,,,,0,0
7637,254567,,,,,,,,,,,,,,,,,,,,,,,,,0,0
7638,254600,,,,,,,,,,,,,,,,,,,,,,,,,0,0
7639,254633,,,,,,,,,,,,,,,,,,,,,,,,,0,0
7640,254667,,,,,,,,,,,,,,,,,,,,,,,,,0,0
7641,254700,,,,,,,,,,,,,,,,,,,,,,,,,0,0
7642,254733,,,,,,,,,,,,,,,,,,,,,,,,,0,0
7643,254767,,,,,,,,,,,,,,,,,,,,,,,,,0,0
7644,254800,,,,,,,,,,,,,,,,,,,,,,,,,0,0
7645,254833,,,,,,,,,,,,,,,,,,,,,,,,,0,0
7646,254867,,,,,,,,,,,,,,,,,,,,,,,,,0,0
7647,254900,,,,,,,,,,,,,,,,,,,,,,,,,-5,-4
7648,254933,,,,,,,,,,,,,,,,,,,,,,,,,-12,-7
7649,254967,,,,,,,,,,,,,,,,,,,,,,,,,-13,0
7650,255000,,,,,,,,,,,,,,,,,,,,,,,,,-17,5
7651,255033,,,,,,,,,,,,,,,,,,,,,,,,,-31,6
7652,255067,,,,,,,,,,,,,,,,,,,,,,,,,-43,1
7653,255100,,,,,,,,,,,,,,,,,,,,,,,,,-31,0
7654,255133,,,,,,,,,,,,,,,,,,,,,,,,,-19,-5
7655,255167,,,,,,,,,,,,,,,,,,,,,,,,,-4,0
7656,255200,,,,,,,,,,,,,,,,,,,,,,,,,0,0
7657,255233,,,,,,,,,,,,,,,,,,,,,,,,,0,3
7658,255267,,,,,,,,,,,,,,,,,,,,,,,,,0,0
7659,255300,,,,,,,,,,,,,,,,,,,,,,,,,0,0
7660,255333,,,,,,,,,,,,,,,,,,,,,,,,,0,0
7661,255367,,,,,,,,,,,,,,,,,,,,,,e,interact,,0,0
7662,255400,,,,,,,,,,,,,,,,,,,,,,e,interact,,0,0
7663,255433,,,,,,,,,,,,,,,,,,,,,,e,interact,,-1,-8
7664,255467,,,,,,,,,,,,,,,,,,,,,,e,interact,,-6,-3
7665,255500,,,,,,,,,,,,,,,,,,,,,,,,,-16,-3
7666,255533,,,,,,,,,,,,,,,,,,,,,,,,,-34,-1
7667,255567,,,,,,,,,,,,,,,,,,,,,,,,,-60,0
7668,255600,,,,,,,,,,,,,,,,,,,,,,,,,-88,1
7669,255633,,,,,,,,,,,,,,,,,,,,,,,,,-120,-5
7670,255667,,,,,,,,,,,,,,,,,,,,,,,,,-104,-4
7671,255700,,,,,,,,,,,,,,,,,,,,,,,,,-80,-1
7672,255733,,,,,,,,,,,,,,,,,,,,,,,,,-18,4
7673,255767,,,,,,,,,,,,,,,,,,,,,,,,,0,0
7674,255800,,,,,,,,,,,,,,,,,,,,,,,,,0,0
7675,255833,,,,,,,,,,,,,,,,,,,,,,,,,0,0
7676,255867,,,,,,,,,,,,,,,,,,,,,,,,,0,0
7677,255900,,,,,,,,,,,,,,,,,,,,,,,,,0,0
7678,255933,,,,,,,,,,,,,,,,,,,,,,,,,19,-7
7679,255967,,,,,,,,,,,,,,,,,,,,,,,,,29,-1
7680,256000,,,,,,,,,,,,,,,,,,,,,,,,,68,1
7681,256033,,,,,,,,,,,,,,,,,,,,,,,,,41,-1
7682,256067,,,,,,,,,,,,,,,,,,,,,,,,,3,1
7683,256100,,,,,,,,,,,,,,,,,,,,,,,,,-1,0
7684,256133,,,,,,,,,,,,,,,,,,,,,,,,,-1,0
7685,256167,,,,,,,,,,,,,,,,,,,,,,,,,0,0
7686,256200,,,,,,,,,,,,,,,,,,,,,,,,,0,0
7687,256233,,,,,,,,,,,,,,,,,,,,,,,,,0,0
7688,256267,,,,,,,,,,,,,,,,,,,,,,,,,0,0
7689,256300,,,,,,,,,,,,,,,,,,,,,,,,,0,0
7690,256333,,,,,,,,,,,,,,,,,,,,,,,,,0,0
7691,256367,,,,,,,,,,,,,,,,,,,,,,,,,0,0
7692,256400,,,,,,,,,,,,,,,,,,,,,,,,,0,0
7693,256433,,,,,,,,,,,,,,,,,,,,,,,,,0,0
7694,256467,,,,,,,,,,,,,,,,,,,,,,,,,0,0
7695,256500,,,,,,,,,,,,,,,,,,,,,,,,,0,0
7696,256533,,,,,,,,,,,,,,,,,,,,,,,,,0,0
7697,256567,,,,,,,,,,,,,,,,,,,,,,,,,0,0
7698,256600,,,,,,,,,,,,,,,,,,,,,,,,,0,0
7699,256633,,,,,,,,,,,,,,,,,,,,,,,,,0,0
7700,256667,,,,,,,,,,,,,,,,,,,,,,,,,0,0
7701,256700,,,,,,,,,,,,,,,,,,,,,,,,,-4,2
7702,256733,,,,,,,,,,,,,,,,,,,,,,w,move_up,,-20,-5
7703,256767,,,,,,,,,,,,,,,,,,,,,,w,move_up,,-75,-2
7704,256800,,,,,,,,,,,,,,,,,,,,,,w,move_up,,-80,-2
7705,256833,,,,,,,,,,,,,,,,,,,,,,w,move_up,,-19,0
7706,256867,,,,,,,,,,,,,,,,,,,,,,w,move_up,,0,0
7707,256900,,,,,,,,,,,,,,,,,,,,,,w,move_up,,0,0
7708,256933,,,,,,,,,,,,,,,,,,,,,,w,move_up,,0,0
7709,256967,,,,,,,,,,,,,,,,,,,,,,w,move_up,,0,0
7710,257000,,,,,,,,,,,,,,,,,,,,,,w,move_up,,0,0
7711,257033,,,,,,,,,,,,,,,,,,,,,,w,move_up,,-32,-1
7712,257067,,,,,,,,,,,,,,,,,,,,,,w,move_up,,-32,3
7713,257100,,,,,,,,,,,,,,,,,,,,,,w,move_up,,-3,2
7714,257133,,,,,,,,,,,,,,,,,,,,,,w,move_up,,1,0
7715,257167,,,,,,,,,,,,,,,,,,,,,,w,move_up,,-1,0
7716,257200,,,,,,,,,,,,,,,,,,,,,,w,move_up,,-9,1
7717,257233,,,,,,,,,,,,,,,,,,,,,,d|w,move_up|move_right,,-20,0
7718,257267,,,,,,,,,,,,,,,,,,,,,,d|w,move_up|move_right,,-16,0
7719,257300,,,,,,,,,,,,,,,,,,,,,,d|w,move_up|move_right,,-15,0
7720,257333,,,,,,,,,,,,,,,,,,,,,,d|w,move_up|move_right,,-14,0
7721,257367,,,,,,,,,,,,,,,,,,,,,,d|w,move_up|move_right,,-7,0
7722,257400,,,,,,,,,,,,,,,,,,,,,,d|w,move_up|move_right,,-4,0
7723,257433,,,,,,,,,,,,,,,,,,,,,,d|w,move_up|move_right,,-8,1
7724,257467,,,,,,,,,,,,,,,,,,,,,,d|w,move_up|move_right,,-16,0
7725,257500,,,,,,,,,,,,,,,,,,,,,,d|w,move_up|move_right,,-16,0
7726,257533,,,,,,,,,,,,,,,,,,,,,,w,move_up,,-4,0
7727,257567,,,,,,,,,,,,,,,,,,,,,,w,move_up,,-5,0
7728,257600,,,,,,,,,,,,,,,,,,,,,,w,move_up,,-5,-1
7729,257633,,,,,,,,,,,,,,,,,,,,,,d|w,move_up|move_right,,-3,-1
7730,257667,,,,,,,,,,,,,,,,,,,,,,d|w,move_up|move_right,,-3,0
7731,257700,,,,,,,,,,,,,,,,,,,,,,d|w,move_up|move_right,,-6,0
7732,257733,,,,,,,,,,,,,,,,,,,,,,d|w,move_up|move_right,,-8,-1
7733,257767,,,,,,,,,,,,,,,,,,,,,,d|w,move_up|move_right,,-8,0
7734,257800,,,,,,,,,,,,,,,,,,,,,,w,move_up,,-7,0
7735,257833,,,,,,,,,,,,,,,,,,,,,,w,move_up,,-5,-1
7736,257867,,,,,,,,,,,,,,,,,,,,,,w,move_up,,-2,0
7737,257900,,,,,,,,,,,,,,,,,,,,,,w,move_up,,-2,0
7738,257933,,,,,,,,,,,,,,,,,,,,,,w,move_up,,-2,0
7739,257967,,,,,,,,,,,,,,,,,,,,,,w,move_up,,-3,-1
7740,258000,,,,,,,,,,,,,,,,,,,,,,w,move_up,,-3,-2
7741,258033,,,,,,,,,,,,,,,,,,,,,,w,move_up,,-2,-4
7742,258067,,,,,,,,,,,,,,,,,,,,,,w,move_up,,-2,-3
7743,258100,,,,,,,,,,,,,,,,,,,,,,w,move_up,,0,-1
7744,258133,,,,,,,,,,,,,,,,,,,,,,w,move_up,,-1,0
7745,258167,,,,,,,,,,,,,,,,,,,,,,w,move_up,,0,0
7746,258200,,,,,,,,,,,,,,,,,,,,,,w,move_up,,0,0
7747,258233,,,,,,,,,,,,,,,,,,,,,,w,move_up,,0,0
7748,258267,,,,,,,,,,,,,,,,,,,,,,w,move_up,,0,0
7749,258300,,,,,,,,,,,,,,,,,,,,,,w,move_up,,0,0
7750,258333,,,,,,,,,,,,,,,,,,,,,,w,move_up,,0,0
7751,258367,,,,,,,,,,,,,,,,,,,,,,w,move_up,,0,0
7752,258400,,,,,,,,,,,,,,,,,,,,,,w,move_up,,0,0
7753,258433,,,,,,,,,,,,,,,,,,,,,,w,move_up,,0,0
7754,258467,,,,,,,,,,,,,,,,,,,,,,w,move_up,,0,0
7755,258500,,,,,,,,,,,,,,,,,,,,,,w,move_up,,0,0
7756,258533,,,,,,,,,,,,,,,,,,,,,,w,move_up,,0,0
7757,258567,,,,,,,,,,,,,,,,,,,,,,w,move_up,,0,0
7758,258600,,,,,,,,,,,,,,,,,,,,,,w,move_up,,0,0
7759,258633,,,,,,,,,,,,,,,,,,,,,,w,move_up,,0,0
7760,258667,,,,,,,,,,,,,,,,,,,,,,w,move_up,,0,0
7761,258700,,,,,,,,,,,,,,,,,,,,,,w,move_up,,0,0
7762,258733,,,,,,,,,,,,,,,,,,,,,,w,move_up,,0,0
7763,258767,,,,,,,,,,,,,,,,,,,,,,w,move_up,,0,0
7764,258800,,,,,,,,,,,,,,,,,,,,,,w,move_up,,0,0
7765,258833,,,,,,,,,,,,,,,,,,,,,,w,move_up,,0,0
7766,258867,,,,,,,,,,,,,,,,,,,,,,w,move_up,,0,0
7767,258900,,,,,,,,,,,,,,,,,,,,,,w,move_up,,0,0
7768,258933,,,,,,,,,,,,,,,,,,,,,,w,move_up,,0,0
7769,258967,,,,,,,,,,,,,,,,,,,,,,w,move_up,,0,0
7770,259000,,,,,,,,,,,,,,,,,,,,,,w,move_up,,0,0
7771,259033,,,,,,,,,,,,,,,,,,,,,,w,move_up,,0,0
7772,259067,,,,,,,,,,,,,,,,,,,,,,w,move_up,,0,0
7773,259100,,,,,,,,,,,,,,,,,,,,,,w,move_up,,0,0
7774,259133,,,,,,,,,,,,,,,,,,,,,,w,move_up,,0,0
7775,259167,,,,,,,,,,,,,,,,,,,,,,w,move_up,,0,0
7776,259200,,,,,,,,,,,,,,,,,,,,,,w,move_up,,0,0
7777,259233,,,,,,,,,,,,,,,,,,,,,,w,move_up,,5,-3
7778,259267,,,,,,,,,,,,,,,,,,,,,,w,move_up,,-10,-5
7779,259300,,,,,,,,,,,,,,,,,,,,,,w,move_up,,0,0
7780,259333,,,,,,,,,,,,,,,,,,,,,,w,move_up,,-3,4
7781,259367,,,,,,,,,,,,,,,,,,,,,,w,move_up,,0,0
7782,259400,,,,,,,,,,,,,,,,,,,,,,w,move_up,,0,0
7783,259433,,,,,,,,,,,,,,,,,,,,,,w,move_up,,0,0
7784,259467,,,,,,,,,,,,,,,,,,,,,,w,move_up,,0,0
7785,259500,,,,,,,,,,,,,,,,,,,,,,w,move_up,,0,0
7786,259533,,,,,,,,,,,,,,,,,,,,,,w,move_up,,0,0
7787,259567,,,,,,,,,,,,,,,,,,,,,,w,move_up,,0,0
7788,259600,,,,,,,,,,,,,,,,,,,,,,w,move_up,,0,0
7789,259633,,,,,,,,,,,,,,,,,,,,,,w,move_up,,0,0
7790,259667,,,,,,,,,,,,,,,,,,,,,,w,move_up,,0,0
7791,259700,,,,,,,,,,,,,,,,,,,,,,w,move_up,,0,0
7792,259733,,,,,,,,,,,,,,,,,,,,,,w,move_up,,0,0
7793,259767,,,,,,,,,,,,,,,,,,,,,,w,move_up,,0,0
7794,259800,,,,,,,,,,,,,,,,,,,,,,w,move_up,,0,0
7795,259833,,,,,,,,,,,,,,,,,,,,,,w,move_up,,0,0
7796,259867,,,,,,,,,,,,,,,,,,,,,,w,move_up,,2,-3
7797,259900,,,,,,,,,,,,,,,,,,,,,,w,move_up,,0,0
7798,259933,,,,,,,,,,,,,,,,,,,,,,w,move_up,,2,1
7799,259967,,,,,,,,,,,,,,,,,,,,,,w,move_up,,0,0
7800,260000,,,,,,,,,,,,,,,,,,,,,,w,move_up,,0,0
7801,260033,,,,,,,,,,,,,,,,,,,,,,w,move_up,,0,0
7802,260067,,,,,,,,,,,,,,,,,,,,,,w,move_up,,0,0
7803,260100,,,,,,,,,,,,,,,,,,,,,,w,move_up,,0,0
7804,260133,,,,,,,,,,,,,,,,,,,,,,w,move_up,,0,0
7805,260167,,,,,,,,,,,,,,,,,,,,,,w,move_up,,0,0
7806,260200,,,,,,,,,,,,,,,,,,,,,,w,move_up,,0,0
7807,260233,,,,,,,,,,,,,,,,,,,,,,w,move_up,,0,0
7808,260267,,,,,,,,,,,,,,,,,,,,,,w,move_up,,-24,-1
7809,260300,,,,,,,,,,,,,,,,,,,,,,w,move_up,,-26,3
7810,260333,,,,,,,,,,,,,,,,,,,,,,w,move_up,,-5,5
7811,260367,,,,,,,,,,,,,,,,,,,,,,w,move_up,,-5,6
7812,260400,,,,,,,,,,,,,,,,,,,,,,w,move_up,,-8,3
7813,260433,,,,,,,,,,,,,,,,,,,,,,d|w,move_up|move_right,,-12,2
7814,260467,,,,,,,,,,,,,,,,,,,,,,d|w,move_up|move_right,,-14,0
7815,260500,,,,,,,,,,,,,,,,,,,,,,d|w,move_up|move_right,,-12,1
7816,260533,,,,,,,,,,,,,,,,,,,,,,d|w,move_up|move_right,,-3,0
7817,260567,,,,,,,,,,,,,,,,,,,,,,d|w,move_up|move_right,,-1,0
7818,260600,,,,,,,,,,,,,,,,,,,,,,d|w,move_up|move_right,,0,0
7819,260633,,,,,,,,,,,,,,,,,,,,,,d|w,move_up|move_right,,0,0
7820,260667,,,,,,,,,,,,,,,,,,,,,,d|w,move_up|move_right,,-1,-2
7821,260700,,,,,,,,,,,,,,,,,,,,,,d|w,move_up|move_right,,-10,-4
7822,260733,,,,,,,,,,,,,,,,,,,,,,d|w,move_up|move_right,,-16,-4
7823,260767,,,,,,,,,,,,,,,,,,,,,,d|w,move_up|move_right,,-14,-2
7824,260800,,,,,,,,,,,,,,,,,,,,,,d|w,move_up|move_right,,-8,-1
7825,260833,,,,,,,,,,,,,,,,,,,,,,d|w,move_up|move_right,,-5,0
7826,260867,,,,,,,,,,,,,,,,,,,,,,d|w,move_up|move_right,,-1,0
7827,260900,,,,,,,,,,,,,,,,,,,,,,d|w,move_up|move_right,,-3,0
7828,260933,,,,,,,,,,,,,,,,,,,,,,d,move_right,,-8,2
7829,260967,,,,,,,,,,,,,,,,,,,,,,d,move_right,,-11,1
7830,261000,,,,,,,,,,,,,,,,,,,,,,d,move_right,,-15,1
7831,261033,,,,,,,,,,,,,,,,,,,,,,d,move_right,,-17,1
7832,261067,,,,,,,,,,,,,,,,,,,,,,d,move_right,,-19,1
7833,261100,,,,,,,,,,,,,,,,,,,,,,,,,-12,1
7834,261133,,,,,,,,,,,,,,,,,,,,,,,,,-7,0
7835,261167,,,,,,,,,,,,,,,,,,,,,,,,,-1,1
7836,261200,,,,,,,,,,,,,,,,,,,,,,d,move_right,,0,0
7837,261233,,,,,,,,,,,,,,,,,,,,,,d,move_right,,-1,0
7838,261267,,,,,,,,,,,,,,,,,,,,,,d,move_right,,-2,0
7839,261300,,,,,,,,,,,,,,,,,,,,,,d,move_right,,-5,1
7840,261333,,,,,,,,,,,,,,,,,,,,,,d,move_right,,-6,2
7841,261367,,,,,,,,,,,,,,,,,,,,,,d,move_right,,-13,1
7842,261400,,,,,,,,,,,,,,,,,,,,,,d,move_right,,-12,2
7843,261433,,,,,,,,,,,,,,,,,,,,,,d,move_right,,-14,1
7844,261467,,,,,,,,,,,,,,,,,,,,,,d,move_right,,-14,1
7845,261500,,,,,,,,,,,,,,,,,,,,,,,,,-10,0
7846,261533,,,,,,,,,,,,,,,,,,,,,,,,,-1,0
7847,261567,,,,,,,,,,,,,,,,,,,,,,d,move_right,,0,0
7848,261600,,,,,,,,,,,,,,,,,,,,,,d,move_right,,0,0
7849,261633,,,,,,,,,,,,,,,,,,,,,,d,move_right,,-2,0
7850,261667,,,,,,,,,,,,,,,,,,,,,,d,move_right,,-3,0
7851,261700,,,,,,,,,,,,,,,,,,,,,,d,move_right,,-6,0
7852,261733,,,,,,,,,,,,,,,,,,,,,,d,move_right,,-7,-1
7853,261767,,,,,,,,,,,,,,,,,,,,,,,,,-5,-1
7854,261800,,,,,,,,,,,,,,,,,,,,,,,,,-4,-1
7855,261833,,,,,,,,,,,,,,,,,,,,,,,,,-1,0
7856,261867,,,,,,,,,,,,,,,,,,,,,,,,,-1,0
7857,261900,,,,,,,,,,,,,,,,,,,,,,d,move_right,,-1,0
7858,261933,,,,,,,,,,,,,,,,,,,,,,d,move_right,,-1,0
7859,261967,,,,,,,,,,,,,,,,,,,,,,d,move_right,,0,0
7860,262000,,,,,,,,,,,,,,,,,,,,,,d,move_right,,0,0
7861,262033,,,,,,,,,,,,,,,,,,,,,,d,move_right,,-1,-1
7862,262067,,,,,,,,,,,,,,,,,,,,,,,,,-2,0
7863,262100,,,,,,,,,,,,,,,,,,,,,,,,,-2,0
7864,262133,,,,,,,,,,,,,,,,,,,,,,,,,-2,-1
7865,262167,,,,,,,,,,,,,,,,,,,,,,,,,-1,0
7866,262200,,,,,,,,,,,,,,,,,,,,,,d,move_right,,-1,0
7867,262233,,,,,,,,,,,,,,,,,,,,,,d,move_right,,0,0
7868,262267,,,,,,,,,,,,,,,,,,,,,,d,move_right,,-1,-1
7869,262300,,,,,,,,,,,,,,,,,,,,,,d,move_right,,-2,0
7870,262333,,,,,,,,,,,,,,,,,,,,,,,,,-3,0
7871,262367,,,,,,,,,,,,,,,,,,,,,,,,,-3,0
7872,262400,,,,,,,,,,,,,,,,,,,,,,,,,-4,0
7873,262433,,,,,,,,,,,,,,,,,,,,,,,,,-4,0
7874,262467,,,,,,,,,,,,,,,,,,,,,,,,,-3,0
7875,262500,,,,,,,,,,,,,,,,,,,,,,d,move_right,,-3,0
7876,262533,,,,,,,,,,,,,,,,,,,,,,d,move_right,,-3,-1
7877,262567,,,,,,,,,,,,,,,,,,,,,,d,move_right,,-3,0
7878,262600,,,,,,,,,,,,,,,,,,,,,,d,move_right,,-3,0
7879,262633,,,,,,,,,,,,,,,,,,,,,,,,,-5,0
7880,262667,,,,,,,,,,,,,,,,,,,,,,,,,-5,0
7881,262700,,,,,,,,,,,,,,,,,,,,,,,,,-7,-1
7882,262733,,,,,,,,,,,,,,,,,,,,,,,,,-5,0
7883,262767,,,,,,,,,,,,,,,,,,,,,,,,,-5,0
7884,262800,,,,,,,,,,,,,,,,,,,,,,d,move_right,,-1,0
7885,262833,,,,,,,,,,,,,,,,,,,,,,d,move_right,,-1,0
7886,262867,,,,,,,,,,,,,,,,,,,,,,d,move_right,,0,0
7887,262900,,,,,,,,,,,,,,,,,,,,,,d,move_right,,0,0
7888,262933,,,,,,,,,,,,,,,,,,,,,,,,,0,0
7889,262967,,,,,,,,,,,,,,,,,,,,,,,,,0,0
7890,263000,,,,,,,,,,,,,,,,,,,,,,,,,0,0
7891,263033,,,,,,,,,,,,,,,,,,,,,,,,,0,0
7892,263067,,,,,,,,,,,,,,,,,,,,,,,,,0,0
7893,263100,,,,,,,,,,,,,,,,,,,,,,,,,0,0
7894,263133,,,,,,,,,,,,,,,,,,,,,,,,,0,0
7895,263167,,,,,,,,,,,,,,,,,,,,,,d,move_right,,0,0
7896,263200,,,,,,,,,,,,,,,,,,,,,,d,move_right,,0,0
7897,263233,,,,,,,,,,,,,,,,,,,,,,d,move_right,,0,0
7898,263267,,,,,,,,,,,,,,,,,,,,,,d,move_right,,0,0
7899,263300,,,,,,,,,,,,,,,,,,,,,,d,move_right,,0,0
7900,263333,,,,,,,,,,,,,,,,,,,,,,,,,0,-2
7901,263367,,,,,,,,,,,,,,,,,,,,,,,,,0,-3
7902,263400,,,,,,,,,,,,,,,,,,,,,,,,,0,0
7903,263433,,,,,,,,,,,,,,,,,,,,,,,,,-1,0
7904,263467,,,,,,,,,,,,,,,,,,,,,,,,,0,0
7905,263500,,,,,,,,,,,,,,,,,,,,,,,,,0,0
7906,263533,,,,,,,,,,,,,,,,,,,,,,,,,0,0
7907,263567,,,,,,,,,,,,,,,,,,,,,,,,,0,0
7908,263600,,,,,,,,,,,,,,,,,,,,,,,,,0,0
7909,263633,,,,,,,,,,,,,,,,,,,,,,,,,0,0
7910,263667,,,,,,,,,,,,,,,,,,,,,,,,,0,0
7911,263700,,,,,,,,,,,,,,,,,,,,,,,,,0,0
7912,263733,,,,,,,,,,,,,,,,,,,,,,,,,0,0
7913,263767,,,,,,,,,,,,,,,,,,,,,,,,,0,0
7914,263800,,,,,,,,,,,,,,,,,,,,,,,,,0,0
7915,263833,,,,,,,,,,,,,,,,,,,,,,,,,0,0
7916,263867,,,,,,,,,,,,,,,,,,,,,,,,,0,0
7917,263900,,,,,,,,,,,,,,,,,,,,,,,,,0,0
7918,263933,,,,,,,,,,,,,,,,,,,,,,,,,0,0
7919,263967,,,,,,,,,,,,,,,,,,,,,,,,,0,0
7920,264000,,,,,,,,,,,,,,,,,,,,,,,,,0,0
7921,264033,,,,,,,,,,,,,,,,,,,,,,,,,-7,0
7922,264067,,,,,,,,,,,,,,,,,,,,,,,,,-2,0
7923,264100,,,,,,,,,,,,,,,,,,,,,,,,,0,1
7924,264133,,,,,,,,,,,,,,,,,,,,,,,,,-1,0
7925,264167,,,,,,,,,,,,,,,,,,,,,,,,,0,0
7926,264200,,,,,,,,,,,,,,,,,,,,,,,,,0,0
7927,264233,,,,,,,,,,,,,,,,,,,,,,,,,0,0
7928,264267,,,,,,,,,,,,,,,,,,,,,,,,,0,0
7929,264300,,,,,,,,,,,,,,,,,,,,,,,,,0,0
7930,264333,,,,,,,,,,,,,,,,,,,,,,,,,0,0
7931,264367,,,,,,,,,,,,,,,,,,,,,,,,,0,0
7932,264400,,,,,,,,,,,,,,,,,,,,,,,,,0,0
7933,264433,,,,,,,,,,,,,,,,,,,,,,,,,0,0
7934,264467,,,,,,,,,,,,,,,,,,,,,,,,,0,0
7935,264500,,,,,,,,,,,,,,,,,,,,,,,,,-35,-4
7936,264533,,,,,,,,,,,,,,,,,,,,,,,,,-92,3
7937,264567,,,,,,,,,,,,,,,,,,,,,,,,,-69,0
7938,264600,,,,,,,,,,,,,,,,,,,,,,,,,-51,0
7939,264633,,,,,,,,,,,,,,,,,,,,,,,,,-31,1
7940,264667,,,,,,,,,,,,,,,,,,,,,,,,,-20,2
7941,264700,,,,,,,,,,,,,,,,,,,,,,,,,-16,1
7942,264733,,,,,,,,,,,,,,,,,,,,,,,,,-17,0
7943,264767,,,,,,,,,,,,,,,,,,,,,,,,,-6,0
7944,264800,,,,,,,,,,,,,,,,,,,,,,,,,-2,0
7945,264833,,,,,,,,,,,,,,,,,,,,,,,,,0,0
7946,264867,,,,,,,,,,,,,,,,,,,,,,w,move_up,,0,0
7947,264900,,,,,,,,,,,,,,,,,,,,,,w,move_up,,0,0
7948,264933,,,,,,,,,,,,,,,,,,,,,,w,move_up,,0,0
7949,264967,,,,,,,,,,,,,,,,,,,,,,w,move_up,,0,0
7950,265000,,,,,,,,,,,,,,,,,,,,,,w,move_up,,0,0
7951,265033,,,,,,,,,,,,,,,,,,,,,,w,move_up,,0,0
7952,265067,,,,,,,,,,,,,,,,,,,,,,w,move_up,,0,0
7953,265100,,,,,,,,,,,,,,,,,,,,,,w,move_up,,0,0
7954,265133,,,,,,,,,,,,,,,,,,,,,,w,move_up,,0,0
7955,265167,,,,,,,,,,,,,,,,,,,,,,w,move_up,,0,0
7956,265200,,,,,,,,,,,,,,,,,,,,,,w,move_up,,0,0
7957,265233,,,,,,,,,,,,,,,,,,,,,,w,move_up,,0,0
7958,265267,,,,,,,,,,,,,,,,,,,,,,w,move_up,,0,0
7959,265300,,,,,,,,,,,,,,,,,,,,,,w,move_up,,0,0
7960,265333,,,,,,,,,,,,,,,,,,,,,,w,move_up,,0,0
7961,265367,,,,,,,,,,,,,,,,,,,,,,w,move_up,,0,0
7962,265400,,,,,,,,,,,,,,,,,,,,,,w,move_up,,0,0
7963,265433,,,,,,,,,,,,,,,,,,,,,,w,move_up,,0,0
7964,265467,,,,,,,,,,,,,,,,,,,,,,d|w,move_up|move_right,,0,0
7965,265500,,,,,,,,,,,,,,,,,,,,,,d|w,move_up|move_right,,0,0
7966,265533,,,,,,,,,,,,,,,,,,,,,,d|w,move_up|move_right,,-2,0
7967,265567,,,,,,,,,,,,,,,,,,,,,,d|w,move_up|move_right,,-4,1
7968,265600,,,,,,,,,,,,,,,,,,,,,,d|w,move_up|move_right,,-6,0
7969,265633,,,,,,,,,,,,,,,,,,,,,,w,move_up,,-3,0
7970,265667,,,,,,,,,,,,,,,,,,,,,,w,move_up,,-4,0
7971,265700,,,,,,,,,,,,,,,,,,,,,,w,move_up,,-4,0
7972,265733,,,,,,,,,,,,,,,,,,,,,,w,move_up,,-2,0
7973,265767,,,,,,,,,,,,,,,,,,,,,,w,move_up,,-1,-1
7974,265800,,,,,,,,,,,,,,,,,,,,,,w,move_up,,-1,-4
7975,265833,,,,,,,,,,,,,,,,,,,,,,w,move_up,,13,-11
7976,265867,,,,,,,,,,,,,,,,,,,,,,w,move_up,,0,0
7977,265900,,,,,,,,,,,,,,,,,,,,,,w,move_up,,4,-1
7978,265933,,,,,,,,,,,,,,,,,,,,,,w,move_up,,0,0
7979,265967,,,,,,,,,,,,,,,,,,,,,,w,move_up,,0,0
7980,266000,,,,,,,,,,,,,,,,,,,,,,w,move_up,,0,0
7981,266033,,,,,,,,,,,,,,,,,,,,,,w,move_up,,0,0
7982,266067,,,,,,,,,,,,,,,,,,,,,,w,move_up,,0,0
7983,266100,,,,,,,,,,,,,,,,,,,,,,w,move_up,,0,0
7984,266133,,,,,,,,,,,,,,,,,,,,,,w,move_up,,0,0
7985,266167,,,,,,,,,,,,,,,,,,,,,,w,move_up,,0,0
7986,266200,,,,,,,,,,,,,,,,,,,,,,w,move_up,,0,0
7987,266233,,,,,,,,,,,,,,,,,,,,,,w,move_up,,0,0
7988,266267,,,,,,,,,,,,,,,,,,,,,,w,move_up,,0,0
7989,266300,,,,,,,,,,,,,,,,,,,,,,w,move_up,,0,0
7990,266333,,,,,,,,,,,,,,,,,,,,,,w,move_up,,0,0
7991,266367,,,,,,,,,,,,,,,,,,,,,,w,move_up,,0,0
7992,266400,,,,,,,,,,,,,,,,,,,,,,w,move_up,,0,-1
7993,266433,,,,,,,,,,,,,,,,,,,,,,w,move_up,,-3,-5
7994,266467,,,,,,,,,,,,,,,,,,,,,,w,move_up,,0,0
7995,266500,,,,,,,,,,,,,,,,,,,,,,w,move_up,,0,0
7996,266533,,,,,,,,,,,,,,,,,,,,,,w,move_up,,0,0
7997,266567,,,,,,,,,,,,,,,,,,,,,,w,move_up,,0,0
7998,266600,,,,,,,,,,,,,,,,,,,,,,w,move_up,,0,0
7999,266633,,,,,,,,,,,,,,,,,,,,,,w,move_up,,0,0
8000,266667,,,,,,,,,,,,,,,,,,,,,,w,move_up,,0,0
8001,266700,,,,,,,,,,,,,,,,,,,,,,w,move_up,,0,0
8002,266733,,,,,,,,,,,,,,,,,,,,,,w,move_up,,0,0
8003,266767,,,,,,,,,,,,,,,,,,,,,,w,move_up,,0,0
8004,266800,,,,,,,,,,,,,,,,,,,,,,w,move_up,,0,0
8005,266833,,,,,,,,,,,,,,,,,,,,,,w,move_up,,0,0
8006,266867,,,,,,,,,,,,,,,,,,,,,,w,move_up,,0,0
8007,266900,,,,,,,,,,,,,,,,,,,,,,w,move_up,,0,0
8008,266933,,,,,,,,,,,,,,,,,,,,,,w,move_up,,0,0
8009,266967,,,,,,,,,,,,,,,,,,,,,,w,move_up,,0,0
8010,267000,,,,,,,,,,,,,,,,,,,,,,w,move_up,,0,0
8011,267033,,,,,,,,,,,,,,,,,,,,,,w,move_up,,0,0
8012,267067,,,,,,,,,,,,,,,,,,,,,,w,move_up,,0,0
8013,267100,,,,,,,,,,,,,,,,,,,,,,w,move_up,,0,0
8014,267133,,,,,,,,,,,,,,,,,,,,,,w,move_up,,-1,1
8015,267167,,,,,,,,,,,,,,,,,,,,,,w,move_up,,-6,6
8016,267200,,,,,,,,,,,,,,,,,,,,,,w,move_up,,-13,9
8017,267233,,,,,,,,,,,,,,,,,,,,,,w,move_up,,-3,3
8018,267267,,,,,,,,,,,,,,,,,,,,,,w,move_up,,0,0
8019,267300,,,,,,,,,,,,,,,,,,,,,,w,move_up,,-1,0
8020,267333,,,,,,,,,,,,,,,,,,,,,,w,move_up,,0,0
8021,267367,,,,,,,,,,,,,,,,,,,,,,w,move_up,,0,0
8022,267400,,,,,,,,,,,,,,,,,,,,,,w,move_up,,0,0
8023,267433,,,,,,,,,,,,,,,,,,,,,,w,move_up,,0,0
8024,267467,,,,,,,,,,,,,,,,,,,,,,w,move_up,,0,0
8025,267500,,,,,,,,,,,,,,,,,,,,,,w,move_up,,0,0
8026,267533,,,,,,,,,,,,,,,,,,,,,,w,move_up,,0,0
8027,267567,,,,,,,,,,,,,,,,,,,,,,w,move_up,,0,0
8028,267600,,,,,,,,,,,,,,,,,,,,,,w,move_up,,0,0
8029,267633,,,,,,,,,,,,,,,,,,,,,,w,move_up,,0,0
8030,267667,,,,,,,,,,,,,,,,,,,,,,w,move_up,,0,0
8031,267700,,,,,,,,,,,,,,,,,,,,,,w,move_up,,0,0
8032,267733,,,,,,,,,,,,,,,,,,,,,,w,move_up,,0,0
8033,267767,,,,,,,,,,,,,,,,,,,,,,w,move_up,,0,0
8034,267800,,,,,,,,,,,,,,,,,,,,,,w,move_up,,0,0
8035,267833,,,,,,,,,,,,,,,,,,,,,,w,move_up,,0,0
8036,267867,,,,,,,,,,,,,,,,,,,,,,w,move_up,,0,0
8037,267900,,,,,,,,,,,,,,,,,,,,,,w,move_up,,0,0
8038,267933,,,,,,,,,,,,,,,,,,,,,,w,move_up,,0,0
8039,267967,,,,,,,,,,,,,,,,,,,,,,w,move_up,,0,1
8040,268000,,,,,,,,,,,,,,,,,,,,,,w,move_up,,-15,0
8041,268033,,,,,,,,,,,,,,,,,,,,,,w,move_up,,-22,-1
8042,268067,,,,,,,,,,,,,,,,,,,,,,d|w,move_up|move_right,,-18,1
8043,268100,,,,,,,,,,,,,,,,,,,,,,d|w,move_up|move_right,,-9,2
8044,268133,,,,,,,,,,,,,,,,,,,,,,d|w,move_up|move_right,,-7,1
8045,268167,,,,,,,,,,,,,,,,,,,,,,d|w,move_up|move_right,,-3,0
8046,268200,,,,,,,,,,,,,,,,,,,,,,d|w,move_up|move_right,,-2,0
8047,268233,,,,,,,,,,,,,,,,,,,,,,w,move_up,,-1,0
8048,268267,,,,,,,,,,,,,,,,,,,,,,w,move_up,,-1,1
8049,268300,,,,,,,,,,,,,,,,,,,,,,w,move_up,,-9,0
8050,268333,,,,,,,,,,,,,,,,,,,,,,d|w,move_up|move_right,,-17,-3
8051,268367,,,,,,,,,,,,,,,,,,,,,,d|w,move_up|move_right,,-41,1
8052,268400,,,,,,,,,,,,,,,,,,,,,,d|w,move_up|move_right,,0,0
8053,268433,,,,,,,,,,,,,,,,,,,,,,d|w,move_up|move_right,,-6,2
8054,268467,,,,,,,,,,,,,,,,,,,,,,d|w,move_up|move_right,,0,0
8055,268500,,,,,,,,,,,,,,,,,,,,,,d|w,move_up|move_right,,0,0
8056,268533,,,,,,,,,,,,,,,,,,,,,,w,move_up,,0,0
8057,268567,,,,,,,,,,,,,,,,,,,,,,w,move_up,,0,0
8058,268600,,,,,,,,,,,,,,,,,,,,,,w,move_up,,0,0
8059,268633,,,,,,,,,,,,,,,,,,,,,,w,move_up,,-1,-1
8060,268667,,,,,,,,,,,,,,,,,,,,,,d|w,move_up|move_right,,-55,-9
8061,268700,,,,,,,,,,,,,,,,,,,,,,d|w,move_up|move_right,,-24,1
8062,268733,,,,,,,,,,,,,,,,,,,,,,d|w,move_up|move_right,,-7,0
8063,268767,,,,,,,,,,,,,,,,,,,,,,d|w,move_up|move_right,,-9,0
8064,268800,,,,,,,,,,,,,,,,,,,,,,d|w,move_up|move_right,,-13,-1
8065,268833,,,,,,,,,,,,,,,,,,,,,,d|w,move_up|move_right,,-15,0
8066,268867,,,,,,,,,,,,,,,,,,,,,,w,move_up,,-17,1
8067,268900,,,,,,,,,,,,,,,,,,,,,,w,move_up,,-10,1
8068,268933,,,,,,,,,,,,,,,,,,,,,,w,move_up,,-6,2
8069,268967,,,,,,,,,,,,,,,,,,,,,,w,move_up,,0,0
8070,269000,,,,,,,,,,,,,,,,,,,,,,w,move_up,,0,0
8071,269033,,,,,,,,,,,,,,,,,,,,,,w,move_up,,0,0
8072,269067,,,,,,,,,,,,,,,,,,,,,,d|w,move_up|move_right,,0,0
8073,269100,,,,,,,,,,,,,,,,,,,,,,d|w,move_up|move_right,,0,0
8074,269133,,,,,,,,,,,,,,,,,,,,,,d|w,move_up|move_right,,0,0
8075,269167,,,,,,,,,,,,,,,,,,,,,,d|w,move_up|move_right,,0,0
8076,269200,,,,,,,,,,,,,,,,,,,,,,d|w,move_up|move_right,,0,0
8077,269233,,,,,,,,,,,,,,,,,,,,,,d|w,move_up|move_right,,0,0
8078,269267,,,,,,,,,,,,,,,,,,,,,,d|w,move_up|move_right,,0,0
8079,269300,,,,,,,,,,,,,,,,,,,,,,d|w,move_up|move_right,,0,0
8080,269333,,,,,,,,,,,,,,,,,,,,,,d|w,move_up|move_right,,0,0
8081,269367,,,,,,,,,,,,,,,,,,,,,,w,move_up,,0,0
8082,269400,,,,,,,,,,,,,,,,,,,,,,w,move_up,,0,0
8083,269433,,,,,,,,,,,,,,,,,,,,,,w,move_up,,-1,0
8084,269467,,,,,,,,,,,,,,,,,,,,,,d|w,move_up|move_right,,-1,0
8085,269500,,,,,,,,,,,,,,,,,,,,,,d|w,move_up|move_right,,-1,0
8086,269533,,,,,,,,,,,,,,,,,,,,,,d|w,move_up|move_right,,0,0
8087,269567,,,,,,,,,,,,,,,,,,,,,,d|w,move_up|move_right,,0,1
8088,269600,,,,,,,,,,,,,,,,,,,,,,w,move_up,,0,0
8089,269633,,,,,,,,,,,,,,,,,,,,,,w,move_up,,0,0
8090,269667,,,,,,,,,,,,,,,,,,,,,,w,move_up,,0,0
8091,269700,,,,,,,,,,,,,,,,,,,,,,w,move_up,,0,0
8092,269733,,,,,,,,,,,,,,,,,,,,,,w,move_up,,-1,0
8093,269767,,,,,,,,,,,,,,,,,,,,,,d|w,move_up|move_right,,-3,0
8094,269800,,,,,,,,,,,,,,,,,,,,,,d|w,move_up|move_right,,-3,0
8095,269833,,,,,,,,,,,,,,,,,,,,,,d|w,move_up|move_right,,-3,0
8096,269867,,,,,,,,,,,,,,,,,,,,,,d|w,move_up|move_right,,-4,-1
8097,269900,,,,,,,,,,,,,,,,,,,,,,d|w,move_up|move_right,,-8,-3
8098,269933,,,,,,,,,,,,,,,,,,,,,,d|w,move_up|move_right,,-5,-1
8099,269967,,,,,,,,,,,,,,,,,,,,,,d|w,move_up|move_right,,-2,-1
8100,270000,,,,,,,,,,,,,,,,,,,,,,d|w,move_up|move_right,,-1,0
8101,270033,,,,,,,,,,,,,,,,,,,,,,w,move_up,,0,0
8102,270067,,,,,,,,,,,,,,,,,,,,,,w,move_up,,-1,0
8103,270100,,,,,,,,,,,,,,,,,,,,,,w,move_up,,-1,0
8104,270133,,,,,,,,,,,,,,,,,,,,,,w,move_up,,-1,0
8105,270167,,,,,,,,,,,,,,,,,,,,,,w,move_up,,0,0
8106,270200,,,,,,,,,,,,,,,,,,,,,,w,move_up,,0,0
8107,270233,,,,,,,,,,,,,,,,,,,,,,w,move_up,,0,0
8108,270267,,,,,,,,,,,,,,,,,,,,,,w,move_up,,0,0
8109,270300,,,,,,,,,,,,,,,,,,,,,,w,move_up,,0,0
8110,270333,,,,,,,,,,,,,,,,,,,,,,d|w,move_up|move_right,,0,0
8111,270367,,,,,,,,,,,,,,,,,,,,,,d|w,move_up|move_right,,0,0
8112,270400,,,,,,,,,,,,,,,,,,,,,,d|w,move_up|move_right,,-1,0
8113,270433,,,,,,,,,,,,,,,,,,,,,,d|w,move_up|move_right,,0,0
8114,270467,,,,,,,,,,,,,,,,,,,,,,w,move_up,,0,0
8115,270500,,,,,,,,,,,,,,,,,,,,,,w,move_up,,0,0
8116,270533,,,,,,,,,,,,,,,,,,,,,,w,move_up,,0,0
8117,270567,,,,,,,,,,,,,,,,,,,,,,w,move_up,,0,0
8118,270600,,,,,,,,,,,,,,,,,,,,,,w,move_up,,0,0
8119,270633,,,,,,,,,,,,,,,,,,,,,,w,move_up,,0,0
8120,270667,,,,,,,,,,,,,,,,,,,,,,w,move_up,,0,0
8121,270700,,,,,,,,,,,,,,,,,,,,,,w,move_up,,0,0
8122,270733,,,,,,,,,,,,,,,,,,,,,,w,move_up,,0,0
8123,270767,,,,,,,,,,,,,,,,,,,,,,w,move_up,,0,0
8124,270800,,,,,,,,,,,,,,,,,,,,,,w,move_up,,-1,0
8125,270833,,,,,,,,,,,,,,,,,,,,,,w,move_up,,-5,0
8126,270867,,,,,,,,,,,,,,,,,,,,,,w,move_up,,0,0
8127,270900,,,,,,,,,,,,,,,,,,,,,,w,move_up,,-8,-2
8128,270933,,,,,,,,,,,,,,,,,,,,,,w,move_up,,-16,-2
8129,270967,,,,,,,,,,,,,,,,,,,,,,w,move_up,,-9,0
8130,271000,,,,,,,,,,,,,,,,,,,,,,w,move_up,,-3,4
8131,271033,,,,,,,,,,,,,,,,,,,,,,w,move_up,,-5,4
8132,271067,,,,,,,,,,,,,,,,,,,,,,w,move_up,,-4,3
8133,271100,,,,,,,,,,,,,,,,,,,,,,w,move_up,,0,0
8134,271133,,,,,,,,,,,,,,,,,,,,,,w,move_up,,0,0
8135,271167,,,,,,,,,,,,,,,,,,,,,,w,move_up,,0,0
8136,271200,,,,,,,,,,,,,,,,,,,,,,w,move_up,,0,0
8137,271233,,,,,,,,,,,,,,,,,,,,,,w,move_up,,0,0
8138,271267,,,,,,,,,,,,,,,,,,,,,,w,move_up,,0,0
8139,271300,,,,,,,,,,,,,,,,,,,,,,w,move_up,,0,0
8140,271333,,,,,,,,,,,,,,,,,,,,,,w,move_up,,0,0
8141,271367,,,,,,,,,,,,,,,,,,,,,,w,move_up,,9,19
8142,271400,,,,,,,,,,,,,,,,,,,,,,w,move_up,,16,23
8143,271433,,,,,,,,,,,,,,,,,,,,,,w,move_up,,21,26
8144,271467,,,,,,,,,,,,,,,,,,,,,,w,move_up,,18,16
8145,271500,,,,,,,,,,,,,,,,,,,,,,w,move_up,,10,4
8146,271533,,,,,,,,,,,,,,,,,,,,,,w,move_up,,0,0
8147,271567,,,,,,,,,,,,,,,,,,,,,,w,move_up,,0,0
8148,271600,,,,,,,,,,,,,,,,,,,,,,w,move_up,,0,0
8149,271633,,,,,,,,,,,,,,,,,,,,,,w,move_up,,0,-4
8150,271667,,,,,,,,,,,,,,,,,,,,,,w,move_up,,-1,-5
8151,271700,,,,,,,,,,,,,,,,,,,,,,a|w,move_up|move_left,,-1,-4
8152,271733,,,,,,,,,,,,,,,,,,,,,,a|w,move_up|move_left,,0,-4
8153,271767,,,,,,,,,,,,,,,,,,,,,,a|w,move_up|move_left,,-1,-5
8154,271800,,,,,,,,,,,,,,,,,,,,,,a|w,move_up|move_left,,-1,-4
8155,271833,,,,,,,,,,,,,,,,,,,,,,a|w,move_up|move_left,,-3,-3
8156,271867,,,,,,,,,,,,,,,,,,,,,,a|w,move_up|move_left,,0,0
8157,271900,,,,,,,,,,,,,,,,,,,,,,a|w,move_up|move_left,,0,-1
8158,271933,,,,,,,,,,,,,,,,,,,,,,w,move_up,,0,0
8159,271967,,,,,,,,,,,,,,,,,,,,,,w,move_up,,0,0
8160,272000,,,,,,,,,,,,,,,,,,,,,,w,move_up,,0,0
8161,272033,,,,,,,,,,,,,,,,,,,,,,w,move_up,,0,0
8162,272067,,,,,,,,,,,,,,,,,,,,,,w,move_up,,0,0
8163,272100,,,,,,,,,,,,,,,,,,,,,,w,move_up,,-2,-1
8164,272133,,,,,,,,,,,,,,,,,,,,,,w,move_up,,-4,-2
8165,272167,,,,,,,,,,,,,,,,,,,,,,w,move_up,,-7,-3
8166,272200,,,,,,,,,,,,,,,,,,,,,,a|w,move_up|move_left,,-5,-2
8167,272233,,,,,,,,,,,,,,,,,,,,,,a|w,move_up|move_left,,0,-1
8168,272267,,,,,,,,,,,,,,,,,,,,,,a|w,move_up|move_left,,-1,0
8169,272300,,,,,,,,,,,,,,,,,,,,,,a|w,move_up|move_left,,1,0
8170,272333,,,,,,,,,,,,,,,,,,,,,,a|w,move_up|move_left,,21,0
8171,272367,,,,,,,,,,,,,,,,,,,,,,a|w,move_up|move_left,,30,-1
8172,272400,,,,,,,,,,,,,,,,,,,,,,a|w,move_up|move_left,,30,-3
8173,272433,,,,,,,,,,,,,,,,,,,,,,a|w,move_up|move_left,,35,-7
8174,272467,,,,,,,,,,,,,,,,,,,,,,a|w,move_up|move_left,,27,-2
8175,272500,,,,,,,,,,,,,,,,,,,,,,a|w,move_up|move_left,,0,0
8176,272533,,,,,,,,,,,,,,,,,,,,,,a|w,move_up|move_left,,0,0
8177,272567,,,,,,,,,,,,,,,,,,,,,,a|w,move_up|move_left,,0,0
8178,272600,,,,,,,,,,,,,,,,,,,,,,a|w,move_up|move_left,,0,0
8179,272633,,,,,,,,,,,,,,,,,,,,,,a|w,move_up|move_left,,19,-11
8180,272667,,,,,,,,,,,,,,,,,,,,,,a|w,move_up|move_left,,51,-10
8181,272700,,,,,,,,,,,,,,,,,,,,,,a|w,move_up|move_left,,77,-17
8182,272733,,,,,,,,,,,,,,,,,,,,,,a|w,move_up|move_left,,56,-8
8183,272767,,,,,,,,,,,,,,,,,,,,,,a,move_left,,3,0
8184,272800,,,,,,,,,,,,,,,,,,,,,,a,move_left,,0,0
8185,272833,,,,,,,,,,,,,,,,,,,,,,a,move_left,,0,0
8186,272867,,,,,,,,,,,,,,,,,,,,,,a,move_left,,0,0
8187,272900,,,,,,,,,,,,,,,,,,,,,,a,move_left,,0,0
8188,272933,,,,,,,,,,,,,,,,,,,,,,a,move_left,,0,-4
8189,272967,,,,,,,,,,,,,,,,,,,,,,a,move_left,,-1,-1
8190,273000,,,,,,,,,,,,,,,,,,,,,,a,move_left,,-2,0
8191,273033,,,,,,,,,,,,,,,,,,,,,,a,move_left,,-1,2
8192,273067,,,,,,,,,,,,,,,,,,,,,,a,move_left,,-1,0
8193,273100,,,,,,,,,,,,,,,,,,,,,,a,move_left,,-2,1
8194,273133,,,,,,,,,,,,,,,,,,,,,,a,move_left,,-1,0
8195,273167,,,,,,,,,,,,,,,,,,,,,,a,move_left,,-2,2
8196,273200,,,,,,,,,,,,,,,,,,,,,,a,move_left,,0,0
8197,273233,,,,,,,,,,,,,,,,,,,,,,a,move_left,,0,0
8198,273267,,,,,,,,,,,,,,,,,,,,,,a,move_left,,0,0
8199,273300,,,,,,,,,,,,,,,,,,,,,,a,move_left,,0,0
8200,273333,,,,,,,,,,,,,,,,,,,,,,a,move_left,,0,0
8201,273367,,,,,,,,,,,,,,,,,,,,,,a|w,move_up|move_left,,0,0
8202,273400,,,,,,,,,,,,,,,,,,,,,,a|w,move_up|move_left,,0,0
8203,273433,,,,,,,,,,,,,,,,,,,,,,a|w,move_up|move_left,,0,1
8204,273467,,,,,,,,,,,,,,,,,,,,,,a|w,move_up|move_left,,0,0
8205,273500,,,,,,,,,,,,,,,,,,,,,,a|w,move_up|move_left,,0,1
8206,273533,,,,,,,,,,,,,,,,,,,,,,a|w,move_up|move_left,,4,1
8207,273567,,,,,,,,,,,,,,,,,,,,,,a|w,move_up|move_left,,10,2
8208,273600,,,,,,,,,,,,,,,,,,,,,,a|w,move_up|move_left,,13,1
8209,273633,,,,,,,,,,,,,,,,,,,,,,a|w,move_up|move_left,,12,1
8210,273667,,,,,,,,,,,,,,,,,,,,,,a|w,move_up|move_left,,26,1
8211,273700,,,,,,,,,,,,,,,,,,,,,,a|w,move_up|move_left,,17,0
8212,273733,,,,,,,,,,,,,,,,,,,,,,a|w,move_up|move_left,,7,1
8213,273767,,,,,,,,,,,,,,,,,,,,,,a|w,move_up|move_left,,4,1
8214,273800,,,,,,,,,,,,,,,,,,,,,,a|w,move_up|move_left,,1,0
8215,273833,,,,,,,,,,,,,,,,,,,,,,a|w,move_up|move_left,,0,0
8216,273867,,,,,,,,,,,,,,,,,,,,,,a|w,move_up|move_left,,1,0
8217,273900,,,,,,,,,,,,,,,,,,,,,,a|w,move_up|move_left,,1,1
8218,273933,,,,,,,,,,,,,,,,,,,,,,a|w,move_up|move_left,,0,0
8219,273967,,,,,,,,,,,,,,,,,,,,,,w,move_up,,0,0
8220,274000,,,,,,,,,,,,,,,,,,,,,,w,move_up,,0,0
8221,274033,,,,,,,,,,,,,,,,,,,,,,w,move_up,,-3,0
8222,274067,,,,,,,,,,,,,,,,,,,,,,w,move_up,,-14,0
8223,274100,,,,,,,,,,,,,,,,,,,,,,w,move_up,,-17,-1
8224,274133,,,,,,,,,,,,,,,,,,,,,,w,move_up,,-19,-2
8225,274167,,,,,,,,,,,,,,,,,,,,,,d|w,move_up|move_right,,-15,-3
8226,274200,,,,,,,,,,,,,,,,,,,,,,d|w,move_up|move_right,,-13,-1
8227,274233,,,,,,,,,,,,,,,,,,,,,,d|w,move_up|move_right,,-8,-1
8228,274267,,,,,,,,,,,,,,,,,,,,,,d|w,move_up|move_right,,-6,-1
8229,274300,,,,,,,,,,,,,,,,,,,,,,d|w,move_up|move_right,,-5,0
8230,274333,,,,,,,,,,,,,,,,,,,,,,d|w,move_up|move_right,,-8,-1
8231,274367,,,,,,,,,,,,,,,,,,,,,,d|w,move_up|move_right,,-11,0
8232,274400,,,,,,,,,,,,,,,,,,,,,,d|w,move_up|move_right,,-12,-1
8233,274433,,,,,,,,,,,,,,,,,,,,,,d|w,move_up|move_right,,-14,0
8234,274467,,,,,,,,,,,,,,,,,,,,,,d|w,move_up|move_right,,-11,0
8235,274500,,,,,,,,,,,,,,,,,,,,,,w,move_up,,-6,0
8236,274533,,,,,,,,,,,,,,,,,,,,,,w,move_up,,0,0
8237,274567,,,,,,,,,,,,,,,,,,,,,,w,move_up,,-2,0
8238,274600,,,,,,,,,,,,,,,,,,,,,,d|w,move_up|move_right,,-4,0
8239,274633,,,,,,,,,,,,,,,,,,,,,,d|w,move_up|move_right,,-4,0
8240,274667,,,,,,,,,,,,,,,,,,,,,,d|w,move_up|move_right,,-3,0
8241,274700,,,,,,,,,,,,,,,,,,,,,,d|w,move_up|move_right,,-3,0
8242,274733,,,,,,,,,,,,,,,,,,,,,,d|w,move_up|move_right,,-4,0
8243,274767,,,,,,,,,,,,,,,,,,,,,,d|w,move_up|move_right,,-4,0
8244,274800,,,,,,,,,,,,,,,,,,,,,,w,move_up,,0,0
8245,274833,,,,,,,,,,,,,,,,,,,,,,w,move_up,,-2,0
8246,274867,,,,,,,,,,,,,,,,,,,,,,w,move_up,,-2,0
8247,274900,,,,,,,,,,,,,,,,,,,,,,w,move_up,,-1,0
8248,274933,,,,,,,,,,,,,,,,,,,,,,w,move_up,,-5,0
8249,274967,,,,,,,,,,,,,,,,,,,,,,d|w,move_up|move_right,,-7,0
8250,275000,,,,,,,,,,,,,,,,,,,,,,d|w,move_up|move_right,,-5,0
8251,275033,,,,,,,,,,,,,,,,,,,,,,d|w,move_up|move_right,,-8,1
8252,275067,,,,,,,,,,,,,,,,,,,,,,d|w,move_up|move_right,,-13,0
8253,275100,,,,,,,,,,,,,,,,,,,,,,d|w,move_up|move_right,,-14,1
8254,275133,,,,,,,,,,,,,,,,,,,,,,d|w,move_up|move_right,,-13,0
8255,275167,,,,,,,,,,,,,,,,,,,,,,w,move_up,,-3,0
8256,275200,,,,,,,,,,,,,,,,,,,,,,w,move_up,,0,0
8257,275233,,,,,,,,,,,,,,,,,,,,,,w,move_up,,0,0
8258,275267,,,,,,,,,,,,,,,,,,,,,,,,,0,0
8259,275300,,,,,,,,,,,,,,,,,,,,,,,,,0,0
8260,275333,,,,,,,,,,,,,,,,,,,,,,,,,0,0
8261,275367,,,,,,,,,,,,,,,,,,,,,,,,,7,0
8262,275400,,,,,,,,,,,,,,,,,,,,,,,,,23,0
8263,275433,,,,,,,,,,,,,,,,,,,,,,,,,61,1
8264,275467,,,,,,,,,,,,,,,,,,,,,,,,,82,-1
8265,275500,,,,,,,,,,,,,,,,,,,,,,s,move_down,,17,0
8266,275533,,,,,,,,,,,,,,,,,,,,,,s,move_down,,6,1
8267,275567,,,,,,,,,,,,,,,,,,,,,,s,move_down,,2,0
8268,275600,,,,,,,,,,,,,,,,,,,,,,s,move_down,,19,2
8269,275633,,,,,,,,,,,,,,,,,,,,,,s,move_down,,65,4
8270,275667,,,,,,,,,,,,,,,,,,,,,,s,move_down,,96,2
8271,275700,,,,,,,,,,,,,,,,,,,,,,s,move_down,,120,5
8272,275733,,,,,,,,,,,,,,,,,,,,,,d|s,move_down|move_right,,130,2
8273,275767,,,,,,,,,,,,,,,,,,,,,,d|s,move_down|move_right,,84,4
8274,275800,,,,,,,,,,,,,,,,,,,,,,d|s,move_down|move_right,,0,0
8275,275833,,,,,,,,,,,,,,,,,,,,,,d,move_right,,5,1
8276,275867,,,,,,,,,,,,,,,,,,,,,,d,move_right,,0,0
8277,275900,,,,,,,,,,,,,,,,,,,,,,d,move_right,,0,0
8278,275933,,,,,,,,,,,,,,,,,,,,,,d,move_right,,0,0
8279,275967,,,,,,,,,,,,,,,,,,,,,,d|w,move_up|move_right,,36,-8
8280,276000,,,,,,,,,,,,,,,,,,,,,,d|w,move_up|move_right,,72,1
8281,276033,,,,,,,,,,,,,,,,,,,,,,d|w,move_up|move_right,,34,3
8282,276067,,,,,,,,,,,,,,,,,,,,,,d|w,move_up|move_right,,15,5
8283,276100,,,,,,,,,,,,,,,,,,,,,,d|w,move_up|move_right,,1,1
8284,276133,,,,,,,,,,,,,,,,,,,,,,d|w,move_up|move_right,,1,0
8285,276167,,,,,,,,,,,,,,,,,,,,,,d|w,move_up|move_right,,0,0
8286,276200,,,,,,,,,,,,,,,,,,,,,,w,move_up,,0,1
8287,276233,,,,,,,,,,,,,,,,,,,,,,w,move_up,,1,1
8288,276267,,,,,,,,,,,,,,,,,,,,,,w,move_up,,14,3
8289,276300,,,,,,,,,,,,,,,,,,,,,,d|w,move_up|move_right,,42,4
8290,276333,,,,,,,,,,,,,,,,,,,,,,d|w,move_up|move_right,,25,3
8291,276367,,,,,,,,,,,,,,,,,,,,,,d|w,move_up|move_right,,0,0
8292,276400,,,,,,,,,,,,,,,,,,,,,,d|w,move_up|move_right,,-9,2
8293,276433,,,,,,,,,,,,,,,,,,,,,,d|w,move_up|move_right,,-14,1
8294,276467,,,,,,,,,,,,,,,,,,,,,,w,move_up,,-17,2
8295,276500,,,,,,,,,,,,,,,,,,,,,,w,move_up,,-16,1
8296,276533,,,,,,,,,,,,,,,,,,,,,,w,move_up,,-8,1
8297,276567,,,,,,,,,,,,,,,,,,,,,,w,move_up,,0,1
8298,276600,,,,,,,,,,,,,,,,,,,,,,w,move_up,,0,0
8299,276633,,,,,,,,,,,,,,,,,,,,,,d|w,move_up|move_right,,-1,0
8300,276667,,,,,,,,,,,,,,,,,,,,,,d|w,move_up|move_right,,-4,1
8301,276700,,,,,,,,,,,,,,,,,,,,,,d|w,move_up|move_right,,-11,2
8302,276733,,,,,,,,,,,,,,,,,,,,,,d|w,move_up|move_right,,-28,2
8303,276767,,,,,,,,,,,,,,,,,,,,,,d|w,move_up|move_right,,-27,0
8304,276800,,,,,,,,,,,,,,,,,,,,,,d|w,move_up|move_right,,-25,0
8305,276833,,,,,,,,,,,,,,,,,,,,,,d|w,move_up|move_right,,-25,-1
8306,276867,,,,,,,,,,,,,,,,,,,,,,d|w,move_up|move_right,,-27,-1
8307,276900,,,,,,,,,,,,,,,,,,,,,,d|w,move_up|move_right,,-35,-2
8308,276933,,,,,,,,,,,,,,,,,,,,,,d|w,move_up|move_right,,-22,-1
8309,276967,,,,,,,,,,,,,,,,,,,,,,d|w,move_up|move_right,,-20,-2
8310,277000,,,,,,,,,,,,,,,,,,,,,,d|w,move_up|move_right,,-20,-1
8311,277033,,,,,,,,,,,,,,,,,,,,,,d|w,move_up|move_right,,-18,-2
8312,277067,,,,,,,,,,,,,,,,,,,,,,d|w,move_up|move_right,,-18,-2
8313,277100,,,,,,,,,,,,,,,,,,,,,,d|w,move_up|move_right,,-18,-2
8314,277133,,,,,,,,,,,,,,,,,,,,,,d|w,move_up|move_right,,-17,-2
8315,277167,,,,,,,,,,,,,,,,,,,,,,d|w,move_up|move_right,,-12,-1
8316,277200,,,,,,,,,,,,,,,,,,,,,,d|w,move_up|move_right,,-9,-1
8317,277233,,,,,,,,,,,,,,,,,,,,,,d|w,move_up|move_right,,-7,-2
8318,277267,,,,,,,,,,,,,,,,,,,,,,d|w,move_up|move_right,,-7,-1
8319,277300,,,,,,,,,,,,,,,,,,,,,,d|w,move_up|move_right,,-5,-2
8320,277333,,,,,,,,,,,,,,,,,,,,,,d|w,move_up|move_right,,-4,-2
8321,277367,,,,,,,,,,,,,,,,,,,,,,d|w,move_up|move_right,,-5,-1
8322,277400,,,,,,,,,,,,,,,,,,,,,,d|w,move_up|move_right,,-1,-2
8323,277433,,,,,,,,,,,,,,,,,,,,,,d|w,move_up|move_right,,0,-1
8324,277467,,,,,,,,,,,,,,,,,,,,,,w,move_up,,0,-2
8325,277500,,,,,,,,,,,,,,,,,,,,,,w,move_up,,9,-4
8326,277533,,,,,,,,,,,,,,,,,,,,,,w,move_up,,13,-4
8327,277567,,,,,,,,,,,,,,,,,,,,,,w,move_up,,12,-4
8328,277600,,,,,,,,,,,,,,,,,,,,,,w,move_up,,2,0
8329,277633,,,,,,,,,,,,,,,,,,,,,,w,move_up,,0,0
8330,277667,,,,,,,,,,,,,,,,,,,,,,w,move_up,,0,0
8331,277700,,,,,,,,,,,,,,,,,,,,,,w,move_up,,0,0
8332,277733,,,,,,,,,,,,,,,,,,,,,,w,move_up,,0,-1
8333,277767,,,,,,,,,,,,,,,,,,,,,,w,move_up,,0,0
8334,277800,,,,,,,,,,,,,,,,,,,,,,w,move_up,,0,0
8335,277833,,,,,,,,,,,,,,,,,,,,,,w,move_up,,0,0
8336,277867,,,,,,,,,,,,,,,,,,,,,,shift|w,move_up,,0,0
8337,277900,,,,,,,,,,,,,,,,,,,,,,shift|w,move_up,,0,0
8338,277933,,,,,,,,,,,,,,,,,,,,,,shift|w,move_up,,0,0
8339,277967,,,,,,,,,,,,,,,,,,,,,,shift|w,move_up,,3,0
8340,278000,,,,,,,,,,,,,,,,,,,,,,shift|w,move_up,,3,0
8341,278033,,,,,,,,,,,,,,,,,,,,,,shift|w,move_up,,2,2
8342,278067,,,,,,,,,,,,,,,,,,,,,,shift|w,move_up,,2,1
8343,278100,,,,,,,,,,,,,,,,,,,,,,shift|w,move_up,,2,1
8344,278133,,,,,,,,,,,,,,,,,,,,,,shift|w,move_up,,0,1
8345,278167,,,,,,,,,,,,,,,,,,,,,,shift|w,move_up,,0,1
8346,278200,,,,,,,,,,,,,,,,,,,,,,shift|w,move_up,,0,1
8347,278233,,,,,,,,,,,,,,,,,,,,,,shift|w,move_up,,-1,1
8348,278267,,,,,,,,,,,,,,,,,,,,,,shift|w,move_up,,-2,1
8349,278300,,,,,,,,,,,,,,,,,,,,,,shift|w,move_up,,-3,0
8350,278333,,,,,,,,,,,,,,,,,,,,,,shift|w,move_up,,0,1
8351,278367,,,,,,,,,,,,,,,,,,,,,,shift|w,move_up,,-3,0
8352,278400,,,,,,,,,,,,,,,,,,,,,,shift|w,move_up,,-6,0
8353,278433,,,,,,,,,,,,,,,,,,,,,,shift|w,move_up,,-6,0
8354,278467,,,,,,,,,,,,,,,,,,,,,,shift|w,move_up,,0,0
8355,278500,,,,,,,,,,,,,,,,,,,,,,shift|w,move_up,,-1,0
8356,278533,,,,,,,,,,,,,,,,,,,,,,shift|w,move_up,,-3,-1
8357,278567,,,,,,,,,,,,,,,,,,,,,,shift|w,move_up,,-5,-1
8358,278600,,,,,,,,,,,,,,,,,,,,,,d|shift|w,move_up|move_right,,-4,0
8359,278633,,,,,,,,,,,,,,,,,,,,,,d|shift|w,move_up|move_right,,-9,-1
8360,278667,,,,,,,,,,,,,,,,,,,,,,d|shift|w,move_up|move_right,,-13,-1
8361,278700,,,,,,,,,,,,,,,,,,,,,,d|shift|w,move_up|move_right,,-17,-1
8362,278733,,,,,,,,,,,,,,,,,,,,,,d|shift|w,move_up|move_right,,-13,-1
8363,278767,,,,,,,,,,,,,,,,,,,,,,d|shift|w,move_up|move_right,,-12,-1
8364,278800,,,,,,,,,,,,,,,,,,,,,,d|shift|w,move_up|move_right,,-13,-1
8365,278833,,,,,,,,,,,,,,,,,,,,,,shift|w,move_up,,-9,0
8366,278867,,,,,,,,,,,,,,,,,,,,,,shift|w,move_up,,-5,0
8367,278900,,,,,,,,,,,,,,,,,,,,,,w,move_up,,-5,-1
8368,278933,,,,,,,,,,,,,,,,,,,,,,w,move_up,,0,0
8369,278967,,,,,,,,,,,,,,,,,,,,,,w,move_up,,-1,0
8370,279000,,,,,,,,,,,,,,,,,,,,,,w,move_up,,0,0
8371,279033,,,,,,,,,,,,,,,,,,,,,,w,move_up,,0,0
8372,279067,,,,,,,,,,,,,,,,,,,,,,w,move_up,,0,0
8373,279100,,,,,,,,,,,,,,,,,,,,,,w,move_up,,1,0
8374,279133,,,,,,,,,,,,,,,,,,,,,,w,move_up,,18,0
8375,279167,,,,,,,,,,,,,,,,,,,,,,w,move_up,,45,-2
8376,279200,,,,,,,,,,,,,,,,,,,,,,w,move_up,,14,0
8377,279233,,,,,,,,,,,,,,,,,,,,,,w,move_up,,0,0
8378,279267,,,,,,,,,,,,,,,,,,,,,,w,move_up,,1,0
8379,279300,,,,,,,,,,,,,,,,,,,,,,w,move_up,,0,0
8380,279333,,,,,,,,,,,,,,,,,,,,,,w,move_up,,0,0
8381,279367,,,,,,,,,,,,,,,,,,,,,,a|w,move_up|move_left,,0,0
8382,279400,,,,,,,,,,,,,,,,,,,,,,a|w,move_up|move_left,,-2,0
8383,279433,,,,,,,,,,,,,,,,,,,,,,a|w,move_up|move_left,,-8,1
8384,279467,,,,,,,,,,,,,,,,,,,,,,a|w,move_up|move_left,,-22,3
8385,279500,,,,,,,,,,,,,,,,,,,,,,w,move_up,,-49,3
8386,279533,,,,,,,,,,,,,,,,,,,,,,w,move_up,,-37,2
8387,279567,,,,,,,,,,,,,,,,,,,,,,w,move_up,,-31,1
8388,279600,,,,,,,,,,,,,,,,,,,,,,w,move_up,,-4,0
8389,279633,,,,,,,,,,,,,,,,,,,,,,w,move_up,,0,0
8390,279667,,,,,,,,,,,,,,,,,,,,,,d|w,move_up|move_right,,-3,0
8391,279700,,,,,,,,,,,,,,,,,,,,,,d|w,move_up|move_right,,-4,0
8392,279733,,,,,,,,,,,,,,,,,,,,,,d|w,move_up|move_right,,-4,0
8393,279767,,,,,,,,,,,,,,,,,,,,,,d|w,move_up|move_right,,-5,0
8394,279800,,,,,,,,,,,,,,,,,,,,,,d|w,move_up|move_right,,-6,0
8395,279833,,,,,,,,,,,,,,,,,,,,,,d|w,move_up|move_right,,-5,0
8396,279867,,,,,,,,,,,,,,,,,,,,,,d|w,move_up|move_right,,-3,1
8397,279900,,,,,,,,,,,,,,,,,,,,,,d|w,move_up|move_right,,-3,0
8398,279933,,,,,,,,,,,,,,,,,,,,,,d|w,move_up|move_right,,-1,0
8399,279967,,,,,,,,,,,,,,,,,,,,,,d|w,move_up|move_right,,-4,0
8400,280000,,,,,,,,,,,,,,,,,,,,,,d|w,move_up|move_right,,-10,0
8401,280033,,,,,,,,,,,,,,,,,,,,,,d|w,move_up|move_right,,-13,1
8402,280067,,,,,,,,,,,,,,,,,,,,,,d|w,move_up|move_right,,-14,0
8403,280100,,,,,,,,,,,,,,,,,,,,,,d|w,move_up|move_right,,-20,1
8404,280133,,,,,,,,,,,,,,,,,,,,,,d|w,move_up|move_right,,-7,0
8405,280167,,,,,,,,,,,,,,,,,,,,,,d|w,move_up|move_right,,-4,0
8406,280200,,,,,,,,,,,,,,,,,,,,,,d|w,move_up|move_right,,-11,0
8407,280233,,,,,,,,,,,,,,,,,,,,,,d|w,move_up|move_right,,-7,0
8408,280267,,,,,,,,,,,,,,,,,,,,,,d|w,move_up|move_right,,-9,0
8409,280300,,,,,,,,,,,,,,,,,,,,,,w,move_up,,-5,0
8410,280333,,,,,,,,,,,,,,,,,,,,,,d|w,move_up|move_right,,-6,0
8411,280367,,,,,,,,,,,,,,,,,,,,,,d|w,move_up|move_right,,-7,0
8412,280400,,,,,,,,,,,,,,,,,,,,,,d|w,move_up|move_right,,-3,0
8413,280433,,,,,,,,,,,,,,,,,,,,,,d|w,move_up|move_right,,-4,0
8414,280467,,,,,,,,,,,,,,,,,,,,,,d|w,move_up|move_right,,-2,0
8415,280500,,,,,,,,,,,,,,,,,,,,,,w,move_up,,-2,0
8416,280533,,,,,,,,,,,,,,,,,,,,,,w,move_up,,-3,0
8417,280567,,,,,,,,,,,,,,,,,,,,,,w,move_up,,-4,0
8418,280600,,,,,,,,,,,,,,,,,,,,,,w,move_up,,-3,0
8419,280633,,,,,,,,,,,,,,,,,,,,,,w,move_up,,-2,0
8420,280667,,,,,,,,,,,,,,,,,,,,,,w,move_up,,-2,0
8421,280700,,,,,,,,,,,,,,,,,,,,,,w,move_up,,-1,0
8422,280733,,,,,,,,,,,,,,,,,,,,,,w,move_up,,-1,0
8423,280767,,,,,,,,,,,,,,,,,,,,,,w,move_up,,0,0
8424,280800,,,,,,,,,,,,,,,,,,,,,,d|w,move_up|move_right,,0,0
8425,280833,,,,,,,,,,,,,,,,,,,,,,d|w,move_up|move_right,,0,0
8426,280867,,,,,,,,,,,,,,,,,,,,,,d|w,move_up|move_right,,0,0
8427,280900,,,,,,,,,,,,,,,,,,,,,,d|w,move_up|move_right,,-1,0
8428,280933,,,,,,,,,,,,,,,,,,,,,,w,move_up,,0,0
8429,280967,,,,,,,,,,,,,,,,,,,,,,w,move_up,,-1,1
8430,281000,,,,,,,,,,,,,,,,,,,,,,w,move_up,,-1,0
8431,281033,,,,,,,,,,,,,,,,,,,,,,w,move_up,,-1,0
8432,281067,,,,,,,,,,,,,,,,,,,,,,w,move_up,,-3,1
8433,281100,,,,,,,,,,,,,,,,,,,,,,w,move_up,,-2,1
8434,281133,,,,,,,,,,,,,,,,,,,,,,w,move_up,,-3,1
8435,281167,,,,,,,,,,,,,,,,,,,,,,w,move_up,,-1,1
8436,281200,,,,,,,,,,,,,,,,,,,,,,w,move_up,,-2,1
8437,281233,,,,,,,,,,,,,,,,,,,,,,w,move_up,,-4,1
8438,281267,,,,,,,,,,,,,,,,,,,,,,w,move_up,,-3,2
8439,281300,,,,,,,,,,,,,,,,,,,,,,w,move_up,,-3,0
8440,281333,,,,,,,,,,,,,,,,,,,,,,w,move_up,,-2,2
8441,281367,,,,,,,,,,,,,,,,,,,,,,w,move_up,,-4,1
8442,281400,,,,,,,,,,,,,,,,,,,,,,w,move_up,,-6,1
8443,281433,,,,,,,,,,,,,,,,,,,,,,w,move_up,,-4,1
8444,281467,,,,,,,,,,,,,,,,,,,,,,w,move_up,,-2,1
8445,281500,,,,,,,,,,,,,,,,,,,,,,w,move_up,,0,0
8446,281533,,,,,,,,,,,,,,,,,,,,,,w,move_up,,-2,0
8447,281567,,,,,,,,,,,,,,,,,,,,,,w,move_up,,0,0
8448,281600,,,,,,,,,,,,,,,,,,,,,,w,move_up,,0,0
8449,281633,,,,,,,,,,,,,,,,,,,,,,w,move_up,,0,0
8450,281667,,,,,,,,,,,,,,,,,,,,,,w,move_up,,0,0
8451,281700,,,,,,,,,,,,,,,,,,,,,,w,move_up,,0,0
8452,281733,,,,,,,,,,,,,,,,,,,,,,w,move_up,,4,0
8453,281767,,,,,,,,,,,,,,,,,,,,,,w,move_up,,27,-2
8454,281800,,,,,,,,,,,,,,,,,,,,,,w,move_up,,23,-2
8455,281833,,,,,,,,,,,,,,,,,,,,,,w,move_up,,17,0
8456,281867,,,,,,,,,,,,,,,,,,,,,,w,move_up,,4,0
8457,281900,,,,,,,,,,,,,,,,,,,,,,w,move_up,,2,0
8458,281933,,,,,,,,,,,,,,,,,,,,,,w,move_up,,9,0
8459,281967,,,,,,,,,,,,,,,,,,,,,,a|w,move_up|move_left,,10,0
8460,282000,,,,,,,,,,,,,,,,,,,,,,a|w,move_up|move_left,,2,0
8461,282033,,,,,,,,,,,,,,,,,,,,,,a|w,move_up|move_left,,4,0
8462,282067,,,,,,,,,,,,,,,,,,,,,,a|w,move_up|move_left,,2,0
8463,282100,,,,,,,,,,,,,,,,,,,,,,a|w,move_up|move_left,,0,0
8464,282133,,,,,,,,,,,,,,,,,,,,,,a|w,move_up|move_left,,0,0
8465,282167,,,,,,,,,,,,,,,,,,,,,,a|w,move_up|move_left,,0,0
8466,282200,,,,,,,,,,,,,,,,,,,,,,a|w,move_up|move_left,,0,0
8467,282233,,,,,,,,,,,,,,,,,,,,,,a|w,move_up|move_left,,0,0
8468,282267,,,,,,,,,,,,,,,,,,,,,,w,move_up,,10,0
8469,282300,,,,,,,,,,,,,,,,,,,,,,w,move_up,,12,1
8470,282333,,,,,,,,,,,,,,,,,,,,,,w,move_up,,15,1
8471,282367,,,,,,,,,,,,,,,,,,,,,,a|w,move_up|move_left,,22,2
8472,282400,,,,,,,,,,,,,,,,,,,,,,a|w,move_up|move_left,,18,0
8473,282433,,,,,,,,,,,,,,,,,,,,,,a|w,move_up|move_left,,14,0
8474,282467,,,,,,,,,,,,,,,,,,,,,,a|w,move_up|move_left,,13,0
8475,282500,,,,,,,,,,,,,,,,,,,,,,a|w,move_up|move_left,,20,-1
8476,282533,,,,,,,,,,,,,,,,,,,,,,a|w,move_up|move_left,,23,-1
8477,282567,,,,,,,,,,,,,,,,,,,,,,a|w,move_up|move_left,,23,-1
8478,282600,,,,,,,,,,,,,,,,,,,,,,w,move_up,,23,0
8479,282633,,,,,,,,,,,,,,,,,,,,,,w,move_up,,12,0
8480,282667,,,,,,,,,,,,,,,,,,,,,,w,move_up,,5,0
8481,282700,,,,,,,,,,,,,,,,,,,,,,w,move_up,,2,-1
8482,282733,,,,,,,,,,,,,,,,,,,,,,w,move_up,,1,0
8483,282767,,,,,,,,,,,,,,,,,,,,,,w,move_up,,4,0
8484,282800,,,,,,,,,,,,,,,,,,,,,,w,move_up,,11,0
8485,282833,,,,,,,,,,,,,,,,,,,,,,w,move_up,,13,-1
8486,282867,,,,,,,,,,,,,,,,,,,,,,w,move_up,,10,-1
8487,282900,,,,,,,,,,,,,,,,,,,,,,w,move_up,,8,0
8488,282933,,,,,,,,,,,,,,,,,,,,,,w,move_up,,2,-1
8489,282967,,,,,,,,,,,,,,,,,,,,,,w,move_up,,0,0
8490,283000,,,,,,,,,,,,,,,,,,,,,,w,move_up,,0,0
8491,283033,,,,,,,,,,,,,,,,,,,,,,w,move_up,,1,0
8492,283067,,,,,,,,,,,,,,,,,,,,,,w,move_up,,0,0
8493,283100,,,,,,,,,,,,,,,,,,,,,,w,move_up,,3,0
8494,283133,,,,,,,,,,,,,,,,,,,,,,w,move_up,,3,-1
8495,283167,,,,,,,,,,,,,,,,,,,,,,w,move_up,,9,-2
8496,283200,,,,,,,,,,,,,,,,,,,,,,w,move_up,,7,-1
8497,283233,,,,,,,,,,,,,,,,,,,,,,w,move_up,,4,-1
8498,283267,,,,,,,,,,,,,,,,,,,,,,w,move_up,,0,0
8499,283300,,,,,,,,,,,,,,,,,,,,,,w,move_up,,0,0
8500,283333,,,,,,,,,,,,,,,,,,,,,,w,move_up,,0,0
8501,283367,,,,,,,,,,,,,,,,,,,,,,w,move_up,,0,0
8502,283400,,,,,,,,,,,,,,,,,,,,,,w,move_up,,0,0
8503,283433,,,,,,,,,,,,,,,,,,,,,,w,move_up,,1,-1
8504,283467,,,,,,,,,,,,,,,,,,,,,,w,move_up,,1,0
8505,283500,,,,,,,,,,,,,,,,,,,,,,w,move_up,,2,-1
8506,283533,,,,,,,,,,,,,,,,,,,,,,w,move_up,,2,0
8507,283567,,,,,,,,,,,,,,,,,,,,,,w,move_up,,0,0
8508,283600,,,,,,,,,,,,,,,,,,,,,,w,move_up,,0,0
8509,283633,,,,,,,,,,,,,,,,,,,,,,w,move_up,,0,0
8510,283667,,,,,,,,,,,,,,,,,,,,,,w,move_up,,0,0
8511,283700,,,,,,,,,,,,,,,,,,,,,,w,move_up,,0,0
8512,283733,,,,,,,,,,,,,,,,,,,,,,w,move_up,,1,0
8513,283767,,,,,,,,,,,,,,,,,,,,,,w,move_up,,19,-2
8514,283800,,,,,,,,,,,,,,,,,,,,,,w,move_up,,20,-3
8515,283833,,,,,,,,,,,,,,,,,,,,,,w,move_up,,5,-2
8516,283867,,,,,,,,,,,,,,,,,,,,,,w,move_up,,0,0
8517,283900,,,,,,,,,,,,,,,,,,,,,,w,move_up,,0,0
8518,283933,,,,,,,,,,,,,,,,,,,,,,w,move_up,,0,0
8519,283967,,,,,,,,,,,,,,,,,,,,,,w,move_up,,0,0
8520,284000,,,,,,,,,,,,,,,,,,,,,,w,move_up,,0,0
8521,284033,,,,,,,,,,,,,,,,,,,,,,w,move_up,,0,0
8522,284067,,,,,,,,,,,,,,,,,,,,,,w,move_up,,-1,0
8523,284100,,,,,,,,,,,,,,,,,,,,,,w,move_up,,-6,0
8524,284133,,,,,,,,,,,,,,,,,,,,,,w,move_up,,-3,0
8525,284167,,,,,,,,,,,,,,,,,,,,,,w,move_up,,0,0
8526,284200,,,,,,,,,,,,,,,,,,,,,,w,move_up,,0,0
8527,284233,,,,,,,,,,,,,,,,,,,,,,w,move_up,,0,0
8528,284267,,,,,,,,,,,,,,,,,,,,,,w,move_up,,0,0
8529,284300,,,,,,,,,,,,,,,,,,,,,,w,move_up,,0,0
8530,284333,,,,,,,,,,,,,,,,,,,,,,w,move_up,,0,0
8531,284367,,,,,,,,,,,,,,,,,,,,,,a|w,move_up|move_left,,0,0
8532,284400,,,,,,,,,,,,,,,,,,,,,,a|w,move_up|move_left,,0,0
8533,284433,,,,,,,,,,,,,,,,,,,,,,a|w,move_up|move_left,,0,0
8534,284467,,,,,,,,,,,,,,,,,,,,,,a|w,move_up|move_left,,0,0
8535,284500,,,,,,,,,,,,,,,,,,,,,,w,move_up,,0,0
8536,284533,,,,,,,,,,,,,,,,,,,,,,w,move_up,,0,0
8537,284567,,,,,,,,,,,,,,,,,,,,,,w,move_up,,0,0
8538,284600,,,,,,,,,,,,,,,,,,,,,,w,move_up,,0,0
8539,284633,,,,,,,,,,,,,,,,,,,,,,w,move_up,,0,0
8540,284667,,,,,,,,,,,,,,,,,,,,,,w,move_up,,0,0
8541,284700,,,,,,,,,,,,,,,,,,,,,,w,move_up,,0,0
8542,284733,,,,,,,,,,,,,,,,,,,,,,a|w,move_up|move_left,,-6,-1
8543,284767,,,,,,,,,,,,,,,,,,,,,,a|w,move_up|move_left,,-29,-6
8544,284800,,,,,,,,,,,,,,,,,,,,,,a|w,move_up|move_left,,-8,0
8545,284833,,,,,,,,,,,,,,,,,,,,,,w,move_up,,0,0
8546,284867,,,,,,,,,,,,,,,,,,,,,,w,move_up,,0,0
8547,284900,,,,,,,,,,,,,,,,,,,,,,w,move_up,,0,0
8548,284933,,,,,,,,,,,,,,,,,,,,,,w,move_up,,0,1
8549,284967,,,,,,,,,,,,,,,,,,,,,,w,move_up,,0,1
8550,285000,,,,,,,,,,,,,,,,,,,,,,w,move_up,,1,1
8551,285033,,,,,,,,,,,,,,,,,,,,,,w,move_up,,1,2
8552,285067,,,,,,,,,,,,,,,,,,,,,,w,move_up,,2,1
8553,285100,,,,,,,,,,,,,,,,,,,,,,w,move_up,,1,1
8554,285133,,,,,,,,,,,,,,,,,,,,,,w,move_up,,1,0
8555,285167,,,,,,,,,,,,,,,,,,,,,,w,move_up,,1,0
8556,285200,,,,,,,,,,,,,,,,,,,,,,w,move_up,,1,0
8557,285233,,,,,,,,,,,,,,,,,,,,,,w,move_up,,2,1
8558,285267,,,,,,,,,,,,,,,,,,,,,,w,move_up,,0,0
8559,285300,,,,,,,,,,,,,,,,,,,,,,w,move_up,,1,0
8560,285333,,,,,,,,,,,,,,,,,,,,,,w,move_up,,0,0
8561,285367,,,,,,,,,,,,,,,,,,,,,,w,move_up,,0,0
8562,285400,,,,,,,,,,,,,,,,,,,,,,w,move_up,,1,0
8563,285433,,,,,,,,,,,,,,,,,,,,,,w,move_up,,11,1
8564,285467,,,,,,,,,,,,,,,,,,,,,,w,move_up,,4,0
8565,285500,,,,,,,,,,,,,,,,,,,,,,w,move_up,,0,0
8566,285533,,,,,,,,,,,,,,,,,,,,,,w,move_up,,0,0
8567,285567,,,,,,,,,,,,,,,,,,,,,,w,move_up,,0,0
8568,285600,,,,,,,,,,,,,,,,,,,,,,shift|w,move_up,,1,0
8569,285633,,,,,,,,,,,,,,,,,,,,,,shift|w,move_up,,0,0
8570,285667,,,,,,,,,,,,,,,,,,,,,,shift|w,move_up,,0,0
8571,285700,,,,,,,,,,,,,,,,,,,,,,shift|w,move_up,,0,0
8572,285733,,,,,,,,,,,,,,,,,,,,,,shift|w,move_up,,0,0
8573,285767,,,,,,,,,,,,,,,,,,,,,,shift|w,move_up,,0,1
8574,285800,,,,,,,,,,,,,,,,,,,,,,shift|w,move_up,,0,0
8575,285833,,,,,,,,,,,,,,,,,,,,,,shift|w,move_up,,1,1
8576,285867,,,,,,,,,,,,,,,,,,,,,,shift|w,move_up,,2,0
8577,285900,,,,,,,,,,,,,,,,,,,,,,shift|w,move_up,,3,1
8578,285933,,,,,,,,,,,,,,,,,,,,,,shift|w,move_up,,0,0
8579,285967,,,,,,,,,,,,,,,,,,,,,,shift|w,move_up,,2,1
8580,286000,,,,,,,,,,,,,,,,,,,,,,shift|w,move_up,,1,1
8581,286033,,,,,,,,,,,,,,,,,,,,,,shift|w,move_up,,1,0
8582,286067,,,,,,,,,,,,,,,,,,,,,,shift|w,move_up,,0,0
8583,286100,,,,,,,,,,,,,,,,,,,,,,shift|w,move_up,,2,0
8584,286133,,,,,,,,,,,,,,,,,,,,,,shift|w,move_up,,1,1
8585,286167,,,,,,,,,,,,,,,,,,,,,,shift|w,move_up,,0,0
8586,286200,,,,,,,,,,,,,,,,,,,,,,shift|w,move_up,,0,0
8587,286233,,,,,,,,,,,,,,,,,,,,,,shift|w,move_up,,1,0
8588,286267,,,,,,,,,,,,,,,,,,,,,,shift|w,move_up,,1,3
8589,286300,,,,,,,,,,,,,,,,,,,,,,shift|w,move_up,,6,2
8590,286333,,,,,,,,,,,,,,,,,,,,,,shift|w,move_up,,3,1
8591,286367,,,,,,,,,,,,,,,,,,,,,,shift|w,move_up,,1,0
8592,286400,,,,,,,,,,,,,,,,,,,,,,shift|w,move_up,,2,2
8593,286433,,,,,,,,,,,,,,,,,,,,,,shift|w,move_up,,0,0
8594,286467,,,,,,,,,,,,,,,,,,,,,,shift|w,move_up,,0,0
8595,286500,,,,,,,,,,,,,,,,,,,,,,shift|w,move_up,,0,0
8596,286533,,,,,,,,,,,,,,,,,,,,,,shift|w,move_up,,1,1
8597,286567,,,,,,,,,,,,,,,,,,,,,,shift|w,move_up,,1,0
8598,286600,,,,,,,,,,,,,,,,,,,,,,shift|w,move_up,,0,0
8599,286633,,,,,,,,,,,,,,,,,,,,,,shift|w,move_up,,0,1
8600,286667,,,,,,,,,,,,,,,,,,,,,,shift|w,move_up,,1,0
8601,286700,,,,,,,,,,,,,,,,,,,,,,shift|w,move_up,,0,0
8602,286733,,,,,,,,,,,,,,,,,,,,,,shift|w,move_up,,0,1
8603,286767,,,,,,,,,,,,,,,,,,,,,,shift|w,move_up,,0,1
8604,286800,,,,,,,,,,,,,,,,,,,,,,shift|w,move_up,,0,1
8605,286833,,,,,,,,,,,,,,,,,,,,,,shift|w,move_up,,0,0
8606,286867,,,,,,,,,,,,,,,,,,,,,,shift|w,move_up,,1,1
8607,286900,,,,,,,,,,,,,,,,,,,,,,shift|w,move_up,,8,4
8608,286933,,,,,,,,,,,,,,,,,,,,,,shift|w,move_up,,8,3
8609,286967,,,,,,,,,,,,,,,,,,,,,,shift|w,move_up,,0,0
8610,287000,,,,,,,,,,,,,,,,,,,,,,shift|w,move_up,,0,1
8611,287033,,,,,,,,,,,,,,,,,,,,,,shift|w,move_up,,-8,1
8612,287067,,,,,,,,,,,,,,,,,,,,,,shift|w,move_up,,-15,1
8613,287100,,,,,,,,,,,,,,,,,,,,,,shift|w,move_up,,-13,0
8614,287133,,,,,,,,,,,,,,,,,,,,,,shift|w,move_up,,-10,0
8615,287167,,,,,,,,,,,,,,,,,,,,,,shift|w,move_up,,-4,0
8616,287200,,,,,,,,,,,,,,,,,,,,,,shift|w,move_up,,-6,0
8617,287233,,,,,,,,,,,,,,,,,,,,,,shift|w,move_up,,-10,0
8618,287267,,,,,,,,,,,,,,,,,,,,,,shift|w,move_up,,-7,0
8619,287300,,,,,,,,,,,,,,,,,,,,,,shift|w,move_up,,-10,0
8620,287333,,,,,,,,,,,,,,,,,,,,,,shift|w,move_up,,-3,0
8621,287367,,,,,,,,,,,,,,,,,,,,,,shift|w,move_up,,-4,0
8622,287400,,,,,,,,,,,,,,,,,,,,,,shift|w,move_up,,-4,0
8623,287433,,,,,,,,,,,,,,,,,,,,,,shift|w,move_up,,-6,0
8624,287467,,,,,,,,,,,,,,,,,,,,,,shift|w,move_up,,-2,0
8625,287500,,,,,,,,,,,,,,,,,,,,,,shift|w,move_up,,-1,0
8626,287533,,,,,,,,,,,,,,,,,,,,,,shift|w,move_up,,-1,0
8627,287567,,,,,,,,,,,,,,,,,,,,,,shift|w,move_up,,0,0
8628,287600,,,,,,,,,,,,,,,,,,,,,,shift|w,move_up,,1,0
8629,287633,,,,,,,,,,,,,,,,,,,,,,shift|w,move_up,,9,1
8630,287667,,,,,,,,,,,,,,,,,,,,,,shift|w,move_up,,14,2
8631,287700,,,,,,,,,,,,,,,,,,,,,,shift|w,move_up,,5,1
8632,287733,,,,,,,,,,,,,,,,,,,,,,shift|w,move_up,,0,0
8633,287767,,,,,,,,,,,,,,,,,,,,,,shift|w,move_up,,2,1
8634,287800,,,,,,,,,,,,,,,,,,,,,,shift|w,move_up,,1,3
8635,287833,,,,,,,,,,,,,,,,,,,,,,w,move_up,,1,1
8636,287867,,,,,,,,,,,,,,,,,,,,,,w,move_up,,0,3
8637,287900,,,,,,,,,,,,,,,,,,,,,,w,move_up,,2,5
8638,287933,,,,,,,,,,,,,,,,,,,,,,w,move_up,,2,5
8639,287967,,,,,,,,,,,,,,,,,,,,,,w,move_up,,2,8
8640,288000,,,,,,,,,,,,,,,,,,,,,,w,move_up,,1,6
8641,288033,,,,,,,,,,,,,,,,,,,,,,w,move_up,,2,5
8642,288067,,,,,,,,,,,,,,,,,,,,,,w,move_up,,2,3
8643,288100,,,,,,,,,,,,,,,,,,,,,,w,move_up,,1,1
8644,288133,,,,,,,,,,,,,,,,,,,,,,w,move_up,,2,1
8645,288167,,,,,,,,,,,,,,,,,,,,,,w,move_up,,1,0
8646,288200,,,,,,,,,,,,,,,,,,,,,,w,move_up,,1,1
8647,288233,,,,,,,,,,,,,,,,,,,,,,w,move_up,,1,0
8648,288267,,,,,,,,,,,,,,,,,,,,,,w,move_up,,0,0
8649,288300,,,,,,,,,,,,,,,,,,,,,,w,move_up,,1,0
8650,288333,,,,,,,,,,,,,,,,,,,,,,w,move_up,,0,0
8651,288367,,,,,,,,,,,,,,,,,,,,,,w,move_up,,1,0
8652,288400,,,,,,,,,,,,,,,,,,,,,,w,move_up,,1,4
8653,288433,,,,,,,,,,,,,,,,,,,,,,w,move_up,,1,2
8654,288467,,,,,,,,,,,,,,,,,,,,,,e|w,interact|move_up,,1,5
8655,288500,,,,,,,,,,,,,,,,,,,,,,e|w,interact|move_up,,1,6
8656,288533,,,,,,,,,,,,,,,,,,,,,,e|w,interact|move_up,,1,7
8657,288567,,,,,,,,,,,,,,,,,,,,,,e|w,interact|move_up,,3,8
8658,288600,,,,,,,,,,,,,,,,,,,,,,w,move_up,,3,3
8659,288633,,,,,,,,,,,,,,,,,,,,,,w,move_up,,0,2
8660,288667,,,,,,,,,,,,,,,,,,,,,,w,move_up,,2,1
8661,288700,,,,,,,,,,,,,,,,,,,,,,e|w,interact|move_up,,0,0
8662,288733,,,,,,,,,,,,,,,,,,,,,,e|w,interact|move_up,,2,3
8663,288767,,,,,,,,,,,,,,,,,,,,,,e|w,interact|move_up,,1,2
8664,288800,,,,,,,,,,,,,,,,,,,,,,e|w,interact|move_up,,7,14
8665,288833,,,,,,,,,,,,,,,,,,,,,,w,move_up,,8,15
8666,288867,,,,,,,,,,,,,,,,,,,,,,w,move_up,,5,10
8667,288900,,,,,,,,,,,,,,,,,,,,,,w,move_up,,4,6
8668,288933,,,,,,,,,,,,,,,,,,,,,,w,move_up,,4,5
8669,288967,,,,,,,,,,,,,,,,,,,,,,e|w,interact|move_up,,2,2
8670,289000,,,,,,,,,,,,,,,,,,,,,,e|w,interact|move_up,,1,1
8671,289033,,,,,,,,,,,,,,,,,,,,,,e|w,interact|move_up,,2,1
8672,289067,,,,,,,,,,,,,,,,,,,,,,e|w,interact|move_up,,1,3
8673,289100,,,,,,,,,,,,,,,,,,,,,,,,,3,2
8674,289133,,,,,,,,,,,,,,,,,,,,,,,,,6,3
8675,289167,,,,,,,,,,,,,,,,,,,,,,,,,21,8
8676,289200,,,,,,,,,,,,,,,,,,,,,,,,,23,5
8677,289233,,,,,,,,,,,,,,,,,,,,,,,,,25,5
8678,289267,,,,,,,,,,,,,,,,,,,,,,,,,22,12
8679,289300,,,,,,,,,,,,,,,,,,,,,,,,,0,0
8680,289333,,,,,,,,,,,,,,,,,,,,,,,,,1,0
8681,289367,,,,,,,,,,,,,,,,,,,,,,,,,0,0
8682,289400,,,,,,,,,,,,,,,,,,,,,,,,,0,0
8683,289433,,,,,,,,,,,,,,,,,,,,,,,,,0,0
8684,289467,,,,,,,,,,,,,,,,,,,,,,,,,0,0
8685,289500,,,,,,,,,,,,,,,,,,,,,,,,,14,-8
8686,289533,,,,,,,,,,,,,,,,,,,,,,,,,0,0
8687,289567,,,,,,,,,,,,,,,,,,,,,,,,,0,0
8688,289600,,,,,,,,,,,,,,,,,,,,,,,,,0,0
8689,289633,,,,,,,,,,,,,,,,,,,,,,,,,0,0
8690,289667,,,,,,,,,,,,,,,,,,,,,,,,,0,0
8691,289700,,,,,,,,,,,,,,,,,,,,,,,,,0,0
8692,289733,,,,,,,,,,,,,,,,,,,,,,,,,0,0
8693,289767,,,,,,,,,,,,,,,,,,,,,,,,,0,0
8694,289800,,,,,,,,,,,,,,,,,,,,,,,,,0,0
8695,289833,,,,,,,,,,,,,,,,,,,,,,,,,0,0
8696,289867,,,,,,,,,,,,,,,,,,,,,,,,,0,0
8697,289900,,,,,,,,,,,,,,,,,,,,,,,,,0,0
8698,289933,,,,,,,,,,,,,,,,,,,,,,,,,0,0
8699,289967,,,,,,,,,,,,,,,,,,,,,,,,,0,0
8700,290000,,,,,,,,,,,,,,,,,,,,,,,,,0,0
8701,290033,,,,,,,,,,,,,,,,,,,,,,,,,0,0
8702,290067,,,,,,,,,,,,,,,,,,,,,,,,,0,0
8703,290100,,,,,,,,,,,,,,,,,,,,,,,,,0,0
8704,290133,,,,,,,,,,,,,,,,,,,,,,,,,0,0
8705,290167,,,,,,,,,,,,,,,,,,,,,,,,,0,0
8706,290200,,,,,,,,,,,,,,,,,,,,,,,,,0,0
8707,290233,,,,,,,,,,,,,,,,,,,,,,,,,0,0
8708,290267,,,,,,,,,,,,,,,,,,,,,,,,,0,0
8709,290300,,,,,,,,,,,,,,,,,,,,,,,,,0,0
8710,290333,,,,,,,,,,,,,,,,,,,,,,,,,0,0
8711,290367,,,,,,,,,,,,,,,,,,,,,,,,,0,0
8712,290400,,,,,,,,,,,,,,,,,,,,,,,,,0,0
8713,290433,,,,,,,,,,,,,,,,,,,,,,,,,0,0
8714,290467,,,,,,,,,,,,,,,,,,,,,,,,,0,0
8715,290500,,,,,,,,,,,,,,,,,,,,,,,,,0,0
8716,290533,,,,,,,,,,,,,,,,,,,,,,,,,0,0
8717,290567,,,,,,,,,,,,,,,,,,,,,,,,,0,0
8718,290600,,,,,,,,,,,,,,,,,,,,,,,,,0,0
8719,290633,,,,,,,,,,,,,,,,,,,,,,,,,0,0
8720,290667,,,,,,,,,,,,,,,,,,,,,,,,,0,0
8721,290700,,,,,,,,,,,,,,,,,,,,,,,,,0,0
8722,290733,,,,,,,,,,,,,,,,,,,,,,,,,0,0
8723,290767,,,,,,,,,,,,,,,,,,,,,,,,,0,0
8724,290800,,,,,,,,,,,,,,,,,,,,,,,,,0,0
8725,290833,,,,,,,,,,,,,,,,,,,,,,,,,0,0
8726,290867,,,,,,,,,,,,,,,,,,,,,,,,,0,0
8727,290900,,,,,,,,,,,,,,,,,,,,,,,,,0,0
8728,290933,,,,,,,,,,,,,,,,,,,,,,,,,0,0
8729,290967,,,,,,,,,,,,,,,,,,,,,,,,,0,0
8730,291000,,,,,,,,,,,,,,,,,,,,,,,,,0,0
8731,291033,,,,,,,,,,,,,,,,,,,,,,,,,0,0
8732,291067,,,,,,,,,,,,,,,,,,,,,,,,,0,0
8733,291100,,,,,,,,,,,,,,,,,,,,,,,,,0,0
8734,291133,,,,,,,,,,,,,,,,,,,,,,,,,0,0
8735,291167,,,,,,,,,,,,,,,,,,,,,,,,,0,0
8736,291200,,,,,,,,,,,,,,,,,,,,,,,,,0,0
8737,291233,,,,,,,,,,,,,,,,,,,,,,,,,0,0
8738,291267,,,,,,,,,,,,,,,,,,,,,,,,,0,0
8739,291300,,,,,,,,,,,,,,,,,,,,,,,,,0,0
8740,291333,,,,,,,,,,,,,,,,,,,,,,,,,0,0
8741,291367,,,,,,,,,,,,,,,,,,,,,,,,,0,0
8742,291400,,,,,,,,,,,,,,,,,,,,,,,,,0,0
8743,291433,,,,,,,,,,,,,,,,,,,,,,,,,0,0
8744,291467,,,,,,,,,,,,,,,,,,,,,,,,,0,0
8745,291500,,,,,,,,,,,,,,,,,,,,,,,,,0,0
8746,291533,,,,,,,,,,,,,,,,,,,,,,,,,0,0
8747,291567,,,,,,,,,,,,,,,,,,,,,,,,,0,0
8748,291600,,,,,,,,,,,,,,,,,,,,,,,,,0,0
8749,291633,,,,,,,,,,,,,,,,,,,,,,,,,0,0
8750,291667,,,,,,,,,,,,,,,,,,,,,,,,,0,0
8751,291700,,,,,,,,,,,,,,,,,,,,,,,,,0,0
8752,291733,,,,,,,,,,,,,,,,,,,,,,,,,0,0
8753,291767,,,,,,,,,,,,,,,,,,,,,,,,,0,0
8754,291800,,,,,,,,,,,,,,,,,,,,,,,,,0,0
8755,291833,,,,,,,,,,,,,,,,,,,,,,,,,0,0
8756,291867,,,,,,,,,,,,,,,,,,,,,,,,,0,0
8757,291900,,,,,,,,,,,,,,,,,,,,,,,,,0,0
8758,291933,,,,,,,,,,,,,,,,,,,,,,,,,0,0
8759,291967,,,,,,,,,,,,,,,,,,,,,,,,,0,0
8760,292000,,,,,,,,,,,,,,,,,,,,,,,,,0,0
8761,292033,,,,,,,,,,,,,,,,,,,,,,,,,0,0
8762,292067,,,,,,,,,,,,,,,,,,,,,,,,,0,0
8763,292100,,,,,,,,,,,,,,,,,,,,,,,,,0,0
8764,292133,,,,,,,,,,,,,,,,,,,,,,,,,0,0
8765,292167,,,,,,,,,,,,,,,,,,,,,,,,,0,0
8766,292200,,,,,,,,,,,,,,,,,,,,,,,,,0,0
8767,292233,,,,,,,,,,,,,,,,,,,,,,,,,0,0
8768,292267,,,,,,,,,,,,,,,,,,,,,,,,,0,0
8769,292300,,,,,,,,,,,,,,,,,,,,,,,,,0,0
8770,292333,,,,,,,,,,,,,,,,,,,,,,,,,0,0
8771,292367,,,,,,,,,,,,,,,,,,,,,,,,,0,0
8772,292400,,,,,,,,,,,,,,,,,,,,,,,,,0,0
8773,292433,,,,,,,,,,,,,,,,,,,,,,,,,0,0
8774,292467,,,,,,,,,,,,,,,,,,,,,,,,,0,0
8775,292500,,,,,,,,,,,,,,,,,,,,,,,,,0,0
8776,292533,,,,,,,,,,,,,,,,,,,,,,,,,0,0
8777,292567,,,,,,,,,,,,,,,,,,,,,,,,,0,0
8778,292600,,,,,,,,,,,,,,,,,,,,,,,,,0,0
8779,292633,,,,,,,,,,,,,,,,,,,,,,,,,0,0
8780,292667,,,,,,,,,,,,,,,,,,,,,,,,,0,0
8781,292700,,,,,,,,,,,,,,,,,,,,,,,,,0,0
8782,292733,,,,,,,,,,,,,,,,,,,,,,,,,0,0
8783,292767,,,,,,,,,,,,,,,,,,,,,,,,,0,0
8784,292800,,,,,,,,,,,,,,,,,,,,,,,,,0,0
8785,292833,,,,,,,,,,,,,,,,,,,,,,,,,0,0
8786,292867,,,,,,,,,,,,,,,,,,,,,,,,,0,0
8787,292900,,,,,,,,,,,,,,,,,,,,,,,,,0,0
8788,292933,,,,,,,,,,,,,,,,,,,,,,,,,0,0
8789,292967,,,,,,,,,,,,,,,,,,,,,,,,,0,0
8790,293000,,,,,,,,,,,,,,,,,,,,,,,,,0,0
8791,293033,,,,,,,,,,,,,,,,,,,,,,,,,0,0
8792,293067,,,,,,,,,,,,,,,,,,,,,,,,,0,0
8793,293100,,,,,,,,,,,,,,,,,,,,,,,,,0,0
8794,293133,,,,,,,,,,,,,,,,,,,,,,,,,0,0
8795,293167,,,,,,,,,,,,,,,,,,,,,,,,,0,0
8796,293200,,,,,,,,,,,,,,,,,,,,,,,,,0,0
8797,293233,,,,,,,,,,,,,,,,,,,,,,,,,0,0
8798,293267,,,,,,,,,,,,,,,,,,,,,,,,,0,0
8799,293300,,,,,,,,,,,,,,,,,,,,,,,,,0,0
8800,293333,,,,,,,,,,,,,,,,,,,,,,,,,0,0
8801,293367,,,,,,,,,,,,,,,,,,,,,,,,,0,0
8802,293400,,,,,,,,,,,,,,,,,,,,,,,,,0,0
8803,293433,,,,,,,,,,,,,,,,,,,,,,,,,0,0
8804,293467,,,,,,,,,,,,,,,,,,,,,,,,,0,0
8805,293500,,,,,,,,,,,,,,,,,,,,,,,,,0,0
8806,293533,,,,,,,,,,,,,,,,,,,,,,,,,0,0
8807,293567,,,,,,,,,,,,,,,,,,,,,,,,,0,0
8808,293600,,,,,,,,,,,,,,,,,,,,,,,,,0,0
8809,293633,,,,,,,,,,,,,,,,,,,,,,,,,0,0
8810,293667,,,,,,,,,,,,,,,,,,,,,,,,,0,0
8811,293700,,,,,,,,,,,,,,,,,,,,,,,,,0,0
8812,293733,,,,,,,,,,,,,,,,,,,,,,,,,0,0
8813,293767,,,,,,,,,,,,,,,,,,,,,,,,,0,0
8814,293800,,,,,,,,,,,,,,,,,,,,,,,,,0,0
8815,293833,,,,,,,,,,,,,,,,,,,,,,,,,0,0
8816,293867,,,,,,,,,,,,,,,,,,,,,,,,,0,0
8817,293900,,,,,,,,,,,,,,,,,,,,,,,,,0,0
8818,293933,,,,,,,,,,,,,,,,,,,,,,,,,0,0
8819,293967,,,,,,,,,,,,,,,,,,,,,,,,,0,0
8820,294000,,,,,,,,,,,,,,,,,,,,,,,,,0,0
8821,294033,,,,,,,,,,,,,,,,,,,,,,,,,0,0
8822,294067,,,,,,,,,,,,,,,,,,,,,,,,,0,0
8823,294100,,,,,,,,,,,,,,,,,,,,,,,,,0,0
8824,294133,,,,,,,,,,,,,,,,,,,,,,,,,0,0
8825,294167,,,,,,,,,,,,,,,,,,,,,,,,,0,0
8826,294200,,,,,,,,,,,,,,,,,,,,,,,,,0,0
8827,294233,,,,,,,,,,,,,,,,,,,,,,,,,0,0
8828,294267,,,,,,,,,,,,,,,,,,,,,,,,,0,0
8829,294300,,,,,,,,,,,,,,,,,,,,,,,,,0,0
8830,294333,,,,,,,,,,,,,,,,,,,,,,,,,0,0
8831,294367,,,,,,,,,,,,,,,,,,,,,,,,,0,0
8832,294400,,,,,,,,,,,,,,,,,,,,,,,,,0,0
8833,294433,,,,,,,,,,,,,,,,,,,,,,,,,0,0
8834,294467,,,,,,,,,,,,,,,,,,,,,,,,,0,0
8835,294500,,,,,,,,,,,,,,,,,,,,,,,,,0,0
8836,294533,,,,,,,,,,,,,,,,,,,,,,,,,0,0
8837,294567,,,,,,,,,,,,,,,,,,,,,,,,,0,0
8838,294600,,,,,,,,,,,,,,,,,,,,,,,,,0,0
8839,294633,,,,,,,,,,,,,,,,,,,,,,,,,0,0
8840,294667,,,,,,,,,,,,,,,,,,,,,,,,,0,0
8841,294700,,,,,,,,,,,,,,,,,,,,,,,,,0,0
8842,294733,,,,,,,,,,,,,,,,,,,,,,,,,0,0
8843,294767,,,,,,,,,,,,,,,,,,,,,,,,,0,0
8844,294800,,,,,,,,,,,,,,,,,,,,,,,,,0,0
8845,294833,,,,,,,,,,,,,,,,,,,,,,,,,0,0
8846,294867,,,,,,,,,,,,,,,,,,,,,,,,,0,0
8847,294900,,,,,,,,,,,,,,,,,,,,,,,,,0,0
8848,294933,,,,,,,,,,,,,,,,,,,,,,,,,0,0
8849,294967,,,,,,,,,,,,,,,,,,,,,,,,,0,0
8850,295000,,,,,,,,,,,,,,,,,,,,,,,,,0,0
8851,295033,,,,,,,,,,,,,,,,,,,,,,,,,0,0
8852,295067,,,,,,,,,,,,,,,,,,,,,,,,,0,0
8853,295100,,,,,,,,,,,,,,,,,,,,,,,,,0,0
8854,295133,,,,,,,,,,,,,,,,,,,,,,,,,0,0
8855,295167,,,,,,,,,,,,,,,,,,,,,,,,,0,0
8856,295200,,,,,,,,,,,,,,,,,,,,,,,,,0,0
8857,295233,,,,,,,,,,,,,,,,,,,,,,,,,0,0
8858,295267,,,,,,,,,,,,,,,,,,,,,,,,,0,0
8859,295300,,,,,,,,,,,,,,,,,,,,,,,,,0,0
8860,295333,,,,,,,,,,,,,,,,,,,,,,,,,0,0
8861,295367,,,,,,,,,,,,,,,,,,,,,,,,,0,0
8862,295400,,,,,,,,,,,,,,,,,,,,,,,,,0,0
8863,295433,,,,,,,,,,,,,,,,,,,,,,,,,0,0
8864,295467,,,,,,,,,,,,,,,,,,,,,,,,,0,0
8865,295500,,,,,,,,,,,,,,,,,,,,,,,,,0,0
8866,295533,,,,,,,,,,,,,,,,,,,,,,,,,0,0
8867,295567,,,,,,,,,,,,,,,,,,,,,,,,,0,0
8868,295600,,,,,,,,,,,,,,,,,,,,,,,,,0,0
8869,295633,,,,,,,,,,,,,,,,,,,,,,,,,0,0
8870,295667,,,,,,,,,,,,,,,,,,,,,,,,,0,0
8871,295700,,,,,,,,,,,,,,,,,,,,,,,,,0,0
8872,295733,,,,,,,,,,,,,,,,,,,,,,,,,0,0
8873,295767,,,,,,,,,,,,,,,,,,,,,,,,,0,0
8874,295800,,,,,,,,,,,,,,,,,,,,,,,,,0,0
8875,295833,,,,,,,,,,,,,,,,,,,,,,,,,0,0
8876,295867,,,,,,,,,,,,,,,,,,,,,,,,,0,0
8877,295900,,,,,,,,,,,,,,,,,,,,,,,,,0,0
8878,295933,,,,,,,,,,,,,,,,,,,,,,,,,0,0
8879,295967,,,,,,,,,,,,,,,,,,,,,,,,,0,0
8880,296000,,,,,,,,,,,,,,,,,,,,,,,,,0,0
8881,296033,,,,,,,,,,,,,,,,,,,,,,,,,0,0
8882,296067,,,,,,,,,,,,,,,,,,,,,,,,,0,0
8883,296100,,,,,,,,,,,,,,,,,,,,,,,,,0,0
8884,296133,,,,,,,,,,,,,,,,,,,,,,,,,0,0
8885,296167,,,,,,,,,,,,,,,,,,,,,,,,,0,0
8886,296200,,,,,,,,,,,,,,,,,,,,,,,,,0,0
8887,296233,,,,,,,,,,,,,,,,,,,,,,,,,0,0
8888,296267,,,,,,,,,,,,,,,,,,,,,,,,,0,0
8889,296300,,,,,,,,,,,,,,,,,,,,,,,,,0,0
8890,296333,,,,,,,,,,,,,,,,,,,,,,,,,0,0
8891,296367,,,,,,,,,,,,,,,,,,,,,,,,,0,0
8892,296400,,,,,,,,,,,,,,,,,,,,,,,,,0,0
8893,296433,,,,,,,,,,,,,,,,,,,,,,,,,0,0
8894,296467,,,,,,,,,,,,,,,,,,,,,,,,,0,0
8895,296500,,,,,,,,,,,,,,,,,,,,,,,,,0,0
8896,296533,,,,,,,,,,,,,,,,,,,,,,,,,0,0
8897,296567,,,,,,,,,,,,,,,,,,,,,,,,,0,0
8898,296600,,,,,,,,,,,,,,,,,,,,,,,,,0,0
8899,296633,,,,,,,,,,,,,,,,,,,,,,,,,0,0
8900,296667,,,,,,,,,,,,,,,,,,,,,,,,,0,0
8901,296700,,,,,,,,,,,,,,,,,,,,,,,,,0,0
8902,296733,,,,,,,,,,,,,,,,,,,,,,,,,0,0
8903,296767,,,,,,,,,,,,,,,,,,,,,,,,,0,0
8904,296800,,,,,,,,,,,,,,,,,,,,,,,,,0,0
8905,296833,,,,,,,,,,,,,,,,,,,,,,,,,0,0
8906,296867,,,,,,,,,,,,,,,,,,,,,,,,,0,0
8907,296900,,,,,,,,,,,,,,,,,,,,,,,,,0,0
8908,296933,,,,,,,,,,,,,,,,,,,,,,,,,0,0
8909,296967,,,,,,,,,,,,,,,,,,,,,,,,,0,0
8910,297000,,,,,,,,,,,,,,,,,,,,,,,,,0,0
8911,297033,,,,,,,,,,,,,,,,,,,,,,,,,0,0
8912,297067,,,,,,,,,,,,,,,,,,,,,,,,,0,0
8913,297100,,,,,,,,,,,,,,,,,,,,,,,,,0,0
8914,297133,,,,,,,,,,,,,,,,,,,,,,,,,0,0
8915,297167,,,,,,,,,,,,,,,,,,,,,,,,,0,0
8916,297200,,,,,,,,,,,,,,,,,,,,,,,,,0,0
8917,297233,,,,,,,,,,,,,,,,,,,,,,,,,0,0
8918,297267,,,,,,,,,,,,,,,,,,,,,,,,,0,0
8919,297300,,,,,,,,,,,,,,,,,,,,,,,,,0,0
8920,297333,,,,,,,,,,,,,,,,,,,,,,,,,0,0
8921,297367,,,,,,,,,,,,,,,,,,,,,,,,,0,0
8922,297400,,,,,,,,,,,,,,,,,,,,,,,,,0,0
8923,297433,,,,,,,,,,,,,,,,,,,,,,,,,0,0
8924,297467,,,,,,,,,,,,,,,,,,,,,,,,,0,0
8925,297500,,,,,,,,,,,,,,,,,,,,,,,,,0,0
8926,297533,,,,,,,,,,,,,,,,,,,,,,,,,0,0
8927,297567,,,,,,,,,,,,,,,,,,,,,,,,,0,0
8928,297600,,,,,,,,,,,,,,,,,,,,,,,,,0,0
8929,297633,,,,,,,,,,,,,,,,,,,,,,,,,0,0
8930,297667,,,,,,,,,,,,,,,,,,,,,,,,,0,0
8931,297700,,,,,,,,,,,,,,,,,,,,,,,,,0,0
8932,297733,,,,,,,,,,,,,,,,,,,,,,,,,0,0
8933,297767,,,,,,,,,,,,,,,,,,,,,,,,,0,0
8934,297800,,,,,,,,,,,,,,,,,,,,,,,,,0,0
8935,297833,,,,,,,,,,,,,,,,,,,,,,,,,0,0
8936,297867,,,,,,,,,,,,,,,,,,,,,,,,,0,0
8937,297900,,,,,,,,,,,,,,,,,,,,,,,,,0,0
8938,297933,,,,,,,,,,,,,,,,,,,,,,,,,-2,2
8939,297967,,,,,,,,,,,,,,,,,,,,,,,,,-4,5
8940,298000,,,,,,,,,,,,,,,,,,,,,,,,,0,0
8941,298033,,,,,,,,,,,,,,,,,,,,,,,,,0,0
8942,298067,,,,,,,,,,,,,,,,,,,,,,,,,0,0
8943,298100,,,,,,,,,,,,,,,,,,,,,,,,,0,0
8944,298133,,,,,,,,,,,,,,,,,,,,,,,,,0,0
8945,298167,,,,,,,,,,,,,,,,,,,,,,,,,0,0
8946,298200,,,,,,,,,,,,,,,,,,,,,,,,,0,0
8947,298233,,,,,,,,,,,,,,,,,,,,,,,,,3,2
8948,298267,,,,,,,,,,,,,,,,,,,,,,,,,12,1
8949,298300,,,,,,,,,,,,,,,,,,,,,,,,,1,8
8950,298333,,,,,,,,,,,,,,,,,,,,,,,,,0,1
8951,298367,,,,,,,,,,,,,,,,,,,,,,,,,0,0
8952,298400,,,,,,,,,,,,,,,,,,,,,,,,,0,0
8953,298433,,,,,,,,,,,,,,,,,,,,,,,,,0,0
8954,298467,,,,,,,,,,,,,,,,,,,,,,,,,0,0
8955,298500,,,,,,,,,,,,,,,,,,,,,,,,,0,0
8956,298533,,,,,,,,,,,,,,,,,,,,,,,,,0,0
8957,298567,,,,,,,,,,,,,,,,,,,,,,,,,0,0
8958,298600,,,,,,,,,,,,,,,,,,,,,,,,,0,0
8959,298633,,,,,,,,,,,,,,,,,,,,,,,,,0,0
8960,298667,,,,,,,,,,,,,,,,,,,,,,,,,0,0
8961,298700,,,,,,,,,,,,,,,,,,,,,,,,,0,0
8962,298733,,,,,,,,,,,,,,,,,,,,,,,,,0,0
8963,298767,,,,,,,,,,,,,,,,,,,,,,,,,0,0
8964,298800,,,,,,,,,,,,,,,,,,,,,,,,,0,0
8965,298833,,,,,,,,,,,,,,,,,,,,,,,,,0,0
8966,298867,,,,,,,,,,,,,,,,,,,,,,,,,0,0
8967,298900,,,,,,,,,,,,,,,,,,,,,,,,,1,0
8968,298933,,,,,,,,,,,,,,,,,,,,,,,,,10,-5
8969,298967,,,,,,,,,,,,,,,,,,,,,,,,,0,0
8970,299000,,,,,,,,,,,,,,,,,,,,,,,,,1,0
8971,299033,,,,,,,,,,,,,,,,,,,,,,,,,0,0
8972,299067,,,,,,,,,,,,,,,,,,,,,,,,,0,0
8973,299100,,,,,,,,,,,,,,,,,,,,,,,,,0,0
8974,299133,,,,,,,,,,,,,,,,,,,,,,,,,0,0
8975,299167,,,,,,,,,,,,,,,,,,,,,,,,,0,0
8976,299200,,,,,,,,,,,,,,,,,,,,,,,,,0,0
8977,299233,,,,,,,,,,,,,,,,,,,,,,,,,0,0
8978,299267,,,,,,,,,,,,,,,,,,,,,,,,,0,0
8979,299300,,,,,,,,,,,,,,,,,,,,,,,,,0,0
8980,299333,,,,,,,,,,,,,,,,,,,,,,,,,0,0
8981,299367,,,,,,,,,,,,,,,,,,,,,,,,,0,0
8982,299400,,,,,,,,,,,,,,,,,,,,,,,,,0,0
8983,299433,,,,,,,,,,,,,,,,,,,,,,,,,0,0
8984,299467,,,,,,,,,,,,,,,,,,,,,,,,,0,0
8985,299500,,,,,,,,,,,,,,,,,,,,,,,,,0,0
8986,299533,,,,,,,,,,,,,,,,,,,,,,,,,0,0
8987,299567,,,,,,,,,,,,,,,,,,,,,,,,,0,0
8988,299600,,,,,,,,,,,,,,,,,,,,,,,,,0,0
8989,299633,,,,,,,,,,,,,,,,,,,,,,,,,0,0
8990,299667,,,,,,,,,,,,,,,,,,,,,,,,,0,0
8991,299700,,,,,,,,,,,,,,,,,,,,,,,,,0,0
8992,299733,,,,,,,,,,,,,,,,,,,,,,,,,0,0
8993,299767,,,,,,,,,,,,,,,,,,,,,,,,,0,0
8994,299800,,,,,,,,,,,,,,,,,,,,,,,,,0,0
8995,299833,,,,,,,,,,,,,,,,,,,,,,,,,0,0
8996,299867,,,,,,,,,,,,,,,,,,,,,,,,,0,0
8997,299900,,,,,,,,,,,,,,,,,,,,,,,,,0,0
8998,299933,,,,,,,,,,,,,,,,,,,,,,,,,0,0
8999,299967,,,,,,,,,,,,,,,,,,,,,,,,,0,0
9000,300000,,,,,,,,,,,,,,,,,,,,,,,,,0,0
9001,300033,,,,,,,,,,,,,,,,,,,,,,,,,0,0
9002,300067,,,,,,,,,,,,,,,,,,,,,,,,,0,0
9003,300100,,,,,,,,,,,,,,,,,,,,,,,,,0,0
9004,300133,,,,,,,,,,,,,,,,,,,,,,,,,0,0
9005,300167,,,,,,,,,,,,,,,,,,,,,,,,,0,0
9006,300200,,,,,,,,,,,,,,,,,,,,,,,,,0,0
9007,300233,,,,,,,,,,,,,,,,,,,,,,,,,0,0
9008,300267,,,,,,,,,,,,,,,,,,,,,,,,,0,0
9009,300300,,,,,,,,,,,,,,,,,,,,,,,,,0,0
9010,300333,,,,,,,,,,,,,,,,,,,,,,,,,0,0
9011,300367,,,,,,,,,,,,,,,,,,,,,,,,,0,0
9012,300400,,,,,,,,,,,,,,,,,,,,,,,,,0,0
9013,300433,,,,,,,,,,,,,,,,,,,,,,,,,0,0
9014,300467,,,,,,,,,,,,,,,,,,,,,,,,,0,0
9015,300500,,,,,,,,,,,,,,,,,,,,,,,,,0,0
9016,300533,,,,,,,,,,,,,,,,,,,,,,,,,0,0
9017,300567,,,,,,,,,,,,,,,,,,,,,,,,,0,0
9018,300600,,,,,,,,,,,,,,,,,,,,,,,,,0,0
9019,300633,,,,,,,,,,,,,,,,,,,,,,,,,0,0
9020,300667,,,,,,,,,,,,,,,,,,,,,,,,,0,0
9021,300700,,,,,,,,,,,,,,,,,,,,,,,,,0,0
9022,300733,,,,,,,,,,,,,,,,,,,,,,,,,0,0
9023,300767,,,,,,,,,,,,,,,,,,,,,,,,,0,0
9024,300800,,,,,,,,,,,,,,,,,,,,,,,,,0,0
9025,300833,,,,,,,,,,,,,,,,,,,,,,,,,0,0
9026,300867,,,,,,,,,,,,,,,,,,,,,,,,,0,0
9027,300900,,,,,,,,,,,,,,,,,,,,,,,,,0,0
9028,300933,,,,,,,,,,,,,,,,,,,,,,,,,0,0
9029,300967,,,,,,,,,,,,,,,,,,,,,,,,,0,0
9030,301000,,,,,,,,,,,,,,,,,,,,,,,,,0,0
9031,301033,,,,,,,,,,,,,,,,,,,,,,,,,0,0
9032,301067,,,,,,,,,,,,,,,,,,,,,,,,,0,0
9033,301100,,,,,,,,,,,,,,,,,,,,,,,,,0,0
9034,301133,,,,,,,,,,,,,,,,,,,,,,,,,0,0
9035,301167,,,,,,,,,,,,,,,,,,,,,,,,,0,0
9036,301200,,,,,,,,,,,,,,,,,,,,,,,,,0,0
9037,301233,,,,,,,,,,,,,,,,,,,,,,,,,0,0
9038,301267,,,,,,,,,,,,,,,,,,,,,,,,,0,0
9039,301300,,,,,,,,,,,,,,,,,,,,,,,,,0,0
9040,301333,,,,,,,,,,,,,,,,,,,,,,,,,0,0
9041,301367,,,,,,,,,,,,,,,,,,,,,,,,,0,0
9042,301400,,,,,,,,,,,,,,,,,,,,,,,,,0,0
9043,301433,,,,,,,,,,,,,,,,,,,,,,,,,0,0
9044,301467,,,,,,,,,,,,,,,,,,,,,,,,,0,0
9045,301500,,,,,,,,,,,,,,,,,,,,,,,,,0,0
9046,301533,,,,,,,,,,,,,,,,,,,,,,,,,0,0
9047,301567,,,,,,,,,,,,,,,,,,,,,,,,,0,0
9048,301600,,,,,,,,,,,,,,,,,,,,,,,,,0,0
9049,301633,,,,,,,,,,,,,,,,,,,,,,,,,0,0
9050,301667,,,,,,,,,,,,,,,,,,,,,,,,,0,0
9051,301700,,,,,,,,,,,,,,,,,,,,,,,,,0,0
9052,301733,,,,,,,,,,,,,,,,,,,,,,,,,0,0
9053,301767,,,,,,,,,,,,,,,,,,,,,,,,,0,0
9054,301800,,,,,,,,,,,,,,,,,,,,,,,,,0,0
9055,301833,,,,,,,,,,,,,,,,,,,,,,,,,0,0
9056,301867,,,,,,,,,,,,,,,,,,,,,,,,,0,0
9057,301900,,,,,,,,,,,,,,,,,,,,,,,,,0,0
9058,301933,,,,,,,,,,,,,,,,,,,,,,,,,0,0
9059,301967,,,,,,,,,,,,,,,,,,,,,,,,,0,0
9060,302000,,,,,,,,,,,,,,,,,,,,,,,,,0,0
9061,302033,,,,,,,,,,,,,,,,,,,,,,,,,0,0
9062,302067,,,,,,,,,,,,,,,,,,,,,,,,,0,0
9063,302100,,,,,,,,,,,,,,,,,,,,,,,,,0,0
9064,302133,,,,,,,,,,,,,,,,,,,,,,,,,0,0
9065,302167,,,,,,,,,,,,,,,,,,,,,,,,,0,0
9066,302200,,,,,,,,,,,,,,,,,,,,,,,,,0,0
9067,302233,,,,,,,,,,,,,,,,,,,,,,,,,0,0
9068,302267,,,,,,,,,,,,,,,,,,,,,,,,,0,0
9069,302300,,,,,,,,,,,,,,,,,,,,,,,,,0,0
9070,302333,,,,,,,,,,,,,,,,,,,,,,,,,0,0
9071,302367,,,,,,,,,,,,,,,,,,,,,,,,,0,0
9072,302400,,,,,,,,,,,,,,,,,,,,,,,,,0,0
9073,302433,,,,,,,,,,,,,,,,,,,,,,,,,0,0
9074,302467,,,,,,,,,,,,,,,,,,,,,,,,,0,0
9075,302500,,,,,,,,,,,,,,,,,,,,,,,,,0,0
9076,302533,,,,,,,,,,,,,,,,,,,,,,,,,0,0
9077,302567,,,,,,,,,,,,,,,,,,,,,,,,,0,0
9078,302600,,,,,,,,,,,,,,,,,,,,,,,,,0,0
9079,302633,,,,,,,,,,,,,,,,,,,,,,,,,0,0
9080,302667,,,,,,,,,,,,,,,,,,,,,,,,,0,0
9081,302700,,,,,,,,,,,,,,,,,,,,,,,,,0,0
9082,302733,,,,,,,,,,,,,,,,,,,,,,,,,0,0
9083,302767,,,,,,,,,,,,,,,,,,,,,,,,,0,0
9084,302800,,,,,,,,,,,,,,,,,,,,,,,,,0,0
9085,302833,,,,,,,,,,,,,,,,,,,,,,,,,0,0
9086,302867,,,,,,,,,,,,,,,,,,,,,,,,,0,0
9087,302900,,,,,,,,,,,,,,,,,,,,,,,,,0,0
9088,302933,,,,,,,,,,,,,,,,,,,,,,,,,0,0
9089,302967,,,,,,,,,,,,,,,,,,,,,,,,,0,0
9090,303000,,,,,,,,,,,,,,,,,,,,,,,,,0,0
9091,303033,,,,,,,,,,,,,,,,,,,,,,,,,0,0
9092,303067,,,,,,,,,,,,,,,,,,,,,,,,,0,0
9093,303100,,,,,,,,,,,,,,,,,,,,,,,,,0,0
9094,303133,,,,,,,,,,,,,,,,,,,,,,,,,0,0
9095,303167,,,,,,,,,,,,,,,,,,,,,,,,,0,0
9096,303200,,,,,,,,,,,,,,,,,,,,,,,,,0,0
9097,303233,,,,,,,,,,,,,,,,,,,,,,,,,0,0
9098,303267,,,,,,,,,,,,,,,,,,,,,,,,,0,0
9099,303300,,,,,,,,,,,,,,,,,,,,,,,,,0,0
9100,303333,,,,,,,,,,,,,,,,,,,,,,,,,0,0
9101,303367,,,,,,,,,,,,,,,,,,,,,,,,,0,0
9102,303400,,,,,,,,,,,,,,,,,,,,,,,,,0,0
9103,303433,,,,,,,,,,,,,,,,,,,,,,,,,0,0
9104,303467,,,,,,,,,,,,,,,,,,,,,,,,,0,0
9105,303500,,,,,,,,,,,,,,,,,,,,,,,,,0,0
9106,303533,,,,,,,,,,,,,,,,,,,,,,,,,0,0
9107,303567,,,,,,,,,,,,,,,,,,,,,,,,,0,0
9108,303600,,,,,,,,,,,,,,,,,,,,,,,,,0,0
9109,303633,,,,,,,,,,,,,,,,,,,,,,,,,0,0
9110,303667,,,,,,,,,,,,,,,,,,,,,,,,,0,0
9111,303700,,,,,,,,,,,,,,,,,,,,,,,,,0,0
9112,303733,,,,,,,,,,,,,,,,,,,,,,,,,0,0
9113,303767,,,,,,,,,,,,,,,,,,,,,,e,interact,,0,0
9114,303800,,,,,,,,,,,,,,,,,,,,,,e,interact,,0,0
9115,303833,,,,,,,,,,,,,,,,,,,,,,e,interact,,0,0
9116,303867,,,,,,,,,,,,,,,,,,,,,,,,,0,0
9117,303900,,,,,,,,,,,,,,,,,,,,,,,,,0,0
9118,303933,,,,,,,,,,,,,,,,,,,,,,,,,0,0
9119,303967,,,,,,,,,,,,,,,,,,,,,,,,,0,0
9120,304000,,,,,,,,,,,,,,,,,,,,,,,,,0,0
9121,304033,,,,,,,,,,,,,,,,,,,,,,,,,0,0
9122,304067,,,,,,,,,,,,,,,,,,,,,,,,,0,0
9123,304100,,,,,,,,,,,,,,,,,,,,,,,,,0,0
9124,304133,,,,,,,,,,,,,,,,,,,,,,,,,0,0
9125,304167,,,,,,,,,,,,,,,,,,,,,,,,,3,-2
9126,304200,,,,,,,,,,,,,,,,,,,,,,,,,11,-5
9127,304233,,,,,,,,,,,,,,,,,,,,,,,,,24,-15
9128,304267,,,,,,,,,,,,,,,,,,,,,,,,,28,-19
9129,304300,,,,,,,,,,,,,,,,,,,,,,,,,25,-24
9130,304333,,,,,,,,,,,,,,,,,,,,,,,,,22,-15
9131,304367,,,,,,,,,,,,,,,,,,,,,,,,,52,-15
9132,304400,,,,,,,,,,,,,,,,,,,,,,,,,74,-6
9133,304433,,,,,,,,,,,,,,,,,,,,,,,,,0,0
9134,304467,,,,,,,,,,,,,,,,,,,,,,,,,8,2
9135,304500,,,,,,,,,,,,,,,,,,,,,,,,,0,0
9136,304533,,,,,,,,,,,,,,,,,,,,,,,,,0,0
9137,304567,,,,,,,,,,,,,,,,,,,,,,,,,0,0
9138,304600,,,,,,,,,,,,,,,,,,,,,,,,,0,0
9139,304633,,,,,,,,,,,,,,,,,,,,,,w,move_up,,8,-13
9140,304667,,,,,,,,,,,,,,,,,,,,,,w,move_up,,20,-18
9141,304700,,,,,,,,,,,,,,,,,,,,,,w,move_up,,27,-19
9142,304733,,,,,,,,,,,,,,,,,,,,,,w,move_up,,7,-5
9143,304767,,,,,,,,,,,,,,,,,,,,,,w,move_up,,4,-3
9144,304800,,,,,,,,,,,,,,,,,,,,,,w,move_up,,5,-3
9145,304833,,,,,,,,,,,,,,,,,,,,,,w,move_up,,5,-1
9146,304867,,,,,,,,,,,,,,,,,,,,,,w,move_up,,1,-1
9147,304900,,,,,,,,,,,,,,,,,,,,,,w,move_up,,2,0
9148,304933,,,,,,,,,,,,,,,,,,,,,,w,move_up,,0,0
9149,304967,,,,,,,,,,,,,,,,,,,,,,w,move_up,,0,0
9150,305000,,,,,,,,,,,,,,,,,,,,,,a|w,move_up|move_left,,0,0
9151,305033,,,,,,,,,,,,,,,,,,,,,,a|w,move_up|move_left,,2,1
9152,305067,,,,,,,,,,,,,,,,,,,,,,a|w,move_up|move_left,,15,3
9153,305100,,,,,,,,,,,,,,,,,,,,,,w,move_up,,20,1
9154,305133,,,,,,,,,,,,,,,,,,,,,,w,move_up,,7,-1
9155,305167,,,,,,,,,,,,,,,,,,,,,,w,move_up,,0,0
9156,305200,,,,,,,,,,,,,,,,,,,,,,w,move_up,,0,0
9157,305233,,,,,,,,,,,,,,,,,,,,,,w,move_up,,0,-1
9158,305267,,,,,,,,,,,,,,,,,,,,,,w,move_up,,-15,0
9159,305300,,,,,,,,,,,,,,,,,,,,,,w,move_up,,-32,-4
9160,305333,,,,,,,,,,,,,,,,,,,,,,w,move_up,,-86,-8
9161,305367,,,,,,,,,,,,,,,,,,,,,,w,move_up,,-101,-11
9162,305400,,,,,,,,,,,,,,,,,,,,,,w,move_up,,-97,-6
9163,305433,,,,,,,,,,,,,,,,,,,,,,,,,0,0
9164,305467,,,,,,,,,,,,,,,,,,,,,,,,,-15,1
9165,305500,,,,,,,,,,,,,,,,,,,,,,,,,0,0
9166,305533,,,,,,,,,,,,,,,,,,,,,,,,,0,0
9167,305567,,,,,,,,,,,,,,,,,,,,,,,,,0,0
9168,305600,,,,,,,,,,,,,,,,,,,,,,,,,0,0
9169,305633,,,,,,,,,,,,,,,,,,,,,,,,,-13,-5
9170,305667,,,,,,,,,,,,,,,,,,,,,,w,move_up,,-49,1
9171,305700,,,,,,,,,,,,,,,,,,,,,,w,move_up,,-29,9
9172,305733,,,,,,,,,,,,,,,,,,,,,,w,move_up,,-9,6
9173,305767,,,,,,,,,,,,,,,,,,,,,,w,move_up,,-4,4
9174,305800,,,,,,,,,,,,,,,,,,,,,,w,move_up,,0,0
9175,305833,,,,,,,,,,,,,,,,,,,,,,w,move_up,,-1,0
9176,305867,,,,,,,,,,,,,,,,,,,,,,w,move_up,,0,0
9177,305900,,,,,,,,,,,,,,,,,,,,,,w,move_up,,0,0
9178,305933,,,,,,,,,,,,,,,,,,,,,,w,move_up,,1,0
9179,305967,,,,,,,,,,,,,,,,,,,,,,w,move_up,,0,1
9180,306000,,,,,,,,,,,,,,,,,,,,,,w,move_up,,0,0
9181,306033,,,,,,,,,,,,,,,,,,,,,,w,move_up,,0,0
9182,306067,,,,,,,,,,,,,,,,,,,,,,w,move_up,,-15,-2
9183,306100,,,,,,,,,,,,,,,,,,,,,,d|w,move_up|move_right,,-60,1
9184,306133,,,,,,,,,,,,,,,,,,,,,,d|w,move_up|move_right,,-105,3
9185,306167,,,,,,,,,,,,,,,,,,,,,,d|w,move_up|move_right,,-101,2
9186,306200,,,,,,,,,,,,,,,,,,,,,,d|w,move_up|move_right,,-37,5
9187,306233,,,,,,,,,,,,,,,,,,,,,,d,move_right,,0,0
9188,306267,,,,,,,,,,,,,,,,,,,,,,d,move_right,,0,0
9189,306300,,,,,,,,,,,,,,,,,,,,,,d,move_right,,0,0
9190,306333,,,,,,,,,,,,,,,,,,,,,,d,move_right,,0,0
9191,306367,,,,,,,,,,,,,,,,,,,,,,d,move_right,,-1,0
9192,306400,,,,,,,,,,,,,,,,,,,,,,d,move_right,,-54,2
9193,306433,,,,,,,,,,,,,,,,,,,,,,,,,-66,4
9194,306467,,,,,,,,,,,,,,,,,,,,,,,,,-34,0
9195,306500,,,,,,,,,,,,,,,,,,,,,,,,,-4,-2
9196,306533,,,,,,,,,,,,,,,,,,,,,,,,,0,0
9197,306567,,,,,,,,,,,,,,,,,,,,,,,,,0,0
9198,306600,,,,,,,,,,,,,,,,,,,,,,,,,0,0
9199,306633,,,,,,,,,,,,,,,,,,,,,,,,,1,-1
9200,306667,,,,,,,,,,,,,,,,,,,,,,,,,1,0
9201,306700,,,,,,,,,,,,,,,,,,,,,,,,,1,-3
9202,306733,,,,,,,,,,,,,,,,,,,,,,,,,2,-4
9203,306767,,,,,,,,,,,,,,,,,,,,,,,,,2,-2
9204,306800,,,,,,,,,,,,,,,,,,,,,,,,,21,-6
9205,306833,,,,,,,,,,,,,,,,,,,,,,,,,41,-9
9206,306867,,,,,,,,,,,,,,,,,,,,,,,,,30,-6
9207,306900,,,,,,,,,,,,,,,,,,,,,,,,,4,0
9208,306933,,,,,,,,,,,,,,,,,,,,,,,,,0,-1
9209,306967,,,,,,,,,,,,,,,,,,,,,,a,move_left,,1,0
9210,307000,,,,,,,,,,,,,,,,,,,,,,a|w,move_up|move_left,,0,0
9211,307033,,,,,,,,,,,,,,,,,,,,,,a|w,move_up|move_left,,0,0
9212,307067,,,,,,,,,,,,,,,,,,,,,,a|w,move_up|move_left,,0,0
9213,307100,,,,,,,,,,,,,,,,,,,,,,a|w,move_up|move_left,,-1,0
9214,307133,,,,,,,,,,,,,,,,,,,,,,a|w,move_up|move_left,,-33,10
9215,307167,,,,,,,,,,,,,,,,,,,,,,a|w,move_up|move_left,,-56,7
9216,307200,,,,,,,,,,,,,,,,,,,,,,a|w,move_up|move_left,,-49,6
9217,307233,,,,,,,,,,,,,,,,,,,,,,a|w,move_up|move_left,,-19,2
9218,307267,,,,,,,,,,,,,,,,,,,,,,a|w,move_up|move_left,,-2,0
9219,307300,,,,,,,,,,,,,,,,,,,,,,a|w,move_up|move_left,,0,0
9220,307333,,,,,,,,,,,,,,,,,,,,,,a|w,move_up|move_left,,0,0
9221,307367,,,,,,,,,,,,,,,,,,,,,,,,,0,0
9222,307400,,,,,,,,,,,,,,,,,,,,,,,,,0,0
9223,307433,,,,,,,,,,,,,,,,,,,,,,,,,0,0
9224,307467,,,,,,,,,,,,,,,,,,,,,,,,,0,0
9225,307500,,,,,,,,,,,,,,,,,,,,,,,,,0,1
9226,307533,,,,,,,,,,,,,,,,,,,,,,,,,0,2
9227,307567,,,,,,,,,,,,,,,,,,,,,,,,,0,0
9228,307600,,,,,,,,,,,,,,,,,,,,,,,,,0,1
9229,307633,,,,,,,,,,,,,,,,,,,,,,,,,-50,7
9230,307667,,,,,,,,,,,,,,,,,,,,,,,,,-112,4
9231,307700,,,,,,,,,,,,,,,,,,,,,,,,,-136,1
9232,307733,,,,,,,,,,,,,,,,,,,,,,,,,-72,-2
9233,307767,,,,,,,,,,,,,,,,,,,,,,,,,-49,-4
9234,307800,,,,,,,,,,,,,,,,,,,,,,,,,0,0
9235,307833,,,,,,,,,,,,,,,,,,,,,,,,,0,0
9236,307867,,,,,,,,,,,,,,,,,,,,,,,,,0,0
9237,307900,,,,,,,,,,,,,,,,,,,,,,,,,0,0
9238,307933,,,,,,,,,,,,,,,,,,,,,,w,move_up,,0,0
9239,307967,,,,,,,,,,,,,,,,,,,,,,w,move_up,,0,-1
9240,308000,,,,,,,,,,,,,,,,,,,,,,w,move_up,,-25,-9
9241,308033,,,,,,,,,,,,,,,,,,,,,,w,move_up,,-47,1
9242,308067,,,,,,,,,,,,,,,,,,,,,,w,move_up,,-37,0
9243,308100,,,,,,,,,,,,,,,,,,,,,,w,move_up,,-29,-2
9244,308133,,,,,,,,,,,,,,,,,,,,,,w,move_up,,-34,-3
9245,308167,,,,,,,,,,,,,,,,,,,,,,w,move_up,,-35,-5
9246,308200,,,,,,,,,,,,,,,,,,,,,,w,move_up,,-16,-3
9247,308233,,,,,,,,,,,,,,,,,,,,,,w,move_up,,0,0
9248,308267,,,,,,,,,,,,,,,,,,,,,,w,move_up,,-1,-1
9249,308300,,,,,,,,,,,,,,,,,,,,,,d|w,move_up|move_right,,0,0
9250,308333,,,,,,,,,,,,,,,,,,,,,,d|w,move_up|move_right,,0,0
9251,308367,,,,,,,,,,,,,,,,,,,,,,d|w,move_up|move_right,,0,0
9252,308400,,,,,,,,,,,,,,,,,,,,,,d|w,move_up|move_right,,0,0
9253,308433,,,,,,,,,,,,,,,,,,,,,,d|w,move_up|move_right,,0,0
9254,308467,,,,,,,,,,,,,,,,,,,,,,d|w,move_up|move_right,,0,0
9255,308500,,,,,,,,,,,,,,,,,,,,,,d|w,move_up|move_right,,0,0
9256,308533,,,,,,,,,,,,,,,,,,,,,,d|w,move_up|move_right,,-3,0
9257,308567,,,,,,,,,,,,,,,,,,,,,,w,move_up,,-2,1
9258,308600,,,,,,,,,,,,,,,,,,,,,,w,move_up,,-2,1
9259,308633,,,,,,,,,,,,,,,,,,,,,,w,move_up,,0,0
9260,308667,,,,,,,,,,,,,,,,,,,,,,w,move_up,,0,0
9261,308700,,,,,,,,,,,,,,,,,,,,,,w,move_up,,0,0
9262,308733,,,,,,,,,,,,,,,,,,,,,,d|w,move_up|move_right,,0,0
9263,308767,,,,,,,,,,,,,,,,,,,,,,d|w,move_up|move_right,,0,0
9264,308800,,,,,,,,,,,,,,,,,,,,,,d|w,move_up|move_right,,-1,0
9265,308833,,,,,,,,,,,,,,,,,,,,,,d|w,move_up|move_right,,-4,1
9266,308867,,,,,,,,,,,,,,,,,,,,,,d|w,move_up|move_right,,-11,0
9267,308900,,,,,,,,,,,,,,,,,,,,,,w,move_up,,-28,2
9268,308933,,,,,,,,,,,,,,,,,,,,,,w,move_up,,-38,2
9269,308967,,,,,,,,,,,,,,,,,,,,,,w,move_up,,-53,0
9270,309000,,,,,,,,,,,,,,,,,,,,,,w,move_up,,-15,0
9271,309033,,,,,,,,,,,,,,,,,,,,,,w,move_up,,0,0
9272,309067,,,,,,,,,,,,,,,,,,,,,,w,move_up,,0,0
9273,309100,,,,,,,,,,,,,,,,,,,,,,w,move_up,,0,0
9274,309133,,,,,,,,,,,,,,,,,,,,,,w,move_up,,0,0
9275,309167,,,,,,,,,,,,,,,,,,,,,,,,,0,0
9276,309200,,,,,,,,,,,,,,,,,,,,,,,,,0,0
9277,309233,,,,,,,,,,,,,,,,,,,,,,,,,-2,0
9278,309267,,,,,,,,,,,,,,,,,,,,,,w,move_up,,-28,-1
9279,309300,,,,,,,,,,,,,,,,,,,,,,w,move_up,,-42,-2
9280,309333,,,,,,,,,,,,,,,,,,,,,,w,move_up,,-36,-2
9281,309367,,,,,,,,,,,,,,,,,,,,,,w,move_up,,-18,-2
9282,309400,,,,,,,,,,,,,,,,,,,,,,w,move_up,,0,0
9283,309433,,,,,,,,,,,,,,,,,,,,,,w,move_up,,0,0
9284,309467,,,,,,,,,,,,,,,,,,,,,,w,move_up,,0,0
9285,309500,,,,,,,,,,,,,,,,,,,,,,w,move_up,,0,0
9286,309533,,,,,,,,,,,,,,,,,,,,,,w,move_up,,0,0
9287,309567,,,,,,,,,,,,,,,,,,,,,,w,move_up,,0,0
9288,309600,,,,,,,,,,,,,,,,,,,,,,w,move_up,,0,0
9289,309633,,,,,,,,,,,,,,,,,,,,,,w,move_up,,9,-1
9290,309667,,,,,,,,,,,,,,,,,,,,,,w,move_up,,30,-2
9291,309700,,,,,,,,,,,,,,,,,,,,,,w,move_up,,25,-2
9292,309733,,,,,,,,,,,,,,,,,,,,,,w,move_up,,3,-1
9293,309767,,,,,,,,,,,,,,,,,,,,,,w,move_up,,0,0
9294,309800,,,,,,,,,,,,,,,,,,,,,,w,move_up,,0,0
9295,309833,,,,,,,,,,,,,,,,,,,,,,w,move_up,,0,0
9296,309867,,,,,,,,,,,,,,,,,,,,,,w,move_up,,0,0
9297,309900,,,,,,,,,,,,,,,,,,,,,,w,move_up,,0,0
9298,309933,,,,,,,,,,,,,,,,,,,,,,w,move_up,,0,0
9299,309967,,,,,,,,,,,,,,,,,,,,,,w,move_up,,0,0
9300,310000,,,,,,,,,,,,,,,,,,,,,,w,move_up,,0,0
9301,310033,,,,,,,,,,,,,,,,,,,,,,w,move_up,,0,0
9302,310067,,,,,,,,,,,,,,,,,,,,,,w,move_up,,0,0
9303,310100,,,,,,,,,,,,,,,,,,,,,,w,move_up,,0,0
9304,310133,,,,,,,,,,,,,,,,,,,,,,w,move_up,,0,0
9305,310167,,,,,,,,,,,,,,,,,,,,,,w,move_up,,0,0
9306,310200,,,,,,,,,,,,,,,,,,,,,,w,move_up,,0,0
9307,310233,,,,,,,,,,,,,,,,,,,,,,w,move_up,,0,0
9308,310267,,,,,,,,,,,,,,,,,,,,,,w,move_up,,0,0
9309,310300,,,,,,,,,,,,,,,,,,,,,,,,,0,0
9310,310333,,,,,,,,,,,,,,,,,,,,,,,,,-1,0
9311,310367,,,,,,,,,,,,,,,,,,,,,,,,,-12,1
9312,310400,,,,,,,,,,,,,,,,,,,,,,,,,-63,5
9313,310433,,,,,,,,,,,,,,,,,,,,,,,,,-286,20
9314,310467,,,,,,,,,,,,,,,,,,,,,,a,move_left,,-363,14
9315,310500,,,,,,,,,,,,,,,,,,,,,,a,move_left,,-62,1
9316,310533,,,,,,,,,,,,,,,,,,,,,,a,move_left,,-15,1
9317,310567,,,,,,,,,,,,,,,,,,,,,,a,move_left,,0,0
9318,310600,,,,,,,,,,,,,,,,,,,,,,a,move_left,,0,0
9319,310633,,,,,,,,,,,,,,,,,,,,,,a,move_left,,0,0
9320,310667,,,,,,,,,,,,,,,,,,,,,,a,move_left,,0,0
9321,310700,,,,,,,,,,,,,,,,,,,,,,a|w,move_up|move_left,,0,0
9322,310733,,,,,,,,,,,,,,,,,,,,,,a|w,move_up|move_left,,-3,-8
9323,310767,,,,,,,,,,,,,,,,,,,,,,a|w,move_up|move_left,,5,0
9324,310800,,,,,,,,,,,,,,,,,,,,,,w,move_up,,27,-3
9325,310833,,,,,,,,,,,,,,,,,,,,,,w,move_up,,28,-6
9326,310867,,,,,,,,,,,,,,,,,,,,,,w,move_up,,3,-2
9327,310900,,,,,,,,,,,,,,,,,,,,,,w,move_up,,1,-1
9328,310933,,,,,,,,,,,,,,,,,,,,,,w,move_up,,0,0
9329,310967,,,,,,,,,,,,,,,,,,,,,,w,move_up,,0,0
9330,311000,,,,,,,,,,,,,,,,,,,,,,w,move_up,,0,0
9331,311033,,,,,,,,,,,,,,,,,,,,,,w,move_up,,0,0
9332,311067,,,,,,,,,,,,,,,,,,,,,,w,move_up,,0,0
9333,311100,,,,,,,,,,,,,,,,,,,,,,w,move_up,,0,0
9334,311133,,,,,,,,,,,,,,,,,,,,,,w,move_up,,0,0
9335,311167,,,,,,,,,,,,,,,,,,,,,,w,move_up,,10,0
9336,311200,,,,,,,,,,,,,,,,,,,,,,w,move_up,,21,-1
9337,311233,,,,,,,,,,,,,,,,,,,,,,w,move_up,,24,0
9338,311267,,,,,,,,,,,,,,,,,,,,,,w,move_up,,12,0
9339,311300,,,,,,,,,,,,,,,,,,,,,,a|w,move_up|move_left,,0,0
9340,311333,,,,,,,,,,,,,,,,,,,,,,a|w,move_up|move_left,,0,0
9341,311367,,,,,,,,,,,,,,,,,,,,,,a|w,move_up|move_left,,0,0
9342,311400,,,,,,,,,,,,,,,,,,,,,,a|w,move_up|move_left,,0,0
9343,311433,,,,,,,,,,,,,,,,,,,,,,w,move_up,,0,0
9344,311467,,,,,,,,,,,,,,,,,,,,,,w,move_up,,2,0
9345,311500,,,,,,,,,,,,,,,,,,,,,,w,move_up,,13,0
9346,311533,,,,,,,,,,,,,,,,,,,,,,w,move_up,,12,0
9347,311567,,,,,,,,,,,,,,,,,,,,,,w,move_up,,20,1
9348,311600,,,,,,,,,,,,,,,,,,,,,,w,move_up,,17,1
9349,311633,,,,,,,,,,,,,,,,,,,,,,w,move_up,,7,0
9350,311667,,,,,,,,,,,,,,,,,,,,,,w,move_up,,2,0
9351,311700,,,,,,,,,,,,,,,,,,,,,,w,move_up,,0,0
9352,311733,,,,,,,,,,,,,,,,,,,,,,w,move_up,,0,0
9353,311767,,,,,,,,,,,,,,,,,,,,,,w,move_up,,0,0
9354,311800,,,,,,,,,,,,,,,,,,,,,,w,move_up,,0,0
9355,311833,,,,,,,,,,,,,,,,,,,,,,w,move_up,,0,0
9356,311867,,,,,,,,,,,,,,,,,,,,,,w,move_up,,2,0
9357,311900,,,,,,,,,,,,,,,,,,,,,,w,move_up,,9,0
9358,311933,,,,,,,,,,,,,,,,,,,,,,w,move_up,,11,0
9359,311967,,,,,,,,,,,,,,,,,,,,,,w,move_up,,14,2
9360,312000,,,,,,,,,,,,,,,,,,,,,,w,move_up,,8,1
9361,312033,,,,,,,,,,,,,,,,,,,,,,w,move_up,,6,0
9362,312067,,,,,,,,,,,,,,,,,,,,,,w,move_up,,16,0
9363,312100,,,,,,,,,,,,,,,,,,,,,,w,move_up,,31,-1
9364,312133,,,,,,,,,,,,,,,,,,,,,,w,move_up,,17,0
9365,312167,,,,,,,,,,,,,,,,,,,,,,w,move_up,,34,0
9366,312200,,,,,,,,,,,,,,,,,,,,,,w,move_up,,40,-1
9367,312233,,,,,,,,,,,,,,,,,,,,,,w,move_up,,29,0
9368,312267,,,,,,,,,,,,,,,,,,,,,,w,move_up,,0,0
9369,312300,,,,,,,,,,,,,,,,,,,,,,w,move_up,,2,1
9370,312333,,,,,,,,,,,,,,,,,,,,,,a|w,move_up|move_left,,0,0
9371,312367,,,,,,,,,,,,,,,,,,,,,,a|w,move_up|move_left,,0,0
9372,312400,,,,,,,,,,,,,,,,,,,,,,a|w,move_up|move_left,,1,0
9373,312433,,,,,,,,,,,,,,,,,,,,,,a|w,move_up|move_left,,34,-12
9374,312467,,,,,,,,,,,,,,,,,,,,,,w,move_up,,42,-1
9375,312500,,,,,,,,,,,,,,,,,,,,,,w,move_up,,19,0
9376,312533,,,,,,,,,,,,,,,,,,,,,,w,move_up,,2,1
9377,312567,,,,,,,,,,,,,,,,,,,,,,w,move_up,,1,0
9378,312600,,,,,,,,,,,,,,,,,,,,,,w,move_up,,0,0
9379,312633,,,,,,,,,,,,,,,,,,,,,,w,move_up,,0,0
9380,312667,,,,,,,,,,,,,,,,,,,,,,w,move_up,,0,0
9381,312700,,,,,,,,,,,,,,,,,,,,,,w,move_up,,0,0
9382,312733,,,,,,,,,,,,,,,,,,,,,,w,move_up,,10,0
9383,312767,,,,,,,,,,,,,,,,,,,,,,w,move_up,,17,0
9384,312800,,,,,,,,,,,,,,,,,,,,,,w,move_up,,9,0
9385,312833,,,,,,,,,,,,,,,,,,,,,,w,move_up,,3,0
9386,312867,,,,,,,,,,,,,,,,,,,,,,,,,1,0
9387,312900,,,,,,,,,,,,,,,,,,,,,,,,,1,0
9388,312933,,,,,,,,,,,,,,,,,,,,,,a|w,move_up|move_left,,3,0
9389,312967,,,,,,,,,,,,,,,,,,,,,,a|w,move_up|move_left,,25,-2
9390,313000,,,,,,,,,,,,,,,,,,,,,,a|w,move_up|move_left,,15,0
9391,313033,,,,,,,,,,,,,,,,,,,,,,a|w,move_up|move_left,,0,0
9392,313067,,,,,,,,,,,,,,,,,,,,,,a|w,move_up|move_left,,4,1
9393,313100,,,,,,,,,,,,,,,,,,,,,,a|w,move_up|move_left,,0,0
9394,313133,,,,,,,,,,,,,,,,,,,,,,a|w,move_up|move_left,,0,0
9395,313167,,,,,,,,,,,,,,,,,,,,,,a|w,move_up|move_left,,0,0
9396,313200,,,,,,,,,,,,,,,,,,,,,,a|w,move_up|move_left,,18,-10
9397,313233,,,,,,,,,,,,,,,,,,,,,,a|w,move_up|move_left,,32,-6
9398,313267,,,,,,,,,,,,,,,,,,,,,,a|w,move_up|move_left,,22,-1
9399,313300,,,,,,,,,,,,,,,,,,,,,,a,move_left,,7,0
9400,313333,,,,,,,,,,,,,,,,,,,,,,a,move_left,,0,0
9401,313367,,,,,,,,,,,,,,,,,,,,,,,,,1,0
9402,313400,,,,,,,,,,,,,,,,,,,,,,,,,0,0
9403,313433,,,,,,,,,,,,,,,,,,,,,,a,move_left,,2,0
9404,313467,,,,,,,,,,,,,,,,,,,,,,a,move_left,,2,-1
9405,313500,,,,,,,,,,,,,,,,,,,,,,a,move_left,,0,-1
9406,313533,,,,,,,,,,,,,,,,,,,,,,a,move_left,,1,0
9407,313567,,,,,,,,,,,,,,,,,,,,,,a,move_left,,0,0
9408,313600,,,,,,,,,,,,,,,,,,,,,,a,move_left,,0,0
9409,313633,,,,,,,,,,,,,,,,,,,,,,,,,1,-1
9410,313667,,,,,,,,,,,,,,,,,,,,,,,,,0,0
9411,313700,,,,,,,,,,,,,,,,,,,,,,,,,0,0
9412,313733,,,,,,,,,,,,,,,,,,,,,,,,,1,0
9413,313767,,,,,,,,,,,,,,,,,,,,,,,,,0,0
9414,313800,,,,,,,,,,,,,,,,,,,,,,,,,0,0
9415,313833,,,,,,,,,,,,,,,,,,,,,,,,,0,0
9416,313867,,,,,,,,,,,,,,,,,,,,,,,,,0,0
9417,313900,,,,,,,,,,,,,,,,,,,,,,,,,1,-1
9418,313933,,,,,,,,,,,,,,,,,,,,,,,,,0,0
9419,313967,,,,,,,,,,,,,,,,,,,,,,,,,0,0
9420,314000,,,,,,,,,,,,,,,,,,,,,,,,,0,0
9421,314033,,,,,,,,,,,,,,,,,,,,,,,,,0,0
9422,314067,,,,,,,,,,,,,,,,,,,,,,,,,0,0
9423,314100,,,,,,,,,,,,,,,,,,,,,,,,,0,0
9424,314133,,,,,,,,,,,,,,,,,,,,,,,,,0,0
9425,314167,,,,,,,,,,,,,,,,,,,,,,w,move_up,,0,0
9426,314200,,,,,,,,,,,,,,,,,,,,,,w,move_up,,0,0
9427,314233,,,,,,,,,,,,,,,,,,,,,,d|w,move_up|move_right,,0,0
9428,314267,,,,,,,,,,,,,,,,,,,,,,d|w,move_up|move_right,,6,0
9429,314300,,,,,,,,,,,,,,,,,,,,,,d|w,move_up|move_right,,21,0
9430,314333,,,,,,,,,,,,,,,,,,,,,,d|w,move_up|move_right,,108,9
9431,314367,,,,,,,,,,,,,,,,,,,,,,d|w,move_up|move_right,,105,2
9432,314400,,,,,,,,,,,,,,,,,,,,,,d,move_right,,59,1
9433,314433,,,,,,,,,,,,,,,,,,,,,,d,move_right,,20,1
9434,314467,,,,,,,,,,,,,,,,,,,,,,d,move_right,,0,0
9435,314500,,,,,,,,,,,,,,,,,,,,,,d,move_right,,0,0
9436,314533,,,,,,,,,,,,,,,,,,,,,,d,move_right,,0,0
9437,314567,,,,,,,,,,,,,,,,,,,,,,d,move_right,,0,0
9438,314600,,,,,,,,,,,,,,,,,,,,,,d|w,move_up|move_right,,0,0
9439,314633,,,,,,,,,,,,,,,,,,,,,,d|w,move_up|move_right,,2,0
9440,314667,,,,,,,,,,,,,,,,,,,,,,w,move_up,,13,1
9441,314700,,,,,,,,,,,,,,,,,,,,,,w,move_up,,36,0
9442,314733,,,,,,,,,,,,,,,,,,,,,,,,,24,0
9443,314767,,,,,,,,,,,,,,,,,,,,,,,,,1,0
9444,314800,,,,,,,,,,,,,,,,,,,,,,,,,0,0
9445,314833,,,,,,,,,,,,,,,,,,,,,,w,move_up,,0,0
9446,314867,,,,,,,,,,,,,,,,,,,,,,d|w,move_up|move_right,,0,0
9447,314900,,,,,,,,,,,,,,,,,,,,,,d|w,move_up|move_right,,0,0
9448,314933,,,,,,,,,,,,,,,,,,,,,,d|w,move_up|move_right,,0,0
9449,314967,,,,,,,,,,,,,,,,,,,,,,d|w,move_up|move_right,,0,0
9450,315000,,,,,,,,,,,,,,,,,,,,,,d|w,move_up|move_right,,0,0
9451,315033,,,,,,,,,,,,,,,,,,,,,,d|w,move_up|move_right,,-1,0
9452,315067,,,,,,,,,,,,,,,,,,,,,,d|w,move_up|move_right,,-10,0
9453,315100,,,,,,,,,,,,,,,,,,,,,,d|w,move_up|move_right,,-16,1
9454,315133,,,,,,,,,,,,,,,,,,,,,,d|w,move_up|move_right,,-28,1
9455,315167,,,,,,,,,,,,,,,,,,,,,,d|w,move_up|move_right,,-29,0
9456,315200,,,,,,,,,,,,,,,,,,,,,,d|w,move_up|move_right,,-16,0
9457,315233,,,,,,,,,,,,,,,,,,,,,,d|w,move_up|move_right,,-13,0
9458,315267,,,,,,,,,,,,,,,,,,,,,,d|w,move_up|move_right,,-8,0
9459,315300,,,,,,,,,,,,,,,,,,,,,,d|w,move_up|move_right,,-6,0
9460,315333,,,,,,,,,,,,,,,,,,,,,,d|w,move_up|move_right,,-10,0
9461,315367,,,,,,,,,,,,,,,,,,,,,,d|w,move_up|move_right,,-10,1
9462,315400,,,,,,,,,,,,,,,,,,,,,,d|w,move_up|move_right,,-11,2
9463,315433,,,,,,,,,,,,,,,,,,,,,,d|w,move_up|move_right,,-9,1
9464,315467,,,,,,,,,,,,,,,,,,,,,,d|w,move_up|move_right,,-7,1
9465,315500,,,,,,,,,,,,,,,,,,,,,,d|w,move_up|move_right,,-8,1
9466,315533,,,,,,,,,,,,,,,,,,,,,,d|w,move_up|move_right,,-9,0
9467,315567,,,,,,,,,,,,,,,,,,,,,,d|w,move_up|move_right,,-12,2
9468,315600,,,,,,,,,,,,,,,,,,,,,,d|w,move_up|move_right,,-10,0
9469,315633,,,,,,,,,,,,,,,,,,,,,,d|w,move_up|move_right,,-8,0
9470,315667,,,,,,,,,,,,,,,,,,,,,,d|w,move_up|move_right,,-4,0
9471,315700,,,,,,,,,,,,,,,,,,,,,,w,move_up,,0,0
9472,315733,,,,,,,,,,,,,,,,,,,,,,,,,0,0
9473,315767,,,,,,,,,,,,,,,,,,,,,,,,,0,0
9474,315800,,,,,,,,,,,,,,,,,,,,,,,,,0,0
9475,315833,,,,,,,,,,,,,,,,,,,,,,,,,0,0
9476,315867,,,,,,,,,,,,,,,,,,,,,,w,move_up,,0,-1
9477,315900,,,,,,,,,,,,,,,,,,,,,,w,move_up,,-8,-3
9478,315933,,,,,,,,,,,,,,,,,,,,,,w,move_up,,-14,-3
9479,315967,,,,,,,,,,,,,,,,,,,,,,w,move_up,,-14,-1
9480,316000,,,,,,,,,,,,,,,,,,,,,,w,move_up,,-9,0
9481,316033,,,,,,,,,,,,,,,,,,,,,,w,move_up,,-8,0
9482,316067,,,,,,,,,,,,,,,,,,,,,,d|w,move_up|move_right,,-6,0
9483,316100,,,,,,,,,,,,,,,,,,,,,,d|w,move_up|move_right,,-4,0
9484,316133,,,,,,,,,,,,,,,,,,,,,,d|w,move_up|move_right,,-9,-1
9485,316167,,,,,,,,,,,,,,,,,,,,,,d|w,move_up|move_right,,-5,-1
9486,316200,,,,,,,,,,,,,,,,,,,,,,d|w,move_up|move_right,,-6,-2
9487,316233,,,,,,,,,,,,,,,,,,,,,,d|w,move_up|move_right,,0,0
9488,316267,,,,,,,,,,,,,,,,,,,,,,w,move_up,,0,0
9489,316300,,,,,,,,,,,,,,,,,,,,,,w,move_up,,0,0
9490,316333,,,,,,,,,,,,,,,,,,,,,,w,move_up,,0,0
9491,316367,,,,,,,,,,,,,,,,,,,,,,w,move_up,,0,0
9492,316400,,,,,,,,,,,,,,,,,,,,,,w,move_up,,0,0
9493,316433,,,,,,,,,,,,,,,,,,,,,,w,move_up,,0,0
9494,316467,,,,,,,,,,,,,,,,,,,,,,w,move_up,,0,0
9495,316500,,,,,,,,,,,,,,,,,,,,,,w,move_up,,0,0
9496,316533,,,,,,,,,,,,,,,,,,,,,,w,move_up,,0,0
9497,316567,,,,,,,,,,,,,,,,,,,,,,w,move_up,,0,0
9498,316600,,,,,,,,,,,,,,,,,,,,,,w,move_up,,0,0
9499,316633,,,,,,,,,,,,,,,,,,,,,,w,move_up,,0,0
9500,316667,,,,,,,,,,,,,,,,,,,,,,w,move_up,,0,0
9501,316700,,,,,,,,,,,,,,,,,,,,,,w,move_up,,0,0
9502,316733,,,,,,,,,,,,,,,,,,,,,,w,move_up,,0,0
9503,316767,,,,,,,,,,,,,,,,,,,,,,w,move_up,,0,0
9504,316800,,,,,,,,,,,,,,,,,,,,,,w,move_up,,0,0
9505,316833,,,,,,,,,,,,,,,,,,,,,,w,move_up,,0,0
9506,316867,,,,,,,,,,,,,,,,,,,,,,w,move_up,,0,0
9507,316900,,,,,,,,,,,,,,,,,,,,,,w,move_up,,0,0
9508,316933,,,,,,,,,,,,,,,,,,,,,,w,move_up,,0,0
9509,316967,,,,,,,,,,,,,,,,,,,,,,w,move_up,,0,0
9510,317000,,,,,,,,,,,,,,,,,,,,,,w,move_up,,0,0
9511,317033,,,,,,,,,,,,,,,,,,,,,,w,move_up,,1,0
9512,317067,,,,,,,,,,,,,,,,,,,,,,w,move_up,,0,0
9513,317100,,,,,,,,,,,,,,,,,,,,,,w,move_up,,2,1
9514,317133,,,,,,,,,,,,,,,,,,,,,,w,move_up,,1,1
9515,317167,,,,,,,,,,,,,,,,,,,,,,w,move_up,,0,0
9516,317200,,,,,,,,,,,,,,,,,,,,,,w,move_up,,2,0
9517,317233,,,,,,,,,,,,,,,,,,,,,,w,move_up,,0,0
9518,317267,,,,,,,,,,,,,,,,,,,,,,w,move_up,,0,0
9519,317300,,,,,,,,,,,,,,,,,,,,,,w,move_up,,0,0
9520,317333,,,,,,,,,,,,,,,,,,,,,,w,move_up,,0,0
9521,317367,,,,,,,,,,,,,,,,,,,,,,w,move_up,,0,0
9522,317400,,,,,,,,,,,,,,,,,,,,,,w,move_up,,0,0
9523,317433,,,,,,,,,,,,,,,,,,,,,,w,move_up,,0,0
9524,317467,,,,,,,,,,,,,,,,,,,,,,w,move_up,,0,0
9525,317500,,,,,,,,,,,,,,,,,,,,,,w,move_up,,0,0
9526,317533,,,,,,,,,,,,,,,,,,,,,,w,move_up,,0,0
9527,317567,,,,,,,,,,,,,,,,,,,,,,w,move_up,,0,1
9528,317600,,,,,,,,,,,,,,,,,,,,,,w,move_up,,-2,0
9529,317633,,,,,,,,,,,,,,,,,,,,,,d|w,move_up|move_right,,-5,2
9530,317667,,,,,,,,,,,,,,,,,,,,,,d|w,move_up|move_right,,-5,1
9531,317700,,,,,,,,,,,,,,,,,,,,,,d|w,move_up|move_right,,-7,1
9532,317733,,,,,,,,,,,,,,,,,,,,,,d|w,move_up|move_right,,-6,1
9533,317767,,,,,,,,,,,,,,,,,,,,,,d|w,move_up|move_right,,-9,0
9534,317800,,,,,,,,,,,,,,,,,,,,,,d|w,move_up|move_right,,-8,0
9535,317833,,,,,,,,,,,,,,,,,,,,,,d|w,move_up|move_right,,-14,0
9536,317867,,,,,,,,,,,,,,,,,,,,,,d|w,move_up|move_right,,-16,0
9537,317900,,,,,,,,,,,,,,,,,,,,,,d|w,move_up|move_right,,-10,0
9538,317933,,,,,,,,,,,,,,,,,,,,,,w,move_up,,-7,-1
9539,317967,,,,,,,,,,,,,,,,,,,,,,w,move_up,,-3,0
9540,318000,,,,,,,,,,,,,,,,,,,,,,d|w,move_up|move_right,,-2,-1
9541,318033,,,,,,,,,,,,,,,,,,,,,,d|w,move_up|move_right,,-2,0
9542,318067,,,,,,,,,,,,,,,,,,,,,,d|w,move_up|move_right,,-3,0
9543,318100,,,,,,,,,,,,,,,,,,,,,,d|w,move_up|move_right,,-4,0
9544,318133,,,,,,,,,,,,,,,,,,,,,,d|w,move_up|move_right,,-3,0
9545,318167,,,,,,,,,,,,,,,,,,,,,,d|w,move_up|move_right,,-4,0
9546,318200,,,,,,,,,,,,,,,,,,,,,,d|w,move_up|move_right,,-3,0
9547,318233,,,,,,,,,,,,,,,,,,,,,,d|w,move_up|move_right,,-4,0
9548,318267,,,,,,,,,,,,,,,,,,,,,,w,move_up,,-3,0
9549,318300,,,,,,,,,,,,,,,,,,,,,,w,move_up,,-2,0
9550,318333,,,,,,,,,,,,,,,,,,,,,,w,move_up,,-1,0
9551,318367,,,,,,,,,,,,,,,,,,,,,,w,move_up,,-1,0
9552,318400,,,,,,,,,,,,,,,,,,,,,,w,move_up,,-1,0
9553,318433,,,,,,,,,,,,,,,,,,,,,,w,move_up,,-1,0
9554,318467,,,,,,,,,,,,,,,,,,,,,,,,,-1,0
9555,318500,,,,,,,,,,,,,,,,,,,,,,,,,-2,1
9556,318533,,,,,,,,,,,,,,,,,,,,,,,,,-3,0
9557,318567,,,,,,,,,,,,,,,,,,,,,,,,,-3,0
9558,318600,,,,,,,,,,,,,,,,,,,,,,w,move_up,,-4,0
9559,318633,,,,,,,,,,,,,,,,,,,,,,d|w,move_up|move_right,,-5,0
9560,318667,,,,,,,,,,,,,,,,,,,,,,d|w,move_up|move_right,,-9,0
9561,318700,,,,,,,,,,,,,,,,,,,,,,d|w,move_up|move_right,,-7,0
9562,318733,,,,,,,,,,,,,,,,,,,,,,d|w,move_up|move_right,,-9,0
9563,318767,,,,,,,,,,,,,,,,,,,,,,d|w,move_up|move_right,,-6,0
9564,318800,,,,,,,,,,,,,,,,,,,,,,d|w,move_up|move_right,,-2,0
9565,318833,,,,,,,,,,,,,,,,,,,,,,w,move_up,,-1,0
9566,318867,,,,,,,,,,,,,,,,,,,,,,,,,0,0
9567,318900,,,,,,,,,,,,,,,,,,,,,,,,,0,0
9568,318933,,,,,,,,,,,,,,,,,,,,,,,,,0,0
9569,318967,,,,,,,,,,,,,,,,,,,,,,,,,0,0
9570,319000,,,,,,,,,,,,,,,,,,,,,,,,,0,0
9571,319033,,,,,,,,,,,,,,,,,,,,,,,,,0,0
9572,319067,,,,,,,,,,,,,,,,,,,,,,,,,0,0
9573,319100,,,,,,,,,,,,,,,,,,,,,,,,,0,0
9574,319133,,,,,,,,,,,,,,,,,,,,,,,,,0,0
9575,319167,,,,,,,,,,,,,,,,,,,,,,,,,0,0
9576,319200,,,,,,,,,,,,,,,,,,,,,,,,,0,0
9577,319233,,,,,,,,,,,,,,,,,,,,,,,,,0,0
9578,319267,,,,,,,,,,,,,,,,,,,,,,,,,0,0
9579,319300,,,,,,,,,,,,,,,,,,,,,,w,move_up,,0,0
9580,319333,,,,,,,,,,,,,,,,,,,,,,w,move_up,,0,0
9581,319367,,,,,,,,,,,,,,,,,,,,,,w,move_up,,0,0
9582,319400,,,,,,,,,,,,,,,,,,,,,,w,move_up,,0,0
9583,319433,,,,,,,,,,,,,,,,,,,,,,w,move_up,,-1,0
9584,319467,,,,,,,,,,,,,,,,,,,,,,,,,-4,-1
9585,319500,,,,,,,,,,,,,,,,,,,,,,,,,-3,0
9586,319533,,,,,,,,,,,,,,,,,,,,,,,,,-1,0
9587,319567,,,,,,,,,,,,,,,,,,,,,,,,,0,0
9588,319600,,,,,,,,,,,,,,,,,,,,,,,,,0,0
9589,319633,,,,,,,,,,,,,,,,,,,,,,s,move_down,,0,0
9590,319667,,,,,,,,,,,,,,,,,,,,,,s,move_down,,0,0
9591,319700,,,,,,,,,,,,,,,,,,,,,,s,move_down,,0,0
9592,319733,,,,,,,,,,,,,,,,,,,,,,s,move_down,,0,0
9593,319767,,,,,,,,,,,,,,,,,,,,,,s,move_down,,0,0
9594,319800,,,,,,,,,,,,,,,,,,,,,,s,move_down,,0,0
9595,319833,,,,,,,,,,,,,,,,,,,,,,s,move_down,,0,0
9596,319867,,,,,,,,,,,,,,,,,,,,,,s,move_down,,0,0
9597,319900,,,,,,,,,,,,,,,,,,,,,,s,move_down,,0,0
9598,319933,,,,,,,,,,,,,,,,,,,,,,s,move_down,,0,0
9599,319967,,,,,,,,,,,,,,,,,,,,,,,,,0,0
9600,320000,,,,,,,,,,,,,,,,,,,,,,,,,0,0
9601,320033,,,,,,,,,,,,,,,,,,,,,,,,,0,0
9602,320067,,,,,,,,,,,,,,,,,,,,,,,,,0,0
9603,320100,,,,,,,,,,,,,,,,,,,,,,,,,0,0
9604,320133,,,,,,,,,,,,,,,,,,,,,,w,move_up,,0,0
9605,320167,,,,,,,,,,,,,,,,,,,,,,w,move_up,,0,0
9606,320200,,,,,,,,,,,,,,,,,,,,,,w,move_up,,-2,0
9607,320233,,,,,,,,,,,,,,,,,,,,,,d|w,move_up|move_right,,-1,-1
9608,320267,,,,,,,,,,,,,,,,,,,,,,d|w,move_up|move_right,,-3,0
9609,320300,,,,,,,,,,,,,,,,,,,,,,d|w,move_up|move_right,,-7,0
9610,320333,,,,,,,,,,,,,,,,,,,,,,d|w,move_up|move_right,,-22,0
9611,320367,,,,,,,,,,,,,,,,,,,,,,d|w,move_up|move_right,,-21,-1
9612,320400,,,,,,,,,,,,,,,,,,,,,,d|w,move_up|move_right,,-16,0
9613,320433,,,,,,,,,,,,,,,,,,,,,,w,move_up,,-8,0
9614,320467,,,,,,,,,,,,,,,,,,,,,,w,move_up,,0,0
9615,320500,,,,,,,,,,,,,,,,,,,,,,,,,-1,-1
9616,320533,,,,,,,,,,,,,,,,,,,,,,,,,0,0
9617,320567,,,,,,,,,,,,,,,,,,,,,,,,,0,0
9618,320600,,,,,,,,,,,,,,,,,,,,,,,,,0,0
9619,320633,,,,,,,,,,,,,,,,,,,,,,,,,0,0
9620,320667,,,,,,,,,,,,,,,,,,,,,,w,move_up,,0,0
9621,320700,,,,,,,,,,,,,,,,,,,,,,w,move_up,,0,0
9622,320733,,,,,,,,,,,,,,,,,,,,,,w,move_up,,0,0
9623,320767,,,,,,,,,,,,,,,,,,,,,,w,move_up,,22,1
9624,320800,,,,,,,,,,,,,,,,,,,,,,w,move_up,,34,0
9625,320833,,,,,,,,,,,,,,,,,,,,,,w,move_up,,35,0
9626,320867,,,,,,,,,,,,,,,,,,,,,,w,move_up,,31,2
9627,320900,,,,,,,,,,,,,,,,,,,,,,w,move_up,,15,1
9628,320933,,,,,,,,,,,,,,,,,,,,,,w,move_up,,2,0
9629,320967,,,,,,,,,,,,,,,,,,,,,,w,move_up,,0,0
9630,321000,,,,,,,,,,,,,,,,,,,,,,w,move_up,,0,0
9631,321033,,,,,,,,,,,,,,,,,,,,,,w,move_up,,0,0
9632,321067,,,,,,,,,,,,,,,,,,,,,,w,move_up,,0,0
9633,321100,,,,,,,,,,,,,,,,,,,,,,w,move_up,,0,0
9634,321133,,,,,,,,,,,,,,,,,,,,,,w,move_up,,0,0
9635,321167,,,,,,,,,,,,,,,,,,,,,,w,move_up,,19,2
9636,321200,,,,,,,,,,,,,,,,,,,,,,a|w,move_up|move_left,,33,1
9637,321233,,,,,,,,,,,,,,,,,,,,,,a|w,move_up|move_left,,32,1
9638,321267,,,,,,,,,,,,,,,,,,,,,,a|w,move_up|move_left,,7,1
9639,321300,,,,,,,,,,,,,,,,,,,,,,a|w,move_up|move_left,,2,1
9640,321333,,,,,,,,,,,,,,,,,,,,,,a|w,move_up|move_left,,2,0
9641,321367,,,,,,,,,,,,,,,,,,,,,,a|w,move_up|move_left,,5,1
9642,321400,,,,,,,,,,,,,,,,,,,,,,a|w,move_up|move_left,,7,2
9643,321433,,,,,,,,,,,,,,,,,,,,,,a|w,move_up|move_left,,17,2
9644,321467,,,,,,,,,,,,,,,,,,,,,,a|w,move_up|move_left,,25,2
9645,321500,,,,,,,,,,,,,,,,,,,,,,a|w,move_up|move_left,,59,4
9646,321533,,,,,,,,,,,,,,,,,,,,,,a|w,move_up|move_left,,73,2
9647,321567,,,,,,,,,,,,,,,,,,,,,,a,move_left,,16,1
9648,321600,,,,,,,,,,,,,,,,,,,,,,a,move_left,,0,0
9649,321633,,,,,,,,,,,,,,,,,,,,,,,,,0,0
9650,321667,,,,,,,,,,,,,,,,,,,,,,,,,0,0
9651,321700,,,,,,,,,,,,,,,,,,,,,,,,,0,0
9652,321733,,,,,,,,,,,,,,,,,,,,,,,,,-7,0
9653,321767,,,,,,,,,,,,,,,,,,,,,,a,move_left,,-47,0
9654,321800,,,,,,,,,,,,,,,,,,,,,,a,move_left,,-101,-2
9655,321833,,,,,,,,,,,,,,,,,,,,,,a|w,move_up|move_left,,-75,-4
9656,321867,,,,,,,,,,,,,,,,,,,,,,a|w,move_up|move_left,,-25,-3
9657,321900,,,,,,,,,,,,,,,,,,,,,,a|w,move_up|move_left,,0,-1
9658,321933,,,,,,,,,,,,,,,,,,,,,,a|w,move_up|move_left,,0,0
9659,321967,,,,,,,,,,,,,,,,,,,,,,a|w,move_up|move_left,,0,0
9660,322000,,,,,,,,,,,,,,,,,,,,,,a|w,move_up|move_left,,0,0
9661,322033,,,,,,,,,,,,,,,,,,,,,,a|w,move_up|move_left,,0,0
9662,322067,,,,,,,,,,,,,,,,,,,,,,a|w,move_up|move_left,,0,0
9663,322100,,,,,,,,,,,,,,,,,,,,,,a|w,move_up|move_left,,0,0
9664,322133,,,,,,,,,,,,,,,,,,,,,,a|w,move_up|move_left,,0,0
9665,322167,,,,,,,,,,,,,,,,,,,,,,w,move_up,,0,0
9666,322200,,,,,,,,,,,,,,,,,,,,,,w,move_up,,0,0
9667,322233,,,,,,,,,,,,,,,,,,,,,,w,move_up,,-1,0
9668,322267,,,,,,,,,,,,,,,,,,,,,,d|w,move_up|move_right,,-5,-1
9669,322300,,,,,,,,,,,,,,,,,,,,,,d|w,move_up|move_right,,-10,-4
9670,322333,,,,,,,,,,,,,,,,,,,,,,d|w,move_up|move_right,,-17,-4
9671,322367,,,,,,,,,,,,,,,,,,,,,,d|w,move_up|move_right,,-24,-3
9672,322400,,,,,,,,,,,,,,,,,,,,,,d|w,move_up|move_right,,-12,-2
9673,322433,,,,,,,,,,,,,,,,,,,,,,d|w,move_up|move_right,,-8,0
9674,322467,,,,,,,,,,,,,,,,,,,,,,d|w,move_up|move_right,,-11,-1
9675,322500,,,,,,,,,,,,,,,,,,,,,,d|w,move_up|move_right,,-10,0
9676,322533,,,,,,,,,,,,,,,,,,,,,,d|w,move_up|move_right,,-15,0
9677,322567,,,,,,,,,,,,,,,,,,,,,,d|w,move_up|move_right,,-15,0
9678,322600,,,,,,,,,,,,,,,,,,,,,,d|w,move_up|move_right,,-14,0
9679,322633,,,,,,,,,,,,,,,,,,,,,,w,move_up,,-6,0
9680,322667,,,,,,,,,,,,,,,,,,,,,,w,move_up,,-1,-1
9681,322700,,,,,,,,,,,,,,,,,,,,,,,,,-1,0
9682,322733,,,,,,,,,,,,,,,,,,,,,,,,,-12,2
9683,322767,,,,,,,,,,,,,,,,,,,,,,,,,-4,0
9684,322800,,,,,,,,,,,,,,,,,,,,,,,,,0,0
9685,322833,,,,,,,,,,,,,,,,,,,,,,,,,-1,1
9686,322867,,,,,,,,,,,,,,,,,,,,,,,,,0,0
9687,322900,,,,,,,,,,,,,,,,,,,,,,,,,0,0
9688,322933,,,,,,,,,,,,,,,,,,,,,,,,,0,0
9689,322967,,,,,,,,,,,,,,,,,,,,,,,,,0,0
9690,323000,,,,,,,,,,,,,,,,,,,,,,,,,0,0
9691,323033,,,,,,,,,,,,,,,,,,,,,,,,,-2,0
9692,323067,,,,,,,,,,,,,,,,,,,,,,,,,-2,-3
9693,323100,,,,,,,,,,,,,,,,,,,,,,,,,1,0
9694,323133,,,,,,,,,,,,,,,,,,,,,,,,,0,0
9695,323167,,,,,,,,,,,,,,,,,,,,,,,,,-1,0
9696,323200,,,,,,,,,,,,,,,,,,,,,,,,,0,0
9697,323233,,,,,,,,,,,,,,,,,,,,,,,,,0,0
9698,323267,,,,,,,,,,,,,,,,,,,,,,d,move_right,,0,0
9699,323300,,,,,,,,,,,,,,,,,,,,,,d|w,move_up|move_right,,0,0
9700,323333,,,,,,,,,,,,,,,,,,,,,,d|w,move_up|move_right,,0,0
9701,323367,,,,,,,,,,,,,,,,,,,,,,d|w,move_up|move_right,,0,0
9702,323400,,,,,,,,,,,,,,,,,,,,,,d|w,move_up|move_right,,-1,0
9703,323433,,,,,,,,,,,,,,,,,,,,,,d|w,move_up|move_right,,0,1
9704,323467,,,,,,,,,,,,,,,,,,,,,,d|w,move_up|move_right,,11,2
9705,323500,,,,,,,,,,,,,,,,,,,,,,d|w,move_up|move_right,,18,0
9706,323533,,,,,,,,,,,,,,,,,,,,,,d|w,move_up|move_right,,18,0
9707,323567,,,,,,,,,,,,,,,,,,,,,,d|w,move_up|move_right,,13,1
9708,323600,,,,,,,,,,,,,,,,,,,,,,w,move_up,,7,1
9709,323633,,,,,,,,,,,,,,,,,,,,,,w,move_up,,0,0
9710,323667,,,,,,,,,,,,,,,,,,,,,,w,move_up,,0,0
9711,323700,,,,,,,,,,,,,,,,,,,,,,,,,0,0
9712,323733,,,,,,,,,,,,,,,,,,,,,,,,,0,0
9713,323767,,,,,,,,,,,,,,,,,,,,,,w,move_up,,0,0
9714,323800,,,,,,,,,,,,,,,,,,,,,,w,move_up,,0,0
9715,323833,,,,,,,,,,,,,,,,,,,,,,w,move_up,,0,0
9716,323867,,,,,,,,,,,,,,,,,,,,,,w,move_up,,1,0
9717,323900,,,,,,,,,,,,,,,,,,,,,,d|w,move_up|move_right,,9,0
9718,323933,,,,,,,,,,,,,,,,,,,,,,d|w,move_up|move_right,,6,-1
9719,323967,,,,,,,,,,,,,,,,,,,,,,d|w,move_up|move_right,,5,0
9720,324000,,,,,,,,,,,,,,,,,,,,,,d|w,move_up|move_right,,0,0
9721,324033,,,,,,,,,,,,,,,,,,,,,,d|w,move_up|move_right,,0,0
9722,324067,,,,,,,,,,,,,,,,,,,,,,w,move_up,,0,0
9723,324100,,,,,,,,,,,,,,,,,,,,,,w,move_up,,0,0
9724,324133,,,,,,,,,,,,,,,,,,,,,,w,move_up,,0,0
9725,324167,,,,,,,,,,,,,,,,,,,,,,w,move_up,,0,0
9726,324200,,,,,,,,,,,,,,,,,,,,,,w,move_up,,-1,0
9727,324233,,,,,,,,,,,,,,,,,,,,,,w,move_up,,-1,0
9728,324267,,,,,,,,,,,,,,,,,,,,,,,,,0,0
9729,324300,,,,,,,,,,,,,,,,,,,,,,,,,-12,1
9730,324333,,,,,,,,,,,,,,,,,,,,,,,,,-55,4
9731,324367,,,,,,,,,,,,,,,,,,,,,,a,move_left,,-134,2
9732,324400,,,,,,,,,,,,,,,,,,,,,,a,move_left,,-188,-1
9733,324433,,,,,,,,,,,,,,,,,,,,,,a,move_left,,-121,-5
9734,324467,,,,,,,,,,,,,,,,,,,,,,a,move_left,,-52,-3
9735,324500,,,,,,,,,,,,,,,,,,,,,,a|w,move_up|move_left,,-10,0
9736,324533,,,,,,,,,,,,,,,,,,,,,,a|w,move_up|move_left,,0,0
9737,324567,,,,,,,,,,,,,,,,,,,,,,a|w,move_up|move_left,,-4,1
9738,324600,,,,,,,,,,,,,,,,,,,,,,a|w,move_up|move_left,,-17,2
9739,324633,,,,,,,,,,,,,,,,,,,,,,a|w,move_up|move_left,,-15,0
9740,324667,,,,,,,,,,,,,,,,,,,,,,a|w,move_up|move_left,,-32,0
9741,324700,,,,,,,,,,,,,,,,,,,,,,a|w,move_up|move_left,,-25,0
9742,324733,,,,,,,,,,,,,,,,,,,,,,w,move_up,,-20,0
9743,324767,,,,,,,,,,,,,,,,,,,,,,w,move_up,,-4,0
9744,324800,,,,,,,,,,,,,,,,,,,,,,w,move_up,,-1,0
9745,324833,,,,,,,,,,,,,,,,,,,,,,w,move_up,,-3,0
9746,324867,,,,,,,,,,,,,,,,,,,,,,w,move_up,,-9,1
9747,324900,,,,,,,,,,,,,,,,,,,,,,w,move_up,,-17,0
9748,324933,,,,,,,,,,,,,,,,,,,,,,w,move_up,,-25,1
9749,324967,,,,,,,,,,,,,,,,,,,,,,w,move_up,,-34,1
9750,325000,,,,,,,,,,,,,,,,,,,,,,w,move_up,,-32,1
9751,325033,,,,,,,,,,,,,,,,,,,,,,w,move_up,,-9,0
9752,325067,,,,,,,,,,,,,,,,,,,,,,w,move_up,,0,0
9753,325100,,,,,,,,,,,,,,,,,,,,,,w,move_up,,0,0
9754,325133,,,,,,,,,,,,,,,,,,,,,,w,move_up,,0,0
9755,325167,,,,,,,,,,,,,,,,,,,,,,w,move_up,,0,0
9756,325200,,,,,,,,,,,,,,,,,,,,,,w,move_up,,0,0
9757,325233,,,,,,,,,,,,,,,,,,,,,,w,move_up,,0,0
9758,325267,,,,,,,,,,,,,,,,,,,,,,w,move_up,,0,0
9759,325300,,,,,,,,,,,,,,,,,,,,,,w,move_up,,0,0
9760,325333,,,,,,,,,,,,,,,,,,,,,,w,move_up,,0,0
9761,325367,,,,,,,,,,,,,,,,,,,,,,w,move_up,,0,0
9762,325400,,,,,,,,,,,,,,,,,,,,,,w,move_up,,0,0
9763,325433,,,,,,,,,,,,,,,,,,,,,,w,move_up,,0,0
9764,325467,,,,,,,,,,,,,,,,,,,,,,w,move_up,,0,0
9765,325500,,,,,,,,,,,,,,,,,,,,,,w,move_up,,0,0
9766,325533,,,,,,,,,,,,,,,,,,,,,,w,move_up,,0,0
9767,325567,,,,,,,,,,,,,,,,,,,,,,w,move_up,,3,0
9768,325600,,,,,,,,,,,,,,,,,,,,,,w,move_up,,8,1
9769,325633,,,,,,,,,,,,,,,,,,,,,,w,move_up,,6,0
9770,325667,,,,,,,,,,,,,,,,,,,,,,w,move_up,,11,1
9771,325700,,,,,,,,,,,,,,,,,,,,,,w,move_up,,25,0
9772,325733,,,,,,,,,,,,,,,,,,,,,,w,move_up,,24,0
9773,325767,,,,,,,,,,,,,,,,,,,,,,w,move_up,,5,0
9774,325800,,,,,,,,,,,,,,,,,,,,,,w,move_up,,0,0
9775,325833,,,,,,,,,,,,,,,,,,,,,,w,move_up,,0,0
9776,325867,,,,,,,,,,,,,,,,,,,,,,w,move_up,,0,0
9777,325900,,,,,,,,,,,,,,,,,,,,,,w,move_up,,0,0
9778,325933,,,,,,,,,,,,,,,,,,,,,,w,move_up,,0,0
9779,325967,,,,,,,,,,,,,,,,,,,,,,w,move_up,,0,0
9780,326000,,,,,,,,,,,,,,,,,,,,,,w,move_up,,0,0
9781,326033,,,,,,,,,,,,,,,,,,,,,,w,move_up,,0,0
9782,326067,,,,,,,,,,,,,,,,,,,,,,w,move_up,,0,0
9783,326100,,,,,,,,,,,,,,,,,,,,,,w,move_up,,0,0
9784,326133,,,,,,,,,,,,,,,,,,,,,,w,move_up,,0,0
9785,326167,,,,,,,,,,,,,,,,,,,,,,w,move_up,,0,0
9786,326200,,,,,,,,,,,,,,,,,,,,,,w,move_up,,0,0
9787,326233,,,,,,,,,,,,,,,,,,,,,,w,move_up,,0,0
9788,326267,,,,,,,,,,,,,,,,,,,,,,w,move_up,,0,0
9789,326300,,,,,,,,,,,,,,,,,,,,,,w,move_up,,0,0
9790,326333,,,,,,,,,,,,,,,,,,,,,,w,move_up,,0,0
9791,326367,,,,,,,,,,,,,,,,,,,,,,w,move_up,,0,0
9792,326400,,,,,,,,,,,,,,,,,,,,,,w,move_up,,0,0
9793,326433,,,,,,,,,,,,,,,,,,,,,,w,move_up,,0,0
9794,326467,,,,,,,,,,,,,,,,,,,,,,w,move_up,,0,0
9795,326500,,,,,,,,,,,,,,,,,,,,,,w,move_up,,0,0
9796,326533,,,,,,,,,,,,,,,,,,,,,,w,move_up,,0,0
9797,326567,,,,,,,,,,,,,,,,,,,,,,w,move_up,,0,0
9798,326600,,,,,,,,,,,,,,,,,,,,,,w,move_up,,0,-1
9799,326633,,,,,,,,,,,,,,,,,,,,,,w,move_up,,0,0
9800,326667,,,,,,,,,,,,,,,,,,,,,,w,move_up,,0,-1
9801,326700,,,,,,,,,,,,,,,,,,,,,,w,move_up,,-3,-1
9802,326733,,,,,,,,,,,,,,,,,,,,,,w,move_up,,-3,-1
9803,326767,,,,,,,,,,,,,,,,,,,,,,w,move_up,,-2,-1
9804,326800,,,,,,,,,,,,,,,,,,,,,,w,move_up,,-1,0
9805,326833,,,,,,,,,,,,,,,,,,,,,,w,move_up,,0,0
9806,326867,,,,,,,,,,,,,,,,,,,,,,w,move_up,,0,0
9807,326900,,,,,,,,,,,,,,,,,,,,,,w,move_up,,0,0
9808,326933,,,,,,,,,,,,,,,,,,,,,,w,move_up,,0,0
9809,326967,,,,,,,,,,,,,,,,,,,,,,w,move_up,,0,0
9810,327000,,,,,,,,,,,,,,,,,,,,,,w,move_up,,0,0
9811,327033,,,,,,,,,,,,,,,,,,,,,,w,move_up,,0,0
9812,327067,,,,,,,,,,,,,,,,,,,,,,w,move_up,,0,0
9813,327100,,,,,,,,,,,,,,,,,,,,,,w,move_up,,0,0
9814,327133,,,,,,,,,,,,,,,,,,,,,,w,move_up,,3,0
9815,327167,,,,,,,,,,,,,,,,,,,,,,w,move_up,,10,-1
9816,327200,,,,,,,,,,,,,,,,,,,,,,w,move_up,,7,-1
9817,327233,,,,,,,,,,,,,,,,,,,,,,w,move_up,,5,0
9818,327267,,,,,,,,,,,,,,,,,,,,,,w,move_up,,1,-1
9819,327300,,,,,,,,,,,,,,,,,,,,,,w,move_up,,1,0
9820,327333,,,,,,,,,,,,,,,,,,,,,,w,move_up,,2,0
9821,327367,,,,,,,,,,,,,,,,,,,,,,w,move_up,,9,0
9822,327400,,,,,,,,,,,,,,,,,,,,,,w,move_up,,34,-1
9823,327433,,,,,,,,,,,,,,,,,,,,,,w,move_up,,45,0
9824,327467,,,,,,,,,,,,,,,,,,,,,,w,move_up,,53,0
9825,327500,,,,,,,,,,,,,,,,,,,,,,w,move_up,,19,0
9826,327533,,,,,,,,,,,,,,,,,,,,,,w,move_up,,0,0
9827,327567,,,,,,,,,,,,,,,,,,,,,,w,move_up,,0,0
9828,327600,,,,,,,,,,,,,,,,,,,,,,w,move_up,,0,0
9829,327633,,,,,,,,,,,,,,,,,,,,,,w,move_up,,1,0
9830,327667,,,,,,,,,,,,,,,,,,,,,,w,move_up,,19,0
9831,327700,,,,,,,,,,,,,,,,,,,,,,w,move_up,,41,-1
9832,327733,,,,,,,,,,,,,,,,,,,,,,a|w,move_up|move_left,,37,-1
9833,327767,,,,,,,,,,,,,,,,,,,,,,a|w,move_up|move_left,,7,0
9834,327800,,,,,,,,,,,,,,,,,,,,,,a|w,move_up|move_left,,0,0
9835,327833,,,,,,,,,,,,,,,,,,,,,,a|w,move_up|move_left,,0,0
9836,327867,,,,,,,,,,,,,,,,,,,,,,a|w,move_up|move_left,,0,0
9837,327900,,,,,,,,,,,,,,,,,,,,,,a|w,move_up|move_left,,-2,0
9838,327933,,,,,,,,,,,,,,,,,,,,,,a|w,move_up|move_left,,-1,1
9839,327967,,,,,,,,,,,,,,,,,,,,,,a|w,move_up|move_left,,-4,0
9840,328000,,,,,,,,,,,,,,,,,,,,,,a|w,move_up|move_left,,-13,1
9841,328033,,,,,,,,,,,,,,,,,,,,,,a|w,move_up|move_left,,-8,0
9842,328067,,,,,,,,,,,,,,,,,,,,,,a|w,move_up|move_left,,-15,1
9843,328100,,,,,,,,,,,,,,,,,,,,,,a|w,move_up|move_left,,-23,0
9844,328133,,,,,,,,,,,,,,,,,,,,,,a|w,move_up|move_left,,-15,0
9845,328167,,,,,,,,,,,,,,,,,,,,,,a|w,move_up|move_left,,-2,0
9846,328200,,,,,,,,,,,,,,,,,,,,,,a|w,move_up|move_left,,0,0
9847,328233,,,,,,,,,,,,,,,,,,,,,,w,move_up,,0,0
9848,328267,,,,,,,,,,,,,,,,,,,,,,w,move_up,,0,0
9849,328300,,,,,,,,,,,,,,,,,,,,,,w,move_up,,-1,0
9850,328333,,,,,,,,,,,,,,,,,,,,,,w,move_up,,-1,0
9851,328367,,,,,,,,,,,,,,,,,,,,,,w,move_up,,0,0
9852,328400,,,,,,,,,,,,,,,,,,,,,,w,move_up,,-1,0
9853,328433,,,,,,,,,,,,,,,,,,,,,,w,move_up,,-2,0
9854,328467,,,,,,,,,,,,,,,,,,,,,,w,move_up,,-4,0
9855,328500,,,,,,,,,,,,,,,,,,,,,,a|w,move_up|move_left,,-2,0
9856,328533,,,,,,,,,,,,,,,,,,,,,,a|w,move_up|move_left,,-1,0
9857,328567,,,,,,,,,,,,,,,,,,,,,,a|w,move_up|move_left,,0,0
9858,328600,,,,,,,,,,,,,,,,,,,,,,a|w,move_up|move_left,,1,0
9859,328633,,,,,,,,,,,,,,,,,,,,,,a|w,move_up|move_left,,4,0
9860,328667,,,,,,,,,,,,,,,,,,,,,,a|w,move_up|move_left,,2,0
9861,328700,,,,,,,,,,,,,,,,,,,,,,a|w,move_up|move_left,,3,1
9862,328733,,,,,,,,,,,,,,,,,,,,,,a|w,move_up|move_left,,7,0
9863,328767,,,,,,,,,,,,,,,,,,,,,,a|w,move_up|move_left,,12,1
9864,328800,,,,,,,,,,,,,,,,,,,,,,a|w,move_up|move_left,,25,0
9865,328833,,,,,,,,,,,,,,,,,,,,,,a|w,move_up|move_left,,6,0
9866,328867,,,,,,,,,,,,,,,,,,,,,,a|w,move_up|move_left,,2,0
9867,328900,,,,,,,,,,,,,,,,,,,,,,a|w,move_up|move_left,,15,1
9868,328933,,,,,,,,,,,,,,,,,,,,,,a|w,move_up|move_left,,11,0
9869,328967,,,,,,,,,,,,,,,,,,,,,,a|w,move_up|move_left,,6,0
9870,329000,,,,,,,,,,,,,,,,,,,,,,a|w,move_up|move_left,,7,0
9871,329033,,,,,,,,,,,,,,,,,,,,,,a|w,move_up|move_left,,6,1
9872,329067,,,,,,,,,,,,,,,,,,,,,,a|w,move_up|move_left,,6,0
9873,329100,,,,,,,,,,,,,,,,,,,,,,a|w,move_up|move_left,,4,0
9874,329133,,,,,,,,,,,,,,,,,,,,,,a|w,move_up|move_left,,1,0
9875,329167,,,,,,,,,,,,,,,,,,,,,,a|w,move_up|move_left,,3,0
9876,329200,,,,,,,,,,,,,,,,,,,,,,a|w,move_up|move_left,,6,0
9877,329233,,,,,,,,,,,,,,,,,,,,,,a|w,move_up|move_left,,2,1
9878,329267,,,,,,,,,,,,,,,,,,,,,,a|w,move_up|move_left,,3,0
9879,329300,,,,,,,,,,,,,,,,,,,,,,a|w,move_up|move_left,,6,1
9880,329333,,,,,,,,,,,,,,,,,,,,,,a|w,move_up|move_left,,4,0
9881,329367,,,,,,,,,,,,,,,,,,,,,,a|w,move_up|move_left,,10,0
9882,329400,,,,,,,,,,,,,,,,,,,,,,a|w,move_up|move_left,,15,1
9883,329433,,,,,,,,,,,,,,,,,,,,,,a|w,move_up|move_left,,10,0
9884,329467,,,,,,,,,,,,,,,,,,,,,,a|w,move_up|move_left,,18,0
9885,329500,,,,,,,,,,,,,,,,,,,,,,a|w,move_up|move_left,,17,1
9886,329533,,,,,,,,,,,,,,,,,,,,,,a|w,move_up|move_left,,4,0
9887,329567,,,,,,,,,,,,,,,,,,,,,,w,move_up,,2,0
9888,329600,,,,,,,,,,,,,,,,,,,,,,w,move_up,,2,0
9889,329633,,,,,,,,,,,,,,,,,,,,,,w,move_up,,0,0
9890,329667,,,,,,,,,,,,,,,,,,,,,,w,move_up,,0,0
9891,329700,,,,,,,,,,,,,,,,,,,,,,w,move_up,,0,0
9892,329733,,,,,,,,,,,,,,,,,,,,,,w,move_up,,1,0
9893,329767,,,,,,,,,,,,,,,,,,,,,,a|w,move_up|move_left,,0,0
9894,329800,,,,,,,,,,,,,,,,,,,,,,a|w,move_up|move_left,,0,0
9895,329833,,,,,,,,,,,,,,,,,,,,,,a|w,move_up|move_left,,2,0
9896,329867,,,,,,,,,,,,,,,,,,,,,,a|w,move_up|move_left,,3,0
9897,329900,,,,,,,,,,,,,,,,,,,,,,a|w,move_up|move_left,,6,0
9898,329933,,,,,,,,,,,,,,,,,,,,,,w,move_up,,7,0
9899,329967,,,,,,,,,,,,,,,,,,,,,,w,move_up,,2,0
9900,330000,,,,,,,,,,,,,,,,,,,,,,w,move_up,,2,0
9901,330033,,,,,,,,,,,,,,,,,,,,,,w,move_up,,0,0
9902,330067,,,,,,,,,,,,,,,,,,,,,,w,move_up,,5,0
9903,330100,,,,,,,,,,,,,,,,,,,,,,a|w,move_up|move_left,,7,0
9904,330133,,,,,,,,,,,,,,,,,,,,,,a|w,move_up|move_left,,6,0
9905,330167,,,,,,,,,,,,,,,,,,,,,,a|w,move_up|move_left,,11,0
9906,330200,,,,,,,,,,,,,,,,,,,,,,a|w,move_up|move_left,,23,0
9907,330233,,,,,,,,,,,,,,,,,,,,,,a|w,move_up|move_left,,29,0
9908,330267,,,,,,,,,,,,,,,,,,,,,,a|w,move_up|move_left,,22,1
9909,330300,,,,,,,,,,,,,,,,,,,,,,a|w,move_up|move_left,,24,1
9910,330333,,,,,,,,,,,,,,,,,,,,,,a|w,move_up|move_left,,19,0
9911,330367,,,,,,,,,,,,,,,,,,,,,,a|w,move_up|move_left,,18,1
9912,330400,,,,,,,,,,,,,,,,,,,,,,a|w,move_up|move_left,,28,0
9913,330433,,,,,,,,,,,,,,,,,,,,,,a|w,move_up|move_left,,30,1
9914,330467,,,,,,,,,,,,,,,,,,,,,,a|w,move_up|move_left,,12,0
9915,330500,,,,,,,,,,,,,,,,,,,,,,a|w,move_up|move_left,,4,0
9916,330533,,,,,,,,,,,,,,,,,,,,,,a|w,move_up|move_left,,6,0
9917,330567,,,,,,,,,,,,,,,,,,,,,,a|w,move_up|move_left,,2,0
9918,330600,,,,,,,,,,,,,,,,,,,,,,a|w,move_up|move_left,,3,-1
9919,330633,,,,,,,,,,,,,,,,,,,,,,a|w,move_up|move_left,,2,0
9920,330667,,,,,,,,,,,,,,,,,,,,,,a|w,move_up|move_left,,1,0
9921,330700,,,,,,,,,,,,,,,,,,,,,,a|w,move_up|move_left,,1,0
9922,330733,,,,,,,,,,,,,,,,,,,,,,a|w,move_up|move_left,,0,0
9923,330767,,,,,,,,,,,,,,,,,,,,,,a|w,move_up|move_left,,3,0
9924,330800,,,,,,,,,,,,,,,,,,,,,,a|w,move_up|move_left,,9,0
9925,330833,,,,,,,,,,,,,,,,,,,,,,a|w,move_up|move_left,,12,0
9926,330867,,,,,,,,,,,,,,,,,,,,,,a|w,move_up|move_left,,14,-1
9927,330900,,,,,,,,,,,,,,,,,,,,,,a|w,move_up|move_left,,29,-4
9928,330933,,,,,,,,,,,,,,,,,,,,,,a|w,move_up|move_left,,7,0
9929,330967,,,,,,,,,,,,,,,,,,,,,,a|w,move_up|move_left,,0,0
9930,331000,,,,,,,,,,,,,,,,,,,,,,a|w,move_up|move_left,,3,0
9931,331033,,,,,,,,,,,,,,,,,,,,,,,,,0,0
9932,331067,,,,,,,,,,,,,,,,,,,,,,,,,0,0
9933,331100,,,,,,,,,,,,,,,,,,,,,,,,,0,0
9934,331133,,,,,,,,,,,,,,,,,,,,,,,,,0,0
9935,331167,,,,,,,,,,,,,,,,,,,,,,a,move_left,,0,0
9936,331200,,,,,,,,,,,,,,,,,,,,,,a,move_left,,0,0
9937,331233,,,,,,,,,,,,,,,,,,,,,,a,move_left,,9,0
9938,331267,,,,,,,,,,,,,,,,,,,,,,a,move_left,,17,-7
9939,331300,,,,,,,,,,,,,,,,,,,,,,a,move_left,,5,-2
9940,331333,,,,,,,,,,,,,,,,,,,,,,a,move_left,,6,-3
9941,331367,,,,,,,,,,,,,,,,,,,,,,a,move_left,,10,-2
9942,331400,,,,,,,,,,,,,,,,,,,,,,a,move_left,,11,-1
9943,331433,,,,,,,,,,,,,,,,,,,,,,a,move_left,,10,-1
9944,331467,,,,,,,,,,,,,,,,,,,,,,a,move_left,,6,0
9945,331500,,,,,,,,,,,,,,,,,,,,,,a,move_left,,5,0
9946,331533,,,,,,,,,,,,,,,,,,,,,,a,move_left,,1,0
9947,331567,,,,,,,,,,,,,,,,,,,,,,,,,0,0
9948,331600,,,,,,,,,,,,,,,,,,,,,,,,,0,0
9949,331633,,,,,,,,,,,,,,,,,,,,,,,,,0,0
9950,331667,,,,,,,,,,,,,,,,,,,,,,,,,0,0
9951,331700,,,,,,,,,,,,,,,,,,,,,,,,,0,0
9952,331733,,,,,,,,,,,,,,,,,,,,,,,,,0,0
9953,331767,,,,,,,,,,,,,,,,,,,,,,d,move_right,,0,0
9954,331800,,,,,,,,,,,,,,,,,,,,,,d,move_right,,0,0
9955,331833,,,,,,,,,,,,,,,,,,,,,,d,move_right,,0,0
9956,331867,,,,,,,,,,,,,,,,,,,,,,d,move_right,,2,0
9957,331900,,,,,,,,,,,,,,,,,,,,,,d,move_right,,12,0
9958,331933,,,,,,,,,,,,,,,,,,,,,,d|w,move_up|move_right,,32,0
9959,331967,,,,,,,,,,,,,,,,,,,,,,d|w,move_up|move_right,,53,5
9960,332000,,,,,,,,,,,,,,,,,,,,,,d|w,move_up|move_right,,126,8
9961,332033,,,,,,,,,,,,,,,,,,,,,,d|w,move_up|move_right,,99,0
9962,332067,,,,,,,,,,,,,,,,,,,,,,d|w,move_up|move_right,,47,1
9963,332100,,,,,,,,,,,,,,,,,,,,,,d|w,move_up|move_right,,8,1
9964,332133,,,,,,,,,,,,,,,,,,,,,,d|w,move_up|move_right,,0,0
9965,332167,,,,,,,,,,,,,,,,,,,,,,d|w,move_up|move_right,,1,0
9966,332200,,,,,,,,,,,,,,,,,,,,,,d|w,move_up|move_right,,0,0
9967,332233,,,,,,,,,,,,,,,,,,,,,,w,move_up,,0,0
9968,332267,,,,,,,,,,,,,,,,,,,,,,w,move_up,,1,0
9969,332300,,,,,,,,,,,,,,,,,,,,,,w,move_up,,0,0
9970,332333,,,,,,,,,,,,,,,,,,,,,,w,move_up,,0,0
9971,332367,,,,,,,,,,,,,,,,,,,,,,w,move_up,,0,0
9972,332400,,,,,,,,,,,,,,,,,,,,,,w,move_up,,0,0
9973,332433,,,,,,,,,,,,,,,,,,,,,,w,move_up,,0,0
9974,332467,,,,,,,,,,,,,,,,,,,,,,w,move_up,,0,0
9975,332500,,,,,,,,,,,,,,,,,,,,,,w,move_up,,-2,0
9976,332533,,,,,,,,,,,,,,,,,,,,,,w,move_up,,-12,-1
9977,332567,,,,,,,,,,,,,,,,,,,,,,w,move_up,,-23,1
9978,332600,,,,,,,,,,,,,,,,,,,,,,w,move_up,,-15,1
9979,332633,,,,,,,,,,,,,,,,,,,,,,w,move_up,,0,0
9980,332667,,,,,,,,,,,,,,,,,,,,,,w,move_up,,-1,0
9981,332700,,,,,,,,,,,,,,,,,,,,,,w,move_up,,0,0
9982,332733,,,,,,,,,,,,,,,,,,,,,,w,move_up,,0,0
9983,332767,,,,,,,,,,,,,,,,,,,,,,w,move_up,,-1,0
9984,332800,,,,,,,,,,,,,,,,,,,,,,w,move_up,,-7,2
9985,332833,,,,,,,,,,,,,,,,,,,,,,w,move_up,,-6,1
9986,332867,,,,,,,,,,,,,,,,,,,,,,w,move_up,,-1,0
9987,332900,,,,,,,,,,,,,,,,,,,,,,w,move_up,,-2,0
9988,332933,,,,,,,,,,,,,,,,,,,,,,w,move_up,,-7,1
9989,332967,,,,,,,,,,,,,,,,,,,,,,w,move_up,,-17,0
9990,333000,,,,,,,,,,,,,,,,,,,,,,w,move_up,,-18,1
9991,333033,,,,,,,,,,,,,,,,,,,,,,w,move_up,,-18,0
9992,333067,,,,,,,,,,,,,,,,,,,,,,w,move_up,,-20,-1
9993,333100,,,,,,,,,,,,,,,,,,,,,,w,move_up,,-18,-1
9994,333133,,,,,,,,,,,,,,,,,,,,,,w,move_up,,-16,-1
9995,333167,,,,,,,,,,,,,,,,,,,,,,w,move_up,,-23,-2
9996,333200,,,,,,,,,,,,,,,,,,,,,,w,move_up,,-19,-2
9997,333233,,,,,,,,,,,,,,,,,,,,,,w,move_up,,-13,-1
9998,333267,,,,,,,,,,,,,,,,,,,,,,w,move_up,,-5,0
9999,333300,,,,,,,,,,,,,,,,,,,,,,w,move_up,,-5,0
10000,333333,,,,,,,,,,,,,,,,,,,,,,w,move_up,,-4,0
10001,333367,,,,,,,,,,,,,,,,,,,,,,w,move_up,,-1,0
10002,333400,,,,,,,,,,,,,,,,,,,,,,w,move_up,,-2,0
10003,333433,,,,,,,,,,,,,,,,,,,,,,shift|w,move_up,,0,0
10004,333467,,,,,,,,,,,,,,,,,,,,,,shift|w,move_up,,0,0
10005,333500,,,,,,,,,,,,,,,,,,,,,,shift|w,move_up,,0,0
10006,333533,,,,,,,,,,,,,,,,,,,,,,shift|w,move_up,,0,0
10007,333567,,,,,,,,,,,,,,,,,,,,,,shift|w,move_up,,0,0
10008,333600,,,,,,,,,,,,,,,,,,,,,,shift|w,move_up,,0,0
10009,333633,,,,,,,,,,,,,,,,,,,,,,shift|w,move_up,,0,0
10010,333667,,,,,,,,,,,,,,,,,,,,,,shift|w,move_up,,0,0
10011,333700,,,,,,,,,,,,,,,,,,,,,,shift|w,move_up,,0,0
10012,333733,,,,,,,,,,,,,,,,,,,,,,shift|w,move_up,,0,0
10013,333767,,,,,,,,,,,,,,,,,,,,,,shift|w,move_up,,0,0
10014,333800,,,,,,,,,,,,,,,,,,,,,,shift|w,move_up,,0,0
10015,333833,,,,,,,,,,,,,,,,,,,,,,shift|w,move_up,,0,0
10016,333867,,,,,,,,,,,,,,,,,,,,,,shift|w,move_up,,-3,0
10017,333900,,,,,,,,,,,,,,,,,,,,,,shift|w,move_up,,-4,1
10018,333933,,,,,,,,,,,,,,,,,,,,,,shift|w,move_up,,-4,1
10019,333967,,,,,,,,,,,,,,,,,,,,,,shift|w,move_up,,-2,1
10020,334000,,,,,,,,,,,,,,,,,,,,,,shift|w,move_up,,-4,0
10021,334033,,,,,,,,,,,,,,,,,,,,,,shift|w,move_up,,-4,1
10022,334067,,,,,,,,,,,,,,,,,,,,,,shift|w,move_up,,-1,0
10023,334100,,,,,,,,,,,,,,,,,,,,,,shift|w,move_up,,0,0
10024,334133,,,,,,,,,,,,,,,,,,,,,,shift|w,move_up,,0,0
10025,334167,,,,,,,,,,,,,,,,,,,,,,shift|w,move_up,,-1,0
10026,334200,,,,,,,,,,,,,,,,,,,,,,shift|w,move_up,,0,0
10027,334233,,,,,,,,,,,,,,,,,,,,,,shift|w,move_up,,-1,1
10028,334267,,,,,,,,,,,,,,,,,,,,,,shift|w,move_up,,-3,0
10029,334300,,,,,,,,,,,,,,,,,,,,,,shift|w,move_up,,-5,1
10030,334333,,,,,,,,,,,,,,,,,,,,,,shift|w,move_up,,-4,0
10031,334367,,,,,,,,,,,,,,,,,,,,,,shift|w,move_up,,-2,0
10032,334400,,,,,,,,,,,,,,,,,,,,,,shift|w,move_up,,-1,0
10033,334433,,,,,,,,,,,,,,,,,,,,,,shift|w,move_up,,0,0
10034,334467,,,,,,,,,,,,,,,,,,,,,,shift|w,move_up,,0,0
10035,334500,,,,,,,,,,,,,,,,,,,,,,w,move_up,,-1,0
10036,334533,,,,,,,,,,,,,,,,,,,,,,w,move_up,,-1,0
10037,334567,,,,,,,,,,,,,,,,,,,,,,w,move_up,,-4,0
10038,334600,,,,,,,,,,,,,,,,,,,,,,w,move_up,,-6,0
10039,334633,,,,,,,,,,,,,,,,,,,,,,w,move_up,,-5,0
10040,334667,,,,,,,,,,,,,,,,,,,,,,w,move_up,,-4,0
10041,334700,,,,,,,,,,,,,,,,,,,,,,w,move_up,,-4,0
10042,334733,,,,,,,,,,,,,,,,,,,,,,w,move_up,,-5,0
10043,334767,,,,,,,,,,,,,,,,,,,,,,w,move_up,,-3,0
10044,334800,,,,,,,,,,,,,,,,,,,,,,w,move_up,,-3,0
10045,334833,,,,,,,,,,,,,,,,,,,,,,w,move_up,,-3,1
10046,334867,,,,,,,,,,,,,,,,,,,,,,w,move_up,,-4,0
10047,334900,,,,,,,,,,,,,,,,,,,,,,w,move_up,,-2,0
10048,334933,,,,,,,,,,,,,,,,,,,,,,w,move_up,,-1,0
10049,334967,,,,,,,,,,,,,,,,,,,,,,w,move_up,,0,0
10050,335000,,,,,,,,,,,,,,,,,,,,,,w,move_up,,0,0
10051,335033,,,,,,,,,,,,,,,,,,,,,,w,move_up,,-1,0
10052,335067,,,,,,,,,,,,,,,,,,,,,,w,move_up,,-1,0
10053,335100,,,,,,,,,,,,,,,,,,,,,,w,move_up,,-6,0
10054,335133,,,,,,,,,,,,,,,,,,,,,,w,move_up,,-14,1
10055,335167,,,,,,,,,,,,,,,,,,,,,,w,move_up,,-21,0
10056,335200,,,,,,,,,,,,,,,,,,,,,,w,move_up,,-22,0
10057,335233,,,,,,,,,,,,,,,,,,,,,,w,move_up,,-8,0
10058,335267,,,,,,,,,,,,,,,,,,,,,,w,move_up,,-4,0
10059,335300,,,,,,,,,,,,,,,,,,,,,,w,move_up,,-3,0
10060,335333,,,,,,,,,,,,,,,,,,,,,,w,move_up,,-6,0
10061,335367,,,,,,,,,,,,,,,,,,,,,,w,move_up,,-12,-1
10062,335400,,,,,,,,,,,,,,,,,,,,,,w,move_up,,-11,0
10063,335433,,,,,,,,,,,,,,,,,,,,,,w,move_up,,-14,-1
10064,335467,,,,,,,,,,,,,,,,,,,,,,w,move_up,,-13,-1
10065,335500,,,,,,,,,,,,,,,,,,,,,,w,move_up,,-10,-1
10066,335533,,,,,,,,,,,,,,,,,,,,,,w,move_up,,-2,0
10067,335567,,,,,,,,,,,,,,,,,,,,,,w,move_up,,0,-1
10068,335600,,,,,,,,,,,,,,,,,,,,,,w,move_up,,-1,-2
10069,335633,,,,,,,,,,,,,,,,,,,,,,w,move_up,,0,-2
10070,335667,,,,,,,,,,,,,,,,,,,,,,w,move_up,,0,0
10071,335700,,,,,,,,,,,,,,,,,,,,,,w,move_up,,-1,0
10072,335733,,,,,,,,,,,,,,,,,,,,,,w,move_up,,0,0
10073,335767,,,,,,,,,,,,,,,,,,,,,,w,move_up,,0,0
10074,335800,,,,,,,,,,,,,,,,,,,,,,w,move_up,,0,0
10075,335833,,,,,,,,,,,,,,,,,,,,,,w,move_up,,0,0
10076,335867,,,,,,,,,,,,,,,,,,,,,,w,move_up,,0,0
10077,335900,,,,,,,,,,,,,,,,,,,,,,w,move_up,,0,0
10078,335933,,,,,,,,,,,,,,,,,,,,,,w,move_up,,0,0
10079,335967,,,,,,,,,,,,,,,,,,,,,,w,move_up,,0,0
10080,336000,,,,,,,,,,,,,,,,,,,,,,w,move_up,,0,0
10081,336033,,,,,,,,,,,,,,,,,,,,,,w,move_up,,-9,0
10082,336067,,,,,,,,,,,,,,,,,,,,,,w,move_up,,-45,-3
10083,336100,,,,,,,,,,,,,,,,,,,,,,d|w,move_up|move_right,,-52,-5
10084,336133,,,,,,,,,,,,,,,,,,,,,,d|w,move_up|move_right,,-45,-3
10085,336167,,,,,,,,,,,,,,,,,,,,,,d|w,move_up|move_right,,-22,0
10086,336200,,,,,,,,,,,,,,,,,,,,,,d|w,move_up|move_right,,-2,0
10087,336233,,,,,,,,,,,,,,,,,,,,,,d|w,move_up|move_right,,0,0
10088,336267,,,,,,,,,,,,,,,,,,,,,,d|w,move_up|move_right,,-1,0
10089,336300,,,,,,,,,,,,,,,,,,,,,,d|w,move_up|move_right,,0,0
10090,336333,,,,,,,,,,,,,,,,,,,,,,d|w,move_up|move_right,,0,0
10091,336367,,,,,,,,,,,,,,,,,,,,,,d|w,move_up|move_right,,0,0
10092,336400,,,,,,,,,,,,,,,,,,,,,,d|w,move_up|move_right,,22,6
10093,336433,,,,,,,,,,,,,,,,,,,,,,d|w,move_up|move_right,,73,5
10094,336467,,,,,,,,,,,,,,,,,,,,,,d|w,move_up|move_right,,73,1
10095,336500,,,,,,,,,,,,,,,,,,,,,,w,move_up,,19,1
10096,336533,,,,,,,,,,,,,,,,,,,,,,w,move_up,,0,0
10097,336567,,,,,,,,,,,,,,,,,,,,,,w,move_up,,0,0
10098,336600,,,,,,,,,,,,,,,,,,,,,,w,move_up,,0,1
10099,336633,,,,,,,,,,,,,,,,,,,,,,w,move_up,,0,0
10100,336667,,,,,,,,,,,,,,,,,,,,,,w,move_up,,0,0
10101,336700,,,,,,,,,,,,,,,,,,,,,,w,move_up,,0,0
10102,336733,,,,,,,,,,,,,,,,,,,,,,w,move_up,,6,2
10103,336767,,,,,,,,,,,,,,,,,,,,,,w,move_up,,7,2
10104,336800,,,,,,,,,,,,,,,,,,,,,,w,move_up,,3,0
10105,336833,,,,,,,,,,,,,,,,,,,,,,w,move_up,,5,1
10106,336867,,,,,,,,,,,,,,,,,,,,,,w,move_up,,10,0
10107,336900,,,,,,,,,,,,,,,,,,,,,,w,move_up,,11,0
10108,336933,,,,,,,,,,,,,,,,,,,,,,w,move_up,,4,0
10109,336967,,,,,,,,,,,,,,,,,,,,,,w,move_up,,0,0
10110,337000,,,,,,,,,,,,,,,,,,,,,,w,move_up,,0,0
10111,337033,,,,,,,,,,,,,,,,,,,,,,a|w,move_up|move_left,,0,0
10112,337067,,,,,,,,,,,,,,,,,,,,,,a|w,move_up|move_left,,0,0
10113,337100,,,,,,,,,,,,,,,,,,,,,,a|w,move_up|move_left,,-1,0
10114,337133,,,,,,,,,,,,,,,,,,,,,,a|w,move_up|move_left,,-9,0
10115,337167,,,,,,,,,,,,,,,,,,,,,,w,move_up,,-18,0
10116,337200,,,,,,,,,,,,,,,,,,,,,,w,move_up,,-23,-1
10117,337233,,,,,,,,,,,,,,,,,,,,,,w,move_up,,-14,0
10118,337267,,,,,,,,,,,,,,,,,,,,,,w,move_up,,-5,-1
10119,337300,,,,,,,,,,,,,,,,,,,,,,w,move_up,,-7,-1
10120,337333,,,,,,,,,,,,,,,,,,,,,,d|w,move_up|move_right,,-12,-2
10121,337367,,,,,,,,,,,,,,,,,,,,,,d|w,move_up|move_right,,-17,-2
10122,337400,,,,,,,,,,,,,,,,,,,,,,d|w,move_up|move_right,,-13,-2
10123,337433,,,,,,,,,,,,,,,,,,,,,,d|w,move_up|move_right,,-12,-1
10124,337467,,,,,,,,,,,,,,,,,,,,,,d|w,move_up|move_right,,-4,0
10125,337500,,,,,,,,,,,,,,,,,,,,,,d|w,move_up|move_right,,-1,0
10126,337533,,,,,,,,,,,,,,,,,,,,,,d|w,move_up|move_right,,0,0
10127,337567,,,,,,,,,,,,,,,,,,,,,,d|w,move_up|move_right,,0,0
10128,337600,,,,,,,,,,,,,,,,,,,,,,d|w,move_up|move_right,,0,0
10129,337633,,,,,,,,,,,,,,,,,,,,,,d|w,move_up|move_right,,0,0
10130,337667,,,,,,,,,,,,,,,,,,,,,,d|w,move_up|move_right,,1,0
10131,337700,,,,,,,,,,,,,,,,,,,,,,d|w,move_up|move_right,,13,-1
10132,337733,,,,,,,,,,,,,,,,,,,,,,d|w,move_up|move_right,,20,0
10133,337767,,,,,,,,,,,,,,,,,,,,,,d|w,move_up|move_right,,22,-1
10134,337800,,,,,,,,,,,,,,,,,,,,,,d|w,move_up|move_right,,8,0
10135,337833,,,,,,,,,,,,,,,,,,,,,,d|w,move_up|move_right,,0,0
10136,337867,,,,,,,,,,,,,,,,,,,,,,d|w,move_up|move_right,,0,0
10137,337900,,,,,,,,,,,,,,,,,,,,,,w,move_up,,0,0
10138,337933,,,,,,,,,,,,,,,,,,,,,,w,move_up,,0,0
10139,337967,,,,,,,,,,,,,,,,,,,,,,w,move_up,,0,0
10140,338000,,,,,,,,,,,,,,,,,,,,,,w,move_up,,0,0
10141,338033,,,,,,,,,,,,,,,,,,,,,,w,move_up,,2,0
10142,338067,,,,,,,,,,,,,,,,,,,,,,w,move_up,,13,0
10143,338100,,,,,,,,,,,,,,,,,,,,,,w,move_up,,43,2
10144,338133,,,,,,,,,,,,,,,,,,,,,,w,move_up,,41,0
10145,338167,,,,,,,,,,,,,,,,,,,,,,w,move_up,,21,1
10146,338200,,,,,,,,,,,,,,,,,,,,,,w,move_up,,0,0
10147,338233,,,,,,,,,,,,,,,,,,,,,,w,move_up,,0,0
10148,338267,,,,,,,,,,,,,,,,,,,,,,w,move_up,,1,0
10149,338300,,,,,,,,,,,,,,,,,,,,,,w,move_up,,0,0
10150,338333,,,,,,,,,,,,,,,,,,,,,,w,move_up,,0,0
10151,338367,,,,,,,,,,,,,,,,,,,,,,a|w,move_up|move_left,,0,0
10152,338400,,,,,,,,,,,,,,,,,,,,,,a|w,move_up|move_left,,-1,0
10153,338433,,,,,,,,,,,,,,,,,,,,,,a|w,move_up|move_left,,-11,0
10154,338467,,,,,,,,,,,,,,,,,,,,,,a|w,move_up|move_left,,-17,1
10155,338500,,,,,,,,,,,,,,,,,,,,,,a|w,move_up|move_left,,-15,0
10156,338533,,,,,,,,,,,,,,,,,,,,,,w,move_up,,-3,0
10157,338567,,,,,,,,,,,,,,,,,,,,,,w,move_up,,-1,1
10158,338600,,,,,,,,,,,,,,,,,,,,,,w,move_up,,0,0
10159,338633,,,,,,,,,,,,,,,,,,,,,,w,move_up,,-1,0
10160,338667,,,,,,,,,,,,,,,,,,,,,,w,move_up,,-2,0
10161,338700,,,,,,,,,,,,,,,,,,,,,,w,move_up,,-2,0
10162,338733,,,,,,,,,,,,,,,,,,,,,,w,move_up,,0,0
10163,338767,,,,,,,,,,,,,,,,,,,,,,d|w,move_up|move_right,,0,0
10164,338800,,,,,,,,,,,,,,,,,,,,,,d|w,move_up|move_right,,0,0
10165,338833,,,,,,,,,,,,,,,,,,,,,,d|w,move_up|move_right,,7,0
10166,338867,,,,,,,,,,,,,,,,,,,,,,w,move_up,,1,0
10167,338900,,,,,,,,,,,,,,,,,,,,,,w,move_up,,1,0
10168,338933,,,,,,,,,,,,,,,,,,,,,,w,move_up,,0,0
10169,338967,,,,,,,,,,,,,,,,,,,,,,w,move_up,,0,0
10170,339000,,,,,,,,,,,,,,,,,,,,,,w,move_up,,0,0
10171,339033,,,,,,,,,,,,,,,,,,,,,,w,move_up,,0,0
10172,339067,,,,,,,,,,,,,,,,,,,,,,w,move_up,,0,0
10173,339100,,,,,,,,,,,,,,,,,,,,,,w,move_up,,-1,0
10174,339133,,,,,,,,,,,,,,,,,,,,,,w,move_up,,-2,0
10175,339167,,,,,,,,,,,,,,,,,,,,,,w,move_up,,-1,0
10176,339200,,,,,,,,,,,,,,,,,,,,,,w,move_up,,1,0
10177,339233,,,,,,,,,,,,,,,,,,,,,,w,move_up,,21,0
10178,339267,,,,,,,,,,,,,,,,,,,,,,w,move_up,,21,-1
10179,339300,,,,,,,,,,,,,,,,,,,,,,w,move_up,,4,0
10180,339333,,,,,,,,,,,,,,,,,,,,,,w,move_up,,-2,0
10181,339367,,,,,,,,,,,,,,,,,,,,,,w,move_up,,-5,0
10182,339400,,,,,,,,,,,,,,,,,,,,,,w,move_up,,-9,0
10183,339433,,,,,,,,,,,,,,,,,,,,,,w,move_up,,-10,0
10184,339467,,,,,,,,,,,,,,,,,,,,,,w,move_up,,-10,0
10185,339500,,,,,,,,,,,,,,,,,,,,,,w,move_up,,-8,0
10186,339533,,,,,,,,,,,,,,,,,,,,,,w,move_up,,-7,0
10187,339567,,,,,,,,,,,,,,,,,,,,,,w,move_up,,-2,0
10188,339600,,,,,,,,,,,,,,,,,,,,,,w,move_up,,0,0
10189,339633,,,,,,,,,,,,,,,,,,,,,,w,move_up,,0,0
10190,339667,,,,,,,,,,,,,,,,,,,,,,w,move_up,,0,0
10191,339700,,,,,,,,,,,,,,,,,,,,,,w,move_up,,3,0
10192,339733,,,,,,,,,,,,,,,,,,,,,,w,move_up,,6,0
10193,339767,,,,,,,,,,,,,,,,,,,,,,w,move_up,,10,0
10194,339800,,,,,,,,,,,,,,,,,,,,,,w,move_up,,4,0
10195,339833,,,,,,,,,,,,,,,,,,,,,,w,move_up,,2,0
10196,339867,,,,,,,,,,,,,,,,,,,,,,w,move_up,,1,0
10197,339900,,,,,,,,,,,,,,,,,,,,,,w,move_up,,1,0
10198,339933,,,,,,,,,,,,,,,,,,,,,,w,move_up,,2,0
10199,339967,,,,,,,,,,,,,,,,,,,,,,w,move_up,,0,0
10200,340000,,,,,,,,,,,,,,,,,,,,,,w,move_up,,0,0
10201,340033,,,,,,,,,,,,,,,,,,,,,,w,move_up,,0,0
10202,340067,,,,,,,,,,,,,,,,,,,,,,w,move_up,,0,0
10203,340100,,,,,,,,,,,,,,,,,,,,,,w,move_up,,0,0
10204,340133,,,,,,,,,,,,,,,,,,,,,,w,move_up,,0,0
10205,340167,,,,,,,,,,,,,,,,,,,,,,w,move_up,,-1,0
10206,340200,,,,,,,,,,,,,,,,,,,,,,w,move_up,,-5,0
10207,340233,,,,,,,,,,,,,,,,,,,,,,w,move_up,,-7,0
10208,340267,,,,,,,,,,,,,,,,,,,,,,w,move_up,,-1,0
10209,340300,,,,,,,,,,,,,,,,,,,,,,w,move_up,,0,0
10210,340333,,,,,,,,,,,,,,,,,,,,,,w,move_up,,0,-1
10211,340367,,,,,,,,,,,,,,,,,,,,,,w,move_up,,1,0
10212,340400,,,,,,,,,,,,,,,,,,,,,,w,move_up,,3,-3
10213,340433,,,,,,,,,,,,,,,,,,,,,,w,move_up,,3,-1
10214,340467,,,,,,,,,,,,,,,,,,,,,,w,move_up,,2,-1
10215,340500,,,,,,,,,,,,,,,,,,,,,,w,move_up,,3,-2
10216,340533,,,,,,,,,,,,,,,,,,,,,,w,move_up,,1,-2
10217,340567,,,,,,,,,,,,,,,,,,,,,,w,move_up,,0,0
10218,340600,,,,,,,,,,,,,,,,,,,,,,w,move_up,,0,-1
10219,340633,,,,,,,,,,,,,,,,,,,,,,w,move_up,,0,-1
10220,340667,,,,,,,,,,,,,,,,,,,,,,w,move_up,,0,-1
10221,340700,,,,,,,,,,,,,,,,,,,,,,w,move_up,,-1,-2
10222,340733,,,,,,,,,,,,,,,,,,,,,,w,move_up,,-2,-1
10223,340767,,,,,,,,,,,,,,,,,,,,,,w,move_up,,-3,-1
10224,340800,,,,,,,,,,,,,,,,,,,,,,w,move_up,,0,0
10225,340833,,,,,,,,,,,,,,,,,,,,,,w,move_up,,0,0
10226,340867,,,,,,,,,,,,,,,,,,,,,,w,move_up,,0,0
10227,340900,,,,,,,,,,,,,,,,,,,,,,w,move_up,,0,-1
10228,340933,,,,,,,,,,,,,,,,,,,,,,w,move_up,,3,0
10229,340967,,,,,,,,,,,,,,,,,,,,,,w,move_up,,2,-1
10230,341000,,,,,,,,,,,,,,,,,,,,,,w,move_up,,7,0
10231,341033,,,,,,,,,,,,,,,,,,,,,,w,move_up,,10,0
10232,341067,,,,,,,,,,,,,,,,,,,,,,w,move_up,,0,0
10233,341100,,,,,,,,,,,,,,,,,,,,,,w,move_up,,0,0
10234,341133,,,,,,,,,,,,,,,,,,,,,,w,move_up,,0,0
10235,341167,,,,,,,,,,,,,,,,,,,,,,w,move_up,,0,1
10236,341200,,,,,,,,,,,,,,,,,,,,,,w,move_up,,-1,3
10237,341233,,,,,,,,,,,,,,,,,,,,,,w,move_up,,-1,3
10238,341267,,,,,,,,,,,,,,,,,,,,,,w,move_up,,0,3
10239,341300,,,,,,,,,,,,,,,,,,,,,,w,move_up,,0,1
10240,341333,,,,,,,,,,,,,,,,,,,,,,w,move_up,,0,1
10241,341367,,,,,,,,,,,,,,,,,,,,,,w,move_up,,0,0
10242,341400,,,,,,,,,,,,,,,,,,,,,,w,move_up,,0,1
10243,341433,,,,,,,,,,,,,,,,,,,,,,w,move_up,,0,1
10244,341467,,,,,,,,,,,,,,,,,,,,,,w,move_up,,0,0
10245,341500,,,,,,,,,,,,,,,,,,,,,,w,move_up,,0,0
10246,341533,,,,,,,,,,,,,,,,,,,,,,w,move_up,,0,0
10247,341567,,,,,,,,,,,,,,,,,,,,,,w,move_up,,0,0
10248,341600,,,,,,,,,,,,,,,,,,,,,,w,move_up,,-3,1
10249,341633,,,,,,,,,,,,,,,,,,,,,,w,move_up,,-3,1
10250,341667,,,,,,,,,,,,,,,,,,,,,,w,move_up,,-9,1
10251,341700,,,,,,,,,,,,,,,,,,,,,,w,move_up,,-3,0
10252,341733,,,,,,,,,,,,,,,,,,,,,,w,move_up,,0,0
10253,341767,,,,,,,,,,,,,,,,,,,,,,w,move_up,,0,0
10254,341800,,,,,,,,,,,,,,,,,,,,,,w,move_up,,0,0
10255,341833,,,,,,,,,,,,,,,,,,,,,,w,move_up,,0,0
10256,341867,,,,,,,,,,,,,,,,,,,,,,w,move_up,,0,0
10257,341900,,,,,,,,,,,,,,,,,,,,,,w,move_up,,0,0
10258,341933,,,,,,,,,,,,,,,,,,,,,,w,move_up,,0,0
10259,341967,,,,,,,,,,,,,,,,,,,,,,w,move_up,,0,0
10260,342000,,,,,,,,,,,,,,,,,,,,,,w,move_up,,-1,0
10261,342033,,,,,,,,,,,,,,,,,,,,,,w,move_up,,-3,1
10262,342067,,,,,,,,,,,,,,,,,,,,,,w,move_up,,-5,0
10263,342100,,,,,,,,,,,,,,,,,,,,,,w,move_up,,-4,1
10264,342133,,,,,,,,,,,,,,,,,,,,,,w,move_up,,-5,0
10265,342167,,,,,,,,,,,,,,,,,,,,,,w,move_up,,-8,0
10266,342200,,,,,,,,,,,,,,,,,,,,,,w,move_up,,-12,0
10267,342233,,,,,,,,,,,,,,,,,,,,,,w,move_up,,-13,0
10268,342267,,,,,,,,,,,,,,,,,,,,,,w,move_up,,-21,-1
10269,342300,,,,,,,,,,,,,,,,,,,,,,w,move_up,,-17,0
10270,342333,,,,,,,,,,,,,,,,,,,,,,w,move_up,,-2,0
10271,342367,,,,,,,,,,,,,,,,,,,,,,w,move_up,,-5,0
10272,342400,,,,,,,,,,,,,,,,,,,,,,w,move_up,,-7,0
10273,342433,,,,,,,,,,,,,,,,,,,,,,w,move_up,,-5,0
10274,342467,,,,,,,,,,,,,,,,,,,,,,w,move_up,,-4,0
10275,342500,,,,,,,,,,,,,,,,,,,,,,w,move_up,,-18,1
10276,342533,,,,,,,,,,,,,,,,,,,,,,,,,-15,0
10277,342567,,,,,,,,,,,,,,,,,,,,,,,,,-10,0
10278,342600,,,,,,,,,,,,,,,,,,,,,,,,,-14,0
10279,342633,,,,,,,,,,,,,,,,,,,,,,,,,-19,-1
10280,342667,,,,,,,,,,,,,,,,,,,,,,,,,-15,0
10281,342700,,,,,,,,,,,,,,,,,,,,,,,,,-23,-2
10282,342733,,,,,,,,,,,,,,,,,,,,,,,,,-13,-1
10283,342767,,,,,,,,,,,,,,,,,,,,,,,,,-1,0
10284,342800,,,,,,,,,,,,,,,,,,,,,,,,,0,0
10285,342833,,,,,,,,,,,,,,,,,,,,,,w,move_up,,0,0
10286,342867,,,,,,,,,,,,,,,,,,,,,,w,move_up,,0,0
10287,342900,,,,,,,,,,,,,,,,,,,,,,w,move_up,,0,0
10288,342933,,,,,,,,,,,,,,,,,,,,,,w,move_up,,0,0
10289,342967,,,,,,,,,,,,,,,,,,,,,,w,move_up,,0,0
10290,343000,,,,,,,,,,,,,,,,,,,,,,w,move_up,,0,0
10291,343033,,,,,,,,,,,,,,,,,,,,,,w,move_up,,0,0
10292,343067,,,,,,,,,,,,,,,,,,,,,,w,move_up,,0,0
10293,343100,,,,,,,,,,,,,,,,,,,,,,w,move_up,,0,0
10294,343133,,,,,,,,,,,,,,,,,,,,,,w,move_up,,0,0
10295,343167,,,,,,,,,,,,,,,,,,,,,,w,move_up,,33,-1
10296,343200,,,,,,,,,,,,,,,,,,,,,,w,move_up,,113,-3
10297,343233,,,,,,,,,,,,,,,,,,,,,,w,move_up,,123,-3
10298,343267,,,,,,,,,,,,,,,,,,,,,,,,,42,2
10299,343300,,,,,,,,,,,,,,,,,,,,,,,,,4,0
10300,343333,,,,,,,,,,,,,,,,,,,,,,,,,0,2
10301,343367,,,,,,,,,,,,,,,,,,,,,,,,,-1,0
10302,343400,,,,,,,,,,,,,,,,,,,,,,,,,0,0
10303,343433,,,,,,,,,,,,,,,,,,,,,,w,move_up,,0,0
10304,343467,,,,,,,,,,,,,,,,,,,,,,w,move_up,,0,1
10305,343500,,,,,,,,,,,,,,,,,,,,,,w,move_up,,10,3
10306,343533,,,,,,,,,,,,,,,,,,,,,,a|w,move_up|move_left,,39,4
10307,343567,,,,,,,,,,,,,,,,,,,,,,a|w,move_up|move_left,,54,1
10308,343600,,,,,,,,,,,,,,,,,,,,,,a|w,move_up|move_left,,48,3
10309,343633,,,,,,,,,,,,,,,,,,,,,,a|w,move_up|move_left,,33,2
10310,343667,,,,,,,,,,,,,,,,,,,,,,a|w,move_up|move_left,,6,0
10311,343700,,,,,,,,,,,,,,,,,,,,,,a|w,move_up|move_left,,5,1
10312,343733,,,,,,,,,,,,,,,,,,,,,,a|w,move_up|move_left,,16,1
10313,343767,,,,,,,,,,,,,,,,,,,,,,a|w,move_up|move_left,,19,1
10314,343800,,,,,,,,,,,,,,,,,,,,,,a|w,move_up|move_left,,19,0
10315,343833,,,,,,,,,,,,,,,,,,,,,,a|w,move_up|move_left,,25,2
10316,343867,,,,,,,,,,,,,,,,,,,,,,a|w,move_up|move_left,,15,0
10317,343900,,,,,,,,,,,,,,,,,,,,,,a|w,move_up|move_left,,2,0
10318,343933,,,,,,,,,,,,,,,,,,,,,,a|w,move_up|move_left,,0,0
10319,343967,,,,,,,,,,,,,,,,,,,,,,w,move_up,,0,0
10320,344000,,,,,,,,,,,,,,,,,,,,,,w,move_up,,0,0
10321,344033,,,,,,,,,,,,,,,,,,,,,,,,,0,0
10322,344067,,,,,,,,,,,,,,,,,,,,,,,,,0,-1
10323,344100,,,,,,,,,,,,,,,,,,,,,,,,,0,0
10324,344133,,,,,,,,,,,,,,,,,,,,,,w,move_up,,4,-2
10325,344167,,,,,,,,,,,,,,,,,,,,,,w,move_up,,6,-4
10326,344200,,,,,,,,,,,,,,,,,,,,,,w,move_up,,5,-4
10327,344233,,,,,,,,,,,,,,,,,,,,,,w,move_up,,3,-2
10328,344267,,,,,,,,,,,,,,,,,,,,,,w,move_up,,2,-1
10329,344300,,,,,,,,,,,,,,,,,,,,,,w,move_up,,1,0
10330,344333,,,,,,,,,,,,,,,,,,,,,,w,move_up,,3,-3
10331,344367,,,,,,,,,,,,,,,,,,,,,,w,move_up,,6,-2
10332,344400,,,,,,,,,,,,,,,,,,,,,,w,move_up,,5,-1
10333,344433,,,,,,,,,,,,,,,,,,,,,,w,move_up,,9,-3
10334,344467,,,,,,,,,,,,,,,,,,,,,,w,move_up,,7,-2
10335,344500,,,,,,,,,,,,,,,,,,,,,,w,move_up,,2,0
10336,344533,,,,,,,,,,,,,,,,,,,,,,w,move_up,,0,0
10337,344567,,,,,,,,,,,,,,,,,,,,,,w,move_up,,2,-1
10338,344600,,,,,,,,,,,,,,,,,,,,,,w,move_up,,2,-1
10339,344633,,,,,,,,,,,,,,,,,,,,,,w,move_up,,3,-2
10340,344667,,,,,,,,,,,,,,,,,,,,,,w,move_up,,0,0
10341,344700,,,,,,,,,,,,,,,,,,,,,,w,move_up,,0,0
10342,344733,,,,,,,,,,,,,,,,,,,,,,w,move_up,,1,-1
10343,344767,,,,,,,,,,,,,,,,,,,,,,w,move_up,,0,0
10344,344800,,,,,,,,,,,,,,,,,,,,,,w,move_up,,0,0
10345,344833,,,,,,,,,,,,,,,,,,,,,,w,move_up,,0,0
10346,344867,,,,,,,,,,,,,,,,,,,,,,w,move_up,,0,0
10347,344900,,,,,,,,,,,,,,,,,,,,,,w,move_up,,0,0
10348,344933,,,,,,,,,,,,,,,,,,,,,,w,move_up,,0,0
10349,344967,,,,,,,,,,,,,,,,,,,,,,w,move_up,,0,0
10350,345000,,,,,,,,,,,,,,,,,,,,,,w,move_up,,0,-1
10351,345033,,,,,,,,,,,,,,,,,,,,,,d|w,move_up|move_right,,-4,-2
10352,345067,,,,,,,,,,,,,,,,,,,,,,d|w,move_up|move_right,,-3,-1
10353,345100,,,,,,,,,,,,,,,,,,,,,,d|w,move_up|move_right,,-3,0
10354,345133,,,,,,,,,,,,,,,,,,,,,,d|w,move_up|move_right,,-23,-1
10355,345167,,,,,,,,,,,,,,,,,,,,,,d|w,move_up|move_right,,-28,-1
10356,345200,,,,,,,,,,,,,,,,,,,,,,d|w,move_up|move_right,,-31,0
10357,345233,,,,,,,,,,,,,,,,,,,,,,d|w,move_up|move_right,,-23,0
10358,345267,,,,,,,,,,,,,,,,,,,,,,d|w,move_up|move_right,,-14,0
10359,345300,,,,,,,,,,,,,,,,,,,,,,d|w,move_up|move_right,,-11,1
10360,345333,,,,,,,,,,,,,,,,,,,,,,d|w,move_up|move_right,,-3,1
10361,345367,,,,,,,,,,,,,,,,,,,,,,d|w,move_up|move_right,,-4,2
10362,345400,,,,,,,,,,,,,,,,,,,,,,w,move_up,,-3,1
10363,345433,,,,,,,,,,,,,,,,,,,,,,w,move_up,,-1,0
10364,345467,,,,,,,,,,,,,,,,,,,,,,w,move_up,,-1,1
10365,345500,,,,,,,,,,,,,,,,,,,,,,,,,-2,1
10366,345533,,,,,,,,,,,,,,,,,,,,,,,,,-2,0
10367,345567,,,,,,,,,,,,,,,,,,,,,,,,,-4,1
10368,345600,,,,,,,,,,,,,,,,,,,,,,w,move_up,,0,0
10369,345633,,,,,,,,,,,,,,,,,,,,,,w,move_up,,0,0
10370,345667,,,,,,,,,,,,,,,,,,,,,,d|w,move_up|move_right,,-4,1
10371,345700,,,,,,,,,,,,,,,,,,,,,,d|w,move_up|move_right,,-1,1
10372,345733,,,,,,,,,,,,,,,,,,,,,,d|w,move_up|move_right,,0,1
10373,345767,,,,,,,,,,,,,,,,,,,,,,d|w,move_up|move_right,,51,7
10374,345800,,,,,,,,,,,,,,,,,,,,,,w,move_up,,105,5
10375,345833,,,,,,,,,,,,,,,,,,,,,,a|w,move_up|move_left,,105,1
10376,345867,,,,,,,,,,,,,,,,,,,,,,a|w,move_up|move_left,,73,1
10377,345900,,,,,,,,,,,,,,,,,,,,,,a|w,move_up|move_left,,32,1
10378,345933,,,,,,,,,,,,,,,,,,,,,,a|w,move_up|move_left,,13,2
10379,345967,,,,,,,,,,,,,,,,,,,,,,a|w,move_up|move_left,,2,0
10380,346000,,,,,,,,,,,,,,,,,,,,,,a|w,move_up|move_left,,0,-1
10381,346033,,,,,,,,,,,,,,,,,,,,,,a|w,move_up|move_left,,-4,0
10382,346067,,,,,,,,,,,,,,,,,,,,,,a|w,move_up|move_left,,-7,1
10383,346100,,,,,,,,,,,,,,,,,,,,,,a|w,move_up|move_left,,-13,1
10384,346133,,,,,,,,,,,,,,,,,,,,,,a|w,move_up|move_left,,-37,2
10385,346167,,,,,,,,,,,,,,,,,,,,,,a|w,move_up|move_left,,-83,0
10386,346200,,,,,,,,,,,,,,,,,,,,,,w,move_up,,-140,-6
10387,346233,,,,,,,,,,,,,,,,,,,,,,w,move_up,,-85,-3
10388,346267,,,,,,,,,,,,,,,,,,,,,,w,move_up,,-49,-3
10389,346300,,,,,,,,,,,,,,,,,,,,,,w,move_up,,-28,0
10390,346333,,,,,,,,,,,,,,,,,,,,,,w,move_up,,-11,1
10391,346367,,,,,,,,,,,,,,,,,,,,,,w,move_up,,-5,0
10392,346400,,,,,,,,,,,,,,,,,,,,,,w,move_up,,-7,1
10393,346433,,,,,,,,,,,,,,,,,,,,,,w,move_up,,-6,1
10394,346467,,,,,,,,,,,,,,,,,,,,,,w,move_up,,-2,0
10395,346500,,,,,,,,,,,,,,,,,,,,,,w,move_up,,-3,1
10396,346533,,,,,,,,,,,,,,,,,,,,,,w,move_up,,-3,1
10397,346567,,,,,,,,,,,,,,,,,,,,,,w,move_up,,-10,3
10398,346600,,,,,,,,,,,,,,,,,,,,,,w,move_up,,-10,2
10399,346633,,,,,,,,,,,,,,,,,,,,,,w,move_up,,-3,1
10400,346667,,,,,,,,,,,,,,,,,,,,,,w,move_up,,-10,0
10401,346700,,,,,,,,,,,,,,,,,,,,,,w,move_up,,-5,1
10402,346733,,,,,,,,,,,,,,,,,,,,,,w,move_up,,-13,1
10403,346767,,,,,,,,,,,,,,,,,,,,,,w,move_up,,-11,0
10404,346800,,,,,,,,,,,,,,,,,,,,,,w,move_up,,-8,0
10405,346833,,,,,,,,,,,,,,,,,,,,,,w,move_up,,0,1
10406,346867,,,,,,,,,,,,,,,,,,,,,,w,move_up,,0,0
10407,346900,,,,,,,,,,,,,,,,,,,,,,w,move_up,,-1,0
10408,346933,,,,,,,,,,,,,,,,,,,,,,w,move_up,,0,0
10409,346967,,,,,,,,,,,,,,,,,,,,,,w,move_up,,0,0
10410,347000,,,,,,,,,,,,,,,,,,,,,,w,move_up,,0,0
10411,347033,,,,,,,,,,,,,,,,,,,,,,w,move_up,,0,0
10412,347067,,,,,,,,,,,,,,,,,,,,,,w,move_up,,0,0
10413,347100,,,,,,,,,,,,,,,,,,,,,,w,move_up,,0,0
10414,347133,,,,,,,,,,,,,,,,,,,,,,w,move_up,,0,0
10415,347167,,,,,,,,,,,,,,,,,,,,,,w,move_up,,0,0
10416,347200,,,,,,,,,,,,,,,,,,,,,,w,move_up,,0,0
10417,347233,,,,,,,,,,,,,,,,,,,,,,w,move_up,,0,0
10418,347267,,,,,,,,,,,,,,,,,,,,,,w,move_up,,0,0
10419,347300,,,,,,,,,,,,,,,,,,,,,,w,move_up,,0,0
10420,347333,,,,,,,,,,,,,,,,,,,,,,w,move_up,,0,0
10421,347367,,,,,,,,,,,,,,,,,,,,,,w,move_up,,0,0
10422,347400,,,,,,,,,,,,,,,,,,,,,,w,move_up,,-3,0
10423,347433,,,,,,,,,,,,,,,,,,,,,,w,move_up,,-4,0
10424,347467,,,,,,,,,,,,,,,,,,,,,,w,move_up,,0,0
10425,347500,,,,,,,,,,,,,,,,,,,,,,w,move_up,,-4,0
10426,347533,,,,,,,,,,,,,,,,,,,,,,w,move_up,,-8,0
10427,347567,,,,,,,,,,,,,,,,,,,,,,w,move_up,,-5,-2
10428,347600,,,,,,,,,,,,,,,,,,,,,,w,move_up,,-5,-2
10429,347633,,,,,,,,,,,,,,,,,,,,,,d|w,move_up|move_right,,-9,-3
10430,347667,,,,,,,,,,,,,,,,,,,,,,d|w,move_up|move_right,,-14,-3
10431,347700,,,,,,,,,,,,,,,,,,,,,,d|w,move_up|move_right,,-19,-1
10432,347733,,,,,,,,,,,,,,,,,,,,,,d|w,move_up|move_right,,-14,0
10433,347767,,,,,,,,,,,,,,,,,,,,,,w,move_up,,-12,0
10434,347800,,,,,,,,,,,,,,,,,,,,,,w,move_up,,-5,1
10435,347833,,,,,,,,,,,,,,,,,,,,,,w,move_up,,-6,1
10436,347867,,,,,,,,,,,,,,,,,,,,,,w,move_up,,-4,0
10437,347900,,,,,,,,,,,,,,,,,,,,,,w,move_up,,0,0
10438,347933,,,,,,,,,,,,,,,,,,,,,,w,move_up,,-1,1
10439,347967,,,,,,,,,,,,,,,,,,,,,,w,move_up,,0,0
10440,348000,,,,,,,,,,,,,,,,,,,,,,w,move_up,,0,0
10441,348033,,,,,,,,,,,,,,,,,,,,,,w,move_up,,0,0
10442,348067,,,,,,,,,,,,,,,,,,,,,,w,move_up,,0,0
10443,348100,,,,,,,,,,,,,,,,,,,,,,w,move_up,,0,0
10444,348133,,,,,,,,,,,,,,,,,,,,,,w,move_up,,12,2
10445,348167,,,,,,,,,,,,,,,,,,,,,,w,move_up,,22,2
10446,348200,,,,,,,,,,,,,,,,,,,,,,w,move_up,,1,1
10447,348233,,,,,,,,,,,,,,,,,,,,,,w,move_up,,-12,6
10448,348267,,,,,,,,,,,,,,,,,,,,,,,,,-24,9
10449,348300,,,,,,,,,,,,,,,,,,,,,,,,,-13,5
10450,348333,,,,,,,,,,,,,,,,,,,,,,,,,0,0
10451,348367,,,,,,,,,,,,,,,,,,,,,,,,,0,1
10452,348400,,,,,,,,,,,,,,,,,,,,,,d,move_right,,0,0
10453,348433,,,,,,,,,,,,,,,,,,,,,,d|w,move_up|move_right,,10,0
10454,348467,,,,,,,,,,,,,,,,,,,,,,d|w,move_up|move_right,,30,-1
10455,348500,,,,,,,,,,,,,,,,,,,,,,w,move_up,,46,-3
10456,348533,,,,,,,,,,,,,,,,,,,,,,w,move_up,,23,-4
10457,348567,,,,,,,,,,,,,,,,,,,,,,w,move_up,,0,0
10458,348600,,,,,,,,,,,,,,,,,,,,,,w,move_up,,0,0
10459,348633,,,,,,,,,,,,,,,,,,,,,,w,move_up,,-3,-6
10460,348667,,,,,,,,,,,,,,,,,,,,,,w,move_up,,-10,-9
10461,348700,,,,,,,,,,,,,,,,,,,,,,w,move_up,,-12,-9
10462,348733,,,,,,,,,,,,,,,,,,,,,,w,move_up,,-13,-7
10463,348767,,,,,,,,,,,,,,,,,,,,,,w,move_up,,-3,-3
10464,348800,,,,,,,,,,,,,,,,,,,,,,w,move_up,,0,0
10465,348833,,,,,,,,,,,,,,,,,,,,,,w,move_up,,0,0
10466,348867,,,,,,,,,,,,,,,,,,,,,,w,move_up,,0,0
10467,348900,,,,,,,,,,,,,,,,,,,,,,,,,0,0
10468,348933,,,,,,,,,,,,,,,,,,,,,,,,,0,0
10469,348967,,,,,,,,,,,,,,,,,,,,,,,,,0,0
10470,349000,,,,,,,,,,,,,,,,,,,,,,,,,15,3
10471,349033,,,,,,,,,,,,,,,,,,,,,,,,,37,3
10472,349067,,,,,,,,,,,,,,,,,,,,,,,,,34,1
10473,349100,,,,,,,,,,,,,,,,,,,,,,,,,15,1
10474,349133,,,,,,,,,,,,,,,,,,,,,,,,,20,1
10475,349167,,,,,,,,,,,,,,,,,,,,,,,,,22,2
10476,349200,,,,,,,,,,,,,,,,,,,,,,,,,38,2
10477,349233,,,,,,,,,,,,,,,,,,,,,,,,,44,1
10478,349267,,,,,,,,,,,,,,,,,,,,,,,,,20,1
10479,349300,,,,,,,,,,,,,,,,,,,,,,,,,1,1
10480,349333,,,,,,,,,,,,,,,,,,,,,,,,,4,2
10481,349367,,,,,,,,,,,,,,,,,,,,,,,,,4,1
10482,349400,,,,,,,,,,,,,,,,,,,,,,,,,5,2
10483,349433,,,,,,,,,,,,,,,,,,,,,,,,,17,5
10484,349467,,,,,,,,,,,,,,,,,,,,,,,,,21,5
10485,349500,,,,,,,,,,,,,,,,,,,,,,,,,25,5
10486,349533,,,,,,,,,,,,,,,,,,,,,,,,,19,4
10487,349567,,,,,,,,,,,,,,,,,,,,,,,,,20,4
10488,349600,,,,,,,,,,,,,,,,,,,,,,,,,10,1
10489,349633,,,,,,,,,,,,,,,,,,,,,,,,,2,0
10490,349667,,,,,,,,,,,,,,,,,,,,,,w,move_up,,0,0
10491,349700,,,,,,,,,,,,,,,,,,,,,,w,move_up,,0,0
10492,349733,,,,,,,,,,,,,,,,,,,,,,w,move_up,,1,0
10493,349767,,,,,,,,,,,,,,,,,,,,,,w,move_up,,5,1
10494,349800,,,,,,,,,,,,,,,,,,,,,,w,move_up,,2,0
10495,349833,,,,,,,,,,,,,,,,,,,,,,w,move_up,,1,1
10496,349867,,,,,,,,,,,,,,,,,,,,,,w,move_up,,0,0
10497,349900,,,,,,,,,,,,,,,,,,,,,,w,move_up,,0,0
10498,349933,,,,,,,,,,,,,,,,,,,,,,w,move_up,,-5,0
10499,349967,,,,,,,,,,,,,,,,,,,,,,w,move_up,,-31,0
10500,350000,,,,,,,,,,,,,,,,,,,,,,w,move_up,,-28,1
10501,350033,,,,,,,,,,,,,,,,,,,,,,w,move_up,,-30,3
10502,350067,,,,,,,,,,,,,,,,,,,,,,w,move_up,,-11,0
10503,350100,,,,,,,,,,,,,,,,,,,,,,w,move_up,,-10,0
10504,350133,,,,,,,,,,,,,,,,,,,,,,w,move_up,,-10,1
10505,350167,,,,,,,,,,,,,,,,,,,,,,w,move_up,,-12,0
10506,350200,,,,,,,,,,,,,,,,,,,,,,w,move_up,,-3,0
10507,350233,,,,,,,,,,,,,,,,,,,,,,w,move_up,,-2,1
10508,350267,,,,,,,,,,,,,,,,,,,,,,w,move_up,,-5,1
10509,350300,,,,,,,,,,,,,,,,,,,,,,w,move_up,,-1,1
10510,350333,,,,,,,,,,,,,,,,,,,,,,w,move_up,,-1,0
10511,350367,,,,,,,,,,,,,,,,,,,,,,w,move_up,,0,0
10512,350400,,,,,,,,,,,,,,,,,,,,,,w,move_up,,-2,1
10513,350433,,,,,,,,,,,,,,,,,,,,,,,,,-4,0
10514,350467,,,,,,,,,,,,,,,,,,,,,,,,,-15,1
10515,350500,,,,,,,,,,,,,,,,,,,,,,,,,-18,-1
10516,350533,,,,,,,,,,,,,,,,,,,,,,,,,-27,-3
10517,350567,,,,,,,,,,,,,,,,,,,,,,,,,-22,-5
10518,350600,,,,,,,,,,,,,,,,,,,,,,,,,-19,-5
10519,350633,,,,,,,,,,,,,,,,,,,,,,,,,-12,-3
10520,350667,,,,,,,,,,,,,,,,,,,,,,,,,-6,-2
10521,350700,,,,,,,,,,,,,,,,,,,,,,,,,-2,-2
10522,350733,,,,,,,,,,,,,,,,,,,,,,,,,-9,-2
10523,350767,,,,,,,,,,,,,,,,,,,,,,,,,-4,-1
10524,350800,,,,,,,,,,,,,,,,,,,,,,,,,-7,-2
10525,350833,,,,,,,,,,,,,,,,,,,,,,,,,-14,-3
10526,350867,,,,,,,,,,,,,,,,,,,,,,,,,-20,-5
10527,350900,,,,,,,,,,,,,,,,,,,,,,,,,-26,-6
10528,350933,,,,,,,,,,,,,,,,,,,,,,,,,-10,-3
10529,350967,,,,,,,,,,,,,,,,,,,,,,,,,-8,-1
10530,351000,,,,,,,,,,,,,,,,,,,,,,,,,-11,-2
10531,351033,,,,,,,,,,,,,,,,,,,,,,,,,-5,0
10532,351067,,,,,,,,,,,,,,,,,,,,,,,,,-2,-1
10533,351100,,,,,,,,,,,,,,,,,,,,,,,,,-3,0
10534,351133,,,,,,,,,,,,,,,,,,,,,,,,,-1,0
10535,351167,,,,,,,,,,,,,,,,,,,,,,,,,0,0
10536,351200,,,,,,,,,,,,,,,,,,,,,,,,,0,0
10537,351233,,,,,,,,,,,,,,,,,,,,,,,,,0,0
10538,351267,,,,,,,,,,,,,,,,,,,,,,,,,0,0
10539,351300,,,,,,,,,,,,,,,,,,,,,,,,,0,0
10540,351333,,,,,,,,,,,,,,,,,,,,,,,,,0,0
10541,351367,,,,,,,,,,,,,,,,,,,,,,,,,0,0
10542,351400,,,,,,,,,,,,,,,,,,,,,,,,,0,0
10543,351433,,,,,,,,,,,,,,,,,,,,,,,,,0,0
10544,351467,,,,,,,,,,,,,,,,,,,,,,,,,0,0
10545,351500,,,,,,,,,,,,,,,,,,,,,,,,,-2,0
10546,351533,,,,,,,,,,,,,,,,,,,,,,,,,-5,-1
10547,351567,,,,,,,,,,,,,,,,,,,,,,,,,-4,0
10548,351600,,,,,,,,,,,,,,,,,,,,,,,,,-7,-1
10549,351633,,,,,,,,,,,,,,,,,,,,,,,,,-20,-1
10550,351667,,,,,,,,,,,,,,,,,,,,,,,,,-37,-1
10551,351700,,,,,,,,,,,,,,,,,,,,,,,,,-50,-2
10552,351733,,,,,,,,,,,,,,,,,,,,,,,,,-51,-2
10553,351767,,,,,,,,,,,,,,,,,,,,,,,,,-32,-1
10554,351800,,,,,,,,,,,,,,,,,,,,,,,,,-3,-1
10555,351833,,,,,,,,,,,,,,,,,,,,,,,,,0,0
10556,351867,,,,,,,,,,,,,,,,,,,,,,,,,0,0
10557,351900,,,,,,,,,,,,,,,,,,,,,,,,,0,0
10558,351933,,,,,,,,,,,,,,,,,,,,,,,,,0,0
10559,351967,,,,,,,,,,,,,,,,,,,,,,,,,0,0
10560,352000,,,,,,,,,,,,,,,,,,,,,,,,,0,0
10561,352033,,,,,,,,,,,,,,,,,,,,,,,,,-2,0
10562,352067,,,,,,,,,,,,,,,,,,,,,,,,,-7,0
10563,352100,,,,,,,,,,,,,,,,,,,,,,,,,-16,1
10564,352133,,,,,,,,,,,,,,,,,,,,,,,,,-19,1
10565,352167,,,,,,,,,,,,,,,,,,,,,,,,,-9,1
10566,352200,,,,,,,,,,,,,,,,,,,,,,,,,-11,1
10567,352233,,,,,,,,,,,,,,,,,,,,,,,,,-22,1
10568,352267,,,,,,,,,,,,,,,,,,,,,,,,,-15,1
10569,352300,,,,,,,,,,,,,,,,,,,,,,,,,0,0
10570,352333,,,,,,,,,,,,,,,,,,,,,,,,,8,-5
10571,352367,,,,,,,,,,,,,,,,,,,,,,,,,8,-6
10572,352400,,,,,,,,,,,,,,,,,,,,,,,,,1,-4
10573,352433,,,,,,,,,,,,,,,,,,,,,,,,,-6,-3
10574,352467,,,,,,,,,,,,,,,,,,,,,,,,,-12,-2
10575,352500,,,,,,,,,,,,,,,,,,,,,,,,,-25,-1
10576,352533,,,,,,,,,,,,,,,,,,,,,,,,,-33,1
10577,352567,,,,,,,,,,,,,,,,,,,,,,,,,-33,3
10578,352600,,,,,,,,,,,,,,,,,,,,,,,,,-29,4
10579,352633,,,,,,,,,,,,,,,,,,,,,,,,,-10,2
10580,352667,,,,,,,,,,,,,,,,,,,,,,,,,0,0
10581,352700,,,,,,,,,,,,,,,,,,,,,,,,,0,0
10582,352733,,,,,,,,,,,,,,,,,,,,,,a,move_left,,-2,1
10583,352767,,,,,,,,,,,,,,,,,,,,,,a,move_left,,-9,5
10584,352800,,,,,,,,,,,,,,,,,,,,,,a,move_left,,-18,7
10585,352833,,,,,,,,,,,,,,,,,,,,,,a|w,move_up|move_left,,-17,6
10586,352867,,,,,,,,,,,,,,,,,,,,,,a|w,move_up|move_left,,-12,3
10587,352900,,,,,,,,,,,,,,,,,,,,,,a|w,move_up|move_left,,-3,1
10588,352933,,,,,,,,,,,,,,,,,,,,,,a|w,move_up|move_left,,0,1
10589,352967,,,,,,,,,,,,,,,,,,,,,,a|w,move_up|move_left,,-1,0
10590,353000,,,,,,,,,,,,,,,,,,,,,,a|w,move_up|move_left,,0,2
10591,353033,,,,,,,,,,,,,,,,,,,,,,w,move_up,,0,1
10592,353067,,,,,,,,,,,,,,,,,,,,,,w,move_up,,-2,2
10593,353100,,,,,,,,,,,,,,,,,,,,,,w,move_up,,-1,2
10594,353133,,,,,,,,,,,,,,,,,,,,,,w,move_up,,-2,0
10595,353167,,,,,,,,,,,,,,,,,,,,,,,,,-6,3
10596,353200,,,,,,,,,,,,,,,,,,,,,,,,,-14,2
10597,353233,,,,,,,,,,,,,,,,,,,,,,,,,-18,2
10598,353267,,,,,,,,,,,,,,,,,,,,,,w,move_up,,-21,2
10599,353300,,,,,,,,,,,,,,,,,,,,,,w,move_up,,-11,1
10600,353333,,,,,,,,,,,,,,,,,,,,,,w,move_up,,-3,0
10601,353367,,,,,,,,,,,,,,,,,,,,,,d|w,move_up|move_right,,-3,1
10602,353400,,,,,,,,,,,,,,,,,,,,,,d|w,move_up|move_right,,-8,1
10603,353433,,,,,,,,,,,,,,,,,,,,,,d|w,move_up|move_right,,-12,1
10604,353467,,,,,,,,,,,,,,,,,,,,,,d|w,move_up|move_right,,-20,0
10605,353500,,,,,,,,,,,,,,,,,,,,,,d|w,move_up|move_right,,-17,0
10606,353533,,,,,,,,,,,,,,,,,,,,,,d|w,move_up|move_right,,-17,-1
10607,353567,,,,,,,,,,,,,,,,,,,,,,d|w,move_up|move_right,,-20,0
10608,353600,,,,,,,,,,,,,,,,,,,,,,,,,-22,-1
10609,353633,,,,,,,,,,,,,,,,,,,,,,,,,-29,0
10610,353667,,,,,,,,,,,,,,,,,,,,,,,,,-26,-1
10611,353700,,,,,,,,,,,,,,,,,,,,,,w,move_up,,-29,-2
10612,353733,,,,,,,,,,,,,,,,,,,,,,w,move_up,,-26,-1
10613,353767,,,,,,,,,,,,,,,,,,,,,,w,move_up,,-25,0
10614,353800,,,,,,,,,,,,,,,,,,,,,,w,move_up,,-25,0
10615,353833,,,,,,,,,,,,,,,,,,,,,,w,move_up,,-14,0
10616,353867,,,,,,,,,,,,,,,,,,,,,,d|w,move_up|move_right,,-14,0
10617,353900,,,,,,,,,,,,,,,,,,,,,,d|w,move_up|move_right,,-20,1
10618,353933,,,,,,,,,,,,,,,,,,,,,,d|w,move_up|move_right,,-21,1
10619,353967,,,,,,,,,,,,,,,,,,,,,,d|w,move_up|move_right,,-25,0
10620,354000,,,,,,,,,,,,,,,,,,,,,,d|w,move_up|move_right,,-25,0
10621,354033,,,,,,,,,,,,,,,,,,,,,,d|w,move_up|move_right,,-34,1
10622,354067,,,,,,,,,,,,,,,,,,,,,,w,move_up,,-20,0
10623,354100,,,,,,,,,,,,,,,,,,,,,,w,move_up,,-9,0
10624,354133,,,,,,,,,,,,,,,,,,,,,,w,move_up,,0,0
10625,354167,,,,,,,,,,,,,,,,,,,,,,,,,-1,0
10626,354200,,,,,,,,,,,,,,,,,,,,,,,,,0,0
10627,354233,,,,,,,,,,,,,,,,,,,,,,,,,1,-1
10628,354267,,,,,,,,,,,,,,,,,,,,,,w,move_up,,18,-2
10629,354300,,,,,,,,,,,,,,,,,,,,,,w,move_up,,42,-3
10630,354333,,,,,,,,,,,,,,,,,,,,,,w,move_up,,54,-3
10631,354367,,,,,,,,,,,,,,,,,,,,,,w,move_up,,113,-6
10632,354400,,,,,,,,,,,,,,,,,,,,,,w,move_up,,88,-3
10633,354433,,,,,,,,,,,,,,,,,,,,,,w,move_up,,30,2
10634,354467,,,,,,,,,,,,,,,,,,,,,,w,move_up,,14,1
10635,354500,,,,,,,,,,,,,,,,,,,,,,w,move_up,,19,0
10636,354533,,,,,,,,,,,,,,,,,,,,,,w,move_up,,16,0
10637,354567,,,,,,,,,,,,,,,,,,,,,,w,move_up,,34,0
10638,354600,,,,,,,,,,,,,,,,,,,,,,w,move_up,,41,0
10639,354633,,,,,,,,,,,,,,,,,,,,,,w,move_up,,23,0
10640,354667,,,,,,,,,,,,,,,,,,,,,,w,move_up,,31,0
10641,354700,,,,,,,,,,,,,,,,,,,,,,w,move_up,,14,-1
10642,354733,,,,,,,,,,,,,,,,,,,,,,a|w,move_up|move_left,,7,-1
10643,354767,,,,,,,,,,,,,,,,,,,,,,a|w,move_up|move_left,,0,0
10644,354800,,,,,,,,,,,,,,,,,,,,,,a|w,move_up|move_left,,0,0
10645,354833,,,,,,,,,,,,,,,,,,,,,,a|w,move_up|move_left,,0,0
10646,354867,,,,,,,,,,,,,,,,,,,,,,a|w,move_up|move_left,,-1,0
10647,354900,,,,,,,,,,,,,,,,,,,,,,a|w,move_up|move_left,,-15,1
10648,354933,,,,,,,,,,,,,,,,,,,,,,a|w,move_up|move_left,,-22,2
10649,354967,,,,,,,,,,,,,,,,,,,,,,a|w,move_up|move_left,,-26,1
10650,355000,,,,,,,,,,,,,,,,,,,,,,a|w,move_up|move_left,,-2,0
10651,355033,,,,,,,,,,,,,,,,,,,,,,a|w,move_up|move_left,,0,0
10652,355067,,,,,,,,,,,,,,,,,,,,,,a|w,move_up|move_left,,0,0
10653,355100,,,,,,,,,,,,,,,,,,,,,,a|w,move_up|move_left,,0,0
10654,355133,,,,,,,,,,,,,,,,,,,,,,a|w,move_up|move_left,,1,0
10655,355167,,,,,,,,,,,,,,,,,,,,,,a|w,move_up|move_left,,25,-4
10656,355200,,,,,,,,,,,,,,,,,,,,,,a|w,move_up|move_left,,37,-5
10657,355233,,,,,,,,,,,,,,,,,,,,,,a|w,move_up|move_left,,53,-5
10658,355267,,,,,,,,,,,,,,,,,,,,,,a|w,move_up|move_left,,58,0
10659,355300,,,,,,,,,,,,,,,,,,,,,,a|w,move_up|move_left,,17,3
10660,355333,,,,,,,,,,,,,,,,,,,,,,a|w,move_up|move_left,,4,1
10661,355367,,,,,,,,,,,,,,,,,,,,,,a|w,move_up|move_left,,0,0
10662,355400,,,,,,,,,,,,,,,,,,,,,,a|w,move_up|move_left,,0,0
10663,355433,,,,,,,,,,,,,,,,,,,,,,a|w,move_up|move_left,,0,0
10664,355467,,,,,,,,,,,,,,,,,,,,,,a|w,move_up|move_left,,0,0
10665,355500,,,,,,,,,,,,,,,,,,,,,,a|w,move_up|move_left,,0,-1
10666,355533,,,,,,,,,,,,,,,,,,,,,,a|w,move_up|move_left,,-10,-4
10667,355567,,,,,,,,,,,,,,,,,,,,,,a|w,move_up|move_left,,-4,0
10668,355600,,,,,,,,,,,,,,,,,,,,,,w,move_up,,0,0
10669,355633,,,,,,,,,,,,,,,,,,,,,,,,,0,0
10670,355667,,,,,,,,,,,,,,,,,,,,,,,,,0,0
10671,355700,,,,,,,,,,,,,,,,,,,,,,,,,0,0
10672,355733,,,,,,,,,,,,,,,,,,,,,,,,,0,0
10673,355767,,,,,,,,,,,,,,,,,,,,,,,,,0,0
10674,355800,,,,,,,,,,,,,,,,,,,,,,,,,0,0
10675,355833,,,,,,,,,,,,,,,,,,,,,,,,,0,0
10676,355867,,,,,,,,,,,,,,,,,,,,,,,,,-26,-4
10677,355900,,,,,,,,,,,,,,,,,,,,,,,,,-62,-1
10678,355933,,,,,,,,,,,,,,,,,,,,,,,,,-110,3
10679,355967,,,,,,,,,,,,,,,,,,,,,,,,,-103,0
10680,356000,,,,,,,,,,,,,,,,,,,,,,,,,-53,-4
10681,356033,,,,,,,,,,,,,,,,,,,,,,,,,-12,-1
10682,356067,,,,,,,,,,,,,,,,,,,,,,w,move_up,,0,0
10683,356100,,,,,,,,,,,,,,,,,,,,,,w,move_up,,-1,0
10684,356133,,,,,,,,,,,,,,,,,,,,,,w,move_up,,0,0
10685,356167,,,,,,,,,,,,,,,,,,,,,,a|w,move_up|move_left,,0,0
10686,356200,,,,,,,,,,,,,,,,,,,,,,a|w,move_up|move_left,,0,0
10687,356233,,,,,,,,,,,,,,,,,,,,,,a|w,move_up|move_left,,0,0
10688,356267,,,,,,,,,,,,,,,,,,,,,,a|w,move_up|move_left,,-8,4
10689,356300,,,,,,,,,,,,,,,,,,,,,,a|w,move_up|move_left,,-7,2
10690,356333,,,,,,,,,,,,,,,,,,,,,,w,move_up,,0,0
10691,356367,,,,,,,,,,,,,,,,,,,,,,w,move_up,,0,0
10692,356400,,,,,,,,,,,,,,,,,,,,,,w,move_up,,0,0
10693,356433,,,,,,,,,,,,,,,,,,,,,,w,move_up,,0,0
10694,356467,,,,,,,,,,,,,,,,,,,,,,w,move_up,,0,0
10695,356500,,,,,,,,,,,,,,,,,,,,,,,,,0,1
10696,356533,,,,,,,,,,,,,,,,,,,,,,,,,31,4
10697,356567,,,,,,,,,,,,,,,,,,,,,,,,,113,3
10698,356600,,,,,,,,,,,,,,,,,,,,,,,,,126,1
10699,356633,,,,,,,,,,,,,,,,,,,,,,d,move_right,,102,-1
10700,356667,,,,,,,,,,,,,,,,,,,,,,d|w,move_up|move_right,,35,3
10701,356700,,,,,,,,,,,,,,,,,,,,,,d|w,move_up|move_right,,2,1
10702,356733,,,,,,,,,,,,,,,,,,,,,,d|w,move_up|move_right,,1,0
10703,356767,,,,,,,,,,,,,,,,,,,,,,d|w,move_up|move_right,,0,0
10704,356800,,,,,,,,,,,,,,,,,,,,,,w,move_up,,0,0
10705,356833,,,,,,,,,,,,,,,,,,,,,,w,move_up,,0,0
10706,356867,,,,,,,,,,,,,,,,,,,,,,w,move_up,,0,0
10707,356900,,,,,,,,,,,,,,,,,,,,,,w,move_up,,2,0
10708,356933,,,,,,,,,,,,,,,,,,,,,,w,move_up,,0,0
10709,356967,,,,,,,,,,,,,,,,,,,,,,w,move_up,,0,0
10710,357000,,,,,,,,,,,,,,,,,,,,,,w,move_up,,0,0
10711,357033,,,,,,,,,,,,,,,,,,,,,,w,move_up,,0,0
10712,357067,,,,,,,,,,,,,,,,,,,,,,w,move_up,,0,0
10713,357100,,,,,,,,,,,,,,,,,,,,,,w,move_up,,4,0
10714,357133,,,,,,,,,,,,,,,,,,,,,,w,move_up,,37,-6
10715,357167,,,,,,,,,,,,,,,,,,,,,,a|w,move_up|move_left,,47,-4
10716,357200,,,,,,,,,,,,,,,,,,,,,,a|w,move_up|move_left,,46,0
10717,357233,,,,,,,,,,,,,,,,,,,,,,a|w,move_up|move_left,,28,3
10718,357267,,,,,,,,,,,,,,,,,,,,,,a|w,move_up|move_left,,7,2
10719,357300,,,,,,,,,,,,,,,,,,,,,,a|w,move_up|move_left,,0,0
10720,357333,,,,,,,,,,,,,,,,,,,,,,a|w,move_up|move_left,,0,0
10721,357367,,,,,,,,,,,,,,,,,,,,,,a|w,move_up|move_left,,0,0
10722,357400,,,,,,,,,,,,,,,,,,,,,,a|w,move_up|move_left,,0,0
10723,357433,,,,,,,,,,,,,,,,,,,,,,a|w,move_up|move_left,,0,0
10724,357467,,,,,,,,,,,,,,,,,,,,,,a|w,move_up|move_left,,0,0
10725,357500,,,,,,,,,,,,,,,,,,,,,,a|w,move_up|move_left,,-1,0
10726,357533,,,,,,,,,,,,,,,,,,,,,,a|w,move_up|move_left,,-4,0
10727,357567,,,,,,,,,,,,,,,,,,,,,,w,move_up,,-8,0
10728,357600,,,,,,,,,,,,,,,,,,,,,,w,move_up,,-18,0
10729,357633,,,,,,,,,,,,,,,,,,,,,,w,move_up,,-27,0
10730,357667,,,,,,,,,,,,,,,,,,,,,,w,move_up,,-14,0
10731,357700,,,,,,,,,,,,,,,,,,,,,,a|w,move_up|move_left,,0,0
10732,357733,,,,,,,,,,,,,,,,,,,,,,a|w,move_up|move_left,,0,0
10733,357767,,,,,,,,,,,,,,,,,,,,,,a|w,move_up|move_left,,1,0
10734,357800,,,,,,,,,,,,,,,,,,,,,,a|w,move_up|move_left,,10,2
10735,357833,,,,,,,,,,,,,,,,,,,,,,a|w,move_up|move_left,,24,4
10736,357867,,,,,,,,,,,,,,,,,,,,,,a|w,move_up|move_left,,11,1
10737,357900,,,,,,,,,,,,,,,,,,,,,,a|w,move_up|move_left,,9,2
10738,357933,,,,,,,,,,,,,,,,,,,,,,a|w,move_up|move_left,,15,2
10739,357967,,,,,,,,,,,,,,,,,,,,,,a|w,move_up|move_left,,13,2
10740,358000,,,,,,,,,,,,,,,,,,,,,,w,move_up,,12,1
10741,358033,,,,,,,,,,,,,,,,,,,,,,w,move_up,,6,1
10742,358067,,,,,,,,,,,,,,,,,,,,,,a|w,move_up|move_left,,1,1
10743,358100,,,,,,,,,,,,,,,,,,,,,,a|w,move_up|move_left,,1,0
10744,358133,,,,,,,,,,,,,,,,,,,,,,a|w,move_up|move_left,,5,2
10745,358167,,,,,,,,,,,,,,,,,,,,,,a|w,move_up|move_left,,10,2
10746,358200,,,,,,,,,,,,,,,,,,,,,,a|w,move_up|move_left,,15,2
10747,358233,,,,,,,,,,,,,,,,,,,,,,a|w,move_up|move_left,,7,0
10748,358267,,,,,,,,,,,,,,,,,,,,,,a|w,move_up|move_left,,1,0
10749,358300,,,,,,,,,,,,,,,,,,,,,,a|w,move_up|move_left,,0,-2
10750,358333,,,,,,,,,,,,,,,,,,,,,,a|w,move_up|move_left,,0,-2
10751,358367,,,,,,,,,,,,,,,,,,,,,,a|w,move_up|move_left,,-1,-1
10752,358400,,,,,,,,,,,,,,,,,,,,,,a|w,move_up|move_left,,0,-1
10753,358433,,,,,,,,,,,,,,,,,,,,,,a|w,move_up|move_left,,0,0
10754,358467,,,,,,,,,,,,,,,,,,,,,,a|w,move_up|move_left,,0,-1
10755,358500,,,,,,,,,,,,,,,,,,,,,,w,move_up,,2,-1
10756,358533,,,,,,,,,,,,,,,,,,,,,,w,move_up,,3,-1
10757,358567,,,,,,,,,,,,,,,,,,,,,,w,move_up,,2,0
10758,358600,,,,,,,,,,,,,,,,,,,,,,w,move_up,,1,0
10759,358633,,,,,,,,,,,,,,,,,,,,,,w,move_up,,3,0
10760,358667,,,,,,,,,,,,,,,,,,,,,,a|w,move_up|move_left,,14,-1
10761,358700,,,,,,,,,,,,,,,,,,,,,,a|w,move_up|move_left,,6,-1
10762,358733,,,,,,,,,,,,,,,,,,,,,,a|w,move_up|move_left,,2,-1
10763,358767,,,,,,,,,,,,,,,,,,,,,,a|w,move_up|move_left,,17,0
10764,358800,,,,,,,,,,,,,,,,,,,,,,a|w,move_up|move_left,,21,0
10765,358833,,,,,,,,,,,,,,,,,,,,,,w,move_up,,8,0
10766,358867,,,,,,,,,,,,,,,,,,,,,,w,move_up,,1,0
10767,358900,,,,,,,,,,,,,,,,,,,,,,w,move_up,,3,0
10768,358933,,,,,,,,,,,,,,,,,,,,,,w,move_up,,2,1
10769,358967,,,,,,,,,,,,,,,,,,,,,,a|w,move_up|move_left,,3,0
10770,359000,,,,,,,,,,,,,,,,,,,,,,a|w,move_up|move_left,,4,0
10771,359033,,,,,,,,,,,,,,,,,,,,,,a|w,move_up|move_left,,3,1
10772,359067,,,,,,,,,,,,,,,,,,,,,,a|w,move_up|move_left,,9,1
10773,359100,,,,,,,,,,,,,,,,,,,,,,a|w,move_up|move_left,,10,1
10774,359133,,,,,,,,,,,,,,,,,,,,,,w,move_up,,10,1
10775,359167,,,,,,,,,,,,,,,,,,,,,,w,move_up,,3,1
10776,359200,,,,,,,,,,,,,,,,,,,,,,w,move_up,,4,0
10777,359233,,,,,,,,,,,,,,,,,,,,,,w,move_up,,1,0
10778,359267,,,,,,,,,,,,,,,,,,,,,,a|w,move_up|move_left,,3,0
10779,359300,,,,,,,,,,,,,,,,,,,,,,a|w,move_up|move_left,,5,0
10780,359333,,,,,,,,,,,,,,,,,,,,,,a|w,move_up|move_left,,10,0
10781,359367,,,,,,,,,,,,,,,,,,,,,,a|w,move_up|move_left,,14,0
10782,359400,,,,,,,,,,,,,,,,,,,,,,w,move_up,,21,1
10783,359433,,,,,,,,,,,,,,,,,,,,,,w,move_up,,16,0
10784,359467,,,,,,,,,,,,,,,,,,,,,,a|w,move_up|move_left,,12,0
10785,359500,,,,,,,,,,,,,,,,,,,,,,a|w,move_up|move_left,,3,0
10786,359533,,,,,,,,,,,,,,,,,,,,,,a|w,move_up|move_left,,14,0
10787,359567,,,,,,,,,,,,,,,,,,,,,,a|w,move_up|move_left,,20,0
10788,359600,,,,,,,,,,,,,,,,,,,,,,w,move_up,,10,0
10789,359633,,,,,,,,,,,,,,,,,,,,,,w,move_up,,14,0
10790,359667,,,,,,,,,,,,,,,,,,,,,,a|w,move_up|move_left,,12,0
10791,359700,,,,,,,,,,,,,,,,,,,,,,a|w,move_up|move_left,,3,0
10792,359733,,,,,,,,,,,,,,,,,,,,,,a|w,move_up|move_left,,0,0
10793,359767,,,,,,,,,,,,,,,,,,,,,,w,move_up,,-2,-1
10794,359800,,,,,,,,,,,,,,,,,,,,,,w,move_up,,-14,-5
10795,359833,,,,,,,,,,,,,,,,,,,,,,w,move_up,,-3,0
10796,359867,,,,,,,,,,,,,,,,,,,,,,w,move_up,,0,0
10797,359900,,,,,,,,,,,,,,,,,,,,,,w,move_up,,0,0
10798,359933,,,,,,,,,,,,,,,,,,,,,,w,move_up,,7,-1
10799,359967,,,,,,,,,,,,,,,,,,,,,,w,move_up,,20,-1
10800,360000,,,,,,,,,,,,,,,,,,,,,,w,move_up,,35,0
10801,360033,,,,,,,,,,,,,,,,,,,,,,w,move_up,,68,0
10802,360067,,,,,,,,,,,,,,,,,,,,,,a|w,move_up|move_left,,54,0
10803,360100,,,,,,,,,,,,,,,,,,,,,,a|w,move_up|move_left,,6,0
10804,360133,,,,,,,,,,,,,,,,,,,,,,a|w,move_up|move_left,,0,0
10805,360167,,,,,,,,,,,,,,,,,,,,,,a|w,move_up|move_left,,1,0
10806,360200,,,,,,,,,,,,,,,,,,,,,,a|w,move_up|move_left,,0,0
10807,360233,,,,,,,,,,,,,,,,,,,,,,a|w,move_up|move_left,,0,0
10808,360267,,,,,,,,,,,,,,,,,,,,,,a|w,move_up|move_left,,0,0
10809,360300,,,,,,,,,,,,,,,,,,,,,,a|w,move_up|move_left,,0,0
10810,360333,,,,,,,,,,,,,,,,,,,,,,a|w,move_up|move_left,,1,0
10811,360367,,,,,,,,,,,,,,,,,,,,,,a|w,move_up|move_left,,18,1
10812,360400,,,,,,,,,,,,,,,,,,,,,,w,move_up,,47,1
10813,360433,,,,,,,,,,,,,,,,,,,,,,,,,51,0
10814,360467,,,,,,,,,,,,,,,,,,,,,,,,,7,2
10815,360500,,,,,,,,,,,,,,,,,,,,,,,,,0,0
10816,360533,,,,,,,,,,,,,,,,,,,,,,,,,-3,1
10817,360567,,,,,,,,,,,,,,,,,,,,,,,,,-8,-4
10818,360600,,,,,,,,,,,,,,,,,,,,,,,,,-111,-2
10819,360633,,,,,,,,,,,,,,,,,,,,,,,,,-152,-1
10820,360667,,,,,,,,,,,,,,,,,,,,,,w,move_up,,-141,0
10821,360700,,,,,,,,,,,,,,,,,,,,,,w,move_up,,-117,-2
10822,360733,,,,,,,,,,,,,,,,,,,,,,w,move_up,,-78,-4
10823,360767,,,,,,,,,,,,,,,,,,,,,,w,move_up,,-37,-4
10824,360800,,,,,,,,,,,,,,,,,,,,,,w,move_up,,-7,0
10825,360833,,,,,,,,,,,,,,,,,,,,,,w,move_up,,-4,0
10826,360867,,,,,,,,,,,,,,,,,,,,,,w,move_up,,-8,1
10827,360900,,,,,,,,,,,,,,,,,,,,,,w,move_up,,-11,0
10828,360933,,,,,,,,,,,,,,,,,,,,,,w,move_up,,-21,1
10829,360967,,,,,,,,,,,,,,,,,,,,,,w,move_up,,-23,1
10830,361000,,,,,,,,,,,,,,,,,,,,,,w,move_up,,-29,1
10831,361033,,,,,,,,,,,,,,,,,,,,,,w,move_up,,-38,1
10832,361067,,,,,,,,,,,,,,,,,,,,,,w,move_up,,-47,0
10833,361100,,,,,,,,,,,,,,,,,,,,,,w,move_up,,-47,0
10834,361133,,,,,,,,,,,,,,,,,,,,,,w,move_up,,-32,0
10835,361167,,,,,,,,,,,,,,,,,,,,,,w,move_up,,-25,-1
10836,361200,,,,,,,,,,,,,,,,,,,,,,w,move_up,,-27,0
10837,361233,,,,,,,,,,,,,,,,,,,,,,w,move_up,,-28,1
10838,361267,,,,,,,,,,,,,,,,,,,,,,a|w,move_up|move_left,,-28,0
10839,361300,,,,,,,,,,,,,,,,,,,,,,a|w,move_up|move_left,,-16,0
10840,361333,,,,,,,,,,,,,,,,,,,,,,a|w,move_up|move_left,,-2,0
10841,361367,,,,,,,,,,,,,,,,,,,,,,a|w,move_up|move_left,,-1,0
10842,361400,,,,,,,,,,,,,,,,,,,,,,a|w,move_up|move_left,,-2,0
10843,361433,,,,,,,,,,,,,,,,,,,,,,a|w,move_up|move_left,,-6,0
10844,361467,,,,,,,,,,,,,,,,,,,,,,a|w,move_up|move_left,,-13,1
10845,361500,,,,,,,,,,,,,,,,,,,,,,a|w,move_up|move_left,,-11,1
10846,361533,,,,,,,,,,,,,,,,,,,,,,w,move_up,,-26,1
10847,361567,,,,,,,,,,,,,,,,,,,,,,w,move_up,,-9,0
10848,361600,,,,,,,,,,,,,,,,,,,,,,w,move_up,,-2,0
10849,361633,,,,,,,,,,,,,,,,,,,,,,,,,-6,-2
10850,361667,,,,,,,,,,,,,,,,,,,,,,,,,-18,6
10851,361700,,,,,,,,,,,,,,,,,,,,,,,,,0,0
10852,361733,,,,,,,,,,,,,,,,,,,,,,,,,-4,2
10853,361767,,,,,,,,,,,,,,,,,,,,,,,,,0,0
10854,361800,,,,,,,,,,,,,,,,,,,,,,,,,0,0
10855,361833,,,,,,,,,,,,,,,,,,,,,,,,,0,0
10856,361867,,,,,,,,,,,,,,,,,,,,,,,,,0,0
10857,361900,,,,,,,,,,,,,,,,,,,,,,w,move_up,,0,0
10858,361933,,,,,,,,,,,,,,,,,,,,,,w,move_up,,-6,-3
10859,361967,,,,,,,,,,,,,,,,,,,,,,a|w,move_up|move_left,,-7,-2
10860,362000,,,,,,,,,,,,,,,,,,,,,,a|w,move_up|move_left,,0,0
10861,362033,,,,,,,,,,,,,,,,,,,,,,a|w,move_up|move_left,,-1,0
10862,362067,,,,,,,,,,,,,,,,,,,,,,a|w,move_up|move_left,,-4,0
10863,362100,,,,,,,,,,,,,,,,,,,,,,w,move_up,,-3,0
10864,362133,,,,,,,,,,,,,,,,,,,,,,w,move_up,,-3,0
10865,362167,,,,,,,,,,,,,,,,,,,,,,w,move_up,,-11,0
10866,362200,,,,,,,,,,,,,,,,,,,,,,w,move_up,,-21,1
10867,362233,,,,,,,,,,,,,,,,,,,,,,a|w,move_up|move_left,,-18,0
10868,362267,,,,,,,,,,,,,,,,,,,,,,a|w,move_up|move_left,,-23,1
10869,362300,,,,,,,,,,,,,,,,,,,,,,a|w,move_up|move_left,,-14,0
10870,362333,,,,,,,,,,,,,,,,,,,,,,a|w,move_up|move_left,,0,0
10871,362367,,,,,,,,,,,,,,,,,,,,,,a|w,move_up|move_left,,0,0
10872,362400,,,,,,,,,,,,,,,,,,,,,,w,move_up,,0,0
10873,362433,,,,,,,,,,,,,,,,,,,,,,w,move_up,,0,0
10874,362467,,,,,,,,,,,,,,,,,,,,,,w,move_up,,0,-1
10875,362500,,,,,,,,,,,,,,,,,,,,,,w,move_up,,0,0
10876,362533,,,,,,,,,,,,,,,,,,,,,,w,move_up,,1,0
10877,362567,,,,,,,,,,,,,,,,,,,,,,w,move_up,,3,0
10878,362600,,,,,,,,,,,,,,,,,,,,,,w,move_up,,42,-2
10879,362633,,,,,,,,,,,,,,,,,,,,,,a|w,move_up|move_left,,90,-4
10880,362667,,,,,,,,,,,,,,,,,,,,,,a|w,move_up|move_left,,95,-1
10881,362700,,,,,,,,,,,,,,,,,,,,,,a|w,move_up|move_left,,21,1
10882,362733,,,,,,,,,,,,,,,,,,,,,,a|w,move_up|move_left,,4,1
10883,362767,,,,,,,,,,,,,,,,,,,,,,a|w,move_up|move_left,,0,0
10884,362800,,,,,,,,,,,,,,,,,,,,,,a|w,move_up|move_left,,0,0
10885,362833,,,,,,,,,,,,,,,,,,,,,,a|w,move_up|move_left,,0,0
10886,362867,,,,,,,,,,,,,,,,,,,,,,a|w,move_up|move_left,,0,0
10887,362900,,,,,,,,,,,,,,,,,,,,,,a|w,move_up|move_left,,0,0
10888,362933,,,,,,,,,,,,,,,,,,,,,,a|w,move_up|move_left,,1,0
10889,362967,,,,,,,,,,,,,,,,,,,,,,w,move_up,,20,0
10890,363000,,,,,,,,,,,,,,,,,,,,,,w,move_up,,72,-1
10891,363033,,,,,,,,,,,,,,,,,,,,,,w,move_up,,69,-1
10892,363067,,,,,,,,,,,,,,,,,,,,,,w,move_up,,10,0
10893,363100,,,,,,,,,,,,,,,,,,,,,,w,move_up,,0,0
10894,363133,,,,,,,,,,,,,,,,,,,,,,w,move_up,,0,0
10895,363167,,,,,,,,,,,,,,,,,,,,,,w,move_up,,0,0
10896,363200,,,,,,,,,,,,,,,,,,,,,,w,move_up,,0,0
10897,363233,,,,,,,,,,,,,,,,,,,,,,w,move_up,,0,0
10898,363267,,,,,,,,,,,,,,,,,,,,,,w,move_up,,0,0
10899,363300,,,,,,,,,,,,,,,,,,,,,,w,move_up,,0,0
10900,363333,,,,,,,,,,,,,,,,,,,,,,a|w,move_up|move_left,,-1,0
10901,363367,,,,,,,,,,,,,,,,,,,,,,a|w,move_up|move_left,,-6,-2
10902,363400,,,,,,,,,,,,,,,,,,,,,,a|w,move_up|move_left,,0,0
10903,363433,,,,,,,,,,,,,,,,,,,,,,a|w,move_up|move_left,,10,0
10904,363467,,,,,,,,,,,,,,,,,,,,,,a|w,move_up|move_left,,51,0
10905,363500,,,,,,,,,,,,,,,,,,,,,,a|w,move_up|move_left,,55,0
10906,363533,,,,,,,,,,,,,,,,,,,,,,a|w,move_up|move_left,,35,2
10907,363567,,,,,,,,,,,,,,,,,,,,,,a|w,move_up|move_left,,14,2
10908,363600,,,,,,,,,,,,,,,,,,,,,,a|w,move_up|move_left,,1,0
10909,363633,,,,,,,,,,,,,,,,,,,,,,a|w,move_up|move_left,,3,0
10910,363667,,,,,,,,,,,,,,,,,,,,,,a|w,move_up|move_left,,17,0
10911,363700,,,,,,,,,,,,,,,,,,,,,,a|w,move_up|move_left,,13,-1
10912,363733,,,,,,,,,,,,,,,,,,,,,,a|w,move_up|move_left,,6,0
10913,363767,,,,,,,,,,,,,,,,,,,,,,a|w,move_up|move_left,,3,-1
10914,363800,,,,,,,,,,,,,,,,,,,,,,a|w,move_up|move_left,,4,-1
10915,363833,,,,,,,,,,,,,,,,,,,,,,a|w,move_up|move_left,,3,-2
10916,363867,,,,,,,,,,,,,,,,,,,,,,a|w,move_up|move_left,,1,0
10917,363900,,,,,,,,,,,,,,,,,,,,,,a|w,move_up|move_left,,2,0
10918,363933,,,,,,,,,,,,,,,,,,,,,,a|w,move_up|move_left,,7,-1
10919,363967,,,,,,,,,,,,,,,,,,,,,,a|w,move_up|move_left,,17,-1
10920,364000,,,,,,,,,,,,,,,,,,,,,,a|w,move_up|move_left,,30,-2
10921,364033,,,,,,,,,,,,,,,,,,,,,,a|w,move_up|move_left,,19,-2
10922,364067,,,,,,,,,,,,,,,,,,,,,,a|w,move_up|move_left,,9,-4
10923,364100,,,,,,,,,,,,,,,,,,,,,,a|w,move_up|move_left,,-2,-2
10924,364133,,,,,,,,,,,,,,,,,,,,,,a|w,move_up|move_left,,0,0
10925,364167,,,,,,,,,,,,,,,,,,,,,,w,move_up,,0,0
10926,364200,,,,,,,,,,,,,,,,,,,,,,w,move_up,,0,0
10927,364233,,,,,,,,,,,,,,,,,,,,,,a|w,move_up|move_left,,0,0
10928,364267,,,,,,,,,,,,,,,,,,,,,,a|w,move_up|move_left,,0,0
10929,364300,,,,,,,,,,,,,,,,,,,,,,a|w,move_up|move_left,,1,0
10930,364333,,,,,,,,,,,,,,,,,,,,,,a|w,move_up|move_left,,16,-4
10931,364367,,,,,,,,,,,,,,,,,,,,,,a|w,move_up|move_left,,17,1
10932,364400,,,,,,,,,,,,,,,,,,,,,,a|w,move_up|move_left,,9,3
10933,364433,,,,,,,,,,,,,,,,,,,,,,a|w,move_up|move_left,,8,2
10934,364467,,,,,,,,,,,,,,,,,,,,,,a|w,move_up|move_left,,10,3
10935,364500,,,,,,,,,,,,,,,,,,,,,,a|w,move_up|move_left,,9,2
10936,364533,,,,,,,,,,,,,,,,,,,,,,w,move_up,,0,0
10937,364567,,,,,,,,,,,,,,,,,,,,,,w,move_up,,0,0
10938,364600,,,,,,,,,,,,,,,,,,,,,,w,move_up,,0,0
10939,364633,,,,,,,,,,,,,,,,,,,,,,w,move_up,,0,0
10940,364667,,,,,,,,,,,,,,,,,,,,,,w,move_up,,0,0
10941,364700,,,,,,,,,,,,,,,,,,,,,,,,,0,0
10942,364733,,,,,,,,,,,,,,,,,,,,,,,,,0,0
10943,364767,,,,,,,,,,,,,,,,,,,,,,,,,0,0
10944,364800,,,,,,,,,,,,,,,,,,,,,,,,,0,0
10945,364833,,,,,,,,,,,,,,,,,,,,,,,,,0,0
10946,364867,,,,,,,,,,,,,,,,,,,,,,,,,0,0
10947,364900,,,,,,,,,,,,,,,,,,,,,,a,move_left,,-1,0
10948,364933,,,,,,,,,,,,,,,,,,,,,,a,move_left,,-10,2
10949,364967,,,,,,,,,,,,,,,,,,,,,,a,move_left,,-15,5
10950,365000,,,,,,,,,,,,,,,,,,,,,,a,move_left,,-2,1
10951,365033,,,,,,,,,,,,,,,,,,,,,,a,move_left,,0,0
10952,365067,,,,,,,,,,,,,,,,,,,,,,a,move_left,,0,0
10953,365100,,,,,,,,,,,,,,,,,,,,,,a,move_left,,0,0
10954,365133,,,,,,,,,,,,,,,,,,,,,,a,move_left,,0,0
10955,365167,,,,,,,,,,,,,,,,,,,,,,a,move_left,,0,0
10956,365200,,,,,,,,,,,,,,,,,,,,,,,,,1,0
10957,365233,,,,,,,,,,,,,,,,,,,,,,,,,0,0
10958,365267,,,,,,,,,,,,,,,,,,,,,,w,move_up,,0,0
10959,365300,,,,,,,,,,,,,,,,,,,,,,w,move_up,,0,0
10960,365333,,,,,,,,,,,,,,,,,,,,,,w,move_up,,0,0
10961,365367,,,,,,,,,,,,,,,,,,,,,,w,move_up,,0,0
10962,365400,,,,,,,,,,,,,,,,,,,,,,w,move_up,,0,0
10963,365433,,,,,,,,,,,,,,,,,,,,,,w,move_up,,-2,0
10964,365467,,,,,,,,,,,,,,,,,,,,,,w,move_up,,-8,1
10965,365500,,,,,,,,,,,,,,,,,,,,,,w,move_up,,-5,0
10966,365533,,,,,,,,,,,,,,,,,,,,,,a|w,move_up|move_left,,-9,1
10967,365567,,,,,,,,,,,,,,,,,,,,,,a|w,move_up|move_left,,-3,0
10968,365600,,,,,,,,,,,,,,,,,,,,,,a|w,move_up|move_left,,0,0
10969,365633,,,,,,,,,,,,,,,,,,,,,,a|w,move_up|move_left,,0,0
10970,365667,,,,,,,,,,,,,,,,,,,,,,,,,0,0
10971,365700,,,,,,,,,,,,,,,,,,,,,,,,,0,0
10972,365733,,,,,,,,,,,,,,,,,,,,,,,,,0,0
10973,365767,,,,,,,,,,,,,,,,,,,,,,,,,0,0
10974,365800,,,,,,,,,,,,,,,,,,,,,,w,move_up,,0,0
10975,365833,,,,,,,,,,,,,,,,,,,,,,w,move_up,,0,0
10976,365867,,,,,,,,,,,,,,,,,,,,,,w,move_up,,-1,0
10977,365900,,,,,,,,,,,,,,,,,,,,,,w,move_up,,0,1
10978,365933,,,,,,,,,,,,,,,,,,,,,,w,move_up,,0,0
10979,365967,,,,,,,,,,,,,,,,,,,,,,w,move_up,,0,0
10980,366000,,,,,,,,,,,,,,,,,,,,,,w,move_up,,-1,0
10981,366033,,,,,,,,,,,,,,,,,,,,,,w,move_up,,0,0
10982,366067,,,,,,,,,,,,,,,,,,,,,,w,move_up,,-1,0
10983,366100,,,,,,,,,,,,,,,,,,,,,,w,move_up,,-2,1
10984,366133,,,,,,,,,,,,,,,,,,,,,,,,,0,0
10985,366167,,,,,,,,,,,,,,,,,,,,,,,,,-1,0
10986,366200,,,,,,,,,,,,,,,,,,,,,,w,move_up,,0,0
10987,366233,,,,,,,,,,,,,,,,,,,,,,w,move_up,,0,0
10988,366267,,,,,,,,,,,,,,,,,,,,,,w,move_up,,0,0
10989,366300,,,,,,,,,,,,,,,,,,,,,,a|w,move_up|move_left,,0,0
10990,366333,,,,,,,,,,,,,,,,,,,,,,a|w,move_up|move_left,,0,0
10991,366367,,,,,,,,,,,,,,,,,,,,,,a|w,move_up|move_left,,-1,0
10992,366400,,,,,,,,,,,,,,,,,,,,,,w,move_up,,0,0
10993,366433,,,,,,,,,,,,,,,,,,,,,,w,move_up,,0,1
10994,366467,,,,,,,,,,,,,,,,,,,,,,,,,-1,0
10995,366500,,,,,,,,,,,,,,,,,,,,,,,,,-1,0
10996,366533,,,,,,,,,,,,,,,,,,,,,,w,move_up,,-1,0
10997,366567,,,,,,,,,,,,,,,,,,,,,,w,move_up,,-2,0
10998,366600,,,,,,,,,,,,,,,,,,,,,,w,move_up,,-3,0
10999,366633,,,,,,,,,,,,,,,,,,,,,,w,move_up,,-2,1
11000,366667,,,,,,,,,,,,,,,,,,,,,,w,move_up,,-2,0
11001,366700,,,,,,,,,,,,,,,,,,,,,,w,move_up,,-1,0
11002,366733,,,,,,,,,,,,,,,,,,,,,,w,move_up,,-3,1
11003,366767,,,,,,,,,,,,,,,,,,,,,,,,,-2,1
11004,366800,,,,,,,,,,,,,,,,,,,,,,,,,-1,0
11005,366833,,,,,,,,,,,,,,,,,,,,,,w,move_up,,-1,1
11006,366867,,,,,,,,,,,,,,,,,,,,,,w,move_up,,0,0
11007,366900,,,,,,,,,,,,,,,,,,,,,,w,move_up,,0,0
11008,366933,,,,,,,,,,,,,,,,,,,,,,w,move_up,,0,0
11009,366967,,,,,,,,,,,,,,,,,,,,,,w,move_up,,0,0
11010,367000,,,,,,,,,,,,,,,,,,,,,,w,move_up,,0,0
11011,367033,,,,,,,,,,,,,,,,,,,,,,w,move_up,,0,0
11012,367067,,,,,,,,,,,,,,,,,,,,,,,,,0,0
11013,367100,,,,,,,,,,,,,,,,,,,,,,w,move_up,,0,0
11014,367133,,,,,,,,,,,,,,,,,,,,,,w,move_up,,0,0
11015,367167,,,,,,,,,,,,,,,,,,,,,,w,move_up,,0,0
11016,367200,,,,,,,,,,,,,,,,,,,,,,w,move_up,,-1,0
11017,367233,,,,,,,,,,,,,,,,,,,,,,w,move_up,,-6,0
11018,367267,,,,,,,,,,,,,,,,,,,,,,w,move_up,,-10,1
11019,367300,,,,,,,,,,,,,,,,,,,,,,,,,-9,0
11020,367333,,,,,,,,,,,,,,,,,,,,,,,,,-11,0
11021,367367,,,,,,,,,,,,,,,,,,,,,,w,move_up,,-9,0
11022,367400,,,,,,,,,,,,,,,,,,,,,,w,move_up,,-11,0
11023,367433,,,,,,,,,,,,,,,,,,,,,,w,move_up,,-6,0
11024,367467,,,,,,,,,,,,,,,,,,,,,,w,move_up,,-7,0
11025,367500,,,,,,,,,,,,,,,,,,,,,,w,move_up,,-2,-1
11026,367533,,,,,,,,,,,,,,,,,,,,,,w,move_up,,-4,-1
11027,367567,,,,,,,,,,,,,,,,,,,,,,w,move_up,,-5,-2
11028,367600,,,,,,,,,,,,,,,,,,,,,,w,move_up,,-14,-1
11029,367633,,,,,,,,,,,,,,,,,,,,,,w,move_up,,-23,-2
11030,367667,,,,,,,,,,,,,,,,,,,,,,d|w,move_up|move_right,,-18,-1
11031,367700,,,,,,,,,,,,,,,,,,,,,,d|w,move_up|move_right,,-15,0
11032,367733,,,,,,,,,,,,,,,,,,,,,,d|w,move_up|move_right,,-13,0
11033,367767,,,,,,,,,,,,,,,,,,,,,,d|w,move_up|move_right,,-7,-1
11034,367800,,,,,,,,,,,,,,,,,,,,,,d|w,move_up|move_right,,-3,0
11035,367833,,,,,,,,,,,,,,,,,,,,,,d|w,move_up|move_right,,0,0
11036,367867,,,,,,,,,,,,,,,,,,,,,,d|w,move_up|move_right,,0,0
11037,367900,,,,,,,,,,,,,,,,,,,,,,,,,0,0
11038,367933,,,,,,,,,,,,,,,,,,,,,,,,,0,0
11039,367967,,,,,,,,,,,,,,,,,,,,,,d|w,move_up|move_right,,0,0
11040,368000,,,,,,,,,,,,,,,,,,,,,,d|w,move_up|move_right,,0,0
11041,368033,,,,,,,,,,,,,,,,,,,,,,d|w,move_up|move_right,,6,0
11042,368067,,,,,,,,,,,,,,,,,,,,,,d|w,move_up|move_right,,24,0
11043,368100,,,,,,,,,,,,,,,,,,,,,,d|w,move_up|move_right,,38,0
11044,368133,,,,,,,,,,,,,,,,,,,,,,d|w,move_up|move_right,,32,-1
11045,368167,,,,,,,,,,,,,,,,,,,,,,w,move_up,,19,0
11046,368200,,,,,,,,,,,,,,,,,,,,,,w,move_up,,28,3
11047,368233,,,,,,,,,,,,,,,,,,,,,,w,move_up,,23,1
11048,368267,,,,,,,,,,,,,,,,,,,,,,w,move_up,,12,1
11049,368300,,,,,,,,,,,,,,,,,,,,,,,,,7,1
11050,368333,,,,,,,,,,,,,,,,,,,,,,w,move_up,,3,1
11051,368367,,,,,,,,,,,,,,,,,,,,,,w,move_up,,6,0
11052,368400,,,,,,,,,,,,,,,,,,,,,,w,move_up,,9,0
11053,368433,,,,,,,,,,,,,,,,,,,,,,w,move_up,,13,1
11054,368467,,,,,,,,,,,,,,,,,,,,,,w,move_up,,5,0
11055,368500,,,,,,,,,,,,,,,,,,,,,,w,move_up,,3,0
11056,368533,,,,,,,,,,,,,,,,,,,,,,w,move_up,,2,0
11057,368567,,,,,,,,,,,,,,,,,,,,,,w,move_up,,2,0
11058,368600,,,,,,,,,,,,,,,,,,,,,,w,move_up,,5,1
11059,368633,,,,,,,,,,,,,,,,,,,,,,w,move_up,,12,2
11060,368667,,,,,,,,,,,,,,,,,,,,,,w,move_up,,10,3
11061,368700,,,,,,,,,,,,,,,,,,,,,,w,move_up,,2,1
11062,368733,,,,,,,,,,,,,,,,,,,,,,w,move_up,,0,1
11063,368767,,,,,,,,,,,,,,,,,,,,,,w,move_up,,0,3
11064,368800,,,,,,,,,,,,,,,,,,,,,,w,move_up,,-2,7
11065,368833,,,,,,,,,,,,,,,,,,,,,,w,move_up,,-2,8
11066,368867,,,,,,,,,,,,,,,,,,,,,,w,move_up,,-1,8
11067,368900,,,,,,,,,,,,,,,,,,,,,,w,move_up,,1,5
11068,368933,,,,,,,,,,,,,,,,,,,,,,w,move_up,,0,1
11069,368967,,,,,,,,,,,,,,,,,,,,,,w,move_up,,0,0
11070,369000,,,,,,,,,,,,,,,,,,,,,,w,move_up,,0,0
11071,369033,,,,,,,,,,,,,,,,,,,,,,w,move_up,,0,0
11072,369067,,,,,,,,,,,,,,,,,,,,,,w,move_up,,1,2
11073,369100,,,,,,,,,,,,,,,,,,,,,,w,move_up,,0,5
11074,369133,,,,,,,,,,,,,,,,,,,,,,w,move_up,,0,6
11075,369167,,,,,,,,,,,,,,,,,,,,,,w,move_up,,1,8
11076,369200,,,,,,,,,,,,,,,,,,,,,,e|w,interact|move_up,,1,7
11077,369233,,,,,,,,,,,,,,,,,,,,,,e,interact,,1,3
11078,369267,,,,,,,,,,,,,,,,,,,,,,e,interact,,1,1
11079,369300,,,,,,,,,,,,,,,,,,,,,,e,interact,,0,0
11080,369333,,,,,,,,,,,,,,,,,,,,,,e,interact,,0,1
11081,369367,,,,,,,,,,,,,,,,,,,,,,,,,0,3
11082,369400,,,,,,,,,,,,,,,,,,,,,,,,,0,4
11083,369433,,,,,,,,,,,,,,,,,,,,,,,,,-1,5
11084,369467,,,,,,,,,,,,,,,,,,,,,,,,,-1,2
11085,369500,,,,,,,,,,,,,,,,,,,,,,,,,0,1
11086,369533,,,,,,,,,,,,,,,,,,,,,,,,,0,0
11087,369567,,,,,,,,,,,,,,,,,,,,,,,,,0,0
11088,369600,,,,,,,,,,,,,,,,,,,,,,,,,0,0
11089,369633,,,,,,,,,,,,,,,,,,,,,,,,,0,0
11090,369667,,,,,,,,,,,,,,,,,,,,,,,,,0,0
11091,369700,,,,,,,,,,,,,,,,,,,,,,,,,0,0
11092,369733,,,,,,,,,,,,,,,,,,,,,,,,,0,0
11093,369767,,,,,,,,,,,,,,,,,,,,,,,,,0,0
11094,369800,,,,,,,,,,,,,,,,,,,,,,,,,0,0
11095,369833,,,,,,,,,,,,,,,,,,,,,,,,,0,0
11096,369867,,,,,,,,,,,,,,,,,,,,,,,,,0,0
11097,369900,,,,,,,,,,,,,,,,,,,,,,,,,0,0
11098,369933,,,,,,,,,,,,,,,,,,,,,,,,,0,0
11099,369967,,,,,,,,,,,,,,,,,,,,,,,,,0,0
11100,370000,,,,,,,,,,,,,,,,,,,,,,,,,0,0
11101,370033,,,,,,,,,,,,,,,,,,,,,,,,,0,0
11102,370067,,,,,,,,,,,,,,,,,,,,,,,,,0,0
11103,370100,,,,,,,,,,,,,,,,,,,,,,,,,0,0
11104,370133,,,,,,,,,,,,,,,,,,,,,,,,,0,0
11105,370167,,,,,,,,,,,,,,,,,,,,,,,,,0,0
11106,370200,,,,,,,,,,,,,,,,,,,,,,,,,0,0
11107,370233,,,,,,,,,,,,,,,,,,,,,,,,,0,0
11108,370267,,,,,,,,,,,,,,,,,,,,,,,,,0,0
11109,370300,,,,,,,,,,,,,,,,,,,,,,,,,0,0
11110,370333,,,,,,,,,,,,,,,,,,,,,,,,,0,0
11111,370367,,,,,,,,,,,,,,,,,,,,,,,,,0,0
11112,370400,,,,,,,,,,,,,,,,,,,,,,,,,0,0
11113,370433,,,,,,,,,,,,,,,,,,,,,,,,,0,0
11114,370467,,,,,,,,,,,,,,,,,,,,,,,,,0,0
11115,370500,,,,,,,,,,,,,,,,,,,,,,,,,0,0
11116,370533,,,,,,,,,,,,,,,,,,,,,,,,,0,0
11117,370567,,,,,,,,,,,,,,,,,,,,,,,,,0,0
11118,370600,,,,,,,,,,,,,,,,,,,,,,,,,0,0
11119,370633,,,,,,,,,,,,,,,,,,,,,,,,,0,0
11120,370667,,,,,,,,,,,,,,,,,,,,,,,,,0,0
11121,370700,,,,,,,,,,,,,,,,,,,,,,,,,0,0
11122,370733,,,,,,,,,,,,,,,,,,,,,,,,,0,0
11123,370767,,,,,,,,,,,,,,,,,,,,,,,,,0,0
11124,370800,,,,,,,,,,,,,,,,,,,,,,,,,0,0
11125,370833,,,,,,,,,,,,,,,,,,,,,,,,,0,0
11126,370867,,,,,,,,,,,,,,,,,,,,,,,,,0,0
11127,370900,,,,,,,,,,,,,,,,,,,,,,,,,0,0
11128,370933,,,,,,,,,,,,,,,,,,,,,,,,,0,0
11129,370967,,,,,,,,,,,,,,,,,,,,,,,,,0,0
11130,371000,,,,,,,,,,,,,,,,,,,,,,,,,0,0
11131,371033,,,,,,,,,,,,,,,,,,,,,,,,,0,0
11132,371067,,,,,,,,,,,,,,,,,,,,,,,,,0,0
11133,371100,,,,,,,,,,,,,,,,,,,,,,,,,0,0
11134,371133,,,,,,,,,,,,,,,,,,,,,,,,,0,-1
11135,371167,,,,,,,,,,,,,,,,,,,,,,,,,-3,-17
11136,371200,,,,,,,,,,,,,,,,,,,,,,w,move_up,,-10,-22
11137,371233,,,,,,,,,,,,,,,,,,,,,,w,move_up,,-13,-17
11138,371267,,,,,,,,,,,,,,,,,,,,,,w,move_up,,-6,-6
11139,371300,,,,,,,,,,,,,,,,,,,,,,w,move_up,,-1,-1
11140,371333,,,,,,,,,,,,,,,,,,,,,,w,move_up,,-3,-5
11141,371367,,,,,,,,,,,,,,,,,,,,,,w,move_up,,-9,-8
11142,371400,,,,,,,,,,,,,,,,,,,,,,w,move_up,,-9,-5
11143,371433,,,,,,,,,,,,,,,,,,,,,,w,move_up,,-11,-3
11144,371467,,,,,,,,,,,,,,,,,,,,,,w,move_up,,-18,-2
11145,371500,,,,,,,,,,,,,,,,,,,,,,w,move_up,,-12,-1
11146,371533,,,,,,,,,,,,,,,,,,,,,,w,move_up,,-5,0
11147,371567,,,,,,,,,,,,,,,,,,,,,,,,,-10,1
11148,371600,,,,,,,,,,,,,,,,,,,,,,,,,-12,2
11149,371633,,,,,,,,,,,,,,,,,,,,,,,,,-10,1
11150,371667,,,,,,,,,,,,,,,,,,,,,,w,move_up,,-4,0
11151,371700,,,,,,,,,,,,,,,,,,,,,,d|w,move_up|move_right,,-5,1
11152,371733,,,,,,,,,,,,,,,,,,,,,,d|w,move_up|move_right,,-2,0
11153,371767,,,,,,,,,,,,,,,,,,,,,,d|w,move_up|move_right,,-3,0
11154,371800,,,,,,,,,,,,,,,,,,,,,,d|w,move_up|move_right,,-10,1
11155,371833,,,,,,,,,,,,,,,,,,,,,,d|w,move_up|move_right,,-12,1
11156,371867,,,,,,,,,,,,,,,,,,,,,,d|w,move_up|move_right,,-25,1
11157,371900,,,,,,,,,,,,,,,,,,,,,,d|w,move_up|move_right,,-30,0
11158,371933,,,,,,,,,,,,,,,,,,,,,,d|w,move_up|move_right,,-27,0
11159,371967,,,,,,,,,,,,,,,,,,,,,,,,,-15,0
11160,372000,,,,,,,,,,,,,,,,,,,,,,,,,-5,0
11161,372033,,,,,,,,,,,,,,,,,,,,,,,,,-13,0
11162,372067,,,,,,,,,,,,,,,,,,,,,,,,,-14,1
11163,372100,,,,,,,,,,,,,,,,,,,,,,,,,-17,0
11164,372133,,,,,,,,,,,,,,,,,,,,,,,,,-21,-1
11165,372167,,,,,,,,,,,,,,,,,,,,,,d|w,move_up|move_right,,-28,-1
11166,372200,,,,,,,,,,,,,,,,,,,,,,d|w,move_up|move_right,,-24,0
11167,372233,,,,,,,,,,,,,,,,,,,,,,d|w,move_up|move_right,,-17,0
11168,372267,,,,,,,,,,,,,,,,,,,,,,d|w,move_up|move_right,,-7,0
11169,372300,,,,,,,,,,,,,,,,,,,,,,d|w,move_up|move_right,,-9,1
11170,372333,,,,,,,,,,,,,,,,,,,,,,d|w,move_up|move_right,,-9,1
11171,372367,,,,,,,,,,,,,,,,,,,,,,d|w,move_up|move_right,,-7,2
11172,372400,,,,,,,,,,,,,,,,,,,,,,d|w,move_up|move_right,,-9,1
11173,372433,,,,,,,,,,,,,,,,,,,,,,,,,-10,3
11174,372467,,,,,,,,,,,,,,,,,,,,,,,,,-18,3
11175,372500,,,,,,,,,,,,,,,,,,,,,,,,,-19,5
11176,372533,,,,,,,,,,,,,,,,,,,,,,,,,-13,2
11177,372567,,,,,,,,,,,,,,,,,,,,,,,,,-9,2
11178,372600,,,,,,,,,,,,,,,,,,,,,,d|w,move_up|move_right,,-7,1
11179,372633,,,,,,,,,,,,,,,,,,,,,,d|w,move_up|move_right,,-14,4
11180,372667,,,,,,,,,,,,,,,,,,,,,,d|w,move_up|move_right,,-11,4
11181,372700,,,,,,,,,,,,,,,,,,,,,,d|w,move_up|move_right,,-12,4
11182,372733,,,,,,,,,,,,,,,,,,,,,,d|w,move_up|move_right,,-12,5
11183,372767,,,,,,,,,,,,,,,,,,,,,,d|w,move_up|move_right,,-9,5
11184,372800,,,,,,,,,,,,,,,,,,,,,,d|w,move_up|move_right,,-9,4
11185,372833,,,,,,,,,,,,,,,,,,,,,,d|w,move_up|move_right,,-7,5
11186,372867,,,,,,,,,,,,,,,,,,,,,,,,,-1,1
11187,372900,,,,,,,,,,,,,,,,,,,,,,,,,-1,1
11188,372933,,,,,,,,,,,,,,,,,,,,,,,,,0,0
11189,372967,,,,,,,,,,,,,,,,,,,,,,,,,0,0
11190,373000,,,,,,,,,,,,,,,,,,,,,,,,,2,2
11191,373033,,,,,,,,,,,,,,,,,,,,,,,,,9,3
11192,373067,,,,,,,,,,,,,,,,,,,,,,,,,11,2
11193,373100,,,,,,,,,,,,,,,,,,,,,,w,move_up,,18,1
11194,373133,,,,,,,,,,,,,,,,,,,,,,w,move_up,,7,1
11195,373167,,,,,,,,,,,,,,,,,,,,,,w,move_up,,0,0
11196,373200,,,,,,,,,,,,,,,,,,,,,,w,move_up,,0,2
11197,373233,,,,,,,,,,,,,,,,,,,,,,w,move_up,,-4,5
11198,373267,,,,,,,,,,,,,,,,,,,,,,w,move_up,,-4,7
11199,373300,,,,,,,,,,,,,,,,,,,,,,w,move_up,,-2,3
11200,373333,,,,,,,,,,,,,,,,,,,,,,,,,-1,4
11201,373367,,,,,,,,,,,,,,,,,,,,,,,,,-3,2
11202,373400,,,,,,,,,,,,,,,,,,,,,,,,,-2,3
11203,373433,,,,,,,,,,,,,,,,,,,,,,,,,-4,3
11204,373467,,,,,,,,,,,,,,,,,,,,,,,,,-8,6
11205,373500,,,,,,,,,,,,,,,,,,,,,,,,,-1,3
11206,373533,,,,,,,,,,,,,,,,,,,,,,,,,0,0
11207,373567,,,,,,,,,,,,,,,,,,,,,,,,,0,0
11208,373600,,,,,,,,,,,,,,,,,,,,,,,,,0,0
11209,373633,,,,,,,,,,,,,,,,,,,,,,,,,1,0
11210,373667,,,,,,,,,,,,,,,,,,,,,,,,,5,-1
11211,373700,,,,,,,,,,,,,,,,,,,,,,,,,3,-2
11212,373733,,,,,,,,,,,,,,,,,,,,,,,,,3,-1
11213,373767,,,,,,,,,,,,,,,,,,,,,,,,,1,-1
11214,373800,,,,,,,,,,,,,,,,,,,,,,,,,0,0
11215,373833,,,,,,,,,,,,,,,,,,,,,,,,,0,0
11216,373867,,,,,,,,,,,,,,,,,,,,,,e,interact,,0,0
11217,373900,,,,,,,,,,,,,,,,,,,,,,e,interact,,0,0
11218,373933,,,,,,,,,,,,,,,,,,,,,,e,interact,,0,0
11219,373967,,,,,,,,,,,,,,,,,,,,,,e,interact,,0,0
11220,374000,,,,,,,,,,,,,,,,,,,,,,,,,0,0
11221,374033,,,,,,,,,,,,,,,,,,,,,,,,,0,0
11222,374067,,,,,,,,,,,,,,,,,,,,,,,,,0,0
11223,374100,,,,,,,,,,,,,,,,,,,,,,,,,0,0
11224,374133,,,,,,,,,,,,,,,,,,,,,,,,,0,0
11225,374167,,,,,,,,,,,,,,,,,,,,,,,,,0,0
11226,374200,,,,,,,,,,,,,,,,,,,,,,,,,3,-1
11227,374233,,,,,,,,,,,,,,,,,,,,,,,,,6,0
11228,374267,,,,,,,,,,,,,,,,,,,,,,,,,4,-1
11229,374300,,,,,,,,,,,,,,,,,,,,,,,,,3,0
11230,374333,,,,,,,,,,,,,,,,,,,,,,,,,1,0
11231,374367,,,,,,,,,,,,,,,,,,,,,,,,,0,0
11232,374400,,,,,,,,,,,,,,,,,,,,,,,,,4,9
11233,374433,,,,,,,,,,,,,,,,,,,,,,,,,4,17
11234,374467,,,,,,,,,,,,,,,,,,,,,,,,,2,29
11235,374500,,,,,,,,,,,,,,,,,,,,,,,,,-4,49
11236,374533,,,,,,,,,,,,,,,,,,,,,,,,,-7,49
11237,374567,,,,,,,,,,,,,,,,,,,,,,,,,-9,37
11238,374600,,,,,,,,,,,,,,,,,,,,,,,,,-7,32
11239,374633,,,,,,,,,,,,,,,,,,,,,,,,,-2,35
11240,374667,,,,,,,,,,,,,,,,,,,,,,,,,4,31
11241,374700,,,,,,,,,,,,,,,,,,,,,,,,,4,26
11242,374733,,,,,,,,,,,,,,,,,,,,,,,,,2,36
11243,374767,,,,,,,,,,,,,,,,,,,,,,,,,1,37
11244,374800,,,,,,,,,,,,,,,,,,,,,,,,,-3,28
11245,374833,,,,,,,,,,,,,,,,,,,,,,,,,-7,41
11246,374867,,,,,,,,,,,,,,,,,,,,,,,,,-6,23
11247,374900,,,,,,,,,,,,,,,,,,,,,,,,,-4,12
11248,374933,,,,,,,,,,,,,,,,,,,,,,,,,3,9
11249,374967,,,,,,,,,,,,,,,,,,,,,,,,,2,3
11250,375000,,,,,,,,,,,,,,,,,,,,,,,,,0,3
11251,375033,,,,,,,,,,,,,,,,,,,,,,,,,1,4
11252,375067,,,,,,,,,,,,,,,,,,,,,,,,,-1,3
11253,375100,,,,,,,,,,,,,,,,,,,,,,,,,0,1
11254,375133,,,,,,,,,,,,,,,,,,,,,,,,,0,7
11255,375167,,,,,,,,,,,,,,,,,,,,,,,,,1,7
11256,375200,,,,,,,,,,,,,,,,,,,,,,,,,1,3
11257,375233,,,,,,,,,,,,,,,,,,,,,,,,,1,0
11258,375267,,,,,,,,,,,,,,,,,,,,,,,,mouse_left,0,0
11259,375300,,,,,,,,,,,,,,,,,,,,,,,,mouse_left,0,0
11260,375333,,,,,,,,,,,,,,,,,,,,,,,,mouse_left,0,0
11261,375367,,,,,,,,,,,,,,,,,,,,,,,,mouse_left,0,0
11262,375400,,,,,,,,,,,,,,,,,,,,,,,,,0,-2
11263,375433,,,,,,,,,,,,,,,,,,,,,,,,,2,-3
11264,375467,,,,,,,,,,,,,,,,,,,,,,,,,2,-2
11265,375500,,,,,,,,,,,,,,,,,,,,,,,,,1,0
11266,375533,,,,,,,,,,,,,,,,,,,,,,,,,8,-4
11267,375567,,,,,,,,,,,,,,,,,,,,,,,,,35,-20
11268,375600,,,,,,,,,,,,,,,,,,,,,,,,,32,-29
11269,375633,,,,,,,,,,,,,,,,,,,,,,w,move_up,,22,-24
11270,375667,,,,,,,,,,,,,,,,,,,,,,w,move_up,,19,-25
11271,375700,,,,,,,,,,,,,,,,,,,,,,w,move_up,,5,-16
11272,375733,,,,,,,,,,,,,,,,,,,,,,w,move_up,,0,-11
11273,375767,,,,,,,,,,,,,,,,,,,,,,w,move_up,,0,-5
11274,375800,,,,,,,,,,,,,,,,,,,,,,w,move_up,,-3,-3
11275,375833,,,,,,,,,,,,,,,,,,,,,,w,move_up,,-4,-2
11276,375867,,,,,,,,,,,,,,,,,,,,,,w,move_up,,-1,0
11277,375900,,,,,,,,,,,,,,,,,,,,,,w,move_up,,-2,9
11278,375933,,,,,,,,,,,,,,,,,,,,,,,,,3,15
11279,375967,,,,,,,,,,,,,,,,,,,,,,,,,10,16
11280,376000,,,,,,,,,,,,,,,,,,,,,,,,,16,15
11281,376033,,,,,,,,,,,,,,,,,,,,,,w,move_up,,31,17
11282,376067,,,,,,,,,,,,,,,,,,,,,,w,move_up,,20,10
11283,376100,,,,,,,,,,,,,,,,,,,,,,w,move_up,,0,0
11284,376133,,,,,,,,,,,,,,,,,,,,,,w,move_up,,0,1
11285,376167,,,,,,,,,,,,,,,,,,,,,,w,move_up,,0,0
11286,376200,,,,,,,,,,,,,,,,,,,,,,w,move_up,,0,0
11287,376233,,,,,,,,,,,,,,,,,,,,,,w,move_up,,0,0
11288,376267,,,,,,,,,,,,,,,,,,,,,,,,,12,-19
11289,376300,,,,,,,,,,,,,,,,,,,,,,,,,46,-1
11290,376333,,,,,,,,,,,,,,,,,,,,,,,,,93,-1
11291,376367,,,,,,,,,,,,,,,,,,,,,,,,,96,-9
11292,376400,,,,,,,,,,,,,,,,,,,,,,,,,58,-10
11293,376433,,,,,,,,,,,,,,,,,,,,,,,,,15,-1
11294,376467,,,,,,,,,,,,,,,,,,,,,,,,,1,4
11295,376500,,,,,,,,,,,,,,,,,,,,,,,,,0,1
11296,376533,,,,,,,,,,,,,,,,,,,,,,,,,1,0
11297,376567,,,,,,,,,,,,,,,,,,,,,,,,,1,0
11298,376600,,,,,,,,,,,,,,,,,,,,,,,,,0,2
11299,376633,,,,,,,,,,,,,,,,,,,,,,,,,-4,2
11300,376667,,,,,,,,,,,,,,,,,,,,,,,,,-7,5
11301,376700,,,,,,,,,,,,,,,,,,,,,,w,move_up,,-19,10
11302,376733,,,,,,,,,,,,,,,,,,,,,,w,move_up,,-8,6
11303,376767,,,,,,,,,,,,,,,,,,,,,,w,move_up,,0,2
11304,376800,,,,,,,,,,,,,,,,,,,,,,w,move_up,,3,2
11305,376833,,,,,,,,,,,,,,,,,,,,,,w,move_up,,13,6
11306,376867,,,,,,,,,,,,,,,,,,,,,,a|w,move_up|move_left,,39,7
11307,376900,,,,,,,,,,,,,,,,,,,,,,a|w,move_up|move_left,,35,4
11308,376933,,,,,,,,,,,,,,,,,,,,,,a|w,move_up|move_left,,0,0
11309,376967,,,,,,,,,,,,,,,,,,,,,,a|w,move_up|move_left,,3,1
11310,377000,,,,,,,,,,,,,,,,,,,,,,a|w,move_up|move_left,,0,0
11311,377033,,,,,,,,,,,,,,,,,,,,,,a|w,move_up|move_left,,0,0
11312,377067,,,,,,,,,,,,,,,,,,,,,,a|w,move_up|move_left,,0,0
11313,377100,,,,,,,,,,,,,,,,,,,,,,a|w,move_up|move_left,,5,-7
11314,377133,,,,,,,,,,,,,,,,,,,,,,a|w,move_up|move_left,,12,-3
11315,377167,,,,,,,,,,,,,,,,,,,,,,a|w,move_up|move_left,,20,3
11316,377200,,,,,,,,,,,,,,,,,,,,,,a|w,move_up|move_left,,9,3
11317,377233,,,,,,,,,,,,,,,,,,,,,,a|w,move_up|move_left,,6,1
11318,377267,,,,,,,,,,,,,,,,,,,,,,a|w,move_up|move_left,,5,0
11319,377300,,,,,,,,,,,,,,,,,,,,,,a|w,move_up|move_left,,1,0
11320,377333,,,,,,,,,,,,,,,,,,,,,,a|w,move_up|move_left,,0,0
11321,377367,,,,,,,,,,,,,,,,,,,,,,a|w,move_up|move_left,,0,0
11322,377400,,,,,,,,,,,,,,,,,,,,,,a|w,move_up|move_left,,0,0
11323,377433,,,,,,,,,,,,,,,,,,,,,,a|w,move_up|move_left,,0,0
11324,377467,,,,,,,,,,,,,,,,,,,,,,a|w,move_up|move_left,,0,0
11325,377500,,,,,,,,,,,,,,,,,,,,,,a|w,move_up|move_left,,0,0
11326,377533,,,,,,,,,,,,,,,,,,,,,,a|w,move_up|move_left,,0,0
11327,377567,,,,,,,,,,,,,,,,,,,,,,a|w,move_up|move_left,,-7,0
11328,377600,,,,,,,,,,,,,,,,,,,,,,a|w,move_up|move_left,,-19,0
11329,377633,,,,,,,,,,,,,,,,,,,,,,w,move_up,,-13,-1
11330,377667,,,,,,,,,,,,,,,,,,,,,,w,move_up,,-14,-1
11331,377700,,,,,,,,,,,,,,,,,,,,,,w,move_up,,-9,0
11332,377733,,,,,,,,,,,,,,,,,,,,,,w,move_up,,-6,0
11333,377767,,,,,,,,,,,,,,,,,,,,,,w,move_up,,-3,2
11334,377800,,,,,,,,,,,,,,,,,,,,,,w,move_up,,-9,5
11335,377833,,,,,,,,,,,,,,,,,,,,,,w,move_up,,-14,7
11336,377867,,,,,,,,,,,,,,,,,,,,,,w,move_up,,-14,7
11337,377900,,,,,,,,,,,,,,,,,,,,,,w,move_up,,-7,5
11338,377933,,,,,,,,,,,,,,,,,,,,,,w,move_up,,-2,3
11339,377967,,,,,,,,,,,,,,,,,,,,,,w,move_up,,0,2
11340,378000,,,,,,,,,,,,,,,,,,,,,,w,move_up,,4,3
11341,378033,,,,,,,,,,,,,,,,,,,,,,w,move_up,,11,3
11342,378067,,,,,,,,,,,,,,,,,,,,,,w,move_up,,11,3
11343,378100,,,,,,,,,,,,,,,,,,,,,,w,move_up,,9,2
11344,378133,,,,,,,,,,,,,,,,,,,,,,w,move_up,,8,2
11345,378167,,,,,,,,,,,,,,,,,,,,,,w,move_up,,1,1
11346,378200,,,,,,,,,,,,,,,,,,,,,,w,move_up,,2,0
11347,378233,,,,,,,,,,,,,,,,,,,,,,w,move_up,,0,0
11348,378267,,,,,,,,,,,,,,,,,,,,,,w,move_up,,0,1
11349,378300,,,,,,,,,,,,,,,,,,,,,,w,move_up,,2,0
11350,378333,,,,,,,,,,,,,,,,,,,,,,w,move_up,,6,2
11351,378367,,,,,,,,,,,,,,,,,,,,,,,,,35,7
11352,378400,,,,,,,,,,,,,,,,,,,,,,,,,89,10
11353,378433,,,,,,,,,,,,,,,,,,,,,,,,,118,3
11354,378467,,,,,,,,,,,,,,,,,,,,,,,,,90,0
11355,378500,,,,,,,,,,,,,,,,,,,,,,d,move_right,,83,-2
11356,378533,,,,,,,,,,,,,,,,,,,,,,d,move_right,,39,-1
11357,378567,,,,,,,,,,,,,,,,,,,,,,d,move_right,,19,-1
11358,378600,,,,,,,,,,,,,,,,,,,,,,d,move_right,,17,0
11359,378633,,,,,,,,,,,,,,,,,,,,,,d,move_right,,12,-1
11360,378667,,,,,,,,,,,,,,,,,,,,,,d|w,move_up|move_right,,7,-2
11361,378700,,,,,,,,,,,,,,,,,,,,,,d|w,move_up|move_right,,4,-2
11362,378733,,,,,,,,,,,,,,,,,,,,,,d|w,move_up|move_right,,4,-7
11363,378767,,,,,,,,,,,,,,,,,,,,,,d|w,move_up|move_right,,8,-9
11364,378800,,,,,,,,,,,,,,,,,,,,,,d|w,move_up|move_right,,7,-13
11365,378833,,,,,,,,,,,,,,,,,,,,,,d|w,move_up|move_right,,3,-9
11366,378867,,,,,,,,,,,,,,,,,,,,,,d|w,move_up|move_right,,1,-5
11367,378900,,,,,,,,,,,,,,,,,,,,,,d|w,move_up|move_right,,2,-5
11368,378933,,,,,,,,,,,,,,,,,,,,,,d|w,move_up|move_right,,1,-4
11369,378967,,,,,,,,,,,,,,,,,,,,,,d|w,move_up|move_right,,-2,-5
11370,379000,,,,,,,,,,,,,,,,,,,,,,d|w,move_up|move_right,,-8,-8
11371,379033,,,,,,,,,,,,,,,,,,,,,,d|w,move_up|move_right,,-16,-9
11372,379067,,,,,,,,,,,,,,,,,,,,,,d|w,move_up|move_right,,-33,-10
11373,379100,,,,,,,,,,,,,,,,,,,,,,d|w,move_up|move_right,,-29,-5
11374,379133,,,,,,,,,,,,,,,,,,,,,,d|w,move_up|move_right,,-11,-1
11375,379167,,,,,,,,,,,,,,,,,,,,,,w,move_up,,0,0
11376,379200,,,,,,,,,,,,,,,,,,,,,,w,move_up,,0,0
11377,379233,,,,,,,,,,,,,,,,,,,,,,w,move_up,,0,0
11378,379267,,,,,,,,,,,,,,,,,,,,,,w,move_up,,0,0
11379,379300,,,,,,,,,,,,,,,,,,,,,,w,move_up,,0,0
11380,379333,,,,,,,,,,,,,,,,,,,,,,w,move_up,,1,0
11381,379367,,,,,,,,,,,,,,,,,,,,,,w,move_up,,0,0
11382,379400,,,,,,,,,,,,,,,,,,,,,,w,move_up,,0,0
11383,379433,,,,,,,,,,,,,,,,,,,,,,w,move_up,,0,0
11384,379467,,,,,,,,,,,,,,,,,,,,,,w,move_up,,0,0
11385,379500,,,,,,,,,,,,,,,,,,,,,,w,move_up,,0,0
11386,379533,,,,,,,,,,,,,,,,,,,,,,w,move_up,,0,1
11387,379567,,,,,,,,,,,,,,,,,,,,,,w,move_up,,-6,2
11388,379600,,,,,,,,,,,,,,,,,,,,,,w,move_up,,-18,3
11389,379633,,,,,,,,,,,,,,,,,,,,,,w,move_up,,-35,5
11390,379667,,,,,,,,,,,,,,,,,,,,,,w,move_up,,0,0
11391,379700,,,,,,,,,,,,,,,,,,,,,,w,move_up,,0,0
11392,379733,,,,,,,,,,,,,,,,,,,,,,w,move_up,,-16,0
11393,379767,,,,,,,,,,,,,,,,,,,,,,w,move_up,,-28,0
11394,379800,,,,,,,,,,,,,,,,,,,,,,w,move_up,,-42,-3
11395,379833,,,,,,,,,,,,,,,,,,,,,,w,move_up,,-45,-5
11396,379867,,,,,,,,,,,,,,,,,,,,,,w,move_up,,-36,-3
11397,379900,,,,,,,,,,,,,,,,,,,,,,w,move_up,,-20,-2
11398,379933,,,,,,,,,,,,,,,,,,,,,,w,move_up,,-2,0
11399,379967,,,,,,,,,,,,,,,,,,,,,,w,move_up,,0,0
11400,380000,,,,,,,,,,,,,,,,,,,,,,d|w,move_up|move_right,,0,0
11401,380033,,,,,,,,,,,,,,,,,,,,,,d|w,move_up|move_right,,-6,0
11402,380067,,,,,,,,,,,,,,,,,,,,,,d|w,move_up|move_right,,-10,1
11403,380100,,,,,,,,,,,,,,,,,,,,,,d|w,move_up|move_right,,-11,1
11404,380133,,,,,,,,,,,,,,,,,,,,,,d|w,move_up|move_right,,-7,1
11405,380167,,,,,,,,,,,,,,,,,,,,,,w,move_up,,-15,0
11406,380200,,,,,,,,,,,,,,,,,,,,,,w,move_up,,-25,0
11407,380233,,,,,,,,,,,,,,,,,,,,,,w,move_up,,-28,-2
11408,380267,,,,,,,,,,,,,,,,,,,,,,w,move_up,,-23,0
11409,380300,,,,,,,,,,,,,,,,,,,,,,w,move_up,,-4,0
11410,380333,,,,,,,,,,,,,,,,,,,,,,w,move_up,,-3,0
11411,380367,,,,,,,,,,,,,,,,,,,,,,w,move_up,,-6,0
11412,380400,,,,,,,,,,,,,,,,,,,,,,w,move_up,,-12,2
11413,380433,,,,,,,,,,,,,,,,,,,,,,w,move_up,,-4,0
11414,380467,,,,,,,,,,,,,,,,,,,,,,w,move_up,,-2,0
11415,380500,,,,,,,,,,,,,,,,,,,,,,w,move_up,,5,2
11416,380533,,,,,,,,,,,,,,,,,,,,,,w,move_up,,42,5
11417,380567,,,,,,,,,,,,,,,,,,,,,,w,move_up,,98,1
11418,380600,,,,,,,,,,,,,,,,,,,,,,w,move_up,,88,0
11419,380633,,,,,,,,,,,,,,,,,,,,,,w,move_up,,24,2
11420,380667,,,,,,,,,,,,,,,,,,,,,,w,move_up,,0,0
11421,380700,,,,,,,,,,,,,,,,,,,,,,w,move_up,,0,0
11422,380733,,,,,,,,,,,,,,,,,,,,,,w,move_up,,0,0
11423,380767,,,,,,,,,,,,,,,,,,,,,,w,move_up,,0,0
11424,380800,,,,,,,,,,,,,,,,,,,,,,w,move_up,,0,0
11425,380833,,,,,,,,,,,,,,,,,,,,,,w,move_up,,3,0
11426,380867,,,,,,,,,,,,,,,,,,,,,,w,move_up,,5,-3
11427,380900,,,,,,,,,,,,,,,,,,,,,,w,move_up,,15,-3
11428,380933,,,,,,,,,,,,,,,,,,,,,,w,move_up,,21,-3
11429,380967,,,,,,,,,,,,,,,,,,,,,,w,move_up,,14,0
11430,381000,,,,,,,,,,,,,,,,,,,,,,w,move_up,,2,0
11431,381033,,,,,,,,,,,,,,,,,,,,,,w,move_up,,0,0
11432,381067,,,,,,,,,,,,,,,,,,,,,,w,move_up,,0,0
11433,381100,,,,,,,,,,,,,,,,,,,,,,w,move_up,,0,0
11434,381133,,,,,,,,,,,,,,,,,,,,,,w,move_up,,0,0
11435,381167,,,,,,,,,,,,,,,,,,,,,,w,move_up,,0,0
11436,381200,,,,,,,,,,,,,,,,,,,,,,e|w,interact|move_up,,0,0
11437,381233,,,,,,,,,,,,,,,,,,,,,,e|w,interact|move_up,,0,0
11438,381267,,,,,,,,,,,,,,,,,,,,,,e|w,interact|move_up,,0,0
11439,381300,,,,,,,,,,,,,,,,,,,,,,e|w,interact|move_up,,0,0
11440,381333,,,,,,,,,,,,,,,,,,,,,,e|w,interact|move_up,,0,0
11441,381367,,,,,,,,,,,,,,,,,,,,,,,,,0,0
11442,381400,,,,,,,,,,,,,,,,,,,,,,,,,0,0
11443,381433,,,,,,,,,,,,,,,,,,,,,,,,,0,0
11444,381467,,,,,,,,,,,,,,,,,,,,,,,,,0,0
11445,381500,,,,,,,,,,,,,,,,,,,,,,,,,1,0
11446,381533,,,,,,,,,,,,,,,,,,,,,,,,,5,0
11447,381567,,,,,,,,,,,,,,,,,,,,,,,,,5,-1
11448,381600,,,,,,,,,,,,,,,,,,,,,,,,,0,-1
11449,381633,,,,,,,,,,,,,,,,,,,,,,,,,0,0
11450,381667,,,,,,,,,,,,,,,,,,,,,,,,,0,0
11451,381700,,,,,,,,,,,,,,,,,,,,,,,,,0,0
11452,381733,,,,,,,,,,,,,,,,,,,,,,,,,0,0
11453,381767,,,,,,,,,,,,,,,,,,,,,,,,,5,0
11454,381800,,,,,,,,,,,,,,,,,,,,,,,,,34,0
11455,381833,,,,,,,,,,,,,,,,,,,,,,,,,29,-1
11456,381867,,,,,,,,,,,,,,,,,,,,,,,,,4,0
11457,381900,,,,,,,,,,,,,,,,,,,,,,,,,1,0
11458,381933,,,,,,,,,,,,,,,,,,,,,,w,move_up,,-17,1
11459,381967,,,,,,,,,,,,,,,,,,,,,,w,move_up,,-31,3
11460,382000,,,,,,,,,,,,,,,,,,,,,,w,move_up,,-24,6
11461,382033,,,,,,,,,,,,,,,,,,,,,,w,move_up,,-17,6
11462,382067,,,,,,,,,,,,,,,,,,,,,,w,move_up,,-7,6
11463,382100,,,,,,,,,,,,,,,,,,,,,,w,move_up,,-13,8
11464,382133,,,,,,,,,,,,,,,,,,,,,,w,move_up,,-22,11
11465,382167,,,,,,,,,,,,,,,,,,,,,,w,move_up,,-18,7
11466,382200,,,,,,,,,,,,,,,,,,,,,,d|w,move_up|move_right,,-23,8
11467,382233,,,,,,,,,,,,,,,,,,,,,,d|w,move_up|move_right,,-24,9
11468,382267,,,,,,,,,,,,,,,,,,,,,,d|w,move_up|move_right,,-18,7
11469,382300,,,,,,,,,,,,,,,,,,,,,,d|w,move_up|move_right,,-19,6
11470,382333,,,,,,,,,,,,,,,,,,,,,,d|w,move_up|move_right,,-25,6
11471,382367,,,,,,,,,,,,,,,,,,,,,,d|w,move_up|move_right,,-17,3
11472,382400,,,,,,,,,,,,,,,,,,,,,,d|w,move_up|move_right,,-21,1
11473,382433,,,,,,,,,,,,,,,,,,,,,,d|w,move_up|move_right,,-25,0
11474,382467,,,,,,,,,,,,,,,,,,,,,,d|w,move_up|move_right,,-27,-2
11475,382500,,,,,,,,,,,,,,,,,,,,,,d|w,move_up|move_right,,-29,-3
11476,382533,,,,,,,,,,,,,,,,,,,,,,w,move_up,,-21,-4
11477,382567,,,,,,,,,,,,,,,,,,,,,,w,move_up,,-7,-2
11478,382600,,,,,,,,,,,,,,,,,,,,,,,,,-14,-5
11479,382633,,,,,,,,,,,,,,,,,,,,,,,,,-17,-4
11480,382667,,,,,,,,,,,,,,,,,,,,,,,,,-30,-5
11481,382700,,,,,,,,,,,,,,,,,,,,,,,,,-32,-4
11482,382733,,,,,,,,,,,,,,,,,,,,,,,,,-37,-1
11483,382767,,,,,,,,,,,,,,,,,,,,,,w,move_up,,-22,0
11484,382800,,,,,,,,,,,,,,,,,,,,,,w,move_up,,-6,0
11485,382833,,,,,,,,,,,,,,,,,,,,,,w,move_up,,0,0
11486,382867,,,,,,,,,,,,,,,,,,,,,,w,move_up,,0,0
11487,382900,,,,,,,,,,,,,,,,,,,,,,w,move_up,,6,0
11488,382933,,,,,,,,,,,,,,,,,,,,,,w,move_up,,12,0
11489,382967,,,,,,,,,,,,,,,,,,,,,,w,move_up,,15,0
11490,383000,,,,,,,,,,,,,,,,,,,,,,,,,58,1
11491,383033,,,,,,,,,,,,,,,,,,,,,,,,,108,0
11492,383067,,,,,,,,,,,,,,,,,,,,,,,,,44,0
11493,383100,,,,,,,,,,,,,,,,,,,,,,,,,4,0
11494,383133,,,,,,,,,,,,,,,,,,,,,,,,,-30,14
11495,383167,,,,,,,,,,,,,,,,,,,,,,,,,-34,30
11496,383200,,,,,,,,,,,,,,,,,,,,,,,,,-54,43
11497,383233,,,,,,,,,,,,,,,,,,,,,,,,,-43,39
11498,383267,,,,,,,,,,,,,,,,,,,,,,,,,-29,27
11499,383300,,,,,,,,,,,,,,,,,,,,,,,,,-7,9
11500,383333,,,,,,,,,,,,,,,,,,,,,,,,,-2,2
11501,383367,,,,,,,,,,,,,,,,,,,,,,,,,-1,0
11502,383400,,,,,,,,,,,,,,,,,,,,,,,,,-1,-1
11503,383433,,,,,,,,,,,,,,,,,,,,,,,,,-9,-7
11504,383467,,,,,,,,,,,,,,,,,,,,,,,,,-11,-11
11505,383500,,,,,,,,,,,,,,,,,,,,,,,,,-7,-11
11506,383533,,,,,,,,,,,,,,,,,,,,,,,,,-3,-6
11507,383567,,,,,,,,,,,,,,,,,,,,,,,,,-2,-1
11508,383600,,,,,,,,,,,,,,,,,,,,,,,,,0,0
11509,383633,,,,,,,,,,,,,,,,,,,,,,,,,0,0
11510,383667,,,,,,,,,,,,,,,,,,,,,,e,interact,,0,-1
11511,383700,,,,,,,,,,,,,,,,,,,,,,e,interact,,2,-3
11512,383733,,,,,,,,,,,,,,,,,,,,,,e,interact,,2,-1
11513,383767,,,,,,,,,,,,,,,,,,,,,,e|w,interact|move_up,,1,-6
11514,383800,,,,,,,,,,,,,,,,,,,,,,e|w,interact|move_up,,0,0
11515,383833,,,,,,,,,,,,,,,,,,,,,,w,move_up,,0,0
11516,383867,,,,,,,,,,,,,,,,,,,,,,w,move_up,,0,0
11517,383900,,,,,,,,,,,,,,,,,,,,,,,,,0,0
11518,383933,,,,,,,,,,,,,,,,,,,,,,,,,0,0
11519,383967,,,,,,,,,,,,,,,,,,,,,,e,interact,,1,0
11520,384000,,,,,,,,,,,,,,,,,,,,,,e,interact,,0,1
11521,384033,,,,,,,,,,,,,,,,,,,,,,e,interact,,2,1
11522,384067,,,,,,,,,,,,,,,,,,,,,,,,,5,1
11523,384100,,,,,,,,,,,,,,,,,,,,,,,,,7,2
11524,384133,,,,,,,,,,,,,,,,,,,,,,,,,5,0
11525,384167,,,,,,,,,,,,,,,,,,,,,,,,,24,1
11526,384200,,,,,,,,,,,,,,,,,,,,,,,,,84,-11
11527,384233,,,,,,,,,,,,,,,,,,,,,,,,,92,-38
11528,384267,,,,,,,,,,,,,,,,,,,,,,,,,64,-45
11529,384300,,,,,,,,,,,,,,,,,,,,,,,,,39,-30
11530,384333,,,,,,,,,,,,,,,,,,,,,,,,,5,-6
11531,384367,,,,,,,,,,,,,,,,,,,,,,w,move_up,,8,-4
11532,384400,,,,,,,,,,,,,,,,,,,,,,w,move_up,,29,-10
11533,384433,,,,,,,,,,,,,,,,,,,,,,w,move_up,,44,-12
11534,384467,,,,,,,,,,,,,,,,,,,,,,w,move_up,,54,-10
11535,384500,,,,,,,,,,,,,,,,,,,,,,w,move_up,,53,-4
11536,384533,,,,,,,,,,,,,,,,,,,,,,w,move_up,,29,-1
11537,384567,,,,,,,,,,,,,,,,,,,,,,w,move_up,,7,0
11538,384600,,,,,,,,,,,,,,,,,,,,,,w,move_up,,12,2
11539,384633,,,,,,,,,,,,,,,,,,,,,,,,,0,0
11540,384667,,,,,,,,,,,,,,,,,,,,,,,,,0,0
11541,384700,,,,,,,,,,,,,,,,,,,,,,,,,0,0
11542,384733,,,,,,,,,,,,,,,,,,,,,,,,,0,0
11543,384767,,,,,,,,,,,,,,,,,,,,,,,,,0,0
11544,384800,,,,,,,,,,,,,,,,,,,,,,,,,2,-7
11545,384833,,,,,,,,,,,,,,,,,,,,,,,,,19,3
11546,384867,,,,,,,,,,,,,,,,,,,,,,,,,59,8
11547,384900,,,,,,,,,,,,,,,,,,,,,,,,,129,6
11548,384933,,,,,,,,,,,,,,,,,,,,,,w,move_up,,75,-3
11549,384967,,,,,,,,,,,,,,,,,,,,,,w,move_up,,13,-2
11550,385000,,,,,,,,,,,,,,,,,,,,,,w,move_up,,0,0
11551,385033,,,,,,,,,,,,,,,,,,,,,,w,move_up,,0,0
11552,385067,,,,,,,,,,,,,,,,,,,,,,w,move_up,,0,0
11553,385100,,,,,,,,,,,,,,,,,,,,,,w,move_up,,0,0
11554,385133,,,,,,,,,,,,,,,,,,,,,,,,,0,0
11555,385167,,,,,,,,,,,,,,,,,,,,,,,,,1,0
11556,385200,,,,,,,,,,,,,,,,,,,,,,,,,11,2
11557,385233,,,,,,,,,,,,,,,,,,,,,,w,move_up,,19,1
11558,385267,,,,,,,,,,,,,,,,,,,,,,w,move_up,,0,0
11559,385300,,,,,,,,,,,,,,,,,,,,,,w,move_up,,0,0
11560,385333,,,,,,,,,,,,,,,,,,,,,,w,move_up,,-2,2
11561,385367,,,,,,,,,,,,,,,,,,,,,,w,move_up,,-19,3
11562,385400,,,,,,,,,,,,,,,,,,,,,,w,move_up,,-18,3
11563,385433,,,,,,,,,,,,,,,,,,,,,,w,move_up,,-17,1
11564,385467,,,,,,,,,,,,,,,,,,,,,,a|w,move_up|move_left,,-3,0
11565,385500,,,,,,,,,,,,,,,,,,,,,,a|w,move_up|move_left,,-1,1
11566,385533,,,,,,,,,,,,,,,,,,,,,,a|w,move_up|move_left,,0,0
11567,385567,,,,,,,,,,,,,,,,,,,,,,a|w,move_up|move_left,,3,0
11568,385600,,,,,,,,,,,,,,,,,,,,,,a|w,move_up|move_left,,4,0
11569,385633,,,,,,,,,,,,,,,,,,,,,,w,move_up,,1,1
11570,385667,,,,,,,,,,,,,,,,,,,,,,w,move_up,,3,1
11571,385700,,,,,,,,,,,,,,,,,,,,,,w,move_up,,2,1
11572,385733,,,,,,,,,,,,,,,,,,,,,,w,move_up,,10,3
11573,385767,,,,,,,,,,,,,,,,,,,,,,w,move_up,,13,4
11574,385800,,,,,,,,,,,,,,,,,,,,,,w,move_up,,3,1
11575,385833,,,,,,,,,,,,,,,,,,,,,,w,move_up,,0,0
11576,385867,,,,,,,,,,,,,,,,,,,,,,a|w,move_up|move_left,,0,0
11577,385900,,,,,,,,,,,,,,,,,,,,,,a|w,move_up|move_left,,0,0
11578,385933,,,,,,,,,,,,,,,,,,,,,,w,move_up,,8,3
11579,385967,,,,,,,,,,,,,,,,,,,,,,w,move_up,,28,5
11580,386000,,,,,,,,,,,,,,,,,,,,,,w,move_up,,30,3
11581,386033,,,,,,,,,,,,,,,,,,,,,,w,move_up,,8,1
11582,386067,,,,,,,,,,,,,,,,,,,,,,w,move_up,,0,0
11583,386100,,,,,,,,,,,,,,,,,,,,,,,,,0,0
11584,386133,,,,,,,,,,,,,,,,,,,,,,,,,-7,1
11585,386167,,,,,,,,,,,,,,,,,,,,,,,,,-23,4
11586,386200,,,,,,,,,,,,,,,,,,,,,,w,move_up,,-44,17
11587,386233,,,,,,,,,,,,,,,,,,,,,,w,move_up,,-47,32
11588,386267,,,,,,,,,,,,,,,,,,,,,,w,move_up,,-26,20
11589,386300,,,,,,,,,,,,,,,,,,,,,,w,move_up,,-12,14
11590,386333,,,,,,,,,,,,,,,,,,,,,,w,move_up,,-2,3
11591,386367,,,,,,,,,,,,,,,,,,,,,,w,move_up,,0,3
11592,386400,,,,,,,,,,,,,,,,,,,,,,w,move_up,,-1,3
11593,386433,,,,,,,,,,,,,,,,,,,,,,w,move_up,,0,3
11594,386467,,,,,,,,,,,,,,,,,,,,,,w,move_up,,8,8
11595,386500,,,,,,,,,,,,,,,,,,,,,,e|w,interact|move_up,,17,7
11596,386533,,,,,,,,,,,,,,,,,,,,,,e|w,interact|move_up,,21,2
11597,386567,,,,,,,,,,,,,,,,,,,,,,e|w,interact|move_up,,6,-1
11598,386600,,,,,,,,,,,,,,,,,,,,,,e|w,interact|move_up,,0,0
11599,386633,,,,,,,,,,,,,,,,,,,,,,e|w,interact|move_up,,2,0
11600,386667,,,,,,,,,,,,,,,,,,,,,,,,,8,-4
11601,386700,,,,,,,,,,,,,,,,,,,,,,,,,17,-3
11602,386733,,,,,,,,,,,,,,,,,,,,,,,,,36,-3
11603,386767,,,,,,,,,,,,,,,,,,,,,,,,,30,-3
11604,386800,,,,,,,,,,,,,,,,,,,,,,,,,28,0
11605,386833,,,,,,,,,,,,,,,,,,,,,,,,,52,-3
11606,386867,,,,,,,,,,,,,,,,,,,,,,,,,63,-15
11607,386900,,,,,,,,,,,,,,,,,,,,,,e,interact,,66,-18
11608,386933,,,,,,,,,,,,,,,,,,,,,,e,interact,,55,-17
11609,386967,,,,,,,,,,,,,,,,,,,,,,e,interact,,23,-8
11610,387000,,,,,,,,,,,,,,,,,,,,,,,,,6,-1
11611,387033,,,,,,,,,,,,,,,,,,,,,,,,,30,-4
11612,387067,,,,,,,,,,,,,,,,,,,,,,,,,15,-2
11613,387100,,,,,,,,,,,,,,,,,,,,,,,,,0,0
11614,387133,,,,,,,,,,,,,,,,,,,,,,,,,3,-1
11615,387167,,,,,,,,,,,,,,,,,,,,,,d,move_right,,0,0
11616,387200,,,,,,,,,,,,,,,,,,,,,,d,move_right,,0,0
11617,387233,,,,,,,,,,,,,,,,,,,,,,d|w,move_up|move_right,,0,0
11618,387267,,,,,,,,,,,,,,,,,,,,,,d|w,move_up|move_right,,31,-20
11619,387300,,,,,,,,,,,,,,,,,,,,,,d|w,move_up|move_right,,57,-22
11620,387333,,,,,,,,,,,,,,,,,,,,,,d|w,move_up|move_right,,34,-14
11621,387367,,,,,,,,,,,,,,,,,,,,,,d|w,move_up|move_right,,7,-6
11622,387400,,,,,,,,,,,,,,,,,,,,,,d|w,move_up|move_right,,0,0
11623,387433,,,,,,,,,,,,,,,,,,,,,,w,move_up,,1,0
11624,387467,,,,,,,,,,,,,,,,,,,,,,w,move_up,,5,-2
11625,387500,,,,,,,,,,,,,,,,,,,,,,w,move_up,,11,-3
11626,387533,,,,,,,,,,,,,,,,,,,,,,w,move_up,,19,-3
11627,387567,,,,,,,,,,,,,,,,,,,,,,w,move_up,,23,-4
11628,387600,,,,,,,,,,,,,,,,,,,,,,w,move_up,,35,-3
11629,387633,,,,,,,,,,,,,,,,,,,,,,w,move_up,,31,-1
11630,387667,,,,,,,,,,,,,,,,,,,,,,w,move_up,,17,0
11631,387700,,,,,,,,,,,,,,,,,,,,,,w,move_up,,1,0
11632,387733,,,,,,,,,,,,,,,,,,,,,,w,move_up,,0,0
11633,387767,,,,,,,,,,,,,,,,,,,,,,w,move_up,,0,0
11634,387800,,,,,,,,,,,,,,,,,,,,,,w,move_up,,-4,0
11635,387833,,,,,,,,,,,,,,,,,,,,,,w,move_up,,-11,1
11636,387867,,,,,,,,,,,,,,,,,,,,,,w,move_up,,-20,2
11637,387900,,,,,,,,,,,,,,,,,,,,,,w,move_up,,-16,2
11638,387933,,,,,,,,,,,,,,,,,,,,,,w,move_up,,-10,2
11639,387967,,,,,,,,,,,,,,,,,,,,,,w,move_up,,-5,1
11640,388000,,,,,,,,,,,,,,,,,,,,,,w,move_up,,-2,2
11641,388033,,,,,,,,,,,,,,,,,,,,,,w,move_up,,0,0
11642,388067,,,,,,,,,,,,,,,,,,,,,,w,move_up,,-1,1
11643,388100,,,,,,,,,,,,,,,,,,,,,,e|w,interact|move_up,,-1,1
11644,388133,,,,,,,,,,,,,,,,,,,,,,e|w,interact|move_up,,-2,0
11645,388167,,,,,,,,,,,,,,,,,,,,,,e|w,interact|move_up,,-5,2
11646,388200,,,,,,,,,,,,,,,,,,,,,,e|w,interact|move_up,,-5,1
11647,388233,,,,,,,,,,,,,,,,,,,,,,w,move_up,,-9,1
11648,388267,,,,,,,,,,,,,,,,,,,,,,w,move_up,,-9,1
11649,388300,,,,,,,,,,,,,,,,,,,,,,w,move_up,,-15,2
11650,388333,,,,,,,,,,,,,,,,,,,,,,w,move_up,,-19,0
11651,388367,,,,,,,,,,,,,,,,,,,,,,w,move_up,,-26,-1
11652,388400,,,,,,,,,,,,,,,,,,,,,,w,move_up,,-36,-2
11653,388433,,,,,,,,,,,,,,,,,,,,,,w,move_up,,-27,-2
11654,388467,,,,,,,,,,,,,,,,,,,,,,w,move_up,,-19,-1
11655,388500,,,,,,,,,,,,,,,,,,,,,,d|w,move_up|move_right,,-5,-1
11656,388533,,,,,,,,,,,,,,,,,,,,,,d|w,move_up|move_right,,-4,0
11657,388567,,,,,,,,,,,,,,,,,,,,,,d|w,move_up|move_right,,-13,-4
11658,388600,,,,,,,,,,,,,,,,,,,,,,d|w,move_up|move_right,,-26,-6
11659,388633,,,,,,,,,,,,,,,,,,,,,,d|w,move_up|move_right,,-47,-9
11660,388667,,,,,,,,,,,,,,,,,,,,,,d|w,move_up|move_right,,-44,-6
11661,388700,,,,,,,,,,,,,,,,,,,,,,w,move_up,,-33,-1
11662,388733,,,,,,,,,,,,,,,,,,,,,,w,move_up,,-29,0
11663,388767,,,,,,,,,,,,,,,,,,,,,,w,move_up,,-17,2
11664,388800,,,,,,,,,,,,,,,,,,,,,,w,move_up,,-17,3
11665,388833,,,,,,,,,,,,,,,,,,,,,,,,,-23,4
11666,388867,,,,,,,,,,,,,,,,,,,,,,,,,-16,1
11667,388900,,,,,,,,,,,,,,,,,,,,,,,,,-13,1
11668,388933,,,,,,,,,,,,,,,,,,,,,,w,move_up,,-13,0
11669,388967,,,,,,,,,,,,,,,,,,,,,,w,move_up,,-7,0
11670,389000,,,,,,,,,,,,,,,,,,,,,,w,move_up,,-4,0
11671,389033,,,,,,,,,,,,,,,,,,,,,,w,move_up,,-2,0
11672,389067,,,,,,,,,,,,,,,,,,,,,,w,move_up,,-8,0
11673,389100,,,,,,,,,,,,,,,,,,,,,,d|w,move_up|move_right,,-8,1
11674,389133,,,,,,,,,,,,,,,,,,,,,,d|w,move_up|move_right,,-12,0
11675,389167,,,,,,,,,,,,,,,,,,,,,,d|w,move_up|move_right,,-16,0
11676,389200,,,,,,,,,,,,,,,,,,,,,,d|w,move_up|move_right,,-19,1
11677,389233,,,,,,,,,,,,,,,,,,,,,,d|w,move_up|move_right,,-14,1
11678,389267,,,,,,,,,,,,,,,,,,,,,,d|w,move_up|move_right,,-12,1
11679,389300,,,,,,,,,,,,,,,,,,,,,,d|w,move_up|move_right,,-6,1
11680,389333,,,,,,,,,,,,,,,,,,,,,,d|w,move_up|move_right,,-6,1
11681,389367,,,,,,,,,,,,,,,,,,,,,,d|w,move_up|move_right,,-1,0
11682,389400,,,,,,,,,,,,,,,,,,,,,,,,,0,0
11683,389433,,,,,,,,,,,,,,,,,,,,,,,,,0,0
11684,389467,,,,,,,,,,,,,,,,,,,,,,,,,-1,1
11685,389500,,,,,,,,,,,,,,,,,,,,,,,,,0,0
11686,389533,,,,,,,,,,,,,,,,,,,,,,,,,31,1
11687,389567,,,,,,,,,,,,,,,,,,,,,,,,,79,-4
11688,389600,,,,,,,,,,,,,,,,,,,,,,,,,62,-6
11689,389633,,,,,,,,,,,,,,,,,,,,,,,,,27,-2
11690,389667,,,,,,,,,,,,,,,,,,,,,,,,,13,0
11691,389700,,,,,,,,,,,,,,,,,,,,,,,,,14,0
11692,389733,,,,,,,,,,,,,,,,,,,,,,,,,7,-1
11693,389767,,,,,,,,,,,,,,,,,,,,,,w,move_up,,3,-1
11694,389800,,,,,,,,,,,,,,,,,,,,,,w,move_up,,0,0
11695,389833,,,,,,,,,,,,,,,,,,,,,,w,move_up,,0,0
11696,389867,,,,,,,,,,,,,,,,,,,,,,w,move_up,,1,0
11697,389900,,,,,,,,,,,,,,,,,,,,,,w,move_up,,0,0
11698,389933,,,,,,,,,,,,,,,,,,,,,,w,move_up,,0,0
11699,389967,,,,,,,,,,,,,,,,,,,,,,w,move_up,,0,0
11700,390000,,,,,,,,,,,,,,,,,,,,,,w,move_up,,0,0
11701,390033,,,,,,,,,,,,,,,,,,,,,,w,move_up,,0,0
11702,390067,,,,,,,,,,,,,,,,,,,,,,w,move_up,,5,0
11703,390100,,,,,,,,,,,,,,,,,,,,,,w,move_up,,7,0
11704,390133,,,,,,,,,,,,,,,,,,,,,,w,move_up,,5,0
11705,390167,,,,,,,,,,,,,,,,,,,,,,w,move_up,,11,1
11706,390200,,,,,,,,,,,,,,,,,,,,,,w,move_up,,20,1
11707,390233,,,,,,,,,,,,,,,,,,,,,,w,move_up,,21,1
11708,390267,,,,,,,,,,,,,,,,,,,,,,w,move_up,,49,1
11709,390300,,,,,,,,,,,,,,,,,,,,,,a|w,move_up|move_left,,66,1
11710,390333,,,,,,,,,,,,,,,,,,,,,,a|w,move_up|move_left,,41,-1
11711,390367,,,,,,,,,,,,,,,,,,,,,,a|w,move_up|move_left,,22,1
11712,390400,,,,,,,,,,,,,,,,,,,,,,a|w,move_up|move_left,,13,0
11713,390433,,,,,,,,,,,,,,,,,,,,,,a|w,move_up|move_left,,18,0
11714,390467,,,,,,,,,,,,,,,,,,,,,,a|w,move_up|move_left,,26,-2
11715,390500,,,,,,,,,,,,,,,,,,,,,,a|w,move_up|move_left,,22,-1
11716,390533,,,,,,,,,,,,,,,,,,,,,,a|w,move_up|move_left,,23,-1
11717,390567,,,,,,,,,,,,,,,,,,,,,,a|w,move_up|move_left,,31,0
11718,390600,,,,,,,,,,,,,,,,,,,,,,a|w,move_up|move_left,,26,-3
11719,390633,,,,,,,,,,,,,,,,,,,,,,a|w,move_up|move_left,,8,-1
11720,390667,,,,,,,,,,,,,,,,,,,,,,a|w,move_up|move_left,,0,0
11721,390700,,,,,,,,,,,,,,,,,,,,,,a|w,move_up|move_left,,0,0
11722,390733,,,,,,,,,,,,,,,,,,,,,,,,,0,0
11723,390767,,,,,,,,,,,,,,,,,,,,,,,,,0,0
11724,390800,,,,,,,,,,,,,,,,,,,,,,,,,0,0
11725,390833,,,,,,,,,,,,,,,,,,,,,,,,,1,0
11726,390867,,,,,,,,,,,,,,,,,,,,,,,,,33,13
11727,390900,,,,,,,,,,,,,,,,,,,,,,a,move_left,,40,0
11728,390933,,,,,,,,,,,,,,,,,,,,,,a|w,move_up|move_left,,7,0
11729,390967,,,,,,,,,,,,,,,,,,,,,,a|w,move_up|move_left,,1,1
11730,391000,,,,,,,,,,,,,,,,,,,,,,a|w,move_up|move_left,,0,0
11731,391033,,,,,,,,,,,,,,,,,,,,,,a|w,move_up|move_left,,0,0
11732,391067,,,,,,,,,,,,,,,,,,,,,,a|w,move_up|move_left,,0,0
11733,391100,,,,,,,,,,,,,,,,,,,,,,a|w,move_up|move_left,,0,0
11734,391133,,,,,,,,,,,,,,,,,,,,,,a|w,move_up|move_left,,0,0
11735,391167,,,,,,,,,,,,,,,,,,,,,,a|w,move_up|move_left,,6,-1
11736,391200,,,,,,,,,,,,,,,,,,,,,,a|w,move_up|move_left,,39,1
11737,391233,,,,,,,,,,,,,,,,,,,,,,a|w,move_up|move_left,,48,3
11738,391267,,,,,,,,,,,,,,,,,,,,,,w,move_up,,35,0
11739,391300,,,,,,,,,,,,,,,,,,,,,,,,,7,0
11740,391333,,,,,,,,,,,,,,,,,,,,,,,,,0,0
11741,391367,,,,,,,,,,,,,,,,,,,,,,,,,0,0
11742,391400,,,,,,,,,,,,,,,,,,,,,,,,,0,0
11743,391433,,,,,,,,,,,,,,,,,,,,,,,,,1,0
11744,391467,,,,,,,,,,,,,,,,,,,,,,,,,63,14
11745,391500,,,,,,,,,,,,,,,,,,,,,,,,,184,4
11746,391533,,,,,,,,,,,,,,,,,,,,,,,,,117,-7
11747,391567,,,,,,,,,,,,,,,,,,,,,,,,,0,0
11748,391600,,,,,,,,,,,,,,,,,,,,,,,,,0,0
11749,391633,,,,,,,,,,,,,,,,,,,,,,,,,0,0
11750,391667,,,,,,,,,,,,,,,,,,,,,,,,,0,0
11751,391700,,,,,,,,,,,,,,,,,,,,,,,,,0,0
11752,391733,,,,,,,,,,,,,,,,,,,,,,,,,1,-1
11753,391767,,,,,,,,,,,,,,,,,,,,,,,,,6,-1
11754,391800,,,,,,,,,,,,,,,,,,,,,,,,,4,2
11755,391833,,,,,,,,,,,,,,,,,,,,,,,,,2,3
11756,391867,,,,,,,,,,,,,,,,,,,,,,,,,0,0
11757,391900,,,,,,,,,,,,,,,,,,,,,,,,,0,0
11758,391933,,,,,,,,,,,,,,,,,,,,,,,,,0,0
11759,391967,,,,,,,,,,,,,,,,,,,,,,,,,1,0
11760,392000,,,,,,,,,,,,,,,,,,,,,,,,,44,-1
11761,392033,,,,,,,,,,,,,,,,,,,,,,,,,140,-9
11762,392067,,,,,,,,,,,,,,,,,,,,,,,,,62,-12
11763,392100,,,,,,,,,,,,,,,,,,,,,,,,,21,2
11764,392133,,,,,,,,,,,,,,,,,,,,,,,,,0,0
11765,392167,,,,,,,,,,,,,,,,,,,,,,,,,0,0
11766,392200,,,,,,,,,,,,,,,,,,,,,,,,,0,0
11767,392233,,,,,,,,,,,,,,,,,,,,,,,,,0,0
11768,392267,,,,,,,,,,,,,,,,,,,,,,,,,0,-1
11769,392300,,,,,,,,,,,,,,,,,,,,,,,,,6,-7
11770,392333,,,,,,,,,,,,,,,,,,,,,,,,,9,-2
11771,392367,,,,,,,,,,,,,,,,,,,,,,,,,0,0
11772,392400,,,,,,,,,,,,,,,,,,,,,,,,,1,0
11773,392433,,,,,,,,,,,,,,,,,,,,,,,,,0,0
11774,392467,,,,,,,,,,,,,,,,,,,,,,,,,0,0
11775,392500,,,,,,,,,,,,,,,,,,,,,,,,,0,0
11776,392533,,,,,,,,,,,,,,,,,,,,,,,,,0,0
11777,392567,,,,,,,,,,,,,,,,,,,,,,,,,0,0
11778,392600,,,,,,,,,,,,,,,,,,,,,,,,,0,0
11779,392633,,,,,,,,,,,,,,,,,,,,,,,,,0,0
11780,392667,,,,,,,,,,,,,,,,,,,,,,,,,-1,0
11781,392700,,,,,,,,,,,,,,,,,,,,,,,,,-56,-21
11782,392733,,,,,,,,,,,,,,,,,,,,,,,,,-108,-10
11783,392767,,,,,,,,,,,,,,,,,,,,,,,,,-60,0
11784,392800,,,,,,,,,,,,,,,,,,,,,,,,,-8,0
11785,392833,,,,,,,,,,,,,,,,,,,,,,,,,0,0
11786,392867,,,,,,,,,,,,,,,,,,,,,,,,,0,-1
11787,392900,,,,,,,,,,,,,,,,,,,,,,,,,1,0
11788,392933,,,,,,,,,,,,,,,,,,,,,,,,,0,0
11789,392967,,,,,,,,,,,,,,,,,,,,,,,,,0,0
11790,393000,,,,,,,,,,,,,,,,,,,,,,w,move_up,,0,0
11791,393033,,,,,,,,,,,,,,,,,,,,,,w,move_up,,0,0
11792,393067,,,,,,,,,,,,,,,,,,,,,,w,move_up,,0,0
11793,393100,,,,,,,,,,,,,,,,,,,,,,w,move_up,,0,0
11794,393133,,,,,,,,,,,,,,,,,,,,,,w,move_up,,0,0
11795,393167,,,,,,,,,,,,,,,,,,,,,,w,move_up,,0,0
11796,393200,,,,,,,,,,,,,,,,,,,,,,w,move_up,,0,0
11797,393233,,,,,,,,,,,,,,,,,,,,,,w,move_up,,1,0
11798,393267,,,,,,,,,,,,,,,,,,,,,,w,move_up,,68,21
11799,393300,,,,,,,,,,,,,,,,,,,,,,w,move_up,,97,12
11800,393333,,,,,,,,,,,,,,,,,,,,,,w,move_up,,61,-11
11801,393367,,,,,,,,,,,,,,,,,,,,,,w,move_up,,6,-3
11802,393400,,,,,,,,,,,,,,,,,,,,,,w,move_up,,-2,-1
11803,393433,,,,,,,,,,,,,,,,,,,,,,a|w,move_up|move_left,,0,0
11804,393467,,,,,,,,,,,,,,,,,,,,,,a|w,move_up|move_left,,-3,1
11805,393500,,,,,,,,,,,,,,,,,,,,,,a|w,move_up|move_left,,0,0
11806,393533,,,,,,,,,,,,,,,,,,,,,,a|w,move_up|move_left,,0,0
11807,393567,,,,,,,,,,,,,,,,,,,,,,a|w,move_up|move_left,,12,-15
11808,393600,,,,,,,,,,,,,,,,,,,,,,a|w,move_up|move_left,,16,-5
11809,393633,,,,,,,,,,,,,,,,,,,,,,a|w,move_up|move_left,,8,-1
11810,393667,,,,,,,,,,,,,,,,,,,,,,,,,0,0
11811,393700,,,,,,,,,,,,,,,,,,,,,,,,,1,0
11812,393733,,,,,,,,,,,,,,,,,,,,,,,,,0,0
11813,393767,,,,,,,,,,,,,,,,,,,,,,,,,0,0
11814,393800,,,,,,,,,,,,,,,,,,,,,,,,,0,0
11815,393833,,,,,,,,,,,,,,,,,,,,,,,,,0,0
11816,393867,,,,,,,,,,,,,,,,,,,,,,,,,0,0
11817,393900,,,,,,,,,,,,,,,,,,,,,,,,,-7,-2
11818,393933,,,,,,,,,,,,,,,,,,,,,,,,,0,1
11819,393967,,,,,,,,,,,,,,,,,,,,,,,,,0,0
11820,394000,,,,,,,,,,,,,,,,,,,,,,,,,-1,3
11821,394033,,,,,,,,,,,,,,,,,,,,,,,,,0,0
11822,394067,,,,,,,,,,,,,,,,,,,,,,,,,0,0
11823,394100,,,,,,,,,,,,,,,,,,,,,,,,,0,0
11824,394133,,,,,,,,,,,,,,,,,,,,,,,,,0,0
11825,394167,,,,,,,,,,,,,,,,,,,,,,,,,0,0
11826,394200,,,,,,,,,,,,,,,,,,,,,,,,,0,0
11827,394233,,,,,,,,,,,,,,,,,,,,,,,,,0,0
11828,394267,,,,,,,,,,,,,,,,,,,,,,,,,0,0
11829,394300,,,,,,,,,,,,,,,,,,,,,,,,,0,0
11830,394333,,,,,,,,,,,,,,,,,,,,,,,,,0,0
11831,394367,,,,,,,,,,,,,,,,,,,,,,,,,-15,-8
11832,394400,,,,,,,,,,,,,,,,,,,,,,,,,-10,-6
11833,394433,,,,,,,,,,,,,,,,,,,,,,,,,0,0
11834,394467,,,,,,,,,,,,,,,,,,,,,,,,,-3,-2
11835,394500,,,,,,,,,,,,,,,,,,,,,,,,,0,0
11836,394533,,,,,,,,,,,,,,,,,,,,,,,,,0,0
11837,394567,,,,,,,,,,,,,,,,,,,,,,,,,0,0
11838,394600,,,,,,,,,,,,,,,,,,,,,,,,,0,0
11839,394633,,,,,,,,,,,,,,,,,,,,,,,,,0,0
11840,394667,,,,,,,,,,,,,,,,,,,,,,,,,0,0
11841,394700,,,,,,,,,,,,,,,,,,,,,,,,,0,0
11842,394733,,,,,,,,,,,,,,,,,,,,,,,,,0,0
11843,394767,,,,,,,,,,,,,,,,,,,,,,,,,0,0
11844,394800,,,,,,,,,,,,,,,,,,,,,,,,,0,0
11845,394833,,,,,,,,,,,,,,,,,,,,,,,,,0,0
11846,394867,,,,,,,,,,,,,,,,,,,,,,,,,0,0
11847,394900,,,,,,,,,,,,,,,,,,,,,,,,,0,0
11848,394933,,,,,,,,,,,,,,,,,,,,,,,,,0,0
11849,394967,,,,,,,,,,,,,,,,,,,,,,,,,0,0
11850,395000,,,,,,,,,,,,,,,,,,,,,,,,,0,0
11851,395033,,,,,,,,,,,,,,,,,,,,,,,,,0,0
11852,395067,,,,,,,,,,,,,,,,,,,,,,,,,0,0
11853,395100,,,,,,,,,,,,,,,,,,,,,,,,,0,0
11854,395133,,,,,,,,,,,,,,,,,,,,,,,,,0,0
11855,395167,,,,,,,,,,,,,,,,,,,,,,,,,0,0
11856,395200,,,,,,,,,,,,,,,,,,,,,,,,,0,0
11857,395233,,,,,,,,,,,,,,,,,,,,,,,,,0,0
11858,395267,,,,,,,,,,,,,,,,,,,,,,,,,0,0
11859,395300,,,,,,,,,,,,,,,,,,,,,,,,,0,0
11860,395333,,,,,,,,,,,,,,,,,,,,,,d,move_right,,4,4
11861,395367,,,,,,,,,,,,,,,,,,,,,,d,move_right,,46,13
11862,395400,,,,,,,,,,,,,,,,,,,,,,d,move_right,,132,-23
11863,395433,,,,,,,,,,,,,,,,,,,,,,d,move_right,,97,3
11864,395467,,,,,,,,,,,,,,,,,,,,,,,,,58,0
11865,395500,,,,,,,,,,,,,,,,,,,,,,,,,17,12
11866,395533,,,,,,,,,,,,,,,,,,,,,,,,,0,0
11867,395567,,,,,,,,,,,,,,,,,,,,,,,,,1,1
11868,395600,,,,,,,,,,,,,,,,,,,,,,w,move_up,,0,0
11869,395633,,,,,,,,,,,,,,,,,,,,,,w,move_up,,0,-2
11870,395667,,,,,,,,,,,,,,,,,,,,,,w,move_up,,6,-12
11871,395700,,,,,,,,,,,,,,,,,,,,,,w,move_up,,17,0
11872,395733,,,,,,,,,,,,,,,,,,,,,,w,move_up,,13,1
11873,395767,,,,,,,,,,,,,,,,,,,,,,w,move_up,,0,0
11874,395800,,,,,,,,,,,,,,,,,,,,,,w,move_up,,1,1
11875,395833,,,,,,,,,,,,,,,,,,,,,,w,move_up,,0,0
11876,395867,,,,,,,,,,,,,,,,,,,,,,w,move_up,,0,0
11877,395900,,,,,,,,,,,,,,,,,,,,,,,,,0,0
11878,395933,,,,,,,,,,,,,,,,,,,,,,,,,0,0
11879,395967,,,,,,,,,,,,,,,,,,,,,,,,,9,9
11880,396000,,,,,,,,,,,,,,,,,,,,,,,,,97,31
11881,396033,,,,,,,,,,,,,,,,,,,,,,,,,215,18
11882,396067,,,,,,,,,,,,,,,,,,,,,,,,,139,9
11883,396100,,,,,,,,,,,,,,,,,,,,,,,,,0,0
11884,396133,,,,,,,,,,,,,,,,,,,,,,,,,24,2
11885,396167,,,,,,,,,,,,,,,,,,,,,,,,,0,0
11886,396200,,,,,,,,,,,,,,,,,,,,,,,,,0,0
11887,396233,,,,,,,,,,,,,,,,,,,,,,,,,0,0
11888,396267,,,,,,,,,,,,,,,,,,,,,,,,,1,0
11889,396300,,,,,,,,,,,,,,,,,,,,,,,,,27,-10
11890,396333,,,,,,,,,,,,,,,,,,,,,,,,,1,0
11891,396367,,,,,,,,,,,,,,,,,,,,,,,,,-1,0
11892,396400,,,,,,,,,,,,,,,,,,,,,,,,,-21,-3
11893,396433,,,,,,,,,,,,,,,,,,,,,,,,,-71,-7
11894,396467,,,,,,,,,,,,,,,,,,,,,,,,,-140,-7
11895,396500,,,,,,,,,,,,,,,,,,,,,,,,,-164,-6
11896,396533,,,,,,,,,,,,,,,,,,,,,,,,,-49,0
11897,396567,,,,,,,,,,,,,,,,,,,,,,,,,-1,2
11898,396600,,,,,,,,,,,,,,,,,,,,,,,,,0,0
11899,396633,,,,,,,,,,,,,,,,,,,,,,,,,0,0
11900,396667,,,,,,,,,,,,,,,,,,,,,,,,,0,0
11901,396700,,,,,,,,,,,,,,,,,,,,,,,,,0,0
11902,396733,,,,,,,,,,,,,,,,,,,,,,,,,0,0
11903,396767,,,,,,,,,,,,,,,,,,,,,,,,,-22,-3
11904,396800,,,,,,,,,,,,,,,,,,,,,,,,,-48,3
11905,396833,,,,,,,,,,,,,,,,,,,,,,w,move_up,,-49,5
11906,396867,,,,,,,,,,,,,,,,,,,,,,w,move_up,,-14,2
11907,396900,,,,,,,,,,,,,,,,,,,,,,w,move_up,,0,0
11908,396933,,,,,,,,,,,,,,,,,,,,,,w,move_up,,-2,1
11909,396967,,,,,,,,,,,,,,,,,,,,,,w,move_up,,7,0
11910,397000,,,,,,,,,,,,,,,,,,,,,,w,move_up,,4,0
11911,397033,,,,,,,,,,,,,,,,,,,,,,e|w,interact|move_up,,2,0
11912,397067,,,,,,,,,,,,,,,,,,,,,,e|w,interact|move_up,,2,1
11913,397100,,,,,,,,,,,,,,,,,,,,,,e|w,interact|move_up,,1,0
11914,397133,,,,,,,,,,,,,,,,,,,,,,e,interact,,2,2
11915,397167,,,,,,,,,,,,,,,,,,,,,,e,interact,,1,0
11916,397200,,,,,,,,,,,,,,,,,,,,,,,,,1,2
11917,397233,,,,,,,,,,,,,,,,,,,,,,,,,1,0
11918,397267,,,,,,,,,,,,,,,,,,,,,,,,,3,1
11919,397300,,,,,,,,,,,,,,,,,,,,,,,,,2,1
11920,397333,,,,,,,,,,,,,,,,,,,,,,,,,0,0
11921,397367,,,,,,,,,,,,,,,,,,,,,,,,,0,0
11922,397400,,,,,,,,,,,,,,,,,,,,,,,,,1,0
11923,397433,,,,,,,,,,,,,,,,,,,,,,,,,0,0
11924,397467,,,,,,,,,,,,,,,,,,,,,,,,,0,0
11925,397500,,,,,,,,,,,,,,,,,,,,,,,,,0,0
11926,397533,,,,,,,,,,,,,,,,,,,,,,,,,0,0
11927,397567,,,,,,,,,,,,,,,,,,,,,,,,,0,0
11928,397600,,,,,,,,,,,,,,,,,,,,,,,,,0,0
11929,397633,,,,,,,,,,,,,,,,,,,,,,,,,0,0
11930,397667,,,,,,,,,,,,,,,,,,,,,,,,,0,0
11931,397700,,,,,,,,,,,,,,,,,,,,,,,,,0,0
11932,397733,,,,,,,,,,,,,,,,,,,,,,,,,0,0
11933,397767,,,,,,,,,,,,,,,,,,,,,,,,,0,0
11934,397800,,,,,,,,,,,,,,,,,,,,,,e,interact,,0,0
11935,397833,,,,,,,,,,,,,,,,,,,,,,e,interact,,0,0
11936,397867,,,,,,,,,,,,,,,,,,,,,,e,interact,,0,0
11937,397900,,,,,,,,,,,,,,,,,,,,,,e,interact,,0,0
11938,397933,,,,,,,,,,,,,,,,,,,,,,,,,0,0
11939,397967,,,,,,,,,,,,,,,,,,,,,,,,,0,0
11940,398000,,,,,,,,,,,,,,,,,,,,,,,,,0,0
11941,398033,,,,,,,,,,,,,,,,,,,,,,,,,0,0
11942,398067,,,,,,,,,,,,,,,,,,,,,,,,,0,0
11943,398100,,,,,,,,,,,,,,,,,,,,,,,,,-2,0
11944,398133,,,,,,,,,,,,,,,,,,,,,,w,move_up,,-11,-3
11945,398167,,,,,,,,,,,,,,,,,,,,,,w,move_up,,-17,0
11946,398200,,,,,,,,,,,,,,,,,,,,,,w,move_up,,-43,-1
11947,398233,,,,,,,,,,,,,,,,,,,,,,w,move_up,,-64,0
11948,398267,,,,,,,,,,,,,,,,,,,,,,w,move_up,,-33,3
11949,398300,,,,,,,,,,,,,,,,,,,,,,w,move_up,,-4,1
11950,398333,,,,,,,,,,,,,,,,,,,,,,w,move_up,,0,0
11951,398367,,,,,,,,,,,,,,,,,,,,,,w,move_up,,-1,0
11952,398400,,,,,,,,,,,,,,,,,,,,,,w,move_up,,0,0
11953,398433,,,,,,,,,,,,,,,,,,,,,,w,move_up,,-1,0
11954,398467,,,,,,,,,,,,,,,,,,,,,,w,move_up,,-2,1
11955,398500,,,,,,,,,,,,,,,,,,,,,,w,move_up,,-1,0
11956,398533,,,,,,,,,,,,,,,,,,,,,,w,move_up,,5,0
11957,398567,,,,,,,,,,,,,,,,,,,,,,w,move_up,,39,1
11958,398600,,,,,,,,,,,,,,,,,,,,,,w,move_up,,79,-5
11959,398633,,,,,,,,,,,,,,,,,,,,,,a|w,move_up|move_left,,57,-3
11960,398667,,,,,,,,,,,,,,,,,,,,,,a|w,move_up|move_left,,36,3
11961,398700,,,,,,,,,,,,,,,,,,,,,,a|w,move_up|move_left,,12,3
11962,398733,,,,,,,,,,,,,,,,,,,,,,a|w,move_up|move_left,,7,1
11963,398767,,,,,,,,,,,,,,,,,,,,,,a|w,move_up|move_left,,9,0
11964,398800,,,,,,,,,,,,,,,,,,,,,,a|w,move_up|move_left,,10,0
11965,398833,,,,,,,,,,,,,,,,,,,,,,a|w,move_up|move_left,,1,0
11966,398867,,,,,,,,,,,,,,,,,,,,,,w,move_up,,0,0
11967,398900,,,,,,,,,,,,,,,,,,,,,,w,move_up,,-7,0
11968,398933,,,,,,,,,,,,,,,,,,,,,,,,,-41,4
11969,398967,,,,,,,,,,,,,,,,,,,,,,,,,-65,7
11970,399000,,,,,,,,,,,,,,,,,,,,,,,,,-68,6
11971,399033,,,,,,,,,,,,,,,,,,,,,,,,,-51,7
11972,399067,,,,,,,,,,,,,,,,,,,,,,,,,-4,1
11973,399100,,,,,,,,,,,,,,,,,,,,,,w,move_up,,-1,4
11974,399133,,,,,,,,,,,,,,,,,,,,,,w,move_up,,-3,9
11975,399167,,,,,,,,,,,,,,,,,,,,,,w,move_up,,-1,13
11976,399200,,,,,,,,,,,,,,,,,,,,,,w,move_up,,3,12
11977,399233,,,,,,,,,,,,,,,,,,,,,,w,move_up,,14,15
11978,399267,,,,,,,,,,,,,,,,,,,,,,w,move_up,,22,16
11979,399300,,,,,,,,,,,,,,,,,,,,,,w,move_up,,19,9
11980,399333,,,,,,,,,,,,,,,,,,,,,,w,move_up,,15,6
11981,399367,,,,,,,,,,,,,,,,,,,,,,,,,17,5
11982,399400,,,,,,,,,,,,,,,,,,,,,,,,,8,2
11983,399433,,,,,,,,,,,,,,,,,,,,,,w,move_up,,0,0
11984,399467,,,,,,,,,,,,,,,,,,,,,,w,move_up,,0,0
11985,399500,,,,,,,,,,,,,,,,,,,,,,e|w,interact|move_up,,0,0
11986,399533,,,,,,,,,,,,,,,,,,,,,,e|w,interact|move_up,,1,2
11987,399567,,,,,,,,,,,,,,,,,,,,,,e|w,interact|move_up,,0,0
11988,399600,,,,,,,,,,,,,,,,,,,,,,e|w,interact|move_up,,0,0
11989,399633,,,,,,,,,,,,,,,,,,,,,,e,interact,,-1,1
11990,399667,,,,,,,,,,,,,,,,,,,,,,,,,-28,2
11991,399700,,,,,,,,,,,,,,,,,,,,,,,,,-42,-1
11992,399733,,,,,,,,,,,,,,,,,,,,,,,,,-54,-5
11993,399767,,,,,,,,,,,,,,,,,,,,,,a,move_left,,-23,-5
11994,399800,,,,,,,,,,,,,,,,,,,,,,a,move_left,,-4,-4
11995,399833,,,,,,,,,,,,,,,,,,,,,,a|w,move_up|move_left,,1,-5
11996,399867,,,,,,,,,,,,,,,,,,,,,,a|w,move_up|move_left,,3,-4
11997,399900,,,,,,,,,,,,,,,,,,,,,,a|w,move_up|move_left,,6,-3
11998,399933,,,,,,,,,,,,,,,,,,,,,,a|e|w,interact|move_up|move_left,,3,-1
11999,399967,,,,,,,,,,,,,,,,,,,,,,a|e|w,interact|move_up|move_left,,2,-1
12000,400000,,,,,,,,,,,,,,,,,,,,,,e|w,interact|move_up,,1,-1
12001,400033,,,,,,,,,,,,,,,,,,,,,,e|w,interact|move_up,,0,0
12002,400067,,,,,,,,,,,,,,,,,,,,,,e,interact,,0,0
12003,400100,,,,,,,,,,,,,,,,,,,,,,,,,0,-2
12004,400133,,,,,,,,,,,,,,,,,,,,,,,,,0,-4
12005,400167,,,,,,,,,,,,,,,,,,,,,,,,,0,-8
12006,400200,,,,,,,,,,,,,,,,,,,,,,,,,0,-10
12007,400233,,,,,,,,,,,,,,,,,,,,,,,,,0,-13
12008,400267,,,,,,,,,,,,,,,,,,,,,,,,,-1,-15
12009,400300,,,,,,,,,,,,,,,,,,,,,,,,,-2,-9
12010,400333,,,,,,,,,,,,,,,,,,,,,,a,move_left,,0,-2
12011,400367,,,,,,,,,,,,,,,,,,,,,,a,move_left,,0,-1
12012,400400,,,,,,,,,,,,,,,,,,,,,,a,move_left,,11,-4
12013,400433,,,,,,,,,,,,,,,,,,,,,,a|w,move_up|move_left,,16,-5
12014,400467,,,,,,,,,,,,,,,,,,,,,,a|w,move_up|move_left,,12,-2
12015,400500,,,,,,,,,,,,,,,,,,,,,,a|w,move_up|move_left,,8,-2
12016,400533,,,,,,,,,,,,,,,,,,,,,,a|w,move_up|move_left,,3,0
12017,400567,,,,,,,,,,,,,,,,,,,,,,a|w,move_up|move_left,,8,-1
12018,400600,,,,,,,,,,,,,,,,,,,,,,a|w,move_up|move_left,,5,0
12019,400633,,,,,,,,,,,,,,,,,,,,,,a|w,move_up|move_left,,2,-1
12020,400667,,,,,,,,,,,,,,,,,,,,,,a|w,move_up|move_left,,0,0
12021,400700,,,,,,,,,,,,,,,,,,,,,,a|w,move_up|move_left,,0,0
12022,400733,,,,,,,,,,,,,,,,,,,,,,,,,1,0
12023,400767,,,,,,,,,,,,,,,,,,,,,,,,,8,2
12024,400800,,,,,,,,,,,,,,,,,,,,,,,,,56,6
12025,400833,,,,,,,,,,,,,,,,,,,,,,,,,134,3
12026,400867,,,,,,,,,,,,,,,,,,,,,,d,move_right,,136,-2
12027,400900,,,,,,,,,,,,,,,,,,,,,,d,move_right,,101,-8
12028,400933,,,,,,,,,,,,,,,,,,,,,,d,move_right,,43,-3
12029,400967,,,,,,,,,,,,,,,,,,,,,,d|w,move_up|move_right,,6,-1
12030,401000,,,,,,,,,,,,,,,,,,,,,,w,move_up,,0,0
12031,401033,,,,,,,,,,,,,,,,,,,,,,w,move_up,,3,-1
12032,401067,,,,,,,,,,,,,,,,,,,,,,w,move_up,,12,-3
12033,401100,,,,,,,,,,,,,,,,,,,,,,w,move_up,,8,-1
12034,401133,,,,,,,,,,,,,,,,,,,,,,w,move_up,,3,-1
12035,401167,,,,,,,,,,,,,,,,,,,,,,w,move_up,,0,0
12036,401200,,,,,,,,,,,,,,,,,,,,,,w,move_up,,0,-1
12037,401233,,,,,,,,,,,,,,,,,,,,,,w,move_up,,-4,-2
12038,401267,,,,,,,,,,,,,,,,,,,,,,,,,-18,-5
12039,401300,,,,,,,,,,,,,,,,,,,,,,,,,-18,-5
12040,401333,,,,,,,,,,,,,,,,,,,,,,,,,-6,-5
12041,401367,,,,,,,,,,,,,,,,,,,,,,w,move_up,,0,-10
12042,401400,,,,,,,,,,,,,,,,,,,,,,w,move_up,,1,-8
12043,401433,,,,,,,,,,,,,,,,,,,,,,w,move_up,,1,-6
12044,401467,,,,,,,,,,,,,,,,,,,,,,w,move_up,,-1,-2
12045,401500,,,,,,,,,,,,,,,,,,,,,,w,move_up,,15,2
12046,401533,,,,,,,,,,,,,,,,,,,,,,w,move_up,,73,5
12047,401567,,,,,,,,,,,,,,,,,,,,,,w,move_up,,102,2
12048,401600,,,,,,,,,,,,,,,,,,,,,,a|w,move_up|move_left,,75,4
12049,401633,,,,,,,,,,,,,,,,,,,,,,a|w,move_up|move_left,,38,5
12050,401667,,,,,,,,,,,,,,,,,,,,,,a|w,move_up|move_left,,0,0
12051,401700,,,,,,,,,,,,,,,,,,,,,,a|w,move_up|move_left,,4,2
12052,401733,,,,,,,,,,,,,,,,,,,,,,a,move_left,,0,0
12053,401767,,,,,,,,,,,,,,,,,,,,,,,,,0,0
12054,401800,,,,,,,,,,,,,,,,,,,,,,,,,0,0
12055,401833,,,,,,,,,,,,,,,,,,,,,,,,,0,0
12056,401867,,,,,,,,,,,,,,,,,,,,,,,,,9,0
12057,401900,,,,,,,,,,,,,,,,,,,,,,,,,6,11
12058,401933,,,,,,,,,,,,,,,,,,,,,,,,,-3,20
12059,401967,,,,,,,,,,,,,,,,,,,,,,,,,-6,18
12060,402000,,,,,,,,,,,,,,,,,,,,,,w,move_up,,-7,12
12061,402033,,,,,,,,,,,,,,,,,,,,,,w,move_up,,-2,2
12062,402067,,,,,,,,,,,,,,,,,,,,,,w,move_up,,0,0
12063,402100,,,,,,,,,,,,,,,,,,,,,,w,move_up,,-1,2
12064,402133,,,,,,,,,,,,,,,,,,,,,,w,move_up,,-1,0
12065,402167,,,,,,,,,,,,,,,,,,,,,,,,,-7,0
12066,402200,,,,,,,,,,,,,,,,,,,,,,,,,-30,0
12067,402233,,,,,,,,,,,,,,,,,,,,,,a,move_left,,-55,-5
12068,402267,,,,,,,,,,,,,,,,,,,,,,a,move_left,,-83,-11
12069,402300,,,,,,,,,,,,,,,,,,,,,,a,move_left,,-73,-12
12070,402333,,,,,,,,,,,,,,,,,,,,,,a|w,move_up|move_left,,-7,-2
12071,402367,,,,,,,,,,,,,,,,,,,,,,a|w,move_up|move_left,,4,-4
12072,402400,,,,,,,,,,,,,,,,,,,,,,a|w,move_up|move_left,,5,-3
12073,402433,,,,,,,,,,,,,,,,,,,,,,a|w,move_up|move_left,,4,-5
12074,402467,,,,,,,,,,,,,,,,,,,,,,a|w,move_up|move_left,,2,-4
12075,402500,,,,,,,,,,,,,,,,,,,,,,a|w,move_up|move_left,,-5,-3
12076,402533,,,,,,,,,,,,,,,,,,,,,,a|w,move_up|move_left,,-8,-2
12077,402567,,,,,,,,,,,,,,,,,,,,,,a|w,move_up|move_left,,-11,-1
12078,402600,,,,,,,,,,,,,,,,,,,,,,a|w,move_up|move_left,,-10,-1
12079,402633,,,,,,,,,,,,,,,,,,,,,,a|w,move_up|move_left,,-6,0
12080,402667,,,,,,,,,,,,,,,,,,,,,,a|w,move_up|move_left,,0,0
12081,402700,,,,,,,,,,,,,,,,,,,,,,,,,0,-1
12082,402733,,,,,,,,,,,,,,,,,,,,,,,,,0,0
12083,402767,,,,,,,,,,,,,,,,,,,,,,,,,-3,-2
12084,402800,,,,,,,,,,,,,,,,,,,,,,w,move_up,,-7,-6
12085,402833,,,,,,,,,,,,,,,,,,,,,,w,move_up,,-21,-8
12086,402867,,,,,,,,,,,,,,,,,,,,,,w,move_up,,-35,-11
12087,402900,,,,,,,,,,,,,,,,,,,,,,w,move_up,,-42,-9
12088,402933,,,,,,,,,,,,,,,,,,,,,,w,move_up,,-26,-2
12089,402967,,,,,,,,,,,,,,,,,,,,,,w,move_up,,-2,0
12090,403000,,,,,,,,,,,,,,,,,,,,,,d|w,move_up|move_right,,-1,0
12091,403033,,,,,,,,,,,,,,,,,,,,,,d|w,move_up|move_right,,-8,2
12092,403067,,,,,,,,,,,,,,,,,,,,,,d|w,move_up|move_right,,-17,7
12093,403100,,,,,,,,,,,,,,,,,,,,,,d|w,move_up|move_right,,-14,5
12094,403133,,,,,,,,,,,,,,,,,,,,,,d|w,move_up|move_right,,-2,1
12095,403167,,,,,,,,,,,,,,,,,,,,,,d|w,move_up|move_right,,0,0
12096,403200,,,,,,,,,,,,,,,,,,,,,,d|w,move_up|move_right,,0,0
12097,403233,,,,,,,,,,,,,,,,,,,,,,,,,0,0
12098,403267,,,,,,,,,,,,,,,,,,,,,,,,,0,0
12099,403300,,,,,,,,,,,,,,,,,,,,,,,,,0,0
12100,403333,,,,,,,,,,,,,,,,,,,,,,,,,2,0
12101,403367,,,,,,,,,,,,,,,,,,,,,,,,,24,-1
12102,403400,,,,,,,,,,,,,,,,,,,,,,,,,35,-2
12103,403433,,,,,,,,,,,,,,,,,,,,,,,,,28,-2
12104,403467,,,,,,,,,,,,,,,,,,,,,,,,,40,0
12105,403500,,,,,,,,,,,,,,,,,,,,,,,,,49,0
12106,403533,,,,,,,,,,,,,,,,,,,,,,,,,20,0
12107,403567,,,,,,,,,,,,,,,,,,,,,,,,,3,0
12108,403600,,,,,,,,,,,,,,,,,,,,,,,,,0,0
12109,403633,,,,,,,,,,,,,,,,,,,,,,,,,0,0
12110,403667,,,,,,,,,,,,,,,,,,,,,,,,,4,1
12111,403700,,,,,,,,,,,,,,,,,,,,,,a,move_left,,36,5
12112,403733,,,,,,,,,,,,,,,,,,,,,,a,move_left,,68,4
12113,403767,,,,,,,,,,,,,,,,,,,,,,a,move_left,,71,2
12114,403800,,,,,,,,,,,,,,,,,,,,,,a|w,move_up|move_left,,39,4
12115,403833,,,,,,,,,,,,,,,,,,,,,,a|w,move_up|move_left,,8,2
12116,403867,,,,,,,,,,,,,,,,,,,,,,a|w,move_up|move_left,,1,0
12117,403900,,,,,,,,,,,,,,,,,,,,,,a|w,move_up|move_left,,8,1
12118,403933,,,,,,,,,,,,,,,,,,,,,,a|w,move_up|move_left,,21,2
12119,403967,,,,,,,,,,,,,,,,,,,,,,w,move_up,,23,2
12120,404000,,,,,,,,,,,,,,,,,,,,,,w,move_up,,27,3
12121,404033,,,,,,,,,,,,,,,,,,,,,,w,move_up,,30,2
12122,404067,,,,,,,,,,,,,,,,,,,,,,w,move_up,,20,0
12123,404100,,,,,,,,,,,,,,,,,,,,,,,,,0,0
12124,404133,,,,,,,,,,,,,,,,,,,,,,,,,0,0
12125,404167,,,,,,,,,,,,,,,,,,,,,,,,,0,0
12126,404200,,,,,,,,,,,,,,,,,,,,,,,,,0,0
12127,404233,,,,,,,,,,,,,,,,,,,,,,,,,0,0
12128,404267,,,,,,,,,,,,,,,,,,,,,,,,,0,0
12129,404300,,,,,,,,,,,,,,,,,,,,,,w,move_up,,0,0
12130,404333,,,,,,,,,,,,,,,,,,,,,,w,move_up,,-1,0
12131,404367,,,,,,,,,,,,,,,,,,,,,,w,move_up,,-1,0
12132,404400,,,,,,,,,,,,,,,,,,,,,,w,move_up,,-6,-1
12133,404433,,,,,,,,,,,,,,,,,,,,,,w,move_up,,-7,-1
12134,404467,,,,,,,,,,,,,,,,,,,,,,w,move_up,,-2,-1
12135,404500,,,,,,,,,,,,,,,,,,,,,,w,move_up,,-1,0
12136,404533,,,,,,,,,,,,,,,,,,,,,,w,move_up,,0,0
12137,404567,,,,,,,,,,,,,,,,,,,,,,w,move_up,,-1,0
12138,404600,,,,,,,,,,,,,,,,,,,,,,w,move_up,,0,0
12139,404633,,,,,,,,,,,,,,,,,,,,,,w,move_up,,-1,-1
12140,404667,,,,,,,,,,,,,,,,,,,,,,w,move_up,,-1,0
12141,404700,,,,,,,,,,,,,,,,,,,,,,w,move_up,,0,0
12142,404733,,,,,,,,,,,,,,,,,,,,,,w,move_up,,0,0
12143,404767,,,,,,,,,,,,,,,,,,,,,,w,move_up,,0,0
12144,404800,,,,,,,,,,,,,,,,,,,,,,w,move_up,,0,0
12145,404833,,,,,,,,,,,,,,,,,,,,,,w,move_up,,0,0
12146,404867,,,,,,,,,,,,,,,,,,,,,,w,move_up,,0,0
12147,404900,,,,,,,,,,,,,,,,,,,,,,w,move_up,,0,0
12148,404933,,,,,,,,,,,,,,,,,,,,,,w,move_up,,0,0
12149,404967,,,,,,,,,,,,,,,,,,,,,,w,move_up,,0,0
12150,405000,,,,,,,,,,,,,,,,,,,,,,w,move_up,,1,0
12151,405033,,,,,,,,,,,,,,,,,,,,,,w,move_up,,18,10
12152,405067,,,,,,,,,,,,,,,,,,,,,,w,move_up,,2,1
12153,405100,,,,,,,,,,,,,,,,,,,,,,w,move_up,,0,0
12154,405133,,,,,,,,,,,,,,,,,,,,,,w,move_up,,0,0
12155,405167,,,,,,,,,,,,,,,,,,,,,,w,move_up,,0,0
12156,405200,,,,,,,,,,,,,,,,,,,,,,w,move_up,,0,0
12157,405233,,,,,,,,,,,,,,,,,,,,,,w,move_up,,0,0
12158,405267,,,,,,,,,,,,,,,,,,,,,,w,move_up,,0,0
12159,405300,,,,,,,,,,,,,,,,,,,,,,w,move_up,,0,0
12160,405333,,,,,,,,,,,,,,,,,,,,,,w,move_up,,0,0
12161,405367,,,,,,,,,,,,,,,,,,,,,,w,move_up,,0,0
12162,405400,,,,,,,,,,,,,,,,,,,,,,w,move_up,,0,0
12163,405433,,,,,,,,,,,,,,,,,,,,,,w,move_up,,1,0
12164,405467,,,,,,,,,,,,,,,,,,,,,,w,move_up,,2,0
12165,405500,,,,,,,,,,,,,,,,,,,,,,w,move_up,,3,0
12166,405533,,,,,,,,,,,,,,,,,,,,,,w,move_up,,3,0
12167,405567,,,,,,,,,,,,,,,,,,,,,,w,move_up,,1,0
12168,405600,,,,,,,,,,,,,,,,,,,,,,w,move_up,,1,0
12169,405633,,,,,,,,,,,,,,,,,,,,,,w,move_up,,1,0
12170,405667,,,,,,,,,,,,,,,,,,,,,,w,move_up,,0,0
12171,405700,,,,,,,,,,,,,,,,,,,,,,w,move_up,,0,0
12172,405733,,,,,,,,,,,,,,,,,,,,,,w,move_up,,0,0
12173,405767,,,,,,,,,,,,,,,,,,,,,,,,,0,0
12174,405800,,,,,,,,,,,,,,,,,,,,,,,,,0,0
12175,405833,,,,,,,,,,,,,,,,,,,,,,,,,0,0
12176,405867,,,,,,,,,,,,,,,,,,,,,,w,move_up,,0,0
12177,405900,,,,,,,,,,,,,,,,,,,,,,w,move_up,,0,0
12178,405933,,,,,,,,,,,,,,,,,,,,,,w,move_up,,0,0
12179,405967,,,,,,,,,,,,,,,,,,,,,,w,move_up,,0,0
12180,406000,,,,,,,,,,,,,,,,,,,,,,w,move_up,,0,0
12181,406033,,,,,,,,,,,,,,,,,,,,,,w,move_up,,0,0
12182,406067,,,,,,,,,,,,,,,,,,,,,,w,move_up,,0,0
12183,406100,,,,,,,,,,,,,,,,,,,,,,w,move_up,,0,0
12184,406133,,,,,,,,,,,,,,,,,,,,,,w,move_up,,0,0
12185,406167,,,,,,,,,,,,,,,,,,,,,,,,,0,0
12186,406200,,,,,,,,,,,,,,,,,,,,,,,,,0,0
12187,406233,,,,,,,,,,,,,,,,,,,,,,,,,0,0
12188,406267,,,,,,,,,,,,,,,,,,,,,,w,move_up,,0,0
12189,406300,,,,,,,,,,,,,,,,,,,,,,w,move_up,,0,0
12190,406333,,,,,,,,,,,,,,,,,,,,,,w,move_up,,0,0
12191,406367,,,,,,,,,,,,,,,,,,,,,,w,move_up,,0,0
12192,406400,,,,,,,,,,,,,,,,,,,,,,w,move_up,,1,0
12193,406433,,,,,,,,,,,,,,,,,,,,,,w,move_up,,0,0
12194,406467,,,,,,,,,,,,,,,,,,,,,,w,move_up,,1,0
12195,406500,,,,,,,,,,,,,,,,,,,,,,w,move_up,,2,0
12196,406533,,,,,,,,,,,,,,,,,,,,,,,,,0,0
12197,406567,,,,,,,,,,,,,,,,,,,,,,,,,0,0
12198,406600,,,,,,,,,,,,,,,,,,,,,,,,,0,0
12199,406633,,,,,,,,,,,,,,,,,,,,,,,,,0,0
12200,406667,,,,,,,,,,,,,,,,,,,,,,,,,0,0
12201,406700,,,,,,,,,,,,,,,,,,,,,,w,move_up,,1,0
12202,406733,,,,,,,,,,,,,,,,,,,,,,w,move_up,,0,0
12203,406767,,,,,,,,,,,,,,,,,,,,,,w,move_up,,0,0
12204,406800,,,,,,,,,,,,,,,,,,,,,,w,move_up,,0,0
12205,406833,,,,,,,,,,,,,,,,,,,,,,w,move_up,,0,0
12206,406867,,,,,,,,,,,,,,,,,,,,,,w,move_up,,0,0
12207,406900,,,,,,,,,,,,,,,,,,,,,,w,move_up,,0,1
12208,406933,,,,,,,,,,,,,,,,,,,,,,w,move_up,,0,0
12209,406967,,,,,,,,,,,,,,,,,,,,,,,,,0,0
12210,407000,,,,,,,,,,,,,,,,,,,,,,,,,-8,0
12211,407033,,,,,,,,,,,,,,,,,,,,,,,,,-28,1
12212,407067,,,,,,,,,,,,,,,,,,,,,,,,,-38,2
12213,407100,,,,,,,,,,,,,,,,,,,,,,,,,-14,0
12214,407133,,,,,,,,,,,,,,,,,,,,,,,,,-2,0
12215,407167,,,,,,,,,,,,,,,,,,,,,,,,,0,0
12216,407200,,,,,,,,,,,,,,,,,,,,,,d,move_right,,1,0
12217,407233,,,,,,,,,,,,,,,,,,,,,,d,move_right,,21,1
12218,407267,,,,,,,,,,,,,,,,,,,,,,d,move_right,,49,0
12219,407300,,,,,,,,,,,,,,,,,,,,,,,,,58,-1
12220,407333,,,,,,,,,,,,,,,,,,,,,,,,,40,0
12221,407367,,,,,,,,,,,,,,,,,,,,,,,,,13,1
12222,407400,,,,,,,,,,,,,,,,,,,,,,,,,0,0
12223,407433,,,,,,,,,,,,,,,,,,,,,,w,move_up,,0,0
12224,407467,,,,,,,,,,,,,,,,,,,,,,w,move_up,,5,0
12225,407500,,,,,,,,,,,,,,,,,,,,,,w,move_up,,47,0
12226,407533,,,,,,,,,,,,,,,,,,,,,,a|w,move_up|move_left,,74,1
12227,407567,,,,,,,,,,,,,,,,,,,,,,a|w,move_up|move_left,,14,1
12228,407600,,,,,,,,,,,,,,,,,,,,,,a|w,move_up|move_left,,0,0
12229,407633,,,,,,,,,,,,,,,,,,,,,,a|w,move_up|move_left,,8,2
12230,407667,,,,,,,,,,,,,,,,,,,,,,a|w,move_up|move_left,,0,0
12231,407700,,,,,,,,,,,,,,,,,,,,,,a|w,move_up|move_left,,0,0
12232,407733,,,,,,,,,,,,,,,,,,,,,,a|w,move_up|move_left,,0,0
12233,407767,,,,,,,,,,,,,,,,,,,,,,w,move_up,,12,-10
12234,407800,,,,,,,,,,,,,,,,,,,,,,,,,24,-2
12235,407833,,,,,,,,,,,,,,,,,,,,,,,,,42,4
12236,407867,,,,,,,,,,,,,,,,,,,,,,,,,28,6
12237,407900,,,,,,,,,,,,,,,,,,,,,,,,,3,2
12238,407933,,,,,,,,,,,,,,,,,,,,,,,,,0,0
12239,407967,,,,,,,,,,,,,,,,,,,,,,,,,0,0
12240,408000,,,,,,,,,,,,,,,,,,,,,,,,,0,0
12241,408033,,,,,,,,,,,,,,,,,,,,,,,,,0,0
12242,408067,,,,,,,,,,,,,,,,,,,,,,,,,0,0
12243,408100,,,,,,,,,,,,,,,,,,,,,,,,,0,0
12244,408133,,,,,,,,,,,,,,,,,,,,,,,,,0,0
12245,408167,,,,,,,,,,,,,,,,,,,,,,,,,0,0
12246,408200,,,,,,,,,,,,,,,,,,,,,,,,,0,0
12247,408233,,,,,,,,,,,,,,,,,,,,,,,,,0,0
12248,408267,,,,,,,,,,,,,,,,,,,,,,,,,0,0
12249,408300,,,,,,,,,,,,,,,,,,,,,,,,,1,0
12250,408333,,,,,,,,,,,,,,,,,,,,,,,,,74,3
12251,408367,,,,,,,,,,,,,,,,,,,,,,,,,130,-10
12252,408400,,,,,,,,,,,,,,,,,,,,,,,,,101,-8
12253,408433,,,,,,,,,,,,,,,,,,,,,,,,,20,2
12254,408467,,,,,,,,,,,,,,,,,,,,,,,,,0,1
12255,408500,,,,,,,,,,,,,,,,,,,,,,,,,0,0
12256,408533,,,,,,,,,,,,,,,,,,,,,,,,,0,0
12257,408567,,,,,,,,,,,,,,,,,,,,,,w,move_up,,0,0
12258,408600,,,,,,,,,,,,,,,,,,,,,,w,move_up,,2,-1
12259,408633,,,,,,,,,,,,,,,,,,,,,,w,move_up,,59,-13
12260,408667,,,,,,,,,,,,,,,,,,,,,,w,move_up,,61,3
12261,408700,,,,,,,,,,,,,,,,,,,,,,w,move_up,,44,3
12262,408733,,,,,,,,,,,,,,,,,,,,,,w,move_up,,3,1
12263,408767,,,,,,,,,,,,,,,,,,,,,,w,move_up,,0,0
12264,408800,,,,,,,,,,,,,,,,,,,,,,w,move_up,,1,0
12265,408833,,,,,,,,,,,,,,,,,,,,,,w,move_up,,0,0
12266,408867,,,,,,,,,,,,,,,,,,,,,,w,move_up,,0,0
12267,408900,,,,,,,,,,,,,,,,,,,,,,w,move_up,,0,0
12268,408933,,,,,,,,,,,,,,,,,,,,,,w,move_up,,0,0
12269,408967,,,,,,,,,,,,,,,,,,,,,,w,move_up,,0,0
12270,409000,,,,,,,,,,,,,,,,,,,,,,w,move_up,,1,-1
12271,409033,,,,,,,,,,,,,,,,,,,,,,w,move_up,,2,-1
12272,409067,,,,,,,,,,,,,,,,,,,,,,w,move_up,,6,-2
12273,409100,,,,,,,,,,,,,,,,,,,,,,w,move_up,,6,0
12274,409133,,,,,,,,,,,,,,,,,,,,,,a|w,move_up|move_left,,7,-1
12275,409167,,,,,,,,,,,,,,,,,,,,,,a|w,move_up|move_left,,18,-2
12276,409200,,,,,,,,,,,,,,,,,,,,,,a|w,move_up|move_left,,25,0
12277,409233,,,,,,,,,,,,,,,,,,,,,,a|w,move_up|move_left,,2,2
12278,409267,,,,,,,,,,,,,,,,,,,,,,a|w,move_up|move_left,,0,2
12279,409300,,,,,,,,,,,,,,,,,,,,,,a|w,move_up|move_left,,0,0
12280,409333,,,,,,,,,,,,,,,,,,,,,,a|w,move_up|move_left,,0,0
12281,409367,,,,,,,,,,,,,,,,,,,,,,a|w,move_up|move_left,,0,0
12282,409400,,,,,,,,,,,,,,,,,,,,,,a|w,move_up|move_left,,0,0
12283,409433,,,,,,,,,,,,,,,,,,,,,,a|w,move_up|move_left,,0,-1
12284,409467,,,,,,,,,,,,,,,,,,,,,,a|w,move_up|move_left,,-15,-3
12285,409500,,,,,,,,,,,,,,,,,,,,,,w,move_up,,-13,1
12286,409533,,,,,,,,,,,,,,,,,,,,,,w,move_up,,-16,0
12287,409567,,,,,,,,,,,,,,,,,,,,,,w,move_up,,-12,-2
12288,409600,,,,,,,,,,,,,,,,,,,,,,w,move_up,,-6,-2
12289,409633,,,,,,,,,,,,,,,,,,,,,,w,move_up,,0,0
12290,409667,,,,,,,,,,,,,,,,,,,,,,w,move_up,,0,0
12291,409700,,,,,,,,,,,,,,,,,,,,,,w,move_up,,0,0
12292,409733,,,,,,,,,,,,,,,,,,,,,,w,move_up,,0,0
12293,409767,,,,,,,,,,,,,,,,,,,,,,w,move_up,,0,0
12294,409800,,,,,,,,,,,,,,,,,,,,,,w,move_up,,3,-1
12295,409833,,,,,,,,,,,,,,,,,,,,,,w,move_up,,5,-1
12296,409867,,,,,,,,,,,,,,,,,,,,,,w,move_up,,21,0
12297,409900,,,,,,,,,,,,,,,,,,,,,,w,move_up,,24,0
12298,409933,,,,,,,,,,,,,,,,,,,,,,w,move_up,,12,0
12299,409967,,,,,,,,,,,,,,,,,,,,,,w,move_up,,3,0
12300,410000,,,,,,,,,,,,,,,,,,,,,,a|w,move_up|move_left,,1,0
12301,410033,,,,,,,,,,,,,,,,,,,,,,a|w,move_up|move_left,,0,0
12302,410067,,,,,,,,,,,,,,,,,,,,,,a|w,move_up|move_left,,0,0
12303,410100,,,,,,,,,,,,,,,,,,,,,,a|w,move_up|move_left,,1,0
12304,410133,,,,,,,,,,,,,,,,,,,,,,a|w,move_up|move_left,,1,0
12305,410167,,,,,,,,,,,,,,,,,,,,,,w,move_up,,1,0
12306,410200,,,,,,,,,,,,,,,,,,,,,,w,move_up,,1,0
12307,410233,,,,,,,,,,,,,,,,,,,,,,w,move_up,,0,0
12308,410267,,,,,,,,,,,,,,,,,,,,,,w,move_up,,1,0
12309,410300,,,,,,,,,,,,,,,,,,,,,,w,move_up,,2,0
12310,410333,,,,,,,,,,,,,,,,,,,,,,w,move_up,,1,0
12311,410367,,,,,,,,,,,,,,,,,,,,,,w,move_up,,3,0
12312,410400,,,,,,,,,,,,,,,,,,,,,,w,move_up,,9,0
12313,410433,,,,,,,,,,,,,,,,,,,,,,w,move_up,,3,0
12314,410467,,,,,,,,,,,,,,,,,,,,,,a|w,move_up|move_left,,8,1
12315,410500,,,,,,,,,,,,,,,,,,,,,,a|w,move_up|move_left,,28,0
12316,410533,,,,,,,,,,,,,,,,,,,,,,a|w,move_up|move_left,,34,0
12317,410567,,,,,,,,,,,,,,,,,,,,,,a|w,move_up|move_left,,57,1
12318,410600,,,,,,,,,,,,,,,,,,,,,,a|w,move_up|move_left,,48,0
12319,410633,,,,,,,,,,,,,,,,,,,,,,a|w,move_up|move_left,,19,0
12320,410667,,,,,,,,,,,,,,,,,,,,,,a|w,move_up|move_left,,0,0
12321,410700,,,,,,,,,,,,,,,,,,,,,,a|w,move_up|move_left,,1,0
12322,410733,,,,,,,,,,,,,,,,,,,,,,a|w,move_up|move_left,,-13,-2
12323,410767,,,,,,,,,,,,,,,,,,,,,,a|w,move_up|move_left,,-51,0
12324,410800,,,,,,,,,,,,,,,,,,,,,,a|w,move_up|move_left,,-74,0
12325,410833,,,,,,,,,,,,,,,,,,,,,,a|w,move_up|move_left,,-62,-2
12326,410867,,,,,,,,,,,,,,,,,,,,,,a|w,move_up|move_left,,-22,-2
12327,410900,,,,,,,,,,,,,,,,,,,,,,a|w,move_up|move_left,,0,0
12328,410933,,,,,,,,,,,,,,,,,,,,,,a|w,move_up|move_left,,-1,0
12329,410967,,,,,,,,,,,,,,,,,,,,,,a|w,move_up|move_left,,0,0
12330,411000,,,,,,,,,,,,,,,,,,,,,,a|w,move_up|move_left,,0,0
12331,411033,,,,,,,,,,,,,,,,,,,,,,a|w,move_up|move_left,,-1,0
12332,411067,,,,,,,,,,,,,,,,,,,,,,a|w,move_up|move_left,,-6,-1
12333,411100,,,,,,,,,,,,,,,,,,,,,,a|w,move_up|move_left,,-15,-1
12334,411133,,,,,,,,,,,,,,,,,,,,,,w,move_up,,-26,0
12335,411167,,,,,,,,,,,,,,,,,,,,,,w,move_up,,-22,-1
12336,411200,,,,,,,,,,,,,,,,,,,,,,w,move_up,,-5,0
12337,411233,,,,,,,,,,,,,,,,,,,,,,w,move_up,,0,0
12338,411267,,,,,,,,,,,,,,,,,,,,,,w,move_up,,0,0
12339,411300,,,,,,,,,,,,,,,,,,,,,,w,move_up,,0,0
12340,411333,,,,,,,,,,,,,,,,,,,,,,w,move_up,,-1,0
12341,411367,,,,,,,,,,,,,,,,,,,,,,a|w,move_up|move_left,,-1,0
12342,411400,,,,,,,,,,,,,,,,,,,,,,a|w,move_up|move_left,,0,0
12343,411433,,,,,,,,,,,,,,,,,,,,,,a|w,move_up|move_left,,0,0
12344,411467,,,,,,,,,,,,,,,,,,,,,,a|w,move_up|move_left,,0,0
12345,411500,,,,,,,,,,,,,,,,,,,,,,a|w,move_up|move_left,,0,0
12346,411533,,,,,,,,,,,,,,,,,,,,,,w,move_up,,0,0
12347,411567,,,,,,,,,,,,,,,,,,,,,,w,move_up,,0,0
12348,411600,,,,,,,,,,,,,,,,,,,,,,w,move_up,,0,0
12349,411633,,,,,,,,,,,,,,,,,,,,,,w,move_up,,0,0
12350,411667,,,,,,,,,,,,,,,,,,,,,,w,move_up,,0,0
12351,411700,,,,,,,,,,,,,,,,,,,,,,w,move_up,,0,0
12352,411733,,,,,,,,,,,,,,,,,,,,,,w,move_up,,0,0
12353,411767,,,,,,,,,,,,,,,,,,,,,,w,move_up,,0,0
12354,411800,,,,,,,,,,,,,,,,,,,,,,w,move_up,,0,0
12355,411833,,,,,,,,,,,,,,,,,,,,,,w,move_up,,0,0
12356,411867,,,,,,,,,,,,,,,,,,,,,,w,move_up,,0,0
12357,411900,,,,,,,,,,,,,,,,,,,,,,w,move_up,,0,0
12358,411933,,,,,,,,,,,,,,,,,,,,,,w,move_up,,1,1
12359,411967,,,,,,,,,,,,,,,,,,,,,,w,move_up,,3,2
12360,412000,,,,,,,,,,,,,,,,,,,,,,w,move_up,,2,0
12361,412033,,,,,,,,,,,,,,,,,,,,,,w,move_up,,0,1
12362,412067,,,,,,,,,,,,,,,,,,,,,,w,move_up,,0,0
12363,412100,,,,,,,,,,,,,,,,,,,,,,w,move_up,,0,0
12364,412133,,,,,,,,,,,,,,,,,,,,,,w,move_up,,0,0
12365,412167,,,,,,,,,,,,,,,,,,,,,,a|w,move_up|move_left,,0,0
12366,412200,,,,,,,,,,,,,,,,,,,,,,a|w,move_up|move_left,,-6,4
12367,412233,,,,,,,,,,,,,,,,,,,,,,a|w,move_up|move_left,,-10,3
12368,412267,,,,,,,,,,,,,,,,,,,,,,a|w,move_up|move_left,,-23,5
12369,412300,,,,,,,,,,,,,,,,,,,,,,a|w,move_up|move_left,,-27,5
12370,412333,,,,,,,,,,,,,,,,,,,,,,w,move_up,,-10,2
12371,412367,,,,,,,,,,,,,,,,,,,,,,w,move_up,,-1,0
12372,412400,,,,,,,,,,,,,,,,,,,,,,w,move_up,,0,0
12373,412433,,,,,,,,,,,,,,,,,,,,,,w,move_up,,-1,1
12374,412467,,,,,,,,,,,,,,,,,,,,,,w,move_up,,0,0
12375,412500,,,,,,,,,,,,,,,,,,,,,,w,move_up,,0,0
12376,412533,,,,,,,,,,,,,,,,,,,,,,w,move_up,,0,0
12377,412567,,,,,,,,,,,,,,,,,,,,,,w,move_up,,-4,1
12378,412600,,,,,,,,,,,,,,,,,,,,,,w,move_up,,-8,0
12379,412633,,,,,,,,,,,,,,,,,,,,,,w,move_up,,-19,0
12380,412667,,,,,,,,,,,,,,,,,,,,,,w,move_up,,-46,-3
12381,412700,,,,,,,,,,,,,,,,,,,,,,,,,-26,-1
12382,412733,,,,,,,,,,,,,,,,,,,,,,,,,-2,-1
12383,412767,,,,,,,,,,,,,,,,,,,,,,,,,0,0
12384,412800,,,,,,,,,,,,,,,,,,,,,,,,,-3,0
12385,412833,,,,,,,,,,,,,,,,,,,,,,,,,-9,0
12386,412867,,,,,,,,,,,,,,,,,,,,,,,,,-25,1
12387,412900,,,,,,,,,,,,,,,,,,,,,,,,,-30,0
12388,412933,,,,,,,,,,,,,,,,,,,,,,,,,-18,-1
12389,412967,,,,,,,,,,,,,,,,,,,,,,w,move_up,,-6,0
12390,413000,,,,,,,,,,,,,,,,,,,,,,w,move_up,,0,0
12391,413033,,,,,,,,,,,,,,,,,,,,,,w,move_up,,0,0
12392,413067,,,,,,,,,,,,,,,,,,,,,,w,move_up,,0,0
12393,413100,,,,,,,,,,,,,,,,,,,,,,w,move_up,,0,0
12394,413133,,,,,,,,,,,,,,,,,,,,,,w,move_up,,0,0
12395,413167,,,,,,,,,,,,,,,,,,,,,,,,,0,0
12396,413200,,,,,,,,,,,,,,,,,,,,,,,,,0,0
12397,413233,,,,,,,,,,,,,,,,,,,,,,,,,0,0
12398,413267,,,,,,,,,,,,,,,,,,,,,,,,,0,0
12399,413300,,,,,,,,,,,,,,,,,,,,,,,,,0,0
12400,413333,,,,,,,,,,,,,,,,,,,,,,,,,-1,0
12401,413367,,,,,,,,,,,,,,,,,,,,,,w,move_up,,-7,-1
12402,413400,,,,,,,,,,,,,,,,,,,,,,w,move_up,,-2,0
12403,413433,,,,,,,,,,,,,,,,,,,,,,w,move_up,,16,0
12404,413467,,,,,,,,,,,,,,,,,,,,,,w,move_up,,85,-2
12405,413500,,,,,,,,,,,,,,,,,,,,,,w,move_up,,112,-7
12406,413533,,,,,,,,,,,,,,,,,,,,,,w,move_up,,68,-1
12407,413567,,,,,,,,,,,,,,,,,,,,,,w,move_up,,3,1
12408,413600,,,,,,,,,,,,,,,,,,,,,,w,move_up,,0,0
12409,413633,,,,,,,,,,,,,,,,,,,,,,w,move_up,,0,0
12410,413667,,,,,,,,,,,,,,,,,,,,,,w,move_up,,0,0
12411,413700,,,,,,,,,,,,,,,,,,,,,,w,move_up,,0,0
12412,413733,,,,,,,,,,,,,,,,,,,,,,w,move_up,,-1,0
12413,413767,,,,,,,,,,,,,,,,,,,,,,w,move_up,,-6,1
12414,413800,,,,,,,,,,,,,,,,,,,,,,w,move_up,,-13,2
12415,413833,,,,,,,,,,,,,,,,,,,,,,a|w,move_up|move_left,,-16,3
12416,413867,,,,,,,,,,,,,,,,,,,,,,a|w,move_up|move_left,,-9,1
12417,413900,,,,,,,,,,,,,,,,,,,,,,a|w,move_up|move_left,,-1,1
12418,413933,,,,,,,,,,,,,,,,,,,,,,w,move_up,,0,0
12419,413967,,,,,,,,,,,,,,,,,,,,,,w,move_up,,0,0
12420,414000,,,,,,,,,,,,,,,,,,,,,,w,move_up,,0,0
12421,414033,,,,,,,,,,,,,,,,,,,,,,w,move_up,,0,0
12422,414067,,,,,,,,,,,,,,,,,,,,,,w,move_up,,0,0
12423,414100,,,,,,,,,,,,,,,,,,,,,,w,move_up,,0,0
12424,414133,,,,,,,,,,,,,,,,,,,,,,w,move_up,,0,0
12425,414167,,,,,,,,,,,,,,,,,,,,,,w,move_up,,0,1
12426,414200,,,,,,,,,,,,,,,,,,,,,,w,move_up,,0,1
12427,414233,,,,,,,,,,,,,,,,,,,,,,w,move_up,,0,1
12428,414267,,,,,,,,,,,,,,,,,,,,,,w,move_up,,1,1
12429,414300,,,,,,,,,,,,,,,,,,,,,,w,move_up,,0,0
12430,414333,,,,,,,,,,,,,,,,,,,,,,w,move_up,,0,0
12431,414367,,,,,,,,,,,,,,,,,,,,,,,,,-1,0
12432,414400,,,,,,,,,,,,,,,,,,,,,,,,,-12,2
12433,414433,,,,,,,,,,,,,,,,,,,,,,,,,-35,2
12434,414467,,,,,,,,,,,,,,,,,,,,,,d,move_right,,-85,2
12435,414500,,,,,,,,,,,,,,,,,,,,,,d,move_right,,-64,-1
12436,414533,,,,,,,,,,,,,,,,,,,,,,d,move_right,,-45,-2
12437,414567,,,,,,,,,,,,,,,,,,,,,,d,move_right,,-25,-2
12438,414600,,,,,,,,,,,,,,,,,,,,,,,,,-16,0
12439,414633,,,,,,,,,,,,,,,,,,,,,,,,,-18,-1
12440,414667,,,,,,,,,,,,,,,,,,,,,,w,move_up,,-33,0
12441,414700,,,,,,,,,,,,,,,,,,,,,,w,move_up,,-29,0
12442,414733,,,,,,,,,,,,,,,,,,,,,,w,move_up,,-14,0
12443,414767,,,,,,,,,,,,,,,,,,,,,,w,move_up,,-5,0
12444,414800,,,,,,,,,,,,,,,,,,,,,,w,move_up,,-8,-1
12445,414833,,,,,,,,,,,,,,,,,,,,,,w,move_up,,-9,0
12446,414867,,,,,,,,,,,,,,,,,,,,,,w,move_up,,-11,-1
12447,414900,,,,,,,,,,,,,,,,,,,,,,w,move_up,,-8,-2
12448,414933,,,,,,,,,,,,,,,,,,,,,,w,move_up,,-4,-1
12449,414967,,,,,,,,,,,,,,,,,,,,,,w,move_up,,-1,0
12450,415000,,,,,,,,,,,,,,,,,,,,,,w,move_up,,0,0
12451,415033,,,,,,,,,,,,,,,,,,,,,,w,move_up,,0,0
12452,415067,,,,,,,,,,,,,,,,,,,,,,w,move_up,,0,0
12453,415100,,,,,,,,,,,,,,,,,,,,,,w,move_up,,0,0
12454,415133,,,,,,,,,,,,,,,,,,,,,,w,move_up,,0,0
12455,415167,,,,,,,,,,,,,,,,,,,,,,w,move_up,,9,0
12456,415200,,,,,,,,,,,,,,,,,,,,,,w,move_up,,17,-1
12457,415233,,,,,,,,,,,,,,,,,,,,,,w,move_up,,3,0
12458,415267,,,,,,,,,,,,,,,,,,,,,,w,move_up,,0,0
12459,415300,,,,,,,,,,,,,,,,,,,,,,w,move_up,,-11,0
12460,415333,,,,,,,,,,,,,,,,,,,,,,w,move_up,,-36,4
12461,415367,,,,,,,,,,,,,,,,,,,,,,w,move_up,,-55,1
12462,415400,,,,,,,,,,,,,,,,,,,,,,w,move_up,,-39,0
12463,415433,,,,,,,,,,,,,,,,,,,,,,w,move_up,,-12,-1
12464,415467,,,,,,,,,,,,,,,,,,,,,,w,move_up,,0,0
12465,415500,,,,,,,,,,,,,,,,,,,,,,,,,0,-1
12466,415533,,,,,,,,,,,,,,,,,,,,,,,,,0,0
12467,415567,,,,,,,,,,,,,,,,,,,,,,,,,-1,0
12468,415600,,,,,,,,,,,,,,,,,,,,,,,,,-11,0
12469,415633,,,,,,,,,,,,,,,,,,,,,,,,,-17,1
12470,415667,,,,,,,,,,,,,,,,,,,,,,w,move_up,,-5,0
12471,415700,,,,,,,,,,,,,,,,,,,,,,w,move_up,,0,0
12472,415733,,,,,,,,,,,,,,,,,,,,,,w,move_up,,0,0
12473,415767,,,,,,,,,,,,,,,,,,,,,,w,move_up,,0,0
12474,415800,,,,,,,,,,,,,,,,,,,,,,w,move_up,,0,0
12475,415833,,,,,,,,,,,,,,,,,,,,,,w,move_up,,0,0
12476,415867,,,,,,,,,,,,,,,,,,,,,,w,move_up,,0,0
12477,415900,,,,,,,,,,,,,,,,,,,,,,w,move_up,,9,0
12478,415933,,,,,,,,,,,,,,,,,,,,,,w,move_up,,49,0
12479,415967,,,,,,,,,,,,,,,,,,,,,,,,,48,0
12480,416000,,,,,,,,,,,,,,,,,,,,,,,,,73,0
12481,416033,,,,,,,,,,,,,,,,,,,,,,w,move_up,,66,3
12482,416067,,,,,,,,,,,,,,,,,,,,,,w,move_up,,27,3
12483,416100,,,,,,,,,,,,,,,,,,,,,,w,move_up,,9,1
12484,416133,,,,,,,,,,,,,,,,,,,,,,w,move_up,,0,0
12485,416167,,,,,,,,,,,,,,,,,,,,,,w,move_up,,1,1
12486,416200,,,,,,,,,,,,,,,,,,,,,,a|w,move_up|move_left,,0,0
12487,416233,,,,,,,,,,,,,,,,,,,,,,a|w,move_up|move_left,,0,0
12488,416267,,,,,,,,,,,,,,,,,,,,,,a|w,move_up|move_left,,0,0
12489,416300,,,,,,,,,,,,,,,,,,,,,,a|w,move_up|move_left,,0,-1
12490,416333,,,,,,,,,,,,,,,,,,,,,,a|w,move_up|move_left,,62,-4
12491,416367,,,,,,,,,,,,,,,,,,,,,,a|w,move_up|move_left,,74,-3
12492,416400,,,,,,,,,,,,,,,,,,,,,,a|w,move_up|move_left,,55,0
12493,416433,,,,,,,,,,,,,,,,,,,,,,a|w,move_up|move_left,,18,2
12494,416467,,,,,,,,,,,,,,,,,,,,,,,,,0,0
12495,416500,,,,,,,,,,,,,,,,,,,,,,,,,0,0
12496,416533,,,,,,,,,,,,,,,,,,,,,,,,,0,0
12497,416567,,,,,,,,,,,,,,,,,,,,,,,,,-1,-1
12498,416600,,,,,,,,,,,,,,,,,,,,,,,,,0,0
12499,416633,,,,,,,,,,,,,,,,,,,,,,,,,0,0
12500,416667,,,,,,,,,,,,,,,,,,,,,,a|w,move_up|move_left,,1,0
12501,416700,,,,,,,,,,,,,,,,,,,,,,a|w,move_up|move_left,,44,-7
12502,416733,,,,,,,,,,,,,,,,,,,,,,a|w,move_up|move_left,,20,-6
12503,416767,,,,,,,,,,,,,,,,,,,,,,a|w,move_up|move_left,,15,-3
12504,416800,,,,,,,,,,,,,,,,,,,,,,a|w,move_up|move_left,,12,0
12505,416833,,,,,,,,,,,,,,,,,,,,,,a|w,move_up|move_left,,11,0
12506,416867,,,,,,,,,,,,,,,,,,,,,,a|w,move_up|move_left,,5,0
12507,416900,,,,,,,,,,,,,,,,,,,,,,a|w,move_up|move_left,,0,0
12508,416933,,,,,,,,,,,,,,,,,,,,,,a|w,move_up|move_left,,0,0
12509,416967,,,,,,,,,,,,,,,,,,,,,,w,move_up,,0,0
12510,417000,,,,,,,,,,,,,,,,,,,,,,,,,0,0
12511,417033,,,,,,,,,,,,,,,,,,,,,,,,,0,0
12512,417067,,,,,,,,,,,,,,,,,,,,,,,,,0,0
12513,417100,,,,,,,,,,,,,,,,,,,,,,,,,0,0
12514,417133,,,,,,,,,,,,,,,,,,,,,,w,move_up,,0,0
12515,417167,,,,,,,,,,,,,,,,,,,,,,w,move_up,,0,0
12516,417200,,,,,,,,,,,,,,,,,,,,,,w,move_up,,0,0
12517,417233,,,,,,,,,,,,,,,,,,,,,,w,move_up,,-1,0
12518,417267,,,,,,,,,,,,,,,,,,,,,,w,move_up,,-29,-5
12519,417300,,,,,,,,,,,,,,,,,,,,,,w,move_up,,-60,0
12520,417333,,,,,,,,,,,,,,,,,,,,,,w,move_up,,-21,2
12521,417367,,,,,,,,,,,,,,,,,,,,,,w,move_up,,-4,0
12522,417400,,,,,,,,,,,,,,,,,,,,,,d|w,move_up|move_right,,0,1
12523,417433,,,,,,,,,,,,,,,,,,,,,,d|w,move_up|move_right,,0,0
12524,417467,,,,,,,,,,,,,,,,,,,,,,d|w,move_up|move_right,,0,0
12525,417500,,,,,,,,,,,,,,,,,,,,,,d|w,move_up|move_right,,0,0
12526,417533,,,,,,,,,,,,,,,,,,,,,,d|w,move_up|move_right,,0,0
12527,417567,,,,,,,,,,,,,,,,,,,,,,w,move_up,,0,0
12528,417600,,,,,,,,,,,,,,,,,,,,,,w,move_up,,1,0
12529,417633,,,,,,,,,,,,,,,,,,,,,,,,,17,-1
12530,417667,,,,,,,,,,,,,,,,,,,,,,,,,46,0
12531,417700,,,,,,,,,,,,,,,,,,,,,,,,,28,-1
12532,417733,,,,,,,,,,,,,,,,,,,,,,,,,2,0
12533,417767,,,,,,,,,,,,,,,,,,,,,,,,,0,0
12534,417800,,,,,,,,,,,,,,,,,,,,,,,,,0,0
12535,417833,,,,,,,,,,,,,,,,,,,,,,,,,15,1
12536,417867,,,,,,,,,,,,,,,,,,,,,,,,,66,3
12537,417900,,,,,,,,,,,,,,,,,,,,,,,,,93,1
12538,417933,,,,,,,,,,,,,,,,,,,,,,d,move_right,,80,0
12539,417967,,,,,,,,,,,,,,,,,,,,,,d,move_right,,49,0
12540,418000,,,,,,,,,,,,,,,,,,,,,,d,move_right,,14,1
12541,418033,,,,,,,,,,,,,,,,,,,,,,d,move_right,,0,0
12542,418067,,,,,,,,,,,,,,,,,,,,,,d,move_right,,0,0
12543,418100,,,,,,,,,,,,,,,,,,,,,,d,move_right,,18,1
12544,418133,,,,,,,,,,,,,,,,,,,,,,d,move_right,,32,0
12545,418167,,,,,,,,,,,,,,,,,,,,,,d|w,move_up|move_right,,24,0
12546,418200,,,,,,,,,,,,,,,,,,,,,,d|w,move_up|move_right,,17,0
12547,418233,,,,,,,,,,,,,,,,,,,,,,d|w,move_up|move_right,,24,2
12548,418267,,,,,,,,,,,,,,,,,,,,,,d|w,move_up|move_right,,38,2
12549,418300,,,,,,,,,,,,,,,,,,,,,,w,move_up,,4,2
12550,418333,,,,,,,,,,,,,,,,,,,,,,w,move_up,,0,1
12551,418367,,,,,,,,,,,,,,,,,,,,,,w,move_up,,0,0
12552,418400,,,,,,,,,,,,,,,,,,,,,,w,move_up,,0,0
12553,418433,,,,,,,,,,,,,,,,,,,,,,w,move_up,,0,0
12554,418467,,,,,,,,,,,,,,,,,,,,,,w,move_up,,0,0
12555,418500,,,,,,,,,,,,,,,,,,,,,,w,move_up,,2,-9
12556,418533,,,,,,,,,,,,,,,,,,,,,,w,move_up,,4,-2
12557,418567,,,,,,,,,,,,,,,,,,,,,,w,move_up,,6,0
12558,418600,,,,,,,,,,,,,,,,,,,,,,w,move_up,,0,0
12559,418633,,,,,,,,,,,,,,,,,,,,,,w,move_up,,1,0
12560,418667,,,,,,,,,,,,,,,,,,,,,,w,move_up,,0,0
12561,418700,,,,,,,,,,,,,,,,,,,,,,w,move_up,,1,0
12562,418733,,,,,,,,,,,,,,,,,,,,,,w,move_up,,1,0
12563,418767,,,,,,,,,,,,,,,,,,,,,,w,move_up,,0,0
12564,418800,,,,,,,,,,,,,,,,,,,,,,w,move_up,,0,0
12565,418833,,,,,,,,,,,,,,,,,,,,,,w,move_up,,0,0
12566,418867,,,,,,,,,,,,,,,,,,,,,,w,move_up,,0,0
12567,418900,,,,,,,,,,,,,,,,,,,,,,w,move_up,,0,0
12568,418933,,,,,,,,,,,,,,,,,,,,,,w,move_up,,0,0
12569,418967,,,,,,,,,,,,,,,,,,,,,,d|w,move_up|move_right,,0,0
12570,419000,,,,,,,,,,,,,,,,,,,,,,d|w,move_up|move_right,,0,0
12571,419033,,,,,,,,,,,,,,,,,,,,,,d|w,move_up|move_right,,0,0
12572,419067,,,,,,,,,,,,,,,,,,,,,,w,move_up,,0,0
12573,419100,,,,,,,,,,,,,,,,,,,,,,w,move_up,,-4,2
12574,419133,,,,,,,,,,,,,,,,,,,,,,w,move_up,,-33,1
12575,419167,,,,,,,,,,,,,,,,,,,,,,w,move_up,,-66,4
12576,419200,,,,,,,,,,,,,,,,,,,,,,w,move_up,,-70,14
12577,419233,,,,,,,,,,,,,,,,,,,,,,,,,-60,14
12578,419267,,,,,,,,,,,,,,,,,,,,,,,,,-33,2
12579,419300,,,,,,,,,,,,,,,,,,,,,,,,,-2,-2
12580,419333,,,,,,,,,,,,,,,,,,,,,,,,,0,0
12581,419367,,,,,,,,,,,,,,,,,,,,,,w,move_up,,0,0
12582,419400,,,,,,,,,,,,,,,,,,,,,,d|w,move_up|move_right,,0,0
12583,419433,,,,,,,,,,,,,,,,,,,,,,d|w,move_up|move_right,,0,0
12584,419467,,,,,,,,,,,,,,,,,,,,,,d|w,move_up|move_right,,0,0
12585,419500,,,,,,,,,,,,,,,,,,,,,,d|w,move_up|move_right,,0,0
12586,419533,,,,,,,,,,,,,,,,,,,,,,d|w,move_up|move_right,,0,0
12587,419567,,,,,,,,,,,,,,,,,,,,,,d|w,move_up|move_right,,-4,-1
12588,419600,,,,,,,,,,,,,,,,,,,,,,w,move_up,,-28,-2
12589,419633,,,,,,,,,,,,,,,,,,,,,,w,move_up,,-52,0
12590,419667,,,,,,,,,,,,,,,,,,,,,,w,move_up,,-39,0
12591,419700,,,,,,,,,,,,,,,,,,,,,,w,move_up,,-11,0
12592,419733,,,,,,,,,,,,,,,,,,,,,,w,move_up,,0,0
12593,419767,,,,,,,,,,,,,,,,,,,,,,d|w,move_up|move_right,,-1,0
12594,419800,,,,,,,,,,,,,,,,,,,,,,d|w,move_up|move_right,,0,0
12595,419833,,,,,,,,,,,,,,,,,,,,,,d|w,move_up|move_right,,0,0
12596,419867,,,,,,,,,,,,,,,,,,,,,,d|w,move_up|move_right,,0,0
12597,419900,,,,,,,,,,,,,,,,,,,,,,d|w,move_up|move_right,,-2,0
12598,419933,,,,,,,,,,,,,,,,,,,,,,w,move_up,,-4,0
12599,419967,,,,,,,,,,,,,,,,,,,,,,w,move_up,,-5,0
12600,420000,,,,,,,,,,,,,,,,,,,,,,w,move_up,,-9,1
12601,420033,,,,,,,,,,,,,,,,,,,,,,w,move_up,,-4,0
12602,420067,,,,,,,,,,,,,,,,,,,,,,w,move_up,,0,0
12603,420100,,,,,,,,,,,,,,,,,,,,,,,,,0,0
12604,420133,,,,,,,,,,,,,,,,,,,,,,,,,0,0
12605,420167,,,,,,,,,,,,,,,,,,,,,,d|w,move_up|move_right,,0,0
12606,420200,,,,,,,,,,,,,,,,,,,,,,d|w,move_up|move_right,,0,0
12607,420233,,,,,,,,,,,,,,,,,,,,,,d|w,move_up|move_right,,0,0
12608,420267,,,,,,,,,,,,,,,,,,,,,,d|w,move_up|move_right,,0,0
12609,420300,,,,,,,,,,,,,,,,,,,,,,d|w,move_up|move_right,,0,0
12610,420333,,,,,,,,,,,,,,,,,,,,,,w,move_up,,0,0
12611,420367,,,,,,,,,,,,,,,,,,,,,,w,move_up,,0,0
12612,420400,,,,,,,,,,,,,,,,,,,,,,w,move_up,,0,0
12613,420433,,,,,,,,,,,,,,,,,,,,,,,,,0,0
12614,420467,,,,,,,,,,,,,,,,,,,,,,,,,0,0
12615,420500,,,,,,,,,,,,,,,,,,,,,,,,,0,0
12616,420533,,,,,,,,,,,,,,,,,,,,,,,,,0,0
12617,420567,,,,,,,,,,,,,,,,,,,,,,,,,0,0
12618,420600,,,,,,,,,,,,,,,,,,,,,,,,,0,0
12619,420633,,,,,,,,,,,,,,,,,,,,,,,,,1,0
12620,420667,,,,,,,,,,,,,,,,,,,,,,,,,14,0
12621,420700,,,,,,,,,,,,,,,,,,,,,,,,,34,-1
12622,420733,,,,,,,,,,,,,,,,,,,,,,,,,36,0
12623,420767,,,,,,,,,,,,,,,,,,,,,,,,,17,0
12624,420800,,,,,,,,,,,,,,,,,,,,,,,,,4,0
12625,420833,,,,,,,,,,,,,,,,,,,,,,,,,7,0
12626,420867,,,,,,,,,,,,,,,,,,,,,,,,,32,0
12627,420900,,,,,,,,,,,,,,,,,,,,,,,,,79,0
12628,420933,,,,,,,,,,,,,,,,,,,,,,,,,71,-3
12629,420967,,,,,,,,,,,,,,,,,,,,,,,,,66,-2
12630,421000,,,,,,,,,,,,,,,,,,,,,,,,,69,-1
12631,421033,,,,,,,,,,,,,,,,,,,,,,,,,36,0
12632,421067,,,,,,,,,,,,,,,,,,,,,,,,,70,0
12633,421100,,,,,,,,,,,,,,,,,,,,,,,,,91,-6
12634,421133,,,,,,,,,,,,,,,,,,,,,,,,,60,-8
12635,421167,,,,,,,,,,,,,,,,,,,,,,w,move_up,,0,0
12636,421200,,,,,,,,,,,,,,,,,,,,,,w,move_up,,4,0
12637,421233,,,,,,,,,,,,,,,,,,,,,,w,move_up,,0,0
12638,421267,,,,,,,,,,,,,,,,,,,,,,w,move_up,,0,0
12639,421300,,,,,,,,,,,,,,,,,,,,,,w,move_up,,0,0
12640,421333,,,,,,,,,,,,,,,,,,,,,,w,move_up,,5,-8
12641,421367,,,,,,,,,,,,,,,,,,,,,,w,move_up,,10,2
12642,421400,,,,,,,,,,,,,,,,,,,,,,w,move_up,,18,4
12643,421433,,,,,,,,,,,,,,,,,,,,,,w,move_up,,4,3
12644,421467,,,,,,,,,,,,,,,,,,,,,,w,move_up,,0,0
12645,421500,,,,,,,,,,,,,,,,,,,,,,w,move_up,,-3,0
12646,421533,,,,,,,,,,,,,,,,,,,,,,w,move_up,,-12,1
12647,421567,,,,,,,,,,,,,,,,,,,,,,w,move_up,,-18,0
12648,421600,,,,,,,,,,,,,,,,,,,,,,w,move_up,,-16,2
12649,421633,,,,,,,,,,,,,,,,,,,,,,w,move_up,,-6,1
12650,421667,,,,,,,,,,,,,,,,,,,,,,w,move_up,,0,0
12651,421700,,,,,,,,,,,,,,,,,,,,,,w,move_up,,0,0
12652,421733,,,,,,,,,,,,,,,,,,,,,,w,move_up,,0,0
12653,421767,,,,,,,,,,,,,,,,,,,,,,w,move_up,,0,0
12654,421800,,,,,,,,,,,,,,,,,,,,,,w,move_up,,0,0
12655,421833,,,,,,,,,,,,,,,,,,,,,,w,move_up,,0,0
12656,421867,,,,,,,,,,,,,,,,,,,,,,w,move_up,,0,0
12657,421900,,,,,,,,,,,,,,,,,,,,,,w,move_up,,0,0
12658,421933,,,,,,,,,,,,,,,,,,,,,,w,move_up,,0,0
12659,421967,,,,,,,,,,,,,,,,,,,,,,w,move_up,,0,0
12660,422000,,,,,,,,,,,,,,,,,,,,,,w,move_up,,0,0
12661,422033,,,,,,,,,,,,,,,,,,,,,,w,move_up,,0,0
12662,422067,,,,,,,,,,,,,,,,,,,,,,w,move_up,,0,0
12663,422100,,,,,,,,,,,,,,,,,,,,,,w,move_up,,0,0
12664,422133,,,,,,,,,,,,,,,,,,,,,,w,move_up,,0,0
12665,422167,,,,,,,,,,,,,,,,,,,,,,w,move_up,,0,0
12666,422200,,,,,,,,,,,,,,,,,,,,,,w,move_up,,0,0
12667,422233,,,,,,,,,,,,,,,,,,,,,,w,move_up,,0,0
12668,422267,,,,,,,,,,,,,,,,,,,,,,d|w,move_up|move_right,,0,0
12669,422300,,,,,,,,,,,,,,,,,,,,,,d|w,move_up|move_right,,-14,-4
12670,422333,,,,,,,,,,,,,,,,,,,,,,d|w,move_up|move_right,,-10,1
12671,422367,,,,,,,,,,,,,,,,,,,,,,d|w,move_up|move_right,,-6,3
12672,422400,,,,,,,,,,,,,,,,,,,,,,d|w,move_up|move_right,,-8,3
12673,422433,,,,,,,,,,,,,,,,,,,,,,d|w,move_up|move_right,,-21,2
12674,422467,,,,,,,,,,,,,,,,,,,,,,d|w,move_up|move_right,,-15,0
12675,422500,,,,,,,,,,,,,,,,,,,,,,d|w,move_up|move_right,,-9,0
12676,422533,,,,,,,,,,,,,,,,,,,,,,d|w,move_up|move_right,,-8,0
12677,422567,,,,,,,,,,,,,,,,,,,,,,w,move_up,,-6,0
12678,422600,,,,,,,,,,,,,,,,,,,,,,w,move_up,,-8,0
12679,422633,,,,,,,,,,,,,,,,,,,,,,d|w,move_up|move_right,,-13,1
12680,422667,,,,,,,,,,,,,,,,,,,,,,d|w,move_up|move_right,,-14,0
12681,422700,,,,,,,,,,,,,,,,,,,,,,d|w,move_up|move_right,,-23,0
12682,422733,,,,,,,,,,,,,,,,,,,,,,d|w,move_up|move_right,,-19,0
12683,422767,,,,,,,,,,,,,,,,,,,,,,d|w,move_up|move_right,,-10,-1
12684,422800,,,,,,,,,,,,,,,,,,,,,,d|w,move_up|move_right,,-9,-1
12685,422833,,,,,,,,,,,,,,,,,,,,,,d|w,move_up|move_right,,-8,-1
12686,422867,,,,,,,,,,,,,,,,,,,,,,d|w,move_up|move_right,,-8,-1
12687,422900,,,,,,,,,,,,,,,,,,,,,,d|w,move_up|move_right,,-8,-1
12688,422933,,,,,,,,,,,,,,,,,,,,,,d|w,move_up|move_right,,-6,-2
12689,422967,,,,,,,,,,,,,,,,,,,,,,d|w,move_up|move_right,,-3,-1
12690,423000,,,,,,,,,,,,,,,,,,,,,,d|w,move_up|move_right,,-3,-3
12691,423033,,,,,,,,,,,,,,,,,,,,,,d|w,move_up|move_right,,-3,-2
12692,423067,,,,,,,,,,,,,,,,,,,,,,d,move_right,,-10,1
12693,423100,,,,,,,,,,,,,,,,,,,,,,d,move_right,,-4,1
12694,423133,,,,,,,,,,,,,,,,,,,,,,d,move_right,,0,0
12695,423167,,,,,,,,,,,,,,,,,,,,,,d,move_right,,0,0
12696,423200,,,,,,,,,,,,,,,,,,,,,,d|w,move_up|move_right,,0,0
12697,423233,,,,,,,,,,,,,,,,,,,,,,d|w,move_up|move_right,,0,0
12698,423267,,,,,,,,,,,,,,,,,,,,,,d|w,move_up|move_right,,0,0
12699,423300,,,,,,,,,,,,,,,,,,,,,,d|w,move_up|move_right,,-1,0
12700,423333,,,,,,,,,,,,,,,,,,,,,,d|w,move_up|move_right,,-22,-5
12701,423367,,,,,,,,,,,,,,,,,,,,,,d|w,move_up|move_right,,-12,-2
12702,423400,,,,,,,,,,,,,,,,,,,,,,d|w,move_up|move_right,,-3,0
12703,423433,,,,,,,,,,,,,,,,,,,,,,d|w,move_up|move_right,,-6,0
12704,423467,,,,,,,,,,,,,,,,,,,,,,d|w,move_up|move_right,,-22,0
12705,423500,,,,,,,,,,,,,,,,,,,,,,d,move_right,,-20,0
12706,423533,,,,,,,,,,,,,,,,,,,,,,d,move_right,,-18,0
12707,423567,,,,,,,,,,,,,,,,,,,,,,d,move_right,,-7,-1
12708,423600,,,,,,,,,,,,,,,,,,,,,,d|w,move_up|move_right,,-5,0
12709,423633,,,,,,,,,,,,,,,,,,,,,,d|w,move_up|move_right,,-2,0
12710,423667,,,,,,,,,,,,,,,,,,,,,,d|w,move_up|move_right,,0,0
12711,423700,,,,,,,,,,,,,,,,,,,,,,d|w,move_up|move_right,,0,0
12712,423733,,,,,,,,,,,,,,,,,,,,,,d|w,move_up|move_right,,0,0
12713,423767,,,,,,,,,,,,,,,,,,,,,,d|w,move_up|move_right,,0,0
12714,423800,,,,,,,,,,,,,,,,,,,,,,d|w,move_up|move_right,,0,0
12715,423833,,,,,,,,,,,,,,,,,,,,,,d|w,move_up|move_right,,0,0
12716,423867,,,,,,,,,,,,,,,,,,,,,,d|w,move_up|move_right,,0,0
12717,423900,,,,,,,,,,,,,,,,,,,,,,d,move_right,,0,0
12718,423933,,,,,,,,,,,,,,,,,,,,,,,,,0,0
12719,423967,,,,,,,,,,,,,,,,,,,,,,,,,0,0
12720,424000,,,,,,,,,,,,,,,,,,,,,,,,,0,0
12721,424033,,,,,,,,,,,,,,,,,,,,,,d,move_right,,0,0
12722,424067,,,,,,,,,,,,,,,,,,,,,,d,move_right,,0,0
12723,424100,,,,,,,,,,,,,,,,,,,,,,d,move_right,,0,0
12724,424133,,,,,,,,,,,,,,,,,,,,,,d,move_right,,0,0
12725,424167,,,,,,,,,,,,,,,,,,,,,,d,move_right,,0,0
12726,424200,,,,,,,,,,,,,,,,,,,,,,d,move_right,,0,0
12727,424233,,,,,,,,,,,,,,,,,,,,,,d,move_right,,0,0
12728,424267,,,,,,,,,,,,,,,,,,,,,,,,,1,0
12729,424300,,,,,,,,,,,,,,,,,,,,,,,,,8,2
12730,424333,,,,,,,,,,,,,,,,,,,,,,,,,7,2
12731,424367,,,,,,,,,,,,,,,,,,,,,,w,move_up,,8,4
12732,424400,,,,,,,,,,,,,,,,,,,,,,d|w,move_up|move_right,,7,3
12733,424433,,,,,,,,,,,,,,,,,,,,,,d|w,move_up|move_right,,1,2
12734,424467,,,,,,,,,,,,,,,,,,,,,,d|w,move_up|move_right,,1,1
12735,424500,,,,,,,,,,,,,,,,,,,,,,d|w,move_up|move_right,,1,0
12736,424533,,,,,,,,,,,,,,,,,,,,,,d|w,move_up|move_right,,0,0
12737,424567,,,,,,,,,,,,,,,,,,,,,,d|w,move_up|move_right,,0,0
12738,424600,,,,,,,,,,,,,,,,,,,,,,w,move_up,,-1,0
12739,424633,,,,,,,,,,,,,,,,,,,,,,,,,-1,1
12740,424667,,,,,,,,,,,,,,,,,,,,,,,,,-4,1
12741,424700,,,,,,,,,,,,,,,,,,,,,,,,,-5,2
12742,424733,,,,,,,,,,,,,,,,,,,,,,,,,-4,0
12743,424767,,,,,,,,,,,,,,,,,,,,,,,,,-2,1
12744,424800,,,,,,,,,,,,,,,,,,,,,,w,move_up,,0,1
12745,424833,,,,,,,,,,,,,,,,,,,,,,w,move_up,,0,0
12746,424867,,,,,,,,,,,,,,,,,,,,,,w,move_up,,0,0
12747,424900,,,,,,,,,,,,,,,,,,,,,,w,move_up,,0,0
12748,424933,,,,,,,,,,,,,,,,,,,,,,w,move_up,,0,0
12749,424967,,,,,,,,,,,,,,,,,,,,,,w,move_up,,0,1
12750,425000,,,,,,,,,,,,,,,,,,,,,,w,move_up,,0,0
12751,425033,,,,,,,,,,,,,,,,,,,,,,w,move_up,,0,0
12752,425067,,,,,,,,,,,,,,,,,,,,,,,,,0,0
12753,425100,,,,,,,,,,,,,,,,,,,,,,,,,0,0
12754,425133,,,,,,,,,,,,,,,,,,,,,,,,,0,0
12755,425167,,,,,,,,,,,,,,,,,,,,,,w,move_up,,0,0
12756,425200,,,,,,,,,,,,,,,,,,,,,,w,move_up,,0,0
12757,425233,,,,,,,,,,,,,,,,,,,,,,w,move_up,,0,0
12758,425267,,,,,,,,,,,,,,,,,,,,,,w,move_up,,0,0
12759,425300,,,,,,,,,,,,,,,,,,,,,,w,move_up,,0,0
12760,425333,,,,,,,,,,,,,,,,,,,,,,w,move_up,,0,0
12761,425367,,,,,,,,,,,,,,,,,,,,,,,,,0,0
12762,425400,,,,,,,,,,,,,,,,,,,,,,,,,0,0
12763,425433,,,,,,,,,,,,,,,,,,,,,,w,move_up,,0,0
12764,425467,,,,,,,,,,,,,,,,,,,,,,w,move_up,,0,0
12765,425500,,,,,,,,,,,,,,,,,,,,,,w,move_up,,0,0
12766,425533,,,,,,,,,,,,,,,,,,,,,,w,move_up,,0,1
12767,425567,,,,,,,,,,,,,,,,,,,,,,w,move_up,,1,0
12768,425600,,,,,,,,,,,,,,,,,,,,,,w,move_up,,2,1
12769,425633,,,,,,,,,,,,,,,,,,,,,,,,,0,0
12770,425667,,,,,,,,,,,,,,,,,,,,,,,,,1,0
12771,425700,,,,,,,,,,,,,,,,,,,,,,,,,1,0
12772,425733,,,,,,,,,,,,,,,,,,,,,,w,move_up,,1,0
12773,425767,,,,,,,,,,,,,,,,,,,,,,w,move_up,,2,0
12774,425800,,,,,,,,,,,,,,,,,,,,,,w,move_up,,2,1
12775,425833,,,,,,,,,,,,,,,,,,,,,,w,move_up,,1,0
12776,425867,,,,,,,,,,,,,,,,,,,,,,w,move_up,,2,0
12777,425900,,,,,,,,,,,,,,,,,,,,,,w,move_up,,2,0
12778,425933,,,,,,,,,,,,,,,,,,,,,,w,move_up,,2,0
12779,425967,,,,,,,,,,,,,,,,,,,,,,w,move_up,,0,0
12780,426000,,,,,,,,,,,,,,,,,,,,,,,,,1,0
12781,426033,,,,,,,,,,,,,,,,,,,,,,,,,2,0
12782,426067,,,,,,,,,,,,,,,,,,,,,,,,,2,0
12783,426100,,,,,,,,,,,,,,,,,,,,,,w,move_up,,2,0
12784,426133,,,,,,,,,,,,,,,,,,,,,,w,move_up,,4,0
12785,426167,,,,,,,,,,,,,,,,,,,,,,w,move_up,,4,0
12786,426200,,,,,,,,,,,,,,,,,,,,,,w,move_up,,4,0
12787,426233,,,,,,,,,,,,,,,,,,,,,,w,move_up,,3,0
12788,426267,,,,,,,,,,,,,,,,,,,,,,,,,2,0
12789,426300,,,,,,,,,,,,,,,,,,,,,,,,,2,0
12790,426333,,,,,,,,,,,,,,,,,,,,,,w,move_up,,3,0
12791,426367,,,,,,,,,,,,,,,,,,,,,,w,move_up,,5,0
12792,426400,,,,,,,,,,,,,,,,,,,,,,w,move_up,,8,0
12793,426433,,,,,,,,,,,,,,,,,,,,,,w,move_up,,3,0
12794,426467,,,,,,,,,,,,,,,,,,,,,,,,,0,0
12795,426500,,,,,,,,,,,,,,,,,,,,,,w,move_up,,0,0
12796,426533,,,,,,,,,,,,,,,,,,,,,,w,move_up,,0,0
12797,426567,,,,,,,,,,,,,,,,,,,,,,w,move_up,,0,0
12798,426600,,,,,,,,,,,,,,,,,,,,,,w,move_up,,1,0
12799,426633,,,,,,,,,,,,,,,,,,,,,,w,move_up,,0,0
12800,426667,,,,,,,,,,,,,,,,,,,,,,w,move_up,,0,0
12801,426700,,,,,,,,,,,,,,,,,,,,,,w,move_up,,0,0
12802,426733,,,,,,,,,,,,,,,,,,,,,,w,move_up,,0,0
12803,426767,,,,,,,,,,,,,,,,,,,,,,w,move_up,,-1,0
12804,426800,,,,,,,,,,,,,,,,,,,,,,,,,-3,1
12805,426833,,,,,,,,,,,,,,,,,,,,,,w,move_up,,-3,0
12806,426867,,,,,,,,,,,,,,,,,,,,,,w,move_up,,-7,0
12807,426900,,,,,,,,,,,,,,,,,,,,,,w,move_up,,-6,-1
12808,426933,,,,,,,,,,,,,,,,,,,,,,,,,-8,-1
12809,426967,,,,,,,,,,,,,,,,,,,,,,w,move_up,,-12,-1
12810,427000,,,,,,,,,,,,,,,,,,,,,,w,move_up,,-10,-2
12811,427033,,,,,,,,,,,,,,,,,,,,,,w,move_up,,-3,0
12812,427067,,,,,,,,,,,,,,,,,,,,,,w,move_up,,0,0
12813,427100,,,,,,,,,,,,,,,,,,,,,,w,move_up,,0,-1
12814,427133,,,,,,,,,,,,,,,,,,,,,,,,,0,0
12815,427167,,,,,,,,,,,,,,,,,,,,,,w,move_up,,0,0
12816,427200,,,,,,,,,,,,,,,,,,,,,,w,move_up,,0,0
12817,427233,,,,,,,,,,,,,,,,,,,,,,w,move_up,,0,0
12818,427267,,,,,,,,,,,,,,,,,,,,,,w,move_up,,0,0
12819,427300,,,,,,,,,,,,,,,,,,,,,,w,move_up,,0,0
12820,427333,,,,,,,,,,,,,,,,,,,,,,w,move_up,,0,0
12821,427367,,,,,,,,,,,,,,,,,,,,,,d,move_right,,0,0
12822,427400,,,,,,,,,,,,,,,,,,,,,,d,move_right,,0,0
12823,427433,,,,,,,,,,,,,,,,,,,,,,d,move_right,,-2,0
12824,427467,,,,,,,,,,,,,,,,,,,,,,d,move_right,,-14,0
12825,427500,,,,,,,,,,,,,,,,,,,,,,d,move_right,,-37,0
12826,427533,,,,,,,,,,,,,,,,,,,,,,,,,-21,1
12827,427567,,,,,,,,,,,,,,,,,,,,,,d,move_right,,-14,-2
12828,427600,,,,,,,,,,,,,,,,,,,,,,d,move_right,,-20,-2
12829,427633,,,,,,,,,,,,,,,,,,,,,,d,move_right,,-23,-1
12830,427667,,,,,,,,,,,,,,,,,,,,,,d,move_right,,-20,0
12831,427700,,,,,,,,,,,,,,,,,,,,,,d,move_right,,-16,-2
12832,427733,,,,,,,,,,,,,,,,,,,,,,,,,-2,0
12833,427767,,,,,,,,,,,,,,,,,,,,,,d,move_right,,-1,0
12834,427800,,,,,,,,,,,,,,,,,,,,,,d,move_right,,-7,0
12835,427833,,,,,,,,,,,,,,,,,,,,,,d,move_right,,-10,0
12836,427867,,,,,,,,,,,,,,,,,,,,,,d,move_right,,-4,0
12837,427900,,,,,,,,,,,,,,,,,,,,,,d,move_right,,-1,0
12838,427933,,,,,,,,,,,,,,,,,,,,,,d,move_right,,19,-1
12839,427967,,,,,,,,,,,,,,,,,,,,,,,,,82,0
12840,428000,,,,,,,,,,,,,,,,,,,,,,,,,115,0
12841,428033,,,,,,,,,,,,,,,,,,,,,,,,,69,1
12842,428067,,,,,,,,,,,,,,,,,,,,,,,,,30,2
12843,428100,,,,,,,,,,,,,,,,,,,,,,w,move_up,,2,1
12844,428133,,,,,,,,,,,,,,,,,,,,,,w,move_up,,1,0
12845,428167,,,,,,,,,,,,,,,,,,,,,,w,move_up,,5,0
12846,428200,,,,,,,,,,,,,,,,,,,,,,w,move_up,,9,0
12847,428233,,,,,,,,,,,,,,,,,,,,,,w,move_up,,7,0
12848,428267,,,,,,,,,,,,,,,,,,,,,,w,move_up,,7,0
12849,428300,,,,,,,,,,,,,,,,,,,,,,,,,14,0
12850,428333,,,,,,,,,,,,,,,,,,,,,,,,,7,0
12851,428367,,,,,,,,,,,,,,,,,,,,,,,,,0,0
12852,428400,,,,,,,,,,,,,,,,,,,,,,w,move_up,,2,0
12853,428433,,,,,,,,,,,,,,,,,,,,,,w,move_up,,3,0
12854,428467,,,,,,,,,,,,,,,,,,,,,,w,move_up,,11,0
12855,428500,,,,,,,,,,,,,,,,,,,,,,w,move_up,,31,0
12856,428533,,,,,,,,,,,,,,,,,,,,,,w,move_up,,24,0
12857,428567,,,,,,,,,,,,,,,,,,,,,,,,,8,0
12858,428600,,,,,,,,,,,,,,,,,,,,,,,,,0,0
12859,428633,,,,,,,,,,,,,,,,,,,,,,,,,0,0
12860,428667,,,,,,,,,,,,,,,,,,,,,,,,,0,0
12861,428700,,,,,,,,,,,,,,,,,,,,,,,,,0,0
12862,428733,,,,,,,,,,,,,,,,,,,,,,,,,0,0
12863,428767,,,,,,,,,,,,,,,,,,,,,,,,,0,0
12864,428800,,,,,,,,,,,,,,,,,,,,,,,,,0,0
12865,428833,,,,,,,,,,,,,,,,,,,,,,,,,1,-2
12866,428867,,,,,,,,,,,,,,,,,,,,,,,,,2,-1
12867,428900,,,,,,,,,,,,,,,,,,,,,,,,,11,-4
12868,428933,,,,,,,,,,,,,,,,,,,,,,a,move_left,,22,-2
12869,428967,,,,,,,,,,,,,,,,,,,,,,a,move_left,,28,-2
12870,429000,,,,,,,,,,,,,,,,,,,,,,a,move_left,,16,-1
12871,429033,,,,,,,,,,,,,,,,,,,,,,a,move_left,,0,0
12872,429067,,,,,,,,,,,,,,,,,,,,,,a,move_left,,0,0
12873,429100,,,,,,,,,,,,,,,,,,,,,,a,move_left,,0,0
12874,429133,,,,,,,,,,,,,,,,,,,,,,,,,0,0
12875,429167,,,,,,,,,,,,,,,,,,,,,,,,,-7,-1
12876,429200,,,,,,,,,,,,,,,,,,,,,,,,,-53,2
12877,429233,,,,,,,,,,,,,,,,,,,,,,,,,-127,3
12878,429267,,,,,,,,,,,,,,,,,,,,,,,,,-152,0
12879,429300,,,,,,,,,,,,,,,,,,,,,,,,,-134,-3
12880,429333,,,,,,,,,,,,,,,,,,,,,,,,,-47,-2
12881,429367,,,,,,,,,,,,,,,,,,,,,,,,,-5,-1
12882,429400,,,,,,,,,,,,,,,,,,,,,,w,move_up,,0,0
12883,429433,,,,,,,,,,,,,,,,,,,,,,d|w,move_up|move_right,,-3,1
12884,429467,,,,,,,,,,,,,,,,,,,,,,d|w,move_up|move_right,,-9,3
12885,429500,,,,,,,,,,,,,,,,,,,,,,d|w,move_up|move_right,,-17,4
12886,429533,,,,,,,,,,,,,,,,,,,,,,d|w,move_up|move_right,,-32,5
12887,429567,,,,,,,,,,,,,,,,,,,,,,d|w,move_up|move_right,,-34,2
12888,429600,,,,,,,,,,,,,,,,,,,,,,d|w,move_up|move_right,,-31,1
12889,429633,,,,,,,,,,,,,,,,,,,,,,,,,-14,-1
12890,429667,,,,,,,,,,,,,,,,,,,,,,,,,-19,0
12891,429700,,,,,,,,,,,,,,,,,,,,,,w,move_up,,-20,-1
12892,429733,,,,,,,,,,,,,,,,,,,,,,d|w,move_up|move_right,,-21,-1
12893,429767,,,,,,,,,,,,,,,,,,,,,,d|w,move_up|move_right,,-18,-1
12894,429800,,,,,,,,,,,,,,,,,,,,,,d|w,move_up|move_right,,-9,0
12895,429833,,,,,,,,,,,,,,,,,,,,,,d|w,move_up|move_right,,-3,-1
12896,429867,,,,,,,,,,,,,,,,,,,,,,d|w,move_up|move_right,,-1,0
12897,429900,,,,,,,,,,,,,,,,,,,,,,d|w,move_up|move_right,,0,0
12898,429933,,,,,,,,,,,,,,,,,,,,,,,,,0,0
12899,429967,,,,,,,,,,,,,,,,,,,,,,,,,2,0
12900,430000,,,,,,,,,,,,,,,,,,,,,,w,move_up,,9,0
12901,430033,,,,,,,,,,,,,,,,,,,,,,w,move_up,,36,0
12902,430067,,,,,,,,,,,,,,,,,,,,,,w,move_up,,44,0
12903,430100,,,,,,,,,,,,,,,,,,,,,,w,move_up,,15,0
12904,430133,,,,,,,,,,,,,,,,,,,,,,w,move_up,,0,0
12905,430167,,,,,,,,,,,,,,,,,,,,,,w,move_up,,0,0
12906,430200,,,,,,,,,,,,,,,,,,,,,,w,move_up,,0,0
12907,430233,,,,,,,,,,,,,,,,,,,,,,w,move_up,,0,0
12908,430267,,,,,,,,,,,,,,,,,,,,,,,,,0,0
12909,430300,,,,,,,,,,,,,,,,,,,,,,,,,0,0
12910,430333,,,,,,,,,,,,,,,,,,,,,,w,move_up,,0,0
12911,430367,,,,,,,,,,,,,,,,,,,,,,w,move_up,,0,0
12912,430400,,,,,,,,,,,,,,,,,,,,,,w,move_up,,0,0
12913,430433,,,,,,,,,,,,,,,,,,,,,,w,move_up,,0,0
12914,430467,,,,,,,,,,,,,,,,,,,,,,w,move_up,,-1,1
12915,430500,,,,,,,,,,,,,,,,,,,,,,,,,-13,4
12916,430533,,,,,,,,,,,,,,,,,,,,,,,,,-9,3
12917,430567,,,,,,,,,,,,,,,,,,,,,,w,move_up,,-16,2
12918,430600,,,,,,,,,,,,,,,,,,,,,,w,move_up,,-18,1
12919,430633,,,,,,,,,,,,,,,,,,,,,,w,move_up,,-18,0
12920,430667,,,,,,,,,,,,,,,,,,,,,,w,move_up,,-10,0
12921,430700,,,,,,,,,,,,,,,,,,,,,,w,move_up,,-8,0
12922,430733,,,,,,,,,,,,,,,,,,,,,,d|w,move_up|move_right,,-2,0
12923,430767,,,,,,,,,,,,,,,,,,,,,,d|w,move_up|move_right,,-1,-1
12924,430800,,,,,,,,,,,,,,,,,,,,,,d|w,move_up|move_right,,-9,-3
12925,430833,,,,,,,,,,,,,,,,,,,,,,d|w,move_up|move_right,,0,0
12926,430867,,,,,,,,,,,,,,,,,,,,,,d|w,move_up|move_right,,-4,2
12927,430900,,,,,,,,,,,,,,,,,,,,,,,,,0,0
12928,430933,,,,,,,,,,,,,,,,,,,,,,,,,0,0
12929,430967,,,,,,,,,,,,,,,,,,,,,,,,,0,0
12930,431000,,,,,,,,,,,,,,,,,,,,,,d|w,move_up|move_right,,0,0
12931,431033,,,,,,,,,,,,,,,,,,,,,,d|w,move_up|move_right,,-3,-3
12932,431067,,,,,,,,,,,,,,,,,,,,,,d|w,move_up|move_right,,-2,-2
12933,431100,,,,,,,,,,,,,,,,,,,,,,d|w,move_up|move_right,,-1,3
12934,431133,,,,,,,,,,,,,,,,,,,,,,d|w,move_up|move_right,,5,2
12935,431167,,,,,,,,,,,,,,,,,,,,,,d|w,move_up|move_right,,0,1
12936,431200,,,,,,,,,,,,,,,,,,,,,,w,move_up,,0,0
12937,431233,,,,,,,,,,,,,,,,,,,,,,,,,3,0
12938,431267,,,,,,,,,,,,,,,,,,,,,,,,,27,2
12939,431300,,,,,,,,,,,,,,,,,,,,,,,,,38,2
12940,431333,,,,,,,,,,,,,,,,,,,,,,,,,26,0
12941,431367,,,,,,,,,,,,,,,,,,,,,,,,,8,0
12942,431400,,,,,,,,,,,,,,,,,,,,,,,,,0,0
12943,431433,,,,,,,,,,,,,,,,,,,,,,,,,0,0
12944,431467,,,,,,,,,,,,,,,,,,,,,,,,,-1,0
12945,431500,,,,,,,,,,,,,,,,,,,,,,,,,-1,-1
12946,431533,,,,,,,,,,,,,,,,,,,,,,,,,0,-2
12947,431567,,,,,,,,,,,,,,,,,,,,,,w,move_up,,-1,-1
12948,431600,,,,,,,,,,,,,,,,,,,,,,w,move_up,,-10,-2
12949,431633,,,,,,,,,,,,,,,,,,,,,,w,move_up,,-25,-1
12950,431667,,,,,,,,,,,,,,,,,,,,,,d|w,move_up|move_right,,-39,-1
12951,431700,,,,,,,,,,,,,,,,,,,,,,d|w,move_up|move_right,,-66,-1
12952,431733,,,,,,,,,,,,,,,,,,,,,,d|w,move_up|move_right,,-37,-2
12953,431767,,,,,,,,,,,,,,,,,,,,,,d|w,move_up|move_right,,-20,-1
12954,431800,,,,,,,,,,,,,,,,,,,,,,d|w,move_up|move_right,,-8,-1
12955,431833,,,,,,,,,,,,,,,,,,,,,,d|w,move_up|move_right,,-12,0
12956,431867,,,,,,,,,,,,,,,,,,,,,,d|w,move_up|move_right,,-12,0
12957,431900,,,,,,,,,,,,,,,,,,,,,,d|w,move_up|move_right,,-15,-1
12958,431933,,,,,,,,,,,,,,,,,,,,,,d|w,move_up|move_right,,-19,0
12959,431967,,,,,,,,,,,,,,,,,,,,,,w,move_up,,-21,0
12960,432000,,,,,,,,,,,,,,,,,,,,,,,,,-18,0
12961,432033,,,,,,,,,,,,,,,,,,,,,,d|w,move_up|move_right,,-13,0
12962,432067,,,,,,,,,,,,,,,,,,,,,,d|w,move_up|move_right,,-8,0
12963,432100,,,,,,,,,,,,,,,,,,,,,,d|w,move_up|move_right,,-5,0
12964,432133,,,,,,,,,,,,,,,,,,,,,,d|w,move_up|move_right,,-6,1
12965,432167,,,,,,,,,,,,,,,,,,,,,,d|w,move_up|move_right,,-5,0
12966,432200,,,,,,,,,,,,,,,,,,,,,,d|w,move_up|move_right,,-9,0
12967,432233,,,,,,,,,,,,,,,,,,,,,,d|w,move_up|move_right,,-7,0
12968,432267,,,,,,,,,,,,,,,,,,,,,,d|w,move_up|move_right,,-8,1
12969,432300,,,,,,,,,,,,,,,,,,,,,,d|w,move_up|move_right,,-11,1
12970,432333,,,,,,,,,,,,,,,,,,,,,,d|w,move_up|move_right,,-12,1
12971,432367,,,,,,,,,,,,,,,,,,,,,,d|w,move_up|move_right,,-10,0
12972,432400,,,,,,,,,,,,,,,,,,,,,,d|w,move_up|move_right,,-3,0
12973,432433,,,,,,,,,,,,,,,,,,,,,,d|w,move_up|move_right,,-4,0
12974,432467,,,,,,,,,,,,,,,,,,,,,,w,move_up,,-3,0
12975,432500,,,,,,,,,,,,,,,,,,,,,,,,,-5,1
12976,432533,,,,,,,,,,,,,,,,,,,,,,,,,-7,0
12977,432567,,,,,,,,,,,,,,,,,,,,,,d|w,move_up|move_right,,-7,1
12978,432600,,,,,,,,,,,,,,,,,,,,,,d|w,move_up|move_right,,-6,1
12979,432633,,,,,,,,,,,,,,,,,,,,,,d|w,move_up|move_right,,-14,1
12980,432667,,,,,,,,,,,,,,,,,,,,,,d|w,move_up|move_right,,-7,1
12981,432700,,,,,,,,,,,,,,,,,,,,,,d|w,move_up|move_right,,-2,0
12982,432733,,,,,,,,,,,,,,,,,,,,,,d|w,move_up|move_right,,-1,0
12983,432767,,,,,,,,,,,,,,,,,,,,,,d|w,move_up|move_right,,0,0
12984,432800,,,,,,,,,,,,,,,,,,,,,,w,move_up,,-1,0
12985,432833,,,,,,,,,,,,,,,,,,,,,,,,,-2,0
12986,432867,,,,,,,,,,,,,,,,,,,,,,,,,-5,1
12987,432900,,,,,,,,,,,,,,,,,,,,,,,,,-6,1
12988,432933,,,,,,,,,,,,,,,,,,,,,,,,,-5,0
12989,432967,,,,,,,,,,,,,,,,,,,,,,w,move_up,,-8,1
12990,433000,,,,,,,,,,,,,,,,,,,,,,d|w,move_up|move_right,,-17,0
12991,433033,,,,,,,,,,,,,,,,,,,,,,d|w,move_up|move_right,,-21,1
12992,433067,,,,,,,,,,,,,,,,,,,,,,d|w,move_up|move_right,,-19,0
12993,433100,,,,,,,,,,,,,,,,,,,,,,d|w,move_up|move_right,,-20,1
12994,433133,,,,,,,,,,,,,,,,,,,,,,d|w,move_up|move_right,,-25,0
12995,433167,,,,,,,,,,,,,,,,,,,,,,d|w,move_up|move_right,,-21,0
12996,433200,,,,,,,,,,,,,,,,,,,,,,d|w,move_up|move_right,,-27,2
12997,433233,,,,,,,,,,,,,,,,,,,,,,d|w,move_up|move_right,,-32,2
12998,433267,,,,,,,,,,,,,,,,,,,,,,d|w,move_up|move_right,,-25,2
12999,433300,,,,,,,,,,,,,,,,,,,,,,d|w,move_up|move_right,,-14,1
13000,433333,,,,,,,,,,,,,,,,,,,,,,d|w,move_up|move_right,,-14,2
13001,433367,,,,,,,,,,,,,,,,,,,,,,d|w,move_up|move_right,,0,0
13002,433400,,,,,,,,,,,,,,,,,,,,,,,,,0,0
13003,433433,,,,,,,,,,,,,,,,,,,,,,,,,0,0
13004,433467,,,,,,,,,,,,,,,,,,,,,,,,,4,0
13005,433500,,,,,,,,,,,,,,,,,,,,,,,,,15,1
13006,433533,,,,,,,,,,,,,,,,,,,,,,,,,36,3
13007,433567,,,,,,,,,,,,,,,,,,,,,,,,,31,5
13008,433600,,,,,,,,,,,,,,,,,,,,,,,,,19,6
13009,433633,,,,,,,,,,,,,,,,,,,,,,,,,10,3
13010,433667,,,,,,,,,,,,,,,,,,,,,,,,,4,1
13011,433700,,,,,,,,,,,,,,,,,,,,,,,,,1,0
13012,433733,,,,,,,,,,,,,,,,,,,,,,,,,7,1
13013,433767,,,,,,,,,,,,,,,,,,,,,,,,,4,1
13014,433800,,,,,,,,,,,,,,,,,,,,,,,,,0,0
13015,433833,,,,,,,,,,,,,,,,,,,,,,,,,0,0
13016,433867,,,,,,,,,,,,,,,,,,,,,,,,,0,0
13017,433900,,,,,,,,,,,,,,,,,,,,,,,,,0,0
13018,433933,,,,,,,,,,,,,,,,,,,,,,,,,0,0
13019,433967,,,,,,,,,,,,,,,,,,,,,,,,,0,0
13020,434000,,,,,,,,,,,,,,,,,,,,,,,,,1,0
13021,434033,,,,,,,,,,,,,,,,,,,,,,w,move_up,,10,3
13022,434067,,,,,,,,,,,,,,,,,,,,,,w,move_up,,18,2
13023,434100,,,,,,,,,,,,,,,,,,,,,,w,move_up,,30,3
13024,434133,,,,,,,,,,,,,,,,,,,,,,a|w,move_up|move_left,,63,0
13025,434167,,,,,,,,,,,,,,,,,,,,,,a|w,move_up|move_left,,33,0
13026,434200,,,,,,,,,,,,,,,,,,,,,,a|w,move_up|move_left,,12,0
13027,434233,,,,,,,,,,,,,,,,,,,,,,a|w,move_up|move_left,,8,-1
13028,434267,,,,,,,,,,,,,,,,,,,,,,a|w,move_up|move_left,,24,0
13029,434300,,,,,,,,,,,,,,,,,,,,,,a|w,move_up|move_left,,9,0
13030,434333,,,,,,,,,,,,,,,,,,,,,,a|w,move_up|move_left,,12,1
13031,434367,,,,,,,,,,,,,,,,,,,,,,a|w,move_up|move_left,,5,0
13032,434400,,,,,,,,,,,,,,,,,,,,,,a|w,move_up|move_left,,2,0
13033,434433,,,,,,,,,,,,,,,,,,,,,,w,move_up,,13,0
13034,434467,,,,,,,,,,,,,,,,,,,,,,w,move_up,,2,0
13035,434500,,,,,,,,,,,,,,,,,,,,,,w,move_up,,1,0
13036,434533,,,,,,,,,,,,,,,,,,,,,,w,move_up,,0,0
13037,434567,,,,,,,,,,,,,,,,,,,,,,,,,2,0
13038,434600,,,,,,,,,,,,,,,,,,,,,,,,,8,-1
13039,434633,,,,,,,,,,,,,,,,,,,,,,,,,27,-1
13040,434667,,,,,,,,,,,,,,,,,,,,,,,,,16,-1
13041,434700,,,,,,,,,,,,,,,,,,,,,,,,,14,0
13042,434733,,,,,,,,,,,,,,,,,,,,,,,,,25,0
13043,434767,,,,,,,,,,,,,,,,,,,,,,,,,16,0
13044,434800,,,,,,,,,,,,,,,,,,,,,,,,,3,0
13045,434833,,,,,,,,,,,,,,,,,,,,,,w,move_up,,15,0
13046,434867,,,,,,,,,,,,,,,,,,,,,,w,move_up,,9,0
13047,434900,,,,,,,,,,,,,,,,,,,,,,w,move_up,,11,-1
13048,434933,,,,,,,,,,,,,,,,,,,,,,w,move_up,,21,0
13049,434967,,,,,,,,,,,,,,,,,,,,,,w,move_up,,20,-1
13050,435000,,,,,,,,,,,,,,,,,,,,,,w,move_up,,9,-1
13051,435033,,,,,,,,,,,,,,,,,,,,,,w,move_up,,1,0
13052,435067,,,,,,,,,,,,,,,,,,,,,,w,move_up,,1,0
13053,435100,,,,,,,,,,,,,,,,,,,,,,w,move_up,,0,0
13054,435133,,,,,,,,,,,,,,,,,,,,,,w,move_up,,1,0
13055,435167,,,,,,,,,,,,,,,,,,,,,,w,move_up,,1,0
13056,435200,,,,,,,,,,,,,,,,,,,,,,w,move_up,,1,0
13057,435233,,,,,,,,,,,,,,,,,,,,,,w,move_up,,2,0
13058,435267,,,,,,,,,,,,,,,,,,,,,,,,,4,1
13059,435300,,,,,,,,,,,,,,,,,,,,,,,,,2,0
13060,435333,,,,,,,,,,,,,,,,,,,,,,,,,4,1
13061,435367,,,,,,,,,,,,,,,,,,,,,,w,move_up,,4,0
13062,435400,,,,,,,,,,,,,,,,,,,,,,w,move_up,,1,0
13063,435433,,,,,,,,,,,,,,,,,,,,,,w,move_up,,1,0
13064,435467,,,,,,,,,,,,,,,,,,,,,,w,move_up,,0,0
13065,435500,,,,,,,,,,,,,,,,,,,,,,w,move_up,,0,0
13066,435533,,,,,,,,,,,,,,,,,,,,,,w,move_up,,0,0
13067,435567,,,,,,,,,,,,,,,,,,,,,,w,move_up,,0,0
13068,435600,,,,,,,,,,,,,,,,,,,,,,w,move_up,,0,0
13069,435633,,,,,,,,,,,,,,,,,,,,,,w,move_up,,0,0
13070,435667,,,,,,,,,,,,,,,,,,,,,,w,move_up,,0,0
13071,435700,,,,,,,,,,,,,,,,,,,,,,w,move_up,,0,0
13072,435733,,,,,,,,,,,,,,,,,,,,,,a|w,move_up|move_left,,0,0
13073,435767,,,,,,,,,,,,,,,,,,,,,,a|w,move_up|move_left,,6,-1
13074,435800,,,,,,,,,,,,,,,,,,,,,,a|w,move_up|move_left,,5,0
13075,435833,,,,,,,,,,,,,,,,,,,,,,a|w,move_up|move_left,,6,-1
13076,435867,,,,,,,,,,,,,,,,,,,,,,w,move_up,,3,0
13077,435900,,,,,,,,,,,,,,,,,,,,,,w,move_up,,3,0
13078,435933,,,,,,,,,,,,,,,,,,,,,,w,move_up,,6,0
13079,435967,,,,,,,,,,,,,,,,,,,,,,w,move_up,,9,0
13080,436000,,,,,,,,,,,,,,,,,,,,,,w,move_up,,8,0
13081,436033,,,,,,,,,,,,,,,,,,,,,,w,move_up,,5,0
13082,436067,,,,,,,,,,,,,,,,,,,,,,w,move_up,,1,1
13083,436100,,,,,,,,,,,,,,,,,,,,,,,,,2,0
13084,436133,,,,,,,,,,,,,,,,,,,,,,,,,1,0
13085,436167,,,,,,,,,,,,,,,,,,,,,,,,,1,0
13086,436200,,,,,,,,,,,,,,,,,,,,,,,,,5,0
13087,436233,,,,,,,,,,,,,,,,,,,,,,,,,24,1
13088,436267,,,,,,,,,,,,,,,,,,,,,,,,,37,0
13089,436300,,,,,,,,,,,,,,,,,,,,,,,,,57,1
13090,436333,,,,,,,,,,,,,,,,,,,,,,d,move_right,,73,1
13091,436367,,,,,,,,,,,,,,,,,,,,,,d,move_right,,65,0
13092,436400,,,,,,,,,,,,,,,,,,,,,,d,move_right,,57,0
13093,436433,,,,,,,,,,,,,,,,,,,,,,d,move_right,,47,0
13094,436467,,,,,,,,,,,,,,,,,,,,,,d,move_right,,24,-1
13095,436500,,,,,,,,,,,,,,,,,,,,,,d,move_right,,11,-1
13096,436533,,,,,,,,,,,,,,,,,,,,,,d|w,move_up|move_right,,13,-1
13097,436567,,,,,,,,,,,,,,,,,,,,,,d|w,move_up|move_right,,18,-2
13098,436600,,,,,,,,,,,,,,,,,,,,,,d|w,move_up|move_right,,22,-3
13099,436633,,,,,,,,,,,,,,,,,,,,,,d|w,move_up|move_right,,48,-5
13100,436667,,,,,,,,,,,,,,,,,,,,,,d|w,move_up|move_right,,28,-4
13101,436700,,,,,,,,,,,,,,,,,,,,,,d|w,move_up|move_right,,5,-1
13102,436733,,,,,,,,,,,,,,,,,,,,,,d|w,move_up|move_right,,0,0
13103,436767,,,,,,,,,,,,,,,,,,,,,,d|w,move_up|move_right,,0,0
13104,436800,,,,,,,,,,,,,,,,,,,,,,w,move_up,,-1,-1
13105,436833,,,,,,,,,,,,,,,,,,,,,,w,move_up,,-8,-2
13106,436867,,,,,,,,,,,,,,,,,,,,,,w,move_up,,-15,-2
13107,436900,,,,,,,,,,,,,,,,,,,,,,w,move_up,,-22,0
13108,436933,,,,,,,,,,,,,,,,,,,,,,w,move_up,,-17,-1
13109,436967,,,,,,,,,,,,,,,,,,,,,,w,move_up,,0,0
13110,437000,,,,,,,,,,,,,,,,,,,,,,d|w,move_up|move_right,,0,0
13111,437033,,,,,,,,,,,,,,,,,,,,,,d|w,move_up|move_right,,0,0
13112,437067,,,,,,,,,,,,,,,,,,,,,,d|w,move_up|move_right,,0,0
13113,437100,,,,,,,,,,,,,,,,,,,,,,d|w,move_up|move_right,,-5,-1
13114,437133,,,,,,,,,,,,,,,,,,,,,,d|w,move_up|move_right,,-9,-2
13115,437167,,,,,,,,,,,,,,,,,,,,,,w,move_up,,-11,-4
13116,437200,,,,,,,,,,,,,,,,,,,,,,w,move_up,,-14,-4
13117,437233,,,,,,,,,,,,,,,,,,,,,,w,move_up,,-11,-2
13118,437267,,,,,,,,,,,,,,,,,,,,,,w,move_up,,-6,-1
13119,437300,,,,,,,,,,,,,,,,,,,,,,w,move_up,,-2,-1
13120,437333,,,,,,,,,,,,,,,,,,,,,,w,move_up,,0,0
13121,437367,,,,,,,,,,,,,,,,,,,,,,d|w,move_up|move_right,,0,0
13122,437400,,,,,,,,,,,,,,,,,,,,,,d|w,move_up|move_right,,0,0
13123,437433,,,,,,,,,,,,,,,,,,,,,,d|w,move_up|move_right,,-1,0
13124,437467,,,,,,,,,,,,,,,,,,,,,,d|w,move_up|move_right,,-2,0
13125,437500,,,,,,,,,,,,,,,,,,,,,,d|w,move_up|move_right,,0,0
13126,437533,,,,,,,,,,,,,,,,,,,,,,w,move_up,,0,0
13127,437567,,,,,,,,,,,,,,,,,,,,,,w,move_up,,0,0
13128,437600,,,,,,,,,,,,,,,,,,,,,,w,move_up,,-1,0
13129,437633,,,,,,,,,,,,,,,,,,,,,,,,,-1,0
13130,437667,,,,,,,,,,,,,,,,,,,,,,,,,-15,0
13131,437700,,,,,,,,,,,,,,,,,,,,,,,,,-27,0
13132,437733,,,,,,,,,,,,,,,,,,,,,,w,move_up,,-23,0
13133,437767,,,,,,,,,,,,,,,,,,,,,,d|w,move_up|move_right,,-12,0
13134,437800,,,,,,,,,,,,,,,,,,,,,,d|w,move_up|move_right,,-12,0
13135,437833,,,,,,,,,,,,,,,,,,,,,,d|w,move_up|move_right,,-15,0
13136,437867,,,,,,,,,,,,,,,,,,,,,,d|w,move_up|move_right,,-16,0
13137,437900,,,,,,,,,,,,,,,,,,,,,,d|w,move_up|move_right,,-28,-1
13138,437933,,,,,,,,,,,,,,,,,,,,,,d|w,move_up|move_right,,-35,-2
13139,437967,,,,,,,,,,,,,,,,,,,,,,d|w,move_up|move_right,,-28,-1
13140,438000,,,,,,,,,,,,,,,,,,,,,,w,move_up,,-21,-1
13141,438033,,,,,,,,,,,,,,,,,,,,,,,,,-16,0
13142,438067,,,,,,,,,,,,,,,,,,,,,,,,,-3,0
13143,438100,,,,,,,,,,,,,,,,,,,,,,,,,-3,0
13144,438133,,,,,,,,,,,,,,,,,,,,,,,,,-8,1
13145,438167,,,,,,,,,,,,,,,,,,,,,,,,,-8,0
13146,438200,,,,,,,,,,,,,,,,,,,,,,w,move_up,,-13,0
13147,438233,,,,,,,,,,,,,,,,,,,,,,w,move_up,,-18,1
13148,438267,,,,,,,,,,,,,,,,,,,,,,d|w,move_up|move_right,,-14,1
13149,438300,,,,,,,,,,,,,,,,,,,,,,d|w,move_up|move_right,,-12,1
13150,438333,,,,,,,,,,,,,,,,,,,,,,d|w,move_up|move_right,,0,0
13151,438367,,,,,,,,,,,,,,,,,,,,,,d|w,move_up|move_right,,-1,0
13152,438400,,,,,,,,,,,,,,,,,,,,,,d|w,move_up|move_right,,11,0
13153,438433,,,,,,,,,,,,,,,,,,,,,,w,move_up,,15,0
13154,438467,,,,,,,,,,,,,,,,,,,,,,w,move_up,,1,0
13155,438500,,,,,,,,,,,,,,,,,,,,,,w,move_up,,0,0
13156,438533,,,,,,,,,,,,,,,,,,,,,,w,move_up,,1,-1
13157,438567,,,,,,,,,,,,,,,,,,,,,,w,move_up,,0,0
13158,438600,,,,,,,,,,,,,,,,,,,,,,w,move_up,,0,0
13159,438633,,,,,,,,,,,,,,,,,,,,,,w,move_up,,0,0
13160,438667,,,,,,,,,,,,,,,,,,,,,,,,,9,0
13161,438700,,,,,,,,,,,,,,,,,,,,,,,,,28,-2
13162,438733,,,,,,,,,,,,,,,,,,,,,,,,,62,-1
13163,438767,,,,,,,,,,,,,,,,,,,,,,,,,48,-1
13164,438800,,,,,,,,,,,,,,,,,,,,,,,,,37,0
13165,438833,,,,,,,,,,,,,,,,,,,,,,,,,16,0
13166,438867,,,,,,,,,,,,,,,,,,,,,,a,move_left,,6,0
13167,438900,,,,,,,,,,,,,,,,,,,,,,a|w,move_up|move_left,,0,0
13168,438933,,,,,,,,,,,,,,,,,,,,,,a|w,move_up|move_left,,0,0
13169,438967,,,,,,,,,,,,,,,,,,,,,,a|w,move_up|move_left,,2,0
13170,439000,,,,,,,,,,,,,,,,,,,,,,a|w,move_up|move_left,,4,0
13171,439033,,,,,,,,,,,,,,,,,,,,,,a|w,move_up|move_left,,0,0
13172,439067,,,,,,,,,,,,,,,,,,,,,,a|w,move_up|move_left,,0,0
13173,439100,,,,,,,,,,,,,,,,,,,,,,w,move_up,,-5,0
13174,439133,,,,,,,,,,,,,,,,,,,,,,w,move_up,,-49,1
13175,439167,,,,,,,,,,,,,,,,,,,,,,w,move_up,,-65,1
13176,439200,,,,,,,,,,,,,,,,,,,,,,w,move_up,,-56,-1
13177,439233,,,,,,,,,,,,,,,,,,,,,,w,move_up,,-31,-2
13178,439267,,,,,,,,,,,,,,,,,,,,,,w,move_up,,-15,-2
13179,439300,,,,,,,,,,,,,,,,,,,,,,w,move_up,,-3,0
13180,439333,,,,,,,,,,,,,,,,,,,,,,w,move_up,,0,0
13181,439367,,,,,,,,,,,,,,,,,,,,,,w,move_up,,0,0
13182,439400,,,,,,,,,,,,,,,,,,,,,,d|w,move_up|move_right,,-3,0
13183,439433,,,,,,,,,,,,,,,,,,,,,,d|w,move_up|move_right,,-9,0
13184,439467,,,,,,,,,,,,,,,,,,,,,,d|w,move_up|move_right,,-12,1
13185,439500,,,,,,,,,,,,,,,,,,,,,,d|w,move_up|move_right,,-13,0
13186,439533,,,,,,,,,,,,,,,,,,,,,,w,move_up,,-8,0
13187,439567,,,,,,,,,,,,,,,,,,,,,,w,move_up,,0,0
13188,439600,,,,,,,,,,,,,,,,,,,,,,w,move_up,,0,0
13189,439633,,,,,,,,,,,,,,,,,,,,,,d|w,move_up|move_right,,0,0
13190,439667,,,,,,,,,,,,,,,,,,,,,,d|w,move_up|move_right,,0,0
13191,439700,,,,,,,,,,,,,,,,,,,,,,d|w,move_up|move_right,,0,0
13192,439733,,,,,,,,,,,,,,,,,,,,,,d|w,move_up|move_right,,-1,0
13193,439767,,,,,,,,,,,,,,,,,,,,,,d|w,move_up|move_right,,-4,0
13194,439800,,,,,,,,,,,,,,,,,,,,,,w,move_up,,-6,0
13195,439833,,,,,,,,,,,,,,,,,,,,,,w,move_up,,-7,0
13196,439867,,,,,,,,,,,,,,,,,,,,,,w,move_up,,-10,0
13197,439900,,,,,,,,,,,,,,,,,,,,,,w,move_up,,-7,0
13198,439933,,,,,,,,,,,,,,,,,,,,,,w,move_up,,-7,0
13199,439967,,,,,,,,,,,,,,,,,,,,,,w,move_up,,-1,0
13200,440000,,,,,,,,,,,,,,,,,,,,,,d|w,move_up|move_right,,0,0
13201,440033,,,,,,,,,,,,,,,,,,,,,,d|w,move_up|move_right,,0,0
13202,440067,,,,,,,,,,,,,,,,,,,,,,d|w,move_up|move_right,,0,0
13203,440100,,,,,,,,,,,,,,,,,,,,,,d|w,move_up|move_right,,0,1
13204,440133,,,,,,,,,,,,,,,,,,,,,,d|w,move_up|move_right,,-1,0
13205,440167,,,,,,,,,,,,,,,,,,,,,,w,move_up,,-1,0
13206,440200,,,,,,,,,,,,,,,,,,,,,,w,move_up,,0,0
13207,440233,,,,,,,,,,,,,,,,,,,,,,w,move_up,,0,0
13208,440267,,,,,,,,,,,,,,,,,,,,,,,,,0,0
13209,440300,,,,,,,,,,,,,,,,,,,,,,,,,0,0
13210,440333,,,,,,,,,,,,,,,,,,,,,,,,,0,0
13211,440367,,,,,,,,,,,,,,,,,,,,,,,,,0,0
13212,440400,,,,,,,,,,,,,,,,,,,,,,,,,0,0
13213,440433,,,,,,,,,,,,,,,,,,,,,,,,,0,0
13214,440467,,,,,,,,,,,,,,,,,,,,,,,,,0,0
13215,440500,,,,,,,,,,,,,,,,,,,,,,,,,0,0
13216,440533,,,,,,,,,,,,,,,,,,,,,,,,,0,0
13217,440567,,,,,,,,,,,,,,,,,,,,,,,,,0,0
13218,440600,,,,,,,,,,,,,,,,,,,,,,,,,0,0
13219,440633,,,,,,,,,,,,,,,,,,,,,,,,,17,1
13220,440667,,,,,,,,,,,,,,,,,,,,,,,,,46,0
13221,440700,,,,,,,,,,,,,,,,,,,,,,,,,42,-1
13222,440733,,,,,,,,,,,,,,,,,,,,,,,,,8,0
13223,440767,,,,,,,,,,,,,,,,,,,,,,,,,0,0
13224,440800,,,,,,,,,,,,,,,,,,,,,,,,,1,0
13225,440833,,,,,,,,,,,,,,,,,,,,,,,,,0,0
13226,440867,,,,,,,,,,,,,,,,,,,,,,,,,0,0
13227,440900,,,,,,,,,,,,,,,,,,,,,,w,move_up,,-5,0
13228,440933,,,,,,,,,,,,,,,,,,,,,,w,move_up,,-14,0
13229,440967,,,,,,,,,,,,,,,,,,,,,,w,move_up,,-33,0
13230,441000,,,,,,,,,,,,,,,,,,,,,,w,move_up,,-22,0
13231,441033,,,,,,,,,,,,,,,,,,,,,,w,move_up,,-11,1
13232,441067,,,,,,,,,,,,,,,,,,,,,,w,move_up,,-10,1
13233,441100,,,,,,,,,,,,,,,,,,,,,,w,move_up,,-9,2
13234,441133,,,,,,,,,,,,,,,,,,,,,,w,move_up,,-5,1
13235,441167,,,,,,,,,,,,,,,,,,,,,,d|w,move_up|move_right,,-5,0
13236,441200,,,,,,,,,,,,,,,,,,,,,,d|w,move_up|move_right,,-8,1
13237,441233,,,,,,,,,,,,,,,,,,,,,,d|w,move_up|move_right,,-13,0
13238,441267,,,,,,,,,,,,,,,,,,,,,,d|w,move_up|move_right,,-20,1
13239,441300,,,,,,,,,,,,,,,,,,,,,,d|w,move_up|move_right,,-18,0
13240,441333,,,,,,,,,,,,,,,,,,,,,,d|w,move_up|move_right,,-13,0
13241,441367,,,,,,,,,,,,,,,,,,,,,,d|w,move_up|move_right,,-1,0
13242,441400,,,,,,,,,,,,,,,,,,,,,,w,move_up,,0,0
13243,441433,,,,,,,,,,,,,,,,,,,,,,w,move_up,,0,0
13244,441467,,,,,,,,,,,,,,,,,,,,,,w,move_up,,0,0
13245,441500,,,,,,,,,,,,,,,,,,,,,,w,move_up,,0,0
13246,441533,,,,,,,,,,,,,,,,,,,,,,w,move_up,,0,0
13247,441567,,,,,,,,,,,,,,,,,,,,,,w,move_up,,0,0
13248,441600,,,,,,,,,,,,,,,,,,,,,,w,move_up,,0,0
13249,441633,,,,,,,,,,,,,,,,,,,,,,w,move_up,,2,0
13250,441667,,,,,,,,,,,,,,,,,,,,,,w,move_up,,3,0
13251,441700,,,,,,,,,,,,,,,,,,,,,,w,move_up,,9,1
13252,441733,,,,,,,,,,,,,,,,,,,,,,w,move_up,,14,1
13253,441767,,,,,,,,,,,,,,,,,,,,,,w,move_up,,15,0
13254,441800,,,,,,,,,,,,,,,,,,,,,,w,move_up,,7,1
13255,441833,,,,,,,,,,,,,,,,,,,,,,w,move_up,,1,0
13256,441867,,,,,,,,,,,,,,,,,,,,,,w,move_up,,1,0
13257,441900,,,,,,,,,,,,,,,,,,,,,,w,move_up,,1,1
13258,441933,,,,,,,,,,,,,,,,,,,,,,w,move_up,,6,1
13259,441967,,,,,,,,,,,,,,,,,,,,,,w,move_up,,14,3
13260,442000,,,,,,,,,,,,,,,,,,,,,,w,move_up,,13,3
13261,442033,,,,,,,,,,,,,,,,,,,,,,,,,19,2
13262,442067,,,,,,,,,,,,,,,,,,,,,,,,,36,5
13263,442100,,,,,,,,,,,,,,,,,,,,,,,,,19,3
13264,442133,,,,,,,,,,,,,,,,,,,,,,,,,41,3
13265,442167,,,,,,,,,,,,,,,,,,,,,,,,,58,2
13266,442200,,,,,,,,,,,,,,,,,,,,,,d,move_right,,59,2
13267,442233,,,,,,,,,,,,,,,,,,,,,,d,move_right,,102,2
13268,442267,,,,,,,,,,,,,,,,,,,,,,d,move_right,,64,1
13269,442300,,,,,,,,,,,,,,,,,,,,,,d,move_right,,36,1
13270,442333,,,,,,,,,,,,,,,,,,,,,,d,move_right,,12,0
13271,442367,,,,,,,,,,,,,,,,,,,,,,d,move_right,,9,0
13272,442400,,,,,,,,,,,,,,,,,,,,,,d,move_right,,23,-1
13273,442433,,,,,,,,,,,,,,,,,,,,,,d|w,move_up|move_right,,25,-1
13274,442467,,,,,,,,,,,,,,,,,,,,,,d|w,move_up|move_right,,14,-1
13275,442500,,,,,,,,,,,,,,,,,,,,,,d|w,move_up|move_right,,19,0
13276,442533,,,,,,,,,,,,,,,,,,,,,,d|w,move_up|move_right,,16,-1
13277,442567,,,,,,,,,,,,,,,,,,,,,,d|w,move_up|move_right,,9,-1
13278,442600,,,,,,,,,,,,,,,,,,,,,,d|w,move_up|move_right,,3,-1
13279,442633,,,,,,,,,,,,,,,,,,,,,,d|w,move_up|move_right,,13,0
13280,442667,,,,,,,,,,,,,,,,,,,,,,d|w,move_up|move_right,,7,-1
13281,442700,,,,,,,,,,,,,,,,,,,,,,d|w,move_up|move_right,,3,0
13282,442733,,,,,,,,,,,,,,,,,,,,,,d|w,move_up|move_right,,0,0
13283,442767,,,,,,,,,,,,,,,,,,,,,,d|w,move_up|move_right,,1,-1
13284,442800,,,,,,,,,,,,,,,,,,,,,,d|w,move_up|move_right,,2,0
13285,442833,,,,,,,,,,,,,,,,,,,,,,d|w,move_up|move_right,,9,0
13286,442867,,,,,,,,,,,,,,,,,,,,,,w,move_up,,15,-1
13287,442900,,,,,,,,,,,,,,,,,,,,,,w,move_up,,19,0
13288,442933,,,,,,,,,,,,,,,,,,,,,,w,move_up,,17,0
13289,442967,,,,,,,,,,,,,,,,,,,,,,w,move_up,,3,-1
13290,443000,,,,,,,,,,,,,,,,,,,,,,w,move_up,,1,0
13291,443033,,,,,,,,,,,,,,,,,,,,,,,,,3,0
13292,443067,,,,,,,,,,,,,,,,,,,,,,,,,5,0
13293,443100,,,,,,,,,,,,,,,,,,,,,,,,,0,0
13294,443133,,,,,,,,,,,,,,,,,,,,,,,,,-1,1
13295,443167,,,,,,,,,,,,,,,,,,,,,,,,,0,0
13296,443200,,,,,,,,,,,,,,,,,,,,,,w,move_up,,0,0
13297,443233,,,,,,,,,,,,,,,,,,,,,,w,move_up,,0,0
13298,443267,,,,,,,,,,,,,,,,,,,,,,w,move_up,,0,0
13299,443300,,,,,,,,,,,,,,,,,,,,,,w,move_up,,0,0
13300,443333,,,,,,,,,,,,,,,,,,,,,,w,move_up,,24,-10
13301,443367,,,,,,,,,,,,,,,,,,,,,,w,move_up,,54,-6
13302,443400,,,,,,,,,,,,,,,,,,,,,,w,move_up,,44,-4
13303,443433,,,,,,,,,,,,,,,,,,,,,,w,move_up,,21,-3
13304,443467,,,,,,,,,,,,,,,,,,,,,,w,move_up,,1,-1
13305,443500,,,,,,,,,,,,,,,,,,,,,,w,move_up,,1,0
13306,443533,,,,,,,,,,,,,,,,,,,,,,w,move_up,,0,0
13307,443567,,,,,,,,,,,,,,,,,,,,,,w,move_up,,1,0
13308,443600,,,,,,,,,,,,,,,,,,,,,,w,move_up,,0,0
13309,443633,,,,,,,,,,,,,,,,,,,,,,w,move_up,,0,0
13310,443667,,,,,,,,,,,,,,,,,,,,,,w,move_up,,0,0
13311,443700,,,,,,,,,,,,,,,,,,,,,,w,move_up,,0,0
13312,443733,,,,,,,,,,,,,,,,,,,,,,w,move_up,,0,0
13313,443767,,,,,,,,,,,,,,,,,,,,,,w,move_up,,0,0
13314,443800,,,,,,,,,,,,,,,,,,,,,,w,move_up,,0,-1
13315,443833,,,,,,,,,,,,,,,,,,,,,,w,move_up,,0,-1
13316,443867,,,,,,,,,,,,,,,,,,,,,,d|w,move_up|move_right,,0,0
13317,443900,,,,,,,,,,,,,,,,,,,,,,d|w,move_up|move_right,,0,0
13318,443933,,,,,,,,,,,,,,,,,,,,,,d|w,move_up|move_right,,-3,-1
13319,443967,,,,,,,,,,,,,,,,,,,,,,d|w,move_up|move_right,,-1,0
13320,444000,,,,,,,,,,,,,,,,,,,,,,d|w,move_up|move_right,,0,0
13321,444033,,,,,,,,,,,,,,,,,,,,,,w,move_up,,0,-1
13322,444067,,,,,,,,,,,,,,,,,,,,,,w,move_up,,0,0
13323,444100,,,,,,,,,,,,,,,,,,,,,,w,move_up,,0,0
13324,444133,,,,,,,,,,,,,,,,,,,,,,w,move_up,,0,0
13325,444167,,,,,,,,,,,,,,,,,,,,,,d|w,move_up|move_right,,0,0
13326,444200,,,,,,,,,,,,,,,,,,,,,,d|w,move_up|move_right,,0,0
13327,444233,,,,,,,,,,,,,,,,,,,,,,d|w,move_up|move_right,,0,0
13328,444267,,,,,,,,,,,,,,,,,,,,,,d|w,move_up|move_right,,0,0
13329,444300,,,,,,,,,,,,,,,,,,,,,,d|w,move_up|move_right,,0,0
13330,444333,,,,,,,,,,,,,,,,,,,,,,d|w,move_up|move_right,,0,0
13331,444367,,,,,,,,,,,,,,,,,,,,,,w,move_up,,0,0
13332,444400,,,,,,,,,,,,,,,,,,,,,,w,move_up,,0,0
13333,444433,,,,,,,,,,,,,,,,,,,,,,w,move_up,,0,0
13334,444467,,,,,,,,,,,,,,,,,,,,,,w,move_up,,0,0
13335,444500,,,,,,,,,,,,,,,,,,,,,,w,move_up,,0,0
13336,444533,,,,,,,,,,,,,,,,,,,,,,w,move_up,,0,0
13337,444567,,,,,,,,,,,,,,,,,,,,,,w,move_up,,-5,0
13338,444600,,,,,,,,,,,,,,,,,,,,,,w,move_up,,-37,4
13339,444633,,,,,,,,,,,,,,,,,,,,,,w,move_up,,-96,7
13340,444667,,,,,,,,,,,,,,,,,,,,,,,,,-65,1
13341,444700,,,,,,,,,,,,,,,,,,,,,,,,,-43,-3
13342,444733,,,,,,,,,,,,,,,,,,,,,,,,,-36,-4
13343,444767,,,,,,,,,,,,,,,,,,,,,,,,,-34,-2
13344,444800,,,,,,,,,,,,,,,,,,,,,,w,move_up,,-24,-2
13345,444833,,,,,,,,,,,,,,,,,,,,,,w,move_up,,-18,-2
13346,444867,,,,,,,,,,,,,,,,,,,,,,w,move_up,,-6,-1
13347,444900,,,,,,,,,,,,,,,,,,,,,,w,move_up,,-2,-1
13348,444933,,,,,,,,,,,,,,,,,,,,,,w,move_up,,-13,-1
13349,444967,,,,,,,,,,,,,,,,,,,,,,w,move_up,,-17,-1
13350,445000,,,,,,,,,,,,,,,,,,,,,,w,move_up,,-15,-2
13351,445033,,,,,,,,,,,,,,,,,,,,,,w,move_up,,-5,-1
13352,445067,,,,,,,,,,,,,,,,,,,,,,w,move_up,,-7,-1
13353,445100,,,,,,,,,,,,,,,,,,,,,,w,move_up,,-2,0
13354,445133,,,,,,,,,,,,,,,,,,,,,,w,move_up,,0,0
13355,445167,,,,,,,,,,,,,,,,,,,,,,a|w,move_up|move_left,,0,0
13356,445200,,,,,,,,,,,,,,,,,,,,,,a|w,move_up|move_left,,0,0
13357,445233,,,,,,,,,,,,,,,,,,,,,,a|w,move_up|move_left,,4,-1
13358,445267,,,,,,,,,,,,,,,,,,,,,,a|w,move_up|move_left,,4,-1
13359,445300,,,,,,,,,,,,,,,,,,,,,,w,move_up,,3,0
13360,445333,,,,,,,,,,,,,,,,,,,,,,w,move_up,,1,-1
13361,445367,,,,,,,,,,,,,,,,,,,,,,w,move_up,,0,0
13362,445400,,,,,,,,,,,,,,,,,,,,,,w,move_up,,0,0
13363,445433,,,,,,,,,,,,,,,,,,,,,,w,move_up,,0,0
13364,445467,,,,,,,,,,,,,,,,,,,,,,w,move_up,,1,0
13365,445500,,,,,,,,,,,,,,,,,,,,,,w,move_up,,0,0
13366,445533,,,,,,,,,,,,,,,,,,,,,,w,move_up,,0,-1
13367,445567,,,,,,,,,,,,,,,,,,,,,,a|w,move_up|move_left,,2,-1
13368,445600,,,,,,,,,,,,,,,,,,,,,,a|w,move_up|move_left,,3,-2
13369,445633,,,,,,,,,,,,,,,,,,,,,,a|w,move_up|move_left,,6,-2
13370,445667,,,,,,,,,,,,,,,,,,,,,,a|w,move_up|move_left,,6,-2
13371,445700,,,,,,,,,,,,,,,,,,,,,,a|w,move_up|move_left,,4,-1
13372,445733,,,,,,,,,,,,,,,,,,,,,,w,move_up,,1,0
13373,445767,,,,,,,,,,,,,,,,,,,,,,w,move_up,,0,0
13374,445800,,,,,,,,,,,,,,,,,,,,,,w,move_up,,0,0
13375,445833,,,,,,,,,,,,,,,,,,,,,,w,move_up,,0,0
13376,445867,,,,,,,,,,,,,,,,,,,,,,w,move_up,,0,0
13377,445900,,,,,,,,,,,,,,,,,,,,,,w,move_up,,0,0
13378,445933,,,,,,,,,,,,,,,,,,,,,,w,move_up,,-3,0
13379,445967,,,,,,,,,,,,,,,,,,,,,,w,move_up,,-10,4
13380,446000,,,,,,,,,,,,,,,,,,,,,,w,move_up,,-5,4
13381,446033,,,,,,,,,,,,,,,,,,,,,,w,move_up,,-3,1
13382,446067,,,,,,,,,,,,,,,,,,,,,,w,move_up,,0,0
13383,446100,,,,,,,,,,,,,,,,,,,,,,w,move_up,,0,0
13384,446133,,,,,,,,,,,,,,,,,,,,,,w,move_up,,0,0
13385,446167,,,,,,,,,,,,,,,,,,,,,,w,move_up,,0,0
13386,446200,,,,,,,,,,,,,,,,,,,,,,w,move_up,,0,0
13387,446233,,,,,,,,,,,,,,,,,,,,,,w,move_up,,0,0
13388,446267,,,,,,,,,,,,,,,,,,,,,,w,move_up,,0,0
13389,446300,,,,,,,,,,,,,,,,,,,,,,w,move_up,,0,0
13390,446333,,,,,,,,,,,,,,,,,,,,,,w,move_up,,0,0
13391,446367,,,,,,,,,,,,,,,,,,,,,,w,move_up,,0,0
13392,446400,,,,,,,,,,,,,,,,,,,,,,w,move_up,,0,0
13393,446433,,,,,,,,,,,,,,,,,,,,,,w,move_up,,0,0
13394,446467,,,,,,,,,,,,,,,,,,,,,,w,move_up,,0,0
13395,446500,,,,,,,,,,,,,,,,,,,,,,w,move_up,,0,0
13396,446533,,,,,,,,,,,,,,,,,,,,,,w,move_up,,0,0
13397,446567,,,,,,,,,,,,,,,,,,,,,,w,move_up,,0,0
13398,446600,,,,,,,,,,,,,,,,,,,,,,w,move_up,,0,0
13399,446633,,,,,,,,,,,,,,,,,,,,,,w,move_up,,0,0
13400,446667,,,,,,,,,,,,,,,,,,,,,,w,move_up,,0,0
13401,446700,,,,,,,,,,,,,,,,,,,,,,w,move_up,,0,0
13402,446733,,,,,,,,,,,,,,,,,,,,,,w,move_up,,0,0
13403,446767,,,,,,,,,,,,,,,,,,,,,,w,move_up,,0,0
13404,446800,,,,,,,,,,,,,,,,,,,,,,w,move_up,,0,0
13405,446833,,,,,,,,,,,,,,,,,,,,,,w,move_up,,0,0
13406,446867,,,,,,,,,,,,,,,,,,,,,,w,move_up,,0,0
13407,446900,,,,,,,,,,,,,,,,,,,,,,w,move_up,,0,0
13408,446933,,,,,,,,,,,,,,,,,,,,,,w,move_up,,0,0
13409,446967,,,,,,,,,,,,,,,,,,,,,,w,move_up,,0,0
13410,447000,,,,,,,,,,,,,,,,,,,,,,w,move_up,,0,0
13411,447033,,,,,,,,,,,,,,,,,,,,,,w,move_up,,0,0
13412,447067,,,,,,,,,,,,,,,,,,,,,,w,move_up,,0,0
13413,447100,,,,,,,,,,,,,,,,,,,,,,w,move_up,,0,0
13414,447133,,,,,,,,,,,,,,,,,,,,,,w,move_up,,0,0
13415,447167,,,,,,,,,,,,,,,,,,,,,,w,move_up,,0,0
13416,447200,,,,,,,,,,,,,,,,,,,,,,w,move_up,,0,0
13417,447233,,,,,,,,,,,,,,,,,,,,,,w,move_up,,0,0
13418,447267,,,,,,,,,,,,,,,,,,,,,,w,move_up,,0,0
13419,447300,,,,,,,,,,,,,,,,,,,,,,w,move_up,,0,0
13420,447333,,,,,,,,,,,,,,,,,,,,,,w,move_up,,0,0
13421,447367,,,,,,,,,,,,,,,,,,,,,,w,move_up,,0,0
13422,447400,,,,,,,,,,,,,,,,,,,,,,w,move_up,,0,0
13423,447433,,,,,,,,,,,,,,,,,,,,,,w,move_up,,0,0
13424,447467,,,,,,,,,,,,,,,,,,,,,,w,move_up,,0,0
13425,447500,,,,,,,,,,,,,,,,,,,,,,w,move_up,,0,0
13426,447533,,,,,,,,,,,,,,,,,,,,,,w,move_up,,0,0
13427,447567,,,,,,,,,,,,,,,,,,,,,,w,move_up,,0,0
13428,447600,,,,,,,,,,,,,,,,,,,,,,w,move_up,,0,0
13429,447633,,,,,,,,,,,,,,,,,,,,,,w,move_up,,0,0
13430,447667,,,,,,,,,,,,,,,,,,,,,,w,move_up,,0,0
13431,447700,,,,,,,,,,,,,,,,,,,,,,w,move_up,,0,0
13432,447733,,,,,,,,,,,,,,,,,,,,,,w,move_up,,0,0
13433,447767,,,,,,,,,,,,,,,,,,,,,,w,move_up,,0,0
13434,447800,,,,,,,,,,,,,,,,,,,,,,w,move_up,,0,0
13435,447833,,,,,,,,,,,,,,,,,,,,,,w,move_up,,0,0
13436,447867,,,,,,,,,,,,,,,,,,,,,,w,move_up,,0,0
13437,447900,,,,,,,,,,,,,,,,,,,,,,w,move_up,,0,0
13438,447933,,,,,,,,,,,,,,,,,,,,,,w,move_up,,0,0
13439,447967,,,,,,,,,,,,,,,,,,,,,,w,move_up,,0,0
13440,448000,,,,,,,,,,,,,,,,,,,,,,w,move_up,,0,0
13441,448033,,,,,,,,,,,,,,,,,,,,,,w,move_up,,0,0
13442,448067,,,,,,,,,,,,,,,,,,,,,,w,move_up,,0,0
13443,448100,,,,,,,,,,,,,,,,,,,,,,w,move_up,,0,0
13444,448133,,,,,,,,,,,,,,,,,,,,,,w,move_up,,0,0
13445,448167,,,,,,,,,,,,,,,,,,,,,,w,move_up,,0,0
13446,448200,,,,,,,,,,,,,,,,,,,,,,w,move_up,,0,0
13447,448233,,,,,,,,,,,,,,,,,,,,,,w,move_up,,0,0
13448,448267,,,,,,,,,,,,,,,,,,,,,,w,move_up,,0,0
13449,448300,,,,,,,,,,,,,,,,,,,,,,w,move_up,,0,0
13450,448333,,,,,,,,,,,,,,,,,,,,,,w,move_up,,23,2
13451,448367,,,,,,,,,,,,,,,,,,,,,,w,move_up,,19,0
13452,448400,,,,,,,,,,,,,,,,,,,,,,w,move_up,,0,0
13453,448433,,,,,,,,,,,,,,,,,,,,,,w,move_up,,1,0
13454,448467,,,,,,,,,,,,,,,,,,,,,,w,move_up,,0,0
13455,448500,,,,,,,,,,,,,,,,,,,,,,w,move_up,,0,0
13456,448533,,,,,,,,,,,,,,,,,,,,,,w,move_up,,0,0
13457,448567,,,,,,,,,,,,,,,,,,,,,,w,move_up,,0,0
13458,448600,,,,,,,,,,,,,,,,,,,,,,w,move_up,,0,0
13459,448633,,,,,,,,,,,,,,,,,,,,,,w,move_up,,0,0
13460,448667,,,,,,,,,,,,,,,,,,,,,,w,move_up,,0,0
13461,448700,,,,,,,,,,,,,,,,,,,,,,w,move_up,,0,0
13462,448733,,,,,,,,,,,,,,,,,,,,,,w,move_up,,0,0
13463,448767,,,,,,,,,,,,,,,,,,,,,,w,move_up,,0,0
13464,448800,,,,,,,,,,,,,,,,,,,,,,w,move_up,,0,0
13465,448833,,,,,,,,,,,,,,,,,,,,,,w,move_up,,0,0
13466,448867,,,,,,,,,,,,,,,,,,,,,,w,move_up,,0,0
13467,448900,,,,,,,,,,,,,,,,,,,,,,w,move_up,,0,0
13468,448933,,,,,,,,,,,,,,,,,,,,,,w,move_up,,0,0
13469,448967,,,,,,,,,,,,,,,,,,,,,,w,move_up,,0,0
13470,449000,,,,,,,,,,,,,,,,,,,,,,w,move_up,,0,0
13471,449033,,,,,,,,,,,,,,,,,,,,,,w,move_up,,0,0
13472,449067,,,,,,,,,,,,,,,,,,,,,,w,move_up,,0,0
13473,449100,,,,,,,,,,,,,,,,,,,,,,w,move_up,,0,0
13474,449133,,,,,,,,,,,,,,,,,,,,,,w,move_up,,0,0
13475,449167,,,,,,,,,,,,,,,,,,,,,,w,move_up,,0,0
13476,449200,,,,,,,,,,,,,,,,,,,,,,w,move_up,,-3,0
13477,449233,,,,,,,,,,,,,,,,,,,,,,w,move_up,,-8,1
13478,449267,,,,,,,,,,,,,,,,,,,,,,w,move_up,,-11,0
13479,449300,,,,,,,,,,,,,,,,,,,,,,w,move_up,,-7,0
13480,449333,,,,,,,,,,,,,,,,,,,,,,w,move_up,,-5,1
13481,449367,,,,,,,,,,,,,,,,,,,,,,w,move_up,,-3,0
13482,449400,,,,,,,,,,,,,,,,,,,,,,w,move_up,,0,0
13483,449433,,,,,,,,,,,,,,,,,,,,,,w,move_up,,0,0
13484,449467,,,,,,,,,,,,,,,,,,,,,,w,move_up,,0,0
13485,449500,,,,,,,,,,,,,,,,,,,,,,w,move_up,,0,0
13486,449533,,,,,,,,,,,,,,,,,,,,,,w,move_up,,0,0
13487,449567,,,,,,,,,,,,,,,,,,,,,,w,move_up,,0,0
13488,449600,,,,,,,,,,,,,,,,,,,,,,w,move_up,,0,0
13489,449633,,,,,,,,,,,,,,,,,,,,,,w,move_up,,0,0
13490,449667,,,,,,,,,,,,,,,,,,,,,,w,move_up,,-1,0
13491,449700,,,,,,,,,,,,,,,,,,,,,,w,move_up,,-4,1
13492,449733,,,,,,,,,,,,,,,,,,,,,,w,move_up,,-9,2
13493,449767,,,,,,,,,,,,,,,,,,,,,,w,move_up,,-14,1
13494,449800,,,,,,,,,,,,,,,,,,,,,,w,move_up,,-15,0
13495,449833,,,,,,,,,,,,,,,,,,,,,,w,move_up,,-14,1
13496,449867,,,,,,,,,,,,,,,,,,,,,,w,move_up,,-8,1
13497,449900,,,,,,,,,,,,,,,,,,,,,,w,move_up,,-5,0
13498,449933,,,,,,,,,,,,,,,,,,,,,,d|w,move_up|move_right,,-3,1
13499,449967,,,,,,,,,,,,,,,,,,,,,,d|w,move_up|move_right,,-3,0
13500,450000,,,,,,,,,,,,,,,,,,,,,,d|w,move_up|move_right,,-4,0
13501,450033,,,,,,,,,,,,,,,,,,,,,,w,move_up,,-1,0
13502,450067,,,,,,,,,,,,,,,,,,,,,,w,move_up,,-2,0
13503,450100,,,,,,,,,,,,,,,,,,,,,,w,move_up,,-1,0
13504,450133,,,,,,,,,,,,,,,,,,,,,,w,move_up,,-4,0
13505,450167,,,,,,,,,,,,,,,,,,,,,,w,move_up,,-6,1
13506,450200,,,,,,,,,,,,,,,,,,,,,,w,move_up,,-9,0
13507,450233,,,,,,,,,,,,,,,,,,,,,,w,move_up,,-6,0
13508,450267,,,,,,,,,,,,,,,,,,,,,,w,move_up,,-5,0
13509,450300,,,,,,,,,,,,,,,,,,,,,,w,move_up,,-1,0
13510,450333,,,,,,,,,,,,,,,,,,,,,,w,move_up,,-2,0
13511,450367,,,,,,,,,,,,,,,,,,,,,,d|w,move_up|move_right,,-5,0
13512,450400,,,,,,,,,,,,,,,,,,,,,,d|w,move_up|move_right,,-8,0
13513,450433,,,,,,,,,,,,,,,,,,,,,,w,move_up,,-4,0
13514,450467,,,,,,,,,,,,,,,,,,,,,,w,move_up,,-1,0
13515,450500,,,,,,,,,,,,,,,,,,,,,,w,move_up,,0,0
13516,450533,,,,,,,,,,,,,,,,,,,,,,w,move_up,,0,1
13517,450567,,,,,,,,,,,,,,,,,,,,,,w,move_up,,0,0
13518,450600,,,,,,,,,,,,,,,,,,,,,,w,move_up,,1,0
13519,450633,,,,,,,,,,,,,,,,,,,,,,w,move_up,,22,1
13520,450667,,,,,,,,,,,,,,,,,,,,,,w,move_up,,20,0
13521,450700,,,,,,,,,,,,,,,,,,,,,,w,move_up,,21,0
13522,450733,,,,,,,,,,,,,,,,,,,,,,w,move_up,,15,1
13523,450767,,,,,,,,,,,,,,,,,,,,,,w,move_up,,0,0
13524,450800,,,,,,,,,,,,,,,,,,,,,,w,move_up,,0,0
13525,450833,,,,,,,,,,,,,,,,,,,,,,w,move_up,,0,1
13526,450867,,,,,,,,,,,,,,,,,,,,,,w,move_up,,-3,0
13527,450900,,,,,,,,,,,,,,,,,,,,,,w,move_up,,-4,1
13528,450933,,,,,,,,,,,,,,,,,,,,,,w,move_up,,-5,1
13529,450967,,,,,,,,,,,,,,,,,,,,,,w,move_up,,-1,0
13530,451000,,,,,,,,,,,,,,,,,,,,,,w,move_up,,-3,1
13531,451033,,,,,,,,,,,,,,,,,,,,,,w,move_up,,-3,1
13532,451067,,,,,,,,,,,,,,,,,,,,,,w,move_up,,-4,1
13533,451100,,,,,,,,,,,,,,,,,,,,,,w,move_up,,0,0
13534,451133,,,,,,,,,,,,,,,,,,,,,,w,move_up,,0,0
13535,451167,,,,,,,,,,,,,,,,,,,,,,w,move_up,,0,0
13536,451200,,,,,,,,,,,,,,,,,,,,,,w,move_up,,0,0
13537,451233,,,,,,,,,,,,,,,,,,,,,,w,move_up,,0,0
13538,451267,,,,,,,,,,,,,,,,,,,,,,w,move_up,,0,1
13539,451300,,,,,,,,,,,,,,,,,,,,,,w,move_up,,0,0
13540,451333,,,,,,,,,,,,,,,,,,,,,,w,move_up,,1,1
13541,451367,,,,,,,,,,,,,,,,,,,,,,w,move_up,,10,2
13542,451400,,,,,,,,,,,,,,,,,,,,,,w,move_up,,5,0
13543,451433,,,,,,,,,,,,,,,,,,,,,,w,move_up,,9,1
13544,451467,,,,,,,,,,,,,,,,,,,,,,w,move_up,,5,0
13545,451500,,,,,,,,,,,,,,,,,,,,,,w,move_up,,1,0
13546,451533,,,,,,,,,,,,,,,,,,,,,,w,move_up,,0,0
13547,451567,,,,,,,,,,,,,,,,,,,,,,w,move_up,,0,0
13548,451600,,,,,,,,,,,,,,,,,,,,,,w,move_up,,0,0
13549,451633,,,,,,,,,,,,,,,,,,,,,,w,move_up,,0,0
13550,451667,,,,,,,,,,,,,,,,,,,,,,w,move_up,,0,0
13551,451700,,,,,,,,,,,,,,,,,,,,,,w,move_up,,0,0
13552,451733,,,,,,,,,,,,,,,,,,,,,,w,move_up,,0,0
13553,451767,,,,,,,,,,,,,,,,,,,,,,w,move_up,,0,0
13554,451800,,,,,,,,,,,,,,,,,,,,,,w,move_up,,0,0
13555,451833,,,,,,,,,,,,,,,,,,,,,,w,move_up,,0,0
13556,451867,,,,,,,,,,,,,,,,,,,,,,w,move_up,,0,0
13557,451900,,,,,,,,,,,,,,,,,,,,,,w,move_up,,0,0
13558,451933,,,,,,,,,,,,,,,,,,,,,,w,move_up,,1,0
13559,451967,,,,,,,,,,,,,,,,,,,,,,w,move_up,,1,0
13560,452000,,,,,,,,,,,,,,,,,,,,,,w,move_up,,0,0
13561,452033,,,,,,,,,,,,,,,,,,,,,,w,move_up,,0,0
13562,452067,,,,,,,,,,,,,,,,,,,,,,w,move_up,,1,0
13563,452100,,,,,,,,,,,,,,,,,,,,,,w,move_up,,1,0
13564,452133,,,,,,,,,,,,,,,,,,,,,,w,move_up,,0,0
13565,452167,,,,,,,,,,,,,,,,,,,,,,w,move_up,,4,1
13566,452200,,,,,,,,,,,,,,,,,,,,,,,,,9,2
13567,452233,,,,,,,,,,,,,,,,,,,,,,,,,35,11
13568,452267,,,,,,,,,,,,,,,,,,,,,,,,,70,19
13569,452300,,,,,,,,,,,,,,,,,,,,,,,,,52,20
13570,452333,,,,,,,,,,,,,,,,,,,,,,,,,73,28
13571,452367,,,,,,,,,,,,,,,,,,,,,,,,,100,23
13572,452400,,,,,,,,,,,,,,,,,,,,,,s,move_down,,0,0
13573,452433,,,,,,,,,,,,,,,,,,,,,,s,move_down,,1,0
13574,452467,,,,,,,,,,,,,,,,,,,,,,s,move_down,,0,0
13575,452500,,,,,,,,,,,,,,,,,,,,,,s,move_down,,0,0
13576,452533,,,,,,,,,,,,,,,,,,,,,,s,move_down,,2,-1
13577,452567,,,,,,,,,,,,,,,,,,,,,,s,move_down,,82,-18
13578,452600,,,,,,,,,,,,,,,,,,,,,,s,move_down,,65,-2
13579,452633,,,,,,,,,,,,,,,,,,,,,,s,move_down,,24,2
13580,452667,,,,,,,,,,,,,,,,,,,,,,,,,3,2
13581,452700,,,,,,,,,,,,,,,,,,,,,,,,,5,4
13582,452733,,,,,,,,,,,,,,,,,,,,,,,,,2,0
13583,452767,,,,,,,,,,,,,,,,,,,,,,,,,0,0
13584,452800,,,,,,,,,,,,,,,,,,,,,,,,,2,1
13585,452833,,,,,,,,,,,,,,,,,,,,,,w,move_up,,1,0
13586,452867,,,,,,,,,,,,,,,,,,,,,,w,move_up,,0,0
13587,452900,,,,,,,,,,,,,,,,,,,,,,w,move_up,,0,0
13588,452933,,,,,,,,,,,,,,,,,,,,,,w,move_up,,0,1
13589,452967,,,,,,,,,,,,,,,,,,,,,,w,move_up,,3,3
13590,453000,,,,,,,,,,,,,,,,,,,,,,w,move_up,,2,1
13591,453033,,,,,,,,,,,,,,,,,,,,,,w,move_up,,8,5
13592,453067,,,,,,,,,,,,,,,,,,,,,,w,move_up,,6,3
13593,453100,,,,,,,,,,,,,,,,,,,,,,,,,1,1
13594,453133,,,,,,,,,,,,,,,,,,,,,,,,,7,1
13595,453167,,,,,,,,,,,,,,,,,,,,,,,,,6,1
13596,453200,,,,,,,,,,,,,,,,,,,,,,,,,13,0
13597,453233,,,,,,,,,,,,,,,,,,,,,,,,,9,-1
13598,453267,,,,,,,,,,,,,,,,,,,,,,,,,1,0
13599,453300,,,,,,,,,,,,,,,,,,,,,,,,,3,0
13600,453333,,,,,,,,,,,,,,,,,,,,,,,,,3,-2
13601,453367,,,,,,,,,,,,,,,,,,,,,,,,,0,0
13602,453400,,,,,,,,,,,,,,,,,,,,,,,,,0,0
13603,453433,,,,,,,,,,,,,,,,,,,,,,,,,0,0
13604,453467,,,,,,,,,,,,,,,,,,,,,,,,,0,0
13605,453500,,,,,,,,,,,,,,,,,,,,,,,,,0,0
13606,453533,,,,,,,,,,,,,,,,,,,,,,,,,0,0
13607,453567,,,,,,,,,,,,,,,,,,,,,,,,,0,0
13608,453600,,,,,,,,,,,,,,,,,,,,,,,,,0,0
13609,453633,,,,,,,,,,,,,,,,,,,,,,e,interact,,0,0
13610,453667,,,,,,,,,,,,,,,,,,,,,,e,interact,,0,0
13611,453700,,,,,,,,,,,,,,,,,,,,,,e,interact,,0,0
13612,453733,,,,,,,,,,,,,,,,,,,,,,e,interact,,0,0
13613,453767,,,,,,,,,,,,,,,,,,,,,,,,,0,0
13614,453800,,,,,,,,,,,,,,,,,,,,,,,,,0,0
13615,453833,,,,,,,,,,,,,,,,,,,,,,,,,0,0
13616,453867,,,,,,,,,,,,,,,,,,,,,,,,,0,0
13617,453900,,,,,,,,,,,,,,,,,,,,,,,,,0,0
13618,453933,,,,,,,,,,,,,,,,,,,,,,,,,-3,0
13619,453967,,,,,,,,,,,,,,,,,,,,,,,,,0,0
13620,454000,,,,,,,,,,,,,,,,,,,,,,,,,0,0
13621,454033,,,,,,,,,,,,,,,,,,,,,,,,,-1,0
13622,454067,,,,,,,,,,,,,,,,,,,,,,,,,0,0
13623,454100,,,,,,,,,,,,,,,,,,,,,,,,,0,0
13624,454133,,,,,,,,,,,,,,,,,,,,,,,,,0,0
13625,454167,,,,,,,,,,,,,,,,,,,,,,,,,0,0
13626,454200,,,,,,,,,,,,,,,,,,,,,,,,,0,-1
13627,454233,,,,,,,,,,,,,,,,,,,,,,,,,0,0
13628,454267,,,,,,,,,,,,,,,,,,,,,,,,,0,0
13629,454300,,,,,,,,,,,,,,,,,,,,,,,,,0,0
13630,454333,,,,,,,,,,,,,,,,,,,,,,,,,1,0
13631,454367,,,,,,,,,,,,,,,,,,,,,,,,,12,-3
13632,454400,,,,,,,,,,,,,,,,,,,,,,,,,11,-3
13633,454433,,,,,,,,,,,,,,,,,,,,,,,,,1,-1
13634,454467,,,,,,,,,,,,,,,,,,,,,,,,,1,0
13635,454500,,,,,,,,,,,,,,,,,,,,,,,,,2,-4
13636,454533,,,,,,,,,,,,,,,,,,,,,,,,,2,-6
13637,454567,,,,,,,,,,,,,,,,,,,,,,,,,3,-13
13638,454600,,,,,,,,,,,,,,,,,,,,,,,,,3,-25
13639,454633,,,,,,,,,,,,,,,,,,,,,,,,,1,-13
13640,454667,,,,,,,,,,,,,,,,,,,,,,,,,1,-8
13641,454700,,,,,,,,,,,,,,,,,,,,,,,,,0,-1
13642,454733,,,,,,,,,,,,,,,,,,,,,,,,,1,-1
13643,454767,,,,,,,,,,,,,,,,,,,,,,,,,3,-1
13644,454800,,,,,,,,,,,,,,,,,,,,,,,,,6,-4
13645,454833,,,,,,,,,,,,,,,,,,,,,,,,,9,-3
13646,454867,,,,,,,,,,,,,,,,,,,,,,,,,25,-7
13647,454900,,,,,,,,,,,,,,,,,,,,,,,,,52,-14
13648,454933,,,,,,,,,,,,,,,,,,,,,,,,,47,-13
13649,454967,,,,,,,,,,,,,,,,,,,,,,,,,11,-3
13650,455000,,,,,,,,,,,,,,,,,,,,,,,,,0,0
13651,455033,,,,,,,,,,,,,,,,,,,,,,,,,2,-1
13652,455067,,,,,,,,,,,,,,,,,,,,,,,,,-2,0
13653,455100,,,,,,,,,,,,,,,,,,,,,,,,,-15,3
13654,455133,,,,,,,,,,,,,,,,,,,,,,,,,-21,8
13655,455167,,,,,,,,,,,,,,,,,,,,,,,,,-45,24
13656,455200,,,,,,,,,,,,,,,,,,,,,,,,,-36,30
13657,455233,,,,,,,,,,,,,,,,,,,,,,,,,-20,19
13658,455267,,,,,,,,,,,,,,,,,,,,,,,,,-13,14
13659,455300,,,,,,,,,,,,,,,,,,,,,,,,,-8,10
13660,455333,,,,,,,,,,,,,,,,,,,,,,,,,-9,7
13661,455367,,,,,,,,,,,,,,,,,,,,,,,,,-16,9
13662,455400,,,,,,,,,,,,,,,,,,,,,,,,,-10,4
13663,455433,,,,,,,,,,,,,,,,,,,,,,,,,-13,3
13664,455467,,,,,,,,,,,,,,,,,,,,,,,,,-14,4
13665,455500,,,,,,,,,,,,,,,,,,,,,,,,,-13,2
13666,455533,,,,,,,,,,,,,,,,,,,,,,,,,-11,0
13667,455567,,,,,,,,,,,,,,,,,,,,,,,,,-22,0
13668,455600,,,,,,,,,,,,,,,,,,,,,,,,,-18,0
13669,455633,,,,,,,,,,,,,,,,,,,,,,,,,-20,-1
13670,455667,,,,,,,,,,,,,,,,,,,,,,,,,-7,0
13671,455700,,,,,,,,,,,,,,,,,,,,,,,,,-1,0
13672,455733,,,,,,,,,,,,,,,,,,,,,,,,,4,5
13673,455767,,,,,,,,,,,,,,,,,,,,,,,,,22,29
13674,455800,,,,,,,,,,,,,,,,,,,,,,,,,34,48
13675,455833,,,,,,,,,,,,,,,,,,,,,,,,,14,29
13676,455867,,,,,,,,,,,,,,,,,,,,,,,,,17,24
13677,455900,,,,,,,,,,,,,,,,,,,,,,,,,7,14
13678,455933,,,,,,,,,,,,,,,,,,,,,,,,,2,3
13679,455967,,,,,,,,,,,,,,,,,,,,,,,,,1,0
13680,456000,,,,,,,,,,,,,,,,,,,,,,,,,0,0
13681,456033,,,,,,,,,,,,,,,,,,,,,,,,,0,0
13682,456067,,,,,,,,,,,,,,,,,,,,,,,,,0,0
13683,456100,,,,,,,,,,,,,,,,,,,,,,,,,0,0
13684,456133,,,,,,,,,,,,,,,,,,,,,,e,interact,,0,0
13685,456167,,,,,,,,,,,,,,,,,,,,,,e,interact,,0,0
13686,456200,,,,,,,,,,,,,,,,,,,,,,e,interact,,0,0
13687,456233,,,,,,,,,,,,,,,,,,,,,,,,,-6,-3
13688,456267,,,,,,,,,,,,,,,,,,,,,,,,,-34,-16
13689,456300,,,,,,,,,,,,,,,,,,,,,,,,,-64,-29
13690,456333,,,,,,,,,,,,,,,,,,,,,,,,,-80,-41
13691,456367,,,,,,,,,,,,,,,,,,,,,,,,,-96,-54
13692,456400,,,,,,,,,,,,,,,,,,,,,,,,,-41,-20
13693,456433,,,,,,,,,,,,,,,,,,,,,,,,,-5,-2
13694,456467,,,,,,,,,,,,,,,,,,,,,,,,,1,0
13695,456500,,,,,,,,,,,,,,,,,,,,,,,,,12,12
13696,456533,,,,,,,,,,,,,,,,,,,,,,,,,48,38
13697,456567,,,,,,,,,,,,,,,,,,,,,,,,,38,43
13698,456600,,,,,,,,,,,,,,,,,,,,,,,,,42,47
13699,456633,,,,,,,,,,,,,,,,,,,,,,,,,38,59
13700,456667,,,,,,,,,,,,,,,,,,,,,,,,,20,56
13701,456700,,,,,,,,,,,,,,,,,,,,,,,,,13,52
13702,456733,,,,,,,,,,,,,,,,,,,,,,,,,14,84
13703,456767,,,,,,,,,,,,,,,,,,,,,,,,,10,35
13704,456800,,,,,,,,,,,,,,,,,,,,,,,,,0,0
13705,456833,,,,,,,,,,,,,,,,,,,,,,,,,0,1
13706,456867,,,,,,,,,,,,,,,,,,,,,,,,,0,0
13707,456900,,,,,,,,,,,,,,,,,,,,,,,,,0,-1
13708,456933,,,,,,,,,,,,,,,,,,,,,,,,,-10,9
13709,456967,,,,,,,,,,,,,,,,,,,,,,,,,8,60
13710,457000,,,,,,,,,,,,,,,,,,,,,,,,,30,59
13711,457033,,,,,,,,,,,,,,,,,,,,,,,,,20,45
13712,457067,,,,,,,,,,,,,,,,,,,,,,,,,6,30
13713,457100,,,,,,,,,,,,,,,,,,,,,,,,,0,14
13714,457133,,,,,,,,,,,,,,,,,,,,,,,,,0,9
13715,457167,,,,,,,,,,,,,,,,,,,,,,,,,2,10
13716,457200,,,,,,,,,,,,,,,,,,,,,,,,,4,14
13717,457233,,,,,,,,,,,,,,,,,,,,,,,,,3,13
13718,457267,,,,,,,,,,,,,,,,,,,,,,,,,3,7
13719,457300,,,,,,,,,,,,,,,,,,,,,,,,,3,2
13720,457333,,,,,,,,,,,,,,,,,,,,,,,,mouse_left,0,1
13721,457367,,,,,,,,,,,,,,,,,,,,,,,,mouse_left,0,0
13722,457400,,,,,,,,,,,,,,,,,,,,,,,,mouse_left,0,0
13723,457433,,,,,,,,,,,,,,,,,,,,,,,,,0,-1
13724,457467,,,,,,,,,,,,,,,,,,,,,,,,,-18,-25
13725,457500,,,,,,,,,,,,,,,,,,,,,,,,,-40,-34
13726,457533,,,,,,,,,,,,,,,,,,,,,,,,,-45,-26
13727,457567,,,,,,,,,,,,,,,,,,,,,,,,,-46,-28
13728,457600,,,,,,,,,,,,,,,,,,,,,,,,,-58,-33
13729,457633,,,,,,,,,,,,,,,,,,,,,,,,,-51,-23
13730,457667,,,,,,,,,,,,,,,,,,,,,,,,,-53,-35
13731,457700,,,,,,,,,,,,,,,,,,,,,,,,,-48,-26
13732,457733,,,,,,,,,,,,,,,,,,,,,,,,,-49,-22
13733,457767,,,,,,,,,,,,,,,,,,,,,,,,,-45,-15
13734,457800,,,,,,,,,,,,,,,,,,,,,,,,,-23,-8
13735,457833,,,,,,,,,,,,,,,,,,,,,,,,,-11,-7
13736,457867,,,,,,,,,,,,,,,,,,,,,,,,,-13,-12
13737,457900,,,,,,,,,,,,,,,,,,,,,,w,move_up,,-11,-12
13738,457933,,,,,,,,,,,,,,,,,,,,,,w,move_up,,-13,-11
13739,457967,,,,,,,,,,,,,,,,,,,,,,w,move_up,,-3,-2
13740,458000,,,,,,,,,,,,,,,,,,,,,,w,move_up,,0,0
13741,458033,,,,,,,,,,,,,,,,,,,,,,w,move_up,,0,0
13742,458067,,,,,,,,,,,,,,,,,,,,,,w,move_up,,1,4
13743,458100,,,,,,,,,,,,,,,,,,,,,,w,move_up,,11,11
13744,458133,,,,,,,,,,,,,,,,,,,,,,w,move_up,,9,8
13745,458167,,,,,,,,,,,,,,,,,,,,,,w,move_up,,2,3
13746,458200,,,,,,,,,,,,,,,,,,,,,,w,move_up,,2,1
13747,458233,,,,,,,,,,,,,,,,,,,,,,w,move_up,,0,0
13748,458267,,,,,,,,,,,,,,,,,,,,,,w,move_up,,0,0
13749,458300,,,,,,,,,,,,,,,,,,,,,,w,move_up,,0,0
13750,458333,,,,,,,,,,,,,,,,,,,,,,w,move_up,,0,0
13751,458367,,,,,,,,,,,,,,,,,,,,,,w,move_up,,0,0
13752,458400,,,,,,,,,,,,,,,,,,,,,,w,move_up,,0,0
13753,458433,,,,,,,,,,,,,,,,,,,,,,w,move_up,,0,0
13754,458467,,,,,,,,,,,,,,,,,,,,,,w,move_up,,0,0
13755,458500,,,,,,,,,,,,,,,,,,,,,,w,move_up,,0,0
13756,458533,,,,,,,,,,,,,,,,,,,,,,w,move_up,,0,0
13757,458567,,,,,,,,,,,,,,,,,,,,,,w,move_up,,0,0
13758,458600,,,,,,,,,,,,,,,,,,,,,,w,move_up,,1,1
13759,458633,,,,,,,,,,,,,,,,,,,,,,w,move_up,,1,1
13760,458667,,,,,,,,,,,,,,,,,,,,,,w,move_up,,3,0
13761,458700,,,,,,,,,,,,,,,,,,,,,,w,move_up,,5,2
13762,458733,,,,,,,,,,,,,,,,,,,,,,w,move_up,,5,1
13763,458767,,,,,,,,,,,,,,,,,,,,,,w,move_up,,7,0
13764,458800,,,,,,,,,,,,,,,,,,,,,,w,move_up,,3,1
13765,458833,,,,,,,,,,,,,,,,,,,,,,w,move_up,,4,0
13766,458867,,,,,,,,,,,,,,,,,,,,,,w,move_up,,4,1
13767,458900,,,,,,,,,,,,,,,,,,,,,,w,move_up,,11,1
13768,458933,,,,,,,,,,,,,,,,,,,,,,w,move_up,,18,1
13769,458967,,,,,,,,,,,,,,,,,,,,,,w,move_up,,14,0
13770,459000,,,,,,,,,,,,,,,,,,,,,,w,move_up,,5,0
13771,459033,,,,,,,,,,,,,,,,,,,,,,w,move_up,,1,0
13772,459067,,,,,,,,,,,,,,,,,,,,,,w,move_up,,0,0
13773,459100,,,,,,,,,,,,,,,,,,,,,,w,move_up,,0,0
13774,459133,,,,,,,,,,,,,,,,,,,,,,w,move_up,,0,0
13775,459167,,,,,,,,,,,,,,,,,,,,,,w,move_up,,-1,0
13776,459200,,,,,,,,,,,,,,,,,,,,,,w,move_up,,-5,-3
13777,459233,,,,,,,,,,,,,,,,,,,,,,w,move_up,,-4,-3
13778,459267,,,,,,,,,,,,,,,,,,,,,,shift|w,move_up,,-8,-4
13779,459300,,,,,,,,,,,,,,,,,,,,,,shift|w,move_up,,-6,-3
13780,459333,,,,,,,,,,,,,,,,,,,,,,shift|w,move_up,,-1,0
13781,459367,,,,,,,,,,,,,,,,,,,,,,shift|w,move_up,,0,0
13782,459400,,,,,,,,,,,,,,,,,,,,,,shift|w,move_up,,0,0
13783,459433,,,,,,,,,,,,,,,,,,,,,,shift|w,move_up,,0,0
13784,459467,,,,,,,,,,,,,,,,,,,,,,shift|w,move_up,,0,0
13785,459500,,,,,,,,,,,,,,,,,,,,,,shift|w,move_up,,0,1
13786,459533,,,,,,,,,,,,,,,,,,,,,,shift|w,move_up,,-2,1
13787,459567,,,,,,,,,,,,,,,,,,,,,,shift|w,move_up,,-3,3
13788,459600,,,,,,,,,,,,,,,,,,,,,,shift|w,move_up,,-1,1
13789,459633,,,,,,,,,,,,,,,,,,,,,,shift|w,move_up,,0,1
13790,459667,,,,,,,,,,,,,,,,,,,,,,shift|w,move_up,,0,0
13791,459700,,,,,,,,,,,,,,,,,,,,,,shift|w,move_up,,0,0
13792,459733,,,,,,,,,,,,,,,,,,,,,,shift|w,move_up,,0,0
13793,459767,,,,,,,,,,,,,,,,,,,,,,shift|w,move_up,,0,0
13794,459800,,,,,,,,,,,,,,,,,,,,,,shift|w,move_up,,0,0
13795,459833,,,,,,,,,,,,,,,,,,,,,,shift|w,move_up,,5,2
13796,459867,,,,,,,,,,,,,,,,,,,,,,shift|w,move_up,,9,2
13797,459900,,,,,,,,,,,,,,,,,,,,,,a|shift|w,move_up|move_left,,10,1
13798,459933,,,,,,,,,,,,,,,,,,,,,,a|shift|w,move_up|move_left,,14,1
13799,459967,,,,,,,,,,,,,,,,,,,,,,a|shift|w,move_up|move_left,,24,1
13800,460000,,,,,,,,,,,,,,,,,,,,,,a|shift|w,move_up|move_left,,20,1
13801,460033,,,,,,,,,,,,,,,,,,,,,,a|shift|w,move_up|move_left,,27,0
13802,460067,,,,,,,,,,,,,,,,,,,,,,a|shift|w,move_up|move_left,,18,1
13803,460100,,,,,,,,,,,,,,,,,,,,,,a|shift|w,move_up|move_left,,2,0
13804,460133,,,,,,,,,,,,,,,,,,,,,,a|shift|w,move_up|move_left,,0,0
13805,460167,,,,,,,,,,,,,,,,,,,,,,a|shift|w,move_up|move_left,,0,0
13806,460200,,,,,,,,,,,,,,,,,,,,,,a|shift|w,move_up|move_left,,0,0
13807,460233,,,,,,,,,,,,,,,,,,,,,,a|shift|w,move_up|move_left,,0,0
13808,460267,,,,,,,,,,,,,,,,,,,,,,a|shift|w,move_up|move_left,,0,0
13809,460300,,,,,,,,,,,,,,,,,,,,,,a|shift|w,move_up|move_left,,0,0
13810,460333,,,,,,,,,,,,,,,,,,,,,,a|shift|w,move_up|move_left,,0,0
13811,460367,,,,,,,,,,,,,,,,,,,,,,a|shift|w,move_up|move_left,,0,0
13812,460400,,,,,,,,,,,,,,,,,,,,,,a|shift|w,move_up|move_left,,1,0
13813,460433,,,,,,,,,,,,,,,,,,,,,,a|shift|w,move_up|move_left,,5,-3
13814,460467,,,,,,,,,,,,,,,,,,,,,,a|shift|w,move_up|move_left,,4,-3
13815,460500,,,,,,,,,,,,,,,,,,,,,,a|shift|w,move_up|move_left,,3,-1
13816,460533,,,,,,,,,,,,,,,,,,,,,,a|shift|w,move_up|move_left,,6,-1
13817,460567,,,,,,,,,,,,,,,,,,,,,,a|shift|w,move_up|move_left,,6,-1
13818,460600,,,,,,,,,,,,,,,,,,,,,,shift|w,move_up,,3,0
13819,460633,,,,,,,,,,,,,,,,,,,,,,shift|w,move_up,,1,0
13820,460667,,,,,,,,,,,,,,,,,,,,,,shift|w,move_up,,0,0
13821,460700,,,,,,,,,,,,,,,,,,,,,,a|shift|w,move_up|move_left,,3,0
13822,460733,,,,,,,,,,,,,,,,,,,,,,a|shift|w,move_up|move_left,,5,-1
13823,460767,,,,,,,,,,,,,,,,,,,,,,a|shift|w,move_up|move_left,,12,-2
13824,460800,,,,,,,,,,,,,,,,,,,,,,a|shift|w,move_up|move_left,,15,0
13825,460833,,,,,,,,,,,,,,,,,,,,,,a|shift|w,move_up|move_left,,15,0
13826,460867,,,,,,,,,,,,,,,,,,,,,,a|shift|w,move_up|move_left,,10,0
13827,460900,,,,,,,,,,,,,,,,,,,,,,a|shift|w,move_up|move_left,,6,-1
13828,460933,,,,,,,,,,,,,,,,,,,,,,a|shift|w,move_up|move_left,,11,0
13829,460967,,,,,,,,,,,,,,,,,,,,,,a|shift|w,move_up|move_left,,14,0
13830,461000,,,,,,,,,,,,,,,,,,,,,,a|shift|w,move_up|move_left,,7,0
13831,461033,,,,,,,,,,,,,,,,,,,,,,a|shift|w,move_up|move_left,,6,0
13832,461067,,,,,,,,,,,,,,,,,,,,,,a|shift|w,move_up|move_left,,3,0
13833,461100,,,,,,,,,,,,,,,,,,,,,,a|shift|w,move_up|move_left,,0,0
13834,461133,,,,,,,,,,,,,,,,,,,,,,a|shift|w,move_up|move_left,,2,0
13835,461167,,,,,,,,,,,,,,,,,,,,,,a|shift|w,move_up|move_left,,1,0
13836,461200,,,,,,,,,,,,,,,,,,,,,,a|shift|w,move_up|move_left,,1,0
13837,461233,,,,,,,,,,,,,,,,,,,,,,shift|w,move_up,,2,0
13838,461267,,,,,,,,,,,,,,,,,,,,,,shift|w,move_up,,3,0
13839,461300,,,,,,,,,,,,,,,,,,,,,,shift|w,move_up,,3,1
13840,461333,,,,,,,,,,,,,,,,,,,,,,shift|w,move_up,,1,0
13841,461367,,,,,,,,,,,,,,,,,,,,,,shift|w,move_up,,5,1
13842,461400,,,,,,,,,,,,,,,,,,,,,,shift|w,move_up,,5,1
13843,461433,,,,,,,,,,,,,,,,,,,,,,shift|w,move_up,,11,0
13844,461467,,,,,,,,,,,,,,,,,,,,,,shift|w,move_up,,12,0
13845,461500,,,,,,,,,,,,,,,,,,,,,,shift|w,move_up,,12,0
13846,461533,,,,,,,,,,,,,,,,,,,,,,shift|w,move_up,,7,0
13847,461567,,,,,,,,,,,,,,,,,,,,,,shift|w,move_up,,5,0
13848,461600,,,,,,,,,,,,,,,,,,,,,,shift|w,move_up,,1,0
13849,461633,,,,,,,,,,,,,,,,,,,,,,w,move_up,,1,0
13850,461667,,,,,,,,,,,,,,,,,,,,,,w,move_up,,0,0
13851,461700,,,,,,,,,,,,,,,,,,,,,,w,move_up,,0,0
13852,461733,,,,,,,,,,,,,,,,,,,,,,w,move_up,,0,0
13853,461767,,,,,,,,,,,,,,,,,,,,,,w,move_up,,1,0
13854,461800,,,,,,,,,,,,,,,,,,,,,,w,move_up,,0,0
13855,461833,,,,,,,,,,,,,,,,,,,,,,w,move_up,,0,0
13856,461867,,,,,,,,,,,,,,,,,,,,,,w,move_up,,0,0
13857,461900,,,,,,,,,,,,,,,,,,,,,,w,move_up,,0,0
13858,461933,,,,,,,,,,,,,,,,,,,,,,w,move_up,,0,0
13859,461967,,,,,,,,,,,,,,,,,,,,,,w,move_up,,0,0
13860,462000,,,,,,,,,,,,,,,,,,,,,,w,move_up,,0,0
13861,462033,,,,,,,,,,,,,,,,,,,,,,w,move_up,,0,0
13862,462067,,,,,,,,,,,,,,,,,,,,,,w,move_up,,0,0
13863,462100,,,,,,,,,,,,,,,,,,,,,,w,move_up,,0,0
13864,462133,,,,,,,,,,,,,,,,,,,,,,w,move_up,,0,0
13865,462167,,,,,,,,,,,,,,,,,,,,,,w,move_up,,0,0
13866,462200,,,,,,,,,,,,,,,,,,,,,,w,move_up,,0,0
13867,462233,,,,,,,,,,,,,,,,,,,,,,w,move_up,,0,0
13868,462267,,,,,,,,,,,,,,,,,,,,,,w,move_up,,0,0
13869,462300,,,,,,,,,,,,,,,,,,,,,,w,move_up,,0,0
13870,462333,,,,,,,,,,,,,,,,,,,,,,w,move_up,,0,0
13871,462367,,,,,,,,,,,,,,,,,,,,,,w,move_up,,0,0
13872,462400,,,,,,,,,,,,,,,,,,,,,,w,move_up,,0,0
13873,462433,,,,,,,,,,,,,,,,,,,,,,w,move_up,,0,0
13874,462467,,,,,,,,,,,,,,,,,,,,,,w,move_up,,0,0
13875,462500,,,,,,,,,,,,,,,,,,,,,,w,move_up,,0,0
13876,462533,,,,,,,,,,,,,,,,,,,,,,w,move_up,,-1,0
13877,462567,,,,,,,,,,,,,,,,,,,,,,w,move_up,,0,0
13878,462600,,,,,,,,,,,,,,,,,,,,,,w,move_up,,0,0
13879,462633,,,,,,,,,,,,,,,,,,,,,,w,move_up,,0,0
13880,462667,,,,,,,,,,,,,,,,,,,,,,w,move_up,,0,0
13881,462700,,,,,,,,,,,,,,,,,,,,,,w,move_up,,0,0
13882,462733,,,,,,,,,,,,,,,,,,,,,,w,move_up,,0,0
13883,462767,,,,,,,,,,,,,,,,,,,,,,w,move_up,,0,0
13884,462800,,,,,,,,,,,,,,,,,,,,,,w,move_up,,0,0
13885,462833,,,,,,,,,,,,,,,,,,,,,,w,move_up,,0,0
13886,462867,,,,,,,,,,,,,,,,,,,,,,w,move_up,,0,0
13887,462900,,,,,,,,,,,,,,,,,,,,,,w,move_up,,0,0
13888,462933,,,,,,,,,,,,,,,,,,,,,,w,move_up,,0,0
13889,462967,,,,,,,,,,,,,,,,,,,,,,w,move_up,,0,0
13890,463000,,,,,,,,,,,,,,,,,,,,,,w,move_up,,0,0
13891,463033,,,,,,,,,,,,,,,,,,,,,,w,move_up,,0,0
13892,463067,,,,,,,,,,,,,,,,,,,,,,w,move_up,,0,0
13893,463100,,,,,,,,,,,,,,,,,,,,,,w,move_up,,0,0
13894,463133,,,,,,,,,,,,,,,,,,,,,,w,move_up,,0,0
13895,463167,,,,,,,,,,,,,,,,,,,,,,w,move_up,,0,0
13896,463200,,,,,,,,,,,,,,,,,,,,,,w,move_up,,0,0
13897,463233,,,,,,,,,,,,,,,,,,,,,,w,move_up,,0,0
13898,463267,,,,,,,,,,,,,,,,,,,,,,w,move_up,,0,0
13899,463300,,,,,,,,,,,,,,,,,,,,,,w,move_up,,0,0
13900,463333,,,,,,,,,,,,,,,,,,,,,,w,move_up,,0,0
13901,463367,,,,,,,,,,,,,,,,,,,,,,w,move_up,,0,0
13902,463400,,,,,,,,,,,,,,,,,,,,,,w,move_up,,0,0
13903,463433,,,,,,,,,,,,,,,,,,,,,,w,move_up,,0,0
13904,463467,,,,,,,,,,,,,,,,,,,,,,w,move_up,,0,0
13905,463500,,,,,,,,,,,,,,,,,,,,,,w,move_up,,0,0
13906,463533,,,,,,,,,,,,,,,,,,,,,,w,move_up,,0,0
13907,463567,,,,,,,,,,,,,,,,,,,,,,w,move_up,,0,0
13908,463600,,,,,,,,,,,,,,,,,,,,,,w,move_up,,0,0
13909,463633,,,,,,,,,,,,,,,,,,,,,,w,move_up,,0,0
13910,463667,,,,,,,,,,,,,,,,,,,,,,w,move_up,,0,0
13911,463700,,,,,,,,,,,,,,,,,,,,,,w,move_up,,0,0
13912,463733,,,,,,,,,,,,,,,,,,,,,,w,move_up,,0,0
13913,463767,,,,,,,,,,,,,,,,,,,,,,w,move_up,,0,0
13914,463800,,,,,,,,,,,,,,,,,,,,,,w,move_up,,0,0
13915,463833,,,,,,,,,,,,,,,,,,,,,,w,move_up,,0,0
13916,463867,,,,,,,,,,,,,,,,,,,,,,w,move_up,,0,0
13917,463900,,,,,,,,,,,,,,,,,,,,,,w,move_up,,0,0
13918,463933,,,,,,,,,,,,,,,,,,,,,,w,move_up,,0,0
13919,463967,,,,,,,,,,,,,,,,,,,,,,w,move_up,,0,0
13920,464000,,,,,,,,,,,,,,,,,,,,,,w,move_up,,0,0
13921,464033,,,,,,,,,,,,,,,,,,,,,,w,move_up,,0,0
13922,464067,,,,,,,,,,,,,,,,,,,,,,w,move_up,,0,0
13923,464100,,,,,,,,,,,,,,,,,,,,,,w,move_up,,0,0
13924,464133,,,,,,,,,,,,,,,,,,,,,,w,move_up,,0,0
13925,464167,,,,,,,,,,,,,,,,,,,,,,w,move_up,,0,0
13926,464200,,,,,,,,,,,,,,,,,,,,,,w,move_up,,0,0
13927,464233,,,,,,,,,,,,,,,,,,,,,,w,move_up,,0,0
13928,464267,,,,,,,,,,,,,,,,,,,,,,w,move_up,,0,0
13929,464300,,,,,,,,,,,,,,,,,,,,,,w,move_up,,0,0
13930,464333,,,,,,,,,,,,,,,,,,,,,,w,move_up,,0,0
13931,464367,,,,,,,,,,,,,,,,,,,,,,w,move_up,,0,0
13932,464400,,,,,,,,,,,,,,,,,,,,,,w,move_up,,0,0
13933,464433,,,,,,,,,,,,,,,,,,,,,,w,move_up,,0,0
13934,464467,,,,,,,,,,,,,,,,,,,,,,w,move_up,,0,0
13935,464500,,,,,,,,,,,,,,,,,,,,,,w,move_up,,0,0
13936,464533,,,,,,,,,,,,,,,,,,,,,,w,move_up,,0,0
13937,464567,,,,,,,,,,,,,,,,,,,,,,w,move_up,,0,0
13938,464600,,,,,,,,,,,,,,,,,,,,,,w,move_up,,0,0
13939,464633,,,,,,,,,,,,,,,,,,,,,,w,move_up,,0,0
13940,464667,,,,,,,,,,,,,,,,,,,,,,w,move_up,,0,0
13941,464700,,,,,,,,,,,,,,,,,,,,,,w,move_up,,0,0
13942,464733,,,,,,,,,,,,,,,,,,,,,,w,move_up,,0,0
13943,464767,,,,,,,,,,,,,,,,,,,,,,w,move_up,,0,0
13944,464800,,,,,,,,,,,,,,,,,,,,,,w,move_up,,0,0
13945,464833,,,,,,,,,,,,,,,,,,,,,,w,move_up,,-5,3
13946,464867,,,,,,,,,,,,,,,,,,,,,,w,move_up,,-4,3
13947,464900,,,,,,,,,,,,,,,,,,,,,,w,move_up,,-1,1
13948,464933,,,,,,,,,,,,,,,,,,,,,,w,move_up,,-2,3
13949,464967,,,,,,,,,,,,,,,,,,,,,,w,move_up,,-1,2
13950,465000,,,,,,,,,,,,,,,,,,,,,,w,move_up,,-1,1
13951,465033,,,,,,,,,,,,,,,,,,,,,,w,move_up,,0,0
13952,465067,,,,,,,,,,,,,,,,,,,,,,w,move_up,,0,0
13953,465100,,,,,,,,,,,,,,,,,,,,,,w,move_up,,0,0
13954,465133,,,,,,,,,,,,,,,,,,,,,,w,move_up,,0,0
13955,465167,,,,,,,,,,,,,,,,,,,,,,w,move_up,,0,0
13956,465200,,,,,,,,,,,,,,,,,,,,,,w,move_up,,0,0
13957,465233,,,,,,,,,,,,,,,,,,,,,,w,move_up,,0,0
13958,465267,,,,,,,,,,,,,,,,,,,,,,w,move_up,,0,0
13959,465300,,,,,,,,,,,,,,,,,,,,,,w,move_up,,0,0
13960,465333,,,,,,,,,,,,,,,,,,,,,,w,move_up,,0,0
13961,465367,,,,,,,,,,,,,,,,,,,,,,w,move_up,,0,0
13962,465400,,,,,,,,,,,,,,,,,,,,,,w,move_up,,0,0
13963,465433,,,,,,,,,,,,,,,,,,,,,,w,move_up,,0,0
13964,465467,,,,,,,,,,,,,,,,,,,,,,w,move_up,,0,0
13965,465500,,,,,,,,,,,,,,,,,,,,,,w,move_up,,0,0
13966,465533,,,,,,,,,,,,,,,,,,,,,,w,move_up,,0,0
13967,465567,,,,,,,,,,,,,,,,,,,,,,w,move_up,,0,0
13968,465600,,,,,,,,,,,,,,,,,,,,,,w,move_up,,0,0
13969,465633,,,,,,,,,,,,,,,,,,,,,,w,move_up,,-1,1
13970,465667,,,,,,,,,,,,,,,,,,,,,,w,move_up,,2,3
13971,465700,,,,,,,,,,,,,,,,,,,,,,w,move_up,,4,7
13972,465733,,,,,,,,,,,,,,,,,,,,,,w,move_up,,1,4
13973,465767,,,,,,,,,,,,,,,,,,,,,,w,move_up,,-4,4
13974,465800,,,,,,,,,,,,,,,,,,,,,,w,move_up,,-9,4
13975,465833,,,,,,,,,,,,,,,,,,,,,,d|w,move_up|move_right,,-4,2
13976,465867,,,,,,,,,,,,,,,,,,,,,,d|w,move_up|move_right,,-7,1
13977,465900,,,,,,,,,,,,,,,,,,,,,,d|w,move_up|move_right,,-4,1
13978,465933,,,,,,,,,,,,,,,,,,,,,,d|w,move_up|move_right,,-4,0
13979,465967,,,,,,,,,,,,,,,,,,,,,,d|w,move_up|move_right,,-3,0
13980,466000,,,,,,,,,,,,,,,,,,,,,,d|w,move_up|move_right,,-4,0
13981,466033,,,,,,,,,,,,,,,,,,,,,,w,move_up,,-7,1
13982,466067,,,,,,,,,,,,,,,,,,,,,,w,move_up,,-14,1
13983,466100,,,,,,,,,,,,,,,,,,,,,,w,move_up,,-10,1
13984,466133,,,,,,,,,,,,,,,,,,,,,,w,move_up,,-1,0
13985,466167,,,,,,,,,,,,,,,,,,,,,,w,move_up,,-1,2
13986,466200,,,,,,,,,,,,,,,,,,,,,,w,move_up,,0,3
13987,466233,,,,,,,,,,,,,,,,,,,,,,w,move_up,,0,6
13988,466267,,,,,,,,,,,,,,,,,,,,,,d|w,move_up|move_right,,-3,8
13989,466300,,,,,,,,,,,,,,,,,,,,,,d|w,move_up|move_right,,-6,8
13990,466333,,,,,,,,,,,,,,,,,,,,,,d|w,move_up|move_right,,-5,10
13991,466367,,,,,,,,,,,,,,,,,,,,,,w,move_up,,-5,13
13992,466400,,,,,,,,,,,,,,,,,,,,,,w,move_up,,-1,8
13993,466433,,,,,,,,,,,,,,,,,,,,,,w,move_up,,0,5
13994,466467,,,,,,,,,,,,,,,,,,,,,,w,move_up,,0,3
13995,466500,,,,,,,,,,,,,,,,,,,,,,w,move_up,,-3,6
13996,466533,,,,,,,,,,,,,,,,,,,,,,w,move_up,,-1,5
13997,466567,,,,,,,,,,,,,,,,,,,,,,w,move_up,,0,5
13998,466600,,,,,,,,,,,,,,,,,,,,,,w,move_up,,13,8
13999,466633,,,,,,,,,,,,,,,,,,,,,,w,move_up,,12,7
14000,466667,,,,,,,,,,,,,,,,,,,,,,w,move_up,,20,7
14001,466700,,,,,,,,,,,,,,,,,,,,,,w,move_up,,15,5
14002,466733,,,,,,,,,,,,,,,,,,,,,,w,move_up,,3,3
14003,466767,,,,,,,,,,,,,,,,,,,,,,w,move_up,,1,1
14004,466800,,,,,,,,,,,,,,,,,,,,,,w,move_up,,1,3
14005,466833,,,,,,,,,,,,,,,,,,,,,,w,move_up,,1,4
14006,466867,,,,,,,,,,,,,,,,,,,,,,w,move_up,,0,4
14007,466900,,,,,,,,,,,,,,,,,,,,,,w,move_up,,0,5
14008,466933,,,,,,,,,,,,,,,,,,,,,,w,move_up,,0,7
14009,466967,,,,,,,,,,,,,,,,,,,,,,w,move_up,,0,5
14010,467000,,,,,,,,,,,,,,,,,,,,,,w,move_up,,1,4
14011,467033,,,,,,,,,,,,,,,,,,,,,,w,move_up,,0,2
14012,467067,,,,,,,,,,,,,,,,,,,,,,w,move_up,,1,2
14013,467100,,,,,,,,,,,,,,,,,,,,,,,,,1,1
14014,467133,,,,,,,,,,,,,,,,,,,,,,,,,0,0
14015,467167,,,,,,,,,,,,,,,,,,,,,,,,,0,1
14016,467200,,,,,,,,,,,,,,,,,,,,,,,,,-3,3
14017,467233,,,,,,,,,,,,,,,,,,,,,,,,,-16,1
14018,467267,,,,,,,,,,,,,,,,,,,,,,,,,-28,0
14019,467300,,,,,,,,,,,,,,,,,,,,,,,,,-30,-5
14020,467333,,,,,,,,,,,,,,,,,,,,,,a,move_left,,-27,-7
14021,467367,,,,,,,,,,,,,,,,,,,,,,a|w,move_up|move_left,,-8,-2
14022,467400,,,,,,,,,,,,,,,,,,,,,,a|w,move_up|move_left,,0,0
14023,467433,,,,,,,,,,,,,,,,,,,,,,a|w,move_up|move_left,,0,0
14024,467467,,,,,,,,,,,,,,,,,,,,,,a|w,move_up|move_left,,4,0
14025,467500,,,,,,,,,,,,,,,,,,,,,,a|w,move_up|move_left,,5,2
14026,467533,,,,,,,,,,,,,,,,,,,,,,a|w,move_up|move_left,,7,4
14027,467567,,,,,,,,,,,,,,,,,,,,,,a|w,move_up|move_left,,4,3
14028,467600,,,,,,,,,,,,,,,,,,,,,,a|w,move_up|move_left,,2,1
14029,467633,,,,,,,,,,,,,,,,,,,,,,a|w,move_up|move_left,,4,4
14030,467667,,,,,,,,,,,,,,,,,,,,,,a|w,move_up|move_left,,7,5
14031,467700,,,,,,,,,,,,,,,,,,,,,,a|w,move_up|move_left,,12,5
14032,467733,,,,,,,,,,,,,,,,,,,,,,a|w,move_up|move_left,,16,8
14033,467767,,,,,,,,,,,,,,,,,,,,,,a,move_left,,18,6
14034,467800,,,,,,,,,,,,,,,,,,,,,,,,,14,4
14035,467833,,,,,,,,,,,,,,,,,,,,,,,,,5,1
14036,467867,,,,,,,,,,,,,,,,,,,,,,,,,12,1
14037,467900,,,,,,,,,,,,,,,,,,,,,,,,,12,1
14038,467933,,,,,,,,,,,,,,,,,,,,,,,,,8,0
14039,467967,,,,,,,,,,,,,,,,,,,,,,,,,7,0
14040,468000,,,,,,,,,,,,,,,,,,,,,,a,move_left,,1,0
14041,468033,,,,,,,,,,,,,,,,,,,,,,a,move_left,,0,0
14042,468067,,,,,,,,,,,,,,,,,,,,,,a,move_left,,-6,-3
14043,468100,,,,,,,,,,,,,,,,,,,,,,a,move_left,,-22,-4
14044,468133,,,,,,,,,,,,,,,,,,,,,,a,move_left,,-15,-1
14045,468167,,,,,,,,,,,,,,,,,,,,,,a,move_left,,0,0
14046,468200,,,,,,,,,,,,,,,,,,,,,,a|w,move_up|move_left,,7,1
14047,468233,,,,,,,,,,,,,,,,,,,,,,a|w,move_up|move_left,,16,3
14048,468267,,,,,,,,,,,,,,,,,,,,,,a|w,move_up|move_left,,16,3
14049,468300,,,,,,,,,,,,,,,,,,,,,,a|w,move_up|move_left,,9,1
14050,468333,,,,,,,,,,,,,,,,,,,,,,a|w,move_up|move_left,,7,0
14051,468367,,,,,,,,,,,,,,,,,,,,,,a|w,move_up|move_left,,4,0
14052,468400,,,,,,,,,,,,,,,,,,,,,,a|w,move_up|move_left,,4,0
14053,468433,,,,,,,,,,,,,,,,,,,,,,a|w,move_up|move_left,,11,3
14054,468467,,,,,,,,,,,,,,,,,,,,,,a|w,move_up|move_left,,20,5
14055,468500,,,,,,,,,,,,,,,,,,,,,,a|w,move_up|move_left,,19,5
14056,468533,,,,,,,,,,,,,,,,,,,,,,a,move_left,,25,6
14057,468567,,,,,,,,,,,,,,,,,,,,,,a,move_left,,37,6
14058,468600,,,,,,,,,,,,,,,,,,,,,,a,move_left,,31,4
14059,468633,,,,,,,,,,,,,,,,,,,,,,,,,26,2
14060,468667,,,,,,,,,,,,,,,,,,,,,,,,,20,0
14061,468700,,,,,,,,,,,,,,,,,,,,,,,,,9,-1
14062,468733,,,,,,,,,,,,,,,,,,,,,,,,,13,0
14063,468767,,,,,,,,,,,,,,,,,,,,,,,,,23,0
14064,468800,,,,,,,,,,,,,,,,,,,,,,a,move_left,,15,0
14065,468833,,,,,,,,,,,,,,,,,,,,,,a,move_left,,8,0
14066,468867,,,,,,,,,,,,,,,,,,,,,,a,move_left,,9,0
14067,468900,,,,,,,,,,,,,,,,,,,,,,a,move_left,,2,-2
14068,468933,,,,,,,,,,,,,,,,,,,,,,a,move_left,,0,-2
14069,468967,,,,,,,,,,,,,,,,,,,,,,a,move_left,,0,0
14070,469000,,,,,,,,,,,,,,,,,,,,,,a,move_left,,0,-1
14071,469033,,,,,,,,,,,,,,,,,,,,,,a|w,move_up|move_left,,9,0
14072,469067,,,,,,,,,,,,,,,,,,,,,,a|w,move_up|move_left,,23,-1
14073,469100,,,,,,,,,,,,,,,,,,,,,,a|w,move_up|move_left,,27,0
14074,469133,,,,,,,,,,,,,,,,,,,,,,a|w,move_up|move_left,,26,-2
14075,469167,,,,,,,,,,,,,,,,,,,,,,a|w,move_up|move_left,,3,-1
14076,469200,,,,,,,,,,,,,,,,,,,,,,a|w,move_up|move_left,,0,0
14077,469233,,,,,,,,,,,,,,,,,,,,,,a|w,move_up|move_left,,1,1
14078,469267,,,,,,,,,,,,,,,,,,,,,,,,,9,10
14079,469300,,,,,,,,,,,,,,,,,,,,,,,,,16,16
14080,469333,,,,,,,,,,,,,,,,,,,,,,,,,17,10
14081,469367,,,,,,,,,,,,,,,,,,,,,,,,,7,1
14082,469400,,,,,,,,,,,,,,,,,,,,,,,,,2,-4
14083,469433,,,,,,,,,,,,,,,,,,,,,,,,,2,-5
14084,469467,,,,,,,,,,,,,,,,,,,,,,,,,1,-3
14085,469500,,,,,,,,,,,,,,,,,,,,,,,,,0,-2
14086,469533,,,,,,,,,,,,,,,,,,,,,,a,move_left,,0,-1
14087,469567,,,,,,,,,,,,,,,,,,,,,,a,move_left,,-2,-1
14088,469600,,,,,,,,,,,,,,,,,,,,,,a,move_left,,-11,-1
14089,469633,,,,,,,,,,,,,,,,,,,,,,a,move_left,,-4,0
14090,469667,,,,,,,,,,,,,,,,,,,,,,a,move_left,,0,0
14091,469700,,,,,,,,,,,,,,,,,,,,,,a,move_left,,-1,0
14092,469733,,,,,,,,,,,,,,,,,,,,,,a,move_left,,2,0
14093,469767,,,,,,,,,,,,,,,,,,,,,,a,move_left,,6,0
14094,469800,,,,,,,,,,,,,,,,,,,,,,a,move_left,,8,1
14095,469833,,,,,,,,,,,,,,,,,,,,,,a,move_left,,3,0
14096,469867,,,,,,,,,,,,,,,,,,,,,,a,move_left,,6,1
14097,469900,,,,,,,,,,,,,,,,,,,,,,a,move_left,,9,2
14098,469933,,,,,,,,,,,,,,,,,,,,,,a,move_left,,10,0
14099,469967,,,,,,,,,,,,,,,,,,,,,,a,move_left,,19,1
14100,470000,,,,,,,,,,,,,,,,,,,,,,a,move_left,,17,0
14101,470033,,,,,,,,,,,,,,,,,,,,,,a,move_left,,11,-2
14102,470067,,,,,,,,,,,,,,,,,,,,,,,,,6,-2
14103,470100,,,,,,,,,,,,,,,,,,,,,,,,,10,-2
14104,470133,,,,,,,,,,,,,,,,,,,,,,,,,23,-2
14105,470167,,,,,,,,,,,,,,,,,,,,,,,,,0,0
14106,470200,,,,,,,,,,,,,,,,,,,,,,,,,0,0
14107,470233,,,,,,,,,,,,,,,,,,,,,,,,,0,0
14108,470267,,,,,,,,,,,,,,,,,,,,,,,,,0,0
14109,470300,,,,,,,,,,,,,,,,,,,,,,,,,0,0
14110,470333,,,,,,,,,,,,,,,,,,,,,,,,,0,0
14111,470367,,,,,,,,,,,,,,,,,,,,,,a,move_left,,0,-2
14112,470400,,,,,,,,,,,,,,,,,,,,,,a,move_left,,2,-1
14113,470433,,,,,,,,,,,,,,,,,,,,,,a,move_left,,-1,5
14114,470467,,,,,,,,,,,,,,,,,,,,,,a|w,move_up|move_left,,4,3
14115,470500,,,,,,,,,,,,,,,,,,,,,,a|w,move_up|move_left,,13,2
14116,470533,,,,,,,,,,,,,,,,,,,,,,a|w,move_up|move_left,,17,0
14117,470567,,,,,,,,,,,,,,,,,,,,,,a|w,move_up|move_left,,23,-2
14118,470600,,,,,,,,,,,,,,,,,,,,,,a|w,move_up|move_left,,27,-5
14119,470633,,,,,,,,,,,,,,,,,,,,,,a|w,move_up|move_left,,23,-6
14120,470667,,,,,,,,,,,,,,,,,,,,,,a|w,move_up|move_left,,8,-1
14121,470700,,,,,,,,,,,,,,,,,,,,,,a|w,move_up|move_left,,0,0
14122,470733,,,,,,,,,,,,,,,,,,,,,,a|w,move_up|move_left,,2,0
14123,470767,,,,,,,,,,,,,,,,,,,,,,a|w,move_up|move_left,,19,9
14124,470800,,,,,,,,,,,,,,,,,,,,,,a,move_left,,17,10
14125,470833,,,,,,,,,,,,,,,,,,,,,,a,move_left,,15,6
14126,470867,,,,,,,,,,,,,,,,,,,,,,a,move_left,,8,3
14127,470900,,,,,,,,,,,,,,,,,,,,,,,,,0,0
14128,470933,,,,,,,,,,,,,,,,,,,,,,,,,1,0
14129,470967,,,,,,,,,,,,,,,,,,,,,,,,,2,-1
14130,471000,,,,,,,,,,,,,,,,,,,,,,,,,2,-1
14131,471033,,,,,,,,,,,,,,,,,,,,,,,,,3,-1
14132,471067,,,,,,,,,,,,,,,,,,,,,,a,move_left,,5,-4
14133,471100,,,,,,,,,,,,,,,,,,,,,,a,move_left,,4,-4
14134,471133,,,,,,,,,,,,,,,,,,,,,,a,move_left,,0,-1
14135,471167,,,,,,,,,,,,,,,,,,,,,,a,move_left,,0,0
14136,471200,,,,,,,,,,,,,,,,,,,,,,a,move_left,,2,0
14137,471233,,,,,,,,,,,,,,,,,,,,,,,,,3,2
14138,471267,,,,,,,,,,,,,,,,,,,,,,,,,11,5
14139,471300,,,,,,,,,,,,,,,,,,,,,,,,,13,1
14140,471333,,,,,,,,,,,,,,,,,,,,,,,,,19,-1
14141,471367,,,,,,,,,,,,,,,,,,,,,,,,,13,-7
14142,471400,,,,,,,,,,,,,,,,,,,,,,,,,7,-5
14143,471433,,,,,,,,,,,,,,,,,,,,,,,,,0,-1
14144,471467,,,,,,,,,,,,,,,,,,,,,,,,,0,0
14145,471500,,,,,,,,,,,,,,,,,,,,,,,,,3,0
14146,471533,,,,,,,,,,,,,,,,,,,,,,e,interact,,7,-2
14147,471567,,,,,,,,,,,,,,,,,,,,,,e,interact,,4,-1
14148,471600,,,,,,,,,,,,,,,,,,,,,,e,interact,,3,0
14149,471633,,,,,,,,,,,,,,,,,,,,,,e,interact,,1,0
14150,471667,,,,,,,,,,,,,,,,,,,,,,e,interact,,0,0
14151,471700,,,,,,,,,,,,,,,,,,,,,,e,interact,,0,0
14152,471733,,,,,,,,,,,,,,,,,,,,,,e,interact,,0,0
14153,471767,,,,,,,,,,,,,,,,,,,,,,e,interact,,0,0
14154,471800,,,,,,,,,,,,,,,,,,,,,,e,interact,,1,0
14155,471833,,,,,,,,,,,,,,,,,,,,,,e,interact,,0,0
14156,471867,,,,,,,,,,,,,,,,,,,,,,e,interact,,0,0
14157,471900,,,,,,,,,,,,,,,,,,,,,,e,interact,,9,0
14158,471933,,,,,,,,,,,,,,,,,,,,,,e,interact,,4,0
14159,471967,,,,,,,,,,,,,,,,,,,,,,e,interact,,2,1
14160,472000,,,,,,,,,,,,,,,,,,,,,,e,interact,,0,0
14161,472033,,,,,,,,,,,,,,,,,,,,,,e,interact,,0,0
14162,472067,,,,,,,,,,,,,,,,,,,,,,e,interact,,0,0
14163,472100,,,,,,,,,,,,,,,,,,,,,,e,interact,,0,0
14164,472133,,,,,,,,,,,,,,,,,,,,,,e,interact,,0,0
14165,472167,,,,,,,,,,,,,,,,,,,,,,e,interact,,0,0
14166,472200,,,,,,,,,,,,,,,,,,,,,,e,interact,,0,0
14167,472233,,,,,,,,,,,,,,,,,,,,,,e,interact,,0,0
14168,472267,,,,,,,,,,,,,,,,,,,,,,e,interact,,0,0
14169,472300,,,,,,,,,,,,,,,,,,,,,,e,interact,,0,0
14170,472333,,,,,,,,,,,,,,,,,,,,,,e,interact,,0,0
14171,472367,,,,,,,,,,,,,,,,,,,,,,e,interact,,0,0
14172,472400,,,,,,,,,,,,,,,,,,,,,,e,interact,,0,0
14173,472433,,,,,,,,,,,,,,,,,,,,,,e,interact,,0,0
14174,472467,,,,,,,,,,,,,,,,,,,,,,e,interact,,0,0
14175,472500,,,,,,,,,,,,,,,,,,,,,,e,interact,,0,0
14176,472533,,,,,,,,,,,,,,,,,,,,,,e,interact,,0,-1
14177,472567,,,,,,,,,,,,,,,,,,,,,,e,interact,,3,-5
14178,472600,,,,,,,,,,,,,,,,,,,,,,e,interact,,0,1
14179,472633,,,,,,,,,,,,,,,,,,,,,,e,interact,,0,0
14180,472667,,,,,,,,,,,,,,,,,,,,,,e,interact,,0,0
14181,472700,,,,,,,,,,,,,,,,,,,,,,e,interact,,0,0
14182,472733,,,,,,,,,,,,,,,,,,,,,,e,interact,,0,0
14183,472767,,,,,,,,,,,,,,,,,,,,,,e,interact,,0,0
14184,472800,,,,,,,,,,,,,,,,,,,,,,e,interact,,0,0
14185,472833,,,,,,,,,,,,,,,,,,,,,,e,interact,,0,0
14186,472867,,,,,,,,,,,,,,,,,,,,,,e,interact,,0,0
14187,472900,,,,,,,,,,,,,,,,,,,,,,e,interact,,0,0
14188,472933,,,,,,,,,,,,,,,,,,,,,,e,interact,,0,0
14189,472967,,,,,,,,,,,,,,,,,,,,,,e,interact,,0,0
14190,473000,,,,,,,,,,,,,,,,,,,,,,e,interact,,0,0
14191,473033,,,,,,,,,,,,,,,,,,,,,,e,interact,,0,0
14192,473067,,,,,,,,,,,,,,,,,,,,,,e,interact,,0,0
14193,473100,,,,,,,,,,,,,,,,,,,,,,e,interact,,0,0
14194,473133,,,,,,,,,,,,,,,,,,,,,,e,interact,,0,0
14195,473167,,,,,,,,,,,,,,,,,,,,,,e,interact,,0,0
14196,473200,,,,,,,,,,,,,,,,,,,,,,e,interact,,0,0
14197,473233,,,,,,,,,,,,,,,,,,,,,,e,interact,,0,0
14198,473267,,,,,,,,,,,,,,,,,,,,,,e,interact,,0,0
14199,473300,,,,,,,,,,,,,,,,,,,,,,e,interact,,0,0
14200,473333,,,,,,,,,,,,,,,,,,,,,,e,interact,,0,0
14201,473367,,,,,,,,,,,,,,,,,,,,,,e,interact,,0,0
14202,473400,,,,,,,,,,,,,,,,,,,,,,e,interact,,0,0
14203,473433,,,,,,,,,,,,,,,,,,,,,,e,interact,,0,0
14204,473467,,,,,,,,,,,,,,,,,,,,,,e,interact,,0,0
14205,473500,,,,,,,,,,,,,,,,,,,,,,e,interact,,0,0
14206,473533,,,,,,,,,,,,,,,,,,,,,,e,interact,,0,0
14207,473567,,,,,,,,,,,,,,,,,,,,,,e,interact,,0,0
14208,473600,,,,,,,,,,,,,,,,,,,,,,e,interact,,0,0
14209,473633,,,,,,,,,,,,,,,,,,,,,,e,interact,,0,0
14210,473667,,,,,,,,,,,,,,,,,,,,,,e,interact,,0,0
14211,473700,,,,,,,,,,,,,,,,,,,,,,e,interact,,0,0
14212,473733,,,,,,,,,,,,,,,,,,,,,,e,interact,,0,0
14213,473767,,,,,,,,,,,,,,,,,,,,,,e,interact,,0,0
14214,473800,,,,,,,,,,,,,,,,,,,,,,e,interact,,0,0
14215,473833,,,,,,,,,,,,,,,,,,,,,,e,interact,,0,0
14216,473867,,,,,,,,,,,,,,,,,,,,,,e,interact,,0,0
14217,473900,,,,,,,,,,,,,,,,,,,,,,e,interact,,0,0
14218,473933,,,,,,,,,,,,,,,,,,,,,,e,interact,,0,0
14219,473967,,,,,,,,,,,,,,,,,,,,,,e,interact,,0,0
14220,474000,,,,,,,,,,,,,,,,,,,,,,e,interact,,0,0
14221,474033,,,,,,,,,,,,,,,,,,,,,,e,interact,,0,0
14222,474067,,,,,,,,,,,,,,,,,,,,,,e,interact,,0,0
14223,474100,,,,,,,,,,,,,,,,,,,,,,e,interact,,0,0
14224,474133,,,,,,,,,,,,,,,,,,,,,,e,interact,,0,0
14225,474167,,,,,,,,,,,,,,,,,,,,,,e,interact,,0,0
14226,474200,,,,,,,,,,,,,,,,,,,,,,e,interact,,0,0
14227,474233,,,,,,,,,,,,,,,,,,,,,,e,interact,,0,0
14228,474267,,,,,,,,,,,,,,,,,,,,,,e,interact,,0,0
14229,474300,,,,,,,,,,,,,,,,,,,,,,e,interact,,0,0
14230,474333,,,,,,,,,,,,,,,,,,,,,,e,interact,,0,0
14231,474367,,,,,,,,,,,,,,,,,,,,,,e,interact,,0,0
14232,474400,,,,,,,,,,,,,,,,,,,,,,e,interact,,0,0
14233,474433,,,,,,,,,,,,,,,,,,,,,,e,interact,,0,0
14234,474467,,,,,,,,,,,,,,,,,,,,,,e,interact,,0,0
14235,474500,,,,,,,,,,,,,,,,,,,,,,e,interact,,0,0
14236,474533,,,,,,,,,,,,,,,,,,,,,,e,interact,,-1,-1
14237,474567,,,,,,,,,,,,,,,,,,,,,,e,interact,,-16,-16
14238,474600,,,,,,,,,,,,,,,,,,,,,,e,interact,,-17,-17
14239,474633,,,,,,,,,,,,,,,,,,,,,,e,interact,,-18,-14
14240,474667,,,,,,,,,,,,,,,,,,,,,,e,interact,,-10,-8
14241,474700,,,,,,,,,,,,,,,,,,,,,,,,,-13,-8
14242,474733,,,,,,,,,,,,,,,,,,,,,,,,,-20,-11
14243,474767,,,,,,,,,,,,,,,,,,,,,,,,,-33,-30
14244,474800,,,,,,,,,,,,,,,,,,,,,,,,,-24,-29
14245,474833,,,,,,,,,,,,,,,,,,,,,,,,,-19,-23
14246,474867,,,,,,,,,,,,,,,,,,,,,,,,,-26,-19
14247,474900,,,,,,,,,,,,,,,,,,,,,,,,,-30,-12
14248,474933,,,,,,,,,,,,,,,,,,,,,,a,move_left,,-41,-10
14249,474967,,,,,,,,,,,,,,,,,,,,,,a,move_left,,-54,-14
14250,475000,,,,,,,,,,,,,,,,,,,,,,a,move_left,,-25,-8
14251,475033,,,,,,,,,,,,,,,,,,,,,,a|shift|w,move_up|move_left,,-7,-3
14252,475067,,,,,,,,,,,,,,,,,,,,,,a|shift|w,move_up|move_left,,0,0
14253,475100,,,,,,,,,,,,,,,,,,,,,,a|shift|w,move_up|move_left,,0,-1
14254,475133,,,,,,,,,,,,,,,,,,,,,,a|shift|w,move_up|move_left,,0,0
14255,475167,,,,,,,,,,,,,,,,,,,,,,a|shift|w,move_up|move_left,,3,-1
14256,475200,,,,,,,,,,,,,,,,,,,,,,a|shift|w,move_up|move_left,,10,-1
14257,475233,,,,,,,,,,,,,,,,,,,,,,a|shift|w,move_up|move_left,,63,-5
14258,475267,,,,,,,,,,,,,,,,,,,,,,a|shift|w,move_up|move_left,,144,-18
14259,475300,,,,,,,,,,,,,,,,,,,,,,a|shift|w,move_up|move_left,,82,-14
14260,475333,,,,,,,,,,,,,,,,,,,,,,a|shift|w,move_up|move_left,,8,-1
14261,475367,,,,,,,,,,,,,,,,,,,,,,shift|w,move_up,,0,0
14262,475400,,,,,,,,,,,,,,,,,,,,,,shift|w,move_up,,0,0
14263,475433,,,,,,,,,,,,,,,,,,,,,,shift|w,move_up,,0,0
14264,475467,,,,,,,,,,,,,,,,,,,,,,shift|w,move_up,,0,0
14265,475500,,,,,,,,,,,,,,,,,,,,,,shift|w,move_up,,0,0
14266,475533,,,,,,,,,,,,,,,,,,,,,,shift|w,move_up,,0,0
14267,475567,,,,,,,,,,,,,,,,,,,,,,shift|w,move_up,,-3,1
14268,475600,,,,,,,,,,,,,,,,,,,,,,shift|w,move_up,,-3,1
14269,475633,,,,,,,,,,,,,,,,,,,,,,shift|w,move_up,,-11,2
14270,475667,,,,,,,,,,,,,,,,,,,,,,shift|w,move_up,,-20,4
14271,475700,,,,,,,,,,,,,,,,,,,,,,shift|w,move_up,,-15,2
14272,475733,,,,,,,,,,,,,,,,,,,,,,shift|w,move_up,,0,0
14273,475767,,,,,,,,,,,,,,,,,,,,,,shift|w,move_up,,0,0
14274,475800,,,,,,,,,,,,,,,,,,,,,,shift|w,move_up,,9,-1
14275,475833,,,,,,,,,,,,,,,,,,,,,,d|shift|w,move_up|move_right,,16,-4
14276,475867,,,,,,,,,,,,,,,,,,,,,,d|shift|w,move_up|move_right,,16,-3
14277,475900,,,,,,,,,,,,,,,,,,,,,,d|shift|w,move_up|move_right,,5,-1
14278,475933,,,,,,,,,,,,,,,,,,,,,,d|shift|w,move_up|move_right,,7,0
14279,475967,,,,,,,,,,,,,,,,,,,,,,d|shift|w,move_up|move_right,,2,0
14280,476000,,,,,,,,,,,,,,,,,,,,,,d|shift|w,move_up|move_right,,0,0
14281,476033,,,,,,,,,,,,,,,,,,,,,,d|shift|w,move_up|move_right,,0,0
14282,476067,,,,,,,,,,,,,,,,,,,,,,d|shift|w,move_up|move_right,,0,0
14283,476100,,,,,,,,,,,,,,,,,,,,,,d|shift|w,move_up|move_right,,0,0
