frame_id,timestamp_ms,c2w_m00,c2w_m01,c2w_m02,c2w_m03,c2w_m10,c2w_m11,c2w_m12,c2w_m13,c2w_m20,c2w_m21,c2w_m22,c2w_m23,c2w_m30,c2w_m31,c2w_m32,c2w_m33,camera_model,camera_fx,camera_fy,camera_cx,camera_cy,camera_radial_k1,camera_radial_k2,camera_radial_k3,camera_radial_k4,camera_radial_k5,camera_radial_k6,camera_tangential_p1,camera_tangential_p2,input_keys,input_actions,input_mouse_buttons,input_mouse_dx,input_mouse_dy
0,0,,,,,,,,,,,,,,,,,,,,,,,,,,,,,,,look,,71.0,6.0
1,33,,,,,,,,,,,,,,,,,,,,,,,,,,,,,,,look,,72.0,-2.0
2,67,,,,,,,,,,,,,,,,,,,,,,,,,,,,,,,look,,32.0,-5.0
3,100,,,,,,,,,,,,,,,,,,,,,,,,,,,,,,,look,,6.0,-1.0
4,133,,,,,,,,,,,,,,,,,,,,,,,,,,,,,,,look,,1.0,0.0
5,167,,,,,,,,,,,,,,,,,,,,,,,,,,,,,,,,,0.0,0.0
6,200,,,,,,,,,,,,,,,,,,,,,,,,,,,,,,,,,0.0,0.0
7,233,,,,,,,,,,,,,,,,,,,,,,,,,,,,,,,,,0.0,0.0
8,267,,,,,,,,,,,,,,,,,,,,,,,,,,,,,,,,,0.0,0.0
9,300,,,,,,,,,,,,,,,,,,,,,,,,,,,,,,W,move_forward,,0.0,0.0
10,333,,,,,,,,,,,,,,,,,,,,,,,,,,,,,,,look,,0.0,-1.0
11,367,,,,,,,,,,,,,,,,,,,,,,,,,,,,,,,look,,-1.0,-1.0
12,400,,,,,,,,,,,,,,,,,,,,,,,,,,,,,,,look,,-4.0,-4.0
13,433,,,,,,,,,,,,,,,,,,,,,,,,,,,,,,,look,,-2.0,-2.0
14,467,,,,,,,,,,,,,,,,,,,,,,,,,,,,,,,look,,-1.0,0.0
15,500,,,,,,,,,,,,,,,,,,,,,,,,,,,,,,,,,0.0,0.0
16,533,,,,,,,,,,,,,,,,,,,,,,,,,,,,,,,,,0.0,0.0
17,567,,,,,,,,,,,,,,,,,,,,,,,,,,,,,,,,,0.0,0.0
18,600,,,,,,,,,,,,,,,,,,,,,,,,,,,,,,,,,0.0,0.0
19,633,,,,,,,,,,,,,,,,,,,,,,,,,,,,,,,,,0.0,0.0
20,667,,,,,,,,,,,,,,,,,,,,,,,,,,,,,,,,,0.0,0.0
21,700,,,,,,,,,,,,,,,,,,,,,,,,,,,,,,,,,0.0,0.0
22,733,,,,,,,,,,,,,,,,,,,,,,,,,,,,,,,,,0.0,0.0
23,767,,,,,,,,,,,,,,,,,,,,,,,,,,,,,,,,,0.0,0.0
24,800,,,,,,,,,,,,,,,,,,,,,,,,,,,,,,,,,0.0,0.0
25,833,,,,,,,,,,,,,,,,,,,,,,,,,,,,,,,,,0.0,0.0
26,867,,,,,,,,,,,,,,,,,,,,,,,,,,,,,,,,,0.0,0.0
27,900,,,,,,,,,,,,,,,,,,,,,,,,,,,,,,,,,0.0,0.0
28,933,,,,,,,,,,,,,,,,,,,,,,,,,,,,,,,,,0.0,0.0
29,967,,,,,,,,,,,,,,,,,,,,,,,,,,,,,,,,,0.0,0.0
30,1000,,,,,,,,,,,,,,,,,,,,,,,,,,,,,,,,,0.0,0.0
31,1033,,,,,,,,,,,,,,,,,,,,,,,,,,,,,,,,,0.0,0.0
32,1067,,,,,,,,,,,,,,,,,,,,,,,,,,,,,,,look,,-6.0,1.0
33,1100,,,,,,,,,,,,,,,,,,,,,,,,,,,,,,,look,,-10.0,3.0
34,1133,,,,,,,,,,,,,,,,,,,,,,,,,,,,,,,look,,-21.0,4.0
35,1167,,,,,,,,,,,,,,,,,,,,,,,,,,,,,,,look,,-38.0,0.0
36,1200,,,,,,,,,,,,,,,,,,,,,,,,,,,,,,,look,,-50.0,0.0
37,1233,,,,,,,,,,,,,,,,,,,,,,,,,,,,,,,look,,-38.0,-1.0
38,1267,,,,,,,,,,,,,,,,,,,,,,,,,,,,,,,look,,-39.0,-8.0
39,1300,,,,,,,,,,,,,,,,,,,,,,,,,,,,,,,look,,-17.0,-4.0
40,1333,,,,,,,,,,,,,,,,,,,,,,,,,,,,,,,look,,-4.0,0.0
41,1367,,,,,,,,,,,,,,,,,,,,,,,,,,,,,,,look,,-5.0,0.0
42,1400,,,,,,,,,,,,,,,,,,,,,,,,,,,,,,,look,,-12.0,0.0
43,1433,,,,,,,,,,,,,,,,,,,,,,,,,,,,,,,look,,-13.0,1.0
44,1467,,,,,,,,,,,,,,,,,,,,,,,,,,,,,,,look,,-20.0,1.0
45,1500,,,,,,,,,,,,,,,,,,,,,,,,,,,,,,,look,,-23.0,0.0
46,1533,,,,,,,,,,,,,,,,,,,,,,,,,,,,,,,look,,-14.0,-1.0
47,1567,,,,,,,,,,,,,,,,,,,,,,,,,,,,,,,look,,-2.0,-1.0
48,1600,,,,,,,,,,,,,,,,,,,,,,,,,,,,,,,,,0.0,0.0
49,1633,,,,,,,,,,,,,,,,,,,,,,,,,,,,,,,,,0.0,0.0
50,1667,,,,,,,,,,,,,,,,,,,,,,,,,,,,,,,look,,-1.0,0.0
51,1700,,,,,,,,,,,,,,,,,,,,,,,,,,,,,,,look,,-3.0,0.0
52,1733,,,,,,,,,,,,,,,,,,,,,,,,,,,,,,,look,,-7.0,0.0
53,1767,,,,,,,,,,,,,,,,,,,,,,,,,,,,,,,look,,-14.0,-2.0
54,1800,,,,,,,,,,,,,,,,,,,,,,,,,,,,,,,look,,-16.0,-4.0
55,1833,,,,,,,,,,,,,,,,,,,,,,,,,,,,,,,look,,-18.0,-4.0
56,1867,,,,,,,,,,,,,,,,,,,,,,,,,,,,,,,look,,-19.0,-5.0
57,1900,,,,,,,,,,,,,,,,,,,,,,,,,,,,,,,look,,-29.0,-10.0
58,1933,,,,,,,,,,,,,,,,,,,,,,,,,,,,,,,look,,-45.0,-21.0
59,1967,,,,,,,,,,,,,,,,,,,,,,,,,,,,,,,look,,-41.0,-13.0
60,2000,,,,,,,,,,,,,,,,,,,,,,,,,,,,,,,look,,-27.0,-3.0
61,2033,,,,,,,,,,,,,,,,,,,,,,,,,,,,,,,look,,-9.0,-2.0
62,2067,,,,,,,,,,,,,,,,,,,,,,,,,,,,,,,,,0.0,0.0
63,2100,,,,,,,,,,,,,,,,,,,,,,,,,,,,,,,look,,25.0,-6.0
64,2133,,,,,,,,,,,,,,,,,,,,,,,,,,,,,,,look,,86.0,-10.0
65,2167,,,,,,,,,,,,,,,,,,,,,,,,,,,,,,,look,,99.0,-2.0
66,2200,,,,,,,,,,,,,,,,,,,,,,,,,,,,,,,look,,88.0,0.0
67,2233,,,,,,,,,,,,,,,,,,,,,,,,,,,,,,,look,,68.0,7.0
68,2267,,,,,,,,,,,,,,,,,,,,,,,,,,,,,,,look,,56.0,14.0
69,2300,,,,,,,,,,,,,,,,,,,,,,,,,,,,,,,look,,21.0,8.0
70,2333,,,,,,,,,,,,,,,,,,,,,,,,,,,,,,8,select_weapon|look,,4.0,3.0
71,2367,,,,,,,,,,,,,,,,,,,,,,,,,,,,,,8,select_weapon|look,,1.0,0.0
72,2400,,,,,,,,,,,,,,,,,,,,,,,,,,,,,,8,select_weapon,,0.0,0.0
73,2433,,,,,,,,,,,,,,,,,,,,,,,,,,,,,,8,select_weapon,,0.0,0.0
74,2467,,,,,,,,,,,,,,,,,,,,,,,,,,,,,,8,select_weapon|look,,-11.0,0.0
75,2500,,,,,,,,,,,,,,,,,,,,,,,,,,,,,,,look,,-24.0,-4.0
76,2533,,,,,,,,,,,,,,,,,,,,,,,,,,,,,,,look,,-54.0,-6.0
77,2567,,,,,,,,,,,,,,,,,,,,,,,,,,,,,,,look,,-47.0,-9.0
78,2600,,,,,,,,,,,,,,,,,,,,,,,,,,,,,,,look,,-35.0,-14.0
79,2633,,,,,,,,,,,,,,,,,,,,,,,,,,,,,,,look,,-21.0,-10.0
80,2667,,,,,,,,,,,,,,,,,,,,,,,,,,,,,,,look,,-4.0,-2.0
81,2700,,,,,,,,,,,,,,,,,,,,,,,,,,,,,,,look,,-1.0,0.0
82,2733,,,,,,,,,,,,,,,,,,,,,,,,,,,,,,,,,0.0,0.0
83,2767,,,,,,,,,,,,,,,,,,,,,,,,,,,,,,,,,0.0,0.0
84,2800,,,,,,,,,,,,,,,,,,,,,,,,,,,,,,,look,,6.0,0.0
85,2833,,,,,,,,,,,,,,,,,,,,,,,,,,,,,,,look,,12.0,0.0
86,2867,,,,,,,,,,,,,,,,,,,,,,,,,,,,,,,look,,16.0,0.0
87,2900,,,,,,,,,,,,,,,,,,,,,,,,,,,,,,,look,,16.0,0.0
88,2933,,,,,,,,,,,,,,,,,,,,,,,,,,,,,,,look,,14.0,1.0
89,2967,,,,,,,,,,,,,,,,,,,,,,,,,,,,,,,look,,10.0,2.0
90,3000,,,,,,,,,,,,,,,,,,,,,,,,,,,,,,,look,,3.0,0.0
91,3033,,,,,,,,,,,,,,,,,,,,,,,,,,,,,,,look,,1.0,0.0
92,3067,,,,,,,,,,,,,,,,,,,,,,,,,,,,,,,look,,-4.0,-18.0
93,3100,,,,,,,,,,,,,,,,,,,,,,,,,,,,,,,look,,-19.0,-50.0
94,3133,,,,,,,,,,,,,,,,,,,,,,,,,,,,,,,look,,-17.0,-31.0
95,3167,,,,,,,,,,,,,,,,,,,,,,,,,,,,,,,look,,-7.0,-10.0
96,3200,,,,,,,,,,,,,,,,,,,,,,,,,,,,,,,look,,0.0,-1.0
97,3233,,,,,,,,,,,,,,,,,,,,,,,,,,,,,,,look,,-1.0,0.0
98,3267,,,,,,,,,,,,,,,,,,,,,,,,,,,,,,,,,0.0,0.0
99,3300,,,,,,,,,,,,,,,,,,,,,,,,,,,,,,,,,0.0,0.0
100,3333,,,,,,,,,,,,,,,,,,,,,,,,,,,,,,,look,,-1.0,0.0
101,3367,,,,,,,,,,,,,,,,,,,,,,,,,,,,,,,,,0.0,0.0
102,3400,,,,,,,,,,,,,,,,,,,,,,,,,,,,,,,look,,0.0,1.0
103,3433,,,,,,,,,,,,,,,,,,,,,,,,,,,,,,,look,,0.0,4.0
104,3467,,,,,,,,,,,,,,,,,,,,,,,,,,,,,,,look,,3.0,16.0
105,3500,,,,,,,,,,,,,,,,,,,,,,,,,,,,,,,look,,14.0,21.0
106,3533,,,,,,,,,,,,,,,,,,,,,,,,,,,,,,,look,,26.0,34.0
107,3567,,,,,,,,,,,,,,,,,,,,,,,,,,,,,,,look,,18.0,25.0
108,3600,,,,,,,,,,,,,,,,,,,,,,,,,,,,,,,look,,16.0,23.0
109,3633,,,,,,,,,,,,,,,,,,,,,,,,,,,,,,,look,,13.0,22.0
110,3667,,,,,,,,,,,,,,,,,,,,,,,,,,,,,,,look,,12.0,21.0
111,3700,,,,,,,,,,,,,,,,,,,,,,,,,,,,,,,look,,7.0,13.0
112,3733,,,,,,,,,,,,,,,,,,,,,,,,,,,,,,,look,,2.0,4.0
113,3767,,,,,,,,,,,,,,,,,,,,,,,,,,,,,,,look,,0.0,1.0
114,3800,,,,,,,,,,,,,,,,,,,,,,,,,,,,,,W,move_forward,,0.0,0.0
115,3833,,,,,,,,,,,,,,,,,,,,,,,,,,,,,,W,move_forward,,0.0,0.0
116,3867,,,,,,,,,,,,,,,,,,,,,,,,,,,,,,W,move_forward,,0.0,0.0
117,3900,,,,,,,,,,,,,,,,,,,,,,,,,,,,,,W,move_forward,,0.0,0.0
118,3933,,,,,,,,,,,,,,,,,,,,,,,,,,,,,,W,move_forward,,0.0,0.0
119,3967,,,,,,,,,,,,,,,,,,,,,,,,,,,,,,W,move_forward,,0.0,0.0
120,4000,,,,,,,,,,,,,,,,,,,,,,,,,,,,,,W,move_forward|look,,-5.0,0.0
121,4033,,,,,,,,,,,,,,,,,,,,,,,,,,,,,,W,move_forward|look,,-7.0,0.0
122,4067,,,,,,,,,,,,,,,,,,,,,,,,,,,,,,W,move_forward|look,,-16.0,-2.0
123,4100,,,,,,,,,,,,,,,,,,,,,,,,,,,,,,W,move_forward|look,,-36.0,-4.0
124,4133,,,,,,,,,,,,,,,,,,,,,,,,,,,,,,W,move_forward|look,,-56.0,-7.0
125,4167,,,,,,,,,,,,,,,,,,,,,,,,,,,,,,W,move_forward|look,,-68.0,-11.0
126,4200,,,,,,,,,,,,,,,,,,,,,,,,,,,,,,W,move_forward|look,,-78.0,-16.0
127,4233,,,,,,,,,,,,,,,,,,,,,,,,,,,,,,W,move_forward|look,,-74.0,-33.0
128,4267,,,,,,,,,,,,,,,,,,,,,,,,,,,,,,W,move_forward|look,,-36.0,-20.0
129,4300,,,,,,,,,,,,,,,,,,,,,,,,,,,,,,W,move_forward|look,,-4.0,-3.0
130,4333,,,,,,,,,,,,,,,,,,,,,,,,,,,,,,W,move_forward,,0.0,0.0
131,4367,,,,,,,,,,,,,,,,,,,,,,,,,,,,,,W,move_forward,,0.0,0.0
132,4400,,,,,,,,,,,,,,,,,,,,,,,,,,,,,,W,move_forward,,0.0,0.0
133,4433,,,,,,,,,,,,,,,,,,,,,,,,,,,,,,W,move_forward,,0.0,0.0
134,4467,,,,,,,,,,,,,,,,,,,,,,,,,,,,,,W,move_forward,,0.0,0.0
135,4500,,,,,,,,,,,,,,,,,,,,,,,,,,,,,,W,move_forward,,0.0,0.0
136,4533,,,,,,,,,,,,,,,,,,,,,,,,,,,,,,W,move_forward,,0.0,0.0
137,4567,,,,,,,,,,,,,,,,,,,,,,,,,,,,,,W,move_forward,,0.0,0.0
138,4600,,,,,,,,,,,,,,,,,,,,,,,,,,,,,,W,move_forward|look,,-4.0,0.0
139,4633,,,,,,,,,,,,,,,,,,,,,,,,,,,,,,W,move_forward|look,,-31.0,1.0
140,4667,,,,,,,,,,,,,,,,,,,,,,,,,,,,,,W,move_forward|look,,-42.0,7.0
141,4700,,,,,,,,,,,,,,,,,,,,,,,,,,,,,,W,move_forward|look,,-31.0,2.0
142,4733,,,,,,,,,,,,,,,,,,,,,,,,,,,,,,W,move_forward|look,,-33.0,1.0
143,4767,,,,,,,,,,,,,,,,,,,,,,,,,,,,,,W,move_forward|look,,-31.0,6.0
144,4800,,,,,,,,,,,,,,,,,,,,,,,,,,,,,,W,move_forward|look,,-19.0,8.0
145,4833,,,,,,,,,,,,,,,,,,,,,,,,,,,,,,W,move_forward|look,,-23.0,11.0
146,4867,,,,,,,,,,,,,,,,,,,,,,,,,,,,,,W,move_forward|look,,-25.0,6.0
147,4900,,,,,,,,,,,,,,,,,,,,,,,,,,,,,,W,move_forward|look,,-22.0,1.0
148,4933,,,,,,,,,,,,,,,,,,,,,,,,,,,,,,W,move_forward|look,,-9.0,0.0
149,4967,,,,,,,,,,,,,,,,,,,,,,,,,,,,,,W,move_forward|look,,-1.0,0.0
150,5000,,,,,,,,,,,,,,,,,,,,,,,,,,,,,,W,move_forward|look,,1.0,1.0
151,5033,,,,,,,,,,,,,,,,,,,,,,,,,,,,,,W,move_forward,,0.0,0.0
152,5067,,,,,,,,,,,,,,,,,,,,,,,,,,,,,,W,move_forward,,0.0,0.0
153,5100,,,,,,,,,,,,,,,,,,,,,,,,,,,,,,W,move_forward,,0.0,0.0
154,5133,,,,,,,,,,,,,,,,,,,,,,,,,,,,,,W,move_forward,,0.0,0.0
155,5167,,,,,,,,,,,,,,,,,,,,,,,,,,,,,,W,move_forward,,0.0,0.0
156,5200,,,,,,,,,,,,,,,,,,,,,,,,,,,,,,W,move_forward|look,,-7.0,7.0
157,5233,,,,,,,,,,,,,,,,,,,,,,,,,,,,,,W,move_forward|look,,-70.0,44.0
158,5267,,,,,,,,,,,,,,,,,,,,,,,,,,,,,,W,move_forward|look,,-135.0,62.0
159,5300,,,,,,,,,,,,,,,,,,,,,,,,,,,,,,W,move_forward|look,,-131.0,55.0
160,5333,,,,,,,,,,,,,,,,,,,,,,,,,,,,,,W,move_forward|look,,-99.0,42.0
161,5367,,,,,,,,,,,,,,,,,,,,,,,,,,,,,,W,move_forward|look,,-56.0,15.0
162,5400,,,,,,,,,,,,,,,,,,,,,,,,,,,,,,W,move_forward|look,,-31.0,6.0
163,5433,,,,,,,,,,,,,,,,,,,,,,,,,,,,,,W,move_forward|look,,-20.0,3.0
164,5467,,,,,,,,,,,,,,,,,,,,,,,,,,,,,,W,move_forward|look,,-11.0,0.0
165,5500,,,,,,,,,,,,,,,,,,,,,,,,,,,,,,W,move_forward|fire|look,Left,-1.0,0.0
166,5533,,,,,,,,,,,,,,,,,,,,,,,,,,,,,,W,move_forward|fire,Left,0.0,0.0
167,5567,,,,,,,,,,,,,,,,,,,,,,,,,,,,,,W,move_forward|fire,Left,0.0,0.0
168,5600,,,,,,,,,,,,,,,,,,,,,,,,,,,,,,W,move_forward|fire,Left,0.0,0.0
169,5633,,,,,,,,,,,,,,,,,,,,,,,,,,,,,,W,move_forward|fire,Left,0.0,0.0
170,5667,,,,,,,,,,,,,,,,,,,,,,,,,,,,,,W,move_forward|fire,Left,0.0,0.0
171,5700,,,,,,,,,,,,,,,,,,,,,,,,,,,,,,W,move_forward,,0.0,0.0
172,5733,,,,,,,,,,,,,,,,,,,,,,,,,,,,,,W,move_forward,,0.0,0.0
173,5767,,,,,,,,,,,,,,,,,,,,,,,,,,,,,,W,move_forward,,0.0,0.0
174,5800,,,,,,,,,,,,,,,,,,,,,,,,,,,,,,W,move_forward,,0.0,0.0
175,5833,,,,,,,,,,,,,,,,,,,,,,,,,,,,,,W,move_forward,,0.0,0.0
176,5867,,,,,,,,,,,,,,,,,,,,,,,,,,,,,,W,move_forward,,0.0,0.0
177,5900,,,,,,,,,,,,,,,,,,,,,,,,,,,,,,W,move_forward,,0.0,0.0
178,5933,,,,,,,,,,,,,,,,,,,,,,,,,,,,,,W,move_forward,,0.0,0.0
179,5967,,,,,,,,,,,,,,,,,,,,,,,,,,,,,,W,move_forward,,0.0,0.0
180,6000,,,,,,,,,,,,,,,,,,,,,,,,,,,,,,W,move_forward,,0.0,0.0
181,6033,,,,,,,,,,,,,,,,,,,,,,,,,,,,,,W,move_forward,,0.0,0.0
182,6067,,,,,,,,,,,,,,,,,,,,,,,,,,,,,,W,move_forward|look,,1.0,0.0
183,6100,,,,,,,,,,,,,,,,,,,,,,,,,,,,,,W,move_forward|look,,22.0,0.0
184,6133,,,,,,,,,,,,,,,,,,,,,,,,,,,,,,W,move_forward|look,,26.0,0.0
185,6167,,,,,,,,,,,,,,,,,,,,,,,,,,,,,,W,move_forward|look,,27.0,0.0
186,6200,,,,,,,,,,,,,,,,,,,,,,,,,,,,,,W,move_forward|look,,11.0,0.0
187,6233,,,,,,,,,,,,,,,,,,,,,,,,,,,,,,W,move_forward|look,,3.0,0.0
188,6267,,,,,,,,,,,,,,,,,,,,,,,,,,,,,,W,move_forward|look,,-2.0,0.0
189,6300,,,,,,,,,,,,,,,,,,,,,,,,,,,,,,W,move_forward|look,,-38.0,0.0
190,6333,,,,,,,,,,,,,,,,,,,,,,,,,,,,,,W,move_forward|look,,-138.0,4.0
191,6367,,,,,,,,,,,,,,,,,,,,,,,,,,,,,,W,move_forward|look,,-233.0,0.0
192,6400,,,,,,,,,,,,,,,,,,,,,,,,,,,,,,W,move_forward|look,,-172.0,0.0
193,6433,,,,,,,,,,,,,,,,,,,,,,,,,,,,,,W,move_forward|look,,-84.0,0.0
194,6467,,,,,,,,,,,,,,,,,,,,,,,,,,,,,,W,move_forward|look,,-38.0,0.0
195,6500,,,,,,,,,,,,,,,,,,,,,,,,,,,,,,W,move_forward|look,,-8.0,0.0
196,6533,,,,,,,,,,,,,,,,,,,,,,,,,,,,,,W,move_forward,,0.0,0.0
197,6567,,,,,,,,,,,,,,,,,,,,,,,,,,,,,,W,move_forward,,0.0,0.0
198,6600,,,,,,,,,,,,,,,,,,,,,,,,,,,,,,W,move_forward,,0.0,0.0
199,6633,,,,,,,,,,,,,,,,,,,,,,,,,,,,,,W,move_forward,,0.0,0.0
200,6667,,,,,,,,,,,,,,,,,,,,,,,,,,,,,,W,move_forward|look,,13.0,7.0
201,6700,,,,,,,,,,,,,,,,,,,,,,,,,,,,,,W,move_forward|look,,7.0,11.0
202,6733,,,,,,,,,,,,,,,,,,,,,,,,,,,,,,W,move_forward|look,,-53.0,33.0
203,6767,,,,,,,,,,,,,,,,,,,,,,,,,,,,,,W,move_forward|look,,-559.0,105.0
204,6800,,,,,,,,,,,,,,,,,,,,,,,,,,,,,,W,move_forward|look,,-507.0,25.0
205,6833,,,,,,,,,,,,,,,,,,,,,,,,,,,,,,W,move_forward|look,,-261.0,-15.0
206,6867,,,,,,,,,,,,,,,,,,,,,,,,,,,,,,W,move_forward|look,,-94.0,-24.0
207,6900,,,,,,,,,,,,,,,,,,,,,,,,,,,,,,W,move_forward|look,,-26.0,-7.0
208,6933,,,,,,,,,,,,,,,,,,,,,,,,,,,,,,W,move_forward|look,,-3.0,0.0
209,6967,,,,,,,,,,,,,,,,,,,,,,,,,,,,,,W,move_forward|look,,-1.0,0.0
210,7000,,,,,,,,,,,,,,,,,,,,,,,,,,,,,,W,move_forward|look,,-1.0,-1.0
211,7033,,,,,,,,,,,,,,,,,,,,,,,,,,,,,,A|W,move_forward|move_left,,0.0,0.0
212,7067,,,,,,,,,,,,,,,,,,,,,,,,,,,,,,A|W,move_forward|move_left,,0.0,0.0
213,7100,,,,,,,,,,,,,,,,,,,,,,,,,,,,,,A|W,move_forward|move_left|look,,0.0,-1.0
214,7133,,,,,,,,,,,,,,,,,,,,,,,,,,,,,,A|W,move_forward|move_left,,0.0,0.0
215,7167,,,,,,,,,,,,,,,,,,,,,,,,,,,,,,A|W,move_forward|move_left|look,,0.0,-2.0
216,7200,,,,,,,,,,,,,,,,,,,,,,,,,,,,,,A|W,move_forward|move_left,,0.0,0.0
217,7233,,,,,,,,,,,,,,,,,,,,,,,,,,,,,,A|W,move_forward|move_left,,0.0,0.0
218,7267,,,,,,,,,,,,,,,,,,,,,,,,,,,,,,A|W,move_forward|move_left,,0.0,0.0
219,7300,,,,,,,,,,,,,,,,,,,,,,,,,,,,,,A|W,move_forward|move_left,,0.0,0.0
220,7333,,,,,,,,,,,,,,,,,,,,,,,,,,,,,,W,move_forward,,0.0,0.0
221,7367,,,,,,,,,,,,,,,,,,,,,,,,,,,,,,W,move_forward,,0.0,0.0
222,7400,,,,,,,,,,,,,,,,,,,,,,,,,,,,,,W,move_forward,,0.0,0.0
223,7433,,,,,,,,,,,,,,,,,,,,,,,,,,,,,,W,move_forward,,0.0,0.0
224,7467,,,,,,,,,,,,,,,,,,,,,,,,,,,,,,W,move_forward,,0.0,0.0
225,7500,,,,,,,,,,,,,,,,,,,,,,,,,,,,,,W,move_forward|look,,0.0,-4.0
226,7533,,,,,,,,,,,,,,,,,,,,,,,,,,,,,,W,move_forward|look,,18.0,-29.0
227,7567,,,,,,,,,,,,,,,,,,,,,,,,,,,,,,W,move_forward|look,,96.0,-59.0
228,7600,,,,,,,,,,,,,,,,,,,,,,,,,,,,,,W,move_forward|look,,136.0,-48.0
229,7633,,,,,,,,,,,,,,,,,,,,,,,,,,,,,,W,move_forward|look,,125.0,-14.0
230,7667,,,,,,,,,,,,,,,,,,,,,,,,,,,,,,W,move_forward|look,,42.0,0.0
231,7700,,,,,,,,,,,,,,,,,,,,,,,,,,,,,,,look,,11.0,1.0
232,7733,,,,,,,,,,,,,,,,,,,,,,,,,,,,,,,look,,0.0,1.0
233,7767,,,,,,,,,,,,,,,,,,,,,,,,,,,,,,,look,,-4.0,1.0
234,7800,,,,,,,,,,,,,,,,,,,,,,,,,,,,,,,look,,-20.0,5.0
235,7833,,,,,,,,,,,,,,,,,,,,,,,,,,,,,,,look,,-23.0,6.0
236,7867,,,,,,,,,,,,,,,,,,,,,,,,,,,,,,,look,,-14.0,5.0
237,7900,,,,,,,,,,,,,,,,,,,,,,,,,,,,,,,look,,-10.0,4.0
238,7933,,,,,,,,,,,,,,,,,,,,,,,,,,,,,,,look,,-2.0,1.0
239,7967,,,,,,,,,,,,,,,,,,,,,,,,,,,,,,,fire,Left,0.0,0.0
240,8000,,,,,,,,,,,,,,,,,,,,,,,,,,,,,,W,move_forward|fire,Left,0.0,0.0
241,8033,,,,,,,,,,,,,,,,,,,,,,,,,,,,,,W,move_forward|fire,Left,0.0,0.0
242,8067,,,,,,,,,,,,,,,,,,,,,,,,,,,,,,W,move_forward|fire,Left,0.0,0.0
243,8100,,,,,,,,,,,,,,,,,,,,,,,,,,,,,,W,move_forward|fire,Left,0.0,0.0
244,8133,,,,,,,,,,,,,,,,,,,,,,,,,,,,,,W,move_forward,,0.0,0.0
245,8167,,,,,,,,,,,,,,,,,,,,,,,,,,,,,,W,move_forward,,0.0,0.0
246,8200,,,,,,,,,,,,,,,,,,,,,,,,,,,,,,W,move_forward,,0.0,0.0
247,8233,,,,,,,,,,,,,,,,,,,,,,,,,,,,,,W,move_forward,,0.0,0.0
248,8267,,,,,,,,,,,,,,,,,,,,,,,,,,,,,,W,move_forward,,0.0,0.0
249,8300,,,,,,,,,,,,,,,,,,,,,,,,,,,,,,W,move_forward,,0.0,0.0
250,8333,,,,,,,,,,,,,,,,,,,,,,,,,,,,,,W,move_forward,,0.0,0.0
251,8367,,,,,,,,,,,,,,,,,,,,,,,,,,,,,,W,move_forward,,0.0,0.0
252,8400,,,,,,,,,,,,,,,,,,,,,,,,,,,,,,W,move_forward,,0.0,0.0
253,8433,,,,,,,,,,,,,,,,,,,,,,,,,,,,,,W,move_forward,,0.0,0.0
254,8467,,,,,,,,,,,,,,,,,,,,,,,,,,,,,,W,move_forward,,0.0,0.0
255,8500,,,,,,,,,,,,,,,,,,,,,,,,,,,,,,W,move_forward,,0.0,0.0
256,8533,,,,,,,,,,,,,,,,,,,,,,,,,,,,,,W,move_forward|look,,7.0,-5.0
257,8567,,,,,,,,,,,,,,,,,,,,,,,,,,,,,,W,move_forward|look,,18.0,-10.0
258,8600,,,,,,,,,,,,,,,,,,,,,,,,,,,,,,W,move_forward|look,,11.0,-8.0
259,8633,,,,,,,,,,,,,,,,,,,,,,,,,,,,,,W,move_forward|look,,11.0,-18.0
260,8667,,,,,,,,,,,,,,,,,,,,,,,,,,,,,,W,move_forward|look,,26.0,-58.0
261,8700,,,,,,,,,,,,,,,,,,,,,,,,,,,,,,W,move_forward|look,,52.0,-84.0
262,8733,,,,,,,,,,,,,,,,,,,,,,,,,,,,,,W,move_forward|look,,121.0,-129.0
263,8767,,,,,,,,,,,,,,,,,,,,,,,,,,,,,,W,move_forward|look,,86.0,-76.0
264,8800,,,,,,,,,,,,,,,,,,,,,,,,,,,,,,W,move_forward|look,,41.0,-44.0
265,8833,,,,,,,,,,,,,,,,,,,,,,,,,,,,,,W,move_forward|look,,6.0,-13.0
266,8867,,,,,,,,,,,,,,,,,,,,,,,,,,,,,,W,move_forward,,0.0,0.0
267,8900,,,,,,,,,,,,,,,,,,,,,,,,,,,,,,W,move_forward,,0.0,0.0
268,8933,,,,,,,,,,,,,,,,,,,,,,,,,,,,,,W,move_forward,,0.0,0.0
269,8967,,,,,,,,,,,,,,,,,,,,,,,,,,,,,,W,move_forward,,0.0,0.0
270,9000,,,,,,,,,,,,,,,,,,,,,,,,,,,,,,W,move_forward,,0.0,0.0
271,9033,,,,,,,,,,,,,,,,,,,,,,,,,,,,,,W,move_forward|look,,-6.0,0.0
272,9067,,,,,,,,,,,,,,,,,,,,,,,,,,,,,,W,move_forward|look,,-19.0,0.0
273,9100,,,,,,,,,,,,,,,,,,,,,,,,,,,,,,W,move_forward|look,,-16.0,5.0
274,9133,,,,,,,,,,,,,,,,,,,,,,,,,,,,,,W,move_forward|look,,-4.0,1.0
275,9167,,,,,,,,,,,,,,,,,,,,,,,,,,,,,,W,move_forward|fire,Left,0.0,0.0
276,9200,,,,,,,,,,,,,,,,,,,,,,,,,,,,,,W,move_forward|fire,Left,0.0,0.0
277,9233,,,,,,,,,,,,,,,,,,,,,,,,,,,,,,W,move_forward|fire,Left,0.0,0.0
278,9267,,,,,,,,,,,,,,,,,,,,,,,,,,,,,,W,move_forward|fire,Left,0.0,0.0
279,9300,,,,,,,,,,,,,,,,,,,,,,,,,,,,,,W,move_forward|fire|look,Left,-4.0,8.0
280,9333,,,,,,,,,,,,,,,,,,,,,,,,,,,,,,W,move_forward,,0.0,0.0
281,9367,,,,,,,,,,,,,,,,,,,,,,,,,,,,,,W,move_forward,,0.0,0.0
282,9400,,,,,,,,,,,,,,,,,,,,,,,,,,,,,,W,move_forward,,0.0,0.0
283,9433,,,,,,,,,,,,,,,,,,,,,,,,,,,,,,W,move_forward,,0.0,0.0
284,9467,,,,,,,,,,,,,,,,,,,,,,,,,,,,,,W,move_forward,,0.0,0.0
285,9500,,,,,,,,,,,,,,,,,,,,,,,,,,,,,,W,move_forward,,0.0,0.0
286,9533,,,,,,,,,,,,,,,,,,,,,,,,,,,,,,W,move_forward|look,,-150.0,58.0
287,9567,,,,,,,,,,,,,,,,,,,,,,,,,,,,,,W,move_forward|look,,-884.0,364.0
288,9600,,,,,,,,,,,,,,,,,,,,,,,,,,,,,,W,move_forward|look,,-809.0,356.0
289,9633,,,,,,,,,,,,,,,,,,,,,,,,,,,,,,W,move_forward|look,,-356.0,128.0
290,9667,,,,,,,,,,,,,,,,,,,,,,,,,,,,,,W,move_forward|look,,-118.0,36.0
291,9700,,,,,,,,,,,,,,,,,,,,,,,,,,,,,,W,move_forward|look,,-18.0,6.0
292,9733,,,,,,,,,,,,,,,,,,,,,,,,,,,,,,W,move_forward,,0.0,0.0
293,9767,,,,,,,,,,,,,,,,,,,,,,,,,,,,,,W,move_forward,,0.0,0.0
294,9800,,,,,,,,,,,,,,,,,,,,,,,,,,,,,,W,move_forward,,0.0,0.0
295,9833,,,,,,,,,,,,,,,,,,,,,,,,,,,,,,W,move_forward,,0.0,0.0
296,9867,,,,,,,,,,,,,,,,,,,,,,,,,,,,,,W,move_forward|look,,-1.0,0.0
297,9900,,,,,,,,,,,,,,,,,,,,,,,,,,,,,,W,move_forward|look,,-56.0,22.0
298,9933,,,,,,,,,,,,,,,,,,,,,,,,,,,,,,W,move_forward|look,,-87.0,33.0
299,9967,,,,,,,,,,,,,,,,,,,,,,,,,,,,,,W,move_forward|look,,-113.0,29.0
300,10000,,,,,,,,,,,,,,,,,,,,,,,,,,,,,,W,move_forward|look,,-59.0,4.0
301,10033,,,,,,,,,,,,,,,,,,,,,,,,,,,,,,W,move_forward|look,,-25.0,0.0
302,10067,,,,,,,,,,,,,,,,,,,,,,,,,,,,,,W,move_forward|look,,-10.0,-5.0
303,10100,,,,,,,,,,,,,,,,,,,,,,,,,,,,,,W,move_forward|look,,-2.0,-17.0
304,10133,,,,,,,,,,,,,,,,,,,,,,,,,,,,,,W,move_forward|look,,9.0,-36.0
305,10167,,,,,,,,,,,,,,,,,,,,,,,,,,,,,,W,move_forward|look,,34.0,-46.0
306,10200,,,,,,,,,,,,,,,,,,,,,,,,,,,,,,W,move_forward|look,,35.0,-32.0
307,10233,,,,,,,,,,,,,,,,,,,,,,,,,,,,,,W,move_forward|look,,24.0,-15.0
308,10267,,,,,,,,,,,,,,,,,,,,,,,,,,,,,,W,move_forward|look,,7.0,-3.0
309,10300,,,,,,,,,,,,,,,,,,,,,,,,,,,,,,W,move_forward|look,,0.0,-6.0
310,10333,,,,,,,,,,,,,,,,,,,,,,,,,,,,,,W,move_forward|look,,-9.0,-53.0
311,10367,,,,,,,,,,,,,,,,,,,,,,,,,,,,,,W,move_forward|look,,-32.0,-72.0
312,10400,,,,,,,,,,,,,,,,,,,,,,,,,,,,,,W,move_forward|look,,-48.0,-47.0
313,10433,,,,,,,,,,,,,,,,,,,,,,,,,,,,,,W,move_forward|look,,-34.0,-7.0
314,10467,,,,,,,,,,,,,,,,,,,,,,,,,,,,,,W,move_forward|look,,-23.0,-2.0
315,10500,,,,,,,,,,,,,,,,,,,,,,,,,,,,,,W,move_forward|look,,-3.0,0.0
316,10533,,,,,,,,,,,,,,,,,,,,,,,,,,,,,,W,move_forward,,0.0,0.0
317,10567,,,,,,,,,,,,,,,,,,,,,,,,,,,,,,W,move_forward|look,,2.0,-13.0
318,10600,,,,,,,,,,,,,,,,,,,,,,,,,,,,,,W,move_forward|look,,20.0,-20.0
319,10633,,,,,,,,,,,,,,,,,,,,,,,,,,,,,,W,move_forward|look,,27.0,-14.0
320,10667,,,,,,,,,,,,,,,,,,,,,,,,,,,,,,W,move_forward|look,,42.0,-10.0
321,10700,,,,,,,,,,,,,,,,,,,,,,,,,,,,,,W,move_forward|look,,53.0,-3.0
322,10733,,,,,,,,,,,,,,,,,,,,,,,,,,,,,,W,move_forward|look,,76.0,0.0
323,10767,,,,,,,,,,,,,,,,,,,,,,,,,,,,,,W,move_forward|look,,159.0,23.0
324,10800,,,,,,,,,,,,,,,,,,,,,,,,,,,,,,W,move_forward|look,,367.0,26.0
325,10833,,,,,,,,,,,,,,,,,,,,,,,,,,,,,,W,move_forward|look,,613.0,74.0
326,10867,,,,,,,,,,,,,,,,,,,,,,,,,,,,,,W,move_forward|look,,396.0,84.0
327,10900,,,,,,,,,,,,,,,,,,,,,,,,,,,,,,W,move_forward|look,,132.0,31.0
328,10933,,,,,,,,,,,,,,,,,,,,,,,,,,,,,,W,move_forward|look,,49.0,14.0
329,10967,,,,,,,,,,,,,,,,,,,,,,,,,,,,,,W,move_forward|look,,10.0,4.0
330,11000,,,,,,,,,,,,,,,,,,,,,,,,,,,,,,W,move_forward|look,,4.0,1.0
331,11033,,,,,,,,,,,,,,,,,,,,,,,,,,,,,,W,move_forward|look,,3.0,0.0
332,11067,,,,,,,,,,,,,,,,,,,,,,,,,,,,,,W,move_forward|look,,12.0,0.0
333,11100,,,,,,,,,,,,,,,,,,,,,,,,,,,,,,W,move_forward|look,,48.0,-9.0
334,11133,,,,,,,,,,,,,,,,,,,,,,,,,,,,,,W,move_forward|look,,65.0,-2.0
335,11167,,,,,,,,,,,,,,,,,,,,,,,,,,,,,,W,move_forward|look,,114.0,0.0
336,11200,,,,,,,,,,,,,,,,,,,,,,,,,,,,,,W,move_forward|look,,57.0,4.0
337,11233,,,,,,,,,,,,,,,,,,,,,,,,,,,,,,W,move_forward|look,,17.0,5.0
338,11267,,,,,,,,,,,,,,,,,,,,,,,,,,,,,,W,move_forward,,0.0,0.0
339,11300,,,,,,,,,,,,,,,,,,,,,,,,,,,,,,W,move_forward,,0.0,0.0
340,11333,,,,,,,,,,,,,,,,,,,,,,,,,,,,,,W,move_forward,,0.0,0.0
341,11367,,,,,,,,,,,,,,,,,,,,,,,,,,,,,,W,move_forward,,0.0,0.0
342,11400,,,,,,,,,,,,,,,,,,,,,,,,,,,,,,W,move_forward,,0.0,0.0
343,11433,,,,,,,,,,,,,,,,,,,,,,,,,,,,,,W,move_forward|look,,-6.0,-14.0
344,11467,,,,,,,,,,,,,,,,,,,,,,,,,,,,,,W,move_forward|look,,39.0,-60.0
345,11500,,,,,,,,,,,,,,,,,,,,,,,,,,,,,,W,move_forward|look,,170.0,-120.0
346,11533,,,,,,,,,,,,,,,,,,,,,,,,,,,,,,W,move_forward|look,,244.0,-90.0
347,11567,,,,,,,,,,,,,,,,,,,,,,,,,,,,,,W,move_forward|look,,276.0,-46.0
348,11600,,,,,,,,,,,,,,,,,,,,,,,,,,,,,,W,move_forward|look,,277.0,-30.0
349,11633,,,,,,,,,,,,,,,,,,,,,,,,,,,,,,W,move_forward|look,,167.0,-17.0
350,11667,,,,,,,,,,,,,,,,,,,,,,,,,,,,,,W,move_forward|look,,84.0,-6.0
351,11700,,,,,,,,,,,,,,,,,,,,,,,,,,,,,,W,move_forward|look,,28.0,-3.0
352,11733,,,,,,,,,,,,,,,,,,,,,,,,,,,,,,W,move_forward|look,,3.0,-1.0
353,11767,,,,,,,,,,,,,,,,,,,,,,,,,,,,,,W,move_forward|look,,0.0,-1.0
354,11800,,,,,,,,,,,,,,,,,,,,,,,,,,,,,,W,move_forward|look,,0.0,-1.0
355,11833,,,,,,,,,,,,,,,,,,,,,,,,,,,,,,W,move_forward|look,,-2.0,-1.0
356,11867,,,,,,,,,,,,,,,,,,,,,,,,,,,,,,W,move_forward|look,,-1.0,0.0
357,11900,,,,,,,,,,,,,,,,,,,,,,,,,,,,,,W,move_forward|look,,-2.0,-1.0
358,11933,,,,,,,,,,,,,,,,,,,,,,,,,,,,,,W,move_forward|look,,-7.0,0.0
359,11967,,,,,,,,,,,,,,,,,,,,,,,,,,,,,,,look,,-32.0,0.0
360,12000,,,,,,,,,,,,,,,,,,,,,,,,,,,,,,,look,,-87.0,24.0
361,12033,,,,,,,,,,,,,,,,,,,,,,,,,,,,,,,look,,-213.0,76.0
362,12067,,,,,,,,,,,,,,,,,,,,,,,,,,,,,,,look,,-347.0,119.0
363,12100,,,,,,,,,,,,,,,,,,,,,,,,,,,,,,,look,,-235.0,67.0
364,12133,,,,,,,,,,,,,,,,,,,,,,,,,,,,,,,look,,-169.0,25.0
365,12167,,,,,,,,,,,,,,,,,,,,,,,,,,,,,,,look,,-61.0,0.0
366,12200,,,,,,,,,,,,,,,,,,,,,,,,,,,,,,,look,,-32.0,-6.0
367,12233,,,,,,,,,,,,,,,,,,,,,,,,,,,,,,,look,,-38.0,-7.0
368,12267,,,,,,,,,,,,,,,,,,,,,,,,,,,,,,,look,,-50.0,-11.0
369,12300,,,,,,,,,,,,,,,,,,,,,,,,,,,,,,,look,,-69.0,-34.0
370,12333,,,,,,,,,,,,,,,,,,,,,,,,,,,,,,,look,,-46.0,-44.0
371,12367,,,,,,,,,,,,,,,,,,,,,,,,,,,,,,,look,,-25.0,-28.0
372,12400,,,,,,,,,,,,,,,,,,,,,,,,,,,,,,,look,,-25.0,-32.0
373,12433,,,,,,,,,,,,,,,,,,,,,,,,,,,,,,,look,,-58.0,-75.0
374,12467,,,,,,,,,,,,,,,,,,,,,,,,,,,,,,,look,,-140.0,-224.0
375,12500,,,,,,,,,,,,,,,,,,,,,,,,,,,,,,,look,,-62.0,-164.0
376,12533,,,,,,,,,,,,,,,,,,,,,,,,,,,,,,,look,,-7.0,-51.0
377,12567,,,,,,,,,,,,,,,,,,,,,,,,,,,,,,,look,,0.0,-10.0
378,12600,,,,,,,,,,,,,,,,,,,,,,,,,,,,,,,,,0.0,0.0
379,12633,,,,,,,,,,,,,,,,,,,,,,,,,,,,,,,,,0.0,0.0
380,12667,,,,,,,,,,,,,,,,,,,,,,,,,,,,,,,,,0.0,0.0
381,12700,,,,,,,,,,,,,,,,,,,,,,,,,,,,,,,,,0.0,0.0
382,12733,,,,,,,,,,,,,,,,,,,,,,,,,,,,,,,,,0.0,0.0
383,12767,,,,,,,,,,,,,,,,,,,,,,,,,,,,,,,look,,5.0,4.0
384,12800,,,,,,,,,,,,,,,,,,,,,,,,,,,,,,,look,,13.0,29.0
385,12833,,,,,,,,,,,,,,,,,,,,,,,,,,,,,,,look,,5.0,33.0
386,12867,,,,,,,,,,,,,,,,,,,,,,,,,,,,,,,look,,0.0,23.0
387,12900,,,,,,,,,,,,,,,,,,,,,,,,,,,,,,,look,,0.0,16.0
388,12933,,,,,,,,,,,,,,,,,,,,,,,,,,,,,,,look,,2.0,12.0
389,12967,,,,,,,,,,,,,,,,,,,,,,,,,,,,,,,look,,2.0,7.0
390,13000,,,,,,,,,,,,,,,,,,,,,,,,,,,,,,,look,,2.0,3.0
391,13033,,,,,,,,,,,,,,,,,,,,,,,,,,,,,,,,,0.0,0.0
392,13067,,,,,,,,,,,,,,,,,,,,,,,,,,,,,,,,,0.0,0.0
393,13100,,,,,,,,,,,,,,,,,,,,,,,,,,,,,,,,,0.0,0.0
394,13133,,,,,,,,,,,,,,,,,,,,,,,,,,,,,,,look,,-1.0,0.0
395,13167,,,,,,,,,,,,,,,,,,,,,,,,,,,,,,,look,,-6.0,2.0
396,13200,,,,,,,,,,,,,,,,,,,,,,,,,,,,,,,look,,-10.0,2.0
397,13233,,,,,,,,,,,,,,,,,,,,,,,,,,,,,,W,move_forward|fire|look,Left,-6.0,1.0
398,13267,,,,,,,,,,,,,,,,,,,,,,,,,,,,,,W,move_forward|fire,Left,0.0,0.0
399,13300,,,,,,,,,,,,,,,,,,,,,,,,,,,,,,W,move_forward|fire,Left,0.0,0.0
400,13333,,,,,,,,,,,,,,,,,,,,,,,,,,,,,,W,move_forward|fire,Left,0.0,0.0
401,13367,,,,,,,,,,,,,,,,,,,,,,,,,,,,,,W,move_forward|fire,Left,0.0,0.0
402,13400,,,,,,,,,,,,,,,,,,,,,,,,,,,,,,W,move_forward,,0.0,0.0
403,13433,,,,,,,,,,,,,,,,,,,,,,,,,,,,,,W,move_forward,,0.0,0.0
404,13467,,,,,,,,,,,,,,,,,,,,,,,,,,,,,,W,move_forward,,0.0,0.0
405,13500,,,,,,,,,,,,,,,,,,,,,,,,,,,,,,W,move_forward,,0.0,0.0
406,13533,,,,,,,,,,,,,,,,,,,,,,,,,,,,,,W,move_forward,,0.0,0.0
407,13567,,,,,,,,,,,,,,,,,,,,,,,,,,,,,,W,move_forward,,0.0,0.0
408,13600,,,,,,,,,,,,,,,,,,,,,,,,,,,,,,,,,0.0,0.0
409,13633,,,,,,,,,,,,,,,,,,,,,,,,,,,,,,,look,,-1.0,0.0
410,13667,,,,,,,,,,,,,,,,,,,,,,,,,,,,,,,look,,-27.0,5.0
411,13700,,,,,,,,,,,,,,,,,,,,,,,,,,,,,,,look,,-59.0,11.0
412,13733,,,,,,,,,,,,,,,,,,,,,,,,,,,,,,,look,,-51.0,12.0
413,13767,,,,,,,,,,,,,,,,,,,,,,,,,,,,,,,look,,-9.0,5.0
414,13800,,,,,,,,,,,,,,,,,,,,,,,,,,,,,,,look,,-2.0,5.0
415,13833,,,,,,,,,,,,,,,,,,,,,,,,,,,,,,W,move_forward|look,,0.0,5.0
416,13867,,,,,,,,,,,,,,,,,,,,,,,,,,,,,,W,move_forward|look,,2.0,4.0
417,13900,,,,,,,,,,,,,,,,,,,,,,,,,,,,,,W,move_forward|look,,3.0,3.0
418,13933,,,,,,,,,,,,,,,,,,,,,,,,,,,,,,W,move_forward|fire|look,Left,2.0,1.0
419,13967,,,,,,,,,,,,,,,,,,,,,,,,,,,,,,W,move_forward|fire,Left,0.0,0.0
420,14000,,,,,,,,,,,,,,,,,,,,,,,,,,,,,,W,move_forward|fire,Left,0.0,0.0
421,14033,,,,,,,,,,,,,,,,,,,,,,,,,,,,,,W,move_forward|fire,Left,0.0,0.0
422,14067,,,,,,,,,,,,,,,,,,,,,,,,,,,,,,,fire,Left,0.0,0.0
423,14100,,,,,,,,,,,,,,,,,,,,,,,,,,,,,,,,,0.0,0.0
424,14133,,,,,,,,,,,,,,,,,,,,,,,,,,,,,,,,,0.0,0.0
425,14167,,,,,,,,,,,,,,,,,,,,,,,,,,,,,,,,,0.0,0.0
426,14200,,,,,,,,,,,,,,,,,,,,,,,,,,,,,,,,,0.0,0.0
427,14233,,,,,,,,,,,,,,,,,,,,,,,,,,,,,,,,,0.0,0.0
428,14267,,,,,,,,,,,,,,,,,,,,,,,,,,,,,,,,,0.0,0.0
429,14300,,,,,,,,,,,,,,,,,,,,,,,,,,,,,,,fire,Left,0.0,0.0
430,14333,,,,,,,,,,,,,,,,,,,,,,,,,,,,,,,fire|look,Left,-22.0,0.0
431,14367,,,,,,,,,,,,,,,,,,,,,,,,,,,,,,W,move_forward|fire|look,Left,-63.0,0.0
432,14400,,,,,,,,,,,,,,,,,,,,,,,,,,,,,,W,move_forward|fire|look,Left,-53.0,0.0
433,14433,,,,,,,,,,,,,,,,,,,,,,,,,,,,,,W,move_forward|fire|look,Left,-18.0,0.0
434,14467,,,,,,,,,,,,,,,,,,,,,,,,,,,,,,W,move_forward|fire|look,Left,-1.0,0.0
435,14500,,,,,,,,,,,,,,,,,,,,,,,,,,,,,,W,move_forward,,0.0,0.0
436,14533,,,,,,,,,,,,,,,,,,,,,,,,,,,,,,W,move_forward,,0.0,0.0
437,14567,,,,,,,,,,,,,,,,,,,,,,,,,,,,,,W,move_forward,,0.0,0.0
438,14600,,,,,,,,,,,,,,,,,,,,,,,,,,,,,,W,move_forward,,0.0,0.0
439,14633,,,,,,,,,,,,,,,,,,,,,,,,,,,,,,W,move_forward,,0.0,0.0
440,14667,,,,,,,,,,,,,,,,,,,,,,,,,,,,,,W,move_forward|look,,-10.0,0.0
441,14700,,,,,,,,,,,,,,,,,,,,,,,,,,,,,,W,move_forward|look,,-105.0,0.0
442,14733,,,,,,,,,,,,,,,,,,,,,,,,,,,,,,W,move_forward|look,,-136.0,-38.0
443,14767,,,,,,,,,,,,,,,,,,,,,,,,,,,,,,W,move_forward|look,,-70.0,-34.0
444,14800,,,,,,,,,,,,,,,,,,,,,,,,,,,,,,W,move_forward|look,,-28.0,-19.0
445,14833,,,,,,,,,,,,,,,,,,,,,,,,,,,,,,W,move_forward|look,,-8.0,-6.0
446,14867,,,,,,,,,,,,,,,,,,,,,,,,,,,,,,W,move_forward|look,,0.0,-2.0
447,14900,,,,,,,,,,,,,,,,,,,,,,,,,,,,,,W,move_forward|look,,1.0,-2.0
448,14933,,,,,,,,,,,,,,,,,,,,,,,,,,,,,,W,move_forward|look,,12.0,-4.0
449,14967,,,,,,,,,,,,,,,,,,,,,,,,,,,,,,W,move_forward|fire|look,Left,9.0,-2.0
450,15000,,,,,,,,,,,,,,,,,,,,,,,,,,,,,,W,move_forward|fire,Left,0.0,0.0
451,15033,,,,,,,,,,,,,,,,,,,,,,,,,,,,,,W,move_forward|fire|look,Left,4.0,0.0
452,15067,,,,,,,,,,,,,,,,,,,,,,,,,,,,,,W,move_forward|fire|look,Left,1.0,0.0
453,15100,,,,,,,,,,,,,,,,,,,,,,,,,,,,,,W,move_forward|fire,Left,0.0,0.0
454,15133,,,,,,,,,,,,,,,,,,,,,,,,,,,,,,W,move_forward|fire,Left,0.0,0.0
455,15167,,,,,,,,,,,,,,,,,,,,,,,,,,,,,,W,move_forward|fire,Left,0.0,0.0
456,15200,,,,,,,,,,,,,,,,,,,,,,,,,,,,,,W,move_forward|fire,Left,0.0,0.0
457,15233,,,,,,,,,,,,,,,,,,,,,,,,,,,,,,W,move_forward,,0.0,0.0
458,15267,,,,,,,,,,,,,,,,,,,,,,,,,,,,,,W,move_forward,,0.0,0.0
459,15300,,,,,,,,,,,,,,,,,,,,,,,,,,,,,,W,move_forward,,0.0,0.0
460,15333,,,,,,,,,,,,,,,,,,,,,,,,,,,,,,W,move_forward,,0.0,0.0
461,15367,,,,,,,,,,,,,,,,,,,,,,,,,,,,,,W,move_forward|look,,6.0,0.0
462,15400,,,,,,,,,,,,,,,,,,,,,,,,,,,,,,W,move_forward|look,,9.0,-1.0
463,15433,,,,,,,,,,,,,,,,,,,,,,,,,,,,,,W,move_forward|look,,3.0,0.0
464,15467,,,,,,,,,,,,,,,,,,,,,,,,,,,,,,W,move_forward,,0.0,0.0
465,15500,,,,,,,,,,,,,,,,,,,,,,,,,,,,,,W,move_forward|look,,-36.0,4.0
466,15533,,,,,,,,,,,,,,,,,,,,,,,,,,,,,,W,move_forward|look,,-145.0,39.0
467,15567,,,,,,,,,,,,,,,,,,,,,,,,,,,,,,W,move_forward|look,,-209.0,41.0
468,15600,,,,,,,,,,,,,,,,,,,,,,,,,,,,,,W,move_forward|look,,-134.0,-9.0
469,15633,,,,,,,,,,,,,,,,,,,,,,,,,,,,,,W,move_forward|look,,-49.0,-28.0
470,15667,,,,,,,,,,,,,,,,,,,,,,,,,,,,,,W,move_forward|look,,-9.0,-4.0
471,15700,,,,,,,,,,,,,,,,,,,,,,,,,,,,,,W,move_forward,,0.0,0.0
472,15733,,,,,,,,,,,,,,,,,,,,,,,,,,,,,,W,move_forward,,0.0,0.0
473,15767,,,,,,,,,,,,,,,,,,,,,,,,,,,,,,W,move_forward,,0.0,0.0
474,15800,,,,,,,,,,,,,,,,,,,,,,,,,,,,,,W,move_forward,,0.0,0.0
475,15833,,,,,,,,,,,,,,,,,,,,,,,,,,,,,,W,move_forward,,0.0,0.0
476,15867,,,,,,,,,,,,,,,,,,,,,,,,,,,,,,W,move_forward|look,,-41.0,17.0
477,15900,,,,,,,,,,,,,,,,,,,,,,,,,,,,,,W,move_forward|look,,-115.0,43.0
478,15933,,,,,,,,,,,,,,,,,,,,,,,,,,,,,,W,move_forward|look,,-377.0,98.0
479,15967,,,,,,,,,,,,,,,,,,,,,,,,,,,,,,W,move_forward|look,,-357.0,58.0
480,16000,,,,,,,,,,,,,,,,,,,,,,,,,,,,,,W,move_forward|look,,-135.0,16.0
481,16033,,,,,,,,,,,,,,,,,,,,,,,,,,,,,,W,move_forward|look,,-41.0,2.0
482,16067,,,,,,,,,,,,,,,,,,,,,,,,,,,,,,W,move_forward|look,,-10.0,-10.0
483,16100,,,,,,,,,,,,,,,,,,,,,,,,,,,,,,W,move_forward,,0.0,0.0
484,16133,,,,,,,,,,,,,,,,,,,,,,,,,,,,,,W,move_forward,,0.0,0.0
485,16167,,,,,,,,,,,,,,,,,,,,,,,,,,,,,,W,move_forward,,0.0,0.0
486,16200,,,,,,,,,,,,,,,,,,,,,,,,,,,,,,W,move_forward,,0.0,0.0
487,16233,,,,,,,,,,,,,,,,,,,,,,,,,,,,,,W,move_forward,,0.0,0.0
488,16267,,,,,,,,,,,,,,,,,,,,,,,,,,,,,,W,move_forward|look,,-11.0,4.0
489,16300,,,,,,,,,,,,,,,,,,,,,,,,,,,,,,W,move_forward|look,,-79.0,41.0
490,16333,,,,,,,,,,,,,,,,,,,,,,,,,,,,,,W,move_forward|look,,-221.0,75.0
491,16367,,,,,,,,,,,,,,,,,,,,,,,,,,,,,,W,move_forward|look,,-356.0,51.0
492,16400,,,,,,,,,,,,,,,,,,,,,,,,,,,,,,W,move_forward|look,,-183.0,6.0
493,16433,,,,,,,,,,,,,,,,,,,,,,,,,,,,,,W,move_forward|look,,-91.0,0.0
494,16467,,,,,,,,,,,,,,,,,,,,,,,,,,,,,,W,move_forward|look,,-18.0,-6.0
495,16500,,,,,,,,,,,,,,,,,,,,,,,,,,,,,,W,move_forward|look,,1.0,-1.0
496,16533,,,,,,,,,,,,,,,,,,,,,,,,,,,,,,W,move_forward|look,,5.0,-1.0
497,16567,,,,,,,,,,,,,,,,,,,,,,,,,,,,,,W,move_forward,,0.0,0.0
498,16600,,,,,,,,,,,,,,,,,,,,,,,,,,,,,,W,move_forward,,0.0,0.0
499,16633,,,,,,,,,,,,,,,,,,,,,,,,,,,,,,W,move_forward|look,,0.0,2.0
500,16667,,,,,,,,,,,,,,,,,,,,,,,,,,,,,,W,move_forward|look,,-14.0,39.0
501,16700,,,,,,,,,,,,,,,,,,,,,,,,,,,,,,W,move_forward|look,,-41.0,106.0
502,16733,,,,,,,,,,,,,,,,,,,,,,,,,,,,,,W,move_forward|look,,-77.0,176.0
503,16767,,,,,,,,,,,,,,,,,,,,,,,,,,,,,,W,move_forward|look,,-65.0,128.0
504,16800,,,,,,,,,,,,,,,,,,,,,,,,,,,,,,W,move_forward|look,,-42.0,58.0
505,16833,,,,,,,,,,,,,,,,,,,,,,,,,,,,,,W,move_forward|look,,-21.0,24.0
506,16867,,,,,,,,,,,,,,,,,,,,,,,,,,,,,,W,move_forward|look,,-6.0,5.0
507,16900,,,,,,,,,,,,,,,,,,,,,,,,,,,,,,W,move_forward|look,,-2.0,1.0
508,16933,,,,,,,,,,,,,,,,,,,,,,,,,,,,,,W,move_forward,,0.0,0.0
509,16967,,,,,,,,,,,,,,,,,,,,,,,,,,,,,,W,move_forward,,0.0,0.0
510,17000,,,,,,,,,,,,,,,,,,,,,,,,,,,,,,W,move_forward,,0.0,0.0
511,17033,,,,,,,,,,,,,,,,,,,,,,,,,,,,,,W,move_forward,,0.0,0.0
512,17067,,,,,,,,,,,,,,,,,,,,,,,,,,,,,,W,move_forward,,0.0,0.0
513,17100,,,,,,,,,,,,,,,,,,,,,,,,,,,,,,W,move_forward|look,,-33.0,20.0
514,17133,,,,,,,,,,,,,,,,,,,,,,,,,,,,,,W,move_forward|look,,-164.0,72.0
515,17167,,,,,,,,,,,,,,,,,,,,,,,,,,,,,,W,move_forward|look,,-285.0,75.0
516,17200,,,,,,,,,,,,,,,,,,,,,,,,,,,,,,W,move_forward|look,,-252.0,23.0
517,17233,,,,,,,,,,,,,,,,,,,,,,,,,,,,,,W,move_forward|look,,-85.0,-13.0
518,17267,,,,,,,,,,,,,,,,,,,,,,,,,,,,,,W,move_forward|look,,-10.0,-7.0
519,17300,,,,,,,,,,,,,,,,,,,,,,,,,,,,,,W,move_forward,,0.0,0.0
520,17333,,,,,,,,,,,,,,,,,,,,,,,,,,,,,,W,move_forward,,0.0,0.0
521,17367,,,,,,,,,,,,,,,,,,,,,,,,,,,,,,W,move_forward,,0.0,0.0
522,17400,,,,,,,,,,,,,,,,,,,,,,,,,,,,,,W,move_forward,,0.0,0.0
523,17433,,,,,,,,,,,,,,,,,,,,,,,,,,,,,,W,move_forward,,0.0,0.0
524,17467,,,,,,,,,,,,,,,,,,,,,,,,,,,,,,W,move_forward|look,,-9.0,22.0
525,17500,,,,,,,,,,,,,,,,,,,,,,,,,,,,,,W,move_forward|look,,-50.0,11.0
526,17533,,,,,,,,,,,,,,,,,,,,,,,,,,,,,,W,move_forward|look,,-128.0,-22.0
527,17567,,,,,,,,,,,,,,,,,,,,,,,,,,,,,,W,move_forward|look,,-141.0,-114.0
528,17600,,,,,,,,,,,,,,,,,,,,,,,,,,,,,,W,move_forward|look,,-104.0,-186.0
529,17633,,,,,,,,,,,,,,,,,,,,,,,,,,,,,,W,move_forward|look,,-30.0,-95.0
530,17667,,,,,,,,,,,,,,,,,,,,,,,,,,,,,,W,move_forward,,0.0,0.0
531,17700,,,,,,,,,,,,,,,,,,,,,,,,,,,,,,W,move_forward,,0.0,0.0
532,17733,,,,,,,,,,,,,,,,,,,,,,,,,,,,,,W,move_forward,,0.0,0.0
533,17767,,,,,,,,,,,,,,,,,,,,,,,,,,,,,,W,move_forward,,0.0,0.0
534,17800,,,,,,,,,,,,,,,,,,,,,,,,,,,,,,W,move_forward,,0.0,0.0
535,17833,,,,,,,,,,,,,,,,,,,,,,,,,,,,,,W,move_forward,,0.0,0.0
536,17867,,,,,,,,,,,,,,,,,,,,,,,,,,,,,,W,move_forward,,0.0,0.0
537,17900,,,,,,,,,,,,,,,,,,,,,,,,,,,,,,W,move_forward|look,,-118.0,19.0
538,17933,,,,,,,,,,,,,,,,,,,,,,,,,,,,,,W,move_forward|look,,-578.0,55.0
539,17967,,,,,,,,,,,,,,,,,,,,,,,,,,,,,,W,move_forward|look,,-338.0,15.0
540,18000,,,,,,,,,,,,,,,,,,,,,,,,,,,,,,W,move_forward|look,,-105.0,0.0
541,18033,,,,,,,,,,,,,,,,,,,,,,,,,,,,,,W,move_forward|look,,-30.0,-6.0
542,18067,,,,,,,,,,,,,,,,,,,,,,,,,,,,,,W,move_forward|look,,0.0,-1.0
543,18100,,,,,,,,,,,,,,,,,,,,,,,,,,,,,,W,move_forward,,0.0,0.0
544,18133,,,,,,,,,,,,,,,,,,,,,,,,,,,,,,W,move_forward,,0.0,0.0
545,18167,,,,,,,,,,,,,,,,,,,,,,,,,,,,,,W,move_forward,,0.0,0.0
546,18200,,,,,,,,,,,,,,,,,,,,,,,,,,,,,,W,move_forward,,0.0,0.0
547,18233,,,,,,,,,,,,,,,,,,,,,,,,,,,,,,W,move_forward,,0.0,0.0
548,18267,,,,,,,,,,,,,,,,,,,,,,,,,,,,,,W,move_forward|look,,-24.0,0.0
549,18300,,,,,,,,,,,,,,,,,,,,,,,,,,,,,,W,move_forward|look,,-132.0,0.0
550,18333,,,,,,,,,,,,,,,,,,,,,,,,,,,,,,W,move_forward|look,,-288.0,-32.0
551,18367,,,,,,,,,,,,,,,,,,,,,,,,,,,,,,W,move_forward|look,,-284.0,-106.0
552,18400,,,,,,,,,,,,,,,,,,,,,,,,,,,,,,W,move_forward|look,,-88.0,-77.0
553,18433,,,,,,,,,,,,,,,,,,,,,,,,,,,,,,W,move_forward|look,,-11.0,-43.0
554,18467,,,,,,,,,,,,,,,,,,,,,,,,,,,,,,,look,,22.0,-24.0
555,18500,,,,,,,,,,,,,,,,,,,,,,,,,,,,,,,look,,36.0,-9.0
556,18533,,,,,,,,,,,,,,,,,,,,,,,,,,,,,,,,,0.0,0.0
557,18567,,,,,,,,,,,,,,,,,,,,,,,,,,,,,,,,,0.0,0.0
558,18600,,,,,,,,,,,,,,,,,,,,,,,,,,,,,,,,,0.0,0.0
559,18633,,,,,,,,,,,,,,,,,,,,,,,,,,,,,,,,,0.0,0.0
560,18667,,,,,,,,,,,,,,,,,,,,,,,,,,,,,,,,,0.0,0.0
561,18700,,,,,,,,,,,,,,,,,,,,,,,,,,,,,,,look,,-4.0,-33.0
562,18733,,,,,,,,,,,,,,,,,,,,,,,,,,,,,,,look,,-32.0,-121.0
563,18767,,,,,,,,,,,,,,,,,,,,,,,,,,,,,,,look,,-22.0,-203.0
564,18800,,,,,,,,,,,,,,,,,,,,,,,,,,,,,,,look,,0.0,-130.0
565,18833,,,,,,,,,,,,,,,,,,,,,,,,,,,,,,,look,,1.0,-43.0
566,18867,,,,,,,,,,,,,,,,,,,,,,,,,,,,,,,look,,3.0,-5.0
567,18900,,,,,,,,,,,,,,,,,,,,,,,,,,,,,,,look,,3.0,5.0
568,18933,,,,,,,,,,,,,,,,,,,,,,,,,,,,,,,look,,6.0,11.0
569,18967,,,,,,,,,,,,,,,,,,,,,,,,,,,,,,,look,,7.0,5.0
570,19000,,,,,,,,,,,,,,,,,,,,,,,,,,,,,,,,,0.0,0.0
571,19033,,,,,,,,,,,,,,,,,,,,,,,,,,,,,,,,,0.0,0.0
572,19067,,,,,,,,,,,,,,,,,,,,,,,,,,,,,,,,,0.0,0.0
573,19100,,,,,,,,,,,,,,,,,,,,,,,,,,,,,,W,move_forward,,0.0,0.0
574,19133,,,,,,,,,,,,,,,,,,,,,,,,,,,,,,W,move_forward,,0.0,0.0
575,19167,,,,,,,,,,,,,,,,,,,,,,,,,,,,,,W,move_forward,,0.0,0.0
576,19200,,,,,,,,,,,,,,,,,,,,,,,,,,,,,,W,move_forward|look,,-1.0,0.0
577,19233,,,,,,,,,,,,,,,,,,,,,,,,,,,,,,W,move_forward|look,,-25.0,-3.0
578,19267,,,,,,,,,,,,,,,,,,,,,,,,,,,,,,W,move_forward|look,,-22.0,-5.0
579,19300,,,,,,,,,,,,,,,,,,,,,,,,,,,,,,W,move_forward|look,,-11.0,-4.0
580,19333,,,,,,,,,,,,,,,,,,,,,,,,,,,,,,W,move_forward|look,,-6.0,-2.0
581,19367,,,,,,,,,,,,,,,,,,,,,,,,,,,,,,W,move_forward|look,,-3.0,0.0
582,19400,,,,,,,,,,,,,,,,,,,,,,,,,,,,,,W,move_forward,,0.0,0.0
583,19433,,,,,,,,,,,,,,,,,,,,,,,,,,,,,,W,move_forward|look,,-6.0,0.0
584,19467,,,,,,,,,,,,,,,,,,,,,,,,,,,,,,W,move_forward|look,,-12.0,2.0
585,19500,,,,,,,,,,,,,,,,,,,,,,,,,,,,,,W,move_forward|look,,-26.0,7.0
586,19533,,,,,,,,,,,,,,,,,,,,,,,,,,,,,,W,move_forward|look,,-40.0,9.0
587,19567,,,,,,,,,,,,,,,,,,,,,,,,,,,,,,W,move_forward|look,,-41.0,10.0
588,19600,,,,,,,,,,,,,,,,,,,,,,,,,,,,,,W,move_forward|look,,-27.0,1.0
589,19633,,,,,,,,,,,,,,,,,,,,,,,,,,,,,,W,move_forward|look,,-6.0,0.0
590,19667,,,,,,,,,,,,,,,,,,,,,,,,,,,,,,W,move_forward,,0.0,0.0
591,19700,,,,,,,,,,,,,,,,,,,,,,,,,,,,,,W,move_forward,,0.0,0.0
592,19733,,,,,,,,,,,,,,,,,,,,,,,,,,,,,,W,move_forward,,0.0,0.0
593,19767,,,,,,,,,,,,,,,,,,,,,,,,,,,,,,W,move_forward,,0.0,0.0
594,19800,,,,,,,,,,,,,,,,,,,,,,,,,,,,,,W,move_forward,,0.0,0.0
595,19833,,,,,,,,,,,,,,,,,,,,,,,,,,,,,,W,move_forward|look,,-29.0,10.0
596,19867,,,,,,,,,,,,,,,,,,,,,,,,,,,,,,W,move_forward|look,,-166.0,66.0
597,19900,,,,,,,,,,,,,,,,,,,,,,,,,,,,,,W,move_forward|look,,-357.0,141.0
598,19933,,,,,,,,,,,,,,,,,,,,,,,,,,,,,,W,move_forward|look,,-500.0,233.0
599,19967,,,,,,,,,,,,,,,,,,,,,,,,,,,,,,W,move_forward|look,,-145.0,62.0
600,20000,,,,,,,,,,,,,,,,,,,,,,,,,,,,,,W,move_forward|look,,-55.0,19.0
601,20033,,,,,,,,,,,,,,,,,,,,,,,,,,,,,,W,move_forward|look,,-3.0,0.0
602,20067,,,,,,,,,,,,,,,,,,,,,,,,,,,,,,W,move_forward,,0.0,0.0
603,20100,,,,,,,,,,,,,,,,,,,,,,,,,,,,,,W,move_forward,,0.0,0.0
604,20133,,,,,,,,,,,,,,,,,,,,,,,,,,,,,,W,move_forward,,0.0,0.0
605,20167,,,,,,,,,,,,,,,,,,,,,,,,,,,,,,W,move_forward,,0.0,0.0
606,20200,,,,,,,,,,,,,,,,,,,,,,,,,,,,,,W,move_forward,,0.0,0.0
607,20233,,,,,,,,,,,,,,,,,,,,,,,,,,,,,,W,move_forward,,0.0,0.0
608,20267,,,,,,,,,,,,,,,,,,,,,,,,,,,,,,W,move_forward,,0.0,0.0
609,20300,,,,,,,,,,,,,,,,,,,,,,,,,,,,,,W,move_forward|look,,-13.0,0.0
610,20333,,,,,,,,,,,,,,,,,,,,,,,,,,,,,,W,move_forward|look,,-50.0,-18.0
611,20367,,,,,,,,,,,,,,,,,,,,,,,,,,,,,,W,move_forward|look,,-52.0,-22.0
612,20400,,,,,,,,,,,,,,,,,,,,,,,,,,,,,,W,move_forward|look,,-26.0,-7.0
613,20433,,,,,,,,,,,,,,,,,,,,,,,,,,,,,,W,move_forward|look,,-4.0,0.0
614,20467,,,,,,,,,,,,,,,,,,,,,,,,,,,,,,W,move_forward|look,,-4.0,-1.0
615,20500,,,,,,,,,,,,,,,,,,,,,,,,,,,,,,W,move_forward|look,,-22.0,-10.0
616,20533,,,,,,,,,,,,,,,,,,,,,,,,,,,,,,W,move_forward|look,,-88.0,-3.0
617,20567,,,,,,,,,,,,,,,,,,,,,,,,,,,,,,W,move_forward|look,,-127.0,24.0
618,20600,,,,,,,,,,,,,,,,,,,,,,,,,,,,,,W,move_forward|look,,-129.0,26.0
619,20633,,,,,,,,,,,,,,,,,,,,,,,,,,,,,,W,move_forward|look,,-62.0,5.0
620,20667,,,,,,,,,,,,,,,,,,,,,,,,,,,,,,W,move_forward|look,,-34.0,0.0
621,20700,,,,,,,,,,,,,,,,,,,,,,,,,,,,,,W,move_forward|look,,-7.0,1.0
622,20733,,,,,,,,,,,,,,,,,,,,,,,,,,,,,,W,move_forward,,0.0,0.0
623,20767,,,,,,,,,,,,,,,,,,,,,,,,,,,,,,W,move_forward,,0.0,0.0
624,20800,,,,,,,,,,,,,,,,,,,,,,,,,,,,,,W,move_forward,,0.0,0.0
625,20833,,,,,,,,,,,,,,,,,,,,,,,,,,,,,,W,move_forward,,0.0,0.0
626,20867,,,,,,,,,,,,,,,,,,,,,,,,,,,,,,W,move_forward,,0.0,0.0
627,20900,,,,,,,,,,,,,,,,,,,,,,,,,,,,,,W,move_forward,,0.0,0.0
628,20933,,,,,,,,,,,,,,,,,,,,,,,,,,,,,,W,move_forward|look,,-233.0,23.0
629,20967,,,,,,,,,,,,,,,,,,,,,,,,,,,,,,W,move_forward|look,,-688.0,64.0
630,21000,,,,,,,,,,,,,,,,,,,,,,,,,,,,,,W,move_forward|look,,-379.0,20.0
631,21033,,,,,,,,,,,,,,,,,,,,,,,,,,,,,,W,move_forward|look,,-146.0,0.0
632,21067,,,,,,,,,,,,,,,,,,,,,,,,,,,,,,W,move_forward|look,,-22.0,-16.0
633,21100,,,,,,,,,,,,,,,,,,,,,,,,,,,,,,W,move_forward,,0.0,0.0
634,21133,,,,,,,,,,,,,,,,,,,,,,,,,,,,,,W,move_forward,,0.0,0.0
635,21167,,,,,,,,,,,,,,,,,,,,,,,,,,,,,,W,move_forward,,0.0,0.0
636,21200,,,,,,,,,,,,,,,,,,,,,,,,,,,,,,W,move_forward,,0.0,0.0
637,21233,,,,,,,,,,,,,,,,,,,,,,,,,,,,,,W,move_forward,,0.0,0.0
638,21267,,,,,,,,,,,,,,,,,,,,,,,,,,,,,,W,move_forward|look,,-2.0,0.0
639,21300,,,,,,,,,,,,,,,,,,,,,,,,,,,,,,W,move_forward|look,,-104.0,0.0
640,21333,,,,,,,,,,,,,,,,,,,,,,,,,,,,,,W,move_forward|look,,-112.0,-4.0
641,21367,,,,,,,,,,,,,,,,,,,,,,,,,,,,,,W,move_forward|look,,-82.0,-14.0
642,21400,,,,,,,,,,,,,,,,,,,,,,,,,,,,,,W,move_forward|look,,-23.0,-7.0
643,21433,,,,,,,,,,,,,,,,,,,,,,,,,,,,,,W,move_forward|look,,14.0,-12.0
644,21467,,,,,,,,,,,,,,,,,,,,,,,,,,,,,,W,move_forward|look,,46.0,-20.0
645,21500,,,,,,,,,,,,,,,,,,,,,,,,,,,,,,W,move_forward|look,,65.0,-15.0
646,21533,,,,,,,,,,,,,,,,,,,,,,,,,,,,,,W,move_forward|look,,118.0,-16.0
647,21567,,,,,,,,,,,,,,,,,,,,,,,,,,,,,,W,move_forward|look,,147.0,-14.0
648,21600,,,,,,,,,,,,,,,,,,,,,,,,,,,,,,W,move_forward|look,,166.0,-3.0
649,21633,,,,,,,,,,,,,,,,,,,,,,,,,,,,,,W,move_forward|look,,187.0,18.0
650,21667,,,,,,,,,,,,,,,,,,,,,,,,,,,,,,W,move_forward|look,,130.0,11.0
651,21700,,,,,,,,,,,,,,,,,,,,,,,,,,,,,,W,move_forward|look,,11.0,0.0
652,21733,,,,,,,,,,,,,,,,,,,,,,,,,,,,,,W,move_forward,,0.0,0.0
653,21767,,,,,,,,,,,,,,,,,,,,,,,,,,,,,,W,move_forward,,0.0,0.0
654,21800,,,,,,,,,,,,,,,,,,,,,,,,,,,,,,W,move_forward,,0.0,0.0
655,21833,,,,,,,,,,,,,,,,,,,,,,,,,,,,,,W,move_forward,,0.0,0.0
656,21867,,,,,,,,,,,,,,,,,,,,,,,,,,,,,,W,move_forward,,0.0,0.0
657,21900,,,,,,,,,,,,,,,,,,,,,,,,,,,,,,W,move_forward,,0.0,0.0
658,21933,,,,,,,,,,,,,,,,,,,,,,,,,,,,,,W,move_forward|look,,-83.0,0.0
659,21967,,,,,,,,,,,,,,,,,,,,,,,,,,,,,,W,move_forward|look,,-205.0,3.0
660,22000,,,,,,,,,,,,,,,,,,,,,,,,,,,,,,W,move_forward|look,,-169.0,-22.0
661,22033,,,,,,,,,,,,,,,,,,,,,,,,,,,,,,W,move_forward|look,,-81.0,-47.0
662,22067,,,,,,,,,,,,,,,,,,,,,,,,,,,,,,W,move_forward|look,,-40.0,-24.0
663,22100,,,,,,,,,,,,,,,,,,,,,,,,,,,,,,W,move_forward|look,,-24.0,-7.0
664,22133,,,,,,,,,,,,,,,,,,,,,,,,,,,,,,W,move_forward|look,,-19.0,-6.0
665,22167,,,,,,,,,,,,,,,,,,,,,,,,,,,,,,W,move_forward|look,,-7.0,-10.0
666,22200,,,,,,,,,,,,,,,,,,,,,,,,,,,,,,W,move_forward|look,,0.0,-10.0
667,22233,,,,,,,,,,,,,,,,,,,,,,,,,,,,,,W,move_forward|look,,1.0,-1.0
668,22267,,,,,,,,,,,,,,,,,,,,,,,,,,,,,,W,move_forward|look,,2.0,-1.0
669,22300,,,,,,,,,,,,,,,,,,,,,,,,,,,,,,W,move_forward|look,,2.0,0.0
670,22333,,,,,,,,,,,,,,,,,,,,,,,,,,,,,,W,move_forward,,0.0,0.0
671,22367,,,,,,,,,,,,,,,,,,,,,,,,,,,,,,W,move_forward,,0.0,0.0
672,22400,,,,,,,,,,,,,,,,,,,,,,,,,,,,,,W,move_forward|look,,-2.0,-1.0
673,22433,,,,,,,,,,,,,,,,,,,,,,,,,,,,,,W,move_forward|look,,-1.0,-2.0
674,22467,,,,,,,,,,,,,,,,,,,,,,,,,,,,,,W,move_forward|look,,-1.0,0.0
675,22500,,,,,,,,,,,,,,,,,,,,,,,,,,,,,,W,move_forward|look,,4.0,-3.0
676,22533,,,,,,,,,,,,,,,,,,,,,,,,,,,,,,W,move_forward|look,,59.0,-19.0
677,22567,,,,,,,,,,,,,,,,,,,,,,,,,,,,,,W,move_forward|look,,159.0,-24.0
678,22600,,,,,,,,,,,,,,,,,,,,,,,,,,,,,,W,move_forward|look,,359.0,-12.0
679,22633,,,,,,,,,,,,,,,,,,,,,,,,,,,,,,W,move_forward|look,,423.0,0.0
680,22667,,,,,,,,,,,,,,,,,,,,,,,,,,,,,,W,move_forward|look,,434.0,20.0
681,22700,,,,,,,,,,,,,,,,,,,,,,,,,,,,,,W,move_forward|look,,232.0,34.0
682,22733,,,,,,,,,,,,,,,,,,,,,,,,,,,,,,W,move_forward|look,,143.0,27.0
683,22767,,,,,,,,,,,,,,,,,,,,,,,,,,,,,,W,move_forward|look,,72.0,9.0
684,22800,,,,,,,,,,,,,,,,,,,,,,,,,,,,,,W,move_forward|look,,41.0,1.0
685,22833,,,,,,,,,,,,,,,,,,,,,,,,,,,,,,W,move_forward|look,,33.0,0.0
686,22867,,,,,,,,,,,,,,,,,,,,,,,,,,,,,,W,move_forward|look,,5.0,0.0
687,22900,,,,,,,,,,,,,,,,,,,,,,,,,,,,,,W,move_forward,,0.0,0.0
688,22933,,,,,,,,,,,,,,,,,,,,,,,,,,,,,,W,move_forward,,0.0,0.0
689,22967,,,,,,,,,,,,,,,,,,,,,,,,,,,,,,W,move_forward,,0.0,0.0
690,23000,,,,,,,,,,,,,,,,,,,,,,,,,,,,,,W,move_forward,,0.0,0.0
691,23033,,,,,,,,,,,,,,,,,,,,,,,,,,,,,,W,move_forward,,0.0,0.0
692,23067,,,,,,,,,,,,,,,,,,,,,,,,,,,,,,W,move_forward,,0.0,0.0
693,23100,,,,,,,,,,,,,,,,,,,,,,,,,,,,,,W,move_forward|look,,5.0,-13.0
694,23133,,,,,,,,,,,,,,,,,,,,,,,,,,,,,,W,move_forward|look,,35.0,-37.0
695,23167,,,,,,,,,,,,,,,,,,,,,,,,,,,,,,W,move_forward|look,,40.0,-25.0
696,23200,,,,,,,,,,,,,,,,,,,,,,,,,,,,,,W,move_forward|look,,28.0,-23.0
697,23233,,,,,,,,,,,,,,,,,,,,,,,,,,,,,,W,move_forward|look,,14.0,-24.0
698,23267,,,,,,,,,,,,,,,,,,,,,,,,,,,,,,W,move_forward|look,,21.0,-28.0
699,23300,,,,,,,,,,,,,,,,,,,,,,,,,,,,,,W,move_forward|look,,22.0,-14.0
700,23333,,,,,,,,,,,,,,,,,,,,,,,,,,,,,,W,move_forward|look,,8.0,-2.0
701,23367,,,,,,,,,,,,,,,,,,,,,,,,,,,,,,W,move_forward|fire,Left,0.0,0.0
702,23400,,,,,,,,,,,,,,,,,,,,,,,,,,,,,,W,move_forward|fire,Left,0.0,0.0
703,23433,,,,,,,,,,,,,,,,,,,,,,,,,,,,,,W,move_forward|fire,Left,0.0,0.0
704,23467,,,,,,,,,,,,,,,,,,,,,,,,,,,,,,W,move_forward|fire,Left,0.0,0.0
705,23500,,,,,,,,,,,,,,,,,,,,,,,,,,,,,,W,move_forward|fire,Left,0.0,0.0
706,23533,,,,,,,,,,,,,,,,,,,,,,,,,,,,,,W,move_forward|fire,Left,0.0,0.0
707,23567,,,,,,,,,,,,,,,,,,,,,,,,,,,,,,W,move_forward,,0.0,0.0
708,23600,,,,,,,,,,,,,,,,,,,,,,,,,,,,,,W,move_forward,,0.0,0.0
709,23633,,,,,,,,,,,,,,,,,,,,,,,,,,,,,,W,move_forward,,0.0,0.0
710,23667,,,,,,,,,,,,,,,,,,,,,,,,,,,,,,W,move_forward|look,,14.0,-4.0
711,23700,,,,,,,,,,,,,,,,,,,,,,,,,,,,,,W,move_forward|look,,156.0,-38.0
712,23733,,,,,,,,,,,,,,,,,,,,,,,,,,,,,,W,move_forward|look,,424.0,-32.0
713,23767,,,,,,,,,,,,,,,,,,,,,,,,,,,,,,,look,,308.0,0.0
714,23800,,,,,,,,,,,,,,,,,,,,,,,,,,,,,,,look,,160.0,1.0
715,23833,,,,,,,,,,,,,,,,,,,,,,,,,,,,,,,look,,49.0,9.0
716,23867,,,,,,,,,,,,,,,,,,,,,,,,,,,,,,,look,,14.0,4.0
717,23900,,,,,,,,,,,,,,,,,,,,,,,,,,,,,,,look,,17.0,0.0
718,23933,,,,,,,,,,,,,,,,,,,,,,,,,,,,,,,look,,67.0,-10.0
719,23967,,,,,,,,,,,,,,,,,,,,,,,,,,,,,,,look,,40.0,-11.0
720,24000,,,,,,,,,,,,,,,,,,,,,,,,,,,,,,,look,,10.0,-2.0
721,24033,,,,,,,,,,,,,,,,,,,,,,,,,,,,,,,look,,2.0,0.0
722,24067,,,,,,,,,,,,,,,,,,,,,,,,,,,,,,W,move_forward|look,,1.0,0.0
723,24100,,,,,,,,,,,,,,,,,,,,,,,,,,,,,,W,move_forward|look,,16.0,0.0
724,24133,,,,,,,,,,,,,,,,,,,,,,,,,,,,,,W,move_forward|look,,102.0,-12.0
725,24167,,,,,,,,,,,,,,,,,,,,,,,,,,,,,,W,move_forward|look,,494.0,-83.0
726,24200,,,,,,,,,,,,,,,,,,,,,,,,,,,,,,W,move_forward|look,,94.0,-12.0
727,24233,,,,,,,,,,,,,,,,,,,,,,,,,,,,,,W,move_forward,,0.0,0.0
728,24267,,,,,,,,,,,,,,,,,,,,,,,,,,,,,,W,move_forward,,0.0,0.0
729,24300,,,,,,,,,,,,,,,,,,,,,,,,,,,,,,W,move_forward,,0.0,0.0
730,24333,,,,,,,,,,,,,,,,,,,,,,,,,,,,,,W,move_forward,,0.0,0.0
731,24367,,,,,,,,,,,,,,,,,,,,,,,,,,,,,,W,move_forward,,0.0,0.0
732,24400,,,,,,,,,,,,,,,,,,,,,,,,,,,,,,W,move_forward,,0.0,0.0
733,24433,,,,,,,,,,,,,,,,,,,,,,,,,,,,,,W,move_forward,,0.0,0.0
734,24467,,,,,,,,,,,,,,,,,,,,,,,,,,,,,,W,move_forward|look,,0.0,-2.0
735,24500,,,,,,,,,,,,,,,,,,,,,,,,,,,,,,W,move_forward|look,,26.0,-25.0
736,24533,,,,,,,,,,,,,,,,,,,,,,,,,,,,,,W,move_forward|look,,147.0,-58.0
737,24567,,,,,,,,,,,,,,,,,,,,,,,,,,,,,,W,move_forward|look,,391.0,-58.0
738,24600,,,,,,,,,,,,,,,,,,,,,,,,,,,,,,W,move_forward|look,,220.0,0.0
739,24633,,,,,,,,,,,,,,,,,,,,,,,,,,,,,,W,move_forward|look,,80.0,8.0
740,24667,,,,,,,,,,,,,,,,,,,,,,,,,,,,,,W,move_forward|look,,12.0,4.0
741,24700,,,,,,,,,,,,,,,,,,,,,,,,,,,,,,W,move_forward|look,,1.0,1.0
742,24733,,,,,,,,,,,,,,,,,,,,,,,,,,,,,,W,move_forward,,0.0,0.0
743,24767,,,,,,,,,,,,,,,,,,,,,,,,,,,,,,W,move_forward|fire,Left,0.0,0.0
744,24800,,,,,,,,,,,,,,,,,,,,,,,,,,,,,,W,move_forward|fire,Left,0.0,0.0
745,24833,,,,,,,,,,,,,,,,,,,,,,,,,,,,,,W,move_forward|fire,Left,0.0,0.0
746,24867,,,,,,,,,,,,,,,,,,,,,,,,,,,,,,W,move_forward|fire,Left,0.0,0.0
747,24900,,,,,,,,,,,,,,,,,,,,,,,,,,,,,,W,move_forward|fire,Left,0.0,0.0
748,24933,,,,,,,,,,,,,,,,,,,,,,,,,,,,,,W,move_forward|fire,Left,0.0,0.0
749,24967,,,,,,,,,,,,,,,,,,,,,,,,,,,,,,W,move_forward,,0.0,0.0
750,25000,,,,,,,,,,,,,,,,,,,,,,,,,,,,,,W,move_forward,,0.0,0.0
751,25033,,,,,,,,,,,,,,,,,,,,,,,,,,,,,,W,move_forward,,0.0,0.0
752,25067,,,,,,,,,,,,,,,,,,,,,,,,,,,,,,W,move_forward,,0.0,0.0
753,25100,,,,,,,,,,,,,,,,,,,,,,,,,,,,,,W,move_forward,,0.0,0.0
754,25133,,,,,,,,,,,,,,,,,,,,,,,,,,,,,,W,move_forward|look,,-96.0,0.0
755,25167,,,,,,,,,,,,,,,,,,,,,,,,,,,,,,W,move_forward|look,,-918.0,-5.0
756,25200,,,,,,,,,,,,,,,,,,,,,,,,,,,,,,W,move_forward|look,,-390.0,-94.0
757,25233,,,,,,,,,,,,,,,,,,,,,,,,,,,,,,W,move_forward|look,,-126.0,-54.0
758,25267,,,,,,,,,,,,,,,,,,,,,,,,,,,,,,W,move_forward|look,,-32.0,-18.0
759,25300,,,,,,,,,,,,,,,,,,,,,,,,,,,,,,W,move_forward|look,,0.0,-1.0
760,25333,,,,,,,,,,,,,,,,,,,,,,,,,,,,,,W,move_forward,,0.0,0.0
761,25367,,,,,,,,,,,,,,,,,,,,,,,,,,,,,,W,move_forward,,0.0,0.0
762,25400,,,,,,,,,,,,,,,,,,,,,,,,,,,,,,W,move_forward,,0.0,0.0
763,25433,,,,,,,,,,,,,,,,,,,,,,,,,,,,,,W,move_forward,,0.0,0.0
764,25467,,,,,,,,,,,,,,,,,,,,,,,,,,,,,,W,move_forward,,0.0,0.0
765,25500,,,,,,,,,,,,,,,,,,,,,,,,,,,,,,W,move_forward,,0.0,0.0
766,25533,,,,,,,,,,,,,,,,,,,,,,,,,,,,,,W,move_forward|fire,Left,0.0,0.0
767,25567,,,,,,,,,,,,,,,,,,,,,,,,,,,,,,W,move_forward|fire,Left,0.0,0.0
768,25600,,,,,,,,,,,,,,,,,,,,,,,,,,,,,,W,move_forward|fire,Left,0.0,0.0
769,25633,,,,,,,,,,,,,,,,,,,,,,,,,,,,,,W,move_forward|fire,Left,0.0,0.0
770,25667,,,,,,,,,,,,,,,,,,,,,,,,,,,,,,W,move_forward|fire,Left,0.0,0.0
771,25700,,,,,,,,,,,,,,,,,,,,,,,,,,,,,,W,move_forward,,0.0,0.0
772,25733,,,,,,,,,,,,,,,,,,,,,,,,,,,,,,W,move_forward,,0.0,0.0
773,25767,,,,,,,,,,,,,,,,,,,,,,,,,,,,,,W,move_forward,,0.0,0.0
774,25800,,,,,,,,,,,,,,,,,,,,,,,,,,,,,,W,move_forward,,0.0,0.0
775,25833,,,,,,,,,,,,,,,,,,,,,,,,,,,,,,W,move_forward,,0.0,0.0
776,25867,,,,,,,,,,,,,,,,,,,,,,,,,,,,,,W,move_forward|look,,28.0,-4.0
777,25900,,,,,,,,,,,,,,,,,,,,,,,,,,,,,,W,move_forward|look,,235.0,-47.0
778,25933,,,,,,,,,,,,,,,,,,,,,,,,,,,,,,,look,,951.0,-139.0
779,25967,,,,,,,,,,,,,,,,,,,,,,,,,,,,,,,look,,762.0,-7.0
780,26000,,,,,,,,,,,,,,,,,,,,,,,,,,,,,,,look,,437.0,47.0
781,26033,,,,,,,,,,,,,,,,,,,,,,,,,,,,,,,look,,122.0,24.0
782,26067,,,,,,,,,,,,,,,,,,,,,,,,,,,,,,,,,0.0,0.0
783,26100,,,,,,,,,,,,,,,,,,,,,,,,,,,,,,,,,0.0,0.0
784,26133,,,,,,,,,,,,,,,,,,,,,,,,,,,,,,,,,0.0,0.0
785,26167,,,,,,,,,,,,,,,,,,,,,,,,,,,,,,,,,0.0,0.0
786,26200,,,,,,,,,,,,,,,,,,,,,,,,,,,,,,,,,0.0,0.0
787,26233,,,,,,,,,,,,,,,,,,,,,,,,,,,,,,,look,,-1.0,-8.0
788,26267,,,,,,,,,,,,,,,,,,,,,,,,,,,,,,,look,,41.0,-18.0
789,26300,,,,,,,,,,,,,,,,,,,,,,,,,,,,,,,look,,77.0,-14.0
790,26333,,,,,,,,,,,,,,,,,,,,,,,,,,,,,,,look,,92.0,-4.0
791,26367,,,,,,,,,,,,,,,,,,,,,,,,,,,,,,,look,,88.0,-2.0
792,26400,,,,,,,,,,,,,,,,,,,,,,,,,,,,,,,look,,40.0,-1.0
793,26433,,,,,,,,,,,,,,,,,,,,,,,,,,,,,,,look,,6.0,-1.0
794,26467,,,,,,,,,,,,,,,,,,,,,,,,,,,,,,,look,,-6.0,-5.0
795,26500,,,,,,,,,,,,,,,,,,,,,,,,,,,,,,,look,,-7.0,-6.0
796,26533,,,,,,,,,,,,,,,,,,,,,,,,,,,,,,W,move_forward|look,,-2.0,-2.0
797,26567,,,,,,,,,,,,,,,,,,,,,,,,,,,,,,W,move_forward,,0.0,0.0
798,26600,,,,,,,,,,,,,,,,,,,,,,,,,,,,,,W,move_forward|look,,0.0,-1.0
799,26633,,,,,,,,,,,,,,,,,,,,,,,,,,,,,,W,move_forward,,0.0,0.0
800,26667,,,,,,,,,,,,,,,,,,,,,,,,,,,,,,W,move_forward|look,,7.0,0.0
801,26700,,,,,,,,,,,,,,,,,,,,,,,,,,,,,,W,move_forward|look,,26.0,9.0
802,26733,,,,,,,,,,,,,,,,,,,,,,,,,,,,,,W,move_forward|look,,48.0,41.0
803,26767,,,,,,,,,,,,,,,,,,,,,,,,,,,,,,W,move_forward|look,,71.0,100.0
804,26800,,,,,,,,,,,,,,,,,,,,,,,,,,,,,,W,move_forward|look,,52.0,146.0
805,26833,,,,,,,,,,,,,,,,,,,,,,,,,,,,,,W,move_forward|look,,25.0,145.0
806,26867,,,,,,,,,,,,,,,,,,,,,,,,,,,,,,W,move_forward|look,,7.0,121.0
807,26900,,,,,,,,,,,,,,,,,,,,,,,,,,,,,,W,move_forward|look,,0.0,43.0
808,26933,,,,,,,,,,,,,,,,,,,,,,,,,,,,,,W,move_forward|look,,0.0,7.0
809,26967,,,,,,,,,,,,,,,,,,,,,,,,,,,,,,W,move_forward,,0.0,0.0
810,27000,,,,,,,,,,,,,,,,,,,,,,,,,,,,,,W,move_forward,,0.0,0.0
811,27033,,,,,,,,,,,,,,,,,,,,,,,,,,,,,,W,move_forward,,0.0,0.0
812,27067,,,,,,,,,,,,,,,,,,,,,,,,,,,,,,W,move_forward,,0.0,0.0
813,27100,,,,,,,,,,,,,,,,,,,,,,,,,,,,,,W,move_forward,,0.0,0.0
814,27133,,,,,,,,,,,,,,,,,,,,,,,,,,,,,,W,move_forward,,0.0,0.0
815,27167,,,,,,,,,,,,,,,,,,,,,,,,,,,,,,W,move_forward,,0.0,0.0
816,27200,,,,,,,,,,,,,,,,,,,,,,,,,,,,,,W,move_forward,,0.0,0.0
817,27233,,,,,,,,,,,,,,,,,,,,,,,,,,,,,,W,move_forward|look,,10.0,10.0
818,27267,,,,,,,,,,,,,,,,,,,,,,,,,,,,,,W,move_forward|look,,27.0,10.0
819,27300,,,,,,,,,,,,,,,,,,,,,,,,,,,,,,,look,,50.0,11.0
820,27333,,,,,,,,,,,,,,,,,,,,,,,,,,,,,,,look,,78.0,12.0
821,27367,,,,,,,,,,,,,,,,,,,,,,,,,,,,,,,look,,71.0,19.0
822,27400,,,,,,,,,,,,,,,,,,,,,,,,,,,,,,,look,,133.0,30.0
823,27433,,,,,,,,,,,,,,,,,,,,,,,,,,,,,,,look,,70.0,12.0
824,27467,,,,,,,,,,,,,,,,,,,,,,,,,,,,,,,look,,38.0,7.0
825,27500,,,,,,,,,,,,,,,,,,,,,,,,,,,,,,,look,,5.0,0.0
826,27533,,,,,,,,,,,,,,,,,,,,,,,,,,,,,,,,,0.0,0.0
827,27567,,,,,,,,,,,,,,,,,,,,,,,,,,,,,,W,move_forward|fire,Left,0.0,0.0
828,27600,,,,,,,,,,,,,,,,,,,,,,,,,,,,,,W,move_forward|fire,Left,0.0,0.0
829,27633,,,,,,,,,,,,,,,,,,,,,,,,,,,,,,W,move_forward|fire,Left,0.0,0.0
830,27667,,,,,,,,,,,,,,,,,,,,,,,,,,,,,,W,move_forward|fire,Left,0.0,0.0
831,27700,,,,,,,,,,,,,,,,,,,,,,,,,,,,,,W,move_forward|fire,Left,0.0,0.0
832,27733,,,,,,,,,,,,,,,,,,,,,,,,,,,,,,W,move_forward|fire,Left,0.0,0.0
833,27767,,,,,,,,,,,,,,,,,,,,,,,,,,,,,,W,move_forward,,0.0,0.0
834,27800,,,,,,,,,,,,,,,,,,,,,,,,,,,,,,,,,0.0,0.0
835,27833,,,,,,,,,,,,,,,,,,,,,,,,,,,,,,,look,,-1.0,0.0
836,27867,,,,,,,,,,,,,,,,,,,,,,,,,,,,,,,look,,-20.0,0.0
837,27900,,,,,,,,,,,,,,,,,,,,,,,,,,,,,,,look,,-195.0,-8.0
838,27933,,,,,,,,,,,,,,,,,,,,,,,,,,,,,,,look,,-251.0,-48.0
839,27967,,,,,,,,,,,,,,,,,,,,,,,,,,,,,,,look,,-127.0,-28.0
840,28000,,,,,,,,,,,,,,,,,,,,,,,,,,,,,,W,move_forward|look,,-41.0,-5.0
841,28033,,,,,,,,,,,,,,,,,,,,,,,,,,,,,,W,move_forward,,0.0,0.0
842,28067,,,,,,,,,,,,,,,,,,,,,,,,,,,,,,W,move_forward|look,,21.0,14.0
843,28100,,,,,,,,,,,,,,,,,,,,,,,,,,,,,,W,move_forward|look,,43.0,38.0
844,28133,,,,,,,,,,,,,,,,,,,,,,,,,,,,,,W,move_forward|look,,36.0,42.0
845,28167,,,,,,,,,,,,,,,,,,,,,,,,,,,,,,W,move_forward|look,,19.0,44.0
846,28200,,,,,,,,,,,,,,,,,,,,,,,,,,,,,,W,move_forward|look,,-56.0,85.0
847,28233,,,,,,,,,,,,,,,,,,,,,,,,,,,,,,W,move_forward|look,,-214.0,108.0
848,28267,,,,,,,,,,,,,,,,,,,,,,,,,,,,,,W,move_forward|look,,-353.0,24.0
849,28300,,,,,,,,,,,,,,,,,,,,,,,,,,,,,,W,move_forward|look,,-254.0,-133.0
850,28333,,,,,,,,,,,,,,,,,,,,,,,,,,,,,,W,move_forward|look,,-178.0,-78.0
851,28367,,,,,,,,,,,,,,,,,,,,,,,,,,,,,,W,move_forward|look,,-94.0,-9.0
852,28400,,,,,,,,,,,,,,,,,,,,,,,,,,,,,,W,move_forward|look,,-41.0,11.0
853,28433,,,,,,,,,,,,,,,,,,,,,,,,,,,,,,W,move_forward,,0.0,0.0
854,28467,,,,,,,,,,,,,,,,,,,,,,,,,,,,,,W,move_forward,,0.0,0.0
855,28500,,,,,,,,,,,,,,,,,,,,,,,,,,,,,,W,move_forward,,0.0,0.0
856,28533,,,,,,,,,,,,,,,,,,,,,,,,,,,,,,W,move_forward,,0.0,0.0
857,28567,,,,,,,,,,,,,,,,,,,,,,,,,,,,,,W,move_forward,,0.0,0.0
858,28600,,,,,,,,,,,,,,,,,,,,,,,,,,,,,,W,move_forward,,0.0,0.0
859,28633,,,,,,,,,,,,,,,,,,,,,,,,,,,,,,W,move_forward,,0.0,0.0
860,28667,,,,,,,,,,,,,,,,,,,,,,,,,,,,,,W,move_forward|look,,-302.0,69.0
861,28700,,,,,,,,,,,,,,,,,,,,,,,,,,,,,,W,move_forward|look,,-882.0,57.0
862,28733,,,,,,,,,,,,,,,,,,,,,,,,,,,,,,W,move_forward|look,,-517.0,-22.0
863,28767,,,,,,,,,,,,,,,,,,,,,,,,,,,,,,W,move_forward|look,,-188.0,-82.0
864,28800,,,,,,,,,,,,,,,,,,,,,,,,,,,,,,W,move_forward|look,,-45.0,-38.0
865,28833,,,,,,,,,,,,,,,,,,,,,,,,,,,,,,W,move_forward|look,,0.0,-5.0
866,28867,,,,,,,,,,,,,,,,,,,,,,,,,,,,,,W,move_forward,,0.0,0.0
867,28900,,,,,,,,,,,,,,,,,,,,,,,,,,,,,,W,move_forward,,0.0,0.0
868,28933,,,,,,,,,,,,,,,,,,,,,,,,,,,,,,W,move_forward,,0.0,0.0
869,28967,,,,,,,,,,,,,,,,,,,,,,,,,,,,,,W,move_forward,,0.0,0.0
870,29000,,,,,,,,,,,,,,,,,,,,,,,,,,,,,,W,move_forward,,0.0,0.0
871,29033,,,,,,,,,,,,,,,,,,,,,,,,,,,,,,W,move_forward|look,,-21.0,0.0
872,29067,,,,,,,,,,,,,,,,,,,,,,,,,,,,,,W,move_forward|look,,-80.0,-15.0
873,29100,,,,,,,,,,,,,,,,,,,,,,,,,,,,,,W,move_forward|look,,-136.0,-14.0
874,29133,,,,,,,,,,,,,,,,,,,,,,,,,,,,,,W,move_forward|look,,-99.0,-4.0
875,29167,,,,,,,,,,,,,,,,,,,,,,,,,,,,,,W,move_forward|look,,-54.0,-12.0
876,29200,,,,,,,,,,,,,,,,,,,,,,,,,,,,,,W,move_forward|look,,-8.0,-10.0
877,29233,,,,,,,,,,,,,,,,,,,,,,,,,,,,,,W,move_forward|look,,0.0,-3.0
878,29267,,,,,,,,,,,,,,,,,,,,,,,,,,,,,,W,move_forward|fire,Left,0.0,0.0
879,29300,,,,,,,,,,,,,,,,,,,,,,,,,,,,,,W,move_forward|fire,Left,0.0,0.0
880,29333,,,,,,,,,,,,,,,,,,,,,,,,,,,,,,W,move_forward|fire,Left,0.0,0.0
881,29367,,,,,,,,,,,,,,,,,,,,,,,,,,,,,,,fire|look,Left,0.0,-1.0
882,29400,,,,,,,,,,,,,,,,,,,,,,,,,,,,,,,fire,Left,0.0,0.0
883,29433,,,,,,,,,,,,,,,,,,,,,,,,,,,,,,,,,0.0,0.0
884,29467,,,,,,,,,,,,,,,,,,,,,,,,,,,,,,,,,0.0,0.0
885,29500,,,,,,,,,,,,,,,,,,,,,,,,,,,,,,,,,0.0,0.0
886,29533,,,,,,,,,,,,,,,,,,,,,,,,,,,,,,,look,,21.0,0.0
887,29567,,,,,,,,,,,,,,,,,,,,,,,,,,,,,,,look,,157.0,0.0
888,29600,,,,,,,,,,,,,,,,,,,,,,,,,,,,,,,look,,371.0,-8.0
889,29633,,,,,,,,,,,,,,,,,,,,,,,,,,,,,,,look,,465.0,-38.0
890,29667,,,,,,,,,,,,,,,,,,,,,,,,,,,,,,,look,,372.0,-30.0
891,29700,,,,,,,,,,,,,,,,,,,,,,,,,,,,,,,look,,73.0,-10.0
892,29733,,,,,,,,,,,,,,,,,,,,,,,,,,,,,,,,,0.0,0.0
893,29767,,,,,,,,,,,,,,,,,,,,,,,,,,,,,,W,move_forward,,0.0,0.0
894,29800,,,,,,,,,,,,,,,,,,,,,,,,,,,,,,W,move_forward,,0.0,0.0
895,29833,,,,,,,,,,,,,,,,,,,,,,,,,,,,,,W,move_forward,,0.0,0.0
896,29867,,,,,,,,,,,,,,,,,,,,,,,,,,,,,,W,move_forward,,0.0,0.0
897,29900,,,,,,,,,,,,,,,,,,,,,,,,,,,,,,W,move_forward|look,,-6.0,-5.0
898,29933,,,,,,,,,,,,,,,,,,,,,,,,,,,,,,W,move_forward|look,,-1.0,-2.0
899,29967,,,,,,,,,,,,,,,,,,,,,,,,,,,,,,W,move_forward|look,,-11.0,-13.0
900,30000,,,,,,,,,,,,,,,,,,,,,,,,,,,,,,W,move_forward|look,,-28.0,-52.0
901,30033,,,,,,,,,,,,,,,,,,,,,,,,,,,,,,W,move_forward|look,,-12.0,-57.0
902,30067,,,,,,,,,,,,,,,,,,,,,,,,,,,,,,W,move_forward|look,,-1.0,-27.0
903,30100,,,,,,,,,,,,,,,,,,,,,,,,,,,,,,W,move_forward|look,,-6.0,-14.0
904,30133,,,,,,,,,,,,,,,,,,,,,,,,,,,,,,W,move_forward|look,,-119.0,-84.0
905,30167,,,,,,,,,,,,,,,,,,,,,,,,,,,,,,W,move_forward|look,,-216.0,-153.0
906,30200,,,,,,,,,,,,,,,,,,,,,,,,,,,,,,W,move_forward|look,,-138.0,-76.0
907,30233,,,,,,,,,,,,,,,,,,,,,,,,,,,,,,W,move_forward|look,,-59.0,-20.0
908,30267,,,,,,,,,,,,,,,,,,,,,,,,,,,,,,W,move_forward|look,,-23.0,-10.0
909,30300,,,,,,,,,,,,,,,,,,,,,,,,,,,,,,W,move_forward|look,,-1.0,-2.0
910,30333,,,,,,,,,,,,,,,,,,,,,,,,,,,,,,W,move_forward,,0.0,0.0
911,30367,,,,,,,,,,,,,,,,,,,,,,,,,,,,,,W,move_forward,,0.0,0.0
912,30400,,,,,,,,,,,,,,,,,,,,,,,,,,,,,,W,move_forward,,0.0,0.0
913,30433,,,,,,,,,,,,,,,,,,,,,,,,,,,,,,W,move_forward,,0.0,0.0
914,30467,,,,,,,,,,,,,,,,,,,,,,,,,,,,,,W,move_forward,,0.0,0.0
915,30500,,,,,,,,,,,,,,,,,,,,,,,,,,,,,,W,move_forward|look,,-31.0,13.0
916,30533,,,,,,,,,,,,,,,,,,,,,,,,,,,,,,W,move_forward|look,,-77.0,46.0
917,30567,,,,,,,,,,,,,,,,,,,,,,,,,,,,,,W,move_forward|look,,-139.0,78.0
918,30600,,,,,,,,,,,,,,,,,,,,,,,,,,,,,,W,move_forward|look,,-206.0,49.0
919,30633,,,,,,,,,,,,,,,,,,,,,,,,,,,,,,,look,,-97.0,-3.0
920,30667,,,,,,,,,,,,,,,,,,,,,,,,,,,,,,,look,,-34.0,-10.0
921,30700,,,,,,,,,,,,,,,,,,,,,,,,,,,,,,,,,0.0,0.0
922,30733,,,,,,,,,,,,,,,,,,,,,,,,,,,,,,,,,0.0,0.0
923,30767,,,,,,,,,,,,,,,,,,,,,,,,,,,,,,,,,0.0,0.0
924,30800,,,,,,,,,,,,,,,,,,,,,,,,,,,,,,,look,,2.0,0.0
925,30833,,,,,,,,,,,,,,,,,,,,,,,,,,,,,,,look,,2.0,0.0
926,30867,,,,,,,,,,,,,,,,,,,,,,,,,,,,,,,look,,2.0,1.0
927,30900,,,,,,,,,,,,,,,,,,,,,,,,,,,,,,,look,,1.0,10.0
928,30933,,,,,,,,,,,,,,,,,,,,,,,,,,,,,,,look,,0.0,28.0
929,30967,,,,,,,,,,,,,,,,,,,,,,,,,,,,,,,look,,-37.0,38.0
930,31000,,,,,,,,,,,,,,,,,,,,,,,,,,,,,,,look,,-74.0,33.0
931,31033,,,,,,,,,,,,,,,,,,,,,,,,,,,,,,,look,,-122.0,33.0
932,31067,,,,,,,,,,,,,,,,,,,,,,,,,,,,,,,look,,-108.0,49.0
933,31100,,,,,,,,,,,,,,,,,,,,,,,,,,,,,,,look,,-61.0,20.0
934,31133,,,,,,,,,,,,,,,,,,,,,,,,,,,,,,,look,,-22.0,2.0
935,31167,,,,,,,,,,,,,,,,,,,,,,,,,,,,,,,,,0.0,0.0
936,31200,,,,,,,,,,,,,,,,,,,,,,,,,,,,,,,,,0.0,0.0
937,31233,,,,,,,,,,,,,,,,,,,,,,,,,,,,,,,,,0.0,0.0
938,31267,,,,,,,,,,,,,,,,,,,,,,,,,,,,,,,,,0.0,0.0
939,31300,,,,,,,,,,,,,,,,,,,,,,,,,,,,,,,,,0.0,0.0
940,31333,,,,,,,,,,,,,,,,,,,,,,,,,,,,,,,look,,-31.0,0.0
941,31367,,,,,,,,,,,,,,,,,,,,,,,,,,,,,,,look,,-152.0,22.0
942,31400,,,,,,,,,,,,,,,,,,,,,,,,,,,,,,,look,,-489.0,110.0
943,31433,,,,,,,,,,,,,,,,,,,,,,,,,,,,,,,look,,-264.0,52.0
944,31467,,,,,,,,,,,,,,,,,,,,,,,,,,,,,,,look,,-164.0,24.0
945,31500,,,,,,,,,,,,,,,,,,,,,,,,,,,,,,,look,,-51.0,3.0
946,31533,,,,,,,,,,,,,,,,,,,,,,,,,,,,,,,look,,-8.0,0.0
947,31567,,,,,,,,,,,,,,,,,,,,,,,,,,,,,,,,,0.0,0.0
948,31600,,,,,,,,,,,,,,,,,,,,,,,,,,,,,,,,,0.0,0.0
949,31633,,,,,,,,,,,,,,,,,,,,,,,,,,,,,,,,,0.0,0.0
950,31667,,,,,,,,,,,,,,,,,,,,,,,,,,,,,,,,,0.0,0.0
951,31700,,,,,,,,,,,,,,,,,,,,,,,,,,,,,,,,,0.0,0.0
952,31733,,,,,,,,,,,,,,,,,,,,,,,,,,,,,,,look,,-1.0,0.0
953,31767,,,,,,,,,,,,,,,,,,,,,,,,,,,,,,,look,,-26.0,15.0
954,31800,,,,,,,,,,,,,,,,,,,,,,,,,,,,,,,look,,-35.0,18.0
955,31833,,,,,,,,,,,,,,,,,,,,,,,,,,,,,,,look,,-14.0,7.0
956,31867,,,,,,,,,,,,,,,,,,,,,,,,,,,,,,,look,,-22.0,9.0
957,31900,,,,,,,,,,,,,,,,,,,,,,,,,,,,,,,look,,-33.0,11.0
958,31933,,,,,,,,,,,,,,,,,,,,,,,,,,,,,,,look,,-14.0,4.0
959,31967,,,,,,,,,,,,,,,,,,,,,,,,,,,,,,,look,,-2.0,1.0
960,32000,,,,,,,,,,,,,,,,,,,,,,,,,,,,,,,look,,-1.0,1.0
961,32033,,,,,,,,,,,,,,,,,,,,,,,,,,,,,,,,,0.0,0.0
962,32067,,,,,,,,,,,,,,,,,,,,,,,,,,,,,,,,,0.0,0.0
963,32100,,,,,,,,,,,,,,,,,,,,,,,,,,,,,,,,,0.0,0.0
964,32133,,,,,,,,,,,,,,,,,,,,,,,,,,,,,,,fire,Left,0.0,0.0
965,32167,,,,,,,,,,,,,,,,,,,,,,,,,,,,,,,fire,Left,0.0,0.0
966,32200,,,,,,,,,,,,,,,,,,,,,,,,,,,,,,,fire,Left,0.0,0.0
967,32233,,,,,,,,,,,,,,,,,,,,,,,,,,,,,,,fire,Left,0.0,0.0
968,32267,,,,,,,,,,,,,,,,,,,,,,,,,,,,,,,,,0.0,0.0
969,32300,,,,,,,,,,,,,,,,,,,,,,,,,,,,,,,,,0.0,0.0
970,32333,,,,,,,,,,,,,,,,,,,,,,,,,,,,,,,,,0.0,0.0
971,32367,,,,,,,,,,,,,,,,,,,,,,,,,,,,,,,,,0.0,0.0
972,32400,,,,,,,,,,,,,,,,,,,,,,,,,,,,,,,look,,1.0,0.0
973,32433,,,,,,,,,,,,,,,,,,,,,,,,,,,,,,,look,,4.0,-3.0
974,32467,,,,,,,,,,,,,,,,,,,,,,,,,,,,,,,look,,8.0,-16.0
975,32500,,,,,,,,,,,,,,,,,,,,,,,,,,,,,,,look,,21.0,-32.0
976,32533,,,,,,,,,,,,,,,,,,,,,,,,,,,,,,,look,,18.0,-24.0
977,32567,,,,,,,,,,,,,,,,,,,,,,,,,,,,,,,look,,7.0,-7.0
978,32600,,,,,,,,,,,,,,,,,,,,,,,,,,,,,,,look,,4.0,-7.0
979,32633,,,,,,,,,,,,,,,,,,,,,,,,,,,,,,,look,,10.0,-17.0
980,32667,,,,,,,,,,,,,,,,,,,,,,,,,,,,,,,look,,6.0,-7.0
981,32700,,,,,,,,,,,,,,,,,,,,,,,,,,,,,,,look,,2.0,0.0
982,32733,,,,,,,,,,,,,,,,,,,,,,,,,,,,,,,look,,1.0,-1.0
983,32767,,,,,,,,,,,,,,,,,,,,,,,,,,,,,,,look,,12.0,-2.0
984,32800,,,,,,,,,,,,,,,,,,,,,,,,,,,,,,,look,,21.0,-2.0
985,32833,,,,,,,,,,,,,,,,,,,,,,,,,,,,,,,look,,14.0,0.0
986,32867,,,,,,,,,,,,,,,,,,,,,,,,,,,,,,,look,,3.0,0.0
987,32900,,,,,,,,,,,,,,,,,,,,,,,,,,,,,,,look,,1.0,0.0
988,32933,,,,,,,,,,,,,,,,,,,,,,,,,,,,,,,fire,Left,0.0,0.0
989,32967,,,,,,,,,,,,,,,,,,,,,,,,,,,,,,,fire,Left,0.0,0.0
990,33000,,,,,,,,,,,,,,,,,,,,,,,,,,,,,,,fire,Left,0.0,0.0
991,33033,,,,,,,,,,,,,,,,,,,,,,,,,,,,,,,fire,Left,0.0,0.0
992,33067,,,,,,,,,,,,,,,,,,,,,,,,,,,,,,,fire,Left,0.0,0.0
993,33100,,,,,,,,,,,,,,,,,,,,,,,,,,,,,,,fire,Left,0.0,0.0
994,33133,,,,,,,,,,,,,,,,,,,,,,,,,,,,,,,,,0.0,0.0
995,33167,,,,,,,,,,,,,,,,,,,,,,,,,,,,,,,,,0.0,0.0
996,33200,,,,,,,,,,,,,,,,,,,,,,,,,,,,,,,,,0.0,0.0
997,33233,,,,,,,,,,,,,,,,,,,,,,,,,,,,,,,,,0.0,0.0
998,33267,,,,,,,,,,,,,,,,,,,,,,,,,,,,,,,,,0.0,0.0
999,33300,,,,,,,,,,,,,,,,,,,,,,,,,,,,,,,,,0.0,0.0
1000,33333,,,,,,,,,,,,,,,,,,,,,,,,,,,,,,,,,0.0,0.0
1001,33367,,,,,,,,,,,,,,,,,,,,,,,,,,,,,,,,,0.0,0.0
1002,33400,,,,,,,,,,,,,,,,,,,,,,,,,,,,,,,fire,Left,0.0,0.0
1003,33433,,,,,,,,,,,,,,,,,,,,,,,,,,,,,,,fire,Left,0.0,0.0
1004,33467,,,,,,,,,,,,,,,,,,,,,,,,,,,,,,,fire,Left,0.0,0.0
1005,33500,,,,,,,,,,,,,,,,,,,,,,,,,,,,,,,fire,Left,0.0,0.0
1006,33533,,,,,,,,,,,,,,,,,,,,,,,,,,,,,,,,,0.0,0.0
1007,33567,,,,,,,,,,,,,,,,,,,,,,,,,,,,,,,,,0.0,0.0
1008,33600,,,,,,,,,,,,,,,,,,,,,,,,,,,,,,,fire,Left,0.0,0.0
1009,33633,,,,,,,,,,,,,,,,,,,,,,,,,,,,,,,fire,Left,0.0,0.0
1010,33667,,,,,,,,,,,,,,,,,,,,,,,,,,,,,,,fire,Left,0.0,0.0
1011,33700,,,,,,,,,,,,,,,,,,,,,,,,,,,,,,,fire,Left,0.0,0.0
1012,33733,,,,,,,,,,,,,,,,,,,,,,,,,,,,,,,fire,Left,0.0,0.0
1013,33767,,,,,,,,,,,,,,,,,,,,,,,,,,,,,,,fire,Left,0.0,0.0
1014,33800,,,,,,,,,,,,,,,,,,,,,,,,,,,,,,,,,0.0,0.0
1015,33833,,,,,,,,,,,,,,,,,,,,,,,,,,,,,,,,,0.0,0.0
1016,33867,,,,,,,,,,,,,,,,,,,,,,,,,,,,,,,fire,Left,0.0,0.0
1017,33900,,,,,,,,,,,,,,,,,,,,,,,,,,,,,,,fire,Left,0.0,0.0
1018,33933,,,,,,,,,,,,,,,,,,,,,,,,,,,,,,,fire,Left,0.0,0.0
1019,33967,,,,,,,,,,,,,,,,,,,,,,,,,,,,,,,fire,Left,0.0,0.0
1020,34000,,,,,,,,,,,,,,,,,,,,,,,,,,,,,,,fire,Left,0.0,0.0
1021,34033,,,,,,,,,,,,,,,,,,,,,,,,,,,,,,,,,0.0,0.0
1022,34067,,,,,,,,,,,,,,,,,,,,,,,,,,,,,,,,,0.0,0.0
1023,34100,,,,,,,,,,,,,,,,,,,,,,,,,,,,,,,,,0.0,0.0
1024,34133,,,,,,,,,,,,,,,,,,,,,,,,,,,,,,,,,0.0,0.0
1025,34167,,,,,,,,,,,,,,,,,,,,,,,,,,,,,,,,,0.0,0.0
1026,34200,,,,,,,,,,,,,,,,,,,,,,,,,,,,,,,,,0.0,0.0
1027,34233,,,,,,,,,,,,,,,,,,,,,,,,,,,,,,,,,0.0,0.0
1028,34267,,,,,,,,,,,,,,,,,,,,,,,,,,,,,,,,,0.0,0.0
1029,34300,,,,,,,,,,,,,,,,,,,,,,,,,,,,,,,,,0.0,0.0
1030,34333,,,,,,,,,,,,,,,,,,,,,,,,,,,,,,,,,0.0,0.0
1031,34367,,,,,,,,,,,,,,,,,,,,,,,,,,,,,,,,,0.0,0.0
1032,34400,,,,,,,,,,,,,,,,,,,,,,,,,,,,,,,,,0.0,0.0
1033,34433,,,,,,,,,,,,,,,,,,,,,,,,,,,,,,,,,0.0,0.0
1034,34467,,,,,,,,,,,,,,,,,,,,,,,,,,,,,,,,,0.0,0.0
1035,34500,,,,,,,,,,,,,,,,,,,,,,,,,,,,,,,,,0.0,0.0
1036,34533,,,,,,,,,,,,,,,,,,,,,,,,,,,,,,,,,0.0,0.0
1037,34567,,,,,,,,,,,,,,,,,,,,,,,,,,,,,,,,,0.0,0.0
1038,34600,,,,,,,,,,,,,,,,,,,,,,,,,,,,,,,,,0.0,0.0
1039,34633,,,,,,,,,,,,,,,,,,,,,,,,,,,,,,,,,0.0,0.0
1040,34667,,,,,,,,,,,,,,,,,,,,,,,,,,,,,,,,,0.0,0.0
1041,34700,,,,,,,,,,,,,,,,,,,,,,,,,,,,,,,,,0.0,0.0
1042,34733,,,,,,,,,,,,,,,,,,,,,,,,,,,,,,,,,0.0,0.0
1043,34767,,,,,,,,,,,,,,,,,,,,,,,,,,,,,,,,,0.0,0.0
1044,34800,,,,,,,,,,,,,,,,,,,,,,,,,,,,,,,,,0.0,0.0
1045,34833,,,,,,,,,,,,,,,,,,,,,,,,,,,,,,,,,0.0,0.0
1046,34867,,,,,,,,,,,,,,,,,,,,,,,,,,,,,,Space,jump,,0.0,0.0
1047,34900,,,,,,,,,,,,,,,,,,,,,,,,,,,,,,Space,jump,,0.0,0.0
1048,34933,,,,,,,,,,,,,,,,,,,,,,,,,,,,,,Space,jump,,0.0,0.0
1049,34967,,,,,,,,,,,,,,,,,,,,,,,,,,,,,,Space,jump,,0.0,0.0
1050,35000,,,,,,,,,,,,,,,,,,,,,,,,,,,,,,Space,jump,,0.0,0.0
1051,35033,,,,,,,,,,,,,,,,,,,,,,,,,,,,,,,,,0.0,0.0
1052,35067,,,,,,,,,,,,,,,,,,,,,,,,,,,,,,,,,0.0,0.0
1053,35100,,,,,,,,,,,,,,,,,,,,,,,,,,,,,,,,,0.0,0.0
1054,35133,,,,,,,,,,,,,,,,,,,,,,,,,,,,,,,,,0.0,0.0
1055,35167,,,,,,,,,,,,,,,,,,,,,,,,,,,,,,,,,0.0,0.0
1056,35200,,,,,,,,,,,,,,,,,,,,,,,,,,,,,,,,,0.0,0.0
1057,35233,,,,,,,,,,,,,,,,,,,,,,,,,,,,,,,,,0.0,0.0
1058,35267,,,,,,,,,,,,,,,,,,,,,,,,,,,,,,,,,0.0,0.0
1059,35300,,,,,,,,,,,,,,,,,,,,,,,,,,,,,,,,,0.0,0.0
1060,35333,,,,,,,,,,,,,,,,,,,,,,,,,,,,,,,look,,0.0,-1.0
1061,35367,,,,,,,,,,,,,,,,,,,,,,,,,,,,,,,,,0.0,0.0
1062,35400,,,,,,,,,,,,,,,,,,,,,,,,,,,,,,,,,0.0,0.0
1063,35433,,,,,,,,,,,,,,,,,,,,,,,,,,,,,,,,,0.0,0.0
1064,35467,,,,,,,,,,,,,,,,,,,,,,,,,,,,,,,,,0.0,0.0
1065,35500,,,,,,,,,,,,,,,,,,,,,,,,,,,,,,,,,0.0,0.0
1066,35533,,,,,,,,,,,,,,,,,,,,,,,,,,,,,,,,,0.0,0.0
1067,35567,,,,,,,,,,,,,,,,,,,,,,,,,,,,,,,look,,7.0,1.0
1068,35600,,,,,,,,,,,,,,,,,,,,,,,,,,,,,,,look,,22.0,6.0
1069,35633,,,,,,,,,,,,,,,,,,,,,,,,,,,,,,,look,,51.0,15.0
1070,35667,,,,,,,,,,,,,,,,,,,,,,,,,,,,,,,look,,65.0,14.0
1071,35700,,,,,,,,,,,,,,,,,,,,,,,,,,,,,,,look,,71.0,14.0
1072,35733,,,,,,,,,,,,,,,,,,,,,,,,,,,,,,,look,,65.0,9.0
1073,35767,,,,,,,,,,,,,,,,,,,,,,,,,,,,,,,look,,59.0,1.0
1074,35800,,,,,,,,,,,,,,,,,,,,,,,,,,,,,,,look,,39.0,0.0
1075,35833,,,,,,,,,,,,,,,,,,,,,,,,,,,,,,,look,,25.0,0.0
1076,35867,,,,,,,,,,,,,,,,,,,,,,,,,,,,,,,look,,9.0,-4.0
1077,35900,,,,,,,,,,,,,,,,,,,,,,,,,,,,,,,look,,-2.0,-12.0
1078,35933,,,,,,,,,,,,,,,,,,,,,,,,,,,,,,,look,,-70.0,-26.0
1079,35967,,,,,,,,,,,,,,,,,,,,,,,,,,,,,,,look,,-243.0,-33.0
1080,36000,,,,,,,,,,,,,,,,,,,,,,,,,,,,,,,look,,-433.0,-8.0
1081,36033,,,,,,,,,,,,,,,,,,,,,,,,,,,,,,,look,,-267.0,-4.0
1082,36067,,,,,,,,,,,,,,,,,,,,,,,,,,,,,,,look,,-79.0,-10.0
1083,36100,,,,,,,,,,,,,,,,,,,,,,,,,,,,,,,look,,-1.0,-8.0
1084,36133,,,,,,,,,,,,,,,,,,,,,,,,,,,,,,,look,,127.0,-14.0
1085,36167,,,,,,,,,,,,,,,,,,,,,,,,,,,,,,,look,,187.0,-3.0
1086,36200,,,,,,,,,,,,,,,,,,,,,,,,,,,,,,,look,,215.0,10.0
1087,36233,,,,,,,,,,,,,,,,,,,,,,,,,,,,,,,look,,86.0,29.0
1088,36267,,,,,,,,,,,,,,,,,,,,,,,,,,,,,,,look,,29.0,18.0
1089,36300,,,,,,,,,,,,,,,,,,,,,,,,,,,,,,,look,,-5.0,22.0
1090,36333,,,,,,,,,,,,,,,,,,,,,,,,,,,,,,,look,,-84.0,42.0
1091,36367,,,,,,,,,,,,,,,,,,,,,,,,,,,,,,,look,,-117.0,13.0
1092,36400,,,,,,,,,,,,,,,,,,,,,,,,,,,,,,,look,,-18.0,-21.0
1093,36433,,,,,,,,,,,,,,,,,,,,,,,,,,,,,,,look,,33.0,-26.0
1094,36467,,,,,,,,,,,,,,,,,,,,,,,,,,,,,,,look,,74.0,-8.0
1095,36500,,,,,,,,,,,,,,,,,,,,,,,,,,,,,,,look,,28.0,0.0
1096,36533,,,,,,,,,,,,,,,,,,,,,,,,,,,,,,,look,,5.0,0.0
1097,36567,,,,,,,,,,,,,,,,,,,,,,,,,,,,,,,look,,4.0,0.0
1098,36600,,,,,,,,,,,,,,,,,,,,,,,,,,,,,,,look,,24.0,3.0
1099,36633,,,,,,,,,,,,,,,,,,,,,,,,,,,,,,,look,,64.0,14.0
1100,36667,,,,,,,,,,,,,,,,,,,,,,,,,,,,,,,look,,82.0,18.0
1101,36700,,,,,,,,,,,,,,,,,,,,,,,,,,,,,,,look,,51.0,18.0
1102,36733,,,,,,,,,,,,,,,,,,,,,,,,,,,,,,,look,,20.0,11.0
1103,36767,,,,,,,,,,,,,,,,,,,,,,,,,,,,,,,look,,0.0,3.0
1104,36800,,,,,,,,,,,,,,,,,,,,,,,,,,,,,,,look,,-14.0,3.0
1105,36833,,,,,,,,,,,,,,,,,,,,,,,,,,,,,,,look,,-11.0,3.0
1106,36867,,,,,,,,,,,,,,,,,,,,,,,,,,,,,,,look,,-2.0,0.0
1107,36900,,,,,,,,,,,,,,,,,,,,,,,,,,,,,,,look,,0.0,1.0
1108,36933,,,,,,,,,,,,,,,,,,,,,,,,,,,,,,,look,,-1.0,0.0
1109,36967,,,,,,,,,,,,,,,,,,,,,,,,,,,,,,,look,,-1.0,0.0
1110,37000,,,,,,,,,,,,,,,,,,,,,,,,,,,,,,,,,0.0,0.0
1111,37033,,,,,,,,,,,,,,,,,,,,,,,,,,,,,,,fire,Left,0.0,0.0
1112,37067,,,,,,,,,,,,,,,,,,,,,,,,,,,,,,,fire,Left,0.0,0.0
1113,37100,,,,,,,,,,,,,,,,,,,,,,,,,,,,,,,fire,Left,0.0,0.0
1114,37133,,,,,,,,,,,,,,,,,,,,,,,,,,,,,,,fire,Left,0.0,0.0
1115,37167,,,,,,,,,,,,,,,,,,,,,,,,,,,,,,,fire,Left,0.0,0.0
1116,37200,,,,,,,,,,,,,,,,,,,,,,,,,,,,,,,fire,Left,0.0,0.0
1117,37233,,,,,,,,,,,,,,,,,,,,,,,,,,,,,,,,,0.0,0.0
1118,37267,,,,,,,,,,,,,,,,,,,,,,,,,,,,,,,,,0.0,0.0
1119,37300,,,,,,,,,,,,,,,,,,,,,,,,,,,,,,,,,0.0,0.0
1120,37333,,,,,,,,,,,,,,,,,,,,,,,,,,,,,,,,,0.0,0.0
1121,37367,,,,,,,,,,,,,,,,,,,,,,,,,,,,,,,,,0.0,0.0
1122,37400,,,,,,,,,,,,,,,,,,,,,,,,,,,,,,,,,0.0,0.0
1123,37433,,,,,,,,,,,,,,,,,,,,,,,,,,,,,,,look,,-17.0,-1.0
1124,37467,,,,,,,,,,,,,,,,,,,,,,,,,,,,,,,look,,-27.0,-5.0
1125,37500,,,,,,,,,,,,,,,,,,,,,,,,,,,,,,,look,,-11.0,-2.0
1126,37533,,,,,,,,,,,,,,,,,,,,,,,,,,,,,,,look,,-1.0,-1.0
1127,37567,,,,,,,,,,,,,,,,,,,,,,,,,,,,,,W,move_forward,,0.0,0.0
1128,37600,,,,,,,,,,,,,,,,,,,,,,,,,,,,,,W,move_forward,,0.0,0.0
1129,37633,,,,,,,,,,,,,,,,,,,,,,,,,,,,,,W,move_forward,,0.0,0.0
1130,37667,,,,,,,,,,,,,,,,,,,,,,,,,,,,,,W,move_forward,,0.0,0.0
1131,37700,,,,,,,,,,,,,,,,,,,,,,,,,,,,,,W,move_forward,,0.0,0.0
1132,37733,,,,,,,,,,,,,,,,,,,,,,,,,,,,,,W,move_forward|look,,-2.0,0.0
1133,37767,,,,,,,,,,,,,,,,,,,,,,,,,,,,,,W,move_forward|look,,-22.0,2.0
1134,37800,,,,,,,,,,,,,,,,,,,,,,,,,,,,,,W,move_forward|look,,-68.0,1.0
1135,37833,,,,,,,,,,,,,,,,,,,,,,,,,,,,,,W,move_forward|look,,-59.0,0.0
1136,37867,,,,,,,,,,,,,,,,,,,,,,,,,,,,,,W,move_forward|look,,-21.0,-6.0
1137,37900,,,,,,,,,,,,,,,,,,,,,,,,,,,,,,W,move_forward|look,,-1.0,0.0
1138,37933,,,,,,,,,,,,,,,,,,,,,,,,,,,,,,W,move_forward,,0.0,0.0
1139,37967,,,,,,,,,,,,,,,,,,,,,,,,,,,,,,W,move_forward,,0.0,0.0
1140,38000,,,,,,,,,,,,,,,,,,,,,,,,,,,,,,W,move_forward|look,,5.0,0.0
1141,38033,,,,,,,,,,,,,,,,,,,,,,,,,,,,,,,look,,9.0,0.0
1142,38067,,,,,,,,,,,,,,,,,,,,,,,,,,,,,,,look,,13.0,0.0
1143,38100,,,,,,,,,,,,,,,,,,,,,,,,,,,,,,,look,,6.0,0.0
1144,38133,,,,,,,,,,,,,,,,,,,,,,,,,,,,,,,,,0.0,0.0
1145,38167,,,,,,,,,,,,,,,,,,,,,,,,,,,,,,,look,,-12.0,-3.0
1146,38200,,,,,,,,,,,,,,,,,,,,,,,,,,,,,,,look,,-28.0,-12.0
1147,38233,,,,,,,,,,,,,,,,,,,,,,,,,,,,,,,look,,-43.0,-25.0
1148,38267,,,,,,,,,,,,,,,,,,,,,,,,,,,,,,,look,,-37.0,-30.0
1149,38300,,,,,,,,,,,,,,,,,,,,,,,,,,,,,,W,move_forward|look,,-24.0,-25.0
1150,38333,,,,,,,,,,,,,,,,,,,,,,,,,,,,,,W,move_forward|look,,-6.0,-11.0
1151,38367,,,,,,,,,,,,,,,,,,,,,,,,,,,,,,W,move_forward|look,,0.0,-4.0
1152,38400,,,,,,,,,,,,,,,,,,,,,,,,,,,,,,W,move_forward|look,,3.0,-4.0
1153,38433,,,,,,,,,,,,,,,,,,,,,,,,,,,,,,W,move_forward|look,,10.0,-6.0
1154,38467,,,,,,,,,,,,,,,,,,,,,,,,,,,,,,W,move_forward|look,,6.0,-3.0
1155,38500,,,,,,,,,,,,,,,,,,,,,,,,,,,,,,W,move_forward|look,,2.0,0.0
1156,38533,,,,,,,,,,,,,,,,,,,,,,,,,,,,,,W,move_forward|look,,1.0,0.0
1157,38567,,,,,,,,,,,,,,,,,,,,,,,,,,,,,,W,move_forward,,0.0,0.0
1158,38600,,,,,,,,,,,,,,,,,,,,,,,,,,,,,,W,move_forward,,0.0,0.0
1159,38633,,,,,,,,,,,,,,,,,,,,,,,,,,,,,,W,move_forward,,0.0,0.0
1160,38667,,,,,,,,,,,,,,,,,,,,,,,,,,,,,,W,move_forward,,0.0,0.0
1161,38700,,,,,,,,,,,,,,,,,,,,,,,,,,,,,,W,move_forward,,0.0,0.0
1162,38733,,,,,,,,,,,,,,,,,,,,,,,,,,,,,,W,move_forward,,0.0,0.0
1163,38767,,,,,,,,,,,,,,,,,,,,,,,,,,,,,,W,move_forward,,0.0,0.0
1164,38800,,,,,,,,,,,,,,,,,,,,,,,,,,,,,,W,move_forward,,0.0,0.0
1165,38833,,,,,,,,,,,,,,,,,,,,,,,,,,,,,,W,move_forward,,0.0,0.0
1166,38867,,,,,,,,,,,,,,,,,,,,,,,,,,,,,,W,move_forward|look,,-48.0,0.0
1167,38900,,,,,,,,,,,,,,,,,,,,,,,,,,,,,,W,move_forward|look,,-105.0,-22.0
1168,38933,,,,,,,,,,,,,,,,,,,,,,,,,,,,,,W,move_forward|look,,-146.0,-57.0
1169,38967,,,,,,,,,,,,,,,,,,,,,,,,,,,,,,W,move_forward|look,,-77.0,-39.0
1170,39000,,,,,,,,,,,,,,,,,,,,,,,,,,,,,,W,move_forward|look,,-32.0,-15.0
1171,39033,,,,,,,,,,,,,,,,,,,,,,,,,,,,,,W,move_forward|look,,-3.0,-2.0
1172,39067,,,,,,,,,,,,,,,,,,,,,,,,,,,,,,,look,,-1.0,0.0
1173,39100,,,,,,,,,,,,,,,,,,,,,,,,,,,,,,,,,0.0,0.0
1174,39133,,,,,,,,,,,,,,,,,,,,,,,,,,,,,,,look,,5.0,0.0
1175,39167,,,,,,,,,,,,,,,,,,,,,,,,,,,,,,,look,,31.0,1.0
1176,39200,,,,,,,,,,,,,,,,,,,,,,,,,,,,,,,look,,39.0,6.0
1177,39233,,,,,,,,,,,,,,,,,,,,,,,,,,,,,,,look,,28.0,9.0
1178,39267,,,,,,,,,,,,,,,,,,,,,,,,,,,,,,,look,,9.0,4.0
1179,39300,,,,,,,,,,,,,,,,,,,,,,,,,,,,,,,look,,1.0,1.0
1180,39333,,,,,,,,,,,,,,,,,,,,,,,,,,,,,,,look,,-3.0,0.0
1181,39367,,,,,,,,,,,,,,,,,,,,,,,,,,,,,,,look,,-7.0,-2.0
1182,39400,,,,,,,,,,,,,,,,,,,,,,,,,,,,,,,look,,-7.0,-1.0
1183,39433,,,,,,,,,,,,,,,,,,,,,,,,,,,,,,,look,,-10.0,-3.0
1184,39467,,,,,,,,,,,,,,,,,,,,,,,,,,,,,,,look,,-10.0,-4.0
1185,39500,,,,,,,,,,,,,,,,,,,,,,,,,,,,,,,look,,-2.0,-2.0
1186,39533,,,,,,,,,,,,,,,,,,,,,,,,,,,,,,,,,0.0,0.0
1187,39567,,,,,,,,,,,,,,,,,,,,,,,,,,,,,,,fire,Left,0.0,0.0
1188,39600,,,,,,,,,,,,,,,,,,,,,,,,,,,,,,,fire,Left,0.0,0.0
1189,39633,,,,,,,,,,,,,,,,,,,,,,,,,,,,,,,fire,Left,0.0,0.0
1190,39667,,,,,,,,,,,,,,,,,,,,,,,,,,,,,,,fire,Left,0.0,0.0
1191,39700,,,,,,,,,,,,,,,,,,,,,,,,,,,,,,,fire,Left,0.0,0.0
1192,39733,,,,,,,,,,,,,,,,,,,,,,,,,,,,,,,,,0.0,0.0
1193,39767,,,,,,,,,,,,,,,,,,,,,,,,,,,,,,,,,0.0,0.0
1194,39800,,,,,,,,,,,,,,,,,,,,,,,,,,,,,,,,,0.0,0.0
1195,39833,,,,,,,,,,,,,,,,,,,,,,,,,,,,,,,,,0.0,0.0
1196,39867,,,,,,,,,,,,,,,,,,,,,,,,,,,,,,,,,0.0,0.0
1197,39900,,,,,,,,,,,,,,,,,,,,,,,,,,,,,,,,,0.0,0.0
1198,39933,,,,,,,,,,,,,,,,,,,,,,,,,,,,,,,,,0.0,0.0
1199,39967,,,,,,,,,,,,,,,,,,,,,,,,,,,,,,,,,0.0,0.0
1200,40000,,,,,,,,,,,,,,,,,,,,,,,,,,,,,,W,move_forward|look,,-1.0,0.0
1201,40033,,,,,,,,,,,,,,,,,,,,,,,,,,,,,,W,move_forward|look,,-18.0,-8.0
1202,40067,,,,,,,,,,,,,,,,,,,,,,,,,,,,,,W,move_forward|look,,-16.0,-11.0
1203,40100,,,,,,,,,,,,,,,,,,,,,,,,,,,,,,W,move_forward|look,,-6.0,-5.0
1204,40133,,,,,,,,,,,,,,,,,,,,,,,,,,,,,,W,move_forward|look,,-1.0,-1.0
1205,40167,,,,,,,,,,,,,,,,,,,,,,,,,,,,,,W,move_forward,,0.0,0.0
1206,40200,,,,,,,,,,,,,,,,,,,,,,,,,,,,,,W,move_forward,,0.0,0.0
1207,40233,,,,,,,,,,,,,,,,,,,,,,,,,,,,,,W,move_forward,,0.0,0.0
1208,40267,,,,,,,,,,,,,,,,,,,,,,,,,,,,,,W,move_forward|look,,-7.0,-7.0
1209,40300,,,,,,,,,,,,,,,,,,,,,,,,,,,,,,W,move_forward|look,,-16.0,-11.0
1210,40333,,,,,,,,,,,,,,,,,,,,,,,,,,,,,,W,move_forward|look,,-31.0,-15.0
1211,40367,,,,,,,,,,,,,,,,,,,,,,,,,,,,,,W,move_forward|look,,-127.0,-60.0
1212,40400,,,,,,,,,,,,,,,,,,,,,,,,,,,,,,W,move_forward|look,,-88.0,-53.0
1213,40433,,,,,,,,,,,,,,,,,,,,,,,,,,,,,,W,move_forward|look,,-39.0,-29.0
1214,40467,,,,,,,,,,,,,,,,,,,,,,,,,,,,,,W,move_forward|look,,-7.0,-8.0
1215,40500,,,,,,,,,,,,,,,,,,,,,,,,,,,,,,W,move_forward|look,,0.0,-1.0
1216,40533,,,,,,,,,,,,,,,,,,,,,,,,,,,,,,W,move_forward|look,,10.0,-1.0
1217,40567,,,,,,,,,,,,,,,,,,,,,,,,,,,,,,W,move_forward|look,,9.0,0.0
1218,40600,,,,,,,,,,,,,,,,,,,,,,,,,,,,,,W,move_forward|look,,8.0,3.0
1219,40633,,,,,,,,,,,,,,,,,,,,,,,,,,,,,,W,move_forward|fire|look,Left,1.0,1.0
1220,40667,,,,,,,,,,,,,,,,,,,,,,,,,,,,,,W,move_forward|fire,Left,0.0,0.0
1221,40700,,,,,,,,,,,,,,,,,,,,,,,,,,,,,,W,move_forward|fire,Left,0.0,0.0
1222,40733,,,,,,,,,,,,,,,,,,,,,,,,,,,,,,W,move_forward|fire,Left,0.0,0.0
1223,40767,,,,,,,,,,,,,,,,,,,,,,,,,,,,,,W,move_forward|fire,Left,0.0,0.0
1224,40800,,,,,,,,,,,,,,,,,,,,,,,,,,,,,,W,move_forward|fire,Left,0.0,0.0
1225,40833,,,,,,,,,,,,,,,,,,,,,,,,,,,,,,W,move_forward|fire,Left,0.0,0.0
1226,40867,,,,,,,,,,,,,,,,,,,,,,,,,,,,,,W,move_forward,,0.0,0.0
1227,40900,,,,,,,,,,,,,,,,,,,,,,,,,,,,,,W,move_forward,,0.0,0.0
1228,40933,,,,,,,,,,,,,,,,,,,,,,,,,,,,,,W,move_forward,,0.0,0.0
1229,40967,,,,,,,,,,,,,,,,,,,,,,,,,,,,,,W,move_forward,,0.0,0.0
1230,41000,,,,,,,,,,,,,,,,,,,,,,,,,,,,,,W,move_forward,,0.0,0.0
1231,41033,,,,,,,,,,,,,,,,,,,,,,,,,,,,,,W,move_forward,,0.0,0.0
1232,41067,,,,,,,,,,,,,,,,,,,,,,,,,,,,,,,look,,-20.0,0.0
1233,41100,,,,,,,,,,,,,,,,,,,,,,,,,,,,,,,look,,-90.0,19.0
1234,41133,,,,,,,,,,,,,,,,,,,,,,,,,,,,,,,look,,-136.0,27.0
1235,41167,,,,,,,,,,,,,,,,,,,,,,,,,,,,,,,look,,-60.0,8.0
1236,41200,,,,,,,,,,,,,,,,,,,,,,,,,,,,,,,look,,-12.0,1.0
1237,41233,,,,,,,,,,,,,,,,,,,,,,,,,,,,,,,look,,0.0,1.0
1238,41267,,,,,,,,,,,,,,,,,,,,,,,,,,,,,,,look,,2.0,3.0
1239,41300,,,,,,,,,,,,,,,,,,,,,,,,,,,,,,,look,,4.0,2.0
1240,41333,,,,,,,,,,,,,,,,,,,,,,,,,,,,,,,look,,1.0,1.0
1241,41367,,,,,,,,,,,,,,,,,,,,,,,,,,,,,,,,,0.0,0.0
1242,41400,,,,,,,,,,,,,,,,,,,,,,,,,,,,,,,look,,-22.0,3.0
1243,41433,,,,,,,,,,,,,,,,,,,,,,,,,,,,,,,look,,-92.0,13.0
1244,41467,,,,,,,,,,,,,,,,,,,,,,,,,,,,,,,look,,-106.0,13.0
1245,41500,,,,,,,,,,,,,,,,,,,,,,,,,,,,,,,look,,-96.0,10.0
1246,41533,,,,,,,,,,,,,,,,,,,,,,,,,,,,,,W,move_forward|look,,-33.0,6.0
1247,41567,,,,,,,,,,,,,,,,,,,,,,,,,,,,,,W,move_forward|look,,-5.0,1.0
1248,41600,,,,,,,,,,,,,,,,,,,,,,,,,,,,,,W,move_forward,,0.0,0.0
1249,41633,,,,,,,,,,,,,,,,,,,,,,,,,,,,,,W,move_forward,,0.0,0.0
1250,41667,,,,,,,,,,,,,,,,,,,,,,,,,,,,,,W,move_forward,,0.0,0.0
1251,41700,,,,,,,,,,,,,,,,,,,,,,,,,,,,,,W,move_forward,,0.0,0.0
1252,41733,,,,,,,,,,,,,,,,,,,,,,,,,,,,,,W,move_forward,,0.0,0.0
1253,41767,,,,,,,,,,,,,,,,,,,,,,,,,,,,,,W,move_forward|look,,-7.0,0.0
1254,41800,,,,,,,,,,,,,,,,,,,,,,,,,,,,,,W,move_forward|look,,-184.0,30.0
1255,41833,,,,,,,,,,,,,,,,,,,,,,,,,,,,,,W,move_forward|look,,-359.0,48.0
1256,41867,,,,,,,,,,,,,,,,,,,,,,,,,,,,,,W,move_forward|look,,-208.0,41.0
1257,41900,,,,,,,,,,,,,,,,,,,,,,,,,,,,,,W,move_forward|look,,-61.0,16.0
1258,41933,,,,,,,,,,,,,,,,,,,,,,,,,,,,,,W,move_forward|look,,-18.0,6.0
1259,41967,,,,,,,,,,,,,,,,,,,,,,,,,,,,,,W,move_forward|look,,-18.0,16.0
1260,42000,,,,,,,,,,,,,,,,,,,,,,,,,,,,,,W,move_forward|look,,-25.0,22.0
1261,42033,,,,,,,,,,,,,,,,,,,,,,,,,,,,,,W,move_forward|look,,-30.0,22.0
1262,42067,,,,,,,,,,,,,,,,,,,,,,,,,,,,,,W,move_forward|look,,-28.0,18.0
1263,42100,,,,,,,,,,,,,,,,,,,,,,,,,,,,,,W,move_forward|look,,-19.0,8.0
1264,42133,,,,,,,,,,,,,,,,,,,,,,,,,,,,,,W,move_forward|look,,-2.0,1.0
1265,42167,,,,,,,,,,,,,,,,,,,,,,,,,,,,,,W,move_forward|look,,10.0,-12.0
1266,42200,,,,,,,,,,,,,,,,,,,,,,,,,,,,,,W,move_forward,,0.0,0.0
1267,42233,,,,,,,,,,,,,,,,,,,,,,,,,,,,,,W,move_forward,,0.0,0.0
1268,42267,,,,,,,,,,,,,,,,,,,,,,,,,,,,,,W,move_forward,,0.0,0.0
1269,42300,,,,,,,,,,,,,,,,,,,,,,,,,,,,,,W,move_forward,,0.0,0.0
1270,42333,,,,,,,,,,,,,,,,,,,,,,,,,,,,,,W,move_forward,,0.0,0.0
1271,42367,,,,,,,,,,,,,,,,,,,,,,,,,,,,,,W,move_forward|look,,-23.0,0.0
1272,42400,,,,,,,,,,,,,,,,,,,,,,,,,,,,,,W,move_forward|look,,-62.0,0.0
1273,42433,,,,,,,,,,,,,,,,,,,,,,,,,,,,,,W,move_forward|look,,-90.0,0.0
1274,42467,,,,,,,,,,,,,,,,,,,,,,,,,,,,,,W,move_forward|look,,-45.0,-4.0
1275,42500,,,,,,,,,,,,,,,,,,,,,,,,,,,,,,W,move_forward|look,,-8.0,-3.0
1276,42533,,,,,,,,,,,,,,,,,,,,,,,,,,,,,,W,move_forward|look,,0.0,-6.0
1277,42567,,,,,,,,,,,,,,,,,,,,,,,,,,,,,,W,move_forward|look,,10.0,-14.0
1278,42600,,,,,,,,,,,,,,,,,,,,,,,,,,,,,,W,move_forward|look,,8.0,-4.0
1279,42633,,,,,,,,,,,,,,,,,,,,,,,,,,,,,,W,move_forward|look,,5.0,-1.0
1280,42667,,,,,,,,,,,,,,,,,,,,,,,,,,,,,,W,move_forward|look,,2.0,0.0
1281,42700,,,,,,,,,,,,,,,,,,,,,,,,,,,,,,W,move_forward|look,,1.0,0.0
1282,42733,,,,,,,,,,,,,,,,,,,,,,,,,,,,,,W,move_forward|look,,1.0,0.0
1283,42767,,,,,,,,,,,,,,,,,,,,,,,,,,,,,,W,move_forward,,0.0,0.0
1284,42800,,,,,,,,,,,,,,,,,,,,,,,,,,,,,,W,move_forward,,0.0,0.0
1285,42833,,,,,,,,,,,,,,,,,,,,,,,,,,,,,,W,move_forward,,0.0,0.0
1286,42867,,,,,,,,,,,,,,,,,,,,,,,,,,,,,,W,move_forward,,0.0,0.0
1287,42900,,,,,,,,,,,,,,,,,,,,,,,,,,,,,,W,move_forward,,0.0,0.0
1288,42933,,,,,,,,,,,,,,,,,,,,,,,,,,,,,,W,move_forward,,0.0,0.0
1289,42967,,,,,,,,,,,,,,,,,,,,,,,,,,,,,,W,move_forward,,0.0,0.0
1290,43000,,,,,,,,,,,,,,,,,,,,,,,,,,,,,,W,move_forward|look,,7.0,0.0
1291,43033,,,,,,,,,,,,,,,,,,,,,,,,,,,,,,W,move_forward|look,,42.0,0.0
1292,43067,,,,,,,,,,,,,,,,,,,,,,,,,,,,,,,look,,109.0,5.0
1293,43100,,,,,,,,,,,,,,,,,,,,,,,,,,,,,,,look,,88.0,6.0
1294,43133,,,,,,,,,,,,,,,,,,,,,,,,,,,,,,,look,,78.0,2.0
1295,43167,,,,,,,,,,,,,,,,,,,,,,,,,,,,,,,look,,74.0,5.0
1296,43200,,,,,,,,,,,,,,,,,,,,,,,,,,,,,,,look,,65.0,8.0
1297,43233,,,,,,,,,,,,,,,,,,,,,,,,,,,,,,,look,,71.0,9.0
1298,43267,,,,,,,,,,,,,,,,,,,,,,,,,,,,,,,look,,74.0,0.0
1299,43300,,,,,,,,,,,,,,,,,,,,,,,,,,,,,,,look,,62.0,-10.0
1300,43333,,,,,,,,,,,,,,,,,,,,,,,,,,,,,,,look,,57.0,-21.0
1301,43367,,,,,,,,,,,,,,,,,,,,,,,,,,,,,,,look,,48.0,-15.0
1302,43400,,,,,,,,,,,,,,,,,,,,,,,,,,,,,,,look,,28.0,-9.0
1303,43433,,,,,,,,,,,,,,,,,,,,,,,,,,,,,,,look,,17.0,-8.0
1304,43467,,,,,,,,,,,,,,,,,,,,,,,,,,,,,,,look,,3.0,-3.0
1305,43500,,,,,,,,,,,,,,,,,,,,,,,,,,,,,,W,move_forward,,0.0,0.0
1306,43533,,,,,,,,,,,,,,,,,,,,,,,,,,,,,,W,move_forward,,0.0,0.0
1307,43567,,,,,,,,,,,,,,,,,,,,,,,,,,,,,,W,move_forward,,0.0,0.0
1308,43600,,,,,,,,,,,,,,,,,,,,,,,,,,,,,,W,move_forward,,0.0,0.0
1309,43633,,,,,,,,,,,,,,,,,,,,,,,,,,,,,,W,move_forward,,0.0,0.0
1310,43667,,,,,,,,,,,,,,,,,,,,,,,,,,,,,,W,move_forward|look,,-1.0,-7.0
1311,43700,,,,,,,,,,,,,,,,,,,,,,,,,,,,,,W,move_forward|look,,13.0,-12.0
1312,43733,,,,,,,,,,,,,,,,,,,,,,,,,,,,,,W,move_forward|look,,63.0,-28.0
1313,43767,,,,,,,,,,,,,,,,,,,,,,,,,,,,,,W,move_forward|look,,147.0,-35.0
1314,43800,,,,,,,,,,,,,,,,,,,,,,,,,,,,,,W,move_forward|look,,228.0,-20.0
1315,43833,,,,,,,,,,,,,,,,,,,,,,,,,,,,,,W,move_forward|look,,373.0,-7.0
1316,43867,,,,,,,,,,,,,,,,,,,,,,,,,,,,,,W,move_forward|look,,209.0,0.0
1317,43900,,,,,,,,,,,,,,,,,,,,,,,,,,,,,,W,move_forward|look,,99.0,10.0
1318,43933,,,,,,,,,,,,,,,,,,,,,,,,,,,,,,W,move_forward|look,,55.0,6.0
1319,43967,,,,,,,,,,,,,,,,,,,,,,,,,,,,,,W,move_forward|look,,18.0,6.0
1320,44000,,,,,,,,,,,,,,,,,,,,,,,,,,,,,,W,move_forward|look,,1.0,2.0
1321,44033,,,,,,,,,,,,,,,,,,,,,,,,,,,,,,W,move_forward,,0.0,0.0
1322,44067,,,,,,,,,,,,,,,,,,,,,,,,,,,,,,W,move_forward,,0.0,0.0
1323,44100,,,,,,,,,,,,,,,,,,,,,,,,,,,,,,,,,0.0,0.0
1324,44133,,,,,,,,,,,,,,,,,,,,,,,,,,,,,,,,,0.0,0.0
1325,44167,,,,,,,,,,,,,,,,,,,,,,,,,,,,,,,,,0.0,0.0
1326,44200,,,,,,,,,,,,,,,,,,,,,,,,,,,,,,,,,0.0,0.0
1327,44233,,,,,,,,,,,,,,,,,,,,,,,,,,,,,,,look,,41.0,-2.0
1328,44267,,,,,,,,,,,,,,,,,,,,,,,,,,,,,,,look,,133.0,-4.0
1329,44300,,,,,,,,,,,,,,,,,,,,,,,,,,,,,,,look,,166.0,0.0
1330,44333,,,,,,,,,,,,,,,,,,,,,,,,,,,,,,,look,,167.0,21.0
1331,44367,,,,,,,,,,,,,,,,,,,,,,,,,,,,,,,look,,124.0,9.0
1332,44400,,,,,,,,,,,,,,,,,,,,,,,,,,,,,,,look,,149.0,0.0
1333,44433,,,,,,,,,,,,,,,,,,,,,,,,,,,,,,,look,,217.0,-13.0
1334,44467,,,,,,,,,,,,,,,,,,,,,,,,,,,,,,,look,,322.0,-13.0
1335,44500,,,,,,,,,,,,,,,,,,,,,,,,,,,,,,,look,,152.0,0.0
1336,44533,,,,,,,,,,,,,,,,,,,,,,,,,,,,,,,look,,55.0,3.0
1337,44567,,,,,,,,,,,,,,,,,,,,,,,,,,,,,,,,,0.0,0.0
1338,44600,,,,,,,,,,,,,,,,,,,,,,,,,,,,,,,,,0.0,0.0
1339,44633,,,,,,,,,,,,,,,,,,,,,,,,,,,,,,,,,0.0,0.0
1340,44667,,,,,,,,,,,,,,,,,,,,,,,,,,,,,,,,,0.0,0.0
1341,44700,,,,,,,,,,,,,,,,,,,,,,,,,,,,,,,,,0.0,0.0
1342,44733,,,,,,,,,,,,,,,,,,,,,,,,,,,,,,,,,0.0,0.0
1343,44767,,,,,,,,,,,,,,,,,,,,,,,,,,,,,,,,,0.0,0.0
1344,44800,,,,,,,,,,,,,,,,,,,,,,,,,,,,,,,,,0.0,0.0
1345,44833,,,,,,,,,,,,,,,,,,,,,,,,,,,,,,,look,,41.0,16.0
1346,44867,,,,,,,,,,,,,,,,,,,,,,,,,,,,,,,look,,136.0,41.0
1347,44900,,,,,,,,,,,,,,,,,,,,,,,,,,,,,,,look,,171.0,34.0
1348,44933,,,,,,,,,,,,,,,,,,,,,,,,,,,,,,,look,,127.0,21.0
1349,44967,,,,,,,,,,,,,,,,,,,,,,,,,,,,,,,look,,58.0,8.0
1350,45000,,,,,,,,,,,,,,,,,,,,,,,,,,,,,,,look,,22.0,4.0
1351,45033,,,,,,,,,,,,,,,,,,,,,,,,,,,,,,,look,,8.0,5.0
1352,45067,,,,,,,,,,,,,,,,,,,,,,,,,,,,,,,look,,4.0,7.0
1353,45100,,,,,,,,,,,,,,,,,,,,,,,,,,,,,,,look,,1.0,3.0
1354,45133,,,,,,,,,,,,,,,,,,,,,,,,,,,,,,,,,0.0,0.0
1355,45167,,,,,,,,,,,,,,,,,,,,,,,,,,,,,,,,,0.0,0.0
1356,45200,,,,,,,,,,,,,,,,,,,,,,,,,,,,,,,,,0.0,0.0
1357,45233,,,,,,,,,,,,,,,,,,,,,,,,,,,,,,,,,0.0,0.0
1358,45267,,,,,,,,,,,,,,,,,,,,,,,,,,,,,,,,,0.0,0.0
1359,45300,,,,,,,,,,,,,,,,,,,,,,,,,,,,,,,,,0.0,0.0
1360,45333,,,,,,,,,,,,,,,,,,,,,,,,,,,,,,W,move_forward,,0.0,0.0
1361,45367,,,,,,,,,,,,,,,,,,,,,,,,,,,,,,W,move_forward,,0.0,0.0
1362,45400,,,,,,,,,,,,,,,,,,,,,,,,,,,,,,W,move_forward|look,,1.0,2.0
1363,45433,,,,,,,,,,,,,,,,,,,,,,,,,,,,,,W,move_forward|look,,5.0,12.0
1364,45467,,,,,,,,,,,,,,,,,,,,,,,,,,,,,,W,move_forward|look,,2.0,16.0
1365,45500,,,,,,,,,,,,,,,,,,,,,,,,,,,,,,W,move_forward|look,,4.0,26.0
1366,45533,,,,,,,,,,,,,,,,,,,,,,,,,,,,,,W,move_forward|look,,10.0,24.0
1367,45567,,,,,,,,,,,,,,,,,,,,,,,,,,,,,,W,move_forward|look,,15.0,20.0
1368,45600,,,,,,,,,,,,,,,,,,,,,,,,,,,,,,W,move_forward|look,,6.0,9.0
1369,45633,,,,,,,,,,,,,,,,,,,,,,,,,,,,,,W,move_forward,,0.0,0.0
1370,45667,,,,,,,,,,,,,,,,,,,,,,,,,,,,,,W,move_forward,,0.0,0.0
1371,45700,,,,,,,,,,,,,,,,,,,,,,,,,,,,,,W,move_forward,,0.0,0.0
1372,45733,,,,,,,,,,,,,,,,,,,,,,,,,,,,,,W,move_forward,,0.0,0.0
1373,45767,,,,,,,,,,,,,,,,,,,,,,,,,,,,,,W,move_forward,,0.0,0.0
1374,45800,,,,,,,,,,,,,,,,,,,,,,,,,,,,,,W,move_forward,,0.0,0.0
1375,45833,,,,,,,,,,,,,,,,,,,,,,,,,,,,,,W,move_forward,,0.0,0.0
1376,45867,,,,,,,,,,,,,,,,,,,,,,,,,,,,,,W,move_forward|look,,5.0,0.0
1377,45900,,,,,,,,,,,,,,,,,,,,,,,,,,,,,,W,move_forward|look,,26.0,0.0
1378,45933,,,,,,,,,,,,,,,,,,,,,,,,,,,,,,W,move_forward|look,,36.0,1.0
1379,45967,,,,,,,,,,,,,,,,,,,,,,,,,,,,,,W,move_forward|look,,27.0,1.0
1380,46000,,,,,,,,,,,,,,,,,,,,,,,,,,,,,,W,move_forward|look,,7.0,0.0
1381,46033,,,,,,,,,,,,,,,,,,,,,,,,,,,,,,W,move_forward,,0.0,0.0
1382,46067,,,,,,,,,,,,,,,,,,,,,,,,,,,,,,W,move_forward|look,,-2.0,-6.0
1383,46100,,,,,,,,,,,,,,,,,,,,,,,,,,,,,,W,move_forward|look,,-1.0,-2.0
1384,46133,,,,,,,,,,,,,,,,,,,,,,,,,,,,,,W,move_forward|look,,-2.0,-2.0
1385,46167,,,,,,,,,,,,,,,,,,,,,,,,,,,,,,W,move_forward|look,,-8.0,-3.0
1386,46200,,,,,,,,,,,,,,,,,,,,,,,,,,,,,,W,move_forward|look,,-9.0,-6.0
1387,46233,,,,,,,,,,,,,,,,,,,,,,,,,,,,,,W,move_forward|look,,-4.0,-3.0
1388,46267,,,,,,,,,,,,,,,,,,,,,,,,,,,,,,W,move_forward|look,,-1.0,0.0
1389,46300,,,,,,,,,,,,,,,,,,,,,,,,,,,,,,W,move_forward|look,,0.0,-1.0
1390,46333,,,,,,,,,,,,,,,,,,,,,,,,,,,,,,W,move_forward,,0.0,0.0
1391,46367,,,,,,,,,,,,,,,,,,,,,,,,,,,,,,W,move_forward,,0.0,0.0
1392,46400,,,,,,,,,,,,,,,,,,,,,,,,,,,,,,W,move_forward,,0.0,0.0
1393,46433,,,,,,,,,,,,,,,,,,,,,,,,,,,,,,W,move_forward,,0.0,0.0
1394,46467,,,,,,,,,,,,,,,,,,,,,,,,,,,,,,W,move_forward|look,,-1.0,0.0
1395,46500,,,,,,,,,,,,,,,,,,,,,,,,,,,,,,W,move_forward|look,,-8.0,-2.0
1396,46533,,,,,,,,,,,,,,,,,,,,,,,,,,,,,,W,move_forward|look,,-14.0,-3.0
1397,46567,,,,,,,,,,,,,,,,,,,,,,,,,,,,,,W,move_forward|look,,-25.0,-2.0
1398,46600,,,,,,,,,,,,,,,,,,,,,,,,,,,,,,W,move_forward|look,,-48.0,0.0
1399,46633,,,,,,,,,,,,,,,,,,,,,,,,,,,,,,W,move_forward|look,,-110.0,0.0
1400,46667,,,,,,,,,,,,,,,,,,,,,,,,,,,,,,W,move_forward|look,,-152.0,0.0
1401,46700,,,,,,,,,,,,,,,,,,,,,,,,,,,,,,W,move_forward|look,,-115.0,-7.0
1402,46733,,,,,,,,,,,,,,,,,,,,,,,,,,,,,,W,move_forward|look,,-48.0,-2.0
1403,46767,,,,,,,,,,,,,,,,,,,,,,,,,,,,,,W,move_forward|look,,-23.0,0.0
1404,46800,,,,,,,,,,,,,,,,,,,,,,,,,,,,,,W,move_forward|look,,-14.0,2.0
1405,46833,,,,,,,,,,,,,,,,,,,,,,,,,,,,,,W,move_forward|look,,-23.0,12.0
1406,46867,,,,,,,,,,,,,,,,,,,,,,,,,,,,,,W,move_forward|look,,-20.0,5.0
1407,46900,,,,,,,,,,,,,,,,,,,,,,,,,,,,,,W,move_forward|look,,-7.0,1.0
1408,46933,,,,,,,,,,,,,,,,,,,,,,,,,,,,,,W,move_forward|look,,-1.0,0.0
1409,46967,,,,,,,,,,,,,,,,,,,,,,,,,,,,,,W,move_forward,,0.0,0.0
1410,47000,,,,,,,,,,,,,,,,,,,,,,,,,,,,,,W,move_forward|look,,0.0,-1.0
1411,47033,,,,,,,,,,,,,,,,,,,,,,,,,,,,,,W,move_forward,,0.0,0.0
1412,47067,,,,,,,,,,,,,,,,,,,,,,,,,,,,,,W,move_forward,,0.0,0.0
1413,47100,,,,,,,,,,,,,,,,,,,,,,,,,,,,,,,,,0.0,0.0
1414,47133,,,,,,,,,,,,,,,,,,,,,,,,,,,,,,,,,0.0,0.0
1415,47167,,,,,,,,,,,,,,,,,,,,,,,,,,,,,,,,,0.0,0.0
1416,47200,,,,,,,,,,,,,,,,,,,,,,,,,,,,,,,look,,0.0,6.0
1417,47233,,,,,,,,,,,,,,,,,,,,,,,,,,,,,,,look,,-5.0,11.0
1418,47267,,,,,,,,,,,,,,,,,,,,,,,,,,,,,,,look,,-129.0,62.0
1419,47300,,,,,,,,,,,,,,,,,,,,,,,,,,,,,,,look,,-317.0,66.0
1420,47333,,,,,,,,,,,,,,,,,,,,,,,,,,,,,,,look,,-395.0,53.0
1421,47367,,,,,,,,,,,,,,,,,,,,,,,,,,,,,,,look,,-179.0,10.0
1422,47400,,,,,,,,,,,,,,,,,,,,,,,,,,,,,,,look,,-70.0,-12.0
1423,47433,,,,,,,,,,,,,,,,,,,,,,,,,,,,,,,look,,-14.0,-11.0
1424,47467,,,,,,,,,,,,,,,,,,,,,,,,,,,,,,,look,,0.0,-4.0
1425,47500,,,,,,,,,,,,,,,,,,,,,,,,,,,,,,,,,0.0,0.0
1426,47533,,,,,,,,,,,,,,,,,,,,,,,,,,,,,,,,,0.0,0.0
1427,47567,,,,,,,,,,,,,,,,,,,,,,,,,,,,,,,,,0.0,0.0
1428,47600,,,,,,,,,,,,,,,,,,,,,,,,,,,,,,,,,0.0,0.0
1429,47633,,,,,,,,,,,,,,,,,,,,,,,,,,,,,,,,,0.0,0.0
1430,47667,,,,,,,,,,,,,,,,,,,,,,,,,,,,,,,,,0.0,0.0
1431,47700,,,,,,,,,,,,,,,,,,,,,,,,,,,,,,,,,0.0,0.0
1432,47733,,,,,,,,,,,,,,,,,,,,,,,,,,,,,,,look,,8.0,0.0
1433,47767,,,,,,,,,,,,,,,,,,,,,,,,,,,,,,,look,,72.0,-12.0
1434,47800,,,,,,,,,,,,,,,,,,,,,,,,,,,,,,W,move_forward|look,,129.0,-14.0
1435,47833,,,,,,,,,,,,,,,,,,,,,,,,,,,,,,W,move_forward|look,,57.0,-2.0
1436,47867,,,,,,,,,,,,,,,,,,,,,,,,,,,,,,W,move_forward|look,,22.0,-2.0
1437,47900,,,,,,,,,,,,,,,,,,,,,,,,,,,,,,W,move_forward|look,,3.0,0.0
1438,47933,,,,,,,,,,,,,,,,,,,,,,,,,,,,,,W,move_forward|look,,1.0,-1.0
1439,47967,,,,,,,,,,,,,,,,,,,,,,,,,,,,,,W,move_forward|look,,1.0,-2.0
1440,48000,,,,,,,,,,,,,,,,,,,,,,,,,,,,,,W,move_forward|look,,1.0,-3.0
1441,48033,,,,,,,,,,,,,,,,,,,,,,,,,,,,,,W,move_forward|look,,0.0,-3.0
1442,48067,,,,,,,,,,,,,,,,,,,,,,,,,,,,,,W,move_forward|look,,0.0,-4.0
1443,48100,,,,,,,,,,,,,,,,,,,,,,,,,,,,,,W,move_forward|look,,0.0,-3.0
1444,48133,,,,,,,,,,,,,,,,,,,,,,,,,,,,,,W,move_forward|look,,0.0,-1.0
1445,48167,,,,,,,,,,,,,,,,,,,,,,,,,,,,,,W,move_forward,,0.0,0.0
1446,48200,,,,,,,,,,,,,,,,,,,,,,,,,,,,,,W,move_forward,,0.0,0.0
1447,48233,,,,,,,,,,,,,,,,,,,,,,,,,,,,,,W,move_forward,,0.0,0.0
1448,48267,,,,,,,,,,,,,,,,,,,,,,,,,,,,,,W,move_forward,,0.0,0.0
1449,48300,,,,,,,,,,,,,,,,,,,,,,,,,,,,,,W,move_forward,,0.0,0.0
1450,48333,,,,,,,,,,,,,,,,,,,,,,,,,,,,,,W,move_forward,,0.0,0.0
1451,48367,,,,,,,,,,,,,,,,,,,,,,,,,,,,,,W,move_forward,,0.0,0.0
1452,48400,,,,,,,,,,,,,,,,,,,,,,,,,,,,,,W,move_forward,,0.0,0.0
1453,48433,,,,,,,,,,,,,,,,,,,,,,,,,,,,,,W,move_forward,,0.0,0.0
1454,48467,,,,,,,,,,,,,,,,,,,,,,,,,,,,,,W,move_forward,,0.0,0.0
1455,48500,,,,,,,,,,,,,,,,,,,,,,,,,,,,,,W,move_forward,,0.0,0.0
1456,48533,,,,,,,,,,,,,,,,,,,,,,,,,,,,,,W,move_forward,,0.0,0.0
1457,48567,,,,,,,,,,,,,,,,,,,,,,,,,,,,,,W,move_forward,,0.0,0.0
1458,48600,,,,,,,,,,,,,,,,,,,,,,,,,,,,,,W,move_forward,,0.0,0.0
1459,48633,,,,,,,,,,,,,,,,,,,,,,,,,,,,,,W,move_forward,,0.0,0.0
1460,48667,,,,,,,,,,,,,,,,,,,,,,,,,,,,,,W,move_forward,,0.0,0.0
1461,48700,,,,,,,,,,,,,,,,,,,,,,,,,,,,,,,,,0.0,0.0
1462,48733,,,,,,,,,,,,,,,,,,,,,,,,,,,,,,,,,0.0,0.0
1463,48767,,,,,,,,,,,,,,,,,,,,,,,,,,,,,,,,,0.0,0.0
1464,48800,,,,,,,,,,,,,,,,,,,,,,,,,,,,,,,,,0.0,0.0
1465,48833,,,,,,,,,,,,,,,,,,,,,,,,,,,,,,,,,0.0,0.0
1466,48867,,,,,,,,,,,,,,,,,,,,,,,,,,,,,,,,,0.0,0.0
1467,48900,,,,,,,,,,,,,,,,,,,,,,,,,,,,,,,,,0.0,0.0
1468,48933,,,,,,,,,,,,,,,,,,,,,,,,,,,,,,,,,0.0,0.0
1469,48967,,,,,,,,,,,,,,,,,,,,,,,,,,,,,,,,,0.0,0.0
1470,49000,,,,,,,,,,,,,,,,,,,,,,,,,,,,,,,,,0.0,0.0
1471,49033,,,,,,,,,,,,,,,,,,,,,,,,,,,,,,,,,0.0,0.0
1472,49067,,,,,,,,,,,,,,,,,,,,,,,,,,,,,,,,,0.0,0.0
1473,49100,,,,,,,,,,,,,,,,,,,,,,,,,,,,,,,,,0.0,0.0
1474,49133,,,,,,,,,,,,,,,,,,,,,,,,,,,,,,,,,0.0,0.0
1475,49167,,,,,,,,,,,,,,,,,,,,,,,,,,,,,,,,,0.0,0.0
1476,49200,,,,,,,,,,,,,,,,,,,,,,,,,,,,,,,,,0.0,0.0
1477,49233,,,,,,,,,,,,,,,,,,,,,,,,,,,,,,,,,0.0,0.0
1478,49267,,,,,,,,,,,,,,,,,,,,,,,,,,,,,,,,,0.0,0.0
1479,49300,,,,,,,,,,,,,,,,,,,,,,,,,,,,,,,,,0.0,0.0
1480,49333,,,,,,,,,,,,,,,,,,,,,,,,,,,,,,,,,0.0,0.0
1481,49367,,,,,,,,,,,,,,,,,,,,,,,,,,,,,,,,,0.0,0.0
1482,49400,,,,,,,,,,,,,,,,,,,,,,,,,,,,,,,,,0.0,0.0
1483,49433,,,,,,,,,,,,,,,,,,,,,,,,,,,,,,,,,0.0,0.0
1484,49467,,,,,,,,,,,,,,,,,,,,,,,,,,,,,,,,,0.0,0.0
1485,49500,,,,,,,,,,,,,,,,,,,,,,,,,,,,,,,,,0.0,0.0
1486,49533,,,,,,,,,,,,,,,,,,,,,,,,,,,,,,,,,0.0,0.0
1487,49567,,,,,,,,,,,,,,,,,,,,,,,,,,,,,,8,select_weapon,,0.0,0.0
1488,49600,,,,,,,,,,,,,,,,,,,,,,,,,,,,,,8,select_weapon,,0.0,0.0
1489,49633,,,,,,,,,,,,,,,,,,,,,,,,,,,,,,8,select_weapon,,0.0,0.0
1490,49667,,,,,,,,,,,,,,,,,,,,,,,,,,,,,,,,,0.0,0.0
1491,49700,,,,,,,,,,,,,,,,,,,,,,,,,,,,,,,,,0.0,0.0
1492,49733,,,,,,,,,,,,,,,,,,,,,,,,,,,,,,,,,0.0,0.0
1493,49767,,,,,,,,,,,,,,,,,,,,,,,,,,,,,,,,,0.0,0.0
1494,49800,,,,,,,,,,,,,,,,,,,,,,,,,,,,,,,,,0.0,0.0
1495,49833,,,,,,,,,,,,,,,,,,,,,,,,,,,,,,,,,0.0,0.0
1496,49867,,,,,,,,,,,,,,,,,,,,,,,,,,,,,,,,,0.0,0.0
1497,49900,,,,,,,,,,,,,,,,,,,,,,,,,,,,,,,,,0.0,0.0
1498,49933,,,,,,,,,,,,,,,,,,,,,,,,,,,,,,,,,0.0,0.0
1499,49967,,,,,,,,,,,,,,,,,,,,,,,,,,,,,,,,,0.0,0.0
1500,50000,,,,,,,,,,,,,,,,,,,,,,,,,,,,,,,,,0.0,0.0
1501,50033,,,,,,,,,,,,,,,,,,,,,,,,,,,,,,,,,0.0,0.0
1502,50067,,,,,,,,,,,,,,,,,,,,,,,,,,,,,,,,,0.0,0.0
1503,50100,,,,,,,,,,,,,,,,,,,,,,,,,,,,,,,,,0.0,0.0
1504,50133,,,,,,,,,,,,,,,,,,,,,,,,,,,,,,,,,0.0,0.0
1505,50167,,,,,,,,,,,,,,,,,,,,,,,,,,,,,,,,,0.0,0.0
1506,50200,,,,,,,,,,,,,,,,,,,,,,,,,,,,,,,look,,11.0,-6.0
1507,50233,,,,,,,,,,,,,,,,,,,,,,,,,,,,,,,look,,35.0,-11.0
1508,50267,,,,,,,,,,,,,,,,,,,,,,,,,,,,,,,look,,74.0,-9.0
1509,50300,,,,,,,,,,,,,,,,,,,,,,,,,,,,,,,look,,83.0,0.0
1510,50333,,,,,,,,,,,,,,,,,,,,,,,,,,,,,,,look,,61.0,7.0
1511,50367,,,,,,,,,,,,,,,,,,,,,,,,,,,,,,,look,,41.0,15.0
1512,50400,,,,,,,,,,,,,,,,,,,,,,,,,,,,,,,look,,33.0,22.0
1513,50433,,,,,,,,,,,,,,,,,,,,,,,,,,,,,,,look,,20.0,20.0
1514,50467,,,,,,,,,,,,,,,,,,,,,,,,,,,,,,,look,,9.0,10.0
1515,50500,,,,,,,,,,,,,,,,,,,,,,,,,,,,,,,look,,3.0,2.0
1516,50533,,,,,,,,,,,,,,,,,,,,,,,,,,,,,,,look,,13.0,0.0
1517,50567,,,,,,,,,,,,,,,,,,,,,,,,,,,,,,,look,,49.0,4.0
1518,50600,,,,,,,,,,,,,,,,,,,,,,,,,,,,,,,look,,62.0,10.0
1519,50633,,,,,,,,,,,,,,,,,,,,,,,,,,,,,,,look,,68.0,14.0
1520,50667,,,,,,,,,,,,,,,,,,,,,,,,,,,,,,,look,,29.0,6.0
1521,50700,,,,,,,,,,,,,,,,,,,,,,,,,,,,,,,look,,7.0,2.0
1522,50733,,,,,,,,,,,,,,,,,,,,,,,,,,,,,,,look,,1.0,0.0
1523,50767,,,,,,,,,,,,,,,,,,,,,,,,,,,,,,,,,0.0,0.0
1524,50800,,,,,,,,,,,,,,,,,,,,,,,,,,,,,,,look,,-1.0,-1.0
1525,50833,,,,,,,,,,,,,,,,,,,,,,,,,,,,,,,look,,-5.0,-7.0
1526,50867,,,,,,,,,,,,,,,,,,,,,,,,,,,,,,,look,,-6.0,-12.0
1527,50900,,,,,,,,,,,,,,,,,,,,,,,,,,,,,,,look,,-8.0,-23.0
1528,50933,,,,,,,,,,,,,,,,,,,,,,,,,,,,,,,look,,-10.0,-29.0
1529,50967,,,,,,,,,,,,,,,,,,,,,,,,,,,,,,W,move_forward|look,,-10.0,-24.0
1530,51000,,,,,,,,,,,,,,,,,,,,,,,,,,,,,,W,move_forward|look,,-6.0,-17.0
1531,51033,,,,,,,,,,,,,,,,,,,,,,,,,,,,,,W,move_forward|look,,-2.0,-4.0
1532,51067,,,,,,,,,,,,,,,,,,,,,,,,,,,,,,W,move_forward|look,,-1.0,-1.0
1533,51100,,,,,,,,,,,,,,,,,,,,,,,,,,,,,,W,move_forward,,0.0,0.0
1534,51133,,,,,,,,,,,,,,,,,,,,,,,,,,,,,,W,move_forward,,0.0,0.0
1535,51167,,,,,,,,,,,,,,,,,,,,,,,,,,,,,,W,move_forward,,0.0,0.0
1536,51200,,,,,,,,,,,,,,,,,,,,,,,,,,,,,,W,move_forward|look,,-1.0,0.0
1537,51233,,,,,,,,,,,,,,,,,,,,,,,,,,,,,,W,move_forward,,0.0,0.0
1538,51267,,,,,,,,,,,,,,,,,,,,,,,,,,,,,,W,move_forward|look,,-1.0,0.0
1539,51300,,,,,,,,,,,,,,,,,,,,,,,,,,,,,,W,move_forward|look,,-6.0,0.0
1540,51333,,,,,,,,,,,,,,,,,,,,,,,,,,,,,,W,move_forward|look,,-18.0,5.0
1541,51367,,,,,,,,,,,,,,,,,,,,,,,,,,,,,,W,move_forward|look,,-38.0,14.0
1542,51400,,,,,,,,,,,,,,,,,,,,,,,,,,,,,,W,move_forward|look,,-105.0,29.0
1543,51433,,,,,,,,,,,,,,,,,,,,,,,,,,,,,,W,move_forward|look,,-171.0,18.0
1544,51467,,,,,,,,,,,,,,,,,,,,,,,,,,,,,,W,move_forward|look,,-203.0,0.0
1545,51500,,,,,,,,,,,,,,,,,,,,,,,,,,,,,,W,move_forward|look,,-141.0,-14.0
1546,51533,,,,,,,,,,,,,,,,,,,,,,,,,,,,,,W,move_forward|look,,-101.0,0.0
1547,51567,,,,,,,,,,,,,,,,,,,,,,,,,,,,,,W,move_forward|look,,-36.0,-1.0
1548,51600,,,,,,,,,,,,,,,,,,,,,,,,,,,,,,W,move_forward|look,,-8.0,-2.0
1549,51633,,,,,,,,,,,,,,,,,,,,,,,,,,,,,,W,move_forward,,0.0,0.0
1550,51667,,,,,,,,,,,,,,,,,,,,,,,,,,,,,,W,move_forward|look,,0.0,-1.0
1551,51700,,,,,,,,,,,,,,,,,,,,,,,,,,,,,,W,move_forward|look,,5.0,-1.0
1552,51733,,,,,,,,,,,,,,,,,,,,,,,,,,,,,,,look,,10.0,-1.0
1553,51767,,,,,,,,,,,,,,,,,,,,,,,,,,,,,,,look,,12.0,-1.0
1554,51800,,,,,,,,,,,,,,,,,,,,,,,,,,,,,,,look,,20.0,0.0
1555,51833,,,,,,,,,,,,,,,,,,,,,,,,,,,,,,,look,,14.0,0.0
1556,51867,,,,,,,,,,,,,,,,,,,,,,,,,,,,,,,look,,15.0,0.0
1557,51900,,,,,,,,,,,,,,,,,,,,,,,,,,,,,,,look,,9.0,0.0
1558,51933,,,,,,,,,,,,,,,,,,,,,,,,,,,,,,,look,,4.0,0.0
1559,51967,,,,,,,,,,,,,,,,,,,,,,,,,,,,,,,look,,2.0,0.0
1560,52000,,,,,,,,,,,,,,,,,,,,,,,,,,,,,,,look,,3.0,0.0
1561,52033,,,,,,,,,,,,,,,,,,,,,,,,,,,,,,,look,,11.0,-4.0
1562,52067,,,,,,,,,,,,,,,,,,,,,,,,,,,,,,,look,,17.0,-4.0
1563,52100,,,,,,,,,,,,,,,,,,,,,,,,,,,,,,,look,,18.0,-4.0
1564,52133,,,,,,,,,,,,,,,,,,,,,,,,,,,,,,,look,,9.0,-3.0
1565,52167,,,,,,,,,,,,,,,,,,,,,,,,,,,,,,,look,,4.0,-7.0
1566,52200,,,,,,,,,,,,,,,,,,,,,,,,,,,,,,,look,,5.0,-22.0
1567,52233,,,,,,,,,,,,,,,,,,,,,,,,,,,,,,,look,,3.0,-18.0
1568,52267,,,,,,,,,,,,,,,,,,,,,,,,,,,,,,,look,,3.0,-7.0
1569,52300,,,,,,,,,,,,,,,,,,,,,,,,,,,,,,,look,,0.0,-1.0
1570,52333,,,,,,,,,,,,,,,,,,,,,,,,,,,,,,W,move_forward,,0.0,0.0
1571,52367,,,,,,,,,,,,,,,,,,,,,,,,,,,,,,W,move_forward,,0.0,0.0
1572,52400,,,,,,,,,,,,,,,,,,,,,,,,,,,,,,W,move_forward,,0.0,0.0
1573,52433,,,,,,,,,,,,,,,,,,,,,,,,,,,,,,W,move_forward|look,,-16.0,0.0
1574,52467,,,,,,,,,,,,,,,,,,,,,,,,,,,,,,W,move_forward|look,,-75.0,7.0
1575,52500,,,,,,,,,,,,,,,,,,,,,,,,,,,,,,W,move_forward|look,,-152.0,2.0
1576,52533,,,,,,,,,,,,,,,,,,,,,,,,,,,,,,W,move_forward|look,,-281.0,-49.0
1577,52567,,,,,,,,,,,,,,,,,,,,,,,,,,,,,,W,move_forward|look,,-155.0,-65.0
1578,52600,,,,,,,,,,,,,,,,,,,,,,,,,,,,,,W,move_forward|look,,-74.0,-26.0
1579,52633,,,,,,,,,,,,,,,,,,,,,,,,,,,,,,W,move_forward|look,,-25.0,-2.0
1580,52667,,,,,,,,,,,,,,,,,,,,,,,,,,,,,,W,move_forward|look,,-2.0,0.0
1581,52700,,,,,,,,,,,,,,,,,,,,,,,,,,,,,,W,move_forward,,0.0,0.0
1582,52733,,,,,,,,,,,,,,,,,,,,,,,,,,,,,,W,move_forward,,0.0,0.0
1583,52767,,,,,,,,,,,,,,,,,,,,,,,,,,,,,,W,move_forward,,0.0,0.0
1584,52800,,,,,,,,,,,,,,,,,,,,,,,,,,,,,,W,move_forward,,0.0,0.0
1585,52833,,,,,,,,,,,,,,,,,,,,,,,,,,,,,,W,move_forward,,0.0,0.0
1586,52867,,,,,,,,,,,,,,,,,,,,,,,,,,,,,,W,move_forward|look,,-61.0,6.0
1587,52900,,,,,,,,,,,,,,,,,,,,,,,,,,,,,,W,move_forward|look,,-366.0,58.0
1588,52933,,,,,,,,,,,,,,,,,,,,,,,,,,,,,,W,move_forward|look,,-686.0,109.0
1589,52967,,,,,,,,,,,,,,,,,,,,,,,,,,,,,,W,move_forward|look,,-362.0,104.0
1590,53000,,,,,,,,,,,,,,,,,,,,,,,,,,,,,,,look,,-137.0,52.0
1591,53033,,,,,,,,,,,,,,,,,,,,,,,,,,,,,,,look,,-28.0,14.0
1592,53067,,,,,,,,,,,,,,,,,,,,,,,,,,,,,,,look,,-1.0,1.0
1593,53100,,,,,,,,,,,,,,,,,,,,,,,,,,,,,,,,,0.0,0.0
1594,53133,,,,,,,,,,,,,,,,,,,,,,,,,,,,,,,,,0.0,0.0
1595,53167,,,,,,,,,,,,,,,,,,,,,,,,,,,,,,,,,0.0,0.0
1596,53200,,,,,,,,,,,,,,,,,,,,,,,,,,,,,,,,,0.0,0.0
1597,53233,,,,,,,,,,,,,,,,,,,,,,,,,,,,,,,,,0.0,0.0
1598,53267,,,,,,,,,,,,,,,,,,,,,,,,,,,,,,,,,0.0,0.0
1599,53300,,,,,,,,,,,,,,,,,,,,,,,,,,,,,,,,,0.0,0.0
1600,53333,,,,,,,,,,,,,,,,,,,,,,,,,,,,,,,,,0.0,0.0
1601,53367,,,,,,,,,,,,,,,,,,,,,,,,,,,,,,,look,,-12.0,0.0
1602,53400,,,,,,,,,,,,,,,,,,,,,,,,,,,,,,,look,,-15.0,3.0
1603,53433,,,,,,,,,,,,,,,,,,,,,,,,,,,,,,,look,,-19.0,4.0
1604,53467,,,,,,,,,,,,,,,,,,,,,,,,,,,,,,,look,,-29.0,2.0
1605,53500,,,,,,,,,,,,,,,,,,,,,,,,,,,,,,,look,,-31.0,0.0
1606,53533,,,,,,,,,,,,,,,,,,,,,,,,,,,,,,,look,,-49.0,-10.0
1607,53567,,,,,,,,,,,,,,,,,,,,,,,,,,,,,,,look,,-43.0,-21.0
1608,53600,,,,,,,,,,,,,,,,,,,,,,,,,,,,,,W,move_forward|look,,-30.0,-17.0
1609,53633,,,,,,,,,,,,,,,,,,,,,,,,,,,,,,W,move_forward|look,,-16.0,-9.0
1610,53667,,,,,,,,,,,,,,,,,,,,,,,,,,,,,,W,move_forward|look,,-8.0,-4.0
1611,53700,,,,,,,,,,,,,,,,,,,,,,,,,,,,,,W,move_forward|look,,-7.0,-5.0
1612,53733,,,,,,,,,,,,,,,,,,,,,,,,,,,,,,W,move_forward|look,,-13.0,-13.0
1613,53767,,,,,,,,,,,,,,,,,,,,,,,,,,,,,,W,move_forward|look,,-16.0,-19.0
1614,53800,,,,,,,,,,,,,,,,,,,,,,,,,,,,,,W,move_forward|look,,-17.0,-23.0
1615,53833,,,,,,,,,,,,,,,,,,,,,,,,,,,,,,W,move_forward|look,,-7.0,-11.0
1616,53867,,,,,,,,,,,,,,,,,,,,,,,,,,,,,,W,move_forward|look,,-1.0,-9.0
1617,53900,,,,,,,,,,,,,,,,,,,,,,,,,,,,,,W,move_forward|look,,0.0,-4.0
1618,53933,,,,,,,,,,,,,,,,,,,,,,,,,,,,,,W,move_forward|look,,0.0,-2.0
1619,53967,,,,,,,,,,,,,,,,,,,,,,,,,,,,,,W,move_forward,,0.0,0.0
1620,54000,,,,,,,,,,,,,,,,,,,,,,,,,,,,,,W,move_forward,,0.0,0.0
1621,54033,,,,,,,,,,,,,,,,,,,,,,,,,,,,,,W,move_forward|look,,-4.0,0.0
1622,54067,,,,,,,,,,,,,,,,,,,,,,,,,,,,,,W,move_forward|look,,-14.0,0.0
1623,54100,,,,,,,,,,,,,,,,,,,,,,,,,,,,,,W,move_forward|look,,-29.0,0.0
1624,54133,,,,,,,,,,,,,,,,,,,,,,,,,,,,,,W,move_forward|look,,-27.0,10.0
1625,54167,,,,,,,,,,,,,,,,,,,,,,,,,,,,,,W,move_forward|look,,-20.0,3.0
1626,54200,,,,,,,,,,,,,,,,,,,,,,,,,,,,,,W,move_forward|look,,-3.0,1.0
1627,54233,,,,,,,,,,,,,,,,,,,,,,,,,,,,,,W,move_forward|look,,0.0,-2.0
1628,54267,,,,,,,,,,,,,,,,,,,,,,,,,,,,,,W,move_forward,,0.0,0.0
1629,54300,,,,,,,,,,,,,,,,,,,,,,,,,,,,,,W,move_forward,,0.0,0.0
1630,54333,,,,,,,,,,,,,,,,,,,,,,,,,,,,,,W,move_forward,,0.0,0.0
1631,54367,,,,,,,,,,,,,,,,,,,,,,,,,,,,,,W,move_forward,,0.0,0.0
1632,54400,,,,,,,,,,,,,,,,,,,,,,,,,,,,,,W,move_forward|look,,1.0,0.0
1633,54433,,,,,,,,,,,,,,,,,,,,,,,,,,,,,,W,move_forward|look,,19.0,1.0
1634,54467,,,,,,,,,,,,,,,,,,,,,,,,,,,,,,W,move_forward|look,,45.0,3.0
1635,54500,,,,,,,,,,,,,,,,,,,,,,,,,,,,,,W,move_forward|look,,47.0,0.0
1636,54533,,,,,,,,,,,,,,,,,,,,,,,,,,,,,,W,move_forward|look,,76.0,0.0
1637,54567,,,,,,,,,,,,,,,,,,,,,,,,,,,,,,W,move_forward|look,,64.0,0.0
1638,54600,,,,,,,,,,,,,,,,,,,,,,,,,,,,,,W,move_forward|look,,50.0,-2.0
1639,54633,,,,,,,,,,,,,,,,,,,,,,,,,,,,,,W,move_forward|look,,27.0,-3.0
1640,54667,,,,,,,,,,,,,,,,,,,,,,,,,,,,,,W,move_forward|look,,13.0,-1.0
1641,54700,,,,,,,,,,,,,,,,,,,,,,,,,,,,,,W,move_forward|look,,1.0,-1.0
1642,54733,,,,,,,,,,,,,,,,,,,,,,,,,,,,,,W,move_forward|look,,0.0,-3.0
1643,54767,,,,,,,,,,,,,,,,,,,,,,,,,,,,,,W,move_forward|look,,-6.0,-9.0
1644,54800,,,,,,,,,,,,,,,,,,,,,,,,,,,,,,W,move_forward|look,,-5.0,-6.0
1645,54833,,,,,,,,,,,,,,,,,,,,,,,,,,,,,,W,move_forward|look,,0.0,-2.0
1646,54867,,,,,,,,,,,,,,,,,,,,,,,,,,,,,,W,move_forward,,0.0,0.0
1647,54900,,,,,,,,,,,,,,,,,,,,,,,,,,,,,,W,move_forward|look,,0.0,-1.0
1648,54933,,,,,,,,,,,,,,,,,,,,,,,,,,,,,,W,move_forward|look,,10.0,-1.0
1649,54967,,,,,,,,,,,,,,,,,,,,,,,,,,,,,,W,move_forward|look,,18.0,-3.0
1650,55000,,,,,,,,,,,,,,,,,,,,,,,,,,,,,,W,move_forward|look,,31.0,-2.0
1651,55033,,,,,,,,,,,,,,,,,,,,,,,,,,,,,,W,move_forward|look,,43.0,-3.0
1652,55067,,,,,,,,,,,,,,,,,,,,,,,,,,,,,,W,move_forward|look,,25.0,-5.0
1653,55100,,,,,,,,,,,,,,,,,,,,,,,,,,,,,,W,move_forward|look,,11.0,-2.0
1654,55133,,,,,,,,,,,,,,,,,,,,,,,,,,,,,,W,move_forward|look,,4.0,-1.0
1655,55167,,,,,,,,,,,,,,,,,,,,,,,,,,,,,,W,move_forward|look,,1.0,-1.0
1656,55200,,,,,,,,,,,,,,,,,,,,,,,,,,,,,,W,move_forward|look,,1.0,-1.0
1657,55233,,,,,,,,,,,,,,,,,,,,,,,,,,,,,,W,move_forward,,0.0,0.0
1658,55267,,,,,,,,,,,,,,,,,,,,,,,,,,,,,,W,move_forward,,0.0,0.0
1659,55300,,,,,,,,,,,,,,,,,,,,,,,,,,,,,,W,move_forward,,0.0,0.0
1660,55333,,,,,,,,,,,,,,,,,,,,,,,,,,,,,,W,move_forward,,0.0,0.0
1661,55367,,,,,,,,,,,,,,,,,,,,,,,,,,,,,,W,move_forward,,0.0,0.0
1662,55400,,,,,,,,,,,,,,,,,,,,,,,,,,,,,,W,move_forward,,0.0,0.0
1663,55433,,,,,,,,,,,,,,,,,,,,,,,,,,,,,,W,move_forward,,0.0,0.0
1664,55467,,,,,,,,,,,,,,,,,,,,,,,,,,,,,,W,move_forward|look,,1.0,0.0
1665,55500,,,,,,,,,,,,,,,,,,,,,,,,,,,,,,W,move_forward|look,,52.0,-8.0
1666,55533,,,,,,,,,,,,,,,,,,,,,,,,,,,,,,W,move_forward|look,,167.0,-5.0
1667,55567,,,,,,,,,,,,,,,,,,,,,,,,,,,,,,W,move_forward|look,,114.0,0.0
1668,55600,,,,,,,,,,,,,,,,,,,,,,,,,,,,,,W,move_forward|look,,100.0,0.0
1669,55633,,,,,,,,,,,,,,,,,,,,,,,,,,,,,,W,move_forward|look,,59.0,0.0
1670,55667,,,,,,,,,,,,,,,,,,,,,,,,,,,,,,W,move_forward|look,,32.0,2.0
1671,55700,,,,,,,,,,,,,,,,,,,,,,,,,,,,,,W,move_forward|look,,28.0,0.0
1672,55733,,,,,,,,,,,,,,,,,,,,,,,,,,,,,,W,move_forward|look,,21.0,0.0
1673,55767,,,,,,,,,,,,,,,,,,,,,,,,,,,,,,W,move_forward|look,,11.0,0.0
1674,55800,,,,,,,,,,,,,,,,,,,,,,,,,,,,,,W,move_forward|look,,1.0,0.0
1675,55833,,,,,,,,,,,,,,,,,,,,,,,,,,,,,,W,move_forward,,0.0,0.0
1676,55867,,,,,,,,,,,,,,,,,,,,,,,,,,,,,,W,move_forward,,0.0,0.0
1677,55900,,,,,,,,,,,,,,,,,,,,,,,,,,,,,,,look,,0.0,-1.0
1678,55933,,,,,,,,,,,,,,,,,,,,,,,,,,,,,,,,,0.0,0.0
1679,55967,,,,,,,,,,,,,,,,,,,,,,,,,,,,,,,,,0.0,0.0
1680,56000,,,,,,,,,,,,,,,,,,,,,,,,,,,,,,,,,0.0,0.0
1681,56033,,,,,,,,,,,,,,,,,,,,,,,,,,,,,,,look,,2.0,0.0
1682,56067,,,,,,,,,,,,,,,,,,,,,,,,,,,,,,,look,,11.0,-3.0
1683,56100,,,,,,,,,,,,,,,,,,,,,,,,,,,,,,,look,,6.0,-1.0
1684,56133,,,,,,,,,,,,,,,,,,,,,,,,,,,,,,,look,,0.0,-2.0
1685,56167,,,,,,,,,,,,,,,,,,,,,,,,,,,,,,W,move_forward,,0.0,0.0
1686,56200,,,,,,,,,,,,,,,,,,,,,,,,,,,,,,W,move_forward,,0.0,0.0
1687,56233,,,,,,,,,,,,,,,,,,,,,,,,,,,,,,W,move_forward,,0.0,0.0
1688,56267,,,,,,,,,,,,,,,,,,,,,,,,,,,,,,W,move_forward|look,,-20.0,0.0
1689,56300,,,,,,,,,,,,,,,,,,,,,,,,,,,,,,W,move_forward|look,,-6.0,-4.0
1690,56333,,,,,,,,,,,,,,,,,,,,,,,,,,,,,,W,move_forward|look,,-1.0,-3.0
1691,56367,,,,,,,,,,,,,,,,,,,,,,,,,,,,,,W,move_forward|look,,0.0,-2.0
1692,56400,,,,,,,,,,,,,,,,,,,,,,,,,,,,,,W,move_forward|look,,2.0,-1.0
1693,56433,,,,,,,,,,,,,,,,,,,,,,,,,,,,,,W,move_forward|look,,5.0,-2.0
1694,56467,,,,,,,,,,,,,,,,,,,,,,,,,,,,,,W,move_forward|look,,3.0,-2.0
1695,56500,,,,,,,,,,,,,,,,,,,,,,,,,,,,,,W,move_forward|look,,4.0,-1.0
1696,56533,,,,,,,,,,,,,,,,,,,,,,,,,,,,,,W,move_forward|look,,7.0,-1.0
1697,56567,,,,,,,,,,,,,,,,,,,,,,,,,,,,,,W,move_forward|look,,8.0,-1.0
1698,56600,,,,,,,,,,,,,,,,,,,,,,,,,,,,,,W,move_forward|look,,8.0,-1.0
1699,56633,,,,,,,,,,,,,,,,,,,,,,,,,,,,,,W,move_forward|look,,5.0,-1.0
1700,56667,,,,,,,,,,,,,,,,,,,,,,,,,,,,,,W,move_forward|look,,2.0,-1.0
1701,56700,,,,,,,,,,,,,,,,,,,,,,,,,,,,,,W,move_forward|look,,2.0,-4.0
1702,56733,,,,,,,,,,,,,,,,,,,,,,,,,,,,,,W,move_forward|look,,7.0,-10.0
1703,56767,,,,,,,,,,,,,,,,,,,,,,,,,,,,,,W,move_forward|look,,12.0,-15.0
1704,56800,,,,,,,,,,,,,,,,,,,,,,,,,,,,,,W,move_forward|look,,10.0,-9.0
1705,56833,,,,,,,,,,,,,,,,,,,,,,,,,,,,,,W,move_forward|look,,13.0,-13.0
1706,56867,,,,,,,,,,,,,,,,,,,,,,,,,,,,,,W,move_forward|look,,18.0,-13.0
1707,56900,,,,,,,,,,,,,,,,,,,,,,,,,,,,,,W,move_forward|look,,19.0,-10.0
1708,56933,,,,,,,,,,,,,,,,,,,,,,,,,,,,,,W,move_forward|look,,19.0,-8.0
1709,56967,,,,,,,,,,,,,,,,,,,,,,,,,,,,,,W,move_forward|look,,25.0,-6.0
1710,57000,,,,,,,,,,,,,,,,,,,,,,,,,,,,,,W,move_forward|look,,25.0,-2.0
1711,57033,,,,,,,,,,,,,,,,,,,,,,,,,,,,,,W,move_forward|look,,23.0,-1.0
1712,57067,,,,,,,,,,,,,,,,,,,,,,,,,,,,,,W,move_forward|look,,4.0,-1.0
1713,57100,,,,,,,,,,,,,,,,,,,,,,,,,,,,,,W,move_forward|look,,1.0,0.0
1714,57133,,,,,,,,,,,,,,,,,,,,,,,,,,,,,,W,move_forward,,0.0,0.0
1715,57167,,,,,,,,,,,,,,,,,,,,,,,,,,,,,,W,move_forward,,0.0,0.0
1716,57200,,,,,,,,,,,,,,,,,,,,,,,,,,,,,,W,move_forward|look,,2.0,0.0
1717,57233,,,,,,,,,,,,,,,,,,,,,,,,,,,,,,W,move_forward|look,,9.0,0.0
1718,57267,,,,,,,,,,,,,,,,,,,,,,,,,,,,,,W,move_forward|look,,36.0,7.0
1719,57300,,,,,,,,,,,,,,,,,,,,,,,,,,,,,,W,move_forward|look,,59.0,30.0
1720,57333,,,,,,,,,,,,,,,,,,,,,,,,,,,,,,W,move_forward|look,,84.0,47.0
1721,57367,,,,,,,,,,,,,,,,,,,,,,,,,,,,,,W,move_forward|look,,71.0,35.0
1722,57400,,,,,,,,,,,,,,,,,,,,,,,,,,,,,,W,move_forward|look,,24.0,11.0
1723,57433,,,,,,,,,,,,,,,,,,,,,,,,,,,,,,W,move_forward|look,,14.0,7.0
1724,57467,,,,,,,,,,,,,,,,,,,,,,,,,,,,,,W,move_forward|look,,5.0,5.0
1725,57500,,,,,,,,,,,,,,,,,,,,,,,,,,,,,,W,move_forward|look,,1.0,1.0
1726,57533,,,,,,,,,,,,,,,,,,,,,,,,,,,,,,W,move_forward,,0.0,0.0
1727,57567,,,,,,,,,,,,,,,,,,,,,,,,,,,,,,W,move_forward,,0.0,0.0
1728,57600,,,,,,,,,,,,,,,,,,,,,,,,,,,,,,W,move_forward,,0.0,0.0
1729,57633,,,,,,,,,,,,,,,,,,,,,,,,,,,,,,W,move_forward,,0.0,0.0
1730,57667,,,,,,,,,,,,,,,,,,,,,,,,,,,,,,W,move_forward,,0.0,0.0
1731,57700,,,,,,,,,,,,,,,,,,,,,,,,,,,,,,W,move_forward,,0.0,0.0
1732,57733,,,,,,,,,,,,,,,,,,,,,,,,,,,,,,W,move_forward,,0.0,0.0
1733,57767,,,,,,,,,,,,,,,,,,,,,,,,,,,,,,W,move_forward|look,,86.0,-6.0
1734,57800,,,,,,,,,,,,,,,,,,,,,,,,,,,,,,W,move_forward|look,,668.0,-19.0
1735,57833,,,,,,,,,,,,,,,,,,,,,,,,,,,,,,W,move_forward|look,,393.0,16.0
1736,57867,,,,,,,,,,,,,,,,,,,,,,,,,,,,,,W,move_forward|look,,187.0,19.0
1737,57900,,,,,,,,,,,,,,,,,,,,,,,,,,,,,,W,move_forward|look,,30.0,6.0
1738,57933,,,,,,,,,,,,,,,,,,,,,,,,,,,,,,W,move_forward|look,,2.0,1.0
1739,57967,,,,,,,,,,,,,,,,,,,,,,,,,,,,,,W,move_forward,,0.0,0.0
1740,58000,,,,,,,,,,,,,,,,,,,,,,,,,,,,,,,,,0.0,0.0
1741,58033,,,,,,,,,,,,,,,,,,,,,,,,,,,,,,,look,,0.0,1.0
1742,58067,,,,,,,,,,,,,,,,,,,,,,,,,,,,,,,look,,5.0,1.0
1743,58100,,,,,,,,,,,,,,,,,,,,,,,,,,,,,,,look,,29.0,0.0
1744,58133,,,,,,,,,,,,,,,,,,,,,,,,,,,,,,,look,,33.0,0.0
1745,58167,,,,,,,,,,,,,,,,,,,,,,,,,,,,,,,look,,6.0,0.0
1746,58200,,,,,,,,,,,,,,,,,,,,,,,,,,,,,,,,,0.0,0.0
1747,58233,,,,,,,,,,,,,,,,,,,,,,,,,,,,,,W,move_forward,,0.0,0.0
1748,58267,,,,,,,,,,,,,,,,,,,,,,,,,,,,,,W,move_forward,,0.0,0.0
1749,58300,,,,,,,,,,,,,,,,,,,,,,,,,,,,,,W,move_forward,,0.0,0.0
1750,58333,,,,,,,,,,,,,,,,,,,,,,,,,,,,,,W,move_forward|look,,13.0,0.0
1751,58367,,,,,,,,,,,,,,,,,,,,,,,,,,,,,,W,move_forward|look,,22.0,3.0
1752,58400,,,,,,,,,,,,,,,,,,,,,,,,,,,,,,W,move_forward|look,,9.0,4.0
1753,58433,,,,,,,,,,,,,,,,,,,,,,,,,,,,,,W,move_forward|look,,15.0,5.0
1754,58467,,,,,,,,,,,,,,,,,,,,,,,,,,,,,,W,move_forward|look,,36.0,1.0
1755,58500,,,,,,,,,,,,,,,,,,,,,,,,,,,,,,W,move_forward|look,,41.0,0.0
1756,58533,,,,,,,,,,,,,,,,,,,,,,,,,,,,,,W,move_forward|look,,19.0,0.0
1757,58567,,,,,,,,,,,,,,,,,,,,,,,,,,,,,,W,move_forward|look,,1.0,0.0
1758,58600,,,,,,,,,,,,,,,,,,,,,,,,,,,,,,W,move_forward,,0.0,0.0
1759,58633,,,,,,,,,,,,,,,,,,,,,,,,,,,,,,W,move_forward,,0.0,0.0
1760,58667,,,,,,,,,,,,,,,,,,,,,,,,,,,,,,W,move_forward|fire,Left,0.0,0.0
1761,58700,,,,,,,,,,,,,,,,,,,,,,,,,,,,,,W,move_forward|fire,Left,0.0,0.0
1762,58733,,,,,,,,,,,,,,,,,,,,,,,,,,,,,,W,move_forward|fire,Left,0.0,0.0
1763,58767,,,,,,,,,,,,,,,,,,,,,,,,,,,,,,W,move_forward|fire,Left,0.0,0.0
1764,58800,,,,,,,,,,,,,,,,,,,,,,,,,,,,,,W,move_forward|fire,Left,0.0,0.0
1765,58833,,,,,,,,,,,,,,,,,,,,,,,,,,,,,,W,move_forward|fire,Left,0.0,0.0
1766,58867,,,,,,,,,,,,,,,,,,,,,,,,,,,,,,W,move_forward|fire,Left,0.0,0.0
1767,58900,,,,,,,,,,,,,,,,,,,,,,,,,,,,,,W,move_forward,,0.0,0.0
1768,58933,,,,,,,,,,,,,,,,,,,,,,,,,,,,,,W,move_forward,,0.0,0.0
1769,58967,,,,,,,,,,,,,,,,,,,,,,,,,,,,,,W,move_forward,,0.0,0.0
1770,59000,,,,,,,,,,,,,,,,,,,,,,,,,,,,,,W,move_forward,,0.0,0.0
1771,59033,,,,,,,,,,,,,,,,,,,,,,,,,,,,,,W,move_forward|look,,-14.0,-2.0
1772,59067,,,,,,,,,,,,,,,,,,,,,,,,,,,,,,W,move_forward|look,,-17.0,0.0
1773,59100,,,,,,,,,,,,,,,,,,,,,,,,,,,,,,W,move_forward|look,,-53.0,32.0
1774,59133,,,,,,,,,,,,,,,,,,,,,,,,,,,,,,W,move_forward|look,,-100.0,61.0
1775,59167,,,,,,,,,,,,,,,,,,,,,,,,,,,,,,W,move_forward|look,,-58.0,40.0
1776,59200,,,,,,,,,,,,,,,,,,,,,,,,,,,,,,W,move_forward|look,,-27.0,33.0
1777,59233,,,,,,,,,,,,,,,,,,,,,,,,,,,,,,W,move_forward|look,,-2.0,33.0
1778,59267,,,,,,,,,,,,,,,,,,,,,,,,,,,,,,W,move_forward|look,,0.0,23.0
1779,59300,,,,,,,,,,,,,,,,,,,,,,,,,,,,,,W,move_forward|fire,Left,0.0,0.0
1780,59333,,,,,,,,,,,,,,,,,,,,,,,,,,,,,,W,move_forward|fire,Left,0.0,0.0
1781,59367,,,,,,,,,,,,,,,,,,,,,,,,,,,,,,W,move_forward|fire,Left,0.0,0.0
1782,59400,,,,,,,,,,,,,,,,,,,,,,,,,,,,,,W,move_forward|fire,Left,0.0,0.0
1783,59433,,,,,,,,,,,,,,,,,,,,,,,,,,,,,,W,move_forward|fire,Left,0.0,0.0
1784,59467,,,,,,,,,,,,,,,,,,,,,,,,,,,,,,W,move_forward|fire|look,Left,16.0,-7.0
1785,59500,,,,,,,,,,,,,,,,,,,,,,,,,,,,,,W,move_forward|look,,10.0,-7.0
1786,59533,,,,,,,,,,,,,,,,,,,,,,,,,,,,,,W,move_forward,,0.0,0.0
1787,59567,,,,,,,,,,,,,,,,,,,,,,,,,,,,,,W,move_forward,,0.0,0.0
1788,59600,,,,,,,,,,,,,,,,,,,,,,,,,,,,,,W,move_forward|look,,2.0,0.0
1789,59633,,,,,,,,,,,,,,,,,,,,,,,,,,,,,,W,move_forward|look,,16.0,0.0
1790,59667,,,,,,,,,,,,,,,,,,,,,,,,,,,,,,W,move_forward|look,,26.0,0.0
1791,59700,,,,,,,,,,,,,,,,,,,,,,,,,,,,,,W,move_forward|look,,42.0,0.0
1792,59733,,,,,,,,,,,,,,,,,,,,,,,,,,,,,,W,move_forward|look,,34.0,-3.0
1793,59767,,,,,,,,,,,,,,,,,,,,,,,,,,,,,,W,move_forward|look,,47.0,-8.0
1794,59800,,,,,,,,,,,,,,,,,,,,,,,,,,,,,,W,move_forward|look,,53.0,-1.0
1795,59833,,,,,,,,,,,,,,,,,,,,,,,,,,,,,,W,move_forward|look,,68.0,-2.0
1796,59867,,,,,,,,,,,,,,,,,,,,,,,,,,,,,,W,move_forward|look,,104.0,-7.0
1797,59900,,,,,,,,,,,,,,,,,,,,,,,,,,,,,,W,move_forward|look,,124.0,-2.0
1798,59933,,,,,,,,,,,,,,,,,,,,,,,,,,,,,,W,move_forward|look,,59.0,3.0
1799,59967,,,,,,,,,,,,,,,,,,,,,,,,,,,,,,W,move_forward|look,,11.0,7.0
1800,60000,,,,,,,,,,,,,,,,,,,,,,,,,,,,,,W,move_forward,,0.0,0.0
1801,60033,,,,,,,,,,,,,,,,,,,,,,,,,,,,,,W,move_forward,,0.0,0.0
1802,60067,,,,,,,,,,,,,,,,,,,,,,,,,,,,,,W,move_forward,,0.0,0.0
1803,60100,,,,,,,,,,,,,,,,,,,,,,,,,,,,,,W,move_forward,,0.0,0.0
1804,60133,,,,,,,,,,,,,,,,,,,,,,,,,,,,,,W,move_forward|look,,21.0,-5.0
1805,60167,,,,,,,,,,,,,,,,,,,,,,,,,,,,,,W,move_forward|look,,201.0,-32.0
1806,60200,,,,,,,,,,,,,,,,,,,,,,,,,,,,,,W,move_forward|look,,717.0,-13.0
1807,60233,,,,,,,,,,,,,,,,,,,,,,,,,,,,,,W,move_forward|look,,650.0,120.0
1808,60267,,,,,,,,,,,,,,,,,,,,,,,,,,,,,,W,move_forward|look,,538.0,122.0
1809,60300,,,,,,,,,,,,,,,,,,,,,,,,,,,,,,W,move_forward|look,,149.0,37.0
1810,60333,,,,,,,,,,,,,,,,,,,,,,,,,,,,,,W,move_forward|look,,31.0,7.0
1811,60367,,,,,,,,,,,,,,,,,,,,,,,,,,,,,,W,move_forward|look,,2.0,1.0
1812,60400,,,,,,,,,,,,,,,,,,,,,,,,,,,,,,W,move_forward,,0.0,0.0
1813,60433,,,,,,,,,,,,,,,,,,,,,,,,,,,,,,W,move_forward,,0.0,0.0
1814,60467,,,,,,,,,,,,,,,,,,,,,,,,,,,,,,W,move_forward,,0.0,0.0
1815,60500,,,,,,,,,,,,,,,,,,,,,,,,,,,,,,W,move_forward,,0.0,0.0
1816,60533,,,,,,,,,,,,,,,,,,,,,,,,,,,,,,W,move_forward,,0.0,0.0
1817,60567,,,,,,,,,,,,,,,,,,,,,,,,,,,,,,W,move_forward,,0.0,0.0
1818,60600,,,,,,,,,,,,,,,,,,,,,,,,,,,,,,W,move_forward,,0.0,0.0
1819,60633,,,,,,,,,,,,,,,,,,,,,,,,,,,,,,W,move_forward|look,,6.0,0.0
1820,60667,,,,,,,,,,,,,,,,,,,,,,,,,,,,,,W,move_forward|look,,51.0,2.0
1821,60700,,,,,,,,,,,,,,,,,,,,,,,,,,,,,,W,move_forward|look,,78.0,27.0
1822,60733,,,,,,,,,,,,,,,,,,,,,,,,,,,,,,W,move_forward|look,,84.0,39.0
1823,60767,,,,,,,,,,,,,,,,,,,,,,,,,,,,,,W,move_forward|look,,44.0,27.0
1824,60800,,,,,,,,,,,,,,,,,,,,,,,,,,,,,,W,move_forward|look,,8.0,8.0
1825,60833,,,,,,,,,,,,,,,,,,,,,,,,,,,,,,,look,,1.0,4.0
1826,60867,,,,,,,,,,,,,,,,,,,,,,,,,,,,,,,look,,-3.0,5.0
1827,60900,,,,,,,,,,,,,,,,,,,,,,,,,,,,,,,look,,-4.0,4.0
1828,60933,,,,,,,,,,,,,,,,,,,,,,,,,,,,,,,look,,-2.0,1.0
1829,60967,,,,,,,,,,,,,,,,,,,,,,,,,,,,,,,look,,-1.0,2.0
1830,61000,,,,,,,,,,,,,,,,,,,,,,,,,,,,,,,look,,-4.0,2.0
1831,61033,,,,,,,,,,,,,,,,,,,,,,,,,,,,,,,look,,-13.0,2.0
1832,61067,,,,,,,,,,,,,,,,,,,,,,,,,,,,,,,look,,-12.0,0.0
1833,61100,,,,,,,,,,,,,,,,,,,,,,,,,,,,,,,look,,-4.0,0.0
1834,61133,,,,,,,,,,,,,,,,,,,,,,,,,,,,,,,,,0.0,0.0
1835,61167,,,,,,,,,,,,,,,,,,,,,,,,,,,,,,,,,0.0,0.0
1836,61200,,,,,,,,,,,,,,,,,,,,,,,,,,,,,,,,,0.0,0.0
1837,61233,,,,,,,,,,,,,,,,,,,,,,,,,,,,,,,,,0.0,0.0
1838,61267,,,,,,,,,,,,,,,,,,,,,,,,,,,,,,,,,0.0,0.0
1839,61300,,,,,,,,,,,,,,,,,,,,,,,,,,,,,,,,,0.0,0.0
1840,61333,,,,,,,,,,,,,,,,,,,,,,,,,,,,,,,,,0.0,0.0
1841,61367,,,,,,,,,,,,,,,,,,,,,,,,,,,,,,,look,,-1.0,0.0
1842,61400,,,,,,,,,,,,,,,,,,,,,,,,,,,,,,,look,,-2.0,0.0
1843,61433,,,,,,,,,,,,,,,,,,,,,,,,,,,,,,,,,0.0,0.0
1844,61467,,,,,,,,,,,,,,,,,,,,,,,,,,,,,,,,,0.0,0.0
1845,61500,,,,,,,,,,,,,,,,,,,,,,,,,,,,,,,,,0.0,0.0
1846,61533,,,,,,,,,,,,,,,,,,,,,,,,,,,,,,Space,jump,,0.0,0.0
1847,61567,,,,,,,,,,,,,,,,,,,,,,,,,,,,,,Space,jump,,0.0,0.0
1848,61600,,,,,,,,,,,,,,,,,,,,,,,,,,,,,,Space,jump,,0.0,0.0
1849,61633,,,,,,,,,,,,,,,,,,,,,,,,,,,,,,Space,jump,,0.0,0.0
1850,61667,,,,,,,,,,,,,,,,,,,,,,,,,,,,,,Space,jump,,0.0,0.0
1851,61700,,,,,,,,,,,,,,,,,,,,,,,,,,,,,,,,,0.0,0.0
1852,61733,,,,,,,,,,,,,,,,,,,,,,,,,,,,,,,,,0.0,0.0
1853,61767,,,,,,,,,,,,,,,,,,,,,,,,,,,,,,,,,0.0,0.0
1854,61800,,,,,,,,,,,,,,,,,,,,,,,,,,,,,,,,,0.0,0.0
1855,61833,,,,,,,,,,,,,,,,,,,,,,,,,,,,,,,look,,-3.0,0.0
1856,61867,,,,,,,,,,,,,,,,,,,,,,,,,,,,,,,look,,-15.0,0.0
1857,61900,,,,,,,,,,,,,,,,,,,,,,,,,,,,,,,look,,-28.0,-9.0
1858,61933,,,,,,,,,,,,,,,,,,,,,,,,,,,,,,,look,,-46.0,-27.0
1859,61967,,,,,,,,,,,,,,,,,,,,,,,,,,,,,,,look,,-71.0,-60.0
1860,62000,,,,,,,,,,,,,,,,,,,,,,,,,,,,,,,look,,-62.0,-56.0
1861,62033,,,,,,,,,,,,,,,,,,,,,,,,,,,,,,,look,,-28.0,-21.0
1862,62067,,,,,,,,,,,,,,,,,,,,,,,,,,,,,,,look,,-10.0,13.0
1863,62100,,,,,,,,,,,,,,,,,,,,,,,,,,,,,,,look,,-28.0,58.0
1864,62133,,,,,,,,,,,,,,,,,,,,,,,,,,,,,,,look,,-50.0,84.0
1865,62167,,,,,,,,,,,,,,,,,,,,,,,,,,,,,,,look,,-33.0,52.0
1866,62200,,,,,,,,,,,,,,,,,,,,,,,,,,,,,,,look,,-8.0,37.0
1867,62233,,,,,,,,,,,,,,,,,,,,,,,,,,,,,,,look,,0.0,32.0
1868,62267,,,,,,,,,,,,,,,,,,,,,,,,,,,,,,,look,,10.0,25.0
1869,62300,,,,,,,,,,,,,,,,,,,,,,,,,,,,,,,look,,1.0,3.0
1870,62333,,,,,,,,,,,,,,,,,,,,,,,,,,,,,,,look,,0.0,-6.0
1871,62367,,,,,,,,,,,,,,,,,,,,,,,,,,,,,,,look,,0.0,-52.0
1872,62400,,,,,,,,,,,,,,,,,,,,,,,,,,,,,,,look,,3.0,-33.0
1873,62433,,,,,,,,,,,,,,,,,,,,,,,,,,,,,,,look,,37.0,-15.0
1874,62467,,,,,,,,,,,,,,,,,,,,,,,,,,,,,,,look,,106.0,-28.0
1875,62500,,,,,,,,,,,,,,,,,,,,,,,,,,,,,,,look,,93.0,-15.0
1876,62533,,,,,,,,,,,,,,,,,,,,,,,,,,,,,,,look,,56.0,0.0
1877,62567,,,,,,,,,,,,,,,,,,,,,,,,,,,,,,,look,,9.0,0.0
1878,62600,,,,,,,,,,,,,,,,,,,,,,,,,,,,,,,look,,1.0,0.0
1879,62633,,,,,,,,,,,,,,,,,,,,,,,,,,,,,,,look,,1.0,0.0
1880,62667,,,,,,,,,,,,,,,,,,,,,,,,,,,,,,,,,0.0,0.0
1881,62700,,,,,,,,,,,,,,,,,,,,,,,,,,,,,,W,move_forward|look,,5.0,0.0
1882,62733,,,,,,,,,,,,,,,,,,,,,,,,,,,,,,W,move_forward|look,,13.0,-2.0
1883,62767,,,,,,,,,,,,,,,,,,,,,,,,,,,,,,W,move_forward|look,,20.0,-4.0
1884,62800,,,,,,,,,,,,,,,,,,,,,,,,,,,,,,W,move_forward|look,,6.0,0.0
1885,62833,,,,,,,,,,,,,,,,,,,,,,,,,,,,,,W,move_forward|look,,1.0,0.0
1886,62867,,,,,,,,,,,,,,,,,,,,,,,,,,,,,,W,move_forward|look,,0.0,-1.0
1887,62900,,,,,,,,,,,,,,,,,,,,,,,,,,,,,,W,move_forward,,0.0,0.0
1888,62933,,,,,,,,,,,,,,,,,,,,,,,,,,,,,,W,move_forward,,0.0,0.0
1889,62967,,,,,,,,,,,,,,,,,,,,,,,,,,,,,,W,move_forward,,0.0,0.0
1890,63000,,,,,,,,,,,,,,,,,,,,,,,,,,,,,,W,move_forward|look,,0.0,-1.0
1891,63033,,,,,,,,,,,,,,,,,,,,,,,,,,,,,,W,move_forward,,0.0,0.0
1892,63067,,,,,,,,,,,,,,,,,,,,,,,,,,,,,,W,move_forward,,0.0,0.0
1893,63100,,,,,,,,,,,,,,,,,,,,,,,,,,,,,,W,move_forward,,0.0,0.0
1894,63133,,,,,,,,,,,,,,,,,,,,,,,,,,,,,,W,move_forward,,0.0,0.0
1895,63167,,,,,,,,,,,,,,,,,,,,,,,,,,,,,,W,move_forward,,0.0,0.0
1896,63200,,,,,,,,,,,,,,,,,,,,,,,,,,,,,,W,move_forward|look,,9.0,0.0
1897,63233,,,,,,,,,,,,,,,,,,,,,,,,,,,,,,W,move_forward|look,,102.0,-6.0
1898,63267,,,,,,,,,,,,,,,,,,,,,,,,,,,,,,W,move_forward|look,,297.0,8.0
1899,63300,,,,,,,,,,,,,,,,,,,,,,,,,,,,,,W,move_forward|look,,226.0,49.0
1900,63333,,,,,,,,,,,,,,,,,,,,,,,,,,,,,,W,move_forward|look,,132.0,35.0
1901,63367,,,,,,,,,,,,,,,,,,,,,,,,,,,,,,W,move_forward|look,,93.0,25.0
1902,63400,,,,,,,,,,,,,,,,,,,,,,,,,,,,,,W,move_forward|look,,33.0,7.0
1903,63433,,,,,,,,,,,,,,,,,,,,,,,,,,,,,,W,move_forward|look,,8.0,3.0
1904,63467,,,,,,,,,,,,,,,,,,,,,,,,,,,,,,W,move_forward,,0.0,0.0
1905,63500,,,,,,,,,,,,,,,,,,,,,,,,,,,,,,W,move_forward|look,,-5.0,0.0
1906,63533,,,,,,,,,,,,,,,,,,,,,,,,,,,,,,W,move_forward|look,,-20.0,-2.0
1907,63567,,,,,,,,,,,,,,,,,,,,,,,,,,,,,,W,move_forward|look,,-40.0,-1.0
1908,63600,,,,,,,,,,,,,,,,,,,,,,,,,,,,,,W,move_forward|look,,-78.0,5.0
1909,63633,,,,,,,,,,,,,,,,,,,,,,,,,,,,,,W,move_forward|look,,-62.0,13.0
1910,63667,,,,,,,,,,,,,,,,,,,,,,,,,,,,,,W,move_forward|look,,-21.0,5.0
1911,63700,,,,,,,,,,,,,,,,,,,,,,,,,,,,,,,look,,-2.0,2.0
1912,63733,,,,,,,,,,,,,,,,,,,,,,,,,,,,,,,look,,-11.0,6.0
1913,63767,,,,,,,,,,,,,,,,,,,,,,,,,,,,,,,look,,-17.0,11.0
1914,63800,,,,,,,,,,,,,,,,,,,,,,,,,,,,,,,look,,-2.0,3.0
1915,63833,,,,,,,,,,,,,,,,,,,,,,,,,,,,,,,look,,-2.0,6.0
1916,63867,,,,,,,,,,,,,,,,,,,,,,,,,,,,,,,look,,-48.0,54.0
1917,63900,,,,,,,,,,,,,,,,,,,,,,,,,,,,,,,look,,-151.0,114.0
1918,63933,,,,,,,,,,,,,,,,,,,,,,,,,,,,,,,look,,-247.0,83.0
1919,63967,,,,,,,,,,,,,,,,,,,,,,,,,,,,,,,look,,-190.0,10.0
1920,64000,,,,,,,,,,,,,,,,,,,,,,,,,,,,,,,look,,-80.0,0.0
1921,64033,,,,,,,,,,,,,,,,,,,,,,,,,,,,,,,look,,-24.0,0.0
1922,64067,,,,,,,,,,,,,,,,,,,,,,,,,,,,,,,fire,Left,0.0,0.0
1923,64100,,,,,,,,,,,,,,,,,,,,,,,,,,,,,,,fire,Left,0.0,0.0
1924,64133,,,,,,,,,,,,,,,,,,,,,,,,,,,,,,,fire,Left,0.0,0.0
1925,64167,,,,,,,,,,,,,,,,,,,,,,,,,,,,,,,fire,Left,0.0,0.0
1926,64200,,,,,,,,,,,,,,,,,,,,,,,,,,,,,,,fire,Left,0.0,0.0
1927,64233,,,,,,,,,,,,,,,,,,,,,,,,,,,,,,,fire,Left,0.0,0.0
1928,64267,,,,,,,,,,,,,,,,,,,,,,,,,,,,,,,,,0.0,0.0
1929,64300,,,,,,,,,,,,,,,,,,,,,,,,,,,,,,,,,0.0,0.0
1930,64333,,,,,,,,,,,,,,,,,,,,,,,,,,,,,,,,,0.0,0.0
1931,64367,,,,,,,,,,,,,,,,,,,,,,,,,,,,,,,,,0.0,0.0
1932,64400,,,,,,,,,,,,,,,,,,,,,,,,,,,,,,,,,0.0,0.0
1933,64433,,,,,,,,,,,,,,,,,,,,,,,,,,,,,,,,,0.0,0.0
1934,64467,,,,,,,,,,,,,,,,,,,,,,,,,,,,,,,look,,-6.0,0.0
1935,64500,,,,,,,,,,,,,,,,,,,,,,,,,,,,,,,look,,-92.0,9.0
1936,64533,,,,,,,,,,,,,,,,,,,,,,,,,,,,,,,look,,-213.0,19.0
1937,64567,,,,,,,,,,,,,,,,,,,,,,,,,,,,,,,look,,-79.0,10.0
1938,64600,,,,,,,,,,,,,,,,,,,,,,,,,,,,,,,look,,-28.0,5.0
1939,64633,,,,,,,,,,,,,,,,,,,,,,,,,,,,,,,look,,-9.0,1.0
1940,64667,,,,,,,,,,,,,,,,,,,,,,,,,,,,,,,look,,-3.0,0.0
1941,64700,,,,,,,,,,,,,,,,,,,,,,,,,,,,,,,,,0.0,0.0
1942,64733,,,,,,,,,,,,,,,,,,,,,,,,,,,,,,,,,0.0,0.0
1943,64767,,,,,,,,,,,,,,,,,,,,,,,,,,,,,,,look,,2.0,0.0
1944,64800,,,,,,,,,,,,,,,,,,,,,,,,,,,,,,,look,,4.0,2.0
1945,64833,,,,,,,,,,,,,,,,,,,,,,,,,,,,,,,look,,4.0,0.0
1946,64867,,,,,,,,,,,,,,,,,,,,,,,,,,,,,,,look,,3.0,0.0
1947,64900,,,,,,,,,,,,,,,,,,,,,,,,,,,,,,,look,,9.0,-14.0
1948,64933,,,,,,,,,,,,,,,,,,,,,,,,,,,,,,W,move_forward|look,,6.0,-10.0
1949,64967,,,,,,,,,,,,,,,,,,,,,,,,,,,,,,W,move_forward|look,,2.0,-2.0
1950,65000,,,,,,,,,,,,,,,,,,,,,,,,,,,,,,W,move_forward,,0.0,0.0
1951,65033,,,,,,,,,,,,,,,,,,,,,,,,,,,,,,W,move_forward,,0.0,0.0
1952,65067,,,,,,,,,,,,,,,,,,,,,,,,,,,,,,W,move_forward,,0.0,0.0
1953,65100,,,,,,,,,,,,,,,,,,,,,,,,,,,,,,W,move_forward,,0.0,0.0
1954,65133,,,,,,,,,,,,,,,,,,,,,,,,,,,,,,W,move_forward,,0.0,0.0
1955,65167,,,,,,,,,,,,,,,,,,,,,,,,,,,,,,W,move_forward,,0.0,0.0
1956,65200,,,,,,,,,,,,,,,,,,,,,,,,,,,,,,W,move_forward,,0.0,0.0
1957,65233,,,,,,,,,,,,,,,,,,,,,,,,,,,,,,W,move_forward|look,,6.0,0.0
1958,65267,,,,,,,,,,,,,,,,,,,,,,,,,,,,,,W,move_forward|look,,38.0,0.0
1959,65300,,,,,,,,,,,,,,,,,,,,,,,,,,,,,,W,move_forward|look,,44.0,6.0
1960,65333,,,,,,,,,,,,,,,,,,,,,,,,,,,,,,W,move_forward|look,,30.0,13.0
1961,65367,,,,,,,,,,,,,,,,,,,,,,,,,,,,,,W,move_forward|look,,19.0,12.0
1962,65400,,,,,,,,,,,,,,,,,,,,,,,,,,,,,,W,move_forward|look,,11.0,8.0
1963,65433,,,,,,,,,,,,,,,,,,,,,,,,,,,,,,W,move_forward|look,,28.0,14.0
1964,65467,,,,,,,,,,,,,,,,,,,,,,,,,,,,,,,look,,81.0,23.0
1965,65500,,,,,,,,,,,,,,,,,,,,,,,,,,,,,,,look,,132.0,15.0
1966,65533,,,,,,,,,,,,,,,,,,,,,,,,,,,,,,,look,,184.0,7.0
1967,65567,,,,,,,,,,,,,,,,,,,,,,,,,,,,,,,look,,161.0,-1.0
1968,65600,,,,,,,,,,,,,,,,,,,,,,,,,,,,,,,look,,134.0,-27.0
1969,65633,,,,,,,,,,,,,,,,,,,,,,,,,,,,,,,look,,108.0,-25.0
1970,65667,,,,,,,,,,,,,,,,,,,,,,,,,,,,,,,look,,68.0,-16.0
1971,65700,,,,,,,,,,,,,,,,,,,,,,,,,,,,,,,look,,36.0,-5.0
1972,65733,,,,,,,,,,,,,,,,,,,,,,,,,,,,,,,look,,10.0,-1.0
1973,65767,,,,,,,,,,,,,,,,,,,,,,,,,,,,,,,,,0.0,0.0
1974,65800,,,,,,,,,,,,,,,,,,,,,,,,,,,,,,W,move_forward,,0.0,0.0
1975,65833,,,,,,,,,,,,,,,,,,,,,,,,,,,,,,W,move_forward,,0.0,0.0
1976,65867,,,,,,,,,,,,,,,,,,,,,,,,,,,,,,W,move_forward,,0.0,0.0
1977,65900,,,,,,,,,,,,,,,,,,,,,,,,,,,,,,W,move_forward|look,,-18.0,-21.0
1978,65933,,,,,,,,,,,,,,,,,,,,,,,,,,,,,,W,move_forward|look,,-1.0,-19.0
1979,65967,,,,,,,,,,,,,,,,,,,,,,,,,,,,,,W,move_forward|look,,14.0,-25.0
1980,66000,,,,,,,,,,,,,,,,,,,,,,,,,,,,,,W,move_forward|look,,59.0,-42.0
1981,66033,,,,,,,,,,,,,,,,,,,,,,,,,,,,,,W,move_forward|look,,67.0,-33.0
1982,66067,,,,,,,,,,,,,,,,,,,,,,,,,,,,,,W,move_forward|look,,93.0,-45.0
1983,66100,,,,,,,,,,,,,,,,,,,,,,,,,,,,,,W,move_forward|look,,91.0,-43.0
1984,66133,,,,,,,,,,,,,,,,,,,,,,,,,,,,,,W,move_forward|look,,48.0,-23.0
1985,66167,,,,,,,,,,,,,,,,,,,,,,,,,,,,,,W,move_forward|look,,44.0,-24.0
1986,66200,,,,,,,,,,,,,,,,,,,,,,,,,,,,,,W,move_forward|look,,32.0,-10.0
1987,66233,,,,,,,,,,,,,,,,,,,,,,,,,,,,,,W,move_forward|look,,26.0,-3.0
1988,66267,,,,,,,,,,,,,,,,,,,,,,,,,,,,,,W,move_forward|look,,19.0,-3.0
1989,66300,,,,,,,,,,,,,,,,,,,,,,,,,,,,,,W,move_forward|look,,3.0,0.0
1990,66333,,,,,,,,,,,,,,,,,,,,,,,,,,,,,,W,move_forward|look,,1.0,0.0
1991,66367,,,,,,,,,,,,,,,,,,,,,,,,,,,,,,W,move_forward,,0.0,0.0
1992,66400,,,,,,,,,,,,,,,,,,,,,,,,,,,,,,W,move_forward|look,,1.0,0.0
1993,66433,,,,,,,,,,,,,,,,,,,,,,,,,,,,,,W,move_forward|look,,32.0,-9.0
1994,66467,,,,,,,,,,,,,,,,,,,,,,,,,,,,,,W,move_forward|look,,79.0,-9.0
1995,66500,,,,,,,,,,,,,,,,,,,,,,,,,,,,,,W,move_forward|look,,121.0,-6.0
1996,66533,,,,,,,,,,,,,,,,,,,,,,,,,,,,,,W,move_forward|look,,38.0,-4.0
1997,66567,,,,,,,,,,,,,,,,,,,,,,,,,,,,,,W,move_forward|look,,10.0,0.0
1998,66600,,,,,,,,,,,,,,,,,,,,,,,,,,,,,,W,move_forward|look,,1.0,0.0
1999,66633,,,,,,,,,,,,,,,,,,,,,,,,,,,,,,W,move_forward|look,,2.0,-1.0
2000,66667,,,,,,,,,,,,,,,,,,,,,,,,,,,,,,W,move_forward|look,,3.0,0.0
2001,66700,,,,,,,,,,,,,,,,,,,,,,,,,,,,,,W,move_forward|look,,1.0,0.0
2002,66733,,,,,,,,,,,,,,,,,,,,,,,,,,,,,,W,move_forward,,0.0,0.0
2003,66767,,,,,,,,,,,,,,,,,,,,,,,,,,,,,,W,move_forward|fire,Left,0.0,0.0
2004,66800,,,,,,,,,,,,,,,,,,,,,,,,,,,,,,W,move_forward|fire,Left,0.0,0.0
2005,66833,,,,,,,,,,,,,,,,,,,,,,,,,,,,,,W,move_forward|fire,Left,0.0,0.0
2006,66867,,,,,,,,,,,,,,,,,,,,,,,,,,,,,,W,move_forward|fire,Left,0.0,0.0
2007,66900,,,,,,,,,,,,,,,,,,,,,,,,,,,,,,W,move_forward|fire,Left,0.0,0.0
2008,66933,,,,,,,,,,,,,,,,,,,,,,,,,,,,,,W,move_forward|fire,Left,0.0,0.0
2009,66967,,,,,,,,,,,,,,,,,,,,,,,,,,,,,,W,move_forward,,0.0,0.0
2010,67000,,,,,,,,,,,,,,,,,,,,,,,,,,,,,,W,move_forward,,0.0,0.0
2011,67033,,,,,,,,,,,,,,,,,,,,,,,,,,,,,,W,move_forward,,0.0,0.0
2012,67067,,,,,,,,,,,,,,,,,,,,,,,,,,,,,,W,move_forward,,0.0,0.0
2013,67100,,,,,,,,,,,,,,,,,,,,,,,,,,,,,,W,move_forward|look,,-2.0,-5.0
2014,67133,,,,,,,,,,,,,,,,,,,,,,,,,,,,,,W,move_forward|look,,53.0,-15.0
2015,67167,,,,,,,,,,,,,,,,,,,,,,,,,,,,,,,look,,143.0,-21.0
2016,67200,,,,,,,,,,,,,,,,,,,,,,,,,,,,,,,look,,252.0,-16.0
2017,67233,,,,,,,,,,,,,,,,,,,,,,,,,,,,,,,look,,205.0,0.0
2018,67267,,,,,,,,,,,,,,,,,,,,,,,,,,,,,,,look,,74.0,2.0
2019,67300,,,,,,,,,,,,,,,,,,,,,,,,,,,,,,,look,,5.0,2.0
2020,67333,,,,,,,,,,,,,,,,,,,,,,,,,,,,,,,fire,Left,0.0,0.0
2021,67367,,,,,,,,,,,,,,,,,,,,,,,,,,,,,,,fire,Left,0.0,0.0
2022,67400,,,,,,,,,,,,,,,,,,,,,,,,,,,,,,,fire,Left,0.0,0.0
2023,67433,,,,,,,,,,,,,,,,,,,,,,,,,,,,,,,fire,Left,0.0,0.0
2024,67467,,,,,,,,,,,,,,,,,,,,,,,,,,,,,,,fire,Left,0.0,0.0
2025,67500,,,,,,,,,,,,,,,,,,,,,,,,,,,,,,,fire,Left,0.0,0.0
2026,67533,,,,,,,,,,,,,,,,,,,,,,,,,,,,,,,,,0.0,0.0
2027,67567,,,,,,,,,,,,,,,,,,,,,,,,,,,,,,,,,0.0,0.0
2028,67600,,,,,,,,,,,,,,,,,,,,,,,,,,,,,,,fire,Left,0.0,0.0
2029,67633,,,,,,,,,,,,,,,,,,,,,,,,,,,,,,,fire,Left,0.0,0.0
2030,67667,,,,,,,,,,,,,,,,,,,,,,,,,,,,,,,fire,Left,0.0,0.0
2031,67700,,,,,,,,,,,,,,,,,,,,,,,,,,,,,,,fire,Left,0.0,0.0
2032,67733,,,,,,,,,,,,,,,,,,,,,,,,,,,,,,,fire,Left,0.0,0.0
2033,67767,,,,,,,,,,,,,,,,,,,,,,,,,,,,,,,fire,Left,0.0,0.0
2034,67800,,,,,,,,,,,,,,,,,,,,,,,,,,,,,,,,,0.0,0.0
2035,67833,,,,,,,,,,,,,,,,,,,,,,,,,,,,,,,,,0.0,0.0
2036,67867,,,,,,,,,,,,,,,,,,,,,,,,,,,,,,,fire,Left,0.0,0.0
2037,67900,,,,,,,,,,,,,,,,,,,,,,,,,,,,,,,fire,Left,0.0,0.0
2038,67933,,,,,,,,,,,,,,,,,,,,,,,,,,,,,,,fire,Left,0.0,0.0
2039,67967,,,,,,,,,,,,,,,,,,,,,,,,,,,,,,,fire,Left,0.0,0.0
2040,68000,,,,,,,,,,,,,,,,,,,,,,,,,,,,,,,fire,Left,0.0,0.0
2041,68033,,,,,,,,,,,,,,,,,,,,,,,,,,,,,,,,,0.0,0.0
2042,68067,,,,,,,,,,,,,,,,,,,,,,,,,,,,,,,,,0.0,0.0
2043,68100,,,,,,,,,,,,,,,,,,,,,,,,,,,,,,,,,0.0,0.0
2044,68133,,,,,,,,,,,,,,,,,,,,,,,,,,,,,,,fire,Left,0.0,0.0
2045,68167,,,,,,,,,,,,,,,,,,,,,,,,,,,,,,,fire,Left,0.0,0.0
2046,68200,,,,,,,,,,,,,,,,,,,,,,,,,,,,,,,fire,Left,0.0,0.0
2047,68233,,,,,,,,,,,,,,,,,,,,,,,,,,,,,,,fire,Left,0.0,0.0
2048,68267,,,,,,,,,,,,,,,,,,,,,,,,,,,,,,,fire,Left,0.0,0.0
2049,68300,,,,,,,,,,,,,,,,,,,,,,,,,,,,,,,fire,Left,0.0,0.0
2050,68333,,,,,,,,,,,,,,,,,,,,,,,,,,,,,,,fire,Left,0.0,0.0
2051,68367,,,,,,,,,,,,,,,,,,,,,,,,,,,,,,,,,0.0,0.0
2052,68400,,,,,,,,,,,,,,,,,,,,,,,,,,,,,,,,,0.0,0.0
2053,68433,,,,,,,,,,,,,,,,,,,,,,,,,,,,,,,,,0.0,0.0
2054,68467,,,,,,,,,,,,,,,,,,,,,,,,,,,,,,W,move_forward,,0.0,0.0
2055,68500,,,,,,,,,,,,,,,,,,,,,,,,,,,,,,W,move_forward|look,,93.0,0.0
2056,68533,,,,,,,,,,,,,,,,,,,,,,,,,,,,,,W,move_forward|look,,209.0,0.0
2057,68567,,,,,,,,,,,,,,,,,,,,,,,,,,,,,,W,move_forward|look,,204.0,0.0
2058,68600,,,,,,,,,,,,,,,,,,,,,,,,,,,,,,W,move_forward|look,,114.0,0.0
2059,68633,,,,,,,,,,,,,,,,,,,,,,,,,,,,,,W,move_forward|look,,52.0,0.0
2060,68667,,,,,,,,,,,,,,,,,,,,,,,,,,,,,,W,move_forward|look,,7.0,0.0
2061,68700,,,,,,,,,,,,,,,,,,,,,,,,,,,,,,W,move_forward,,0.0,0.0
2062,68733,,,,,,,,,,,,,,,,,,,,,,,,,,,,,,W,move_forward,,0.0,0.0
2063,68767,,,,,,,,,,,,,,,,,,,,,,,,,,,,,,W,move_forward,,0.0,0.0
2064,68800,,,,,,,,,,,,,,,,,,,,,,,,,,,,,,W,move_forward,,0.0,0.0
2065,68833,,,,,,,,,,,,,,,,,,,,,,,,,,,,,,W,move_forward,,0.0,0.0
2066,68867,,,,,,,,,,,,,,,,,,,,,,,,,,,,,,W,move_forward|look,,8.0,0.0
2067,68900,,,,,,,,,,,,,,,,,,,,,,,,,,,,,,W,move_forward|look,,55.0,0.0
2068,68933,,,,,,,,,,,,,,,,,,,,,,,,,,,,,,W,move_forward|look,,167.0,-7.0
2069,68967,,,,,,,,,,,,,,,,,,,,,,,,,,,,,,W,move_forward|look,,354.0,-30.0
2070,69000,,,,,,,,,,,,,,,,,,,,,,,,,,,,,,W,move_forward|look,,258.0,-24.0
2071,69033,,,,,,,,,,,,,,,,,,,,,,,,,,,,,,W,move_forward|look,,113.0,-14.0
2072,69067,,,,,,,,,,,,,,,,,,,,,,,,,,,,,,W,move_forward|look,,29.0,-6.0
2073,69100,,,,,,,,,,,,,,,,,,,,,,,,,,,,,,W,move_forward|look,,8.0,-3.0
2074,69133,,,,,,,,,,,,,,,,,,,,,,,,,,,,,,W,move_forward|look,,1.0,0.0
2075,69167,,,,,,,,,,,,,,,,,,,,,,,,,,,,,,W,move_forward|look,,-4.0,-5.0
2076,69200,,,,,,,,,,,,,,,,,,,,,,,,,,,,,,W,move_forward,,0.0,0.0
2077,69233,,,,,,,,,,,,,,,,,,,,,,,,,,,,,,W,move_forward,,0.0,0.0
2078,69267,,,,,,,,,,,,,,,,,,,,,,,,,,,,,,W,move_forward,,0.0,0.0
2079,69300,,,,,,,,,,,,,,,,,,,,,,,,,,,,,,W,move_forward,,0.0,0.0
2080,69333,,,,,,,,,,,,,,,,,,,,,,,,,,,,,,W,move_forward,,0.0,0.0
2081,69367,,,,,,,,,,,,,,,,,,,,,,,,,,,,,,W,move_forward,,0.0,0.0
2082,69400,,,,,,,,,,,,,,,,,,,,,,,,,,,,,,W,move_forward,,0.0,0.0
2083,69433,,,,,,,,,,,,,,,,,,,,,,,,,,,,,,W,move_forward|look,,-4.0,-7.0
2084,69467,,,,,,,,,,,,,,,,,,,,,,,,,,,,,,W,move_forward|look,,-4.0,-14.0
2085,69500,,,,,,,,,,,,,,,,,,,,,,,,,,,,,,W,move_forward|look,,0.0,-3.0
2086,69533,,,,,,,,,,,,,,,,,,,,,,,,,,,,,,W,move_forward|look,,0.0,-2.0
2087,69567,,,,,,,,,,,,,,,,,,,,,,,,,,,,,,W,move_forward|look,,0.0,-3.0
2088,69600,,,,,,,,,,,,,,,,,,,,,,,,,,,,,,W,move_forward|look,,0.0,-9.0
2089,69633,,,,,,,,,,,,,,,,,,,,,,,,,,,,,,W,move_forward|look,,-2.0,-12.0
2090,69667,,,,,,,,,,,,,,,,,,,,,,,,,,,,,,W,move_forward|look,,-25.0,-17.0
2091,69700,,,,,,,,,,,,,,,,,,,,,,,,,,,,,,W,move_forward|look,,-32.0,-16.0
2092,69733,,,,,,,,,,,,,,,,,,,,,,,,,,,,,,W,move_forward|look,,-22.0,-15.0
2093,69767,,,,,,,,,,,,,,,,,,,,,,,,,,,,,,W,move_forward|look,,-9.0,-7.0
2094,69800,,,,,,,,,,,,,,,,,,,,,,,,,,,,,,W,move_forward|look,,-3.0,-3.0
2095,69833,,,,,,,,,,,,,,,,,,,,,,,,,,,,,,W,move_forward,,0.0,0.0
2096,69867,,,,,,,,,,,,,,,,,,,,,,,,,,,,,,W,move_forward|fire,Left,0.0,0.0
2097,69900,,,,,,,,,,,,,,,,,,,,,,,,,,,,,,W,move_forward|fire,Left,0.0,0.0
2098,69933,,,,,,,,,,,,,,,,,,,,,,,,,,,,,,W,move_forward|fire,Left,0.0,0.0
2099,69967,,,,,,,,,,,,,,,,,,,,,,,,,,,,,,W,move_forward|fire,Left,0.0,0.0
2100,70000,,,,,,,,,,,,,,,,,,,,,,,,,,,,,,W,move_forward|fire,Left,0.0,0.0
2101,70033,,,,,,,,,,,,,,,,,,,,,,,,,,,,,,W,move_forward,,0.0,0.0
2102,70067,,,,,,,,,,,,,,,,,,,,,,,,,,,,,,W,move_forward,,0.0,0.0
2103,70100,,,,,,,,,,,,,,,,,,,,,,,,,,,,,,W,move_forward,,0.0,0.0
2104,70133,,,,,,,,,,,,,,,,,,,,,,,,,,,,,,W,move_forward,,0.0,0.0
2105,70167,,,,,,,,,,,,,,,,,,,,,,,,,,,,,,W,move_forward,,0.0,0.0
2106,70200,,,,,,,,,,,,,,,,,,,,,,,,,,,,,,W,move_forward,,0.0,0.0
2107,70233,,,,,,,,,,,,,,,,,,,,,,,,,,,,,,W,move_forward|fire,Left,0.0,0.0
2108,70267,,,,,,,,,,,,,,,,,,,,,,,,,,,,,,W,move_forward|fire,Left,0.0,0.0
2109,70300,,,,,,,,,,,,,,,,,,,,,,,,,,,,,,W,move_forward|fire,Left,0.0,0.0
2110,70333,,,,,,,,,,,,,,,,,,,,,,,,,,,,,,W,move_forward|fire,Left,0.0,0.0
2111,70367,,,,,,,,,,,,,,,,,,,,,,,,,,,,,,W,move_forward|fire,Left,0.0,0.0
2112,70400,,,,,,,,,,,,,,,,,,,,,,,,,,,,,,W,move_forward,,0.0,0.0
2113,70433,,,,,,,,,,,,,,,,,,,,,,,,,,,,,,W,move_forward,,0.0,0.0
2114,70467,,,,,,,,,,,,,,,,,,,,,,,,,,,,,,W,move_forward,,0.0,0.0
2115,70500,,,,,,,,,,,,,,,,,,,,,,,,,,,,,,W,move_forward,,0.0,0.0
2116,70533,,,,,,,,,,,,,,,,,,,,,,,,,,,,,,W,move_forward,,0.0,0.0
2117,70567,,,,,,,,,,,,,,,,,,,,,,,,,,,,,,W,move_forward|look,,-82.0,28.0
2118,70600,,,,,,,,,,,,,,,,,,,,,,,,,,,,,,W,move_forward|look,,-681.0,235.0
2119,70633,,,,,,,,,,,,,,,,,,,,,,,,,,,,,,W,move_forward|look,,-758.0,120.0
2120,70667,,,,,,,,,,,,,,,,,,,,,,,,,,,,,,,look,,-292.0,3.0
2121,70700,,,,,,,,,,,,,,,,,,,,,,,,,,,,,,,look,,-142.0,4.0
2122,70733,,,,,,,,,,,,,,,,,,,,,,,,,,,,,,,look,,-39.0,6.0
2123,70767,,,,,,,,,,,,,,,,,,,,,,,,,,,,,,,look,,-15.0,4.0
2124,70800,,,,,,,,,,,,,,,,,,,,,,,,,,,,,,,look,,-3.0,0.0
2125,70833,,,,,,,,,,,,,,,,,,,,,,,,,,,,,,,look,,-2.0,1.0
2126,70867,,,,,,,,,,,,,,,,,,,,,,,,,,,,,,W,move_forward,,0.0,0.0
2127,70900,,,,,,,,,,,,,,,,,,,,,,,,,,,,,,W,move_forward,,0.0,0.0
2128,70933,,,,,,,,,,,,,,,,,,,,,,,,,,,,,,W,move_forward,,0.0,0.0
2129,70967,,,,,,,,,,,,,,,,,,,,,,,,,,,,,,W,move_forward,,0.0,0.0
2130,71000,,,,,,,,,,,,,,,,,,,,,,,,,,,,,,W,move_forward,,0.0,0.0
2131,71033,,,,,,,,,,,,,,,,,,,,,,,,,,,,,,W,move_forward|look,,-70.0,7.0
2132,71067,,,,,,,,,,,,,,,,,,,,,,,,,,,,,,W,move_forward|look,,-301.0,8.0
2133,71100,,,,,,,,,,,,,,,,,,,,,,,,,,,,,,W,move_forward|look,,-527.0,0.0
2134,71133,,,,,,,,,,,,,,,,,,,,,,,,,,,,,,W,move_forward|look,,-181.0,-13.0
2135,71167,,,,,,,,,,,,,,,,,,,,,,,,,,,,,,W,move_forward|look,,-57.0,-7.0
2136,71200,,,,,,,,,,,,,,,,,,,,,,,,,,,,,,W,move_forward|look,,-6.0,-1.0
2137,71233,,,,,,,,,,,,,,,,,,,,,,,,,,,,,,W,move_forward|look,,-7.0,0.0
2138,71267,,,,,,,,,,,,,,,,,,,,,,,,,,,,,,W,move_forward|look,,-15.0,0.0
2139,71300,,,,,,,,,,,,,,,,,,,,,,,,,,,,,,W,move_forward|look,,-13.0,0.0
2140,71333,,,,,,,,,,,,,,,,,,,,,,,,,,,,,,W,move_forward|look,,-13.0,-2.0
2141,71367,,,,,,,,,,,,,,,,,,,,,,,,,,,,,,W,move_forward|look,,-7.0,-3.0
2142,71400,,,,,,,,,,,,,,,,,,,,,,,,,,,,,,W,move_forward|look,,0.0,-1.0
2143,71433,,,,,,,,,,,,,,,,,,,,,,,,,,,,,,W,move_forward|fire,Left,0.0,0.0
2144,71467,,,,,,,,,,,,,,,,,,,,,,,,,,,,,,W,move_forward|fire,Left,0.0,0.0
2145,71500,,,,,,,,,,,,,,,,,,,,,,,,,,,,,,W,move_forward|fire,Left,0.0,0.0
2146,71533,,,,,,,,,,,,,,,,,,,,,,,,,,,,,,W,move_forward|fire,Left,0.0,0.0
2147,71567,,,,,,,,,,,,,,,,,,,,,,,,,,,,,,W,move_forward|fire,Left,0.0,0.0
2148,71600,,,,,,,,,,,,,,,,,,,,,,,,,,,,,,W,move_forward|fire,Left,0.0,0.0
2149,71633,,,,,,,,,,,,,,,,,,,,,,,,,,,,,,W,move_forward|fire,Left,0.0,0.0
2150,71667,,,,,,,,,,,,,,,,,,,,,,,,,,,,,,W,move_forward|look,,11.0,0.0
2151,71700,,,,,,,,,,,,,,,,,,,,,,,,,,,,,,W,move_forward|look,,5.0,0.0
2152,71733,,,,,,,,,,,,,,,,,,,,,,,,,,,,,,W,move_forward|look,,12.0,0.0
2153,71767,,,,,,,,,,,,,,,,,,,,,,,,,,,,,,W,move_forward|look,,40.0,11.0
2154,71800,,,,,,,,,,,,,,,,,,,,,,,,,,,,,,W,move_forward|look,,59.0,20.0
2155,71833,,,,,,,,,,,,,,,,,,,,,,,,,,,,,,W,move_forward|look,,48.0,19.0
2156,71867,,,,,,,,,,,,,,,,,,,,,,,,,,,,,,W,move_forward|look,,26.0,15.0
2157,71900,,,,,,,,,,,,,,,,,,,,,,,,,,,,,,W,move_forward|look,,2.0,2.0
2158,71933,,,,,,,,,,,,,,,,,,,,,,,,,,,,,,W,move_forward|fire|look,Left,1.0,0.0
2159,71967,,,,,,,,,,,,,,,,,,,,,,,,,,,,,,W,move_forward|fire,Left,0.0,0.0
2160,72000,,,,,,,,,,,,,,,,,,,,,,,,,,,,,,W,move_forward|fire,Left,0.0,0.0
2161,72033,,,,,,,,,,,,,,,,,,,,,,,,,,,,,,W,move_forward|fire,Left,0.0,0.0
2162,72067,,,,,,,,,,,,,,,,,,,,,,,,,,,,,,W,move_forward|fire,Left,0.0,0.0
2163,72100,,,,,,,,,,,,,,,,,,,,,,,,,,,,,,W,move_forward|fire,Left,0.0,0.0
2164,72133,,,,,,,,,,,,,,,,,,,,,,,,,,,,,,W,move_forward|look,,2.0,0.0
2165,72167,,,,,,,,,,,,,,,,,,,,,,,,,,,,,,W,move_forward|look,,50.0,0.0
2166,72200,,,,,,,,,,,,,,,,,,,,,,,,,,,,,,W,move_forward|look,,106.0,0.0
2167,72233,,,,,,,,,,,,,,,,,,,,,,,,,,,,,,W,move_forward|look,,55.0,0.0
2168,72267,,,,,,,,,,,,,,,,,,,,,,,,,,,,,,W,move_forward|look,,20.0,0.0
2169,72300,,,,,,,,,,,,,,,,,,,,,,,,,,,,,,W,move_forward,,0.0,0.0
2170,72333,,,,,,,,,,,,,,,,,,,,,,,,,,,,,,W,move_forward,,0.0,0.0
2171,72367,,,,,,,,,,,,,,,,,,,,,,,,,,,,,,W,move_forward|look,,0.0,-3.0
2172,72400,,,,,,,,,,,,,,,,,,,,,,,,,,,,,,W,move_forward|fire|look,Left,0.0,-1.0
2173,72433,,,,,,,,,,,,,,,,,,,,,,,,,,,,,,W,move_forward|fire,Left,0.0,0.0
2174,72467,,,,,,,,,,,,,,,,,,,,,,,,,,,,,,W,move_forward|fire,Left,0.0,0.0
2175,72500,,,,,,,,,,,,,,,,,,,,,,,,,,,,,,W,move_forward|fire,Left,0.0,0.0
2176,72533,,,,,,,,,,,,,,,,,,,,,,,,,,,,,,W,move_forward|fire,Left,0.0,0.0
2177,72567,,,,,,,,,,,,,,,,,,,,,,,,,,,,,,W,move_forward|fire,Left,0.0,0.0
2178,72600,,,,,,,,,,,,,,,,,,,,,,,,,,,,,,W,move_forward|fire,Left,0.0,0.0
2179,72633,,,,,,,,,,,,,,,,,,,,,,,,,,,,,,W,move_forward,,0.0,0.0
2180,72667,,,,,,,,,,,,,,,,,,,,,,,,,,,,,,W,move_forward|look,,-26.0,0.0
2181,72700,,,,,,,,,,,,,,,,,,,,,,,,,,,,,,W,move_forward|look,,-119.0,24.0
2182,72733,,,,,,,,,,,,,,,,,,,,,,,,,,,,,,W,move_forward|look,,-382.0,24.0
2183,72767,,,,,,,,,,,,,,,,,,,,,,,,,,,,,,W,move_forward|look,,-259.0,-20.0
2184,72800,,,,,,,,,,,,,,,,,,,,,,,,,,,,,,W,move_forward|look,,-66.0,-21.0
2185,72833,,,,,,,,,,,,,,,,,,,,,,,,,,,,,,W,move_forward|look,,-1.0,-1.0
2186,72867,,,,,,,,,,,,,,,,,,,,,,,,,,,,,,W,move_forward|look,,8.0,0.0
2187,72900,,,,,,,,,,,,,,,,,,,,,,,,,,,,,,W,move_forward|look,,38.0,0.0
2188,72933,,,,,,,,,,,,,,,,,,,,,,,,,,,,,,W,move_forward|look,,81.0,0.0
2189,72967,,,,,,,,,,,,,,,,,,,,,,,,,,,,,,W,move_forward|look,,211.0,-30.0
2190,73000,,,,,,,,,,,,,,,,,,,,,,,,,,,,,,W,move_forward|look,,493.0,-91.0
2191,73033,,,,,,,,,,,,,,,,,,,,,,,,,,,,,,W,move_forward|look,,401.0,-33.0
2192,73067,,,,,,,,,,,,,,,,,,,,,,,,,,,,,,W,move_forward|look,,419.0,-18.0
2193,73100,,,,,,,,,,,,,,,,,,,,,,,,,,,,,,W,move_forward|look,,138.0,0.0
2194,73133,,,,,,,,,,,,,,,,,,,,,,,,,,,,,,W,move_forward|look,,54.0,0.0
2195,73167,,,,,,,,,,,,,,,,,,,,,,,,,,,,,,W,move_forward|look,,5.0,0.0
2196,73200,,,,,,,,,,,,,,,,,,,,,,,,,,,,,,W,move_forward,,0.0,0.0
2197,73233,,,,,,,,,,,,,,,,,,,,,,,,,,,,,,W,move_forward|look,,-10.0,-6.0
2198,73267,,,,,,,,,,,,,,,,,,,,,,,,,,,,,,W,move_forward|look,,-52.0,-15.0
2199,73300,,,,,,,,,,,,,,,,,,,,,,,,,,,,,,W,move_forward|look,,-48.0,-11.0
2200,73333,,,,,,,,,,,,,,,,,,,,,,,,,,,,,,W,move_forward|look,,-28.0,-5.0
2201,73367,,,,,,,,,,,,,,,,,,,,,,,,,,,,,,W,move_forward|look,,-13.0,-4.0
2202,73400,,,,,,,,,,,,,,,,,,,,,,,,,,,,,,W,move_forward|look,,-14.0,-4.0
2203,73433,,,,,,,,,,,,,,,,,,,,,,,,,,,,,,W,move_forward|look,,-29.0,-6.0
2204,73467,,,,,,,,,,,,,,,,,,,,,,,,,,,,,,W,move_forward|look,,-32.0,-9.0
2205,73500,,,,,,,,,,,,,,,,,,,,,,,,,,,,,,W,move_forward|look,,-23.0,-9.0
2206,73533,,,,,,,,,,,,,,,,,,,,,,,,,,,,,,W,move_forward|look,,-2.0,0.0
2207,73567,,,,,,,,,,,,,,,,,,,,,,,,,,,,,,W,move_forward|look,,0.0,-1.0
2208,73600,,,,,,,,,,,,,,,,,,,,,,,,,,,,,,W,move_forward,,0.0,0.0
2209,73633,,,,,,,,,,,,,,,,,,,,,,,,,,,,,,W,move_forward|look,,1.0,0.0
2210,73667,,,,,,,,,,,,,,,,,,,,,,,,,,,,,,W,move_forward|look,,4.0,3.0
2211,73700,,,,,,,,,,,,,,,,,,,,,,,,,,,,,,W,move_forward|look,,2.0,1.0
2212,73733,,,,,,,,,,,,,,,,,,,,,,,,,,,,,,W,move_forward|look,,1.0,0.0
2213,73767,,,,,,,,,,,,,,,,,,,,,,,,,,,,,,,,,0.0,0.0
2214,73800,,,,,,,,,,,,,,,,,,,,,,,,,,,,,,,,,0.0,0.0
2215,73833,,,,,,,,,,,,,,,,,,,,,,,,,,,,,,,,,0.0,0.0
2216,73867,,,,,,,,,,,,,,,,,,,,,,,,,,,,,,,,,0.0,0.0
2217,73900,,,,,,,,,,,,,,,,,,,,,,,,,,,,,,,,,0.0,0.0
2218,73933,,,,,,,,,,,,,,,,,,,,,,,,,,,,,,,,,0.0,0.0
2219,73967,,,,,,,,,,,,,,,,,,,,,,,,,,,,,,,,,0.0,0.0
2220,74000,,,,,,,,,,,,,,,,,,,,,,,,,,,,,,,,,0.0,0.0
2221,74033,,,,,,,,,,,,,,,,,,,,,,,,,,,,,,,look,,0.0,-1.0
2222,74067,,,,,,,,,,,,,,,,,,,,,,,,,,,,,,,look,,0.0,-1.0
2223,74100,,,,,,,,,,,,,,,,,,,,,,,,,,,,,,,,,0.0,0.0
2224,74133,,,,,,,,,,,,,,,,,,,,,,,,,,,,,,,,,0.0,0.0
2225,74167,,,,,,,,,,,,,,,,,,,,,,,,,,,,,,,,,0.0,0.0
2226,74200,,,,,,,,,,,,,,,,,,,,,,,,,,,,,,,,,0.0,0.0
2227,74233,,,,,,,,,,,,,,,,,,,,,,,,,,,,,,,,,0.0,0.0
2228,74267,,,,,,,,,,,,,,,,,,,,,,,,,,,,,,,,,0.0,0.0
2229,74300,,,,,,,,,,,,,,,,,,,,,,,,,,,,,,,,,0.0,0.0
2230,74333,,,,,,,,,,,,,,,,,,,,,,,,,,,,,,,,,0.0,0.0
2231,74367,,,,,,,,,,,,,,,,,,,,,,,,,,,,,,,,,0.0,0.0
2232,74400,,,,,,,,,,,,,,,,,,,,,,,,,,,,,,,,,0.0,0.0
2233,74433,,,,,,,,,,,,,,,,,,,,,,,,,,,,,,,,,0.0,0.0
2234,74467,,,,,,,,,,,,,,,,,,,,,,,,,,,,,,,,,0.0,0.0
2235,74500,,,,,,,,,,,,,,,,,,,,,,,,,,,,,,,,,0.0,0.0
2236,74533,,,,,,,,,,,,,,,,,,,,,,,,,,,,,,,,,0.0,0.0
2237,74567,,,,,,,,,,,,,,,,,,,,,,,,,,,,,,,,,0.0,0.0
2238,74600,,,,,,,,,,,,,,,,,,,,,,,,,,,,,,,,,0.0,0.0
2239,74633,,,,,,,,,,,,,,,,,,,,,,,,,,,,,,,,,0.0,0.0
2240,74667,,,,,,,,,,,,,,,,,,,,,,,,,,,,,,,,,0.0,0.0
2241,74700,,,,,,,,,,,,,,,,,,,,,,,,,,,,,,,,,0.0,0.0
2242,74733,,,,,,,,,,,,,,,,,,,,,,,,,,,,,,,,,0.0,0.0
2243,74767,,,,,,,,,,,,,,,,,,,,,,,,,,,,,,,,,0.0,0.0
2244,74800,,,,,,,,,,,,,,,,,,,,,,,,,,,,,,,,,0.0,0.0
2245,74833,,,,,,,,,,,,,,,,,,,,,,,,,,,,,,,,,0.0,0.0
2246,74867,,,,,,,,,,,,,,,,,,,,,,,,,,,,,,,,,0.0,0.0
2247,74900,,,,,,,,,,,,,,,,,,,,,,,,,,,,,,,,,0.0,0.0
2248,74933,,,,,,,,,,,,,,,,,,,,,,,,,,,,,,,,,0.0,0.0
2249,74967,,,,,,,,,,,,,,,,,,,,,,,,,,,,,,Space,jump,,0.0,0.0
2250,75000,,,,,,,,,,,,,,,,,,,,,,,,,,,,,,Space,jump,,0.0,0.0
2251,75033,,,,,,,,,,,,,,,,,,,,,,,,,,,,,,Space,jump,,0.0,0.0
2252,75067,,,,,,,,,,,,,,,,,,,,,,,,,,,,,,Space,jump,,0.0,0.0
2253,75100,,,,,,,,,,,,,,,,,,,,,,,,,,,,,,Space,jump,,0.0,0.0
2254,75133,,,,,,,,,,,,,,,,,,,,,,,,,,,,,,,,,0.0,0.0
2255,75167,,,,,,,,,,,,,,,,,,,,,,,,,,,,,,,,,0.0,0.0
2256,75200,,,,,,,,,,,,,,,,,,,,,,,,,,,,,,,look,,-1.0,7.0
2257,75233,,,,,,,,,,,,,,,,,,,,,,,,,,,,,,,look,,-61.0,102.0
2258,75267,,,,,,,,,,,,,,,,,,,,,,,,,,,,,,,look,,-221.0,222.0
2259,75300,,,,,,,,,,,,,,,,,,,,,,,,,,,,,,,look,,-284.0,200.0
2260,75333,,,,,,,,,,,,,,,,,,,,,,,,,,,,,,,look,,-186.0,65.0
2261,75367,,,,,,,,,,,,,,,,,,,,,,,,,,,,,,,look,,-97.0,-11.0
2262,75400,,,,,,,,,,,,,,,,,,,,,,,,,,,,,,,look,,-37.0,-58.0
2263,75433,,,,,,,,,,,,,,,,,,,,,,,,,,,,,,,look,,-8.0,-57.0
2264,75467,,,,,,,,,,,,,,,,,,,,,,,,,,,,,,,look,,36.0,-53.0
2265,75500,,,,,,,,,,,,,,,,,,,,,,,,,,,,,,,look,,255.0,-129.0
2266,75533,,,,,,,,,,,,,,,,,,,,,,,,,,,,,,,look,,273.0,-76.0
2267,75567,,,,,,,,,,,,,,,,,,,,,,,,,,,,,,,look,,276.0,-25.0
2268,75600,,,,,,,,,,,,,,,,,,,,,,,,,,,,,,,look,,153.0,0.0
2269,75633,,,,,,,,,,,,,,,,,,,,,,,,,,,,,,,look,,74.0,8.0
2270,75667,,,,,,,,,,,,,,,,,,,,,,,,,,,,,,,look,,34.0,11.0
2271,75700,,,,,,,,,,,,,,,,,,,,,,,,,,,,,,,look,,13.0,9.0
2272,75733,,,,,,,,,,,,,,,,,,,,,,,,,,,,,,,look,,6.0,10.0
2273,75767,,,,,,,,,,,,,,,,,,,,,,,,,,,,,,,look,,3.0,4.0
2274,75800,,,,,,,,,,,,,,,,,,,,,,,,,,,,,,,look,,1.0,1.0
2275,75833,,,,,,,,,,,,,,,,,,,,,,,,,,,,,,,look,,1.0,0.0
2276,75867,,,,,,,,,,,,,,,,,,,,,,,,,,,,,,,look,,2.0,0.0
2277,75900,,,,,,,,,,,,,,,,,,,,,,,,,,,,,,,look,,15.0,-4.0
2278,75933,,,,,,,,,,,,,,,,,,,,,,,,,,,,,,,look,,33.0,-2.0
2279,75967,,,,,,,,,,,,,,,,,,,,,,,,,,,,,,,look,,29.0,4.0
2280,76000,,,,,,,,,,,,,,,,,,,,,,,,,,,,,,,look,,18.0,19.0
2281,76033,,,,,,,,,,,,,,,,,,,,,,,,,,,,,,,look,,2.0,6.0
2282,76067,,,,,,,,,,,,,,,,,,,,,,,,,,,,,,,look,,0.0,1.0
2283,76100,,,,,,,,,,,,,,,,,,,,,,,,,,,,,,,look,,-4.0,1.0
2284,76133,,,,,,,,,,,,,,,,,,,,,,,,,,,,,,,look,,-21.0,3.0
2285,76167,,,,,,,,,,,,,,,,,,,,,,,,,,,,,,,look,,-15.0,0.0
2286,76200,,,,,,,,,,,,,,,,,,,,,,,,,,,,,,W,move_forward|look,,-4.0,0.0
2287,76233,,,,,,,,,,,,,,,,,,,,,,,,,,,,,,W,move_forward,,0.0,0.0
2288,76267,,,,,,,,,,,,,,,,,,,,,,,,,,,,,,W,move_forward|fire,Left,0.0,0.0
2289,76300,,,,,,,,,,,,,,,,,,,,,,,,,,,,,,W,move_forward|fire,Left,0.0,0.0
2290,76333,,,,,,,,,,,,,,,,,,,,,,,,,,,,,,W,move_forward|fire,Left,0.0,0.0
2291,76367,,,,,,,,,,,,,,,,,,,,,,,,,,,,,,W,move_forward|fire,Left,0.0,0.0
2292,76400,,,,,,,,,,,,,,,,,,,,,,,,,,,,,,W,move_forward|fire,Left,0.0,0.0
2293,76433,,,,,,,,,,,,,,,,,,,,,,,,,,,,,,W,move_forward,,0.0,0.0
2294,76467,,,,,,,,,,,,,,,,,,,,,,,,,,,,,,,,,0.0,0.0
2295,76500,,,,,,,,,,,,,,,,,,,,,,,,,,,,,,,,,0.0,0.0
2296,76533,,,,,,,,,,,,,,,,,,,,,,,,,,,,,,,,,0.0,0.0
2297,76567,,,,,,,,,,,,,,,,,,,,,,,,,,,,,,,look,,-9.0,-4.0
2298,76600,,,,,,,,,,,,,,,,,,,,,,,,,,,,,,,look,,1.0,-2.0
2299,76633,,,,,,,,,,,,,,,,,,,,,,,,,,,,,,,look,,70.0,-4.0
2300,76667,,,,,,,,,,,,,,,,,,,,,,,,,,,,,,,look,,199.0,0.0
2301,76700,,,,,,,,,,,,,,,,,,,,,,,,,,,,,,,look,,204.0,0.0
2302,76733,,,,,,,,,,,,,,,,,,,,,,,,,,,,,,,look,,133.0,12.0
2303,76767,,,,,,,,,,,,,,,,,,,,,,,,,,,,,,,look,,28.0,8.0
2304,76800,,,,,,,,,,,,,,,,,,,,,,,,,,,,,,,look,,4.0,2.0
2305,76833,,,,,,,,,,,,,,,,,,,,,,,,,,,,,,,,,0.0,0.0
2306,76867,,,,,,,,,,,,,,,,,,,,,,,,,,,,,,,fire,Left,0.0,0.0
2307,76900,,,,,,,,,,,,,,,,,,,,,,,,,,,,,,W,move_forward|fire,Left,0.0,0.0
2308,76933,,,,,,,,,,,,,,,,,,,,,,,,,,,,,,W,move_forward|fire,Left,0.0,0.0
2309,76967,,,,,,,,,,,,,,,,,,,,,,,,,,,,,,W,move_forward|fire,Left,0.0,0.0
2310,77000,,,,,,,,,,,,,,,,,,,,,,,,,,,,,,W,move_forward|fire,Left,0.0,0.0
2311,77033,,,,,,,,,,,,,,,,,,,,,,,,,,,,,,W,move_forward|fire|look,Left,1.0,0.0
2312,77067,,,,,,,,,,,,,,,,,,,,,,,,,,,,,,W,move_forward|fire|look,Left,26.0,0.0
2313,77100,,,,,,,,,,,,,,,,,,,,,,,,,,,,,,W,move_forward|look,,48.0,0.0
2314,77133,,,,,,,,,,,,,,,,,,,,,,,,,,,,,,W,move_forward|look,,108.0,0.0
2315,77167,,,,,,,,,,,,,,,,,,,,,,,,,,,,,,W,move_forward|look,,93.0,0.0
2316,77200,,,,,,,,,,,,,,,,,,,,,,,,,,,,,,,look,,61.0,0.0
2317,77233,,,,,,,,,,,,,,,,,,,,,,,,,,,,,,,,,0.0,0.0
2318,77267,,,,,,,,,,,,,,,,,,,,,,,,,,,,,,,,,0.0,0.0
2319,77300,,,,,,,,,,,,,,,,,,,,,,,,,,,,,,,,,0.0,0.0
2320,77333,,,,,,,,,,,,,,,,,,,,,,,,,,,,,,,,,0.0,0.0
2321,77367,,,,,,,,,,,,,,,,,,,,,,,,,,,,,,,,,0.0,0.0
2322,77400,,,,,,,,,,,,,,,,,,,,,,,,,,,,,,,,,0.0,0.0
2323,77433,,,,,,,,,,,,,,,,,,,,,,,,,,,,,,,look,,16.0,0.0
2324,77467,,,,,,,,,,,,,,,,,,,,,,,,,,,,,,,look,,190.0,-10.0
2325,77500,,,,,,,,,,,,,,,,,,,,,,,,,,,,,,,look,,655.0,0.0
2326,77533,,,,,,,,,,,,,,,,,,,,,,,,,,,,,,,look,,503.0,26.0
2327,77567,,,,,,,,,,,,,,,,,,,,,,,,,,,,,,,look,,253.0,9.0
2328,77600,,,,,,,,,,,,,,,,,,,,,,,,,,,,,,,look,,61.0,0.0
2329,77633,,,,,,,,,,,,,,,,,,,,,,,,,,,,,,,look,,16.0,0.0
2330,77667,,,,,,,,,,,,,,,,,,,,,,,,,,,,,,,look,,11.0,-1.0
2331,77700,,,,,,,,,,,,,,,,,,,,,,,,,,,,,,,look,,10.0,-5.0
2332,77733,,,,,,,,,,,,,,,,,,,,,,,,,,,,,,,look,,10.0,-5.0
2333,77767,,,,,,,,,,,,,,,,,,,,,,,,,,,,,,,look,,3.0,-1.0
2334,77800,,,,,,,,,,,,,,,,,,,,,,,,,,,,,,,look,,1.0,0.0
2335,77833,,,,,,,,,,,,,,,,,,,,,,,,,,,,,,,look,,1.0,-1.0
2336,77867,,,,,,,,,,,,,,,,,,,,,,,,,,,,,,,look,,1.0,0.0
2337,77900,,,,,,,,,,,,,,,,,,,,,,,,,,,,,,,look,,0.0,-1.0
2338,77933,,,,,,,,,,,,,,,,,,,,,,,,,,,,,,,,,0.0,0.0
2339,77967,,,,,,,,,,,,,,,,,,,,,,,,,,,,,,,,,0.0,0.0
2340,78000,,,,,,,,,,,,,,,,,,,,,,,,,,,,,,,,,0.0,0.0
2341,78033,,,,,,,,,,,,,,,,,,,,,,,,,,,,,,,,,0.0,0.0
2342,78067,,,,,,,,,,,,,,,,,,,,,,,,,,,,,,,,,0.0,0.0
2343,78100,,,,,,,,,,,,,,,,,,,,,,,,,,,,,,,,,0.0,0.0
2344,78133,,,,,,,,,,,,,,,,,,,,,,,,,,,,,,,look,,-6.0,-12.0
2345,78167,,,,,,,,,,,,,,,,,,,,,,,,,,,,,,,look,,-29.0,-42.0
2346,78200,,,,,,,,,,,,,,,,,,,,,,,,,,,,,,,look,,-73.0,-108.0
2347,78233,,,,,,,,,,,,,,,,,,,,,,,,,,,,,,,look,,-83.0,-84.0
2348,78267,,,,,,,,,,,,,,,,,,,,,,,,,,,,,,,look,,-113.0,-14.0
2349,78300,,,,,,,,,,,,,,,,,,,,,,,,,,,,,,,look,,-177.0,37.0
2350,78333,,,,,,,,,,,,,,,,,,,,,,,,,,,,,,,look,,-166.0,25.0
2351,78367,,,,,,,,,,,,,,,,,,,,,,,,,,,,,,,look,,-95.0,6.0
2352,78400,,,,,,,,,,,,,,,,,,,,,,,,,,,,,,,look,,-22.0,3.0
2353,78433,,,,,,,,,,,,,,,,,,,,,,,,,,,,,,,look,,-1.0,2.0
2354,78467,,,,,,,,,,,,,,,,,,,,,,,,,,,,,,,look,,2.0,7.0
2355,78500,,,,,,,,,,,,,,,,,,,,,,,,,,,,,,,look,,16.0,19.0
2356,78533,,,,,,,,,,,,,,,,,,,,,,,,,,,,,,,look,,12.0,19.0
2357,78567,,,,,,,,,,,,,,,,,,,,,,,,,,,,,,,look,,9.0,16.0
2358,78600,,,,,,,,,,,,,,,,,,,,,,,,,,,,,,,look,,3.0,12.0
2359,78633,,,,,,,,,,,,,,,,,,,,,,,,,,,,,,,look,,1.0,5.0
2360,78667,,,,,,,,,,,,,,,,,,,,,,,,,,,,,,,look,,0.0,10.0
2361,78700,,,,,,,,,,,,,,,,,,,,,,,,,,,,,,,look,,0.0,18.0
2362,78733,,,,,,,,,,,,,,,,,,,,,,,,,,,,,,,look,,-24.0,30.0
2363,78767,,,,,,,,,,,,,,,,,,,,,,,,,,,,,,,look,,-25.0,8.0
2364,78800,,,,,,,,,,,,,,,,,,,,,,,,,,,,,,,look,,-22.0,-3.0
2365,78833,,,,,,,,,,,,,,,,,,,,,,,,,,,,,,,look,,-3.0,-18.0
2366,78867,,,,,,,,,,,,,,,,,,,,,,,,,,,,,,,look,,0.0,-13.0
2367,78900,,,,,,,,,,,,,,,,,,,,,,,,,,,,,,,look,,5.0,-22.0
2368,78933,,,,,,,,,,,,,,,,,,,,,,,,,,,,,,,look,,18.0,-45.0
2369,78967,,,,,,,,,,,,,,,,,,,,,,,,,,,,,,W,move_forward|look,,19.0,-60.0
2370,79000,,,,,,,,,,,,,,,,,,,,,,,,,,,,,,W,move_forward|look,,11.0,-58.0
2371,79033,,,,,,,,,,,,,,,,,,,,,,,,,,,,,,W,move_forward|look,,4.0,-32.0
2372,79067,,,,,,,,,,,,,,,,,,,,,,,,,,,,,,W,move_forward|look,,2.0,-27.0
2373,79100,,,,,,,,,,,,,,,,,,,,,,,,,,,,,,W,move_forward|look,,0.0,-8.0
2374,79133,,,,,,,,,,,,,,,,,,,,,,,,,,,,,,W,move_forward|look,,0.0,-1.0
2375,79167,,,,,,,,,,,,,,,,,,,,,,,,,,,,,,W,move_forward,,0.0,0.0
2376,79200,,,,,,,,,,,,,,,,,,,,,,,,,,,,,,W,move_forward,,0.0,0.0
2377,79233,,,,,,,,,,,,,,,,,,,,,,,,,,,,,,W,move_forward,,0.0,0.0
2378,79267,,,,,,,,,,,,,,,,,,,,,,,,,,,,,,W,move_forward,,0.0,0.0
2379,79300,,,,,,,,,,,,,,,,,,,,,,,,,,,,,,W,move_forward,,0.0,0.0
2380,79333,,,,,,,,,,,,,,,,,,,,,,,,,,,,,,W,move_forward|look,,-2.0,5.0
2381,79367,,,,,,,,,,,,,,,,,,,,,,,,,,,,,,W,move_forward|look,,-41.0,54.0
2382,79400,,,,,,,,,,,,,,,,,,,,,,,,,,,,,,W,move_forward|look,,-81.0,98.0
2383,79433,,,,,,,,,,,,,,,,,,,,,,,,,,,,,,W,move_forward|look,,-51.0,85.0
2384,79467,,,,,,,,,,,,,,,,,,,,,,,,,,,,,,W,move_forward|look,,-11.0,53.0
2385,79500,,,,,,,,,,,,,,,,,,,,,,,,,,,,,,W,move_forward|look,,2.0,54.0
2386,79533,,,,,,,,,,,,,,,,,,,,,,,,,,,,,,W,move_forward|look,,17.0,34.0
2387,79567,,,,,,,,,,,,,,,,,,,,,,,,,,,,,,,look,,16.0,22.0
2388,79600,,,,,,,,,,,,,,,,,,,,,,,,,,,,,,,look,,15.0,13.0
2389,79633,,,,,,,,,,,,,,,,,,,,,,,,,,,,,,,look,,10.0,8.0
2390,79667,,,,,,,,,,,,,,,,,,,,,,,,,,,,,,,look,,4.0,2.0
2391,79700,,,,,,,,,,,,,,,,,,,,,,,,,,,,,,,look,,8.0,-7.0
2392,79733,,,,,,,,,,,,,,,,,,,,,,,,,,,,,,,look,,16.0,-22.0
2393,79767,,,,,,,,,,,,,,,,,,,,,,,,,,,,,,,look,,12.0,-14.0
2394,79800,,,,,,,,,,,,,,,,,,,,,,,,,,,,,,,look,,9.0,-8.0
2395,79833,,,,,,,,,,,,,,,,,,,,,,,,,,,,,,,look,,11.0,-5.0
2396,79867,,,,,,,,,,,,,,,,,,,,,,,,,,,,,,,look,,35.0,-5.0
2397,79900,,,,,,,,,,,,,,,,,,,,,,,,,,,,,,,look,,68.0,0.0
2398,79933,,,,,,,,,,,,,,,,,,,,,,,,,,,,,,,look,,74.0,0.0
2399,79967,,,,,,,,,,,,,,,,,,,,,,,,,,,,,,,look,,42.0,6.0
2400,80000,,,,,,,,,,,,,,,,,,,,,,,,,,,,,,,look,,14.0,3.0
2401,80033,,,,,,,,,,,,,,,,,,,,,,,,,,,,,,,look,,1.0,0.0
2402,80067,,,,,,,,,,,,,,,,,,,,,,,,,,,,,,,,,0.0,0.0
2403,80100,,,,,,,,,,,,,,,,,,,,,,,,,,,,,,,look,,-14.0,0.0
2404,80133,,,,,,,,,,,,,,,,,,,,,,,,,,,,,,,look,,-19.0,-4.0
2405,80167,,,,,,,,,,,,,,,,,,,,,,,,,,,,,,,look,,-15.0,-2.0
2406,80200,,,,,,,,,,,,,,,,,,,,,,,,,,,,,,,look,,-22.0,0.0
2407,80233,,,,,,,,,,,,,,,,,,,,,,,,,,,,,,,look,,-28.0,0.0
2408,80267,,,,,,,,,,,,,,,,,,,,,,,,,,,,,,,fire|look,Left,-7.0,0.0
2409,80300,,,,,,,,,,,,,,,,,,,,,,,,,,,,,,,fire|look,Left,-1.0,0.0
2410,80333,,,,,,,,,,,,,,,,,,,,,,,,,,,,,,,fire,Left,0.0,0.0
2411,80367,,,,,,,,,,,,,,,,,,,,,,,,,,,,,,,fire,Left,0.0,0.0
2412,80400,,,,,,,,,,,,,,,,,,,,,,,,,,,,,,,fire,Left,0.0,0.0
2413,80433,,,,,,,,,,,,,,,,,,,,,,,,,,,,,,,fire,Left,0.0,0.0
2414,80467,,,,,,,,,,,,,,,,,,,,,,,,,,,,,,,,,0.0,0.0
2415,80500,,,,,,,,,,,,,,,,,,,,,,,,,,,,,,,,,0.0,0.0
2416,80533,,,,,,,,,,,,,,,,,,,,,,,,,,,,,,,,,0.0,0.0
2417,80567,,,,,,,,,,,,,,,,,,,,,,,,,,,,,,,,,0.0,0.0
2418,80600,,,,,,,,,,,,,,,,,,,,,,,,,,,,,,,,,0.0,0.0
2419,80633,,,,,,,,,,,,,,,,,,,,,,,,,,,,,,,,,0.0,0.0
2420,80667,,,,,,,,,,,,,,,,,,,,,,,,,,,,,,,,,0.0,0.0
2421,80700,,,,,,,,,,,,,,,,,,,,,,,,,,,,,,,,,0.0,0.0
2422,80733,,,,,,,,,,,,,,,,,,,,,,,,,,,,,,W,move_forward|look,,0.0,-2.0
2423,80767,,,,,,,,,,,,,,,,,,,,,,,,,,,,,,W,move_forward|look,,-5.0,-9.0
2424,80800,,,,,,,,,,,,,,,,,,,,,,,,,,,,,,W,move_forward|look,,-5.0,-9.0
2425,80833,,,,,,,,,,,,,,,,,,,,,,,,,,,,,,W,move_forward|look,,-5.0,-12.0
2426,80867,,,,,,,,,,,,,,,,,,,,,,,,,,,,,,W,move_forward|look,,0.0,-6.0
2427,80900,,,,,,,,,,,,,,,,,,,,,,,,,,,,,,W,move_forward|look,,0.0,-3.0
2428,80933,,,,,,,,,,,,,,,,,,,,,,,,,,,,,,W,move_forward|look,,0.0,-2.0
2429,80967,,,,,,,,,,,,,,,,,,,,,,,,,,,,,,W,move_forward,,0.0,0.0
2430,81000,,,,,,,,,,,,,,,,,,,,,,,,,,,,,,W,move_forward,,0.0,0.0
2431,81033,,,,,,,,,,,,,,,,,,,,,,,,,,,,,,W,move_forward,,0.0,0.0
2432,81067,,,,,,,,,,,,,,,,,,,,,,,,,,,,,,W,move_forward|look,,4.0,0.0
2433,81100,,,,,,,,,,,,,,,,,,,,,,,,,,,,,,W,move_forward|look,,9.0,0.0
2434,81133,,,,,,,,,,,,,,,,,,,,,,,,,,,,,,W,move_forward|look,,31.0,6.0
2435,81167,,,,,,,,,,,,,,,,,,,,,,,,,,,,,,W,move_forward|look,,104.0,31.0
2436,81200,,,,,,,,,,,,,,,,,,,,,,,,,,,,,,W,move_forward|look,,101.0,43.0
2437,81233,,,,,,,,,,,,,,,,,,,,,,,,,,,,,,W,move_forward|look,,133.0,63.0
2438,81267,,,,,,,,,,,,,,,,,,,,,,,,,,,,,,,look,,72.0,35.0
2439,81300,,,,,,,,,,,,,,,,,,,,,,,,,,,,,,,look,,25.0,13.0
2440,81333,,,,,,,,,,,,,,,,,,,,,,,,,,,,,,,look,,3.0,2.0
2441,81367,,,,,,,,,,,,,,,,,,,,,,,,,,,,,,,fire,Left,0.0,0.0
2442,81400,,,,,,,,,,,,,,,,,,,,,,,,,,,,,,,fire,Left,0.0,0.0
2443,81433,,,,,,,,,,,,,,,,,,,,,,,,,,,,,,,fire,Left,0.0,0.0
2444,81467,,,,,,,,,,,,,,,,,,,,,,,,,,,,,,,fire,Left,0.0,0.0
2445,81500,,,,,,,,,,,,,,,,,,,,,,,,,,,,,,,fire,Left,0.0,0.0
2446,81533,,,,,,,,,,,,,,,,,,,,,,,,,,,,,,,fire,Left,0.0,0.0
2447,81567,,,,,,,,,,,,,,,,,,,,,,,,,,,,,,,,,0.0,0.0
2448,81600,,,,,,,,,,,,,,,,,,,,,,,,,,,,,,,,,0.0,0.0
2449,81633,,,,,,,,,,,,,,,,,,,,,,,,,,,,,,,,,0.0,0.0
2450,81667,,,,,,,,,,,,,,,,,,,,,,,,,,,,,,,,,0.0,0.0
2451,81700,,,,,,,,,,,,,,,,,,,,,,,,,,,,,,,,,0.0,0.0
2452,81733,,,,,,,,,,,,,,,,,,,,,,,,,,,,,,,,,0.0,0.0
2453,81767,,,,,,,,,,,,,,,,,,,,,,,,,,,,,,,,,0.0,0.0
2454,81800,,,,,,,,,,,,,,,,,,,,,,,,,,,,,,,,,0.0,0.0
2455,81833,,,,,,,,,,,,,,,,,,,,,,,,,,,,,,,,,0.0,0.0
2456,81867,,,,,,,,,,,,,,,,,,,,,,,,,,,,,,,look,,-4.0,-2.0
2457,81900,,,,,,,,,,,,,,,,,,,,,,,,,,,,,,,look,,-25.0,-12.0
2458,81933,,,,,,,,,,,,,,,,,,,,,,,,,,,,,,,look,,-61.0,-27.0
2459,81967,,,,,,,,,,,,,,,,,,,,,,,,,,,,,,,look,,-73.0,-41.0
2460,82000,,,,,,,,,,,,,,,,,,,,,,,,,,,,,,,look,,-25.0,-14.0
2461,82033,,,,,,,,,,,,,,,,,,,,,,,,,,,,,,,look,,-1.0,-1.0
2462,82067,,,,,,,,,,,,,,,,,,,,,,,,,,,,,,W,move_forward,,0.0,0.0
2463,82100,,,,,,,,,,,,,,,,,,,,,,,,,,,,,,W,move_forward,,0.0,0.0
2464,82133,,,,,,,,,,,,,,,,,,,,,,,,,,,,,,W,move_forward|look,,3.0,0.0
2465,82167,,,,,,,,,,,,,,,,,,,,,,,,,,,,,,W,move_forward|look,,10.0,0.0
2466,82200,,,,,,,,,,,,,,,,,,,,,,,,,,,,,,W,move_forward|look,,6.0,0.0
2467,82233,,,,,,,,,,,,,,,,,,,,,,,,,,,,,,W,move_forward|fire,Left,0.0,0.0
2468,82267,,,,,,,,,,,,,,,,,,,,,,,,,,,,,,W,move_forward|fire,Left,0.0,0.0
2469,82300,,,,,,,,,,,,,,,,,,,,,,,,,,,,,,W,move_forward|fire,Left,0.0,0.0
2470,82333,,,,,,,,,,,,,,,,,,,,,,,,,,,,,,W,move_forward|fire,Left,0.0,0.0
2471,82367,,,,,,,,,,,,,,,,,,,,,,,,,,,,,,W,move_forward|fire,Left,0.0,0.0
2472,82400,,,,,,,,,,,,,,,,,,,,,,,,,,,,,,W,move_forward,,0.0,0.0
2473,82433,,,,,,,,,,,,,,,,,,,,,,,,,,,,,,W,move_forward,,0.0,0.0
2474,82467,,,,,,,,,,,,,,,,,,,,,,,,,,,,,,W,move_forward,,0.0,0.0
2475,82500,,,,,,,,,,,,,,,,,,,,,,,,,,,,,,W,move_forward,,0.0,0.0
2476,82533,,,,,,,,,,,,,,,,,,,,,,,,,,,,,,W,move_forward,,0.0,0.0
2477,82567,,,,,,,,,,,,,,,,,,,,,,,,,,,,,,W,move_forward,,0.0,0.0
2478,82600,,,,,,,,,,,,,,,,,,,,,,,,,,,,,,W,move_forward,,0.0,0.0
2479,82633,,,,,,,,,,,,,,,,,,,,,,,,,,,,,,W,move_forward,,0.0,0.0
2480,82667,,,,,,,,,,,,,,,,,,,,,,,,,,,,,,W,move_forward,,0.0,0.0
2481,82700,,,,,,,,,,,,,,,,,,,,,,,,,,,,,,W,move_forward,,0.0,0.0
2482,82733,,,,,,,,,,,,,,,,,,,,,,,,,,,,,,W,move_forward|fire,Left,0.0,0.0
2483,82767,,,,,,,,,,,,,,,,,,,,,,,,,,,,,,W,move_forward|fire,Left,0.0,0.0
2484,82800,,,,,,,,,,,,,,,,,,,,,,,,,,,,,,W,move_forward|fire,Left,0.0,0.0
2485,82833,,,,,,,,,,,,,,,,,,,,,,,,,,,,,,W,move_forward|fire,Left,0.0,0.0
2486,82867,,,,,,,,,,,,,,,,,,,,,,,,,,,,,,W,move_forward,,0.0,0.0
2487,82900,,,,,,,,,,,,,,,,,,,,,,,,,,,,,,W,move_forward,,0.0,0.0
2488,82933,,,,,,,,,,,,,,,,,,,,,,,,,,,,,,,,,0.0,0.0
2489,82967,,,,,,,,,,,,,,,,,,,,,,,,,,,,,,,look,,-9.0,0.0
2490,83000,,,,,,,,,,,,,,,,,,,,,,,,,,,,,,,look,,-12.0,0.0
2491,83033,,,,,,,,,,,,,,,,,,,,,,,,,,,,,,,,,0.0,0.0
2492,83067,,,,,,,,,,,,,,,,,,,,,,,,,,,,,,,look,,4.0,-3.0
2493,83100,,,,,,,,,,,,,,,,,,,,,,,,,,,,,,,look,,100.0,-44.0
2494,83133,,,,,,,,,,,,,,,,,,,,,,,,,,,,,,,look,,195.0,-75.0
2495,83167,,,,,,,,,,,,,,,,,,,,,,,,,,,,,,,look,,124.0,-51.0
2496,83200,,,,,,,,,,,,,,,,,,,,,,,,,,,,,,W,move_forward|look,,61.0,-33.0
2497,83233,,,,,,,,,,,,,,,,,,,,,,,,,,,,,,W,move_forward|look,,38.0,-23.0
2498,83267,,,,,,,,,,,,,,,,,,,,,,,,,,,,,,W,move_forward|look,,3.0,-4.0
2499,83300,,,,,,,,,,,,,,,,,,,,,,,,,,,,,,W,move_forward|look,,0.0,-6.0
2500,83333,,,,,,,,,,,,,,,,,,,,,,,,,,,,,,W,move_forward|look,,-15.0,-11.0
2501,83367,,,,,,,,,,,,,,,,,,,,,,,,,,,,,,W,move_forward|look,,-22.0,-13.0
2502,83400,,,,,,,,,,,,,,,,,,,,,,,,,,,,,,W,move_forward|look,,-43.0,-15.0
2503,83433,,,,,,,,,,,,,,,,,,,,,,,,,,,,,,W,move_forward|look,,-65.0,-20.0
2504,83467,,,,,,,,,,,,,,,,,,,,,,,,,,,,,,W,move_forward|look,,-46.0,-14.0
2505,83500,,,,,,,,,,,,,,,,,,,,,,,,,,,,,,W,move_forward|look,,-29.0,-8.0
2506,83533,,,,,,,,,,,,,,,,,,,,,,,,,,,,,,W,move_forward|look,,-4.0,-1.0
2507,83567,,,,,,,,,,,,,,,,,,,,,,,,,,,,,,W,move_forward|look,,-1.0,0.0
2508,83600,,,,,,,,,,,,,,,,,,,,,,,,,,,,,,W,move_forward|look,,-5.0,0.0
2509,83633,,,,,,,,,,,,,,,,,,,,,,,,,,,,,,W,move_forward|look,,-4.0,-1.0
2510,83667,,,,,,,,,,,,,,,,,,,,,,,,,,,,,,W,move_forward|look,,-15.0,-2.0
2511,83700,,,,,,,,,,,,,,,,,,,,,,,,,,,,,,W,move_forward|look,,-66.0,-3.0
2512,83733,,,,,,,,,,,,,,,,,,,,,,,,,,,,,,W,move_forward|look,,-147.0,-3.0
2513,83767,,,,,,,,,,,,,,,,,,,,,,,,,,,,,,W,move_forward|look,,-112.0,0.0
2514,83800,,,,,,,,,,,,,,,,,,,,,,,,,,,,,,W,move_forward|look,,-103.0,19.0
2515,83833,,,,,,,,,,,,,,,,,,,,,,,,,,,,,,W,move_forward|look,,-39.0,3.0
2516,83867,,,,,,,,,,,,,,,,,,,,,,,,,,,,,,W,move_forward|look,,-9.0,0.0
2517,83900,,,,,,,,,,,,,,,,,,,,,,,,,,,,,,W,move_forward|look,,0.0,1.0
2518,83933,,,,,,,,,,,,,,,,,,,,,,,,,,,,,,W,move_forward|look,,-3.0,9.0
2519,83967,,,,,,,,,,,,,,,,,,,,,,,,,,,,,,W,move_forward|fire|look,Left,-2.0,2.0
2520,84000,,,,,,,,,,,,,,,,,,,,,,,,,,,,,,W,move_forward|fire,Left,0.0,0.0
2521,84033,,,,,,,,,,,,,,,,,,,,,,,,,,,,,,W,move_forward|fire,Left,0.0,0.0
2522,84067,,,,,,,,,,,,,,,,,,,,,,,,,,,,,,W,move_forward|fire,Left,0.0,0.0
2523,84100,,,,,,,,,,,,,,,,,,,,,,,,,,,,,,W,move_forward|fire,Left,0.0,0.0
2524,84133,,,,,,,,,,,,,,,,,,,,,,,,,,,,,,W,move_forward,,0.0,0.0
2525,84167,,,,,,,,,,,,,,,,,,,,,,,,,,,,,,W,move_forward,,0.0,0.0
2526,84200,,,,,,,,,,,,,,,,,,,,,,,,,,,,,,W,move_forward,,0.0,0.0
2527,84233,,,,,,,,,,,,,,,,,,,,,,,,,,,,,,W,move_forward,,0.0,0.0
2528,84267,,,,,,,,,,,,,,,,,,,,,,,,,,,,,,W,move_forward,,0.0,0.0
2529,84300,,,,,,,,,,,,,,,,,,,,,,,,,,,,,,W,move_forward|look,,10.0,0.0
2530,84333,,,,,,,,,,,,,,,,,,,,,,,,,,,,,,,look,,89.0,-19.0
2531,84367,,,,,,,,,,,,,,,,,,,,,,,,,,,,,,,look,,350.0,-60.0
2532,84400,,,,,,,,,,,,,,,,,,,,,,,,,,,,,,,look,,341.0,-48.0
2533,84433,,,,,,,,,,,,,,,,,,,,,,,,,,,,,,,look,,246.0,-45.0
2534,84467,,,,,,,,,,,,,,,,,,,,,,,,,,,,,,,look,,96.0,-23.0
2535,84500,,,,,,,,,,,,,,,,,,,,,,,,,,,,,,,look,,18.0,-8.0
2536,84533,,,,,,,,,,,,,,,,,,,,,,,,,,,,,,,look,,2.0,-9.0
2537,84567,,,,,,,,,,,,,,,,,,,,,,,,,,,,,,W,move_forward|look,,0.0,-16.0
2538,84600,,,,,,,,,,,,,,,,,,,,,,,,,,,,,,W,move_forward|look,,-3.0,-13.0
2539,84633,,,,,,,,,,,,,,,,,,,,,,,,,,,,,,W,move_forward|look,,-4.0,-4.0
2540,84667,,,,,,,,,,,,,,,,,,,,,,,,,,,,,,W,move_forward|look,,-10.0,-2.0
2541,84700,,,,,,,,,,,,,,,,,,,,,,,,,,,,,,W,move_forward|look,,-24.0,-2.0
2542,84733,,,,,,,,,,,,,,,,,,,,,,,,,,,,,,W,move_forward|look,,-68.0,0.0
2543,84767,,,,,,,,,,,,,,,,,,,,,,,,,,,,,,W,move_forward|look,,-53.0,-4.0
2544,84800,,,,,,,,,,,,,,,,,,,,,,,,,,,,,,W,move_forward|look,,-17.0,-1.0
2545,84833,,,,,,,,,,,,,,,,,,,,,,,,,,,,,,W,move_forward|look,,-2.0,-1.0
2546,84867,,,,,,,,,,,,,,,,,,,,,,,,,,,,,,W,move_forward,,0.0,0.0
2547,84900,,,,,,,,,,,,,,,,,,,,,,,,,,,,,,W,move_forward|fire,Left,0.0,0.0
2548,84933,,,,,,,,,,,,,,,,,,,,,,,,,,,,,,W,move_forward|fire,Left,0.0,0.0
2549,84967,,,,,,,,,,,,,,,,,,,,,,,,,,,,,,W,move_forward|fire,Left,0.0,0.0
2550,85000,,,,,,,,,,,,,,,,,,,,,,,,,,,,,,W,move_forward|fire,Left,0.0,0.0
2551,85033,,,,,,,,,,,,,,,,,,,,,,,,,,,,,,W,move_forward|fire,Left,0.0,0.0
2552,85067,,,,,,,,,,,,,,,,,,,,,,,,,,,,,,W,move_forward|fire,Left,0.0,0.0
2553,85100,,,,,,,,,,,,,,,,,,,,,,,,,,,,,,W,move_forward,,0.0,0.0
2554,85133,,,,,,,,,,,,,,,,,,,,,,,,,,,,,,W,move_forward,,0.0,0.0
2555,85167,,,,,,,,,,,,,,,,,,,,,,,,,,,,,,W,move_forward,,0.0,0.0
2556,85200,,,,,,,,,,,,,,,,,,,,,,,,,,,,,,W,move_forward,,0.0,0.0
2557,85233,,,,,,,,,,,,,,,,,,,,,,,,,,,,,,W,move_forward,,0.0,0.0
2558,85267,,,,,,,,,,,,,,,,,,,,,,,,,,,,,,W,move_forward,,0.0,0.0
2559,85300,,,,,,,,,,,,,,,,,,,,,,,,,,,,,,W,move_forward,,0.0,0.0
2560,85333,,,,,,,,,,,,,,,,,,,,,,,,,,,,,,W,move_forward,,0.0,0.0
2561,85367,,,,,,,,,,,,,,,,,,,,,,,,,,,,,,W,move_forward|look,,-19.0,5.0
2562,85400,,,,,,,,,,,,,,,,,,,,,,,,,,,,,,W,move_forward|look,,-62.0,13.0
2563,85433,,,,,,,,,,,,,,,,,,,,,,,,,,,,,,W,move_forward|look,,-103.0,-16.0
2564,85467,,,,,,,,,,,,,,,,,,,,,,,,,,,,,,W,move_forward|look,,-38.0,-57.0
2565,85500,,,,,,,,,,,,,,,,,,,,,,,,,,,,,,W,move_forward|look,,14.0,-65.0
2566,85533,,,,,,,,,,,,,,,,,,,,,,,,,,,,,,W,move_forward|look,,110.0,-34.0
2567,85567,,,,,,,,,,,,,,,,,,,,,,,,,,,,,,W,move_forward|look,,204.0,-23.0
2568,85600,,,,,,,,,,,,,,,,,,,,,,,,,,,,,,W,move_forward|look,,172.0,-16.0
2569,85633,,,,,,,,,,,,,,,,,,,,,,,,,,,,,,W,move_forward|look,,49.0,-7.0
2570,85667,,,,,,,,,,,,,,,,,,,,,,,,,,,,,,W,move_forward|look,,-6.0,-13.0
2571,85700,,,,,,,,,,,,,,,,,,,,,,,,,,,,,,W,move_forward|look,,-118.0,-48.0
2572,85733,,,,,,,,,,,,,,,,,,,,,,,,,,,,,,W,move_forward|look,,-260.0,-194.0
2573,85767,,,,,,,,,,,,,,,,,,,,,,,,,,,,,,W,move_forward|look,,-147.0,-140.0
2574,85800,,,,,,,,,,,,,,,,,,,,,,,,,,,,,,W,move_forward|look,,-92.0,-59.0
2575,85833,,,,,,,,,,,,,,,,,,,,,,,,,,,,,,W,move_forward|look,,-26.0,-4.0
2576,85867,,,,,,,,,,,,,,,,,,,,,,,,,,,,,,W,move_forward|look,,-13.0,42.0
2577,85900,,,,,,,,,,,,,,,,,,,,,,,,,,,,,,W,move_forward|look,,-54.0,103.0
2578,85933,,,,,,,,,,,,,,,,,,,,,,,,,,,,,,W,move_forward|look,,-98.0,123.0
2579,85967,,,,,,,,,,,,,,,,,,,,,,,,,,,,,,W,move_forward|look,,-183.0,125.0
2580,86000,,,,,,,,,,,,,,,,,,,,,,,,,,,,,,W,move_forward|look,,-138.0,69.0
2581,86033,,,,,,,,,,,,,,,,,,,,,,,,,,,,,,W,move_forward|look,,-92.0,49.0
2582,86067,,,,,,,,,,,,,,,,,,,,,,,,,,,,,,W,move_forward|look,,-50.0,30.0
2583,86100,,,,,,,,,,,,,,,,,,,,,,,,,,,,,,W,move_forward|look,,-20.0,8.0
2584,86133,,,,,,,,,,,,,,,,,,,,,,,,,,,,,,W,move_forward|look,,-12.0,3.0
2585,86167,,,,,,,,,,,,,,,,,,,,,,,,,,,,,,W,move_forward|look,,-5.0,2.0
2586,86200,,,,,,,,,,,,,,,,,,,,,,,,,,,,,,W,move_forward,,0.0,0.0
2587,86233,,,,,,,,,,,,,,,,,,,,,,,,,,,,,,W,move_forward,,0.0,0.0
2588,86267,,,,,,,,,,,,,,,,,,,,,,,,,,,,,,W,move_forward,,0.0,0.0
2589,86300,,,,,,,,,,,,,,,,,,,,,,,,,,,,,,W,move_forward,,0.0,0.0
2590,86333,,,,,,,,,,,,,,,,,,,,,,,,,,,,,,W,move_forward,,0.0,0.0
2591,86367,,,,,,,,,,,,,,,,,,,,,,,,,,,,,,W,move_forward,,0.0,0.0
2592,86400,,,,,,,,,,,,,,,,,,,,,,,,,,,,,,W,move_forward|look,,-116.0,35.0
2593,86433,,,,,,,,,,,,,,,,,,,,,,,,,,,,,,W,move_forward|look,,-340.0,117.0
2594,86467,,,,,,,,,,,,,,,,,,,,,,,,,,,,,,W,move_forward|look,,-948.0,354.0
2595,86500,,,,,,,,,,,,,,,,,,,,,,,,,,,,,,W,move_forward|look,,-277.0,99.0
2596,86533,,,,,,,,,,,,,,,,,,,,,,,,,,,,,,W,move_forward|look,,-96.0,21.0
2597,86567,,,,,,,,,,,,,,,,,,,,,,,,,,,,,,W,move_forward|look,,-18.0,4.0
2598,86600,,,,,,,,,,,,,,,,,,,,,,,,,,,,,,W,move_forward,,0.0,0.0
2599,86633,,,,,,,,,,,,,,,,,,,,,,,,,,,,,,W,move_forward|look,,0.0,2.0
2600,86667,,,,,,,,,,,,,,,,,,,,,,,,,,,,,,W,move_forward|look,,1.0,0.0
2601,86700,,,,,,,,,,,,,,,,,,,,,,,,,,,,,,W,move_forward,,0.0,0.0
2602,86733,,,,,,,,,,,,,,,,,,,,,,,,,,,,,,W,move_forward,,0.0,0.0
2603,86767,,,,,,,,,,,,,,,,,,,,,,,,,,,,,,W,move_forward,,0.0,0.0
2604,86800,,,,,,,,,,,,,,,,,,,,,,,,,,,,,,W,move_forward,,0.0,0.0
2605,86833,,,,,,,,,,,,,,,,,,,,,,,,,,,,,,W,move_forward,,0.0,0.0
2606,86867,,,,,,,,,,,,,,,,,,,,,,,,,,,,,,W,move_forward|look,,-8.0,4.0
2607,86900,,,,,,,,,,,,,,,,,,,,,,,,,,,,,,W,move_forward|look,,-65.0,24.0
2608,86933,,,,,,,,,,,,,,,,,,,,,,,,,,,,,,W,move_forward|look,,-147.0,34.0
2609,86967,,,,,,,,,,,,,,,,,,,,,,,,,,,,,,W,move_forward|look,,-256.0,34.0
2610,87000,,,,,,,,,,,,,,,,,,,,,,,,,,,,,,W,move_forward|look,,-141.0,10.0
2611,87033,,,,,,,,,,,,,,,,,,,,,,,,,,,,,,W,move_forward|look,,-112.0,0.0
2612,87067,,,,,,,,,,,,,,,,,,,,,,,,,,,,,,W,move_forward|look,,-53.0,-11.0
2613,87100,,,,,,,,,,,,,,,,,,,,,,,,,,,,,,,look,,-22.0,-10.0
2614,87133,,,,,,,,,,,,,,,,,,,,,,,,,,,,,,,look,,-2.0,-18.0
2615,87167,,,,,,,,,,,,,,,,,,,,,,,,,,,,,,,look,,10.0,-15.0
2616,87200,,,,,,,,,,,,,,,,,,,,,,,,,,,,,,,,,0.0,0.0
2617,87233,,,,,,,,,,,,,,,,,,,,,,,,,,,,,,,,,0.0,0.0
2618,87267,,,,,,,,,,,,,,,,,,,,,,,,,,,,,,,,,0.0,0.0
2619,87300,,,,,,,,,,,,,,,,,,,,,,,,,,,,,,,,,0.0,0.0
2620,87333,,,,,,,,,,,,,,,,,,,,,,,,,,,,,,,,,0.0,0.0
2621,87367,,,,,,,,,,,,,,,,,,,,,,,,,,,,,,,,,0.0,0.0
2622,87400,,,,,,,,,,,,,,,,,,,,,,,,,,,,,,,look,,-9.0,-8.0
2623,87433,,,,,,,,,,,,,,,,,,,,,,,,,,,,,,,look,,-10.0,-8.0
2624,87467,,,,,,,,,,,,,,,,,,,,,,,,,,,,,,,look,,-6.0,-13.0
2625,87500,,,,,,,,,,,,,,,,,,,,,,,,,,,,,,,look,,-5.0,-23.0
2626,87533,,,,,,,,,,,,,,,,,,,,,,,,,,,,,,,look,,0.0,-15.0
2627,87567,,,,,,,,,,,,,,,,,,,,,,,,,,,,,,,look,,2.0,-8.0
2628,87600,,,,,,,,,,,,,,,,,,,,,,,,,,,,,,,look,,8.0,-4.0
2629,87633,,,,,,,,,,,,,,,,,,,,,,,,,,,,,,,fire|look,Left,1.0,0.0
2630,87667,,,,,,,,,,,,,,,,,,,,,,,,,,,,,,,fire,Left,0.0,0.0
2631,87700,,,,,,,,,,,,,,,,,,,,,,,,,,,,,,,fire,Left,0.0,0.0
2632,87733,,,,,,,,,,,,,,,,,,,,,,,,,,,,,,,fire,Left,0.0,0.0
2633,87767,,,,,,,,,,,,,,,,,,,,,,,,,,,,,,,fire,Left,0.0,0.0
2634,87800,,,,,,,,,,,,,,,,,,,,,,,,,,,,,,,,,0.0,0.0
2635,87833,,,,,,,,,,,,,,,,,,,,,,,,,,,,,,,,,0.0,0.0
2636,87867,,,,,,,,,,,,,,,,,,,,,,,,,,,,,,,look,,0.0,21.0
2637,87900,,,,,,,,,,,,,,,,,,,,,,,,,,,,,,,look,,0.0,13.0
2638,87933,,,,,,,,,,,,,,,,,,,,,,,,,,,,,,,look,,0.0,2.0
2639,87967,,,,,,,,,,,,,,,,,,,,,,,,,,,,,,,,,0.0,0.0
2640,88000,,,,,,,,,,,,,,,,,,,,,,,,,,,,,,,,,0.0,0.0
2641,88033,,,,,,,,,,,,,,,,,,,,,,,,,,,,,,,look,,0.0,-19.0
2642,88067,,,,,,,,,,,,,,,,,,,,,,,,,,,,,,,look,,5.0,-45.0
2643,88100,,,,,,,,,,,,,,,,,,,,,,,,,,,,,,,look,,9.0,-25.0
2644,88133,,,,,,,,,,,,,,,,,,,,,,,,,,,,,,,look,,7.0,-9.0
2645,88167,,,,,,,,,,,,,,,,,,,,,,,,,,,,,,,look,,8.0,-4.0
2646,88200,,,,,,,,,,,,,,,,,,,,,,,,,,,,,,,look,,22.0,-13.0
2647,88233,,,,,,,,,,,,,,,,,,,,,,,,,,,,,,,look,,46.0,-44.0
2648,88267,,,,,,,,,,,,,,,,,,,,,,,,,,,,,,,look,,30.0,-51.0
2649,88300,,,,,,,,,,,,,,,,,,,,,,,,,,,,,,,look,,13.0,-55.0
2650,88333,,,,,,,,,,,,,,,,,,,,,,,,,,,,,,,look,,0.0,-31.0
2651,88367,,,,,,,,,,,,,,,,,,,,,,,,,,,,,,,look,,-3.0,-16.0
2652,88400,,,,,,,,,,,,,,,,,,,,,,,,,,,,,,,look,,-5.0,-4.0
2653,88433,,,,,,,,,,,,,,,,,,,,,,,,,,,,,,,look,,-6.0,-2.0
2654,88467,,,,,,,,,,,,,,,,,,,,,,,,,,,,,,W,move_forward|look,,-3.0,0.0
2655,88500,,,,,,,,,,,,,,,,,,,,,,,,,,,,,,W,move_forward|look,,-1.0,0.0
2656,88533,,,,,,,,,,,,,,,,,,,,,,,,,,,,,,W,move_forward,,0.0,0.0
2657,88567,,,,,,,,,,,,,,,,,,,,,,,,,,,,,,W,move_forward|fire,Left,0.0,0.0
2658,88600,,,,,,,,,,,,,,,,,,,,,,,,,,,,,,W,move_forward|fire,Left,0.0,0.0
2659,88633,,,,,,,,,,,,,,,,,,,,,,,,,,,,,,W,move_forward|fire,Left,0.0,0.0
2660,88667,,,,,,,,,,,,,,,,,,,,,,,,,,,,,,W,move_forward|fire,Left,0.0,0.0
2661,88700,,,,,,,,,,,,,,,,,,,,,,,,,,,,,,W,move_forward|fire,Left,0.0,0.0
2662,88733,,,,,,,,,,,,,,,,,,,,,,,,,,,,,,W,move_forward,,0.0,0.0
2663,88767,,,,,,,,,,,,,,,,,,,,,,,,,,,,,,W,move_forward,,0.0,0.0
2664,88800,,,,,,,,,,,,,,,,,,,,,,,,,,,,,,W,move_forward,,0.0,0.0
2665,88833,,,,,,,,,,,,,,,,,,,,,,,,,,,,,,,,,0.0,0.0
2666,88867,,,,,,,,,,,,,,,,,,,,,,,,,,,,,,,,,0.0,0.0
2667,88900,,,,,,,,,,,,,,,,,,,,,,,,,,,,,,,,,0.0,0.0
2668,88933,,,,,,,,,,,,,,,,,,,,,,,,,,,,,,,,,0.0,0.0
2669,88967,,,,,,,,,,,,,,,,,,,,,,,,,,,,,,,,,0.0,0.0
2670,89000,,,,,,,,,,,,,,,,,,,,,,,,,,,,,,,look,,-6.0,-1.0
2671,89033,,,,,,,,,,,,,,,,,,,,,,,,,,,,,,,look,,-9.0,-4.0
2672,89067,,,,,,,,,,,,,,,,,,,,,,,,,,,,,,,look,,-3.0,-3.0
2673,89100,,,,,,,,,,,,,,,,,,,,,,,,,,,,,,,look,,-1.0,0.0
2674,89133,,,,,,,,,,,,,,,,,,,,,,,,,,,,,,,look,,0.0,-1.0
2675,89167,,,,,,,,,,,,,,,,,,,,,,,,,,,,,,,,,0.0,0.0
2676,89200,,,,,,,,,,,,,,,,,,,,,,,,,,,,,,,fire,Left,0.0,0.0
2677,89233,,,,,,,,,,,,,,,,,,,,,,,,,,,,,,,fire,Left,0.0,0.0
2678,89267,,,,,,,,,,,,,,,,,,,,,,,,,,,,,,,fire,Left,0.0,0.0
2679,89300,,,,,,,,,,,,,,,,,,,,,,,,,,,,,,,fire,Left,0.0,0.0
2680,89333,,,,,,,,,,,,,,,,,,,,,,,,,,,,,,,fire,Left,0.0,0.0
2681,89367,,,,,,,,,,,,,,,,,,,,,,,,,,,,,,,,,0.0,0.0
2682,89400,,,,,,,,,,,,,,,,,,,,,,,,,,,,,,,,,0.0,0.0
2683,89433,,,,,,,,,,,,,,,,,,,,,,,,,,,,,,,,,0.0,0.0
2684,89467,,,,,,,,,,,,,,,,,,,,,,,,,,,,,,,,,0.0,0.0
2685,89500,,,,,,,,,,,,,,,,,,,,,,,,,,,,,,,,,0.0,0.0
2686,89533,,,,,,,,,,,,,,,,,,,,,,,,,,,,,,,,,0.0,0.0
2687,89567,,,,,,,,,,,,,,,,,,,,,,,,,,,,,,,,,0.0,0.0
2688,89600,,,,,,,,,,,,,,,,,,,,,,,,,,,,,,,,,0.0,0.0
2689,89633,,,,,,,,,,,,,,,,,,,,,,,,,,,,,,,look,,0.0,-5.0
2690,89667,,,,,,,,,,,,,,,,,,,,,,,,,,,,,,,look,,0.0,-23.0
2691,89700,,,,,,,,,,,,,,,,,,,,,,,,,,,,,,,look,,-2.0,-21.0
2692,89733,,,,,,,,,,,,,,,,,,,,,,,,,,,,,,,look,,-1.0,-7.0
2693,89767,,,,,,,,,,,,,,,,,,,,,,,,,,,,,,W,move_forward|look,,0.0,-1.0
2694,89800,,,,,,,,,,,,,,,,,,,,,,,,,,,,,,W,move_forward|look,,-2.0,-1.0
2695,89833,,,,,,,,,,,,,,,,,,,,,,,,,,,,,,W,move_forward|look,,-1.0,-1.0
2696,89867,,,,,,,,,,,,,,,,,,,,,,,,,,,,,,W,move_forward|look,,-1.0,0.0
2697,89900,,,,,,,,,,,,,,,,,,,,,,,,,,,,,,W,move_forward,,0.0,0.0
2698,89933,,,,,,,,,,,,,,,,,,,,,,,,,,,,,,W,move_forward|look,,-1.0,0.0
2699,89967,,,,,,,,,,,,,,,,,,,,,,,,,,,,,,W,move_forward|fire,Left,0.0,0.0
2700,90000,,,,,,,,,,,,,,,,,,,,,,,,,,,,,,W,move_forward|fire,Left,0.0,0.0
2701,90033,,,,,,,,,,,,,,,,,,,,,,,,,,,,,,W,move_forward|fire,Left,0.0,0.0
2702,90067,,,,,,,,,,,,,,,,,,,,,,,,,,,,,,W,move_forward|fire,Left,0.0,0.0
2703,90100,,,,,,,,,,,,,,,,,,,,,,,,,,,,,,W,move_forward|fire,Left,0.0,0.0
2704,90133,,,,,,,,,,,,,,,,,,,,,,,,,,,,,,W,move_forward|fire,Left,0.0,0.0
2705,90167,,,,,,,,,,,,,,,,,,,,,,,,,,,,,,W,move_forward,,0.0,0.0
2706,90200,,,,,,,,,,,,,,,,,,,,,,,,,,,,,,,,,0.0,0.0
2707,90233,,,,,,,,,,,,,,,,,,,,,,,,,,,,,,,,,0.0,0.0
2708,90267,,,,,,,,,,,,,,,,,,,,,,,,,,,,,,,,,0.0,0.0
2709,90300,,,,,,,,,,,,,,,,,,,,,,,,,,,,,,,,,0.0,0.0
2710,90333,,,,,,,,,,,,,,,,,,,,,,,,,,,,,,,,,0.0,0.0
2711,90367,,,,,,,,,,,,,,,,,,,,,,,,,,,,,,,,,0.0,0.0
2712,90400,,,,,,,,,,,,,,,,,,,,,,,,,,,,,,,fire,Left,0.0,0.0
2713,90433,,,,,,,,,,,,,,,,,,,,,,,,,,,,,,,fire,Left,0.0,0.0
2714,90467,,,,,,,,,,,,,,,,,,,,,,,,,,,,,,,fire,Left,0.0,0.0
2715,90500,,,,,,,,,,,,,,,,,,,,,,,,,,,,,,,fire,Left,0.0,0.0
2716,90533,,,,,,,,,,,,,,,,,,,,,,,,,,,,,,,fire,Left,0.0,0.0
2717,90567,,,,,,,,,,,,,,,,,,,,,,,,,,,,,,,,,0.0,0.0
2718,90600,,,,,,,,,,,,,,,,,,,,,,,,,,,,,,,,,0.0,0.0
2719,90633,,,,,,,,,,,,,,,,,,,,,,,,,,,,,,,fire,Left,0.0,0.0
2720,90667,,,,,,,,,,,,,,,,,,,,,,,,,,,,,,,fire,Left,0.0,0.0
2721,90700,,,,,,,,,,,,,,,,,,,,,,,,,,,,,,,fire,Left,0.0,0.0
2722,90733,,,,,,,,,,,,,,,,,,,,,,,,,,,,,,,fire,Left,0.0,0.0
2723,90767,,,,,,,,,,,,,,,,,,,,,,,,,,,,,,,fire,Left,0.0,0.0
2724,90800,,,,,,,,,,,,,,,,,,,,,,,,,,,,,,,,,0.0,0.0
2725,90833,,,,,,,,,,,,,,,,,,,,,,,,,,,,,,,,,0.0,0.0
2726,90867,,,,,,,,,,,,,,,,,,,,,,,,,,,,,,,fire,Left,0.0,0.0
2727,90900,,,,,,,,,,,,,,,,,,,,,,,,,,,,,,,fire,Left,0.0,0.0
2728,90933,,,,,,,,,,,,,,,,,,,,,,,,,,,,,,,fire,Left,0.0,0.0
2729,90967,,,,,,,,,,,,,,,,,,,,,,,,,,,,,,,fire,Left,0.0,0.0
2730,91000,,,,,,,,,,,,,,,,,,,,,,,,,,,,,,,,,0.0,0.0
2731,91033,,,,,,,,,,,,,,,,,,,,,,,,,,,,,,,,,0.0,0.0
2732,91067,,,,,,,,,,,,,,,,,,,,,,,,,,,,,,,,,0.0,0.0
2733,91100,,,,,,,,,,,,,,,,,,,,,,,,,,,,,,,,,0.0,0.0
2734,91133,,,,,,,,,,,,,,,,,,,,,,,,,,,,,,,,,0.0,0.0
2735,91167,,,,,,,,,,,,,,,,,,,,,,,,,,,,,,,,,0.0,0.0
2736,91200,,,,,,,,,,,,,,,,,,,,,,,,,,,,,,,,,0.0,0.0
2737,91233,,,,,,,,,,,,,,,,,,,,,,,,,,,,,,,look,,13.0,5.0
2738,91267,,,,,,,,,,,,,,,,,,,,,,,,,,,,,,,look,,29.0,7.0
2739,91300,,,,,,,,,,,,,,,,,,,,,,,,,,,,,,,look,,26.0,5.0
2740,91333,,,,,,,,,,,,,,,,,,,,,,,,,,,,,,,look,,15.0,0.0
2741,91367,,,,,,,,,,,,,,,,,,,,,,,,,,,,,,,look,,7.0,0.0
2742,91400,,,,,,,,,,,,,,,,,,,,,,,,,,,,,,,look,,5.0,0.0
2743,91433,,,,,,,,,,,,,,,,,,,,,,,,,,,,,,,look,,3.0,0.0
2744,91467,,,,,,,,,,,,,,,,,,,,,,,,,,,,,,,fire,Left,0.0,0.0
2745,91500,,,,,,,,,,,,,,,,,,,,,,,,,,,,,,,fire,Left,0.0,0.0
2746,91533,,,,,,,,,,,,,,,,,,,,,,,,,,,,,,,fire,Left,0.0,0.0
2747,91567,,,,,,,,,,,,,,,,,,,,,,,,,,,,,,,fire,Left,0.0,0.0
2748,91600,,,,,,,,,,,,,,,,,,,,,,,,,,,,,,,fire,Left,0.0,0.0
2749,91633,,,,,,,,,,,,,,,,,,,,,,,,,,,,,,,fire,Left,0.0,0.0
2750,91667,,,,,,,,,,,,,,,,,,,,,,,,,,,,,,,fire,Left,0.0,0.0
2751,91700,,,,,,,,,,,,,,,,,,,,,,,,,,,,,,,,,0.0,0.0
2752,91733,,,,,,,,,,,,,,,,,,,,,,,,,,,,,,,,,0.0,0.0
2753,91767,,,,,,,,,,,,,,,,,,,,,,,,,,,,,,,,,0.0,0.0
2754,91800,,,,,,,,,,,,,,,,,,,,,,,,,,,,,,,,,0.0,0.0
2755,91833,,,,,,,,,,,,,,,,,,,,,,,,,,,,,,,,,0.0,0.0
2756,91867,,,,,,,,,,,,,,,,,,,,,,,,,,,,,,,,,0.0,0.0
2757,91900,,,,,,,,,,,,,,,,,,,,,,,,,,,,,,,,,0.0,0.0
2758,91933,,,,,,,,,,,,,,,,,,,,,,,,,,,,,,,,,0.0,0.0
2759,91967,,,,,,,,,,,,,,,,,,,,,,,,,,,,,,,,,0.0,0.0
2760,92000,,,,,,,,,,,,,,,,,,,,,,,,,,,,,,,look,,-6.0,0.0
2761,92033,,,,,,,,,,,,,,,,,,,,,,,,,,,,,,,look,,-35.0,4.0
2762,92067,,,,,,,,,,,,,,,,,,,,,,,,,,,,,,,look,,-50.0,1.0
2763,92100,,,,,,,,,,,,,,,,,,,,,,,,,,,,,,,look,,-56.0,-2.0
2764,92133,,,,,,,,,,,,,,,,,,,,,,,,,,,,,,W,move_forward|look,,-33.0,-13.0
2765,92167,,,,,,,,,,,,,,,,,,,,,,,,,,,,,,W,move_forward|look,,-10.0,-4.0
2766,92200,,,,,,,,,,,,,,,,,,,,,,,,,,,,,,W,move_forward|look,,-1.0,0.0
2767,92233,,,,,,,,,,,,,,,,,,,,,,,,,,,,,,W,move_forward|fire,Left,0.0,0.0
2768,92267,,,,,,,,,,,,,,,,,,,,,,,,,,,,,,W,move_forward|fire,Left,0.0,0.0
2769,92300,,,,,,,,,,,,,,,,,,,,,,,,,,,,,,W,move_forward|fire,Left,0.0,0.0
2770,92333,,,,,,,,,,,,,,,,,,,,,,,,,,,,,,W,move_forward|fire,Left,0.0,0.0
2771,92367,,,,,,,,,,,,,,,,,,,,,,,,,,,,,,W,move_forward|fire,Left,0.0,0.0
2772,92400,,,,,,,,,,,,,,,,,,,,,,,,,,,,,,W,move_forward|fire,Left,0.0,0.0
2773,92433,,,,,,,,,,,,,,,,,,,,,,,,,,,,,,W,move_forward,,0.0,0.0
2774,92467,,,,,,,,,,,,,,,,,,,,,,,,,,,,,,W,move_forward,,0.0,0.0
2775,92500,,,,,,,,,,,,,,,,,,,,,,,,,,,,,,W,move_forward,,0.0,0.0
2776,92533,,,,,,,,,,,,,,,,,,,,,,,,,,,,,,W,move_forward,,0.0,0.0
2777,92567,,,,,,,,,,,,,,,,,,,,,,,,,,,,,,W,move_forward,,0.0,0.0
2778,92600,,,,,,,,,,,,,,,,,,,,,,,,,,,,,,W,move_forward,,0.0,0.0
2779,92633,,,,,,,,,,,,,,,,,,,,,,,,,,,,,,W,move_forward,,0.0,0.0
2780,92667,,,,,,,,,,,,,,,,,,,,,,,,,,,,,,W,move_forward|look,,-31.0,8.0
2781,92700,,,,,,,,,,,,,,,,,,,,,,,,,,,,,,W,move_forward|look,,-274.0,54.0
2782,92733,,,,,,,,,,,,,,,,,,,,,,,,,,,,,,W,move_forward|look,,-837.0,90.0
2783,92767,,,,,,,,,,,,,,,,,,,,,,,,,,,,,,W,move_forward|look,,-468.0,69.0
2784,92800,,,,,,,,,,,,,,,,,,,,,,,,,,,,,,W,move_forward|look,,-198.0,33.0
2785,92833,,,,,,,,,,,,,,,,,,,,,,,,,,,,,,W,move_forward|look,,-51.0,6.0
2786,92867,,,,,,,,,,,,,,,,,,,,,,,,,,,,,,W,move_forward|look,,-7.0,2.0
2787,92900,,,,,,,,,,,,,,,,,,,,,,,,,,,,,,W,move_forward,,0.0,0.0
2788,92933,,,,,,,,,,,,,,,,,,,,,,,,,,,,,,W,move_forward,,0.0,0.0
2789,92967,,,,,,,,,,,,,,,,,,,,,,,,,,,,,,W,move_forward,,0.0,0.0
2790,93000,,,,,,,,,,,,,,,,,,,,,,,,,,,,,,W,move_forward,,0.0,0.0
2791,93033,,,,,,,,,,,,,,,,,,,,,,,,,,,,,,W,move_forward,,0.0,0.0
2792,93067,,,,,,,,,,,,,,,,,,,,,,,,,,,,,,W,move_forward,,0.0,0.0
2793,93100,,,,,,,,,,,,,,,,,,,,,,,,,,,,,,W,move_forward|look,,-62.0,0.0
2794,93133,,,,,,,,,,,,,,,,,,,,,,,,,,,,,,W,move_forward|look,,-92.0,-3.0
2795,93167,,,,,,,,,,,,,,,,,,,,,,,,,,,,,,W,move_forward|look,,-94.0,-4.0
2796,93200,,,,,,,,,,,,,,,,,,,,,,,,,,,,,,W,move_forward|look,,-73.0,-2.0
2797,93233,,,,,,,,,,,,,,,,,,,,,,,,,,,,,,W,move_forward|look,,-15.0,0.0
2798,93267,,,,,,,,,,,,,,,,,,,,,,,,,,,,,,W,move_forward|look,,-2.0,0.0
2799,93300,,,,,,,,,,,,,,,,,,,,,,,,,,,,,,W,move_forward|look,,5.0,-1.0
2800,93333,,,,,,,,,,,,,,,,,,,,,,,,,,,,,,,look,,86.0,-2.0
2801,93367,,,,,,,,,,,,,,,,,,,,,,,,,,,,,,,look,,210.0,-14.0
2802,93400,,,,,,,,,,,,,,,,,,,,,,,,,,,,,,,look,,263.0,-13.0
2803,93433,,,,,,,,,,,,,,,,,,,,,,,,,,,,,,,look,,162.0,-2.0
2804,93467,,,,,,,,,,,,,,,,,,,,,,,,,,,,,,,look,,94.0,0.0
2805,93500,,,,,,,,,,,,,,,,,,,,,,,,,,,,,,,look,,21.0,0.0
2806,93533,,,,,,,,,,,,,,,,,,,,,,,,,,,,,,,look,,3.0,0.0
2807,93567,,,,,,,,,,,,,,,,,,,,,,,,,,,,,,,look,,5.0,-1.0
2808,93600,,,,,,,,,,,,,,,,,,,,,,,,,,,,,,,look,,11.0,-7.0
2809,93633,,,,,,,,,,,,,,,,,,,,,,,,,,,,,,W,move_forward|look,,13.0,-7.0
2810,93667,,,,,,,,,,,,,,,,,,,,,,,,,,,,,,W,move_forward|look,,11.0,-6.0
2811,93700,,,,,,,,,,,,,,,,,,,,,,,,,,,,,,W,move_forward|look,,10.0,-4.0
2812,93733,,,,,,,,,,,,,,,,,,,,,,,,,,,,,,W,move_forward|look,,6.0,-4.0
2813,93767,,,,,,,,,,,,,,,,,,,,,,,,,,,,,,W,move_forward|look,,9.0,-5.0
2814,93800,,,,,,,,,,,,,,,,,,,,,,,,,,,,,,W,move_forward|look,,13.0,-4.0
2815,93833,,,,,,,,,,,,,,,,,,,,,,,,,,,,,,W,move_forward|look,,11.0,-5.0
2816,93867,,,,,,,,,,,,,,,,,,,,,,,,,,,,,,W,move_forward|look,,6.0,-2.0
2817,93900,,,,,,,,,,,,,,,,,,,,,,,,,,,,,,W,move_forward|look,,2.0,-1.0
2818,93933,,,,,,,,,,,,,,,,,,,,,,,,,,,,,,W,move_forward,,0.0,0.0
2819,93967,,,,,,,,,,,,,,,,,,,,,,,,,,,,,,W,move_forward,,0.0,0.0
2820,94000,,,,,,,,,,,,,,,,,,,,,,,,,,,,,,W,move_forward|look,,-2.0,-4.0
2821,94033,,,,,,,,,,,,,,,,,,,,,,,,,,,,,,W,move_forward|look,,-9.0,-5.0
2822,94067,,,,,,,,,,,,,,,,,,,,,,,,,,,,,,,look,,-27.0,-7.0
2823,94100,,,,,,,,,,,,,,,,,,,,,,,,,,,,,,D,move_right|look,,-73.0,0.0
2824,94133,,,,,,,,,,,,,,,,,,,,,,,,,,,,,,D,move_right|look,,-88.0,0.0
2825,94167,,,,,,,,,,,,,,,,,,,,,,,,,,,,,,D,move_right|look,,-50.0,-7.0
2826,94200,,,,,,,,,,,,,,,,,,,,,,,,,,,,,,D,move_right|look,,-27.0,-16.0
2827,94233,,,,,,,,,,,,,,,,,,,,,,,,,,,,,,D,move_right|look,,-10.0,-7.0
2828,94267,,,,,,,,,,,,,,,,,,,,,,,,,,,,,,D,move_right|look,,-1.0,-2.0
2829,94300,,,,,,,,,,,,,,,,,,,,,,,,,,,,,,D,move_right|look,,0.0,-1.0
2830,94333,,,,,,,,,,,,,,,,,,,,,,,,,,,,,,D,move_right|look,,1.0,-5.0
2831,94367,,,,,,,,,,,,,,,,,,,,,,,,,,,,,,D,move_right|look,,14.0,-15.0
2832,94400,,,,,,,,,,,,,,,,,,,,,,,,,,,,,,,look,,12.0,-9.0
2833,94433,,,,,,,,,,,,,,,,,,,,,,,,,,,,,,,look,,3.0,-2.0
2834,94467,,,,,,,,,,,,,,,,,,,,,,,,,,,,,,W,move_forward|look,,1.0,-1.0
2835,94500,,,,,,,,,,,,,,,,,,,,,,,,,,,,,,W,move_forward|look,,0.0,-3.0
2836,94533,,,,,,,,,,,,,,,,,,,,,,,,,,,,,,W,move_forward|look,,-4.0,-4.0
2837,94567,,,,,,,,,,,,,,,,,,,,,,,,,,,,,,W,move_forward|look,,-6.0,-7.0
2838,94600,,,,,,,,,,,,,,,,,,,,,,,,,,,,,,W,move_forward|look,,-5.0,-6.0
2839,94633,,,,,,,,,,,,,,,,,,,,,,,,,,,,,,W,move_forward|look,,-1.0,-2.0
2840,94667,,,,,,,,,,,,,,,,,,,,,,,,,,,,,,W,move_forward|look,,0.0,-1.0
2841,94700,,,,,,,,,,,,,,,,,,,,,,,,,,,,,,W,move_forward,,0.0,0.0
2842,94733,,,,,,,,,,,,,,,,,,,,,,,,,,,,,,W,move_forward,,0.0,0.0
2843,94767,,,,,,,,,,,,,,,,,,,,,,,,,,,,,,W,move_forward,,0.0,0.0
2844,94800,,,,,,,,,,,,,,,,,,,,,,,,,,,,,,W,move_forward,,0.0,0.0
2845,94833,,,,,,,,,,,,,,,,,,,,,,,,,,,,,,W,move_forward,,0.0,0.0
2846,94867,,,,,,,,,,,,,,,,,,,,,,,,,,,,,,W,move_forward,,0.0,0.0
2847,94900,,,,,,,,,,,,,,,,,,,,,,,,,,,,,,W,move_forward|fire,Left,0.0,0.0
2848,94933,,,,,,,,,,,,,,,,,,,,,,,,,,,,,,W,move_forward|fire,Left,0.0,0.0
2849,94967,,,,,,,,,,,,,,,,,,,,,,,,,,,,,,W,move_forward|fire,Left,0.0,0.0
2850,95000,,,,,,,,,,,,,,,,,,,,,,,,,,,,,,W,move_forward|fire,Left,0.0,0.0
2851,95033,,,,,,,,,,,,,,,,,,,,,,,,,,,,,,W,move_forward|fire|look,Left,-1.0,0.0
2852,95067,,,,,,,,,,,,,,,,,,,,,,,,,,,,,,W,move_forward|fire|look,Left,-7.0,0.0
2853,95100,,,,,,,,,,,,,,,,,,,,,,,,,,,,,,W,move_forward|fire|look,Left,-10.0,0.0
2854,95133,,,,,,,,,,,,,,,,,,,,,,,,,,,,,,W,move_forward|fire|look,Left,-6.0,0.0
2855,95167,,,,,,,,,,,,,,,,,,,,,,,,,,,,,,W,move_forward|fire|look,Left,-1.0,0.0
2856,95200,,,,,,,,,,,,,,,,,,,,,,,,,,,,,,W,move_forward|fire,Left,0.0,0.0
2857,95233,,,,,,,,,,,,,,,,,,,,,,,,,,,,,,W,move_forward|fire,Left,0.0,0.0
2858,95267,,,,,,,,,,,,,,,,,,,,,,,,,,,,,,W,move_forward|fire,Left,0.0,0.0
2859,95300,,,,,,,,,,,,,,,,,,,,,,,,,,,,,,W,move_forward,,0.0,0.0
2860,95333,,,,,,,,,,,,,,,,,,,,,,,,,,,,,,W,move_forward,,0.0,0.0
2861,95367,,,,,,,,,,,,,,,,,,,,,,,,,,,,,,W,move_forward,,0.0,0.0
2862,95400,,,,,,,,,,,,,,,,,,,,,,,,,,,,,,W,move_forward,,0.0,0.0
2863,95433,,,,,,,,,,,,,,,,,,,,,,,,,,,,,,W,move_forward,,0.0,0.0
2864,95467,,,,,,,,,,,,,,,,,,,,,,,,,,,,,,W,move_forward,,0.0,0.0
2865,95500,,,,,,,,,,,,,,,,,,,,,,,,,,,,,,W,move_forward,,0.0,0.0
2866,95533,,,,,,,,,,,,,,,,,,,,,,,,,,,,,,W,move_forward,,0.0,0.0
2867,95567,,,,,,,,,,,,,,,,,,,,,,,,,,,,,,W,move_forward,,0.0,0.0
2868,95600,,,,,,,,,,,,,,,,,,,,,,,,,,,,,,W,move_forward|look,,10.0,-8.0
2869,95633,,,,,,,,,,,,,,,,,,,,,,,,,,,,,,W,move_forward|look,,46.0,-2.0
2870,95667,,,,,,,,,,,,,,,,,,,,,,,,,,,,,,W,move_forward|look,,41.0,3.0
2871,95700,,,,,,,,,,,,,,,,,,,,,,,,,,,,,,W,move_forward|look,,14.0,6.0
2872,95733,,,,,,,,,,,,,,,,,,,,,,,,,,,,,,W,move_forward|look,,1.0,1.0
2873,95767,,,,,,,,,,,,,,,,,,,,,,,,,,,,,,W,move_forward|fire,Left,0.0,0.0
2874,95800,,,,,,,,,,,,,,,,,,,,,,,,,,,,,,,fire,Left,0.0,0.0
2875,95833,,,,,,,,,,,,,,,,,,,,,,,,,,,,,,,fire,Left,0.0,0.0
2876,95867,,,,,,,,,,,,,,,,,,,,,,,,,,,,,,,fire,Left,0.0,0.0
2877,95900,,,,,,,,,,,,,,,,,,,,,,,,,,,,,,,fire,Left,0.0,0.0
2878,95933,,,,,,,,,,,,,,,,,,,,,,,,,,,,,,,,,0.0,0.0
2879,95967,,,,,,,,,,,,,,,,,,,,,,,,,,,,,,,,,0.0,0.0
2880,96000,,,,,,,,,,,,,,,,,,,,,,,,,,,,,,,,,0.0,0.0
2881,96033,,,,,,,,,,,,,,,,,,,,,,,,,,,,,,,,,0.0,0.0
2882,96067,,,,,,,,,,,,,,,,,,,,,,,,,,,,,,,,,0.0,0.0
2883,96100,,,,,,,,,,,,,,,,,,,,,,,,,,,,,,,look,,-66.0,19.0
2884,96133,,,,,,,,,,,,,,,,,,,,,,,,,,,,,,,look,,-222.0,63.0
2885,96167,,,,,,,,,,,,,,,,,,,,,,,,,,,,,,,look,,-558.0,118.0
2886,96200,,,,,,,,,,,,,,,,,,,,,,,,,,,,,,,look,,-660.0,173.0
2887,96233,,,,,,,,,,,,,,,,,,,,,,,,,,,,,,,look,,-247.0,64.0
2888,96267,,,,,,,,,,,,,,,,,,,,,,,,,,,,,,,look,,-72.0,5.0
2889,96300,,,,,,,,,,,,,,,,,,,,,,,,,,,,,,,look,,-18.0,-17.0
2890,96333,,,,,,,,,,,,,,,,,,,,,,,,,,,,,,,look,,0.0,-5.0
2891,96367,,,,,,,,,,,,,,,,,,,,,,,,,,,,,,,,,0.0,0.0
2892,96400,,,,,,,,,,,,,,,,,,,,,,,,,,,,,,,,,0.0,0.0
2893,96433,,,,,,,,,,,,,,,,,,,,,,,,,,,,,,,,,0.0,0.0
2894,96467,,,,,,,,,,,,,,,,,,,,,,,,,,,,,,,,,0.0,0.0
2895,96500,,,,,,,,,,,,,,,,,,,,,,,,,,,,,,,,,0.0,0.0
2896,96533,,,,,,,,,,,,,,,,,,,,,,,,,,,,,,,look,,-2.0,0.0
2897,96567,,,,,,,,,,,,,,,,,,,,,,,,,,,,,,,look,,-53.0,0.0
2898,96600,,,,,,,,,,,,,,,,,,,,,,,,,,,,,,,look,,-27.0,0.0
2899,96633,,,,,,,,,,,,,,,,,,,,,,,,,,,,,,,look,,-18.0,0.0
2900,96667,,,,,,,,,,,,,,,,,,,,,,,,,,,,,,,look,,-2.0,0.0
2901,96700,,,,,,,,,,,,,,,,,,,,,,,,,,,,,,,,,0.0,0.0
2902,96733,,,,,,,,,,,,,,,,,,,,,,,,,,,,,,,look,,0.0,-1.0
2903,96767,,,,,,,,,,,,,,,,,,,,,,,,,,,,,,,look,,1.0,-8.0
2904,96800,,,,,,,,,,,,,,,,,,,,,,,,,,,,,,,fire|look,Left,0.0,-1.0
2905,96833,,,,,,,,,,,,,,,,,,,,,,,,,,,,,,W,move_forward|fire,Left,0.0,0.0
2906,96867,,,,,,,,,,,,,,,,,,,,,,,,,,,,,,W,move_forward|fire,Left,0.0,0.0
2907,96900,,,,,,,,,,,,,,,,,,,,,,,,,,,,,,W,move_forward|fire,Left,0.0,0.0
2908,96933,,,,,,,,,,,,,,,,,,,,,,,,,,,,,,W,move_forward|fire,Left,0.0,0.0
2909,96967,,,,,,,,,,,,,,,,,,,,,,,,,,,,,,W,move_forward,,0.0,0.0
2910,97000,,,,,,,,,,,,,,,,,,,,,,,,,,,,,,W,move_forward,,0.0,0.0
2911,97033,,,,,,,,,,,,,,,,,,,,,,,,,,,,,,W,move_forward,,0.0,0.0
2912,97067,,,,,,,,,,,,,,,,,,,,,,,,,,,,,,W,move_forward,,0.0,0.0
2913,97100,,,,,,,,,,,,,,,,,,,,,,,,,,,,,,,,,0.0,0.0
2914,97133,,,,,,,,,,,,,,,,,,,,,,,,,,,,,,,,,0.0,0.0
2915,97167,,,,,,,,,,,,,,,,,,,,,,,,,,,,,,,,,0.0,0.0
2916,97200,,,,,,,,,,,,,,,,,,,,,,,,,,,,,,,,,0.0,0.0
2917,97233,,,,,,,,,,,,,,,,,,,,,,,,,,,,,,,,,0.0,0.0
2918,97267,,,,,,,,,,,,,,,,,,,,,,,,,,,,,,,look,,0.0,-3.0
2919,97300,,,,,,,,,,,,,,,,,,,,,,,,,,,,,,,look,,0.0,-16.0
2920,97333,,,,,,,,,,,,,,,,,,,,,,,,,,,,,,,look,,0.0,-9.0
2921,97367,,,,,,,,,,,,,,,,,,,,,,,,,,,,,,,look,,0.0,-1.0
2922,97400,,,,,,,,,,,,,,,,,,,,,,,,,,,,,,,,,0.0,0.0
2923,97433,,,,,,,,,,,,,,,,,,,,,,,,,,,,,,,,,0.0,0.0
2924,97467,,,,,,,,,,,,,,,,,,,,,,,,,,,,,,,,,0.0,0.0
2925,97500,,,,,,,,,,,,,,,,,,,,,,,,,,,,,,,,,0.0,0.0
2926,97533,,,,,,,,,,,,,,,,,,,,,,,,,,,,,,,,,0.0,0.0
2927,97567,,,,,,,,,,,,,,,,,,,,,,,,,,,,,,,,,0.0,0.0
2928,97600,,,,,,,,,,,,,,,,,,,,,,,,,,,,,,,,,0.0,0.0
2929,97633,,,,,,,,,,,,,,,,,,,,,,,,,,,,,,,,,0.0,0.0
2930,97667,,,,,,,,,,,,,,,,,,,,,,,,,,,,,,,,,0.0,0.0
2931,97700,,,,,,,,,,,,,,,,,,,,,,,,,,,,,,,,,0.0,0.0
2932,97733,,,,,,,,,,,,,,,,,,,,,,,,,,,,,,,look,,1.0,0.0
2933,97767,,,,,,,,,,,,,,,,,,,,,,,,,,,,,,,,,0.0,0.0
2934,97800,,,,,,,,,,,,,,,,,,,,,,,,,,,,,,,,,0.0,0.0
2935,97833,,,,,,,,,,,,,,,,,,,,,,,,,,,,,,,,,0.0,0.0
2936,97867,,,,,,,,,,,,,,,,,,,,,,,,,,,,,,,,,0.0,0.0
2937,97900,,,,,,,,,,,,,,,,,,,,,,,,,,,,,,,,,0.0,0.0
2938,97933,,,,,,,,,,,,,,,,,,,,,,,,,,,,,,,,,0.0,0.0
2939,97967,,,,,,,,,,,,,,,,,,,,,,,,,,,,,,,,,0.0,0.0
2940,98000,,,,,,,,,,,,,,,,,,,,,,,,,,,,,,,,,0.0,0.0
2941,98033,,,,,,,,,,,,,,,,,,,,,,,,,,,,,,,,,0.0,0.0
2942,98067,,,,,,,,,,,,,,,,,,,,,,,,,,,,,,,,,0.0,0.0
2943,98100,,,,,,,,,,,,,,,,,,,,,,,,,,,,,,,,,0.0,0.0
2944,98133,,,,,,,,,,,,,,,,,,,,,,,,,,,,,,,,,0.0,0.0
2945,98167,,,,,,,,,,,,,,,,,,,,,,,,,,,,,,,,,0.0,0.0
2946,98200,,,,,,,,,,,,,,,,,,,,,,,,,,,,,,,,,0.0,0.0
2947,98233,,,,,,,,,,,,,,,,,,,,,,,,,,,,,,,,,0.0,0.0
2948,98267,,,,,,,,,,,,,,,,,,,,,,,,,,,,,,,,,0.0,0.0
2949,98300,,,,,,,,,,,,,,,,,,,,,,,,,,,,,,,,,0.0,0.0
2950,98333,,,,,,,,,,,,,,,,,,,,,,,,,,,,,,,,,0.0,0.0
2951,98367,,,,,,,,,,,,,,,,,,,,,,,,,,,,,,,,,0.0,0.0
2952,98400,,,,,,,,,,,,,,,,,,,,,,,,,,,,,,,,,0.0,0.0
2953,98433,,,,,,,,,,,,,,,,,,,,,,,,,,,,,,Space,jump,,0.0,0.0
2954,98467,,,,,,,,,,,,,,,,,,,,,,,,,,,,,,Space,jump,,0.0,0.0
2955,98500,,,,,,,,,,,,,,,,,,,,,,,,,,,,,,Space,jump,,0.0,0.0
2956,98533,,,,,,,,,,,,,,,,,,,,,,,,,,,,,,Space,jump,,0.0,0.0
2957,98567,,,,,,,,,,,,,,,,,,,,,,,,,,,,,,Space,jump,,0.0,0.0
2958,98600,,,,,,,,,,,,,,,,,,,,,,,,,,,,,,Space,jump,,0.0,0.0
2959,98633,,,,,,,,,,,,,,,,,,,,,,,,,,,,,,,,,0.0,0.0
2960,98667,,,,,,,,,,,,,,,,,,,,,,,,,,,,,,,,,0.0,0.0
2961,98700,,,,,,,,,,,,,,,,,,,,,,,,,,,,,,,,,0.0,0.0
2962,98733,,,,,,,,,,,,,,,,,,,,,,,,,,,,,,,look,,3.0,0.0
2963,98767,,,,,,,,,,,,,,,,,,,,,,,,,,,,,,,look,,7.0,2.0
2964,98800,,,,,,,,,,,,,,,,,,,,,,,,,,,,,,,look,,13.0,2.0
2965,98833,,,,,,,,,,,,,,,,,,,,,,,,,,,,,,,look,,20.0,3.0
2966,98867,,,,,,,,,,,,,,,,,,,,,,,,,,,,,,,look,,24.0,4.0
2967,98900,,,,,,,,,,,,,,,,,,,,,,,,,,,,,,,look,,30.0,9.0
2968,98933,,,,,,,,,,,,,,,,,,,,,,,,,,,,,,,look,,33.0,12.0
2969,98967,,,,,,,,,,,,,,,,,,,,,,,,,,,,,,,look,,43.0,16.0
2970,99000,,,,,,,,,,,,,,,,,,,,,,,,,,,,,,,look,,28.0,17.0
2971,99033,,,,,,,,,,,,,,,,,,,,,,,,,,,,,,,look,,19.0,18.0
2972,99067,,,,,,,,,,,,,,,,,,,,,,,,,,,,,,,look,,8.0,22.0
2973,99100,,,,,,,,,,,,,,,,,,,,,,,,,,,,,,,look,,-13.0,39.0
2974,99133,,,,,,,,,,,,,,,,,,,,,,,,,,,,,,,look,,-90.0,55.0
2975,99167,,,,,,,,,,,,,,,,,,,,,,,,,,,,,,,look,,-157.0,35.0
2976,99200,,,,,,,,,,,,,,,,,,,,,,,,,,,,,,,look,,-164.0,-16.0
2977,99233,,,,,,,,,,,,,,,,,,,,,,,,,,,,,,,look,,-81.0,-68.0
2978,99267,,,,,,,,,,,,,,,,,,,,,,,,,,,,,,,look,,-22.0,-42.0
2979,99300,,,,,,,,,,,,,,,,,,,,,,,,,,,,,,,look,,-4.0,-33.0
2980,99333,,,,,,,,,,,,,,,,,,,,,,,,,,,,,,,look,,7.0,-32.0
2981,99367,,,,,,,,,,,,,,,,,,,,,,,,,,,,,,,look,,60.0,-57.0
2982,99400,,,,,,,,,,,,,,,,,,,,,,,,,,,,,,,look,,91.0,-58.0
2983,99433,,,,,,,,,,,,,,,,,,,,,,,,,,,,,,,look,,93.0,-43.0
2984,99467,,,,,,,,,,,,,,,,,,,,,,,,,,,,,,,look,,59.0,-16.0
2985,99500,,,,,,,,,,,,,,,,,,,,,,,,,,,,,,,look,,20.0,-1.0
2986,99533,,,,,,,,,,,,,,,,,,,,,,,,,,,,,,,look,,4.0,0.0
2987,99567,,,,,,,,,,,,,,,,,,,,,,,,,,,,,,,,,0.0,0.0
2988,99600,,,,,,,,,,,,,,,,,,,,,,,,,,,,,,,look,,-29.0,4.0
2989,99633,,,,,,,,,,,,,,,,,,,,,,,,,,,,,,,look,,-53.0,11.0
2990,99667,,,,,,,,,,,,,,,,,,,,,,,,,,,,,,,look,,-68.0,20.0
2991,99700,,,,,,,,,,,,,,,,,,,,,,,,,,,,,,,look,,-59.0,24.0
2992,99733,,,,,,,,,,,,,,,,,,,,,,,,,,,,,,,look,,-14.0,6.0
2993,99767,,,,,,,,,,,,,,,,,,,,,,,,,,,,,,,look,,-1.0,1.0
2994,99800,,,,,,,,,,,,,,,,,,,,,,,,,,,,,,,look,,0.0,1.0
2995,99833,,,,,,,,,,,,,,,,,,,,,,,,,,,,,,,look,,0.0,2.0
2996,99867,,,,,,,,,,,,,,,,,,,,,,,,,,,,,,,look,,0.0,2.0
2997,99900,,,,,,,,,,,,,,,,,,,,,,,,,,,,,,,,,0.0,0.0
2998,99933,,,,,,,,,,,,,,,,,,,,,,,,,,,,,,,look,,-12.0,3.0
2999,99967,,,,,,,,,,,,,,,,,,,,,,,,,,,,,,,look,,-74.0,15.0
3000,100000,,,,,,,,,,,,,,,,,,,,,,,,,,,,,,,look,,-137.0,19.0
3001,100033,,,,,,,,,,,,,,,,,,,,,,,,,,,,,,,look,,-114.0,2.0
3002,100067,,,,,,,,,,,,,,,,,,,,,,,,,,,,,,,look,,-55.0,-7.0
3003,100100,,,,,,,,,,,,,,,,,,,,,,,,,,,,,,,look,,-15.0,-6.0
3004,100133,,,,,,,,,,,,,,,,,,,,,,,,,,,,,,,look,,0.0,-1.0
3005,100167,,,,,,,,,,,,,,,,,,,,,,,,,,,,,,W,move_forward,,0.0,0.0
3006,100200,,,,,,,,,,,,,,,,,,,,,,,,,,,,,,W,move_forward,,0.0,0.0
3007,100233,,,,,,,,,,,,,,,,,,,,,,,,,,,,,,W,move_forward,,0.0,0.0
3008,100267,,,,,,,,,,,,,,,,,,,,,,,,,,,,,,W,move_forward,,0.0,0.0
3009,100300,,,,,,,,,,,,,,,,,,,,,,,,,,,,,,W,move_forward,,0.0,0.0
3010,100333,,,,,,,,,,,,,,,,,,,,,,,,,,,,,,W,move_forward,,0.0,0.0
3011,100367,,,,,,,,,,,,,,,,,,,,,,,,,,,,,,W,move_forward|look,,-6.0,0.0
3012,100400,,,,,,,,,,,,,,,,,,,,,,,,,,,,,,W,move_forward|look,,-36.0,13.0
3013,100433,,,,,,,,,,,,,,,,,,,,,,,,,,,,,,W,move_forward|look,,-110.0,17.0
3014,100467,,,,,,,,,,,,,,,,,,,,,,,,,,,,,,W,move_forward|look,,-177.0,5.0
3015,100500,,,,,,,,,,,,,,,,,,,,,,,,,,,,,,W,move_forward|look,,-116.0,-7.0
3016,100533,,,,,,,,,,,,,,,,,,,,,,,,,,,,,,W,move_forward|look,,-39.0,-6.0
3017,100567,,,,,,,,,,,,,,,,,,,,,,,,,,,,,,W,move_forward|look,,-8.0,-1.0
3018,100600,,,,,,,,,,,,,,,,,,,,,,,,,,,,,,W,move_forward,,0.0,0.0
3019,100633,,,,,,,,,,,,,,,,,,,,,,,,,,,,,,W,move_forward,,0.0,0.0
3020,100667,,,,,,,,,,,,,,,,,,,,,,,,,,,,,,W,move_forward,,0.0,0.0
3021,100700,,,,,,,,,,,,,,,,,,,,,,,,,,,,,,W,move_forward,,0.0,0.0
3022,100733,,,,,,,,,,,,,,,,,,,,,,,,,,,,,,W,move_forward,,0.0,0.0
3023,100767,,,,,,,,,,,,,,,,,,,,,,,,,,,,,,W,move_forward,,0.0,0.0
3024,100800,,,,,,,,,,,,,,,,,,,,,,,,,,,,,,W,move_forward|look,,1.0,0.0
3025,100833,,,,,,,,,,,,,,,,,,,,,,,,,,,,,,W,move_forward|look,,1.0,11.0
3026,100867,,,,,,,,,,,,,,,,,,,,,,,,,,,,,,W,move_forward|look,,-77.0,53.0
3027,100900,,,,,,,,,,,,,,,,,,,,,,,,,,,,,,W,move_forward|look,,-339.0,120.0
3028,100933,,,,,,,,,,,,,,,,,,,,,,,,,,,,,,W,move_forward|look,,-289.0,69.0
3029,100967,,,,,,,,,,,,,,,,,,,,,,,,,,,,,,W,move_forward|look,,-164.0,16.0
3030,101000,,,,,,,,,,,,,,,,,,,,,,,,,,,,,,W,move_forward|look,,-34.0,-4.0
3031,101033,,,,,,,,,,,,,,,,,,,,,,,,,,,,,,W,move_forward|look,,-2.0,-2.0
3032,101067,,,,,,,,,,,,,,,,,,,,,,,,,,,,,,W,move_forward,,0.0,0.0
3033,101100,,,,,,,,,,,,,,,,,,,,,,,,,,,,,,,,,0.0,0.0
3034,101133,,,,,,,,,,,,,,,,,,,,,,,,,,,,,,,,,0.0,0.0
3035,101167,,,,,,,,,,,,,,,,,,,,,,,,,,,,,,,,,0.0,0.0
3036,101200,,,,,,,,,,,,,,,,,,,,,,,,,,,,,,,,,0.0,0.0
3037,101233,,,,,,,,,,,,,,,,,,,,,,,,,,,,,,,,,0.0,0.0
3038,101267,,,,,,,,,,,,,,,,,,,,,,,,,,,,,,,,,0.0,0.0
3039,101300,,,,,,,,,,,,,,,,,,,,,,,,,,,,,,,,,0.0,0.0
3040,101333,,,,,,,,,,,,,,,,,,,,,,,,,,,,,,,,,0.0,0.0
3041,101367,,,,,,,,,,,,,,,,,,,,,,,,,,,,,,,look,,-94.0,19.0
3042,101400,,,,,,,,,,,,,,,,,,,,,,,,,,,,,,,look,,-461.0,76.0
3043,101433,,,,,,,,,,,,,,,,,,,,,,,,,,,,,,,look,,-534.0,46.0
3044,101467,,,,,,,,,,,,,,,,,,,,,,,,,,,,,,,look,,-115.0,0.0
3045,101500,,,,,,,,,,,,,,,,,,,,,,,,,,,,,,,look,,-35.0,-1.0
3046,101533,,,,,,,,,,,,,,,,,,,,,,,,,,,,,,,look,,-1.0,-1.0
3047,101567,,,,,,,,,,,,,,,,,,,,,,,,,,,,,,,,,0.0,0.0
3048,101600,,,,,,,,,,,,,,,,,,,,,,,,,,,,,,,,,0.0,0.0
3049,101633,,,,,,,,,,,,,,,,,,,,,,,,,,,,,,,,,0.0,0.0
3050,101667,,,,,,,,,,,,,,,,,,,,,,,,,,,,,,,,,0.0,0.0
3051,101700,,,,,,,,,,,,,,,,,,,,,,,,,,,,,,,,,0.0,0.0
3052,101733,,,,,,,,,,,,,,,,,,,,,,,,,,,,,,,,,0.0,0.0
3053,101767,,,,,,,,,,,,,,,,,,,,,,,,,,,,,,,look,,-46.0,7.0
3054,101800,,,,,,,,,,,,,,,,,,,,,,,,,,,,,,,look,,-270.0,23.0
3055,101833,,,,,,,,,,,,,,,,,,,,,,,,,,,,,,,look,,-274.0,2.0
3056,101867,,,,,,,,,,,,,,,,,,,,,,,,,,,,,,,look,,-206.0,-33.0
3057,101900,,,,,,,,,,,,,,,,,,,,,,,,,,,,,,,look,,-84.0,-22.0
3058,101933,,,,,,,,,,,,,,,,,,,,,,,,,,,,,,,look,,-18.0,-3.0
3059,101967,,,,,,,,,,,,,,,,,,,,,,,,,,,,,,,,,0.0,0.0
3060,102000,,,,,,,,,,,,,,,,,,,,,,,,,,,,,,,,,0.0,0.0
3061,102033,,,,,,,,,,,,,,,,,,,,,,,,,,,,,,,,,0.0,0.0
3062,102067,,,,,,,,,,,,,,,,,,,,,,,,,,,,,,,,,0.0,0.0
3063,102100,,,,,,,,,,,,,,,,,,,,,,,,,,,,,,,,,0.0,0.0
3064,102133,,,,,,,,,,,,,,,,,,,,,,,,,,,,,,,,,0.0,0.0
3065,102167,,,,,,,,,,,,,,,,,,,,,,,,,,,,,,,,,0.0,0.0
3066,102200,,,,,,,,,,,,,,,,,,,,,,,,,,,,,,,,,0.0,0.0
3067,102233,,,,,,,,,,,,,,,,,,,,,,,,,,,,,,,,,0.0,0.0
3068,102267,,,,,,,,,,,,,,,,,,,,,,,,,,,,,,,look,,-4.0,-3.0
3069,102300,,,,,,,,,,,,,,,,,,,,,,,,,,,,,,,look,,-4.0,-7.0
3070,102333,,,,,,,,,,,,,,,,,,,,,,,,,,,,,,,look,,-1.0,-8.0
3071,102367,,,,,,,,,,,,,,,,,,,,,,,,,,,,,,,look,,0.0,-15.0
3072,102400,,,,,,,,,,,,,,,,,,,,,,,,,,,,,,,look,,0.0,-15.0
3073,102433,,,,,,,,,,,,,,,,,,,,,,,,,,,,,,,look,,1.0,-6.0
3074,102467,,,,,,,,,,,,,,,,,,,,,,,,,,,,,,,look,,2.0,-3.0
3075,102500,,,,,,,,,,,,,,,,,,,,,,,,,,,,,,W,move_forward|look,,8.0,-17.0
3076,102533,,,,,,,,,,,,,,,,,,,,,,,,,,,,,,W,move_forward|look,,27.0,-40.0
3077,102567,,,,,,,,,,,,,,,,,,,,,,,,,,,,,,W,move_forward|look,,38.0,-50.0
3078,102600,,,,,,,,,,,,,,,,,,,,,,,,,,,,,,W,move_forward|look,,29.0,-31.0
3079,102633,,,,,,,,,,,,,,,,,,,,,,,,,,,,,,W,move_forward|look,,21.0,-20.0
3080,102667,,,,,,,,,,,,,,,,,,,,,,,,,,,,,,W,move_forward|look,,7.0,-7.0
3081,102700,,,,,,,,,,,,,,,,,,,,,,,,,,,,,,W,move_forward|look,,2.0,-1.0
3082,102733,,,,,,,,,,,,,,,,,,,,,,,,,,,,,,W,move_forward,,0.0,0.0
3083,102767,,,,,,,,,,,,,,,,,,,,,,,,,,,,,,W,move_forward,,0.0,0.0
3084,102800,,,,,,,,,,,,,,,,,,,,,,,,,,,,,,W,move_forward,,0.0,0.0
3085,102833,,,,,,,,,,,,,,,,,,,,,,,,,,,,,,W,move_forward,,0.0,0.0
3086,102867,,,,,,,,,,,,,,,,,,,,,,,,,,,,,,W,move_forward,,0.0,0.0
3087,102900,,,,,,,,,,,,,,,,,,,,,,,,,,,,,,W,move_forward,,0.0,0.0
3088,102933,,,,,,,,,,,,,,,,,,,,,,,,,,,,,,W,move_forward,,0.0,0.0
3089,102967,,,,,,,,,,,,,,,,,,,,,,,,,,,,,,W,move_forward,,0.0,0.0
3090,103000,,,,,,,,,,,,,,,,,,,,,,,,,,,,,,W,move_forward,,0.0,0.0
3091,103033,,,,,,,,,,,,,,,,,,,,,,,,,,,,,,W,move_forward,,0.0,0.0
3092,103067,,,,,,,,,,,,,,,,,,,,,,,,,,,,,,W,move_forward,,0.0,0.0
3093,103100,,,,,,,,,,,,,,,,,,,,,,,,,,,,,,W,move_forward,,0.0,0.0
3094,103133,,,,,,,,,,,,,,,,,,,,,,,,,,,,,,W,move_forward,,0.0,0.0
3095,103167,,,,,,,,,,,,,,,,,,,,,,,,,,,,,,W,move_forward,,0.0,0.0
3096,103200,,,,,,,,,,,,,,,,,,,,,,,,,,,,,,W,move_forward,,0.0,0.0
3097,103233,,,,,,,,,,,,,,,,,,,,,,,,,,,,,,W,move_forward,,0.0,0.0
3098,103267,,,,,,,,,,,,,,,,,,,,,,,,,,,,,,W,move_forward,,0.0,0.0
3099,103300,,,,,,,,,,,,,,,,,,,,,,,,,,,,,,W,move_forward|look,,0.0,-2.0
3100,103333,,,,,,,,,,,,,,,,,,,,,,,,,,,,,,W,move_forward|look,,2.0,-8.0
3101,103367,,,,,,,,,,,,,,,,,,,,,,,,,,,,,,W,move_forward|look,,3.0,-12.0
3102,103400,,,,,,,,,,,,,,,,,,,,,,,,,,,,,,W,move_forward|look,,7.0,-20.0
3103,103433,,,,,,,,,,,,,,,,,,,,,,,,,,,,,,W,move_forward|look,,9.0,-37.0
3104,103467,,,,,,,,,,,,,,,,,,,,,,,,,,,,,,W,move_forward|look,,5.0,-53.0
3105,103500,,,,,,,,,,,,,,,,,,,,,,,,,,,,,,W,move_forward|look,,8.0,-58.0
3106,103533,,,,,,,,,,,,,,,,,,,,,,,,,,,,,,W,move_forward|look,,11.0,-26.0
3107,103567,,,,,,,,,,,,,,,,,,,,,,,,,,,,,,W,move_forward|look,,3.0,18.0
3108,103600,,,,,,,,,,,,,,,,,,,,,,,,,,,,,,W,move_forward|look,,-99.0,254.0
3109,103633,,,,,,,,,,,,,,,,,,,,,,,,,,,,,,W,move_forward|look,,-165.0,267.0
3110,103667,,,,,,,,,,,,,,,,,,,,,,,,,,,,,,W,move_forward|look,,-108.0,99.0
3111,103700,,,,,,,,,,,,,,,,,,,,,,,,,,,,,,W,move_forward|look,,-52.0,19.0
3112,103733,,,,,,,,,,,,,,,,,,,,,,,,,,,,,,W,move_forward|look,,-2.0,0.0
3113,103767,,,,,,,,,,,,,,,,,,,,,,,,,,,,,,W,move_forward|look,,49.0,-14.0
3114,103800,,,,,,,,,,,,,,,,,,,,,,,,,,,,,,W,move_forward|look,,125.0,-18.0
3115,103833,,,,,,,,,,,,,,,,,,,,,,,,,,,,,,W,move_forward|look,,136.0,-2.0
3116,103867,,,,,,,,,,,,,,,,,,,,,,,,,,,,,,W,move_forward|look,,66.0,5.0
3117,103900,,,,,,,,,,,,,,,,,,,,,,,,,,,,,,W,move_forward|look,,9.0,8.0
3118,103933,,,,,,,,,,,,,,,,,,,,,,,,,,,,,,W,move_forward|look,,-47.0,5.0
3119,103967,,,,,,,,,,,,,,,,,,,,,,,,,,,,,,W,move_forward|look,,-26.0,-5.0
3120,104000,,,,,,,,,,,,,,,,,,,,,,,,,,,,,,W,move_forward|look,,-6.0,-11.0
3121,104033,,,,,,,,,,,,,,,,,,,,,,,,,,,,,,W,move_forward|look,,1.0,-15.0
3122,104067,,,,,,,,,,,,,,,,,,,,,,,,,,,,,,W,move_forward|look,,36.0,-22.0
3123,104100,,,,,,,,,,,,,,,,,,,,,,,,,,,,,,W,move_forward|look,,62.0,-23.0
3124,104133,,,,,,,,,,,,,,,,,,,,,,,,,,,,,,W,move_forward|look,,53.0,-23.0
3125,104167,,,,,,,,,,,,,,,,,,,,,,,,,,,,,,W,move_forward|look,,32.0,-19.0
3126,104200,,,,,,,,,,,,,,,,,,,,,,,,,,,,,,W,move_forward|look,,22.0,-22.0
3127,104233,,,,,,,,,,,,,,,,,,,,,,,,,,,,,,W,move_forward|look,,2.0,-12.0
3128,104267,,,,,,,,,,,,,,,,,,,,,,,,,,,,,,W,move_forward|look,,-6.0,-10.0
3129,104300,,,,,,,,,,,,,,,,,,,,,,,,,,,,,,W,move_forward|look,,-10.0,-9.0
3130,104333,,,,,,,,,,,,,,,,,,,,,,,,,,,,,,W,move_forward|look,,-6.0,-6.0
3131,104367,,,,,,,,,,,,,,,,,,,,,,,,,,,,,,W,move_forward|look,,-3.0,-6.0
3132,104400,,,,,,,,,,,,,,,,,,,,,,,,,,,,,,W,move_forward|look,,0.0,-8.0
3133,104433,,,,,,,,,,,,,,,,,,,,,,,,,,,,,,W,move_forward|look,,8.0,-17.0
3134,104467,,,,,,,,,,,,,,,,,,,,,,,,,,,,,,W,move_forward|look,,16.0,-12.0
3135,104500,,,,,,,,,,,,,,,,,,,,,,,,,,,,,,W,move_forward|look,,7.0,-1.0
3136,104533,,,,,,,,,,,,,,,,,,,,,,,,,,,,,,W,move_forward,,0.0,0.0
3137,104567,,,,,,,,,,,,,,,,,,,,,,,,,,,,,,,,,0.0,0.0
3138,104600,,,,,,,,,,,,,,,,,,,,,,,,,,,,,,,,,0.0,0.0
3139,104633,,,,,,,,,,,,,,,,,,,,,,,,,,,,,,,,,0.0,0.0
3140,104667,,,,,,,,,,,,,,,,,,,,,,,,,,,,,,,look,,67.0,-34.0
3141,104700,,,,,,,,,,,,,,,,,,,,,,,,,,,,,,,look,,324.0,-114.0
3142,104733,,,,,,,,,,,,,,,,,,,,,,,,,,,,,,,look,,303.0,-55.0
3143,104767,,,,,,,,,,,,,,,,,,,,,,,,,,,,,,,look,,277.0,-11.0
3144,104800,,,,,,,,,,,,,,,,,,,,,,,,,,,,,,,look,,161.0,4.0
3145,104833,,,,,,,,,,,,,,,,,,,,,,,,,,,,,,,look,,169.0,42.0
3146,104867,,,,,,,,,,,,,,,,,,,,,,,,,,,,,,,look,,135.0,50.0
3147,104900,,,,,,,,,,,,,,,,,,,,,,,,,,,,,,,look,,158.0,51.0
3148,104933,,,,,,,,,,,,,,,,,,,,,,,,,,,,,,,look,,147.0,49.0
3149,104967,,,,,,,,,,,,,,,,,,,,,,,,,,,,,,,look,,41.0,29.0
3150,105000,,,,,,,,,,,,,,,,,,,,,,,,,,,,,,,,,0.0,0.0
3151,105033,,,,,,,,,,,,,,,,,,,,,,,,,,,,,,,,,0.0,0.0
3152,105067,,,,,,,,,,,,,,,,,,,,,,,,,,,,,,,,,0.0,0.0
3153,105100,,,,,,,,,,,,,,,,,,,,,,,,,,,,,,,,,0.0,0.0
3154,105133,,,,,,,,,,,,,,,,,,,,,,,,,,,,,,,,,0.0,0.0
3155,105167,,,,,,,,,,,,,,,,,,,,,,,,,,,,,,,,,0.0,0.0
3156,105200,,,,,,,,,,,,,,,,,,,,,,,,,,,,,,,look,,31.0,-3.0
3157,105233,,,,,,,,,,,,,,,,,,,,,,,,,,,,,,,look,,73.0,-6.0
3158,105267,,,,,,,,,,,,,,,,,,,,,,,,,,,,,,,look,,159.0,-5.0
3159,105300,,,,,,,,,,,,,,,,,,,,,,,,,,,,,,,look,,142.0,-7.0
3160,105333,,,,,,,,,,,,,,,,,,,,,,,,,,,,,,,look,,118.0,-15.0
3161,105367,,,,,,,,,,,,,,,,,,,,,,,,,,,,,,,look,,64.0,-11.0
3162,105400,,,,,,,,,,,,,,,,,,,,,,,,,,,,,,,look,,18.0,-3.0
3163,105433,,,,,,,,,,,,,,,,,,,,,,,,,,,,,,,look,,2.0,-1.0
3164,105467,,,,,,,,,,,,,,,,,,,,,,,,,,,,,,,look,,-7.0,-3.0
3165,105500,,,,,,,,,,,,,,,,,,,,,,,,,,,,,,,look,,-25.0,-3.0
3166,105533,,,,,,,,,,,,,,,,,,,,,,,,,,,,,,,look,,-43.0,-2.0
3167,105567,,,,,,,,,,,,,,,,,,,,,,,,,,,,,,,look,,-46.0,-4.0
3168,105600,,,,,,,,,,,,,,,,,,,,,,,,,,,,,,,look,,-30.0,-7.0
3169,105633,,,,,,,,,,,,,,,,,,,,,,,,,,,,,,,look,,-5.0,-2.0
3170,105667,,,,,,,,,,,,,,,,,,,,,,,,,,,,,,,look,,-8.0,-6.0
3171,105700,,,,,,,,,,,,,,,,,,,,,,,,,,,,,,,look,,-29.0,-17.0
3172,105733,,,,,,,,,,,,,,,,,,,,,,,,,,,,,,,look,,-45.0,-42.0
3173,105767,,,,,,,,,,,,,,,,,,,,,,,,,,,,,,,look,,-22.0,-32.0
3174,105800,,,,,,,,,,,,,,,,,,,,,,,,,,,,,,,look,,-5.0,-9.0
3175,105833,,,,,,,,,,,,,,,,,,,,,,,,,,,,,,,look,,-2.0,0.0
3176,105867,,,,,,,,,,,,,,,,,,,,,,,,,,,,,,,look,,-8.0,12.0
3177,105900,,,,,,,,,,,,,,,,,,,,,,,,,,,,,,W,move_forward|look,,-13.0,16.0
3178,105933,,,,,,,,,,,,,,,,,,,,,,,,,,,,,,W,move_forward|look,,-3.0,3.0
3179,105967,,,,,,,,,,,,,,,,,,,,,,,,,,,,,,W,move_forward|look,,0.0,1.0
3180,106000,,,,,,,,,,,,,,,,,,,,,,,,,,,,,,W,move_forward|look,,0.0,3.0
3181,106033,,,,,,,,,,,,,,,,,,,,,,,,,,,,,,W,move_forward|look,,0.0,12.0
3182,106067,,,,,,,,,,,,,,,,,,,,,,,,,,,,,,W,move_forward|look,,3.0,19.0
3183,106100,,,,,,,,,,,,,,,,,,,,,,,,,,,,,,W,move_forward|look,,-4.0,22.0
3184,106133,,,,,,,,,,,,,,,,,,,,,,,,,,,,,,W,move_forward|look,,-39.0,38.0
3185,106167,,,,,,,,,,,,,,,,,,,,,,,,,,,,,,W,move_forward|look,,-64.0,46.0
3186,106200,,,,,,,,,,,,,,,,,,,,,,,,,,,,,,W,move_forward|look,,-65.0,34.0
3187,106233,,,,,,,,,,,,,,,,,,,,,,,,,,,,,,W,move_forward|look,,-28.0,10.0
3188,106267,,,,,,,,,,,,,,,,,,,,,,,,,,,,,,W,move_forward|look,,-15.0,5.0
3189,106300,,,,,,,,,,,,,,,,,,,,,,,,,,,,,,W,move_forward|look,,-13.0,5.0
3190,106333,,,,,,,,,,,,,,,,,,,,,,,,,,,,,,W,move_forward|look,,-16.0,5.0
3191,106367,,,,,,,,,,,,,,,,,,,,,,,,,,,,,,W,move_forward|look,,-8.0,2.0
3192,106400,,,,,,,,,,,,,,,,,,,,,,,,,,,,,,W,move_forward|look,,-2.0,0.0
3193,106433,,,,,,,,,,,,,,,,,,,,,,,,,,,,,,W,move_forward|look,,-3.0,1.0
3194,106467,,,,,,,,,,,,,,,,,,,,,,,,,,,,,,W,move_forward|look,,-9.0,2.0
3195,106500,,,,,,,,,,,,,,,,,,,,,,,,,,,,,,W,move_forward|look,,-27.0,4.0
3196,106533,,,,,,,,,,,,,,,,,,,,,,,,,,,,,,W,move_forward|look,,-68.0,12.0
3197,106567,,,,,,,,,,,,,,,,,,,,,,,,,,,,,,W,move_forward|look,,-99.0,23.0
3198,106600,,,,,,,,,,,,,,,,,,,,,,,,,,,,,,W,move_forward|look,,-106.0,44.0
3199,106633,,,,,,,,,,,,,,,,,,,,,,,,,,,,,,W,move_forward|look,,-71.0,52.0
3200,106667,,,,,,,,,,,,,,,,,,,,,,,,,,,,,,W,move_forward|look,,-26.0,23.0
3201,106700,,,,,,,,,,,,,,,,,,,,,,,,,,,,,,W,move_forward,,0.0,0.0
3202,106733,,,,,,,,,,,,,,,,,,,,,,,,,,,,,,W,move_forward,,0.0,0.0
3203,106767,,,,,,,,,,,,,,,,,,,,,,,,,,,,,,W,move_forward,,0.0,0.0
3204,106800,,,,,,,,,,,,,,,,,,,,,,,,,,,,,,W,move_forward,,0.0,0.0
3205,106833,,,,,,,,,,,,,,,,,,,,,,,,,,,,,,W,move_forward,,0.0,0.0
3206,106867,,,,,,,,,,,,,,,,,,,,,,,,,,,,,,W,move_forward|look,,-13.0,1.0
3207,106900,,,,,,,,,,,,,,,,,,,,,,,,,,,,,,W,move_forward|look,,-239.0,56.0
3208,106933,,,,,,,,,,,,,,,,,,,,,,,,,,,,,,W,move_forward|look,,-703.0,139.0
3209,106967,,,,,,,,,,,,,,,,,,,,,,,,,,,,,,W,move_forward|look,,-608.0,128.0
3210,107000,,,,,,,,,,,,,,,,,,,,,,,,,,,,,,W,move_forward|look,,-229.0,49.0
3211,107033,,,,,,,,,,,,,,,,,,,,,,,,,,,,,,W,move_forward|look,,-76.0,10.0
3212,107067,,,,,,,,,,,,,,,,,,,,,,,,,,,,,,W,move_forward|look,,-4.0,0.0
3213,107100,,,,,,,,,,,,,,,,,,,,,,,,,,,,,,W,move_forward,,0.0,0.0
3214,107133,,,,,,,,,,,,,,,,,,,,,,,,,,,,,,W,move_forward,,0.0,0.0
3215,107167,,,,,,,,,,,,,,,,,,,,,,,,,,,,,,W,move_forward,,0.0,0.0
3216,107200,,,,,,,,,,,,,,,,,,,,,,,,,,,,,,W,move_forward,,0.0,0.0
3217,107233,,,,,,,,,,,,,,,,,,,,,,,,,,,,,,W,move_forward,,0.0,0.0
3218,107267,,,,,,,,,,,,,,,,,,,,,,,,,,,,,,W,move_forward,,0.0,0.0
3219,107300,,,,,,,,,,,,,,,,,,,,,,,,,,,,,,W,move_forward|look,,-46.0,-3.0
3220,107333,,,,,,,,,,,,,,,,,,,,,,,,,,,,,,W,move_forward|look,,-116.0,-15.0
3221,107367,,,,,,,,,,,,,,,,,,,,,,,,,,,,,,W,move_forward|look,,-178.0,-33.0
3222,107400,,,,,,,,,,,,,,,,,,,,,,,,,,,,,,W,move_forward|look,,-104.0,-30.0
3223,107433,,,,,,,,,,,,,,,,,,,,,,,,,,,,,,W,move_forward|look,,-65.0,-47.0
3224,107467,,,,,,,,,,,,,,,,,,,,,,,,,,,,,,W,move_forward|look,,-31.0,-43.0
3225,107500,,,,,,,,,,,,,,,,,,,,,,,,,,,,,,W,move_forward|look,,-6.0,-21.0
3226,107533,,,,,,,,,,,,,,,,,,,,,,,,,,,,,,W,move_forward|look,,0.0,-10.0
3227,107567,,,,,,,,,,,,,,,,,,,,,,,,,,,,,,,,,0.0,0.0
3228,107600,,,,,,,,,,,,,,,,,,,,,,,,,,,,,,,,,0.0,0.0
3229,107633,,,,,,,,,,,,,,,,,,,,,,,,,,,,,,,,,0.0,0.0
3230,107667,,,,,,,,,,,,,,,,,,,,,,,,,,,,,,,,,0.0,0.0
3231,107700,,,,,,,,,,,,,,,,,,,,,,,,,,,,,,W,move_forward,,0.0,0.0
3232,107733,,,,,,,,,,,,,,,,,,,,,,,,,,,,,,W,move_forward,,0.0,0.0
3233,107767,,,,,,,,,,,,,,,,,,,,,,,,,,,,,,W,move_forward|look,,-35.0,-6.0
3234,107800,,,,,,,,,,,,,,,,,,,,,,,,,,,,,,W,move_forward|look,,-63.0,-20.0
3235,107833,,,,,,,,,,,,,,,,,,,,,,,,,,,,,,W,move_forward|look,,-67.0,-17.0
3236,107867,,,,,,,,,,,,,,,,,,,,,,,,,,,,,,W,move_forward|look,,-68.0,-15.0
3237,107900,,,,,,,,,,,,,,,,,,,,,,,,,,,,,,W,move_forward|look,,-54.0,-22.0
3238,107933,,,,,,,,,,,,,,,,,,,,,,,,,,,,,,W,move_forward|look,,-18.0,-17.0
3239,107967,,,,,,,,,,,,,,,,,,,,,,,,,,,,,,W,move_forward|look,,-4.0,-9.0
3240,108000,,,,,,,,,,,,,,,,,,,,,,,,,,,,,,W,move_forward|look,,0.0,-7.0
3241,108033,,,,,,,,,,,,,,,,,,,,,,,,,,,,,,W,move_forward|look,,0.0,-9.0
3242,108067,,,,,,,,,,,,,,,,,,,,,,,,,,,,,,W,move_forward|look,,8.0,-6.0
3243,108100,,,,,,,,,,,,,,,,,,,,,,,,,,,,,,W,move_forward|look,,14.0,-3.0
3244,108133,,,,,,,,,,,,,,,,,,,,,,,,,,,,,,W,move_forward|look,,7.0,0.0
3245,108167,,,,,,,,,,,,,,,,,,,,,,,,,,,,,,W,move_forward|look,,2.0,0.0
3246,108200,,,,,,,,,,,,,,,,,,,,,,,,,,,,,,W,move_forward,,0.0,0.0
3247,108233,,,,,,,,,,,,,,,,,,,,,,,,,,,,,,W,move_forward,,0.0,0.0
3248,108267,,,,,,,,,,,,,,,,,,,,,,,,,,,,,,W,move_forward,,0.0,0.0
3249,108300,,,,,,,,,,,,,,,,,,,,,,,,,,,,,,W,move_forward,,0.0,0.0
3250,108333,,,,,,,,,,,,,,,,,,,,,,,,,,,,,,,,,0.0,0.0
3251,108367,,,,,,,,,,,,,,,,,,,,,,,,,,,,,,,fire,Left,0.0,0.0
3252,108400,,,,,,,,,,,,,,,,,,,,,,,,,,,,,,,fire,Left,0.0,0.0
3253,108433,,,,,,,,,,,,,,,,,,,,,,,,,,,,,,,fire,Left,0.0,0.0
3254,108467,,,,,,,,,,,,,,,,,,,,,,,,,,,,,,,fire,Left,0.0,0.0
3255,108500,,,,,,,,,,,,,,,,,,,,,,,,,,,,,,,fire,Left,0.0,0.0
3256,108533,,,,,,,,,,,,,,,,,,,,,,,,,,,,,,,fire,Left,0.0,0.0
3257,108567,,,,,,,,,,,,,,,,,,,,,,,,,,,,,,,fire,Left,0.0,0.0
3258,108600,,,,,,,,,,,,,,,,,,,,,,,,,,,,,,,,,0.0,0.0
3259,108633,,,,,,,,,,,,,,,,,,,,,,,,,,,,,,,,,0.0,0.0
3260,108667,,,,,,,,,,,,,,,,,,,,,,,,,,,,,,,,,0.0,0.0
3261,108700,,,,,,,,,,,,,,,,,,,,,,,,,,,,,,,,,0.0,0.0
3262,108733,,,,,,,,,,,,,,,,,,,,,,,,,,,,,,,,,0.0,0.0
3263,108767,,,,,,,,,,,,,,,,,,,,,,,,,,,,,,,,,0.0,0.0
3264,108800,,,,,,,,,,,,,,,,,,,,,,,,,,,,,,,look,,51.0,-9.0
3265,108833,,,,,,,,,,,,,,,,,,,,,,,,,,,,,,,look,,191.0,-28.0
3266,108867,,,,,,,,,,,,,,,,,,,,,,,,,,,,,,,look,,303.0,-35.0
3267,108900,,,,,,,,,,,,,,,,,,,,,,,,,,,,,,,look,,162.0,-5.0
3268,108933,,,,,,,,,,,,,,,,,,,,,,,,,,,,,,,look,,68.0,0.0
3269,108967,,,,,,,,,,,,,,,,,,,,,,,,,,,,,,,look,,3.0,0.0
3270,109000,,,,,,,,,,,,,,,,,,,,,,,,,,,,,,W,move_forward,,0.0,0.0
3271,109033,,,,,,,,,,,,,,,,,,,,,,,,,,,,,,W,move_forward,,0.0,0.0
3272,109067,,,,,,,,,,,,,,,,,,,,,,,,,,,,,,W,move_forward|look,,-3.0,-4.0
3273,109100,,,,,,,,,,,,,,,,,,,,,,,,,,,,,,W,move_forward|look,,-4.0,-3.0
3274,109133,,,,,,,,,,,,,,,,,,,,,,,,,,,,,,W,move_forward|look,,-9.0,-4.0
3275,109167,,,,,,,,,,,,,,,,,,,,,,,,,,,,,,W,move_forward|look,,-9.0,-3.0
3276,109200,,,,,,,,,,,,,,,,,,,,,,,,,,,,,,W,move_forward|fire|look,Left,0.0,-1.0
3277,109233,,,,,,,,,,,,,,,,,,,,,,,,,,,,,,W,move_forward|fire,Left,0.0,0.0
3278,109267,,,,,,,,,,,,,,,,,,,,,,,,,,,,,,W,move_forward|fire,Left,0.0,0.0
3279,109300,,,,,,,,,,,,,,,,,,,,,,,,,,,,,,W,move_forward|fire,Left,0.0,0.0
3280,109333,,,,,,,,,,,,,,,,,,,,,,,,,,,,,,W,move_forward|fire,Left,0.0,0.0
3281,109367,,,,,,,,,,,,,,,,,,,,,,,,,,,,,,W,move_forward,,0.0,0.0
3282,109400,,,,,,,,,,,,,,,,,,,,,,,,,,,,,,W,move_forward,,0.0,0.0
3283,109433,,,,,,,,,,,,,,,,,,,,,,,,,,,,,,W,move_forward,,0.0,0.0
3284,109467,,,,,,,,,,,,,,,,,,,,,,,,,,,,,,W,move_forward,,0.0,0.0
3285,109500,,,,,,,,,,,,,,,,,,,,,,,,,,,,,,W,move_forward,,0.0,0.0
3286,109533,,,,,,,,,,,,,,,,,,,,,,,,,,,,,,W,move_forward|look,,21.0,0.0
3287,109567,,,,,,,,,,,,,,,,,,,,,,,,,,,,,,W,move_forward|look,,50.0,-6.0
3288,109600,,,,,,,,,,,,,,,,,,,,,,,,,,,,,,W,move_forward|look,,53.0,-12.0
3289,109633,,,,,,,,,,,,,,,,,,,,,,,,,,,,,,W,move_forward|look,,51.0,-17.0
3290,109667,,,,,,,,,,,,,,,,,,,,,,,,,,,,,,W,move_forward|look,,16.0,-4.0
3291,109700,,,,,,,,,,,,,,,,,,,,,,,,,,,,,,,fire|look,Left,1.0,0.0
3292,109733,,,,,,,,,,,,,,,,,,,,,,,,,,,,,,,fire,Left,0.0,0.0
3293,109767,,,,,,,,,,,,,,,,,,,,,,,,,,,,,,,fire,Left,0.0,0.0
3294,109800,,,,,,,,,,,,,,,,,,,,,,,,,,,,,,,fire,Left,0.0,0.0
3295,109833,,,,,,,,,,,,,,,,,,,,,,,,,,,,,,,fire,Left,0.0,0.0
3296,109867,,,,,,,,,,,,,,,,,,,,,,,,,,,,,,,fire,Left,0.0,0.0
3297,109900,,,,,,,,,,,,,,,,,,,,,,,,,,,,,,,fire,Left,0.0,0.0
3298,109933,,,,,,,,,,,,,,,,,,,,,,,,,,,,,,,,,0.0,0.0
3299,109967,,,,,,,,,,,,,,,,,,,,,,,,,,,,,,,,,0.0,0.0
3300,110000,,,,,,,,,,,,,,,,,,,,,,,,,,,,,,,,,0.0,0.0
3301,110033,,,,,,,,,,,,,,,,,,,,,,,,,,,,,,,look,,-5.0,0.0
3302,110067,,,,,,,,,,,,,,,,,,,,,,,,,,,,,,W,move_forward,,0.0,0.0
3303,110100,,,,,,,,,,,,,,,,,,,,,,,,,,,,,,W,move_forward|look,,6.0,-4.0
3304,110133,,,,,,,,,,,,,,,,,,,,,,,,,,,,,,W,move_forward|look,,34.0,-30.0
3305,110167,,,,,,,,,,,,,,,,,,,,,,,,,,,,,,W,move_forward|look,,73.0,-127.0
3306,110200,,,,,,,,,,,,,,,,,,,,,,,,,,,,,,W,move_forward|look,,63.0,-154.0
3307,110233,,,,,,,,,,,,,,,,,,,,,,,,,,,,,,W,move_forward|look,,32.0,-76.0
3308,110267,,,,,,,,,,,,,,,,,,,,,,,,,,,,,,W,move_forward|look,,7.0,-17.0
3309,110300,,,,,,,,,,,,,,,,,,,,,,,,,,,,,,W,move_forward|look,,1.0,-1.0
3310,110333,,,,,,,,,,,,,,,,,,,,,,,,,,,,,,W,move_forward|look,,1.0,0.0
3311,110367,,,,,,,,,,,,,,,,,,,,,,,,,,,,,,W,move_forward,,0.0,0.0
3312,110400,,,,,,,,,,,,,,,,,,,,,,,,,,,,,,W,move_forward,,0.0,0.0
3313,110433,,,,,,,,,,,,,,,,,,,,,,,,,,,,,,W,move_forward,,0.0,0.0
3314,110467,,,,,,,,,,,,,,,,,,,,,,,,,,,,,,W,move_forward,,0.0,0.0
3315,110500,,,,,,,,,,,,,,,,,,,,,,,,,,,,,,W,move_forward,,0.0,0.0
3316,110533,,,,,,,,,,,,,,,,,,,,,,,,,,,,,,W,move_forward|fire,Left,0.0,0.0
3317,110567,,,,,,,,,,,,,,,,,,,,,,,,,,,,,,W,move_forward|fire,Left,0.0,0.0
3318,110600,,,,,,,,,,,,,,,,,,,,,,,,,,,,,,W,move_forward|fire,Left,0.0,0.0
3319,110633,,,,,,,,,,,,,,,,,,,,,,,,,,,,,,W,move_forward|fire,Left,0.0,0.0
3320,110667,,,,,,,,,,,,,,,,,,,,,,,,,,,,,,W,move_forward|fire,Left,0.0,0.0
3321,110700,,,,,,,,,,,,,,,,,,,,,,,,,,,,,,W,move_forward|fire,Left,0.0,0.0
3322,110733,,,,,,,,,,,,,,,,,,,,,,,,,,,,,,W,move_forward,,0.0,0.0
3323,110767,,,,,,,,,,,,,,,,,,,,,,,,,,,,,,W,move_forward,,0.0,0.0
3324,110800,,,,,,,,,,,,,,,,,,,,,,,,,,,,,,W,move_forward,,0.0,0.0
3325,110833,,,,,,,,,,,,,,,,,,,,,,,,,,,,,,W,move_forward,,0.0,0.0
3326,110867,,,,,,,,,,,,,,,,,,,,,,,,,,,,,,W,move_forward,,0.0,0.0
3327,110900,,,,,,,,,,,,,,,,,,,,,,,,,,,,,,W,move_forward,,0.0,0.0
3328,110933,,,,,,,,,,,,,,,,,,,,,,,,,,,,,,W,move_forward,,0.0,0.0
3329,110967,,,,,,,,,,,,,,,,,,,,,,,,,,,,,,W,move_forward|look,,8.0,-1.0
3330,111000,,,,,,,,,,,,,,,,,,,,,,,,,,,,,,W,move_forward|look,,3.0,0.0
3331,111033,,,,,,,,,,,,,,,,,,,,,,,,,,,,,,W,move_forward|look,,1.0,0.0
3332,111067,,,,,,,,,,,,,,,,,,,,,,,,,,,,,,W,move_forward|fire,Left,0.0,0.0
3333,111100,,,,,,,,,,,,,,,,,,,,,,,,,,,,,,W,move_forward|fire,Left,0.0,0.0
3334,111133,,,,,,,,,,,,,,,,,,,,,,,,,,,,,,W,move_forward|fire,Left,0.0,0.0
3335,111167,,,,,,,,,,,,,,,,,,,,,,,,,,,,,,W,move_forward|fire,Left,0.0,0.0
3336,111200,,,,,,,,,,,,,,,,,,,,,,,,,,,,,,,fire,Left,0.0,0.0
3337,111233,,,,,,,,,,,,,,,,,,,,,,,,,,,,,,,,,0.0,0.0
3338,111267,,,,,,,,,,,,,,,,,,,,,,,,,,,,,,,,,0.0,0.0
3339,111300,,,,,,,,,,,,,,,,,,,,,,,,,,,,,,,,,0.0,0.0
3340,111333,,,,,,,,,,,,,,,,,,,,,,,,,,,,,,,,,0.0,0.0
3341,111367,,,,,,,,,,,,,,,,,,,,,,,,,,,,,,,,,0.0,0.0
3342,111400,,,,,,,,,,,,,,,,,,,,,,,,,,,,,,,look,,16.0,0.0
3343,111433,,,,,,,,,,,,,,,,,,,,,,,,,,,,,,,look,,185.0,0.0
3344,111467,,,,,,,,,,,,,,,,,,,,,,,,,,,,,,,look,,251.0,0.0
3345,111500,,,,,,,,,,,,,,,,,,,,,,,,,,,,,,,look,,251.0,24.0
3346,111533,,,,,,,,,,,,,,,,,,,,,,,,,,,,,,,look,,130.0,14.0
3347,111567,,,,,,,,,,,,,,,,,,,,,,,,,,,,,,,look,,59.0,8.0
3348,111600,,,,,,,,,,,,,,,,,,,,,,,,,,,,,,,look,,18.0,5.0
3349,111633,,,,,,,,,,,,,,,,,,,,,,,,,,,,,,,look,,3.0,1.0
3350,111667,,,,,,,,,,,,,,,,,,,,,,,,,,,,,,,look,,1.0,0.0
3351,111700,,,,,,,,,,,,,,,,,,,,,,,,,,,,,,,,,0.0,0.0
3352,111733,,,,,,,,,,,,,,,,,,,,,,,,,,,,,,,,,0.0,0.0
3353,111767,,,,,,,,,,,,,,,,,,,,,,,,,,,,,,,,,0.0,0.0
3354,111800,,,,,,,,,,,,,,,,,,,,,,,,,,,,,,,,,0.0,0.0
3355,111833,,,,,,,,,,,,,,,,,,,,,,,,,,,,,,W,move_forward,,0.0,0.0
3356,111867,,,,,,,,,,,,,,,,,,,,,,,,,,,,,,W,move_forward,,0.0,0.0
3357,111900,,,,,,,,,,,,,,,,,,,,,,,,,,,,,,W,move_forward|look,,-25.0,-6.0
3358,111933,,,,,,,,,,,,,,,,,,,,,,,,,,,,,,W,move_forward|look,,-110.0,-12.0
3359,111967,,,,,,,,,,,,,,,,,,,,,,,,,,,,,,W,move_forward|look,,-109.0,0.0
3360,112000,,,,,,,,,,,,,,,,,,,,,,,,,,,,,,W,move_forward|look,,-75.0,1.0
3361,112033,,,,,,,,,,,,,,,,,,,,,,,,,,,,,,W,move_forward|look,,-30.0,0.0
3362,112067,,,,,,,,,,,,,,,,,,,,,,,,,,,,,,W,move_forward|look,,-10.0,0.0
3363,112100,,,,,,,,,,,,,,,,,,,,,,,,,,,,,,W,move_forward|look,,-12.0,0.0
3364,112133,,,,,,,,,,,,,,,,,,,,,,,,,,,,,,W,move_forward|look,,-18.0,0.0
3365,112167,,,,,,,,,,,,,,,,,,,,,,,,,,,,,,W,move_forward|look,,-61.0,2.0
3366,112200,,,,,,,,,,,,,,,,,,,,,,,,,,,,,,W,move_forward|look,,-130.0,34.0
3367,112233,,,,,,,,,,,,,,,,,,,,,,,,,,,,,,W,move_forward|look,,-238.0,50.0
3368,112267,,,,,,,,,,,,,,,,,,,,,,,,,,,,,,W,move_forward|look,,-171.0,6.0
3369,112300,,,,,,,,,,,,,,,,,,,,,,,,,,,,,,W,move_forward|look,,-125.0,-9.0
3370,112333,,,,,,,,,,,,,,,,,,,,,,,,,,,,,,,look,,-55.0,0.0
3371,112367,,,,,,,,,,,,,,,,,,,,,,,,,,,,,,,look,,-21.0,5.0
3372,112400,,,,,,,,,,,,,,,,,,,,,,,,,,,,,,A,move_left|look,,-1.0,1.0
3373,112433,,,,,,,,,,,,,,,,,,,,,,,,,,,,,,A,move_left,,0.0,0.0
3374,112467,,,,,,,,,,,,,,,,,,,,,,,,,,,,,,A,move_left,,0.0,0.0
3375,112500,,,,,,,,,,,,,,,,,,,,,,,,,,,,,,A,move_left,,0.0,0.0
3376,112533,,,,,,,,,,,,,,,,,,,,,,,,,,,,,,A,move_left,,0.0,0.0
3377,112567,,,,,,,,,,,,,,,,,,,,,,,,,,,,,,A,move_left,,0.0,0.0
3378,112600,,,,,,,,,,,,,,,,,,,,,,,,,,,,,,A,move_left|look,,-11.0,0.0
3379,112633,,,,,,,,,,,,,,,,,,,,,,,,,,,,,,A,move_left|look,,-108.0,7.0
3380,112667,,,,,,,,,,,,,,,,,,,,,,,,,,,,,,A,move_left|look,,-417.0,44.0
3381,112700,,,,,,,,,,,,,,,,,,,,,,,,,,,,,,A,move_left|look,,-312.0,32.0
3382,112733,,,,,,,,,,,,,,,,,,,,,,,,,,,,,,A,move_left|look,,-154.0,17.0
3383,112767,,,,,,,,,,,,,,,,,,,,,,,,,,,,,,A,move_left|look,,-63.0,7.0
3384,112800,,,,,,,,,,,,,,,,,,,,,,,,,,,,,,A,move_left|look,,-27.0,0.0
3385,112833,,,,,,,,,,,,,,,,,,,,,,,,,,,,,,A,move_left|look,,-9.0,0.0
3386,112867,,,,,,,,,,,,,,,,,,,,,,,,,,,,,,A,move_left|look,,-1.0,0.0
3387,112900,,,,,,,,,,,,,,,,,,,,,,,,,,,,,,A,move_left|look,,-1.0,-2.0
3388,112933,,,,,,,,,,,,,,,,,,,,,,,,,,,,,,A,move_left|look,,2.0,-6.0
3389,112967,,,,,,,,,,,,,,,,,,,,,,,,,,,,,,A,move_left,,0.0,0.0
3390,113000,,,,,,,,,,,,,,,,,,,,,,,,,,,,,,A,move_left,,0.0,0.0
3391,113033,,,,,,,,,,,,,,,,,,,,,,,,,,,,,,A,move_left,,0.0,0.0
3392,113067,,,,,,,,,,,,,,,,,,,,,,,,,,,,,,A,move_left,,0.0,0.0
3393,113100,,,,,,,,,,,,,,,,,,,,,,,,,,,,,,A,move_left,,0.0,0.0
3394,113133,,,,,,,,,,,,,,,,,,,,,,,,,,,,,,,look,,-6.0,0.0
3395,113167,,,,,,,,,,,,,,,,,,,,,,,,,,,,,,,look,,-48.0,0.0
3396,113200,,,,,,,,,,,,,,,,,,,,,,,,,,,,,,,look,,-76.0,0.0
3397,113233,,,,,,,,,,,,,,,,,,,,,,,,,,,,,,,look,,-42.0,-9.0
3398,113267,,,,,,,,,,,,,,,,,,,,,,,,,,,,,,,look,,-13.0,-3.0
3399,113300,,,,,,,,,,,,,,,,,,,,,,,,,,,,,,,look,,-1.0,0.0
3400,113333,,,,,,,,,,,,,,,,,,,,,,,,,,,,,,,look,,0.0,-1.0
3401,113367,,,,,,,,,,,,,,,,,,,,,,,,,,,,,,,look,,5.0,-1.0
3402,113400,,,,,,,,,,,,,,,,,,,,,,,,,,,,,,,look,,13.0,-4.0
3403,113433,,,,,,,,,,,,,,,,,,,,,,,,,,,,,,W,move_forward|look,,7.0,-2.0
3404,113467,,,,,,,,,,,,,,,,,,,,,,,,,,,,,,W,move_forward|look,,9.0,-3.0
3405,113500,,,,,,,,,,,,,,,,,,,,,,,,,,,,,,W,move_forward|look,,16.0,-4.0
3406,113533,,,,,,,,,,,,,,,,,,,,,,,,,,,,,,W,move_forward|look,,26.0,-4.0
3407,113567,,,,,,,,,,,,,,,,,,,,,,,,,,,,,,W,move_forward|look,,11.0,0.0
3408,113600,,,,,,,,,,,,,,,,,,,,,,,,,,,,,,W,move_forward|look,,1.0,0.0
3409,113633,,,,,,,,,,,,,,,,,,,,,,,,,,,,,,W,move_forward|look,,-1.0,-1.0
3410,113667,,,,,,,,,,,,,,,,,,,,,,,,,,,,,,W,move_forward|look,,-7.0,-5.0
3411,113700,,,,,,,,,,,,,,,,,,,,,,,,,,,,,,W,move_forward|look,,-3.0,-3.0
3412,113733,,,,,,,,,,,,,,,,,,,,,,,,,,,,,,W,move_forward|look,,-1.0,0.0
3413,113767,,,,,,,,,,,,,,,,,,,,,,,,,,,,,,W,move_forward,,0.0,0.0
3414,113800,,,,,,,,,,,,,,,,,,,,,,,,,,,,,,W,move_forward|look,,0.0,-1.0
3415,113833,,,,,,,,,,,,,,,,,,,,,,,,,,,,,,W,move_forward,,0.0,0.0
3416,113867,,,,,,,,,,,,,,,,,,,,,,,,,,,,,,W,move_forward|look,,1.0,0.0
3417,113900,,,,,,,,,,,,,,,,,,,,,,,,,,,,,,W,move_forward|look,,1.0,0.0
3418,113933,,,,,,,,,,,,,,,,,,,,,,,,,,,,,,W,move_forward|look,,2.0,0.0
3419,113967,,,,,,,,,,,,,,,,,,,,,,,,,,,,,,W,move_forward,,0.0,0.0
3420,114000,,,,,,,,,,,,,,,,,,,,,,,,,,,,,,W,move_forward,,0.0,0.0
3421,114033,,,,,,,,,,,,,,,,,,,,,,,,,,,,,,W,move_forward|look,,-4.0,-2.0
3422,114067,,,,,,,,,,,,,,,,,,,,,,,,,,,,,,W,move_forward|look,,-19.0,-3.0
3423,114100,,,,,,,,,,,,,,,,,,,,,,,,,,,,,,W,move_forward|look,,-45.0,-5.0
3424,114133,,,,,,,,,,,,,,,,,,,,,,,,,,,,,,W,move_forward|look,,-56.0,-14.0
3425,114167,,,,,,,,,,,,,,,,,,,,,,,,,,,,,,W,move_forward|look,,-37.0,-19.0
3426,114200,,,,,,,,,,,,,,,,,,,,,,,,,,,,,,W,move_forward|look,,-18.0,-9.0
3427,114233,,,,,,,,,,,,,,,,,,,,,,,,,,,,,,W,move_forward|look,,-6.0,-1.0
3428,114267,,,,,,,,,,,,,,,,,,,,,,,,,,,,,,W,move_forward|look,,-1.0,0.0
3429,114300,,,,,,,,,,,,,,,,,,,,,,,,,,,,,,W,move_forward,,0.0,0.0
3430,114333,,,,,,,,,,,,,,,,,,,,,,,,,,,,,,W,move_forward,,0.0,0.0
3431,114367,,,,,,,,,,,,,,,,,,,,,,,,,,,,,,W,move_forward,,0.0,0.0
3432,114400,,,,,,,,,,,,,,,,,,,,,,,,,,,,,,W,move_forward,,0.0,0.0
3433,114433,,,,,,,,,,,,,,,,,,,,,,,,,,,,,,W,move_forward,,0.0,0.0
3434,114467,,,,,,,,,,,,,,,,,,,,,,,,,,,,,,W,move_forward,,0.0,0.0
3435,114500,,,,,,,,,,,,,,,,,,,,,,,,,,,,,,W,move_forward|look,,-62.0,21.0
3436,114533,,,,,,,,,,,,,,,,,,,,,,,,,,,,,,W,move_forward|look,,-379.0,88.0
3437,114567,,,,,,,,,,,,,,,,,,,,,,,,,,,,,,W,move_forward|look,,-445.0,49.0
3438,114600,,,,,,,,,,,,,,,,,,,,,,,,,,,,,,W,move_forward|look,,-249.0,4.0
3439,114633,,,,,,,,,,,,,,,,,,,,,,,,,,,,,,W,move_forward|look,,-67.0,0.0
3440,114667,,,,,,,,,,,,,,,,,,,,,,,,,,,,,,W,move_forward|look,,-10.0,-4.0
3441,114700,,,,,,,,,,,,,,,,,,,,,,,,,,,,,,W,move_forward|look,,0.0,-2.0
3442,114733,,,,,,,,,,,,,,,,,,,,,,,,,,,,,,W,move_forward,,0.0,0.0
3443,114767,,,,,,,,,,,,,,,,,,,,,,,,,,,,,,W,move_forward,,0.0,0.0
3444,114800,,,,,,,,,,,,,,,,,,,,,,,,,,,,,,W,move_forward,,0.0,0.0
3445,114833,,,,,,,,,,,,,,,,,,,,,,,,,,,,,,W,move_forward,,0.0,0.0
3446,114867,,,,,,,,,,,,,,,,,,,,,,,,,,,,,,W,move_forward,,0.0,0.0
3447,114900,,,,,,,,,,,,,,,,,,,,,,,,,,,,,,W,move_forward,,0.0,0.0
3448,114933,,,,,,,,,,,,,,,,,,,,,,,,,,,,,,W,move_forward,,0.0,0.0
3449,114967,,,,,,,,,,,,,,,,,,,,,,,,,,,,,,W,move_forward,,0.0,0.0
3450,115000,,,,,,,,,,,,,,,,,,,,,,,,,,,,,,W,move_forward,,0.0,0.0
3451,115033,,,,,,,,,,,,,,,,,,,,,,,,,,,,,,W,move_forward,,0.0,0.0
3452,115067,,,,,,,,,,,,,,,,,,,,,,,,,,,,,,W,move_forward|look,,2.0,-1.0
3453,115100,,,,,,,,,,,,,,,,,,,,,,,,,,,,,,W,move_forward,,0.0,0.0
3454,115133,,,,,,,,,,,,,,,,,,,,,,,,,,,,,,W,move_forward|look,,0.0,-2.0
3455,115167,,,,,,,,,,,,,,,,,,,,,,,,,,,,,,W,move_forward|look,,-7.0,-9.0
3456,115200,,,,,,,,,,,,,,,,,,,,,,,,,,,,,,W,move_forward|look,,-4.0,-4.0
3457,115233,,,,,,,,,,,,,,,,,,,,,,,,,,,,,,W,move_forward|look,,0.0,-2.0
3458,115267,,,,,,,,,,,,,,,,,,,,,,,,,,,,,,W,move_forward|look,,4.0,-7.0
3459,115300,,,,,,,,,,,,,,,,,,,,,,,,,,,,,,W,move_forward|look,,47.0,-26.0
3460,115333,,,,,,,,,,,,,,,,,,,,,,,,,,,,,,W,move_forward|look,,75.0,-35.0
3461,115367,,,,,,,,,,,,,,,,,,,,,,,,,,,,,,W,move_forward|look,,73.0,-35.0
3462,115400,,,,,,,,,,,,,,,,,,,,,,,,,,,,,,W,move_forward|look,,48.0,-26.0
3463,115433,,,,,,,,,,,,,,,,,,,,,,,,,,,,,,W,move_forward|look,,14.0,-9.0
3464,115467,,,,,,,,,,,,,,,,,,,,,,,,,,,,,,W,move_forward|look,,2.0,-3.0
3465,115500,,,,,,,,,,,,,,,,,,,,,,,,,,,,,,W,move_forward|look,,0.0,-3.0
3466,115533,,,,,,,,,,,,,,,,,,,,,,,,,,,,,,W,move_forward|look,,-2.0,-3.0
3467,115567,,,,,,,,,,,,,,,,,,,,,,,,,,,,,,W,move_forward|look,,-3.0,-3.0
3468,115600,,,,,,,,,,,,,,,,,,,,,,,,,,,,,,W,move_forward|look,,-6.0,-1.0
3469,115633,,,,,,,,,,,,,,,,,,,,,,,,,,,,,,W,move_forward|look,,-11.0,-2.0
3470,115667,,,,,,,,,,,,,,,,,,,,,,,,,,,,,,W,move_forward|look,,-7.0,-1.0
3471,115700,,,,,,,,,,,,,,,,,,,,,,,,,,,,,,W,move_forward|look,,-1.0,-1.0
3472,115733,,,,,,,,,,,,,,,,,,,,,,,,,,,,,,W,move_forward|look,,-1.0,0.0
3473,115767,,,,,,,,,,,,,,,,,,,,,,,,,,,,,,W,move_forward,,0.0,0.0
3474,115800,,,,,,,,,,,,,,,,,,,,,,,,,,,,,,W,move_forward,,0.0,0.0
3475,115833,,,,,,,,,,,,,,,,,,,,,,,,,,,,,,W,move_forward,,0.0,0.0
3476,115867,,,,,,,,,,,,,,,,,,,,,,,,,,,,,,W,move_forward,,0.0,0.0
3477,115900,,,,,,,,,,,,,,,,,,,,,,,,,,,,,,W,move_forward,,0.0,0.0
3478,115933,,,,,,,,,,,,,,,,,,,,,,,,,,,,,,W,move_forward,,0.0,0.0
3479,115967,,,,,,,,,,,,,,,,,,,,,,,,,,,,,,W,move_forward,,0.0,0.0
3480,116000,,,,,,,,,,,,,,,,,,,,,,,,,,,,,,W,move_forward,,0.0,0.0
3481,116033,,,,,,,,,,,,,,,,,,,,,,,,,,,,,,W,move_forward,,0.0,0.0
3482,116067,,,,,,,,,,,,,,,,,,,,,,,,,,,,,,W,move_forward,,0.0,0.0
3483,116100,,,,,,,,,,,,,,,,,,,,,,,,,,,,,,W,move_forward,,0.0,0.0
3484,116133,,,,,,,,,,,,,,,,,,,,,,,,,,,,,,W,move_forward|look,,-1.0,-7.0
3485,116167,,,,,,,,,,,,,,,,,,,,,,,,,,,,,,W,move_forward|look,,-4.0,-8.0
3486,116200,,,,,,,,,,,,,,,,,,,,,,,,,,,,,,W,move_forward|look,,-2.0,-4.0
3487,116233,,,,,,,,,,,,,,,,,,,,,,,,,,,,,,W,move_forward|look,,-3.0,-2.0
3488,116267,,,,,,,,,,,,,,,,,,,,,,,,,,,,,,W,move_forward|look,,-2.0,-1.0
3489,116300,,,,,,,,,,,,,,,,,,,,,,,,,,,,,,W,move_forward|look,,-1.0,0.0
3490,116333,,,,,,,,,,,,,,,,,,,,,,,,,,,,,,W,move_forward|look,,-1.0,0.0
3491,116367,,,,,,,,,,,,,,,,,,,,,,,,,,,,,,W,move_forward|look,,-5.0,-3.0
3492,116400,,,,,,,,,,,,,,,,,,,,,,,,,,,,,,W,move_forward|look,,-32.0,-8.0
3493,116433,,,,,,,,,,,,,,,,,,,,,,,,,,,,,,W,move_forward|look,,-181.0,-44.0
3494,116467,,,,,,,,,,,,,,,,,,,,,,,,,,,,,,W,move_forward|look,,-232.0,-55.0
3495,116500,,,,,,,,,,,,,,,,,,,,,,,,,,,,,,W,move_forward|look,,-90.0,-30.0
3496,116533,,,,,,,,,,,,,,,,,,,,,,,,,,,,,,W,move_forward|look,,-38.0,-12.0
3497,116567,,,,,,,,,,,,,,,,,,,,,,,,,,,,,,W,move_forward|look,,-4.0,-1.0
3498,116600,,,,,,,,,,,,,,,,,,,,,,,,,,,,,,W,move_forward,,0.0,0.0
3499,116633,,,,,,,,,,,,,,,,,,,,,,,,,,,,,,W,move_forward,,0.0,0.0
3500,116667,,,,,,,,,,,,,,,,,,,,,,,,,,,,,,W,move_forward,,0.0,0.0
3501,116700,,,,,,,,,,,,,,,,,,,,,,,,,,,,,,W,move_forward,,0.0,0.0
3502,116733,,,,,,,,,,,,,,,,,,,,,,,,,,,,,,W,move_forward,,0.0,0.0
3503,116767,,,,,,,,,,,,,,,,,,,,,,,,,,,,,,W,move_forward|look,,-1.0,0.0
3504,116800,,,,,,,,,,,,,,,,,,,,,,,,,,,,,,W,move_forward|look,,-107.0,44.0
3505,116833,,,,,,,,,,,,,,,,,,,,,,,,,,,,,,W,move_forward|look,,-411.0,122.0
3506,116867,,,,,,,,,,,,,,,,,,,,,,,,,,,,,,W,move_forward|look,,-488.0,111.0
3507,116900,,,,,,,,,,,,,,,,,,,,,,,,,,,,,,W,move_forward|look,,-259.0,65.0
3508,116933,,,,,,,,,,,,,,,,,,,,,,,,,,,,,,W,move_forward|look,,-80.0,24.0
3509,116967,,,,,,,,,,,,,,,,,,,,,,,,,,,,,,W,move_forward|look,,-12.0,8.0
3510,117000,,,,,,,,,,,,,,,,,,,,,,,,,,,,,,W,move_forward|look,,-3.0,4.0
3511,117033,,,,,,,,,,,,,,,,,,,,,,,,,,,,,,W,move_forward|look,,0.0,1.0
3512,117067,,,,,,,,,,,,,,,,,,,,,,,,,,,,,,W,move_forward,,0.0,0.0
3513,117100,,,,,,,,,,,,,,,,,,,,,,,,,,,,,,W,move_forward,,0.0,0.0
3514,117133,,,,,,,,,,,,,,,,,,,,,,,,,,,,,,W,move_forward,,0.0,0.0
3515,117167,,,,,,,,,,,,,,,,,,,,,,,,,,,,,,W,move_forward,,0.0,0.0
3516,117200,,,,,,,,,,,,,,,,,,,,,,,,,,,,,,W,move_forward,,0.0,0.0
3517,117233,,,,,,,,,,,,,,,,,,,,,,,,,,,,,,W,move_forward|look,,-17.0,0.0
3518,117267,,,,,,,,,,,,,,,,,,,,,,,,,,,,,,W,move_forward|look,,-96.0,12.0
3519,117300,,,,,,,,,,,,,,,,,,,,,,,,,,,,,,W,move_forward|look,,-128.0,6.0
3520,117333,,,,,,,,,,,,,,,,,,,,,,,,,,,,,,W,move_forward|look,,-118.0,-5.0
3521,117367,,,,,,,,,,,,,,,,,,,,,,,,,,,,,,W,move_forward|look,,-49.0,-16.0
3522,117400,,,,,,,,,,,,,,,,,,,,,,,,,,,,,,W,move_forward|look,,-14.0,-7.0
3523,117433,,,,,,,,,,,,,,,,,,,,,,,,,,,,,,W,move_forward|look,,-1.0,0.0
3524,117467,,,,,,,,,,,,,,,,,,,,,,,,,,,,,,W,move_forward,,0.0,0.0
3525,117500,,,,,,,,,,,,,,,,,,,,,,,,,,,,,,W,move_forward,,0.0,0.0
3526,117533,,,,,,,,,,,,,,,,,,,,,,,,,,,,,,W,move_forward,,0.0,0.0
3527,117567,,,,,,,,,,,,,,,,,,,,,,,,,,,,,,W,move_forward,,0.0,0.0
3528,117600,,,,,,,,,,,,,,,,,,,,,,,,,,,,,,W,move_forward,,0.0,0.0
3529,117633,,,,,,,,,,,,,,,,,,,,,,,,,,,,,,W,move_forward,,0.0,0.0
3530,117667,,,,,,,,,,,,,,,,,,,,,,,,,,,,,,W,move_forward,,0.0,0.0
3531,117700,,,,,,,,,,,,,,,,,,,,,,,,,,,,,,W,move_forward|look,,-3.0,0.0
3532,117733,,,,,,,,,,,,,,,,,,,,,,,,,,,,,,W,move_forward|look,,-2.0,2.0
3533,117767,,,,,,,,,,,,,,,,,,,,,,,,,,,,,,W,move_forward|look,,-4.0,4.0
3534,117800,,,,,,,,,,,,,,,,,,,,,,,,,,,,,,W,move_forward|look,,-6.0,7.0
3535,117833,,,,,,,,,,,,,,,,,,,,,,,,,,,,,,W,move_forward|look,,-13.0,12.0
3536,117867,,,,,,,,,,,,,,,,,,,,,,,,,,,,,,W,move_forward|look,,-43.0,23.0
3537,117900,,,,,,,,,,,,,,,,,,,,,,,,,,,,,,W,move_forward|look,,-112.0,41.0
3538,117933,,,,,,,,,,,,,,,,,,,,,,,,,,,,,,W,move_forward|look,,-92.0,24.0
3539,117967,,,,,,,,,,,,,,,,,,,,,,,,,,,,,,W,move_forward|look,,-121.0,35.0
3540,118000,,,,,,,,,,,,,,,,,,,,,,,,,,,,,,W,move_forward|look,,-112.0,20.0
3541,118033,,,,,,,,,,,,,,,,,,,,,,,,,,,,,,W,move_forward|look,,-81.0,2.0
3542,118067,,,,,,,,,,,,,,,,,,,,,,,,,,,,,,W,move_forward|look,,-31.0,-6.0
3543,118100,,,,,,,,,,,,,,,,,,,,,,,,,,,,,,W,move_forward|look,,-2.0,-8.0
3544,118133,,,,,,,,,,,,,,,,,,,,,,,,,,,,,,W,move_forward,,0.0,0.0
3545,118167,,,,,,,,,,,,,,,,,,,,,,,,,,,,,,W,move_forward,,0.0,0.0
3546,118200,,,,,,,,,,,,,,,,,,,,,,,,,,,,,,W,move_forward,,0.0,0.0
3547,118233,,,,,,,,,,,,,,,,,,,,,,,,,,,,,,W,move_forward,,0.0,0.0
3548,118267,,,,,,,,,,,,,,,,,,,,,,,,,,,,,,,look,,11.0,-2.0
3549,118300,,,,,,,,,,,,,,,,,,,,,,,,,,,,,,,look,,44.0,-10.0
3550,118333,,,,,,,,,,,,,,,,,,,,,,,,,,,,,,,look,,134.0,-19.0
3551,118367,,,,,,,,,,,,,,,,,,,,,,,,,,,,,,,look,,233.0,-21.0
3552,118400,,,,,,,,,,,,,,,,,,,,,,,,,,,,,,,look,,224.0,-14.0
3553,118433,,,,,,,,,,,,,,,,,,,,,,,,,,,,,,,look,,133.0,-5.0
3554,118467,,,,,,,,,,,,,,,,,,,,,,,,,,,,,,,look,,115.0,0.0
3555,118500,,,,,,,,,,,,,,,,,,,,,,,,,,,,,,,look,,83.0,0.0
3556,118533,,,,,,,,,,,,,,,,,,,,,,,,,,,,,,,look,,32.0,0.0
3557,118567,,,,,,,,,,,,,,,,,,,,,,,,,,,,,,,look,,4.0,0.0
3558,118600,,,,,,,,,,,,,,,,,,,,,,,,,,,,,,,,,0.0,0.0
3559,118633,,,,,,,,,,,,,,,,,,,,,,,,,,,,,,,,,0.0,0.0
3560,118667,,,,,,,,,,,,,,,,,,,,,,,,,,,,,,,fire,Left,0.0,0.0
3561,118700,,,,,,,,,,,,,,,,,,,,,,,,,,,,,,,fire,Left,0.0,0.0
3562,118733,,,,,,,,,,,,,,,,,,,,,,,,,,,,,,,fire,Left,0.0,0.0
3563,118767,,,,,,,,,,,,,,,,,,,,,,,,,,,,,,,fire,Left,0.0,0.0
3564,118800,,,,,,,,,,,,,,,,,,,,,,,,,,,,,,,fire,Left,0.0,0.0
3565,118833,,,,,,,,,,,,,,,,,,,,,,,,,,,,,,,fire,Left,0.0,0.0
3566,118867,,,,,,,,,,,,,,,,,,,,,,,,,,,,,,,,,0.0,0.0
3567,118900,,,,,,,,,,,,,,,,,,,,,,,,,,,,,,,,,0.0,0.0
3568,118933,,,,,,,,,,,,,,,,,,,,,,,,,,,,,,,,,0.0,0.0
3569,118967,,,,,,,,,,,,,,,,,,,,,,,,,,,,,,,,,0.0,0.0
3570,119000,,,,,,,,,,,,,,,,,,,,,,,,,,,,,,,,,0.0,0.0
3571,119033,,,,,,,,,,,,,,,,,,,,,,,,,,,,,,,,,0.0,0.0
3572,119067,,,,,,,,,,,,,,,,,,,,,,,,,,,,,,,look,,9.0,0.0
3573,119100,,,,,,,,,,,,,,,,,,,,,,,,,,,,,,,look,,13.0,0.0
3574,119133,,,,,,,,,,,,,,,,,,,,,,,,,,,,,,,look,,8.0,-1.0
3575,119167,,,,,,,,,,,,,,,,,,,,,,,,,,,,,,,look,,6.0,-2.0
3576,119200,,,,,,,,,,,,,,,,,,,,,,,,,,,,,,,look,,7.0,-4.0
3577,119233,,,,,,,,,,,,,,,,,,,,,,,,,,,,,,,look,,10.0,-5.0
3578,119267,,,,,,,,,,,,,,,,,,,,,,,,,,,,,,,look,,4.0,-4.0
3579,119300,,,,,,,,,,,,,,,,,,,,,,,,,,,,,,,look,,1.0,-1.0
3580,119333,,,,,,,,,,,,,,,,,,,,,,,,,,,,,,W,move_forward|look,,0.0,-3.0
3581,119367,,,,,,,,,,,,,,,,,,,,,,,,,,,,,,W,move_forward|look,,0.0,-6.0
3582,119400,,,,,,,,,,,,,,,,,,,,,,,,,,,,,,W,move_forward|look,,0.0,-4.0
3583,119433,,,,,,,,,,,,,,,,,,,,,,,,,,,,,,W,move_forward|look,,8.0,-3.0
3584,119467,,,,,,,,,,,,,,,,,,,,,,,,,,,,,,W,move_forward|look,,15.0,-7.0
3585,119500,,,,,,,,,,,,,,,,,,,,,,,,,,,,,,W,move_forward|look,,14.0,-6.0
3586,119533,,,,,,,,,,,,,,,,,,,,,,,,,,,,,,W,move_forward|look,,15.0,-4.0
3587,119567,,,,,,,,,,,,,,,,,,,,,,,,,,,,,,W,move_forward|look,,12.0,-4.0
3588,119600,,,,,,,,,,,,,,,,,,,,,,,,,,,,,,W,move_forward|look,,5.0,-1.0
3589,119633,,,,,,,,,,,,,,,,,,,,,,,,,,,,,,W,move_forward|look,,1.0,0.0
3590,119667,,,,,,,,,,,,,,,,,,,,,,,,,,,,,,W,move_forward|look,,4.0,0.0
3591,119700,,,,,,,,,,,,,,,,,,,,,,,,,,,,,,W,move_forward|fire|look,Left,3.0,0.0
3592,119733,,,,,,,,,,,,,,,,,,,,,,,,,,,,,,W,move_forward|fire,Left,0.0,0.0
3593,119767,,,,,,,,,,,,,,,,,,,,,,,,,,,,,,W,move_forward|fire|look,Left,2.0,0.0
3594,119800,,,,,,,,,,,,,,,,,,,,,,,,,,,,,,W,move_forward|fire|look,Left,27.0,0.0
3595,119833,,,,,,,,,,,,,,,,,,,,,,,,,,,,,,W,move_forward|fire|look,Left,61.0,0.0
3596,119867,,,,,,,,,,,,,,,,,,,,,,,,,,,,,,W,move_forward|fire|look,Left,51.0,0.0
3597,119900,,,,,,,,,,,,,,,,,,,,,,,,,,,,,,W,move_forward|fire|look,Left,19.0,0.0
3598,119933,,,,,,,,,,,,,,,,,,,,,,,,,,,,,,,fire|look,Left,3.0,0.0
3599,119967,,,,,,,,,,,,,,,,,,,,,,,,,,,,,,,,,0.0,0.0
3600,120000,,,,,,,,,,,,,,,,,,,,,,,,,,,,,,,,,0.0,0.0
3601,120033,,,,,,,,,,,,,,,,,,,,,,,,,,,,,,,,,0.0,0.0
3602,120067,,,,,,,,,,,,,,,,,,,,,,,,,,,,,,,,,0.0,0.0
3603,120100,,,,,,,,,,,,,,,,,,,,,,,,,,,,,,,look,,14.0,-6.0
3604,120133,,,,,,,,,,,,,,,,,,,,,,,,,,,,,,,look,,182.0,-48.0
3605,120167,,,,,,,,,,,,,,,,,,,,,,,,,,,,,,,look,,664.0,-100.0
3606,120200,,,,,,,,,,,,,,,,,,,,,,,,,,,,,,,look,,447.0,-21.0
3607,120233,,,,,,,,,,,,,,,,,,,,,,,,,,,,,,,look,,294.0,-14.0
3608,120267,,,,,,,,,,,,,,,,,,,,,,,,,,,,,,,look,,159.0,-14.0
3609,120300,,,,,,,,,,,,,,,,,,,,,,,,,,,,,,,look,,39.0,-9.0
3610,120333,,,,,,,,,,,,,,,,,,,,,,,,,,,,,,,look,,13.0,-7.0
3611,120367,,,,,,,,,,,,,,,,,,,,,,,,,,,,,,,look,,6.0,-5.0
3612,120400,,,,,,,,,,,,,,,,,,,,,,,,,,,,,,,look,,2.0,-2.0
3613,120433,,,,,,,,,,,,,,,,,,,,,,,,,,,,,,,,,0.0,0.0
3614,120467,,,,,,,,,,,,,,,,,,,,,,,,,,,,,,,look,,-6.0,-1.0
3615,120500,,,,,,,,,,,,,,,,,,,,,,,,,,,,,,,look,,-17.0,-2.0
3616,120533,,,,,,,,,,,,,,,,,,,,,,,,,,,,,,,look,,-12.0,-1.0
3617,120567,,,,,,,,,,,,,,,,,,,,,,,,,,,,,,,look,,-3.0,-1.0
3618,120600,,,,,,,,,,,,,,,,,,,,,,,,,,,,,,,,,0.0,0.0
3619,120633,,,,,,,,,,,,,,,,,,,,,,,,,,,,,,,,,0.0,0.0
3620,120667,,,,,,,,,,,,,,,,,,,,,,,,,,,,,,,look,,-4.0,0.0
3621,120700,,,,,,,,,,,,,,,,,,,,,,,,,,,,,,,look,,-14.0,0.0
3622,120733,,,,,,,,,,,,,,,,,,,,,,,,,,,,,,,look,,-14.0,0.0
3623,120767,,,,,,,,,,,,,,,,,,,,,,,,,,,,,,,look,,-6.0,0.0
3624,120800,,,,,,,,,,,,,,,,,,,,,,,,,,,,,,,look,,-5.0,0.0
3625,120833,,,,,,,,,,,,,,,,,,,,,,,,,,,,,,,look,,-2.0,0.0
3626,120867,,,,,,,,,,,,,,,,,,,,,,,,,,,,,,,fire,Left,0.0,0.0
3627,120900,,,,,,,,,,,,,,,,,,,,,,,,,,,,,,,fire,Left,0.0,0.0
3628,120933,,,,,,,,,,,,,,,,,,,,,,,,,,,,,,,fire,Left,0.0,0.0
3629,120967,,,,,,,,,,,,,,,,,,,,,,,,,,,,,,,fire,Left,0.0,0.0
3630,121000,,,,,,,,,,,,,,,,,,,,,,,,,,,,,,,fire,Left,0.0,0.0
3631,121033,,,,,,,,,,,,,,,,,,,,,,,,,,,,,,,fire,Left,0.0,0.0
3632,121067,,,,,,,,,,,,,,,,,,,,,,,,,,,,,,,,,0.0,0.0
3633,121100,,,,,,,,,,,,,,,,,,,,,,,,,,,,,,,,,0.0,0.0
3634,121133,,,,,,,,,,,,,,,,,,,,,,,,,,,,,,,,,0.0,0.0
3635,121167,,,,,,,,,,,,,,,,,,,,,,,,,,,,,,,fire,Left,0.0,0.0
3636,121200,,,,,,,,,,,,,,,,,,,,,,,,,,,,,,,fire|look,Left,-4.0,0.0
3637,121233,,,,,,,,,,,,,,,,,,,,,,,,,,,,,,,fire|look,Left,-28.0,0.0
3638,121267,,,,,,,,,,,,,,,,,,,,,,,,,,,,,,,fire|look,Left,-36.0,0.0
3639,121300,,,,,,,,,,,,,,,,,,,,,,,,,,,,,,,fire|look,Left,-3.0,0.0
3640,121333,,,,,,,,,,,,,,,,,,,,,,,,,,,,,,,fire,Left,0.0,0.0
3641,121367,,,,,,,,,,,,,,,,,,,,,,,,,,,,,,,fire,Left,0.0,0.0
3642,121400,,,,,,,,,,,,,,,,,,,,,,,,,,,,,,,fire,Left,0.0,0.0
3643,121433,,,,,,,,,,,,,,,,,,,,,,,,,,,,,,,,,0.0,0.0
3644,121467,,,,,,,,,,,,,,,,,,,,,,,,,,,,,,,,,0.0,0.0
3645,121500,,,,,,,,,,,,,,,,,,,,,,,,,,,,,,,fire,Left,0.0,0.0
3646,121533,,,,,,,,,,,,,,,,,,,,,,,,,,,,,,,fire,Left,0.0,0.0
3647,121567,,,,,,,,,,,,,,,,,,,,,,,,,,,,,,,fire,Left,0.0,0.0
3648,121600,,,,,,,,,,,,,,,,,,,,,,,,,,,,,,,fire,Left,0.0,0.0
3649,121633,,,,,,,,,,,,,,,,,,,,,,,,,,,,,,,fire,Left,0.0,0.0
3650,121667,,,,,,,,,,,,,,,,,,,,,,,,,,,,,,,,,0.0,0.0
3651,121700,,,,,,,,,,,,,,,,,,,,,,,,,,,,,,,,,0.0,0.0
3652,121733,,,,,,,,,,,,,,,,,,,,,,,,,,,,,,,,,0.0,0.0
3653,121767,,,,,,,,,,,,,,,,,,,,,,,,,,,,,,,look,,-34.0,0.0
3654,121800,,,,,,,,,,,,,,,,,,,,,,,,,,,,,,,look,,-144.0,11.0
3655,121833,,,,,,,,,,,,,,,,,,,,,,,,,,,,,,,look,,-283.0,0.0
3656,121867,,,,,,,,,,,,,,,,,,,,,,,,,,,,,,,look,,-200.0,-33.0
3657,121900,,,,,,,,,,,,,,,,,,,,,,,,,,,,,,,look,,-54.0,-11.0
3658,121933,,,,,,,,,,,,,,,,,,,,,,,,,,,,,,,look,,-2.0,0.0
3659,121967,,,,,,,,,,,,,,,,,,,,,,,,,,,,,,,,,0.0,0.0
3660,122000,,,,,,,,,,,,,,,,,,,,,,,,,,,,,,,,,0.0,0.0
3661,122033,,,,,,,,,,,,,,,,,,,,,,,,,,,,,,,,,0.0,0.0
3662,122067,,,,,,,,,,,,,,,,,,,,,,,,,,,,,,,,,0.0,0.0
3663,122100,,,,,,,,,,,,,,,,,,,,,,,,,,,,,,,fire,Left,0.0,0.0
3664,122133,,,,,,,,,,,,,,,,,,,,,,,,,,,,,,,fire,Left,0.0,0.0
3665,122167,,,,,,,,,,,,,,,,,,,,,,,,,,,,,,,fire,Left,0.0,0.0
3666,122200,,,,,,,,,,,,,,,,,,,,,,,,,,,,,,,fire,Left,0.0,0.0
3667,122233,,,,,,,,,,,,,,,,,,,,,,,,,,,,,,,fire,Left,0.0,0.0
3668,122267,,,,,,,,,,,,,,,,,,,,,,,,,,,,,,,fire,Left,0.0,0.0
3669,122300,,,,,,,,,,,,,,,,,,,,,,,,,,,,,,,,,0.0,0.0
3670,122333,,,,,,,,,,,,,,,,,,,,,,,,,,,,,,,,,0.0,0.0
3671,122367,,,,,,,,,,,,,,,,,,,,,,,,,,,,,,,,,0.0,0.0
3672,122400,,,,,,,,,,,,,,,,,,,,,,,,,,,,,,,,,0.0,0.0
3673,122433,,,,,,,,,,,,,,,,,,,,,,,,,,,,,,,,,0.0,0.0
3674,122467,,,,,,,,,,,,,,,,,,,,,,,,,,,,,,W,move_forward,,0.0,0.0
3675,122500,,,,,,,,,,,,,,,,,,,,,,,,,,,,,,W,move_forward|look,,0.0,-16.0
3676,122533,,,,,,,,,,,,,,,,,,,,,,,,,,,,,,W,move_forward|look,,0.0,-18.0
3677,122567,,,,,,,,,,,,,,,,,,,,,,,,,,,,,,W,move_forward|look,,0.0,-13.0
3678,122600,,,,,,,,,,,,,,,,,,,,,,,,,,,,,,W,move_forward|look,,0.0,-6.0
3679,122633,,,,,,,,,,,,,,,,,,,,,,,,,,,,,,W,move_forward|look,,0.0,-3.0
3680,122667,,,,,,,,,,,,,,,,,,,,,,,,,,,,,,W,move_forward|look,,0.0,-7.0
3681,122700,,,,,,,,,,,,,,,,,,,,,,,,,,,,,,W,move_forward|look,,-2.0,-8.0
3682,122733,,,,,,,,,,,,,,,,,,,,,,,,,,,,,,W,move_forward|look,,-2.0,-5.0
3683,122767,,,,,,,,,,,,,,,,,,,,,,,,,,,,,,W,move_forward|look,,0.0,-1.0
3684,122800,,,,,,,,,,,,,,,,,,,,,,,,,,,,,,W,move_forward,,0.0,0.0
3685,122833,,,,,,,,,,,,,,,,,,,,,,,,,,,,,,W,move_forward,,0.0,0.0
3686,122867,,,,,,,,,,,,,,,,,,,,,,,,,,,,,,W,move_forward|look,,0.0,-1.0
3687,122900,,,,,,,,,,,,,,,,,,,,,,,,,,,,,,W,move_forward|fire|look,Left,1.0,0.0
3688,122933,,,,,,,,,,,,,,,,,,,,,,,,,,,,,,W,move_forward|fire,Left,0.0,0.0
3689,122967,,,,,,,,,,,,,,,,,,,,,,,,,,,,,,W,move_forward|fire,Left,0.0,0.0
3690,123000,,,,,,,,,,,,,,,,,,,,,,,,,,,,,,W,move_forward|fire,Left,0.0,0.0
3691,123033,,,,,,,,,,,,,,,,,,,,,,,,,,,,,,W,move_forward|fire,Left,0.0,0.0
3692,123067,,,,,,,,,,,,,,,,,,,,,,,,,,,,,,W,move_forward|fire,Left,0.0,0.0
3693,123100,,,,,,,,,,,,,,,,,,,,,,,,,,,,,,W,move_forward,,0.0,0.0
3694,123133,,,,,,,,,,,,,,,,,,,,,,,,,,,,,,W,move_forward,,0.0,0.0
3695,123167,,,,,,,,,,,,,,,,,,,,,,,,,,,,,,W,move_forward,,0.0,0.0
3696,123200,,,,,,,,,,,,,,,,,,,,,,,,,,,,,,W,move_forward,,0.0,0.0
3697,123233,,,,,,,,,,,,,,,,,,,,,,,,,,,,,,W,move_forward,,0.0,0.0
3698,123267,,,,,,,,,,,,,,,,,,,,,,,,,,,,,,W,move_forward,,0.0,0.0
3699,123300,,,,,,,,,,,,,,,,,,,,,,,,,,,,,,W,move_forward,,0.0,0.0
3700,123333,,,,,,,,,,,,,,,,,,,,,,,,,,,,,,W,move_forward|look,,-2.0,-22.0
3701,123367,,,,,,,,,,,,,,,,,,,,,,,,,,,,,,W,move_forward|look,,-7.0,-25.0
3702,123400,,,,,,,,,,,,,,,,,,,,,,,,,,,,,,W,move_forward|look,,-5.0,-27.0
3703,123433,,,,,,,,,,,,,,,,,,,,,,,,,,,,,,W,move_forward|look,,-1.0,-31.0
3704,123467,,,,,,,,,,,,,,,,,,,,,,,,,,,,,,W,move_forward|look,,-1.0,-35.0
3705,123500,,,,,,,,,,,,,,,,,,,,,,,,,,,,,,W,move_forward|look,,-1.0,-29.0
3706,123533,,,,,,,,,,,,,,,,,,,,,,,,,,,,,,W,move_forward|look,,-1.0,-11.0
3707,123567,,,,,,,,,,,,,,,,,,,,,,,,,,,,,,W,move_forward,,0.0,0.0
3708,123600,,,,,,,,,,,,,,,,,,,,,,,,,,,,,,W,move_forward|look,,-1.0,0.0
3709,123633,,,,,,,,,,,,,,,,,,,,,,,,,,,,,,W,move_forward|fire|look,Left,0.0,1.0
3710,123667,,,,,,,,,,,,,,,,,,,,,,,,,,,,,,W,move_forward|fire,Left,0.0,0.0
3711,123700,,,,,,,,,,,,,,,,,,,,,,,,,,,,,,W,move_forward|fire,Left,0.0,0.0
3712,123733,,,,,,,,,,,,,,,,,,,,,,,,,,,,,,W,move_forward|fire,Left,0.0,0.0
3713,123767,,,,,,,,,,,,,,,,,,,,,,,,,,,,,,W,move_forward|fire,Left,0.0,0.0
3714,123800,,,,,,,,,,,,,,,,,,,,,,,,,,,,,,W,move_forward|fire,Left,0.0,0.0
3715,123833,,,,,,,,,,,,,,,,,,,,,,,,,,,,,,W,move_forward,,0.0,0.0
3716,123867,,,,,,,,,,,,,,,,,,,,,,,,,,,,,,W,move_forward,,0.0,0.0
3717,123900,,,,,,,,,,,,,,,,,,,,,,,,,,,,,,W,move_forward,,0.0,0.0
3718,123933,,,,,,,,,,,,,,,,,,,,,,,,,,,,,,W,move_forward,,0.0,0.0
3719,123967,,,,,,,,,,,,,,,,,,,,,,,,,,,,,,W,move_forward,,0.0,0.0
3720,124000,,,,,,,,,,,,,,,,,,,,,,,,,,,,,,W,move_forward,,0.0,0.0
3721,124033,,,,,,,,,,,,,,,,,,,,,,,,,,,,,,W,move_forward|fire,Left,0.0,0.0
3722,124067,,,,,,,,,,,,,,,,,,,,,,,,,,,,,,W,move_forward|fire,Left,0.0,0.0
3723,124100,,,,,,,,,,,,,,,,,,,,,,,,,,,,,,W,move_forward|fire,Left,0.0,0.0
3724,124133,,,,,,,,,,,,,,,,,,,,,,,,,,,,,,W,move_forward|fire,Left,0.0,0.0
3725,124167,,,,,,,,,,,,,,,,,,,,,,,,,,,,,,W,move_forward,,0.0,0.0
3726,124200,,,,,,,,,,,,,,,,,,,,,,,,,,,,,,W,move_forward,,0.0,0.0
3727,124233,,,,,,,,,,,,,,,,,,,,,,,,,,,,,,W,move_forward,,0.0,0.0
3728,124267,,,,,,,,,,,,,,,,,,,,,,,,,,,,,,W,move_forward|look,,17.0,0.0
3729,124300,,,,,,,,,,,,,,,,,,,,,,,,,,,,,,W,move_forward|look,,62.0,0.0
3730,124333,,,,,,,,,,,,,,,,,,,,,,,,,,,,,,W,move_forward|look,,99.0,15.0
3731,124367,,,,,,,,,,,,,,,,,,,,,,,,,,,,,,W,move_forward|look,,100.0,41.0
3732,124400,,,,,,,,,,,,,,,,,,,,,,,,,,,,,,W,move_forward|look,,41.0,30.0
3733,124433,,,,,,,,,,,,,,,,,,,,,,,,,,,,,,W,move_forward|look,,9.0,7.0
3734,124467,,,,,,,,,,,,,,,,,,,,,,,,,,,,,,W,move_forward|look,,1.0,2.0
3735,124500,,,,,,,,,,,,,,,,,,,,,,,,,,,,,,W,move_forward,,0.0,0.0
3736,124533,,,,,,,,,,,,,,,,,,,,,,,,,,,,,,W,move_forward,,0.0,0.0
3737,124567,,,,,,,,,,,,,,,,,,,,,,,,,,,,,,W,move_forward|look,,-13.0,0.0
3738,124600,,,,,,,,,,,,,,,,,,,,,,,,,,,,,,W,move_forward|look,,-36.0,0.0
3739,124633,,,,,,,,,,,,,,,,,,,,,,,,,,,,,,W,move_forward|look,,-36.0,0.0
3740,124667,,,,,,,,,,,,,,,,,,,,,,,,,,,,,,W,move_forward|look,,-7.0,0.0
3741,124700,,,,,,,,,,,,,,,,,,,,,,,,,,,,,,W,move_forward|look,,0.0,1.0
3742,124733,,,,,,,,,,,,,,,,,,,,,,,,,,,,,,W,move_forward|look,,5.0,5.0
3743,124767,,,,,,,,,,,,,,,,,,,,,,,,,,,,,,W,move_forward|look,,14.0,8.0
3744,124800,,,,,,,,,,,,,,,,,,,,,,,,,,,,,,W,move_forward|look,,22.0,10.0
3745,124833,,,,,,,,,,,,,,,,,,,,,,,,,,,,,,W,move_forward|look,,54.0,15.0
3746,124867,,,,,,,,,,,,,,,,,,,,,,,,,,,,,,W,move_forward|look,,84.0,23.0
3747,124900,,,,,,,,,,,,,,,,,,,,,,,,,,,,,,W,move_forward|look,,41.0,12.0
3748,124933,,,,,,,,,,,,,,,,,,,,,,,,,,,,,,W,move_forward|look,,3.0,2.0
3749,124967,,,,,,,,,,,,,,,,,,,,,,,,,,,,,,W,move_forward|look,,-8.0,0.0
3750,125000,,,,,,,,,,,,,,,,,,,,,,,,,,,,,,W,move_forward|look,,-23.0,-3.0
3751,125033,,,,,,,,,,,,,,,,,,,,,,,,,,,,,,W,move_forward|look,,-41.0,0.0
3752,125067,,,,,,,,,,,,,,,,,,,,,,,,,,,,,,W,move_forward|look,,-97.0,9.0
3753,125100,,,,,,,,,,,,,,,,,,,,,,,,,,,,,,W,move_forward|look,,-79.0,16.0
3754,125133,,,,,,,,,,,,,,,,,,,,,,,,,,,,,,W,move_forward|look,,-50.0,11.0
3755,125167,,,,,,,,,,,,,,,,,,,,,,,,,,,,,,W,move_forward|look,,-38.0,8.0
3756,125200,,,,,,,,,,,,,,,,,,,,,,,,,,,,,,W,move_forward|look,,-64.0,4.0
3757,125233,,,,,,,,,,,,,,,,,,,,,,,,,,,,,,W,move_forward|look,,-50.0,0.0
3758,125267,,,,,,,,,,,,,,,,,,,,,,,,,,,,,,W,move_forward|look,,-17.0,-5.0
3759,125300,,,,,,,,,,,,,,,,,,,,,,,,,,,,,,W,move_forward|look,,-2.0,-2.0
3760,125333,,,,,,,,,,,,,,,,,,,,,,,,,,,,,,W,move_forward,,0.0,0.0
3761,125367,,,,,,,,,,,,,,,,,,,,,,,,,,,,,,W,move_forward,,0.0,0.0
3762,125400,,,,,,,,,,,,,,,,,,,,,,,,,,,,,,W,move_forward|look,,-18.0,-11.0
3763,125433,,,,,,,,,,,,,,,,,,,,,,,,,,,,,,W,move_forward|look,,-40.0,-48.0
3764,125467,,,,,,,,,,,,,,,,,,,,,,,,,,,,,,W,move_forward|look,,-21.0,-39.0
3765,125500,,,,,,,,,,,,,,,,,,,,,,,,,,,,,,W,move_forward|look,,-10.0,-16.0
3766,125533,,,,,,,,,,,,,,,,,,,,,,,,,,,,,,W,move_forward|look,,-14.0,-7.0
3767,125567,,,,,,,,,,,,,,,,,,,,,,,,,,,,,,W,move_forward|look,,-35.0,-2.0
3768,125600,,,,,,,,,,,,,,,,,,,,,,,,,,,,,,W,move_forward|look,,-53.0,-4.0
3769,125633,,,,,,,,,,,,,,,,,,,,,,,,,,,,,,W,move_forward|look,,-50.0,-8.0
3770,125667,,,,,,,,,,,,,,,,,,,,,,,,,,,,,,W,move_forward|look,,-30.0,-6.0
3771,125700,,,,,,,,,,,,,,,,,,,,,,,,,,,,,,W,move_forward|look,,-9.0,0.0
3772,125733,,,,,,,,,,,,,,,,,,,,,,,,,,,,,,W,move_forward|look,,-18.0,0.0
3773,125767,,,,,,,,,,,,,,,,,,,,,,,,,,,,,,W,move_forward|look,,-23.0,0.0
3774,125800,,,,,,,,,,,,,,,,,,,,,,,,,,,,,,W,move_forward|look,,-16.0,0.0
3775,125833,,,,,,,,,,,,,,,,,,,,,,,,,,,,,,W,move_forward|look,,-12.0,-10.0
3776,125867,,,,,,,,,,,,,,,,,,,,,,,,,,,,,,W,move_forward|look,,-8.0,-8.0
3777,125900,,,,,,,,,,,,,,,,,,,,,,,,,,,,,,W,move_forward|look,,-7.0,-4.0
3778,125933,,,,,,,,,,,,,,,,,,,,,,,,,,,,,,W,move_forward,,0.0,0.0
3779,125967,,,,,,,,,,,,,,,,,,,,,,,,,,,,,,W,move_forward,,0.0,0.0
3780,126000,,,,,,,,,,,,,,,,,,,,,,,,,,,,,,W,move_forward,,0.0,0.0
3781,126033,,,,,,,,,,,,,,,,,,,,,,,,,,,,,,W,move_forward,,0.0,0.0
3782,126067,,,,,,,,,,,,,,,,,,,,,,,,,,,,,,W,move_forward,,0.0,0.0
3783,126100,,,,,,,,,,,,,,,,,,,,,,,,,,,,,,W,move_forward,,0.0,0.0
3784,126133,,,,,,,,,,,,,,,,,,,,,,,,,,,,,,W,move_forward|look,,-80.0,21.0
3785,126167,,,,,,,,,,,,,,,,,,,,,,,,,,,,,,W,move_forward|look,,-226.0,72.0
3786,126200,,,,,,,,,,,,,,,,,,,,,,,,,,,,,,W,move_forward|look,,-158.0,54.0
3787,126233,,,,,,,,,,,,,,,,,,,,,,,,,,,,,,W,move_forward|look,,-58.0,22.0
3788,126267,,,,,,,,,,,,,,,,,,,,,,,,,,,,,,W,move_forward|look,,-5.0,3.0
3789,126300,,,,,,,,,,,,,,,,,,,,,,,,,,,,,,W,move_forward,,0.0,0.0
3790,126333,,,,,,,,,,,,,,,,,,,,,,,,,,,,,,W,move_forward,,0.0,0.0
3791,126367,,,,,,,,,,,,,,,,,,,,,,,,,,,,,,W,move_forward|look,,15.0,-3.0
3792,126400,,,,,,,,,,,,,,,,,,,,,,,,,,,,,,W,move_forward|look,,122.0,-59.0
3793,126433,,,,,,,,,,,,,,,,,,,,,,,,,,,,,,W,move_forward|look,,271.0,-76.0
3794,126467,,,,,,,,,,,,,,,,,,,,,,,,,,,,,,W,move_forward|look,,262.0,-42.0
3795,126500,,,,,,,,,,,,,,,,,,,,,,,,,,,,,,W,move_forward|look,,118.0,-7.0
3796,126533,,,,,,,,,,,,,,,,,,,,,,,,,,,,,,W,move_forward|look,,51.0,0.0
3797,126567,,,,,,,,,,,,,,,,,,,,,,,,,,,,,,W,move_forward|look,,5.0,0.0
3798,126600,,,,,,,,,,,,,,,,,,,,,,,,,,,,,,W,move_forward|look,,1.0,-5.0
3799,126633,,,,,,,,,,,,,,,,,,,,,,,,,,,,,,W,move_forward|look,,25.0,-20.0
3800,126667,,,,,,,,,,,,,,,,,,,,,,,,,,,,,,W,move_forward|look,,83.0,-24.0
3801,126700,,,,,,,,,,,,,,,,,,,,,,,,,,,,,,W,move_forward|look,,134.0,-41.0
3802,126733,,,,,,,,,,,,,,,,,,,,,,,,,,,,,,W,move_forward|look,,204.0,-51.0
3803,126767,,,,,,,,,,,,,,,,,,,,,,,,,,,,,,W,move_forward|look,,232.0,-52.0
3804,126800,,,,,,,,,,,,,,,,,,,,,,,,,,,,,,W,move_forward|look,,126.0,-16.0
3805,126833,,,,,,,,,,,,,,,,,,,,,,,,,,,,,,W,move_forward|look,,75.0,-2.0
3806,126867,,,,,,,,,,,,,,,,,,,,,,,,,,,,,,W,move_forward|look,,25.0,1.0
3807,126900,,,,,,,,,,,,,,,,,,,,,,,,,,,,,,W,move_forward,,0.0,0.0
3808,126933,,,,,,,,,,,,,,,,,,,,,,,,,,,,,,W,move_forward,,0.0,0.0
3809,126967,,,,,,,,,,,,,,,,,,,,,,,,,,,,,,W,move_forward,,0.0,0.0
3810,127000,,,,,,,,,,,,,,,,,,,,,,,,,,,,,,W,move_forward,,0.0,0.0
3811,127033,,,,,,,,,,,,,,,,,,,,,,,,,,,,,,W,move_forward,,0.0,0.0
3812,127067,,,,,,,,,,,,,,,,,,,,,,,,,,,,,,W,move_forward|look,,2.0,0.0
3813,127100,,,,,,,,,,,,,,,,,,,,,,,,,,,,,,W,move_forward|look,,76.0,-26.0
3814,127133,,,,,,,,,,,,,,,,,,,,,,,,,,,,,,W,move_forward|look,,347.0,-60.0
3815,127167,,,,,,,,,,,,,,,,,,,,,,,,,,,,,,W,move_forward|look,,325.0,-8.0
3816,127200,,,,,,,,,,,,,,,,,,,,,,,,,,,,,,W,move_forward|look,,297.0,12.0
3817,127233,,,,,,,,,,,,,,,,,,,,,,,,,,,,,,W,move_forward|look,,92.0,22.0
3818,127267,,,,,,,,,,,,,,,,,,,,,,,,,,,,,,W,move_forward|look,,31.0,9.0
3819,127300,,,,,,,,,,,,,,,,,,,,,,,,,,,,,,W,move_forward|look,,4.0,2.0
3820,127333,,,,,,,,,,,,,,,,,,,,,,,,,,,,,,W,move_forward|look,,1.0,1.0
3821,127367,,,,,,,,,,,,,,,,,,,,,,,,,,,,,,W,move_forward|look,,1.0,0.0
3822,127400,,,,,,,,,,,,,,,,,,,,,,,,,,,,,,W,move_forward|look,,0.0,1.0
3823,127433,,,,,,,,,,,,,,,,,,,,,,,,,,,,,,W,move_forward,,0.0,0.0
3824,127467,,,,,,,,,,,,,,,,,,,,,,,,,,,,,,W,move_forward|look,,1.0,0.0
3825,127500,,,,,,,,,,,,,,,,,,,,,,,,,,,,,,W,move_forward,,0.0,0.0
3826,127533,,,,,,,,,,,,,,,,,,,,,,,,,,,,,,Space,jump,,0.0,0.0
3827,127567,,,,,,,,,,,,,,,,,,,,,,,,,,,,,,Space,jump,,0.0,0.0
3828,127600,,,,,,,,,,,,,,,,,,,,,,,,,,,,,,Space,jump,,0.0,0.0
3829,127633,,,,,,,,,,,,,,,,,,,,,,,,,,,,,,Space,jump,,0.0,0.0
3830,127667,,,,,,,,,,,,,,,,,,,,,,,,,,,,,,Space,jump,,0.0,0.0
3831,127700,,,,,,,,,,,,,,,,,,,,,,,,,,,,,,Space,jump,,0.0,0.0
3832,127733,,,,,,,,,,,,,,,,,,,,,,,,,,,,,,Space,jump,,0.0,0.0
3833,127767,,,,,,,,,,,,,,,,,,,,,,,,,,,,,,Space,jump,,0.0,0.0
3834,127800,,,,,,,,,,,,,,,,,,,,,,,,,,,,,,Space,jump,,0.0,0.0
3835,127833,,,,,,,,,,,,,,,,,,,,,,,,,,,,,,Space,jump,,0.0,0.0
3836,127867,,,,,,,,,,,,,,,,,,,,,,,,,,,,,,Space,jump|look,,24.0,-5.0
3837,127900,,,,,,,,,,,,,,,,,,,,,,,,,,,,,,Space,jump|look,,115.0,-22.0
3838,127933,,,,,,,,,,,,,,,,,,,,,,,,,,,,,,Space,jump|look,,221.0,-32.0
3839,127967,,,,,,,,,,,,,,,,,,,,,,,,,,,,,,,look,,244.0,-7.0
3840,128000,,,,,,,,,,,,,,,,,,,,,,,,,,,,,,,look,,94.0,0.0
3841,128033,,,,,,,,,,,,,,,,,,,,,,,,,,,,,,,look,,54.0,1.0
3842,128067,,,,,,,,,,,,,,,,,,,,,,,,,,,,,,,look,,25.0,0.0
3843,128100,,,,,,,,,,,,,,,,,,,,,,,,,,,,,,,look,,19.0,-2.0
3844,128133,,,,,,,,,,,,,,,,,,,,,,,,,,,,,,,look,,8.0,-4.0
3845,128167,,,,,,,,,,,,,,,,,,,,,,,,,,,,,,,,,0.0,0.0
3846,128200,,,,,,,,,,,,,,,,,,,,,,,,,,,,,,,,,0.0,0.0
3847,128233,,,,,,,,,,,,,,,,,,,,,,,,,,,,,,,,,0.0,0.0
3848,128267,,,,,,,,,,,,,,,,,,,,,,,,,,,,,,Space,jump,,0.0,0.0
3849,128300,,,,,,,,,,,,,,,,,,,,,,,,,,,,,,Space,jump,,0.0,0.0
3850,128333,,,,,,,,,,,,,,,,,,,,,,,,,,,,,,Space,jump|look,,0.0,-1.0
3851,128367,,,,,,,,,,,,,,,,,,,,,,,,,,,,,,Space,jump|look,,6.0,-5.0
3852,128400,,,,,,,,,,,,,,,,,,,,,,,,,,,,,,Space,jump|look,,49.0,-5.0
3853,128433,,,,,,,,,,,,,,,,,,,,,,,,,,,,,,Space,jump|look,,68.0,4.0
3854,128467,,,,,,,,,,,,,,,,,,,,,,,,,,,,,,Space,jump|look,,58.0,21.0
3855,128500,,,,,,,,,,,,,,,,,,,,,,,,,,,,,,Space,jump|look,,28.0,10.0
3856,128533,,,,,,,,,,,,,,,,,,,,,,,,,,,,,,,look,,13.0,3.0
3857,128567,,,,,,,,,,,,,,,,,,,,,,,,,,,,,,,look,,10.0,0.0
3858,128600,,,,,,,,,,,,,,,,,,,,,,,,,,,,,,,look,,20.0,0.0
3859,128633,,,,,,,,,,,,,,,,,,,,,,,,,,,,,,,look,,29.0,-2.0
3860,128667,,,,,,,,,,,,,,,,,,,,,,,,,,,,,,,look,,23.0,-6.0
3861,128700,,,,,,,,,,,,,,,,,,,,,,,,,,,,,,,look,,19.0,-10.0
3862,128733,,,,,,,,,,,,,,,,,,,,,,,,,,,,,,W,move_forward|look,,15.0,-11.0
3863,128767,,,,,,,,,,,,,,,,,,,,,,,,,,,,,,W,move_forward|look,,11.0,-7.0
3864,128800,,,,,,,,,,,,,,,,,,,,,,,,,,,,,,W,move_forward|look,,6.0,-3.0
3865,128833,,,,,,,,,,,,,,,,,,,,,,,,,,,,,,W,move_forward|look,,2.0,-1.0
3866,128867,,,,,,,,,,,,,,,,,,,,,,,,,,,,,,W,move_forward,,0.0,0.0
3867,128900,,,,,,,,,,,,,,,,,,,,,,,,,,,,,,W,move_forward,,0.0,0.0
3868,128933,,,,,,,,,,,,,,,,,,,,,,,,,,,,,,W,move_forward,,0.0,0.0
3869,128967,,,,,,,,,,,,,,,,,,,,,,,,,,,,,,W,move_forward,,0.0,0.0
3870,129000,,,,,,,,,,,,,,,,,,,,,,,,,,,,,,W,move_forward|look,,0.0,1.0
3871,129033,,,,,,,,,,,,,,,,,,,,,,,,,,,,,,W,move_forward|look,,0.0,23.0
3872,129067,,,,,,,,,,,,,,,,,,,,,,,,,,,,,,W,move_forward|look,,-3.0,29.0
3873,129100,,,,,,,,,,,,,,,,,,,,,,,,,,,,,,W,move_forward|look,,0.0,22.0
3874,129133,,,,,,,,,,,,,,,,,,,,,,,,,,,,,,,look,,4.0,18.0
3875,129167,,,,,,,,,,,,,,,,,,,,,,,,,,,,,,,look,,2.0,5.0
3876,129200,,,,,,,,,,,,,,,,,,,,,,,,,,,,,,,,,0.0,0.0
3877,129233,,,,,,,,,,,,,,,,,,,,,,,,,,,,,,,,,0.0,0.0
3878,129267,,,,,,,,,,,,,,,,,,,,,,,,,,,,,,,,,0.0,0.0
3879,129300,,,,,,,,,,,,,,,,,,,,,,,,,,,,,,,look,,-2.0,2.0
3880,129333,,,,,,,,,,,,,,,,,,,,,,,,,,,,,,,look,,-14.0,13.0
3881,129367,,,,,,,,,,,,,,,,,,,,,,,,,,,,,,,look,,-38.0,44.0
3882,129400,,,,,,,,,,,,,,,,,,,,,,,,,,,,,,,look,,-73.0,103.0
3883,129433,,,,,,,,,,,,,,,,,,,,,,,,,,,,,,,look,,-53.0,90.0
3884,129467,,,,,,,,,,,,,,,,,,,,,,,,,,,,,,,look,,-19.0,63.0
3885,129500,,,,,,,,,,,,,,,,,,,,,,,,,,,,,,,look,,0.0,50.0
3886,129533,,,,,,,,,,,,,,,,,,,,,,,,,,,,,,,look,,4.0,11.0
3887,129567,,,,,,,,,,,,,,,,,,,,,,,,,,,,,,,,,0.0,0.0
3888,129600,,,,,,,,,,,,,,,,,,,,,,,,,,,,,,,,,0.0,0.0
3889,129633,,,,,,,,,,,,,,,,,,,,,,,,,,,,,,,,,0.0,0.0
3890,129667,,,,,,,,,,,,,,,,,,,,,,,,,,,,,,,,,0.0,0.0
3891,129700,,,,,,,,,,,,,,,,,,,,,,,,,,,,,,,,,0.0,0.0
3892,129733,,,,,,,,,,,,,,,,,,,,,,,,,,,,,,,,,0.0,0.0
3893,129767,,,,,,,,,,,,,,,,,,,,,,,,,,,,,,,look,,1.0,0.0
3894,129800,,,,,,,,,,,,,,,,,,,,,,,,,,,,,,,look,,23.0,-17.0
3895,129833,,,,,,,,,,,,,,,,,,,,,,,,,,,,,,,look,,22.0,-20.0
3896,129867,,,,,,,,,,,,,,,,,,,,,,,,,,,,,,,look,,6.0,-5.0
3897,129900,,,,,,,,,,,,,,,,,,,,,,,,,,,,,,,look,,1.0,0.0
3898,129933,,,,,,,,,,,,,,,,,,,,,,,,,,,,,,,fire,Left,0.0,0.0
3899,129967,,,,,,,,,,,,,,,,,,,,,,,,,,,,,,,fire,Left,0.0,0.0
3900,130000,,,,,,,,,,,,,,,,,,,,,,,,,,,,,,,fire,Left,0.0,0.0
3901,130033,,,,,,,,,,,,,,,,,,,,,,,,,,,,,,,fire,Left,0.0,0.0
3902,130067,,,,,,,,,,,,,,,,,,,,,,,,,,,,,,,fire,Left,0.0,0.0
3903,130100,,,,,,,,,,,,,,,,,,,,,,,,,,,,,,,fire,Left,0.0,0.0
3904,130133,,,,,,,,,,,,,,,,,,,,,,,,,,,,,,,,,0.0,0.0
3905,130167,,,,,,,,,,,,,,,,,,,,,,,,,,,,,,,,,0.0,0.0
3906,130200,,,,,,,,,,,,,,,,,,,,,,,,,,,,,,,,,0.0,0.0
3907,130233,,,,,,,,,,,,,,,,,,,,,,,,,,,,,,,,,0.0,0.0
3908,130267,,,,,,,,,,,,,,,,,,,,,,,,,,,,,,W,move_forward,,0.0,0.0
3909,130300,,,,,,,,,,,,,,,,,,,,,,,,,,,,,,W,move_forward,,0.0,0.0
3910,130333,,,,,,,,,,,,,,,,,,,,,,,,,,,,,,W,move_forward|look,,0.0,1.0
3911,130367,,,,,,,,,,,,,,,,,,,,,,,,,,,,,,W,move_forward|look,,0.0,12.0
3912,130400,,,,,,,,,,,,,,,,,,,,,,,,,,,,,,W,move_forward|look,,0.0,12.0
3913,130433,,,,,,,,,,,,,,,,,,,,,,,,,,,,,,W,move_forward|look,,-7.0,8.0
3914,130467,,,,,,,,,,,,,,,,,,,,,,,,,,,,,,W,move_forward|look,,-6.0,5.0
3915,130500,,,,,,,,,,,,,,,,,,,,,,,,,,,,,,W,move_forward|look,,-3.0,1.0
3916,130533,,,,,,,,,,,,,,,,,,,,,,,,,,,,,,W,move_forward|look,,-4.0,0.0
3917,130567,,,,,,,,,,,,,,,,,,,,,,,,,,,,,,W,move_forward|look,,-1.0,-2.0
3918,130600,,,,,,,,,,,,,,,,,,,,,,,,,,,,,,W,move_forward|look,,-1.0,-1.0
3919,130633,,,,,,,,,,,,,,,,,,,,,,,,,,,,,,W,move_forward,,0.0,0.0
3920,130667,,,,,,,,,,,,,,,,,,,,,,,,,,,,,,W,move_forward|look,,-1.0,0.0
3921,130700,,,,,,,,,,,,,,,,,,,,,,,,,,,,,,W,move_forward|look,,-14.0,0.0
3922,130733,,,,,,,,,,,,,,,,,,,,,,,,,,,,,,W,move_forward|look,,-82.0,41.0
3923,130767,,,,,,,,,,,,,,,,,,,,,,,,,,,,,,W,move_forward|look,,-184.0,157.0
3924,130800,,,,,,,,,,,,,,,,,,,,,,,,,,,,,,W,move_forward|look,,-194.0,200.0
3925,130833,,,,,,,,,,,,,,,,,,,,,,,,,,,,,,W,move_forward|look,,-66.0,102.0
3926,130867,,,,,,,,,,,,,,,,,,,,,,,,,,,,,,W,move_forward|look,,-12.0,95.0
3927,130900,,,,,,,,,,,,,,,,,,,,,,,,,,,,,,W,move_forward|look,,34.0,61.0
3928,130933,,,,,,,,,,,,,,,,,,,,,,,,,,,,,,W,move_forward|look,,29.0,41.0
3929,130967,,,,,,,,,,,,,,,,,,,,,,,,,,,,,,,look,,13.0,22.0
3930,131000,,,,,,,,,,,,,,,,,,,,,,,,,,,,,,,look,,1.0,18.0
3931,131033,,,,,,,,,,,,,,,,,,,,,,,,,,,,,,,look,,-6.0,17.0
3932,131067,,,,,,,,,,,,,,,,,,,,,,,,,,,,,,,look,,-30.0,20.0
3933,131100,,,,,,,,,,,,,,,,,,,,,,,,,,,,,,,look,,-44.0,15.0
3934,131133,,,,,,,,,,,,,,,,,,,,,,,,,,,,,,,look,,-26.0,5.0
3935,131167,,,,,,,,,,,,,,,,,,,,,,,,,,,,,,,look,,-3.0,0.0
3936,131200,,,,,,,,,,,,,,,,,,,,,,,,,,,,,,,look,,0.0,3.0
3937,131233,,,,,,,,,,,,,,,,,,,,,,,,,,,,,,,look,,0.0,18.0
3938,131267,,,,,,,,,,,,,,,,,,,,,,,,,,,,,,,look,,-3.0,26.0
3939,131300,,,,,,,,,,,,,,,,,,,,,,,,,,,,,,,look,,-2.0,15.0
3940,131333,,,,,,,,,,,,,,,,,,,,,,,,,,,,,,,look,,0.0,3.0
3941,131367,,,,,,,,,,,,,,,,,,,,,,,,,,,,,,,look,,-1.0,0.0
3942,131400,,,,,,,,,,,,,,,,,,,,,,,,,,,,,,W,move_forward,,0.0,0.0
3943,131433,,,,,,,,,,,,,,,,,,,,,,,,,,,,,,W,move_forward,,0.0,0.0
3944,131467,,,,,,,,,,,,,,,,,,,,,,,,,,,,,,W,move_forward,,0.0,0.0
3945,131500,,,,,,,,,,,,,,,,,,,,,,,,,,,,,,W,move_forward,,0.0,0.0
3946,131533,,,,,,,,,,,,,,,,,,,,,,,,,,,,,,W,move_forward,,0.0,0.0
3947,131567,,,,,,,,,,,,,,,,,,,,,,,,,,,,,,W,move_forward,,0.0,0.0
3948,131600,,,,,,,,,,,,,,,,,,,,,,,,,,,,,,W,move_forward|fire,Left,0.0,0.0
3949,131633,,,,,,,,,,,,,,,,,,,,,,,,,,,,,,W,move_forward|fire,Left,0.0,0.0
3950,131667,,,,,,,,,,,,,,,,,,,,,,,,,,,,,,,fire,Left,0.0,0.0
3951,131700,,,,,,,,,,,,,,,,,,,,,,,,,,,,,,,fire,Left,0.0,0.0
3952,131733,,,,,,,,,,,,,,,,,,,,,,,,,,,,,,,fire,Left,0.0,0.0
3953,131767,,,,,,,,,,,,,,,,,,,,,,,,,,,,,,,fire,Left,0.0,0.0
3954,131800,,,,,,,,,,,,,,,,,,,,,,,,,,,,,,,fire,Left,0.0,0.0
3955,131833,,,,,,,,,,,,,,,,,,,,,,,,,,,,,,,,,0.0,0.0
3956,131867,,,,,,,,,,,,,,,,,,,,,,,,,,,,,,,,,0.0,0.0
3957,131900,,,,,,,,,,,,,,,,,,,,,,,,,,,,,,,,,0.0,0.0
3958,131933,,,,,,,,,,,,,,,,,,,,,,,,,,,,,,,,,0.0,0.0
3959,131967,,,,,,,,,,,,,,,,,,,,,,,,,,,,,,,,,0.0,0.0
3960,132000,,,,,,,,,,,,,,,,,,,,,,,,,,,,,,,look,,0.0,4.0
3961,132033,,,,,,,,,,,,,,,,,,,,,,,,,,,,,,,look,,-16.0,45.0
3962,132067,,,,,,,,,,,,,,,,,,,,,,,,,,,,,,,look,,-16.0,31.0
3963,132100,,,,,,,,,,,,,,,,,,,,,,,,,,,,,,,look,,-7.0,14.0
3964,132133,,,,,,,,,,,,,,,,,,,,,,,,,,,,,,,look,,-1.0,3.0
3965,132167,,,,,,,,,,,,,,,,,,,,,,,,,,,,,,,look,,-1.0,1.0
3966,132200,,,,,,,,,,,,,,,,,,,,,,,,,,,,,,,look,,-1.0,1.0
3967,132233,,,,,,,,,,,,,,,,,,,,,,,,,,,,,,,,,0.0,0.0
3968,132267,,,,,,,,,,,,,,,,,,,,,,,,,,,,,,,,,0.0,0.0
3969,132300,,,,,,,,,,,,,,,,,,,,,,,,,,,,,,,,,0.0,0.0
3970,132333,,,,,,,,,,,,,,,,,,,,,,,,,,,,,,,,,0.0,0.0
3971,132367,,,,,,,,,,,,,,,,,,,,,,,,,,,,,,,look,,0.0,-1.0
3972,132400,,,,,,,,,,,,,,,,,,,,,,,,,,,,,,,look,,0.0,-9.0
3973,132433,,,,,,,,,,,,,,,,,,,,,,,,,,,,,,,look,,1.0,-5.0
3974,132467,,,,,,,,,,,,,,,,,,,,,,,,,,,,,,W,move_forward|look,,0.0,-2.0
3975,132500,,,,,,,,,,,,,,,,,,,,,,,,,,,,,,W,move_forward|fire,Left,0.0,0.0
3976,132533,,,,,,,,,,,,,,,,,,,,,,,,,,,,,,W,move_forward|fire,Left,0.0,0.0
3977,132567,,,,,,,,,,,,,,,,,,,,,,,,,,,,,,W,move_forward|fire,Left,0.0,0.0
3978,132600,,,,,,,,,,,,,,,,,,,,,,,,,,,,,,W,move_forward|fire,Left,0.0,0.0
3979,132633,,,,,,,,,,,,,,,,,,,,,,,,,,,,,,W,move_forward|fire,Left,0.0,0.0
3980,132667,,,,,,,,,,,,,,,,,,,,,,,,,,,,,,W,move_forward|fire,Left,0.0,0.0
3981,132700,,,,,,,,,,,,,,,,,,,,,,,,,,,,,,W,move_forward,,0.0,0.0
3982,132733,,,,,,,,,,,,,,,,,,,,,,,,,,,,,,W,move_forward,,0.0,0.0
3983,132767,,,,,,,,,,,,,,,,,,,,,,,,,,,,,,W,move_forward,,0.0,0.0
3984,132800,,,,,,,,,,,,,,,,,,,,,,,,,,,,,,W,move_forward,,0.0,0.0
3985,132833,,,,,,,,,,,,,,,,,,,,,,,,,,,,,,W,move_forward,,0.0,0.0
3986,132867,,,,,,,,,,,,,,,,,,,,,,,,,,,,,,W,move_forward|fire,Left,0.0,0.0
3987,132900,,,,,,,,,,,,,,,,,,,,,,,,,,,,,,W,move_forward|fire,Left,0.0,0.0
3988,132933,,,,,,,,,,,,,,,,,,,,,,,,,,,,,,W,move_forward|fire,Left,0.0,0.0
3989,132967,,,,,,,,,,,,,,,,,,,,,,,,,,,,,,W,move_forward|fire,Left,0.0,0.0
3990,133000,,,,,,,,,,,,,,,,,,,,,,,,,,,,,,W,move_forward|fire,Left,0.0,0.0
3991,133033,,,,,,,,,,,,,,,,,,,,,,,,,,,,,,W,move_forward,,0.0,0.0
3992,133067,,,,,,,,,,,,,,,,,,,,,,,,,,,,,,W,move_forward,,0.0,0.0
3993,133100,,,,,,,,,,,,,,,,,,,,,,,,,,,,,,,,,0.0,0.0
3994,133133,,,,,,,,,,,,,,,,,,,,,,,,,,,,,,,,,0.0,0.0
3995,133167,,,,,,,,,,,,,,,,,,,,,,,,,,,,,,,,,0.0,0.0
3996,133200,,,,,,,,,,,,,,,,,,,,,,,,,,,,,,,,,0.0,0.0
3997,133233,,,,,,,,,,,,,,,,,,,,,,,,,,,,,,W,move_forward|look,,-21.0,0.0
3998,133267,,,,,,,,,,,,,,,,,,,,,,,,,,,,,,W,move_forward|look,,-41.0,0.0
3999,133300,,,,,,,,,,,,,,,,,,,,,,,,,,,,,,W,move_forward|look,,-63.0,-1.0
4000,133333,,,,,,,,,,,,,,,,,,,,,,,,,,,,,,W,move_forward|look,,-87.0,-12.0
4001,133367,,,,,,,,,,,,,,,,,,,,,,,,,,,,,,W,move_forward|look,,-139.0,-32.0
4002,133400,,,,,,,,,,,,,,,,,,,,,,,,,,,,,,W,move_forward|look,,-98.0,-37.0
4003,133433,,,,,,,,,,,,,,,,,,,,,,,,,,,,,,W,move_forward|look,,-53.0,-19.0
4004,133467,,,,,,,,,,,,,,,,,,,,,,,,,,,,,,W,move_forward|look,,-28.0,-12.0
4005,133500,,,,,,,,,,,,,,,,,,,,,,,,,,,,,,W,move_forward|look,,-4.0,-4.0
4006,133533,,,,,,,,,,,,,,,,,,,,,,,,,,,,,,W,move_forward,,0.0,0.0
4007,133567,,,,,,,,,,,,,,,,,,,,,,,,,,,,,,W,move_forward,,0.0,0.0
4008,133600,,,,,,,,,,,,,,,,,,,,,,,,,,,,,,W,move_forward,,0.0,0.0
4009,133633,,,,,,,,,,,,,,,,,,,,,,,,,,,,,,W,move_forward,,0.0,0.0
4010,133667,,,,,,,,,,,,,,,,,,,,,,,,,,,,,,W,move_forward,,0.0,0.0
4011,133700,,,,,,,,,,,,,,,,,,,,,,,,,,,,,,W,move_forward,,0.0,0.0
4012,133733,,,,,,,,,,,,,,,,,,,,,,,,,,,,,,W,move_forward|look,,-28.0,-10.0
4013,133767,,,,,,,,,,,,,,,,,,,,,,,,,,,,,,W,move_forward|look,,-36.0,-12.0
4014,133800,,,,,,,,,,,,,,,,,,,,,,,,,,,,,,W,move_forward|look,,-13.0,-6.0
4015,133833,,,,,,,,,,,,,,,,,,,,,,,,,,,,,,W,move_forward|look,,-1.0,-1.0
4016,133867,,,,,,,,,,,,,,,,,,,,,,,,,,,,,,W,move_forward|look,,5.0,-5.0
4017,133900,,,,,,,,,,,,,,,,,,,,,,,,,,,,,,W,move_forward|look,,38.0,-25.0
4018,133933,,,,,,,,,,,,,,,,,,,,,,,,,,,,,,W,move_forward|look,,62.0,-46.0
4019,133967,,,,,,,,,,,,,,,,,,,,,,,,,,,,,,W,move_forward|look,,94.0,-70.0
4020,134000,,,,,,,,,,,,,,,,,,,,,,,,,,,,,,W,move_forward|look,,127.0,-36.0
4021,134033,,,,,,,,,,,,,,,,,,,,,,,,,,,,,,W,move_forward|look,,152.0,11.0
4022,134067,,,,,,,,,,,,,,,,,,,,,,,,,,,,,,,look,,72.0,25.0
4023,134100,,,,,,,,,,,,,,,,,,,,,,,,,,,,,,,fire|look,Left,12.0,5.0
4024,134133,,,,,,,,,,,,,,,,,,,,,,,,,,,,,,,fire,Left,0.0,0.0
4025,134167,,,,,,,,,,,,,,,,,,,,,,,,,,,,,,,fire,Left,0.0,0.0
4026,134200,,,,,,,,,,,,,,,,,,,,,,,,,,,,,,,fire,Left,0.0,0.0
4027,134233,,,,,,,,,,,,,,,,,,,,,,,,,,,,,,,fire,Left,0.0,0.0
4028,134267,,,,,,,,,,,,,,,,,,,,,,,,,,,,,,,fire,Left,0.0,0.0
4029,134300,,,,,,,,,,,,,,,,,,,,,,,,,,,,,,,,,0.0,0.0
4030,134333,,,,,,,,,,,,,,,,,,,,,,,,,,,,,,,,,0.0,0.0
4031,134367,,,,,,,,,,,,,,,,,,,,,,,,,,,,,,,,,0.0,0.0
4032,134400,,,,,,,,,,,,,,,,,,,,,,,,,,,,,,,,,0.0,0.0
4033,134433,,,,,,,,,,,,,,,,,,,,,,,,,,,,,,,,,0.0,0.0
4034,134467,,,,,,,,,,,,,,,,,,,,,,,,,,,,,,,,,0.0,0.0
4035,134500,,,,,,,,,,,,,,,,,,,,,,,,,,,,,,,,,0.0,0.0
4036,134533,,,,,,,,,,,,,,,,,,,,,,,,,,,,,,,,,0.0,0.0
4037,134567,,,,,,,,,,,,,,,,,,,,,,,,,,,,,,,look,,-3.0,-16.0
4038,134600,,,,,,,,,,,,,,,,,,,,,,,,,,,,,,,look,,-10.0,-47.0
4039,134633,,,,,,,,,,,,,,,,,,,,,,,,,,,,,,,look,,-1.0,-48.0
4040,134667,,,,,,,,,,,,,,,,,,,,,,,,,,,,,,,look,,2.0,-33.0
4041,134700,,,,,,,,,,,,,,,,,,,,,,,,,,,,,,,look,,7.0,-50.0
4042,134733,,,,,,,,,,,,,,,,,,,,,,,,,,,,,,,look,,17.0,-143.0
4043,134767,,,,,,,,,,,,,,,,,,,,,,,,,,,,,,W,move_forward|look,,39.0,-197.0
4044,134800,,,,,,,,,,,,,,,,,,,,,,,,,,,,,,W,move_forward|look,,25.0,-83.0
4045,134833,,,,,,,,,,,,,,,,,,,,,,,,,,,,,,W,move_forward|look,,17.0,-23.0
4046,134867,,,,,,,,,,,,,,,,,,,,,,,,,,,,,,W,move_forward,,0.0,0.0
4047,134900,,,,,,,,,,,,,,,,,,,,,,,,,,,,,,W,move_forward,,0.0,0.0
4048,134933,,,,,,,,,,,,,,,,,,,,,,,,,,,,,,W,move_forward,,0.0,0.0
4049,134967,,,,,,,,,,,,,,,,,,,,,,,,,,,,,,W,move_forward,,0.0,0.0
4050,135000,,,,,,,,,,,,,,,,,,,,,,,,,,,,,,W,move_forward,,0.0,0.0
4051,135033,,,,,,,,,,,,,,,,,,,,,,,,,,,,,,W,move_forward,,0.0,0.0
4052,135067,,,,,,,,,,,,,,,,,,,,,,,,,,,,,,W,move_forward|look,,60.0,-26.0
4053,135100,,,,,,,,,,,,,,,,,,,,,,,,,,,,,,W,move_forward|look,,168.0,-52.0
4054,135133,,,,,,,,,,,,,,,,,,,,,,,,,,,,,,W,move_forward|look,,542.0,-91.0
4055,135167,,,,,,,,,,,,,,,,,,,,,,,,,,,,,,W,move_forward|look,,405.0,-18.0
4056,135200,,,,,,,,,,,,,,,,,,,,,,,,,,,,,,W,move_forward|look,,188.0,10.0
4057,135233,,,,,,,,,,,,,,,,,,,,,,,,,,,,,,W,move_forward|look,,60.0,11.0
4058,135267,,,,,,,,,,,,,,,,,,,,,,,,,,,,,,W,move_forward|look,,19.0,5.0
4059,135300,,,,,,,,,,,,,,,,,,,,,,,,,,,,,,W,move_forward|look,,2.0,1.0
4060,135333,,,,,,,,,,,,,,,,,,,,,,,,,,,,,,W,move_forward,,0.0,0.0
4061,135367,,,,,,,,,,,,,,,,,,,,,,,,,,,,,,W,move_forward,,0.0,0.0
4062,135400,,,,,,,,,,,,,,,,,,,,,,,,,,,,,,W,move_forward,,0.0,0.0
4063,135433,,,,,,,,,,,,,,,,,,,,,,,,,,,,,,W,move_forward,,0.0,0.0
4064,135467,,,,,,,,,,,,,,,,,,,,,,,,,,,,,,W,move_forward,,0.0,0.0
4065,135500,,,,,,,,,,,,,,,,,,,,,,,,,,,,,,W,move_forward|look,,1.0,0.0
4066,135533,,,,,,,,,,,,,,,,,,,,,,,,,,,,,,W,move_forward|look,,54.0,-24.0
4067,135567,,,,,,,,,,,,,,,,,,,,,,,,,,,,,,W,move_forward|look,,104.0,-17.0
4068,135600,,,,,,,,,,,,,,,,,,,,,,,,,,,,,,W,move_forward|look,,129.0,0.0
4069,135633,,,,,,,,,,,,,,,,,,,,,,,,,,,,,,W,move_forward|look,,44.0,11.0
4070,135667,,,,,,,,,,,,,,,,,,,,,,,,,,,,,,W,move_forward|look,,3.0,3.0
4071,135700,,,,,,,,,,,,,,,,,,,,,,,,,,,,,,W,move_forward|look,,-26.0,8.0
4072,135733,,,,,,,,,,,,,,,,,,,,,,,,,,,,,,W,move_forward|look,,-65.0,13.0
4073,135767,,,,,,,,,,,,,,,,,,,,,,,,,,,,,,W,move_forward|look,,-85.0,17.0
4074,135800,,,,,,,,,,,,,,,,,,,,,,,,,,,,,,W,move_forward|look,,-41.0,12.0
4075,135833,,,,,,,,,,,,,,,,,,,,,,,,,,,,,,W,move_forward|look,,-18.0,8.0
4076,135867,,,,,,,,,,,,,,,,,,,,,,,,,,,,,,W,move_forward|look,,-3.0,1.0
4077,135900,,,,,,,,,,,,,,,,,,,,,,,,,,,,,,W,move_forward,,0.0,0.0
4078,135933,,,,,,,,,,,,,,,,,,,,,,,,,,,,,,W,move_forward,,0.0,0.0
4079,135967,,,,,,,,,,,,,,,,,,,,,,,,,,,,,,W,move_forward|look,,11.0,0.0
4080,136000,,,,,,,,,,,,,,,,,,,,,,,,,,,,,,W,move_forward|look,,14.0,-2.0
4081,136033,,,,,,,,,,,,,,,,,,,,,,,,,,,,,,W,move_forward|look,,15.0,-5.0
4082,136067,,,,,,,,,,,,,,,,,,,,,,,,,,,,,,W,move_forward|look,,15.0,-5.0
4083,136100,,,,,,,,,,,,,,,,,,,,,,,,,,,,,,W,move_forward|look,,4.0,0.0
4084,136133,,,,,,,,,,,,,,,,,,,,,,,,,,,,,,W,move_forward|look,,-2.0,-2.0
4085,136167,,,,,,,,,,,,,,,,,,,,,,,,,,,,,,W,move_forward|look,,-27.0,-8.0
4086,136200,,,,,,,,,,,,,,,,,,,,,,,,,,,,,,W,move_forward|look,,-50.0,-14.0
4087,136233,,,,,,,,,,,,,,,,,,,,,,,,,,,,,,W,move_forward|look,,-79.0,-32.0
4088,136267,,,,,,,,,,,,,,,,,,,,,,,,,,,,,,W,move_forward|look,,-104.0,-62.0
4089,136300,,,,,,,,,,,,,,,,,,,,,,,,,,,,,,W,move_forward|look,,-65.0,-55.0
4090,136333,,,,,,,,,,,,,,,,,,,,,,,,,,,,,,W,move_forward|look,,-44.0,-28.0
4091,136367,,,,,,,,,,,,,,,,,,,,,,,,,,,,,,W,move_forward|look,,-32.0,-1.0
4092,136400,,,,,,,,,,,,,,,,,,,,,,,,,,,,,,W,move_forward|look,,-22.0,0.0
4093,136433,,,,,,,,,,,,,,,,,,,,,,,,,,,,,,W,move_forward|look,,-4.0,-1.0
4094,136467,,,,,,,,,,,,,,,,,,,,,,,,,,,,,,W,move_forward|look,,0.0,-1.0
4095,136500,,,,,,,,,,,,,,,,,,,,,,,,,,,,,,W,move_forward,,0.0,0.0
4096,136533,,,,,,,,,,,,,,,,,,,,,,,,,,,,,,W,move_forward,,0.0,0.0
4097,136567,,,,,,,,,,,,,,,,,,,,,,,,,,,,,,W,move_forward,,0.0,0.0
4098,136600,,,,,,,,,,,,,,,,,,,,,,,,,,,,,,W,move_forward,,0.0,0.0
4099,136633,,,,,,,,,,,,,,,,,,,,,,,,,,,,,,W,move_forward,,0.0,0.0
4100,136667,,,,,,,,,,,,,,,,,,,,,,,,,,,,,,W,move_forward,,0.0,0.0
4101,136700,,,,,,,,,,,,,,,,,,,,,,,,,,,,,,W,move_forward|look,,-49.0,29.0
4102,136733,,,,,,,,,,,,,,,,,,,,,,,,,,,,,,W,move_forward|look,,-214.0,99.0
4103,136767,,,,,,,,,,,,,,,,,,,,,,,,,,,,,,W,move_forward|look,,-429.0,169.0
4104,136800,,,,,,,,,,,,,,,,,,,,,,,,,,,,,,W,move_forward|look,,-269.0,98.0
4105,136833,,,,,,,,,,,,,,,,,,,,,,,,,,,,,,W,move_forward|look,,-133.0,25.0
4106,136867,,,,,,,,,,,,,,,,,,,,,,,,,,,,,,W,move_forward|look,,-31.0,-3.0
4107,136900,,,,,,,,,,,,,,,,,,,,,,,,,,,,,,W,move_forward|look,,0.0,-5.0
4108,136933,,,,,,,,,,,,,,,,,,,,,,,,,,,,,,W,move_forward,,0.0,0.0
4109,136967,,,,,,,,,,,,,,,,,,,,,,,,,,,,,,W,move_forward,,0.0,0.0
4110,137000,,,,,,,,,,,,,,,,,,,,,,,,,,,,,,W,move_forward,,0.0,0.0
4111,137033,,,,,,,,,,,,,,,,,,,,,,,,,,,,,,W,move_forward,,0.0,0.0
4112,137067,,,,,,,,,,,,,,,,,,,,,,,,,,,,,,W,move_forward,,0.0,0.0
4113,137100,,,,,,,,,,,,,,,,,,,,,,,,,,,,,,W,move_forward,,0.0,0.0
4114,137133,,,,,,,,,,,,,,,,,,,,,,,,,,,,,,W,move_forward|look,,-1.0,0.0
4115,137167,,,,,,,,,,,,,,,,,,,,,,,,,,,,,,W,move_forward|look,,-164.0,77.0
4116,137200,,,,,,,,,,,,,,,,,,,,,,,,,,,,,,W,move_forward|look,,-418.0,115.0
4117,137233,,,,,,,,,,,,,,,,,,,,,,,,,,,,,,W,move_forward|look,,-355.0,43.0
4118,137267,,,,,,,,,,,,,,,,,,,,,,,,,,,,,,W,move_forward|look,,-122.0,-1.0
4119,137300,,,,,,,,,,,,,,,,,,,,,,,,,,,,,,W,move_forward|look,,-42.0,-19.0
4120,137333,,,,,,,,,,,,,,,,,,,,,,,,,,,,,,W,move_forward|look,,-2.0,-4.0
4121,137367,,,,,,,,,,,,,,,,,,,,,,,,,,,,,,W,move_forward,,0.0,0.0
4122,137400,,,,,,,,,,,,,,,,,,,,,,,,,,,,,,W,move_forward,,0.0,0.0
4123,137433,,,,,,,,,,,,,,,,,,,,,,,,,,,,,,W,move_forward,,0.0,0.0
4124,137467,,,,,,,,,,,,,,,,,,,,,,,,,,,,,,W,move_forward,,0.0,0.0
4125,137500,,,,,,,,,,,,,,,,,,,,,,,,,,,,,,W,move_forward,,0.0,0.0
4126,137533,,,,,,,,,,,,,,,,,,,,,,,,,,,,,,W,move_forward,,0.0,0.0
4127,137567,,,,,,,,,,,,,,,,,,,,,,,,,,,,,,W,move_forward,,0.0,0.0
4128,137600,,,,,,,,,,,,,,,,,,,,,,,,,,,,,,W,move_forward,,0.0,0.0
4129,137633,,,,,,,,,,,,,,,,,,,,,,,,,,,,,,W,move_forward,,0.0,0.0
4130,137667,,,,,,,,,,,,,,,,,,,,,,,,,,,,,,W,move_forward,,0.0,0.0
4131,137700,,,,,,,,,,,,,,,,,,,,,,,,,,,,,,W,move_forward,,0.0,0.0
4132,137733,,,,,,,,,,,,,,,,,,,,,,,,,,,,,,W,move_forward|look,,0.0,-3.0
4133,137767,,,,,,,,,,,,,,,,,,,,,,,,,,,,,,W,move_forward|look,,-15.0,-14.0
4134,137800,,,,,,,,,,,,,,,,,,,,,,,,,,,,,,W,move_forward|look,,-85.0,-25.0
4135,137833,,,,,,,,,,,,,,,,,,,,,,,,,,,,,,W,move_forward|look,,-111.0,-27.0
4136,137867,,,,,,,,,,,,,,,,,,,,,,,,,,,,,,W,move_forward|look,,-86.0,-29.0
4137,137900,,,,,,,,,,,,,,,,,,,,,,,,,,,,,,W,move_forward|look,,-22.0,-10.0
4138,137933,,,,,,,,,,,,,,,,,,,,,,,,,,,,,,W,move_forward|look,,-6.0,-2.0
4139,137967,,,,,,,,,,,,,,,,,,,,,,,,,,,,,,W,move_forward|look,,-2.0,0.0
4140,138000,,,,,,,,,,,,,,,,,,,,,,,,,,,,,,W,move_forward|look,,0.0,-1.0
4141,138033,,,,,,,,,,,,,,,,,,,,,,,,,,,,,,W,move_forward,,0.0,0.0
4142,138067,,,,,,,,,,,,,,,,,,,,,,,,,,,,,,W,move_forward|look,,0.0,-1.0
4143,138100,,,,,,,,,,,,,,,,,,,,,,,,,,,,,,W,move_forward|look,,0.0,-1.0
4144,138133,,,,,,,,,,,,,,,,,,,,,,,,,,,,,,W,move_forward|look,,0.0,-1.0
4145,138167,,,,,,,,,,,,,,,,,,,,,,,,,,,,,,W,move_forward|look,,-9.0,0.0
4146,138200,,,,,,,,,,,,,,,,,,,,,,,,,,,,,,W,move_forward|look,,-38.0,1.0
4147,138233,,,,,,,,,,,,,,,,,,,,,,,,,,,,,,W,move_forward|look,,-78.0,25.0
4148,138267,,,,,,,,,,,,,,,,,,,,,,,,,,,,,,W,move_forward|look,,-62.0,8.0
4149,138300,,,,,,,,,,,,,,,,,,,,,,,,,,,,,,W,move_forward|look,,-24.0,-6.0
4150,138333,,,,,,,,,,,,,,,,,,,,,,,,,,,,,,W,move_forward|look,,-6.0,-21.0
4151,138367,,,,,,,,,,,,,,,,,,,,,,,,,,,,,,W,move_forward,,0.0,0.0
4152,138400,,,,,,,,,,,,,,,,,,,,,,,,,,,,,,W,move_forward,,0.0,0.0
4153,138433,,,,,,,,,,,,,,,,,,,,,,,,,,,,,,W,move_forward,,0.0,0.0
4154,138467,,,,,,,,,,,,,,,,,,,,,,,,,,,,,,W,move_forward,,0.0,0.0
4155,138500,,,,,,,,,,,,,,,,,,,,,,,,,,,,,,W,move_forward,,0.0,0.0
4156,138533,,,,,,,,,,,,,,,,,,,,,,,,,,,,,,W,move_forward,,0.0,0.0
4157,138567,,,,,,,,,,,,,,,,,,,,,,,,,,,,,,W,move_forward,,0.0,0.0
4158,138600,,,,,,,,,,,,,,,,,,,,,,,,,,,,,,W,move_forward|look,,-2.0,0.0
4159,138633,,,,,,,,,,,,,,,,,,,,,,,,,,,,,,W,move_forward|look,,-38.0,0.0
4160,138667,,,,,,,,,,,,,,,,,,,,,,,,,,,,,,W,move_forward|look,,-59.0,3.0
4161,138700,,,,,,,,,,,,,,,,,,,,,,,,,,,,,,W,move_forward|look,,-53.0,3.0
4162,138733,,,,,,,,,,,,,,,,,,,,,,,,,,,,,,W,move_forward|look,,-30.0,-5.0
4163,138767,,,,,,,,,,,,,,,,,,,,,,,,,,,,,,W,move_forward|look,,-12.0,-5.0
4164,138800,,,,,,,,,,,,,,,,,,,,,,,,,,,,,,W,move_forward|look,,-2.0,0.0
4165,138833,,,,,,,,,,,,,,,,,,,,,,,,,,,,,,W,move_forward|look,,0.0,-1.0
4166,138867,,,,,,,,,,,,,,,,,,,,,,,,,,,,,,W,move_forward,,0.0,0.0
4167,138900,,,,,,,,,,,,,,,,,,,,,,,,,,,,,,D|W,move_forward|move_right,,0.0,0.0
4168,138933,,,,,,,,,,,,,,,,,,,,,,,,,,,,,,D|W,move_forward|move_right,,0.0,0.0
4169,138967,,,,,,,,,,,,,,,,,,,,,,,,,,,,,,D,move_right,,0.0,0.0
4170,139000,,,,,,,,,,,,,,,,,,,,,,,,,,,,,,D,move_right,,0.0,0.0
4171,139033,,,,,,,,,,,,,,,,,,,,,,,,,,,,,,D,move_right,,0.0,0.0
4172,139067,,,,,,,,,,,,,,,,,,,,,,,,,,,,,,D,move_right,,0.0,0.0
4173,139100,,,,,,,,,,,,,,,,,,,,,,,,,,,,,,D,move_right,,0.0,0.0
4174,139133,,,,,,,,,,,,,,,,,,,,,,,,,,,,,,D,move_right,,0.0,0.0
4175,139167,,,,,,,,,,,,,,,,,,,,,,,,,,,,,,D,move_right,,0.0,0.0
4176,139200,,,,,,,,,,,,,,,,,,,,,,,,,,,,,,D,move_right,,0.0,0.0
4177,139233,,,,,,,,,,,,,,,,,,,,,,,,,,,,,,D,move_right,,0.0,0.0
4178,139267,,,,,,,,,,,,,,,,,,,,,,,,,,,,,,D,move_right,,0.0,0.0
4179,139300,,,,,,,,,,,,,,,,,,,,,,,,,,,,,,D,move_right,,0.0,0.0
4180,139333,,,,,,,,,,,,,,,,,,,,,,,,,,,,,,D,move_right,,0.0,0.0
4181,139367,,,,,,,,,,,,,,,,,,,,,,,,,,,,,,D,move_right,,0.0,0.0
4182,139400,,,,,,,,,,,,,,,,,,,,,,,,,,,,,,A|D,move_left|move_right,,0.0,0.0
4183,139433,,,,,,,,,,,,,,,,,,,,,,,,,,,,,,A|D,move_left|move_right,,0.0,0.0
4184,139467,,,,,,,,,,,,,,,,,,,,,,,,,,,,,,A|D,move_left|move_right,,0.0,0.0
4185,139500,,,,,,,,,,,,,,,,,,,,,,,,,,,,,,A|D,move_left|move_right,,0.0,0.0
4186,139533,,,,,,,,,,,,,,,,,,,,,,,,,,,,,,A|D,move_left|move_right,,0.0,0.0
4187,139567,,,,,,,,,,,,,,,,,,,,,,,,,,,,,,A|D,move_left|move_right,,0.0,0.0
4188,139600,,,,,,,,,,,,,,,,,,,,,,,,,,,,,,A|S,move_left|move_back,,0.0,0.0
4189,139633,,,,,,,,,,,,,,,,,,,,,,,,,,,,,,A|S,move_left|move_back,,0.0,0.0
4190,139667,,,,,,,,,,,,,,,,,,,,,,,,,,,,,,A|S,move_left|move_back,,0.0,0.0
4191,139700,,,,,,,,,,,,,,,,,,,,,,,,,,,,,,S,move_back,,0.0,0.0
4192,139733,,,,,,,,,,,,,,,,,,,,,,,,,,,,,,S,move_back,,0.0,0.0
4193,139767,,,,,,,,,,,,,,,,,,,,,,,,,,,,,,S,move_back,,0.0,0.0
4194,139800,,,,,,,,,,,,,,,,,,,,,,,,,,,,,,S,move_back,,0.0,0.0
4195,139833,,,,,,,,,,,,,,,,,,,,,,,,,,,,,,S,move_back,,0.0,0.0
4196,139867,,,,,,,,,,,,,,,,,,,,,,,,,,,,,,S,move_back,,0.0,0.0
4197,139900,,,,,,,,,,,,,,,,,,,,,,,,,,,,,,S,move_back,,0.0,0.0
4198,139933,,,,,,,,,,,,,,,,,,,,,,,,,,,,,,S,move_back,,0.0,0.0
4199,139967,,,,,,,,,,,,,,,,,,,,,,,,,,,,,,S,move_back,,0.0,0.0
4200,140000,,,,,,,,,,,,,,,,,,,,,,,,,,,,,,D|S,move_back|move_right,,0.0,0.0
4201,140033,,,,,,,,,,,,,,,,,,,,,,,,,,,,,,D|S,move_back|move_right,,0.0,0.0
4202,140067,,,,,,,,,,,,,,,,,,,,,,,,,,,,,,D,move_right,,0.0,0.0
4203,140100,,,,,,,,,,,,,,,,,,,,,,,,,,,,,,D,move_right,,0.0,0.0
4204,140133,,,,,,,,,,,,,,,,,,,,,,,,,,,,,,D,move_right,,0.0,0.0
4205,140167,,,,,,,,,,,,,,,,,,,,,,,,,,,,,,D,move_right,,0.0,0.0
4206,140200,,,,,,,,,,,,,,,,,,,,,,,,,,,,,,D,move_right,,0.0,0.0
4207,140233,,,,,,,,,,,,,,,,,,,,,,,,,,,,,,D,move_right,,0.0,0.0
4208,140267,,,,,,,,,,,,,,,,,,,,,,,,,,,,,,D,move_right|look,,-3.0,0.0
4209,140300,,,,,,,,,,,,,,,,,,,,,,,,,,,,,,D,move_right|look,,-6.0,-2.0
4210,140333,,,,,,,,,,,,,,,,,,,,,,,,,,,,,,D,move_right|look,,-19.0,-3.0
4211,140367,,,,,,,,,,,,,,,,,,,,,,,,,,,,,,D,move_right|look,,-65.0,-18.0
4212,140400,,,,,,,,,,,,,,,,,,,,,,,,,,,,,,D|W,move_forward|move_right|look,,-58.0,-27.0
4213,140433,,,,,,,,,,,,,,,,,,,,,,,,,,,,,,D|W,move_forward|move_right|look,,-47.0,-22.0
4214,140467,,,,,,,,,,,,,,,,,,,,,,,,,,,,,,D|W,move_forward|move_right|look,,-25.0,-9.0
4215,140500,,,,,,,,,,,,,,,,,,,,,,,,,,,,,,D|W,move_forward|move_right|look,,-12.0,-5.0
4216,140533,,,,,,,,,,,,,,,,,,,,,,,,,,,,,,D|W,move_forward|move_right|look,,-1.0,-1.0
4217,140567,,,,,,,,,,,,,,,,,,,,,,,,,,,,,,D|W,move_forward|move_right,,0.0,0.0
4218,140600,,,,,,,,,,,,,,,,,,,,,,,,,,,,,,D|W,move_forward|move_right,,0.0,0.0
4219,140633,,,,,,,,,,,,,,,,,,,,,,,,,,,,,,A|W,move_forward|move_left,,0.0,0.0
4220,140667,,,,,,,,,,,,,,,,,,,,,,,,,,,,,,A|W,move_forward|move_left,,0.0,0.0
4221,140700,,,,,,,,,,,,,,,,,,,,,,,,,,,,,,A|W,move_forward|move_left,,0.0,0.0
4222,140733,,,,,,,,,,,,,,,,,,,,,,,,,,,,,,A|W,move_forward|move_left,,0.0,0.0
4223,140767,,,,,,,,,,,,,,,,,,,,,,,,,,,,,,A|W,move_forward|move_left|look,,-49.0,2.0
4224,140800,,,,,,,,,,,,,,,,,,,,,,,,,,,,,,A|W,move_forward|move_left|look,,-146.0,15.0
4225,140833,,,,,,,,,,,,,,,,,,,,,,,,,,,,,,A|D|W,move_forward|move_left|move_right|look,,-322.0,10.0
4226,140867,,,,,,,,,,,,,,,,,,,,,,,,,,,,,,D|W,move_forward|move_right|look,,-246.0,-5.0
4227,140900,,,,,,,,,,,,,,,,,,,,,,,,,,,,,,D|W,move_forward|move_right|look,,-62.0,-14.0
4228,140933,,,,,,,,,,,,,,,,,,,,,,,,,,,,,,D,move_right|look,,-16.0,-2.0
4229,140967,,,,,,,,,,,,,,,,,,,,,,,,,,,,,,D,move_right|look,,-2.0,0.0
4230,141000,,,,,,,,,,,,,,,,,,,,,,,,,,,,,,D,move_right,,0.0,0.0
4231,141033,,,,,,,,,,,,,,,,,,,,,,,,,,,,,,D,move_right,,0.0,0.0
4232,141067,,,,,,,,,,,,,,,,,,,,,,,,,,,,,,D,move_right,,0.0,0.0
4233,141100,,,,,,,,,,,,,,,,,,,,,,,,,,,,,,D,move_right,,0.0,0.0
4234,141133,,,,,,,,,,,,,,,,,,,,,,,,,,,,,,D,move_right|look,,5.0,0.0
4235,141167,,,,,,,,,,,,,,,,,,,,,,,,,,,,,,D,move_right|look,,16.0,-8.0
4236,141200,,,,,,,,,,,,,,,,,,,,,,,,,,,,,,D,move_right,,0.0,0.0
4237,141233,,,,,,,,,,,,,,,,,,,,,,,,,,,,,,D,move_right,,0.0,0.0
4238,141267,,,,,,,,,,,,,,,,,,,,,,,,,,,,,,D,move_right,,0.0,0.0
4239,141300,,,,,,,,,,,,,,,,,,,,,,,,,,,,,,D,move_right,,0.0,0.0
4240,141333,,,,,,,,,,,,,,,,,,,,,,,,,,,,,,D,move_right,,0.0,0.0
4241,141367,,,,,,,,,,,,,,,,,,,,,,,,,,,,,,D,move_right,,0.0,0.0
4242,141400,,,,,,,,,,,,,,,,,,,,,,,,,,,,,,D,move_right,,0.0,0.0
4243,141433,,,,,,,,,,,,,,,,,,,,,,,,,,,,,,D,move_right,,0.0,0.0
4244,141467,,,,,,,,,,,,,,,,,,,,,,,,,,,,,,D,move_right,,0.0,0.0
4245,141500,,,,,,,,,,,,,,,,,,,,,,,,,,,,,,D,move_right,,0.0,0.0
4246,141533,,,,,,,,,,,,,,,,,,,,,,,,,,,,,,D,move_right,,0.0,0.0
4247,141567,,,,,,,,,,,,,,,,,,,,,,,,,,,,,,,,,0.0,0.0
4248,141600,,,,,,,,,,,,,,,,,,,,,,,,,,,,,,,,,0.0,0.0
4249,141633,,,,,,,,,,,,,,,,,,,,,,,,,,,,,,,,,0.0,0.0
4250,141667,,,,,,,,,,,,,,,,,,,,,,,,,,,,,,,,,0.0,0.0
4251,141700,,,,,,,,,,,,,,,,,,,,,,,,,,,,,,,,,0.0,0.0
4252,141733,,,,,,,,,,,,,,,,,,,,,,,,,,,,,,,,,0.0,0.0
4253,141767,,,,,,,,,,,,,,,,,,,,,,,,,,,,,,,,,0.0,0.0
4254,141800,,,,,,,,,,,,,,,,,,,,,,,,,,,,,,,,,0.0,0.0
4255,141833,,,,,,,,,,,,,,,,,,,,,,,,,,,,,,,,,0.0,0.0
4256,141867,,,,,,,,,,,,,,,,,,,,,,,,,,,,,,,,,0.0,0.0
4257,141900,,,,,,,,,,,,,,,,,,,,,,,,,,,,,,,,,0.0,0.0
4258,141933,,,,,,,,,,,,,,,,,,,,,,,,,,,,,,,,,0.0,0.0
4259,141967,,,,,,,,,,,,,,,,,,,,,,,,,,,,,,,,,0.0,0.0
4260,142000,,,,,,,,,,,,,,,,,,,,,,,,,,,,,,,,,0.0,0.0
4261,142033,,,,,,,,,,,,,,,,,,,,,,,,,,,,,,W,move_forward,,0.0,0.0
4262,142067,,,,,,,,,,,,,,,,,,,,,,,,,,,,,,W,move_forward,,0.0,0.0
4263,142100,,,,,,,,,,,,,,,,,,,,,,,,,,,,,,W,move_forward,,0.0,0.0
4264,142133,,,,,,,,,,,,,,,,,,,,,,,,,,,,,,W,move_forward,,0.0,0.0
4265,142167,,,,,,,,,,,,,,,,,,,,,,,,,,,,,,W,move_forward,,0.0,0.0
4266,142200,,,,,,,,,,,,,,,,,,,,,,,,,,,,,,W,move_forward,,0.0,0.0
4267,142233,,,,,,,,,,,,,,,,,,,,,,,,,,,,,,W,move_forward,,0.0,0.0
4268,142267,,,,,,,,,,,,,,,,,,,,,,,,,,,,,,,,,0.0,0.0
4269,142300,,,,,,,,,,,,,,,,,,,,,,,,,,,,,,,,,0.0,0.0
4270,142333,,,,,,,,,,,,,,,,,,,,,,,,,,,,,,,,,0.0,0.0
4271,142367,,,,,,,,,,,,,,,,,,,,,,,,,,,,,,,,,0.0,0.0
4272,142400,,,,,,,,,,,,,,,,,,,,,,,,,,,,,,,,,0.0,0.0
4273,142433,,,,,,,,,,,,,,,,,,,,,,,,,,,,,,,,,0.0,0.0
4274,142467,,,,,,,,,,,,,,,,,,,,,,,,,,,,,,,,,0.0,0.0
4275,142500,,,,,,,,,,,,,,,,,,,,,,,,,,,,,,,,,0.0,0.0
4276,142533,,,,,,,,,,,,,,,,,,,,,,,,,,,,,,,,,0.0,0.0
4277,142567,,,,,,,,,,,,,,,,,,,,,,,,,,,,,,,,,0.0,0.0
4278,142600,,,,,,,,,,,,,,,,,,,,,,,,,,,,,,,,,0.0,0.0
4279,142633,,,,,,,,,,,,,,,,,,,,,,,,,,,,,,,,,0.0,0.0
4280,142667,,,,,,,,,,,,,,,,,,,,,,,,,,,,,,,,,0.0,0.0
4281,142700,,,,,,,,,,,,,,,,,,,,,,,,,,,,,,K,kill,,0.0,0.0
4282,142733,,,,,,,,,,,,,,,,,,,,,,,,,,,,,,K,kill,,0.0,0.0
4283,142767,,,,,,,,,,,,,,,,,,,,,,,,,,,,,,K,kill,,0.0,0.0
4284,142800,,,,,,,,,,,,,,,,,,,,,,,,,,,,,,K,kill,,0.0,0.0
4285,142833,,,,,,,,,,,,,,,,,,,,,,,,,,,,,,K,kill,,0.0,0.0
4286,142867,,,,,,,,,,,,,,,,,,,,,,,,,,,,,,K,kill,,0.0,0.0
4287,142900,,,,,,,,,,,,,,,,,,,,,,,,,,,,,,,,,0.0,0.0
4288,142933,,,,,,,,,,,,,,,,,,,,,,,,,,,,,,,,,0.0,0.0
4289,142967,,,,,,,,,,,,,,,,,,,,,,,,,,,,,,,,,0.0,0.0
4290,143000,,,,,,,,,,,,,,,,,,,,,,,,,,,,,,,,,0.0,0.0
4291,143033,,,,,,,,,,,,,,,,,,,,,,,,,,,,,,,,,0.0,0.0
4292,143067,,,,,,,,,,,,,,,,,,,,,,,,,,,,,,,,,0.0,0.0
4293,143100,,,,,,,,,,,,,,,,,,,,,,,,,,,,,,,,,0.0,0.0
4294,143133,,,,,,,,,,,,,,,,,,,,,,,,,,,,,,,,,0.0,0.0
4295,143167,,,,,,,,,,,,,,,,,,,,,,,,,,,,,,,,,0.0,0.0
4296,143200,,,,,,,,,,,,,,,,,,,,,,,,,,,,,,,,,0.0,0.0
4297,143233,,,,,,,,,,,,,,,,,,,,,,,,,,,,,,,,,0.0,0.0
4298,143267,,,,,,,,,,,,,,,,,,,,,,,,,,,,,,,,,0.0,0.0
4299,143300,,,,,,,,,,,,,,,,,,,,,,,,,,,,,,,,,0.0,0.0
4300,143333,,,,,,,,,,,,,,,,,,,,,,,,,,,,,,,,,0.0,0.0
4301,143367,,,,,,,,,,,,,,,,,,,,,,,,,,,,,,,,,0.0,0.0
4302,143400,,,,,,,,,,,,,,,,,,,,,,,,,,,,,,,,,0.0,0.0
4303,143433,,,,,,,,,,,,,,,,,,,,,,,,,,,,,,,,,0.0,0.0
4304,143467,,,,,,,,,,,,,,,,,,,,,,,,,,,,,,,,,0.0,0.0
4305,143500,,,,,,,,,,,,,,,,,,,,,,,,,,,,,,,,,0.0,0.0
4306,143533,,,,,,,,,,,,,,,,,,,,,,,,,,,,,,,,,0.0,0.0
4307,143567,,,,,,,,,,,,,,,,,,,,,,,,,,,,,,,,,0.0,0.0
4308,143600,,,,,,,,,,,,,,,,,,,,,,,,,,,,,,,,,0.0,0.0
4309,143633,,,,,,,,,,,,,,,,,,,,,,,,,,,,,,,,,0.0,0.0
4310,143667,,,,,,,,,,,,,,,,,,,,,,,,,,,,,,,,,0.0,0.0
4311,143700,,,,,,,,,,,,,,,,,,,,,,,,,,,,,,,,,0.0,0.0
4312,143733,,,,,,,,,,,,,,,,,,,,,,,,,,,,,,,,,0.0,0.0
4313,143767,,,,,,,,,,,,,,,,,,,,,,,,,,,,,,,,,0.0,0.0
4314,143800,,,,,,,,,,,,,,,,,,,,,,,,,,,,,,,,,0.0,0.0
4315,143833,,,,,,,,,,,,,,,,,,,,,,,,,,,,,,,,,0.0,0.0
4316,143867,,,,,,,,,,,,,,,,,,,,,,,,,,,,,,,,,0.0,0.0
4317,143900,,,,,,,,,,,,,,,,,,,,,,,,,,,,,,,,,0.0,0.0
4318,143933,,,,,,,,,,,,,,,,,,,,,,,,,,,,,,,,,0.0,0.0
4319,143967,,,,,,,,,,,,,,,,,,,,,,,,,,,,,,,,,0.0,0.0
4320,144000,,,,,,,,,,,,,,,,,,,,,,,,,,,,,,,,,0.0,0.0
4321,144033,,,,,,,,,,,,,,,,,,,,,,,,,,,,,,,,,0.0,0.0
4322,144067,,,,,,,,,,,,,,,,,,,,,,,,,,,,,,,,,0.0,0.0
4323,144100,,,,,,,,,,,,,,,,,,,,,,,,,,,,,,,,,0.0,0.0
4324,144133,,,,,,,,,,,,,,,,,,,,,,,,,,,,,,,,,0.0,0.0
4325,144167,,,,,,,,,,,,,,,,,,,,,,,,,,,,,,,,,0.0,0.0
4326,144200,,,,,,,,,,,,,,,,,,,,,,,,,,,,,,,,,0.0,0.0
4327,144233,,,,,,,,,,,,,,,,,,,,,,,,,,,,,,,,,0.0,0.0
4328,144267,,,,,,,,,,,,,,,,,,,,,,,,,,,,,,,,,0.0,0.0
4329,144300,,,,,,,,,,,,,,,,,,,,,,,,,,,,,,,,,0.0,0.0
4330,144333,,,,,,,,,,,,,,,,,,,,,,,,,,,,,,,,,0.0,0.0
4331,144367,,,,,,,,,,,,,,,,,,,,,,,,,,,,,,,,,0.0,0.0
4332,144400,,,,,,,,,,,,,,,,,,,,,,,,,,,,,,,,,0.0,0.0
4333,144433,,,,,,,,,,,,,,,,,,,,,,,,,,,,,,,,,0.0,0.0
4334,144467,,,,,,,,,,,,,,,,,,,,,,,,,,,,,,,,,0.0,0.0
4335,144500,,,,,,,,,,,,,,,,,,,,,,,,,,,,,,,,,0.0,0.0
4336,144533,,,,,,,,,,,,,,,,,,,,,,,,,,,,,,,,,0.0,0.0
4337,144567,,,,,,,,,,,,,,,,,,,,,,,,,,,,,,,,,0.0,0.0
4338,144600,,,,,,,,,,,,,,,,,,,,,,,,,,,,,,V,drag_object,,0.0,0.0
4339,144633,,,,,,,,,,,,,,,,,,,,,,,,,,,,,,V,drag_object,,0.0,0.0
4340,144667,,,,,,,,,,,,,,,,,,,,,,,,,,,,,,V,drag_object,,0.0,0.0
4341,144700,,,,,,,,,,,,,,,,,,,,,,,,,,,,,,V,drag_object,,0.0,0.0
4342,144733,,,,,,,,,,,,,,,,,,,,,,,,,,,,,,V,drag_object,,0.0,0.0
4343,144767,,,,,,,,,,,,,,,,,,,,,,,,,,,,,,,,,0.0,0.0
4344,144800,,,,,,,,,,,,,,,,,,,,,,,,,,,,,,,,,0.0,0.0
4345,144833,,,,,,,,,,,,,,,,,,,,,,,,,,,,,,,,,0.0,0.0
4346,144867,,,,,,,,,,,,,,,,,,,,,,,,,,,,,,,,,0.0,0.0
4347,144900,,,,,,,,,,,,,,,,,,,,,,,,,,,,,,,,,0.0,0.0
4348,144933,,,,,,,,,,,,,,,,,,,,,,,,,,,,,,S,move_back,,0.0,0.0
4349,144967,,,,,,,,,,,,,,,,,,,,,,,,,,,,,,S,move_back,,0.0,0.0
4350,145000,,,,,,,,,,,,,,,,,,,,,,,,,,,,,,S,move_back,,0.0,0.0
4351,145033,,,,,,,,,,,,,,,,,,,,,,,,,,,,,,S,move_back,,0.0,0.0
4352,145067,,,,,,,,,,,,,,,,,,,,,,,,,,,,,,,look,,-696.0,-378.0
4353,145100,,,,,,,,,,,,,,,,,,,,,,,,,,,,,,,look,,33.0,1.0
4354,145133,,,,,,,,,,,,,,,,,,,,,,,,,,,,,,,look,,63.0,-16.0
4355,145167,,,,,,,,,,,,,,,,,,,,,,,,,,,,,,,look,,154.0,-38.0
4356,145200,,,,,,,,,,,,,,,,,,,,,,,,,,,,,,,look,,108.0,-2.0
4357,145233,,,,,,,,,,,,,,,,,,,,,,,,,,,,,,,look,,81.0,4.0
4358,145267,,,,,,,,,,,,,,,,,,,,,,,,,,,,,,,look,,99.0,14.0
4359,145300,,,,,,,,,,,,,,,,,,,,,,,,,,,,,,,look,,96.0,16.0
4360,145333,,,,,,,,,,,,,,,,,,,,,,,,,,,,,,,look,,100.0,37.0
4361,145367,,,,,,,,,,,,,,,,,,,,,,,,,,,,,,,look,,50.0,39.0
4362,145400,,,,,,,,,,,,,,,,,,,,,,,,,,,,,,,look,,21.0,37.0
4363,145433,,,,,,,,,,,,,,,,,,,,,,,,,,,,,,,look,,7.0,29.0
4364,145467,,,,,,,,,,,,,,,,,,,,,,,,,,,,,,,look,,0.0,31.0
4365,145500,,,,,,,,,,,,,,,,,,,,,,,,,,,,,,,look,,-21.0,52.0
4366,145533,,,,,,,,,,,,,,,,,,,,,,,,,,,,,,,look,,-100.0,96.0
4367,145567,,,,,,,,,,,,,,,,,,,,,,,,,,,,,,,look,,-222.0,117.0
4368,145600,,,,,,,,,,,,,,,,,,,,,,,,,,,,,,,look,,-303.0,37.0
4369,145633,,,,,,,,,,,,,,,,,,,,,,,,,,,,,,,look,,-117.0,-28.0
4370,145667,,,,,,,,,,,,,,,,,,,,,,,,,,,,,,,look,,-33.0,-125.0
4371,145700,,,,,,,,,,,,,,,,,,,,,,,,,,,,,,,look,,79.0,-164.0
4372,145733,,,,,,,,,,,,,,,,,,,,,,,,,,,,,,,look,,199.0,-181.0
4373,145767,,,,,,,,,,,,,,,,,,,,,,,,,,,,,,,look,,272.0,-114.0
4374,145800,,,,,,,,,,,,,,,,,,,,,,,,,,,,,,,look,,227.0,-16.0
4375,145833,,,,,,,,,,,,,,,,,,,,,,,,,,,,,,,look,,107.0,31.0
4376,145867,,,,,,,,,,,,,,,,,,,,,,,,,,,,,,,look,,47.0,41.0
4377,145900,,,,,,,,,,,,,,,,,,,,,,,,,,,,,,,look,,8.0,96.0
4378,145933,,,,,,,,,,,,,,,,,,,,,,,,,,,,,,,look,,-70.0,110.0
4379,145967,,,,,,,,,,,,,,,,,,,,,,,,,,,,,,,look,,-167.0,129.0
4380,146000,,,,,,,,,,,,,,,,,,,,,,,,,,,,,,,look,,-267.0,108.0
4381,146033,,,,,,,,,,,,,,,,,,,,,,,,,,,,,,,look,,-249.0,28.0
4382,146067,,,,,,,,,,,,,,,,,,,,,,,,,,,,,,,look,,-99.0,-12.0
4383,146100,,,,,,,,,,,,,,,,,,,,,,,,,,,,,,,look,,-15.0,-11.0
4384,146133,,,,,,,,,,,,,,,,,,,,,,,,,,,,,,,look,,8.0,-14.0
4385,146167,,,,,,,,,,,,,,,,,,,,,,,,,,,,,,,look,,65.0,-20.0
4386,146200,,,,,,,,,,,,,,,,,,,,,,,,,,,,,,Space,jump|look,,89.0,-10.0
4387,146233,,,,,,,,,,,,,,,,,,,,,,,,,,,,,,Space,jump|look,,53.0,0.0
4388,146267,,,,,,,,,,,,,,,,,,,,,,,,,,,,,,Space,jump|look,,16.0,0.0
4389,146300,,,,,,,,,,,,,,,,,,,,,,,,,,,,,,Space,jump|look,,3.0,0.0
4390,146333,,,,,,,,,,,,,,,,,,,,,,,,,,,,,,Space,jump,,0.0,0.0
4391,146367,,,,,,,,,,,,,,,,,,,,,,,,,,,,,,Space,jump|look,,0.0,2.0
4392,146400,,,,,,,,,,,,,,,,,,,,,,,,,,,,,,,look,,-8.0,4.0
4393,146433,,,,,,,,,,,,,,,,,,,,,,,,,,,,,,,,,0.0,0.0
4394,146467,,,,,,,,,,,,,,,,,,,,,,,,,,,,,,,,,0.0,0.0
4395,146500,,,,,,,,,,,,,,,,,,,,,,,,,,,,,,,,,0.0,0.0
4396,146533,,,,,,,,,,,,,,,,,,,,,,,,,,,,,,,look,,6.0,-15.0
4397,146567,,,,,,,,,,,,,,,,,,,,,,,,,,,,,,,look,,69.0,-38.0
4398,146600,,,,,,,,,,,,,,,,,,,,,,,,,,,,,,,look,,193.0,-40.0
4399,146633,,,,,,,,,,,,,,,,,,,,,,,,,,,,,,,look,,327.0,2.0
4400,146667,,,,,,,,,,,,,,,,,,,,,,,,,,,,,,,look,,160.0,43.0
4401,146700,,,,,,,,,,,,,,,,,,,,,,,,,,,,,,,look,,62.0,34.0
4402,146733,,,,,,,,,,,,,,,,,,,,,,,,,,,,,,,look,,20.0,38.0
4403,146767,,,,,,,,,,,,,,,,,,,,,,,,,,,,,,,look,,-63.0,103.0
4404,146800,,,,,,,,,,,,,,,,,,,,,,,,,,,,,,,look,,-254.0,156.0
4405,146833,,,,,,,,,,,,,,,,,,,,,,,,,,,,,,,look,,-267.0,80.0
4406,146867,,,,,,,,,,,,,,,,,,,,,,,,,,,,,,,look,,-173.0,13.0
4407,146900,,,,,,,,,,,,,,,,,,,,,,,,,,,,,,,look,,-82.0,-31.0
4408,146933,,,,,,,,,,,,,,,,,,,,,,,,,,,,,,,look,,-10.0,-26.0
4409,146967,,,,,,,,,,,,,,,,,,,,,,,,,,,,,,,look,,3.0,-15.0
4410,147000,,,,,,,,,,,,,,,,,,,,,,,,,,,,,,,look,,23.0,-13.0
4411,147033,,,,,,,,,,,,,,,,,,,,,,,,,,,,,,,look,,20.0,-4.0
4412,147067,,,,,,,,,,,,,,,,,,,,,,,,,,,,,,,look,,12.0,-2.0
4413,147100,,,,,,,,,,,,,,,,,,,,,,,,,,,,,,,look,,4.0,0.0
4414,147133,,,,,,,,,,,,,,,,,,,,,,,,,,,,,,,look,,2.0,0.0
4415,147167,,,,,,,,,,,,,,,,,,,,,,,,,,,,,,,,,0.0,0.0
4416,147200,,,,,,,,,,,,,,,,,,,,,,,,,,,,,,,,,0.0,0.0
4417,147233,,,,,,,,,,,,,,,,,,,,,,,,,,,,,,,,,0.0,0.0
4418,147267,,,,,,,,,,,,,,,,,,,,,,,,,,,,,,,,,0.0,0.0
4419,147300,,,,,,,,,,,,,,,,,,,,,,,,,,,,,,,,,0.0,0.0
4420,147333,,,,,,,,,,,,,,,,,,,,,,,,,,,,,,,look,,-2.0,0.0
4421,147367,,,,,,,,,,,,,,,,,,,,,,,,,,,,,,,look,,-3.0,0.0
4422,147400,,,,,,,,,,,,,,,,,,,,,,,,,,,,,,,look,,-3.0,0.0
4423,147433,,,,,,,,,,,,,,,,,,,,,,,,,,,,,,,,,0.0,0.0
4424,147467,,,,,,,,,,,,,,,,,,,,,,,,,,,,,,,,,0.0,0.0
4425,147500,,,,,,,,,,,,,,,,,,,,,,,,,,,,,,,,,0.0,0.0
4426,147533,,,,,,,,,,,,,,,,,,,,,,,,,,,,,,,,,0.0,0.0
4427,147567,,,,,,,,,,,,,,,,,,,,,,,,,,,,,,,,,0.0,0.0
4428,147600,,,,,,,,,,,,,,,,,,,,,,,,,,,,,,,,,0.0,0.0
4429,147633,,,,,,,,,,,,,,,,,,,,,,,,,,,,,,,,,0.0,0.0
4430,147667,,,,,,,,,,,,,,,,,,,,,,,,,,,,,,,,,0.0,0.0
4431,147700,,,,,,,,,,,,,,,,,,,,,,,,,,,,,,,look,,3.0,0.0
4432,147733,,,,,,,,,,,,,,,,,,,,,,,,,,,,,,,look,,25.0,-4.0
4433,147767,,,,,,,,,,,,,,,,,,,,,,,,,,,,,,,look,,77.0,-9.0
4434,147800,,,,,,,,,,,,,,,,,,,,,,,,,,,,,,,look,,105.0,0.0
4435,147833,,,,,,,,,,,,,,,,,,,,,,,,,,,,,,,look,,38.0,0.0
4436,147867,,,,,,,,,,,,,,,,,,,,,,,,,,,,,,,look,,7.0,3.0
4437,147900,,,,,,,,,,,,,,,,,,,,,,,,,,,,,,,look,,1.0,0.0
4438,147933,,,,,,,,,,,,,,,,,,,,,,,,,,,,,,,,,0.0,0.0
4439,147967,,,,,,,,,,,,,,,,,,,,,,,,,,,,,,,,,0.0,0.0
4440,148000,,,,,,,,,,,,,,,,,,,,,,,,,,,,,,,look,,-1.0,0.0
4441,148033,,,,,,,,,,,,,,,,,,,,,,,,,,,,,,,look,,0.0,-1.0
4442,148067,,,,,,,,,,,,,,,,,,,,,,,,,,,,,,,look,,0.0,-2.0
4443,148100,,,,,,,,,,,,,,,,,,,,,,,,,,,,,,,look,,3.0,-2.0
4444,148133,,,,,,,,,,,,,,,,,,,,,,,,,,,,,,,look,,1.0,-1.0
4445,148167,,,,,,,,,,,,,,,,,,,,,,,,,,,,,,,,,0.0,0.0
4446,148200,,,,,,,,,,,,,,,,,,,,,,,,,,,,,,,look,,2.0,-4.0
4447,148233,,,,,,,,,,,,,,,,,,,,,,,,,,,,,,E,hook|look,,0.0,-6.0
4448,148267,,,,,,,,,,,,,,,,,,,,,,,,,,,,,,E,hook|look,,0.0,-1.0
4449,148300,,,,,,,,,,,,,,,,,,,,,,,,,,,,,,E,hook|look,,0.0,-1.0
4450,148333,,,,,,,,,,,,,,,,,,,,,,,,,,,,,,,,,0.0,0.0
4451,148367,,,,,,,,,,,,,,,,,,,,,,,,,,,,,,,,,0.0,0.0
4452,148400,,,,,,,,,,,,,,,,,,,,,,,,,,,,,,,,,0.0,0.0
4453,148433,,,,,,,,,,,,,,,,,,,,,,,,,,,,,,,,,0.0,0.0
4454,148467,,,,,,,,,,,,,,,,,,,,,,,,,,,,,,,,,0.0,0.0
4455,148500,,,,,,,,,,,,,,,,,,,,,,,,,,,,,,,,,0.0,0.0
4456,148533,,,,,,,,,,,,,,,,,,,,,,,,,,,,,,,,,0.0,0.0
4457,148567,,,,,,,,,,,,,,,,,,,,,,,,,,,,,,,,,0.0,0.0
4458,148600,,,,,,,,,,,,,,,,,,,,,,,,,,,,,,,,,0.0,0.0
4459,148633,,,,,,,,,,,,,,,,,,,,,,,,,,,,,,,,,0.0,0.0
4460,148667,,,,,,,,,,,,,,,,,,,,,,,,,,,,,,,,,0.0,0.0
4461,148700,,,,,,,,,,,,,,,,,,,,,,,,,,,,,,,,,0.0,0.0
4462,148733,,,,,,,,,,,,,,,,,,,,,,,,,,,,,,,,,0.0,0.0
4463,148767,,,,,,,,,,,,,,,,,,,,,,,,,,,,,,,,,0.0,0.0
4464,148800,,,,,,,,,,,,,,,,,,,,,,,,,,,,,,,look,,-9.0,0.0
4465,148833,,,,,,,,,,,,,,,,,,,,,,,,,,,,,,,look,,-67.0,5.0
4466,148867,,,,,,,,,,,,,,,,,,,,,,,,,,,,,,,look,,-96.0,15.0
4467,148900,,,,,,,,,,,,,,,,,,,,,,,,,,,,,,,look,,-85.0,9.0
4468,148933,,,,,,,,,,,,,,,,,,,,,,,,,,,,,,,look,,-59.0,5.0
4469,148967,,,,,,,,,,,,,,,,,,,,,,,,,,,,,,,look,,-34.0,2.0
4470,149000,,,,,,,,,,,,,,,,,,,,,,,,,,,,,,,look,,-13.0,3.0
4471,149033,,,,,,,,,,,,,,,,,,,,,,,,,,,,,,,look,,-1.0,0.0
4472,149067,,,,,,,,,,,,,,,,,,,,,,,,,,,,,,,,,0.0,0.0
4473,149100,,,,,,,,,,,,,,,,,,,,,,,,,,,,,,,,,0.0,0.0
4474,149133,,,,,,,,,,,,,,,,,,,,,,,,,,,,,,,look,,14.0,0.0
4475,149167,,,,,,,,,,,,,,,,,,,,,,,,,,,,,,,look,,44.0,0.0
4476,149200,,,,,,,,,,,,,,,,,,,,,,,,,,,,,,,look,,35.0,2.0
4477,149233,,,,,,,,,,,,,,,,,,,,,,,,,,,,,,,look,,21.0,4.0
4478,149267,,,,,,,,,,,,,,,,,,,,,,,,,,,,,,,look,,5.0,2.0
4479,149300,,,,,,,,,,,,,,,,,,,,,,,,,,,,,,,look,,1.0,1.0
4480,149333,,,,,,,,,,,,,,,,,,,,,,,,,,,,,,,,,0.0,0.0
4481,149367,,,,,,,,,,,,,,,,,,,,,,,,,,,,,,,,,0.0,0.0
4482,149400,,,,,,,,,,,,,,,,,,,,,,,,,,,,,,Space,jump,,0.0,0.0
4483,149433,,,,,,,,,,,,,,,,,,,,,,,,,,,,,,Space,jump,,0.0,0.0
4484,149467,,,,,,,,,,,,,,,,,,,,,,,,,,,,,,Space,jump,,0.0,0.0
4485,149500,,,,,,,,,,,,,,,,,,,,,,,,,,,,,,Space,jump,,0.0,0.0
4486,149533,,,,,,,,,,,,,,,,,,,,,,,,,,,,,,Space,jump,,0.0,0.0
4487,149567,,,,,,,,,,,,,,,,,,,,,,,,,,,,,,,,,0.0,0.0
4488,149600,,,,,,,,,,,,,,,,,,,,,,,,,,,,,,,,,0.0,0.0
4489,149633,,,,,,,,,,,,,,,,,,,,,,,,,,,,,,,,,0.0,0.0
4490,149667,,,,,,,,,,,,,,,,,,,,,,,,,,,,,,,,,0.0,0.0
4491,149700,,,,,,,,,,,,,,,,,,,,,,,,,,,,,,,,,0.0,0.0
4492,149733,,,,,,,,,,,,,,,,,,,,,,,,,,,,,,,look,,-8.0,-1.0
4493,149767,,,,,,,,,,,,,,,,,,,,,,,,,,,,,,,look,,-17.0,-4.0
4494,149800,,,,,,,,,,,,,,,,,,,,,,,,,,,,,,,look,,-12.0,-1.0
4495,149833,,,,,,,,,,,,,,,,,,,,,,,,,,,,,,,look,,-4.0,-1.0
4496,149867,,,,,,,,,,,,,,,,,,,,,,,,,,,,,,,,,0.0,0.0
4497,149900,,,,,,,,,,,,,,,,,,,,,,,,,,,,,,,,,0.0,0.0
4498,149933,,,,,,,,,,,,,,,,,,,,,,,,,,,,,,Space,jump,,0.0,0.0
4499,149967,,,,,,,,,,,,,,,,,,,,,,,,,,,,,,Space,jump|look,,-2.0,-16.0
4500,150000,,,,,,,,,,,,,,,,,,,,,,,,,,,,,,Space,jump|look,,0.0,-6.0
4501,150033,,,,,,,,,,,,,,,,,,,,,,,,,,,,,,,,,0.0,0.0
4502,150067,,,,,,,,,,,,,,,,,,,,,,,,,,,,,,,,,0.0,0.0
4503,150100,,,,,,,,,,,,,,,,,,,,,,,,,,,,,,,,,0.0,0.0
4504,150133,,,,,,,,,,,,,,,,,,,,,,,,,,,,,,,,,0.0,0.0
4505,150167,,,,,,,,,,,,,,,,,,,,,,,,,,,,,,,,,0.0,0.0
4506,150200,,,,,,,,,,,,,,,,,,,,,,,,,,,,,,,,,0.0,0.0
4507,150233,,,,,,,,,,,,,,,,,,,,,,,,,,,,,,,,,0.0,0.0
4508,150267,,,,,,,,,,,,,,,,,,,,,,,,,,,,,,,,,0.0,0.0
4509,150300,,,,,,,,,,,,,,,,,,,,,,,,,,,,,,,,,0.0,0.0
4510,150333,,,,,,,,,,,,,,,,,,,,,,,,,,,,,,Enter,chat,,0.0,0.0
4511,150367,,,,,,,,,,,,,,,,,,,,,,,,,,,,,,Enter,chat,,0.0,0.0
4512,150400,,,,,,,,,,,,,,,,,,,,,,,,,,,,,,Enter,chat,,0.0,0.0
4513,150433,,,,,,,,,,,,,,,,,,,,,,,,,,,,,,Enter,chat,,0.0,0.0
4514,150467,,,,,,,,,,,,,,,,,,,,,,,,,,,,,,,,,0.0,0.0
4515,150500,,,,,,,,,,,,,,,,,,,,,,,,,,,,,,,,,0.0,0.0
4516,150533,,,,,,,,,,,,,,,,,,,,,,,,,,,,,,,,,0.0,0.0
4517,150567,,,,,,,,,,,,,,,,,,,,,,,,,,,,,,,,,0.0,0.0
4518,150600,,,,,,,,,,,,,,,,,,,,,,,,,,,,,,,,,0.0,0.0
4519,150633,,,,,,,,,,,,,,,,,,,,,,,,,,,,,,,,,0.0,0.0
4520,150667,,,,,,,,,,,,,,,,,,,,,,,,,,,,,,,look,,-5.0,19.0
4521,150700,,,,,,,,,,,,,,,,,,,,,,,,,,,,,,,look,,-1.0,8.0
4522,150733,,,,,,,,,,,,,,,,,,,,,,,,,,,,,,,look,,4.0,2.0
4523,150767,,,,,,,,,,,,,,,,,,,,,,,,,,,,,,,look,,57.0,7.0
4524,150800,,,,,,,,,,,,,,,,,,,,,,,,,,,,,,,look,,96.0,6.0
4525,150833,,,,,,,,,,,,,,,,,,,,,,,,,,,,,,,look,,81.0,18.0
4526,150867,,,,,,,,,,,,,,,,,,,,,,,,,,,,,,,look,,47.0,16.0
4527,150900,,,,,,,,,,,,,,,,,,,,,,,,,,,,,,,look,,11.0,4.0
4528,150933,,,,,,,,,,,,,,,,,,,,,,,,,,,,,,,look,,3.0,0.0
4529,150967,,,,,,,,,,,,,,,,,,,,,,,,,,,,,,,look,,1.0,-2.0
4530,151000,,,,,,,,,,,,,,,,,,,,,,,,,,,,,,,look,,2.0,-4.0
4531,151033,,,,,,,,,,,,,,,,,,,,,,,,,,,,,,,look,,2.0,-3.0
4532,151067,,,,,,,,,,,,,,,,,,,,,,,,,,,,,,,look,,0.0,-4.0
4533,151100,,,,,,,,,,,,,,,,,,,,,,,,,,,,,,,look,,0.0,-6.0
4534,151133,,,,,,,,,,,,,,,,,,,,,,,,,,,,,,,look,,-5.0,-10.0
4535,151167,,,,,,,,,,,,,,,,,,,,,,,,,,,,,,,look,,-2.0,-5.0
4536,151200,,,,,,,,,,,,,,,,,,,,,,,,,,,,,,,look,,-1.0,-1.0
4537,151233,,,,,,,,,,,,,,,,,,,,,,,,,,,,,,E,hook,,0.0,0.0
4538,151267,,,,,,,,,,,,,,,,,,,,,,,,,,,,,,E,hook,,0.0,0.0
4539,151300,,,,,,,,,,,,,,,,,,,,,,,,,,,,,,E,hook,,0.0,0.0
4540,151333,,,,,,,,,,,,,,,,,,,,,,,,,,,,,,E,hook,,0.0,0.0
4541,151367,,,,,,,,,,,,,,,,,,,,,,,,,,,,,,E,hook,,0.0,0.0
4542,151400,,,,,,,,,,,,,,,,,,,,,,,,,,,,,,E,hook,,0.0,0.0
4543,151433,,,,,,,,,,,,,,,,,,,,,,,,,,,,,,E,hook,,0.0,0.0
4544,151467,,,,,,,,,,,,,,,,,,,,,,,,,,,,,,E,hook,,0.0,0.0
4545,151500,,,,,,,,,,,,,,,,,,,,,,,,,,,,,,E,hook,,0.0,0.0
4546,151533,,,,,,,,,,,,,,,,,,,,,,,,,,,,,,E,hook,,0.0,0.0
4547,151567,,,,,,,,,,,,,,,,,,,,,,,,,,,,,,E,hook,,0.0,0.0
4548,151600,,,,,,,,,,,,,,,,,,,,,,,,,,,,,,E,hook,,0.0,0.0
4549,151633,,,,,,,,,,,,,,,,,,,,,,,,,,,,,,E,hook|look,,1.0,0.0
4550,151667,,,,,,,,,,,,,,,,,,,,,,,,,,,,,,E,hook|look,,5.0,2.0
4551,151700,,,,,,,,,,,,,,,,,,,,,,,,,,,,,,,look,,2.0,1.0
4552,151733,,,,,,,,,,,,,,,,,,,,,,,,,,,,,,,look,,1.0,0.0
4553,151767,,,,,,,,,,,,,,,,,,,,,,,,,,,,,,,,,0.0,0.0
4554,151800,,,,,,,,,,,,,,,,,,,,,,,,,,,,,,,,,0.0,0.0
4555,151833,,,,,,,,,,,,,,,,,,,,,,,,,,,,,,,,,0.0,0.0
4556,151867,,,,,,,,,,,,,,,,,,,,,,,,,,,,,,,,,0.0,0.0
4557,151900,,,,,,,,,,,,,,,,,,,,,,,,,,,,,,W,move_forward,,0.0,0.0
4558,151933,,,,,,,,,,,,,,,,,,,,,,,,,,,,,,W,move_forward,,0.0,0.0
4559,151967,,,,,,,,,,,,,,,,,,,,,,,,,,,,,,W,move_forward,,0.0,0.0
4560,152000,,,,,,,,,,,,,,,,,,,,,,,,,,,,,,W,move_forward,,0.0,0.0
4561,152033,,,,,,,,,,,,,,,,,,,,,,,,,,,,,,W,move_forward,,0.0,0.0
4562,152067,,,,,,,,,,,,,,,,,,,,,,,,,,,,,,W,move_forward,,0.0,0.0
4563,152100,,,,,,,,,,,,,,,,,,,,,,,,,,,,,,W,move_forward,,0.0,0.0
4564,152133,,,,,,,,,,,,,,,,,,,,,,,,,,,,,,W,move_forward,,0.0,0.0
4565,152167,,,,,,,,,,,,,,,,,,,,,,,,,,,,,,W,move_forward,,0.0,0.0
4566,152200,,,,,,,,,,,,,,,,,,,,,,,,,,,,,,W,move_forward,,0.0,0.0
4567,152233,,,,,,,,,,,,,,,,,,,,,,,,,,,,,,W,move_forward,,0.0,0.0
4568,152267,,,,,,,,,,,,,,,,,,,,,,,,,,,,,,W,move_forward,,0.0,0.0
4569,152300,,,,,,,,,,,,,,,,,,,,,,,,,,,,,,W,move_forward,,0.0,0.0
4570,152333,,,,,,,,,,,,,,,,,,,,,,,,,,,,,,W,move_forward,,0.0,0.0
4571,152367,,,,,,,,,,,,,,,,,,,,,,,,,,,,,,W,move_forward,,0.0,0.0
4572,152400,,,,,,,,,,,,,,,,,,,,,,,,,,,,,,W,move_forward,,0.0,0.0
4573,152433,,,,,,,,,,,,,,,,,,,,,,,,,,,,,,W,move_forward|look,,-19.0,10.0
4574,152467,,,,,,,,,,,,,,,,,,,,,,,,,,,,,,W,move_forward|look,,-62.0,24.0
4575,152500,,,,,,,,,,,,,,,,,,,,,,,,,,,,,,W,move_forward|look,,-119.0,24.0
4576,152533,,,,,,,,,,,,,,,,,,,,,,,,,,,,,,W,move_forward|look,,-142.0,3.0
4577,152567,,,,,,,,,,,,,,,,,,,,,,,,,,,,,,W,move_forward|look,,-209.0,-29.0
4578,152600,,,,,,,,,,,,,,,,,,,,,,,,,,,,,,W,move_forward|look,,-176.0,-60.0
4579,152633,,,,,,,,,,,,,,,,,,,,,,,,,,,,,,W,move_forward|look,,-125.0,-60.0
4580,152667,,,,,,,,,,,,,,,,,,,,,,,,,,,,,,W,move_forward|look,,-23.0,-11.0
4581,152700,,,,,,,,,,,,,,,,,,,,,,,,,,,,,,W,move_forward|look,,-2.0,-1.0
4582,152733,,,,,,,,,,,,,,,,,,,,,,,,,,,,,,W,move_forward,,0.0,0.0
4583,152767,,,,,,,,,,,,,,,,,,,,,,,,,,,,,,W,move_forward,,0.0,0.0
4584,152800,,,,,,,,,,,,,,,,,,,,,,,,,,,,,,W,move_forward|look,,1.0,0.0
4585,152833,,,,,,,,,,,,,,,,,,,,,,,,,,,,,,W,move_forward|fire,Left,0.0,0.0
4586,152867,,,,,,,,,,,,,,,,,,,,,,,,,,,,,,W,move_forward|fire,Left,0.0,0.0
4587,152900,,,,,,,,,,,,,,,,,,,,,,,,,,,,,,W,move_forward|fire,Left,0.0,0.0
4588,152933,,,,,,,,,,,,,,,,,,,,,,,,,,,,,,W,move_forward|fire,Left,0.0,0.0
4589,152967,,,,,,,,,,,,,,,,,,,,,,,,,,,,,,W,move_forward|fire,Left,0.0,0.0
4590,153000,,,,,,,,,,,,,,,,,,,,,,,,,,,,,,W,move_forward|fire,Left,0.0,0.0
4591,153033,,,,,,,,,,,,,,,,,,,,,,,,,,,,,,W,move_forward|look,,3.0,0.0
4592,153067,,,,,,,,,,,,,,,,,,,,,,,,,,,,,,W,move_forward,,0.0,0.0
4593,153100,,,,,,,,,,,,,,,,,,,,,,,,,,,,,,W,move_forward,,0.0,0.0
4594,153133,,,,,,,,,,,,,,,,,,,,,,,,,,,,,,W,move_forward,,0.0,0.0
4595,153167,,,,,,,,,,,,,,,,,,,,,,,,,,,,,,,look,,3.0,0.0
4596,153200,,,,,,,,,,,,,,,,,,,,,,,,,,,,,,,look,,22.0,0.0
4597,153233,,,,,,,,,,,,,,,,,,,,,,,,,,,,,,,look,,54.0,-1.0
4598,153267,,,,,,,,,,,,,,,,,,,,,,,,,,,,,,,look,,56.0,-2.0
4599,153300,,,,,,,,,,,,,,,,,,,,,,,,,,,,,,,look,,68.0,-6.0
4600,153333,,,,,,,,,,,,,,,,,,,,,,,,,,,,,,,look,,88.0,-16.0
4601,153367,,,,,,,,,,,,,,,,,,,,,,,,,,,,,,,look,,123.0,-28.0
4602,153400,,,,,,,,,,,,,,,,,,,,,,,,,,,,,,,look,,96.0,-16.0
4603,153433,,,,,,,,,,,,,,,,,,,,,,,,,,,,,,,look,,49.0,-8.0
4604,153467,,,,,,,,,,,,,,,,,,,,,,,,,,,,,,,look,,16.0,-1.0
4605,153500,,,,,,,,,,,,,,,,,,,,,,,,,,,,,,,look,,2.0,0.0
4606,153533,,,,,,,,,,,,,,,,,,,,,,,,,,,,,,,,,0.0,0.0
4607,153567,,,,,,,,,,,,,,,,,,,,,,,,,,,,,,,,,0.0,0.0
4608,153600,,,,,,,,,,,,,,,,,,,,,,,,,,,,,,,,,0.0,0.0
4609,153633,,,,,,,,,,,,,,,,,,,,,,,,,,,,,,,,,0.0,0.0
4610,153667,,,,,,,,,,,,,,,,,,,,,,,,,,,,,,,,,0.0,0.0
4611,153700,,,,,,,,,,,,,,,,,,,,,,,,,,,,,,,,,0.0,0.0
4612,153733,,,,,,,,,,,,,,,,,,,,,,,,,,,,,,,,,0.0,0.0
4613,153767,,,,,,,,,,,,,,,,,,,,,,,,,,,,,,,,,0.0,0.0
4614,153800,,,,,,,,,,,,,,,,,,,,,,,,,,,,,,,,,0.0,0.0
4615,153833,,,,,,,,,,,,,,,,,,,,,,,,,,,,,,,,,0.0,0.0
4616,153867,,,,,,,,,,,,,,,,,,,,,,,,,,,,,,A,move_left,,0.0,0.0
4617,153900,,,,,,,,,,,,,,,,,,,,,,,,,,,,,,A,move_left|look,,-8.0,0.0
4618,153933,,,,,,,,,,,,,,,,,,,,,,,,,,,,,,A,move_left|look,,-25.0,0.0
4619,153967,,,,,,,,,,,,,,,,,,,,,,,,,,,,,,A,move_left|look,,-35.0,0.0
4620,154000,,,,,,,,,,,,,,,,,,,,,,,,,,,,,,,look,,-38.0,0.0
4621,154033,,,,,,,,,,,,,,,,,,,,,,,,,,,,,,,look,,-65.0,-5.0
4622,154067,,,,,,,,,,,,,,,,,,,,,,,,,,,,,,,look,,-81.0,-13.0
4623,154100,,,,,,,,,,,,,,,,,,,,,,,,,,,,,,,look,,-40.0,-10.0
4624,154133,,,,,,,,,,,,,,,,,,,,,,,,,,,,,,,look,,-12.0,-3.0
4625,154167,,,,,,,,,,,,,,,,,,,,,,,,,,,,,,,look,,0.0,-1.0
4626,154200,,,,,,,,,,,,,,,,,,,,,,,,,,,,,,,,,0.0,0.0
4627,154233,,,,,,,,,,,,,,,,,,,,,,,,,,,,,,,,,0.0,0.0
4628,154267,,,,,,,,,,,,,,,,,,,,,,,,,,,,,,,look,,0.0,-1.0
4629,154300,,,,,,,,,,,,,,,,,,,,,,,,,,,,,,,look,,-1.0,-1.0
4630,154333,,,,,,,,,,,,,,,,,,,,,,,,,,,,,,,look,,-3.0,-4.0
4631,154367,,,,,,,,,,,,,,,,,,,,,,,,,,,,,,,look,,-7.0,-7.0
4632,154400,,,,,,,,,,,,,,,,,,,,,,,,,,,,,,,look,,-3.0,-3.0
4633,154433,,,,,,,,,,,,,,,,,,,,,,,,,,,,,,,look,,-1.0,-1.0
4634,154467,,,,,,,,,,,,,,,,,,,,,,,,,,,,,,,,,0.0,0.0
4635,154500,,,,,,,,,,,,,,,,,,,,,,,,,,,,,,W,move_forward,,0.0,0.0
4636,154533,,,,,,,,,,,,,,,,,,,,,,,,,,,,,,W,move_forward,,0.0,0.0
4637,154567,,,,,,,,,,,,,,,,,,,,,,,,,,,,,,W,move_forward,,0.0,0.0
4638,154600,,,,,,,,,,,,,,,,,,,,,,,,,,,,,,W,move_forward,,0.0,0.0
4639,154633,,,,,,,,,,,,,,,,,,,,,,,,,,,,,,W,move_forward,,0.0,0.0
4640,154667,,,,,,,,,,,,,,,,,,,,,,,,,,,,,,W,move_forward,,0.0,0.0
4641,154700,,,,,,,,,,,,,,,,,,,,,,,,,,,,,,W,move_forward,,0.0,0.0
4642,154733,,,,,,,,,,,,,,,,,,,,,,,,,,,,,,W,move_forward,,0.0,0.0
4643,154767,,,,,,,,,,,,,,,,,,,,,,,,,,,,,,W,move_forward,,0.0,0.0
4644,154800,,,,,,,,,,,,,,,,,,,,,,,,,,,,,,W,move_forward,,0.0,0.0
4645,154833,,,,,,,,,,,,,,,,,,,,,,,,,,,,,,W,move_forward,,0.0,0.0
4646,154867,,,,,,,,,,,,,,,,,,,,,,,,,,,,,,W,move_forward,,0.0,0.0
4647,154900,,,,,,,,,,,,,,,,,,,,,,,,,,,,,,W,move_forward,,0.0,0.0
4648,154933,,,,,,,,,,,,,,,,,,,,,,,,,,,,,,W,move_forward,,0.0,0.0
4649,154967,,,,,,,,,,,,,,,,,,,,,,,,,,,,,,W,move_forward,,0.0,0.0
4650,155000,,,,,,,,,,,,,,,,,,,,,,,,,,,,,,W,move_forward,,0.0,0.0
4651,155033,,,,,,,,,,,,,,,,,,,,,,,,,,,,,,W,move_forward,,0.0,0.0
4652,155067,,,,,,,,,,,,,,,,,,,,,,,,,,,,,,,,,0.0,0.0
4653,155100,,,,,,,,,,,,,,,,,,,,,,,,,,,,,,,,,0.0,0.0
4654,155133,,,,,,,,,,,,,,,,,,,,,,,,,,,,,,,,,0.0,0.0
4655,155167,,,,,,,,,,,,,,,,,,,,,,,,,,,,,,,,,0.0,0.0
4656,155200,,,,,,,,,,,,,,,,,,,,,,,,,,,,,,Q,last_weapon,,0.0,0.0
4657,155233,,,,,,,,,,,,,,,,,,,,,,,,,,,,,,Q,last_weapon,,0.0,0.0
4658,155267,,,,,,,,,,,,,,,,,,,,,,,,,,,,,,Q,last_weapon,,0.0,0.0
4659,155300,,,,,,,,,,,,,,,,,,,,,,,,,,,,,,Q,last_weapon|look,,1.0,0.0
4660,155333,,,,,,,,,,,,,,,,,,,,,,,,,,,,,,Q,last_weapon|look,,1.0,2.0
4661,155367,,,,,,,,,,,,,,,,,,,,,,,,,,,,,,Q,last_weapon|look,,2.0,1.0
4662,155400,,,,,,,,,,,,,,,,,,,,,,,,,,,,,,Q,last_weapon|look,,2.0,0.0
4663,155433,,,,,,,,,,,,,,,,,,,,,,,,,,,,,,Q,last_weapon|look,,4.0,1.0
4664,155467,,,,,,,,,,,,,,,,,,,,,,,,,,,,,,,look,,19.0,2.0
4665,155500,,,,,,,,,,,,,,,,,,,,,,,,,,,,,,,look,,79.0,3.0
4666,155533,,,,,,,,,,,,,,,,,,,,,,,,,,,,,,,look,,110.0,6.0
4667,155567,,,,,,,,,,,,,,,,,,,,,,,,,,,,,,,look,,120.0,20.0
4668,155600,,,,,,,,,,,,,,,,,,,,,,,,,,,,,,,look,,96.0,26.0
4669,155633,,,,,,,,,,,,,,,,,,,,,,,,,,,,,,,look,,91.0,18.0
4670,155667,,,,,,,,,,,,,,,,,,,,,,,,,,,,,,,look,,65.0,1.0
4671,155700,,,,,,,,,,,,,,,,,,,,,,,,,,,,,,,look,,74.0,-7.0
4672,155733,,,,,,,,,,,,,,,,,,,,,,,,,,,,,,,look,,38.0,-13.0
4673,155767,,,,,,,,,,,,,,,,,,,,,,,,,,,,,,,look,,17.0,-5.0
4674,155800,,,,,,,,,,,,,,,,,,,,,,,,,,,,,,,look,,3.0,-1.0
4675,155833,,,,,,,,,,,,,,,,,,,,,,,,,,,,,,,,,0.0,0.0
4676,155867,,,,,,,,,,,,,,,,,,,,,,,,,,,,,,,look,,0.0,-1.0
4677,155900,,,,,,,,,,,,,,,,,,,,,,,,,,,,,,,,,0.0,0.0
4678,155933,,,,,,,,,,,,,,,,,,,,,,,,,,,,,,,,,0.0,0.0
4679,155967,,,,,,,,,,,,,,,,,,,,,,,,,,,,,,,,,0.0,0.0
4680,156000,,,,,,,,,,,,,,,,,,,,,,,,,,,,,,,,,0.0,0.0
4681,156033,,,,,,,,,,,,,,,,,,,,,,,,,,,,,,,,,0.0,0.0
4682,156067,,,,,,,,,,,,,,,,,,,,,,,,,,,,,,,,,0.0,0.0
4683,156100,,,,,,,,,,,,,,,,,,,,,,,,,,,,,,,,,0.0,0.0
4684,156133,,,,,,,,,,,,,,,,,,,,,,,,,,,,,,,,,0.0,0.0
4685,156167,,,,,,,,,,,,,,,,,,,,,,,,,,,,,,,,,0.0,0.0
4686,156200,,,,,,,,,,,,,,,,,,,,,,,,,,,,,,,look,,11.0,-10.0
4687,156233,,,,,,,,,,,,,,,,,,,,,,,,,,,,,,,look,,15.0,-17.0
4688,156267,,,,,,,,,,,,,,,,,,,,,,,,,,,,,,,look,,13.0,-14.0
4689,156300,,,,,,,,,,,,,,,,,,,,,,,,,,,,,,,look,,4.0,-4.0
4690,156333,,,,,,,,,,,,,,,,,,,,,,,,,,,,,,,,,0.0,0.0
4691,156367,,,,,,,,,,,,,,,,,,,,,,,,,,,,,,,,,0.0,0.0
4692,156400,,,,,,,,,,,,,,,,,,,,,,,,,,,,,,,,,0.0,0.0
4693,156433,,,,,,,,,,,,,,,,,,,,,,,,,,,,,,,,,0.0,0.0
4694,156467,,,,,,,,,,,,,,,,,,,,,,,,,,,,,,Q,last_weapon,,0.0,0.0
4695,156500,,,,,,,,,,,,,,,,,,,,,,,,,,,,,,Q,last_weapon,,0.0,0.0
4696,156533,,,,,,,,,,,,,,,,,,,,,,,,,,,,,,Q,last_weapon,,0.0,0.0
4697,156567,,,,,,,,,,,,,,,,,,,,,,,,,,,,,,Q,last_weapon,,0.0,0.0
4698,156600,,,,,,,,,,,,,,,,,,,,,,,,,,,,,,Q,last_weapon,,0.0,0.0
4699,156633,,,,,,,,,,,,,,,,,,,,,,,,,,,,,,Q,last_weapon,,0.0,0.0
4700,156667,,,,,,,,,,,,,,,,,,,,,,,,,,,,,,,,,0.0,0.0
4701,156700,,,,,,,,,,,,,,,,,,,,,,,,,,,,,,,,,0.0,0.0
4702,156733,,,,,,,,,,,,,,,,,,,,,,,,,,,,,,,,,0.0,0.0
4703,156767,,,,,,,,,,,,,,,,,,,,,,,,,,,,,,,,,0.0,0.0
4704,156800,,,,,,,,,,,,,,,,,,,,,,,,,,,,,,,,,0.0,0.0
4705,156833,,,,,,,,,,,,,,,,,,,,,,,,,,,,,,E,hook|look,,0.0,-1.0
4706,156867,,,,,,,,,,,,,,,,,,,,,,,,,,,,,,E,hook|look,,0.0,-15.0
4707,156900,,,,,,,,,,,,,,,,,,,,,,,,,,,,,,E,hook|look,,0.0,-21.0
4708,156933,,,,,,,,,,,,,,,,,,,,,,,,,,,,,,E,hook|look,,0.0,-6.0
4709,156967,,,,,,,,,,,,,,,,,,,,,,,,,,,,,,E,hook|look,,0.0,-1.0
4710,157000,,,,,,,,,,,,,,,,,,,,,,,,,,,,,,E,hook|look,,0.0,-1.0
4711,157033,,,,,,,,,,,,,,,,,,,,,,,,,,,,,,,look,,-4.0,-13.0
4712,157067,,,,,,,,,,,,,,,,,,,,,,,,,,,,,,,look,,-17.0,-30.0
4713,157100,,,,,,,,,,,,,,,,,,,,,,,,,,,,,,,look,,-26.0,-33.0
4714,157133,,,,,,,,,,,,,,,,,,,,,,,,,,,,,,,look,,-49.0,-41.0
4715,157167,,,,,,,,,,,,,,,,,,,,,,,,,,,,,,E,hook|look,,-65.0,-37.0
4716,157200,,,,,,,,,,,,,,,,,,,,,,,,,,,,,,E,hook|look,,-68.0,-25.0
4717,157233,,,,,,,,,,,,,,,,,,,,,,,,,,,,,,E,hook|look,,-53.0,-14.0
4718,157267,,,,,,,,,,,,,,,,,,,,,,,,,,,,,,E,hook|look,,-29.0,-8.0
4719,157300,,,,,,,,,,,,,,,,,,,,,,,,,,,,,,E,hook|look,,-22.0,-5.0
4720,157333,,,,,,,,,,,,,,,,,,,,,,,,,,,,,,E,hook|look,,-18.0,-3.0
4721,157367,,,,,,,,,,,,,,,,,,,,,,,,,,,,,,E,hook|look,,-15.0,-2.0
4722,157400,,,,,,,,,,,,,,,,,,,,,,,,,,,,,,E,hook|look,,-3.0,0.0
4723,157433,,,,,,,,,,,,,,,,,,,,,,,,,,,,,,E,hook,,0.0,0.0
4724,157467,,,,,,,,,,,,,,,,,,,,,,,,,,,,,,E,hook,,0.0,0.0
4725,157500,,,,,,,,,,,,,,,,,,,,,,,,,,,,,,E,hook,,0.0,0.0
4726,157533,,,,,,,,,,,,,,,,,,,,,,,,,,,,,,,,,0.0,0.0
4727,157567,,,,,,,,,,,,,,,,,,,,,,,,,,,,,,,,,0.0,0.0
4728,157600,,,,,,,,,,,,,,,,,,,,,,,,,,,,,,,,,0.0,0.0
4729,157633,,,,,,,,,,,,,,,,,,,,,,,,,,,,,,,look,,-1.0,3.0
4730,157667,,,,,,,,,,,,,,,,,,,,,,,,,,,,,,,look,,-15.0,4.0
4731,157700,,,,,,,,,,,,,,,,,,,,,,,,,,,,,,,look,,-69.0,-13.0
4732,157733,,,,,,,,,,,,,,,,,,,,,,,,,,,,,,Q,last_weapon|look,,-85.0,-82.0
4733,157767,,,,,,,,,,,,,,,,,,,,,,,,,,,,,,Q,last_weapon|look,,-58.0,-78.0
4734,157800,,,,,,,,,,,,,,,,,,,,,,,,,,,,,,Q,last_weapon|look,,-29.0,-42.0
4735,157833,,,,,,,,,,,,,,,,,,,,,,,,,,,,,,Q,last_weapon|look,,-11.0,-13.0
4736,157867,,,,,,,,,,,,,,,,,,,,,,,,,,,,,,Q,last_weapon|look,,-3.0,-3.0
4737,157900,,,,,,,,,,,,,,,,,,,,,,,,,,,,,,Q,last_weapon,,0.0,0.0
4738,157933,,,,,,,,,,,,,,,,,,,,,,,,,,,,,,Q,last_weapon,,0.0,0.0
4739,157967,,,,,,,,,,,,,,,,,,,,,,,,,,,,,,,,,0.0,0.0
4740,158000,,,,,,,,,,,,,,,,,,,,,,,,,,,,,,,,,0.0,0.0
4741,158033,,,,,,,,,,,,,,,,,,,,,,,,,,,,,,,,,0.0,0.0
4742,158067,,,,,,,,,,,,,,,,,,,,,,,,,,,,,,,,,0.0,0.0
4743,158100,,,,,,,,,,,,,,,,,,,,,,,,,,,,,,,,,0.0,0.0
4744,158133,,,,,,,,,,,,,,,,,,,,,,,,,,,,,,,,,0.0,0.0
4745,158167,,,,,,,,,,,,,,,,,,,,,,,,,,,,,,,look,,0.0,-16.0
4746,158200,,,,,,,,,,,,,,,,,,,,,,,,,,,,,,,look,,-7.0,-53.0
4747,158233,,,,,,,,,,,,,,,,,,,,,,,,,,,,,,,look,,-3.0,-37.0
4748,158267,,,,,,,,,,,,,,,,,,,,,,,,,,,,,,,look,,0.0,-20.0
4749,158300,,,,,,,,,,,,,,,,,,,,,,,,,,,,,,,look,,0.0,-6.0
4750,158333,,,,,,,,,,,,,,,,,,,,,,,,,,,,,,,look,,0.0,-1.0
4751,158367,,,,,,,,,,,,,,,,,,,,,,,,,,,,,,,,,0.0,0.0
4752,158400,,,,,,,,,,,,,,,,,,,,,,,,,,,,,,,,,0.0,0.0
4753,158433,,,,,,,,,,,,,,,,,,,,,,,,,,,,,,,,,0.0,0.0
4754,158467,,,,,,,,,,,,,,,,,,,,,,,,,,,,,,,look,,1.0,-1.0
4755,158500,,,,,,,,,,,,,,,,,,,,,,,,,,,,,,,look,,4.0,-9.0
4756,158533,,,,,,,,,,,,,,,,,,,,,,,,,,,,,,,look,,7.0,-10.0
4757,158567,,,,,,,,,,,,,,,,,,,,,,,,,,,,,,,look,,2.0,-5.0
4758,158600,,,,,,,,,,,,,,,,,,,,,,,,,,,,,,,look,,2.0,-1.0
4759,158633,,,,,,,,,,,,,,,,,,,,,,,,,,,,,,,,,0.0,0.0
4760,158667,,,,,,,,,,,,,,,,,,,,,,,,,,,,,,,,,0.0,0.0
4761,158700,,,,,,,,,,,,,,,,,,,,,,,,,,,,,,,,,0.0,0.0
4762,158733,,,,,,,,,,,,,,,,,,,,,,,,,,,,,,,,,0.0,0.0
4763,158767,,,,,,,,,,,,,,,,,,,,,,,,,,,,,,,,,0.0,0.0
4764,158800,,,,,,,,,,,,,,,,,,,,,,,,,,,,,,,,,0.0,0.0
4765,158833,,,,,,,,,,,,,,,,,,,,,,,,,,,,,,,,,0.0,0.0
4766,158867,,,,,,,,,,,,,,,,,,,,,,,,,,,,,,,,,0.0,0.0
4767,158900,,,,,,,,,,,,,,,,,,,,,,,,,,,,,,,,,0.0,0.0
4768,158933,,,,,,,,,,,,,,,,,,,,,,,,,,,,,,,,,0.0,0.0
4769,158967,,,,,,,,,,,,,,,,,,,,,,,,,,,,,,,,,0.0,0.0
4770,159000,,,,,,,,,,,,,,,,,,,,,,,,,,,,,,,,,0.0,0.0
4771,159033,,,,,,,,,,,,,,,,,,,,,,,,,,,,,,,,,0.0,0.0
4772,159067,,,,,,,,,,,,,,,,,,,,,,,,,,,,,,,look,,0.0,-1.0
4773,159100,,,,,,,,,,,,,,,,,,,,,,,,,,,,,,,look,,-26.0,-86.0
4774,159133,,,,,,,,,,,,,,,,,,,,,,,,,,,,,,,look,,-38.0,-137.0
4775,159167,,,,,,,,,,,,,,,,,,,,,,,,,,,,,,,look,,-16.0,-68.0
4776,159200,,,,,,,,,,,,,,,,,,,,,,,,,,,,,,,look,,-4.0,-30.0
4777,159233,,,,,,,,,,,,,,,,,,,,,,,,,,,,,,,look,,0.0,-6.0
4778,159267,,,,,,,,,,,,,,,,,,,,,,,,,,,,,,,look,,-1.0,-1.0
4779,159300,,,,,,,,,,,,,,,,,,,,,,,,,,,,,,,,,0.0,0.0
4780,159333,,,,,,,,,,,,,,,,,,,,,,,,,,,,,,,look,,-1.0,0.0
4781,159367,,,,,,,,,,,,,,,,,,,,,,,,,,,,,,,look,,-18.0,20.0
4782,159400,,,,,,,,,,,,,,,,,,,,,,,,,,,,,,,look,,-28.0,30.0
4783,159433,,,,,,,,,,,,,,,,,,,,,,,,,,,,,,,look,,-31.0,36.0
4784,159467,,,,,,,,,,,,,,,,,,,,,,,,,,,,,,,look,,-18.0,19.0
4785,159500,,,,,,,,,,,,,,,,,,,,,,,,,,,,,,,look,,-3.0,2.0
4786,159533,,,,,,,,,,,,,,,,,,,,,,,,,,,,,,,fire,Left,0.0,0.0
4787,159567,,,,,,,,,,,,,,,,,,,,,,,,,,,,,,,fire,Left,0.0,0.0
4788,159600,,,,,,,,,,,,,,,,,,,,,,,,,,,,,,,fire,Left,0.0,0.0
4789,159633,,,,,,,,,,,,,,,,,,,,,,,,,,,,,,,fire,Left,0.0,0.0
4790,159667,,,,,,,,,,,,,,,,,,,,,,,,,,,,,,,fire,Left,0.0,0.0
4791,159700,,,,,,,,,,,,,,,,,,,,,,,,,,,,,,,fire,Left,0.0,0.0
4792,159733,,,,,,,,,,,,,,,,,,,,,,,,,,,,,,,,,0.0,0.0
4793,159767,,,,,,,,,,,,,,,,,,,,,,,,,,,,,,,look,,1.0,0.0
4794,159800,,,,,,,,,,,,,,,,,,,,,,,,,,,,,,,look,,6.0,8.0
4795,159833,,,,,,,,,,,,,,,,,,,,,,,,,,,,,,,look,,1.0,4.0
4796,159867,,,,,,,,,,,,,,,,,,,,,,,,,,,,,,,,,0.0,0.0
4797,159900,,,,,,,,,,,,,,,,,,,,,,,,,,,,,,,fire,Left,0.0,0.0
4798,159933,,,,,,,,,,,,,,,,,,,,,,,,,,,,,,,fire,Left,0.0,0.0
4799,159967,,,,,,,,,,,,,,,,,,,,,,,,,,,,,,,fire,Left,0.0,0.0
4800,160000,,,,,,,,,,,,,,,,,,,,,,,,,,,,,,,fire,Left,0.0,0.0
4801,160033,,,,,,,,,,,,,,,,,,,,,,,,,,,,,,,fire,Left,0.0,0.0
4802,160067,,,,,,,,,,,,,,,,,,,,,,,,,,,,,,,fire,Left,0.0,0.0
4803,160100,,,,,,,,,,,,,,,,,,,,,,,,,,,,,,W,move_forward,,0.0,0.0
4804,160133,,,,,,,,,,,,,,,,,,,,,,,,,,,,,,W,move_forward,,0.0,0.0
4805,160167,,,,,,,,,,,,,,,,,,,,,,,,,,,,,,W,move_forward|look,,1.0,0.0
4806,160200,,,,,,,,,,,,,,,,,,,,,,,,,,,,,,W,move_forward|look,,12.0,2.0
4807,160233,,,,,,,,,,,,,,,,,,,,,,,,,,,,,,W,move_forward|look,,46.0,37.0
4808,160267,,,,,,,,,,,,,,,,,,,,,,,,,,,,,,W,move_forward|look,,83.0,88.0
4809,160300,,,,,,,,,,,,,,,,,,,,,,,,,,,,,,W,move_forward|look,,80.0,105.0
4810,160333,,,,,,,,,,,,,,,,,,,,,,,,,,,,,,W,move_forward|look,,65.0,107.0
4811,160367,,,,,,,,,,,,,,,,,,,,,,,,,,,,,,W,move_forward|look,,20.0,66.0
4812,160400,,,,,,,,,,,,,,,,,,,,,,,,,,,,,,W,move_forward|look,,-17.0,52.0
4813,160433,,,,,,,,,,,,,,,,,,,,,,,,,,,,,,W,move_forward|look,,-48.0,62.0
4814,160467,,,,,,,,,,,,,,,,,,,,,,,,,,,,,,W,move_forward|look,,-45.0,61.0
4815,160500,,,,,,,,,,,,,,,,,,,,,,,,,,,,,,W,move_forward|look,,-36.0,39.0
4816,160533,,,,,,,,,,,,,,,,,,,,,,,,,,,,,,W,move_forward|look,,-22.0,17.0
4817,160567,,,,,,,,,,,,,,,,,,,,,,,,,,,,,,W,move_forward|look,,-6.0,3.0
4818,160600,,,,,,,,,,,,,,,,,,,,,,,,,,,,,,W,move_forward|look,,-1.0,0.0
4819,160633,,,,,,,,,,,,,,,,,,,,,,,,,,,,,,W,move_forward|fire,Left,0.0,0.0
4820,160667,,,,,,,,,,,,,,,,,,,,,,,,,,,,,,W,move_forward|fire,Left,0.0,0.0
4821,160700,,,,,,,,,,,,,,,,,,,,,,,,,,,,,,W,move_forward|fire,Left,0.0,0.0
4822,160733,,,,,,,,,,,,,,,,,,,,,,,,,,,,,,W,move_forward|fire,Left,0.0,0.0
4823,160767,,,,,,,,,,,,,,,,,,,,,,,,,,,,,,W,move_forward|fire,Left,0.0,0.0
4824,160800,,,,,,,,,,,,,,,,,,,,,,,,,,,,,,W,move_forward|fire,Left,0.0,0.0
4825,160833,,,,,,,,,,,,,,,,,,,,,,,,,,,,,,W,move_forward,,0.0,0.0
4826,160867,,,,,,,,,,,,,,,,,,,,,,,,,,,,,,W,move_forward,,0.0,0.0
4827,160900,,,,,,,,,,,,,,,,,,,,,,,,,,,,,,W,move_forward,,0.0,0.0
4828,160933,,,,,,,,,,,,,,,,,,,,,,,,,,,,,,W,move_forward,,0.0,0.0
4829,160967,,,,,,,,,,,,,,,,,,,,,,,,,,,,,,W,move_forward,,0.0,0.0
4830,161000,,,,,,,,,,,,,,,,,,,,,,,,,,,,,,W,move_forward|look,,32.0,8.0
4831,161033,,,,,,,,,,,,,,,,,,,,,,,,,,,,,,W,move_forward|look,,102.0,35.0
4832,161067,,,,,,,,,,,,,,,,,,,,,,,,,,,,,,W,move_forward|look,,106.0,36.0
4833,161100,,,,,,,,,,,,,,,,,,,,,,,,,,,,,,W,move_forward|look,,60.0,17.0
4834,161133,,,,,,,,,,,,,,,,,,,,,,,,,,,,,,W,move_forward|look,,6.0,3.0
4835,161167,,,,,,,,,,,,,,,,,,,,,,,,,,,,,,W,move_forward|fire,Left,0.0,0.0
4836,161200,,,,,,,,,,,,,,,,,,,,,,,,,,,,,,W,move_forward|fire,Left,0.0,0.0
4837,161233,,,,,,,,,,,,,,,,,,,,,,,,,,,,,,W,move_forward|fire,Left,0.0,0.0
4838,161267,,,,,,,,,,,,,,,,,,,,,,,,,,,,,,W,move_forward|fire,Left,0.0,0.0
4839,161300,,,,,,,,,,,,,,,,,,,,,,,,,,,,,,W,move_forward|fire,Left,0.0,0.0
4840,161333,,,,,,,,,,,,,,,,,,,,,,,,,,,,,,W,move_forward|fire|look,Left,-12.0,0.0
4841,161367,,,,,,,,,,,,,,,,,,,,,,,,,,,,,,W,move_forward|look,,-44.0,-17.0
4842,161400,,,,,,,,,,,,,,,,,,,,,,,,,,,,,,W,move_forward,,0.0,0.0
4843,161433,,,,,,,,,,,,,,,,,,,,,,,,,,,,,,W,move_forward|look,,-5.0,0.0
4844,161467,,,,,,,,,,,,,,,,,,,,,,,,,,,,,,W,move_forward|look,,-27.0,0.0
4845,161500,,,,,,,,,,,,,,,,,,,,,,,,,,,,,,W,move_forward|look,,-42.0,0.0
4846,161533,,,,,,,,,,,,,,,,,,,,,,,,,,,,,,W,move_forward|look,,-18.0,0.0
4847,161567,,,,,,,,,,,,,,,,,,,,,,,,,,,,,,W,move_forward|look,,-1.0,0.0
4848,161600,,,,,,,,,,,,,,,,,,,,,,,,,,,,,,W,move_forward,,0.0,0.0
4849,161633,,,,,,,,,,,,,,,,,,,,,,,,,,,,,,W,move_forward|look,,-1.0,4.0
4850,161667,,,,,,,,,,,,,,,,,,,,,,,,,,,,,,W,move_forward|look,,-7.0,5.0
4851,161700,,,,,,,,,,,,,,,,,,,,,,,,,,,,,,,look,,-15.0,4.0
4852,161733,,,,,,,,,,,,,,,,,,,,,,,,,,,,,,,look,,-16.0,2.0
4853,161767,,,,,,,,,,,,,,,,,,,,,,,,,,,,,,,look,,-19.0,4.0
4854,161800,,,,,,,,,,,,,,,,,,,,,,,,,,,,,,,fire|look,Left,-9.0,2.0
4855,161833,,,,,,,,,,,,,,,,,,,,,,,,,,,,,,,fire,Left,0.0,0.0
4856,161867,,,,,,,,,,,,,,,,,,,,,,,,,,,,,,,fire|look,Left,-2.0,0.0
4857,161900,,,,,,,,,,,,,,,,,,,,,,,,,,,,,,W,move_forward|fire|look,Left,-1.0,0.0
4858,161933,,,,,,,,,,,,,,,,,,,,,,,,,,,,,,W,move_forward|fire,Left,0.0,0.0
4859,161967,,,,,,,,,,,,,,,,,,,,,,,,,,,,,,W,move_forward|fire,Left,0.0,0.0
4860,162000,,,,,,,,,,,,,,,,,,,,,,,,,,,,,,W,move_forward|fire,Left,0.0,0.0
4861,162033,,,,,,,,,,,,,,,,,,,,,,,,,,,,,,W,move_forward|fire,Left,0.0,0.0
4862,162067,,,,,,,,,,,,,,,,,,,,,,,,,,,,,,W,move_forward,,0.0,0.0
4863,162100,,,,,,,,,,,,,,,,,,,,,,,,,,,,,,W,move_forward,,0.0,0.0
4864,162133,,,,,,,,,,,,,,,,,,,,,,,,,,,,,,W,move_forward,,0.0,0.0
4865,162167,,,,,,,,,,,,,,,,,,,,,,,,,,,,,,W,move_forward,,0.0,0.0
4866,162200,,,,,,,,,,,,,,,,,,,,,,,,,,,,,,,,,0.0,0.0
4867,162233,,,,,,,,,,,,,,,,,,,,,,,,,,,,,,,,,0.0,0.0
4868,162267,,,,,,,,,,,,,,,,,,,,,,,,,,,,,,,,,0.0,0.0
4869,162300,,,,,,,,,,,,,,,,,,,,,,,,,,,,,,,,,0.0,0.0
4870,162333,,,,,,,,,,,,,,,,,,,,,,,,,,,,,,,,,0.0,0.0
4871,162367,,,,,,,,,,,,,,,,,,,,,,,,,,,,,,,,,0.0,0.0
4872,162400,,,,,,,,,,,,,,,,,,,,,,,,,,,,,,W,move_forward|look,,72.0,-12.0
4873,162433,,,,,,,,,,,,,,,,,,,,,,,,,,,,,,W,move_forward|look,,166.0,-33.0
4874,162467,,,,,,,,,,,,,,,,,,,,,,,,,,,,,,W,move_forward|look,,187.0,-22.0
4875,162500,,,,,,,,,,,,,,,,,,,,,,,,,,,,,,W,move_forward|look,,171.0,-5.0
4876,162533,,,,,,,,,,,,,,,,,,,,,,,,,,,,,,W,move_forward|look,,134.0,3.0
4877,162567,,,,,,,,,,,,,,,,,,,,,,,,,,,,,,W,move_forward|look,,103.0,17.0
4878,162600,,,,,,,,,,,,,,,,,,,,,,,,,,,,,,W,move_forward|look,,70.0,8.0
4879,162633,,,,,,,,,,,,,,,,,,,,,,,,,,,,,,W,move_forward|look,,31.0,0.0
4880,162667,,,,,,,,,,,,,,,,,,,,,,,,,,,,,,W,move_forward|look,,5.0,0.0
4881,162700,,,,,,,,,,,,,,,,,,,,,,,,,,,,,,W,move_forward,,0.0,0.0
4882,162733,,,,,,,,,,,,,,,,,,,,,,,,,,,,,,W,move_forward,,0.0,0.0
4883,162767,,,,,,,,,,,,,,,,,,,,,,,,,,,,,,W,move_forward,,0.0,0.0
4884,162800,,,,,,,,,,,,,,,,,,,,,,,,,,,,,,W,move_forward,,0.0,0.0
4885,162833,,,,,,,,,,,,,,,,,,,,,,,,,,,,,,W,move_forward,,0.0,0.0
4886,162867,,,,,,,,,,,,,,,,,,,,,,,,,,,,,,W,move_forward|look,,48.0,0.0
4887,162900,,,,,,,,,,,,,,,,,,,,,,,,,,,,,,D|W,move_forward|move_right|look,,110.0,0.0
4888,162933,,,,,,,,,,,,,,,,,,,,,,,,,,,,,,D,move_right|look,,143.0,0.0
4889,162967,,,,,,,,,,,,,,,,,,,,,,,,,,,,,,D,move_right|look,,107.0,6.0
4890,163000,,,,,,,,,,,,,,,,,,,,,,,,,,,,,,D,move_right|look,,82.0,13.0
4891,163033,,,,,,,,,,,,,,,,,,,,,,,,,,,,,,D,move_right|look,,41.0,8.0
4892,163067,,,,,,,,,,,,,,,,,,,,,,,,,,,,,,D,move_right|look,,38.0,10.0
4893,163100,,,,,,,,,,,,,,,,,,,,,,,,,,,,,,D,move_right|look,,51.0,10.0
4894,163133,,,,,,,,,,,,,,,,,,,,,,,,,,,,,,D,move_right|look,,48.0,10.0
4895,163167,,,,,,,,,,,,,,,,,,,,,,,,,,,,,,D,move_right|look,,33.0,4.0
4896,163200,,,,,,,,,,,,,,,,,,,,,,,,,,,,,,D,move_right|look,,37.0,0.0
4897,163233,,,,,,,,,,,,,,,,,,,,,,,,,,,,,,D,move_right|look,,29.0,-2.0
4898,163267,,,,,,,,,,,,,,,,,,,,,,,,,,,,,,D,move_right|look,,20.0,-4.0
4899,163300,,,,,,,,,,,,,,,,,,,,,,,,,,,,,,D,move_right|look,,4.0,-2.0
4900,163333,,,,,,,,,,,,,,,,,,,,,,,,,,,,,,D,move_right|look,,-14.0,-3.0
4901,163367,,,,,,,,,,,,,,,,,,,,,,,,,,,,,,D,move_right,,0.0,0.0
4902,163400,,,,,,,,,,,,,,,,,,,,,,,,,,,,,,D,move_right,,0.0,0.0
4903,163433,,,,,,,,,,,,,,,,,,,,,,,,,,,,,,D,move_right,,0.0,0.0
4904,163467,,,,,,,,,,,,,,,,,,,,,,,,,,,,,,D,move_right|look,,-3.0,-2.0
4905,163500,,,,,,,,,,,,,,,,,,,,,,,,,,,,,,D,move_right|look,,0.0,-1.0
4906,163533,,,,,,,,,,,,,,,,,,,,,,,,,,,,,,D,move_right|look,,32.0,0.0
4907,163567,,,,,,,,,,,,,,,,,,,,,,,,,,,,,,D,move_right|look,,79.0,8.0
4908,163600,,,,,,,,,,,,,,,,,,,,,,,,,,,,,,D,move_right|look,,128.0,19.0
4909,163633,,,,,,,,,,,,,,,,,,,,,,,,,,,,,,D,move_right|look,,111.0,11.0
4910,163667,,,,,,,,,,,,,,,,,,,,,,,,,,,,,,D,move_right|look,,65.0,9.0
4911,163700,,,,,,,,,,,,,,,,,,,,,,,,,,,,,,D,move_right|look,,24.0,7.0
4912,163733,,,,,,,,,,,,,,,,,,,,,,,,,,,,,,D,move_right|look,,3.0,1.0
4913,163767,,,,,,,,,,,,,,,,,,,,,,,,,,,,,,D,move_right,,0.0,0.0
4914,163800,,,,,,,,,,,,,,,,,,,,,,,,,,,,,,D|W,move_forward|move_right,,0.0,0.0
4915,163833,,,,,,,,,,,,,,,,,,,,,,,,,,,,,,D|W,move_forward|move_right,,0.0,0.0
4916,163867,,,,,,,,,,,,,,,,,,,,,,,,,,,,,,D|W,move_forward|move_right,,0.0,0.0
4917,163900,,,,,,,,,,,,,,,,,,,,,,,,,,,,,,D|W,move_forward|move_right|fire,Left,0.0,0.0
4918,163933,,,,,,,,,,,,,,,,,,,,,,,,,,,,,,D|W,move_forward|move_right|fire,Left,0.0,0.0
4919,163967,,,,,,,,,,,,,,,,,,,,,,,,,,,,,,D|W,move_forward|move_right|fire,Left,0.0,0.0
4920,164000,,,,,,,,,,,,,,,,,,,,,,,,,,,,,,D|W,move_forward|move_right|fire,Left,0.0,0.0
4921,164033,,,,,,,,,,,,,,,,,,,,,,,,,,,,,,D|W,move_forward|move_right|fire,Left,0.0,0.0
4922,164067,,,,,,,,,,,,,,,,,,,,,,,,,,,,,,Space,jump|fire,Left,0.0,0.0
4923,164100,,,,,,,,,,,,,,,,,,,,,,,,,,,,,,Space,jump|fire|look,Left,-24.0,0.0
4924,164133,,,,,,,,,,,,,,,,,,,,,,,,,,,,,,Space,jump|fire|look,Left,-88.0,0.0
4925,164167,,,,,,,,,,,,,,,,,,,,,,,,,,,,,,Space,jump|fire|look,Left,-71.0,-4.0
4926,164200,,,,,,,,,,,,,,,,,,,,,,,,,,,,,,Space,jump|fire|look,Left,-24.0,-5.0
4927,164233,,,,,,,,,,,,,,,,,,,,,,,,,,,,,,Space,jump,,0.0,0.0
4928,164267,,,,,,,,,,,,,,,,,,,,,,,,,,,,,,,,,0.0,0.0
4929,164300,,,,,,,,,,,,,,,,,,,,,,,,,,,,,,,look,,17.0,0.0
4930,164333,,,,,,,,,,,,,,,,,,,,,,,,,,,,,,,look,,76.0,0.0
4931,164367,,,,,,,,,,,,,,,,,,,,,,,,,,,,,,Space,jump|look,,45.0,0.0
4932,164400,,,,,,,,,,,,,,,,,,,,,,,,,,,,,,Space,jump|look,,11.0,0.0
4933,164433,,,,,,,,,,,,,,,,,,,,,,,,,,,,,,Space,jump|look,,1.0,0.0
4934,164467,,,,,,,,,,,,,,,,,,,,,,,,,,,,,,Space,jump,,0.0,0.0
4935,164500,,,,,,,,,,,,,,,,,,,,,,,,,,,,,,Space,jump,,0.0,0.0
4936,164533,,,,,,,,,,,,,,,,,,,,,,,,,,,,,,Space,jump,,0.0,0.0
4937,164567,,,,,,,,,,,,,,,,,,,,,,,,,,,,,,Space,jump,,0.0,0.0
4938,164600,,,,,,,,,,,,,,,,,,,,,,,,,,,,,,Space,jump,,0.0,0.0
4939,164633,,,,,,,,,,,,,,,,,,,,,,,,,,,,,,Space,jump,,0.0,0.0
4940,164667,,,,,,,,,,,,,,,,,,,,,,,,,,,,,,,,,0.0,0.0
4941,164700,,,,,,,,,,,,,,,,,,,,,,,,,,,,,,,look,,0.0,-1.0
4942,164733,,,,,,,,,,,,,,,,,,,,,,,,,,,,,,,look,,10.0,-5.0
4943,164767,,,,,,,,,,,,,,,,,,,,,,,,,,,,,,,look,,23.0,-11.0
4944,164800,,,,,,,,,,,,,,,,,,,,,,,,,,,,,,,look,,23.0,-9.0
4945,164833,,,,,,,,,,,,,,,,,,,,,,,,,,,,,,,look,,14.0,-7.0
4946,164867,,,,,,,,,,,,,,,,,,,,,,,,,,,,,,,look,,6.0,-3.0
4947,164900,,,,,,,,,,,,,,,,,,,,,,,,,,,,,,,look,,1.0,-1.0
4948,164933,,,,,,,,,,,,,,,,,,,,,,,,,,,,,,,look,,0.0,-3.0
4949,164967,,,,,,,,,,,,,,,,,,,,,,,,,,,,,,,,,0.0,0.0
4950,165000,,,,,,,,,,,,,,,,,,,,,,,,,,,,,,Space,jump,,0.0,0.0
4951,165033,,,,,,,,,,,,,,,,,,,,,,,,,,,,,,Space,jump,,0.0,0.0
4952,165067,,,,,,,,,,,,,,,,,,,,,,,,,,,,,,Space,jump|look,,-9.0,0.0
4953,165100,,,,,,,,,,,,,,,,,,,,,,,,,,,,,,Space,jump|look,,-13.0,0.0
4954,165133,,,,,,,,,,,,,,,,,,,,,,,,,,,,,,,look,,-1.0,0.0
4955,165167,,,,,,,,,,,,,,,,,,,,,,,,,,,,,,,,,0.0,0.0
4956,165200,,,,,,,,,,,,,,,,,,,,,,,,,,,,,,,,,0.0,0.0
4957,165233,,,,,,,,,,,,,,,,,,,,,,,,,,,,,,,,,0.0,0.0
4958,165267,,,,,,,,,,,,,,,,,,,,,,,,,,,,,,,,,0.0,0.0
4959,165300,,,,,,,,,,,,,,,,,,,,,,,,,,,,,,,look,,-1.0,0.0
4960,165333,,,,,,,,,,,,,,,,,,,,,,,,,,,,,,,,,0.0,0.0
4961,165367,,,,,,,,,,,,,,,,,,,,,,,,,,,,,,,,,0.0,0.0
4962,165400,,,,,,,,,,,,,,,,,,,,,,,,,,,,,,,,,0.0,0.0
4963,165433,,,,,,,,,,,,,,,,,,,,,,,,,,,,,,,,,0.0,0.0
4964,165467,,,,,,,,,,,,,,,,,,,,,,,,,,,,,,,,,0.0,0.0
4965,165500,,,,,,,,,,,,,,,,,,,,,,,,,,,,,,,look,,-2.0,-5.0
4966,165533,,,,,,,,,,,,,,,,,,,,,,,,,,,,,,,look,,-12.0,-52.0
4967,165567,,,,,,,,,,,,,,,,,,,,,,,,,,,,,,,look,,-5.0,-76.0
4968,165600,,,,,,,,,,,,,,,,,,,,,,,,,,,,,,,look,,0.0,-101.0
4969,165633,,,,,,,,,,,,,,,,,,,,,,,,,,,,,,,look,,15.0,-52.0
4970,165667,,,,,,,,,,,,,,,,,,,,,,,,,,,,,,,look,,16.0,-24.0
4971,165700,,,,,,,,,,,,,,,,,,,,,,,,,,,,,,,look,,18.0,-2.0
4972,165733,,,,,,,,,,,,,,,,,,,,,,,,,,,,,,Space,jump|look,,23.0,46.0
4973,165767,,,,,,,,,,,,,,,,,,,,,,,,,,,,,,Space,jump|look,,16.0,102.0
4974,165800,,,,,,,,,,,,,,,,,,,,,,,,,,,,,,Space,jump|look,,-17.0,165.0
4975,165833,,,,,,,,,,,,,,,,,,,,,,,,,,,,,,Space,jump|look,,-199.0,238.0
4976,165867,,,,,,,,,,,,,,,,,,,,,,,,,,,,,,Space,jump|look,,-279.0,161.0
4977,165900,,,,,,,,,,,,,,,,,,,,,,,,,,,,,,,look,,-162.0,7.0
4978,165933,,,,,,,,,,,,,,,,,,,,,,,,,,,,,,,look,,-106.0,-142.0
4979,165967,,,,,,,,,,,,,,,,,,,,,,,,,,,,,,,look,,-31.0,-86.0
4980,166000,,,,,,,,,,,,,,,,,,,,,,,,,,,,,,,look,,0.0,-59.0
4981,166033,,,,,,,,,,,,,,,,,,,,,,,,,,,,,,,look,,81.0,-66.0
4982,166067,,,,,,,,,,,,,,,,,,,,,,,,,,,,,,,look,,164.0,-48.0
4983,166100,,,,,,,,,,,,,,,,,,,,,,,,,,,,,,,look,,309.0,-15.0
4984,166133,,,,,,,,,,,,,,,,,,,,,,,,,,,,,,,look,,270.0,28.0
4985,166167,,,,,,,,,,,,,,,,,,,,,,,,,,,,,,,look,,165.0,55.0
4986,166200,,,,,,,,,,,,,,,,,,,,,,,,,,,,,,,look,,102.0,46.0
4987,166233,,,,,,,,,,,,,,,,,,,,,,,,,,,,,,,look,,67.0,47.0
4988,166267,,,,,,,,,,,,,,,,,,,,,,,,,,,,,,,look,,53.0,52.0
4989,166300,,,,,,,,,,,,,,,,,,,,,,,,,,,,,,,look,,36.0,46.0
4990,166333,,,,,,,,,,,,,,,,,,,,,,,,,,,,,,,look,,17.0,55.0
4991,166367,,,,,,,,,,,,,,,,,,,,,,,,,,,,,,,look,,2.0,33.0
4992,166400,,,,,,,,,,,,,,,,,,,,,,,,,,,,,,,look,,-3.0,14.0
4993,166433,,,,,,,,,,,,,,,,,,,,,,,,,,,,,,,,,0.0,0.0
4994,166467,,,,,,,,,,,,,,,,,,,,,,,,,,,,,,,,,0.0,0.0
4995,166500,,,,,,,,,,,,,,,,,,,,,,,,,,,,,,,,,0.0,0.0
4996,166533,,,,,,,,,,,,,,,,,,,,,,,,,,,,,,,,,0.0,0.0
4997,166567,,,,,,,,,,,,,,,,,,,,,,,,,,,,,,,,,0.0,0.0
4998,166600,,,,,,,,,,,,,,,,,,,,,,,,,,,,,,,,,0.0,0.0
4999,166633,,,,,,,,,,,,,,,,,,,,,,,,,,,,,,,,,0.0,0.0
5000,166667,,,,,,,,,,,,,,,,,,,,,,,,,,,,,,Space,jump|look,,11.0,0.0
5001,166700,,,,,,,,,,,,,,,,,,,,,,,,,,,,,,Space,jump|look,,28.0,0.0
5002,166733,,,,,,,,,,,,,,,,,,,,,,,,,,,,,,Space,jump|look,,32.0,0.0
5003,166767,,,,,,,,,,,,,,,,,,,,,,,,,,,,,,Space,jump|look,,22.0,3.0
5004,166800,,,,,,,,,,,,,,,,,,,,,,,,,,,,,,Space,jump|look,,6.0,1.0
5005,166833,,,,,,,,,,,,,,,,,,,,,,,,,,,,,,Space,jump|look,,2.0,0.0
5006,166867,,,,,,,,,,,,,,,,,,,,,,,,,,,,,,Space,jump|look,,3.0,-8.0
5007,166900,,,,,,,,,,,,,,,,,,,,,,,,,,,,,,,,,0.0,0.0
5008,166933,,,,,,,,,,,,,,,,,,,,,,,,,,,,,,,,,0.0,0.0
5009,166967,,,,,,,,,,,,,,,,,,,,,,,,,,,,,,,,,0.0,0.0
5010,167000,,,,,,,,,,,,,,,,,,,,,,,,,,,,,,,,,0.0,0.0
5011,167033,,,,,,,,,,,,,,,,,,,,,,,,,,,,,,,,,0.0,0.0
5012,167067,,,,,,,,,,,,,,,,,,,,,,,,,,,,,,,,,0.0,0.0
5013,167100,,,,,,,,,,,,,,,,,,,,,,,,,,,,,,,,,0.0,0.0
5014,167133,,,,,,,,,,,,,,,,,,,,,,,,,,,,,,,,,0.0,0.0
5015,167167,,,,,,,,,,,,,,,,,,,,,,,,,,,,,,,,,0.0,0.0
5016,167200,,,,,,,,,,,,,,,,,,,,,,,,,,,,,,,,,0.0,0.0
5017,167233,,,,,,,,,,,,,,,,,,,,,,,,,,,,,,Enter,chat,,0.0,0.0
5018,167267,,,,,,,,,,,,,,,,,,,,,,,,,,,,,,Enter,chat,,0.0,0.0
5019,167300,,,,,,,,,,,,,,,,,,,,,,,,,,,,,,Enter,chat,,0.0,0.0
5020,167333,,,,,,,,,,,,,,,,,,,,,,,,,,,,,,Enter,chat,,0.0,0.0
5021,167367,,,,,,,,,,,,,,,,,,,,,,,,,,,,,,Enter,chat,,0.0,0.0
5022,167400,,,,,,,,,,,,,,,,,,,,,,,,,,,,,,,,,0.0,0.0
5023,167433,,,,,,,,,,,,,,,,,,,,,,,,,,,,,,,,,0.0,0.0
5024,167467,,,,,,,,,,,,,,,,,,,,,,,,,,,,,,,,,0.0,0.0
5025,167500,,,,,,,,,,,,,,,,,,,,,,,,,,,,,,,,,0.0,0.0
5026,167533,,,,,,,,,,,,,,,,,,,,,,,,,,,,,,,,,0.0,0.0
5027,167567,,,,,,,,,,,,,,,,,,,,,,,,,,,,,,,,,0.0,0.0
5028,167600,,,,,,,,,,,,,,,,,,,,,,,,,,,,,,,,,0.0,0.0
5029,167633,,,,,,,,,,,,,,,,,,,,,,,,,,,,,,,,,0.0,0.0
5030,167667,,,,,,,,,,,,,,,,,,,,,,,,,,,,,,,look,,-2.0,75.0
5031,167700,,,,,,,,,,,,,,,,,,,,,,,,,,,,,,,look,,-14.0,76.0
5032,167733,,,,,,,,,,,,,,,,,,,,,,,,,,,,,,,look,,-20.0,21.0
5033,167767,,,,,,,,,,,,,,,,,,,,,,,,,,,,,,,look,,-87.0,13.0
5034,167800,,,,,,,,,,,,,,,,,,,,,,,,,,,,,,,look,,-156.0,-27.0
5035,167833,,,,,,,,,,,,,,,,,,,,,,,,,,,,,,,look,,-135.0,-37.0
5036,167867,,,,,,,,,,,,,,,,,,,,,,,,,,,,,,,look,,-46.0,-15.0
5037,167900,,,,,,,,,,,,,,,,,,,,,,,,,,,,,,,look,,-4.0,-2.0
5038,167933,,,,,,,,,,,,,,,,,,,,,,,,,,,,,,,look,,2.0,0.0
5039,167967,,,,,,,,,,,,,,,,,,,,,,,,,,,,,,,look,,43.0,26.0
5040,168000,,,,,,,,,,,,,,,,,,,,,,,,,,,,,,,look,,67.0,35.0
5041,168033,,,,,,,,,,,,,,,,,,,,,,,,,,,,,,,look,,117.0,45.0
5042,168067,,,,,,,,,,,,,,,,,,,,,,,,,,,,,,,look,,115.0,35.0
5043,168100,,,,,,,,,,,,,,,,,,,,,,,,,,,,,,,look,,177.0,38.0
5044,168133,,,,,,,,,,,,,,,,,,,,,,,,,,,,,,,look,,145.0,2.0
5045,168167,,,,,,,,,,,,,,,,,,,,,,,,,,,,,,,look,,132.0,-62.0
5046,168200,,,,,,,,,,,,,,,,,,,,,,,,,,,,,,,look,,131.0,-96.0
5047,168233,,,,,,,,,,,,,,,,,,,,,,,,,,,,,,,look,,97.0,-84.0
5048,168267,,,,,,,,,,,,,,,,,,,,,,,,,,,,,,,look,,56.0,-50.0
5049,168300,,,,,,,,,,,,,,,,,,,,,,,,,,,,,,,look,,22.0,-31.0
5050,168333,,,,,,,,,,,,,,,,,,,,,,,,,,,,,,,look,,-18.0,-66.0
5051,168367,,,,,,,,,,,,,,,,,,,,,,,,,,,,,,,look,,-90.0,-110.0
5052,168400,,,,,,,,,,,,,,,,,,,,,,,,,,,,,,Space,jump|look,,-155.0,-102.0
5053,168433,,,,,,,,,,,,,,,,,,,,,,,,,,,,,,Space,jump|look,,-267.0,-53.0
5054,168467,,,,,,,,,,,,,,,,,,,,,,,,,,,,,,Space,jump|look,,-251.0,11.0
5055,168500,,,,,,,,,,,,,,,,,,,,,,,,,,,,,,Space,jump|look,,-109.0,56.0
5056,168533,,,,,,,,,,,,,,,,,,,,,,,,,,,,,,Space,jump|look,,-49.0,53.0
5057,168567,,,,,,,,,,,,,,,,,,,,,,,,,,,,,,Space,jump|look,,-13.0,46.0
5058,168600,,,,,,,,,,,,,,,,,,,,,,,,,,,,,,,look,,2.0,73.0
5059,168633,,,,,,,,,,,,,,,,,,,,,,,,,,,,,,,look,,18.0,25.0
5060,168667,,,,,,,,,,,,,,,,,,,,,,,,,,,,,,Space,jump|look,,16.0,4.0
5061,168700,,,,,,,,,,,,,,,,,,,,,,,,,,,,,,Space,jump|look,,13.0,-21.0
5062,168733,,,,,,,,,,,,,,,,,,,,,,,,,,,,,,Space,jump,,0.0,0.0
5063,168767,,,,,,,,,,,,,,,,,,,,,,,,,,,,,,Space,jump,,0.0,0.0
5064,168800,,,,,,,,,,,,,,,,,,,,,,,,,,,,,,Space,jump,,0.0,0.0
5065,168833,,,,,,,,,,,,,,,,,,,,,,,,,,,,,,,,,0.0,0.0
5066,168867,,,,,,,,,,,,,,,,,,,,,,,,,,,,,,,,,0.0,0.0
5067,168900,,,,,,,,,,,,,,,,,,,,,,,,,,,,,,,,,0.0,0.0
5068,168933,,,,,,,,,,,,,,,,,,,,,,,,,,,,,,,,,0.0,0.0
5069,168967,,,,,,,,,,,,,,,,,,,,,,,,,,,,,,Enter,chat,,0.0,0.0
5070,169000,,,,,,,,,,,,,,,,,,,,,,,,,,,,,,Enter,chat,,0.0,0.0
5071,169033,,,,,,,,,,,,,,,,,,,,,,,,,,,,,,Enter,chat,,0.0,0.0
5072,169067,,,,,,,,,,,,,,,,,,,,,,,,,,,,,,Enter,chat,,0.0,0.0
5073,169100,,,,,,,,,,,,,,,,,,,,,,,,,,,,,,,,,0.0,0.0
5074,169133,,,,,,,,,,,,,,,,,,,,,,,,,,,,,,,,,0.0,0.0
5075,169167,,,,,,,,,,,,,,,,,,,,,,,,,,,,,,,,,0.0,0.0
5076,169200,,,,,,,,,,,,,,,,,,,,,,,,,,,,,,,,,0.0,0.0
5077,169233,,,,,,,,,,,,,,,,,,,,,,,,,,,,,,,,,0.0,0.0
5078,169267,,,,,,,,,,,,,,,,,,,,,,,,,,,,,,,,,0.0,0.0
5079,169300,,,,,,,,,,,,,,,,,,,,,,,,,,,,,,,,,0.0,0.0
5080,169333,,,,,,,,,,,,,,,,,,,,,,,,,,,,,,Space,jump,,0.0,0.0
5081,169367,,,,,,,,,,,,,,,,,,,,,,,,,,,,,,Space,jump|look,,-24.0,64.0
5082,169400,,,,,,,,,,,,,,,,,,,,,,,,,,,,,,Space,jump|look,,-2.0,20.0
5083,169433,,,,,,,,,,,,,,,,,,,,,,,,,,,,,,Space,jump|look,,20.0,24.0
5084,169467,,,,,,,,,,,,,,,,,,,,,,,,,,,,,,,look,,53.0,49.0
5085,169500,,,,,,,,,,,,,,,,,,,,,,,,,,,,,,,look,,54.0,60.0
5086,169533,,,,,,,,,,,,,,,,,,,,,,,,,,,,,,,look,,62.0,47.0
5087,169567,,,,,,,,,,,,,,,,,,,,,,,,,,,,,,,look,,81.0,34.0
5088,169600,,,,,,,,,,,,,,,,,,,,,,,,,,,,,,,look,,98.0,13.0
5089,169633,,,,,,,,,,,,,,,,,,,,,,,,,,,,,,,look,,65.0,-1.0
5090,169667,,,,,,,,,,,,,,,,,,,,,,,,,,,,,,,look,,78.0,-25.0
5091,169700,,,,,,,,,,,,,,,,,,,,,,,,,,,,,,,look,,99.0,-26.0
5092,169733,,,,,,,,,,,,,,,,,,,,,,,,,,,,,,,look,,96.0,-7.0
5093,169767,,,,,,,,,,,,,,,,,,,,,,,,,,,,,,,look,,68.0,1.0
5094,169800,,,,,,,,,,,,,,,,,,,,,,,,,,,,,,,look,,53.0,10.0
5095,169833,,,,,,,,,,,,,,,,,,,,,,,,,,,,,,,look,,33.0,13.0
5096,169867,,,,,,,,,,,,,,,,,,,,,,,,,,,,,,,look,,5.0,3.0
5097,169900,,,,,,,,,,,,,,,,,,,,,,,,,,,,,,,look,,-66.0,-3.0
5098,169933,,,,,,,,,,,,,,,,,,,,,,,,,,,,,,,look,,-109.0,-11.0
5099,169967,,,,,,,,,,,,,,,,,,,,,,,,,,,,,,,look,,-54.0,0.0
5100,170000,,,,,,,,,,,,,,,,,,,,,,,,,,,,,,,look,,-15.0,0.0
5101,170033,,,,,,,,,,,,,,,,,,,,,,,,,,,,,,,look,,-6.0,1.0
5102,170067,,,,,,,,,,,,,,,,,,,,,,,,,,,,,,,look,,-58.0,5.0
5103,170100,,,,,,,,,,,,,,,,,,,,,,,,,,,,,,,look,,-187.0,10.0
5104,170133,,,,,,,,,,,,,,,,,,,,,,,,,,,,,,,look,,-93.0,3.0
5105,170167,,,,,,,,,,,,,,,,,,,,,,,,,,,,,,,look,,-25.0,0.0
5106,170200,,,,,,,,,,,,,,,,,,,,,,,,,,,,,,,look,,-3.0,0.0
5107,170233,,,,,,,,,,,,,,,,,,,,,,,,,,,,,,,fire,Left,0.0,0.0
5108,170267,,,,,,,,,,,,,,,,,,,,,,,,,,,,,,,fire,Left,0.0,0.0
5109,170300,,,,,,,,,,,,,,,,,,,,,,,,,,,,,,,fire,Left,0.0,0.0
5110,170333,,,,,,,,,,,,,,,,,,,,,,,,,,,,,,,fire,Left,0.0,0.0
5111,170367,,,,,,,,,,,,,,,,,,,,,,,,,,,,,,W,move_forward|fire,Left,0.0,0.0
5112,170400,,,,,,,,,,,,,,,,,,,,,,,,,,,,,,W,move_forward|fire,Left,0.0,0.0
5113,170433,,,,,,,,,,,,,,,,,,,,,,,,,,,,,,W,move_forward,,0.0,0.0
5114,170467,,,,,,,,,,,,,,,,,,,,,,,,,,,,,,W,move_forward,,0.0,0.0
5115,170500,,,,,,,,,,,,,,,,,,,,,,,,,,,,,,W,move_forward,,0.0,0.0
5116,170533,,,,,,,,,,,,,,,,,,,,,,,,,,,,,,W,move_forward,,0.0,0.0
5117,170567,,,,,,,,,,,,,,,,,,,,,,,,,,,,,,W,move_forward|look,,-1.0,-2.0
5118,170600,,,,,,,,,,,,,,,,,,,,,,,,,,,,,,,look,,-17.0,-5.0
5119,170633,,,,,,,,,,,,,,,,,,,,,,,,,,,,,,,look,,-119.0,27.0
5120,170667,,,,,,,,,,,,,,,,,,,,,,,,,,,,,,,look,,-402.0,199.0
5121,170700,,,,,,,,,,,,,,,,,,,,,,,,,,,,,,,look,,-518.0,256.0
5122,170733,,,,,,,,,,,,,,,,,,,,,,,,,,,,,,,look,,-372.0,180.0
5123,170767,,,,,,,,,,,,,,,,,,,,,,,,,,,,,,,look,,-173.0,76.0
5124,170800,,,,,,,,,,,,,,,,,,,,,,,,,,,,,,,look,,-54.0,18.0
5125,170833,,,,,,,,,,,,,,,,,,,,,,,,,,,,,,,look,,-39.0,8.0
5126,170867,,,,,,,,,,,,,,,,,,,,,,,,,,,,,,,look,,-35.0,9.0
5127,170900,,,,,,,,,,,,,,,,,,,,,,,,,,,,,,,look,,-42.0,3.0
5128,170933,,,,,,,,,,,,,,,,,,,,,,,,,,,,,,,look,,-59.0,-20.0
5129,170967,,,,,,,,,,,,,,,,,,,,,,,,,,,,,,,look,,-48.0,-32.0
5130,171000,,,,,,,,,,,,,,,,,,,,,,,,,,,,,,,look,,-28.0,-23.0
5131,171033,,,,,,,,,,,,,,,,,,,,,,,,,,,,,,,look,,-8.0,-16.0
5132,171067,,,,,,,,,,,,,,,,,,,,,,,,,,,,,,,look,,0.0,-15.0
5133,171100,,,,,,,,,,,,,,,,,,,,,,,,,,,,,,,look,,8.0,-8.0
5134,171133,,,,,,,,,,,,,,,,,,,,,,,,,,,,,,,look,,12.0,-4.0
5135,171167,,,,,,,,,,,,,,,,,,,,,,,,,,,,,,,,,0.0,0.0
5136,171200,,,,,,,,,,,,,,,,,,,,,,,,,,,,,,W,move_forward,,0.0,0.0
5137,171233,,,,,,,,,,,,,,,,,,,,,,,,,,,,,,W,move_forward,,0.0,0.0
5138,171267,,,,,,,,,,,,,,,,,,,,,,,,,,,,,,W,move_forward,,0.0,0.0
5139,171300,,,,,,,,,,,,,,,,,,,,,,,,,,,,,,W,move_forward,,0.0,0.0
5140,171333,,,,,,,,,,,,,,,,,,,,,,,,,,,,,,W,move_forward,,0.0,0.0
5141,171367,,,,,,,,,,,,,,,,,,,,,,,,,,,,,,W,move_forward,,0.0,0.0
5142,171400,,,,,,,,,,,,,,,,,,,,,,,,,,,,,,W,move_forward,,0.0,0.0
5143,171433,,,,,,,,,,,,,,,,,,,,,,,,,,,,,,W,move_forward|look,,-41.0,-14.0
5144,171467,,,,,,,,,,,,,,,,,,,,,,,,,,,,,,W,move_forward|look,,-74.0,-46.0
5145,171500,,,,,,,,,,,,,,,,,,,,,,,,,,,,,,W,move_forward|look,,-60.0,-62.0
5146,171533,,,,,,,,,,,,,,,,,,,,,,,,,,,,,,W,move_forward|look,,-38.0,-55.0
5147,171567,,,,,,,,,,,,,,,,,,,,,,,,,,,,,,W,move_forward|look,,-36.0,-42.0
5148,171600,,,,,,,,,,,,,,,,,,,,,,,,,,,,,,W,move_forward|look,,-32.0,-25.0
5149,171633,,,,,,,,,,,,,,,,,,,,,,,,,,,,,,W,move_forward|look,,-27.0,-22.0
5150,171667,,,,,,,,,,,,,,,,,,,,,,,,,,,,,,W,move_forward|look,,-15.0,-23.0
5151,171700,,,,,,,,,,,,,,,,,,,,,,,,,,,,,,W,move_forward|look,,-6.0,-16.0
5152,171733,,,,,,,,,,,,,,,,,,,,,,,,,,,,,,W,move_forward|look,,0.0,-6.0
5153,171767,,,,,,,,,,,,,,,,,,,,,,,,,,,,,,W,move_forward|look,,1.0,-6.0
5154,171800,,,,,,,,,,,,,,,,,,,,,,,,,,,,,,,look,,6.0,-6.0
5155,171833,,,,,,,,,,,,,,,,,,,,,,,,,,,,,,,look,,9.0,-16.0
5156,171867,,,,,,,,,,,,,,,,,,,,,,,,,,,,,,,look,,9.0,-29.0
5157,171900,,,,,,,,,,,,,,,,,,,,,,,,,,,,,,,look,,8.0,-23.0
5158,171933,,,,,,,,,,,,,,,,,,,,,,,,,,,,,,,look,,6.0,-17.0
5159,171967,,,,,,,,,,,,,,,,,,,,,,,,,,,,,,,look,,4.0,-6.0
5160,172000,,,,,,,,,,,,,,,,,,,,,,,,,,,,,,,look,,3.0,0.0
5161,172033,,,,,,,,,,,,,,,,,,,,,,,,,,,,,,,,,0.0,0.0
5162,172067,,,,,,,,,,,,,,,,,,,,,,,,,,,,,,,,,0.0,0.0
5163,172100,,,,,,,,,,,,,,,,,,,,,,,,,,,,,,,,,0.0,0.0
5164,172133,,,,,,,,,,,,,,,,,,,,,,,,,,,,,,,,,0.0,0.0
5165,172167,,,,,,,,,,,,,,,,,,,,,,,,,,,,,,,,,0.0,0.0
5166,172200,,,,,,,,,,,,,,,,,,,,,,,,,,,,,,,,,0.0,0.0
5167,172233,,,,,,,,,,,,,,,,,,,,,,,,,,,,,,,,,0.0,0.0
5168,172267,,,,,,,,,,,,,,,,,,,,,,,,,,,,,,,look,,-11.0,-4.0
5169,172300,,,,,,,,,,,,,,,,,,,,,,,,,,,,,,,look,,-10.0,-3.0
5170,172333,,,,,,,,,,,,,,,,,,,,,,,,,,,,,,,look,,-2.0,0.0
5171,172367,,,,,,,,,,,,,,,,,,,,,,,,,,,,,,,look,,0.0,-1.0
5172,172400,,,,,,,,,,,,,,,,,,,,,,,,,,,,,,,,,0.0,0.0
5173,172433,,,,,,,,,,,,,,,,,,,,,,,,,,,,,,,,,0.0,0.0
5174,172467,,,,,,,,,,,,,,,,,,,,,,,,,,,,,,,,,0.0,0.0
5175,172500,,,,,,,,,,,,,,,,,,,,,,,,,,,,,,,,,0.0,0.0
5176,172533,,,,,,,,,,,,,,,,,,,,,,,,,,,,,,,,,0.0,0.0
5177,172567,,,,,,,,,,,,,,,,,,,,,,,,,,,,,,,,,0.0,0.0
5178,172600,,,,,,,,,,,,,,,,,,,,,,,,,,,,,,,,,0.0,0.0
5179,172633,,,,,,,,,,,,,,,,,,,,,,,,,,,,,,,,,0.0,0.0
5180,172667,,,,,,,,,,,,,,,,,,,,,,,,,,,,,,,,,0.0,0.0
5181,172700,,,,,,,,,,,,,,,,,,,,,,,,,,,,,,,,,0.0,0.0
5182,172733,,,,,,,,,,,,,,,,,,,,,,,,,,,,,,W,move_forward,,0.0,0.0
5183,172767,,,,,,,,,,,,,,,,,,,,,,,,,,,,,,W,move_forward,,0.0,0.0
5184,172800,,,,,,,,,,,,,,,,,,,,,,,,,,,,,,W,move_forward,,0.0,0.0
5185,172833,,,,,,,,,,,,,,,,,,,,,,,,,,,,,,W,move_forward,,0.0,0.0
5186,172867,,,,,,,,,,,,,,,,,,,,,,,,,,,,,,W,move_forward,,0.0,0.0
5187,172900,,,,,,,,,,,,,,,,,,,,,,,,,,,,,,W,move_forward,,0.0,0.0
5188,172933,,,,,,,,,,,,,,,,,,,,,,,,,,,,,,W,move_forward,,0.0,0.0
5189,172967,,,,,,,,,,,,,,,,,,,,,,,,,,,,,,W,move_forward,,0.0,0.0
5190,173000,,,,,,,,,,,,,,,,,,,,,,,,,,,,,,W,move_forward,,0.0,0.0
5191,173033,,,,,,,,,,,,,,,,,,,,,,,,,,,,,,A|W,move_forward|move_left,,0.0,0.0
5192,173067,,,,,,,,,,,,,,,,,,,,,,,,,,,,,,A|W,move_forward|move_left,,0.0,0.0
5193,173100,,,,,,,,,,,,,,,,,,,,,,,,,,,,,,A|W,move_forward|move_left,,0.0,0.0
5194,173133,,,,,,,,,,,,,,,,,,,,,,,,,,,,,,D,move_right,,0.0,0.0
5195,173167,,,,,,,,,,,,,,,,,,,,,,,,,,,,,,D,move_right,,0.0,0.0
5196,173200,,,,,,,,,,,,,,,,,,,,,,,,,,,,,,D,move_right,,0.0,0.0
5197,173233,,,,,,,,,,,,,,,,,,,,,,,,,,,,,,D,move_right,,0.0,0.0
5198,173267,,,,,,,,,,,,,,,,,,,,,,,,,,,,,,D,move_right,,0.0,0.0
5199,173300,,,,,,,,,,,,,,,,,,,,,,,,,,,,,,D,move_right,,0.0,0.0
5200,173333,,,,,,,,,,,,,,,,,,,,,,,,,,,,,,S,move_back,,0.0,0.0
5201,173367,,,,,,,,,,,,,,,,,,,,,,,,,,,,,,S,move_back,,0.0,0.0
5202,173400,,,,,,,,,,,,,,,,,,,,,,,,,,,,,,S,move_back,,0.0,0.0
5203,173433,,,,,,,,,,,,,,,,,,,,,,,,,,,,,,S,move_back,,0.0,0.0
5204,173467,,,,,,,,,,,,,,,,,,,,,,,,,,,,,,S,move_back,,0.0,0.0
5205,173500,,,,,,,,,,,,,,,,,,,,,,,,,,,,,,S,move_back,,0.0,0.0
5206,173533,,,,,,,,,,,,,,,,,,,,,,,,,,,,,,S,move_back,,0.0,0.0
5207,173567,,,,,,,,,,,,,,,,,,,,,,,,,,,,,,S,move_back,,0.0,0.0
5208,173600,,,,,,,,,,,,,,,,,,,,,,,,,,,,,,S,move_back,,0.0,0.0
5209,173633,,,,,,,,,,,,,,,,,,,,,,,,,,,,,,S,move_back,,0.0,0.0
5210,173667,,,,,,,,,,,,,,,,,,,,,,,,,,,,,,,,,0.0,0.0
5211,173700,,,,,,,,,,,,,,,,,,,,,,,,,,,,,,,,,0.0,0.0
5212,173733,,,,,,,,,,,,,,,,,,,,,,,,,,,,,,,,,0.0,0.0
5213,173767,,,,,,,,,,,,,,,,,,,,,,,,,,,,,,S,move_back|look,,-2.0,1.0
5214,173800,,,,,,,,,,,,,,,,,,,,,,,,,,,,,,S,move_back|look,,-52.0,32.0
5215,173833,,,,,,,,,,,,,,,,,,,,,,,,,,,,,,,look,,-182.0,45.0
5216,173867,,,,,,,,,,,,,,,,,,,,,,,,,,,,,,,look,,-206.0,-37.0
5217,173900,,,,,,,,,,,,,,,,,,,,,,,,,,,,,,,look,,-139.0,-105.0
5218,173933,,,,,,,,,,,,,,,,,,,,,,,,,,,,,,,look,,-48.0,-48.0
5219,173967,,,,,,,,,,,,,,,,,,,,,,,,,,,,,,,look,,-7.0,-8.0
5220,174000,,,,,,,,,,,,,,,,,,,,,,,,,,,,,,,look,,0.0,-1.0
5221,174033,,,,,,,,,,,,,,,,,,,,,,,,,,,,,,,,,0.0,0.0
5222,174067,,,,,,,,,,,,,,,,,,,,,,,,,,,,,,,,,0.0,0.0
5223,174100,,,,,,,,,,,,,,,,,,,,,,,,,,,,,,,look,,-3.0,0.0
5224,174133,,,,,,,,,,,,,,,,,,,,,,,,,,,,,,,look,,-23.0,-6.0
5225,174167,,,,,,,,,,,,,,,,,,,,,,,,,,,,,,,look,,-19.0,-9.0
5226,174200,,,,,,,,,,,,,,,,,,,,,,,,,,,,,,,look,,-9.0,-6.0
5227,174233,,,,,,,,,,,,,,,,,,,,,,,,,,,,,,,fire,Left,0.0,0.0
5228,174267,,,,,,,,,,,,,,,,,,,,,,,,,,,,,,,fire,Left,0.0,0.0
5229,174300,,,,,,,,,,,,,,,,,,,,,,,,,,,,,,W,move_forward|fire,Left,0.0,0.0
5230,174333,,,,,,,,,,,,,,,,,,,,,,,,,,,,,,W,move_forward|fire,Left,0.0,0.0
5231,174367,,,,,,,,,,,,,,,,,,,,,,,,,,,,,,W,move_forward|fire,Left,0.0,0.0
5232,174400,,,,,,,,,,,,,,,,,,,,,,,,,,,,,,W,move_forward|fire,Left,0.0,0.0
5233,174433,,,,,,,,,,,,,,,,,,,,,,,,,,,,,,W,move_forward,,0.0,0.0
5234,174467,,,,,,,,,,,,,,,,,,,,,,,,,,,,,,W,move_forward,,0.0,0.0
5235,174500,,,,,,,,,,,,,,,,,,,,,,,,,,,,,,W,move_forward,,0.0,0.0
5236,174533,,,,,,,,,,,,,,,,,,,,,,,,,,,,,,W,move_forward,,0.0,0.0
5237,174567,,,,,,,,,,,,,,,,,,,,,,,,,,,,,,W,move_forward,,0.0,0.0
5238,174600,,,,,,,,,,,,,,,,,,,,,,,,,,,,,,,look,,3.0,0.0
5239,174633,,,,,,,,,,,,,,,,,,,,,,,,,,,,,,,look,,9.0,0.0
5240,174667,,,,,,,,,,,,,,,,,,,,,,,,,,,,,,,look,,18.0,-4.0
5241,174700,,,,,,,,,,,,,,,,,,,,,,,,,,,,,,,look,,27.0,-10.0
5242,174733,,,,,,,,,,,,,,,,,,,,,,,,,,,,,,,look,,53.0,-15.0
5243,174767,,,,,,,,,,,,,,,,,,,,,,,,,,,,,,,look,,38.0,-9.0
5244,174800,,,,,,,,,,,,,,,,,,,,,,,,,,,,,,,look,,25.0,-5.0
5245,174833,,,,,,,,,,,,,,,,,,,,,,,,,,,,,,,look,,15.0,-5.0
5246,174867,,,,,,,,,,,,,,,,,,,,,,,,,,,,,,,look,,7.0,-4.0
5247,174900,,,,,,,,,,,,,,,,,,,,,,,,,,,,,,,look,,8.0,-7.0
5248,174933,,,,,,,,,,,,,,,,,,,,,,,,,,,,,,,look,,15.0,-11.0
5249,174967,,,,,,,,,,,,,,,,,,,,,,,,,,,,,,,look,,20.0,-10.0
5250,175000,,,,,,,,,,,,,,,,,,,,,,,,,,,,,,,look,,17.0,-6.0
5251,175033,,,,,,,,,,,,,,,,,,,,,,,,,,,,,,,look,,12.0,-2.0
5252,175067,,,,,,,,,,,,,,,,,,,,,,,,,,,,,,,look,,5.0,-1.0
5253,175100,,,,,,,,,,,,,,,,,,,,,,,,,,,,,,,look,,1.0,0.0
5254,175133,,,,,,,,,,,,,,,,,,,,,,,,,,,,,,,,,0.0,0.0
5255,175167,,,,,,,,,,,,,,,,,,,,,,,,,,,,,,,,,0.0,0.0
5256,175200,,,,,,,,,,,,,,,,,,,,,,,,,,,,,,,look,,17.0,0.0
5257,175233,,,,,,,,,,,,,,,,,,,,,,,,,,,,,,,look,,51.0,0.0
5258,175267,,,,,,,,,,,,,,,,,,,,,,,,,,,,,,,look,,153.0,2.0
5259,175300,,,,,,,,,,,,,,,,,,,,,,,,,,,,,,,look,,288.0,0.0
5260,175333,,,,,,,,,,,,,,,,,,,,,,,,,,,,,,,look,,242.0,13.0
5261,175367,,,,,,,,,,,,,,,,,,,,,,,,,,,,,,,look,,58.0,21.0
5262,175400,,,,,,,,,,,,,,,,,,,,,,,,,,,,,,,look,,13.0,15.0
5263,175433,,,,,,,,,,,,,,,,,,,,,,,,,,,,,,,look,,-1.0,20.0
5264,175467,,,,,,,,,,,,,,,,,,,,,,,,,,,,,,,look,,-64.0,40.0
5265,175500,,,,,,,,,,,,,,,,,,,,,,,,,,,,,,,look,,-240.0,82.0
5266,175533,,,,,,,,,,,,,,,,,,,,,,,,,,,,,,,look,,-428.0,116.0
5267,175567,,,,,,,,,,,,,,,,,,,,,,,,,,,,,,,look,,-409.0,49.0
5268,175600,,,,,,,,,,,,,,,,,,,,,,,,,,,,,,,look,,-219.0,-79.0
5269,175633,,,,,,,,,,,,,,,,,,,,,,,,,,,,,,,look,,-106.0,-141.0
5270,175667,,,,,,,,,,,,,,,,,,,,,,,,,,,,,,,look,,-34.0,-93.0
5271,175700,,,,,,,,,,,,,,,,,,,,,,,,,,,,,,,look,,3.0,-45.0
5272,175733,,,,,,,,,,,,,,,,,,,,,,,,,,,,,,,look,,99.0,-96.0
5273,175767,,,,,,,,,,,,,,,,,,,,,,,,,,,,,,,look,,212.0,-93.0
5274,175800,,,,,,,,,,,,,,,,,,,,,,,,,,,,,,,look,,330.0,-49.0
5275,175833,,,,,,,,,,,,,,,,,,,,,,,,,,,,,,,look,,1258.0,-302.0
5276,175867,,,,,,,,,,,,,,,,,,,,,,,,,,,,,,,look,,93.0,34.0
5277,175900,,,,,,,,,,,,,,,,,,,,,,,,,,,,,,,look,,70.0,47.0
5278,175933,,,,,,,,,,,,,,,,,,,,,,,,,,,,,,,look,,11.0,41.0
5279,175967,,,,,,,,,,,,,,,,,,,,,,,,,,,,,,,look,,-51.0,78.0
5280,176000,,,,,,,,,,,,,,,,,,,,,,,,,,,,,,,look,,-174.0,97.0
5281,176033,,,,,,,,,,,,,,,,,,,,,,,,,,,,,,,look,,-160.0,70.0
5282,176067,,,,,,,,,,,,,,,,,,,,,,,,,,,,,,,look,,-96.0,29.0
5283,176100,,,,,,,,,,,,,,,,,,,,,,,,,,,,,,,look,,-35.0,3.0
5284,176133,,,,,,,,,,,,,,,,,,,,,,,,,,,,,,,look,,-16.0,0.0
5285,176167,,,,,,,,,,,,,,,,,,,,,,,,,,,,,,,look,,-4.0,0.0
5286,176200,,,,,,,,,,,,,,,,,,,,,,,,,,,,,,,look,,-1.0,0.0
5287,176233,,,,,,,,,,,,,,,,,,,,,,,,,,,,,,,,,0.0,0.0
5288,176267,,,,,,,,,,,,,,,,,,,,,,,,,,,,,,,,,0.0,0.0
5289,176300,,,,,,,,,,,,,,,,,,,,,,,,,,,,,,,look,,24.0,5.0
5290,176333,,,,,,,,,,,,,,,,,,,,,,,,,,,,,,,look,,67.0,30.0
5291,176367,,,,,,,,,,,,,,,,,,,,,,,,,,,,,,,look,,78.0,60.0
5292,176400,,,,,,,,,,,,,,,,,,,,,,,,,,,,,,,look,,28.0,74.0
5293,176433,,,,,,,,,,,,,,,,,,,,,,,,,,,,,,,look,,-4.0,61.0
5294,176467,,,,,,,,,,,,,,,,,,,,,,,,,,,,,,,look,,-20.0,28.0
5295,176500,,,,,,,,,,,,,,,,,,,,,,,,,,,,,,,look,,-12.0,8.0
5296,176533,,,,,,,,,,,,,,,,,,,,,,,,,,,,,,,look,,-10.0,5.0
5297,176567,,,,,,,,,,,,,,,,,,,,,,,,,,,,,,,look,,-13.0,8.0
5298,176600,,,,,,,,,,,,,,,,,,,,,,,,,,,,,,,look,,-8.0,8.0
5299,176633,,,,,,,,,,,,,,,,,,,,,,,,,,,,,,,look,,-4.0,3.0
5300,176667,,,,,,,,,,,,,,,,,,,,,,,,,,,,,,,look,,-2.0,3.0
5301,176700,,,,,,,,,,,,,,,,,,,,,,,,,,,,,,,look,,-1.0,3.0
5302,176733,,,,,,,,,,,,,,,,,,,,,,,,,,,,,,,look,,-1.0,1.0
5303,176767,,,,,,,,,,,,,,,,,,,,,,,,,,,,,,,fire,Left,0.0,0.0
5304,176800,,,,,,,,,,,,,,,,,,,,,,,,,,,,,,,fire,Left,0.0,0.0
5305,176833,,,,,,,,,,,,,,,,,,,,,,,,,,,,,,,fire,Left,0.0,0.0
5306,176867,,,,,,,,,,,,,,,,,,,,,,,,,,,,,,,,,0.0,0.0
5307,176900,,,,,,,,,,,,,,,,,,,,,,,,,,,,,,,,,0.0,0.0
5308,176933,,,,,,,,,,,,,,,,,,,,,,,,,,,,,,,,,0.0,0.0
5309,176967,,,,,,,,,,,,,,,,,,,,,,,,,,,,,,,,,0.0,0.0
5310,177000,,,,,,,,,,,,,,,,,,,,,,,,,,,,,,,,,0.0,0.0
5311,177033,,,,,,,,,,,,,,,,,,,,,,,,,,,,,,,,,0.0,0.0
5312,177067,,,,,,,,,,,,,,,,,,,,,,,,,,,,,,,,,0.0,0.0
5313,177100,,,,,,,,,,,,,,,,,,,,,,,,,,,,,,,look,,0.0,-7.0
5314,177133,,,,,,,,,,,,,,,,,,,,,,,,,,,,,,,look,,6.0,-11.0
5315,177167,,,,,,,,,,,,,,,,,,,,,,,,,,,,,,,look,,6.0,-7.0
5316,177200,,,,,,,,,,,,,,,,,,,,,,,,,,,,,,,look,,2.0,-2.0
5317,177233,,,,,,,,,,,,,,,,,,,,,,,,,,,,,,,look,,1.0,0.0
5318,177267,,,,,,,,,,,,,,,,,,,,,,,,,,,,,,,look,,1.0,-1.0
5319,177300,,,,,,,,,,,,,,,,,,,,,,,,,,,,,,,look,,13.0,-5.0
5320,177333,,,,,,,,,,,,,,,,,,,,,,,,,,,,,,,look,,40.0,-11.0
5321,177367,,,,,,,,,,,,,,,,,,,,,,,,,,,,,,,look,,53.0,-15.0
5322,177400,,,,,,,,,,,,,,,,,,,,,,,,,,,,,,,look,,47.0,-16.0
5323,177433,,,,,,,,,,,,,,,,,,,,,,,,,,,,,,,look,,53.0,-12.0
5324,177467,,,,,,,,,,,,,,,,,,,,,,,,,,,,,,,look,,40.0,-3.0
5325,177500,,,,,,,,,,,,,,,,,,,,,,,,,,,,,,,look,,22.0,0.0
5326,177533,,,,,,,,,,,,,,,,,,,,,,,,,,,,,,,look,,2.0,0.0
5327,177567,,,,,,,,,,,,,,,,,,,,,,,,,,,,,,,look,,-16.0,6.0
5328,177600,,,,,,,,,,,,,,,,,,,,,,,,,,,,,,,,,0.0,0.0
5329,177633,,,,,,,,,,,,,,,,,,,,,,,,,,,,,,W,move_forward,,0.0,0.0
5330,177667,,,,,,,,,,,,,,,,,,,,,,,,,,,,,,W,move_forward,,0.0,0.0
5331,177700,,,,,,,,,,,,,,,,,,,,,,,,,,,,,,W,move_forward,,0.0,0.0
5332,177733,,,,,,,,,,,,,,,,,,,,,,,,,,,,,,W,move_forward,,0.0,0.0
5333,177767,,,,,,,,,,,,,,,,,,,,,,,,,,,,,,W,move_forward|look,,11.0,0.0
5334,177800,,,,,,,,,,,,,,,,,,,,,,,,,,,,,,W,move_forward|look,,62.0,0.0
5335,177833,,,,,,,,,,,,,,,,,,,,,,,,,,,,,,W,move_forward|look,,38.0,3.0
5336,177867,,,,,,,,,,,,,,,,,,,,,,,,,,,,,,W,move_forward|look,,29.0,8.0
5337,177900,,,,,,,,,,,,,,,,,,,,,,,,,,,,,,W,move_forward|look,,12.0,4.0
5338,177933,,,,,,,,,,,,,,,,,,,,,,,,,,,,,,W,move_forward|look,,3.0,1.0
5339,177967,,,,,,,,,,,,,,,,,,,,,,,,,,,,,,W,move_forward,,0.0,0.0
5340,178000,,,,,,,,,,,,,,,,,,,,,,,,,,,,,,W,move_forward|look,,1.0,0.0
5341,178033,,,,,,,,,,,,,,,,,,,,,,,,,,,,,,W,move_forward|look,,15.0,0.0
5342,178067,,,,,,,,,,,,,,,,,,,,,,,,,,,,,,W,move_forward|look,,68.0,-9.0
5343,178100,,,,,,,,,,,,,,,,,,,,,,,,,,,,,,W,move_forward|look,,92.0,-7.0
5344,178133,,,,,,,,,,,,,,,,,,,,,,,,,,,,,,W,move_forward|look,,56.0,-2.0
5345,178167,,,,,,,,,,,,,,,,,,,,,,,,,,,,,,W,move_forward|look,,15.0,-1.0
5346,178200,,,,,,,,,,,,,,,,,,,,,,,,,,,,,,W,move_forward|look,,-7.0,0.0
5347,178233,,,,,,,,,,,,,,,,,,,,,,,,,,,,,,W,move_forward|look,,-9.0,0.0
5348,178267,,,,,,,,,,,,,,,,,,,,,,,,,,,,,,W,move_forward,,0.0,0.0
5349,178300,,,,,,,,,,,,,,,,,,,,,,,,,,,,,,W,move_forward,,0.0,0.0
5350,178333,,,,,,,,,,,,,,,,,,,,,,,,,,,,,,W,move_forward,,0.0,0.0
5351,178367,,,,,,,,,,,,,,,,,,,,,,,,,,,,,,W,move_forward|look,,-1.0,0.0
5352,178400,,,,,,,,,,,,,,,,,,,,,,,,,,,,,,,look,,-40.0,-15.0
5353,178433,,,,,,,,,,,,,,,,,,,,,,,,,,,,,,,look,,-37.0,-16.0
5354,178467,,,,,,,,,,,,,,,,,,,,,,,,,,,,,,,look,,-48.0,-13.0
5355,178500,,,,,,,,,,,,,,,,,,,,,,,,,,,,,,,look,,-23.0,-8.0
5356,178533,,,,,,,,,,,,,,,,,,,,,,,,,,,,,,,look,,-3.0,-1.0
5357,178567,,,,,,,,,,,,,,,,,,,,,,,,,,,,,,W,move_forward,,0.0,0.0
5358,178600,,,,,,,,,,,,,,,,,,,,,,,,,,,,,,W,move_forward,,0.0,0.0
5359,178633,,,,,,,,,,,,,,,,,,,,,,,,,,,,,,W,move_forward,,0.0,0.0
5360,178667,,,,,,,,,,,,,,,,,,,,,,,,,,,,,,W,move_forward,,0.0,0.0
5361,178700,,,,,,,,,,,,,,,,,,,,,,,,,,,,,,W,move_forward,,0.0,0.0
5362,178733,,,,,,,,,,,,,,,,,,,,,,,,,,,,,,W,move_forward,,0.0,0.0
5363,178767,,,,,,,,,,,,,,,,,,,,,,,,,,,,,,W,move_forward,,0.0,0.0
5364,178800,,,,,,,,,,,,,,,,,,,,,,,,,,,,,,W,move_forward|look,,1.0,0.0
5365,178833,,,,,,,,,,,,,,,,,,,,,,,,,,,,,,W,move_forward|look,,1.0,-1.0
5366,178867,,,,,,,,,,,,,,,,,,,,,,,,,,,,,,W,move_forward|look,,1.0,-1.0
5367,178900,,,,,,,,,,,,,,,,,,,,,,,,,,,,,,W,move_forward,,0.0,0.0
5368,178933,,,,,,,,,,,,,,,,,,,,,,,,,,,,,,W,move_forward,,0.0,0.0
5369,178967,,,,,,,,,,,,,,,,,,,,,,,,,,,,,,W,move_forward,,0.0,0.0
5370,179000,,,,,,,,,,,,,,,,,,,,,,,,,,,,,,W,move_forward,,0.0,0.0
5371,179033,,,,,,,,,,,,,,,,,,,,,,,,,,,,,,,,,0.0,0.0
5372,179067,,,,,,,,,,,,,,,,,,,,,,,,,,,,,,,,,0.0,0.0
5373,179100,,,,,,,,,,,,,,,,,,,,,,,,,,,,,,,,,0.0,0.0
5374,179133,,,,,,,,,,,,,,,,,,,,,,,,,,,,,,,,,0.0,0.0
5375,179167,,,,,,,,,,,,,,,,,,,,,,,,,,,,,,,,,0.0,0.0
5376,179200,,,,,,,,,,,,,,,,,,,,,,,,,,,,,,,,,0.0,0.0
5377,179233,,,,,,,,,,,,,,,,,,,,,,,,,,,,,,,,,0.0,0.0
5378,179267,,,,,,,,,,,,,,,,,,,,,,,,,,,,,,,look,,1.0,2.0
5379,179300,,,,,,,,,,,,,,,,,,,,,,,,,,,,,,,look,,1.0,0.0
5380,179333,,,,,,,,,,,,,,,,,,,,,,,,,,,,,,,,,0.0,0.0
5381,179367,,,,,,,,,,,,,,,,,,,,,,,,,,,,,,,,,0.0,0.0
5382,179400,,,,,,,,,,,,,,,,,,,,,,,,,,,,,,,,,0.0,0.0
5383,179433,,,,,,,,,,,,,,,,,,,,,,,,,,,,,,,,,0.0,0.0
5384,179467,,,,,,,,,,,,,,,,,,,,,,,,,,,,,,,,,0.0,0.0
5385,179500,,,,,,,,,,,,,,,,,,,,,,,,,,,,,,,,,0.0,0.0
5386,179533,,,,,,,,,,,,,,,,,,,,,,,,,,,,,,,look,,0.0,3.0
5387,179567,,,,,,,,,,,,,,,,,,,,,,,,,,,,,,,look,,0.0,7.0
5388,179600,,,,,,,,,,,,,,,,,,,,,,,,,,,,,,,look,,-1.0,7.0
5389,179633,,,,,,,,,,,,,,,,,,,,,,,,,,,,,,W,move_forward|look,,-5.0,9.0
5390,179667,,,,,,,,,,,,,,,,,,,,,,,,,,,,,,W,move_forward|look,,-4.0,8.0
5391,179700,,,,,,,,,,,,,,,,,,,,,,,,,,,,,,W,move_forward|look,,-4.0,4.0
5392,179733,,,,,,,,,,,,,,,,,,,,,,,,,,,,,,W,move_forward|look,,-5.0,2.0
5393,179767,,,,,,,,,,,,,,,,,,,,,,,,,,,,,,W,move_forward|look,,-9.0,3.0
5394,179800,,,,,,,,,,,,,,,,,,,,,,,,,,,,,,W,move_forward|look,,-34.0,6.0
5395,179833,,,,,,,,,,,,,,,,,,,,,,,,,,,,,,W,move_forward|look,,-32.0,1.0
5396,179867,,,,,,,,,,,,,,,,,,,,,,,,,,,,,,W,move_forward|look,,-33.0,0.0
5397,179900,,,,,,,,,,,,,,,,,,,,,,,,,,,,,,W,move_forward|look,,-23.0,0.0
5398,179933,,,,,,,,,,,,,,,,,,,,,,,,,,,,,,W,move_forward|look,,-7.0,0.0
5399,179967,,,,,,,,,,,,,,,,,,,,,,,,,,,,,,,look,,-2.0,0.0
5400,180000,,,,,,,,,,,,,,,,,,,,,,,,,,,,,,W,move_forward,,0.0,0.0
5401,180033,,,,,,,,,,,,,,,,,,,,,,,,,,,,,,W,move_forward|look,,0.0,-1.0
5402,180067,,,,,,,,,,,,,,,,,,,,,,,,,,,,,,W,move_forward|look,,1.0,-1.0
5403,180100,,,,,,,,,,,,,,,,,,,,,,,,,,,,,,W,move_forward|look,,15.0,-5.0
5404,180133,,,,,,,,,,,,,,,,,,,,,,,,,,,,,,W,move_forward|look,,23.0,-3.0
5405,180167,,,,,,,,,,,,,,,,,,,,,,,,,,,,,,W,move_forward|look,,12.0,0.0
5406,180200,,,,,,,,,,,,,,,,,,,,,,,,,,,,,,W,move_forward|look,,2.0,0.0
5407,180233,,,,,,,,,,,,,,,,,,,,,,,,,,,,,,W,move_forward|look,,2.0,0.0
5408,180267,,,,,,,,,,,,,,,,,,,,,,,,,,,,,,W,move_forward,,0.0,0.0
5409,180300,,,,,,,,,,,,,,,,,,,,,,,,,,,,,,W,move_forward,,0.0,0.0
5410,180333,,,,,,,,,,,,,,,,,,,,,,,,,,,,,,,,,0.0,0.0
5411,180367,,,,,,,,,,,,,,,,,,,,,,,,,,,,,,D,move_right,,0.0,0.0
5412,180400,,,,,,,,,,,,,,,,,,,,,,,,,,,,,,D,move_right,,0.0,0.0
5413,180433,,,,,,,,,,,,,,,,,,,,,,,,,,,,,,D,move_right,,0.0,0.0
5414,180467,,,,,,,,,,,,,,,,,,,,,,,,,,,,,,D,move_right,,0.0,0.0
5415,180500,,,,,,,,,,,,,,,,,,,,,,,,,,,,,,D,move_right,,0.0,0.0
5416,180533,,,,,,,,,,,,,,,,,,,,,,,,,,,,,,D,move_right,,0.0,0.0
5417,180567,,,,,,,,,,,,,,,,,,,,,,,,,,,,,,D,move_right,,0.0,0.0
5418,180600,,,,,,,,,,,,,,,,,,,,,,,,,,,,,,D,move_right,,0.0,0.0
5419,180633,,,,,,,,,,,,,,,,,,,,,,,,,,,,,,D,move_right,,0.0,0.0
5420,180667,,,,,,,,,,,,,,,,,,,,,,,,,,,,,,D,move_right,,0.0,0.0
5421,180700,,,,,,,,,,,,,,,,,,,,,,,,,,,,,,D,move_right,,0.0,0.0
5422,180733,,,,,,,,,,,,,,,,,,,,,,,,,,,,,,D,move_right,,0.0,0.0
5423,180767,,,,,,,,,,,,,,,,,,,,,,,,,,,,,,D,move_right|look,,12.0,-6.0
5424,180800,,,,,,,,,,,,,,,,,,,,,,,,,,,,,,D,move_right|look,,115.0,-24.0
5425,180833,,,,,,,,,,,,,,,,,,,,,,,,,,,,,,D|W,move_forward|move_right|look,,133.0,0.0
5426,180867,,,,,,,,,,,,,,,,,,,,,,,,,,,,,,D|W,move_forward|move_right|look,,124.0,16.0
5427,180900,,,,,,,,,,,,,,,,,,,,,,,,,,,,,,D|W,move_forward|move_right|look,,75.0,23.0
5428,180933,,,,,,,,,,,,,,,,,,,,,,,,,,,,,,D|W,move_forward|move_right|look,,30.0,11.0
5429,180967,,,,,,,,,,,,,,,,,,,,,,,,,,,,,,W,move_forward|look,,9.0,3.0
5430,181000,,,,,,,,,,,,,,,,,,,,,,,,,,,,,,W,move_forward|look,,2.0,2.0
5431,181033,,,,,,,,,,,,,,,,,,,,,,,,,,,,,,W,move_forward,,0.0,0.0
5432,181067,,,,,,,,,,,,,,,,,,,,,,,,,,,,,,D|W,move_forward|move_right|fire,Left,0.0,0.0
5433,181100,,,,,,,,,,,,,,,,,,,,,,,,,,,,,,D|W,move_forward|move_right|fire,Left,0.0,0.0
5434,181133,,,,,,,,,,,,,,,,,,,,,,,,,,,,,,D|W,move_forward|move_right|fire,Left,0.0,0.0
5435,181167,,,,,,,,,,,,,,,,,,,,,,,,,,,,,,D,move_right|fire,Left,0.0,0.0
5436,181200,,,,,,,,,,,,,,,,,,,,,,,,,,,,,,D,move_right|fire,Left,0.0,0.0
5437,181233,,,,,,,,,,,,,,,,,,,,,,,,,,,,,,D,move_right|fire,Left,0.0,0.0
5438,181267,,,,,,,,,,,,,,,,,,,,,,,,,,,,,,D,move_right|fire,Left,0.0,0.0
5439,181300,,,,,,,,,,,,,,,,,,,,,,,,,,,,,,D,move_right|fire,Left,0.0,0.0
5440,181333,,,,,,,,,,,,,,,,,,,,,,,,,,,,,,D,move_right,,0.0,0.0
5441,181367,,,,,,,,,,,,,,,,,,,,,,,,,,,,,,D,move_right,,0.0,0.0
5442,181400,,,,,,,,,,,,,,,,,,,,,,,,,,,,,,D,move_right,,0.0,0.0
5443,181433,,,,,,,,,,,,,,,,,,,,,,,,,,,,,,D,move_right,,0.0,0.0
5444,181467,,,,,,,,,,,,,,,,,,,,,,,,,,,,,,D,move_right,,0.0,0.0
5445,181500,,,,,,,,,,,,,,,,,,,,,,,,,,,,,,D,move_right|look,,-20.0,0.0
5446,181533,,,,,,,,,,,,,,,,,,,,,,,,,,,,,,D,move_right|look,,-48.0,0.0
5447,181567,,,,,,,,,,,,,,,,,,,,,,,,,,,,,,D,move_right|look,,-131.0,-13.0
5448,181600,,,,,,,,,,,,,,,,,,,,,,,,,,,,,,,look,,-138.0,-48.0
5449,181633,,,,,,,,,,,,,,,,,,,,,,,,,,,,,,,look,,-82.0,-56.0
5450,181667,,,,,,,,,,,,,,,,,,,,,,,,,,,,,,,look,,-41.0,-28.0
5451,181700,,,,,,,,,,,,,,,,,,,,,,,,,,,,,,W,move_forward|look,,-19.0,-8.0
5452,181733,,,,,,,,,,,,,,,,,,,,,,,,,,,,,,W,move_forward|look,,-9.0,-1.0
5453,181767,,,,,,,,,,,,,,,,,,,,,,,,,,,,,,W,move_forward,,0.0,0.0
5454,181800,,,,,,,,,,,,,,,,,,,,,,,,,,,,,,W,move_forward,,0.0,0.0
5455,181833,,,,,,,,,,,,,,,,,,,,,,,,,,,,,,W,move_forward,,0.0,0.0
5456,181867,,,,,,,,,,,,,,,,,,,,,,,,,,,,,,W,move_forward,,0.0,0.0
5457,181900,,,,,,,,,,,,,,,,,,,,,,,,,,,,,,W,move_forward,,0.0,0.0
5458,181933,,,,,,,,,,,,,,,,,,,,,,,,,,,,,,W,move_forward,,0.0,0.0
5459,181967,,,,,,,,,,,,,,,,,,,,,,,,,,,,,,W,move_forward,,0.0,0.0
5460,182000,,,,,,,,,,,,,,,,,,,,,,,,,,,,,,W,move_forward,,0.0,0.0
5461,182033,,,,,,,,,,,,,,,,,,,,,,,,,,,,,,W,move_forward,,0.0,0.0
5462,182067,,,,,,,,,,,,,,,,,,,,,,,,,,,,,,W,move_forward|look,,-25.0,5.0
5463,182100,,,,,,,,,,,,,,,,,,,,,,,,,,,,,,W,move_forward|look,,-27.0,7.0
5464,182133,,,,,,,,,,,,,,,,,,,,,,,,,,,,,,W,move_forward|look,,-13.0,3.0
5465,182167,,,,,,,,,,,,,,,,,,,,,,,,,,,,,,W,move_forward|look,,-1.0,0.0
5466,182200,,,,,,,,,,,,,,,,,,,,,,,,,,,,,,W,move_forward,,0.0,0.0
5467,182233,,,,,,,,,,,,,,,,,,,,,,,,,,,,,,W,move_forward|look,,0.0,1.0
5468,182267,,,,,,,,,,,,,,,,,,,,,,,,,,,,,,W,move_forward,,0.0,0.0
5469,182300,,,,,,,,,,,,,,,,,,,,,,,,,,,,,,W,move_forward|look,,2.0,1.0
5470,182333,,,,,,,,,,,,,,,,,,,,,,,,,,,,,,W,move_forward|look,,3.0,0.0
5471,182367,,,,,,,,,,,,,,,,,,,,,,,,,,,,,,W,move_forward|look,,4.0,0.0
5472,182400,,,,,,,,,,,,,,,,,,,,,,,,,,,,,,W,move_forward|look,,5.0,0.0
5473,182433,,,,,,,,,,,,,,,,,,,,,,,,,,,,,,W,move_forward|look,,4.0,0.0
5474,182467,,,,,,,,,,,,,,,,,,,,,,,,,,,,,,W,move_forward|look,,1.0,0.0
5475,182500,,,,,,,,,,,,,,,,,,,,,,,,,,,,,,W,move_forward,,0.0,0.0
5476,182533,,,,,,,,,,,,,,,,,,,,,,,,,,,,,,W,move_forward,,0.0,0.0
5477,182567,,,,,,,,,,,,,,,,,,,,,,,,,,,,,,W,move_forward|look,,5.0,-1.0
5478,182600,,,,,,,,,,,,,,,,,,,,,,,,,,,,,,W,move_forward|look,,31.0,-2.0
5479,182633,,,,,,,,,,,,,,,,,,,,,,,,,,,,,,W,move_forward|look,,105.0,-7.0
5480,182667,,,,,,,,,,,,,,,,,,,,,,,,,,,,,,W,move_forward|look,,98.0,0.0
5481,182700,,,,,,,,,,,,,,,,,,,,,,,,,,,,,,W,move_forward|look,,57.0,2.0
5482,182733,,,,,,,,,,,,,,,,,,,,,,,,,,,,,,W,move_forward|look,,18.0,5.0
5483,182767,,,,,,,,,,,,,,,,,,,,,,,,,,,,,,W,move_forward|look,,3.0,1.0
5484,182800,,,,,,,,,,,,,,,,,,,,,,,,,,,,,,W,move_forward|look,,-4.0,0.0
5485,182833,,,,,,,,,,,,,,,,,,,,,,,,,,,,,,W,move_forward|look,,-20.0,-10.0
5486,182867,,,,,,,,,,,,,,,,,,,,,,,,,,,,,,W,move_forward|look,,-19.0,-11.0
5487,182900,,,,,,,,,,,,,,,,,,,,,,,,,,,,,,W,move_forward|look,,-15.0,-8.0
5488,182933,,,,,,,,,,,,,,,,,,,,,,,,,,,,,,W,move_forward|look,,-8.0,-4.0
5489,182967,,,,,,,,,,,,,,,,,,,,,,,,,,,,,,W,move_forward|look,,-8.0,-4.0
5490,183000,,,,,,,,,,,,,,,,,,,,,,,,,,,,,,W,move_forward|look,,-6.0,-4.0
5491,183033,,,,,,,,,,,,,,,,,,,,,,,,,,,,,,W,move_forward|look,,-4.0,-2.0
5492,183067,,,,,,,,,,,,,,,,,,,,,,,,,,,,,,W,move_forward|look,,0.0,-1.0
5493,183100,,,,,,,,,,,,,,,,,,,,,,,,,,,,,,W,move_forward,,0.0,0.0
5494,183133,,,,,,,,,,,,,,,,,,,,,,,,,,,,,,W,move_forward,,0.0,0.0
5495,183167,,,,,,,,,,,,,,,,,,,,,,,,,,,,,,W,move_forward|look,,-16.0,0.0
5496,183200,,,,,,,,,,,,,,,,,,,,,,,,,,,,,,W,move_forward|look,,-81.0,3.0
5497,183233,,,,,,,,,,,,,,,,,,,,,,,,,,,,,,W,move_forward|look,,-211.0,6.0
5498,183267,,,,,,,,,,,,,,,,,,,,,,,,,,,,,,W,move_forward|look,,-294.0,-43.0
5499,183300,,,,,,,,,,,,,,,,,,,,,,,,,,,,,,W,move_forward|look,,-120.0,-25.0
5500,183333,,,,,,,,,,,,,,,,,,,,,,,,,,,,,,W,move_forward|look,,-67.0,-5.0
5501,183367,,,,,,,,,,,,,,,,,,,,,,,,,,,,,,W,move_forward|look,,-25.0,9.0
5502,183400,,,,,,,,,,,,,,,,,,,,,,,,,,,,,,W,move_forward|look,,-19.0,10.0
5503,183433,,,,,,,,,,,,,,,,,,,,,,,,,,,,,,W,move_forward|look,,-6.0,2.0
5504,183467,,,,,,,,,,,,,,,,,,,,,,,,,,,,,,W,move_forward,,0.0,0.0
5505,183500,,,,,,,,,,,,,,,,,,,,,,,,,,,,,,W,move_forward,,0.0,0.0
5506,183533,,,,,,,,,,,,,,,,,,,,,,,,,,,,,,W,move_forward,,0.0,0.0
5507,183567,,,,,,,,,,,,,,,,,,,,,,,,,,,,,,W,move_forward,,0.0,0.0
5508,183600,,,,,,,,,,,,,,,,,,,,,,,,,,,,,,W,move_forward,,0.0,0.0
5509,183633,,,,,,,,,,,,,,,,,,,,,,,,,,,,,,W,move_forward,,0.0,0.0
5510,183667,,,,,,,,,,,,,,,,,,,,,,,,,,,,,,W,move_forward,,0.0,0.0
5511,183700,,,,,,,,,,,,,,,,,,,,,,,,,,,,,,W,move_forward|look,,-115.0,30.0
5512,183733,,,,,,,,,,,,,,,,,,,,,,,,,,,,,,W,move_forward|look,,-418.0,68.0
5513,183767,,,,,,,,,,,,,,,,,,,,,,,,,,,,,,W,move_forward|look,,-415.0,19.0
5514,183800,,,,,,,,,,,,,,,,,,,,,,,,,,,,,,W,move_forward|look,,-186.0,-8.0
5515,183833,,,,,,,,,,,,,,,,,,,,,,,,,,,,,,W,move_forward|look,,-34.0,-8.0
5516,183867,,,,,,,,,,,,,,,,,,,,,,,,,,,,,,W,move_forward|look,,0.0,-1.0
5517,183900,,,,,,,,,,,,,,,,,,,,,,,,,,,,,,W,move_forward|look,,6.0,0.0
5518,183933,,,,,,,,,,,,,,,,,,,,,,,,,,,,,,W,move_forward|look,,19.0,-1.0
5519,183967,,,,,,,,,,,,,,,,,,,,,,,,,,,,,,W,move_forward|look,,18.0,-1.0
5520,184000,,,,,,,,,,,,,,,,,,,,,,,,,,,,,,W,move_forward|look,,8.0,0.0
5521,184033,,,,,,,,,,,,,,,,,,,,,,,,,,,,,,W,move_forward|look,,1.0,0.0
5522,184067,,,,,,,,,,,,,,,,,,,,,,,,,,,,,,W,move_forward,,0.0,0.0
5523,184100,,,,,,,,,,,,,,,,,,,,,,,,,,,,,,W,move_forward|fire,Left,0.0,0.0
5524,184133,,,,,,,,,,,,,,,,,,,,,,,,,,,,,,W,move_forward|fire,Left,0.0,0.0
5525,184167,,,,,,,,,,,,,,,,,,,,,,,,,,,,,,W,move_forward|fire,Left,0.0,0.0
5526,184200,,,,,,,,,,,,,,,,,,,,,,,,,,,,,,W,move_forward|fire,Left,0.0,0.0
5527,184233,,,,,,,,,,,,,,,,,,,,,,,,,,,,,,W,move_forward|fire,Left,0.0,0.0
5528,184267,,,,,,,,,,,,,,,,,,,,,,,,,,,,,,W,move_forward,,0.0,0.0
5529,184300,,,,,,,,,,,,,,,,,,,,,,,,,,,,,,W,move_forward,,0.0,0.0
5530,184333,,,,,,,,,,,,,,,,,,,,,,,,,,,,,,W,move_forward,,0.0,0.0
5531,184367,,,,,,,,,,,,,,,,,,,,,,,,,,,,,,W,move_forward|look,,15.0,0.0
5532,184400,,,,,,,,,,,,,,,,,,,,,,,,,,,,,,W,move_forward|look,,48.0,0.0
5533,184433,,,,,,,,,,,,,,,,,,,,,,,,,,,,,,W,move_forward|look,,113.0,0.0
5534,184467,,,,,,,,,,,,,,,,,,,,,,,,,,,,,,W,move_forward|look,,162.0,-11.0
5535,184500,,,,,,,,,,,,,,,,,,,,,,,,,,,,,,W,move_forward|look,,220.0,-17.0
5536,184533,,,,,,,,,,,,,,,,,,,,,,,,,,,,,,W,move_forward|look,,183.0,-16.0
5537,184567,,,,,,,,,,,,,,,,,,,,,,,,,,,,,,W,move_forward|look,,73.0,-15.0
5538,184600,,,,,,,,,,,,,,,,,,,,,,,,,,,,,,W,move_forward|look,,35.0,-12.0
5539,184633,,,,,,,,,,,,,,,,,,,,,,,,,,,,,,W,move_forward|look,,18.0,-4.0
5540,184667,,,,,,,,,,,,,,,,,,,,,,,,,,,,,,W,move_forward|look,,9.0,-2.0
5541,184700,,,,,,,,,,,,,,,,,,,,,,,,,,,,,,W,move_forward|look,,3.0,0.0
5542,184733,,,,,,,,,,,,,,,,,,,,,,,,,,,,,,W,move_forward,,0.0,0.0
5543,184767,,,,,,,,,,,,,,,,,,,,,,,,,,,,,,W,move_forward,,0.0,0.0
5544,184800,,,,,,,,,,,,,,,,,,,,,,,,,,,,,,W,move_forward,,0.0,0.0
5545,184833,,,,,,,,,,,,,,,,,,,,,,,,,,,,,,W,move_forward|look,,1.0,0.0
5546,184867,,,,,,,,,,,,,,,,,,,,,,,,,,,,,,W,move_forward,,0.0,0.0
5547,184900,,,,,,,,,,,,,,,,,,,,,,,,,,,,,,W,move_forward,,0.0,0.0
5548,184933,,,,,,,,,,,,,,,,,,,,,,,,,,,,,,W,move_forward,,0.0,0.0
5549,184967,,,,,,,,,,,,,,,,,,,,,,,,,,,,,,W,move_forward,,0.0,0.0
5550,185000,,,,,,,,,,,,,,,,,,,,,,,,,,,,,,W,move_forward,,0.0,0.0
5551,185033,,,,,,,,,,,,,,,,,,,,,,,,,,,,,,W,move_forward|look,,-8.0,0.0
5552,185067,,,,,,,,,,,,,,,,,,,,,,,,,,,,,,W,move_forward|look,,-148.0,6.0
5553,185100,,,,,,,,,,,,,,,,,,,,,,,,,,,,,,W,move_forward|look,,-462.0,44.0
5554,185133,,,,,,,,,,,,,,,,,,,,,,,,,,,,,,W,move_forward|look,,-643.0,61.0
5555,185167,,,,,,,,,,,,,,,,,,,,,,,,,,,,,,W,move_forward|look,,-391.0,27.0
5556,185200,,,,,,,,,,,,,,,,,,,,,,,,,,,,,,W,move_forward|look,,-284.0,7.0
5557,185233,,,,,,,,,,,,,,,,,,,,,,,,,,,,,,W,move_forward|look,,-103.0,2.0
5558,185267,,,,,,,,,,,,,,,,,,,,,,,,,,,,,,W,move_forward|look,,-45.0,0.0
5559,185300,,,,,,,,,,,,,,,,,,,,,,,,,,,,,,W,move_forward|look,,-5.0,0.0
5560,185333,,,,,,,,,,,,,,,,,,,,,,,,,,,,,,W,move_forward,,0.0,0.0
5561,185367,,,,,,,,,,,,,,,,,,,,,,,,,,,,,,W,move_forward,,0.0,0.0
5562,185400,,,,,,,,,,,,,,,,,,,,,,,,,,,,,,W,move_forward,,0.0,0.0
5563,185433,,,,,,,,,,,,,,,,,,,,,,,,,,,,,,W,move_forward,,0.0,0.0
5564,185467,,,,,,,,,,,,,,,,,,,,,,,,,,,,,,W,move_forward,,0.0,0.0
5565,185500,,,,,,,,,,,,,,,,,,,,,,,,,,,,,,W,move_forward,,0.0,0.0
5566,185533,,,,,,,,,,,,,,,,,,,,,,,,,,,,,,W,move_forward,,0.0,0.0
5567,185567,,,,,,,,,,,,,,,,,,,,,,,,,,,,,,W,move_forward|look,,-99.0,16.0
5568,185600,,,,,,,,,,,,,,,,,,,,,,,,,,,,,,W,move_forward|look,,-202.0,43.0
5569,185633,,,,,,,,,,,,,,,,,,,,,,,,,,,,,,W,move_forward|look,,-112.0,24.0
5570,185667,,,,,,,,,,,,,,,,,,,,,,,,,,,,,,W,move_forward|look,,-64.0,16.0
5571,185700,,,,,,,,,,,,,,,,,,,,,,,,,,,,,,W,move_forward|look,,-64.0,24.0
5572,185733,,,,,,,,,,,,,,,,,,,,,,,,,,,,,,W,move_forward|look,,-95.0,28.0
5573,185767,,,,,,,,,,,,,,,,,,,,,,,,,,,,,,W,move_forward|look,,-89.0,7.0
5574,185800,,,,,,,,,,,,,,,,,,,,,,,,,,,,,,W,move_forward|look,,-56.0,-7.0
5575,185833,,,,,,,,,,,,,,,,,,,,,,,,,,,,,,W,move_forward,,0.0,0.0
5576,185867,,,,,,,,,,,,,,,,,,,,,,,,,,,,,,W,move_forward,,0.0,0.0
5577,185900,,,,,,,,,,,,,,,,,,,,,,,,,,,,,,W,move_forward,,0.0,0.0
5578,185933,,,,,,,,,,,,,,,,,,,,,,,,,,,,,,W,move_forward,,0.0,0.0
5579,185967,,,,,,,,,,,,,,,,,,,,,,,,,,,,,,W,move_forward,,0.0,0.0
5580,186000,,,,,,,,,,,,,,,,,,,,,,,,,,,,,,W,move_forward|look,,0.0,15.0
5581,186033,,,,,,,,,,,,,,,,,,,,,,,,,,,,,,W,move_forward|look,,-25.0,20.0
5582,186067,,,,,,,,,,,,,,,,,,,,,,,,,,,,,,W,move_forward|look,,-251.0,100.0
5583,186100,,,,,,,,,,,,,,,,,,,,,,,,,,,,,,W,move_forward|look,,-308.0,104.0
5584,186133,,,,,,,,,,,,,,,,,,,,,,,,,,,,,,W,move_forward|look,,-240.0,61.0
5585,186167,,,,,,,,,,,,,,,,,,,,,,,,,,,,,,W,move_forward|look,,-109.0,3.0
5586,186200,,,,,,,,,,,,,,,,,,,,,,,,,,,,,,W,move_forward|look,,-14.0,0.0
5587,186233,,,,,,,,,,,,,,,,,,,,,,,,,,,,,,W,move_forward,,0.0,0.0
5588,186267,,,,,,,,,,,,,,,,,,,,,,,,,,,,,,W,move_forward,,0.0,0.0
5589,186300,,,,,,,,,,,,,,,,,,,,,,,,,,,,,,W,move_forward,,0.0,0.0
5590,186333,,,,,,,,,,,,,,,,,,,,,,,,,,,,,,W,move_forward,,0.0,0.0
5591,186367,,,,,,,,,,,,,,,,,,,,,,,,,,,,,,W,move_forward,,0.0,0.0
5592,186400,,,,,,,,,,,,,,,,,,,,,,,,,,,,,,W,move_forward,,0.0,0.0
5593,186433,,,,,,,,,,,,,,,,,,,,,,,,,,,,,,W,move_forward|look,,-138.0,20.0
5594,186467,,,,,,,,,,,,,,,,,,,,,,,,,,,,,,W,move_forward|look,,-584.0,124.0
5595,186500,,,,,,,,,,,,,,,,,,,,,,,,,,,,,,W,move_forward|look,,-437.0,89.0
5596,186533,,,,,,,,,,,,,,,,,,,,,,,,,,,,,,W,move_forward|look,,-149.0,9.0
5597,186567,,,,,,,,,,,,,,,,,,,,,,,,,,,,,,W,move_forward|look,,-17.0,-6.0
5598,186600,,,,,,,,,,,,,,,,,,,,,,,,,,,,,,W,move_forward,,0.0,0.0
5599,186633,,,,,,,,,,,,,,,,,,,,,,,,,,,,,,W,move_forward,,0.0,0.0
5600,186667,,,,,,,,,,,,,,,,,,,,,,,,,,,,,,W,move_forward,,0.0,0.0
5601,186700,,,,,,,,,,,,,,,,,,,,,,,,,,,,,,W,move_forward,,0.0,0.0
5602,186733,,,,,,,,,,,,,,,,,,,,,,,,,,,,,,W,move_forward,,0.0,0.0
5603,186767,,,,,,,,,,,,,,,,,,,,,,,,,,,,,,W,move_forward,,0.0,0.0
5604,186800,,,,,,,,,,,,,,,,,,,,,,,,,,,,,,W,move_forward|look,,-59.0,-5.0
5605,186833,,,,,,,,,,,,,,,,,,,,,,,,,,,,,,W,move_forward|look,,-216.0,-39.0
5606,186867,,,,,,,,,,,,,,,,,,,,,,,,,,,,,,W,move_forward|look,,-208.0,-96.0
5607,186900,,,,,,,,,,,,,,,,,,,,,,,,,,,,,,W,move_forward|look,,-67.0,-95.0
5608,186933,,,,,,,,,,,,,,,,,,,,,,,,,,,,,,W,move_forward|look,,-17.0,-48.0
5609,186967,,,,,,,,,,,,,,,,,,,,,,,,,,,,,,W,move_forward,,0.0,0.0
5610,187000,,,,,,,,,,,,,,,,,,,,,,,,,,,,,,W,move_forward,,0.0,0.0
5611,187033,,,,,,,,,,,,,,,,,,,,,,,,,,,,,,W,move_forward,,0.0,0.0
5612,187067,,,,,,,,,,,,,,,,,,,,,,,,,,,,,,W,move_forward,,0.0,0.0
5613,187100,,,,,,,,,,,,,,,,,,,,,,,,,,,,,,W,move_forward,,0.0,0.0
5614,187133,,,,,,,,,,,,,,,,,,,,,,,,,,,,,,W,move_forward,,0.0,0.0
5615,187167,,,,,,,,,,,,,,,,,,,,,,,,,,,,,,W,move_forward|look,,-56.0,1.0
5616,187200,,,,,,,,,,,,,,,,,,,,,,,,,,,,,,W,move_forward|look,,-289.0,39.0
5617,187233,,,,,,,,,,,,,,,,,,,,,,,,,,,,,,W,move_forward|look,,-410.0,52.0
5618,187267,,,,,,,,,,,,,,,,,,,,,,,,,,,,,,W,move_forward|look,,-251.0,20.0
5619,187300,,,,,,,,,,,,,,,,,,,,,,,,,,,,,,W,move_forward|look,,-47.0,0.0
5620,187333,,,,,,,,,,,,,,,,,,,,,,,,,,,,,,W,move_forward|look,,-1.0,-1.0
5621,187367,,,,,,,,,,,,,,,,,,,,,,,,,,,,,,W,move_forward,,0.0,0.0
5622,187400,,,,,,,,,,,,,,,,,,,,,,,,,,,,,,W,move_forward,,0.0,0.0
5623,187433,,,,,,,,,,,,,,,,,,,,,,,,,,,,,,W,move_forward,,0.0,0.0
5624,187467,,,,,,,,,,,,,,,,,,,,,,,,,,,,,,W,move_forward,,0.0,0.0
5625,187500,,,,,,,,,,,,,,,,,,,,,,,,,,,,,,W,move_forward,,0.0,0.0
5626,187533,,,,,,,,,,,,,,,,,,,,,,,,,,,,,,W,move_forward|look,,34.0,-3.0
5627,187567,,,,,,,,,,,,,,,,,,,,,,,,,,,,,,W,move_forward|look,,82.0,-9.0
5628,187600,,,,,,,,,,,,,,,,,,,,,,,,,,,,,,W,move_forward|look,,115.0,-7.0
5629,187633,,,,,,,,,,,,,,,,,,,,,,,,,,,,,,W,move_forward|look,,92.0,-2.0
5630,187667,,,,,,,,,,,,,,,,,,,,,,,,,,,,,,W,move_forward|look,,38.0,0.0
5631,187700,,,,,,,,,,,,,,,,,,,,,,,,,,,,,,W,move_forward|look,,8.0,4.0
5632,187733,,,,,,,,,,,,,,,,,,,,,,,,,,,,,,W,move_forward|look,,1.0,1.0
5633,187767,,,,,,,,,,,,,,,,,,,,,,,,,,,,,,W,move_forward,,0.0,0.0
5634,187800,,,,,,,,,,,,,,,,,,,,,,,,,,,,,,W,move_forward|fire,Left,0.0,0.0
5635,187833,,,,,,,,,,,,,,,,,,,,,,,,,,,,,,W,move_forward|fire,Left,0.0,0.0
5636,187867,,,,,,,,,,,,,,,,,,,,,,,,,,,,,,,fire,Left,0.0,0.0
5637,187900,,,,,,,,,,,,,,,,,,,,,,,,,,,,,,,fire,Left,0.0,0.0
