frame_id,timestamp_ms,c2w_m00,c2w_m01,c2w_m02,c2w_m03,c2w_m10,c2w_m11,c2w_m12,c2w_m13,c2w_m20,c2w_m21,c2w_m22,c2w_m23,c2w_m30,c2w_m31,c2w_m32,c2w_m33,camera_model,camera_fx,camera_fy,camera_cx,camera_cy,input_keys,input_actions,input_mouse_buttons,input_mouse_dx,input_mouse_dy
0,0,,,,,,,,,,,,,,,,,,,,,,,,,0,0
1,33,,,,,,,,,,,,,,,,,,,,,,,,,0,0
2,67,,,,,,,,,,,,,,,,,,,,,,,,,0,0
3,100,,,,,,,,,,,,,,,,,,,,,,,,,0,0
4,133,,,,,,,,,,,,,,,,,,,,,,,,,0,0
5,167,,,,,,,,,,,,,,,,,,,,,,,,,0,0
6,200,,,,,,,,,,,,,,,,,,,,,,,,,0,0
7,233,,,,,,,,,,,,,,,,,,,,,,,,,0,0
8,267,,,,,,,,,,,,,,,,,,,,,,,,,0,0
9,300,,,,,,,,,,,,,,,,,,,,,,,,,0,0
10,333,,,,,,,,,,,,,,,,,,,,,,,,,0,0
11,367,,,,,,,,,,,,,,,,,,,,,,,,,0,0
12,400,,,,,,,,,,,,,,,,,,,,,,,,,0,0
13,433,,,,,,,,,,,,,,,,,,,,,,,,,0,0
14,467,,,,,,,,,,,,,,,,,,,,,,,,,0,0
15,500,,,,,,,,,,,,,,,,,,,,,,,,,0,0
16,533,,,,,,,,,,,,,,,,,,,,,,,,,0,0
17,567,,,,,,,,,,,,,,,,,,,,,,,,,0,0
18,600,,,,,,,,,,,,,,,,,,,,,,,,,0,0
19,633,,,,,,,,,,,,,,,,,,,,,,,,,0,0
20,667,,,,,,,,,,,,,,,,,,,,,,,,,0,0
21,700,,,,,,,,,,,,,,,,,,,,,,,,,0,0
22,733,,,,,,,,,,,,,,,,,,,,,,,,,0,0
23,767,,,,,,,,,,,,,,,,,,,,,,,,,0,0
24,800,,,,,,,,,,,,,,,,,,,,,,,,,0,0
25,833,,,,,,,,,,,,,,,,,,,,,,,,,0,0
26,867,,,,,,,,,,,,,,,,,,,,,,,,,0,0
27,900,,,,,,,,,,,,,,,,,,,,,,,,,0,0
28,933,,,,,,,,,,,,,,,,,,,,,,,,,0,0
29,967,,,,,,,,,,,,,,,,,,,,,,,,,0,0
30,1000,,,,,,,,,,,,,,,,,,,,,,,,,0,0
31,1033,,,,,,,,,,,,,,,,,,,,,,,,,0,0
32,1067,,,,,,,,,,,,,,,,,,,,,,,,,0,0
33,1100,,,,,,,,,,,,,,,,,,,,,,,,,0,0
34,1133,,,,,,,,,,,,,,,,,,,,,,,,,0,0
35,1167,,,,,,,,,,,,,,,,,,,,,,,,,0,0
36,1200,,,,,,,,,,,,,,,,,,,,,,,,,0,0
37,1233,,,,,,,,,,,,,,,,,,,,,,,,,0,0
38,1267,,,,,,,,,,,,,,,,,,,,,,,,,0,0
39,1300,,,,,,,,,,,,,,,,,,,,,,,,,0,0
40,1333,,,,,,,,,,,,,,,,,,,,,,,,,0,0
41,1367,,,,,,,,,,,,,,,,,,,,,,,,,0,0
42,1400,,,,,,,,,,,,,,,,,,,,,,,,,0,0
43,1433,,,,,,,,,,,,,,,,,,,,,,,,,0,0
44,1467,,,,,,,,,,,,,,,,,,,,,,,,,0,0
45,1500,,,,,,,,,,,,,,,,,,,,,,,,,0,0
46,1533,,,,,,,,,,,,,,,,,,,,,,,,,0,0
47,1567,,,,,,,,,,,,,,,,,,,,,,,,,0,0
48,1600,,,,,,,,,,,,,,,,,,,,,,,,,0,0
49,1633,,,,,,,,,,,,,,,,,,,,,,,,,0,0
50,1667,,,,,,,,,,,,,,,,,,,,,,,,,0,0
51,1700,,,,,,,,,,,,,,,,,,,,,,,,,0,0
52,1733,,,,,,,,,,,,,,,,,,,,,,,,,0,0
53,1767,,,,,,,,,,,,,,,,,,,,,,,,,0,0
54,1800,,,,,,,,,,,,,,,,,,,,,,,,,0,0
55,1833,,,,,,,,,,,,,,,,,,,,,,,,,0,0
56,1867,,,,,,,,,,,,,,,,,,,,,,,,,0,0
57,1900,,,,,,,,,,,,,,,,,,,,,,,,,0,0
58,1933,,,,,,,,,,,,,,,,,,,,,,,,,0,0
59,1967,,,,,,,,,,,,,,,,,,,,,,,,,0,0
60,2000,,,,,,,,,,,,,,,,,,,,,,,,,0,0
61,2033,,,,,,,,,,,,,,,,,,,,,,,,,0,0
62,2067,,,,,,,,,,,,,,,,,,,,,,,,,0,0
63,2100,,,,,,,,,,,,,,,,,,,,,,,,,0,0
64,2133,,,,,,,,,,,,,,,,,,,,,,,,,0,0
65,2167,,,,,,,,,,,,,,,,,,,,,,,,,0,0
66,2200,,,,,,,,,,,,,,,,,,,,,,,,,0,0
67,2233,,,,,,,,,,,,,,,,,,,,,,,,,0,0
68,2267,,,,,,,,,,,,,,,,,,,,,,,,,0,0
69,2300,,,,,,,,,,,,,,,,,,,,,,,,,0,0
70,2333,,,,,,,,,,,,,,,,,,,,,,,,,0,0
71,2367,,,,,,,,,,,,,,,,,,,,,,,,,0,0
72,2400,,,,,,,,,,,,,,,,,,,,,,,,,0,0
73,2433,,,,,,,,,,,,,,,,,,,,,,,,,0,0
74,2467,,,,,,,,,,,,,,,,,,,,,,,,,0,0
75,2500,,,,,,,,,,,,,,,,,,,,,,,,,0,0
76,2533,,,,,,,,,,,,,,,,,,,,,,,,,0,0
77,2567,,,,,,,,,,,,,,,,,,,,,,,,,0,0
78,2600,,,,,,,,,,,,,,,,,,,,,,,,,0,0
79,2633,,,,,,,,,,,,,,,,,,,,,,,,,0,0
80,2667,,,,,,,,,,,,,,,,,,,,,,,,,0,0
81,2700,,,,,,,,,,,,,,,,,,,,,,,,,0,0
82,2733,,,,,,,,,,,,,,,,,,,,,,,,,0,0
83,2767,,,,,,,,,,,,,,,,,,,,,,,,,0,0
84,2800,,,,,,,,,,,,,,,,,,,,,,,,,0,0
85,2833,,,,,,,,,,,,,,,,,,,,,,,,,0,0
86,2867,,,,,,,,,,,,,,,,,,,,,,,,,0,0
87,2900,,,,,,,,,,,,,,,,,,,,,,,,,0,0
88,2933,,,,,,,,,,,,,,,,,,,,,,,,,0,0
89,2967,,,,,,,,,,,,,,,,,,,,,,,,,0,0
90,3000,,,,,,,,,,,,,,,,,,,,,,,,,0,0
91,3033,,,,,,,,,,,,,,,,,,,,,,,,,0,0
92,3067,,,,,,,,,,,,,,,,,,,,,,,,,0,0
93,3100,,,,,,,,,,,,,,,,,,,,,,,,,0,0
94,3133,,,,,,,,,,,,,,,,,,,,,,,,,0,0
95,3167,,,,,,,,,,,,,,,,,,,,,,,,,0,0
96,3200,,,,,,,,,,,,,,,,,,,,,,,,,0,0
97,3233,,,,,,,,,,,,,,,,,,,,,,,,,0,0
98,3267,,,,,,,,,,,,,,,,,,,,,,,,,0,0
99,3300,,,,,,,,,,,,,,,,,,,,,,,,,0,0
100,3333,,,,,,,,,,,,,,,,,,,,,,,,,0,0
101,3367,,,,,,,,,,,,,,,,,,,,,,,,,0,0
102,3400,,,,,,,,,,,,,,,,,,,,,,,,,0,0
103,3433,,,,,,,,,,,,,,,,,,,,,,,,,0,0
104,3467,,,,,,,,,,,,,,,,,,,,,,,,,0,0
105,3500,,,,,,,,,,,,,,,,,,,,,,,,,0,0
106,3533,,,,,,,,,,,,,,,,,,,,,,,,,0,0
107,3567,,,,,,,,,,,,,,,,,,,,,,,,,0,0
108,3600,,,,,,,,,,,,,,,,,,,,,,,,,0,0
109,3633,,,,,,,,,,,,,,,,,,,,,,,,,0,0
110,3667,,,,,,,,,,,,,,,,,,,,,,,,,0,0
111,3700,,,,,,,,,,,,,,,,,,,,,,,,,0,0
112,3733,,,,,,,,,,,,,,,,,,,,,,,,,0,0
113,3767,,,,,,,,,,,,,,,,,,,,,,,,,0,0
114,3800,,,,,,,,,,,,,,,,,,,,,,,,,0,0
115,3833,,,,,,,,,,,,,,,,,,,,,,,,,0,0
116,3867,,,,,,,,,,,,,,,,,,,,,,,,,0,0
117,3900,,,,,,,,,,,,,,,,,,,,,,,,,0,0
118,3933,,,,,,,,,,,,,,,,,,,,,,,,,0,0
119,3967,,,,,,,,,,,,,,,,,,,,,,,,,0,0
120,4000,,,,,,,,,,,,,,,,,,,,,,,,,0,0
121,4033,,,,,,,,,,,,,,,,,,,,,,,,,0,0
122,4067,,,,,,,,,,,,,,,,,,,,,,,,,0,0
123,4100,,,,,,,,,,,,,,,,,,,,,,,,,0,0
124,4133,,,,,,,,,,,,,,,,,,,,,,,,,0,0
125,4167,,,,,,,,,,,,,,,,,,,,,,,,,0,0
126,4200,,,,,,,,,,,,,,,,,,,,,,,,,0,0
127,4233,,,,,,,,,,,,,,,,,,,,,,,,,0,0
128,4267,,,,,,,,,,,,,,,,,,,,,,,,,0,0
129,4300,,,,,,,,,,,,,,,,,,,,,,,,,0,0
130,4333,,,,,,,,,,,,,,,,,,,,,,,,,0,0
131,4367,,,,,,,,,,,,,,,,,,,,,,,,,0,0
132,4400,,,,,,,,,,,,,,,,,,,,,,,,,0,0
133,4433,,,,,,,,,,,,,,,,,,,,,,,,,0,0
134,4467,,,,,,,,,,,,,,,,,,,,,,,,,0,0
135,4500,,,,,,,,,,,,,,,,,,,,,,,,,0,0
136,4533,,,,,,,,,,,,,,,,,,,,,,,,,0,0
137,4567,,,,,,,,,,,,,,,,,,,,,,,,,0,0
138,4600,,,,,,,,,,,,,,,,,,,,,,,,,0,0
139,4633,,,,,,,,,,,,,,,,,,,,,,,,,0,0
140,4667,,,,,,,,,,,,,,,,,,,,,,,,,0,0
141,4700,,,,,,,,,,,,,,,,,,,,,,,,,0,0
142,4733,,,,,,,,,,,,,,,,,,,,,,,,,0,0
143,4767,,,,,,,,,,,,,,,,,,,,,,,,,0,0
144,4800,,,,,,,,,,,,,,,,,,,,,,,,,0,0
145,4833,,,,,,,,,,,,,,,,,,,,,,,,,0,0
146,4867,,,,,,,,,,,,,,,,,,,,,,,,,0,0
147,4900,,,,,,,,,,,,,,,,,,,,,,,,,0,0
148,4933,,,,,,,,,,,,,,,,,,,,,,,,,0,0
149,4967,,,,,,,,,,,,,,,,,,,,,,,,,0,0
150,5000,,,,,,,,,,,,,,,,,,,,,,,,,0,0
151,5033,,,,,,,,,,,,,,,,,,,,,,,,,0,0
152,5067,,,,,,,,,,,,,,,,,,,,,,,,,0,0
153,5100,,,,,,,,,,,,,,,,,,,,,,,,,0,0
154,5133,,,,,,,,,,,,,,,,,,,,,,,,,0,0
155,5167,,,,,,,,,,,,,,,,,,,,,,,,,0,0
156,5200,,,,,,,,,,,,,,,,,,,,,,,,,0,0
157,5233,,,,,,,,,,,,,,,,,,,,,,,,,0,0
158,5267,,,,,,,,,,,,,,,,,,,,,,,,,0,0
159,5300,,,,,,,,,,,,,,,,,,,,,,,,,0,0
160,5333,,,,,,,,,,,,,,,,,,,,,,,,,0,0
161,5367,,,,,,,,,,,,,,,,,,,,,,,,,0,0
162,5400,,,,,,,,,,,,,,,,,,,,,,,,,0,0
163,5433,,,,,,,,,,,,,,,,,,,,,,,,,0,0
164,5467,,,,,,,,,,,,,,,,,,,,,,,,,0,0
165,5500,,,,,,,,,,,,,,,,,,,,,,,,,0,0
166,5533,,,,,,,,,,,,,,,,,,,,,,,,,0,0
167,5567,,,,,,,,,,,,,,,,,,,,,,,,,0,0
168,5600,,,,,,,,,,,,,,,,,,,,,,,,,0,0
169,5633,,,,,,,,,,,,,,,,,,,,,,,,,0,0
170,5667,,,,,,,,,,,,,,,,,,,,,,,,,0,0
171,5700,,,,,,,,,,,,,,,,,,,,,,,,,0,0
172,5733,,,,,,,,,,,,,,,,,,,,,,,,,0,0
173,5767,,,,,,,,,,,,,,,,,,,,,,,,,0,0
174,5800,,,,,,,,,,,,,,,,,,,,,,,,,0,0
175,5833,,,,,,,,,,,,,,,,,,,,,,,,,0,0
176,5867,,,,,,,,,,,,,,,,,,,,,,,,,0,0
177,5900,,,,,,,,,,,,,,,,,,,,,,,,,0,0
178,5933,,,,,,,,,,,,,,,,,,,,,,w,move_up,,0,0
179,5967,,,,,,,,,,,,,,,,,,,,,,w,move_up,,0,0
180,6000,,,,,,,,,,,,,,,,,,,,,,w,move_up,,0,0
181,6033,,,,,,,,,,,,,,,,,,,,,,w,move_up,,0,0
182,6067,,,,,,,,,,,,,,,,,,,,,,w,move_up,,0,0
183,6100,,,,,,,,,,,,,,,,,,,,,,w,move_up,,0,0
184,6133,,,,,,,,,,,,,,,,,,,,,,w,move_up,,0,0
185,6167,,,,,,,,,,,,,,,,,,,,,,w,move_up,,0,0
186,6200,,,,,,,,,,,,,,,,,,,,,,w,move_up,,0,0
187,6233,,,,,,,,,,,,,,,,,,,,,,w,move_up,,0,0
188,6267,,,,,,,,,,,,,,,,,,,,,,w,move_up,,0,0
189,6300,,,,,,,,,,,,,,,,,,,,,,w,move_up,,0,0
190,6333,,,,,,,,,,,,,,,,,,,,,,w,move_up,,0,0
191,6367,,,,,,,,,,,,,,,,,,,,,,w,move_up,,0,0
192,6400,,,,,,,,,,,,,,,,,,,,,,w,move_up,,0,0
193,6433,,,,,,,,,,,,,,,,,,,,,,w,move_up,,0,0
194,6467,,,,,,,,,,,,,,,,,,,,,,w,move_up,,0,0
195,6500,,,,,,,,,,,,,,,,,,,,,,w,move_up,,0,0
196,6533,,,,,,,,,,,,,,,,,,,,,,w,move_up,,0,0
197,6567,,,,,,,,,,,,,,,,,,,,,,w,move_up,,0,0
198,6600,,,,,,,,,,,,,,,,,,,,,,w,move_up,,0,0
199,6633,,,,,,,,,,,,,,,,,,,,,,w,move_up,,0,0
200,6667,,,,,,,,,,,,,,,,,,,,,,w,move_up,,0,0
201,6700,,,,,,,,,,,,,,,,,,,,,,w,move_up,,0,0
202,6733,,,,,,,,,,,,,,,,,,,,,,w,move_up,,0,0
203,6767,,,,,,,,,,,,,,,,,,,,,,w,move_up,,0,0
204,6800,,,,,,,,,,,,,,,,,,,,,,w,move_up,,0,0
205,6833,,,,,,,,,,,,,,,,,,,,,,w,move_up,,0,0
206,6867,,,,,,,,,,,,,,,,,,,,,,w,move_up,,0,0
207,6900,,,,,,,,,,,,,,,,,,,,,,w,move_up,,0,0
208,6933,,,,,,,,,,,,,,,,,,,,,,w,move_up,,0,0
209,6967,,,,,,,,,,,,,,,,,,,,,,w,move_up,,0,0
210,7000,,,,,,,,,,,,,,,,,,,,,,w,move_up,,0,0
211,7033,,,,,,,,,,,,,,,,,,,,,,w,move_up,,0,0
212,7067,,,,,,,,,,,,,,,,,,,,,,w,move_up,,0,0
213,7100,,,,,,,,,,,,,,,,,,,,,,w,move_up,,0,0
214,7133,,,,,,,,,,,,,,,,,,,,,,w,move_up,,0,0
215,7167,,,,,,,,,,,,,,,,,,,,,,w,move_up,,0,0
216,7200,,,,,,,,,,,,,,,,,,,,,,w,move_up,,0,0
217,7233,,,,,,,,,,,,,,,,,,,,,,w,move_up,,0,0
218,7267,,,,,,,,,,,,,,,,,,,,,,a|w,move_up|move_left,,0,0
219,7300,,,,,,,,,,,,,,,,,,,,,,a|w,move_up|move_left,,0,0
220,7333,,,,,,,,,,,,,,,,,,,,,,a|w,move_up|move_left,,0,0
221,7367,,,,,,,,,,,,,,,,,,,,,,a|w,move_up|move_left,,0,0
222,7400,,,,,,,,,,,,,,,,,,,,,,a|w,move_up|move_left,,0,0
223,7433,,,,,,,,,,,,,,,,,,,,,,a|w,move_up|move_left,,0,0
224,7467,,,,,,,,,,,,,,,,,,,,,,w,move_up,,0,0
225,7500,,,,,,,,,,,,,,,,,,,,,,w,move_up,,0,0
226,7533,,,,,,,,,,,,,,,,,,,,,,w,move_up,,0,0
227,7567,,,,,,,,,,,,,,,,,,,,,,w,move_up,,0,0
228,7600,,,,,,,,,,,,,,,,,,,,,,w,move_up,,0,0
229,7633,,,,,,,,,,,,,,,,,,,,,,w,move_up,,0,0
230,7667,,,,,,,,,,,,,,,,,,,,,,w,move_up,,0,0
231,7700,,,,,,,,,,,,,,,,,,,,,,w,move_up,,0,0
232,7733,,,,,,,,,,,,,,,,,,,,,,w,move_up,,0,0
233,7767,,,,,,,,,,,,,,,,,,,,,,w,move_up,,0,0
234,7800,,,,,,,,,,,,,,,,,,,,,,w,move_up,,0,0
235,7833,,,,,,,,,,,,,,,,,,,,,,w,move_up,,0,0
236,7867,,,,,,,,,,,,,,,,,,,,,,w,move_up,,0,0
237,7900,,,,,,,,,,,,,,,,,,,,,,w,move_up,,0,0
238,7933,,,,,,,,,,,,,,,,,,,,,,w,move_up,,0,0
239,7967,,,,,,,,,,,,,,,,,,,,,,w,move_up,,0,0
240,8000,,,,,,,,,,,,,,,,,,,,,,w,move_up,,0,0
241,8033,,,,,,,,,,,,,,,,,,,,,,w,move_up,,0,0
242,8067,,,,,,,,,,,,,,,,,,,,,,w,move_up,,0,0
243,8100,,,,,,,,,,,,,,,,,,,,,,w,move_up,,0,0
244,8133,,,,,,,,,,,,,,,,,,,,,,w,move_up,,0,0
245,8167,,,,,,,,,,,,,,,,,,,,,,w,move_up,,0,0
246,8200,,,,,,,,,,,,,,,,,,,,,,w,move_up,,0,0
247,8233,,,,,,,,,,,,,,,,,,,,,,w,move_up,,0,0
248,8267,,,,,,,,,,,,,,,,,,,,,,w,move_up,,0,0
249,8300,,,,,,,,,,,,,,,,,,,,,,w,move_up,,0,0
250,8333,,,,,,,,,,,,,,,,,,,,,,w,move_up,,0,0
251,8367,,,,,,,,,,,,,,,,,,,,,,w,move_up,,0,0
252,8400,,,,,,,,,,,,,,,,,,,,,,w,move_up,,0,0
253,8433,,,,,,,,,,,,,,,,,,,,,,w,move_up,,0,0
254,8467,,,,,,,,,,,,,,,,,,,,,,w,move_up,,0,0
255,8500,,,,,,,,,,,,,,,,,,,,,,w,move_up,,0,0
256,8533,,,,,,,,,,,,,,,,,,,,,,w,move_up,,0,0
257,8567,,,,,,,,,,,,,,,,,,,,,,w,move_up,,0,0
258,8600,,,,,,,,,,,,,,,,,,,,,,w,move_up,,0,0
259,8633,,,,,,,,,,,,,,,,,,,,,,w,move_up,,0,0
260,8667,,,,,,,,,,,,,,,,,,,,,,w,move_up,,0,0
261,8700,,,,,,,,,,,,,,,,,,,,,,w,move_up,,0,0
262,8733,,,,,,,,,,,,,,,,,,,,,,w,move_up,,0,0
263,8767,,,,,,,,,,,,,,,,,,,,,,w,move_up,,0,0
264,8800,,,,,,,,,,,,,,,,,,,,,,w,move_up,,0,0
265,8833,,,,,,,,,,,,,,,,,,,,,,w,move_up,,0,0
266,8867,,,,,,,,,,,,,,,,,,,,,,w,move_up,,0,0
267,8900,,,,,,,,,,,,,,,,,,,,,,w,move_up,,0,0
268,8933,,,,,,,,,,,,,,,,,,,,,,w,move_up,,0,0
269,8967,,,,,,,,,,,,,,,,,,,,,,w,move_up,,0,0
270,9000,,,,,,,,,,,,,,,,,,,,,,w,move_up,,0,0
271,9033,,,,,,,,,,,,,,,,,,,,,,w,move_up,,0,0
272,9067,,,,,,,,,,,,,,,,,,,,,,w,move_up,,0,0
273,9100,,,,,,,,,,,,,,,,,,,,,,w,move_up,,0,0
274,9133,,,,,,,,,,,,,,,,,,,,,,w,move_up,,0,0
275,9167,,,,,,,,,,,,,,,,,,,,,,w,move_up,,0,0
276,9200,,,,,,,,,,,,,,,,,,,,,,w,move_up,,0,0
277,9233,,,,,,,,,,,,,,,,,,,,,,w,move_up,,0,0
278,9267,,,,,,,,,,,,,,,,,,,,,,w,move_up,,0,0
279,9300,,,,,,,,,,,,,,,,,,,,,,w,move_up,,0,0
280,9333,,,,,,,,,,,,,,,,,,,,,,w,move_up,,0,0
281,9367,,,,,,,,,,,,,,,,,,,,,,w,move_up,,0,0
282,9400,,,,,,,,,,,,,,,,,,,,,,w,move_up,,0,0
283,9433,,,,,,,,,,,,,,,,,,,,,,w,move_up,,0,0
284,9467,,,,,,,,,,,,,,,,,,,,,,w,move_up,,0,0
285,9500,,,,,,,,,,,,,,,,,,,,,,w,move_up,,0,0
286,9533,,,,,,,,,,,,,,,,,,,,,,w,move_up,,0,0
287,9567,,,,,,,,,,,,,,,,,,,,,,w,move_up,,0,0
288,9600,,,,,,,,,,,,,,,,,,,,,,w,move_up,,0,0
289,9633,,,,,,,,,,,,,,,,,,,,,,w,move_up,,0,0
290,9667,,,,,,,,,,,,,,,,,,,,,,w,move_up,,0,0
291,9700,,,,,,,,,,,,,,,,,,,,,,w,move_up,,0,0
292,9733,,,,,,,,,,,,,,,,,,,,,,w,move_up,,0,0
293,9767,,,,,,,,,,,,,,,,,,,,,,w,move_up,,0,0
294,9800,,,,,,,,,,,,,,,,,,,,,,w,move_up,,0,0
295,9833,,,,,,,,,,,,,,,,,,,,,,w,move_up,,0,0
296,9867,,,,,,,,,,,,,,,,,,,,,,w,move_up,,0,0
297,9900,,,,,,,,,,,,,,,,,,,,,,w,move_up,,0,0
298,9933,,,,,,,,,,,,,,,,,,,,,,w,move_up,,0,0
299,9967,,,,,,,,,,,,,,,,,,,,,,w,move_up,,0,0
300,10000,,,,,,,,,,,,,,,,,,,,,,w,move_up,,0,0
301,10033,,,,,,,,,,,,,,,,,,,,,,w,move_up,,0,0
302,10067,,,,,,,,,,,,,,,,,,,,,,w,move_up,,0,0
303,10100,,,,,,,,,,,,,,,,,,,,,,w,move_up,,0,0
304,10133,,,,,,,,,,,,,,,,,,,,,,w,move_up,,0,0
305,10167,,,,,,,,,,,,,,,,,,,,,,w,move_up,,0,0
306,10200,,,,,,,,,,,,,,,,,,,,,,w,move_up,,0,0
307,10233,,,,,,,,,,,,,,,,,,,,,,w,move_up,,0,0
308,10267,,,,,,,,,,,,,,,,,,,,,,w,move_up,,0,0
309,10300,,,,,,,,,,,,,,,,,,,,,,w,move_up,,0,0
310,10333,,,,,,,,,,,,,,,,,,,,,,w,move_up,,0,0
311,10367,,,,,,,,,,,,,,,,,,,,,,w,move_up,,0,0
312,10400,,,,,,,,,,,,,,,,,,,,,,w,move_up,,0,0
313,10433,,,,,,,,,,,,,,,,,,,,,,w,move_up,,0,0
314,10467,,,,,,,,,,,,,,,,,,,,,,w,move_up,,0,0
315,10500,,,,,,,,,,,,,,,,,,,,,,w,move_up,,0,0
316,10533,,,,,,,,,,,,,,,,,,,,,,w,move_up,,0,0
317,10567,,,,,,,,,,,,,,,,,,,,,,w,move_up,,0,0
318,10600,,,,,,,,,,,,,,,,,,,,,,a|w,move_up|move_left,,0,0
319,10633,,,,,,,,,,,,,,,,,,,,,,a|w,move_up|move_left,,0,0
320,10667,,,,,,,,,,,,,,,,,,,,,,a|w,move_up|move_left,,0,0
321,10700,,,,,,,,,,,,,,,,,,,,,,a|w,move_up|move_left,,0,0
322,10733,,,,,,,,,,,,,,,,,,,,,,w,move_up,,0,0
323,10767,,,,,,,,,,,,,,,,,,,,,,w,move_up,,0,0
324,10800,,,,,,,,,,,,,,,,,,,,,,w,move_up,,0,0
325,10833,,,,,,,,,,,,,,,,,,,,,,w,move_up,,0,0
326,10867,,,,,,,,,,,,,,,,,,,,,,w,move_up,,0,0
327,10900,,,,,,,,,,,,,,,,,,,,,,w,move_up,,0,0
328,10933,,,,,,,,,,,,,,,,,,,,,,w,move_up,,0,0
329,10967,,,,,,,,,,,,,,,,,,,,,,w,move_up,,0,0
330,11000,,,,,,,,,,,,,,,,,,,,,,w,move_up,,0,0
331,11033,,,,,,,,,,,,,,,,,,,,,,w,move_up,,0,0
332,11067,,,,,,,,,,,,,,,,,,,,,,w,move_up,,0,0
333,11100,,,,,,,,,,,,,,,,,,,,,,w,move_up,,0,0
334,11133,,,,,,,,,,,,,,,,,,,,,,w,move_up,,0,0
335,11167,,,,,,,,,,,,,,,,,,,,,,w,move_up,,0,0
336,11200,,,,,,,,,,,,,,,,,,,,,,w,move_up,,0,0
337,11233,,,,,,,,,,,,,,,,,,,,,,w,move_up,,0,0
338,11267,,,,,,,,,,,,,,,,,,,,,,w,move_up,,0,0
339,11300,,,,,,,,,,,,,,,,,,,,,,w,move_up,,0,0
340,11333,,,,,,,,,,,,,,,,,,,,,,w,move_up,,0,0
341,11367,,,,,,,,,,,,,,,,,,,,,,w,move_up,,0,0
342,11400,,,,,,,,,,,,,,,,,,,,,,w,move_up,,0,0
343,11433,,,,,,,,,,,,,,,,,,,,,,w,move_up,,0,0
344,11467,,,,,,,,,,,,,,,,,,,,,,w,move_up,,0,0
345,11500,,,,,,,,,,,,,,,,,,,,,,w,move_up,,0,0
346,11533,,,,,,,,,,,,,,,,,,,,,,w,move_up,,0,0
347,11567,,,,,,,,,,,,,,,,,,,,,,w,move_up,,0,0
348,11600,,,,,,,,,,,,,,,,,,,,,,w,move_up,,0,0
349,11633,,,,,,,,,,,,,,,,,,,,,,w,move_up,,0,0
350,11667,,,,,,,,,,,,,,,,,,,,,,w,move_up,,0,0
351,11700,,,,,,,,,,,,,,,,,,,,,,w,move_up,,0,0
352,11733,,,,,,,,,,,,,,,,,,,,,,w,move_up,,0,0
353,11767,,,,,,,,,,,,,,,,,,,,,,w,move_up,,0,0
354,11800,,,,,,,,,,,,,,,,,,,,,,,,,0,0
355,11833,,,,,,,,,,,,,,,,,,,,,,,,,0,0
356,11867,,,,,,,,,,,,,,,,,,,,,,,,,0,0
357,11900,,,,,,,,,,,,,,,,,,,,,,,,,0,0
358,11933,,,,,,,,,,,,,,,,,,,,,,,,,0,0
359,11967,,,,,,,,,,,,,,,,,,,,,,,,,0,0
360,12000,,,,,,,,,,,,,,,,,,,,,,,,,0,0
361,12033,,,,,,,,,,,,,,,,,,,,,,,,,0,0
362,12067,,,,,,,,,,,,,,,,,,,,,,,,,0,0
363,12100,,,,,,,,,,,,,,,,,,,,,,,,,0,0
364,12133,,,,,,,,,,,,,,,,,,,,,,,,,0,0
365,12167,,,,,,,,,,,,,,,,,,,,,,w,move_up,,0,0
366,12200,,,,,,,,,,,,,,,,,,,,,,w,move_up,,0,0
367,12233,,,,,,,,,,,,,,,,,,,,,,w,move_up,,0,0
368,12267,,,,,,,,,,,,,,,,,,,,,,w,move_up,,0,0
369,12300,,,,,,,,,,,,,,,,,,,,,,a|w,move_up|move_left,,0,0
370,12333,,,,,,,,,,,,,,,,,,,,,,a|w,move_up|move_left,,0,0
371,12367,,,,,,,,,,,,,,,,,,,,,,a|w,move_up|move_left,,0,0
372,12400,,,,,,,,,,,,,,,,,,,,,,a|w,move_up|move_left,,0,0
373,12433,,,,,,,,,,,,,,,,,,,,,,w,move_up,,0,0
374,12467,,,,,,,,,,,,,,,,,,,,,,w,move_up,,0,0
375,12500,,,,,,,,,,,,,,,,,,,,,,w,move_up,,0,0
376,12533,,,,,,,,,,,,,,,,,,,,,,w,move_up,,0,0
377,12567,,,,,,,,,,,,,,,,,,,,,,w,move_up,,0,0
378,12600,,,,,,,,,,,,,,,,,,,,,,w,move_up,,0,0
379,12633,,,,,,,,,,,,,,,,,,,,,,,,,0,0
380,12667,,,,,,,,,,,,,,,,,,,,,,,,,0,0
381,12700,,,,,,,,,,,,,,,,,,,,,,,,,0,0
382,12733,,,,,,,,,,,,,,,,,,,,,,,,,0,0
383,12767,,,,,,,,,,,,,,,,,,,,,,,,,0,0
384,12800,,,,,,,,,,,,,,,,,,,,,,,,,0,0
385,12833,,,,,,,,,,,,,,,,,,,,,,,,,0,0
386,12867,,,,,,,,,,,,,,,,,,,,,,,,,0,0
387,12900,,,,,,,,,,,,,,,,,,,,,,,,,0,0
388,12933,,,,,,,,,,,,,,,,,,,,,,,,,0,0
389,12967,,,,,,,,,,,,,,,,,,,,,,,,,0,0
390,13000,,,,,,,,,,,,,,,,,,,,,,,,,0,0
391,13033,,,,,,,,,,,,,,,,,,,,,,,,,0,0
392,13067,,,,,,,,,,,,,,,,,,,,,,,,,0,0
393,13100,,,,,,,,,,,,,,,,,,,,,,,,,0,0
394,13133,,,,,,,,,,,,,,,,,,,,,,,,,0,0
395,13167,,,,,,,,,,,,,,,,,,,,,,,,,0,0
396,13200,,,,,,,,,,,,,,,,,,,,,,,,,0,0
397,13233,,,,,,,,,,,,,,,,,,,,,,,,,0,0
398,13267,,,,,,,,,,,,,,,,,,,,,,,,,0,0
399,13300,,,,,,,,,,,,,,,,,,,,,,,,,0,0
400,13333,,,,,,,,,,,,,,,,,,,,,,,,,0,0
401,13367,,,,,,,,,,,,,,,,,,,,,,,,,0,0
402,13400,,,,,,,,,,,,,,,,,,,,,,,,,0,0
403,13433,,,,,,,,,,,,,,,,,,,,,,,,,0,0
404,13467,,,,,,,,,,,,,,,,,,,,,,,,,0,0
405,13500,,,,,,,,,,,,,,,,,,,,,,,,,0,0
406,13533,,,,,,,,,,,,,,,,,,,,,,,,,0,0
407,13567,,,,,,,,,,,,,,,,,,,,,,,,,0,0
408,13600,,,,,,,,,,,,,,,,,,,,,,,,,0,0
409,13633,,,,,,,,,,,,,,,,,,,,,,,,,0,0
410,13667,,,,,,,,,,,,,,,,,,,,,,,,,0,0
411,13700,,,,,,,,,,,,,,,,,,,,,,,,,0,0
412,13733,,,,,,,,,,,,,,,,,,,,,,,,,0,0
413,13767,,,,,,,,,,,,,,,,,,,,,,,,,0,0
414,13800,,,,,,,,,,,,,,,,,,,,,,,,,0,0
415,13833,,,,,,,,,,,,,,,,,,,,,,,,,0,0
416,13867,,,,,,,,,,,,,,,,,,,,,,,,,0,0
417,13900,,,,,,,,,,,,,,,,,,,,,,,,,0,0
418,13933,,,,,,,,,,,,,,,,,,,,,,,,,0,0
419,13967,,,,,,,,,,,,,,,,,,,,,,,,,0,0
420,14000,,,,,,,,,,,,,,,,,,,,,,,,,0,0
421,14033,,,,,,,,,,,,,,,,,,,,,,,,,0,0
422,14067,,,,,,,,,,,,,,,,,,,,,,w,move_up,,0,0
423,14100,,,,,,,,,,,,,,,,,,,,,,w,move_up,,0,0
424,14133,,,,,,,,,,,,,,,,,,,,,,w,move_up,,0,0
425,14167,,,,,,,,,,,,,,,,,,,,,,w,move_up,,0,0
426,14200,,,,,,,,,,,,,,,,,,,,,,w,move_up,,0,0
427,14233,,,,,,,,,,,,,,,,,,,,,,w,move_up,,0,0
428,14267,,,,,,,,,,,,,,,,,,,,,,w,move_up,,0,0
429,14300,,,,,,,,,,,,,,,,,,,,,,w,move_up,,0,0
430,14333,,,,,,,,,,,,,,,,,,,,,,w,move_up,,0,0
431,14367,,,,,,,,,,,,,,,,,,,,,,w,move_up,,0,0
432,14400,,,,,,,,,,,,,,,,,,,,,,w,move_up,,0,0
433,14433,,,,,,,,,,,,,,,,,,,,,,,,,0,0
434,14467,,,,,,,,,,,,,,,,,,,,,,,,,0,0
435,14500,,,,,,,,,,,,,,,,,,,,,,,,,0,0
436,14533,,,,,,,,,,,,,,,,,,,,,,d,move_right,,0,0
437,14567,,,,,,,,,,,,,,,,,,,,,,d,move_right,,0,0
438,14600,,,,,,,,,,,,,,,,,,,,,,d,move_right,,0,0
439,14633,,,,,,,,,,,,,,,,,,,,,,d|w,move_up|move_right,,0,0
440,14667,,,,,,,,,,,,,,,,,,,,,,d|w,move_up|move_right,,0,0
441,14700,,,,,,,,,,,,,,,,,,,,,,d|w,move_up|move_right,,0,0
442,14733,,,,,,,,,,,,,,,,,,,,,,d|w,move_up|move_right,,0,0
443,14767,,,,,,,,,,,,,,,,,,,,,,d|w,move_up|move_right,,0,0
444,14800,,,,,,,,,,,,,,,,,,,,,,d|w,move_up|move_right,,0,0
445,14833,,,,,,,,,,,,,,,,,,,,,,d|w,move_up|move_right,,0,0
446,14867,,,,,,,,,,,,,,,,,,,,,,d,move_right,,0,0
447,14900,,,,,,,,,,,,,,,,,,,,,,d,move_right,,0,0
448,14933,,,,,,,,,,,,,,,,,,,,,,d,move_right,,0,0
449,14967,,,,,,,,,,,,,,,,,,,,,,,,,0,0
450,15000,,,,,,,,,,,,,,,,,,,,,,,,,0,0
451,15033,,,,,,,,,,,,,,,,,,,,,,,,,0,0
452,15067,,,,,,,,,,,,,,,,,,,,,,,,,0,0
453,15100,,,,,,,,,,,,,,,,,,,,,,,,,0,0
454,15133,,,,,,,,,,,,,,,,,,,,,,w,move_up,,0,0
455,15167,,,,,,,,,,,,,,,,,,,,,,w,move_up,,0,0
456,15200,,,,,,,,,,,,,,,,,,,,,,w,move_up,,0,0
457,15233,,,,,,,,,,,,,,,,,,,,,,w,move_up,,0,0
458,15267,,,,,,,,,,,,,,,,,,,,,,w,move_up,,0,0
459,15300,,,,,,,,,,,,,,,,,,,,,,a|w,move_up|move_left,,0,0
460,15333,,,,,,,,,,,,,,,,,,,,,,a|w,move_up|move_left,,0,0
461,15367,,,,,,,,,,,,,,,,,,,,,,a|w,move_up|move_left,,0,0
462,15400,,,,,,,,,,,,,,,,,,,,,,a|w,move_up|move_left,,0,0
463,15433,,,,,,,,,,,,,,,,,,,,,,a|w,move_up|move_left,,0,0
464,15467,,,,,,,,,,,,,,,,,,,,,,a|w,move_up|move_left,,0,0
465,15500,,,,,,,,,,,,,,,,,,,,,,a|w,move_up|move_left,,0,0
466,15533,,,,,,,,,,,,,,,,,,,,,,a|w,move_up|move_left,,0,0
467,15567,,,,,,,,,,,,,,,,,,,,,,a|w,move_up|move_left,,0,0
468,15600,,,,,,,,,,,,,,,,,,,,,,a|w,move_up|move_left,,0,0
469,15633,,,,,,,,,,,,,,,,,,,,,,a|w,move_up|move_left,,0,0
470,15667,,,,,,,,,,,,,,,,,,,,,,w,move_up,,0,0
471,15700,,,,,,,,,,,,,,,,,,,,,,w,move_up,,0,0
472,15733,,,,,,,,,,,,,,,,,,,,,,w,move_up,,0,0
473,15767,,,,,,,,,,,,,,,,,,,,,,w,move_up,,0,0
474,15800,,,,,,,,,,,,,,,,,,,,,,a,move_left,,0,0
475,15833,,,,,,,,,,,,,,,,,,,,,,a,move_left,,0,0
476,15867,,,,,,,,,,,,,,,,,,,,,,a,move_left,,0,0
477,15900,,,,,,,,,,,,,,,,,,,,,,a,move_left,,0,0
478,15933,,,,,,,,,,,,,,,,,,,,,,a,move_left,,0,0
479,15967,,,,,,,,,,,,,,,,,,,,,,a,move_left,,0,0
480,16000,,,,,,,,,,,,,,,,,,,,,,a,move_left,,0,0
481,16033,,,,,,,,,,,,,,,,,,,,,,a,move_left,,0,0
482,16067,,,,,,,,,,,,,,,,,,,,,,a,move_left,,0,0
483,16100,,,,,,,,,,,,,,,,,,,,,,a,move_left,,0,0
484,16133,,,,,,,,,,,,,,,,,,,,,,,,,0,0
485,16167,,,,,,,,,,,,,,,,,,,,,,,,,0,0
486,16200,,,,,,,,,,,,,,,,,,,,,,w,move_up,,0,0
487,16233,,,,,,,,,,,,,,,,,,,,,,w,move_up,,0,0
488,16267,,,,,,,,,,,,,,,,,,,,,,w,move_up,,0,0
489,16300,,,,,,,,,,,,,,,,,,,,,,w,move_up,,0,0
490,16333,,,,,,,,,,,,,,,,,,,,,,w,move_up,,0,0
491,16367,,,,,,,,,,,,,,,,,,,,,,w,move_up,,0,0
492,16400,,,,,,,,,,,,,,,,,,,,,,w,move_up,,0,0
493,16433,,,,,,,,,,,,,,,,,,,,,,w,move_up,,0,0
494,16467,,,,,,,,,,,,,,,,,,,,,,w,move_up,,0,0
495,16500,,,,,,,,,,,,,,,,,,,,,,d|w,move_up|move_right,,0,0
496,16533,,,,,,,,,,,,,,,,,,,,,,d|w,move_up|move_right,,0,0
497,16567,,,,,,,,,,,,,,,,,,,,,,d|w,move_up|move_right,,0,0
498,16600,,,,,,,,,,,,,,,,,,,,,,d|w,move_up|move_right,,0,0
499,16633,,,,,,,,,,,,,,,,,,,,,,d|w,move_up|move_right,,0,0
500,16667,,,,,,,,,,,,,,,,,,,,,,w,move_up,,0,0
501,16700,,,,,,,,,,,,,,,,,,,,,,w,move_up,,0,0
502,16733,,,,,,,,,,,,,,,,,,,,,,w,move_up,,0,0
503,16767,,,,,,,,,,,,,,,,,,,,,,w,move_up,,0,0
504,16800,,,,,,,,,,,,,,,,,,,,,,w,move_up,,0,0
505,16833,,,,,,,,,,,,,,,,,,,,,,a|w,move_up|move_left,,0,0
506,16867,,,,,,,,,,,,,,,,,,,,,,a|w,move_up|move_left,,0,0
507,16900,,,,,,,,,,,,,,,,,,,,,,a,move_left,,0,0
508,16933,,,,,,,,,,,,,,,,,,,,,,a,move_left,,0,0
509,16967,,,,,,,,,,,,,,,,,,,,,,a,move_left,,0,0
510,17000,,,,,,,,,,,,,,,,,,,,,,a,move_left,,0,0
511,17033,,,,,,,,,,,,,,,,,,,,,,,,,0,0
512,17067,,,,,,,,,,,,,,,,,,,,,,,,,0,0
513,17100,,,,,,,,,,,,,,,,,,,,,,,,,0,0
514,17133,,,,,,,,,,,,,,,,,,,,,,,,,0,0
515,17167,,,,,,,,,,,,,,,,,,,,,,,,,0,0
516,17200,,,,,,,,,,,,,,,,,,,,,,,,,0,0
517,17233,,,,,,,,,,,,,,,,,,,,,,,,,0,0
518,17267,,,,,,,,,,,,,,,,,,,,,,,,,0,0
519,17300,,,,,,,,,,,,,,,,,,,,,,,,,0,0
520,17333,,,,,,,,,,,,,,,,,,,,,,d,move_right,,0,0
521,17367,,,,,,,,,,,,,,,,,,,,,,d,move_right,,0,0
522,17400,,,,,,,,,,,,,,,,,,,,,,d,move_right,,0,0
523,17433,,,,,,,,,,,,,,,,,,,,,,d,move_right,,0,0
524,17467,,,,,,,,,,,,,,,,,,,,,,d,move_right,,0,0
525,17500,,,,,,,,,,,,,,,,,,,,,,d,move_right,,0,0
526,17533,,,,,,,,,,,,,,,,,,,,,,d,move_right,,0,0
527,17567,,,,,,,,,,,,,,,,,,,,,,,,,0,0
528,17600,,,,,,,,,,,,,,,,,,,,,,,,,0,0
529,17633,,,,,,,,,,,,,,,,,,,,,,s,move_down,,0,0
530,17667,,,,,,,,,,,,,,,,,,,,,,s,move_down,,0,0
531,17700,,,,,,,,,,,,,,,,,,,,,,s,move_down,,0,0
532,17733,,,,,,,,,,,,,,,,,,,,,,s,move_down,,0,0
533,17767,,,,,,,,,,,,,,,,,,,,,,s,move_down,,0,0
534,17800,,,,,,,,,,,,,,,,,,,,,,s,move_down,,0,0
535,17833,,,,,,,,,,,,,,,,,,,,,,a,move_left,,0,0
536,17867,,,,,,,,,,,,,,,,,,,,,,a,move_left,,0,0
537,17900,,,,,,,,,,,,,,,,,,,,,,a,move_left,,0,0
538,17933,,,,,,,,,,,,,,,,,,,,,,a|w,move_up|move_left,,0,0
539,17967,,,,,,,,,,,,,,,,,,,,,,a|w,move_up|move_left,,0,0
540,18000,,,,,,,,,,,,,,,,,,,,,,a|w,move_up|move_left,,0,0
541,18033,,,,,,,,,,,,,,,,,,,,,,a|w,move_up|move_left,,0,0
542,18067,,,,,,,,,,,,,,,,,,,,,,a|w,move_up|move_left,,0,0
543,18100,,,,,,,,,,,,,,,,,,,,,,w,move_up,,0,0
544,18133,,,,,,,,,,,,,,,,,,,,,,w,move_up,,0,0
545,18167,,,,,,,,,,,,,,,,,,,,,,w,move_up,,0,0
546,18200,,,,,,,,,,,,,,,,,,,,,,w,move_up,,0,0
547,18233,,,,,,,,,,,,,,,,,,,,,,w,move_up,,0,0
548,18267,,,,,,,,,,,,,,,,,,,,,,d|w,move_up|move_right,,0,0
549,18300,,,,,,,,,,,,,,,,,,,,,,d|w,move_up|move_right,,0,0
550,18333,,,,,,,,,,,,,,,,,,,,,,d|w,move_up|move_right,,0,0
551,18367,,,,,,,,,,,,,,,,,,,,,,d|w,move_up|move_right,,0,0
552,18400,,,,,,,,,,,,,,,,,,,,,,w,move_up,,0,0
553,18433,,,,,,,,,,,,,,,,,,,,,,w,move_up,,0,0
554,18467,,,,,,,,,,,,,,,,,,,,,,w,move_up,,0,0
555,18500,,,,,,,,,,,,,,,,,,,,,,w,move_up,,0,0
556,18533,,,,,,,,,,,,,,,,,,,,,,w,move_up,,0,0
557,18567,,,,,,,,,,,,,,,,,,,,,,w,move_up,,0,0
558,18600,,,,,,,,,,,,,,,,,,,,,,w,move_up,,0,0
559,18633,,,,,,,,,,,,,,,,,,,,,,w,move_up,,0,0
560,18667,,,,,,,,,,,,,,,,,,,,,,w,move_up,,0,0
561,18700,,,,,,,,,,,,,,,,,,,,,,w,move_up,,0,0
562,18733,,,,,,,,,,,,,,,,,,,,,,w,move_up,,0,0
563,18767,,,,,,,,,,,,,,,,,,,,,,w,move_up,,0,0
564,18800,,,,,,,,,,,,,,,,,,,,,,w,move_up,,0,0
565,18833,,,,,,,,,,,,,,,,,,,,,,w,move_up,,0,0
566,18867,,,,,,,,,,,,,,,,,,,,,,w,move_up,,0,0
567,18900,,,,,,,,,,,,,,,,,,,,,,w,move_up,,0,0
568,18933,,,,,,,,,,,,,,,,,,,,,,w,move_up,,0,0
569,18967,,,,,,,,,,,,,,,,,,,,,,w,move_up,,0,0
570,19000,,,,,,,,,,,,,,,,,,,,,,w,move_up,,0,0
571,19033,,,,,,,,,,,,,,,,,,,,,,w,move_up,,0,0
572,19067,,,,,,,,,,,,,,,,,,,,,,w,move_up,,0,0
573,19100,,,,,,,,,,,,,,,,,,,,,,w,move_up,,0,0
574,19133,,,,,,,,,,,,,,,,,,,,,,w,move_up,,0,0
575,19167,,,,,,,,,,,,,,,,,,,,,,w,move_up,,0,0
576,19200,,,,,,,,,,,,,,,,,,,,,,w,move_up,,0,0
577,19233,,,,,,,,,,,,,,,,,,,,,,w,move_up,,0,0
578,19267,,,,,,,,,,,,,,,,,,,,,,w,move_up,,0,0
579,19300,,,,,,,,,,,,,,,,,,,,,,w,move_up,,0,0
580,19333,,,,,,,,,,,,,,,,,,,,,,w,move_up,,0,0
581,19367,,,,,,,,,,,,,,,,,,,,,,w,move_up,,0,0
582,19400,,,,,,,,,,,,,,,,,,,,,,w,move_up,,0,0
583,19433,,,,,,,,,,,,,,,,,,,,,,w,move_up,,0,0
584,19467,,,,,,,,,,,,,,,,,,,,,,w,move_up,,0,0
585,19500,,,,,,,,,,,,,,,,,,,,,,w,move_up,,0,0
586,19533,,,,,,,,,,,,,,,,,,,,,,w,move_up,,0,0
587,19567,,,,,,,,,,,,,,,,,,,,,,w,move_up,,0,0
588,19600,,,,,,,,,,,,,,,,,,,,,,w,move_up,,0,0
589,19633,,,,,,,,,,,,,,,,,,,,,,w,move_up,,0,0
590,19667,,,,,,,,,,,,,,,,,,,,,,d|w,move_up|move_right,,0,0
591,19700,,,,,,,,,,,,,,,,,,,,,,d|w,move_up|move_right,,0,0
592,19733,,,,,,,,,,,,,,,,,,,,,,d|w,move_up|move_right,,0,0
593,19767,,,,,,,,,,,,,,,,,,,,,,d|w,move_up|move_right,,0,0
594,19800,,,,,,,,,,,,,,,,,,,,,,d|w,move_up|move_right,,0,0
595,19833,,,,,,,,,,,,,,,,,,,,,,d|w,move_up|move_right,,0,0
596,19867,,,,,,,,,,,,,,,,,,,,,,d|w,move_up|move_right,,0,0
597,19900,,,,,,,,,,,,,,,,,,,,,,d|w,move_up|move_right,,0,0
598,19933,,,,,,,,,,,,,,,,,,,,,,d|w,move_up|move_right,,0,0
599,19967,,,,,,,,,,,,,,,,,,,,,,d|w,move_up|move_right,,0,0
600,20000,,,,,,,,,,,,,,,,,,,,,,w,move_up,,0,0
601,20033,,,,,,,,,,,,,,,,,,,,,,w,move_up,,0,0
602,20067,,,,,,,,,,,,,,,,,,,,,,w,move_up,,0,0
603,20100,,,,,,,,,,,,,,,,,,,,,,w,move_up,,0,0
604,20133,,,,,,,,,,,,,,,,,,,,,,w,move_up,,0,0
605,20167,,,,,,,,,,,,,,,,,,,,,,w,move_up,,0,0
606,20200,,,,,,,,,,,,,,,,,,,,,,w,move_up,,0,0
607,20233,,,,,,,,,,,,,,,,,,,,,,w,move_up,,0,0
608,20267,,,,,,,,,,,,,,,,,,,,,,d|w,move_up|move_right,,0,0
609,20300,,,,,,,,,,,,,,,,,,,,,,d|w,move_up|move_right,,0,0
610,20333,,,,,,,,,,,,,,,,,,,,,,d|w,move_up|move_right,,0,0
611,20367,,,,,,,,,,,,,,,,,,,,,,d|w,move_up|move_right,,0,0
612,20400,,,,,,,,,,,,,,,,,,,,,,d|w,move_up|move_right,,0,0
613,20433,,,,,,,,,,,,,,,,,,,,,,w,move_up,,0,0
614,20467,,,,,,,,,,,,,,,,,,,,,,w,move_up,,0,0
615,20500,,,,,,,,,,,,,,,,,,,,,,w,move_up,,0,0
616,20533,,,,,,,,,,,,,,,,,,,,,,w,move_up,,0,0
617,20567,,,,,,,,,,,,,,,,,,,,,,w,move_up,,0,0
618,20600,,,,,,,,,,,,,,,,,,,,,,w,move_up,,0,0
619,20633,,,,,,,,,,,,,,,,,,,,,,w,move_up,,0,0
620,20667,,,,,,,,,,,,,,,,,,,,,,w,move_up,,0,0
621,20700,,,,,,,,,,,,,,,,,,,,,,w,move_up,,0,0
622,20733,,,,,,,,,,,,,,,,,,,,,,w,move_up,,0,0
623,20767,,,,,,,,,,,,,,,,,,,,,,w,move_up,,0,0
624,20800,,,,,,,,,,,,,,,,,,,,,,w,move_up,,0,0
625,20833,,,,,,,,,,,,,,,,,,,,,,w,move_up,,0,0
626,20867,,,,,,,,,,,,,,,,,,,,,,w,move_up,,0,0
627,20900,,,,,,,,,,,,,,,,,,,,,,w,move_up,,0,0
628,20933,,,,,,,,,,,,,,,,,,,,,,w,move_up,,0,0
629,20967,,,,,,,,,,,,,,,,,,,,,,w,move_up,,0,0
630,21000,,,,,,,,,,,,,,,,,,,,,,w,move_up,,0,0
631,21033,,,,,,,,,,,,,,,,,,,,,,w,move_up,,0,0
632,21067,,,,,,,,,,,,,,,,,,,,,,w,move_up,,0,0
633,21100,,,,,,,,,,,,,,,,,,,,,,d|w,move_up|move_right,,0,0
634,21133,,,,,,,,,,,,,,,,,,,,,,d|w,move_up|move_right,,0,0
635,21167,,,,,,,,,,,,,,,,,,,,,,d|w,move_up|move_right,,0,0
636,21200,,,,,,,,,,,,,,,,,,,,,,d|w,move_up|move_right,,0,0
637,21233,,,,,,,,,,,,,,,,,,,,,,d|w,move_up|move_right,,0,0
638,21267,,,,,,,,,,,,,,,,,,,,,,w,move_up,,0,0
639,21300,,,,,,,,,,,,,,,,,,,,,,w,move_up,,0,0
640,21333,,,,,,,,,,,,,,,,,,,,,,w,move_up,,0,0
641,21367,,,,,,,,,,,,,,,,,,,,,,w,move_up,,0,0
642,21400,,,,,,,,,,,,,,,,,,,,,,w,move_up,,0,0
643,21433,,,,,,,,,,,,,,,,,,,,,,w,move_up,,0,0
644,21467,,,,,,,,,,,,,,,,,,,,,,w,move_up,,0,0
645,21500,,,,,,,,,,,,,,,,,,,,,,w,move_up,,0,0
646,21533,,,,,,,,,,,,,,,,,,,,,,w,move_up,,0,0
647,21567,,,,,,,,,,,,,,,,,,,,,,d|w,move_up|move_right,,0,0
648,21600,,,,,,,,,,,,,,,,,,,,,,d|w,move_up|move_right,,0,0
649,21633,,,,,,,,,,,,,,,,,,,,,,d|w,move_up|move_right,,0,0
650,21667,,,,,,,,,,,,,,,,,,,,,,d|w,move_up|move_right,,0,0
651,21700,,,,,,,,,,,,,,,,,,,,,,d|w,move_up|move_right,,0,0
652,21733,,,,,,,,,,,,,,,,,,,,,,w,move_up,,0,0
653,21767,,,,,,,,,,,,,,,,,,,,,,w,move_up,,0,0
654,21800,,,,,,,,,,,,,,,,,,,,,,w,move_up,,0,0
655,21833,,,,,,,,,,,,,,,,,,,,,,w,move_up,,0,0
656,21867,,,,,,,,,,,,,,,,,,,,,,w,move_up,,0,0
657,21900,,,,,,,,,,,,,,,,,,,,,,w,move_up,,0,0
658,21933,,,,,,,,,,,,,,,,,,,,,,w,move_up,,0,0
659,21967,,,,,,,,,,,,,,,,,,,,,,w,move_up,,0,0
660,22000,,,,,,,,,,,,,,,,,,,,,,w,move_up,,0,0
661,22033,,,,,,,,,,,,,,,,,,,,,,w,move_up,,0,0
662,22067,,,,,,,,,,,,,,,,,,,,,,w,move_up,,0,0
663,22100,,,,,,,,,,,,,,,,,,,,,,d|w,move_up|move_right,,0,0
664,22133,,,,,,,,,,,,,,,,,,,,,,d|w,move_up|move_right,,0,0
665,22167,,,,,,,,,,,,,,,,,,,,,,d|w,move_up|move_right,,0,0
666,22200,,,,,,,,,,,,,,,,,,,,,,d|w,move_up|move_right,,0,0
667,22233,,,,,,,,,,,,,,,,,,,,,,w,move_up,,0,0
668,22267,,,,,,,,,,,,,,,,,,,,,,w,move_up,,0,0
669,22300,,,,,,,,,,,,,,,,,,,,,,w,move_up,,0,0
670,22333,,,,,,,,,,,,,,,,,,,,,,w,move_up,,0,0
671,22367,,,,,,,,,,,,,,,,,,,,,,w,move_up,,0,0
672,22400,,,,,,,,,,,,,,,,,,,,,,w,move_up,,0,0
673,22433,,,,,,,,,,,,,,,,,,,,,,w,move_up,,0,0
674,22467,,,,,,,,,,,,,,,,,,,,,,w,move_up,,0,0
675,22500,,,,,,,,,,,,,,,,,,,,,,w,move_up,,0,0
676,22533,,,,,,,,,,,,,,,,,,,,,,w,move_up,,0,0
677,22567,,,,,,,,,,,,,,,,,,,,,,w,move_up,,0,0
678,22600,,,,,,,,,,,,,,,,,,,,,,d|w,move_up|move_right,,0,0
679,22633,,,,,,,,,,,,,,,,,,,,,,d|w,move_up|move_right,,0,0
680,22667,,,,,,,,,,,,,,,,,,,,,,d|w,move_up|move_right,,0,0
681,22700,,,,,,,,,,,,,,,,,,,,,,d|w,move_up|move_right,,0,0
682,22733,,,,,,,,,,,,,,,,,,,,,,d|w,move_up|move_right,,0,0
683,22767,,,,,,,,,,,,,,,,,,,,,,d|w,move_up|move_right,,0,0
684,22800,,,,,,,,,,,,,,,,,,,,,,d|w,move_up|move_right,,0,0
685,22833,,,,,,,,,,,,,,,,,,,,,,d|w,move_up|move_right,,0,0
686,22867,,,,,,,,,,,,,,,,,,,,,,d,move_right,,0,0
687,22900,,,,,,,,,,,,,,,,,,,,,,d,move_right,,0,0
688,22933,,,,,,,,,,,,,,,,,,,,,,d,move_right,,0,0
689,22967,,,,,,,,,,,,,,,,,,,,,,,,,0,0
690,23000,,,,,,,,,,,,,,,,,,,,,,,,,0,0
691,23033,,,,,,,,,,,,,,,,,,,,,,,,,0,0
692,23067,,,,,,,,,,,,,,,,,,,,,,,,,0,0
693,23100,,,,,,,,,,,,,,,,,,,,,,d,move_right,,0,0
694,23133,,,,,,,,,,,,,,,,,,,,,,d,move_right,,0,0
695,23167,,,,,,,,,,,,,,,,,,,,,,d,move_right,,0,0
696,23200,,,,,,,,,,,,,,,,,,,,,,d|w,move_up|move_right,,0,0
697,23233,,,,,,,,,,,,,,,,,,,,,,d|w,move_up|move_right,,0,0
698,23267,,,,,,,,,,,,,,,,,,,,,,d|w,move_up|move_right,,0,0
699,23300,,,,,,,,,,,,,,,,,,,,,,d|w,move_up|move_right,,0,0
700,23333,,,,,,,,,,,,,,,,,,,,,,,,,0,0
701,23367,,,,,,,,,,,,,,,,,,,,,,,,,0,0
702,23400,,,,,,,,,,,,,,,,,,,,,,,,,0,0
703,23433,,,,,,,,,,,,,,,,,,,,,,w,move_up,,0,0
704,23467,,,,,,,,,,,,,,,,,,,,,,w,move_up,,0,0
705,23500,,,,,,,,,,,,,,,,,,,,,,w,move_up,,0,0
706,23533,,,,,,,,,,,,,,,,,,,,,,w,move_up,,0,0
707,23567,,,,,,,,,,,,,,,,,,,,,,w,move_up,,0,0
708,23600,,,,,,,,,,,,,,,,,,,,,,w,move_up,,0,0
709,23633,,,,,,,,,,,,,,,,,,,,,,w,move_up,,0,0
710,23667,,,,,,,,,,,,,,,,,,,,,,w,move_up,,0,0
711,23700,,,,,,,,,,,,,,,,,,,,,,w,move_up,,0,0
712,23733,,,,,,,,,,,,,,,,,,,,,,a|w,move_up|move_left,,0,0
713,23767,,,,,,,,,,,,,,,,,,,,,,a|w,move_up|move_left,,0,0
714,23800,,,,,,,,,,,,,,,,,,,,,,a|w,move_up|move_left,,0,0
715,23833,,,,,,,,,,,,,,,,,,,,,,a|w,move_up|move_left,,0,0
716,23867,,,,,,,,,,,,,,,,,,,,,,a|w,move_up|move_left,,0,0
717,23900,,,,,,,,,,,,,,,,,,,,,,a|w,move_up|move_left,,0,0
718,23933,,,,,,,,,,,,,,,,,,,,,,a|w,move_up|move_left,,0,0
719,23967,,,,,,,,,,,,,,,,,,,,,,a|w,move_up|move_left,,0,0
720,24000,,,,,,,,,,,,,,,,,,,,,,w,move_up,,0,0
721,24033,,,,,,,,,,,,,,,,,,,,,,w,move_up,,0,0
722,24067,,,,,,,,,,,,,,,,,,,,,,w,move_up,,0,0
723,24100,,,,,,,,,,,,,,,,,,,,,,w,move_up,,0,0
724,24133,,,,,,,,,,,,,,,,,,,,,,a|w,move_up|move_left,,0,0
725,24167,,,,,,,,,,,,,,,,,,,,,,a|w,move_up|move_left,,0,0
726,24200,,,,,,,,,,,,,,,,,,,,,,a|w,move_up|move_left,,0,0
727,24233,,,,,,,,,,,,,,,,,,,,,,a|w,move_up|move_left,,0,0
728,24267,,,,,,,,,,,,,,,,,,,,,,a|w,move_up|move_left,,0,0
729,24300,,,,,,,,,,,,,,,,,,,,,,a|w,move_up|move_left,,0,0
730,24333,,,,,,,,,,,,,,,,,,,,,,a|w,move_up|move_left,,0,0
731,24367,,,,,,,,,,,,,,,,,,,,,,a|w,move_up|move_left,,0,0
732,24400,,,,,,,,,,,,,,,,,,,,,,a|w,move_up|move_left,,0,0
733,24433,,,,,,,,,,,,,,,,,,,,,,a|w,move_up|move_left,,0,0
734,24467,,,,,,,,,,,,,,,,,,,,,,a|w,move_up|move_left,,0,0
735,24500,,,,,,,,,,,,,,,,,,,,,,a|w,move_up|move_left,,0,0
736,24533,,,,,,,,,,,,,,,,,,,,,,w,move_up,,0,0
737,24567,,,,,,,,,,,,,,,,,,,,,,w,move_up,,0,0
738,24600,,,,,,,,,,,,,,,,,,,,,,w,move_up,,0,0
739,24633,,,,,,,,,,,,,,,,,,,,,,w,move_up,,0,0
740,24667,,,,,,,,,,,,,,,,,,,,,,a|w,move_up|move_left,,0,0
741,24700,,,,,,,,,,,,,,,,,,,,,,a|w,move_up|move_left,,0,0
742,24733,,,,,,,,,,,,,,,,,,,,,,a|w,move_up|move_left,,0,0
743,24767,,,,,,,,,,,,,,,,,,,,,,a|w,move_up|move_left,,0,0
744,24800,,,,,,,,,,,,,,,,,,,,,,a|w,move_up|move_left,,0,0
745,24833,,,,,,,,,,,,,,,,,,,,,,a|w,move_up|move_left,,0,0
746,24867,,,,,,,,,,,,,,,,,,,,,,a|w,move_up|move_left,,0,0
747,24900,,,,,,,,,,,,,,,,,,,,,,a|w,move_up|move_left,,0,0
748,24933,,,,,,,,,,,,,,,,,,,,,,a|w,move_up|move_left,,0,0
749,24967,,,,,,,,,,,,,,,,,,,,,,a|w,move_up|move_left,,0,0
750,25000,,,,,,,,,,,,,,,,,,,,,,a|w,move_up|move_left,,0,0
751,25033,,,,,,,,,,,,,,,,,,,,,,w,move_up,,0,0
752,25067,,,,,,,,,,,,,,,,,,,,,,w,move_up,,0,0
753,25100,,,,,,,,,,,,,,,,,,,,,,w,move_up,,0,0
754,25133,,,,,,,,,,,,,,,,,,,,,,w,move_up,,0,0
755,25167,,,,,,,,,,,,,,,,,,,,,,w,move_up,,0,0
756,25200,,,,,,,,,,,,,,,,,,,,,,w,move_up,,0,0
757,25233,,,,,,,,,,,,,,,,,,,,,,w,move_up,,0,0
758,25267,,,,,,,,,,,,,,,,,,,,,,w,move_up,,0,0
759,25300,,,,,,,,,,,,,,,,,,,,,,w,move_up,,0,0
760,25333,,,,,,,,,,,,,,,,,,,,,,w,move_up,,0,0
761,25367,,,,,,,,,,,,,,,,,,,,,,w,move_up,,0,0
762,25400,,,,,,,,,,,,,,,,,,,,,,w,move_up,,0,0
763,25433,,,,,,,,,,,,,,,,,,,,,,d|w,move_up|move_right,,0,0
764,25467,,,,,,,,,,,,,,,,,,,,,,d|w,move_up|move_right,,0,0
765,25500,,,,,,,,,,,,,,,,,,,,,,d|w,move_up|move_right,,0,0
766,25533,,,,,,,,,,,,,,,,,,,,,,d|w,move_up|move_right,,0,0
767,25567,,,,,,,,,,,,,,,,,,,,,,d|w,move_up|move_right,,0,0
768,25600,,,,,,,,,,,,,,,,,,,,,,d|w,move_up|move_right,,0,0
769,25633,,,,,,,,,,,,,,,,,,,,,,d|w,move_up|move_right,,0,0
770,25667,,,,,,,,,,,,,,,,,,,,,,w,move_up,,0,0
771,25700,,,,,,,,,,,,,,,,,,,,,,w,move_up,,0,0
772,25733,,,,,,,,,,,,,,,,,,,,,,d|w,move_up|move_right,,0,0
773,25767,,,,,,,,,,,,,,,,,,,,,,d|w,move_up|move_right,,0,0
774,25800,,,,,,,,,,,,,,,,,,,,,,d|w,move_up|move_right,,0,0
775,25833,,,,,,,,,,,,,,,,,,,,,,d|w,move_up|move_right,,0,0
776,25867,,,,,,,,,,,,,,,,,,,,,,d|w,move_up|move_right,,0,0
777,25900,,,,,,,,,,,,,,,,,,,,,,d|w,move_up|move_right,,0,0
778,25933,,,,,,,,,,,,,,,,,,,,,,d|w,move_up|move_right,,0,0
779,25967,,,,,,,,,,,,,,,,,,,,,,d|w,move_up|move_right,,0,0
780,26000,,,,,,,,,,,,,,,,,,,,,,d|w,move_up|move_right,,0,0
781,26033,,,,,,,,,,,,,,,,,,,,,,d|w,move_up|move_right,,0,0
782,26067,,,,,,,,,,,,,,,,,,,,,,d|w,move_up|move_right,,0,0
783,26100,,,,,,,,,,,,,,,,,,,,,,d|w,move_up|move_right,,0,0
784,26133,,,,,,,,,,,,,,,,,,,,,,d|w,move_up|move_right,,0,0
785,26167,,,,,,,,,,,,,,,,,,,,,,d|w,move_up|move_right,,0,0
786,26200,,,,,,,,,,,,,,,,,,,,,,d|w,move_up|move_right,,0,0
787,26233,,,,,,,,,,,,,,,,,,,,,,d|w,move_up|move_right,,0,0
788,26267,,,,,,,,,,,,,,,,,,,,,,,,,0,0
789,26300,,,,,,,,,,,,,,,,,,,,,,,,,0,0
790,26333,,,,,,,,,,,,,,,,,,,,,,,,,0,0
791,26367,,,,,,,,,,,,,,,,,,,,,,,,,0,0
792,26400,,,,,,,,,,,,,,,,,,,,,,,,,0,0
793,26433,,,,,,,,,,,,,,,,,,,,,,d|w,move_up|move_right,,0,0
794,26467,,,,,,,,,,,,,,,,,,,,,,d|w,move_up|move_right,,0,0
795,26500,,,,,,,,,,,,,,,,,,,,,,d|w,move_up|move_right,,0,0
796,26533,,,,,,,,,,,,,,,,,,,,,,d|w,move_up|move_right,,0,0
797,26567,,,,,,,,,,,,,,,,,,,,,,d|w,move_up|move_right,,0,0
798,26600,,,,,,,,,,,,,,,,,,,,,,d|w,move_up|move_right,,0,0
799,26633,,,,,,,,,,,,,,,,,,,,,,d|w,move_up|move_right,,0,0
800,26667,,,,,,,,,,,,,,,,,,,,,,d|w,move_up|move_right,,0,0
801,26700,,,,,,,,,,,,,,,,,,,,,,d|w,move_up|move_right,,0,0
802,26733,,,,,,,,,,,,,,,,,,,,,,d|w,move_up|move_right,,0,0
803,26767,,,,,,,,,,,,,,,,,,,,,,d|w,move_up|move_right,,0,0
804,26800,,,,,,,,,,,,,,,,,,,,,,d|w,move_up|move_right,,0,0
805,26833,,,,,,,,,,,,,,,,,,,,,,d|w,move_up|move_right,,0,0
806,26867,,,,,,,,,,,,,,,,,,,,,,d|w,move_up|move_right,,0,0
807,26900,,,,,,,,,,,,,,,,,,,,,,d|w,move_up|move_right,,0,0
808,26933,,,,,,,,,,,,,,,,,,,,,,d|w,move_up|move_right,,0,0
809,26967,,,,,,,,,,,,,,,,,,,,,,d|w,move_up|move_right,,0,0
810,27000,,,,,,,,,,,,,,,,,,,,,,d|w,move_up|move_right,,0,0
811,27033,,,,,,,,,,,,,,,,,,,,,,d|w,move_up|move_right,,0,0
812,27067,,,,,,,,,,,,,,,,,,,,,,d|w,move_up|move_right,,0,0
813,27100,,,,,,,,,,,,,,,,,,,,,,d|w,move_up|move_right,,0,0
814,27133,,,,,,,,,,,,,,,,,,,,,,d|w,move_up|move_right,,0,0
815,27167,,,,,,,,,,,,,,,,,,,,,,d|w,move_up|move_right,,0,0
816,27200,,,,,,,,,,,,,,,,,,,,,,d|w,move_up|move_right,,0,0
817,27233,,,,,,,,,,,,,,,,,,,,,,d|w,move_up|move_right,,0,0
818,27267,,,,,,,,,,,,,,,,,,,,,,d|w,move_up|move_right,,0,0
819,27300,,,,,,,,,,,,,,,,,,,,,,d|w,move_up|move_right,,0,0
820,27333,,,,,,,,,,,,,,,,,,,,,,d|w,move_up|move_right,,0,0
821,27367,,,,,,,,,,,,,,,,,,,,,,d|w,move_up|move_right,,0,0
822,27400,,,,,,,,,,,,,,,,,,,,,,d|w,move_up|move_right,,0,0
823,27433,,,,,,,,,,,,,,,,,,,,,,d|w,move_up|move_right,,0,0
824,27467,,,,,,,,,,,,,,,,,,,,,,d|w,move_up|move_right,,0,0
825,27500,,,,,,,,,,,,,,,,,,,,,,,,,0,0
826,27533,,,,,,,,,,,,,,,,,,,,,,,,,0,0
827,27567,,,,,,,,,,,,,,,,,,,,,,,,,0,0
828,27600,,,,,,,,,,,,,,,,,,,,,,,,,0,0
829,27633,,,,,,,,,,,,,,,,,,,,,,,,,0,0
830,27667,,,,,,,,,,,,,,,,,,,,,,,,,0,0
831,27700,,,,,,,,,,,,,,,,,,,,,,,,,0,0
832,27733,,,,,,,,,,,,,,,,,,,,,,,,,0,0
833,27767,,,,,,,,,,,,,,,,,,,,,,,,,0,0
834,27800,,,,,,,,,,,,,,,,,,,,,,,,,0,0
835,27833,,,,,,,,,,,,,,,,,,,,,,,,,0,0
836,27867,,,,,,,,,,,,,,,,,,,,,,,,,0,0
837,27900,,,,,,,,,,,,,,,,,,,,,,,,,0,0
838,27933,,,,,,,,,,,,,,,,,,,,,,,,,0,0
839,27967,,,,,,,,,,,,,,,,,,,,,,,,,0,0
840,28000,,,,,,,,,,,,,,,,,,,,,,,,,0,0
841,28033,,,,,,,,,,,,,,,,,,,,,,,,,0,0
842,28067,,,,,,,,,,,,,,,,,,,,,,,,,0,0
843,28100,,,,,,,,,,,,,,,,,,,,,,,,,0,0
844,28133,,,,,,,,,,,,,,,,,,,,,,,,,0,0
845,28167,,,,,,,,,,,,,,,,,,,,,,,,,0,0
846,28200,,,,,,,,,,,,,,,,,,,,,,,,,0,0
847,28233,,,,,,,,,,,,,,,,,,,,,,a|w,move_up|move_left,,0,0
848,28267,,,,,,,,,,,,,,,,,,,,,,a|w,move_up|move_left,,0,0
849,28300,,,,,,,,,,,,,,,,,,,,,,a|w,move_up|move_left,,0,0
850,28333,,,,,,,,,,,,,,,,,,,,,,a|w,move_up|move_left,,0,0
851,28367,,,,,,,,,,,,,,,,,,,,,,a|w,move_up|move_left,,0,0
852,28400,,,,,,,,,,,,,,,,,,,,,,a|w,move_up|move_left,,0,0
853,28433,,,,,,,,,,,,,,,,,,,,,,a|w,move_up|move_left,,0,0
854,28467,,,,,,,,,,,,,,,,,,,,,,a|w,move_up|move_left,,0,0
855,28500,,,,,,,,,,,,,,,,,,,,,,a|w,move_up|move_left,,0,0
856,28533,,,,,,,,,,,,,,,,,,,,,,a|w,move_up|move_left,,0,0
857,28567,,,,,,,,,,,,,,,,,,,,,,w,move_up,,0,0
858,28600,,,,,,,,,,,,,,,,,,,,,,w,move_up,,0,0
859,28633,,,,,,,,,,,,,,,,,,,,,,w,move_up,,0,0
860,28667,,,,,,,,,,,,,,,,,,,,,,w,move_up,,0,0
861,28700,,,,,,,,,,,,,,,,,,,,,,w,move_up,,0,0
862,28733,,,,,,,,,,,,,,,,,,,,,,w,move_up,,0,0
863,28767,,,,,,,,,,,,,,,,,,,,,,w,move_up,,0,0
864,28800,,,,,,,,,,,,,,,,,,,,,,w,move_up,,0,0
865,28833,,,,,,,,,,,,,,,,,,,,,,w,move_up,,0,0
866,28867,,,,,,,,,,,,,,,,,,,,,,w,move_up,,0,0
867,28900,,,,,,,,,,,,,,,,,,,,,,w,move_up,,0,0
868,28933,,,,,,,,,,,,,,,,,,,,,,w,move_up,,0,0
869,28967,,,,,,,,,,,,,,,,,,,,,,w,move_up,,0,0
870,29000,,,,,,,,,,,,,,,,,,,,,,a|w,move_up|move_left,,0,0
871,29033,,,,,,,,,,,,,,,,,,,,,,a|w,move_up|move_left,,0,0
872,29067,,,,,,,,,,,,,,,,,,,,,,a|w,move_up|move_left,,0,0
873,29100,,,,,,,,,,,,,,,,,,,,,,a|w,move_up|move_left,,0,0
874,29133,,,,,,,,,,,,,,,,,,,,,,a|w,move_up|move_left,,0,0
875,29167,,,,,,,,,,,,,,,,,,,,,,a|w,move_up|move_left,,0,0
876,29200,,,,,,,,,,,,,,,,,,,,,,w,move_up,,0,0
877,29233,,,,,,,,,,,,,,,,,,,,,,w,move_up,,0,0
878,29267,,,,,,,,,,,,,,,,,,,,,,w,move_up,,0,0
879,29300,,,,,,,,,,,,,,,,,,,,,,w,move_up,,0,0
880,29333,,,,,,,,,,,,,,,,,,,,,,w,move_up,,0,0
881,29367,,,,,,,,,,,,,,,,,,,,,,w,move_up,,0,0
882,29400,,,,,,,,,,,,,,,,,,,,,,w,move_up,,0,0
883,29433,,,,,,,,,,,,,,,,,,,,,,w,move_up,,0,0
884,29467,,,,,,,,,,,,,,,,,,,,,,w,move_up,,0,0
885,29500,,,,,,,,,,,,,,,,,,,,,,w,move_up,,0,0
886,29533,,,,,,,,,,,,,,,,,,,,,,w,move_up,,0,0
887,29567,,,,,,,,,,,,,,,,,,,,,,w,move_up,,0,0
888,29600,,,,,,,,,,,,,,,,,,,,,,w,move_up,,0,0
889,29633,,,,,,,,,,,,,,,,,,,,,,w,move_up,,0,0
890,29667,,,,,,,,,,,,,,,,,,,,,,,,,0,0
891,29700,,,,,,,,,,,,,,,,,,,,,,,,,0,0
892,29733,,,,,,,,,,,,,,,,,,,,,,,,,0,0
893,29767,,,,,,,,,,,,,,,,,,,,,,,,,0,0
894,29800,,,,,,,,,,,,,,,,,,,,,,,,,0,0
895,29833,,,,,,,,,,,,,,,,,,,,,,w,move_up,,0,0
896,29867,,,,,,,,,,,,,,,,,,,,,,w,move_up,,0,0
897,29900,,,,,,,,,,,,,,,,,,,,,,w,move_up,,0,0
898,29933,,,,,,,,,,,,,,,,,,,,,,w,move_up,,0,0
899,29967,,,,,,,,,,,,,,,,,,,,,,w,move_up,,0,0
900,30000,,,,,,,,,,,,,,,,,,,,,,w,move_up,,0,0
901,30033,,,,,,,,,,,,,,,,,,,,,,w,move_up,,0,0
902,30067,,,,,,,,,,,,,,,,,,,,,,w,move_up,,0,0
903,30100,,,,,,,,,,,,,,,,,,,,,,w,move_up,,0,0
904,30133,,,,,,,,,,,,,,,,,,,,,,w,move_up,,0,0
905,30167,,,,,,,,,,,,,,,,,,,,,,w,move_up,,0,0
906,30200,,,,,,,,,,,,,,,,,,,,,,w,move_up,,0,0
907,30233,,,,,,,,,,,,,,,,,,,,,,w,move_up,,0,0
908,30267,,,,,,,,,,,,,,,,,,,,,,w,move_up,,0,0
909,30300,,,,,,,,,,,,,,,,,,,,,,w,move_up,,0,0
910,30333,,,,,,,,,,,,,,,,,,,,,,w,move_up,,0,0
911,30367,,,,,,,,,,,,,,,,,,,,,,w,move_up,,0,0
912,30400,,,,,,,,,,,,,,,,,,,,,,,,,0,0
913,30433,,,,,,,,,,,,,,,,,,,,,,,,,0,0
914,30467,,,,,,,,,,,,,,,,,,,,,,,,,0,0
915,30500,,,,,,,,,,,,,,,,,,,,,,,,,0,0
916,30533,,,,,,,,,,,,,,,,,,,,,,,,,0,0
917,30567,,,,,,,,,,,,,,,,,,,,,,,,,0,0
918,30600,,,,,,,,,,,,,,,,,,,,,,,,,0,0
919,30633,,,,,,,,,,,,,,,,,,,,,,,,,0,0
920,30667,,,,,,,,,,,,,,,,,,,,,,,,,0,0
921,30700,,,,,,,,,,,,,,,,,,,,,,,,,0,0
922,30733,,,,,,,,,,,,,,,,,,,,,,,,,0,0
923,30767,,,,,,,,,,,,,,,,,,,,,,,,,0,0
924,30800,,,,,,,,,,,,,,,,,,,,,,,,,0,0
925,30833,,,,,,,,,,,,,,,,,,,,,,,,,0,0
926,30867,,,,,,,,,,,,,,,,,,,,,,,,,0,0
927,30900,,,,,,,,,,,,,,,,,,,,,,w,move_up,,0,0
928,30933,,,,,,,,,,,,,,,,,,,,,,w,move_up,,0,0
929,30967,,,,,,,,,,,,,,,,,,,,,,a|w,move_up|move_left,,0,0
930,31000,,,,,,,,,,,,,,,,,,,,,,a|w,move_up|move_left,,0,0
931,31033,,,,,,,,,,,,,,,,,,,,,,a|w,move_up|move_left,,0,0
932,31067,,,,,,,,,,,,,,,,,,,,,,a|w,move_up|move_left,,0,0
933,31100,,,,,,,,,,,,,,,,,,,,,,a|w,move_up|move_left,,0,0
934,31133,,,,,,,,,,,,,,,,,,,,,,a|w,move_up|move_left,,0,0
935,31167,,,,,,,,,,,,,,,,,,,,,,a|w,move_up|move_left,,0,0
936,31200,,,,,,,,,,,,,,,,,,,,,,a|w,move_up|move_left,,0,0
937,31233,,,,,,,,,,,,,,,,,,,,,,a|w,move_up|move_left,,0,0
938,31267,,,,,,,,,,,,,,,,,,,,,,a|w,move_up|move_left,,0,0
939,31300,,,,,,,,,,,,,,,,,,,,,,a|w,move_up|move_left,,0,0
940,31333,,,,,,,,,,,,,,,,,,,,,,a|w,move_up|move_left,,0,0
941,31367,,,,,,,,,,,,,,,,,,,,,,a|w,move_up|move_left,,0,0
942,31400,,,,,,,,,,,,,,,,,,,,,,a|w,move_up|move_left,,0,0
943,31433,,,,,,,,,,,,,,,,,,,,,,w,move_up,,0,0
944,31467,,,,,,,,,,,,,,,,,,,,,,w,move_up,,0,0
945,31500,,,,,,,,,,,,,,,,,,,,,,w,move_up,,0,0
946,31533,,,,,,,,,,,,,,,,,,,,,,w,move_up,,0,0
947,31567,,,,,,,,,,,,,,,,,,,,,,w,move_up,,0,0
948,31600,,,,,,,,,,,,,,,,,,,,,,w,move_up,,0,0
949,31633,,,,,,,,,,,,,,,,,,,,,,a|w,move_up|move_left,,0,0
950,31667,,,,,,,,,,,,,,,,,,,,,,a|w,move_up|move_left,,0,0
951,31700,,,,,,,,,,,,,,,,,,,,,,a|w,move_up|move_left,,0,0
952,31733,,,,,,,,,,,,,,,,,,,,,,a|w,move_up|move_left,,0,0
953,31767,,,,,,,,,,,,,,,,,,,,,,a|w,move_up|move_left,,0,0
954,31800,,,,,,,,,,,,,,,,,,,,,,w,move_up,,0,0
955,31833,,,,,,,,,,,,,,,,,,,,,,w,move_up,,0,0
956,31867,,,,,,,,,,,,,,,,,,,,,,w,move_up,,0,0
957,31900,,,,,,,,,,,,,,,,,,,,,,a|w,move_up|move_left,,0,0
958,31933,,,,,,,,,,,,,,,,,,,,,,a|w,move_up|move_left,,0,0
959,31967,,,,,,,,,,,,,,,,,,,,,,a|w,move_up|move_left,,0,0
960,32000,,,,,,,,,,,,,,,,,,,,,,a|w,move_up|move_left,,0,0
961,32033,,,,,,,,,,,,,,,,,,,,,,a|w,move_up|move_left,,0,0
962,32067,,,,,,,,,,,,,,,,,,,,,,a|w,move_up|move_left,,0,0
963,32100,,,,,,,,,,,,,,,,,,,,,,a|w,move_up|move_left,,0,0
964,32133,,,,,,,,,,,,,,,,,,,,,,a|w,move_up|move_left,,0,0
965,32167,,,,,,,,,,,,,,,,,,,,,,a|w,move_up|move_left,,0,0
966,32200,,,,,,,,,,,,,,,,,,,,,,a|w,move_up|move_left,,0,0
967,32233,,,,,,,,,,,,,,,,,,,,,,a|w,move_up|move_left,,0,0
968,32267,,,,,,,,,,,,,,,,,,,,,,a|w,move_up|move_left,,0,0
969,32300,,,,,,,,,,,,,,,,,,,,,,a|w,move_up|move_left,,0,0
970,32333,,,,,,,,,,,,,,,,,,,,,,a|w,move_up|move_left,,0,0
971,32367,,,,,,,,,,,,,,,,,,,,,,a|w,move_up|move_left,,0,0
972,32400,,,,,,,,,,,,,,,,,,,,,,w,move_up,,0,0
973,32433,,,,,,,,,,,,,,,,,,,,,,w,move_up,,0,0
974,32467,,,,,,,,,,,,,,,,,,,,,,w,move_up,,0,0
975,32500,,,,,,,,,,,,,,,,,,,,,,,,,0,0
976,32533,,,,,,,,,,,,,,,,,,,,,,,,,0,0
977,32567,,,,,,,,,,,,,,,,,,,,,,,,,0,0
978,32600,,,,,,,,,,,,,,,,,,,,,,,,,0,0
979,32633,,,,,,,,,,,,,,,,,,,,,,,,,0,0
980,32667,,,,,,,,,,,,,,,,,,,,,,,,,0,0
981,32700,,,,,,,,,,,,,,,,,,,,,,d,move_right,,0,0
982,32733,,,,,,,,,,,,,,,,,,,,,,d,move_right,,0,0
983,32767,,,,,,,,,,,,,,,,,,,,,,d,move_right,,0,0
984,32800,,,,,,,,,,,,,,,,,,,,,,d,move_right,,0,0
985,32833,,,,,,,,,,,,,,,,,,,,,,d|s,move_down|move_right,,0,0
986,32867,,,,,,,,,,,,,,,,,,,,,,d|s,move_down|move_right,,0,0
987,32900,,,,,,,,,,,,,,,,,,,,,,s,move_down,,0,0
988,32933,,,,,,,,,,,,,,,,,,,,,,a|s,move_left|move_down,,0,0
989,32967,,,,,,,,,,,,,,,,,,,,,,a|s,move_left|move_down,,0,0
990,33000,,,,,,,,,,,,,,,,,,,,,,a|s,move_left|move_down,,0,0
991,33033,,,,,,,,,,,,,,,,,,,,,,a,move_left,,0,0
992,33067,,,,,,,,,,,,,,,,,,,,,,a,move_left,,0,0
993,33100,,,,,,,,,,,,,,,,,,,,,,a,move_left,,0,0
994,33133,,,,,,,,,,,,,,,,,,,,,,a,move_left,,0,0
995,33167,,,,,,,,,,,,,,,,,,,,,,a|w,move_up|move_left,,0,0
996,33200,,,,,,,,,,,,,,,,,,,,,,a|w,move_up|move_left,,0,0
997,33233,,,,,,,,,,,,,,,,,,,,,,a|w,move_up|move_left,,0,0
998,33267,,,,,,,,,,,,,,,,,,,,,,a|w,move_up|move_left,,0,0
999,33300,,,,,,,,,,,,,,,,,,,,,,a|w,move_up|move_left,,0,0
1000,33333,,,,,,,,,,,,,,,,,,,,,,a|w,move_up|move_left,,0,0
1001,33367,,,,,,,,,,,,,,,,,,,,,,a|w,move_up|move_left,,0,0
1002,33400,,,,,,,,,,,,,,,,,,,,,,a|w,move_up|move_left,,0,0
1003,33433,,,,,,,,,,,,,,,,,,,,,,a|w,move_up|move_left,,0,0
1004,33467,,,,,,,,,,,,,,,,,,,,,,a|w,move_up|move_left,,0,0
1005,33500,,,,,,,,,,,,,,,,,,,,,,a|w,move_up|move_left,,0,0
1006,33533,,,,,,,,,,,,,,,,,,,,,,a|w,move_up|move_left,,0,0
1007,33567,,,,,,,,,,,,,,,,,,,,,,a|w,move_up|move_left,,0,0
1008,33600,,,,,,,,,,,,,,,,,,,,,,a|w,move_up|move_left,,0,0
1009,33633,,,,,,,,,,,,,,,,,,,,,,w,move_up,,0,0
1010,33667,,,,,,,,,,,,,,,,,,,,,,w,move_up,,0,0
1011,33700,,,,,,,,,,,,,,,,,,,,,,w,move_up,,0,0
1012,33733,,,,,,,,,,,,,,,,,,,,,,w,move_up,,0,0
1013,33767,,,,,,,,,,,,,,,,,,,,,,w,move_up,,0,0
1014,33800,,,,,,,,,,,,,,,,,,,,,,w,move_up,,0,0
1015,33833,,,,,,,,,,,,,,,,,,,,,,w,move_up,,0,0
1016,33867,,,,,,,,,,,,,,,,,,,,,,w,move_up,,0,0
1017,33900,,,,,,,,,,,,,,,,,,,,,,w,move_up,,0,0
1018,33933,,,,,,,,,,,,,,,,,,,,,,w,move_up,,0,0
1019,33967,,,,,,,,,,,,,,,,,,,,,,w,move_up,,0,0
1020,34000,,,,,,,,,,,,,,,,,,,,,,w,move_up,,0,0
1021,34033,,,,,,,,,,,,,,,,,,,,,,w,move_up,,0,0
1022,34067,,,,,,,,,,,,,,,,,,,,,,w,move_up,,0,0
1023,34100,,,,,,,,,,,,,,,,,,,,,,w,move_up,,0,0
1024,34133,,,,,,,,,,,,,,,,,,,,,,w,move_up,,0,0
1025,34167,,,,,,,,,,,,,,,,,,,,,,w,move_up,,0,0
1026,34200,,,,,,,,,,,,,,,,,,,,,,w,move_up,,0,0
1027,34233,,,,,,,,,,,,,,,,,,,,,,w,move_up,,0,0
1028,34267,,,,,,,,,,,,,,,,,,,,,,w,move_up,,0,0
1029,34300,,,,,,,,,,,,,,,,,,,,,,d|w,move_up|move_right,,0,0
1030,34333,,,,,,,,,,,,,,,,,,,,,,d|w,move_up|move_right,,0,0
1031,34367,,,,,,,,,,,,,,,,,,,,,,d|w,move_up|move_right,,0,0
1032,34400,,,,,,,,,,,,,,,,,,,,,,d|w,move_up|move_right,,0,0
1033,34433,,,,,,,,,,,,,,,,,,,,,,d|w,move_up|move_right,,0,0
1034,34467,,,,,,,,,,,,,,,,,,,,,,w,move_up,,0,0
1035,34500,,,,,,,,,,,,,,,,,,,,,,w,move_up,,0,0
1036,34533,,,,,,,,,,,,,,,,,,,,,,w,move_up,,0,0
1037,34567,,,,,,,,,,,,,,,,,,,,,,w,move_up,,0,0
1038,34600,,,,,,,,,,,,,,,,,,,,,,w,move_up,,0,0
1039,34633,,,,,,,,,,,,,,,,,,,,,,w,move_up,,0,0
1040,34667,,,,,,,,,,,,,,,,,,,,,,w,move_up,,0,0
1041,34700,,,,,,,,,,,,,,,,,,,,,,w,move_up,,0,0
1042,34733,,,,,,,,,,,,,,,,,,,,,,w,move_up,,0,0
1043,34767,,,,,,,,,,,,,,,,,,,,,,d|w,move_up|move_right,,0,0
1044,34800,,,,,,,,,,,,,,,,,,,,,,d|w,move_up|move_right,,0,0
1045,34833,,,,,,,,,,,,,,,,,,,,,,d|w,move_up|move_right,,0,0
1046,34867,,,,,,,,,,,,,,,,,,,,,,d|w,move_up|move_right,,0,0
1047,34900,,,,,,,,,,,,,,,,,,,,,,,,,0,0
1048,34933,,,,,,,,,,,,,,,,,,,,,,,,,0,0
1049,34967,,,,,,,,,,,,,,,,,,,,,,,,,0,0
1050,35000,,,,,,,,,,,,,,,,,,,,,,,,,0,0
1051,35033,,,,,,,,,,,,,,,,,,,,,,,,,0,0
1052,35067,,,,,,,,,,,,,,,,,,,,,,d,move_right,,0,0
1053,35100,,,,,,,,,,,,,,,,,,,,,,d,move_right,,0,0
1054,35133,,,,,,,,,,,,,,,,,,,,,,d,move_right,,0,0
1055,35167,,,,,,,,,,,,,,,,,,,,,,d,move_right,,0,0
1056,35200,,,,,,,,,,,,,,,,,,,,,,,,,0,0
1057,35233,,,,,,,,,,,,,,,,,,,,,,,,,0,0
1058,35267,,,,,,,,,,,,,,,,,,,,,,w,move_up,,0,0
1059,35300,,,,,,,,,,,,,,,,,,,,,,w,move_up,,0,0
1060,35333,,,,,,,,,,,,,,,,,,,,,,w,move_up,,0,0
1061,35367,,,,,,,,,,,,,,,,,,,,,,d|w,move_up|move_right,,0,0
1062,35400,,,,,,,,,,,,,,,,,,,,,,d|w,move_up|move_right,,0,0
1063,35433,,,,,,,,,,,,,,,,,,,,,,d|w,move_up|move_right,,0,0
1064,35467,,,,,,,,,,,,,,,,,,,,,,d|w,move_up|move_right,,0,0
1065,35500,,,,,,,,,,,,,,,,,,,,,,d|w,move_up|move_right,,0,0
1066,35533,,,,,,,,,,,,,,,,,,,,,,w,move_up,,0,0
1067,35567,,,,,,,,,,,,,,,,,,,,,,w,move_up,,0,0
1068,35600,,,,,,,,,,,,,,,,,,,,,,,,,0,0
1069,35633,,,,,,,,,,,,,,,,,,,,,,,,,0,0
1070,35667,,,,,,,,,,,,,,,,,,,,,,,,,0,0
1071,35700,,,,,,,,,,,,,,,,,,,,,,,,,0,0
1072,35733,,,,,,,,,,,,,,,,,,,,,,w,move_up,,0,0
1073,35767,,,,,,,,,,,,,,,,,,,,,,d|w,move_up|move_right,,0,0
1074,35800,,,,,,,,,,,,,,,,,,,,,,d|w,move_up|move_right,,0,0
1075,35833,,,,,,,,,,,,,,,,,,,,,,d|w,move_up|move_right,,0,0
1076,35867,,,,,,,,,,,,,,,,,,,,,,d|w,move_up|move_right,,0,0
1077,35900,,,,,,,,,,,,,,,,,,,,,,w,move_up,,0,0
1078,35933,,,,,,,,,,,,,,,,,,,,,,w,move_up,,0,0
1079,35967,,,,,,,,,,,,,,,,,,,,,,w,move_up,,0,0
1080,36000,,,,,,,,,,,,,,,,,,,,,,w,move_up,,0,0
1081,36033,,,,,,,,,,,,,,,,,,,,,,w,move_up,,0,0
1082,36067,,,,,,,,,,,,,,,,,,,,,,w,move_up,,0,0
1083,36100,,,,,,,,,,,,,,,,,,,,,,w,move_up,,0,0
1084,36133,,,,,,,,,,,,,,,,,,,,,,d|w,move_up|move_right,,0,0
1085,36167,,,,,,,,,,,,,,,,,,,,,,d|w,move_up|move_right,,0,0
1086,36200,,,,,,,,,,,,,,,,,,,,,,d|w,move_up|move_right,,0,0
1087,36233,,,,,,,,,,,,,,,,,,,,,,a|w,move_up|move_left,,0,0
1088,36267,,,,,,,,,,,,,,,,,,,,,,a|w,move_up|move_left,,0,0
1089,36300,,,,,,,,,,,,,,,,,,,,,,a|w,move_up|move_left,,0,0
1090,36333,,,,,,,,,,,,,,,,,,,,,,d|w,move_up|move_right,,0,0
1091,36367,,,,,,,,,,,,,,,,,,,,,,d|w,move_up|move_right,,0,0
1092,36400,,,,,,,,,,,,,,,,,,,,,,d|w,move_up|move_right,,0,0
1093,36433,,,,,,,,,,,,,,,,,,,,,,a|w,move_up|move_left,,0,0
1094,36467,,,,,,,,,,,,,,,,,,,,,,a|w,move_up|move_left,,0,0
1095,36500,,,,,,,,,,,,,,,,,,,,,,d|w,move_up|move_right,,0,0
1096,36533,,,,,,,,,,,,,,,,,,,,,,d|w,move_up|move_right,,0,0
1097,36567,,,,,,,,,,,,,,,,,,,,,,a|w,move_up|move_left,,0,0
1098,36600,,,,,,,,,,,,,,,,,,,,,,a|w,move_up|move_left,,0,0
1099,36633,,,,,,,,,,,,,,,,,,,,,,a|w,move_up|move_left,,0,0
1100,36667,,,,,,,,,,,,,,,,,,,,,,w,move_up,,0,0
1101,36700,,,,,,,,,,,,,,,,,,,,,,w,move_up,,0,0
1102,36733,,,,,,,,,,,,,,,,,,,,,,w,move_up,,0,0
1103,36767,,,,,,,,,,,,,,,,,,,,,,,,,0,0
1104,36800,,,,,,,,,,,,,,,,,,,,,,,,,0,0
1105,36833,,,,,,,,,,,,,,,,,,,,,,,,,0,0
1106,36867,,,,,,,,,,,,,,,,,,,,,,s,move_down,,0,0
1107,36900,,,,,,,,,,,,,,,,,,,,,,s,move_down,,0,0
1108,36933,,,,,,,,,,,,,,,,,,,,,,s,move_down,,0,0
1109,36967,,,,,,,,,,,,,,,,,,,,,,s,move_down,,0,0
1110,37000,,,,,,,,,,,,,,,,,,,,,,s,move_down,,0,0
1111,37033,,,,,,,,,,,,,,,,,,,,,,s,move_down,,0,0
1112,37067,,,,,,,,,,,,,,,,,,,,,,s,move_down,,0,0
1113,37100,,,,,,,,,,,,,,,,,,,,,,s,move_down,,0,0
1114,37133,,,,,,,,,,,,,,,,,,,,,,s,move_down,,0,0
1115,37167,,,,,,,,,,,,,,,,,,,,,,s,move_down,,0,0
1116,37200,,,,,,,,,,,,,,,,,,,,,,d|s,move_down|move_right,,0,0
1117,37233,,,,,,,,,,,,,,,,,,,,,,d|s,move_down|move_right,,0,0
1118,37267,,,,,,,,,,,,,,,,,,,,,,d|s,move_down|move_right,,0,0
1119,37300,,,,,,,,,,,,,,,,,,,,,,d,move_right,,0,0
1120,37333,,,,,,,,,,,,,,,,,,,,,,d,move_right,,0,0
1121,37367,,,,,,,,,,,,,,,,,,,,,,d,move_right,,0,0
1122,37400,,,,,,,,,,,,,,,,,,,,,,d,move_right,,0,0
1123,37433,,,,,,,,,,,,,,,,,,,,,,d|w,move_up|move_right,,0,0
1124,37467,,,,,,,,,,,,,,,,,,,,,,d|w,move_up|move_right,,0,0
1125,37500,,,,,,,,,,,,,,,,,,,,,,d|w,move_up|move_right,,0,0
1126,37533,,,,,,,,,,,,,,,,,,,,,,d|w,move_up|move_right,,0,0
1127,37567,,,,,,,,,,,,,,,,,,,,,,d|w,move_up|move_right,,0,0
1128,37600,,,,,,,,,,,,,,,,,,,,,,d|w,move_up|move_right,,0,0
1129,37633,,,,,,,,,,,,,,,,,,,,,,d,move_right,,0,0
1130,37667,,,,,,,,,,,,,,,,,,,,,,,,,0,0
1131,37700,,,,,,,,,,,,,,,,,,,,,,,,,0,0
1132,37733,,,,,,,,,,,,,,,,,,,,,,,,,0,0
1133,37767,,,,,,,,,,,,,,,,,,,,,,,,,0,0
1134,37800,,,,,,,,,,,,,,,,,,,,,,d,move_right,,0,0
1135,37833,,,,,,,,,,,,,,,,,,,,,,d,move_right,,0,0
1136,37867,,,,,,,,,,,,,,,,,,,,,,d,move_right,,0,0
1137,37900,,,,,,,,,,,,,,,,,,,,,,d,move_right,,0,0
1138,37933,,,,,,,,,,,,,,,,,,,,,,d,move_right,,0,0
1139,37967,,,,,,,,,,,,,,,,,,,,,,d,move_right,,0,0
1140,38000,,,,,,,,,,,,,,,,,,,,,,d,move_right,,0,0
1141,38033,,,,,,,,,,,,,,,,,,,,,,d,move_right,,0,0
1142,38067,,,,,,,,,,,,,,,,,,,,,,d,move_right,,0,0
1143,38100,,,,,,,,,,,,,,,,,,,,,,d,move_right,,0,0
1144,38133,,,,,,,,,,,,,,,,,,,,,,d,move_right,,0,0
1145,38167,,,,,,,,,,,,,,,,,,,,,,d,move_right,,0,0
1146,38200,,,,,,,,,,,,,,,,,,,,,,d,move_right,,0,0
1147,38233,,,,,,,,,,,,,,,,,,,,,,d,move_right,,0,0
1148,38267,,,,,,,,,,,,,,,,,,,,,,d,move_right,,0,0
1149,38300,,,,,,,,,,,,,,,,,,,,,,d,move_right,,0,0
1150,38333,,,,,,,,,,,,,,,,,,,,,,d,move_right,,0,0
1151,38367,,,,,,,,,,,,,,,,,,,,,,d,move_right,,0,0
1152,38400,,,,,,,,,,,,,,,,,,,,,,d,move_right,,0,0
1153,38433,,,,,,,,,,,,,,,,,,,,,,d,move_right,,0,0
1154,38467,,,,,,,,,,,,,,,,,,,,,,d|w,move_up|move_right,,0,0
1155,38500,,,,,,,,,,,,,,,,,,,,,,d|w,move_up|move_right,,0,0
1156,38533,,,,,,,,,,,,,,,,,,,,,,d|w,move_up|move_right,,0,0
1157,38567,,,,,,,,,,,,,,,,,,,,,,d|w,move_up|move_right,,0,0
1158,38600,,,,,,,,,,,,,,,,,,,,,,d|w,move_up|move_right,,0,0
1159,38633,,,,,,,,,,,,,,,,,,,,,,w,move_up,,0,0
1160,38667,,,,,,,,,,,,,,,,,,,,,,w,move_up,,0,0
1161,38700,,,,,,,,,,,,,,,,,,,,,,w,move_up,,0,0
1162,38733,,,,,,,,,,,,,,,,,,,,,,w,move_up,,0,0
1163,38767,,,,,,,,,,,,,,,,,,,,,,w,move_up,,0,0
1164,38800,,,,,,,,,,,,,,,,,,,,,,w,move_up,,0,0
1165,38833,,,,,,,,,,,,,,,,,,,,,,w,move_up,,0,0
1166,38867,,,,,,,,,,,,,,,,,,,,,,,,,0,0
1167,38900,,,,,,,,,,,,,,,,,,,,,,,,,0,0
1168,38933,,,,,,,,,,,,,,,,,,,,,,,,,0,0
1169,38967,,,,,,,,,,,,,,,,,,,,,,,,,0,0
1170,39000,,,,,,,,,,,,,,,,,,,,,,d,move_right,,0,0
1171,39033,,,,,,,,,,,,,,,,,,,,,,d,move_right,,0,0
1172,39067,,,,,,,,,,,,,,,,,,,,,,d,move_right,,0,0
1173,39100,,,,,,,,,,,,,,,,,,,,,,d,move_right,,0,0
1174,39133,,,,,,,,,,,,,,,,,,,,,,w,move_up,,0,0
1175,39167,,,,,,,,,,,,,,,,,,,,,,w,move_up,,0,0
1176,39200,,,,,,,,,,,,,,,,,,,,,,w,move_up,,0,0
1177,39233,,,,,,,,,,,,,,,,,,,,,,,,,0,0
1178,39267,,,,,,,,,,,,,,,,,,,,,,,,,0,0
1179,39300,,,,,,,,,,,,,,,,,,,,,,,,,0,0
1180,39333,,,,,,,,,,,,,,,,,,,,,,,,,0,0
1181,39367,,,,,,,,,,,,,,,,,,,,,,,,,0,0
1182,39400,,,,,,,,,,,,,,,,,,,,,,,,,0,0
1183,39433,,,,,,,,,,,,,,,,,,,,,,e,interact,,0,0
1184,39467,,,,,,,,,,,,,,,,,,,,,,e,interact,,0,0
1185,39500,,,,,,,,,,,,,,,,,,,,,,e,interact,,0,0
1186,39533,,,,,,,,,,,,,,,,,,,,,,e,interact,,0,0
1187,39567,,,,,,,,,,,,,,,,,,,,,,,,,0,0
1188,39600,,,,,,,,,,,,,,,,,,,,,,,,,0,0
1189,39633,,,,,,,,,,,,,,,,,,,,,,,,,0,0
1190,39667,,,,,,,,,,,,,,,,,,,,,,,,,0,0
1191,39700,,,,,,,,,,,,,,,,,,,,,,,,,0,0
1192,39733,,,,,,,,,,,,,,,,,,,,,,,,,0,0
1193,39767,,,,,,,,,,,,,,,,,,,,,,,,,0,0
1194,39800,,,,,,,,,,,,,,,,,,,,,,,,,0,0
1195,39833,,,,,,,,,,,,,,,,,,,,,,,,,0,0
1196,39867,,,,,,,,,,,,,,,,,,,,,,,,,0,0
1197,39900,,,,,,,,,,,,,,,,,,,,,,,,,0,0
1198,39933,,,,,,,,,,,,,,,,,,,,,,,,,0,0
1199,39967,,,,,,,,,,,,,,,,,,,,,,,,,0,0
1200,40000,,,,,,,,,,,,,,,,,,,,,,,,,0,0
1201,40033,,,,,,,,,,,,,,,,,,,,,,,,,0,0
1202,40067,,,,,,,,,,,,,,,,,,,,,,,,,0,0
1203,40100,,,,,,,,,,,,,,,,,,,,,,,,,0,0
1204,40133,,,,,,,,,,,,,,,,,,,,,,,,,0,0
1205,40167,,,,,,,,,,,,,,,,,,,,,,,,,0,0
1206,40200,,,,,,,,,,,,,,,,,,,,,,,,,0,0
1207,40233,,,,,,,,,,,,,,,,,,,,,,,,,0,0
1208,40267,,,,,,,,,,,,,,,,,,,,,,,,,0,0
1209,40300,,,,,,,,,,,,,,,,,,,,,,,,,0,0
1210,40333,,,,,,,,,,,,,,,,,,,,,,,,,0,0
1211,40367,,,,,,,,,,,,,,,,,,,,,,d,move_right,,0,0
1212,40400,,,,,,,,,,,,,,,,,,,,,,d,move_right,,0,0
1213,40433,,,,,,,,,,,,,,,,,,,,,,,,,0,0
1214,40467,,,,,,,,,,,,,,,,,,,,,,,,,0,0
1215,40500,,,,,,,,,,,,,,,,,,,,,,,,,0,0
1216,40533,,,,,,,,,,,,,,,,,,,,,,s,move_down,,0,0
1217,40567,,,,,,,,,,,,,,,,,,,,,,s,move_down,,0,0
1218,40600,,,,,,,,,,,,,,,,,,,,,,d|s,move_down|move_right,,0,0
1219,40633,,,,,,,,,,,,,,,,,,,,,,d|s,move_down|move_right,,0,0
1220,40667,,,,,,,,,,,,,,,,,,,,,,d|s,move_down|move_right,,0,0
1221,40700,,,,,,,,,,,,,,,,,,,,,,d|s,move_down|move_right,,0,0
1222,40733,,,,,,,,,,,,,,,,,,,,,,d|s,move_down|move_right,,0,0
1223,40767,,,,,,,,,,,,,,,,,,,,,,d,move_right,,0,0
1224,40800,,,,,,,,,,,,,,,,,,,,,,,,,0,0
1225,40833,,,,,,,,,,,,,,,,,,,,,,,,,0,0
1226,40867,,,,,,,,,,,,,,,,,,,,,,,,,0,0
1227,40900,,,,,,,,,,,,,,,,,,,,,,,,,0,0
1228,40933,,,,,,,,,,,,,,,,,,,,,,,,,0,0
1229,40967,,,,,,,,,,,,,,,,,,,,,,,,,0,0
1230,41000,,,,,,,,,,,,,,,,,,,,,,d,move_right,,0,0
1231,41033,,,,,,,,,,,,,,,,,,,,,,d,move_right,,0,0
1232,41067,,,,,,,,,,,,,,,,,,,,,,d,move_right,,0,0
1233,41100,,,,,,,,,,,,,,,,,,,,,,d|w,move_up|move_right,,0,0
1234,41133,,,,,,,,,,,,,,,,,,,,,,d|w,move_up|move_right,,0,0
1235,41167,,,,,,,,,,,,,,,,,,,,,,d|w,move_up|move_right,,0,0
1236,41200,,,,,,,,,,,,,,,,,,,,,,d|w,move_up|move_right,,0,0
1237,41233,,,,,,,,,,,,,,,,,,,,,,d|w,move_up|move_right,,0,0
1238,41267,,,,,,,,,,,,,,,,,,,,,,d|w,move_up|move_right,,0,0
1239,41300,,,,,,,,,,,,,,,,,,,,,,d|w,move_up|move_right,,0,0
1240,41333,,,,,,,,,,,,,,,,,,,,,,w,move_up,,0,0
1241,41367,,,,,,,,,,,,,,,,,,,,,,,,,0,0
1242,41400,,,,,,,,,,,,,,,,,,,,,,,,,0,0
1243,41433,,,,,,,,,,,,,,,,,,,,,,,,,0,0
1244,41467,,,,,,,,,,,,,,,,,,,,,,,,,0,0
1245,41500,,,,,,,,,,,,,,,,,,,,,,,,,0,0
1246,41533,,,,,,,,,,,,,,,,,,,,,,,,,0,0
1247,41567,,,,,,,,,,,,,,,,,,,,,,,,,0,0
1248,41600,,,,,,,,,,,,,,,,,,,,,,,,,0,0
1249,41633,,,,,,,,,,,,,,,,,,,,,,w,move_up,,0,0
1250,41667,,,,,,,,,,,,,,,,,,,,,,w,move_up,,0,0
1251,41700,,,,,,,,,,,,,,,,,,,,,,w,move_up,,0,0
1252,41733,,,,,,,,,,,,,,,,,,,,,,w,move_up,,0,0
1253,41767,,,,,,,,,,,,,,,,,,,,,,w,move_up,,0,0
1254,41800,,,,,,,,,,,,,,,,,,,,,,w,move_up,,0,0
1255,41833,,,,,,,,,,,,,,,,,,,,,,w,move_up,,0,0
1256,41867,,,,,,,,,,,,,,,,,,,,,,w,move_up,,0,0
1257,41900,,,,,,,,,,,,,,,,,,,,,,w,move_up,,0,0
1258,41933,,,,,,,,,,,,,,,,,,,,,,w,move_up,,0,0
1259,41967,,,,,,,,,,,,,,,,,,,,,,w,move_up,,0,0
1260,42000,,,,,,,,,,,,,,,,,,,,,,,,,0,0
1261,42033,,,,,,,,,,,,,,,,,,,,,,,,,0,0
1262,42067,,,,,,,,,,,,,,,,,,,,,,,,,0,0
1263,42100,,,,,,,,,,,,,,,,,,,,,,,,,0,0
1264,42133,,,,,,,,,,,,,,,,,,,,,,,,,0,0
1265,42167,,,,,,,,,,,,,,,,,,,,,,w,move_up,,0,0
1266,42200,,,,,,,,,,,,,,,,,,,,,,w,move_up,,0,0
1267,42233,,,,,,,,,,,,,,,,,,,,,,w,move_up,,0,0
1268,42267,,,,,,,,,,,,,,,,,,,,,,w,move_up,,0,0
1269,42300,,,,,,,,,,,,,,,,,,,,,,a|w,move_up|move_left,,0,0
1270,42333,,,,,,,,,,,,,,,,,,,,,,a|w,move_up|move_left,,0,0
1271,42367,,,,,,,,,,,,,,,,,,,,,,a|w,move_up|move_left,,0,0
1272,42400,,,,,,,,,,,,,,,,,,,,,,a|w,move_up|move_left,,0,0
1273,42433,,,,,,,,,,,,,,,,,,,,,,a|w,move_up|move_left,,0,0
1274,42467,,,,,,,,,,,,,,,,,,,,,,a|w,move_up|move_left,,0,0
1275,42500,,,,,,,,,,,,,,,,,,,,,,a|w,move_up|move_left,,0,0
1276,42533,,,,,,,,,,,,,,,,,,,,,,a|w,move_up|move_left,,0,0
1277,42567,,,,,,,,,,,,,,,,,,,,,,a|w,move_up|move_left,,0,0
1278,42600,,,,,,,,,,,,,,,,,,,,,,a|w,move_up|move_left,,0,0
1279,42633,,,,,,,,,,,,,,,,,,,,,,a|w,move_up|move_left,,0,0
1280,42667,,,,,,,,,,,,,,,,,,,,,,a|w,move_up|move_left,,0,0
1281,42700,,,,,,,,,,,,,,,,,,,,,,,,,0,0
1282,42733,,,,,,,,,,,,,,,,,,,,,,,,,0,0
1283,42767,,,,,,,,,,,,,,,,,,,,,,,,,0,0
1284,42800,,,,,,,,,,,,,,,,,,,,,,,,,0,0
1285,42833,,,,,,,,,,,,,,,,,,,,,,,,,0,0
1286,42867,,,,,,,,,,,,,,,,,,,,,,,,,0,0
1287,42900,,,,,,,,,,,,,,,,,,,,,,,,,0,0
1288,42933,,,,,,,,,,,,,,,,,,,,,,,,,0,0
1289,42967,,,,,,,,,,,,,,,,,,,,,,,,,0,0
1290,43000,,,,,,,,,,,,,,,,,,,,,,w,move_up,,0,0
1291,43033,,,,,,,,,,,,,,,,,,,,,,w,move_up,,0,0
1292,43067,,,,,,,,,,,,,,,,,,,,,,w,move_up,,0,0
1293,43100,,,,,,,,,,,,,,,,,,,,,,w,move_up,,0,0
1294,43133,,,,,,,,,,,,,,,,,,,,,,w,move_up,,0,0
1295,43167,,,,,,,,,,,,,,,,,,,,,,w,move_up,,0,0
1296,43200,,,,,,,,,,,,,,,,,,,,,,a|w,move_up|move_left,,0,0
1297,43233,,,,,,,,,,,,,,,,,,,,,,a|w,move_up|move_left,,0,0
1298,43267,,,,,,,,,,,,,,,,,,,,,,a|w,move_up|move_left,,0,0
1299,43300,,,,,,,,,,,,,,,,,,,,,,a|w,move_up|move_left,,0,0
1300,43333,,,,,,,,,,,,,,,,,,,,,,a|w,move_up|move_left,,0,0
1301,43367,,,,,,,,,,,,,,,,,,,,,,a|w,move_up|move_left,,0,0
1302,43400,,,,,,,,,,,,,,,,,,,,,,a|w,move_up|move_left,,0,0
1303,43433,,,,,,,,,,,,,,,,,,,,,,w,move_up,,0,0
1304,43467,,,,,,,,,,,,,,,,,,,,,,,,,0,0
1305,43500,,,,,,,,,,,,,,,,,,,,,,,,,0,0
1306,43533,,,,,,,,,,,,,,,,,,,,,,,,,0,0
1307,43567,,,,,,,,,,,,,,,,,,,,,,,,,0,0
1308,43600,,,,,,,,,,,,,,,,,,,,,,,,,0,0
1309,43633,,,,,,,,,,,,,,,,,,,,,,,,,0,0
1310,43667,,,,,,,,,,,,,,,,,,,,,,,,,0,0
1311,43700,,,,,,,,,,,,,,,,,,,,,,,,,0,0
1312,43733,,,,,,,,,,,,,,,,,,,,,,,,,0,0
1313,43767,,,,,,,,,,,,,,,,,,,,,,,,,0,0
1314,43800,,,,,,,,,,,,,,,,,,,,,,,,,0,0
1315,43833,,,,,,,,,,,,,,,,,,,,,,,,,0,0
1316,43867,,,,,,,,,,,,,,,,,,,,,,,,,0,0
1317,43900,,,,,,,,,,,,,,,,,,,,,,,,,0,0
1318,43933,,,,,,,,,,,,,,,,,,,,,,,,,0,0
1319,43967,,,,,,,,,,,,,,,,,,,,,,,,,0,0
1320,44000,,,,,,,,,,,,,,,,,,,,,,,,,0,0
1321,44033,,,,,,,,,,,,,,,,,,,,,,,,,0,0
1322,44067,,,,,,,,,,,,,,,,,,,,,,,,,0,0
1323,44100,,,,,,,,,,,,,,,,,,,,,,,,,0,0
1324,44133,,,,,,,,,,,,,,,,,,,,,,,,,0,0
1325,44167,,,,,,,,,,,,,,,,,,,,,,,,,0,0
1326,44200,,,,,,,,,,,,,,,,,,,,,,,,,0,0
1327,44233,,,,,,,,,,,,,,,,,,,,,,,,,0,0
1328,44267,,,,,,,,,,,,,,,,,,,,,,,,,0,0
1329,44300,,,,,,,,,,,,,,,,,,,,,,,,,0,0
1330,44333,,,,,,,,,,,,,,,,,,,,,,,,,0,0
1331,44367,,,,,,,,,,,,,,,,,,,,,,,,,0,0
1332,44400,,,,,,,,,,,,,,,,,,,,,,,,,0,0
1333,44433,,,,,,,,,,,,,,,,,,,,,,,,,0,0
1334,44467,,,,,,,,,,,,,,,,,,,,,,,,,0,0
1335,44500,,,,,,,,,,,,,,,,,,,,,,,,,0,0
1336,44533,,,,,,,,,,,,,,,,,,,,,,,,,0,0
1337,44567,,,,,,,,,,,,,,,,,,,,,,,,,0,0
1338,44600,,,,,,,,,,,,,,,,,,,,,,,,,0,0
1339,44633,,,,,,,,,,,,,,,,,,,,,,,,,0,0
1340,44667,,,,,,,,,,,,,,,,,,,,,,,,,0,0
1341,44700,,,,,,,,,,,,,,,,,,,,,,,,,0,0
1342,44733,,,,,,,,,,,,,,,,,,,,,,,,,0,0
1343,44767,,,,,,,,,,,,,,,,,,,,,,,,,0,0
1344,44800,,,,,,,,,,,,,,,,,,,,,,,,,0,0
1345,44833,,,,,,,,,,,,,,,,,,,,,,,,,0,0
1346,44867,,,,,,,,,,,,,,,,,,,,,,,,,0,0
1347,44900,,,,,,,,,,,,,,,,,,,,,,,,,0,0
1348,44933,,,,,,,,,,,,,,,,,,,,,,,,,0,0
1349,44967,,,,,,,,,,,,,,,,,,,,,,,,,0,0
1350,45000,,,,,,,,,,,,,,,,,,,,,,w,move_up,,0,0
1351,45033,,,,,,,,,,,,,,,,,,,,,,w,move_up,,0,0
1352,45067,,,,,,,,,,,,,,,,,,,,,,w,move_up,,0,0
1353,45100,,,,,,,,,,,,,,,,,,,,,,w,move_up,,0,0
1354,45133,,,,,,,,,,,,,,,,,,,,,,w,move_up,,0,0
1355,45167,,,,,,,,,,,,,,,,,,,,,,w,move_up,,0,0
1356,45200,,,,,,,,,,,,,,,,,,,,,,w,move_up,,0,0
1357,45233,,,,,,,,,,,,,,,,,,,,,,d|w,move_up|move_right,,0,0
1358,45267,,,,,,,,,,,,,,,,,,,,,,d|w,move_up|move_right,,0,0
1359,45300,,,,,,,,,,,,,,,,,,,,,,d|w,move_up|move_right,,0,0
1360,45333,,,,,,,,,,,,,,,,,,,,,,d|w,move_up|move_right,,0,0
1361,45367,,,,,,,,,,,,,,,,,,,,,,d|w,move_up|move_right,,0,0
1362,45400,,,,,,,,,,,,,,,,,,,,,,d|w,move_up|move_right,,0,0
1363,45433,,,,,,,,,,,,,,,,,,,,,,d|w,move_up|move_right,,0,0
1364,45467,,,,,,,,,,,,,,,,,,,,,,d|w,move_up|move_right,,0,0
1365,45500,,,,,,,,,,,,,,,,,,,,,,d|w,move_up|move_right,,0,0
1366,45533,,,,,,,,,,,,,,,,,,,,,,d|w,move_up|move_right,,0,0
1367,45567,,,,,,,,,,,,,,,,,,,,,,d|w,move_up|move_right,,0,0
1368,45600,,,,,,,,,,,,,,,,,,,,,,d|w,move_up|move_right,,0,0
1369,45633,,,,,,,,,,,,,,,,,,,,,,d|w,move_up|move_right,,0,0
1370,45667,,,,,,,,,,,,,,,,,,,,,,d|w,move_up|move_right,,0,0
1371,45700,,,,,,,,,,,,,,,,,,,,,,d|w,move_up|move_right,,0,0
1372,45733,,,,,,,,,,,,,,,,,,,,,,d|w,move_up|move_right,,0,0
1373,45767,,,,,,,,,,,,,,,,,,,,,,w,move_up,,0,0
1374,45800,,,,,,,,,,,,,,,,,,,,,,w,move_up,,0,0
1375,45833,,,,,,,,,,,,,,,,,,,,,,w,move_up,,0,0
1376,45867,,,,,,,,,,,,,,,,,,,,,,w,move_up,,0,0
1377,45900,,,,,,,,,,,,,,,,,,,,,,d|w,move_up|move_right,,0,0
1378,45933,,,,,,,,,,,,,,,,,,,,,,d|w,move_up|move_right,,0,0
1379,45967,,,,,,,,,,,,,,,,,,,,,,d|w,move_up|move_right,,0,0
1380,46000,,,,,,,,,,,,,,,,,,,,,,d|w,move_up|move_right,,0,0
1381,46033,,,,,,,,,,,,,,,,,,,,,,d|w,move_up|move_right,,0,0
1382,46067,,,,,,,,,,,,,,,,,,,,,,d|w,move_up|move_right,,0,0
1383,46100,,,,,,,,,,,,,,,,,,,,,,d|w,move_up|move_right,,0,0
1384,46133,,,,,,,,,,,,,,,,,,,,,,d|w,move_up|move_right,,0,0
1385,46167,,,,,,,,,,,,,,,,,,,,,,w,move_up,,0,0
1386,46200,,,,,,,,,,,,,,,,,,,,,,w,move_up,,0,0
1387,46233,,,,,,,,,,,,,,,,,,,,,,w,move_up,,0,0
1388,46267,,,,,,,,,,,,,,,,,,,,,,d|w,move_up|move_right,,0,0
1389,46300,,,,,,,,,,,,,,,,,,,,,,d|w,move_up|move_right,,0,0
1390,46333,,,,,,,,,,,,,,,,,,,,,,d|w,move_up|move_right,,0,0
1391,46367,,,,,,,,,,,,,,,,,,,,,,d|w,move_up|move_right,,0,0
1392,46400,,,,,,,,,,,,,,,,,,,,,,d|w,move_up|move_right,,0,0
1393,46433,,,,,,,,,,,,,,,,,,,,,,d|w,move_up|move_right,,0,0
1394,46467,,,,,,,,,,,,,,,,,,,,,,d|w,move_up|move_right,,0,0
1395,46500,,,,,,,,,,,,,,,,,,,,,,d|w,move_up|move_right,,0,0
1396,46533,,,,,,,,,,,,,,,,,,,,,,d|w,move_up|move_right,,0,0
1397,46567,,,,,,,,,,,,,,,,,,,,,,w,move_up,,0,0
1398,46600,,,,,,,,,,,,,,,,,,,,,,w,move_up,,0,0
1399,46633,,,,,,,,,,,,,,,,,,,,,,w,move_up,,0,0
1400,46667,,,,,,,,,,,,,,,,,,,,,,w,move_up,,0,0
1401,46700,,,,,,,,,,,,,,,,,,,,,,w,move_up,,0,0
1402,46733,,,,,,,,,,,,,,,,,,,,,,w,move_up,,0,0
1403,46767,,,,,,,,,,,,,,,,,,,,,,w,move_up,,0,0
1404,46800,,,,,,,,,,,,,,,,,,,,,,w,move_up,,0,0
1405,46833,,,,,,,,,,,,,,,,,,,,,,w,move_up,,0,0
1406,46867,,,,,,,,,,,,,,,,,,,,,,w,move_up,,0,0
1407,46900,,,,,,,,,,,,,,,,,,,,,,w,move_up,,0,0
1408,46933,,,,,,,,,,,,,,,,,,,,,,w,move_up,,0,0
1409,46967,,,,,,,,,,,,,,,,,,,,,,w,move_up,,0,0
1410,47000,,,,,,,,,,,,,,,,,,,,,,w,move_up,,0,0
1411,47033,,,,,,,,,,,,,,,,,,,,,,w,move_up,,0,0
1412,47067,,,,,,,,,,,,,,,,,,,,,,w,move_up,,0,0
1413,47100,,,,,,,,,,,,,,,,,,,,,,w,move_up,,0,0
1414,47133,,,,,,,,,,,,,,,,,,,,,,w,move_up,,0,0
1415,47167,,,,,,,,,,,,,,,,,,,,,,w,move_up,,0,0
1416,47200,,,,,,,,,,,,,,,,,,,,,,w,move_up,,0,0
1417,47233,,,,,,,,,,,,,,,,,,,,,,w,move_up,,0,0
1418,47267,,,,,,,,,,,,,,,,,,,,,,w,move_up,,0,0
1419,47300,,,,,,,,,,,,,,,,,,,,,,w,move_up,,0,0
1420,47333,,,,,,,,,,,,,,,,,,,,,,w,move_up,,0,0
1421,47367,,,,,,,,,,,,,,,,,,,,,,,,,0,0
1422,47400,,,,,,,,,,,,,,,,,,,,,,,,,0,0
1423,47433,,,,,,,,,,,,,,,,,,,,,,,,,0,0
1424,47467,,,,,,,,,,,,,,,,,,,,,,,,,0,0
1425,47500,,,,,,,,,,,,,,,,,,,,,,,,,0,0
1426,47533,,,,,,,,,,,,,,,,,,,,,,,,,0,0
1427,47567,,,,,,,,,,,,,,,,,,,,,,,,,0,0
1428,47600,,,,,,,,,,,,,,,,,,,,,,,,,0,0
1429,47633,,,,,,,,,,,,,,,,,,,,,,,,,0,0
1430,47667,,,,,,,,,,,,,,,,,,,,,,,,,0,0
1431,47700,,,,,,,,,,,,,,,,,,,,,,,,,0,0
1432,47733,,,,,,,,,,,,,,,,,,,,,,,,,0,0
1433,47767,,,,,,,,,,,,,,,,,,,,,,,,,0,0
1434,47800,,,,,,,,,,,,,,,,,,,,,,,,,0,0
1435,47833,,,,,,,,,,,,,,,,,,,,,,,,,0,0
1436,47867,,,,,,,,,,,,,,,,,,,,,,,,,0,0
1437,47900,,,,,,,,,,,,,,,,,,,,,,,,,0,0
1438,47933,,,,,,,,,,,,,,,,,,,,,,w,move_up,,0,0
1439,47967,,,,,,,,,,,,,,,,,,,,,,w,move_up,,0,0
1440,48000,,,,,,,,,,,,,,,,,,,,,,w,move_up,,0,0
1441,48033,,,,,,,,,,,,,,,,,,,,,,w,move_up,,0,0
1442,48067,,,,,,,,,,,,,,,,,,,,,,w,move_up,,0,0
1443,48100,,,,,,,,,,,,,,,,,,,,,,w,move_up,,0,0
1444,48133,,,,,,,,,,,,,,,,,,,,,,w,move_up,,0,0
1445,48167,,,,,,,,,,,,,,,,,,,,,,w,move_up,,0,0
1446,48200,,,,,,,,,,,,,,,,,,,,,,w,move_up,,0,0
1447,48233,,,,,,,,,,,,,,,,,,,,,,w,move_up,,0,0
1448,48267,,,,,,,,,,,,,,,,,,,,,,w,move_up,,0,0
1449,48300,,,,,,,,,,,,,,,,,,,,,,w,move_up,,0,0
1450,48333,,,,,,,,,,,,,,,,,,,,,,w,move_up,,0,0
1451,48367,,,,,,,,,,,,,,,,,,,,,,,,,0,0
1452,48400,,,,,,,,,,,,,,,,,,,,,,,,,0,0
1453,48433,,,,,,,,,,,,,,,,,,,,,,,,,0,0
1454,48467,,,,,,,,,,,,,,,,,,,,,,,,,0,0
1455,48500,,,,,,,,,,,,,,,,,,,,,,,,,0,0
1456,48533,,,,,,,,,,,,,,,,,,,,,,,,,0,0
1457,48567,,,,,,,,,,,,,,,,,,,,,,,,,0,0
1458,48600,,,,,,,,,,,,,,,,,,,,,,,,,0,0
1459,48633,,,,,,,,,,,,,,,,,,,,,,,,,0,0
1460,48667,,,,,,,,,,,,,,,,,,,,,,,,,0,0
1461,48700,,,,,,,,,,,,,,,,,,,,,,,,,0,0
1462,48733,,,,,,,,,,,,,,,,,,,,,,w,move_up,,0,0
1463,48767,,,,,,,,,,,,,,,,,,,,,,w,move_up,,0,0
1464,48800,,,,,,,,,,,,,,,,,,,,,,w,move_up,,0,0
1465,48833,,,,,,,,,,,,,,,,,,,,,,w,move_up,,0,0
1466,48867,,,,,,,,,,,,,,,,,,,,,,w,move_up,,0,0
1467,48900,,,,,,,,,,,,,,,,,,,,,,d|w,move_up|move_right,,0,0
1468,48933,,,,,,,,,,,,,,,,,,,,,,d|w,move_up|move_right,,0,0
1469,48967,,,,,,,,,,,,,,,,,,,,,,,,,0,0
1470,49000,,,,,,,,,,,,,,,,,,,,,,,,,0,0
1471,49033,,,,,,,,,,,,,,,,,,,,,,,,,0,0
1472,49067,,,,,,,,,,,,,,,,,,,,,,,,,0,0
1473,49100,,,,,,,,,,,,,,,,,,,,,,,,,0,0
1474,49133,,,,,,,,,,,,,,,,,,,,,,,,,0,0
1475,49167,,,,,,,,,,,,,,,,,,,,,,,,,0,0
1476,49200,,,,,,,,,,,,,,,,,,,,,,,,,0,0
1477,49233,,,,,,,,,,,,,,,,,,,,,,,,,0,0
1478,49267,,,,,,,,,,,,,,,,,,,,,,,,,0,0
1479,49300,,,,,,,,,,,,,,,,,,,,,,,,,0,0
1480,49333,,,,,,,,,,,,,,,,,,,,,,,,,0,0
1481,49367,,,,,,,,,,,,,,,,,,,,,,,,,0,0
1482,49400,,,,,,,,,,,,,,,,,,,,,,,,,0,0
1483,49433,,,,,,,,,,,,,,,,,,,,,,,,,0,0
1484,49467,,,,,,,,,,,,,,,,,,,,,,e,interact,,0,0
1485,49500,,,,,,,,,,,,,,,,,,,,,,e,interact,,0,0
1486,49533,,,,,,,,,,,,,,,,,,,,,,e,interact,,0,0
1487,49567,,,,,,,,,,,,,,,,,,,,,,e,interact,,0,0
1488,49600,,,,,,,,,,,,,,,,,,,,,,,,,0,0
1489,49633,,,,,,,,,,,,,,,,,,,,,,,,,0,0
1490,49667,,,,,,,,,,,,,,,,,,,,,,,,,0,0
1491,49700,,,,,,,,,,,,,,,,,,,,,,,,,0,0
1492,49733,,,,,,,,,,,,,,,,,,,,,,,,,0,0
1493,49767,,,,,,,,,,,,,,,,,,,,,,,,,0,0
1494,49800,,,,,,,,,,,,,,,,,,,,,,,,,0,0
1495,49833,,,,,,,,,,,,,,,,,,,,,,,,,0,0
1496,49867,,,,,,,,,,,,,,,,,,,,,,,,,0,0
1497,49900,,,,,,,,,,,,,,,,,,,,,,,,,0,0
1498,49933,,,,,,,,,,,,,,,,,,,,,,,,,0,0
1499,49967,,,,,,,,,,,,,,,,,,,,,,,,,0,0
1500,50000,,,,,,,,,,,,,,,,,,,,,,,,,0,0
1501,50033,,,,,,,,,,,,,,,,,,,,,,,,,0,0
1502,50067,,,,,,,,,,,,,,,,,,,,,,,,,0,0
1503,50100,,,,,,,,,,,,,,,,,,,,,,,,,0,0
1504,50133,,,,,,,,,,,,,,,,,,,,,,,,,0,0
1505,50167,,,,,,,,,,,,,,,,,,,,,,,,,0,0
1506,50200,,,,,,,,,,,,,,,,,,,,,,,,,0,0
1507,50233,,,,,,,,,,,,,,,,,,,,,,,,,0,0
1508,50267,,,,,,,,,,,,,,,,,,,,,,w,move_up,,0,0
1509,50300,,,,,,,,,,,,,,,,,,,,,,w,move_up,,0,0
1510,50333,,,,,,,,,,,,,,,,,,,,,,w,move_up,,0,0
1511,50367,,,,,,,,,,,,,,,,,,,,,,w,move_up,,0,0
1512,50400,,,,,,,,,,,,,,,,,,,,,,w,move_up,,0,0
1513,50433,,,,,,,,,,,,,,,,,,,,,,a|w,move_up|move_left,,0,0
1514,50467,,,,,,,,,,,,,,,,,,,,,,a|w,move_up|move_left,,0,0
1515,50500,,,,,,,,,,,,,,,,,,,,,,a|w,move_up|move_left,,0,0
1516,50533,,,,,,,,,,,,,,,,,,,,,,a|w,move_up|move_left,,0,0
1517,50567,,,,,,,,,,,,,,,,,,,,,,a|w,move_up|move_left,,0,0
1518,50600,,,,,,,,,,,,,,,,,,,,,,a|w,move_up|move_left,,0,0
1519,50633,,,,,,,,,,,,,,,,,,,,,,w,move_up,,0,0
1520,50667,,,,,,,,,,,,,,,,,,,,,,w,move_up,,0,0
1521,50700,,,,,,,,,,,,,,,,,,,,,,w,move_up,,0,0
1522,50733,,,,,,,,,,,,,,,,,,,,,,w,move_up,,0,0
1523,50767,,,,,,,,,,,,,,,,,,,,,,w,move_up,,0,0
1524,50800,,,,,,,,,,,,,,,,,,,,,,w,move_up,,0,0
1525,50833,,,,,,,,,,,,,,,,,,,,,,w,move_up,,0,0
1526,50867,,,,,,,,,,,,,,,,,,,,,,w,move_up,,0,0
1527,50900,,,,,,,,,,,,,,,,,,,,,,d|w,move_up|move_right,,0,0
1528,50933,,,,,,,,,,,,,,,,,,,,,,d|w,move_up|move_right,,0,0
1529,50967,,,,,,,,,,,,,,,,,,,,,,d|w,move_up|move_right,,0,0
1530,51000,,,,,,,,,,,,,,,,,,,,,,d|w,move_up|move_right,,0,0
1531,51033,,,,,,,,,,,,,,,,,,,,,,w,move_up,,0,0
1532,51067,,,,,,,,,,,,,,,,,,,,,,w,move_up,,0,0
1533,51100,,,,,,,,,,,,,,,,,,,,,,w,move_up,,0,0
1534,51133,,,,,,,,,,,,,,,,,,,,,,w,move_up,,0,0
1535,51167,,,,,,,,,,,,,,,,,,,,,,w,move_up,,0,0
1536,51200,,,,,,,,,,,,,,,,,,,,,,w,move_up,,0,0
1537,51233,,,,,,,,,,,,,,,,,,,,,,w,move_up,,0,0
1538,51267,,,,,,,,,,,,,,,,,,,,,,d|w,move_up|move_right,,0,0
1539,51300,,,,,,,,,,,,,,,,,,,,,,d|w,move_up|move_right,,0,0
1540,51333,,,,,,,,,,,,,,,,,,,,,,d|w,move_up|move_right,,0,0
1541,51367,,,,,,,,,,,,,,,,,,,,,,d|w,move_up|move_right,,0,0
1542,51400,,,,,,,,,,,,,,,,,,,,,,d|w,move_up|move_right,,0,0
1543,51433,,,,,,,,,,,,,,,,,,,,,,d|w,move_up|move_right,,0,0
1544,51467,,,,,,,,,,,,,,,,,,,,,,d|w,move_up|move_right,,0,0
1545,51500,,,,,,,,,,,,,,,,,,,,,,d|w,move_up|move_right,,0,0
1546,51533,,,,,,,,,,,,,,,,,,,,,,d|w,move_up|move_right,,0,0
1547,51567,,,,,,,,,,,,,,,,,,,,,,d|w,move_up|move_right,,0,0
1548,51600,,,,,,,,,,,,,,,,,,,,,,d|w,move_up|move_right,,0,0
1549,51633,,,,,,,,,,,,,,,,,,,,,,d|w,move_up|move_right,,0,0
1550,51667,,,,,,,,,,,,,,,,,,,,,,d|w,move_up|move_right,,0,0
1551,51700,,,,,,,,,,,,,,,,,,,,,,d|w,move_up|move_right,,0,0
1552,51733,,,,,,,,,,,,,,,,,,,,,,d|w,move_up|move_right,,0,0
1553,51767,,,,,,,,,,,,,,,,,,,,,,d|w,move_up|move_right,,0,0
1554,51800,,,,,,,,,,,,,,,,,,,,,,d|w,move_up|move_right,,0,0
1555,51833,,,,,,,,,,,,,,,,,,,,,,w,move_up,,0,0
1556,51867,,,,,,,,,,,,,,,,,,,,,,w,move_up,,0,0
1557,51900,,,,,,,,,,,,,,,,,,,,,,w,move_up,,0,0
1558,51933,,,,,,,,,,,,,,,,,,,,,,w,move_up,,0,0
1559,51967,,,,,,,,,,,,,,,,,,,,,,w,move_up,,0,0
1560,52000,,,,,,,,,,,,,,,,,,,,,,d|w,move_up|move_right,,0,0
1561,52033,,,,,,,,,,,,,,,,,,,,,,d|w,move_up|move_right,,0,0
1562,52067,,,,,,,,,,,,,,,,,,,,,,d|w,move_up|move_right,,0,0
1563,52100,,,,,,,,,,,,,,,,,,,,,,d|w,move_up|move_right,,0,0
1564,52133,,,,,,,,,,,,,,,,,,,,,,d|w,move_up|move_right,,0,0
1565,52167,,,,,,,,,,,,,,,,,,,,,,w,move_up,,0,0
1566,52200,,,,,,,,,,,,,,,,,,,,,,w,move_up,,0,0
1567,52233,,,,,,,,,,,,,,,,,,,,,,w,move_up,,0,0
1568,52267,,,,,,,,,,,,,,,,,,,,,,w,move_up,,0,0
1569,52300,,,,,,,,,,,,,,,,,,,,,,w,move_up,,0,0
1570,52333,,,,,,,,,,,,,,,,,,,,,,w,move_up,,0,0
1571,52367,,,,,,,,,,,,,,,,,,,,,,w,move_up,,0,0
1572,52400,,,,,,,,,,,,,,,,,,,,,,d|w,move_up|move_right,,0,0
1573,52433,,,,,,,,,,,,,,,,,,,,,,d|w,move_up|move_right,,0,0
1574,52467,,,,,,,,,,,,,,,,,,,,,,d|w,move_up|move_right,,0,0
1575,52500,,,,,,,,,,,,,,,,,,,,,,d|w,move_up|move_right,,0,0
1576,52533,,,,,,,,,,,,,,,,,,,,,,d|w,move_up|move_right,,0,0
1577,52567,,,,,,,,,,,,,,,,,,,,,,w,move_up,,0,0
1578,52600,,,,,,,,,,,,,,,,,,,,,,w,move_up,,0,0
1579,52633,,,,,,,,,,,,,,,,,,,,,,w,move_up,,0,0
1580,52667,,,,,,,,,,,,,,,,,,,,,,w,move_up,,0,0
1581,52700,,,,,,,,,,,,,,,,,,,,,,w,move_up,,0,0
1582,52733,,,,,,,,,,,,,,,,,,,,,,w,move_up,,0,0
1583,52767,,,,,,,,,,,,,,,,,,,,,,w,move_up,,0,0
1584,52800,,,,,,,,,,,,,,,,,,,,,,w,move_up,,0,0
1585,52833,,,,,,,,,,,,,,,,,,,,,,w,move_up,,0,0
1586,52867,,,,,,,,,,,,,,,,,,,,,,d|w,move_up|move_right,,0,0
1587,52900,,,,,,,,,,,,,,,,,,,,,,d|w,move_up|move_right,,0,0
1588,52933,,,,,,,,,,,,,,,,,,,,,,d|w,move_up|move_right,,0,0
1589,52967,,,,,,,,,,,,,,,,,,,,,,d|w,move_up|move_right,,0,0
1590,53000,,,,,,,,,,,,,,,,,,,,,,w,move_up,,0,0
1591,53033,,,,,,,,,,,,,,,,,,,,,,w,move_up,,0,0
1592,53067,,,,,,,,,,,,,,,,,,,,,,w,move_up,,0,0
1593,53100,,,,,,,,,,,,,,,,,,,,,,w,move_up,,0,0
1594,53133,,,,,,,,,,,,,,,,,,,,,,w,move_up,,0,0
1595,53167,,,,,,,,,,,,,,,,,,,,,,w,move_up,,0,0
1596,53200,,,,,,,,,,,,,,,,,,,,,,w,move_up,,0,0
1597,53233,,,,,,,,,,,,,,,,,,,,,,w,move_up,,0,0
1598,53267,,,,,,,,,,,,,,,,,,,,,,w,move_up,,0,0
1599,53300,,,,,,,,,,,,,,,,,,,,,,w,move_up,,0,0
1600,53333,,,,,,,,,,,,,,,,,,,,,,w,move_up,,0,0
1601,53367,,,,,,,,,,,,,,,,,,,,,,w,move_up,,0,0
1602,53400,,,,,,,,,,,,,,,,,,,,,,w,move_up,,0,0
1603,53433,,,,,,,,,,,,,,,,,,,,,,w,move_up,,0,0
1604,53467,,,,,,,,,,,,,,,,,,,,,,w,move_up,,0,0
1605,53500,,,,,,,,,,,,,,,,,,,,,,w,move_up,,0,0
1606,53533,,,,,,,,,,,,,,,,,,,,,,w,move_up,,0,0
1607,53567,,,,,,,,,,,,,,,,,,,,,,w,move_up,,0,0
1608,53600,,,,,,,,,,,,,,,,,,,,,,w,move_up,,0,0
1609,53633,,,,,,,,,,,,,,,,,,,,,,w,move_up,,0,0
1610,53667,,,,,,,,,,,,,,,,,,,,,,w,move_up,,0,0
1611,53700,,,,,,,,,,,,,,,,,,,,,,w,move_up,,0,0
1612,53733,,,,,,,,,,,,,,,,,,,,,,w,move_up,,0,0
1613,53767,,,,,,,,,,,,,,,,,,,,,,d|w,move_up|move_right,,0,0
1614,53800,,,,,,,,,,,,,,,,,,,,,,d|w,move_up|move_right,,0,0
1615,53833,,,,,,,,,,,,,,,,,,,,,,d|w,move_up|move_right,,0,0
1616,53867,,,,,,,,,,,,,,,,,,,,,,d|w,move_up|move_right,,0,0
1617,53900,,,,,,,,,,,,,,,,,,,,,,d|w,move_up|move_right,,0,0
1618,53933,,,,,,,,,,,,,,,,,,,,,,d|w,move_up|move_right,,0,0
1619,53967,,,,,,,,,,,,,,,,,,,,,,d|w,move_up|move_right,,0,0
1620,54000,,,,,,,,,,,,,,,,,,,,,,w,move_up,,0,0
1621,54033,,,,,,,,,,,,,,,,,,,,,,w,move_up,,0,0
1622,54067,,,,,,,,,,,,,,,,,,,,,,w,move_up,,0,0
1623,54100,,,,,,,,,,,,,,,,,,,,,,w,move_up,,0,0
1624,54133,,,,,,,,,,,,,,,,,,,,,,w,move_up,,0,0
1625,54167,,,,,,,,,,,,,,,,,,,,,,,,,0,0
1626,54200,,,,,,,,,,,,,,,,,,,,,,,,,0,0
1627,54233,,,,,,,,,,,,,,,,,,,,,,,,,0,0
1628,54267,,,,,,,,,,,,,,,,,,,,,,,,,0,0
1629,54300,,,,,,,,,,,,,,,,,,,,,,,,,0,0
1630,54333,,,,,,,,,,,,,,,,,,,,,,,,,0,0
1631,54367,,,,,,,,,,,,,,,,,,,,,,,,,0,0
1632,54400,,,,,,,,,,,,,,,,,,,,,,w,move_up,,0,0
1633,54433,,,,,,,,,,,,,,,,,,,,,,d|w,move_up|move_right,,0,0
1634,54467,,,,,,,,,,,,,,,,,,,,,,d|w,move_up|move_right,,0,0
1635,54500,,,,,,,,,,,,,,,,,,,,,,d|w,move_up|move_right,,0,0
1636,54533,,,,,,,,,,,,,,,,,,,,,,w,move_up,,0,0
1637,54567,,,,,,,,,,,,,,,,,,,,,,w,move_up,,0,0
1638,54600,,,,,,,,,,,,,,,,,,,,,,w,move_up,,0,0
1639,54633,,,,,,,,,,,,,,,,,,,,,,w,move_up,,0,0
1640,54667,,,,,,,,,,,,,,,,,,,,,,w,move_up,,0,0
1641,54700,,,,,,,,,,,,,,,,,,,,,,w,move_up,,0,0
1642,54733,,,,,,,,,,,,,,,,,,,,,,w,move_up,,0,0
1643,54767,,,,,,,,,,,,,,,,,,,,,,w,move_up,,0,0
1644,54800,,,,,,,,,,,,,,,,,,,,,,w,move_up,,0,0
1645,54833,,,,,,,,,,,,,,,,,,,,,,w,move_up,,0,0
1646,54867,,,,,,,,,,,,,,,,,,,,,,w,move_up,,0,0
1647,54900,,,,,,,,,,,,,,,,,,,,,,w,move_up,,0,0
1648,54933,,,,,,,,,,,,,,,,,,,,,,w,move_up,,0,0
1649,54967,,,,,,,,,,,,,,,,,,,,,,w,move_up,,0,0
1650,55000,,,,,,,,,,,,,,,,,,,,,,w,move_up,,0,0
1651,55033,,,,,,,,,,,,,,,,,,,,,,w,move_up,,0,0
1652,55067,,,,,,,,,,,,,,,,,,,,,,w,move_up,,0,0
1653,55100,,,,,,,,,,,,,,,,,,,,,,w,move_up,,0,0
1654,55133,,,,,,,,,,,,,,,,,,,,,,d|w,move_up|move_right,,0,0
1655,55167,,,,,,,,,,,,,,,,,,,,,,d|w,move_up|move_right,,0,0
1656,55200,,,,,,,,,,,,,,,,,,,,,,d|w,move_up|move_right,,0,0
1657,55233,,,,,,,,,,,,,,,,,,,,,,d|w,move_up|move_right,,0,0
1658,55267,,,,,,,,,,,,,,,,,,,,,,d|w,move_up|move_right,,0,0
1659,55300,,,,,,,,,,,,,,,,,,,,,,d|w,move_up|move_right,,0,0
1660,55333,,,,,,,,,,,,,,,,,,,,,,d|w,move_up|move_right,,0,0
1661,55367,,,,,,,,,,,,,,,,,,,,,,d|w,move_up|move_right,,0,0
1662,55400,,,,,,,,,,,,,,,,,,,,,,w,move_up,,0,0
1663,55433,,,,,,,,,,,,,,,,,,,,,,w,move_up,,0,0
1664,55467,,,,,,,,,,,,,,,,,,,,,,w,move_up,,0,0
1665,55500,,,,,,,,,,,,,,,,,,,,,,w,move_up,,0,0
1666,55533,,,,,,,,,,,,,,,,,,,,,,w,move_up,,0,0
1667,55567,,,,,,,,,,,,,,,,,,,,,,w,move_up,,0,0
1668,55600,,,,,,,,,,,,,,,,,,,,,,w,move_up,,0,0
1669,55633,,,,,,,,,,,,,,,,,,,,,,w,move_up,,0,0
1670,55667,,,,,,,,,,,,,,,,,,,,,,d|w,move_up|move_right,,0,0
1671,55700,,,,,,,,,,,,,,,,,,,,,,d|w,move_up|move_right,,0,0
1672,55733,,,,,,,,,,,,,,,,,,,,,,d|w,move_up|move_right,,0,0
1673,55767,,,,,,,,,,,,,,,,,,,,,,d|w,move_up|move_right,,0,0
1674,55800,,,,,,,,,,,,,,,,,,,,,,d|w,move_up|move_right,,0,0
1675,55833,,,,,,,,,,,,,,,,,,,,,,w,move_up,,0,0
1676,55867,,,,,,,,,,,,,,,,,,,,,,w,move_up,,0,0
1677,55900,,,,,,,,,,,,,,,,,,,,,,w,move_up,,0,0
1678,55933,,,,,,,,,,,,,,,,,,,,,,w,move_up,,0,0
1679,55967,,,,,,,,,,,,,,,,,,,,,,w,move_up,,0,0
1680,56000,,,,,,,,,,,,,,,,,,,,,,w,move_up,,0,0
1681,56033,,,,,,,,,,,,,,,,,,,,,,w,move_up,,0,0
1682,56067,,,,,,,,,,,,,,,,,,,,,,w,move_up,,0,0
1683,56100,,,,,,,,,,,,,,,,,,,,,,w,move_up,,0,0
1684,56133,,,,,,,,,,,,,,,,,,,,,,w,move_up,,0,0
1685,56167,,,,,,,,,,,,,,,,,,,,,,w,move_up,,0,0
1686,56200,,,,,,,,,,,,,,,,,,,,,,w,move_up,,0,0
1687,56233,,,,,,,,,,,,,,,,,,,,,,w,move_up,,0,0
1688,56267,,,,,,,,,,,,,,,,,,,,,,w,move_up,,0,0
1689,56300,,,,,,,,,,,,,,,,,,,,,,w,move_up,,0,0
1690,56333,,,,,,,,,,,,,,,,,,,,,,w,move_up,,0,0
1691,56367,,,,,,,,,,,,,,,,,,,,,,d|w,move_up|move_right,,0,0
1692,56400,,,,,,,,,,,,,,,,,,,,,,d|w,move_up|move_right,,0,0
1693,56433,,,,,,,,,,,,,,,,,,,,,,d|w,move_up|move_right,,0,0
1694,56467,,,,,,,,,,,,,,,,,,,,,,d|w,move_up|move_right,,0,0
1695,56500,,,,,,,,,,,,,,,,,,,,,,d|w,move_up|move_right,,0,0
1696,56533,,,,,,,,,,,,,,,,,,,,,,d|w,move_up|move_right,,0,0
1697,56567,,,,,,,,,,,,,,,,,,,,,,d|w,move_up|move_right,,0,0
1698,56600,,,,,,,,,,,,,,,,,,,,,,d|w,move_up|move_right,,0,0
1699,56633,,,,,,,,,,,,,,,,,,,,,,d|w,move_up|move_right,,0,0
1700,56667,,,,,,,,,,,,,,,,,,,,,,d|w,move_up|move_right,,0,0
1701,56700,,,,,,,,,,,,,,,,,,,,,,d|w,move_up|move_right,,0,0
1702,56733,,,,,,,,,,,,,,,,,,,,,,d|w,move_up|move_right,,0,0
1703,56767,,,,,,,,,,,,,,,,,,,,,,d|w,move_up|move_right,,0,0
1704,56800,,,,,,,,,,,,,,,,,,,,,,d|w,move_up|move_right,,0,0
1705,56833,,,,,,,,,,,,,,,,,,,,,,d|w,move_up|move_right,,0,0
1706,56867,,,,,,,,,,,,,,,,,,,,,,d|w,move_up|move_right,,0,0
1707,56900,,,,,,,,,,,,,,,,,,,,,,d|w,move_up|move_right,,0,0
1708,56933,,,,,,,,,,,,,,,,,,,,,,d|w,move_up|move_right,,0,0
1709,56967,,,,,,,,,,,,,,,,,,,,,,d|w,move_up|move_right,,0,0
1710,57000,,,,,,,,,,,,,,,,,,,,,,d|w,move_up|move_right,,0,0
1711,57033,,,,,,,,,,,,,,,,,,,,,,d|w,move_up|move_right,,0,0
1712,57067,,,,,,,,,,,,,,,,,,,,,,d|w,move_up|move_right,,0,0
1713,57100,,,,,,,,,,,,,,,,,,,,,,d|w,move_up|move_right,,0,0
1714,57133,,,,,,,,,,,,,,,,,,,,,,d|w,move_up|move_right,,0,0
1715,57167,,,,,,,,,,,,,,,,,,,,,,d|w,move_up|move_right,,0,0
1716,57200,,,,,,,,,,,,,,,,,,,,,,d|w,move_up|move_right,,0,0
1717,57233,,,,,,,,,,,,,,,,,,,,,,d|w,move_up|move_right,,0,0
1718,57267,,,,,,,,,,,,,,,,,,,,,,d|w,move_up|move_right,,0,0
1719,57300,,,,,,,,,,,,,,,,,,,,,,d|w,move_up|move_right,,0,0
1720,57333,,,,,,,,,,,,,,,,,,,,,,d|w,move_up|move_right,,0,0
1721,57367,,,,,,,,,,,,,,,,,,,,,,d|w,move_up|move_right,,0,0
1722,57400,,,,,,,,,,,,,,,,,,,,,,d|w,move_up|move_right,,0,0
1723,57433,,,,,,,,,,,,,,,,,,,,,,d,move_right,,0,0
1724,57467,,,,,,,,,,,,,,,,,,,,,,,,,0,0
1725,57500,,,,,,,,,,,,,,,,,,,,,,,,,0,0
1726,57533,,,,,,,,,,,,,,,,,,,,,,,,,0,0
1727,57567,,,,,,,,,,,,,,,,,,,,,,,,,0,0
1728,57600,,,,,,,,,,,,,,,,,,,,,,,,,0,0
1729,57633,,,,,,,,,,,,,,,,,,,,,,,,,0,0
1730,57667,,,,,,,,,,,,,,,,,,,,,,,,,0,0
1731,57700,,,,,,,,,,,,,,,,,,,,,,,,,0,0
1732,57733,,,,,,,,,,,,,,,,,,,,,,,,,0,0
1733,57767,,,,,,,,,,,,,,,,,,,,,,,,,0,0
1734,57800,,,,,,,,,,,,,,,,,,,,,,w,move_up,,0,0
1735,57833,,,,,,,,,,,,,,,,,,,,,,w,move_up,,0,0
1736,57867,,,,,,,,,,,,,,,,,,,,,,w,move_up,,0,0
1737,57900,,,,,,,,,,,,,,,,,,,,,,w,move_up,,0,0
1738,57933,,,,,,,,,,,,,,,,,,,,,,w,move_up,,0,0
1739,57967,,,,,,,,,,,,,,,,,,,,,,w,move_up,,0,0
1740,58000,,,,,,,,,,,,,,,,,,,,,,w,move_up,,0,0
1741,58033,,,,,,,,,,,,,,,,,,,,,,d|w,move_up|move_right,,0,0
1742,58067,,,,,,,,,,,,,,,,,,,,,,d|w,move_up|move_right,,0,0
1743,58100,,,,,,,,,,,,,,,,,,,,,,d|w,move_up|move_right,,0,0
1744,58133,,,,,,,,,,,,,,,,,,,,,,d|w,move_up|move_right,,0,0
1745,58167,,,,,,,,,,,,,,,,,,,,,,d|w,move_up|move_right,,0,0
1746,58200,,,,,,,,,,,,,,,,,,,,,,d|w,move_up|move_right,,0,0
1747,58233,,,,,,,,,,,,,,,,,,,,,,d|w,move_up|move_right,,0,0
1748,58267,,,,,,,,,,,,,,,,,,,,,,d|w,move_up|move_right,,0,0
1749,58300,,,,,,,,,,,,,,,,,,,,,,d|w,move_up|move_right,,0,0
1750,58333,,,,,,,,,,,,,,,,,,,,,,d|w,move_up|move_right,,0,0
1751,58367,,,,,,,,,,,,,,,,,,,,,,d|w,move_up|move_right,,0,0
1752,58400,,,,,,,,,,,,,,,,,,,,,,d|w,move_up|move_right,,0,0
1753,58433,,,,,,,,,,,,,,,,,,,,,,d|w,move_up|move_right,,0,0
1754,58467,,,,,,,,,,,,,,,,,,,,,,d|w,move_up|move_right,,0,0
1755,58500,,,,,,,,,,,,,,,,,,,,,,d,move_right,,0,0
1756,58533,,,,,,,,,,,,,,,,,,,,,,d,move_right,,0,0
1757,58567,,,,,,,,,,,,,,,,,,,,,,d,move_right,,0,0
1758,58600,,,,,,,,,,,,,,,,,,,,,,d,move_right,,0,0
1759,58633,,,,,,,,,,,,,,,,,,,,,,d,move_right,,0,0
1760,58667,,,,,,,,,,,,,,,,,,,,,,d,move_right,,0,0
1761,58700,,,,,,,,,,,,,,,,,,,,,,d,move_right,,0,0
1762,58733,,,,,,,,,,,,,,,,,,,,,,d,move_right,,0,0
1763,58767,,,,,,,,,,,,,,,,,,,,,,d,move_right,,0,0
1764,58800,,,,,,,,,,,,,,,,,,,,,,,,,0,0
1765,58833,,,,,,,,,,,,,,,,,,,,,,,,,0,0
1766,58867,,,,,,,,,,,,,,,,,,,,,,,,,0,0
1767,58900,,,,,,,,,,,,,,,,,,,,,,,,,0,0
1768,58933,,,,,,,,,,,,,,,,,,,,,,d|w,move_up|move_right,,0,0
1769,58967,,,,,,,,,,,,,,,,,,,,,,d|w,move_up|move_right,,0,0
1770,59000,,,,,,,,,,,,,,,,,,,,,,d|w,move_up|move_right,,0,0
1771,59033,,,,,,,,,,,,,,,,,,,,,,d|w,move_up|move_right,,0,0
1772,59067,,,,,,,,,,,,,,,,,,,,,,d|w,move_up|move_right,,0,0
1773,59100,,,,,,,,,,,,,,,,,,,,,,d|w,move_up|move_right,,0,0
1774,59133,,,,,,,,,,,,,,,,,,,,,,d|w,move_up|move_right,,0,0
1775,59167,,,,,,,,,,,,,,,,,,,,,,d|w,move_up|move_right,,0,0
1776,59200,,,,,,,,,,,,,,,,,,,,,,w,move_up,,0,0
1777,59233,,,,,,,,,,,,,,,,,,,,,,w,move_up,,0,0
1778,59267,,,,,,,,,,,,,,,,,,,,,,w,move_up,,0,0
1779,59300,,,,,,,,,,,,,,,,,,,,,,w,move_up,,0,0
1780,59333,,,,,,,,,,,,,,,,,,,,,,w,move_up,,0,0
1781,59367,,,,,,,,,,,,,,,,,,,,,,,,,0,0
1782,59400,,,,,,,,,,,,,,,,,,,,,,,,,0,0
1783,59433,,,,,,,,,,,,,,,,,,,,,,,,,0,0
1784,59467,,,,,,,,,,,,,,,,,,,,,,,,,0,0
1785,59500,,,,,,,,,,,,,,,,,,,,,,,,,0,0
1786,59533,,,,,,,,,,,,,,,,,,,,,,w,move_up,,0,0
1787,59567,,,,,,,,,,,,,,,,,,,,,,w,move_up,,0,0
1788,59600,,,,,,,,,,,,,,,,,,,,,,d|w,move_up|move_right,,0,0
1789,59633,,,,,,,,,,,,,,,,,,,,,,d|w,move_up|move_right,,0,0
1790,59667,,,,,,,,,,,,,,,,,,,,,,d|w,move_up|move_right,,0,0
1791,59700,,,,,,,,,,,,,,,,,,,,,,d|w,move_up|move_right,,0,0
1792,59733,,,,,,,,,,,,,,,,,,,,,,d|w,move_up|move_right,,0,0
1793,59767,,,,,,,,,,,,,,,,,,,,,,d|w,move_up|move_right,,0,0
1794,59800,,,,,,,,,,,,,,,,,,,,,,d|w,move_up|move_right,,0,0
1795,59833,,,,,,,,,,,,,,,,,,,,,,d|w,move_up|move_right,,0,0
1796,59867,,,,,,,,,,,,,,,,,,,,,,d|w,move_up|move_right,,0,0
1797,59900,,,,,,,,,,,,,,,,,,,,,,w,move_up,,0,0
1798,59933,,,,,,,,,,,,,,,,,,,,,,w,move_up,,0,0
1799,59967,,,,,,,,,,,,,,,,,,,,,,,,,0,0
1800,60000,,,,,,,,,,,,,,,,,,,,,,,,,0,0
1801,60033,,,,,,,,,,,,,,,,,,,,,,,,,0,0
1802,60067,,,,,,,,,,,,,,,,,,,,,,,,,0,0
1803,60100,,,,,,,,,,,,,,,,,,,,,,,,,0,0
1804,60133,,,,,,,,,,,,,,,,,,,,,,,,,0,0
1805,60167,,,,,,,,,,,,,,,,,,,,,,,,,0,0
1806,60200,,,,,,,,,,,,,,,,,,,,,,,,,0,0
1807,60233,,,,,,,,,,,,,,,,,,,,,,,,,0,0
1808,60267,,,,,,,,,,,,,,,,,,,,,,,,,0,0
1809,60300,,,,,,,,,,,,,,,,,,,,,,,,,0,0
1810,60333,,,,,,,,,,,,,,,,,,,,,,,,,0,0
1811,60367,,,,,,,,,,,,,,,,,,,,,,,,,0,0
1812,60400,,,,,,,,,,,,,,,,,,,,,,,,,0,0
1813,60433,,,,,,,,,,,,,,,,,,,,,,,,,0,0
1814,60467,,,,,,,,,,,,,,,,,,,,,,,,,0,0
1815,60500,,,,,,,,,,,,,,,,,,,,,,,,,0,0
1816,60533,,,,,,,,,,,,,,,,,,,,,,,,,0,0
1817,60567,,,,,,,,,,,,,,,,,,,,,,,,,0,0
1818,60600,,,,,,,,,,,,,,,,,,,,,,,,,0,0
1819,60633,,,,,,,,,,,,,,,,,,,,,,,,,0,0
1820,60667,,,,,,,,,,,,,,,,,,,,,,,,,0,0
1821,60700,,,,,,,,,,,,,,,,,,,,,,,,,0,0
1822,60733,,,,,,,,,,,,,,,,,,,,,,w,move_up,,0,0
1823,60767,,,,,,,,,,,,,,,,,,,,,,w,move_up,,0,0
1824,60800,,,,,,,,,,,,,,,,,,,,,,w,move_up,,0,0
1825,60833,,,,,,,,,,,,,,,,,,,,,,w,move_up,,0,0
1826,60867,,,,,,,,,,,,,,,,,,,,,,w,move_up,,0,0
1827,60900,,,,,,,,,,,,,,,,,,,,,,,,,0,0
1828,60933,,,,,,,,,,,,,,,,,,,,,,,,,0,0
1829,60967,,,,,,,,,,,,,,,,,,,,,,,,,0,0
1830,61000,,,,,,,,,,,,,,,,,,,,,,,,,0,0
1831,61033,,,,,,,,,,,,,,,,,,,,,,,,,0,0
1832,61067,,,,,,,,,,,,,,,,,,,,,,,,,0,0
1833,61100,,,,,,,,,,,,,,,,,,,,,,,,,0,0
1834,61133,,,,,,,,,,,,,,,,,,,,,,,,,0,0
1835,61167,,,,,,,,,,,,,,,,,,,,,,,,,0,0
1836,61200,,,,,,,,,,,,,,,,,,,,,,,,,0,0
1837,61233,,,,,,,,,,,,,,,,,,,,,,,,,0,0
1838,61267,,,,,,,,,,,,,,,,,,,,,,,,,0,0
1839,61300,,,,,,,,,,,,,,,,,,,,,,,,,0,0
1840,61333,,,,,,,,,,,,,,,,,,,,,,,,,0,0
1841,61367,,,,,,,,,,,,,,,,,,,,,,,,,0,0
1842,61400,,,,,,,,,,,,,,,,,,,,,,,,,0,0
1843,61433,,,,,,,,,,,,,,,,,,,,,,,,,0,0
1844,61467,,,,,,,,,,,,,,,,,,,,,,,,,0,0
1845,61500,,,,,,,,,,,,,,,,,,,,,,,,,0,0
1846,61533,,,,,,,,,,,,,,,,,,,,,,,,,0,0
1847,61567,,,,,,,,,,,,,,,,,,,,,,,,,0,0
1848,61600,,,,,,,,,,,,,,,,,,,,,,,,,0,0
1849,61633,,,,,,,,,,,,,,,,,,,,,,,,,0,0
1850,61667,,,,,,,,,,,,,,,,,,,,,,,,,0,0
1851,61700,,,,,,,,,,,,,,,,,,,,,,,,,0,0
1852,61733,,,,,,,,,,,,,,,,,,,,,,,,,0,0
1853,61767,,,,,,,,,,,,,,,,,,,,,,,,,0,0
1854,61800,,,,,,,,,,,,,,,,,,,,,,,,,0,0
1855,61833,,,,,,,,,,,,,,,,,,,,,,,,,0,0
1856,61867,,,,,,,,,,,,,,,,,,,,,,,,,0,0
1857,61900,,,,,,,,,,,,,,,,,,,,,,,,,0,0
1858,61933,,,,,,,,,,,,,,,,,,,,,,,,,0,0
1859,61967,,,,,,,,,,,,,,,,,,,,,,,,,0,0
1860,62000,,,,,,,,,,,,,,,,,,,,,,,,,0,0
1861,62033,,,,,,,,,,,,,,,,,,,,,,,,,0,0
1862,62067,,,,,,,,,,,,,,,,,,,,,,,,,0,0
1863,62100,,,,,,,,,,,,,,,,,,,,,,,,,0,0
1864,62133,,,,,,,,,,,,,,,,,,,,,,,,,0,0
1865,62167,,,,,,,,,,,,,,,,,,,,,,,,,0,0
1866,62200,,,,,,,,,,,,,,,,,,,,,,,,,0,0
1867,62233,,,,,,,,,,,,,,,,,,,,,,,,,0,0
1868,62267,,,,,,,,,,,,,,,,,,,,,,,,,0,0
1869,62300,,,,,,,,,,,,,,,,,,,,,,,,,0,0
1870,62333,,,,,,,,,,,,,,,,,,,,,,,,,0,0
1871,62367,,,,,,,,,,,,,,,,,,,,,,,,,0,0
1872,62400,,,,,,,,,,,,,,,,,,,,,,,,,0,0
1873,62433,,,,,,,,,,,,,,,,,,,,,,,,,0,0
1874,62467,,,,,,,,,,,,,,,,,,,,,,,,,0,0
1875,62500,,,,,,,,,,,,,,,,,,,,,,,,,0,0
1876,62533,,,,,,,,,,,,,,,,,,,,,,,,,0,0
1877,62567,,,,,,,,,,,,,,,,,,,,,,,,,0,0
1878,62600,,,,,,,,,,,,,,,,,,,,,,,,,0,0
1879,62633,,,,,,,,,,,,,,,,,,,,,,,,,0,0
1880,62667,,,,,,,,,,,,,,,,,,,,,,,,,0,0
1881,62700,,,,,,,,,,,,,,,,,,,,,,,,,0,0
1882,62733,,,,,,,,,,,,,,,,,,,,,,,,,0,0
1883,62767,,,,,,,,,,,,,,,,,,,,,,,,,0,0
1884,62800,,,,,,,,,,,,,,,,,,,,,,,,,0,0
1885,62833,,,,,,,,,,,,,,,,,,,,,,,,,0,0
1886,62867,,,,,,,,,,,,,,,,,,,,,,,,,0,0
1887,62900,,,,,,,,,,,,,,,,,,,,,,,,,0,0
1888,62933,,,,,,,,,,,,,,,,,,,,,,,,,0,0
1889,62967,,,,,,,,,,,,,,,,,,,,,,,,,0,0
1890,63000,,,,,,,,,,,,,,,,,,,,,,,,,0,0
1891,63033,,,,,,,,,,,,,,,,,,,,,,,,,0,0
1892,63067,,,,,,,,,,,,,,,,,,,,,,,,,0,0
1893,63100,,,,,,,,,,,,,,,,,,,,,,,,,0,0
1894,63133,,,,,,,,,,,,,,,,,,,,,,w,move_up,,0,0
1895,63167,,,,,,,,,,,,,,,,,,,,,,w,move_up,,0,0
1896,63200,,,,,,,,,,,,,,,,,,,,,,w,move_up,,0,0
1897,63233,,,,,,,,,,,,,,,,,,,,,,w,move_up,,0,0
1898,63267,,,,,,,,,,,,,,,,,,,,,,d|w,move_up|move_right,,0,0
1899,63300,,,,,,,,,,,,,,,,,,,,,,d|w,move_up|move_right,,0,0
1900,63333,,,,,,,,,,,,,,,,,,,,,,d|w,move_up|move_right,,0,0
1901,63367,,,,,,,,,,,,,,,,,,,,,,d|w,move_up|move_right,,0,0
1902,63400,,,,,,,,,,,,,,,,,,,,,,d|w,move_up|move_right,,0,0
1903,63433,,,,,,,,,,,,,,,,,,,,,,d|w,move_up|move_right,,0,0
1904,63467,,,,,,,,,,,,,,,,,,,,,,d|w,move_up|move_right,,0,0
1905,63500,,,,,,,,,,,,,,,,,,,,,,d|w,move_up|move_right,,0,0
1906,63533,,,,,,,,,,,,,,,,,,,,,,w,move_up,,0,0
1907,63567,,,,,,,,,,,,,,,,,,,,,,w,move_up,,0,0
1908,63600,,,,,,,,,,,,,,,,,,,,,,,,,0,0
1909,63633,,,,,,,,,,,,,,,,,,,,,,,,,0,0
1910,63667,,,,,,,,,,,,,,,,,,,,,,,,,0,0
1911,63700,,,,,,,,,,,,,,,,,,,,,,,,,0,0
1912,63733,,,,,,,,,,,,,,,,,,,,,,,,,0,0
1913,63767,,,,,,,,,,,,,,,,,,,,,,,,,0,0
1914,63800,,,,,,,,,,,,,,,,,,,,,,,,,0,0
1915,63833,,,,,,,,,,,,,,,,,,,,,,,,,0,0
1916,63867,,,,,,,,,,,,,,,,,,,,,,w,move_up,,0,0
1917,63900,,,,,,,,,,,,,,,,,,,,,,w,move_up,,0,0
1918,63933,,,,,,,,,,,,,,,,,,,,,,w,move_up,,0,0
1919,63967,,,,,,,,,,,,,,,,,,,,,,w,move_up,,0,0
1920,64000,,,,,,,,,,,,,,,,,,,,,,w,move_up,,0,0
1921,64033,,,,,,,,,,,,,,,,,,,,,,w,move_up,,0,0
1922,64067,,,,,,,,,,,,,,,,,,,,,,d|w,move_up|move_right,,0,0
1923,64100,,,,,,,,,,,,,,,,,,,,,,d|w,move_up|move_right,,0,0
1924,64133,,,,,,,,,,,,,,,,,,,,,,d|w,move_up|move_right,,0,0
1925,64167,,,,,,,,,,,,,,,,,,,,,,d,move_right,,0,0
1926,64200,,,,,,,,,,,,,,,,,,,,,,,,,0,0
1927,64233,,,,,,,,,,,,,,,,,,,,,,,,,0,0
1928,64267,,,,,,,,,,,,,,,,,,,,,,,,,0,0
1929,64300,,,,,,,,,,,,,,,,,,,,,,,,,0,0
1930,64333,,,,,,,,,,,,,,,,,,,,,,,,,0,0
1931,64367,,,,,,,,,,,,,,,,,,,,,,,,,0,0
1932,64400,,,,,,,,,,,,,,,,,,,,,,,,,0,0
1933,64433,,,,,,,,,,,,,,,,,,,,,,,,,0,0
1934,64467,,,,,,,,,,,,,,,,,,,,,,,,,0,0
1935,64500,,,,,,,,,,,,,,,,,,,,,,,,,0,0
1936,64533,,,,,,,,,,,,,,,,,,,,,,,,,0,0
1937,64567,,,,,,,,,,,,,,,,,,,,,,,,,0,0
1938,64600,,,,,,,,,,,,,,,,,,,,,,,,,0,0
1939,64633,,,,,,,,,,,,,,,,,,,,,,,,,0,0
1940,64667,,,,,,,,,,,,,,,,,,,,,,,,,0,0
1941,64700,,,,,,,,,,,,,,,,,,,,,,,,,0,0
1942,64733,,,,,,,,,,,,,,,,,,,,,,,,,0,0
1943,64767,,,,,,,,,,,,,,,,,,,,,,,,,0,0
1944,64800,,,,,,,,,,,,,,,,,,,,,,,,,0,0
1945,64833,,,,,,,,,,,,,,,,,,,,,,,,,0,0
1946,64867,,,,,,,,,,,,,,,,,,,,,,,,,0,0
1947,64900,,,,,,,,,,,,,,,,,,,,,,,,,0,0
1948,64933,,,,,,,,,,,,,,,,,,,,,,,,,0,0
1949,64967,,,,,,,,,,,,,,,,,,,,,,,,,0,0
1950,65000,,,,,,,,,,,,,,,,,,,,,,,,,0,0
1951,65033,,,,,,,,,,,,,,,,,,,,,,w,move_up,,0,0
1952,65067,,,,,,,,,,,,,,,,,,,,,,w,move_up,,0,0
1953,65100,,,,,,,,,,,,,,,,,,,,,,w,move_up,,0,0
1954,65133,,,,,,,,,,,,,,,,,,,,,,w,move_up,,0,0
1955,65167,,,,,,,,,,,,,,,,,,,,,,w,move_up,,0,0
1956,65200,,,,,,,,,,,,,,,,,,,,,,w,move_up,,0,0
1957,65233,,,,,,,,,,,,,,,,,,,,,,w,move_up,,0,0
1958,65267,,,,,,,,,,,,,,,,,,,,,,d|w,move_up|move_right,,0,0
1959,65300,,,,,,,,,,,,,,,,,,,,,,d|w,move_up|move_right,,0,0
1960,65333,,,,,,,,,,,,,,,,,,,,,,d,move_right,,0,0
1961,65367,,,,,,,,,,,,,,,,,,,,,,d,move_right,,0,0
1962,65400,,,,,,,,,,,,,,,,,,,,,,,,,0,0
1963,65433,,,,,,,,,,,,,,,,,,,,,,,,,0,0
1964,65467,,,,,,,,,,,,,,,,,,,,,,,,,0,0
1965,65500,,,,,,,,,,,,,,,,,,,,,,,,,0,0
1966,65533,,,,,,,,,,,,,,,,,,,,,,,,,0,0
1967,65567,,,,,,,,,,,,,,,,,,,,,,,,,0,0
1968,65600,,,,,,,,,,,,,,,,,,,,,,d,move_right,,0,0
1969,65633,,,,,,,,,,,,,,,,,,,,,,d|w,move_up|move_right,,0,0
1970,65667,,,,,,,,,,,,,,,,,,,,,,d|w,move_up|move_right,,0,0
1971,65700,,,,,,,,,,,,,,,,,,,,,,d|w,move_up|move_right,,0,0
1972,65733,,,,,,,,,,,,,,,,,,,,,,d|w,move_up|move_right,,0,0
1973,65767,,,,,,,,,,,,,,,,,,,,,,d|w,move_up|move_right,,0,0
1974,65800,,,,,,,,,,,,,,,,,,,,,,w,move_up,,0,0
1975,65833,,,,,,,,,,,,,,,,,,,,,,w,move_up,,0,0
1976,65867,,,,,,,,,,,,,,,,,,,,,,w,move_up,,0,0
1977,65900,,,,,,,,,,,,,,,,,,,,,,w,move_up,,0,0
1978,65933,,,,,,,,,,,,,,,,,,,,,,w,move_up,,0,0
1979,65967,,,,,,,,,,,,,,,,,,,,,,w,move_up,,0,0
1980,66000,,,,,,,,,,,,,,,,,,,,,,w,move_up,,0,0
1981,66033,,,,,,,,,,,,,,,,,,,,,,w,move_up,,0,0
1982,66067,,,,,,,,,,,,,,,,,,,,,,d|w,move_up|move_right,,0,0
1983,66100,,,,,,,,,,,,,,,,,,,,,,d|w,move_up|move_right,,0,0
1984,66133,,,,,,,,,,,,,,,,,,,,,,d|w,move_up|move_right,,0,0
1985,66167,,,,,,,,,,,,,,,,,,,,,,d|w,move_up|move_right,,0,0
1986,66200,,,,,,,,,,,,,,,,,,,,,,d|w,move_up|move_right,,0,0
1987,66233,,,,,,,,,,,,,,,,,,,,,,d|w,move_up|move_right,,0,0
1988,66267,,,,,,,,,,,,,,,,,,,,,,w,move_up,,0,0
1989,66300,,,,,,,,,,,,,,,,,,,,,,,,,0,0
1990,66333,,,,,,,,,,,,,,,,,,,,,,,,,0,0
1991,66367,,,,,,,,,,,,,,,,,,,,,,,,,0,0
1992,66400,,,,,,,,,,,,,,,,,,,,,,,,,0,0
1993,66433,,,,,,,,,,,,,,,,,,,,,,,,,0,0
1994,66467,,,,,,,,,,,,,,,,,,,,,,w,move_up,,0,0
1995,66500,,,,,,,,,,,,,,,,,,,,,,w,move_up,,0,0
1996,66533,,,,,,,,,,,,,,,,,,,,,,w,move_up,,0,0
1997,66567,,,,,,,,,,,,,,,,,,,,,,w,move_up,,0,0
1998,66600,,,,,,,,,,,,,,,,,,,,,,w,move_up,,0,0
1999,66633,,,,,,,,,,,,,,,,,,,,,,w,move_up,,0,0
2000,66667,,,,,,,,,,,,,,,,,,,,,,w,move_up,,0,0
2001,66700,,,,,,,,,,,,,,,,,,,,,,w,move_up,,0,0
2002,66733,,,,,,,,,,,,,,,,,,,,,,d|w,move_up|move_right,,0,0
2003,66767,,,,,,,,,,,,,,,,,,,,,,d|w,move_up|move_right,,0,0
2004,66800,,,,,,,,,,,,,,,,,,,,,,d|w,move_up|move_right,,0,0
2005,66833,,,,,,,,,,,,,,,,,,,,,,d|w,move_up|move_right,,0,0
2006,66867,,,,,,,,,,,,,,,,,,,,,,w,move_up,,0,0
2007,66900,,,,,,,,,,,,,,,,,,,,,,w,move_up,,0,0
2008,66933,,,,,,,,,,,,,,,,,,,,,,w,move_up,,0,0
2009,66967,,,,,,,,,,,,,,,,,,,,,,w,move_up,,0,0
2010,67000,,,,,,,,,,,,,,,,,,,,,,w,move_up,,0,0
2011,67033,,,,,,,,,,,,,,,,,,,,,,w,move_up,,0,0
2012,67067,,,,,,,,,,,,,,,,,,,,,,w,move_up,,0,0
2013,67100,,,,,,,,,,,,,,,,,,,,,,w,move_up,,0,0
2014,67133,,,,,,,,,,,,,,,,,,,,,,w,move_up,,0,0
2015,67167,,,,,,,,,,,,,,,,,,,,,,w,move_up,,0,0
2016,67200,,,,,,,,,,,,,,,,,,,,,,w,move_up,,0,0
2017,67233,,,,,,,,,,,,,,,,,,,,,,,,,0,0
2018,67267,,,,,,,,,,,,,,,,,,,,,,,,,0,0
2019,67300,,,,,,,,,,,,,,,,,,,,,,,,,0,0
2020,67333,,,,,,,,,,,,,,,,,,,,,,,,,0,0
2021,67367,,,,,,,,,,,,,,,,,,,,,,,,,0,0
2022,67400,,,,,,,,,,,,,,,,,,,,,,,,,0,0
2023,67433,,,,,,,,,,,,,,,,,,,,,,,,,0,0
2024,67467,,,,,,,,,,,,,,,,,,,,,,,,,0,0
2025,67500,,,,,,,,,,,,,,,,,,,,,,,,,0,0
2026,67533,,,,,,,,,,,,,,,,,,,,,,,,,0,0
2027,67567,,,,,,,,,,,,,,,,,,,,,,,,,0,0
2028,67600,,,,,,,,,,,,,,,,,,,,,,,,,0,0
2029,67633,,,,,,,,,,,,,,,,,,,,,,,,,0,0
2030,67667,,,,,,,,,,,,,,,,,,,,,,,,,0,0
2031,67700,,,,,,,,,,,,,,,,,,,,,,,,,0,0
2032,67733,,,,,,,,,,,,,,,,,,,,,,,,,0,0
2033,67767,,,,,,,,,,,,,,,,,,,,,,,,,0,0
2034,67800,,,,,,,,,,,,,,,,,,,,,,,,,0,0
2035,67833,,,,,,,,,,,,,,,,,,,,,,,,,0,0
2036,67867,,,,,,,,,,,,,,,,,,,,,,,,,0,0
2037,67900,,,,,,,,,,,,,,,,,,,,,,,,,0,0
2038,67933,,,,,,,,,,,,,,,,,,,,,,,,,0,0
2039,67967,,,,,,,,,,,,,,,,,,,,,,w,move_up,,0,0
2040,68000,,,,,,,,,,,,,,,,,,,,,,w,move_up,,0,0
2041,68033,,,,,,,,,,,,,,,,,,,,,,w,move_up,,0,0
2042,68067,,,,,,,,,,,,,,,,,,,,,,w,move_up,,0,0
2043,68100,,,,,,,,,,,,,,,,,,,,,,w,move_up,,0,0
2044,68133,,,,,,,,,,,,,,,,,,,,,,w,move_up,,0,0
2045,68167,,,,,,,,,,,,,,,,,,,,,,w,move_up,,0,0
2046,68200,,,,,,,,,,,,,,,,,,,,,,w,move_up,,0,0
2047,68233,,,,,,,,,,,,,,,,,,,,,,w,move_up,,0,0
2048,68267,,,,,,,,,,,,,,,,,,,,,,w,move_up,,0,0
2049,68300,,,,,,,,,,,,,,,,,,,,,,w,move_up,,0,0
2050,68333,,,,,,,,,,,,,,,,,,,,,,w,move_up,,0,0
2051,68367,,,,,,,,,,,,,,,,,,,,,,w,move_up,,0,0
2052,68400,,,,,,,,,,,,,,,,,,,,,,w,move_up,,0,0
2053,68433,,,,,,,,,,,,,,,,,,,,,,w,move_up,,0,0
2054,68467,,,,,,,,,,,,,,,,,,,,,,,,,0,0
2055,68500,,,,,,,,,,,,,,,,,,,,,,,,,0,0
2056,68533,,,,,,,,,,,,,,,,,,,,,,,,,0,0
2057,68567,,,,,,,,,,,,,,,,,,,,,,,,,0,0
2058,68600,,,,,,,,,,,,,,,,,,,,,,,,,0,0
2059,68633,,,,,,,,,,,,,,,,,,,,,,,,,0,0
2060,68667,,,,,,,,,,,,,,,,,,,,,,,,,0,0
2061,68700,,,,,,,,,,,,,,,,,,,,,,,,,0,0
2062,68733,,,,,,,,,,,,,,,,,,,,,,,,,0,0
2063,68767,,,,,,,,,,,,,,,,,,,,,,,,,0,0
2064,68800,,,,,,,,,,,,,,,,,,,,,,,,,0,0
2065,68833,,,,,,,,,,,,,,,,,,,,,,,,,0,0
2066,68867,,,,,,,,,,,,,,,,,,,,,,,,,0,0
2067,68900,,,,,,,,,,,,,,,,,,,,,,,,,0,0
2068,68933,,,,,,,,,,,,,,,,,,,,,,,,,0,0
2069,68967,,,,,,,,,,,,,,,,,,,,,,,,,0,0
2070,69000,,,,,,,,,,,,,,,,,,,,,,,,,0,0
2071,69033,,,,,,,,,,,,,,,,,,,,,,,,,0,0
2072,69067,,,,,,,,,,,,,,,,,,,,,,,,,0,0
2073,69100,,,,,,,,,,,,,,,,,,,,,,,,,0,0
2074,69133,,,,,,,,,,,,,,,,,,,,,,,,,0,0
2075,69167,,,,,,,,,,,,,,,,,,,,,,,,,0,0
2076,69200,,,,,,,,,,,,,,,,,,,,,,,,,0,0
2077,69233,,,,,,,,,,,,,,,,,,,,,,,,,0,0
2078,69267,,,,,,,,,,,,,,,,,,,,,,,,,0,0
2079,69300,,,,,,,,,,,,,,,,,,,,,,,,,0,0
2080,69333,,,,,,,,,,,,,,,,,,,,,,,,,0,0
2081,69367,,,,,,,,,,,,,,,,,,,,,,,,,0,0
2082,69400,,,,,,,,,,,,,,,,,,,,,,,,,0,0
2083,69433,,,,,,,,,,,,,,,,,,,,,,,,,0,0
2084,69467,,,,,,,,,,,,,,,,,,,,,,,,,0,0
2085,69500,,,,,,,,,,,,,,,,,,,,,,,,,0,0
2086,69533,,,,,,,,,,,,,,,,,,,,,,,,,0,0
2087,69567,,,,,,,,,,,,,,,,,,,,,,,,,0,0
2088,69600,,,,,,,,,,,,,,,,,,,,,,,,,0,0
2089,69633,,,,,,,,,,,,,,,,,,,,,,,,,0,0
2090,69667,,,,,,,,,,,,,,,,,,,,,,,,,0,0
2091,69700,,,,,,,,,,,,,,,,,,,,,,,,,0,0
2092,69733,,,,,,,,,,,,,,,,,,,,,,,,,0,0
2093,69767,,,,,,,,,,,,,,,,,,,,,,,,,0,0
2094,69800,,,,,,,,,,,,,,,,,,,,,,,,,0,0
2095,69833,,,,,,,,,,,,,,,,,,,,,,,,,0,0
2096,69867,,,,,,,,,,,,,,,,,,,,,,,,,0,0
2097,69900,,,,,,,,,,,,,,,,,,,,,,,,,0,0
2098,69933,,,,,,,,,,,,,,,,,,,,,,,,,0,0
2099,69967,,,,,,,,,,,,,,,,,,,,,,,,,0,0
2100,70000,,,,,,,,,,,,,,,,,,,,,,,,,0,0
2101,70033,,,,,,,,,,,,,,,,,,,,,,,,,0,0
2102,70067,,,,,,,,,,,,,,,,,,,,,,,,,0,0
2103,70100,,,,,,,,,,,,,,,,,,,,,,d,move_right,,0,0
2104,70133,,,,,,,,,,,,,,,,,,,,,,d,move_right,,0,0
2105,70167,,,,,,,,,,,,,,,,,,,,,,d,move_right,,0,0
2106,70200,,,,,,,,,,,,,,,,,,,,,,d,move_right,,0,0
2107,70233,,,,,,,,,,,,,,,,,,,,,,d|s,move_down|move_right,,0,0
2108,70267,,,,,,,,,,,,,,,,,,,,,,d|s,move_down|move_right,,0,0
2109,70300,,,,,,,,,,,,,,,,,,,,,,d|s,move_down|move_right,,0,0
2110,70333,,,,,,,,,,,,,,,,,,,,,,d|s,move_down|move_right,,0,0
2111,70367,,,,,,,,,,,,,,,,,,,,,,d|s,move_down|move_right,,0,0
2112,70400,,,,,,,,,,,,,,,,,,,,,,s,move_down,,0,0
2113,70433,,,,,,,,,,,,,,,,,,,,,,s,move_down,,0,0
2114,70467,,,,,,,,,,,,,,,,,,,,,,s,move_down,,0,0
2115,70500,,,,,,,,,,,,,,,,,,,,,,,,,0,0
2116,70533,,,,,,,,,,,,,,,,,,,,,,,,,0,0
2117,70567,,,,,,,,,,,,,,,,,,,,,,,,,0,0
2118,70600,,,,,,,,,,,,,,,,,,,,,,,,,0,0
2119,70633,,,,,,,,,,,,,,,,,,,,,,,,,0,0
2120,70667,,,,,,,,,,,,,,,,,,,,,,w,move_up,,0,0
2121,70700,,,,,,,,,,,,,,,,,,,,,,w,move_up,,0,0
2122,70733,,,,,,,,,,,,,,,,,,,,,,w,move_up,,0,0
2123,70767,,,,,,,,,,,,,,,,,,,,,,a|w,move_up|move_left,,0,0
2124,70800,,,,,,,,,,,,,,,,,,,,,,a|w,move_up|move_left,,0,0
2125,70833,,,,,,,,,,,,,,,,,,,,,,a|w,move_up|move_left,,0,0
2126,70867,,,,,,,,,,,,,,,,,,,,,,a|w,move_up|move_left,,0,0
2127,70900,,,,,,,,,,,,,,,,,,,,,,w,move_up,,0,0
2128,70933,,,,,,,,,,,,,,,,,,,,,,,,,0,0
2129,70967,,,,,,,,,,,,,,,,,,,,,,,,,0,0
2130,71000,,,,,,,,,,,,,,,,,,,,,,,,,0,0
2131,71033,,,,,,,,,,,,,,,,,,,,,,,,,0,0
2132,71067,,,,,,,,,,,,,,,,,,,,,,,,,0,0
2133,71100,,,,,,,,,,,,,,,,,,,,,,,,,0,0
2134,71133,,,,,,,,,,,,,,,,,,,,,,,,,0,0
2135,71167,,,,,,,,,,,,,,,,,,,,,,,,,0,0
2136,71200,,,,,,,,,,,,,,,,,,,,,,,,,0,0
2137,71233,,,,,,,,,,,,,,,,,,,,,,,,,0,0
2138,71267,,,,,,,,,,,,,,,,,,,,,,,,,0,0
2139,71300,,,,,,,,,,,,,,,,,,,,,,,,,0,0
2140,71333,,,,,,,,,,,,,,,,,,,,,,,,,0,0
2141,71367,,,,,,,,,,,,,,,,,,,,,,,,,0,0
2142,71400,,,,,,,,,,,,,,,,,,,,,,,,,0,0
2143,71433,,,,,,,,,,,,,,,,,,,,,,,,,0,0
2144,71467,,,,,,,,,,,,,,,,,,,,,,,,,0,0
2145,71500,,,,,,,,,,,,,,,,,,,,,,,,,0,0
2146,71533,,,,,,,,,,,,,,,,,,,,,,,,,0,0
2147,71567,,,,,,,,,,,,,,,,,,,,,,,,,0,0
2148,71600,,,,,,,,,,,,,,,,,,,,,,,,,0,0
2149,71633,,,,,,,,,,,,,,,,,,,,,,,,,0,0
2150,71667,,,,,,,,,,,,,,,,,,,,,,,,,0,0
2151,71700,,,,,,,,,,,,,,,,,,,,,,,,,0,0
2152,71733,,,,,,,,,,,,,,,,,,,,,,,,,0,0
2153,71767,,,,,,,,,,,,,,,,,,,,,,,,,0,0
2154,71800,,,,,,,,,,,,,,,,,,,,,,,,,0,0
2155,71833,,,,,,,,,,,,,,,,,,,,,,,,,0,0
2156,71867,,,,,,,,,,,,,,,,,,,,,,,,,0,0
2157,71900,,,,,,,,,,,,,,,,,,,,,,,,,0,0
2158,71933,,,,,,,,,,,,,,,,,,,,,,,,,0,0
2159,71967,,,,,,,,,,,,,,,,,,,,,,,,,0,0
2160,72000,,,,,,,,,,,,,,,,,,,,,,,,,0,0
2161,72033,,,,,,,,,,,,,,,,,,,,,,,,,0,0
2162,72067,,,,,,,,,,,,,,,,,,,,,,,,,0,0
2163,72100,,,,,,,,,,,,,,,,,,,,,,,,,0,0
2164,72133,,,,,,,,,,,,,,,,,,,,,,,,,0,0
2165,72167,,,,,,,,,,,,,,,,,,,,,,,,,0,0
2166,72200,,,,,,,,,,,,,,,,,,,,,,,,,0,0
2167,72233,,,,,,,,,,,,,,,,,,,,,,,,,0,0
2168,72267,,,,,,,,,,,,,,,,,,,,,,,,,0,0
2169,72300,,,,,,,,,,,,,,,,,,,,,,,,,0,0
2170,72333,,,,,,,,,,,,,,,,,,,,,,,,,0,0
2171,72367,,,,,,,,,,,,,,,,,,,,,,,,,0,0
2172,72400,,,,,,,,,,,,,,,,,,,,,,,,,0,0
2173,72433,,,,,,,,,,,,,,,,,,,,,,,,,0,0
2174,72467,,,,,,,,,,,,,,,,,,,,,,,,,0,0
2175,72500,,,,,,,,,,,,,,,,,,,,,,,,,0,0
2176,72533,,,,,,,,,,,,,,,,,,,,,,,,,0,0
2177,72567,,,,,,,,,,,,,,,,,,,,,,,,,0,0
2178,72600,,,,,,,,,,,,,,,,,,,,,,,,,0,0
2179,72633,,,,,,,,,,,,,,,,,,,,,,,,,0,0
2180,72667,,,,,,,,,,,,,,,,,,,,,,,,,0,0
2181,72700,,,,,,,,,,,,,,,,,,,,,,,,,0,0
2182,72733,,,,,,,,,,,,,,,,,,,,,,,,,0,0
2183,72767,,,,,,,,,,,,,,,,,,,,,,,,,0,0
2184,72800,,,,,,,,,,,,,,,,,,,,,,a|w,move_up|move_left,,0,0
2185,72833,,,,,,,,,,,,,,,,,,,,,,a|w,move_up|move_left,,0,0
2186,72867,,,,,,,,,,,,,,,,,,,,,,a|w,move_up|move_left,,0,0
2187,72900,,,,,,,,,,,,,,,,,,,,,,a|w,move_up|move_left,,0,0
2188,72933,,,,,,,,,,,,,,,,,,,,,,a|w,move_up|move_left,,0,0
2189,72967,,,,,,,,,,,,,,,,,,,,,,a|w,move_up|move_left,,0,0
2190,73000,,,,,,,,,,,,,,,,,,,,,,a|w,move_up|move_left,,0,0
2191,73033,,,,,,,,,,,,,,,,,,,,,,w,move_up,,0,0
2192,73067,,,,,,,,,,,,,,,,,,,,,,w,move_up,,0,0
2193,73100,,,,,,,,,,,,,,,,,,,,,,,,,0,0
2194,73133,,,,,,,,,,,,,,,,,,,,,,,,,0,0
2195,73167,,,,,,,,,,,,,,,,,,,,,,,,,0,0
2196,73200,,,,,,,,,,,,,,,,,,,,,,,,,0,0
2197,73233,,,,,,,,,,,,,,,,,,,,,,,,,0,0
2198,73267,,,,,,,,,,,,,,,,,,,,,,,,,0,0
2199,73300,,,,,,,,,,,,,,,,,,,,,,,,,0,0
2200,73333,,,,,,,,,,,,,,,,,,,,,,,,,0,0
2201,73367,,,,,,,,,,,,,,,,,,,,,,w,move_up,,0,0
2202,73400,,,,,,,,,,,,,,,,,,,,,,d|w,move_up|move_right,,0,0
2203,73433,,,,,,,,,,,,,,,,,,,,,,d|w,move_up|move_right,,0,0
2204,73467,,,,,,,,,,,,,,,,,,,,,,d|w,move_up|move_right,,0,0
2205,73500,,,,,,,,,,,,,,,,,,,,,,d|w,move_up|move_right,,0,0
2206,73533,,,,,,,,,,,,,,,,,,,,,,d|w,move_up|move_right,,0,0
2207,73567,,,,,,,,,,,,,,,,,,,,,,d|w,move_up|move_right,,0,0
2208,73600,,,,,,,,,,,,,,,,,,,,,,d|w,move_up|move_right,,0,0
2209,73633,,,,,,,,,,,,,,,,,,,,,,d|w,move_up|move_right,,0,0
2210,73667,,,,,,,,,,,,,,,,,,,,,,w,move_up,,0,0
2211,73700,,,,,,,,,,,,,,,,,,,,,,w,move_up,,0,0
2212,73733,,,,,,,,,,,,,,,,,,,,,,w,move_up,,0,0
2213,73767,,,,,,,,,,,,,,,,,,,,,,,,,0,0
2214,73800,,,,,,,,,,,,,,,,,,,,,,,,,0,0
2215,73833,,,,,,,,,,,,,,,,,,,,,,,,,0,0
2216,73867,,,,,,,,,,,,,,,,,,,,,,,,,0,0
2217,73900,,,,,,,,,,,,,,,,,,,,,,,,,0,0
2218,73933,,,,,,,,,,,,,,,,,,,,,,w,move_up,,0,0
2219,73967,,,,,,,,,,,,,,,,,,,,,,w,move_up,,0,0
2220,74000,,,,,,,,,,,,,,,,,,,,,,w,move_up,,0,0
2221,74033,,,,,,,,,,,,,,,,,,,,,,w,move_up,,0,0
2222,74067,,,,,,,,,,,,,,,,,,,,,,w,move_up,,0,0
2223,74100,,,,,,,,,,,,,,,,,,,,,,w,move_up,,0,0
2224,74133,,,,,,,,,,,,,,,,,,,,,,w,move_up,,0,0
2225,74167,,,,,,,,,,,,,,,,,,,,,,w,move_up,,0,0
2226,74200,,,,,,,,,,,,,,,,,,,,,,w,move_up,,0,0
2227,74233,,,,,,,,,,,,,,,,,,,,,,d|w,move_up|move_right,,0,0
2228,74267,,,,,,,,,,,,,,,,,,,,,,d|w,move_up|move_right,,0,0
2229,74300,,,,,,,,,,,,,,,,,,,,,,d|w,move_up|move_right,,0,0
2230,74333,,,,,,,,,,,,,,,,,,,,,,d|w,move_up|move_right,,0,0
2231,74367,,,,,,,,,,,,,,,,,,,,,,d|w,move_up|move_right,,0,0
2232,74400,,,,,,,,,,,,,,,,,,,,,,,,,0,0
2233,74433,,,,,,,,,,,,,,,,,,,,,,,,,0,0
2234,74467,,,,,,,,,,,,,,,,,,,,,,,,,0,0
2235,74500,,,,,,,,,,,,,,,,,,,,,,,,,0,0
2236,74533,,,,,,,,,,,,,,,,,,,,,,,,,0,0
2237,74567,,,,,,,,,,,,,,,,,,,,,,,,,0,0
2238,74600,,,,,,,,,,,,,,,,,,,,,,w,move_up,,0,0
2239,74633,,,,,,,,,,,,,,,,,,,,,,w,move_up,,0,0
2240,74667,,,,,,,,,,,,,,,,,,,,,,w,move_up,,0,0
2241,74700,,,,,,,,,,,,,,,,,,,,,,d|w,move_up|move_right,,0,0
2242,74733,,,,,,,,,,,,,,,,,,,,,,d|w,move_up|move_right,,0,0
2243,74767,,,,,,,,,,,,,,,,,,,,,,d|w,move_up|move_right,,0,0
2244,74800,,,,,,,,,,,,,,,,,,,,,,d|w,move_up|move_right,,0,0
2245,74833,,,,,,,,,,,,,,,,,,,,,,d|w,move_up|move_right,,0,0
2246,74867,,,,,,,,,,,,,,,,,,,,,,d|w,move_up|move_right,,0,0
2247,74900,,,,,,,,,,,,,,,,,,,,,,w,move_up,,0,0
2248,74933,,,,,,,,,,,,,,,,,,,,,,,,,0,0
2249,74967,,,,,,,,,,,,,,,,,,,,,,,,,0,0
2250,75000,,,,,,,,,,,,,,,,,,,,,,,,,0,0
2251,75033,,,,,,,,,,,,,,,,,,,,,,,,,0,0
2252,75067,,,,,,,,,,,,,,,,,,,,,,,,,0,0
2253,75100,,,,,,,,,,,,,,,,,,,,,,,,,0,0
2254,75133,,,,,,,,,,,,,,,,,,,,,,,,,0,0
2255,75167,,,,,,,,,,,,,,,,,,,,,,w,move_up,,0,0
2256,75200,,,,,,,,,,,,,,,,,,,,,,w,move_up,,0,0
2257,75233,,,,,,,,,,,,,,,,,,,,,,w,move_up,,0,0
2258,75267,,,,,,,,,,,,,,,,,,,,,,w,move_up,,0,0
2259,75300,,,,,,,,,,,,,,,,,,,,,,,,,0,0
2260,75333,,,,,,,,,,,,,,,,,,,,,,,,,0,0
2261,75367,,,,,,,,,,,,,,,,,,,,,,,,,0,0
2262,75400,,,,,,,,,,,,,,,,,,,,,,,,,0,0
2263,75433,,,,,,,,,,,,,,,,,,,,,,,,,0,0
2264,75467,,,,,,,,,,,,,,,,,,,,,,,,,0,0
2265,75500,,,,,,,,,,,,,,,,,,,,,,,,,0,0
2266,75533,,,,,,,,,,,,,,,,,,,,,,s,move_down,,0,0
2267,75567,,,,,,,,,,,,,,,,,,,,,,s,move_down,,0,0
2268,75600,,,,,,,,,,,,,,,,,,,,,,s,move_down,,0,0
2269,75633,,,,,,,,,,,,,,,,,,,,,,s,move_down,,0,0
2270,75667,,,,,,,,,,,,,,,,,,,,,,s,move_down,,0,0
2271,75700,,,,,,,,,,,,,,,,,,,,,,s,move_down,,0,0
2272,75733,,,,,,,,,,,,,,,,,,,,,,,,,0,0
2273,75767,,,,,,,,,,,,,,,,,,,,,,,,,0,0
2274,75800,,,,,,,,,,,,,,,,,,,,,,,,,0,0
2275,75833,,,,,,,,,,,,,,,,,,,,,,,,,0,0
2276,75867,,,,,,,,,,,,,,,,,,,,,,,,,0,0
2277,75900,,,,,,,,,,,,,,,,,,,,,,,,,0,0
2278,75933,,,,,,,,,,,,,,,,,,,,,,,,,0,0
2279,75967,,,,,,,,,,,,,,,,,,,,,,,,,0,0
2280,76000,,,,,,,,,,,,,,,,,,,,,,,,,0,0
2281,76033,,,,,,,,,,,,,,,,,,,,,,,,,0,0
2282,76067,,,,,,,,,,,,,,,,,,,,,,,,,0,0
2283,76100,,,,,,,,,,,,,,,,,,,,,,,,,0,0
2284,76133,,,,,,,,,,,,,,,,,,,,,,,,,0,0
2285,76167,,,,,,,,,,,,,,,,,,,,,,,,,0,0
2286,76200,,,,,,,,,,,,,,,,,,,,,,,,,0,0
2287,76233,,,,,,,,,,,,,,,,,,,,,,,,,0,0
2288,76267,,,,,,,,,,,,,,,,,,,,,,,,,0,0
2289,76300,,,,,,,,,,,,,,,,,,,,,,,,,0,0
2290,76333,,,,,,,,,,,,,,,,,,,,,,,,,0,0
2291,76367,,,,,,,,,,,,,,,,,,,,,,,,,0,0
2292,76400,,,,,,,,,,,,,,,,,,,,,,,,,0,0
2293,76433,,,,,,,,,,,,,,,,,,,,,,,,,0,0
2294,76467,,,,,,,,,,,,,,,,,,,,,,,,,0,0
2295,76500,,,,,,,,,,,,,,,,,,,,,,,,,0,0
2296,76533,,,,,,,,,,,,,,,,,,,,,,d|w,move_up|move_right,,0,0
2297,76567,,,,,,,,,,,,,,,,,,,,,,d|w,move_up|move_right,,0,0
2298,76600,,,,,,,,,,,,,,,,,,,,,,d|w,move_up|move_right,,0,0
2299,76633,,,,,,,,,,,,,,,,,,,,,,d|w,move_up|move_right,,0,0
2300,76667,,,,,,,,,,,,,,,,,,,,,,d|w,move_up|move_right,,0,0
2301,76700,,,,,,,,,,,,,,,,,,,,,,d|w,move_up|move_right,,0,0
2302,76733,,,,,,,,,,,,,,,,,,,,,,d,move_right,,0,0
2303,76767,,,,,,,,,,,,,,,,,,,,,,,,,0,0
2304,76800,,,,,,,,,,,,,,,,,,,,,,,,,0,0
2305,76833,,,,,,,,,,,,,,,,,,,,,,,,,0,0
2306,76867,,,,,,,,,,,,,,,,,,,,,,,,,0,0
2307,76900,,,,,,,,,,,,,,,,,,,,,,,,,0,0
2308,76933,,,,,,,,,,,,,,,,,,,,,,,,,0,0
2309,76967,,,,,,,,,,,,,,,,,,,,,,,,,0,0
2310,77000,,,,,,,,,,,,,,,,,,,,,,,,,0,0
2311,77033,,,,,,,,,,,,,,,,,,,,,,,,,0,0
2312,77067,,,,,,,,,,,,,,,,,,,,,,,,,0,0
2313,77100,,,,,,,,,,,,,,,,,,,,,,s,move_down,,0,0
2314,77133,,,,,,,,,,,,,,,,,,,,,,s,move_down,,0,0
2315,77167,,,,,,,,,,,,,,,,,,,,,,s,move_down,,0,0
2316,77200,,,,,,,,,,,,,,,,,,,,,,s,move_down,,0,0
2317,77233,,,,,,,,,,,,,,,,,,,,,,s,move_down,,0,0
2318,77267,,,,,,,,,,,,,,,,,,,,,,s,move_down,,0,0
2319,77300,,,,,,,,,,,,,,,,,,,,,,s,move_down,,0,0
2320,77333,,,,,,,,,,,,,,,,,,,,,,s,move_down,,0,0
2321,77367,,,,,,,,,,,,,,,,,,,,,,s,move_down,,0,0
2322,77400,,,,,,,,,,,,,,,,,,,,,,s,move_down,,0,0
2323,77433,,,,,,,,,,,,,,,,,,,,,,,,,0,0
2324,77467,,,,,,,,,,,,,,,,,,,,,,,,,0,0
2325,77500,,,,,,,,,,,,,,,,,,,,,,,,,0,0
2326,77533,,,,,,,,,,,,,,,,,,,,,,,,,0,0
2327,77567,,,,,,,,,,,,,,,,,,,,,,w,move_up,,0,0
2328,77600,,,,,,,,,,,,,,,,,,,,,,w,move_up,,0,0
2329,77633,,,,,,,,,,,,,,,,,,,,,,w,move_up,,0,0
2330,77667,,,,,,,,,,,,,,,,,,,,,,w,move_up,,0,0
2331,77700,,,,,,,,,,,,,,,,,,,,,,w,move_up,,0,0
2332,77733,,,,,,,,,,,,,,,,,,,,,,w,move_up,,0,0
2333,77767,,,,,,,,,,,,,,,,,,,,,,w,move_up,,0,0
2334,77800,,,,,,,,,,,,,,,,,,,,,,w,move_up,,0,0
2335,77833,,,,,,,,,,,,,,,,,,,,,,w,move_up,,0,0
2336,77867,,,,,,,,,,,,,,,,,,,,,,a|w,move_up|move_left,,0,0
2337,77900,,,,,,,,,,,,,,,,,,,,,,a|w,move_up|move_left,,0,0
2338,77933,,,,,,,,,,,,,,,,,,,,,,a|w,move_up|move_left,,0,0
2339,77967,,,,,,,,,,,,,,,,,,,,,,a|w,move_up|move_left,,0,0
2340,78000,,,,,,,,,,,,,,,,,,,,,,a,move_left,,0,0
2341,78033,,,,,,,,,,,,,,,,,,,,,,,,,0,0
2342,78067,,,,,,,,,,,,,,,,,,,,,,,,,0,0
2343,78100,,,,,,,,,,,,,,,,,,,,,,,,,0,0
2344,78133,,,,,,,,,,,,,,,,,,,,,,,,,0,0
2345,78167,,,,,,,,,,,,,,,,,,,,,,,,,0,0
2346,78200,,,,,,,,,,,,,,,,,,,,,,,,,0,0
2347,78233,,,,,,,,,,,,,,,,,,,,,,,,,0,0
2348,78267,,,,,,,,,,,,,,,,,,,,,,,,,0,0
2349,78300,,,,,,,,,,,,,,,,,,,,,,,,,0,0
2350,78333,,,,,,,,,,,,,,,,,,,,,,,,,0,0
2351,78367,,,,,,,,,,,,,,,,,,,,,,,,,0,0
2352,78400,,,,,,,,,,,,,,,,,,,,,,w,move_up,,0,0
2353,78433,,,,,,,,,,,,,,,,,,,,,,w,move_up,,0,0
2354,78467,,,,,,,,,,,,,,,,,,,,,,w,move_up,,0,0
2355,78500,,,,,,,,,,,,,,,,,,,,,,w,move_up,,0,0
2356,78533,,,,,,,,,,,,,,,,,,,,,,w,move_up,,0,0
2357,78567,,,,,,,,,,,,,,,,,,,,,,w,move_up,,0,0
2358,78600,,,,,,,,,,,,,,,,,,,,,,w,move_up,,0,0
2359,78633,,,,,,,,,,,,,,,,,,,,,,w,move_up,,0,0
2360,78667,,,,,,,,,,,,,,,,,,,,,,,,,0,0
2361,78700,,,,,,,,,,,,,,,,,,,,,,,,,0,0
2362,78733,,,,,,,,,,,,,,,,,,,,,,,,,0,0
2363,78767,,,,,,,,,,,,,,,,,,,,,,,,,0,0
2364,78800,,,,,,,,,,,,,,,,,,,,,,,,,0,0
2365,78833,,,,,,,,,,,,,,,,,,,,,,,,,0,0
2366,78867,,,,,,,,,,,,,,,,,,,,,,w,move_up,,0,0
2367,78900,,,,,,,,,,,,,,,,,,,,,,w,move_up,,0,0
2368,78933,,,,,,,,,,,,,,,,,,,,,,w,move_up,,0,0
2369,78967,,,,,,,,,,,,,,,,,,,,,,w,move_up,,0,0
2370,79000,,,,,,,,,,,,,,,,,,,,,,w,move_up,,0,0
2371,79033,,,,,,,,,,,,,,,,,,,,,,w,move_up,,0,0
2372,79067,,,,,,,,,,,,,,,,,,,,,,w,move_up,,0,0
2373,79100,,,,,,,,,,,,,,,,,,,,,,w,move_up,,0,0
2374,79133,,,,,,,,,,,,,,,,,,,,,,w,move_up,,0,0
2375,79167,,,,,,,,,,,,,,,,,,,,,,,,,0,0
2376,79200,,,,,,,,,,,,,,,,,,,,,,,,,0,0
2377,79233,,,,,,,,,,,,,,,,,,,,,,,,,0,0
2378,79267,,,,,,,,,,,,,,,,,,,,,,,,,0,0
2379,79300,,,,,,,,,,,,,,,,,,,,,,,,,0,0
2380,79333,,,,,,,,,,,,,,,,,,,,,,w,move_up,,0,0
2381,79367,,,,,,,,,,,,,,,,,,,,,,w,move_up,,0,0
2382,79400,,,,,,,,,,,,,,,,,,,,,,w,move_up,,0,0
2383,79433,,,,,,,,,,,,,,,,,,,,,,w,move_up,,0,0
2384,79467,,,,,,,,,,,,,,,,,,,,,,w,move_up,,0,0
2385,79500,,,,,,,,,,,,,,,,,,,,,,w,move_up,,0,0
2386,79533,,,,,,,,,,,,,,,,,,,,,,w,move_up,,0,0
2387,79567,,,,,,,,,,,,,,,,,,,,,,w,move_up,,0,0
2388,79600,,,,,,,,,,,,,,,,,,,,,,w,move_up,,0,0
2389,79633,,,,,,,,,,,,,,,,,,,,,,w,move_up,,0,0
2390,79667,,,,,,,,,,,,,,,,,,,,,,a|w,move_up|move_left,,0,0
2391,79700,,,,,,,,,,,,,,,,,,,,,,a|w,move_up|move_left,,0,0
2392,79733,,,,,,,,,,,,,,,,,,,,,,a|w,move_up|move_left,,0,0
2393,79767,,,,,,,,,,,,,,,,,,,,,,a|w,move_up|move_left,,0,0
2394,79800,,,,,,,,,,,,,,,,,,,,,,a|w,move_up|move_left,,0,0
2395,79833,,,,,,,,,,,,,,,,,,,,,,a|w,move_up|move_left,,0,0
2396,79867,,,,,,,,,,,,,,,,,,,,,,w,move_up,,0,0
2397,79900,,,,,,,,,,,,,,,,,,,,,,w,move_up,,0,0
2398,79933,,,,,,,,,,,,,,,,,,,,,,w,move_up,,0,0
2399,79967,,,,,,,,,,,,,,,,,,,,,,,,,0,0
2400,80000,,,,,,,,,,,,,,,,,,,,,,,,,0,0
2401,80033,,,,,,,,,,,,,,,,,,,,,,,,,0,0
2402,80067,,,,,,,,,,,,,,,,,,,,,,,,,0,0
2403,80100,,,,,,,,,,,,,,,,,,,,,,w,move_up,,0,0
2404,80133,,,,,,,,,,,,,,,,,,,,,,w,move_up,,0,0
2405,80167,,,,,,,,,,,,,,,,,,,,,,w,move_up,,0,0
2406,80200,,,,,,,,,,,,,,,,,,,,,,w,move_up,,0,0
2407,80233,,,,,,,,,,,,,,,,,,,,,,w,move_up,,0,0
2408,80267,,,,,,,,,,,,,,,,,,,,,,w,move_up,,0,0
2409,80300,,,,,,,,,,,,,,,,,,,,,,w,move_up,,0,0
2410,80333,,,,,,,,,,,,,,,,,,,,,,d|w,move_up|move_right,,0,0
2411,80367,,,,,,,,,,,,,,,,,,,,,,d|w,move_up|move_right,,0,0
2412,80400,,,,,,,,,,,,,,,,,,,,,,d|w,move_up|move_right,,0,0
2413,80433,,,,,,,,,,,,,,,,,,,,,,d|w,move_up|move_right,,0,0
2414,80467,,,,,,,,,,,,,,,,,,,,,,d,move_right,,0,0
2415,80500,,,,,,,,,,,,,,,,,,,,,,,,,0,0
2416,80533,,,,,,,,,,,,,,,,,,,,,,,,,0,0
2417,80567,,,,,,,,,,,,,,,,,,,,,,,,,0,0
2418,80600,,,,,,,,,,,,,,,,,,,,,,,,,0,0
2419,80633,,,,,,,,,,,,,,,,,,,,,,d|w,move_up|move_right,,0,0
2420,80667,,,,,,,,,,,,,,,,,,,,,,d|w,move_up|move_right,,0,0
2421,80700,,,,,,,,,,,,,,,,,,,,,,d|w,move_up|move_right,,0,0
2422,80733,,,,,,,,,,,,,,,,,,,,,,d|w,move_up|move_right,,0,0
2423,80767,,,,,,,,,,,,,,,,,,,,,,d|w,move_up|move_right,,0,0
2424,80800,,,,,,,,,,,,,,,,,,,,,,d|w,move_up|move_right,,0,0
2425,80833,,,,,,,,,,,,,,,,,,,,,,d|w,move_up|move_right,,0,0
2426,80867,,,,,,,,,,,,,,,,,,,,,,w,move_up,,0,0
2427,80900,,,,,,,,,,,,,,,,,,,,,,w,move_up,,0,0
2428,80933,,,,,,,,,,,,,,,,,,,,,,,,,0,0
2429,80967,,,,,,,,,,,,,,,,,,,,,,,,,0,0
2430,81000,,,,,,,,,,,,,,,,,,,,,,,,,0,0
2431,81033,,,,,,,,,,,,,,,,,,,,,,,,,0,0
2432,81067,,,,,,,,,,,,,,,,,,,,,,,,,0,0
2433,81100,,,,,,,,,,,,,,,,,,,,,,,,,0,0
2434,81133,,,,,,,,,,,,,,,,,,,,,,,,,0,0
2435,81167,,,,,,,,,,,,,,,,,,,,,,,,,0,0
2436,81200,,,,,,,,,,,,,,,,,,,,,,,,,0,0
2437,81233,,,,,,,,,,,,,,,,,,,,,,,,,0,0
2438,81267,,,,,,,,,,,,,,,,,,,,,,,,,0,0
2439,81300,,,,,,,,,,,,,,,,,,,,,,,,,0,0
2440,81333,,,,,,,,,,,,,,,,,,,,,,,,,0,0
2441,81367,,,,,,,,,,,,,,,,,,,,,,,,,0,0
2442,81400,,,,,,,,,,,,,,,,,,,,,,d,move_right,,0,0
2443,81433,,,,,,,,,,,,,,,,,,,,,,d,move_right,,0,0
2444,81467,,,,,,,,,,,,,,,,,,,,,,d,move_right,,0,0
2445,81500,,,,,,,,,,,,,,,,,,,,,,,,,0,0
2446,81533,,,,,,,,,,,,,,,,,,,,,,,,,0,0
2447,81567,,,,,,,,,,,,,,,,,,,,,,w,move_up,,0,0
2448,81600,,,,,,,,,,,,,,,,,,,,,,w,move_up,,0,0
2449,81633,,,,,,,,,,,,,,,,,,,,,,w,move_up,,0,0
2450,81667,,,,,,,,,,,,,,,,,,,,,,w,move_up,,0,0
2451,81700,,,,,,,,,,,,,,,,,,,,,,w,move_up,,0,0
2452,81733,,,,,,,,,,,,,,,,,,,,,,w,move_up,,0,0
2453,81767,,,,,,,,,,,,,,,,,,,,,,d|w,move_up|move_right,,0,0
2454,81800,,,,,,,,,,,,,,,,,,,,,,d|w,move_up|move_right,,0,0
2455,81833,,,,,,,,,,,,,,,,,,,,,,d|w,move_up|move_right,,0,0
2456,81867,,,,,,,,,,,,,,,,,,,,,,d|w,move_up|move_right,,0,0
2457,81900,,,,,,,,,,,,,,,,,,,,,,d,move_right,,0,0
2458,81933,,,,,,,,,,,,,,,,,,,,,,,,,0,0
2459,81967,,,,,,,,,,,,,,,,,,,,,,,,,0,0
2460,82000,,,,,,,,,,,,,,,,,,,,,,,,,0,0
2461,82033,,,,,,,,,,,,,,,,,,,,,,,,,0,0
2462,82067,,,,,,,,,,,,,,,,,,,,,,,,,0,0
2463,82100,,,,,,,,,,,,,,,,,,,,,,w,move_up,,0,0
2464,82133,,,,,,,,,,,,,,,,,,,,,,w,move_up,,0,0
2465,82167,,,,,,,,,,,,,,,,,,,,,,d|w,move_up|move_right,,0,0
2466,82200,,,,,,,,,,,,,,,,,,,,,,d|w,move_up|move_right,,0,0
2467,82233,,,,,,,,,,,,,,,,,,,,,,d|w,move_up|move_right,,0,0
2468,82267,,,,,,,,,,,,,,,,,,,,,,d|w,move_up|move_right,,0,0
2469,82300,,,,,,,,,,,,,,,,,,,,,,d|w,move_up|move_right,,0,0
2470,82333,,,,,,,,,,,,,,,,,,,,,,d|w,move_up|move_right,,0,0
2471,82367,,,,,,,,,,,,,,,,,,,,,,d,move_right,,0,0
2472,82400,,,,,,,,,,,,,,,,,,,,,,,,,0,0
2473,82433,,,,,,,,,,,,,,,,,,,,,,,,,0,0
2474,82467,,,,,,,,,,,,,,,,,,,,,,,,,0,0
2475,82500,,,,,,,,,,,,,,,,,,,,,,,,,0,0
2476,82533,,,,,,,,,,,,,,,,,,,,,,,,,0,0
2477,82567,,,,,,,,,,,,,,,,,,,,,,,,,0,0
2478,82600,,,,,,,,,,,,,,,,,,,,,,,,,0,0
2479,82633,,,,,,,,,,,,,,,,,,,,,,,,,0,0
2480,82667,,,,,,,,,,,,,,,,,,,,,,,,,0,0
2481,82700,,,,,,,,,,,,,,,,,,,,,,,,,0,0
2482,82733,,,,,,,,,,,,,,,,,,,,,,,,,0,0
2483,82767,,,,,,,,,,,,,,,,,,,,,,,,,0,0
2484,82800,,,,,,,,,,,,,,,,,,,,,,,,,0,0
2485,82833,,,,,,,,,,,,,,,,,,,,,,,,,0,0
2486,82867,,,,,,,,,,,,,,,,,,,,,,,,,0,0
2487,82900,,,,,,,,,,,,,,,,,,,,,,,,,0,0
2488,82933,,,,,,,,,,,,,,,,,,,,,,,,,0,0
2489,82967,,,,,,,,,,,,,,,,,,,,,,,,,0,0
2490,83000,,,,,,,,,,,,,,,,,,,,,,w,move_up,,0,0
2491,83033,,,,,,,,,,,,,,,,,,,,,,w,move_up,,0,0
2492,83067,,,,,,,,,,,,,,,,,,,,,,w,move_up,,0,0
2493,83100,,,,,,,,,,,,,,,,,,,,,,w,move_up,,0,0
2494,83133,,,,,,,,,,,,,,,,,,,,,,w,move_up,,0,0
2495,83167,,,,,,,,,,,,,,,,,,,,,,w,move_up,,0,0
2496,83200,,,,,,,,,,,,,,,,,,,,,,w,move_up,,0,0
2497,83233,,,,,,,,,,,,,,,,,,,,,,w,move_up,,0,0
2498,83267,,,,,,,,,,,,,,,,,,,,,,w,move_up,,0,0
2499,83300,,,,,,,,,,,,,,,,,,,,,,w,move_up,,0,0
2500,83333,,,,,,,,,,,,,,,,,,,,,,w,move_up,,0,0
2501,83367,,,,,,,,,,,,,,,,,,,,,,w,move_up,,0,0
2502,83400,,,,,,,,,,,,,,,,,,,,,,w,move_up,,0,0
2503,83433,,,,,,,,,,,,,,,,,,,,,,,,,0,0
2504,83467,,,,,,,,,,,,,,,,,,,,,,,,,0,0
2505,83500,,,,,,,,,,,,,,,,,,,,,,,,,0,0
2506,83533,,,,,,,,,,,,,,,,,,,,,,w,move_up,,0,0
2507,83567,,,,,,,,,,,,,,,,,,,,,,d|w,move_up|move_right,,0,0
2508,83600,,,,,,,,,,,,,,,,,,,,,,d|w,move_up|move_right,,0,0
2509,83633,,,,,,,,,,,,,,,,,,,,,,d|w,move_up|move_right,,0,0
2510,83667,,,,,,,,,,,,,,,,,,,,,,d|w,move_up|move_right,,0,0
2511,83700,,,,,,,,,,,,,,,,,,,,,,d|w,move_up|move_right,,0,0
2512,83733,,,,,,,,,,,,,,,,,,,,,,d|w,move_up|move_right,,0,0
2513,83767,,,,,,,,,,,,,,,,,,,,,,d|w,move_up|move_right,,0,0
2514,83800,,,,,,,,,,,,,,,,,,,,,,d|w,move_up|move_right,,0,0
2515,83833,,,,,,,,,,,,,,,,,,,,,,w,move_up,,0,0
2516,83867,,,,,,,,,,,,,,,,,,,,,,,,,0,0
2517,83900,,,,,,,,,,,,,,,,,,,,,,,,,0,0
2518,83933,,,,,,,,,,,,,,,,,,,,,,,,,0,0
2519,83967,,,,,,,,,,,,,,,,,,,,,,,,,0,0
2520,84000,,,,,,,,,,,,,,,,,,,,,,,,,0,0
2521,84033,,,,,,,,,,,,,,,,,,,,,,w,move_up,,0,0
2522,84067,,,,,,,,,,,,,,,,,,,,,,w,move_up,,0,0
2523,84100,,,,,,,,,,,,,,,,,,,,,,e|w,interact|move_up,,0,0
2524,84133,,,,,,,,,,,,,,,,,,,,,,e|w,interact|move_up,,0,0
2525,84167,,,,,,,,,,,,,,,,,,,,,,e|w,interact|move_up,,0,0
2526,84200,,,,,,,,,,,,,,,,,,,,,,e|w,interact|move_up,,0,0
2527,84233,,,,,,,,,,,,,,,,,,,,,,e|w,interact|move_up,,0,0
2528,84267,,,,,,,,,,,,,,,,,,,,,,,,,0,0
2529,84300,,,,,,,,,,,,,,,,,,,,,,,,,0,0
2530,84333,,,,,,,,,,,,,,,,,,,,,,,,,0,0
2531,84367,,,,,,,,,,,,,,,,,,,,,,,,,0,0
2532,84400,,,,,,,,,,,,,,,,,,,,,,,,,0,0
2533,84433,,,,,,,,,,,,,,,,,,,,,,,,,0,0
2534,84467,,,,,,,,,,,,,,,,,,,,,,,,,0,0
2535,84500,,,,,,,,,,,,,,,,,,,,,,,,,0,0
2536,84533,,,,,,,,,,,,,,,,,,,,,,,,,0,0
2537,84567,,,,,,,,,,,,,,,,,,,,,,w,move_up,,0,0
2538,84600,,,,,,,,,,,,,,,,,,,,,,w,move_up,,0,0
2539,84633,,,,,,,,,,,,,,,,,,,,,,w,move_up,,0,0
2540,84667,,,,,,,,,,,,,,,,,,,,,,w,move_up,,0,0
2541,84700,,,,,,,,,,,,,,,,,,,,,,w,move_up,,0,0
2542,84733,,,,,,,,,,,,,,,,,,,,,,w,move_up,,0,0
2543,84767,,,,,,,,,,,,,,,,,,,,,,w,move_up,,0,0
2544,84800,,,,,,,,,,,,,,,,,,,,,,w,move_up,,0,0
2545,84833,,,,,,,,,,,,,,,,,,,,,,w,move_up,,0,0
2546,84867,,,,,,,,,,,,,,,,,,,,,,w,move_up,,0,0
2547,84900,,,,,,,,,,,,,,,,,,,,,,w,move_up,,0,0
2548,84933,,,,,,,,,,,,,,,,,,,,,,d|w,move_up|move_right,,0,0
2549,84967,,,,,,,,,,,,,,,,,,,,,,d|w,move_up|move_right,,0,0
2550,85000,,,,,,,,,,,,,,,,,,,,,,d|w,move_up|move_right,,0,0
2551,85033,,,,,,,,,,,,,,,,,,,,,,d|w,move_up|move_right,,0,0
2552,85067,,,,,,,,,,,,,,,,,,,,,,d|w,move_up|move_right,,0,0
2553,85100,,,,,,,,,,,,,,,,,,,,,,d|w,move_up|move_right,,0,0
2554,85133,,,,,,,,,,,,,,,,,,,,,,w,move_up,,0,0
2555,85167,,,,,,,,,,,,,,,,,,,,,,,,,0,0
2556,85200,,,,,,,,,,,,,,,,,,,,,,,,,0,0
2557,85233,,,,,,,,,,,,,,,,,,,,,,,,,0,0
2558,85267,,,,,,,,,,,,,,,,,,,,,,,,,0,0
2559,85300,,,,,,,,,,,,,,,,,,,,,,,,,0,0
2560,85333,,,,,,,,,,,,,,,,,,,,,,,,,0,0
2561,85367,,,,,,,,,,,,,,,,,,,,,,w,move_up,,0,0
2562,85400,,,,,,,,,,,,,,,,,,,,,,w,move_up,,0,0
2563,85433,,,,,,,,,,,,,,,,,,,,,,w,move_up,,0,0
2564,85467,,,,,,,,,,,,,,,,,,,,,,w,move_up,,0,0
2565,85500,,,,,,,,,,,,,,,,,,,,,,w,move_up,,0,0
2566,85533,,,,,,,,,,,,,,,,,,,,,,w,move_up,,0,0
2567,85567,,,,,,,,,,,,,,,,,,,,,,w,move_up,,0,0
2568,85600,,,,,,,,,,,,,,,,,,,,,,w,move_up,,0,0
2569,85633,,,,,,,,,,,,,,,,,,,,,,w,move_up,,0,0
2570,85667,,,,,,,,,,,,,,,,,,,,,,w,move_up,,0,0
2571,85700,,,,,,,,,,,,,,,,,,,,,,a|w,move_up|move_left,,0,0
2572,85733,,,,,,,,,,,,,,,,,,,,,,a|w,move_up|move_left,,0,0
2573,85767,,,,,,,,,,,,,,,,,,,,,,a|w,move_up|move_left,,0,0
2574,85800,,,,,,,,,,,,,,,,,,,,,,a|w,move_up|move_left,,0,0
2575,85833,,,,,,,,,,,,,,,,,,,,,,w,move_up,,0,0
2576,85867,,,,,,,,,,,,,,,,,,,,,,w,move_up,,0,0
2577,85900,,,,,,,,,,,,,,,,,,,,,,w,move_up,,0,0
2578,85933,,,,,,,,,,,,,,,,,,,,,,w,move_up,,0,0
2579,85967,,,,,,,,,,,,,,,,,,,,,,,,,0,0
2580,86000,,,,,,,,,,,,,,,,,,,,,,,,,0,0
2581,86033,,,,,,,,,,,,,,,,,,,,,,,,,0,0
2582,86067,,,,,,,,,,,,,,,,,,,,,,,,,0,0
2583,86100,,,,,,,,,,,,,,,,,,,,,,,,,0,0
2584,86133,,,,,,,,,,,,,,,,,,,,,,w,move_up,,0,0
2585,86167,,,,,,,,,,,,,,,,,,,,,,w,move_up,,0,0
2586,86200,,,,,,,,,,,,,,,,,,,,,,w,move_up,,0,0
2587,86233,,,,,,,,,,,,,,,,,,,,,,w,move_up,,0,0
2588,86267,,,,,,,,,,,,,,,,,,,,,,w,move_up,,0,0
2589,86300,,,,,,,,,,,,,,,,,,,,,,w,move_up,,0,0
2590,86333,,,,,,,,,,,,,,,,,,,,,,w,move_up,,0,0
2591,86367,,,,,,,,,,,,,,,,,,,,,,w,move_up,,0,0
2592,86400,,,,,,,,,,,,,,,,,,,,,,w,move_up,,0,0
2593,86433,,,,,,,,,,,,,,,,,,,,,,d|w,move_up|move_right,,0,0
2594,86467,,,,,,,,,,,,,,,,,,,,,,d|w,move_up|move_right,,0,0
2595,86500,,,,,,,,,,,,,,,,,,,,,,d|w,move_up|move_right,,0,0
2596,86533,,,,,,,,,,,,,,,,,,,,,,d|w,move_up|move_right,,0,0
2597,86567,,,,,,,,,,,,,,,,,,,,,,d|w,move_up|move_right,,0,0
2598,86600,,,,,,,,,,,,,,,,,,,,,,d|w,move_up|move_right,,0,0
2599,86633,,,,,,,,,,,,,,,,,,,,,,d|w,move_up|move_right,,0,0
2600,86667,,,,,,,,,,,,,,,,,,,,,,d|w,move_up|move_right,,0,0
2601,86700,,,,,,,,,,,,,,,,,,,,,,d|w,move_up|move_right,,0,0
2602,86733,,,,,,,,,,,,,,,,,,,,,,d|w,move_up|move_right,,0,0
2603,86767,,,,,,,,,,,,,,,,,,,,,,d|w,move_up|move_right,,0,0
2604,86800,,,,,,,,,,,,,,,,,,,,,,w,move_up,,0,0
2605,86833,,,,,,,,,,,,,,,,,,,,,,,,,0,0
2606,86867,,,,,,,,,,,,,,,,,,,,,,,,,0,0
2607,86900,,,,,,,,,,,,,,,,,,,,,,,,,0,0
2608,86933,,,,,,,,,,,,,,,,,,,,,,,,,0,0
2609,86967,,,,,,,,,,,,,,,,,,,,,,,,,0,0
2610,87000,,,,,,,,,,,,,,,,,,,,,,w,move_up,,0,0
2611,87033,,,,,,,,,,,,,,,,,,,,,,w,move_up,,0,0
2612,87067,,,,,,,,,,,,,,,,,,,,,,w,move_up,,0,0
2613,87100,,,,,,,,,,,,,,,,,,,,,,w,move_up,,0,0
2614,87133,,,,,,,,,,,,,,,,,,,,,,w,move_up,,0,0
2615,87167,,,,,,,,,,,,,,,,,,,,,,a|w,move_up|move_left,,0,0
2616,87200,,,,,,,,,,,,,,,,,,,,,,a|w,move_up|move_left,,0,0
2617,87233,,,,,,,,,,,,,,,,,,,,,,a|w,move_up|move_left,,0,0
2618,87267,,,,,,,,,,,,,,,,,,,,,,a|w,move_up|move_left,,0,0
2619,87300,,,,,,,,,,,,,,,,,,,,,,a|w,move_up|move_left,,0,0
2620,87333,,,,,,,,,,,,,,,,,,,,,,a|w,move_up|move_left,,0,0
2621,87367,,,,,,,,,,,,,,,,,,,,,,a|w,move_up|move_left,,0,0
2622,87400,,,,,,,,,,,,,,,,,,,,,,a|w,move_up|move_left,,0,0
2623,87433,,,,,,,,,,,,,,,,,,,,,,a|w,move_up|move_left,,0,0
2624,87467,,,,,,,,,,,,,,,,,,,,,,a|w,move_up|move_left,,0,0
2625,87500,,,,,,,,,,,,,,,,,,,,,,w,move_up,,0,0
2626,87533,,,,,,,,,,,,,,,,,,,,,,,,,0,0
2627,87567,,,,,,,,,,,,,,,,,,,,,,,,,0,0
2628,87600,,,,,,,,,,,,,,,,,,,,,,,,,0,0
2629,87633,,,,,,,,,,,,,,,,,,,,,,,,,0,0
2630,87667,,,,,,,,,,,,,,,,,,,,,,,,,0,0
2631,87700,,,,,,,,,,,,,,,,,,,,,,,,,0,0
2632,87733,,,,,,,,,,,,,,,,,,,,,,,,,0,0
2633,87767,,,,,,,,,,,,,,,,,,,,,,,,,0,0
2634,87800,,,,,,,,,,,,,,,,,,,,,,,,,0,0
2635,87833,,,,,,,,,,,,,,,,,,,,,,,,,0,0
2636,87867,,,,,,,,,,,,,,,,,,,,,,,,,0,0
2637,87900,,,,,,,,,,,,,,,,,,,,,,,,,0,0
2638,87933,,,,,,,,,,,,,,,,,,,,,,,,,0,0
2639,87967,,,,,,,,,,,,,,,,,,,,,,,,,0,0
2640,88000,,,,,,,,,,,,,,,,,,,,,,,,,0,0
2641,88033,,,,,,,,,,,,,,,,,,,,,,,,,0,0
2642,88067,,,,,,,,,,,,,,,,,,,,,,,,,0,0
2643,88100,,,,,,,,,,,,,,,,,,,,,,,,,0,0
2644,88133,,,,,,,,,,,,,,,,,,,,,,,,,0,0
2645,88167,,,,,,,,,,,,,,,,,,,,,,,,,0,0
2646,88200,,,,,,,,,,,,,,,,,,,,,,,,,0,0
2647,88233,,,,,,,,,,,,,,,,,,,,,,,,,0,0
2648,88267,,,,,,,,,,,,,,,,,,,,,,,,,0,0
2649,88300,,,,,,,,,,,,,,,,,,,,,,a,move_left,,0,0
2650,88333,,,,,,,,,,,,,,,,,,,,,,a,move_left,,0,0
2651,88367,,,,,,,,,,,,,,,,,,,,,,a|w,move_up|move_left,,0,0
2652,88400,,,,,,,,,,,,,,,,,,,,,,a|w,move_up|move_left,,0,0
2653,88433,,,,,,,,,,,,,,,,,,,,,,w,move_up,,0,0
2654,88467,,,,,,,,,,,,,,,,,,,,,,w,move_up,,0,0
2655,88500,,,,,,,,,,,,,,,,,,,,,,w,move_up,,0,0
2656,88533,,,,,,,,,,,,,,,,,,,,,,d|w,move_up|move_right,,0,0
2657,88567,,,,,,,,,,,,,,,,,,,,,,d|w,move_up|move_right,,0,0
2658,88600,,,,,,,,,,,,,,,,,,,,,,d|w,move_up|move_right,,0,0
2659,88633,,,,,,,,,,,,,,,,,,,,,,d|w,move_up|move_right,,0,0
2660,88667,,,,,,,,,,,,,,,,,,,,,,d|w,move_up|move_right,,0,0
2661,88700,,,,,,,,,,,,,,,,,,,,,,w,move_up,,0,0
2662,88733,,,,,,,,,,,,,,,,,,,,,,,,,0,0
2663,88767,,,,,,,,,,,,,,,,,,,,,,,,,0,0
2664,88800,,,,,,,,,,,,,,,,,,,,,,,,,0,0
2665,88833,,,,,,,,,,,,,,,,,,,,,,,,,0,0
2666,88867,,,,,,,,,,,,,,,,,,,,,,,,,0,0
2667,88900,,,,,,,,,,,,,,,,,,,,,,,,,0,0
2668,88933,,,,,,,,,,,,,,,,,,,,,,,,,0,0
2669,88967,,,,,,,,,,,,,,,,,,,,,,,,,0,0
2670,89000,,,,,,,,,,,,,,,,,,,,,,,,,0,0
2671,89033,,,,,,,,,,,,,,,,,,,,,,,,,0,0
2672,89067,,,,,,,,,,,,,,,,,,,,,,,,,0,0
2673,89100,,,,,,,,,,,,,,,,,,,,,,,,,0,0
2674,89133,,,,,,,,,,,,,,,,,,,,,,,,,0,0
2675,89167,,,,,,,,,,,,,,,,,,,,,,,,,0,0
2676,89200,,,,,,,,,,,,,,,,,,,,,,,,,0,0
2677,89233,,,,,,,,,,,,,,,,,,,,,,,,,0,0
2678,89267,,,,,,,,,,,,,,,,,,,,,,,,,0,0
2679,89300,,,,,,,,,,,,,,,,,,,,,,,,,0,0
2680,89333,,,,,,,,,,,,,,,,,,,,,,w,move_up,,0,0
2681,89367,,,,,,,,,,,,,,,,,,,,,,w,move_up,,0,0
2682,89400,,,,,,,,,,,,,,,,,,,,,,w,move_up,,0,0
2683,89433,,,,,,,,,,,,,,,,,,,,,,w,move_up,,0,0
2684,89467,,,,,,,,,,,,,,,,,,,,,,w,move_up,,0,0
2685,89500,,,,,,,,,,,,,,,,,,,,,,w,move_up,,0,0
2686,89533,,,,,,,,,,,,,,,,,,,,,,d|w,move_up|move_right,,0,0
2687,89567,,,,,,,,,,,,,,,,,,,,,,d|w,move_up|move_right,,0,0
2688,89600,,,,,,,,,,,,,,,,,,,,,,d|w,move_up|move_right,,0,0
2689,89633,,,,,,,,,,,,,,,,,,,,,,d|w,move_up|move_right,,0,0
2690,89667,,,,,,,,,,,,,,,,,,,,,,d|w,move_up|move_right,,0,0
2691,89700,,,,,,,,,,,,,,,,,,,,,,d|w,move_up|move_right,,0,0
2692,89733,,,,,,,,,,,,,,,,,,,,,,w,move_up,,0,0
2693,89767,,,,,,,,,,,,,,,,,,,,,,,,,0,0
2694,89800,,,,,,,,,,,,,,,,,,,,,,,,,0,0
2695,89833,,,,,,,,,,,,,,,,,,,,,,,,,0,0
2696,89867,,,,,,,,,,,,,,,,,,,,,,w,move_up,,0,0
2697,89900,,,,,,,,,,,,,,,,,,,,,,a|w,move_up|move_left,,0,0
2698,89933,,,,,,,,,,,,,,,,,,,,,,a|w,move_up|move_left,,0,0
2699,89967,,,,,,,,,,,,,,,,,,,,,,a|w,move_up|move_left,,0,0
2700,90000,,,,,,,,,,,,,,,,,,,,,,a|w,move_up|move_left,,0,0
2701,90033,,,,,,,,,,,,,,,,,,,,,,a|w,move_up|move_left,,0,0
2702,90067,,,,,,,,,,,,,,,,,,,,,,a|w,move_up|move_left,,0,0
2703,90100,,,,,,,,,,,,,,,,,,,,,,a|w,move_up|move_left,,0,0
2704,90133,,,,,,,,,,,,,,,,,,,,,,a|w,move_up|move_left,,0,0
2705,90167,,,,,,,,,,,,,,,,,,,,,,w,move_up,,0,0
2706,90200,,,,,,,,,,,,,,,,,,,,,,w,move_up,,0,0
2707,90233,,,,,,,,,,,,,,,,,,,,,,w,move_up,,0,0
2708,90267,,,,,,,,,,,,,,,,,,,,,,w,move_up,,0,0
2709,90300,,,,,,,,,,,,,,,,,,,,,,w,move_up,,0,0
2710,90333,,,,,,,,,,,,,,,,,,,,,,w,move_up,,0,0
2711,90367,,,,,,,,,,,,,,,,,,,,,,w,move_up,,0,0
2712,90400,,,,,,,,,,,,,,,,,,,,,,w,move_up,,0,0
2713,90433,,,,,,,,,,,,,,,,,,,,,,w,move_up,,0,0
2714,90467,,,,,,,,,,,,,,,,,,,,,,w,move_up,,0,0
2715,90500,,,,,,,,,,,,,,,,,,,,,,w,move_up,,0,0
2716,90533,,,,,,,,,,,,,,,,,,,,,,w,move_up,,0,0
2717,90567,,,,,,,,,,,,,,,,,,,,,,w,move_up,,0,0
2718,90600,,,,,,,,,,,,,,,,,,,,,,w,move_up,,0,0
2719,90633,,,,,,,,,,,,,,,,,,,,,,w,move_up,,0,0
2720,90667,,,,,,,,,,,,,,,,,,,,,,w,move_up,,0,0
2721,90700,,,,,,,,,,,,,,,,,,,,,,w,move_up,,0,0
2722,90733,,,,,,,,,,,,,,,,,,,,,,w,move_up,,0,0
2723,90767,,,,,,,,,,,,,,,,,,,,,,w,move_up,,0,0
2724,90800,,,,,,,,,,,,,,,,,,,,,,w,move_up,,0,0
2725,90833,,,,,,,,,,,,,,,,,,,,,,w,move_up,,0,0
2726,90867,,,,,,,,,,,,,,,,,,,,,,w,move_up,,0,0
2727,90900,,,,,,,,,,,,,,,,,,,,,,w,move_up,,0,0
2728,90933,,,,,,,,,,,,,,,,,,,,,,w,move_up,,0,0
2729,90967,,,,,,,,,,,,,,,,,,,,,,w,move_up,,0,0
2730,91000,,,,,,,,,,,,,,,,,,,,,,w,move_up,,0,0
2731,91033,,,,,,,,,,,,,,,,,,,,,,w,move_up,,0,0
2732,91067,,,,,,,,,,,,,,,,,,,,,,w,move_up,,0,0
2733,91100,,,,,,,,,,,,,,,,,,,,,,w,move_up,,0,0
2734,91133,,,,,,,,,,,,,,,,,,,,,,w,move_up,,0,0
2735,91167,,,,,,,,,,,,,,,,,,,,,,w,move_up,,0,0
2736,91200,,,,,,,,,,,,,,,,,,,,,,w,move_up,,0,0
2737,91233,,,,,,,,,,,,,,,,,,,,,,w,move_up,,0,0
2738,91267,,,,,,,,,,,,,,,,,,,,,,w,move_up,,0,0
2739,91300,,,,,,,,,,,,,,,,,,,,,,w,move_up,,0,0
2740,91333,,,,,,,,,,,,,,,,,,,,,,d|w,move_up|move_right,,0,0
2741,91367,,,,,,,,,,,,,,,,,,,,,,d|w,move_up|move_right,,0,0
2742,91400,,,,,,,,,,,,,,,,,,,,,,d|w,move_up|move_right,,0,0
2743,91433,,,,,,,,,,,,,,,,,,,,,,d|w,move_up|move_right,,0,0
2744,91467,,,,,,,,,,,,,,,,,,,,,,d|w,move_up|move_right,,0,0
2745,91500,,,,,,,,,,,,,,,,,,,,,,d|w,move_up|move_right,,0,0
2746,91533,,,,,,,,,,,,,,,,,,,,,,d|w,move_up|move_right,,0,0
2747,91567,,,,,,,,,,,,,,,,,,,,,,d|w,move_up|move_right,,0,0
2748,91600,,,,,,,,,,,,,,,,,,,,,,d|w,move_up|move_right,,0,0
2749,91633,,,,,,,,,,,,,,,,,,,,,,d|w,move_up|move_right,,0,0
2750,91667,,,,,,,,,,,,,,,,,,,,,,d|w,move_up|move_right,,0,0
2751,91700,,,,,,,,,,,,,,,,,,,,,,d|w,move_up|move_right,,0,0
2752,91733,,,,,,,,,,,,,,,,,,,,,,d|w,move_up|move_right,,0,0
2753,91767,,,,,,,,,,,,,,,,,,,,,,d|w,move_up|move_right,,0,0
2754,91800,,,,,,,,,,,,,,,,,,,,,,w,move_up,,0,0
2755,91833,,,,,,,,,,,,,,,,,,,,,,,,,0,0
2756,91867,,,,,,,,,,,,,,,,,,,,,,,,,0,0
2757,91900,,,,,,,,,,,,,,,,,,,,,,,,,0,0
2758,91933,,,,,,,,,,,,,,,,,,,,,,,,,0,0
2759,91967,,,,,,,,,,,,,,,,,,,,,,,,,0,0
2760,92000,,,,,,,,,,,,,,,,,,,,,,,,,0,0
2761,92033,,,,,,,,,,,,,,,,,,,,,,,,,0,0
2762,92067,,,,,,,,,,,,,,,,,,,,,,,,,0,0
2763,92100,,,,,,,,,,,,,,,,,,,,,,,,,0,0
2764,92133,,,,,,,,,,,,,,,,,,,,,,,,,0,0
2765,92167,,,,,,,,,,,,,,,,,,,,,,,,,0,0
2766,92200,,,,,,,,,,,,,,,,,,,,,,,,,0,0
2767,92233,,,,,,,,,,,,,,,,,,,,,,,,,0,0
2768,92267,,,,,,,,,,,,,,,,,,,,,,,,,0,0
2769,92300,,,,,,,,,,,,,,,,,,,,,,,,,0,0
2770,92333,,,,,,,,,,,,,,,,,,,,,,,,,0,0
2771,92367,,,,,,,,,,,,,,,,,,,,,,,,,0,0
2772,92400,,,,,,,,,,,,,,,,,,,,,,,,,0,0
2773,92433,,,,,,,,,,,,,,,,,,,,,,,,,0,0
2774,92467,,,,,,,,,,,,,,,,,,,,,,,,,0,0
2775,92500,,,,,,,,,,,,,,,,,,,,,,,,,0,0
2776,92533,,,,,,,,,,,,,,,,,,,,,,d,move_right,,0,0
2777,92567,,,,,,,,,,,,,,,,,,,,,,d,move_right,,0,0
2778,92600,,,,,,,,,,,,,,,,,,,,,,d|w,move_up|move_right,,0,0
2779,92633,,,,,,,,,,,,,,,,,,,,,,d|w,move_up|move_right,,0,0
2780,92667,,,,,,,,,,,,,,,,,,,,,,d|w,move_up|move_right,,0,0
2781,92700,,,,,,,,,,,,,,,,,,,,,,d|w,move_up|move_right,,0,0
2782,92733,,,,,,,,,,,,,,,,,,,,,,d|w,move_up|move_right,,0,0
2783,92767,,,,,,,,,,,,,,,,,,,,,,d|w,move_up|move_right,,0,0
2784,92800,,,,,,,,,,,,,,,,,,,,,,d|w,move_up|move_right,,0,0
2785,92833,,,,,,,,,,,,,,,,,,,,,,d,move_right,,0,0
2786,92867,,,,,,,,,,,,,,,,,,,,,,d,move_right,,0,0
2787,92900,,,,,,,,,,,,,,,,,,,,,,d,move_right,,0,0
2788,92933,,,,,,,,,,,,,,,,,,,,,,d,move_right,,0,0
2789,92967,,,,,,,,,,,,,,,,,,,,,,d,move_right,,0,0
2790,93000,,,,,,,,,,,,,,,,,,,,,,d,move_right,,0,0
2791,93033,,,,,,,,,,,,,,,,,,,,,,d,move_right,,0,0
2792,93067,,,,,,,,,,,,,,,,,,,,,,d,move_right,,0,0
2793,93100,,,,,,,,,,,,,,,,,,,,,,d,move_right,,0,0
2794,93133,,,,,,,,,,,,,,,,,,,,,,,,,0,0
2795,93167,,,,,,,,,,,,,,,,,,,,,,,,,0,0
2796,93200,,,,,,,,,,,,,,,,,,,,,,,,,0,0
2797,93233,,,,,,,,,,,,,,,,,,,,,,,,,0,0
2798,93267,,,,,,,,,,,,,,,,,,,,,,,,,0,0
2799,93300,,,,,,,,,,,,,,,,,,,,,,,,,0,0
2800,93333,,,,,,,,,,,,,,,,,,,,,,,,,0,0
2801,93367,,,,,,,,,,,,,,,,,,,,,,,,,0,0
2802,93400,,,,,,,,,,,,,,,,,,,,,,,,,0,0
2803,93433,,,,,,,,,,,,,,,,,,,,,,,,,0,0
2804,93467,,,,,,,,,,,,,,,,,,,,,,,,,0,0
2805,93500,,,,,,,,,,,,,,,,,,,,,,,,,0,0
2806,93533,,,,,,,,,,,,,,,,,,,,,,,,,0,0
2807,93567,,,,,,,,,,,,,,,,,,,,,,,,,0,0
2808,93600,,,,,,,,,,,,,,,,,,,,,,,,,0,0
2809,93633,,,,,,,,,,,,,,,,,,,,,,,,,0,0
2810,93667,,,,,,,,,,,,,,,,,,,,,,,,,0,0
2811,93700,,,,,,,,,,,,,,,,,,,,,,,,,0,0
2812,93733,,,,,,,,,,,,,,,,,,,,,,w,move_up,,0,0
2813,93767,,,,,,,,,,,,,,,,,,,,,,w,move_up,,0,0
2814,93800,,,,,,,,,,,,,,,,,,,,,,w,move_up,,0,0
2815,93833,,,,,,,,,,,,,,,,,,,,,,w,move_up,,0,0
2816,93867,,,,,,,,,,,,,,,,,,,,,,w,move_up,,0,0
2817,93900,,,,,,,,,,,,,,,,,,,,,,w,move_up,,0,0
2818,93933,,,,,,,,,,,,,,,,,,,,,,w,move_up,,0,0
2819,93967,,,,,,,,,,,,,,,,,,,,,,w,move_up,,0,0
2820,94000,,,,,,,,,,,,,,,,,,,,,,w,move_up,,0,0
2821,94033,,,,,,,,,,,,,,,,,,,,,,w,move_up,,0,0
2822,94067,,,,,,,,,,,,,,,,,,,,,,w,move_up,,0,0
2823,94100,,,,,,,,,,,,,,,,,,,,,,w,move_up,,0,0
2824,94133,,,,,,,,,,,,,,,,,,,,,,w,move_up,,0,0
2825,94167,,,,,,,,,,,,,,,,,,,,,,w,move_up,,0,0
2826,94200,,,,,,,,,,,,,,,,,,,,,,w,move_up,,0,0
2827,94233,,,,,,,,,,,,,,,,,,,,,,w,move_up,,0,0
2828,94267,,,,,,,,,,,,,,,,,,,,,,w,move_up,,0,0
2829,94300,,,,,,,,,,,,,,,,,,,,,,w,move_up,,0,0
2830,94333,,,,,,,,,,,,,,,,,,,,,,w,move_up,,0,0
2831,94367,,,,,,,,,,,,,,,,,,,,,,w,move_up,,0,0
2832,94400,,,,,,,,,,,,,,,,,,,,,,w,move_up,,0,0
2833,94433,,,,,,,,,,,,,,,,,,,,,,w,move_up,,0,0
2834,94467,,,,,,,,,,,,,,,,,,,,,,,,,0,0
2835,94500,,,,,,,,,,,,,,,,,,,,,,,,,0,0
2836,94533,,,,,,,,,,,,,,,,,,,,,,,,,0,0
2837,94567,,,,,,,,,,,,,,,,,,,,,,,,,0,0
2838,94600,,,,,,,,,,,,,,,,,,,,,,,,,0,0
2839,94633,,,,,,,,,,,,,,,,,,,,,,,,,0,0
2840,94667,,,,,,,,,,,,,,,,,,,,,,,,,0,0
2841,94700,,,,,,,,,,,,,,,,,,,,,,,,,0,0
2842,94733,,,,,,,,,,,,,,,,,,,,,,,,,0,0
2843,94767,,,,,,,,,,,,,,,,,,,,,,,,,0,0
2844,94800,,,,,,,,,,,,,,,,,,,,,,,,,0,0
2845,94833,,,,,,,,,,,,,,,,,,,,,,,,,0,0
2846,94867,,,,,,,,,,,,,,,,,,,,,,w,move_up,,0,0
2847,94900,,,,,,,,,,,,,,,,,,,,,,w,move_up,,0,0
2848,94933,,,,,,,,,,,,,,,,,,,,,,w,move_up,,0,0
2849,94967,,,,,,,,,,,,,,,,,,,,,,w,move_up,,0,0
2850,95000,,,,,,,,,,,,,,,,,,,,,,w,move_up,,0,0
2851,95033,,,,,,,,,,,,,,,,,,,,,,w,move_up,,0,0
2852,95067,,,,,,,,,,,,,,,,,,,,,,w,move_up,,0,0
2853,95100,,,,,,,,,,,,,,,,,,,,,,w,move_up,,0,0
2854,95133,,,,,,,,,,,,,,,,,,,,,,w,move_up,,0,0
2855,95167,,,,,,,,,,,,,,,,,,,,,,w,move_up,,0,0
2856,95200,,,,,,,,,,,,,,,,,,,,,,w,move_up,,0,0
2857,95233,,,,,,,,,,,,,,,,,,,,,,w,move_up,,0,0
2858,95267,,,,,,,,,,,,,,,,,,,,,,w,move_up,,0,0
2859,95300,,,,,,,,,,,,,,,,,,,,,,w,move_up,,0,0
2860,95333,,,,,,,,,,,,,,,,,,,,,,w,move_up,,0,0
2861,95367,,,,,,,,,,,,,,,,,,,,,,w,move_up,,0,0
2862,95400,,,,,,,,,,,,,,,,,,,,,,w,move_up,,0,0
2863,95433,,,,,,,,,,,,,,,,,,,,,,w,move_up,,0,0
2864,95467,,,,,,,,,,,,,,,,,,,,,,w,move_up,,0,0
2865,95500,,,,,,,,,,,,,,,,,,,,,,w,move_up,,0,0
2866,95533,,,,,,,,,,,,,,,,,,,,,,w,move_up,,0,0
2867,95567,,,,,,,,,,,,,,,,,,,,,,w,move_up,,0,0
2868,95600,,,,,,,,,,,,,,,,,,,,,,w,move_up,,0,0
2869,95633,,,,,,,,,,,,,,,,,,,,,,w,move_up,,0,0
2870,95667,,,,,,,,,,,,,,,,,,,,,,w,move_up,,0,0
2871,95700,,,,,,,,,,,,,,,,,,,,,,w,move_up,,0,0
2872,95733,,,,,,,,,,,,,,,,,,,,,,w,move_up,,0,0
2873,95767,,,,,,,,,,,,,,,,,,,,,,w,move_up,,0,0
2874,95800,,,,,,,,,,,,,,,,,,,,,,w,move_up,,0,0
2875,95833,,,,,,,,,,,,,,,,,,,,,,w,move_up,,0,0
2876,95867,,,,,,,,,,,,,,,,,,,,,,w,move_up,,0,0
2877,95900,,,,,,,,,,,,,,,,,,,,,,w,move_up,,0,0
2878,95933,,,,,,,,,,,,,,,,,,,,,,w,move_up,,0,0
2879,95967,,,,,,,,,,,,,,,,,,,,,,w,move_up,,0,0
2880,96000,,,,,,,,,,,,,,,,,,,,,,w,move_up,,0,0
2881,96033,,,,,,,,,,,,,,,,,,,,,,w,move_up,,0,0
2882,96067,,,,,,,,,,,,,,,,,,,,,,w,move_up,,0,0
2883,96100,,,,,,,,,,,,,,,,,,,,,,w,move_up,,0,0
2884,96133,,,,,,,,,,,,,,,,,,,,,,w,move_up,,0,0
2885,96167,,,,,,,,,,,,,,,,,,,,,,w,move_up,,0,0
2886,96200,,,,,,,,,,,,,,,,,,,,,,w,move_up,,0,0
2887,96233,,,,,,,,,,,,,,,,,,,,,,w,move_up,,0,0
2888,96267,,,,,,,,,,,,,,,,,,,,,,w,move_up,,0,0
2889,96300,,,,,,,,,,,,,,,,,,,,,,w,move_up,,0,0
2890,96333,,,,,,,,,,,,,,,,,,,,,,d|w,move_up|move_right,,0,0
2891,96367,,,,,,,,,,,,,,,,,,,,,,d|w,move_up|move_right,,0,0
2892,96400,,,,,,,,,,,,,,,,,,,,,,d|w,move_up|move_right,,0,0
2893,96433,,,,,,,,,,,,,,,,,,,,,,d|w,move_up|move_right,,0,0
2894,96467,,,,,,,,,,,,,,,,,,,,,,d|w,move_up|move_right,,0,0
2895,96500,,,,,,,,,,,,,,,,,,,,,,w,move_up,,0,0
2896,96533,,,,,,,,,,,,,,,,,,,,,,w,move_up,,0,0
2897,96567,,,,,,,,,,,,,,,,,,,,,,w,move_up,,0,0
2898,96600,,,,,,,,,,,,,,,,,,,,,,w,move_up,,0,0
2899,96633,,,,,,,,,,,,,,,,,,,,,,w,move_up,,0,0
2900,96667,,,,,,,,,,,,,,,,,,,,,,,,,0,0
2901,96700,,,,,,,,,,,,,,,,,,,,,,,,,0,0
2902,96733,,,,,,,,,,,,,,,,,,,,,,,,,0,0
2903,96767,,,,,,,,,,,,,,,,,,,,,,,,,0,0
2904,96800,,,,,,,,,,,,,,,,,,,,,,,,,0,0
2905,96833,,,,,,,,,,,,,,,,,,,,,,,,,0,0
2906,96867,,,,,,,,,,,,,,,,,,,,,,,,,0,0
2907,96900,,,,,,,,,,,,,,,,,,,,,,,,,0,0
2908,96933,,,,,,,,,,,,,,,,,,,,,,,,,0,0
2909,96967,,,,,,,,,,,,,,,,,,,,,,,,,0,0
2910,97000,,,,,,,,,,,,,,,,,,,,,,,,,0,0
2911,97033,,,,,,,,,,,,,,,,,,,,,,,,,0,0
2912,97067,,,,,,,,,,,,,,,,,,,,,,,,,0,0
2913,97100,,,,,,,,,,,,,,,,,,,,,,,,,0,0
2914,97133,,,,,,,,,,,,,,,,,,,,,,,,,0,0
2915,97167,,,,,,,,,,,,,,,,,,,,,,e,interact,,0,0
2916,97200,,,,,,,,,,,,,,,,,,,,,,e,interact,,0,0
2917,97233,,,,,,,,,,,,,,,,,,,,,,e,interact,,0,0
2918,97267,,,,,,,,,,,,,,,,,,,,,,e,interact,,0,0
2919,97300,,,,,,,,,,,,,,,,,,,,,,e,interact,,0,0
2920,97333,,,,,,,,,,,,,,,,,,,,,,e,interact,,0,0
2921,97367,,,,,,,,,,,,,,,,,,,,,,,,,0,0
2922,97400,,,,,,,,,,,,,,,,,,,,,,,,,0,0
2923,97433,,,,,,,,,,,,,,,,,,,,,,,,,0,0
2924,97467,,,,,,,,,,,,,,,,,,,,,,,,,0,0
2925,97500,,,,,,,,,,,,,,,,,,,,,,,,,0,0
2926,97533,,,,,,,,,,,,,,,,,,,,,,,,,0,0
2927,97567,,,,,,,,,,,,,,,,,,,,,,,,,0,0
2928,97600,,,,,,,,,,,,,,,,,,,,,,,,,0,0
2929,97633,,,,,,,,,,,,,,,,,,,,,,,,,0,0
2930,97667,,,,,,,,,,,,,,,,,,,,,,,,,0,0
2931,97700,,,,,,,,,,,,,,,,,,,,,,,,,0,0
2932,97733,,,,,,,,,,,,,,,,,,,,,,,,,0,0
2933,97767,,,,,,,,,,,,,,,,,,,,,,,,,0,0
2934,97800,,,,,,,,,,,,,,,,,,,,,,,,,0,0
2935,97833,,,,,,,,,,,,,,,,,,,,,,,,,0,0
2936,97867,,,,,,,,,,,,,,,,,,,,,,,,,0,0
2937,97900,,,,,,,,,,,,,,,,,,,,,,,,,0,0
2938,97933,,,,,,,,,,,,,,,,,,,,,,s,move_down,,0,0
2939,97967,,,,,,,,,,,,,,,,,,,,,,s,move_down,,0,0
2940,98000,,,,,,,,,,,,,,,,,,,,,,s,move_down,,0,0
2941,98033,,,,,,,,,,,,,,,,,,,,,,s,move_down,,0,0
2942,98067,,,,,,,,,,,,,,,,,,,,,,s,move_down,,0,0
2943,98100,,,,,,,,,,,,,,,,,,,,,,s,move_down,,0,0
2944,98133,,,,,,,,,,,,,,,,,,,,,,s,move_down,,0,0
2945,98167,,,,,,,,,,,,,,,,,,,,,,s,move_down,,0,0
2946,98200,,,,,,,,,,,,,,,,,,,,,,s,move_down,,0,0
2947,98233,,,,,,,,,,,,,,,,,,,,,,s,move_down,,0,0
2948,98267,,,,,,,,,,,,,,,,,,,,,,s,move_down,,0,0
2949,98300,,,,,,,,,,,,,,,,,,,,,,s,move_down,,0,0
2950,98333,,,,,,,,,,,,,,,,,,,,,,,,,0,0
2951,98367,,,,,,,,,,,,,,,,,,,,,,,,,0,0
2952,98400,,,,,,,,,,,,,,,,,,,,,,,,,0,0
2953,98433,,,,,,,,,,,,,,,,,,,,,,,,,0,0
2954,98467,,,,,,,,,,,,,,,,,,,,,,e,interact,,0,0
2955,98500,,,,,,,,,,,,,,,,,,,,,,e,interact,,0,0
2956,98533,,,,,,,,,,,,,,,,,,,,,,e,interact,,0,0
2957,98567,,,,,,,,,,,,,,,,,,,,,,e,interact,,0,0
2958,98600,,,,,,,,,,,,,,,,,,,,,,e,interact,,0,0
2959,98633,,,,,,,,,,,,,,,,,,,,,,,,,0,0
2960,98667,,,,,,,,,,,,,,,,,,,,,,,,,0,0
2961,98700,,,,,,,,,,,,,,,,,,,,,,,,,0,0
2962,98733,,,,,,,,,,,,,,,,,,,,,,,,,0,0
2963,98767,,,,,,,,,,,,,,,,,,,,,,,,,0,0
2964,98800,,,,,,,,,,,,,,,,,,,,,,,,,0,0
2965,98833,,,,,,,,,,,,,,,,,,,,,,a,move_left,,0,0
2966,98867,,,,,,,,,,,,,,,,,,,,,,a,move_left,,0,0
2967,98900,,,,,,,,,,,,,,,,,,,,,,a,move_left,,0,0
2968,98933,,,,,,,,,,,,,,,,,,,,,,a,move_left,,0,0
2969,98967,,,,,,,,,,,,,,,,,,,,,,a,move_left,,0,0
2970,99000,,,,,,,,,,,,,,,,,,,,,,a,move_left,,0,0
2971,99033,,,,,,,,,,,,,,,,,,,,,,a,move_left,,0,0
2972,99067,,,,,,,,,,,,,,,,,,,,,,a,move_left,,0,0
2973,99100,,,,,,,,,,,,,,,,,,,,,,a|w,move_up|move_left,,0,0
2974,99133,,,,,,,,,,,,,,,,,,,,,,a|w,move_up|move_left,,0,0
2975,99167,,,,,,,,,,,,,,,,,,,,,,a|w,move_up|move_left,,0,0
2976,99200,,,,,,,,,,,,,,,,,,,,,,a|w,move_up|move_left,,0,0
2977,99233,,,,,,,,,,,,,,,,,,,,,,a|w,move_up|move_left,,0,0
2978,99267,,,,,,,,,,,,,,,,,,,,,,a|w,move_up|move_left,,0,0
2979,99300,,,,,,,,,,,,,,,,,,,,,,a|w,move_up|move_left,,0,0
2980,99333,,,,,,,,,,,,,,,,,,,,,,a|w,move_up|move_left,,0,0
2981,99367,,,,,,,,,,,,,,,,,,,,,,w,move_up,,0,0
2982,99400,,,,,,,,,,,,,,,,,,,,,,w,move_up,,0,0
2983,99433,,,,,,,,,,,,,,,,,,,,,,w,move_up,,0,0
2984,99467,,,,,,,,,,,,,,,,,,,,,,w,move_up,,0,0
2985,99500,,,,,,,,,,,,,,,,,,,,,,w,move_up,,0,0
2986,99533,,,,,,,,,,,,,,,,,,,,,,w,move_up,,0,0
2987,99567,,,,,,,,,,,,,,,,,,,,,,w,move_up,,0,0
2988,99600,,,,,,,,,,,,,,,,,,,,,,w,move_up,,0,0
2989,99633,,,,,,,,,,,,,,,,,,,,,,w,move_up,,0,0
2990,99667,,,,,,,,,,,,,,,,,,,,,,w,move_up,,0,0
2991,99700,,,,,,,,,,,,,,,,,,,,,,w,move_up,,0,0
2992,99733,,,,,,,,,,,,,,,,,,,,,,w,move_up,,0,0
2993,99767,,,,,,,,,,,,,,,,,,,,,,w,move_up,,0,0
2994,99800,,,,,,,,,,,,,,,,,,,,,,w,move_up,,0,0
2995,99833,,,,,,,,,,,,,,,,,,,,,,w,move_up,,0,0
2996,99867,,,,,,,,,,,,,,,,,,,,,,w,move_up,,0,0
2997,99900,,,,,,,,,,,,,,,,,,,,,,w,move_up,,0,0
2998,99933,,,,,,,,,,,,,,,,,,,,,,a|w,move_up|move_left,,0,0
2999,99967,,,,,,,,,,,,,,,,,,,,,,a|w,move_up|move_left,,0,0
3000,100000,,,,,,,,,,,,,,,,,,,,,,a|w,move_up|move_left,,0,0
3001,100033,,,,,,,,,,,,,,,,,,,,,,a|w,move_up|move_left,,0,0
3002,100067,,,,,,,,,,,,,,,,,,,,,,a|w,move_up|move_left,,0,0
3003,100100,,,,,,,,,,,,,,,,,,,,,,a|w,move_up|move_left,,0,0
3004,100133,,,,,,,,,,,,,,,,,,,,,,a|w,move_up|move_left,,0,0
3005,100167,,,,,,,,,,,,,,,,,,,,,,a|w,move_up|move_left,,0,0
3006,100200,,,,,,,,,,,,,,,,,,,,,,a|w,move_up|move_left,,0,0
3007,100233,,,,,,,,,,,,,,,,,,,,,,a|w,move_up|move_left,,0,0
3008,100267,,,,,,,,,,,,,,,,,,,,,,a|w,move_up|move_left,,0,0
3009,100300,,,,,,,,,,,,,,,,,,,,,,a|w,move_up|move_left,,0,0
3010,100333,,,,,,,,,,,,,,,,,,,,,,a|w,move_up|move_left,,0,0
3011,100367,,,,,,,,,,,,,,,,,,,,,,a|w,move_up|move_left,,0,0
3012,100400,,,,,,,,,,,,,,,,,,,,,,a|w,move_up|move_left,,0,0
3013,100433,,,,,,,,,,,,,,,,,,,,,,a|w,move_up|move_left,,0,0
3014,100467,,,,,,,,,,,,,,,,,,,,,,a|w,move_up|move_left,,0,0
3015,100500,,,,,,,,,,,,,,,,,,,,,,a|w,move_up|move_left,,0,0
3016,100533,,,,,,,,,,,,,,,,,,,,,,w,move_up,,0,0
3017,100567,,,,,,,,,,,,,,,,,,,,,,w,move_up,,0,0
3018,100600,,,,,,,,,,,,,,,,,,,,,,w,move_up,,0,0
3019,100633,,,,,,,,,,,,,,,,,,,,,,w,move_up,,0,0
3020,100667,,,,,,,,,,,,,,,,,,,,,,w,move_up,,0,0
3021,100700,,,,,,,,,,,,,,,,,,,,,,w,move_up,,0,0
3022,100733,,,,,,,,,,,,,,,,,,,,,,w,move_up,,0,0
3023,100767,,,,,,,,,,,,,,,,,,,,,,w,move_up,,0,0
3024,100800,,,,,,,,,,,,,,,,,,,,,,,,,0,0
3025,100833,,,,,,,,,,,,,,,,,,,,,,,,,0,0
3026,100867,,,,,,,,,,,,,,,,,,,,,,,,,0,0
3027,100900,,,,,,,,,,,,,,,,,,,,,,,,,0,0
3028,100933,,,,,,,,,,,,,,,,,,,,,,,,,0,0
3029,100967,,,,,,,,,,,,,,,,,,,,,,a,move_left,,0,0
3030,101000,,,,,,,,,,,,,,,,,,,,,,a,move_left,,0,0
3031,101033,,,,,,,,,,,,,,,,,,,,,,a|w,move_up|move_left,,0,0
3032,101067,,,,,,,,,,,,,,,,,,,,,,a|w,move_up|move_left,,0,0
3033,101100,,,,,,,,,,,,,,,,,,,,,,a|w,move_up|move_left,,0,0
3034,101133,,,,,,,,,,,,,,,,,,,,,,a|w,move_up|move_left,,0,0
3035,101167,,,,,,,,,,,,,,,,,,,,,,a|w,move_up|move_left,,0,0
3036,101200,,,,,,,,,,,,,,,,,,,,,,a|w,move_up|move_left,,0,0
3037,101233,,,,,,,,,,,,,,,,,,,,,,a|w,move_up|move_left,,0,0
3038,101267,,,,,,,,,,,,,,,,,,,,,,a|w,move_up|move_left,,0,0
3039,101300,,,,,,,,,,,,,,,,,,,,,,a|w,move_up|move_left,,0,0
3040,101333,,,,,,,,,,,,,,,,,,,,,,a|w,move_up|move_left,,0,0
3041,101367,,,,,,,,,,,,,,,,,,,,,,a|w,move_up|move_left,,0,0
3042,101400,,,,,,,,,,,,,,,,,,,,,,a|w,move_up|move_left,,0,0
3043,101433,,,,,,,,,,,,,,,,,,,,,,a|w,move_up|move_left,,0,0
3044,101467,,,,,,,,,,,,,,,,,,,,,,a|w,move_up|move_left,,0,0
3045,101500,,,,,,,,,,,,,,,,,,,,,,a|w,move_up|move_left,,0,0
3046,101533,,,,,,,,,,,,,,,,,,,,,,a|w,move_up|move_left,,0,0
3047,101567,,,,,,,,,,,,,,,,,,,,,,a|w,move_up|move_left,,0,0
3048,101600,,,,,,,,,,,,,,,,,,,,,,a|w,move_up|move_left,,0,0
3049,101633,,,,,,,,,,,,,,,,,,,,,,a|w,move_up|move_left,,0,0
3050,101667,,,,,,,,,,,,,,,,,,,,,,a|w,move_up|move_left,,0,0
3051,101700,,,,,,,,,,,,,,,,,,,,,,a,move_left,,0,0
3052,101733,,,,,,,,,,,,,,,,,,,,,,,,,0,0
3053,101767,,,,,,,,,,,,,,,,,,,,,,,,,0,0
3054,101800,,,,,,,,,,,,,,,,,,,,,,,,,0,0
3055,101833,,,,,,,,,,,,,,,,,,,,,,,,,0,0
3056,101867,,,,,,,,,,,,,,,,,,,,,,,,,0,0
3057,101900,,,,,,,,,,,,,,,,,,,,,,,,,0,0
3058,101933,,,,,,,,,,,,,,,,,,,,,,,,,0,0
3059,101967,,,,,,,,,,,,,,,,,,,,,,,,,0,0
3060,102000,,,,,,,,,,,,,,,,,,,,,,a,move_left,,0,0
3061,102033,,,,,,,,,,,,,,,,,,,,,,a|w,move_up|move_left,,0,0
3062,102067,,,,,,,,,,,,,,,,,,,,,,a|w,move_up|move_left,,0,0
3063,102100,,,,,,,,,,,,,,,,,,,,,,a|w,move_up|move_left,,0,0
3064,102133,,,,,,,,,,,,,,,,,,,,,,a|w,move_up|move_left,,0,0
3065,102167,,,,,,,,,,,,,,,,,,,,,,a|w,move_up|move_left,,0,0
3066,102200,,,,,,,,,,,,,,,,,,,,,,w,move_up,,0,0
3067,102233,,,,,,,,,,,,,,,,,,,,,,w,move_up,,0,0
3068,102267,,,,,,,,,,,,,,,,,,,,,,w,move_up,,0,0
3069,102300,,,,,,,,,,,,,,,,,,,,,,w,move_up,,0,0
3070,102333,,,,,,,,,,,,,,,,,,,,,,w,move_up,,0,0
3071,102367,,,,,,,,,,,,,,,,,,,,,,w,move_up,,0,0
3072,102400,,,,,,,,,,,,,,,,,,,,,,w,move_up,,0,0
3073,102433,,,,,,,,,,,,,,,,,,,,,,w,move_up,,0,0
3074,102467,,,,,,,,,,,,,,,,,,,,,,w,move_up,,0,0
3075,102500,,,,,,,,,,,,,,,,,,,,,,w,move_up,,0,0
3076,102533,,,,,,,,,,,,,,,,,,,,,,w,move_up,,0,0
3077,102567,,,,,,,,,,,,,,,,,,,,,,w,move_up,,0,0
3078,102600,,,,,,,,,,,,,,,,,,,,,,w,move_up,,0,0
3079,102633,,,,,,,,,,,,,,,,,,,,,,w,move_up,,0,0
3080,102667,,,,,,,,,,,,,,,,,,,,,,w,move_up,,0,0
3081,102700,,,,,,,,,,,,,,,,,,,,,,w,move_up,,0,0
3082,102733,,,,,,,,,,,,,,,,,,,,,,w,move_up,,0,0
3083,102767,,,,,,,,,,,,,,,,,,,,,,,,,0,0
3084,102800,,,,,,,,,,,,,,,,,,,,,,,,,0,0
3085,102833,,,,,,,,,,,,,,,,,,,,,,,,,0,0
3086,102867,,,,,,,,,,,,,,,,,,,,,,,,,0,0
3087,102900,,,,,,,,,,,,,,,,,,,,,,,,,0,0
3088,102933,,,,,,,,,,,,,,,,,,,,,,,,,0,0
3089,102967,,,,,,,,,,,,,,,,,,,,,,,,,0,0
3090,103000,,,,,,,,,,,,,,,,,,,,,,,,,0,0
3091,103033,,,,,,,,,,,,,,,,,,,,,,w,move_up,,0,0
3092,103067,,,,,,,,,,,,,,,,,,,,,,w,move_up,,0,0
3093,103100,,,,,,,,,,,,,,,,,,,,,,w,move_up,,0,0
3094,103133,,,,,,,,,,,,,,,,,,,,,,w,move_up,,0,0
3095,103167,,,,,,,,,,,,,,,,,,,,,,w,move_up,,0,0
3096,103200,,,,,,,,,,,,,,,,,,,,,,w,move_up,,0,0
3097,103233,,,,,,,,,,,,,,,,,,,,,,w,move_up,,0,0
3098,103267,,,,,,,,,,,,,,,,,,,,,,w,move_up,,0,0
3099,103300,,,,,,,,,,,,,,,,,,,,,,w,move_up,,0,0
3100,103333,,,,,,,,,,,,,,,,,,,,,,w,move_up,,0,0
3101,103367,,,,,,,,,,,,,,,,,,,,,,w,move_up,,0,0
3102,103400,,,,,,,,,,,,,,,,,,,,,,w,move_up,,0,0
3103,103433,,,,,,,,,,,,,,,,,,,,,,w,move_up,,0,0
3104,103467,,,,,,,,,,,,,,,,,,,,,,w,move_up,,0,0
3105,103500,,,,,,,,,,,,,,,,,,,,,,w,move_up,,0,0
3106,103533,,,,,,,,,,,,,,,,,,,,,,w,move_up,,0,0
3107,103567,,,,,,,,,,,,,,,,,,,,,,w,move_up,,0,0
3108,103600,,,,,,,,,,,,,,,,,,,,,,w,move_up,,0,0
3109,103633,,,,,,,,,,,,,,,,,,,,,,w,move_up,,0,0
3110,103667,,,,,,,,,,,,,,,,,,,,,,w,move_up,,0,0
3111,103700,,,,,,,,,,,,,,,,,,,,,,w,move_up,,0,0
3112,103733,,,,,,,,,,,,,,,,,,,,,,w,move_up,,0,0
3113,103767,,,,,,,,,,,,,,,,,,,,,,w,move_up,,0,0
3114,103800,,,,,,,,,,,,,,,,,,,,,,w,move_up,,0,0
3115,103833,,,,,,,,,,,,,,,,,,,,,,w,move_up,,0,0
3116,103867,,,,,,,,,,,,,,,,,,,,,,w,move_up,,0,0
3117,103900,,,,,,,,,,,,,,,,,,,,,,w,move_up,,0,0
3118,103933,,,,,,,,,,,,,,,,,,,,,,w,move_up,,0,0
3119,103967,,,,,,,,,,,,,,,,,,,,,,w,move_up,,0,0
3120,104000,,,,,,,,,,,,,,,,,,,,,,w,move_up,,0,0
3121,104033,,,,,,,,,,,,,,,,,,,,,,w,move_up,,0,0
3122,104067,,,,,,,,,,,,,,,,,,,,,,w,move_up,,0,0
3123,104100,,,,,,,,,,,,,,,,,,,,,,w,move_up,,0,0
3124,104133,,,,,,,,,,,,,,,,,,,,,,w,move_up,,0,0
3125,104167,,,,,,,,,,,,,,,,,,,,,,w,move_up,,0,0
3126,104200,,,,,,,,,,,,,,,,,,,,,,w,move_up,,0,0
3127,104233,,,,,,,,,,,,,,,,,,,,,,w,move_up,,0,0
3128,104267,,,,,,,,,,,,,,,,,,,,,,,,,0,0
3129,104300,,,,,,,,,,,,,,,,,,,,,,,,,0,0
3130,104333,,,,,,,,,,,,,,,,,,,,,,,,,0,0
3131,104367,,,,,,,,,,,,,,,,,,,,,,,,,0,0
3132,104400,,,,,,,,,,,,,,,,,,,,,,,,,0,0
3133,104433,,,,,,,,,,,,,,,,,,,,,,,,,0,0
3134,104467,,,,,,,,,,,,,,,,,,,,,,w,move_up,,0,0
3135,104500,,,,,,,,,,,,,,,,,,,,,,w,move_up,,0,0
3136,104533,,,,,,,,,,,,,,,,,,,,,,w,move_up,,0,0
3137,104567,,,,,,,,,,,,,,,,,,,,,,w,move_up,,0,0
3138,104600,,,,,,,,,,,,,,,,,,,,,,w,move_up,,0,0
3139,104633,,,,,,,,,,,,,,,,,,,,,,w,move_up,,0,0
3140,104667,,,,,,,,,,,,,,,,,,,,,,w,move_up,,0,0
3141,104700,,,,,,,,,,,,,,,,,,,,,,w,move_up,,0,0
3142,104733,,,,,,,,,,,,,,,,,,,,,,w,move_up,,0,0
3143,104767,,,,,,,,,,,,,,,,,,,,,,w,move_up,,0,0
3144,104800,,,,,,,,,,,,,,,,,,,,,,e|w,interact|move_up,,0,0
3145,104833,,,,,,,,,,,,,,,,,,,,,,e|w,interact|move_up,,0,0
3146,104867,,,,,,,,,,,,,,,,,,,,,,e,interact,,0,0
3147,104900,,,,,,,,,,,,,,,,,,,,,,e,interact,,0,0
3148,104933,,,,,,,,,,,,,,,,,,,,,,,,,0,0
3149,104967,,,,,,,,,,,,,,,,,,,,,,,,,0,0
3150,105000,,,,,,,,,,,,,,,,,,,,,,,,,0,0
3151,105033,,,,,,,,,,,,,,,,,,,,,,,,,0,0
3152,105067,,,,,,,,,,,,,,,,,,,,,,,,,0,0
3153,105100,,,,,,,,,,,,,,,,,,,,,,,,,0,0
3154,105133,,,,,,,,,,,,,,,,,,,,,,,,,0,0
3155,105167,,,,,,,,,,,,,,,,,,,,,,,,,0,0
3156,105200,,,,,,,,,,,,,,,,,,,,,,,,,0,0
3157,105233,,,,,,,,,,,,,,,,,,,,,,,,,0,0
3158,105267,,,,,,,,,,,,,,,,,,,,,,,,,0,0
3159,105300,,,,,,,,,,,,,,,,,,,,,,,,,0,0
3160,105333,,,,,,,,,,,,,,,,,,,,,,,,,0,0
3161,105367,,,,,,,,,,,,,,,,,,,,,,,,,0,0
3162,105400,,,,,,,,,,,,,,,,,,,,,,,,,0,0
3163,105433,,,,,,,,,,,,,,,,,,,,,,,,,0,0
3164,105467,,,,,,,,,,,,,,,,,,,,,,,,,0,0
3165,105500,,,,,,,,,,,,,,,,,,,,,,,,,0,0
3166,105533,,,,,,,,,,,,,,,,,,,,,,,,,0,0
3167,105567,,,,,,,,,,,,,,,,,,,,,,,,,0,0
3168,105600,,,,,,,,,,,,,,,,,,,,,,,,,0,0
3169,105633,,,,,,,,,,,,,,,,,,,,,,,,,0,0
3170,105667,,,,,,,,,,,,,,,,,,,,,,,,,0,0
3171,105700,,,,,,,,,,,,,,,,,,,,,,,,,0,0
3172,105733,,,,,,,,,,,,,,,,,,,,,,,,,0,0
3173,105767,,,,,,,,,,,,,,,,,,,,,,,,,0,0
3174,105800,,,,,,,,,,,,,,,,,,,,,,,,,0,0
3175,105833,,,,,,,,,,,,,,,,,,,,,,,,,0,0
3176,105867,,,,,,,,,,,,,,,,,,,,,,,,,0,0
3177,105900,,,,,,,,,,,,,,,,,,,,,,,,,0,0
3178,105933,,,,,,,,,,,,,,,,,,,,,,,,,0,0
3179,105967,,,,,,,,,,,,,,,,,,,,,,,,,0,0
3180,106000,,,,,,,,,,,,,,,,,,,,,,,,,0,0
3181,106033,,,,,,,,,,,,,,,,,,,,,,,,,0,0
3182,106067,,,,,,,,,,,,,,,,,,,,,,,,,0,0
3183,106100,,,,,,,,,,,,,,,,,,,,,,,,,0,0
3184,106133,,,,,,,,,,,,,,,,,,,,,,,,,0,0
3185,106167,,,,,,,,,,,,,,,,,,,,,,,,,0,0
3186,106200,,,,,,,,,,,,,,,,,,,,,,,,,0,0
3187,106233,,,,,,,,,,,,,,,,,,,,,,,,,0,0
3188,106267,,,,,,,,,,,,,,,,,,,,,,,,,0,0
3189,106300,,,,,,,,,,,,,,,,,,,,,,,,,0,0
3190,106333,,,,,,,,,,,,,,,,,,,,,,,,,0,0
3191,106367,,,,,,,,,,,,,,,,,,,,,,,,,0,0
3192,106400,,,,,,,,,,,,,,,,,,,,,,,,,0,0
3193,106433,,,,,,,,,,,,,,,,,,,,,,,,,0,0
3194,106467,,,,,,,,,,,,,,,,,,,,,,,,,0,0
3195,106500,,,,,,,,,,,,,,,,,,,,,,,,,0,0
3196,106533,,,,,,,,,,,,,,,,,,,,,,,,,0,0
3197,106567,,,,,,,,,,,,,,,,,,,,,,,,,0,0
3198,106600,,,,,,,,,,,,,,,,,,,,,,,,,0,0
3199,106633,,,,,,,,,,,,,,,,,,,,,,,,,0,0
3200,106667,,,,,,,,,,,,,,,,,,,,,,,,,0,0
3201,106700,,,,,,,,,,,,,,,,,,,,,,,,,0,0
3202,106733,,,,,,,,,,,,,,,,,,,,,,,,,0,0
3203,106767,,,,,,,,,,,,,,,,,,,,,,,,,0,0
3204,106800,,,,,,,,,,,,,,,,,,,,,,,,,0,0
3205,106833,,,,,,,,,,,,,,,,,,,,,,,,,0,0
3206,106867,,,,,,,,,,,,,,,,,,,,,,,,,0,0
3207,106900,,,,,,,,,,,,,,,,,,,,,,,,,0,0
3208,106933,,,,,,,,,,,,,,,,,,,,,,,,,0,0
3209,106967,,,,,,,,,,,,,,,,,,,,,,,,,0,0
3210,107000,,,,,,,,,,,,,,,,,,,,,,,,,0,0
3211,107033,,,,,,,,,,,,,,,,,,,,,,,,,0,0
3212,107067,,,,,,,,,,,,,,,,,,,,,,,,,0,0
3213,107100,,,,,,,,,,,,,,,,,,,,,,,,,0,0
3214,107133,,,,,,,,,,,,,,,,,,,,,,,,,0,0
3215,107167,,,,,,,,,,,,,,,,,,,,,,,,,0,0
3216,107200,,,,,,,,,,,,,,,,,,,,,,,,,0,0
3217,107233,,,,,,,,,,,,,,,,,,,,,,,,,0,0
3218,107267,,,,,,,,,,,,,,,,,,,,,,,,,0,0
3219,107300,,,,,,,,,,,,,,,,,,,,,,,,,0,0
3220,107333,,,,,,,,,,,,,,,,,,,,,,,,,0,0
3221,107367,,,,,,,,,,,,,,,,,,,,,,w,move_up,,0,0
3222,107400,,,,,,,,,,,,,,,,,,,,,,w,move_up,,0,0
3223,107433,,,,,,,,,,,,,,,,,,,,,,w,move_up,,0,0
3224,107467,,,,,,,,,,,,,,,,,,,,,,w,move_up,,0,0
3225,107500,,,,,,,,,,,,,,,,,,,,,,a|w,move_up|move_left,,0,0
3226,107533,,,,,,,,,,,,,,,,,,,,,,a|w,move_up|move_left,,0,0
3227,107567,,,,,,,,,,,,,,,,,,,,,,a|w,move_up|move_left,,0,0
3228,107600,,,,,,,,,,,,,,,,,,,,,,a|w,move_up|move_left,,0,0
3229,107633,,,,,,,,,,,,,,,,,,,,,,a|w,move_up|move_left,,0,0
3230,107667,,,,,,,,,,,,,,,,,,,,,,a|w,move_up|move_left,,0,0
3231,107700,,,,,,,,,,,,,,,,,,,,,,a|w,move_up|move_left,,0,0
3232,107733,,,,,,,,,,,,,,,,,,,,,,a|w,move_up|move_left,,0,0
3233,107767,,,,,,,,,,,,,,,,,,,,,,a|w,move_up|move_left,,0,0
3234,107800,,,,,,,,,,,,,,,,,,,,,,a,move_left,,0,0
3235,107833,,,,,,,,,,,,,,,,,,,,,,a,move_left,,0,0
3236,107867,,,,,,,,,,,,,,,,,,,,,,,,,0,0
3237,107900,,,,,,,,,,,,,,,,,,,,,,,,,0,0
3238,107933,,,,,,,,,,,,,,,,,,,,,,,,,0,0
3239,107967,,,,,,,,,,,,,,,,,,,,,,,,,0,0
3240,108000,,,,,,,,,,,,,,,,,,,,,,,,,0,0
3241,108033,,,,,,,,,,,,,,,,,,,,,,,,,0,0
3242,108067,,,,,,,,,,,,,,,,,,,,,,,,,0,0
3243,108100,,,,,,,,,,,,,,,,,,,,,,,,,0,0
3244,108133,,,,,,,,,,,,,,,,,,,,,,,,,0,0
3245,108167,,,,,,,,,,,,,,,,,,,,,,,,,0,0
3246,108200,,,,,,,,,,,,,,,,,,,,,,w,move_up,,0,0
3247,108233,,,,,,,,,,,,,,,,,,,,,,w,move_up,,0,0
3248,108267,,,,,,,,,,,,,,,,,,,,,,w,move_up,,0,0
3249,108300,,,,,,,,,,,,,,,,,,,,,,w,move_up,,0,0
3250,108333,,,,,,,,,,,,,,,,,,,,,,w,move_up,,0,0
3251,108367,,,,,,,,,,,,,,,,,,,,,,w,move_up,,0,0
3252,108400,,,,,,,,,,,,,,,,,,,,,,w,move_up,,0,0
3253,108433,,,,,,,,,,,,,,,,,,,,,,w,move_up,,0,0
3254,108467,,,,,,,,,,,,,,,,,,,,,,w,move_up,,0,0
3255,108500,,,,,,,,,,,,,,,,,,,,,,w,move_up,,0,0
3256,108533,,,,,,,,,,,,,,,,,,,,,,w,move_up,,0,0
3257,108567,,,,,,,,,,,,,,,,,,,,,,w,move_up,,0,0
3258,108600,,,,,,,,,,,,,,,,,,,,,,w,move_up,,0,0
3259,108633,,,,,,,,,,,,,,,,,,,,,,w,move_up,,0,0
3260,108667,,,,,,,,,,,,,,,,,,,,,,w,move_up,,0,0
3261,108700,,,,,,,,,,,,,,,,,,,,,,w,move_up,,0,0
3262,108733,,,,,,,,,,,,,,,,,,,,,,w,move_up,,0,0
3263,108767,,,,,,,,,,,,,,,,,,,,,,w,move_up,,0,0
3264,108800,,,,,,,,,,,,,,,,,,,,,,w,move_up,,0,0
3265,108833,,,,,,,,,,,,,,,,,,,,,,w,move_up,,0,0
3266,108867,,,,,,,,,,,,,,,,,,,,,,w,move_up,,0,0
3267,108900,,,,,,,,,,,,,,,,,,,,,,w,move_up,,0,0
3268,108933,,,,,,,,,,,,,,,,,,,,,,w,move_up,,0,0
3269,108967,,,,,,,,,,,,,,,,,,,,,,w,move_up,,0,0
3270,109000,,,,,,,,,,,,,,,,,,,,,,w,move_up,,0,0
3271,109033,,,,,,,,,,,,,,,,,,,,,,w,move_up,,0,0
3272,109067,,,,,,,,,,,,,,,,,,,,,,w,move_up,,0,0
3273,109100,,,,,,,,,,,,,,,,,,,,,,,,,0,0
3274,109133,,,,,,,,,,,,,,,,,,,,,,,,,0,0
3275,109167,,,,,,,,,,,,,,,,,,,,,,,,,0,0
3276,109200,,,,,,,,,,,,,,,,,,,,,,,,,0,0
3277,109233,,,,,,,,,,,,,,,,,,,,,,,,,0,0
3278,109267,,,,,,,,,,,,,,,,,,,,,,,,,0,0
3279,109300,,,,,,,,,,,,,,,,,,,,,,,,,0,0
3280,109333,,,,,,,,,,,,,,,,,,,,,,w,move_up,,0,0
3281,109367,,,,,,,,,,,,,,,,,,,,,,w,move_up,,0,0
3282,109400,,,,,,,,,,,,,,,,,,,,,,w,move_up,,0,0
3283,109433,,,,,,,,,,,,,,,,,,,,,,w,move_up,,0,0
3284,109467,,,,,,,,,,,,,,,,,,,,,,w,move_up,,0,0
3285,109500,,,,,,,,,,,,,,,,,,,,,,w,move_up,,0,0
3286,109533,,,,,,,,,,,,,,,,,,,,,,w,move_up,,0,0
3287,109567,,,,,,,,,,,,,,,,,,,,,,w,move_up,,0,0
3288,109600,,,,,,,,,,,,,,,,,,,,,,w,move_up,,0,0
3289,109633,,,,,,,,,,,,,,,,,,,,,,w,move_up,,0,0
3290,109667,,,,,,,,,,,,,,,,,,,,,,w,move_up,,0,0
3291,109700,,,,,,,,,,,,,,,,,,,,,,w,move_up,,0,0
3292,109733,,,,,,,,,,,,,,,,,,,,,,w,move_up,,0,0
3293,109767,,,,,,,,,,,,,,,,,,,,,,w,move_up,,0,0
3294,109800,,,,,,,,,,,,,,,,,,,,,,w,move_up,,0,0
3295,109833,,,,,,,,,,,,,,,,,,,,,,w,move_up,,0,0
3296,109867,,,,,,,,,,,,,,,,,,,,,,w,move_up,,0,0
3297,109900,,,,,,,,,,,,,,,,,,,,,,w,move_up,,0,0
3298,109933,,,,,,,,,,,,,,,,,,,,,,w,move_up,,0,0
3299,109967,,,,,,,,,,,,,,,,,,,,,,w,move_up,,0,0
3300,110000,,,,,,,,,,,,,,,,,,,,,,w,move_up,,0,0
3301,110033,,,,,,,,,,,,,,,,,,,,,,w,move_up,,0,0
3302,110067,,,,,,,,,,,,,,,,,,,,,,w,move_up,,0,0
3303,110100,,,,,,,,,,,,,,,,,,,,,,,,,0,0
3304,110133,,,,,,,,,,,,,,,,,,,,,,,,,0,0
3305,110167,,,,,,,,,,,,,,,,,,,,,,,,,0,0
3306,110200,,,,,,,,,,,,,,,,,,,,,,,,,0,0
3307,110233,,,,,,,,,,,,,,,,,,,,,,,,,0,0
3308,110267,,,,,,,,,,,,,,,,,,,,,,,,,0,0
3309,110300,,,,,,,,,,,,,,,,,,,,,,,,,0,0
3310,110333,,,,,,,,,,,,,,,,,,,,,,,,,0,0
3311,110367,,,,,,,,,,,,,,,,,,,,,,,,,0,0
3312,110400,,,,,,,,,,,,,,,,,,,,,,,,,0,0
3313,110433,,,,,,,,,,,,,,,,,,,,,,,,,0,0
3314,110467,,,,,,,,,,,,,,,,,,,,,,,,,0,0
3315,110500,,,,,,,,,,,,,,,,,,,,,,,,,0,0
3316,110533,,,,,,,,,,,,,,,,,,,,,,,,,0,0
3317,110567,,,,,,,,,,,,,,,,,,,,,,,,,0,0
3318,110600,,,,,,,,,,,,,,,,,,,,,,,,,0,0
3319,110633,,,,,,,,,,,,,,,,,,,,,,,,,0,0
3320,110667,,,,,,,,,,,,,,,,,,,,,,,,,0,0
3321,110700,,,,,,,,,,,,,,,,,,,,,,,,,0,0
3322,110733,,,,,,,,,,,,,,,,,,,,,,,,,0,0
3323,110767,,,,,,,,,,,,,,,,,,,,,,,,,0,0
3324,110800,,,,,,,,,,,,,,,,,,,,,,,,,0,0
3325,110833,,,,,,,,,,,,,,,,,,,,,,,,,0,0
3326,110867,,,,,,,,,,,,,,,,,,,,,,,,,0,0
3327,110900,,,,,,,,,,,,,,,,,,,,,,,,,0,0
3328,110933,,,,,,,,,,,,,,,,,,,,,,,,,0,0
3329,110967,,,,,,,,,,,,,,,,,,,,,,,,,0,0
3330,111000,,,,,,,,,,,,,,,,,,,,,,,,,0,0
3331,111033,,,,,,,,,,,,,,,,,,,,,,,,,0,0
3332,111067,,,,,,,,,,,,,,,,,,,,,,,,,0,0
3333,111100,,,,,,,,,,,,,,,,,,,,,,,,,0,0
3334,111133,,,,,,,,,,,,,,,,,,,,,,,,,0,0
3335,111167,,,,,,,,,,,,,,,,,,,,,,,,,0,0
3336,111200,,,,,,,,,,,,,,,,,,,,,,,,,0,0
3337,111233,,,,,,,,,,,,,,,,,,,,,,,,,0,0
3338,111267,,,,,,,,,,,,,,,,,,,,,,,,,0,0
3339,111300,,,,,,,,,,,,,,,,,,,,,,e,interact,,0,0
3340,111333,,,,,,,,,,,,,,,,,,,,,,e,interact,,0,0
3341,111367,,,,,,,,,,,,,,,,,,,,,,e,interact,,0,0
3342,111400,,,,,,,,,,,,,,,,,,,,,,e,interact,,0,0
3343,111433,,,,,,,,,,,,,,,,,,,,,,e,interact,,0,0
3344,111467,,,,,,,,,,,,,,,,,,,,,,,,,0,0
3345,111500,,,,,,,,,,,,,,,,,,,,,,,,,0,0
3346,111533,,,,,,,,,,,,,,,,,,,,,,,,,0,0
3347,111567,,,,,,,,,,,,,,,,,,,,,,,,,0,0
3348,111600,,,,,,,,,,,,,,,,,,,,,,,,,0,0
3349,111633,,,,,,,,,,,,,,,,,,,,,,e,interact,,0,0
3350,111667,,,,,,,,,,,,,,,,,,,,,,e,interact,,0,0
3351,111700,,,,,,,,,,,,,,,,,,,,,,e,interact,,0,0
3352,111733,,,,,,,,,,,,,,,,,,,,,,e,interact,,0,0
3353,111767,,,,,,,,,,,,,,,,,,,,,,,,,0,0
3354,111800,,,,,,,,,,,,,,,,,,,,,,,,,0,0
3355,111833,,,,,,,,,,,,,,,,,,,,,,,,,0,0
3356,111867,,,,,,,,,,,,,,,,,,,,,,,,,0,0
3357,111900,,,,,,,,,,,,,,,,,,,,,,,,,0,0
3358,111933,,,,,,,,,,,,,,,,,,,,,,e,interact,,0,0
3359,111967,,,,,,,,,,,,,,,,,,,,,,e,interact,,0,0
3360,112000,,,,,,,,,,,,,,,,,,,,,,e,interact,,0,0
3361,112033,,,,,,,,,,,,,,,,,,,,,,,,,0,0
3362,112067,,,,,,,,,,,,,,,,,,,,,,e,interact,,0,0
3363,112100,,,,,,,,,,,,,,,,,,,,,,e,interact,,0,0
3364,112133,,,,,,,,,,,,,,,,,,,,,,e,interact,,0,0
3365,112167,,,,,,,,,,,,,,,,,,,,,,e,interact,,0,0
3366,112200,,,,,,,,,,,,,,,,,,,,,,e,interact,,0,0
3367,112233,,,,,,,,,,,,,,,,,,,,,,,,,0,0
3368,112267,,,,,,,,,,,,,,,,,,,,,,,,,0,0
3369,112300,,,,,,,,,,,,,,,,,,,,,,,,,0,0
3370,112333,,,,,,,,,,,,,,,,,,,,,,,,,0,0
3371,112367,,,,,,,,,,,,,,,,,,,,,,,,,0,0
3372,112400,,,,,,,,,,,,,,,,,,,,,,,,,0,0
3373,112433,,,,,,,,,,,,,,,,,,,,,,e,interact,,0,0
3374,112467,,,,,,,,,,,,,,,,,,,,,,e,interact,,0,0
3375,112500,,,,,,,,,,,,,,,,,,,,,,e,interact,,0,0
3376,112533,,,,,,,,,,,,,,,,,,,,,,e,interact,,0,0
3377,112567,,,,,,,,,,,,,,,,,,,,,,e,interact,,0,0
3378,112600,,,,,,,,,,,,,,,,,,,,,,,,,0,0
3379,112633,,,,,,,,,,,,,,,,,,,,,,a,move_left,,0,0
3380,112667,,,,,,,,,,,,,,,,,,,,,,a,move_left,,0,0
3381,112700,,,,,,,,,,,,,,,,,,,,,,a,move_left,,0,0
3382,112733,,,,,,,,,,,,,,,,,,,,,,a|w,move_up|move_left,,0,0
3383,112767,,,,,,,,,,,,,,,,,,,,,,a|w,move_up|move_left,,0,0
3384,112800,,,,,,,,,,,,,,,,,,,,,,a|w,move_up|move_left,,0,0
3385,112833,,,,,,,,,,,,,,,,,,,,,,a|w,move_up|move_left,,0,0
3386,112867,,,,,,,,,,,,,,,,,,,,,,a|w,move_up|move_left,,0,0
3387,112900,,,,,,,,,,,,,,,,,,,,,,a|w,move_up|move_left,,0,0
3388,112933,,,,,,,,,,,,,,,,,,,,,,a|w,move_up|move_left,,0,0
3389,112967,,,,,,,,,,,,,,,,,,,,,,a|w,move_up|move_left,,0,0
3390,113000,,,,,,,,,,,,,,,,,,,,,,a|w,move_up|move_left,,0,0
3391,113033,,,,,,,,,,,,,,,,,,,,,,a|w,move_up|move_left,,0,0
3392,113067,,,,,,,,,,,,,,,,,,,,,,a|w,move_up|move_left,,0,0
3393,113100,,,,,,,,,,,,,,,,,,,,,,a|w,move_up|move_left,,0,0
3394,113133,,,,,,,,,,,,,,,,,,,,,,a|w,move_up|move_left,,0,0
3395,113167,,,,,,,,,,,,,,,,,,,,,,a|w,move_up|move_left,,0,0
3396,113200,,,,,,,,,,,,,,,,,,,,,,a|w,move_up|move_left,,0,0
3397,113233,,,,,,,,,,,,,,,,,,,,,,a|w,move_up|move_left,,0,0
3398,113267,,,,,,,,,,,,,,,,,,,,,,a|w,move_up|move_left,,0,0
3399,113300,,,,,,,,,,,,,,,,,,,,,,a|w,move_up|move_left,,0,0
3400,113333,,,,,,,,,,,,,,,,,,,,,,a|w,move_up|move_left,,0,0
3401,113367,,,,,,,,,,,,,,,,,,,,,,w,move_up,,0,0
3402,113400,,,,,,,,,,,,,,,,,,,,,,w,move_up,,0,0
3403,113433,,,,,,,,,,,,,,,,,,,,,,w,move_up,,0,0
3404,113467,,,,,,,,,,,,,,,,,,,,,,w,move_up,,0,0
3405,113500,,,,,,,,,,,,,,,,,,,,,,w,move_up,,0,0
3406,113533,,,,,,,,,,,,,,,,,,,,,,,,,0,0
3407,113567,,,,,,,,,,,,,,,,,,,,,,,,,0,0
3408,113600,,,,,,,,,,,,,,,,,,,,,,,,,0,0
3409,113633,,,,,,,,,,,,,,,,,,,,,,,,,0,0
3410,113667,,,,,,,,,,,,,,,,,,,,,,,,,0,0
3411,113700,,,,,,,,,,,,,,,,,,,,,,w,move_up,,0,0
3412,113733,,,,,,,,,,,,,,,,,,,,,,w,move_up,,0,0
3413,113767,,,,,,,,,,,,,,,,,,,,,,w,move_up,,0,0
3414,113800,,,,,,,,,,,,,,,,,,,,,,w,move_up,,0,0
3415,113833,,,,,,,,,,,,,,,,,,,,,,w,move_up,,0,0
3416,113867,,,,,,,,,,,,,,,,,,,,,,w,move_up,,0,0
3417,113900,,,,,,,,,,,,,,,,,,,,,,w,move_up,,0,0
3418,113933,,,,,,,,,,,,,,,,,,,,,,w,move_up,,0,0
3419,113967,,,,,,,,,,,,,,,,,,,,,,w,move_up,,0,0
3420,114000,,,,,,,,,,,,,,,,,,,,,,w,move_up,,0,0
3421,114033,,,,,,,,,,,,,,,,,,,,,,w,move_up,,0,0
3422,114067,,,,,,,,,,,,,,,,,,,,,,w,move_up,,0,0
3423,114100,,,,,,,,,,,,,,,,,,,,,,d|w,move_up|move_right,,0,0
3424,114133,,,,,,,,,,,,,,,,,,,,,,d|w,move_up|move_right,,0,0
3425,114167,,,,,,,,,,,,,,,,,,,,,,d|w,move_up|move_right,,0,0
3426,114200,,,,,,,,,,,,,,,,,,,,,,d|w,move_up|move_right,,0,0
3427,114233,,,,,,,,,,,,,,,,,,,,,,w,move_up,,0,0
3428,114267,,,,,,,,,,,,,,,,,,,,,,w,move_up,,0,0
3429,114300,,,,,,,,,,,,,,,,,,,,,,w,move_up,,0,0
3430,114333,,,,,,,,,,,,,,,,,,,,,,w,move_up,,0,0
3431,114367,,,,,,,,,,,,,,,,,,,,,,w,move_up,,0,0
3432,114400,,,,,,,,,,,,,,,,,,,,,,w,move_up,,0,0
3433,114433,,,,,,,,,,,,,,,,,,,,,,w,move_up,,0,0
3434,114467,,,,,,,,,,,,,,,,,,,,,,w,move_up,,0,0
3435,114500,,,,,,,,,,,,,,,,,,,,,,w,move_up,,0,0
3436,114533,,,,,,,,,,,,,,,,,,,,,,w,move_up,,0,0
3437,114567,,,,,,,,,,,,,,,,,,,,,,w,move_up,,0,0
3438,114600,,,,,,,,,,,,,,,,,,,,,,w,move_up,,0,0
3439,114633,,,,,,,,,,,,,,,,,,,,,,w,move_up,,0,0
3440,114667,,,,,,,,,,,,,,,,,,,,,,w,move_up,,0,0
3441,114700,,,,,,,,,,,,,,,,,,,,,,,,,0,0
3442,114733,,,,,,,,,,,,,,,,,,,,,,,,,0,0
3443,114767,,,,,,,,,,,,,,,,,,,,,,,,,0,0
3444,114800,,,,,,,,,,,,,,,,,,,,,,w,move_up,,0,0
3445,114833,,,,,,,,,,,,,,,,,,,,,,w,move_up,,0,0
3446,114867,,,,,,,,,,,,,,,,,,,,,,w,move_up,,0,0
3447,114900,,,,,,,,,,,,,,,,,,,,,,w,move_up,,0,0
3448,114933,,,,,,,,,,,,,,,,,,,,,,w,move_up,,0,0
3449,114967,,,,,,,,,,,,,,,,,,,,,,w,move_up,,0,0
3450,115000,,,,,,,,,,,,,,,,,,,,,,w,move_up,,0,0
3451,115033,,,,,,,,,,,,,,,,,,,,,,w,move_up,,0,0
3452,115067,,,,,,,,,,,,,,,,,,,,,,a|w,move_up|move_left,,0,0
3453,115100,,,,,,,,,,,,,,,,,,,,,,a|w,move_up|move_left,,0,0
3454,115133,,,,,,,,,,,,,,,,,,,,,,a|w,move_up|move_left,,0,0
3455,115167,,,,,,,,,,,,,,,,,,,,,,a|w,move_up|move_left,,0,0
3456,115200,,,,,,,,,,,,,,,,,,,,,,a|w,move_up|move_left,,0,0
3457,115233,,,,,,,,,,,,,,,,,,,,,,a|w,move_up|move_left,,0,0
3458,115267,,,,,,,,,,,,,,,,,,,,,,a|w,move_up|move_left,,0,0
3459,115300,,,,,,,,,,,,,,,,,,,,,,w,move_up,,0,0
3460,115333,,,,,,,,,,,,,,,,,,,,,,w,move_up,,0,0
3461,115367,,,,,,,,,,,,,,,,,,,,,,w,move_up,,0,0
3462,115400,,,,,,,,,,,,,,,,,,,,,,w,move_up,,0,0
3463,115433,,,,,,,,,,,,,,,,,,,,,,w,move_up,,0,0
3464,115467,,,,,,,,,,,,,,,,,,,,,,w,move_up,,0,0
3465,115500,,,,,,,,,,,,,,,,,,,,,,w,move_up,,0,0
3466,115533,,,,,,,,,,,,,,,,,,,,,,w,move_up,,0,0
3467,115567,,,,,,,,,,,,,,,,,,,,,,w,move_up,,0,0
3468,115600,,,,,,,,,,,,,,,,,,,,,,w,move_up,,0,0
3469,115633,,,,,,,,,,,,,,,,,,,,,,w,move_up,,0,0
3470,115667,,,,,,,,,,,,,,,,,,,,,,w,move_up,,0,0
3471,115700,,,,,,,,,,,,,,,,,,,,,,a|w,move_up|move_left,,0,0
3472,115733,,,,,,,,,,,,,,,,,,,,,,a|w,move_up|move_left,,0,0
3473,115767,,,,,,,,,,,,,,,,,,,,,,a|w,move_up|move_left,,0,0
3474,115800,,,,,,,,,,,,,,,,,,,,,,a|w,move_up|move_left,,0,0
3475,115833,,,,,,,,,,,,,,,,,,,,,,a|w,move_up|move_left,,0,0
3476,115867,,,,,,,,,,,,,,,,,,,,,,a|w,move_up|move_left,,0,0
3477,115900,,,,,,,,,,,,,,,,,,,,,,,,,0,0
3478,115933,,,,,,,,,,,,,,,,,,,,,,,,,0,0
3479,115967,,,,,,,,,,,,,,,,,,,,,,,,,0,0
3480,116000,,,,,,,,,,,,,,,,,,,,,,,,,0,0
3481,116033,,,,,,,,,,,,,,,,,,,,,,,,,0,0
3482,116067,,,,,,,,,,,,,,,,,,,,,,,,,0,0
3483,116100,,,,,,,,,,,,,,,,,,,,,,,,,0,0
3484,116133,,,,,,,,,,,,,,,,,,,,,,,,,0,0
3485,116167,,,,,,,,,,,,,,,,,,,,,,,,,0,0
3486,116200,,,,,,,,,,,,,,,,,,,,,,,,,0,0
3487,116233,,,,,,,,,,,,,,,,,,,,,,,,,0,0
3488,116267,,,,,,,,,,,,,,,,,,,,,,,,,0,0
3489,116300,,,,,,,,,,,,,,,,,,,,,,,,,0,0
3490,116333,,,,,,,,,,,,,,,,,,,,,,,,,0,0
3491,116367,,,,,,,,,,,,,,,,,,,,,,,,,0,0
3492,116400,,,,,,,,,,,,,,,,,,,,,,,,,0,0
3493,116433,,,,,,,,,,,,,,,,,,,,,,,,,0,0
3494,116467,,,,,,,,,,,,,,,,,,,,,,,,,0,0
3495,116500,,,,,,,,,,,,,,,,,,,,,,,,,0,0
3496,116533,,,,,,,,,,,,,,,,,,,,,,,,,0,0
3497,116567,,,,,,,,,,,,,,,,,,,,,,,,,0,0
3498,116600,,,,,,,,,,,,,,,,,,,,,,,,,0,0
3499,116633,,,,,,,,,,,,,,,,,,,,,,,,,0,0
3500,116667,,,,,,,,,,,,,,,,,,,,,,,,,0,0
3501,116700,,,,,,,,,,,,,,,,,,,,,,,,,0,0
3502,116733,,,,,,,,,,,,,,,,,,,,,,,,,0,0
3503,116767,,,,,,,,,,,,,,,,,,,,,,,,,0,0
3504,116800,,,,,,,,,,,,,,,,,,,,,,,,,0,0
3505,116833,,,,,,,,,,,,,,,,,,,,,,,,,0,0
3506,116867,,,,,,,,,,,,,,,,,,,,,,,,,0,0
3507,116900,,,,,,,,,,,,,,,,,,,,,,,,,0,0
3508,116933,,,,,,,,,,,,,,,,,,,,,,,,,0,0
3509,116967,,,,,,,,,,,,,,,,,,,,,,,,,0,0
3510,117000,,,,,,,,,,,,,,,,,,,,,,,,,0,0
3511,117033,,,,,,,,,,,,,,,,,,,,,,,,,0,0
3512,117067,,,,,,,,,,,,,,,,,,,,,,,,,0,0
3513,117100,,,,,,,,,,,,,,,,,,,,,,,,,0,0
3514,117133,,,,,,,,,,,,,,,,,,,,,,,,,0,0
3515,117167,,,,,,,,,,,,,,,,,,,,,,,,,0,0
3516,117200,,,,,,,,,,,,,,,,,,,,,,,,,0,0
3517,117233,,,,,,,,,,,,,,,,,,,,,,,,,0,0
3518,117267,,,,,,,,,,,,,,,,,,,,,,,,,0,0
3519,117300,,,,,,,,,,,,,,,,,,,,,,,,,0,0
3520,117333,,,,,,,,,,,,,,,,,,,,,,,,,0,0
3521,117367,,,,,,,,,,,,,,,,,,,,,,,,,0,0
3522,117400,,,,,,,,,,,,,,,,,,,,,,,,,0,0
3523,117433,,,,,,,,,,,,,,,,,,,,,,a,move_left,,0,0
3524,117467,,,,,,,,,,,,,,,,,,,,,,a,move_left,,0,0
3525,117500,,,,,,,,,,,,,,,,,,,,,,a|w,move_up|move_left,,0,0
3526,117533,,,,,,,,,,,,,,,,,,,,,,a|w,move_up|move_left,,0,0
3527,117567,,,,,,,,,,,,,,,,,,,,,,a|w,move_up|move_left,,0,0
3528,117600,,,,,,,,,,,,,,,,,,,,,,a|w,move_up|move_left,,0,0
3529,117633,,,,,,,,,,,,,,,,,,,,,,a|w,move_up|move_left,,0,0
3530,117667,,,,,,,,,,,,,,,,,,,,,,a|w,move_up|move_left,,0,0
3531,117700,,,,,,,,,,,,,,,,,,,,,,a|w,move_up|move_left,,0,0
3532,117733,,,,,,,,,,,,,,,,,,,,,,a|w,move_up|move_left,,0,0
3533,117767,,,,,,,,,,,,,,,,,,,,,,a|w,move_up|move_left,,0,0
3534,117800,,,,,,,,,,,,,,,,,,,,,,a|w,move_up|move_left,,0,0
3535,117833,,,,,,,,,,,,,,,,,,,,,,w,move_up,,0,0
3536,117867,,,,,,,,,,,,,,,,,,,,,,w,move_up,,0,0
3537,117900,,,,,,,,,,,,,,,,,,,,,,w,move_up,,0,0
3538,117933,,,,,,,,,,,,,,,,,,,,,,w,move_up,,0,0
3539,117967,,,,,,,,,,,,,,,,,,,,,,w,move_up,,0,0
3540,118000,,,,,,,,,,,,,,,,,,,,,,w,move_up,,0,0
3541,118033,,,,,,,,,,,,,,,,,,,,,,w,move_up,,0,0
3542,118067,,,,,,,,,,,,,,,,,,,,,,w,move_up,,0,0
3543,118100,,,,,,,,,,,,,,,,,,,,,,w,move_up,,0,0
3544,118133,,,,,,,,,,,,,,,,,,,,,,w,move_up,,0,0
3545,118167,,,,,,,,,,,,,,,,,,,,,,w,move_up,,0,0
3546,118200,,,,,,,,,,,,,,,,,,,,,,w,move_up,,0,0
3547,118233,,,,,,,,,,,,,,,,,,,,,,a|w,move_up|move_left,,0,0
3548,118267,,,,,,,,,,,,,,,,,,,,,,a|w,move_up|move_left,,0,0
3549,118300,,,,,,,,,,,,,,,,,,,,,,a|w,move_up|move_left,,0,0
3550,118333,,,,,,,,,,,,,,,,,,,,,,a|w,move_up|move_left,,0,0
3551,118367,,,,,,,,,,,,,,,,,,,,,,a|w,move_up|move_left,,0,0
3552,118400,,,,,,,,,,,,,,,,,,,,,,a|w,move_up|move_left,,0,0
3553,118433,,,,,,,,,,,,,,,,,,,,,,a|w,move_up|move_left,,0,0
3554,118467,,,,,,,,,,,,,,,,,,,,,,a|w,move_up|move_left,,0,0
3555,118500,,,,,,,,,,,,,,,,,,,,,,a|w,move_up|move_left,,0,0
3556,118533,,,,,,,,,,,,,,,,,,,,,,a|w,move_up|move_left,,0,0
3557,118567,,,,,,,,,,,,,,,,,,,,,,a|w,move_up|move_left,,0,0
3558,118600,,,,,,,,,,,,,,,,,,,,,,a|w,move_up|move_left,,0,0
3559,118633,,,,,,,,,,,,,,,,,,,,,,a|w,move_up|move_left,,0,0
3560,118667,,,,,,,,,,,,,,,,,,,,,,a|w,move_up|move_left,,0,0
3561,118700,,,,,,,,,,,,,,,,,,,,,,a|w,move_up|move_left,,0,0
3562,118733,,,,,,,,,,,,,,,,,,,,,,a|w,move_up|move_left,,0,0
3563,118767,,,,,,,,,,,,,,,,,,,,,,a|w,move_up|move_left,,0,0
3564,118800,,,,,,,,,,,,,,,,,,,,,,a|w,move_up|move_left,,0,0
3565,118833,,,,,,,,,,,,,,,,,,,,,,a|w,move_up|move_left,,0,0
3566,118867,,,,,,,,,,,,,,,,,,,,,,a|w,move_up|move_left,,0,0
3567,118900,,,,,,,,,,,,,,,,,,,,,,a|w,move_up|move_left,,0,0
3568,118933,,,,,,,,,,,,,,,,,,,,,,a|w,move_up|move_left,,0,0
3569,118967,,,,,,,,,,,,,,,,,,,,,,w,move_up,,0,0
3570,119000,,,,,,,,,,,,,,,,,,,,,,w,move_up,,0,0
3571,119033,,,,,,,,,,,,,,,,,,,,,,w,move_up,,0,0
3572,119067,,,,,,,,,,,,,,,,,,,,,,w,move_up,,0,0
3573,119100,,,,,,,,,,,,,,,,,,,,,,w,move_up,,0,0
3574,119133,,,,,,,,,,,,,,,,,,,,,,w,move_up,,0,0
3575,119167,,,,,,,,,,,,,,,,,,,,,,w,move_up,,0,0
3576,119200,,,,,,,,,,,,,,,,,,,,,,w,move_up,,0,0
3577,119233,,,,,,,,,,,,,,,,,,,,,,w,move_up,,0,0
3578,119267,,,,,,,,,,,,,,,,,,,,,,w,move_up,,0,0
3579,119300,,,,,,,,,,,,,,,,,,,,,,w,move_up,,0,0
3580,119333,,,,,,,,,,,,,,,,,,,,,,a|w,move_up|move_left,,0,0
3581,119367,,,,,,,,,,,,,,,,,,,,,,a|w,move_up|move_left,,0,0
3582,119400,,,,,,,,,,,,,,,,,,,,,,a|w,move_up|move_left,,0,0
3583,119433,,,,,,,,,,,,,,,,,,,,,,a|w,move_up|move_left,,0,0
3584,119467,,,,,,,,,,,,,,,,,,,,,,a|w,move_up|move_left,,0,0
3585,119500,,,,,,,,,,,,,,,,,,,,,,a|w,move_up|move_left,,0,0
3586,119533,,,,,,,,,,,,,,,,,,,,,,a|w,move_up|move_left,,0,0
3587,119567,,,,,,,,,,,,,,,,,,,,,,a|w,move_up|move_left,,0,0
3588,119600,,,,,,,,,,,,,,,,,,,,,,a|w,move_up|move_left,,0,0
3589,119633,,,,,,,,,,,,,,,,,,,,,,a|w,move_up|move_left,,0,0
3590,119667,,,,,,,,,,,,,,,,,,,,,,a|w,move_up|move_left,,0,0
3591,119700,,,,,,,,,,,,,,,,,,,,,,a|w,move_up|move_left,,0,0
3592,119733,,,,,,,,,,,,,,,,,,,,,,a|w,move_up|move_left,,0,0
3593,119767,,,,,,,,,,,,,,,,,,,,,,a|w,move_up|move_left,,0,0
3594,119800,,,,,,,,,,,,,,,,,,,,,,a|w,move_up|move_left,,0,0
3595,119833,,,,,,,,,,,,,,,,,,,,,,a|w,move_up|move_left,,0,0
3596,119867,,,,,,,,,,,,,,,,,,,,,,a|w,move_up|move_left,,0,0
3597,119900,,,,,,,,,,,,,,,,,,,,,,a|w,move_up|move_left,,0,0
3598,119933,,,,,,,,,,,,,,,,,,,,,,a|w,move_up|move_left,,0,0
3599,119967,,,,,,,,,,,,,,,,,,,,,,a|w,move_up|move_left,,0,0
3600,120000,,,,,,,,,,,,,,,,,,,,,,a|w,move_up|move_left,,0,0
3601,120033,,,,,,,,,,,,,,,,,,,,,,a|w,move_up|move_left,,0,0
3602,120067,,,,,,,,,,,,,,,,,,,,,,a|w,move_up|move_left,,0,0
3603,120100,,,,,,,,,,,,,,,,,,,,,,a|w,move_up|move_left,,0,0
3604,120133,,,,,,,,,,,,,,,,,,,,,,a|w,move_up|move_left,,0,0
3605,120167,,,,,,,,,,,,,,,,,,,,,,a|w,move_up|move_left,,0,0
3606,120200,,,,,,,,,,,,,,,,,,,,,,a|w,move_up|move_left,,0,0
3607,120233,,,,,,,,,,,,,,,,,,,,,,a|w,move_up|move_left,,0,0
3608,120267,,,,,,,,,,,,,,,,,,,,,,a|w,move_up|move_left,,0,0
3609,120300,,,,,,,,,,,,,,,,,,,,,,a|w,move_up|move_left,,0,0
3610,120333,,,,,,,,,,,,,,,,,,,,,,a|w,move_up|move_left,,0,0
3611,120367,,,,,,,,,,,,,,,,,,,,,,a|w,move_up|move_left,,0,0
3612,120400,,,,,,,,,,,,,,,,,,,,,,a|w,move_up|move_left,,0,0
3613,120433,,,,,,,,,,,,,,,,,,,,,,a|w,move_up|move_left,,0,0
3614,120467,,,,,,,,,,,,,,,,,,,,,,a|w,move_up|move_left,,0,0
3615,120500,,,,,,,,,,,,,,,,,,,,,,a|w,move_up|move_left,,0,0
3616,120533,,,,,,,,,,,,,,,,,,,,,,a|w,move_up|move_left,,0,0
3617,120567,,,,,,,,,,,,,,,,,,,,,,a|w,move_up|move_left,,0,0
3618,120600,,,,,,,,,,,,,,,,,,,,,,a|w,move_up|move_left,,0,0
3619,120633,,,,,,,,,,,,,,,,,,,,,,a|w,move_up|move_left,,0,0
3620,120667,,,,,,,,,,,,,,,,,,,,,,a|w,move_up|move_left,,0,0
3621,120700,,,,,,,,,,,,,,,,,,,,,,a|w,move_up|move_left,,0,0
3622,120733,,,,,,,,,,,,,,,,,,,,,,a|w,move_up|move_left,,0,0
3623,120767,,,,,,,,,,,,,,,,,,,,,,a|w,move_up|move_left,,0,0
3624,120800,,,,,,,,,,,,,,,,,,,,,,a|w,move_up|move_left,,0,0
3625,120833,,,,,,,,,,,,,,,,,,,,,,a|w,move_up|move_left,,0,0
3626,120867,,,,,,,,,,,,,,,,,,,,,,a|w,move_up|move_left,,0,0
3627,120900,,,,,,,,,,,,,,,,,,,,,,a|w,move_up|move_left,,0,0
3628,120933,,,,,,,,,,,,,,,,,,,,,,a|w,move_up|move_left,,0,0
3629,120967,,,,,,,,,,,,,,,,,,,,,,a|w,move_up|move_left,,0,0
3630,121000,,,,,,,,,,,,,,,,,,,,,,a|w,move_up|move_left,,0,0
3631,121033,,,,,,,,,,,,,,,,,,,,,,a|w,move_up|move_left,,0,0
3632,121067,,,,,,,,,,,,,,,,,,,,,,a|w,move_up|move_left,,0,0
3633,121100,,,,,,,,,,,,,,,,,,,,,,a|w,move_up|move_left,,0,0
3634,121133,,,,,,,,,,,,,,,,,,,,,,a|w,move_up|move_left,,0,0
3635,121167,,,,,,,,,,,,,,,,,,,,,,a|w,move_up|move_left,,0,0
3636,121200,,,,,,,,,,,,,,,,,,,,,,a|w,move_up|move_left,,0,0
3637,121233,,,,,,,,,,,,,,,,,,,,,,a|w,move_up|move_left,,0,0
3638,121267,,,,,,,,,,,,,,,,,,,,,,a|w,move_up|move_left,,0,0
3639,121300,,,,,,,,,,,,,,,,,,,,,,a|w,move_up|move_left,,0,0
3640,121333,,,,,,,,,,,,,,,,,,,,,,a|w,move_up|move_left,,0,0
3641,121367,,,,,,,,,,,,,,,,,,,,,,a|w,move_up|move_left,,0,0
3642,121400,,,,,,,,,,,,,,,,,,,,,,a|w,move_up|move_left,,0,0
3643,121433,,,,,,,,,,,,,,,,,,,,,,a|w,move_up|move_left,,0,0
3644,121467,,,,,,,,,,,,,,,,,,,,,,a|w,move_up|move_left,,0,0
3645,121500,,,,,,,,,,,,,,,,,,,,,,a|w,move_up|move_left,,0,0
3646,121533,,,,,,,,,,,,,,,,,,,,,,a|w,move_up|move_left,,0,0
3647,121567,,,,,,,,,,,,,,,,,,,,,,a|w,move_up|move_left,,0,0
3648,121600,,,,,,,,,,,,,,,,,,,,,,a|w,move_up|move_left,,0,0
3649,121633,,,,,,,,,,,,,,,,,,,,,,a|w,move_up|move_left,,0,0
3650,121667,,,,,,,,,,,,,,,,,,,,,,a|w,move_up|move_left,,0,0
3651,121700,,,,,,,,,,,,,,,,,,,,,,a|w,move_up|move_left,,0,0
3652,121733,,,,,,,,,,,,,,,,,,,,,,a|w,move_up|move_left,,0,0
3653,121767,,,,,,,,,,,,,,,,,,,,,,a|w,move_up|move_left,,0,0
3654,121800,,,,,,,,,,,,,,,,,,,,,,a|w,move_up|move_left,,0,0
3655,121833,,,,,,,,,,,,,,,,,,,,,,a|w,move_up|move_left,,0,0
3656,121867,,,,,,,,,,,,,,,,,,,,,,a|w,move_up|move_left,,0,0
3657,121900,,,,,,,,,,,,,,,,,,,,,,a|w,move_up|move_left,,0,0
3658,121933,,,,,,,,,,,,,,,,,,,,,,a|w,move_up|move_left,,0,0
3659,121967,,,,,,,,,,,,,,,,,,,,,,a|w,move_up|move_left,,0,0
3660,122000,,,,,,,,,,,,,,,,,,,,,,a|w,move_up|move_left,,0,0
3661,122033,,,,,,,,,,,,,,,,,,,,,,w,move_up,,0,0
3662,122067,,,,,,,,,,,,,,,,,,,,,,w,move_up,,0,0
3663,122100,,,,,,,,,,,,,,,,,,,,,,w,move_up,,0,0
3664,122133,,,,,,,,,,,,,,,,,,,,,,w,move_up,,0,0
3665,122167,,,,,,,,,,,,,,,,,,,,,,,,,0,0
3666,122200,,,,,,,,,,,,,,,,,,,,,,,,,0,0
3667,122233,,,,,,,,,,,,,,,,,,,,,,,,,0,0
3668,122267,,,,,,,,,,,,,,,,,,,,,,,,,0,0
3669,122300,,,,,,,,,,,,,,,,,,,,,,,,,0,0
3670,122333,,,,,,,,,,,,,,,,,,,,,,,,,0,0
3671,122367,,,,,,,,,,,,,,,,,,,,,,w,move_up,,0,0
3672,122400,,,,,,,,,,,,,,,,,,,,,,w,move_up,,0,0
3673,122433,,,,,,,,,,,,,,,,,,,,,,w,move_up,,0,0
3674,122467,,,,,,,,,,,,,,,,,,,,,,w,move_up,,0,0
3675,122500,,,,,,,,,,,,,,,,,,,,,,w,move_up,,0,0
3676,122533,,,,,,,,,,,,,,,,,,,,,,w,move_up,,0,0
3677,122567,,,,,,,,,,,,,,,,,,,,,,w,move_up,,0,0
3678,122600,,,,,,,,,,,,,,,,,,,,,,w,move_up,,0,0
3679,122633,,,,,,,,,,,,,,,,,,,,,,w,move_up,,0,0
3680,122667,,,,,,,,,,,,,,,,,,,,,,w,move_up,,0,0
3681,122700,,,,,,,,,,,,,,,,,,,,,,w,move_up,,0,0
3682,122733,,,,,,,,,,,,,,,,,,,,,,w,move_up,,0,0
3683,122767,,,,,,,,,,,,,,,,,,,,,,w,move_up,,0,0
3684,122800,,,,,,,,,,,,,,,,,,,,,,w,move_up,,0,0
3685,122833,,,,,,,,,,,,,,,,,,,,,,w,move_up,,0,0
3686,122867,,,,,,,,,,,,,,,,,,,,,,a|w,move_up|move_left,,0,0
3687,122900,,,,,,,,,,,,,,,,,,,,,,a|w,move_up|move_left,,0,0
3688,122933,,,,,,,,,,,,,,,,,,,,,,a|w,move_up|move_left,,0,0
3689,122967,,,,,,,,,,,,,,,,,,,,,,a|w,move_up|move_left,,0,0
3690,123000,,,,,,,,,,,,,,,,,,,,,,a|w,move_up|move_left,,0,0
3691,123033,,,,,,,,,,,,,,,,,,,,,,a|w,move_up|move_left,,0,0
3692,123067,,,,,,,,,,,,,,,,,,,,,,w,move_up,,0,0
3693,123100,,,,,,,,,,,,,,,,,,,,,,w,move_up,,0,0
3694,123133,,,,,,,,,,,,,,,,,,,,,,w,move_up,,0,0
3695,123167,,,,,,,,,,,,,,,,,,,,,,w,move_up,,0,0
3696,123200,,,,,,,,,,,,,,,,,,,,,,w,move_up,,0,0
3697,123233,,,,,,,,,,,,,,,,,,,,,,w,move_up,,0,0
3698,123267,,,,,,,,,,,,,,,,,,,,,,w,move_up,,0,0
3699,123300,,,,,,,,,,,,,,,,,,,,,,w,move_up,,0,0
3700,123333,,,,,,,,,,,,,,,,,,,,,,w,move_up,,0,0
3701,123367,,,,,,,,,,,,,,,,,,,,,,w,move_up,,0,0
3702,123400,,,,,,,,,,,,,,,,,,,,,,w,move_up,,0,0
3703,123433,,,,,,,,,,,,,,,,,,,,,,w,move_up,,0,0
3704,123467,,,,,,,,,,,,,,,,,,,,,,a|w,move_up|move_left,,0,0
3705,123500,,,,,,,,,,,,,,,,,,,,,,a|w,move_up|move_left,,0,0
3706,123533,,,,,,,,,,,,,,,,,,,,,,a|w,move_up|move_left,,0,0
3707,123567,,,,,,,,,,,,,,,,,,,,,,a|w,move_up|move_left,,0,0
3708,123600,,,,,,,,,,,,,,,,,,,,,,a|w,move_up|move_left,,0,0
3709,123633,,,,,,,,,,,,,,,,,,,,,,w,move_up,,0,0
3710,123667,,,,,,,,,,,,,,,,,,,,,,w,move_up,,0,0
3711,123700,,,,,,,,,,,,,,,,,,,,,,w,move_up,,0,0
3712,123733,,,,,,,,,,,,,,,,,,,,,,w,move_up,,0,0
3713,123767,,,,,,,,,,,,,,,,,,,,,,w,move_up,,0,0
3714,123800,,,,,,,,,,,,,,,,,,,,,,w,move_up,,0,0
3715,123833,,,,,,,,,,,,,,,,,,,,,,w,move_up,,0,0
3716,123867,,,,,,,,,,,,,,,,,,,,,,w,move_up,,0,0
3717,123900,,,,,,,,,,,,,,,,,,,,,,w,move_up,,0,0
3718,123933,,,,,,,,,,,,,,,,,,,,,,w,move_up,,0,0
3719,123967,,,,,,,,,,,,,,,,,,,,,,w,move_up,,0,0
3720,124000,,,,,,,,,,,,,,,,,,,,,,w,move_up,,0,0
3721,124033,,,,,,,,,,,,,,,,,,,,,,w,move_up,,0,0
3722,124067,,,,,,,,,,,,,,,,,,,,,,w,move_up,,0,0
3723,124100,,,,,,,,,,,,,,,,,,,,,,w,move_up,,0,0
3724,124133,,,,,,,,,,,,,,,,,,,,,,d|w,move_up|move_right,,0,0
3725,124167,,,,,,,,,,,,,,,,,,,,,,d|w,move_up|move_right,,0,0
3726,124200,,,,,,,,,,,,,,,,,,,,,,d|w,move_up|move_right,,0,0
3727,124233,,,,,,,,,,,,,,,,,,,,,,d|w,move_up|move_right,,0,0
3728,124267,,,,,,,,,,,,,,,,,,,,,,d|w,move_up|move_right,,0,0
3729,124300,,,,,,,,,,,,,,,,,,,,,,d|w,move_up|move_right,,0,0
3730,124333,,,,,,,,,,,,,,,,,,,,,,w,move_up,,0,0
3731,124367,,,,,,,,,,,,,,,,,,,,,,,,,0,0
3732,124400,,,,,,,,,,,,,,,,,,,,,,,,,0,0
3733,124433,,,,,,,,,,,,,,,,,,,,,,,,,0,0
3734,124467,,,,,,,,,,,,,,,,,,,,,,,,,0,0
3735,124500,,,,,,,,,,,,,,,,,,,,,,,,,0,0
3736,124533,,,,,,,,,,,,,,,,,,,,,,,,,0,0
3737,124567,,,,,,,,,,,,,,,,,,,,,,,,,0,0
3738,124600,,,,,,,,,,,,,,,,,,,,,,w,move_up,,0,0
3739,124633,,,,,,,,,,,,,,,,,,,,,,w,move_up,,0,0
3740,124667,,,,,,,,,,,,,,,,,,,,,,w,move_up,,0,0
3741,124700,,,,,,,,,,,,,,,,,,,,,,w,move_up,,0,0
3742,124733,,,,,,,,,,,,,,,,,,,,,,w,move_up,,0,0
3743,124767,,,,,,,,,,,,,,,,,,,,,,w,move_up,,0,0
3744,124800,,,,,,,,,,,,,,,,,,,,,,w,move_up,,0,0
3745,124833,,,,,,,,,,,,,,,,,,,,,,w,move_up,,0,0
3746,124867,,,,,,,,,,,,,,,,,,,,,,w,move_up,,0,0
3747,124900,,,,,,,,,,,,,,,,,,,,,,w,move_up,,0,0
3748,124933,,,,,,,,,,,,,,,,,,,,,,w,move_up,,0,0
3749,124967,,,,,,,,,,,,,,,,,,,,,,w,move_up,,0,0
3750,125000,,,,,,,,,,,,,,,,,,,,,,w,move_up,,0,0
3751,125033,,,,,,,,,,,,,,,,,,,,,,w,move_up,,0,0
3752,125067,,,,,,,,,,,,,,,,,,,,,,w,move_up,,0,0
3753,125100,,,,,,,,,,,,,,,,,,,,,,w,move_up,,0,0
3754,125133,,,,,,,,,,,,,,,,,,,,,,w,move_up,,0,0
3755,125167,,,,,,,,,,,,,,,,,,,,,,w,move_up,,0,0
3756,125200,,,,,,,,,,,,,,,,,,,,,,w,move_up,,0,0
3757,125233,,,,,,,,,,,,,,,,,,,,,,w,move_up,,0,0
3758,125267,,,,,,,,,,,,,,,,,,,,,,w,move_up,,0,0
3759,125300,,,,,,,,,,,,,,,,,,,,,,d|w,move_up|move_right,,0,0
3760,125333,,,,,,,,,,,,,,,,,,,,,,d|w,move_up|move_right,,0,0
3761,125367,,,,,,,,,,,,,,,,,,,,,,d|w,move_up|move_right,,0,0
3762,125400,,,,,,,,,,,,,,,,,,,,,,d|w,move_up|move_right,,0,0
3763,125433,,,,,,,,,,,,,,,,,,,,,,d|w,move_up|move_right,,0,0
3764,125467,,,,,,,,,,,,,,,,,,,,,,d|w,move_up|move_right,,0,0
3765,125500,,,,,,,,,,,,,,,,,,,,,,d|w,move_up|move_right,,0,0
3766,125533,,,,,,,,,,,,,,,,,,,,,,d|w,move_up|move_right,,0,0
3767,125567,,,,,,,,,,,,,,,,,,,,,,d|w,move_up|move_right,,0,0
3768,125600,,,,,,,,,,,,,,,,,,,,,,d|w,move_up|move_right,,0,0
3769,125633,,,,,,,,,,,,,,,,,,,,,,d|w,move_up|move_right,,0,0
3770,125667,,,,,,,,,,,,,,,,,,,,,,d|w,move_up|move_right,,0,0
3771,125700,,,,,,,,,,,,,,,,,,,,,,d|w,move_up|move_right,,0,0
3772,125733,,,,,,,,,,,,,,,,,,,,,,d|w,move_up|move_right,,0,0
3773,125767,,,,,,,,,,,,,,,,,,,,,,w,move_up,,0,0
3774,125800,,,,,,,,,,,,,,,,,,,,,,w,move_up,,0,0
3775,125833,,,,,,,,,,,,,,,,,,,,,,w,move_up,,0,0
3776,125867,,,,,,,,,,,,,,,,,,,,,,,,,0,0
3777,125900,,,,,,,,,,,,,,,,,,,,,,,,,0,0
3778,125933,,,,,,,,,,,,,,,,,,,,,,,,,0,0
3779,125967,,,,,,,,,,,,,,,,,,,,,,,,,0,0
3780,126000,,,,,,,,,,,,,,,,,,,,,,,,,0,0
3781,126033,,,,,,,,,,,,,,,,,,,,,,d,move_right,,0,0
3782,126067,,,,,,,,,,,,,,,,,,,,,,d,move_right,,0,0
3783,126100,,,,,,,,,,,,,,,,,,,,,,d,move_right,,0,0
3784,126133,,,,,,,,,,,,,,,,,,,,,,d,move_right,,0,0
3785,126167,,,,,,,,,,,,,,,,,,,,,,d|w,move_up|move_right,,0,0
3786,126200,,,,,,,,,,,,,,,,,,,,,,d|w,move_up|move_right,,0,0
3787,126233,,,,,,,,,,,,,,,,,,,,,,d|w,move_up|move_right,,0,0
3788,126267,,,,,,,,,,,,,,,,,,,,,,d|w,move_up|move_right,,0,0
3789,126300,,,,,,,,,,,,,,,,,,,,,,d|w,move_up|move_right,,0,0
3790,126333,,,,,,,,,,,,,,,,,,,,,,d|w,move_up|move_right,,0,0
3791,126367,,,,,,,,,,,,,,,,,,,,,,d|w,move_up|move_right,,0,0
3792,126400,,,,,,,,,,,,,,,,,,,,,,d|w,move_up|move_right,,0,0
3793,126433,,,,,,,,,,,,,,,,,,,,,,w,move_up,,0,0
3794,126467,,,,,,,,,,,,,,,,,,,,,,w,move_up,,0,0
3795,126500,,,,,,,,,,,,,,,,,,,,,,w,move_up,,0,0
3796,126533,,,,,,,,,,,,,,,,,,,,,,w,move_up,,0,0
3797,126567,,,,,,,,,,,,,,,,,,,,,,w,move_up,,0,0
3798,126600,,,,,,,,,,,,,,,,,,,,,,w,move_up,,0,0
3799,126633,,,,,,,,,,,,,,,,,,,,,,w,move_up,,0,0
3800,126667,,,,,,,,,,,,,,,,,,,,,,w,move_up,,0,0
3801,126700,,,,,,,,,,,,,,,,,,,,,,w,move_up,,0,0
3802,126733,,,,,,,,,,,,,,,,,,,,,,w,move_up,,0,0
3803,126767,,,,,,,,,,,,,,,,,,,,,,a|w,move_up|move_left,,0,0
3804,126800,,,,,,,,,,,,,,,,,,,,,,a|w,move_up|move_left,,0,0
3805,126833,,,,,,,,,,,,,,,,,,,,,,a|w,move_up|move_left,,0,0
3806,126867,,,,,,,,,,,,,,,,,,,,,,a|w,move_up|move_left,,0,0
3807,126900,,,,,,,,,,,,,,,,,,,,,,a|w,move_up|move_left,,0,0
3808,126933,,,,,,,,,,,,,,,,,,,,,,a|w,move_up|move_left,,0,0
3809,126967,,,,,,,,,,,,,,,,,,,,,,a|w,move_up|move_left,,0,0
3810,127000,,,,,,,,,,,,,,,,,,,,,,a|w,move_up|move_left,,0,0
3811,127033,,,,,,,,,,,,,,,,,,,,,,a|w,move_up|move_left,,0,0
3812,127067,,,,,,,,,,,,,,,,,,,,,,a|w,move_up|move_left,,0,0
3813,127100,,,,,,,,,,,,,,,,,,,,,,a|w,move_up|move_left,,0,0
3814,127133,,,,,,,,,,,,,,,,,,,,,,a|w,move_up|move_left,,0,0
3815,127167,,,,,,,,,,,,,,,,,,,,,,a|w,move_up|move_left,,0,0
3816,127200,,,,,,,,,,,,,,,,,,,,,,a|w,move_up|move_left,,0,0
3817,127233,,,,,,,,,,,,,,,,,,,,,,a|w,move_up|move_left,,0,0
3818,127267,,,,,,,,,,,,,,,,,,,,,,a|w,move_up|move_left,,0,0
3819,127300,,,,,,,,,,,,,,,,,,,,,,a|w,move_up|move_left,,0,0
3820,127333,,,,,,,,,,,,,,,,,,,,,,a|w,move_up|move_left,,0,0
3821,127367,,,,,,,,,,,,,,,,,,,,,,w,move_up,,0,0
3822,127400,,,,,,,,,,,,,,,,,,,,,,w,move_up,,0,0
3823,127433,,,,,,,,,,,,,,,,,,,,,,w,move_up,,0,0
3824,127467,,,,,,,,,,,,,,,,,,,,,,w,move_up,,0,0
3825,127500,,,,,,,,,,,,,,,,,,,,,,a|w,move_up|move_left,,0,0
3826,127533,,,,,,,,,,,,,,,,,,,,,,a|w,move_up|move_left,,0,0
3827,127567,,,,,,,,,,,,,,,,,,,,,,a|w,move_up|move_left,,0,0
3828,127600,,,,,,,,,,,,,,,,,,,,,,a|w,move_up|move_left,,0,0
3829,127633,,,,,,,,,,,,,,,,,,,,,,a|w,move_up|move_left,,0,0
3830,127667,,,,,,,,,,,,,,,,,,,,,,a|w,move_up|move_left,,0,0
3831,127700,,,,,,,,,,,,,,,,,,,,,,a|w,move_up|move_left,,0,0
3832,127733,,,,,,,,,,,,,,,,,,,,,,a|w,move_up|move_left,,0,0
3833,127767,,,,,,,,,,,,,,,,,,,,,,a|w,move_up|move_left,,0,0
3834,127800,,,,,,,,,,,,,,,,,,,,,,a|w,move_up|move_left,,0,0
3835,127833,,,,,,,,,,,,,,,,,,,,,,a|w,move_up|move_left,,0,0
3836,127867,,,,,,,,,,,,,,,,,,,,,,a|w,move_up|move_left,,0,0
3837,127900,,,,,,,,,,,,,,,,,,,,,,a|w,move_up|move_left,,0,0
3838,127933,,,,,,,,,,,,,,,,,,,,,,a|w,move_up|move_left,,0,0
3839,127967,,,,,,,,,,,,,,,,,,,,,,w,move_up,,0,0
3840,128000,,,,,,,,,,,,,,,,,,,,,,d|w,move_up|move_right,,0,0
3841,128033,,,,,,,,,,,,,,,,,,,,,,d|w,move_up|move_right,,0,0
3842,128067,,,,,,,,,,,,,,,,,,,,,,d|w,move_up|move_right,,0,0
3843,128100,,,,,,,,,,,,,,,,,,,,,,d|w,move_up|move_right,,0,0
3844,128133,,,,,,,,,,,,,,,,,,,,,,d|w,move_up|move_right,,0,0
3845,128167,,,,,,,,,,,,,,,,,,,,,,d|w,move_up|move_right,,0,0
3846,128200,,,,,,,,,,,,,,,,,,,,,,d|w,move_up|move_right,,0,0
3847,128233,,,,,,,,,,,,,,,,,,,,,,w,move_up,,0,0
3848,128267,,,,,,,,,,,,,,,,,,,,,,w,move_up,,0,0
3849,128300,,,,,,,,,,,,,,,,,,,,,,w,move_up,,0,0
3850,128333,,,,,,,,,,,,,,,,,,,,,,w,move_up,,0,0
3851,128367,,,,,,,,,,,,,,,,,,,,,,w,move_up,,0,0
3852,128400,,,,,,,,,,,,,,,,,,,,,,d|w,move_up|move_right,,0,0
3853,128433,,,,,,,,,,,,,,,,,,,,,,d|w,move_up|move_right,,0,0
3854,128467,,,,,,,,,,,,,,,,,,,,,,d|w,move_up|move_right,,0,0
3855,128500,,,,,,,,,,,,,,,,,,,,,,d|w,move_up|move_right,,0,0
3856,128533,,,,,,,,,,,,,,,,,,,,,,d|w,move_up|move_right,,0,0
3857,128567,,,,,,,,,,,,,,,,,,,,,,d|w,move_up|move_right,,0,0
3858,128600,,,,,,,,,,,,,,,,,,,,,,d|w,move_up|move_right,,0,0
3859,128633,,,,,,,,,,,,,,,,,,,,,,d|w,move_up|move_right,,0,0
3860,128667,,,,,,,,,,,,,,,,,,,,,,w,move_up,,0,0
3861,128700,,,,,,,,,,,,,,,,,,,,,,w,move_up,,0,0
3862,128733,,,,,,,,,,,,,,,,,,,,,,w,move_up,,0,0
3863,128767,,,,,,,,,,,,,,,,,,,,,,w,move_up,,0,0
3864,128800,,,,,,,,,,,,,,,,,,,,,,w,move_up,,0,0
3865,128833,,,,,,,,,,,,,,,,,,,,,,w,move_up,,0,0
3866,128867,,,,,,,,,,,,,,,,,,,,,,w,move_up,,0,0
3867,128900,,,,,,,,,,,,,,,,,,,,,,w,move_up,,0,0
3868,128933,,,,,,,,,,,,,,,,,,,,,,w,move_up,,0,0
3869,128967,,,,,,,,,,,,,,,,,,,,,,w,move_up,,0,0
3870,129000,,,,,,,,,,,,,,,,,,,,,,,,,0,0
3871,129033,,,,,,,,,,,,,,,,,,,,,,,,,0,0
3872,129067,,,,,,,,,,,,,,,,,,,,,,,,,0,0
3873,129100,,,,,,,,,,,,,,,,,,,,,,,,,0,0
3874,129133,,,,,,,,,,,,,,,,,,,,,,a,move_left,,0,0
3875,129167,,,,,,,,,,,,,,,,,,,,,,a,move_left,,0,0
3876,129200,,,,,,,,,,,,,,,,,,,,,,a,move_left,,0,0
3877,129233,,,,,,,,,,,,,,,,,,,,,,a,move_left,,0,0
3878,129267,,,,,,,,,,,,,,,,,,,,,,a,move_left,,0,0
3879,129300,,,,,,,,,,,,,,,,,,,,,,a,move_left,,0,0
3880,129333,,,,,,,,,,,,,,,,,,,,,,a,move_left,,0,0
3881,129367,,,,,,,,,,,,,,,,,,,,,,a,move_left,,0,0
3882,129400,,,,,,,,,,,,,,,,,,,,,,a,move_left,,0,0
3883,129433,,,,,,,,,,,,,,,,,,,,,,,,,0,0
3884,129467,,,,,,,,,,,,,,,,,,,,,,,,,0,0
3885,129500,,,,,,,,,,,,,,,,,,,,,,,,,0,0
3886,129533,,,,,,,,,,,,,,,,,,,,,,,,,0,0
3887,129567,,,,,,,,,,,,,,,,,,,,,,,,,0,0
3888,129600,,,,,,,,,,,,,,,,,,,,,,,,,0,0
3889,129633,,,,,,,,,,,,,,,,,,,,,,a,move_left,,0,0
3890,129667,,,,,,,,,,,,,,,,,,,,,,a,move_left,,0,0
3891,129700,,,,,,,,,,,,,,,,,,,,,,a,move_left,,0,0
3892,129733,,,,,,,,,,,,,,,,,,,,,,a,move_left,,0,0
3893,129767,,,,,,,,,,,,,,,,,,,,,,a,move_left,,0,0
3894,129800,,,,,,,,,,,,,,,,,,,,,,a,move_left,,0,0
3895,129833,,,,,,,,,,,,,,,,,,,,,,,,,0,0
3896,129867,,,,,,,,,,,,,,,,,,,,,,,,,0,0
3897,129900,,,,,,,,,,,,,,,,,,,,,,,,,0,0
3898,129933,,,,,,,,,,,,,,,,,,,,,,,,,0,0
3899,129967,,,,,,,,,,,,,,,,,,,,,,,,,0,0
3900,130000,,,,,,,,,,,,,,,,,,,,,,,,,0,0
3901,130033,,,,,,,,,,,,,,,,,,,,,,,,,0,0
3902,130067,,,,,,,,,,,,,,,,,,,,,,,,,0,0
3903,130100,,,,,,,,,,,,,,,,,,,,,,,,,0,0
3904,130133,,,,,,,,,,,,,,,,,,,,,,,,,0,0
3905,130167,,,,,,,,,,,,,,,,,,,,,,,,,0,0
3906,130200,,,,,,,,,,,,,,,,,,,,,,a|w,move_up|move_left,,0,0
3907,130233,,,,,,,,,,,,,,,,,,,,,,a|w,move_up|move_left,,0,0
3908,130267,,,,,,,,,,,,,,,,,,,,,,a|w,move_up|move_left,,0,0
3909,130300,,,,,,,,,,,,,,,,,,,,,,a|w,move_up|move_left,,0,0
3910,130333,,,,,,,,,,,,,,,,,,,,,,a|w,move_up|move_left,,0,0
3911,130367,,,,,,,,,,,,,,,,,,,,,,a|w,move_up|move_left,,0,0
3912,130400,,,,,,,,,,,,,,,,,,,,,,a|w,move_up|move_left,,0,0
3913,130433,,,,,,,,,,,,,,,,,,,,,,w,move_up,,0,0
3914,130467,,,,,,,,,,,,,,,,,,,,,,w,move_up,,0,0
3915,130500,,,,,,,,,,,,,,,,,,,,,,w,move_up,,0,0
3916,130533,,,,,,,,,,,,,,,,,,,,,,w,move_up,,0,0
3917,130567,,,,,,,,,,,,,,,,,,,,,,w,move_up,,0,0
3918,130600,,,,,,,,,,,,,,,,,,,,,,w,move_up,,0,0
3919,130633,,,,,,,,,,,,,,,,,,,,,,w,move_up,,0,0
3920,130667,,,,,,,,,,,,,,,,,,,,,,w,move_up,,0,0
3921,130700,,,,,,,,,,,,,,,,,,,,,,w,move_up,,0,0
3922,130733,,,,,,,,,,,,,,,,,,,,,,e|w,interact|move_up,,0,0
3923,130767,,,,,,,,,,,,,,,,,,,,,,e|w,interact|move_up,,0,0
3924,130800,,,,,,,,,,,,,,,,,,,,,,e|w,interact|move_up,,0,0
3925,130833,,,,,,,,,,,,,,,,,,,,,,e|w,interact|move_up,,0,0
3926,130867,,,,,,,,,,,,,,,,,,,,,,e|w,interact|move_up,,0,0
3927,130900,,,,,,,,,,,,,,,,,,,,,,w,move_up,,0,0
3928,130933,,,,,,,,,,,,,,,,,,,,,,w,move_up,,0,0
3929,130967,,,,,,,,,,,,,,,,,,,,,,w,move_up,,0,0
3930,131000,,,,,,,,,,,,,,,,,,,,,,w,move_up,,0,0
3931,131033,,,,,,,,,,,,,,,,,,,,,,w,move_up,,0,0
3932,131067,,,,,,,,,,,,,,,,,,,,,,w,move_up,,0,0
3933,131100,,,,,,,,,,,,,,,,,,,,,,w,move_up,,0,0
3934,131133,,,,,,,,,,,,,,,,,,,,,,w,move_up,,0,0
3935,131167,,,,,,,,,,,,,,,,,,,,,,w,move_up,,0,0
3936,131200,,,,,,,,,,,,,,,,,,,,,,w,move_up,,0,0
3937,131233,,,,,,,,,,,,,,,,,,,,,,w,move_up,,0,0
3938,131267,,,,,,,,,,,,,,,,,,,,,,e|w,interact|move_up,,0,0
3939,131300,,,,,,,,,,,,,,,,,,,,,,e|w,interact|move_up,,0,0
3940,131333,,,,,,,,,,,,,,,,,,,,,,e|w,interact|move_up,,0,0
3941,131367,,,,,,,,,,,,,,,,,,,,,,e|w,interact|move_up,,0,0
3942,131400,,,,,,,,,,,,,,,,,,,,,,w,move_up,,0,0
3943,131433,,,,,,,,,,,,,,,,,,,,,,e|w,interact|move_up,,0,0
3944,131467,,,,,,,,,,,,,,,,,,,,,,e|w,interact|move_up,,0,0
3945,131500,,,,,,,,,,,,,,,,,,,,,,e|w,interact|move_up,,0,0
3946,131533,,,,,,,,,,,,,,,,,,,,,,e|w,interact|move_up,,0,0
3947,131567,,,,,,,,,,,,,,,,,,,,,,w,move_up,,0,0
3948,131600,,,,,,,,,,,,,,,,,,,,,,w,move_up,,0,0
3949,131633,,,,,,,,,,,,,,,,,,,,,,w,move_up,,0,0
3950,131667,,,,,,,,,,,,,,,,,,,,,,d|w,move_up|move_right,,0,0
3951,131700,,,,,,,,,,,,,,,,,,,,,,d|w,move_up|move_right,,0,0
3952,131733,,,,,,,,,,,,,,,,,,,,,,d|w,move_up|move_right,,0,0
3953,131767,,,,,,,,,,,,,,,,,,,,,,d|w,move_up|move_right,,0,0
3954,131800,,,,,,,,,,,,,,,,,,,,,,d|w,move_up|move_right,,0,0
3955,131833,,,,,,,,,,,,,,,,,,,,,,d|w,move_up|move_right,,0,0
3956,131867,,,,,,,,,,,,,,,,,,,,,,d|w,move_up|move_right,,0,0
3957,131900,,,,,,,,,,,,,,,,,,,,,,d|w,move_up|move_right,,0,0
3958,131933,,,,,,,,,,,,,,,,,,,,,,d|w,move_up|move_right,,0,0
3959,131967,,,,,,,,,,,,,,,,,,,,,,d|w,move_up|move_right,,0,0
3960,132000,,,,,,,,,,,,,,,,,,,,,,d|w,move_up|move_right,,0,0
3961,132033,,,,,,,,,,,,,,,,,,,,,,d|w,move_up|move_right,,0,0
3962,132067,,,,,,,,,,,,,,,,,,,,,,w,move_up,,0,0
3963,132100,,,,,,,,,,,,,,,,,,,,,,w,move_up,,0,0
3964,132133,,,,,,,,,,,,,,,,,,,,,,,,,0,0
3965,132167,,,,,,,,,,,,,,,,,,,,,,,,,0,0
3966,132200,,,,,,,,,,,,,,,,,,,,,,d,move_right,,0,0
3967,132233,,,,,,,,,,,,,,,,,,,,,,d,move_right,,0,0
3968,132267,,,,,,,,,,,,,,,,,,,,,,d,move_right,,0,0
3969,132300,,,,,,,,,,,,,,,,,,,,,,d,move_right,,0,0
3970,132333,,,,,,,,,,,,,,,,,,,,,,d,move_right,,0,0
3971,132367,,,,,,,,,,,,,,,,,,,,,,d,move_right,,0,0
3972,132400,,,,,,,,,,,,,,,,,,,,,,d,move_right,,0,0
3973,132433,,,,,,,,,,,,,,,,,,,,,,d,move_right,,0,0
3974,132467,,,,,,,,,,,,,,,,,,,,,,d,move_right,,0,0
3975,132500,,,,,,,,,,,,,,,,,,,,,,,,,0,0
3976,132533,,,,,,,,,,,,,,,,,,,,,,,,,0,0
3977,132567,,,,,,,,,,,,,,,,,,,,,,,,,0,0
3978,132600,,,,,,,,,,,,,,,,,,,,,,,,,0,0
3979,132633,,,,,,,,,,,,,,,,,,,,,,w,move_up,,0,0
3980,132667,,,,,,,,,,,,,,,,,,,,,,w,move_up,,0,0
3981,132700,,,,,,,,,,,,,,,,,,,,,,w,move_up,,0,0
3982,132733,,,,,,,,,,,,,,,,,,,,,,w,move_up,,0,0
3983,132767,,,,,,,,,,,,,,,,,,,,,,d|w,move_up|move_right,,0,0
3984,132800,,,,,,,,,,,,,,,,,,,,,,d|w,move_up|move_right,,0,0
3985,132833,,,,,,,,,,,,,,,,,,,,,,d|w,move_up|move_right,,0,0
3986,132867,,,,,,,,,,,,,,,,,,,,,,d|w,move_up|move_right,,0,0
3987,132900,,,,,,,,,,,,,,,,,,,,,,w,move_up,,0,0
3988,132933,,,,,,,,,,,,,,,,,,,,,,w,move_up,,0,0
3989,132967,,,,,,,,,,,,,,,,,,,,,,w,move_up,,0,0
3990,133000,,,,,,,,,,,,,,,,,,,,,,w,move_up,,0,0
3991,133033,,,,,,,,,,,,,,,,,,,,,,e|w,interact|move_up,,0,0
3992,133067,,,,,,,,,,,,,,,,,,,,,,e|w,interact|move_up,,0,0
3993,133100,,,,,,,,,,,,,,,,,,,,,,e|w,interact|move_up,,0,0
3994,133133,,,,,,,,,,,,,,,,,,,,,,e|w,interact|move_up,,0,0
3995,133167,,,,,,,,,,,,,,,,,,,,,,w,move_up,,0,0
3996,133200,,,,,,,,,,,,,,,,,,,,,,e|w,interact|move_up,,0,0
3997,133233,,,,,,,,,,,,,,,,,,,,,,e|w,interact|move_up,,0,0
3998,133267,,,,,,,,,,,,,,,,,,,,,,e|w,interact|move_up,,0,0
3999,133300,,,,,,,,,,,,,,,,,,,,,,e|w,interact|move_up,,0,0
4000,133333,,,,,,,,,,,,,,,,,,,,,,w,move_up,,0,0
4001,133367,,,,,,,,,,,,,,,,,,,,,,w,move_up,,0,0
4002,133400,,,,,,,,,,,,,,,,,,,,,,w,move_up,,0,0
4003,133433,,,,,,,,,,,,,,,,,,,,,,w,move_up,,0,0
4004,133467,,,,,,,,,,,,,,,,,,,,,,d|w,move_up|move_right,,0,0
4005,133500,,,,,,,,,,,,,,,,,,,,,,d|w,move_up|move_right,,0,0
4006,133533,,,,,,,,,,,,,,,,,,,,,,d|w,move_up|move_right,,0,0
4007,133567,,,,,,,,,,,,,,,,,,,,,,d|w,move_up|move_right,,0,0
4008,133600,,,,,,,,,,,,,,,,,,,,,,d|w,move_up|move_right,,0,0
4009,133633,,,,,,,,,,,,,,,,,,,,,,d|w,move_up|move_right,,0,0
4010,133667,,,,,,,,,,,,,,,,,,,,,,d|w,move_up|move_right,,0,0
4011,133700,,,,,,,,,,,,,,,,,,,,,,w,move_up,,0,0
4012,133733,,,,,,,,,,,,,,,,,,,,,,w,move_up,,0,0
4013,133767,,,,,,,,,,,,,,,,,,,,,,w,move_up,,0,0
4014,133800,,,,,,,,,,,,,,,,,,,,,,w,move_up,,0,0
4015,133833,,,,,,,,,,,,,,,,,,,,,,w,move_up,,0,0
4016,133867,,,,,,,,,,,,,,,,,,,,,,w,move_up,,0,0
4017,133900,,,,,,,,,,,,,,,,,,,,,,w,move_up,,0,0
4018,133933,,,,,,,,,,,,,,,,,,,,,,w,move_up,,0,0
4019,133967,,,,,,,,,,,,,,,,,,,,,,w,move_up,,0,0
4020,134000,,,,,,,,,,,,,,,,,,,,,,w,move_up,,0,0
4021,134033,,,,,,,,,,,,,,,,,,,,,,w,move_up,,0,0
4022,134067,,,,,,,,,,,,,,,,,,,,,,w,move_up,,0,0
4023,134100,,,,,,,,,,,,,,,,,,,,,,w,move_up,,0,0
4024,134133,,,,,,,,,,,,,,,,,,,,,,w,move_up,,0,0
4025,134167,,,,,,,,,,,,,,,,,,,,,,w,move_up,,0,0
4026,134200,,,,,,,,,,,,,,,,,,,,,,w,move_up,,0,0
4027,134233,,,,,,,,,,,,,,,,,,,,,,w,move_up,,0,0
4028,134267,,,,,,,,,,,,,,,,,,,,,,w,move_up,,0,0
4029,134300,,,,,,,,,,,,,,,,,,,,,,w,move_up,,0,0
4030,134333,,,,,,,,,,,,,,,,,,,,,,w,move_up,,0,0
4031,134367,,,,,,,,,,,,,,,,,,,,,,w,move_up,,0,0
4032,134400,,,,,,,,,,,,,,,,,,,,,,w,move_up,,0,0
4033,134433,,,,,,,,,,,,,,,,,,,,,,w,move_up,,0,0
4034,134467,,,,,,,,,,,,,,,,,,,,,,w,move_up,,0,0
4035,134500,,,,,,,,,,,,,,,,,,,,,,w,move_up,,0,0
4036,134533,,,,,,,,,,,,,,,,,,,,,,w,move_up,,0,0
4037,134567,,,,,,,,,,,,,,,,,,,,,,w,move_up,,0,0
4038,134600,,,,,,,,,,,,,,,,,,,,,,w,move_up,,0,0
4039,134633,,,,,,,,,,,,,,,,,,,,,,w,move_up,,0,0
4040,134667,,,,,,,,,,,,,,,,,,,,,,w,move_up,,0,0
4041,134700,,,,,,,,,,,,,,,,,,,,,,w,move_up,,0,0
4042,134733,,,,,,,,,,,,,,,,,,,,,,d|w,move_up|move_right,,0,0
4043,134767,,,,,,,,,,,,,,,,,,,,,,d|w,move_up|move_right,,0,0
4044,134800,,,,,,,,,,,,,,,,,,,,,,d|w,move_up|move_right,,0,0
4045,134833,,,,,,,,,,,,,,,,,,,,,,w,move_up,,0,0
4046,134867,,,,,,,,,,,,,,,,,,,,,,w,move_up,,0,0
4047,134900,,,,,,,,,,,,,,,,,,,,,,w,move_up,,0,0
4048,134933,,,,,,,,,,,,,,,,,,,,,,w,move_up,,0,0
4049,134967,,,,,,,,,,,,,,,,,,,,,,w,move_up,,0,0
4050,135000,,,,,,,,,,,,,,,,,,,,,,w,move_up,,0,0
4051,135033,,,,,,,,,,,,,,,,,,,,,,w,move_up,,0,0
4052,135067,,,,,,,,,,,,,,,,,,,,,,w,move_up,,0,0
4053,135100,,,,,,,,,,,,,,,,,,,,,,w,move_up,,0,0
4054,135133,,,,,,,,,,,,,,,,,,,,,,w,move_up,,0,0
4055,135167,,,,,,,,,,,,,,,,,,,,,,w,move_up,,0,0
4056,135200,,,,,,,,,,,,,,,,,,,,,,e|w,interact|move_up,,0,0
4057,135233,,,,,,,,,,,,,,,,,,,,,,e|w,interact|move_up,,0,0
4058,135267,,,,,,,,,,,,,,,,,,,,,,e|w,interact|move_up,,0,0
4059,135300,,,,,,,,,,,,,,,,,,,,,,e|w,interact|move_up,,0,0
4060,135333,,,,,,,,,,,,,,,,,,,,,,w,move_up,,0,0
4061,135367,,,,,,,,,,,,,,,,,,,,,,w,move_up,,0,0
4062,135400,,,,,,,,,,,,,,,,,,,,,,w,move_up,,0,0
4063,135433,,,,,,,,,,,,,,,,,,,,,,d|w,move_up|move_right,,0,0
4064,135467,,,,,,,,,,,,,,,,,,,,,,d|w,move_up|move_right,,0,0
4065,135500,,,,,,,,,,,,,,,,,,,,,,d|w,move_up|move_right,,0,0
4066,135533,,,,,,,,,,,,,,,,,,,,,,d|w,move_up|move_right,,0,0
4067,135567,,,,,,,,,,,,,,,,,,,,,,d|w,move_up|move_right,,0,0
4068,135600,,,,,,,,,,,,,,,,,,,,,,d|w,move_up|move_right,,0,0
4069,135633,,,,,,,,,,,,,,,,,,,,,,d|w,move_up|move_right,,0,0
4070,135667,,,,,,,,,,,,,,,,,,,,,,d|w,move_up|move_right,,0,0
4071,135700,,,,,,,,,,,,,,,,,,,,,,w,move_up,,0,0
4072,135733,,,,,,,,,,,,,,,,,,,,,,w,move_up,,0,0
4073,135767,,,,,,,,,,,,,,,,,,,,,,w,move_up,,0,0
4074,135800,,,,,,,,,,,,,,,,,,,,,,w,move_up,,0,0
4075,135833,,,,,,,,,,,,,,,,,,,,,,w,move_up,,0,0
4076,135867,,,,,,,,,,,,,,,,,,,,,,w,move_up,,0,0
4077,135900,,,,,,,,,,,,,,,,,,,,,,w,move_up,,0,0
4078,135933,,,,,,,,,,,,,,,,,,,,,,w,move_up,,0,0
4079,135967,,,,,,,,,,,,,,,,,,,,,,w,move_up,,0,0
4080,136000,,,,,,,,,,,,,,,,,,,,,,w,move_up,,0,0
4081,136033,,,,,,,,,,,,,,,,,,,,,,w,move_up,,0,0
4082,136067,,,,,,,,,,,,,,,,,,,,,,d|w,move_up|move_right,,0,0
4083,136100,,,,,,,,,,,,,,,,,,,,,,d|w,move_up|move_right,,0,0
4084,136133,,,,,,,,,,,,,,,,,,,,,,d|w,move_up|move_right,,0,0
4085,136167,,,,,,,,,,,,,,,,,,,,,,d|w,move_up|move_right,,0,0
4086,136200,,,,,,,,,,,,,,,,,,,,,,d|w,move_up|move_right,,0,0
4087,136233,,,,,,,,,,,,,,,,,,,,,,d|w,move_up|move_right,,0,0
4088,136267,,,,,,,,,,,,,,,,,,,,,,d|w,move_up|move_right,,0,0
4089,136300,,,,,,,,,,,,,,,,,,,,,,w,move_up,,0,0
4090,136333,,,,,,,,,,,,,,,,,,,,,,w,move_up,,0,0
4091,136367,,,,,,,,,,,,,,,,,,,,,,w,move_up,,0,0
4092,136400,,,,,,,,,,,,,,,,,,,,,,w,move_up,,0,0
4093,136433,,,,,,,,,,,,,,,,,,,,,,w,move_up,,0,0
4094,136467,,,,,,,,,,,,,,,,,,,,,,w,move_up,,0,0
4095,136500,,,,,,,,,,,,,,,,,,,,,,d|w,move_up|move_right,,0,0
4096,136533,,,,,,,,,,,,,,,,,,,,,,d|w,move_up|move_right,,0,0
4097,136567,,,,,,,,,,,,,,,,,,,,,,d|w,move_up|move_right,,0,0
4098,136600,,,,,,,,,,,,,,,,,,,,,,d|w,move_up|move_right,,0,0
4099,136633,,,,,,,,,,,,,,,,,,,,,,d|w,move_up|move_right,,0,0
4100,136667,,,,,,,,,,,,,,,,,,,,,,d|w,move_up|move_right,,0,0
4101,136700,,,,,,,,,,,,,,,,,,,,,,w,move_up,,0,0
4102,136733,,,,,,,,,,,,,,,,,,,,,,w,move_up,,0,0
4103,136767,,,,,,,,,,,,,,,,,,,,,,w,move_up,,0,0
4104,136800,,,,,,,,,,,,,,,,,,,,,,w,move_up,,0,0
4105,136833,,,,,,,,,,,,,,,,,,,,,,w,move_up,,0,0
4106,136867,,,,,,,,,,,,,,,,,,,,,,w,move_up,,0,0
4107,136900,,,,,,,,,,,,,,,,,,,,,,w,move_up,,0,0
4108,136933,,,,,,,,,,,,,,,,,,,,,,w,move_up,,0,0
4109,136967,,,,,,,,,,,,,,,,,,,,,,w,move_up,,0,0
4110,137000,,,,,,,,,,,,,,,,,,,,,,w,move_up,,0,0
4111,137033,,,,,,,,,,,,,,,,,,,,,,w,move_up,,0,0
4112,137067,,,,,,,,,,,,,,,,,,,,,,w,move_up,,0,0
4113,137100,,,,,,,,,,,,,,,,,,,,,,w,move_up,,0,0
4114,137133,,,,,,,,,,,,,,,,,,,,,,w,move_up,,0,0
4115,137167,,,,,,,,,,,,,,,,,,,,,,d|w,move_up|move_right,,0,0
4116,137200,,,,,,,,,,,,,,,,,,,,,,d|w,move_up|move_right,,0,0
4117,137233,,,,,,,,,,,,,,,,,,,,,,d|w,move_up|move_right,,0,0
4118,137267,,,,,,,,,,,,,,,,,,,,,,d|w,move_up|move_right,,0,0
4119,137300,,,,,,,,,,,,,,,,,,,,,,d|w,move_up|move_right,,0,0
4120,137333,,,,,,,,,,,,,,,,,,,,,,d|w,move_up|move_right,,0,0
4121,137367,,,,,,,,,,,,,,,,,,,,,,d|w,move_up|move_right,,0,0
4122,137400,,,,,,,,,,,,,,,,,,,,,,d|w,move_up|move_right,,0,0
4123,137433,,,,,,,,,,,,,,,,,,,,,,d|w,move_up|move_right,,0,0
4124,137467,,,,,,,,,,,,,,,,,,,,,,d|w,move_up|move_right,,0,0
4125,137500,,,,,,,,,,,,,,,,,,,,,,d|w,move_up|move_right,,0,0
4126,137533,,,,,,,,,,,,,,,,,,,,,,d|w,move_up|move_right,,0,0
4127,137567,,,,,,,,,,,,,,,,,,,,,,d|w,move_up|move_right,,0,0
4128,137600,,,,,,,,,,,,,,,,,,,,,,d|w,move_up|move_right,,0,0
4129,137633,,,,,,,,,,,,,,,,,,,,,,d,move_right,,0,0
4130,137667,,,,,,,,,,,,,,,,,,,,,,d,move_right,,0,0
4131,137700,,,,,,,,,,,,,,,,,,,,,,d,move_right,,0,0
4132,137733,,,,,,,,,,,,,,,,,,,,,,d,move_right,,0,0
4133,137767,,,,,,,,,,,,,,,,,,,,,,d,move_right,,0,0
4134,137800,,,,,,,,,,,,,,,,,,,,,,d,move_right,,0,0
4135,137833,,,,,,,,,,,,,,,,,,,,,,d,move_right,,0,0
4136,137867,,,,,,,,,,,,,,,,,,,,,,d,move_right,,0,0
4137,137900,,,,,,,,,,,,,,,,,,,,,,d,move_right,,0,0
4138,137933,,,,,,,,,,,,,,,,,,,,,,d|w,move_up|move_right,,0,0
4139,137967,,,,,,,,,,,,,,,,,,,,,,w,move_up,,0,0
4140,138000,,,,,,,,,,,,,,,,,,,,,,w,move_up,,0,0
4141,138033,,,,,,,,,,,,,,,,,,,,,,w,move_up,,0,0
4142,138067,,,,,,,,,,,,,,,,,,,,,,w,move_up,,0,0
4143,138100,,,,,,,,,,,,,,,,,,,,,,w,move_up,,0,0
4144,138133,,,,,,,,,,,,,,,,,,,,,,d|w,move_up|move_right,,0,0
4145,138167,,,,,,,,,,,,,,,,,,,,,,d|w,move_up|move_right,,0,0
4146,138200,,,,,,,,,,,,,,,,,,,,,,d|w,move_up|move_right,,0,0
4147,138233,,,,,,,,,,,,,,,,,,,,,,d|w,move_up|move_right,,0,0
4148,138267,,,,,,,,,,,,,,,,,,,,,,d|w,move_up|move_right,,0,0
4149,138300,,,,,,,,,,,,,,,,,,,,,,d|w,move_up|move_right,,0,0
4150,138333,,,,,,,,,,,,,,,,,,,,,,d,move_right,,0,0
4151,138367,,,,,,,,,,,,,,,,,,,,,,d,move_right,,0,0
4152,138400,,,,,,,,,,,,,,,,,,,,,,d,move_right,,0,0
4153,138433,,,,,,,,,,,,,,,,,,,,,,,,,0,0
4154,138467,,,,,,,,,,,,,,,,,,,,,,,,,0,0
4155,138500,,,,,,,,,,,,,,,,,,,,,,e,interact,,0,0
4156,138533,,,,,,,,,,,,,,,,,,,,,,e,interact,,0,0
4157,138567,,,,,,,,,,,,,,,,,,,,,,e,interact,,0,0
4158,138600,,,,,,,,,,,,,,,,,,,,,,e,interact,,0,0
4159,138633,,,,,,,,,,,,,,,,,,,,,,e,interact,,0,0
4160,138667,,,,,,,,,,,,,,,,,,,,,,,,,0,0
4161,138700,,,,,,,,,,,,,,,,,,,,,,,,,0,0
4162,138733,,,,,,,,,,,,,,,,,,,,,,d,move_right,,0,0
4163,138767,,,,,,,,,,,,,,,,,,,,,,d,move_right,,0,0
4164,138800,,,,,,,,,,,,,,,,,,,,,,d,move_right,,0,0
4165,138833,,,,,,,,,,,,,,,,,,,,,,d,move_right,,0,0
4166,138867,,,,,,,,,,,,,,,,,,,,,,d|w,move_up|move_right,,0,0
4167,138900,,,,,,,,,,,,,,,,,,,,,,d|w,move_up|move_right,,0,0
4168,138933,,,,,,,,,,,,,,,,,,,,,,d|w,move_up|move_right,,0,0
4169,138967,,,,,,,,,,,,,,,,,,,,,,d|w,move_up|move_right,,0,0
4170,139000,,,,,,,,,,,,,,,,,,,,,,d|w,move_up|move_right,,0,0
4171,139033,,,,,,,,,,,,,,,,,,,,,,d|w,move_up|move_right,,0,0
4172,139067,,,,,,,,,,,,,,,,,,,,,,w,move_up,,0,0
4173,139100,,,,,,,,,,,,,,,,,,,,,,w,move_up,,0,0
4174,139133,,,,,,,,,,,,,,,,,,,,,,w,move_up,,0,0
4175,139167,,,,,,,,,,,,,,,,,,,,,,w,move_up,,0,0
4176,139200,,,,,,,,,,,,,,,,,,,,,,w,move_up,,0,0
4177,139233,,,,,,,,,,,,,,,,,,,,,,w,move_up,,0,0
4178,139267,,,,,,,,,,,,,,,,,,,,,,w,move_up,,0,0
4179,139300,,,,,,,,,,,,,,,,,,,,,,w,move_up,,0,0
4180,139333,,,,,,,,,,,,,,,,,,,,,,w,move_up,,0,0
4181,139367,,,,,,,,,,,,,,,,,,,,,,w,move_up,,0,0
4182,139400,,,,,,,,,,,,,,,,,,,,,,w,move_up,,0,0
4183,139433,,,,,,,,,,,,,,,,,,,,,,w,move_up,,0,0
4184,139467,,,,,,,,,,,,,,,,,,,,,,w,move_up,,0,0
4185,139500,,,,,,,,,,,,,,,,,,,,,,w,move_up,,0,0
4186,139533,,,,,,,,,,,,,,,,,,,,,,w,move_up,,0,0
4187,139567,,,,,,,,,,,,,,,,,,,,,,w,move_up,,0,0
4188,139600,,,,,,,,,,,,,,,,,,,,,,w,move_up,,0,0
4189,139633,,,,,,,,,,,,,,,,,,,,,,w,move_up,,0,0
4190,139667,,,,,,,,,,,,,,,,,,,,,,w,move_up,,0,0
4191,139700,,,,,,,,,,,,,,,,,,,,,,w,move_up,,0,0
4192,139733,,,,,,,,,,,,,,,,,,,,,,w,move_up,,0,0
4193,139767,,,,,,,,,,,,,,,,,,,,,,w,move_up,,0,0
4194,139800,,,,,,,,,,,,,,,,,,,,,,w,move_up,,0,0
4195,139833,,,,,,,,,,,,,,,,,,,,,,a|w,move_up|move_left,,0,0
4196,139867,,,,,,,,,,,,,,,,,,,,,,a|w,move_up|move_left,,0,0
4197,139900,,,,,,,,,,,,,,,,,,,,,,a|w,move_up|move_left,,0,0
4198,139933,,,,,,,,,,,,,,,,,,,,,,a|w,move_up|move_left,,0,0
4199,139967,,,,,,,,,,,,,,,,,,,,,,a|w,move_up|move_left,,0,0
4200,140000,,,,,,,,,,,,,,,,,,,,,,w,move_up,,0,0
4201,140033,,,,,,,,,,,,,,,,,,,,,,w,move_up,,0,0
4202,140067,,,,,,,,,,,,,,,,,,,,,,w,move_up,,0,0
4203,140100,,,,,,,,,,,,,,,,,,,,,,w,move_up,,0,0
4204,140133,,,,,,,,,,,,,,,,,,,,,,w,move_up,,0,0
4205,140167,,,,,,,,,,,,,,,,,,,,,,w,move_up,,0,0
4206,140200,,,,,,,,,,,,,,,,,,,,,,w,move_up,,0,0
4207,140233,,,,,,,,,,,,,,,,,,,,,,w,move_up,,0,0
4208,140267,,,,,,,,,,,,,,,,,,,,,,w,move_up,,0,0
4209,140300,,,,,,,,,,,,,,,,,,,,,,w,move_up,,0,0
4210,140333,,,,,,,,,,,,,,,,,,,,,,w,move_up,,0,0
4211,140367,,,,,,,,,,,,,,,,,,,,,,w,move_up,,0,0
4212,140400,,,,,,,,,,,,,,,,,,,,,,w,move_up,,0,0
4213,140433,,,,,,,,,,,,,,,,,,,,,,w,move_up,,0,0
4214,140467,,,,,,,,,,,,,,,,,,,,,,d|w,move_up|move_right,,0,0
4215,140500,,,,,,,,,,,,,,,,,,,,,,d|w,move_up|move_right,,0,0
4216,140533,,,,,,,,,,,,,,,,,,,,,,d|w,move_up|move_right,,0,0
4217,140567,,,,,,,,,,,,,,,,,,,,,,d|w,move_up|move_right,,0,0
4218,140600,,,,,,,,,,,,,,,,,,,,,,d|w,move_up|move_right,,0,0
4219,140633,,,,,,,,,,,,,,,,,,,,,,d|w,move_up|move_right,,0,0
4220,140667,,,,,,,,,,,,,,,,,,,,,,w,move_up,,0,0
4221,140700,,,,,,,,,,,,,,,,,,,,,,w,move_up,,0,0
4222,140733,,,,,,,,,,,,,,,,,,,,,,w,move_up,,0,0
4223,140767,,,,,,,,,,,,,,,,,,,,,,w,move_up,,0,0
4224,140800,,,,,,,,,,,,,,,,,,,,,,w,move_up,,0,0
4225,140833,,,,,,,,,,,,,,,,,,,,,,w,move_up,,0,0
4226,140867,,,,,,,,,,,,,,,,,,,,,,w,move_up,,0,0
4227,140900,,,,,,,,,,,,,,,,,,,,,,w,move_up,,0,0
4228,140933,,,,,,,,,,,,,,,,,,,,,,a|w,move_up|move_left,,0,0
4229,140967,,,,,,,,,,,,,,,,,,,,,,a|w,move_up|move_left,,0,0
4230,141000,,,,,,,,,,,,,,,,,,,,,,a|w,move_up|move_left,,0,0
4231,141033,,,,,,,,,,,,,,,,,,,,,,a|w,move_up|move_left,,0,0
4232,141067,,,,,,,,,,,,,,,,,,,,,,a|w,move_up|move_left,,0,0
4233,141100,,,,,,,,,,,,,,,,,,,,,,a|w,move_up|move_left,,0,0
4234,141133,,,,,,,,,,,,,,,,,,,,,,a|w,move_up|move_left,,0,0
4235,141167,,,,,,,,,,,,,,,,,,,,,,a|w,move_up|move_left,,0,0
4236,141200,,,,,,,,,,,,,,,,,,,,,,a|w,move_up|move_left,,0,0
4237,141233,,,,,,,,,,,,,,,,,,,,,,a|w,move_up|move_left,,0,0
4238,141267,,,,,,,,,,,,,,,,,,,,,,w,move_up,,0,0
4239,141300,,,,,,,,,,,,,,,,,,,,,,w,move_up,,0,0
4240,141333,,,,,,,,,,,,,,,,,,,,,,w,move_up,,0,0
4241,141367,,,,,,,,,,,,,,,,,,,,,,w,move_up,,0,0
4242,141400,,,,,,,,,,,,,,,,,,,,,,w,move_up,,0,0
4243,141433,,,,,,,,,,,,,,,,,,,,,,w,move_up,,0,0
4244,141467,,,,,,,,,,,,,,,,,,,,,,a|w,move_up|move_left,,0,0
4245,141500,,,,,,,,,,,,,,,,,,,,,,a|w,move_up|move_left,,0,0
4246,141533,,,,,,,,,,,,,,,,,,,,,,a|w,move_up|move_left,,0,0
4247,141567,,,,,,,,,,,,,,,,,,,,,,a|w,move_up|move_left,,0,0
4248,141600,,,,,,,,,,,,,,,,,,,,,,w,move_up,,0,0
4249,141633,,,,,,,,,,,,,,,,,,,,,,w,move_up,,0,0
4250,141667,,,,,,,,,,,,,,,,,,,,,,w,move_up,,0,0
4251,141700,,,,,,,,,,,,,,,,,,,,,,w,move_up,,0,0
4252,141733,,,,,,,,,,,,,,,,,,,,,,w,move_up,,0,0
4253,141767,,,,,,,,,,,,,,,,,,,,,,w,move_up,,0,0
4254,141800,,,,,,,,,,,,,,,,,,,,,,w,move_up,,0,0
4255,141833,,,,,,,,,,,,,,,,,,,,,,w,move_up,,0,0
4256,141867,,,,,,,,,,,,,,,,,,,,,,w,move_up,,0,0
4257,141900,,,,,,,,,,,,,,,,,,,,,,w,move_up,,0,0
4258,141933,,,,,,,,,,,,,,,,,,,,,,w,move_up,,0,0
4259,141967,,,,,,,,,,,,,,,,,,,,,,w,move_up,,0,0
4260,142000,,,,,,,,,,,,,,,,,,,,,,w,move_up,,0,0
4261,142033,,,,,,,,,,,,,,,,,,,,,,w,move_up,,0,0
4262,142067,,,,,,,,,,,,,,,,,,,,,,w,move_up,,0,0
4263,142100,,,,,,,,,,,,,,,,,,,,,,w,move_up,,0,0
4264,142133,,,,,,,,,,,,,,,,,,,,,,w,move_up,,0,0
4265,142167,,,,,,,,,,,,,,,,,,,,,,w,move_up,,0,0
4266,142200,,,,,,,,,,,,,,,,,,,,,,w,move_up,,0,0
4267,142233,,,,,,,,,,,,,,,,,,,,,,w,move_up,,0,0
4268,142267,,,,,,,,,,,,,,,,,,,,,,w,move_up,,0,0
4269,142300,,,,,,,,,,,,,,,,,,,,,,w,move_up,,0,0
4270,142333,,,,,,,,,,,,,,,,,,,,,,w,move_up,,0,0
4271,142367,,,,,,,,,,,,,,,,,,,,,,w,move_up,,0,0
4272,142400,,,,,,,,,,,,,,,,,,,,,,w,move_up,,0,0
4273,142433,,,,,,,,,,,,,,,,,,,,,,w,move_up,,0,0
4274,142467,,,,,,,,,,,,,,,,,,,,,,w,move_up,,0,0
4275,142500,,,,,,,,,,,,,,,,,,,,,,w,move_up,,0,0
4276,142533,,,,,,,,,,,,,,,,,,,,,,w,move_up,,0,0
4277,142567,,,,,,,,,,,,,,,,,,,,,,e|w,interact|move_up,,0,0
4278,142600,,,,,,,,,,,,,,,,,,,,,,e|w,interact|move_up,,0,0
4279,142633,,,,,,,,,,,,,,,,,,,,,,e|w,interact|move_up,,0,0
4280,142667,,,,,,,,,,,,,,,,,,,,,,e|w,interact|move_up,,0,0
4281,142700,,,,,,,,,,,,,,,,,,,,,,w,move_up,,0,0
4282,142733,,,,,,,,,,,,,,,,,,,,,,e|w,interact|move_up,,0,0
4283,142767,,,,,,,,,,,,,,,,,,,,,,e|w,interact|move_up,,0,0
4284,142800,,,,,,,,,,,,,,,,,,,,,,e|w,interact|move_up,,0,0
4285,142833,,,,,,,,,,,,,,,,,,,,,,e|w,interact|move_up,,0,0
4286,142867,,,,,,,,,,,,,,,,,,,,,,w,move_up,,0,0
4287,142900,,,,,,,,,,,,,,,,,,,,,,,,,0,0
4288,142933,,,,,,,,,,,,,,,,,,,,,,,,,0,0
4289,142967,,,,,,,,,,,,,,,,,,,,,,,,,0,0
4290,143000,,,,,,,,,,,,,,,,,,,,,,w,move_up,,0,0
4291,143033,,,,,,,,,,,,,,,,,,,,,,w,move_up,,0,0
4292,143067,,,,,,,,,,,,,,,,,,,,,,w,move_up,,0,0
4293,143100,,,,,,,,,,,,,,,,,,,,,,w,move_up,,0,0
4294,143133,,,,,,,,,,,,,,,,,,,,,,w,move_up,,0,0
4295,143167,,,,,,,,,,,,,,,,,,,,,,w,move_up,,0,0
4296,143200,,,,,,,,,,,,,,,,,,,,,,w,move_up,,0,0
4297,143233,,,,,,,,,,,,,,,,,,,,,,w,move_up,,0,0
4298,143267,,,,,,,,,,,,,,,,,,,,,,w,move_up,,0,0
4299,143300,,,,,,,,,,,,,,,,,,,,,,w,move_up,,0,0
4300,143333,,,,,,,,,,,,,,,,,,,,,,w,move_up,,0,0
4301,143367,,,,,,,,,,,,,,,,,,,,,,w,move_up,,0,0
4302,143400,,,,,,,,,,,,,,,,,,,,,,w,move_up,,0,0
4303,143433,,,,,,,,,,,,,,,,,,,,,,w,move_up,,0,0
4304,143467,,,,,,,,,,,,,,,,,,,,,,w,move_up,,0,0
4305,143500,,,,,,,,,,,,,,,,,,,,,,w,move_up,,0,0
4306,143533,,,,,,,,,,,,,,,,,,,,,,w,move_up,,0,0
4307,143567,,,,,,,,,,,,,,,,,,,,,,w,move_up,,0,0
4308,143600,,,,,,,,,,,,,,,,,,,,,,w,move_up,,0,0
4309,143633,,,,,,,,,,,,,,,,,,,,,,w,move_up,,0,0
4310,143667,,,,,,,,,,,,,,,,,,,,,,w,move_up,,0,0
4311,143700,,,,,,,,,,,,,,,,,,,,,,w,move_up,,0,0
4312,143733,,,,,,,,,,,,,,,,,,,,,,w,move_up,,0,0
4313,143767,,,,,,,,,,,,,,,,,,,,,,w,move_up,,0,0
4314,143800,,,,,,,,,,,,,,,,,,,,,,w,move_up,,0,0
4315,143833,,,,,,,,,,,,,,,,,,,,,,w,move_up,,0,0
4316,143867,,,,,,,,,,,,,,,,,,,,,,w,move_up,,0,0
4317,143900,,,,,,,,,,,,,,,,,,,,,,w,move_up,,0,0
4318,143933,,,,,,,,,,,,,,,,,,,,,,w,move_up,,0,0
4319,143967,,,,,,,,,,,,,,,,,,,,,,w,move_up,,0,0
4320,144000,,,,,,,,,,,,,,,,,,,,,,w,move_up,,0,0
4321,144033,,,,,,,,,,,,,,,,,,,,,,w,move_up,,0,0
4322,144067,,,,,,,,,,,,,,,,,,,,,,w,move_up,,0,0
4323,144100,,,,,,,,,,,,,,,,,,,,,,w,move_up,,0,0
4324,144133,,,,,,,,,,,,,,,,,,,,,,w,move_up,,0,0
4325,144167,,,,,,,,,,,,,,,,,,,,,,w,move_up,,0,0
4326,144200,,,,,,,,,,,,,,,,,,,,,,w,move_up,,0,0
4327,144233,,,,,,,,,,,,,,,,,,,,,,w,move_up,,0,0
4328,144267,,,,,,,,,,,,,,,,,,,,,,w,move_up,,0,0
4329,144300,,,,,,,,,,,,,,,,,,,,,,w,move_up,,0,0
4330,144333,,,,,,,,,,,,,,,,,,,,,,w,move_up,,0,0
4331,144367,,,,,,,,,,,,,,,,,,,,,,w,move_up,,0,0
4332,144400,,,,,,,,,,,,,,,,,,,,,,w,move_up,,0,0
4333,144433,,,,,,,,,,,,,,,,,,,,,,w,move_up,,0,0
4334,144467,,,,,,,,,,,,,,,,,,,,,,a|w,move_up|move_left,,0,0
4335,144500,,,,,,,,,,,,,,,,,,,,,,a|w,move_up|move_left,,0,0
4336,144533,,,,,,,,,,,,,,,,,,,,,,a|w,move_up|move_left,,0,0
4337,144567,,,,,,,,,,,,,,,,,,,,,,a|w,move_up|move_left,,0,0
4338,144600,,,,,,,,,,,,,,,,,,,,,,a|w,move_up|move_left,,0,0
4339,144633,,,,,,,,,,,,,,,,,,,,,,a|w,move_up|move_left,,0,0
4340,144667,,,,,,,,,,,,,,,,,,,,,,a|w,move_up|move_left,,0,0
4341,144700,,,,,,,,,,,,,,,,,,,,,,a|w,move_up|move_left,,0,0
4342,144733,,,,,,,,,,,,,,,,,,,,,,a|w,move_up|move_left,,0,0
4343,144767,,,,,,,,,,,,,,,,,,,,,,a|w,move_up|move_left,,0,0
4344,144800,,,,,,,,,,,,,,,,,,,,,,a|w,move_up|move_left,,0,0
4345,144833,,,,,,,,,,,,,,,,,,,,,,a|w,move_up|move_left,,0,0
4346,144867,,,,,,,,,,,,,,,,,,,,,,a|w,move_up|move_left,,0,0
4347,144900,,,,,,,,,,,,,,,,,,,,,,a|w,move_up|move_left,,0,0
4348,144933,,,,,,,,,,,,,,,,,,,,,,a|w,move_up|move_left,,0,0
4349,144967,,,,,,,,,,,,,,,,,,,,,,a|w,move_up|move_left,,0,0
4350,145000,,,,,,,,,,,,,,,,,,,,,,a|w,move_up|move_left,,0,0
4351,145033,,,,,,,,,,,,,,,,,,,,,,a|w,move_up|move_left,,0,0
4352,145067,,,,,,,,,,,,,,,,,,,,,,a|w,move_up|move_left,,0,0
4353,145100,,,,,,,,,,,,,,,,,,,,,,a|w,move_up|move_left,,0,0
4354,145133,,,,,,,,,,,,,,,,,,,,,,a|w,move_up|move_left,,0,0
4355,145167,,,,,,,,,,,,,,,,,,,,,,a|w,move_up|move_left,,0,0
4356,145200,,,,,,,,,,,,,,,,,,,,,,w,move_up,,0,0
4357,145233,,,,,,,,,,,,,,,,,,,,,,w,move_up,,0,0
4358,145267,,,,,,,,,,,,,,,,,,,,,,w,move_up,,0,0
4359,145300,,,,,,,,,,,,,,,,,,,,,,w,move_up,,0,0
4360,145333,,,,,,,,,,,,,,,,,,,,,,w,move_up,,0,0
4361,145367,,,,,,,,,,,,,,,,,,,,,,w,move_up,,0,0
4362,145400,,,,,,,,,,,,,,,,,,,,,,w,move_up,,0,0
4363,145433,,,,,,,,,,,,,,,,,,,,,,w,move_up,,0,0
4364,145467,,,,,,,,,,,,,,,,,,,,,,w,move_up,,0,0
4365,145500,,,,,,,,,,,,,,,,,,,,,,a|w,move_up|move_left,,0,0
4366,145533,,,,,,,,,,,,,,,,,,,,,,a|w,move_up|move_left,,0,0
4367,145567,,,,,,,,,,,,,,,,,,,,,,a|w,move_up|move_left,,0,0
4368,145600,,,,,,,,,,,,,,,,,,,,,,w,move_up,,0,0
4369,145633,,,,,,,,,,,,,,,,,,,,,,w,move_up,,0,0
4370,145667,,,,,,,,,,,,,,,,,,,,,,w,move_up,,0,0
4371,145700,,,,,,,,,,,,,,,,,,,,,,a|w,move_up|move_left,,0,0
4372,145733,,,,,,,,,,,,,,,,,,,,,,a|w,move_up|move_left,,0,0
4373,145767,,,,,,,,,,,,,,,,,,,,,,a|w,move_up|move_left,,0,0
4374,145800,,,,,,,,,,,,,,,,,,,,,,a|w,move_up|move_left,,0,0
4375,145833,,,,,,,,,,,,,,,,,,,,,,a|w,move_up|move_left,,0,0
4376,145867,,,,,,,,,,,,,,,,,,,,,,a|w,move_up|move_left,,0,0
4377,145900,,,,,,,,,,,,,,,,,,,,,,a|w,move_up|move_left,,0,0
4378,145933,,,,,,,,,,,,,,,,,,,,,,a,move_left,,0,0
4379,145967,,,,,,,,,,,,,,,,,,,,,,a,move_left,,0,0
4380,146000,,,,,,,,,,,,,,,,,,,,,,a,move_left,,0,0
4381,146033,,,,,,,,,,,,,,,,,,,,,,a,move_left,,0,0
4382,146067,,,,,,,,,,,,,,,,,,,,,,a,move_left,,0,0
4383,146100,,,,,,,,,,,,,,,,,,,,,,a,move_left,,0,0
4384,146133,,,,,,,,,,,,,,,,,,,,,,,,,0,0
4385,146167,,,,,,,,,,,,,,,,,,,,,,,,,0,0
4386,146200,,,,,,,,,,,,,,,,,,,,,,,,,0,0
4387,146233,,,,,,,,,,,,,,,,,,,,,,,,,0,0
4388,146267,,,,,,,,,,,,,,,,,,,,,,,,,0,0
4389,146300,,,,,,,,,,,,,,,,,,,,,,,,,0,0
4390,146333,,,,,,,,,,,,,,,,,,,,,,,,,0,0
4391,146367,,,,,,,,,,,,,,,,,,,,,,,,,0,0
4392,146400,,,,,,,,,,,,,,,,,,,,,,,,,0,0
4393,146433,,,,,,,,,,,,,,,,,,,,,,,,,0,0
4394,146467,,,,,,,,,,,,,,,,,,,,,,,,,0,0
4395,146500,,,,,,,,,,,,,,,,,,,,,,,,,0,0
4396,146533,,,,,,,,,,,,,,,,,,,,,,,,,0,0
4397,146567,,,,,,,,,,,,,,,,,,,,,,a,move_left,,0,0
4398,146600,,,,,,,,,,,,,,,,,,,,,,a,move_left,,0,0
4399,146633,,,,,,,,,,,,,,,,,,,,,,a,move_left,,0,0
4400,146667,,,,,,,,,,,,,,,,,,,,,,a,move_left,,0,0
4401,146700,,,,,,,,,,,,,,,,,,,,,,a,move_left,,0,0
4402,146733,,,,,,,,,,,,,,,,,,,,,,a,move_left,,0,0
4403,146767,,,,,,,,,,,,,,,,,,,,,,a,move_left,,0,0
4404,146800,,,,,,,,,,,,,,,,,,,,,,a|w,move_up|move_left,,0,0
4405,146833,,,,,,,,,,,,,,,,,,,,,,a|w,move_up|move_left,,0,0
4406,146867,,,,,,,,,,,,,,,,,,,,,,a|w,move_up|move_left,,0,0
4407,146900,,,,,,,,,,,,,,,,,,,,,,a|w,move_up|move_left,,0,0
4408,146933,,,,,,,,,,,,,,,,,,,,,,a|w,move_up|move_left,,0,0
4409,146967,,,,,,,,,,,,,,,,,,,,,,a|w,move_up|move_left,,0,0
4410,147000,,,,,,,,,,,,,,,,,,,,,,a|w,move_up|move_left,,0,0
4411,147033,,,,,,,,,,,,,,,,,,,,,,a|w,move_up|move_left,,0,0
4412,147067,,,,,,,,,,,,,,,,,,,,,,w,move_up,,0,0
4413,147100,,,,,,,,,,,,,,,,,,,,,,w,move_up,,0,0
4414,147133,,,,,,,,,,,,,,,,,,,,,,w,move_up,,0,0
4415,147167,,,,,,,,,,,,,,,,,,,,,,w,move_up,,0,0
4416,147200,,,,,,,,,,,,,,,,,,,,,,w,move_up,,0,0
4417,147233,,,,,,,,,,,,,,,,,,,,,,w,move_up,,0,0
4418,147267,,,,,,,,,,,,,,,,,,,,,,w,move_up,,0,0
4419,147300,,,,,,,,,,,,,,,,,,,,,,w,move_up,,0,0
4420,147333,,,,,,,,,,,,,,,,,,,,,,w,move_up,,0,0
4421,147367,,,,,,,,,,,,,,,,,,,,,,w,move_up,,0,0
4422,147400,,,,,,,,,,,,,,,,,,,,,,a|w,move_up|move_left,,0,0
4423,147433,,,,,,,,,,,,,,,,,,,,,,a|w,move_up|move_left,,0,0
4424,147467,,,,,,,,,,,,,,,,,,,,,,a|w,move_up|move_left,,0,0
4425,147500,,,,,,,,,,,,,,,,,,,,,,a|w,move_up|move_left,,0,0
4426,147533,,,,,,,,,,,,,,,,,,,,,,a|w,move_up|move_left,,0,0
4427,147567,,,,,,,,,,,,,,,,,,,,,,a|w,move_up|move_left,,0,0
4428,147600,,,,,,,,,,,,,,,,,,,,,,a|w,move_up|move_left,,0,0
4429,147633,,,,,,,,,,,,,,,,,,,,,,a|w,move_up|move_left,,0,0
4430,147667,,,,,,,,,,,,,,,,,,,,,,a|w,move_up|move_left,,0,0
4431,147700,,,,,,,,,,,,,,,,,,,,,,a|w,move_up|move_left,,0,0
4432,147733,,,,,,,,,,,,,,,,,,,,,,a|w,move_up|move_left,,0,0
4433,147767,,,,,,,,,,,,,,,,,,,,,,a|w,move_up|move_left,,0,0
4434,147800,,,,,,,,,,,,,,,,,,,,,,a|w,move_up|move_left,,0,0
4435,147833,,,,,,,,,,,,,,,,,,,,,,a|w,move_up|move_left,,0,0
4436,147867,,,,,,,,,,,,,,,,,,,,,,w,move_up,,0,0
4437,147900,,,,,,,,,,,,,,,,,,,,,,w,move_up,,0,0
4438,147933,,,,,,,,,,,,,,,,,,,,,,w,move_up,,0,0
4439,147967,,,,,,,,,,,,,,,,,,,,,,w,move_up,,0,0
4440,148000,,,,,,,,,,,,,,,,,,,,,,w,move_up,,0,0
4441,148033,,,,,,,,,,,,,,,,,,,,,,w,move_up,,0,0
4442,148067,,,,,,,,,,,,,,,,,,,,,,w,move_up,,0,0
4443,148100,,,,,,,,,,,,,,,,,,,,,,w,move_up,,0,0
4444,148133,,,,,,,,,,,,,,,,,,,,,,w,move_up,,0,0
4445,148167,,,,,,,,,,,,,,,,,,,,,,w,move_up,,0,0
4446,148200,,,,,,,,,,,,,,,,,,,,,,w,move_up,,0,0
4447,148233,,,,,,,,,,,,,,,,,,,,,,w,move_up,,0,0
4448,148267,,,,,,,,,,,,,,,,,,,,,,w,move_up,,0,0
4449,148300,,,,,,,,,,,,,,,,,,,,,,w,move_up,,0,0
4450,148333,,,,,,,,,,,,,,,,,,,,,,w,move_up,,0,0
4451,148367,,,,,,,,,,,,,,,,,,,,,,,,,0,0
4452,148400,,,,,,,,,,,,,,,,,,,,,,,,,0,0
4453,148433,,,,,,,,,,,,,,,,,,,,,,,,,0,0
4454,148467,,,,,,,,,,,,,,,,,,,,,,,,,0,0
4455,148500,,,,,,,,,,,,,,,,,,,,,,,,,0,0
4456,148533,,,,,,,,,,,,,,,,,,,,,,,,,0,0
4457,148567,,,,,,,,,,,,,,,,,,,,,,w,move_up,,0,0
4458,148600,,,,,,,,,,,,,,,,,,,,,,w,move_up,,0,0
4459,148633,,,,,,,,,,,,,,,,,,,,,,w,move_up,,0,0
4460,148667,,,,,,,,,,,,,,,,,,,,,,w,move_up,,0,0
4461,148700,,,,,,,,,,,,,,,,,,,,,,w,move_up,,0,0
4462,148733,,,,,,,,,,,,,,,,,,,,,,w,move_up,,0,0
4463,148767,,,,,,,,,,,,,,,,,,,,,,w,move_up,,0,0
4464,148800,,,,,,,,,,,,,,,,,,,,,,w,move_up,,0,0
4465,148833,,,,,,,,,,,,,,,,,,,,,,w,move_up,,0,0
4466,148867,,,,,,,,,,,,,,,,,,,,,,w,move_up,,0,0
4467,148900,,,,,,,,,,,,,,,,,,,,,,w,move_up,,0,0
4468,148933,,,,,,,,,,,,,,,,,,,,,,w,move_up,,0,0
4469,148967,,,,,,,,,,,,,,,,,,,,,,w,move_up,,0,0
4470,149000,,,,,,,,,,,,,,,,,,,,,,w,move_up,,0,0
4471,149033,,,,,,,,,,,,,,,,,,,,,,w,move_up,,0,0
4472,149067,,,,,,,,,,,,,,,,,,,,,,w,move_up,,0,0
4473,149100,,,,,,,,,,,,,,,,,,,,,,w,move_up,,0,0
4474,149133,,,,,,,,,,,,,,,,,,,,,,w,move_up,,0,0
4475,149167,,,,,,,,,,,,,,,,,,,,,,w,move_up,,0,0
4476,149200,,,,,,,,,,,,,,,,,,,,,,w,move_up,,0,0
4477,149233,,,,,,,,,,,,,,,,,,,,,,w,move_up,,0,0
4478,149267,,,,,,,,,,,,,,,,,,,,,,w,move_up,,0,0
4479,149300,,,,,,,,,,,,,,,,,,,,,,w,move_up,,0,0
4480,149333,,,,,,,,,,,,,,,,,,,,,,w,move_up,,0,0
4481,149367,,,,,,,,,,,,,,,,,,,,,,,,,0,0
4482,149400,,,,,,,,,,,,,,,,,,,,,,,,,0,0
4483,149433,,,,,,,,,,,,,,,,,,,,,,,,,0,0
4484,149467,,,,,,,,,,,,,,,,,,,,,,,,,0,0
4485,149500,,,,,,,,,,,,,,,,,,,,,,,,,0,0
4486,149533,,,,,,,,,,,,,,,,,,,,,,,,,0,0
4487,149567,,,,,,,,,,,,,,,,,,,,,,w,move_up,,0,0
4488,149600,,,,,,,,,,,,,,,,,,,,,,w,move_up,,0,0
4489,149633,,,,,,,,,,,,,,,,,,,,,,w,move_up,,0,0
4490,149667,,,,,,,,,,,,,,,,,,,,,,d|w,move_up|move_right,,0,0
4491,149700,,,,,,,,,,,,,,,,,,,,,,d|w,move_up|move_right,,0,0
4492,149733,,,,,,,,,,,,,,,,,,,,,,d|w,move_up|move_right,,0,0
4493,149767,,,,,,,,,,,,,,,,,,,,,,d|w,move_up|move_right,,0,0
4494,149800,,,,,,,,,,,,,,,,,,,,,,d|w,move_up|move_right,,0,0
4495,149833,,,,,,,,,,,,,,,,,,,,,,d|w,move_up|move_right,,0,0
4496,149867,,,,,,,,,,,,,,,,,,,,,,d|w,move_up|move_right,,0,0
4497,149900,,,,,,,,,,,,,,,,,,,,,,w,move_up,,0,0
4498,149933,,,,,,,,,,,,,,,,,,,,,,,,,0,0
4499,149967,,,,,,,,,,,,,,,,,,,,,,,,,0,0
4500,150000,,,,,,,,,,,,,,,,,,,,,,,,,0,0
4501,150033,,,,,,,,,,,,,,,,,,,,,,,,,0,0
4502,150067,,,,,,,,,,,,,,,,,,,,,,,,,0,0
4503,150100,,,,,,,,,,,,,,,,,,,,,,,,,0,0
4504,150133,,,,,,,,,,,,,,,,,,,,,,,,,0,0
4505,150167,,,,,,,,,,,,,,,,,,,,,,,,,0,0
4506,150200,,,,,,,,,,,,,,,,,,,,,,,,,0,0
4507,150233,,,,,,,,,,,,,,,,,,,,,,,,,0,0
4508,150267,,,,,,,,,,,,,,,,,,,,,,e,interact,,0,0
4509,150300,,,,,,,,,,,,,,,,,,,,,,e,interact,,0,0
4510,150333,,,,,,,,,,,,,,,,,,,,,,e,interact,,0,0
4511,150367,,,,,,,,,,,,,,,,,,,,,,e,interact,,0,0
4512,150400,,,,,,,,,,,,,,,,,,,,,,e,interact,,0,0
4513,150433,,,,,,,,,,,,,,,,,,,,,,,,,0,0
4514,150467,,,,,,,,,,,,,,,,,,,,,,,,,0,0
4515,150500,,,,,,,,,,,,,,,,,,,,,,,,,0,0
4516,150533,,,,,,,,,,,,,,,,,,,,,,,,,0,0
4517,150567,,,,,,,,,,,,,,,,,,,,,,,,,0,0
4518,150600,,,,,,,,,,,,,,,,,,,,,,,,,0,0
4519,150633,,,,,,,,,,,,,,,,,,,,,,,,,0,0
4520,150667,,,,,,,,,,,,,,,,,,,,,,,,,0,0
4521,150700,,,,,,,,,,,,,,,,,,,,,,,,,0,0
4522,150733,,,,,,,,,,,,,,,,,,,,,,,,,0,0
4523,150767,,,,,,,,,,,,,,,,,,,,,,,,,0,0
4524,150800,,,,,,,,,,,,,,,,,,,,,,,,,0,0
4525,150833,,,,,,,,,,,,,,,,,,,,,,,,,0,0
4526,150867,,,,,,,,,,,,,,,,,,,,,,,,,0,0
4527,150900,,,,,,,,,,,,,,,,,,,,,,,,,0,0
4528,150933,,,,,,,,,,,,,,,,,,,,,,,,,0,0
4529,150967,,,,,,,,,,,,,,,,,,,,,,,,,0,0
4530,151000,,,,,,,,,,,,,,,,,,,,,,s,move_down,,0,0
4531,151033,,,,,,,,,,,,,,,,,,,,,,s,move_down,,0,0
4532,151067,,,,,,,,,,,,,,,,,,,,,,s,move_down,,0,0
4533,151100,,,,,,,,,,,,,,,,,,,,,,s,move_down,,0,0
4534,151133,,,,,,,,,,,,,,,,,,,,,,s,move_down,,0,0
4535,151167,,,,,,,,,,,,,,,,,,,,,,s,move_down,,0,0
4536,151200,,,,,,,,,,,,,,,,,,,,,,,,,0,0
4537,151233,,,,,,,,,,,,,,,,,,,,,,,,,0,0
4538,151267,,,,,,,,,,,,,,,,,,,,,,,,,0,0
4539,151300,,,,,,,,,,,,,,,,,,,,,,,,,0,0
4540,151333,,,,,,,,,,,,,,,,,,,,,,,,,0,0
4541,151367,,,,,,,,,,,,,,,,,,,,,,,,,0,0
4542,151400,,,,,,,,,,,,,,,,,,,,,,,,,0,0
4543,151433,,,,,,,,,,,,,,,,,,,,,,,,,0,0
4544,151467,,,,,,,,,,,,,,,,,,,,,,,,,0,0
4545,151500,,,,,,,,,,,,,,,,,,,,,,,,,0,0
4546,151533,,,,,,,,,,,,,,,,,,,,,,,,,0,0
4547,151567,,,,,,,,,,,,,,,,,,,,,,,,,0,0
4548,151600,,,,,,,,,,,,,,,,,,,,,,,,,0,0
4549,151633,,,,,,,,,,,,,,,,,,,,,,,,,0,0
4550,151667,,,,,,,,,,,,,,,,,,,,,,,,,0,0
4551,151700,,,,,,,,,,,,,,,,,,,,,,,,,0,0
4552,151733,,,,,,,,,,,,,,,,,,,,,,,,,0,0
4553,151767,,,,,,,,,,,,,,,,,,,,,,,,,0,0
4554,151800,,,,,,,,,,,,,,,,,,,,,,,,,0,0
4555,151833,,,,,,,,,,,,,,,,,,,,,,,,,0,0
4556,151867,,,,,,,,,,,,,,,,,,,,,,,,,0,0
4557,151900,,,,,,,,,,,,,,,,,,,,,,,,,0,0
4558,151933,,,,,,,,,,,,,,,,,,,,,,,,,0,0
4559,151967,,,,,,,,,,,,,,,,,,,,,,,,,0,0
4560,152000,,,,,,,,,,,,,,,,,,,,,,,,,0,0
4561,152033,,,,,,,,,,,,,,,,,,,,,,,,,0,0
4562,152067,,,,,,,,,,,,,,,,,,,,,,,,,0,0
4563,152100,,,,,,,,,,,,,,,,,,,,,,,,,0,0
4564,152133,,,,,,,,,,,,,,,,,,,,,,,,,0,0
4565,152167,,,,,,,,,,,,,,,,,,,,,,,,,0,0
4566,152200,,,,,,,,,,,,,,,,,,,,,,,,,0,0
4567,152233,,,,,,,,,,,,,,,,,,,,,,,,,0,0
4568,152267,,,,,,,,,,,,,,,,,,,,,,,,,0,0
4569,152300,,,,,,,,,,,,,,,,,,,,,,,,,0,0
4570,152333,,,,,,,,,,,,,,,,,,,,,,,,,0,0
4571,152367,,,,,,,,,,,,,,,,,,,,,,,,,0,0
4572,152400,,,,,,,,,,,,,,,,,,,,,,,,,0,0
4573,152433,,,,,,,,,,,,,,,,,,,,,,,,,0,0
4574,152467,,,,,,,,,,,,,,,,,,,,,,,,,0,0
4575,152500,,,,,,,,,,,,,,,,,,,,,,,,,0,0
4576,152533,,,,,,,,,,,,,,,,,,,,,,,,,0,0
4577,152567,,,,,,,,,,,,,,,,,,,,,,,,,0,0
4578,152600,,,,,,,,,,,,,,,,,,,,,,,,,0,0
4579,152633,,,,,,,,,,,,,,,,,,,,,,,,,0,0
4580,152667,,,,,,,,,,,,,,,,,,,,,,,,,0,0
4581,152700,,,,,,,,,,,,,,,,,,,,,,,,,0,0
4582,152733,,,,,,,,,,,,,,,,,,,,,,,,,0,0
4583,152767,,,,,,,,,,,,,,,,,,,,,,,,,0,0
4584,152800,,,,,,,,,,,,,,,,,,,,,,,,,0,0
4585,152833,,,,,,,,,,,,,,,,,,,,,,,,,0,0
4586,152867,,,,,,,,,,,,,,,,,,,,,,,,,0,0
4587,152900,,,,,,,,,,,,,,,,,,,,,,,,,0,0
4588,152933,,,,,,,,,,,,,,,,,,,,,,,,,0,0
4589,152967,,,,,,,,,,,,,,,,,,,,,,,,,0,0
4590,153000,,,,,,,,,,,,,,,,,,,,,,,,,0,0
4591,153033,,,,,,,,,,,,,,,,,,,,,,,,,0,0
4592,153067,,,,,,,,,,,,,,,,,,,,,,,,,0,0
4593,153100,,,,,,,,,,,,,,,,,,,,,,,,,0,0
4594,153133,,,,,,,,,,,,,,,,,,,,,,,,,0,0
4595,153167,,,,,,,,,,,,,,,,,,,,,,,,,0,0
4596,153200,,,,,,,,,,,,,,,,,,,,,,,,,0,0
4597,153233,,,,,,,,,,,,,,,,,,,,,,,,,0,0
4598,153267,,,,,,,,,,,,,,,,,,,,,,,,,0,0
4599,153300,,,,,,,,,,,,,,,,,,,,,,a,move_left,,0,0
4600,153333,,,,,,,,,,,,,,,,,,,,,,a,move_left,,0,0
4601,153367,,,,,,,,,,,,,,,,,,,,,,a,move_left,,0,0
4602,153400,,,,,,,,,,,,,,,,,,,,,,a,move_left,,0,0
4603,153433,,,,,,,,,,,,,,,,,,,,,,a,move_left,,0,0
4604,153467,,,,,,,,,,,,,,,,,,,,,,a,move_left,,0,0
4605,153500,,,,,,,,,,,,,,,,,,,,,,,,,0,0
4606,153533,,,,,,,,,,,,,,,,,,,,,,,,,0,0
4607,153567,,,,,,,,,,,,,,,,,,,,,,,,,0,0
4608,153600,,,,,,,,,,,,,,,,,,,,,,,,,0,0
4609,153633,,,,,,,,,,,,,,,,,,,,,,,,,0,0
4610,153667,,,,,,,,,,,,,,,,,,,,,,a,move_left,,0,0
4611,153700,,,,,,,,,,,,,,,,,,,,,,a,move_left,,0,0
4612,153733,,,,,,,,,,,,,,,,,,,,,,a,move_left,,0,0
4613,153767,,,,,,,,,,,,,,,,,,,,,,a|w,move_up|move_left,,0,0
4614,153800,,,,,,,,,,,,,,,,,,,,,,a|w,move_up|move_left,,0,0
4615,153833,,,,,,,,,,,,,,,,,,,,,,a|w,move_up|move_left,,0,0
4616,153867,,,,,,,,,,,,,,,,,,,,,,a|w,move_up|move_left,,0,0
4617,153900,,,,,,,,,,,,,,,,,,,,,,a|w,move_up|move_left,,0,0
4618,153933,,,,,,,,,,,,,,,,,,,,,,a|w,move_up|move_left,,0,0
4619,153967,,,,,,,,,,,,,,,,,,,,,,a|w,move_up|move_left,,0,0
4620,154000,,,,,,,,,,,,,,,,,,,,,,a|w,move_up|move_left,,0,0
4621,154033,,,,,,,,,,,,,,,,,,,,,,,,,0,0
4622,154067,,,,,,,,,,,,,,,,,,,,,,,,,0,0
4623,154100,,,,,,,,,,,,,,,,,,,,,,,,,0,0
4624,154133,,,,,,,,,,,,,,,,,,,,,,,,,0,0
4625,154167,,,,,,,,,,,,,,,,,,,,,,,,,0,0
4626,154200,,,,,,,,,,,,,,,,,,,,,,,,,0,0
4627,154233,,,,,,,,,,,,,,,,,,,,,,,,,0,0
4628,154267,,,,,,,,,,,,,,,,,,,,,,,,,0,0
4629,154300,,,,,,,,,,,,,,,,,,,,,,,,,0,0
4630,154333,,,,,,,,,,,,,,,,,,,,,,,,,0,0
4631,154367,,,,,,,,,,,,,,,,,,,,,,,,,0,0
4632,154400,,,,,,,,,,,,,,,,,,,,,,a,move_left,,0,0
4633,154433,,,,,,,,,,,,,,,,,,,,,,a,move_left,,0,0
4634,154467,,,,,,,,,,,,,,,,,,,,,,a,move_left,,0,0
4635,154500,,,,,,,,,,,,,,,,,,,,,,a,move_left,,0,0
4636,154533,,,,,,,,,,,,,,,,,,,,,,a|w,move_up|move_left,,0,0
4637,154567,,,,,,,,,,,,,,,,,,,,,,a|w,move_up|move_left,,0,0
4638,154600,,,,,,,,,,,,,,,,,,,,,,a|w,move_up|move_left,,0,0
4639,154633,,,,,,,,,,,,,,,,,,,,,,a|w,move_up|move_left,,0,0
4640,154667,,,,,,,,,,,,,,,,,,,,,,a|w,move_up|move_left,,0,0
4641,154700,,,,,,,,,,,,,,,,,,,,,,a|w,move_up|move_left,,0,0
4642,154733,,,,,,,,,,,,,,,,,,,,,,a|w,move_up|move_left,,0,0
4643,154767,,,,,,,,,,,,,,,,,,,,,,a|w,move_up|move_left,,0,0
4644,154800,,,,,,,,,,,,,,,,,,,,,,a|w,move_up|move_left,,0,0
4645,154833,,,,,,,,,,,,,,,,,,,,,,a|w,move_up|move_left,,0,0
4646,154867,,,,,,,,,,,,,,,,,,,,,,w,move_up,,0,0
4647,154900,,,,,,,,,,,,,,,,,,,,,,w,move_up,,0,0
4648,154933,,,,,,,,,,,,,,,,,,,,,,,,,0,0
4649,154967,,,,,,,,,,,,,,,,,,,,,,,,,0,0
4650,155000,,,,,,,,,,,,,,,,,,,,,,,,,0,0
4651,155033,,,,,,,,,,,,,,,,,,,,,,,,,0,0
4652,155067,,,,,,,,,,,,,,,,,,,,,,,,,0,0
4653,155100,,,,,,,,,,,,,,,,,,,,,,,,,0,0
4654,155133,,,,,,,,,,,,,,,,,,,,,,,,,0,0
4655,155167,,,,,,,,,,,,,,,,,,,,,,a,move_left,,0,0
4656,155200,,,,,,,,,,,,,,,,,,,,,,a,move_left,,0,0
4657,155233,,,,,,,,,,,,,,,,,,,,,,a,move_left,,0,0
4658,155267,,,,,,,,,,,,,,,,,,,,,,a,move_left,,0,0
4659,155300,,,,,,,,,,,,,,,,,,,,,,,,,0,0
4660,155333,,,,,,,,,,,,,,,,,,,,,,,,,0,0
4661,155367,,,,,,,,,,,,,,,,,,,,,,,,,0,0
4662,155400,,,,,,,,,,,,,,,,,,,,,,,,,0,0
4663,155433,,,,,,,,,,,,,,,,,,,,,,,,,0,0
4664,155467,,,,,,,,,,,,,,,,,,,,,,,,,0,0
4665,155500,,,,,,,,,,,,,,,,,,,,,,,,,0,0
4666,155533,,,,,,,,,,,,,,,,,,,,,,,,,0,0
4667,155567,,,,,,,,,,,,,,,,,,,,,,,,,0,0
4668,155600,,,,,,,,,,,,,,,,,,,,,,,,,0,0
4669,155633,,,,,,,,,,,,,,,,,,,,,,,,,0,0
4670,155667,,,,,,,,,,,,,,,,,,,,,,,,,0,0
4671,155700,,,,,,,,,,,,,,,,,,,,,,,,,0,0
4672,155733,,,,,,,,,,,,,,,,,,,,,,,,,0,0
4673,155767,,,,,,,,,,,,,,,,,,,,,,,,,0,0
4674,155800,,,,,,,,,,,,,,,,,,,,,,,,,0,0
4675,155833,,,,,,,,,,,,,,,,,,,,,,,,,0,0
4676,155867,,,,,,,,,,,,,,,,,,,,,,,,,0,0
4677,155900,,,,,,,,,,,,,,,,,,,,,,,,,0,0
4678,155933,,,,,,,,,,,,,,,,,,,,,,,,,0,0
4679,155967,,,,,,,,,,,,,,,,,,,,,,,,,0,0
4680,156000,,,,,,,,,,,,,,,,,,,,,,,,,0,0
4681,156033,,,,,,,,,,,,,,,,,,,,,,,,,0,0
4682,156067,,,,,,,,,,,,,,,,,,,,,,,,,0,0
4683,156100,,,,,,,,,,,,,,,,,,,,,,,,,0,0
4684,156133,,,,,,,,,,,,,,,,,,,,,,,,,0,0
4685,156167,,,,,,,,,,,,,,,,,,,,,,w,move_up,,0,0
4686,156200,,,,,,,,,,,,,,,,,,,,,,w,move_up,,0,0
4687,156233,,,,,,,,,,,,,,,,,,,,,,w,move_up,,0,0
4688,156267,,,,,,,,,,,,,,,,,,,,,,a|w,move_up|move_left,,0,0
4689,156300,,,,,,,,,,,,,,,,,,,,,,a|w,move_up|move_left,,0,0
4690,156333,,,,,,,,,,,,,,,,,,,,,,a|w,move_up|move_left,,0,0
4691,156367,,,,,,,,,,,,,,,,,,,,,,a|w,move_up|move_left,,0,0
4692,156400,,,,,,,,,,,,,,,,,,,,,,a|w,move_up|move_left,,0,0
4693,156433,,,,,,,,,,,,,,,,,,,,,,a|w,move_up|move_left,,0,0
4694,156467,,,,,,,,,,,,,,,,,,,,,,w,move_up,,0,0
4695,156500,,,,,,,,,,,,,,,,,,,,,,w,move_up,,0,0
4696,156533,,,,,,,,,,,,,,,,,,,,,,w,move_up,,0,0
4697,156567,,,,,,,,,,,,,,,,,,,,,,w,move_up,,0,0
4698,156600,,,,,,,,,,,,,,,,,,,,,,w,move_up,,0,0
4699,156633,,,,,,,,,,,,,,,,,,,,,,w,move_up,,0,0
4700,156667,,,,,,,,,,,,,,,,,,,,,,w,move_up,,0,0
4701,156700,,,,,,,,,,,,,,,,,,,,,,w,move_up,,0,0
4702,156733,,,,,,,,,,,,,,,,,,,,,,w,move_up,,0,0
4703,156767,,,,,,,,,,,,,,,,,,,,,,w,move_up,,0,0
4704,156800,,,,,,,,,,,,,,,,,,,,,,w,move_up,,0,0
4705,156833,,,,,,,,,,,,,,,,,,,,,,w,move_up,,0,0
4706,156867,,,,,,,,,,,,,,,,,,,,,,w,move_up,,0,0
4707,156900,,,,,,,,,,,,,,,,,,,,,,w,move_up,,0,0
4708,156933,,,,,,,,,,,,,,,,,,,,,,w,move_up,,0,0
4709,156967,,,,,,,,,,,,,,,,,,,,,,w,move_up,,0,0
4710,157000,,,,,,,,,,,,,,,,,,,,,,w,move_up,,0,0
4711,157033,,,,,,,,,,,,,,,,,,,,,,w,move_up,,0,0
4712,157067,,,,,,,,,,,,,,,,,,,,,,w,move_up,,0,0
4713,157100,,,,,,,,,,,,,,,,,,,,,,w,move_up,,0,0
4714,157133,,,,,,,,,,,,,,,,,,,,,,w,move_up,,0,0
4715,157167,,,,,,,,,,,,,,,,,,,,,,w,move_up,,0,0
4716,157200,,,,,,,,,,,,,,,,,,,,,,w,move_up,,0,0
4717,157233,,,,,,,,,,,,,,,,,,,,,,w,move_up,,0,0
4718,157267,,,,,,,,,,,,,,,,,,,,,,w,move_up,,0,0
4719,157300,,,,,,,,,,,,,,,,,,,,,,w,move_up,,0,0
4720,157333,,,,,,,,,,,,,,,,,,,,,,w,move_up,,0,0
4721,157367,,,,,,,,,,,,,,,,,,,,,,d|w,move_up|move_right,,0,0
4722,157400,,,,,,,,,,,,,,,,,,,,,,d|w,move_up|move_right,,0,0
4723,157433,,,,,,,,,,,,,,,,,,,,,,d|w,move_up|move_right,,0,0
4724,157467,,,,,,,,,,,,,,,,,,,,,,d|w,move_up|move_right,,0,0
4725,157500,,,,,,,,,,,,,,,,,,,,,,d|w,move_up|move_right,,0,0
4726,157533,,,,,,,,,,,,,,,,,,,,,,d|w,move_up|move_right,,0,0
4727,157567,,,,,,,,,,,,,,,,,,,,,,d|w,move_up|move_right,,0,0
4728,157600,,,,,,,,,,,,,,,,,,,,,,d|w,move_up|move_right,,0,0
4729,157633,,,,,,,,,,,,,,,,,,,,,,d|w,move_up|move_right,,0,0
4730,157667,,,,,,,,,,,,,,,,,,,,,,d|w,move_up|move_right,,0,0
4731,157700,,,,,,,,,,,,,,,,,,,,,,d|w,move_up|move_right,,0,0
4732,157733,,,,,,,,,,,,,,,,,,,,,,d|w,move_up|move_right,,0,0
4733,157767,,,,,,,,,,,,,,,,,,,,,,w,move_up,,0,0
4734,157800,,,,,,,,,,,,,,,,,,,,,,w,move_up,,0,0
4735,157833,,,,,,,,,,,,,,,,,,,,,,w,move_up,,0,0
4736,157867,,,,,,,,,,,,,,,,,,,,,,w,move_up,,0,0
4737,157900,,,,,,,,,,,,,,,,,,,,,,w,move_up,,0,0
4738,157933,,,,,,,,,,,,,,,,,,,,,,w,move_up,,0,0
4739,157967,,,,,,,,,,,,,,,,,,,,,,w,move_up,,0,0
4740,158000,,,,,,,,,,,,,,,,,,,,,,w,move_up,,0,0
4741,158033,,,,,,,,,,,,,,,,,,,,,,d|w,move_up|move_right,,0,0
4742,158067,,,,,,,,,,,,,,,,,,,,,,d|w,move_up|move_right,,0,0
4743,158100,,,,,,,,,,,,,,,,,,,,,,d|w,move_up|move_right,,0,0
4744,158133,,,,,,,,,,,,,,,,,,,,,,d|w,move_up|move_right,,0,0
4745,158167,,,,,,,,,,,,,,,,,,,,,,d|w,move_up|move_right,,0,0
4746,158200,,,,,,,,,,,,,,,,,,,,,,d|w,move_up|move_right,,0,0
4747,158233,,,,,,,,,,,,,,,,,,,,,,d|w,move_up|move_right,,0,0
4748,158267,,,,,,,,,,,,,,,,,,,,,,d|w,move_up|move_right,,0,0
4749,158300,,,,,,,,,,,,,,,,,,,,,,d|w,move_up|move_right,,0,0
4750,158333,,,,,,,,,,,,,,,,,,,,,,w,move_up,,0,0
4751,158367,,,,,,,,,,,,,,,,,,,,,,w,move_up,,0,0
4752,158400,,,,,,,,,,,,,,,,,,,,,,w,move_up,,0,0
4753,158433,,,,,,,,,,,,,,,,,,,,,,w,move_up,,0,0
4754,158467,,,,,,,,,,,,,,,,,,,,,,w,move_up,,0,0
4755,158500,,,,,,,,,,,,,,,,,,,,,,w,move_up,,0,0
4756,158533,,,,,,,,,,,,,,,,,,,,,,,,,0,0
4757,158567,,,,,,,,,,,,,,,,,,,,,,,,,0,0
4758,158600,,,,,,,,,,,,,,,,,,,,,,,,,0,0
4759,158633,,,,,,,,,,,,,,,,,,,,,,,,,0,0
4760,158667,,,,,,,,,,,,,,,,,,,,,,,,,0,0
4761,158700,,,,,,,,,,,,,,,,,,,,,,,,,0,0
4762,158733,,,,,,,,,,,,,,,,,,,,,,,,,0,0
4763,158767,,,,,,,,,,,,,,,,,,,,,,,,,0,0
4764,158800,,,,,,,,,,,,,,,,,,,,,,,,,0,0
4765,158833,,,,,,,,,,,,,,,,,,,,,,w,move_up,,0,0
4766,158867,,,,,,,,,,,,,,,,,,,,,,w,move_up,,0,0
4767,158900,,,,,,,,,,,,,,,,,,,,,,w,move_up,,0,0
4768,158933,,,,,,,,,,,,,,,,,,,,,,w,move_up,,0,0
4769,158967,,,,,,,,,,,,,,,,,,,,,,w,move_up,,0,0
4770,159000,,,,,,,,,,,,,,,,,,,,,,w,move_up,,0,0
4771,159033,,,,,,,,,,,,,,,,,,,,,,w,move_up,,0,0
4772,159067,,,,,,,,,,,,,,,,,,,,,,w,move_up,,0,0
4773,159100,,,,,,,,,,,,,,,,,,,,,,w,move_up,,0,0
4774,159133,,,,,,,,,,,,,,,,,,,,,,w,move_up,,0,0
4775,159167,,,,,,,,,,,,,,,,,,,,,,w,move_up,,0,0
4776,159200,,,,,,,,,,,,,,,,,,,,,,w,move_up,,0,0
4777,159233,,,,,,,,,,,,,,,,,,,,,,w,move_up,,0,0
4778,159267,,,,,,,,,,,,,,,,,,,,,,w,move_up,,0,0
4779,159300,,,,,,,,,,,,,,,,,,,,,,w,move_up,,0,0
4780,159333,,,,,,,,,,,,,,,,,,,,,,w,move_up,,0,0
4781,159367,,,,,,,,,,,,,,,,,,,,,,w,move_up,,0,0
4782,159400,,,,,,,,,,,,,,,,,,,,,,w,move_up,,0,0
4783,159433,,,,,,,,,,,,,,,,,,,,,,d|w,move_up|move_right,,0,0
4784,159467,,,,,,,,,,,,,,,,,,,,,,d|w,move_up|move_right,,0,0
4785,159500,,,,,,,,,,,,,,,,,,,,,,d|w,move_up|move_right,,0,0
4786,159533,,,,,,,,,,,,,,,,,,,,,,d|w,move_up|move_right,,0,0
4787,159567,,,,,,,,,,,,,,,,,,,,,,d|w,move_up|move_right,,0,0
4788,159600,,,,,,,,,,,,,,,,,,,,,,d|w,move_up|move_right,,0,0
4789,159633,,,,,,,,,,,,,,,,,,,,,,d|w,move_up|move_right,,0,0
4790,159667,,,,,,,,,,,,,,,,,,,,,,w,move_up,,0,0
4791,159700,,,,,,,,,,,,,,,,,,,,,,w,move_up,,0,0
4792,159733,,,,,,,,,,,,,,,,,,,,,,w,move_up,,0,0
4793,159767,,,,,,,,,,,,,,,,,,,,,,w,move_up,,0,0
4794,159800,,,,,,,,,,,,,,,,,,,,,,w,move_up,,0,0
4795,159833,,,,,,,,,,,,,,,,,,,,,,w,move_up,,0,0
4796,159867,,,,,,,,,,,,,,,,,,,,,,a|w,move_up|move_left,,0,0
4797,159900,,,,,,,,,,,,,,,,,,,,,,a|w,move_up|move_left,,0,0
4798,159933,,,,,,,,,,,,,,,,,,,,,,a|w,move_up|move_left,,0,0
4799,159967,,,,,,,,,,,,,,,,,,,,,,a|w,move_up|move_left,,0,0
4800,160000,,,,,,,,,,,,,,,,,,,,,,a|w,move_up|move_left,,0,0
4801,160033,,,,,,,,,,,,,,,,,,,,,,a|w,move_up|move_left,,0,0
4802,160067,,,,,,,,,,,,,,,,,,,,,,a|w,move_up|move_left,,0,0
4803,160100,,,,,,,,,,,,,,,,,,,,,,a|w,move_up|move_left,,0,0
4804,160133,,,,,,,,,,,,,,,,,,,,,,a|w,move_up|move_left,,0,0
4805,160167,,,,,,,,,,,,,,,,,,,,,,w,move_up,,0,0
4806,160200,,,,,,,,,,,,,,,,,,,,,,w,move_up,,0,0
4807,160233,,,,,,,,,,,,,,,,,,,,,,w,move_up,,0,0
4808,160267,,,,,,,,,,,,,,,,,,,,,,w,move_up,,0,0
4809,160300,,,,,,,,,,,,,,,,,,,,,,w,move_up,,0,0
4810,160333,,,,,,,,,,,,,,,,,,,,,,w,move_up,,0,0
4811,160367,,,,,,,,,,,,,,,,,,,,,,w,move_up,,0,0
4812,160400,,,,,,,,,,,,,,,,,,,,,,w,move_up,,0,0
4813,160433,,,,,,,,,,,,,,,,,,,,,,w,move_up,,0,0
4814,160467,,,,,,,,,,,,,,,,,,,,,,w,move_up,,0,0
4815,160500,,,,,,,,,,,,,,,,,,,,,,w,move_up,,0,0
4816,160533,,,,,,,,,,,,,,,,,,,,,,w,move_up,,0,0
4817,160567,,,,,,,,,,,,,,,,,,,,,,w,move_up,,0,0
4818,160600,,,,,,,,,,,,,,,,,,,,,,w,move_up,,0,0
4819,160633,,,,,,,,,,,,,,,,,,,,,,w,move_up,,0,0
4820,160667,,,,,,,,,,,,,,,,,,,,,,w,move_up,,0,0
4821,160700,,,,,,,,,,,,,,,,,,,,,,w,move_up,,0,0
4822,160733,,,,,,,,,,,,,,,,,,,,,,w,move_up,,0,0
4823,160767,,,,,,,,,,,,,,,,,,,,,,w,move_up,,0,0
4824,160800,,,,,,,,,,,,,,,,,,,,,,w,move_up,,0,0
4825,160833,,,,,,,,,,,,,,,,,,,,,,w,move_up,,0,0
4826,160867,,,,,,,,,,,,,,,,,,,,,,w,move_up,,0,0
4827,160900,,,,,,,,,,,,,,,,,,,,,,w,move_up,,0,0
4828,160933,,,,,,,,,,,,,,,,,,,,,,w,move_up,,0,0
4829,160967,,,,,,,,,,,,,,,,,,,,,,w,move_up,,0,0
4830,161000,,,,,,,,,,,,,,,,,,,,,,w,move_up,,0,0
4831,161033,,,,,,,,,,,,,,,,,,,,,,w,move_up,,0,0
4832,161067,,,,,,,,,,,,,,,,,,,,,,w,move_up,,0,0
4833,161100,,,,,,,,,,,,,,,,,,,,,,w,move_up,,0,0
4834,161133,,,,,,,,,,,,,,,,,,,,,,w,move_up,,0,0
4835,161167,,,,,,,,,,,,,,,,,,,,,,w,move_up,,0,0
4836,161200,,,,,,,,,,,,,,,,,,,,,,w,move_up,,0,0
4837,161233,,,,,,,,,,,,,,,,,,,,,,w,move_up,,0,0
4838,161267,,,,,,,,,,,,,,,,,,,,,,w,move_up,,0,0
4839,161300,,,,,,,,,,,,,,,,,,,,,,w,move_up,,0,0
4840,161333,,,,,,,,,,,,,,,,,,,,,,w,move_up,,0,0
4841,161367,,,,,,,,,,,,,,,,,,,,,,w,move_up,,0,0
4842,161400,,,,,,,,,,,,,,,,,,,,,,w,move_up,,0,0
4843,161433,,,,,,,,,,,,,,,,,,,,,,w,move_up,,0,0
4844,161467,,,,,,,,,,,,,,,,,,,,,,w,move_up,,0,0
4845,161500,,,,,,,,,,,,,,,,,,,,,,w,move_up,,0,0
4846,161533,,,,,,,,,,,,,,,,,,,,,,,,,0,0
4847,161567,,,,,,,,,,,,,,,,,,,,,,,,,0,0
4848,161600,,,,,,,,,,,,,,,,,,,,,,,,,0,0
4849,161633,,,,,,,,,,,,,,,,,,,,,,,,,0,0
4850,161667,,,,,,,,,,,,,,,,,,,,,,,,,0,0
4851,161700,,,,,,,,,,,,,,,,,,,,,,,,,0,0
4852,161733,,,,,,,,,,,,,,,,,,,,,,,,,0,0
4853,161767,,,,,,,,,,,,,,,,,,,,,,,,,0,0
4854,161800,,,,,,,,,,,,,,,,,,,,,,,,,0,0
4855,161833,,,,,,,,,,,,,,,,,,,,,,,,,0,0
4856,161867,,,,,,,,,,,,,,,,,,,,,,,,,0,0
4857,161900,,,,,,,,,,,,,,,,,,,,,,,,,0,0
4858,161933,,,,,,,,,,,,,,,,,,,,,,,,,0,0
4859,161967,,,,,,,,,,,,,,,,,,,,,,e,interact,,0,0
4860,162000,,,,,,,,,,,,,,,,,,,,,,e,interact,,0,0
4861,162033,,,,,,,,,,,,,,,,,,,,,,e,interact,,0,0
4862,162067,,,,,,,,,,,,,,,,,,,,,,e,interact,,0,0
4863,162100,,,,,,,,,,,,,,,,,,,,,,e,interact,,0,0
4864,162133,,,,,,,,,,,,,,,,,,,,,,,,,0,0
4865,162167,,,,,,,,,,,,,,,,,,,,,,,,,0,0
4866,162200,,,,,,,,,,,,,,,,,,,,,,,,,0,0
4867,162233,,,,,,,,,,,,,,,,,,,,,,,,,0,0
4868,162267,,,,,,,,,,,,,,,,,,,,,,,,,0,0
4869,162300,,,,,,,,,,,,,,,,,,,,,,w,move_up,,0,0
4870,162333,,,,,,,,,,,,,,,,,,,,,,w,move_up,,0,0
4871,162367,,,,,,,,,,,,,,,,,,,,,,w,move_up,,0,0
4872,162400,,,,,,,,,,,,,,,,,,,,,,w,move_up,,0,0
4873,162433,,,,,,,,,,,,,,,,,,,,,,a|w,move_up|move_left,,0,0
4874,162467,,,,,,,,,,,,,,,,,,,,,,a|w,move_up|move_left,,0,0
4875,162500,,,,,,,,,,,,,,,,,,,,,,a|w,move_up|move_left,,0,0
4876,162533,,,,,,,,,,,,,,,,,,,,,,a|w,move_up|move_left,,0,0
4877,162567,,,,,,,,,,,,,,,,,,,,,,a|w,move_up|move_left,,0,0
4878,162600,,,,,,,,,,,,,,,,,,,,,,w,move_up,,0,0
4879,162633,,,,,,,,,,,,,,,,,,,,,,w,move_up,,0,0
4880,162667,,,,,,,,,,,,,,,,,,,,,,w,move_up,,0,0
4881,162700,,,,,,,,,,,,,,,,,,,,,,d|w,move_up|move_right,,0,0
4882,162733,,,,,,,,,,,,,,,,,,,,,,d|w,move_up|move_right,,0,0
4883,162767,,,,,,,,,,,,,,,,,,,,,,d|w,move_up|move_right,,0,0
4884,162800,,,,,,,,,,,,,,,,,,,,,,d|w,move_up|move_right,,0,0
4885,162833,,,,,,,,,,,,,,,,,,,,,,d|w,move_up|move_right,,0,0
4886,162867,,,,,,,,,,,,,,,,,,,,,,w,move_up,,0,0
4887,162900,,,,,,,,,,,,,,,,,,,,,,w,move_up,,0,0
4888,162933,,,,,,,,,,,,,,,,,,,,,,w,move_up,,0,0
4889,162967,,,,,,,,,,,,,,,,,,,,,,w,move_up,,0,0
4890,163000,,,,,,,,,,,,,,,,,,,,,,w,move_up,,0,0
4891,163033,,,,,,,,,,,,,,,,,,,,,,w,move_up,,0,0
4892,163067,,,,,,,,,,,,,,,,,,,,,,w,move_up,,0,0
4893,163100,,,,,,,,,,,,,,,,,,,,,,w,move_up,,0,0
4894,163133,,,,,,,,,,,,,,,,,,,,,,w,move_up,,0,0
4895,163167,,,,,,,,,,,,,,,,,,,,,,w,move_up,,0,0
4896,163200,,,,,,,,,,,,,,,,,,,,,,w,move_up,,0,0
4897,163233,,,,,,,,,,,,,,,,,,,,,,w,move_up,,0,0
4898,163267,,,,,,,,,,,,,,,,,,,,,,w,move_up,,0,0
4899,163300,,,,,,,,,,,,,,,,,,,,,,w,move_up,,0,0
4900,163333,,,,,,,,,,,,,,,,,,,,,,w,move_up,,0,0
4901,163367,,,,,,,,,,,,,,,,,,,,,,w,move_up,,0,0
4902,163400,,,,,,,,,,,,,,,,,,,,,,w,move_up,,0,0
4903,163433,,,,,,,,,,,,,,,,,,,,,,w,move_up,,0,0
4904,163467,,,,,,,,,,,,,,,,,,,,,,w,move_up,,0,0
4905,163500,,,,,,,,,,,,,,,,,,,,,,w,move_up,,0,0
4906,163533,,,,,,,,,,,,,,,,,,,,,,w,move_up,,0,0
4907,163567,,,,,,,,,,,,,,,,,,,,,,w,move_up,,0,0
4908,163600,,,,,,,,,,,,,,,,,,,,,,w,move_up,,0,0
4909,163633,,,,,,,,,,,,,,,,,,,,,,w,move_up,,0,0
4910,163667,,,,,,,,,,,,,,,,,,,,,,w,move_up,,0,0
4911,163700,,,,,,,,,,,,,,,,,,,,,,w,move_up,,0,0
4912,163733,,,,,,,,,,,,,,,,,,,,,,w,move_up,,0,0
4913,163767,,,,,,,,,,,,,,,,,,,,,,w,move_up,,0,0
4914,163800,,,,,,,,,,,,,,,,,,,,,,w,move_up,,0,0
4915,163833,,,,,,,,,,,,,,,,,,,,,,w,move_up,,0,0
4916,163867,,,,,,,,,,,,,,,,,,,,,,w,move_up,,0,0
4917,163900,,,,,,,,,,,,,,,,,,,,,,w,move_up,,0,0
4918,163933,,,,,,,,,,,,,,,,,,,,,,w,move_up,,0,0
4919,163967,,,,,,,,,,,,,,,,,,,,,,w,move_up,,0,0
4920,164000,,,,,,,,,,,,,,,,,,,,,,w,move_up,,0,0
4921,164033,,,,,,,,,,,,,,,,,,,,,,w,move_up,,0,0
4922,164067,,,,,,,,,,,,,,,,,,,,,,w,move_up,,0,0
4923,164100,,,,,,,,,,,,,,,,,,,,,,w,move_up,,0,0
4924,164133,,,,,,,,,,,,,,,,,,,,,,w,move_up,,0,0
4925,164167,,,,,,,,,,,,,,,,,,,,,,w,move_up,,0,0
4926,164200,,,,,,,,,,,,,,,,,,,,,,w,move_up,,0,0
4927,164233,,,,,,,,,,,,,,,,,,,,,,w,move_up,,0,0
4928,164267,,,,,,,,,,,,,,,,,,,,,,w,move_up,,0,0
4929,164300,,,,,,,,,,,,,,,,,,,,,,,,,0,0
4930,164333,,,,,,,,,,,,,,,,,,,,,,,,,0,0
4931,164367,,,,,,,,,,,,,,,,,,,,,,,,,0,0
4932,164400,,,,,,,,,,,,,,,,,,,,,,,,,0,0
4933,164433,,,,,,,,,,,,,,,,,,,,,,,,,0,0
4934,164467,,,,,,,,,,,,,,,,,,,,,,,,,0,0
4935,164500,,,,,,,,,,,,,,,,,,,,,,w,move_up,,0,0
4936,164533,,,,,,,,,,,,,,,,,,,,,,w,move_up,,0,0
4937,164567,,,,,,,,,,,,,,,,,,,,,,w,move_up,,0,0
4938,164600,,,,,,,,,,,,,,,,,,,,,,e|w,interact|move_up,,0,0
4939,164633,,,,,,,,,,,,,,,,,,,,,,e|w,interact|move_up,,0,0
4940,164667,,,,,,,,,,,,,,,,,,,,,,e|w,interact|move_up,,0,0
4941,164700,,,,,,,,,,,,,,,,,,,,,,e|w,interact|move_up,,0,0
4942,164733,,,,,,,,,,,,,,,,,,,,,,w,move_up,,0,0
4943,164767,,,,,,,,,,,,,,,,,,,,,,w,move_up,,0,0
4944,164800,,,,,,,,,,,,,,,,,,,,,,w,move_up,,0,0
4945,164833,,,,,,,,,,,,,,,,,,,,,,w,move_up,,0,0
4946,164867,,,,,,,,,,,,,,,,,,,,,,,,,0,0
4947,164900,,,,,,,,,,,,,,,,,,,,,,,,,0,0
4948,164933,,,,,,,,,,,,,,,,,,,,,,w,move_up,,0,0
4949,164967,,,,,,,,,,,,,,,,,,,,,,w,move_up,,0,0
4950,165000,,,,,,,,,,,,,,,,,,,,,,e|w,interact|move_up,,0,0
4951,165033,,,,,,,,,,,,,,,,,,,,,,e|w,interact|move_up,,0,0
4952,165067,,,,,,,,,,,,,,,,,,,,,,e|w,interact|move_up,,0,0
4953,165100,,,,,,,,,,,,,,,,,,,,,,e|w,interact|move_up,,0,0
4954,165133,,,,,,,,,,,,,,,,,,,,,,e|w,interact|move_up,,0,0
4955,165167,,,,,,,,,,,,,,,,,,,,,,w,move_up,,0,0
4956,165200,,,,,,,,,,,,,,,,,,,,,,w,move_up,,0,0
4957,165233,,,,,,,,,,,,,,,,,,,,,,w,move_up,,0,0
4958,165267,,,,,,,,,,,,,,,,,,,,,,w,move_up,,0,0
4959,165300,,,,,,,,,,,,,,,,,,,,,,w,move_up,,0,0
4960,165333,,,,,,,,,,,,,,,,,,,,,,w,move_up,,0,0
4961,165367,,,,,,,,,,,,,,,,,,,,,,w,move_up,,0,0
4962,165400,,,,,,,,,,,,,,,,,,,,,,w,move_up,,0,0
4963,165433,,,,,,,,,,,,,,,,,,,,,,w,move_up,,0,0
4964,165467,,,,,,,,,,,,,,,,,,,,,,w,move_up,,0,0
4965,165500,,,,,,,,,,,,,,,,,,,,,,w,move_up,,0,0
4966,165533,,,,,,,,,,,,,,,,,,,,,,w,move_up,,0,0
4967,165567,,,,,,,,,,,,,,,,,,,,,,w,move_up,,0,0
4968,165600,,,,,,,,,,,,,,,,,,,,,,w,move_up,,0,0
4969,165633,,,,,,,,,,,,,,,,,,,,,,w,move_up,,0,0
4970,165667,,,,,,,,,,,,,,,,,,,,,,w,move_up,,0,0
4971,165700,,,,,,,,,,,,,,,,,,,,,,w,move_up,,0,0
4972,165733,,,,,,,,,,,,,,,,,,,,,,w,move_up,,0,0
4973,165767,,,,,,,,,,,,,,,,,,,,,,w,move_up,,0,0
4974,165800,,,,,,,,,,,,,,,,,,,,,,w,move_up,,0,0
4975,165833,,,,,,,,,,,,,,,,,,,,,,w,move_up,,0,0
4976,165867,,,,,,,,,,,,,,,,,,,,,,w,move_up,,0,0
4977,165900,,,,,,,,,,,,,,,,,,,,,,w,move_up,,0,0
4978,165933,,,,,,,,,,,,,,,,,,,,,,e|w,interact|move_up,,0,0
4979,165967,,,,,,,,,,,,,,,,,,,,,,e|w,interact|move_up,,0,0
4980,166000,,,,,,,,,,,,,,,,,,,,,,e|w,interact|move_up,,0,0
4981,166033,,,,,,,,,,,,,,,,,,,,,,e|w,interact|move_up,,0,0
4982,166067,,,,,,,,,,,,,,,,,,,,,,e|w,interact|move_up,,0,0
4983,166100,,,,,,,,,,,,,,,,,,,,,,,,,0,0
4984,166133,,,,,,,,,,,,,,,,,,,,,,,,,0,0
4985,166167,,,,,,,,,,,,,,,,,,,,,,,,,0,0
4986,166200,,,,,,,,,,,,,,,,,,,,,,,,,0,0
4987,166233,,,,,,,,,,,,,,,,,,,,,,,,,0,0
4988,166267,,,,,,,,,,,,,,,,,,,,,,e,interact,,0,0
4989,166300,,,,,,,,,,,,,,,,,,,,,,e,interact,,0,0
4990,166333,,,,,,,,,,,,,,,,,,,,,,e,interact,,0,0
4991,166367,,,,,,,,,,,,,,,,,,,,,,e|w,interact|move_up,,0,0
4992,166400,,,,,,,,,,,,,,,,,,,,,,w,move_up,,0,0
4993,166433,,,,,,,,,,,,,,,,,,,,,,w,move_up,,0,0
4994,166467,,,,,,,,,,,,,,,,,,,,,,w,move_up,,0,0
4995,166500,,,,,,,,,,,,,,,,,,,,,,,,,0,0
4996,166533,,,,,,,,,,,,,,,,,,,,,,,,,0,0
4997,166567,,,,,,,,,,,,,,,,,,,,,,,,,0,0
4998,166600,,,,,,,,,,,,,,,,,,,,,,,,,0,0
4999,166633,,,,,,,,,,,,,,,,,,,,,,,,,0,0
5000,166667,,,,,,,,,,,,,,,,,,,,,,,,,0,0
5001,166700,,,,,,,,,,,,,,,,,,,,,,,,,0,0
5002,166733,,,,,,,,,,,,,,,,,,,,,,,,,0,0
5003,166767,,,,,,,,,,,,,,,,,,,,,,e,interact,,0,0
5004,166800,,,,,,,,,,,,,,,,,,,,,,e,interact,,0,0
5005,166833,,,,,,,,,,,,,,,,,,,,,,e,interact,,0,0
5006,166867,,,,,,,,,,,,,,,,,,,,,,e,interact,,0,0
5007,166900,,,,,,,,,,,,,,,,,,,,,,,,,0,0
5008,166933,,,,,,,,,,,,,,,,,,,,,,,,,0,0
5009,166967,,,,,,,,,,,,,,,,,,,,,,,,,0,0
5010,167000,,,,,,,,,,,,,,,,,,,,,,,,,0,0
5011,167033,,,,,,,,,,,,,,,,,,,,,,,,,0,0
5012,167067,,,,,,,,,,,,,,,,,,,,,,,,,0,0
5013,167100,,,,,,,,,,,,,,,,,,,,,,,,,0,0
5014,167133,,,,,,,,,,,,,,,,,,,,,,,,,0,0
5015,167167,,,,,,,,,,,,,,,,,,,,,,a,move_left,,0,0
5016,167200,,,,,,,,,,,,,,,,,,,,,,a,move_left,,0,0
5017,167233,,,,,,,,,,,,,,,,,,,,,,a,move_left,,0,0
5018,167267,,,,,,,,,,,,,,,,,,,,,,a,move_left,,0,0
5019,167300,,,,,,,,,,,,,,,,,,,,,,a,move_left,,0,0
5020,167333,,,,,,,,,,,,,,,,,,,,,,a|w,move_up|move_left,,0,0
5021,167367,,,,,,,,,,,,,,,,,,,,,,a|w,move_up|move_left,,0,0
5022,167400,,,,,,,,,,,,,,,,,,,,,,a|w,move_up|move_left,,0,0
5023,167433,,,,,,,,,,,,,,,,,,,,,,a|w,move_up|move_left,,0,0
5024,167467,,,,,,,,,,,,,,,,,,,,,,a|w,move_up|move_left,,0,0
5025,167500,,,,,,,,,,,,,,,,,,,,,,a|w,move_up|move_left,,0,0
5026,167533,,,,,,,,,,,,,,,,,,,,,,a|w,move_up|move_left,,0,0
5027,167567,,,,,,,,,,,,,,,,,,,,,,a|w,move_up|move_left,,0,0
5028,167600,,,,,,,,,,,,,,,,,,,,,,a|w,move_up|move_left,,0,0
5029,167633,,,,,,,,,,,,,,,,,,,,,,a|w,move_up|move_left,,0,0
5030,167667,,,,,,,,,,,,,,,,,,,,,,a|w,move_up|move_left,,0,0
5031,167700,,,,,,,,,,,,,,,,,,,,,,a|w,move_up|move_left,,0,0
5032,167733,,,,,,,,,,,,,,,,,,,,,,a|w,move_up|move_left,,0,0
5033,167767,,,,,,,,,,,,,,,,,,,,,,w,move_up,,0,0
5034,167800,,,,,,,,,,,,,,,,,,,,,,w,move_up,,0,0
5035,167833,,,,,,,,,,,,,,,,,,,,,,w,move_up,,0,0
5036,167867,,,,,,,,,,,,,,,,,,,,,,w,move_up,,0,0
5037,167900,,,,,,,,,,,,,,,,,,,,,,w,move_up,,0,0
5038,167933,,,,,,,,,,,,,,,,,,,,,,w,move_up,,0,0
5039,167967,,,,,,,,,,,,,,,,,,,,,,w,move_up,,0,0
5040,168000,,,,,,,,,,,,,,,,,,,,,,w,move_up,,0,0
5041,168033,,,,,,,,,,,,,,,,,,,,,,w,move_up,,0,0
5042,168067,,,,,,,,,,,,,,,,,,,,,,w,move_up,,0,0
5043,168100,,,,,,,,,,,,,,,,,,,,,,w,move_up,,0,0
5044,168133,,,,,,,,,,,,,,,,,,,,,,w,move_up,,0,0
5045,168167,,,,,,,,,,,,,,,,,,,,,,w,move_up,,0,0
5046,168200,,,,,,,,,,,,,,,,,,,,,,w,move_up,,0,0
5047,168233,,,,,,,,,,,,,,,,,,,,,,w,move_up,,0,0
5048,168267,,,,,,,,,,,,,,,,,,,,,,w,move_up,,0,0
5049,168300,,,,,,,,,,,,,,,,,,,,,,w,move_up,,0,0
5050,168333,,,,,,,,,,,,,,,,,,,,,,w,move_up,,0,0
5051,168367,,,,,,,,,,,,,,,,,,,,,,w,move_up,,0,0
5052,168400,,,,,,,,,,,,,,,,,,,,,,w,move_up,,0,0
5053,168433,,,,,,,,,,,,,,,,,,,,,,w,move_up,,0,0
5054,168467,,,,,,,,,,,,,,,,,,,,,,w,move_up,,0,0
5055,168500,,,,,,,,,,,,,,,,,,,,,,w,move_up,,0,0
5056,168533,,,,,,,,,,,,,,,,,,,,,,w,move_up,,0,0
5057,168567,,,,,,,,,,,,,,,,,,,,,,w,move_up,,0,0
5058,168600,,,,,,,,,,,,,,,,,,,,,,w,move_up,,0,0
5059,168633,,,,,,,,,,,,,,,,,,,,,,w,move_up,,0,0
5060,168667,,,,,,,,,,,,,,,,,,,,,,w,move_up,,0,0
5061,168700,,,,,,,,,,,,,,,,,,,,,,w,move_up,,0,0
5062,168733,,,,,,,,,,,,,,,,,,,,,,w,move_up,,0,0
5063,168767,,,,,,,,,,,,,,,,,,,,,,w,move_up,,0,0
5064,168800,,,,,,,,,,,,,,,,,,,,,,w,move_up,,0,0
5065,168833,,,,,,,,,,,,,,,,,,,,,,w,move_up,,0,0
5066,168867,,,,,,,,,,,,,,,,,,,,,,w,move_up,,0,0
5067,168900,,,,,,,,,,,,,,,,,,,,,,w,move_up,,0,0
5068,168933,,,,,,,,,,,,,,,,,,,,,,e|w,interact|move_up,,0,0
5069,168967,,,,,,,,,,,,,,,,,,,,,,e|w,interact|move_up,,0,0
5070,169000,,,,,,,,,,,,,,,,,,,,,,e|w,interact|move_up,,0,0
5071,169033,,,,,,,,,,,,,,,,,,,,,,e|w,interact|move_up,,0,0
5072,169067,,,,,,,,,,,,,,,,,,,,,,w,move_up,,0,0
5073,169100,,,,,,,,,,,,,,,,,,,,,,w,move_up,,0,0
5074,169133,,,,,,,,,,,,,,,,,,,,,,w,move_up,,0,0
5075,169167,,,,,,,,,,,,,,,,,,,,,,w,move_up,,0,0
5076,169200,,,,,,,,,,,,,,,,,,,,,,w,move_up,,0,0
5077,169233,,,,,,,,,,,,,,,,,,,,,,w,move_up,,0,0
5078,169267,,,,,,,,,,,,,,,,,,,,,,w,move_up,,0,0
5079,169300,,,,,,,,,,,,,,,,,,,,,,w,move_up,,0,0
5080,169333,,,,,,,,,,,,,,,,,,,,,,w,move_up,,0,0
5081,169367,,,,,,,,,,,,,,,,,,,,,,w,move_up,,0,0
5082,169400,,,,,,,,,,,,,,,,,,,,,,w,move_up,,0,0
5083,169433,,,,,,,,,,,,,,,,,,,,,,e|w,interact|move_up,,0,0
5084,169467,,,,,,,,,,,,,,,,,,,,,,e|w,interact|move_up,,0,0
5085,169500,,,,,,,,,,,,,,,,,,,,,,e|w,interact|move_up,,0,0
5086,169533,,,,,,,,,,,,,,,,,,,,,,e|w,interact|move_up,,0,0
5087,169567,,,,,,,,,,,,,,,,,,,,,,w,move_up,,0,0
5088,169600,,,,,,,,,,,,,,,,,,,,,,w,move_up,,0,0
5089,169633,,,,,,,,,,,,,,,,,,,,,,w,move_up,,0,0
5090,169667,,,,,,,,,,,,,,,,,,,,,,w,move_up,,0,0
5091,169700,,,,,,,,,,,,,,,,,,,,,,w,move_up,,0,0
5092,169733,,,,,,,,,,,,,,,,,,,,,,w,move_up,,0,0
5093,169767,,,,,,,,,,,,,,,,,,,,,,w,move_up,,0,0
5094,169800,,,,,,,,,,,,,,,,,,,,,,w,move_up,,0,0
5095,169833,,,,,,,,,,,,,,,,,,,,,,w,move_up,,0,0
5096,169867,,,,,,,,,,,,,,,,,,,,,,,,,0,0
5097,169900,,,,,,,,,,,,,,,,,,,,,,,,,0,0
5098,169933,,,,,,,,,,,,,,,,,,,,,,,,,0,0
5099,169967,,,,,,,,,,,,,,,,,,,,,,,,,0,0
5100,170000,,,,,,,,,,,,,,,,,,,,,,,,,0,0
5101,170033,,,,,,,,,,,,,,,,,,,,,,,,,0,0
5102,170067,,,,,,,,,,,,,,,,,,,,,,,,,0,0
5103,170100,,,,,,,,,,,,,,,,,,,,,,,,,0,0
5104,170133,,,,,,,,,,,,,,,,,,,,,,w,move_up,,0,0
5105,170167,,,,,,,,,,,,,,,,,,,,,,w,move_up,,0,0
5106,170200,,,,,,,,,,,,,,,,,,,,,,w,move_up,,0,0
5107,170233,,,,,,,,,,,,,,,,,,,,,,w,move_up,,0,0
5108,170267,,,,,,,,,,,,,,,,,,,,,,w,move_up,,0,0
5109,170300,,,,,,,,,,,,,,,,,,,,,,w,move_up,,0,0
5110,170333,,,,,,,,,,,,,,,,,,,,,,a|w,move_up|move_left,,0,0
5111,170367,,,,,,,,,,,,,,,,,,,,,,a|w,move_up|move_left,,0,0
5112,170400,,,,,,,,,,,,,,,,,,,,,,a|w,move_up|move_left,,0,0
5113,170433,,,,,,,,,,,,,,,,,,,,,,a|e|w,interact|move_up|move_left,,0,0
5114,170467,,,,,,,,,,,,,,,,,,,,,,a|e|w,interact|move_up|move_left,,0,0
5115,170500,,,,,,,,,,,,,,,,,,,,,,a|e|w,interact|move_up|move_left,,0,0
5116,170533,,,,,,,,,,,,,,,,,,,,,,a|e|w,interact|move_up|move_left,,0,0
5117,170567,,,,,,,,,,,,,,,,,,,,,,a|e|w,interact|move_up|move_left,,0,0
5118,170600,,,,,,,,,,,,,,,,,,,,,,a|w,move_up|move_left,,0,0
5119,170633,,,,,,,,,,,,,,,,,,,,,,a|w,move_up|move_left,,0,0
5120,170667,,,,,,,,,,,,,,,,,,,,,,a|w,move_up|move_left,,0,0
5121,170700,,,,,,,,,,,,,,,,,,,,,,a|w,move_up|move_left,,0,0
5122,170733,,,,,,,,,,,,,,,,,,,,,,w,move_up,,0,0
5123,170767,,,,,,,,,,,,,,,,,,,,,,w,move_up,,0,0
5124,170800,,,,,,,,,,,,,,,,,,,,,,w,move_up,,0,0
5125,170833,,,,,,,,,,,,,,,,,,,,,,w,move_up,,0,0
5126,170867,,,,,,,,,,,,,,,,,,,,,,w,move_up,,0,0
5127,170900,,,,,,,,,,,,,,,,,,,,,,w,move_up,,0,0
5128,170933,,,,,,,,,,,,,,,,,,,,,,w,move_up,,0,0
5129,170967,,,,,,,,,,,,,,,,,,,,,,w,move_up,,0,0
5130,171000,,,,,,,,,,,,,,,,,,,,,,w,move_up,,0,0
5131,171033,,,,,,,,,,,,,,,,,,,,,,w,move_up,,0,0
5132,171067,,,,,,,,,,,,,,,,,,,,,,w,move_up,,0,0
5133,171100,,,,,,,,,,,,,,,,,,,,,,w,move_up,,0,0
5134,171133,,,,,,,,,,,,,,,,,,,,,,w,move_up,,0,0
5135,171167,,,,,,,,,,,,,,,,,,,,,,w,move_up,,0,0
5136,171200,,,,,,,,,,,,,,,,,,,,,,a|w,move_up|move_left,,0,0
5137,171233,,,,,,,,,,,,,,,,,,,,,,a|w,move_up|move_left,,0,0
5138,171267,,,,,,,,,,,,,,,,,,,,,,a|w,move_up|move_left,,0,0
5139,171300,,,,,,,,,,,,,,,,,,,,,,a|w,move_up|move_left,,0,0
5140,171333,,,,,,,,,,,,,,,,,,,,,,a|w,move_up|move_left,,0,0
5141,171367,,,,,,,,,,,,,,,,,,,,,,a|w,move_up|move_left,,0,0
5142,171400,,,,,,,,,,,,,,,,,,,,,,a|w,move_up|move_left,,0,0
5143,171433,,,,,,,,,,,,,,,,,,,,,,a|w,move_up|move_left,,0,0
5144,171467,,,,,,,,,,,,,,,,,,,,,,a|w,move_up|move_left,,0,0
5145,171500,,,,,,,,,,,,,,,,,,,,,,w,move_up,,0,0
5146,171533,,,,,,,,,,,,,,,,,,,,,,w,move_up,,0,0
5147,171567,,,,,,,,,,,,,,,,,,,,,,w,move_up,,0,0
5148,171600,,,,,,,,,,,,,,,,,,,,,,w,move_up,,0,0
5149,171633,,,,,,,,,,,,,,,,,,,,,,a|w,move_up|move_left,,0,0
5150,171667,,,,,,,,,,,,,,,,,,,,,,a|w,move_up|move_left,,0,0
5151,171700,,,,,,,,,,,,,,,,,,,,,,a|w,move_up|move_left,,0,0
5152,171733,,,,,,,,,,,,,,,,,,,,,,a|w,move_up|move_left,,0,0
5153,171767,,,,,,,,,,,,,,,,,,,,,,a|w,move_up|move_left,,0,0
5154,171800,,,,,,,,,,,,,,,,,,,,,,a|w,move_up|move_left,,0,0
5155,171833,,,,,,,,,,,,,,,,,,,,,,a|w,move_up|move_left,,0,0
5156,171867,,,,,,,,,,,,,,,,,,,,,,a|w,move_up|move_left,,0,0
5157,171900,,,,,,,,,,,,,,,,,,,,,,a|e|w,interact|move_up|move_left,,0,0
5158,171933,,,,,,,,,,,,,,,,,,,,,,a|e|w,interact|move_up|move_left,,0,0
5159,171967,,,,,,,,,,,,,,,,,,,,,,a|e|w,interact|move_up|move_left,,0,0
5160,172000,,,,,,,,,,,,,,,,,,,,,,a|e|w,interact|move_up|move_left,,0,0
5161,172033,,,,,,,,,,,,,,,,,,,,,,a|e|w,interact|move_up|move_left,,0,0
5162,172067,,,,,,,,,,,,,,,,,,,,,,a|w,move_up|move_left,,0,0
5163,172100,,,,,,,,,,,,,,,,,,,,,,a,move_left,,0,0
5164,172133,,,,,,,,,,,,,,,,,,,,,,a,move_left,,0,0
5165,172167,,,,,,,,,,,,,,,,,,,,,,a,move_left,,0,0
5166,172200,,,,,,,,,,,,,,,,,,,,,,a,move_left,,0,0
5167,172233,,,,,,,,,,,,,,,,,,,,,,a,move_left,,0,0
5168,172267,,,,,,,,,,,,,,,,,,,,,,a,move_left,,0,0
5169,172300,,,,,,,,,,,,,,,,,,,,,,a|w,move_up|move_left,,0,0
5170,172333,,,,,,,,,,,,,,,,,,,,,,a|w,move_up|move_left,,0,0
5171,172367,,,,,,,,,,,,,,,,,,,,,,a|w,move_up|move_left,,0,0
5172,172400,,,,,,,,,,,,,,,,,,,,,,a|e|w,interact|move_up|move_left,,0,0
5173,172433,,,,,,,,,,,,,,,,,,,,,,a|e|w,interact|move_up|move_left,,0,0
5174,172467,,,,,,,,,,,,,,,,,,,,,,a|e|w,interact|move_up|move_left,,0,0
5175,172500,,,,,,,,,,,,,,,,,,,,,,a|e|w,interact|move_up|move_left,,0,0
5176,172533,,,,,,,,,,,,,,,,,,,,,,a|e|w,interact|move_up|move_left,,0,0
5177,172567,,,,,,,,,,,,,,,,,,,,,,a|e|w,interact|move_up|move_left,,0,0
5178,172600,,,,,,,,,,,,,,,,,,,,,,a,move_left,,0,0
5179,172633,,,,,,,,,,,,,,,,,,,,,,a,move_left,,0,0
5180,172667,,,,,,,,,,,,,,,,,,,,,,,,,0,0
5181,172700,,,,,,,,,,,,,,,,,,,,,,,,,0,0
5182,172733,,,,,,,,,,,,,,,,,,,,,,,,,0,0
5183,172767,,,,,,,,,,,,,,,,,,,,,,,,,0,0
5184,172800,,,,,,,,,,,,,,,,,,,,,,,,,0,0
5185,172833,,,,,,,,,,,,,,,,,,,,,,,,,0,0
5186,172867,,,,,,,,,,,,,,,,,,,,,,,,,0,0
5187,172900,,,,,,,,,,,,,,,,,,,,,,,,,0,0
5188,172933,,,,,,,,,,,,,,,,,,,,,,,,,0,0
5189,172967,,,,,,,,,,,,,,,,,,,,,,,,,0,0
5190,173000,,,,,,,,,,,,,,,,,,,,,,,,,0,0
5191,173033,,,,,,,,,,,,,,,,,,,,,,,,,0,0
5192,173067,,,,,,,,,,,,,,,,,,,,,,a|w,move_up|move_left,,0,0
5193,173100,,,,,,,,,,,,,,,,,,,,,,a|w,move_up|move_left,,0,0
5194,173133,,,,,,,,,,,,,,,,,,,,,,a|w,move_up|move_left,,0,0
5195,173167,,,,,,,,,,,,,,,,,,,,,,a|w,move_up|move_left,,0,0
5196,173200,,,,,,,,,,,,,,,,,,,,,,w,move_up,,0,0
5197,173233,,,,,,,,,,,,,,,,,,,,,,w,move_up,,0,0
5198,173267,,,,,,,,,,,,,,,,,,,,,,w,move_up,,0,0
5199,173300,,,,,,,,,,,,,,,,,,,,,,w,move_up,,0,0
5200,173333,,,,,,,,,,,,,,,,,,,,,,w,move_up,,0,0
5201,173367,,,,,,,,,,,,,,,,,,,,,,w,move_up,,0,0
5202,173400,,,,,,,,,,,,,,,,,,,,,,w,move_up,,0,0
5203,173433,,,,,,,,,,,,,,,,,,,,,,w,move_up,,0,0
5204,173467,,,,,,,,,,,,,,,,,,,,,,w,move_up,,0,0
5205,173500,,,,,,,,,,,,,,,,,,,,,,w,move_up,,0,0
5206,173533,,,,,,,,,,,,,,,,,,,,,,w,move_up,,0,0
5207,173567,,,,,,,,,,,,,,,,,,,,,,w,move_up,,0,0
5208,173600,,,,,,,,,,,,,,,,,,,,,,w,move_up,,0,0
5209,173633,,,,,,,,,,,,,,,,,,,,,,w,move_up,,0,0
5210,173667,,,,,,,,,,,,,,,,,,,,,,w,move_up,,0,0
5211,173700,,,,,,,,,,,,,,,,,,,,,,e|w,interact|move_up,,0,0
5212,173733,,,,,,,,,,,,,,,,,,,,,,e|w,interact|move_up,,0,0
5213,173767,,,,,,,,,,,,,,,,,,,,,,e|w,interact|move_up,,0,0
5214,173800,,,,,,,,,,,,,,,,,,,,,,e|w,interact|move_up,,0,0
5215,173833,,,,,,,,,,,,,,,,,,,,,,e|w,interact|move_up,,0,0
5216,173867,,,,,,,,,,,,,,,,,,,,,,w,move_up,,0,0
5217,173900,,,,,,,,,,,,,,,,,,,,,,e|w,interact|move_up,,0,0
5218,173933,,,,,,,,,,,,,,,,,,,,,,e|w,interact|move_up,,0,0
5219,173967,,,,,,,,,,,,,,,,,,,,,,e|w,interact|move_up,,0,0
5220,174000,,,,,,,,,,,,,,,,,,,,,,e|w,interact|move_up,,0,0
5221,174033,,,,,,,,,,,,,,,,,,,,,,e|w,interact|move_up,,0,0
5222,174067,,,,,,,,,,,,,,,,,,,,,,e|w,interact|move_up,,0,0
5223,174100,,,,,,,,,,,,,,,,,,,,,,e|w,interact|move_up,,0,0
5224,174133,,,,,,,,,,,,,,,,,,,,,,e|w,interact|move_up,,0,0
5225,174167,,,,,,,,,,,,,,,,,,,,,,e|w,interact|move_up,,0,0
5226,174200,,,,,,,,,,,,,,,,,,,,,,e|w,interact|move_up,,0,0
5227,174233,,,,,,,,,,,,,,,,,,,,,,w,move_up,,0,0
5228,174267,,,,,,,,,,,,,,,,,,,,,,w,move_up,,0,0
5229,174300,,,,,,,,,,,,,,,,,,,,,,e|w,interact|move_up,,0,0
5230,174333,,,,,,,,,,,,,,,,,,,,,,e|w,interact|move_up,,0,0
5231,174367,,,,,,,,,,,,,,,,,,,,,,e|w,interact|move_up,,0,0
5232,174400,,,,,,,,,,,,,,,,,,,,,,e|w,interact|move_up,,0,0
5233,174433,,,,,,,,,,,,,,,,,,,,,,w,move_up,,0,0
5234,174467,,,,,,,,,,,,,,,,,,,,,,w,move_up,,0,0
5235,174500,,,,,,,,,,,,,,,,,,,,,,w,move_up,,0,0
5236,174533,,,,,,,,,,,,,,,,,,,,,,w,move_up,,0,0
5237,174567,,,,,,,,,,,,,,,,,,,,,,e|w,interact|move_up,,0,0
5238,174600,,,,,,,,,,,,,,,,,,,,,,e|w,interact|move_up,,0,0
5239,174633,,,,,,,,,,,,,,,,,,,,,,e|w,interact|move_up,,0,0
5240,174667,,,,,,,,,,,,,,,,,,,,,,e|w,interact|move_up,,0,0
5241,174700,,,,,,,,,,,,,,,,,,,,,,w,move_up,,0,0
5242,174733,,,,,,,,,,,,,,,,,,,,,,w,move_up,,0,0
5243,174767,,,,,,,,,,,,,,,,,,,,,,w,move_up,,0,0
5244,174800,,,,,,,,,,,,,,,,,,,,,,w,move_up,,0,0
5245,174833,,,,,,,,,,,,,,,,,,,,,,w,move_up,,0,0
5246,174867,,,,,,,,,,,,,,,,,,,,,,w,move_up,,0,0
5247,174900,,,,,,,,,,,,,,,,,,,,,,w,move_up,,0,0
5248,174933,,,,,,,,,,,,,,,,,,,,,,w,move_up,,0,0
5249,174967,,,,,,,,,,,,,,,,,,,,,,w,move_up,,0,0
5250,175000,,,,,,,,,,,,,,,,,,,,,,w,move_up,,0,0
5251,175033,,,,,,,,,,,,,,,,,,,,,,a|w,move_up|move_left,,0,0
5252,175067,,,,,,,,,,,,,,,,,,,,,,a|w,move_up|move_left,,0,0
5253,175100,,,,,,,,,,,,,,,,,,,,,,a|w,move_up|move_left,,0,0
5254,175133,,,,,,,,,,,,,,,,,,,,,,a|w,move_up|move_left,,0,0
5255,175167,,,,,,,,,,,,,,,,,,,,,,a|w,move_up|move_left,,0,0
5256,175200,,,,,,,,,,,,,,,,,,,,,,a|w,move_up|move_left,,0,0
5257,175233,,,,,,,,,,,,,,,,,,,,,,a|w,move_up|move_left,,0,0
5258,175267,,,,,,,,,,,,,,,,,,,,,,a|w,move_up|move_left,,0,0
5259,175300,,,,,,,,,,,,,,,,,,,,,,a|w,move_up|move_left,,0,0
5260,175333,,,,,,,,,,,,,,,,,,,,,,w,move_up,,0,0
5261,175367,,,,,,,,,,,,,,,,,,,,,,w,move_up,,0,0
5262,175400,,,,,,,,,,,,,,,,,,,,,,w,move_up,,0,0
5263,175433,,,,,,,,,,,,,,,,,,,,,,w,move_up,,0,0
5264,175467,,,,,,,,,,,,,,,,,,,,,,w,move_up,,0,0
5265,175500,,,,,,,,,,,,,,,,,,,,,,w,move_up,,0,0
5266,175533,,,,,,,,,,,,,,,,,,,,,,a|w,move_up|move_left,,0,0
5267,175567,,,,,,,,,,,,,,,,,,,,,,a|w,move_up|move_left,,0,0
5268,175600,,,,,,,,,,,,,,,,,,,,,,a|w,move_up|move_left,,0,0
5269,175633,,,,,,,,,,,,,,,,,,,,,,a|w,move_up|move_left,,0,0
5270,175667,,,,,,,,,,,,,,,,,,,,,,a|w,move_up|move_left,,0,0
5271,175700,,,,,,,,,,,,,,,,,,,,,,a|w,move_up|move_left,,0,0
5272,175733,,,,,,,,,,,,,,,,,,,,,,a|w,move_up|move_left,,0,0
5273,175767,,,,,,,,,,,,,,,,,,,,,,w,move_up,,0,0
5274,175800,,,,,,,,,,,,,,,,,,,,,,w,move_up,,0,0
5275,175833,,,,,,,,,,,,,,,,,,,,,,e|w,interact|move_up,,0,0
5276,175867,,,,,,,,,,,,,,,,,,,,,,e|w,interact|move_up,,0,0
5277,175900,,,,,,,,,,,,,,,,,,,,,,e|w,interact|move_up,,0,0
5278,175933,,,,,,,,,,,,,,,,,,,,,,e|w,interact|move_up,,0,0
5279,175967,,,,,,,,,,,,,,,,,,,,,,e|w,interact|move_up,,0,0
5280,176000,,,,,,,,,,,,,,,,,,,,,,w,move_up,,0,0
5281,176033,,,,,,,,,,,,,,,,,,,,,,a|w,move_up|move_left,,0,0
5282,176067,,,,,,,,,,,,,,,,,,,,,,a|w,move_up|move_left,,0,0
5283,176100,,,,,,,,,,,,,,,,,,,,,,a|w,move_up|move_left,,0,0
5284,176133,,,,,,,,,,,,,,,,,,,,,,a|w,move_up|move_left,,0,0
5285,176167,,,,,,,,,,,,,,,,,,,,,,a|w,move_up|move_left,,0,0
5286,176200,,,,,,,,,,,,,,,,,,,,,,a|w,move_up|move_left,,0,0
5287,176233,,,,,,,,,,,,,,,,,,,,,,a|w,move_up|move_left,,0,0
5288,176267,,,,,,,,,,,,,,,,,,,,,,w,move_up,,0,0
5289,176300,,,,,,,,,,,,,,,,,,,,,,w,move_up,,0,0
5290,176333,,,,,,,,,,,,,,,,,,,,,,w,move_up,,0,0
5291,176367,,,,,,,,,,,,,,,,,,,,,,w,move_up,,0,0
5292,176400,,,,,,,,,,,,,,,,,,,,,,w,move_up,,0,0
5293,176433,,,,,,,,,,,,,,,,,,,,,,w,move_up,,0,0
5294,176467,,,,,,,,,,,,,,,,,,,,,,w,move_up,,0,0
5295,176500,,,,,,,,,,,,,,,,,,,,,,w,move_up,,0,0
5296,176533,,,,,,,,,,,,,,,,,,,,,,e|w,interact|move_up,,0,0
5297,176567,,,,,,,,,,,,,,,,,,,,,,e|w,interact|move_up,,0,0
5298,176600,,,,,,,,,,,,,,,,,,,,,,e|w,interact|move_up,,0,0
5299,176633,,,,,,,,,,,,,,,,,,,,,,e|w,interact|move_up,,0,0
5300,176667,,,,,,,,,,,,,,,,,,,,,,w,move_up,,0,0
5301,176700,,,,,,,,,,,,,,,,,,,,,,w,move_up,,0,0
5302,176733,,,,,,,,,,,,,,,,,,,,,,w,move_up,,0,0
5303,176767,,,,,,,,,,,,,,,,,,,,,,w,move_up,,0,0
5304,176800,,,,,,,,,,,,,,,,,,,,,,w,move_up,,0,0
5305,176833,,,,,,,,,,,,,,,,,,,,,,w,move_up,,0,0
5306,176867,,,,,,,,,,,,,,,,,,,,,,w,move_up,,0,0
5307,176900,,,,,,,,,,,,,,,,,,,,,,w,move_up,,0,0
5308,176933,,,,,,,,,,,,,,,,,,,,,,w,move_up,,0,0
5309,176967,,,,,,,,,,,,,,,,,,,,,,w,move_up,,0,0
5310,177000,,,,,,,,,,,,,,,,,,,,,,w,move_up,,0,0
5311,177033,,,,,,,,,,,,,,,,,,,,,,w,move_up,,0,0
5312,177067,,,,,,,,,,,,,,,,,,,,,,w,move_up,,0,0
5313,177100,,,,,,,,,,,,,,,,,,,,,,w,move_up,,0,0
5314,177133,,,,,,,,,,,,,,,,,,,,,,w,move_up,,0,0
5315,177167,,,,,,,,,,,,,,,,,,,,,,w,move_up,,0,0
5316,177200,,,,,,,,,,,,,,,,,,,,,,w,move_up,,0,0
5317,177233,,,,,,,,,,,,,,,,,,,,,,w,move_up,,0,0
5318,177267,,,,,,,,,,,,,,,,,,,,,,w,move_up,,0,0
5319,177300,,,,,,,,,,,,,,,,,,,,,,w,move_up,,0,0
5320,177333,,,,,,,,,,,,,,,,,,,,,,w,move_up,,0,0
5321,177367,,,,,,,,,,,,,,,,,,,,,,w,move_up,,0,0
5322,177400,,,,,,,,,,,,,,,,,,,,,,w,move_up,,0,0
5323,177433,,,,,,,,,,,,,,,,,,,,,,w,move_up,,0,0
5324,177467,,,,,,,,,,,,,,,,,,,,,,w,move_up,,0,0
5325,177500,,,,,,,,,,,,,,,,,,,,,,w,move_up,,0,0
5326,177533,,,,,,,,,,,,,,,,,,,,,,,,,0,0
5327,177567,,,,,,,,,,,,,,,,,,,,,,,,,0,0
5328,177600,,,,,,,,,,,,,,,,,,,,,,d,move_right,,0,0
5329,177633,,,,,,,,,,,,,,,,,,,,,,d,move_right,,0,0
5330,177667,,,,,,,,,,,,,,,,,,,,,,d,move_right,,0,0
5331,177700,,,,,,,,,,,,,,,,,,,,,,d|w,move_up|move_right,,0,0
5332,177733,,,,,,,,,,,,,,,,,,,,,,d|w,move_up|move_right,,0,0
5333,177767,,,,,,,,,,,,,,,,,,,,,,w,move_up,,0,0
5334,177800,,,,,,,,,,,,,,,,,,,,,,w,move_up,,0,0
5335,177833,,,,,,,,,,,,,,,,,,,,,,w,move_up,,0,0
5336,177867,,,,,,,,,,,,,,,,,,,,,,w,move_up,,0,0
5337,177900,,,,,,,,,,,,,,,,,,,,,,w,move_up,,0,0
5338,177933,,,,,,,,,,,,,,,,,,,,,,w,move_up,,0,0
5339,177967,,,,,,,,,,,,,,,,,,,,,,w,move_up,,0,0
5340,178000,,,,,,,,,,,,,,,,,,,,,,w,move_up,,0,0
5341,178033,,,,,,,,,,,,,,,,,,,,,,w,move_up,,0,0
5342,178067,,,,,,,,,,,,,,,,,,,,,,w,move_up,,0,0
5343,178100,,,,,,,,,,,,,,,,,,,,,,w,move_up,,0,0
5344,178133,,,,,,,,,,,,,,,,,,,,,,w,move_up,,0,0
5345,178167,,,,,,,,,,,,,,,,,,,,,,w,move_up,,0,0
5346,178200,,,,,,,,,,,,,,,,,,,,,,w,move_up,,0,0
5347,178233,,,,,,,,,,,,,,,,,,,,,,w,move_up,,0,0
5348,178267,,,,,,,,,,,,,,,,,,,,,,e|w,interact|move_up,,0,0
5349,178300,,,,,,,,,,,,,,,,,,,,,,e|w,interact|move_up,,0,0
5350,178333,,,,,,,,,,,,,,,,,,,,,,e|w,interact|move_up,,0,0
5351,178367,,,,,,,,,,,,,,,,,,,,,,e|w,interact|move_up,,0,0
5352,178400,,,,,,,,,,,,,,,,,,,,,,w,move_up,,0,0
5353,178433,,,,,,,,,,,,,,,,,,,,,,e|w,interact|move_up,,0,0
5354,178467,,,,,,,,,,,,,,,,,,,,,,e|w,interact|move_up,,0,0
5355,178500,,,,,,,,,,,,,,,,,,,,,,e|w,interact|move_up,,0,0
5356,178533,,,,,,,,,,,,,,,,,,,,,,e,interact,,0,0
5357,178567,,,,,,,,,,,,,,,,,,,,,,,,,0,0
5358,178600,,,,,,,,,,,,,,,,,,,,,,,,,0,0
5359,178633,,,,,,,,,,,,,,,,,,,,,,,,,0,0
5360,178667,,,,,,,,,,,,,,,,,,,,,,d,move_right,,0,0
5361,178700,,,,,,,,,,,,,,,,,,,,,,d|w,move_up|move_right,,0,0
5362,178733,,,,,,,,,,,,,,,,,,,,,,d|w,move_up|move_right,,0,0
5363,178767,,,,,,,,,,,,,,,,,,,,,,d|w,move_up|move_right,,0,0
5364,178800,,,,,,,,,,,,,,,,,,,,,,d|w,move_up|move_right,,0,0
5365,178833,,,,,,,,,,,,,,,,,,,,,,d|w,move_up|move_right,,0,0
5366,178867,,,,,,,,,,,,,,,,,,,,,,d|w,move_up|move_right,,0,0
5367,178900,,,,,,,,,,,,,,,,,,,,,,d|w,move_up|move_right,,0,0
5368,178933,,,,,,,,,,,,,,,,,,,,,,w,move_up,,0,0
5369,178967,,,,,,,,,,,,,,,,,,,,,,w,move_up,,0,0
5370,179000,,,,,,,,,,,,,,,,,,,,,,w,move_up,,0,0
5371,179033,,,,,,,,,,,,,,,,,,,,,,w,move_up,,0,0
5372,179067,,,,,,,,,,,,,,,,,,,,,,e|w,interact|move_up,,0,0
5373,179100,,,,,,,,,,,,,,,,,,,,,,e|w,interact|move_up,,0,0
5374,179133,,,,,,,,,,,,,,,,,,,,,,e|w,interact|move_up,,0,0
5375,179167,,,,,,,,,,,,,,,,,,,,,,e|w,interact|move_up,,0,0
5376,179200,,,,,,,,,,,,,,,,,,,,,,w,move_up,,0,0
5377,179233,,,,,,,,,,,,,,,,,,,,,,e|w,interact|move_up,,0,0
5378,179267,,,,,,,,,,,,,,,,,,,,,,e|w,interact|move_up,,0,0
5379,179300,,,,,,,,,,,,,,,,,,,,,,e|w,interact|move_up,,0,0
5380,179333,,,,,,,,,,,,,,,,,,,,,,e|w,interact|move_up,,0,0
5381,179367,,,,,,,,,,,,,,,,,,,,,,w,move_up,,0,0
5382,179400,,,,,,,,,,,,,,,,,,,,,,e|w,interact|move_up,,0,0
5383,179433,,,,,,,,,,,,,,,,,,,,,,e|w,interact|move_up,,0,0
5384,179467,,,,,,,,,,,,,,,,,,,,,,e|w,interact|move_up,,0,0
5385,179500,,,,,,,,,,,,,,,,,,,,,,w,move_up,,0,0
5386,179533,,,,,,,,,,,,,,,,,,,,,,w,move_up,,0,0
5387,179567,,,,,,,,,,,,,,,,,,,,,,e|w,interact|move_up,,0,0
5388,179600,,,,,,,,,,,,,,,,,,,,,,a|e|w,interact|move_up|move_left,,0,0
5389,179633,,,,,,,,,,,,,,,,,,,,,,a|e|w,interact|move_up|move_left,,0,0
5390,179667,,,,,,,,,,,,,,,,,,,,,,a|w,move_up|move_left,,0,0
5391,179700,,,,,,,,,,,,,,,,,,,,,,a|w,move_up|move_left,,0,0
5392,179733,,,,,,,,,,,,,,,,,,,,,,a|w,move_up|move_left,,0,0
5393,179767,,,,,,,,,,,,,,,,,,,,,,a|w,move_up|move_left,,0,0
5394,179800,,,,,,,,,,,,,,,,,,,,,,a|w,move_up|move_left,,0,0
5395,179833,,,,,,,,,,,,,,,,,,,,,,a|w,move_up|move_left,,0,0
5396,179867,,,,,,,,,,,,,,,,,,,,,,w,move_up,,0,0
5397,179900,,,,,,,,,,,,,,,,,,,,,,w,move_up,,0,0
5398,179933,,,,,,,,,,,,,,,,,,,,,,w,move_up,,0,0
5399,179967,,,,,,,,,,,,,,,,,,,,,,,,,0,0
5400,180000,,,,,,,,,,,,,,,,,,,,,,,,,0,0
5401,180033,,,,,,,,,,,,,,,,,,,,,,,,,0,0
5402,180067,,,,,,,,,,,,,,,,,,,,,,,,,0,0
5403,180100,,,,,,,,,,,,,,,,,,,,,,w,move_up,,0,0
5404,180133,,,,,,,,,,,,,,,,,,,,,,w,move_up,,0,0
5405,180167,,,,,,,,,,,,,,,,,,,,,,a|w,move_up|move_left,,0,0
5406,180200,,,,,,,,,,,,,,,,,,,,,,a|w,move_up|move_left,,0,0
5407,180233,,,,,,,,,,,,,,,,,,,,,,a|w,move_up|move_left,,0,0
5408,180267,,,,,,,,,,,,,,,,,,,,,,a|w,move_up|move_left,,0,0
5409,180300,,,,,,,,,,,,,,,,,,,,,,a|w,move_up|move_left,,0,0
5410,180333,,,,,,,,,,,,,,,,,,,,,,a|w,move_up|move_left,,0,0
5411,180367,,,,,,,,,,,,,,,,,,,,,,a|w,move_up|move_left,,0,0
5412,180400,,,,,,,,,,,,,,,,,,,,,,a|w,move_up|move_left,,0,0
5413,180433,,,,,,,,,,,,,,,,,,,,,,a|w,move_up|move_left,,0,0
5414,180467,,,,,,,,,,,,,,,,,,,,,,a|w,move_up|move_left,,0,0
5415,180500,,,,,,,,,,,,,,,,,,,,,,a|w,move_up|move_left,,0,0
5416,180533,,,,,,,,,,,,,,,,,,,,,,a|w,move_up|move_left,,0,0
5417,180567,,,,,,,,,,,,,,,,,,,,,,a|w,move_up|move_left,,0,0
5418,180600,,,,,,,,,,,,,,,,,,,,,,a|w,move_up|move_left,,0,0
5419,180633,,,,,,,,,,,,,,,,,,,,,,a|w,move_up|move_left,,0,0
5420,180667,,,,,,,,,,,,,,,,,,,,,,a|w,move_up|move_left,,0,0
5421,180700,,,,,,,,,,,,,,,,,,,,,,a|w,move_up|move_left,,0,0
5422,180733,,,,,,,,,,,,,,,,,,,,,,a|w,move_up|move_left,,0,0
5423,180767,,,,,,,,,,,,,,,,,,,,,,a|w,move_up|move_left,,0,0
5424,180800,,,,,,,,,,,,,,,,,,,,,,w,move_up,,0,0
5425,180833,,,,,,,,,,,,,,,,,,,,,,w,move_up,,0,0
5426,180867,,,,,,,,,,,,,,,,,,,,,,w,move_up,,0,0
5427,180900,,,,,,,,,,,,,,,,,,,,,,w,move_up,,0,0
5428,180933,,,,,,,,,,,,,,,,,,,,,,a|w,move_up|move_left,,0,0
5429,180967,,,,,,,,,,,,,,,,,,,,,,a|w,move_up|move_left,,0,0
5430,181000,,,,,,,,,,,,,,,,,,,,,,a|w,move_up|move_left,,0,0
5431,181033,,,,,,,,,,,,,,,,,,,,,,a|w,move_up|move_left,,0,0
5432,181067,,,,,,,,,,,,,,,,,,,,,,a|w,move_up|move_left,,0,0
5433,181100,,,,,,,,,,,,,,,,,,,,,,a|w,move_up|move_left,,0,0
5434,181133,,,,,,,,,,,,,,,,,,,,,,a|w,move_up|move_left,,0,0
5435,181167,,,,,,,,,,,,,,,,,,,,,,a|w,move_up|move_left,,0,0
5436,181200,,,,,,,,,,,,,,,,,,,,,,a|w,move_up|move_left,,0,0
5437,181233,,,,,,,,,,,,,,,,,,,,,,a|w,move_up|move_left,,0,0
5438,181267,,,,,,,,,,,,,,,,,,,,,,a|w,move_up|move_left,,0,0
5439,181300,,,,,,,,,,,,,,,,,,,,,,a|w,move_up|move_left,,0,0
5440,181333,,,,,,,,,,,,,,,,,,,,,,w,move_up,,0,0
5441,181367,,,,,,,,,,,,,,,,,,,,,,w,move_up,,0,0
5442,181400,,,,,,,,,,,,,,,,,,,,,,w,move_up,,0,0
5443,181433,,,,,,,,,,,,,,,,,,,,,,w,move_up,,0,0
5444,181467,,,,,,,,,,,,,,,,,,,,,,w,move_up,,0,0
5445,181500,,,,,,,,,,,,,,,,,,,,,,w,move_up,,0,0
5446,181533,,,,,,,,,,,,,,,,,,,,,,w,move_up,,0,0
5447,181567,,,,,,,,,,,,,,,,,,,,,,w,move_up,,0,0
5448,181600,,,,,,,,,,,,,,,,,,,,,,w,move_up,,0,0
5449,181633,,,,,,,,,,,,,,,,,,,,,,w,move_up,,0,0
5450,181667,,,,,,,,,,,,,,,,,,,,,,w,move_up,,0,0
5451,181700,,,,,,,,,,,,,,,,,,,,,,w,move_up,,0,0
5452,181733,,,,,,,,,,,,,,,,,,,,,,w,move_up,,0,0
5453,181767,,,,,,,,,,,,,,,,,,,,,,w,move_up,,0,0
5454,181800,,,,,,,,,,,,,,,,,,,,,,w,move_up,,0,0
5455,181833,,,,,,,,,,,,,,,,,,,,,,w,move_up,,0,0
5456,181867,,,,,,,,,,,,,,,,,,,,,,w,move_up,,0,0
5457,181900,,,,,,,,,,,,,,,,,,,,,,w,move_up,,0,0
5458,181933,,,,,,,,,,,,,,,,,,,,,,w,move_up,,0,0
5459,181967,,,,,,,,,,,,,,,,,,,,,,w,move_up,,0,0
5460,182000,,,,,,,,,,,,,,,,,,,,,,w,move_up,,0,0
5461,182033,,,,,,,,,,,,,,,,,,,,,,w,move_up,,0,0
5462,182067,,,,,,,,,,,,,,,,,,,,,,w,move_up,,0,0
5463,182100,,,,,,,,,,,,,,,,,,,,,,w,move_up,,0,0
5464,182133,,,,,,,,,,,,,,,,,,,,,,w,move_up,,0,0
5465,182167,,,,,,,,,,,,,,,,,,,,,,w,move_up,,0,0
5466,182200,,,,,,,,,,,,,,,,,,,,,,w,move_up,,0,0
5467,182233,,,,,,,,,,,,,,,,,,,,,,w,move_up,,0,0
5468,182267,,,,,,,,,,,,,,,,,,,,,,w,move_up,,0,0
5469,182300,,,,,,,,,,,,,,,,,,,,,,w,move_up,,0,0
5470,182333,,,,,,,,,,,,,,,,,,,,,,w,move_up,,0,0
5471,182367,,,,,,,,,,,,,,,,,,,,,,w,move_up,,0,0
5472,182400,,,,,,,,,,,,,,,,,,,,,,w,move_up,,0,0
5473,182433,,,,,,,,,,,,,,,,,,,,,,w,move_up,,0,0
5474,182467,,,,,,,,,,,,,,,,,,,,,,w,move_up,,0,0
5475,182500,,,,,,,,,,,,,,,,,,,,,,w,move_up,,0,0
5476,182533,,,,,,,,,,,,,,,,,,,,,,w,move_up,,0,0
5477,182567,,,,,,,,,,,,,,,,,,,,,,w,move_up,,0,0
5478,182600,,,,,,,,,,,,,,,,,,,,,,w,move_up,,0,0
5479,182633,,,,,,,,,,,,,,,,,,,,,,w,move_up,,0,0
5480,182667,,,,,,,,,,,,,,,,,,,,,,w,move_up,,0,0
5481,182700,,,,,,,,,,,,,,,,,,,,,,w,move_up,,0,0
5482,182733,,,,,,,,,,,,,,,,,,,,,,w,move_up,,0,0
5483,182767,,,,,,,,,,,,,,,,,,,,,,w,move_up,,0,0
5484,182800,,,,,,,,,,,,,,,,,,,,,,w,move_up,,0,0
5485,182833,,,,,,,,,,,,,,,,,,,,,,w,move_up,,0,0
5486,182867,,,,,,,,,,,,,,,,,,,,,,shift|w,move_up,,0,0
5487,182900,,,,,,,,,,,,,,,,,,,,,,shift|w,move_up,,0,0
5488,182933,,,,,,,,,,,,,,,,,,,,,,shift|w,move_up,,0,0
5489,182967,,,,,,,,,,,,,,,,,,,,,,shift|w,move_up,,0,0
5490,183000,,,,,,,,,,,,,,,,,,,,,,shift|w,move_up,,0,0
5491,183033,,,,,,,,,,,,,,,,,,,,,,shift|w,move_up,,0,0
5492,183067,,,,,,,,,,,,,,,,,,,,,,shift|w,move_up,,0,0
5493,183100,,,,,,,,,,,,,,,,,,,,,,shift|w,move_up,,0,0
5494,183133,,,,,,,,,,,,,,,,,,,,,,shift|w,move_up,,0,0
5495,183167,,,,,,,,,,,,,,,,,,,,,,shift|w,move_up,,0,0
5496,183200,,,,,,,,,,,,,,,,,,,,,,shift|w,move_up,,0,0
5497,183233,,,,,,,,,,,,,,,,,,,,,,shift|w,move_up,,0,0
5498,183267,,,,,,,,,,,,,,,,,,,,,,w,move_up,,0,0
5499,183300,,,,,,,,,,,,,,,,,,,,,,w,move_up,,0,0
5500,183333,,,,,,,,,,,,,,,,,,,,,,w,move_up,,0,0
5501,183367,,,,,,,,,,,,,,,,,,,,,,w,move_up,,0,0
5502,183400,,,,,,,,,,,,,,,,,,,,,,w,move_up,,0,0
5503,183433,,,,,,,,,,,,,,,,,,,,,,w,move_up,,0,0
5504,183467,,,,,,,,,,,,,,,,,,,,,,w,move_up,,0,0
5505,183500,,,,,,,,,,,,,,,,,,,,,,w,move_up,,0,0
5506,183533,,,,,,,,,,,,,,,,,,,,,,w,move_up,,0,0
5507,183567,,,,,,,,,,,,,,,,,,,,,,w,move_up,,0,0
5508,183600,,,,,,,,,,,,,,,,,,,,,,w,move_up,,0,0
5509,183633,,,,,,,,,,,,,,,,,,,,,,w,move_up,,0,0
5510,183667,,,,,,,,,,,,,,,,,,,,,,w,move_up,,0,0
5511,183700,,,,,,,,,,,,,,,,,,,,,,w,move_up,,0,0
5512,183733,,,,,,,,,,,,,,,,,,,,,,w,move_up,,0,0
5513,183767,,,,,,,,,,,,,,,,,,,,,,w,move_up,,0,0
5514,183800,,,,,,,,,,,,,,,,,,,,,,w,move_up,,0,0
5515,183833,,,,,,,,,,,,,,,,,,,,,,w,move_up,,0,0
5516,183867,,,,,,,,,,,,,,,,,,,,,,w,move_up,,0,0
5517,183900,,,,,,,,,,,,,,,,,,,,,,w,move_up,,0,0
5518,183933,,,,,,,,,,,,,,,,,,,,,,w,move_up,,0,0
5519,183967,,,,,,,,,,,,,,,,,,,,,,w,move_up,,0,0
5520,184000,,,,,,,,,,,,,,,,,,,,,,w,move_up,,0,0
5521,184033,,,,,,,,,,,,,,,,,,,,,,w,move_up,,0,0
5522,184067,,,,,,,,,,,,,,,,,,,,,,w,move_up,,0,0
5523,184100,,,,,,,,,,,,,,,,,,,,,,w,move_up,,0,0
5524,184133,,,,,,,,,,,,,,,,,,,,,,w,move_up,,0,0
5525,184167,,,,,,,,,,,,,,,,,,,,,,w,move_up,,0,0
5526,184200,,,,,,,,,,,,,,,,,,,,,,w,move_up,,0,0
5527,184233,,,,,,,,,,,,,,,,,,,,,,w,move_up,,0,0
5528,184267,,,,,,,,,,,,,,,,,,,,,,w,move_up,,0,0
5529,184300,,,,,,,,,,,,,,,,,,,,,,w,move_up,,0,0
5530,184333,,,,,,,,,,,,,,,,,,,,,,w,move_up,,0,0
5531,184367,,,,,,,,,,,,,,,,,,,,,,w,move_up,,0,0
5532,184400,,,,,,,,,,,,,,,,,,,,,,w,move_up,,0,0
5533,184433,,,,,,,,,,,,,,,,,,,,,,w,move_up,,0,0
5534,184467,,,,,,,,,,,,,,,,,,,,,,w,move_up,,0,0
5535,184500,,,,,,,,,,,,,,,,,,,,,,d|w,move_up|move_right,,0,0
5536,184533,,,,,,,,,,,,,,,,,,,,,,d|w,move_up|move_right,,0,0
5537,184567,,,,,,,,,,,,,,,,,,,,,,d|w,move_up|move_right,,0,0
5538,184600,,,,,,,,,,,,,,,,,,,,,,d|w,move_up|move_right,,0,0
5539,184633,,,,,,,,,,,,,,,,,,,,,,d|w,move_up|move_right,,0,0
5540,184667,,,,,,,,,,,,,,,,,,,,,,d|w,move_up|move_right,,0,0
5541,184700,,,,,,,,,,,,,,,,,,,,,,w,move_up,,0,0
5542,184733,,,,,,,,,,,,,,,,,,,,,,w,move_up,,0,0
5543,184767,,,,,,,,,,,,,,,,,,,,,,,,,0,0
5544,184800,,,,,,,,,,,,,,,,,,,,,,,,,0,0
5545,184833,,,,,,,,,,,,,,,,,,,,,,,,,0,0
5546,184867,,,,,,,,,,,,,,,,,,,,,,,,,0,0
5547,184900,,,,,,,,,,,,,,,,,,,,,,,,,0,0
5548,184933,,,,,,,,,,,,,,,,,,,,,,d|w,move_up|move_right,,0,0
5549,184967,,,,,,,,,,,,,,,,,,,,,,d|w,move_up|move_right,,0,0
5550,185000,,,,,,,,,,,,,,,,,,,,,,d|w,move_up|move_right,,0,0
5551,185033,,,,,,,,,,,,,,,,,,,,,,d|w,move_up|move_right,,0,0
5552,185067,,,,,,,,,,,,,,,,,,,,,,d|w,move_up|move_right,,0,0
5553,185100,,,,,,,,,,,,,,,,,,,,,,d|w,move_up|move_right,,0,0
5554,185133,,,,,,,,,,,,,,,,,,,,,,d|w,move_up|move_right,,0,0
5555,185167,,,,,,,,,,,,,,,,,,,,,,d|w,move_up|move_right,,0,0
5556,185200,,,,,,,,,,,,,,,,,,,,,,d|w,move_up|move_right,,0,0
5557,185233,,,,,,,,,,,,,,,,,,,,,,d|w,move_up|move_right,,0,0
5558,185267,,,,,,,,,,,,,,,,,,,,,,d|w,move_up|move_right,,0,0
5559,185300,,,,,,,,,,,,,,,,,,,,,,d|w,move_up|move_right,,0,0
5560,185333,,,,,,,,,,,,,,,,,,,,,,w,move_up,,0,0
5561,185367,,,,,,,,,,,,,,,,,,,,,,w,move_up,,0,0
5562,185400,,,,,,,,,,,,,,,,,,,,,,w,move_up,,0,0
5563,185433,,,,,,,,,,,,,,,,,,,,,,w,move_up,,0,0
5564,185467,,,,,,,,,,,,,,,,,,,,,,w,move_up,,0,0
5565,185500,,,,,,,,,,,,,,,,,,,,,,w,move_up,,0,0
5566,185533,,,,,,,,,,,,,,,,,,,,,,w,move_up,,0,0
5567,185567,,,,,,,,,,,,,,,,,,,,,,w,move_up,,0,0
5568,185600,,,,,,,,,,,,,,,,,,,,,,w,move_up,,0,0
5569,185633,,,,,,,,,,,,,,,,,,,,,,w,move_up,,0,0
5570,185667,,,,,,,,,,,,,,,,,,,,,,w,move_up,,0,0
5571,185700,,,,,,,,,,,,,,,,,,,,,,w,move_up,,0,0
5572,185733,,,,,,,,,,,,,,,,,,,,,,w,move_up,,0,0
5573,185767,,,,,,,,,,,,,,,,,,,,,,w,move_up,,0,0
5574,185800,,,,,,,,,,,,,,,,,,,,,,w,move_up,,0,0
5575,185833,,,,,,,,,,,,,,,,,,,,,,w,move_up,,0,0
5576,185867,,,,,,,,,,,,,,,,,,,,,,w,move_up,,0,0
5577,185900,,,,,,,,,,,,,,,,,,,,,,w,move_up,,0,0
5578,185933,,,,,,,,,,,,,,,,,,,,,,w,move_up,,0,0
5579,185967,,,,,,,,,,,,,,,,,,,,,,w,move_up,,0,0
5580,186000,,,,,,,,,,,,,,,,,,,,,,w,move_up,,0,0
5581,186033,,,,,,,,,,,,,,,,,,,,,,,,,0,0
5582,186067,,,,,,,,,,,,,,,,,,,,,,,,,0,0
5583,186100,,,,,,,,,,,,,,,,,,,,,,,,,0,0
5584,186133,,,,,,,,,,,,,,,,,,,,,,,,,0,0
5585,186167,,,,,,,,,,,,,,,,,,,,,,,,,0,0
5586,186200,,,,,,,,,,,,,,,,,,,,,,,,,0,0
5587,186233,,,,,,,,,,,,,,,,,,,,,,w,move_up,,0,0
5588,186267,,,,,,,,,,,,,,,,,,,,,,w,move_up,,0,0
5589,186300,,,,,,,,,,,,,,,,,,,,,,w,move_up,,0,0
5590,186333,,,,,,,,,,,,,,,,,,,,,,w,move_up,,0,0
5591,186367,,,,,,,,,,,,,,,,,,,,,,a|w,move_up|move_left,,0,0
5592,186400,,,,,,,,,,,,,,,,,,,,,,a|w,move_up|move_left,,0,0
5593,186433,,,,,,,,,,,,,,,,,,,,,,a|w,move_up|move_left,,0,0
5594,186467,,,,,,,,,,,,,,,,,,,,,,a|w,move_up|move_left,,0,0
5595,186500,,,,,,,,,,,,,,,,,,,,,,a|w,move_up|move_left,,0,0
5596,186533,,,,,,,,,,,,,,,,,,,,,,a|w,move_up|move_left,,0,0
5597,186567,,,,,,,,,,,,,,,,,,,,,,a|w,move_up|move_left,,0,0
5598,186600,,,,,,,,,,,,,,,,,,,,,,w,move_up,,0,0
5599,186633,,,,,,,,,,,,,,,,,,,,,,w,move_up,,0,0
5600,186667,,,,,,,,,,,,,,,,,,,,,,w,move_up,,0,0
5601,186700,,,,,,,,,,,,,,,,,,,,,,w,move_up,,0,0
5602,186733,,,,,,,,,,,,,,,,,,,,,,w,move_up,,0,0
5603,186767,,,,,,,,,,,,,,,,,,,,,,w,move_up,,0,0
5604,186800,,,,,,,,,,,,,,,,,,,,,,w,move_up,,0,0
5605,186833,,,,,,,,,,,,,,,,,,,,,,,,,0,0
5606,186867,,,,,,,,,,,,,,,,,,,,,,,,,0,0
5607,186900,,,,,,,,,,,,,,,,,,,,,,,,,0,0
5608,186933,,,,,,,,,,,,,,,,,,,,,,,,,0,0
5609,186967,,,,,,,,,,,,,,,,,,,,,,,,,0,0
5610,187000,,,,,,,,,,,,,,,,,,,,,,,,,0,0
5611,187033,,,,,,,,,,,,,,,,,,,,,,,,,0,0
5612,187067,,,,,,,,,,,,,,,,,,,,,,w,move_up,,0,0
5613,187100,,,,,,,,,,,,,,,,,,,,,,w,move_up,,0,0
5614,187133,,,,,,,,,,,,,,,,,,,,,,w,move_up,,0,0
5615,187167,,,,,,,,,,,,,,,,,,,,,,w,move_up,,0,0
5616,187200,,,,,,,,,,,,,,,,,,,,,,e,interact,,0,0
5617,187233,,,,,,,,,,,,,,,,,,,,,,e,interact,,0,0
5618,187267,,,,,,,,,,,,,,,,,,,,,,e,interact,,0,0
5619,187300,,,,,,,,,,,,,,,,,,,,,,e,interact,,0,0
5620,187333,,,,,,,,,,,,,,,,,,,,,,,,,0,0
5621,187367,,,,,,,,,,,,,,,,,,,,,,,,,0,0
5622,187400,,,,,,,,,,,,,,,,,,,,,,,,,0,0
5623,187433,,,,,,,,,,,,,,,,,,,,,,,,,0,0
5624,187467,,,,,,,,,,,,,,,,,,,,,,,,,0,0
5625,187500,,,,,,,,,,,,,,,,,,,,,,,,,0,0
5626,187533,,,,,,,,,,,,,,,,,,,,,,,,,0,0
5627,187567,,,,,,,,,,,,,,,,,,,,,,,,,0,0
5628,187600,,,,,,,,,,,,,,,,,,,,,,s,move_down,,0,0
5629,187633,,,,,,,,,,,,,,,,,,,,,,s,move_down,,0,0
5630,187667,,,,,,,,,,,,,,,,,,,,,,s,move_down,,0,0
5631,187700,,,,,,,,,,,,,,,,,,,,,,d|s,move_down|move_right,,0,0
5632,187733,,,,,,,,,,,,,,,,,,,,,,d,move_right,,0,0
5633,187767,,,,,,,,,,,,,,,,,,,,,,d,move_right,,0,0
5634,187800,,,,,,,,,,,,,,,,,,,,,,d,move_right,,0,0
5635,187833,,,,,,,,,,,,,,,,,,,,,,d|w,move_up|move_right,,0,0
5636,187867,,,,,,,,,,,,,,,,,,,,,,d|w,move_up|move_right,,0,0
5637,187900,,,,,,,,,,,,,,,,,,,,,,d|w,move_up|move_right,,0,0
5638,187933,,,,,,,,,,,,,,,,,,,,,,d|w,move_up|move_right,,0,0
5639,187967,,,,,,,,,,,,,,,,,,,,,,w,move_up,,0,0
5640,188000,,,,,,,,,,,,,,,,,,,,,,w,move_up,,0,0
5641,188033,,,,,,,,,,,,,,,,,,,,,,w,move_up,,0,0
5642,188067,,,,,,,,,,,,,,,,,,,,,,w,move_up,,0,0
5643,188100,,,,,,,,,,,,,,,,,,,,,,w,move_up,,0,0
5644,188133,,,,,,,,,,,,,,,,,,,,,,w,move_up,,0,0
5645,188167,,,,,,,,,,,,,,,,,,,,,,w,move_up,,0,0
5646,188200,,,,,,,,,,,,,,,,,,,,,,w,move_up,,0,0
5647,188233,,,,,,,,,,,,,,,,,,,,,,w,move_up,,0,0
5648,188267,,,,,,,,,,,,,,,,,,,,,,w,move_up,,0,0
5649,188300,,,,,,,,,,,,,,,,,,,,,,w,move_up,,0,0
5650,188333,,,,,,,,,,,,,,,,,,,,,,w,move_up,,0,0
5651,188367,,,,,,,,,,,,,,,,,,,,,,w,move_up,,0,0
5652,188400,,,,,,,,,,,,,,,,,,,,,,w,move_up,,0,0
5653,188433,,,,,,,,,,,,,,,,,,,,,,w,move_up,,0,0
5654,188467,,,,,,,,,,,,,,,,,,,,,,w,move_up,,0,0
5655,188500,,,,,,,,,,,,,,,,,,,,,,w,move_up,,0,0
5656,188533,,,,,,,,,,,,,,,,,,,,,,w,move_up,,0,0
5657,188567,,,,,,,,,,,,,,,,,,,,,,w,move_up,,0,0
5658,188600,,,,,,,,,,,,,,,,,,,,,,w,move_up,,0,0
5659,188633,,,,,,,,,,,,,,,,,,,,,,w,move_up,,0,0
5660,188667,,,,,,,,,,,,,,,,,,,,,,w,move_up,,0,0
5661,188700,,,,,,,,,,,,,,,,,,,,,,w,move_up,,0,0
5662,188733,,,,,,,,,,,,,,,,,,,,,,w,move_up,,0,0
5663,188767,,,,,,,,,,,,,,,,,,,,,,w,move_up,,0,0
5664,188800,,,,,,,,,,,,,,,,,,,,,,w,move_up,,0,0
5665,188833,,,,,,,,,,,,,,,,,,,,,,w,move_up,,0,0
5666,188867,,,,,,,,,,,,,,,,,,,,,,w,move_up,,0,0
5667,188900,,,,,,,,,,,,,,,,,,,,,,w,move_up,,0,0
5668,188933,,,,,,,,,,,,,,,,,,,,,,w,move_up,,0,0
5669,188967,,,,,,,,,,,,,,,,,,,,,,w,move_up,,0,0
5670,189000,,,,,,,,,,,,,,,,,,,,,,w,move_up,,0,0
5671,189033,,,,,,,,,,,,,,,,,,,,,,w,move_up,,0,0
5672,189067,,,,,,,,,,,,,,,,,,,,,,w,move_up,,0,0
5673,189100,,,,,,,,,,,,,,,,,,,,,,w,move_up,,0,0
5674,189133,,,,,,,,,,,,,,,,,,,,,,w,move_up,,0,0
5675,189167,,,,,,,,,,,,,,,,,,,,,,w,move_up,,0,0
5676,189200,,,,,,,,,,,,,,,,,,,,,,w,move_up,,0,0
5677,189233,,,,,,,,,,,,,,,,,,,,,,w,move_up,,0,0
5678,189267,,,,,,,,,,,,,,,,,,,,,,e|w,interact|move_up,,0,0
5679,189300,,,,,,,,,,,,,,,,,,,,,,e|w,interact|move_up,,0,0
5680,189333,,,,,,,,,,,,,,,,,,,,,,e|w,interact|move_up,,0,0
5681,189367,,,,,,,,,,,,,,,,,,,,,,e|w,interact|move_up,,0,0
5682,189400,,,,,,,,,,,,,,,,,,,,,,e|w,interact|move_up,,0,0
5683,189433,,,,,,,,,,,,,,,,,,,,,,w,move_up,,0,0
5684,189467,,,,,,,,,,,,,,,,,,,,,,w,move_up,,0,0
5685,189500,,,,,,,,,,,,,,,,,,,,,,w,move_up,,0,0
5686,189533,,,,,,,,,,,,,,,,,,,,,,w,move_up,,0,0
5687,189567,,,,,,,,,,,,,,,,,,,,,,w,move_up,,0,0
5688,189600,,,,,,,,,,,,,,,,,,,,,,w,move_up,,0,0
5689,189633,,,,,,,,,,,,,,,,,,,,,,w,move_up,,0,0
5690,189667,,,,,,,,,,,,,,,,,,,,,,w,move_up,,0,0
5691,189700,,,,,,,,,,,,,,,,,,,,,,w,move_up,,0,0
5692,189733,,,,,,,,,,,,,,,,,,,,,,w,move_up,,0,0
5693,189767,,,,,,,,,,,,,,,,,,,,,,w,move_up,,0,0
5694,189800,,,,,,,,,,,,,,,,,,,,,,w,move_up,,0,0
5695,189833,,,,,,,,,,,,,,,,,,,,,,w,move_up,,0,0
5696,189867,,,,,,,,,,,,,,,,,,,,,,w,move_up,,0,0
5697,189900,,,,,,,,,,,,,,,,,,,,,,w,move_up,,0,0
5698,189933,,,,,,,,,,,,,,,,,,,,,,w,move_up,,0,0
5699,189967,,,,,,,,,,,,,,,,,,,,,,w,move_up,,0,0
5700,190000,,,,,,,,,,,,,,,,,,,,,,w,move_up,,0,0
5701,190033,,,,,,,,,,,,,,,,,,,,,,w,move_up,,0,0
5702,190067,,,,,,,,,,,,,,,,,,,,,,w,move_up,,0,0
5703,190100,,,,,,,,,,,,,,,,,,,,,,w,move_up,,0,0
5704,190133,,,,,,,,,,,,,,,,,,,,,,w,move_up,,0,0
5705,190167,,,,,,,,,,,,,,,,,,,,,,w,move_up,,0,0
5706,190200,,,,,,,,,,,,,,,,,,,,,,w,move_up,,0,0
5707,190233,,,,,,,,,,,,,,,,,,,,,,w,move_up,,0,0
5708,190267,,,,,,,,,,,,,,,,,,,,,,w,move_up,,0,0
5709,190300,,,,,,,,,,,,,,,,,,,,,,w,move_up,,0,0
5710,190333,,,,,,,,,,,,,,,,,,,,,,w,move_up,,0,0
5711,190367,,,,,,,,,,,,,,,,,,,,,,w,move_up,,0,0
5712,190400,,,,,,,,,,,,,,,,,,,,,,w,move_up,,0,0
5713,190433,,,,,,,,,,,,,,,,,,,,,,w,move_up,,0,0
5714,190467,,,,,,,,,,,,,,,,,,,,,,w,move_up,,0,0
5715,190500,,,,,,,,,,,,,,,,,,,,,,w,move_up,,0,0
5716,190533,,,,,,,,,,,,,,,,,,,,,,w,move_up,,0,0
5717,190567,,,,,,,,,,,,,,,,,,,,,,w,move_up,,0,0
5718,190600,,,,,,,,,,,,,,,,,,,,,,w,move_up,,0,0
5719,190633,,,,,,,,,,,,,,,,,,,,,,w,move_up,,0,0
5720,190667,,,,,,,,,,,,,,,,,,,,,,w,move_up,,0,0
5721,190700,,,,,,,,,,,,,,,,,,,,,,w,move_up,,0,0
5722,190733,,,,,,,,,,,,,,,,,,,,,,w,move_up,,0,0
5723,190767,,,,,,,,,,,,,,,,,,,,,,w,move_up,,0,0
5724,190800,,,,,,,,,,,,,,,,,,,,,,w,move_up,,0,0
5725,190833,,,,,,,,,,,,,,,,,,,,,,w,move_up,,0,0
5726,190867,,,,,,,,,,,,,,,,,,,,,,w,move_up,,0,0
5727,190900,,,,,,,,,,,,,,,,,,,,,,w,move_up,,0,0
5728,190933,,,,,,,,,,,,,,,,,,,,,,w,move_up,,0,0
5729,190967,,,,,,,,,,,,,,,,,,,,,,w,move_up,,0,0
5730,191000,,,,,,,,,,,,,,,,,,,,,,w,move_up,,0,0
5731,191033,,,,,,,,,,,,,,,,,,,,,,w,move_up,,0,0
5732,191067,,,,,,,,,,,,,,,,,,,,,,w,move_up,,0,0
5733,191100,,,,,,,,,,,,,,,,,,,,,,w,move_up,,0,0
5734,191133,,,,,,,,,,,,,,,,,,,,,,w,move_up,,0,0
5735,191167,,,,,,,,,,,,,,,,,,,,,,w,move_up,,0,0
5736,191200,,,,,,,,,,,,,,,,,,,,,,w,move_up,,0,0
5737,191233,,,,,,,,,,,,,,,,,,,,,,w,move_up,,0,0
5738,191267,,,,,,,,,,,,,,,,,,,,,,w,move_up,,0,0
5739,191300,,,,,,,,,,,,,,,,,,,,,,w,move_up,,0,0
5740,191333,,,,,,,,,,,,,,,,,,,,,,w,move_up,,0,0
5741,191367,,,,,,,,,,,,,,,,,,,,,,w,move_up,,0,0
5742,191400,,,,,,,,,,,,,,,,,,,,,,w,move_up,,0,0
5743,191433,,,,,,,,,,,,,,,,,,,,,,w,move_up,,0,0
5744,191467,,,,,,,,,,,,,,,,,,,,,,w,move_up,,0,0
5745,191500,,,,,,,,,,,,,,,,,,,,,,w,move_up,,0,0
5746,191533,,,,,,,,,,,,,,,,,,,,,,w,move_up,,0,0
5747,191567,,,,,,,,,,,,,,,,,,,,,,w,move_up,,0,0
5748,191600,,,,,,,,,,,,,,,,,,,,,,w,move_up,,0,0
5749,191633,,,,,,,,,,,,,,,,,,,,,,w,move_up,,0,0
5750,191667,,,,,,,,,,,,,,,,,,,,,,w,move_up,,0,0
5751,191700,,,,,,,,,,,,,,,,,,,,,,w,move_up,,0,0
5752,191733,,,,,,,,,,,,,,,,,,,,,,w,move_up,,0,0
5753,191767,,,,,,,,,,,,,,,,,,,,,,w,move_up,,0,0
5754,191800,,,,,,,,,,,,,,,,,,,,,,w,move_up,,0,0
5755,191833,,,,,,,,,,,,,,,,,,,,,,w,move_up,,0,0
5756,191867,,,,,,,,,,,,,,,,,,,,,,w,move_up,,0,0
5757,191900,,,,,,,,,,,,,,,,,,,,,,w,move_up,,0,0
5758,191933,,,,,,,,,,,,,,,,,,,,,,w,move_up,,0,0
5759,191967,,,,,,,,,,,,,,,,,,,,,,w,move_up,,0,0
5760,192000,,,,,,,,,,,,,,,,,,,,,,w,move_up,,0,0
5761,192033,,,,,,,,,,,,,,,,,,,,,,w,move_up,,0,0
5762,192067,,,,,,,,,,,,,,,,,,,,,,w,move_up,,0,0
5763,192100,,,,,,,,,,,,,,,,,,,,,,w,move_up,,0,0
5764,192133,,,,,,,,,,,,,,,,,,,,,,w,move_up,,0,0
5765,192167,,,,,,,,,,,,,,,,,,,,,,w,move_up,,0,0
5766,192200,,,,,,,,,,,,,,,,,,,,,,w,move_up,,0,0
5767,192233,,,,,,,,,,,,,,,,,,,,,,w,move_up,,0,0
5768,192267,,,,,,,,,,,,,,,,,,,,,,w,move_up,,0,0
5769,192300,,,,,,,,,,,,,,,,,,,,,,w,move_up,,0,0
5770,192333,,,,,,,,,,,,,,,,,,,,,,w,move_up,,0,0
5771,192367,,,,,,,,,,,,,,,,,,,,,,w,move_up,,0,0
5772,192400,,,,,,,,,,,,,,,,,,,,,,w,move_up,,0,0
5773,192433,,,,,,,,,,,,,,,,,,,,,,w,move_up,,0,0
5774,192467,,,,,,,,,,,,,,,,,,,,,,w,move_up,,0,0
5775,192500,,,,,,,,,,,,,,,,,,,,,,w,move_up,,0,0
5776,192533,,,,,,,,,,,,,,,,,,,,,,w,move_up,,0,0
5777,192567,,,,,,,,,,,,,,,,,,,,,,w,move_up,,0,0
5778,192600,,,,,,,,,,,,,,,,,,,,,,w,move_up,,0,0
5779,192633,,,,,,,,,,,,,,,,,,,,,,w,move_up,,0,0
5780,192667,,,,,,,,,,,,,,,,,,,,,,w,move_up,,0,0
5781,192700,,,,,,,,,,,,,,,,,,,,,,w,move_up,,0,0
5782,192733,,,,,,,,,,,,,,,,,,,,,,w,move_up,,0,0
5783,192767,,,,,,,,,,,,,,,,,,,,,,w,move_up,,0,0
5784,192800,,,,,,,,,,,,,,,,,,,,,,w,move_up,,0,0
5785,192833,,,,,,,,,,,,,,,,,,,,,,w,move_up,,0,0
5786,192867,,,,,,,,,,,,,,,,,,,,,,w,move_up,,0,0
5787,192900,,,,,,,,,,,,,,,,,,,,,,w,move_up,,0,0
5788,192933,,,,,,,,,,,,,,,,,,,,,,w,move_up,,0,0
5789,192967,,,,,,,,,,,,,,,,,,,,,,w,move_up,,0,0
5790,193000,,,,,,,,,,,,,,,,,,,,,,w,move_up,,0,0
5791,193033,,,,,,,,,,,,,,,,,,,,,,w,move_up,,0,0
5792,193067,,,,,,,,,,,,,,,,,,,,,,w,move_up,,0,0
5793,193100,,,,,,,,,,,,,,,,,,,,,,w,move_up,,0,0
5794,193133,,,,,,,,,,,,,,,,,,,,,,w,move_up,,0,0
5795,193167,,,,,,,,,,,,,,,,,,,,,,w,move_up,,0,0
5796,193200,,,,,,,,,,,,,,,,,,,,,,w,move_up,,0,0
5797,193233,,,,,,,,,,,,,,,,,,,,,,w,move_up,,0,0
5798,193267,,,,,,,,,,,,,,,,,,,,,,w,move_up,,0,0
5799,193300,,,,,,,,,,,,,,,,,,,,,,w,move_up,,0,0
5800,193333,,,,,,,,,,,,,,,,,,,,,,w,move_up,,0,0
5801,193367,,,,,,,,,,,,,,,,,,,,,,w,move_up,,0,0
5802,193400,,,,,,,,,,,,,,,,,,,,,,w,move_up,,0,0
5803,193433,,,,,,,,,,,,,,,,,,,,,,w,move_up,,0,0
5804,193467,,,,,,,,,,,,,,,,,,,,,,w,move_up,,0,0
5805,193500,,,,,,,,,,,,,,,,,,,,,,w,move_up,,0,0
5806,193533,,,,,,,,,,,,,,,,,,,,,,w,move_up,,0,0
5807,193567,,,,,,,,,,,,,,,,,,,,,,w,move_up,,0,0
5808,193600,,,,,,,,,,,,,,,,,,,,,,w,move_up,,0,0
5809,193633,,,,,,,,,,,,,,,,,,,,,,w,move_up,,0,0
5810,193667,,,,,,,,,,,,,,,,,,,,,,w,move_up,,0,0
5811,193700,,,,,,,,,,,,,,,,,,,,,,w,move_up,,0,0
5812,193733,,,,,,,,,,,,,,,,,,,,,,w,move_up,,0,0
5813,193767,,,,,,,,,,,,,,,,,,,,,,w,move_up,,0,0
5814,193800,,,,,,,,,,,,,,,,,,,,,,w,move_up,,0,0
5815,193833,,,,,,,,,,,,,,,,,,,,,,w,move_up,,0,0
5816,193867,,,,,,,,,,,,,,,,,,,,,,w,move_up,,0,0
5817,193900,,,,,,,,,,,,,,,,,,,,,,w,move_up,,0,0
5818,193933,,,,,,,,,,,,,,,,,,,,,,w,move_up,,0,0
5819,193967,,,,,,,,,,,,,,,,,,,,,,w,move_up,,0,0
5820,194000,,,,,,,,,,,,,,,,,,,,,,w,move_up,,0,0
5821,194033,,,,,,,,,,,,,,,,,,,,,,w,move_up,,0,0
5822,194067,,,,,,,,,,,,,,,,,,,,,,w,move_up,,0,0
5823,194100,,,,,,,,,,,,,,,,,,,,,,w,move_up,,0,0
5824,194133,,,,,,,,,,,,,,,,,,,,,,w,move_up,,0,0
5825,194167,,,,,,,,,,,,,,,,,,,,,,w,move_up,,0,0
5826,194200,,,,,,,,,,,,,,,,,,,,,,w,move_up,,0,0
5827,194233,,,,,,,,,,,,,,,,,,,,,,w,move_up,,0,0
5828,194267,,,,,,,,,,,,,,,,,,,,,,w,move_up,,0,0
5829,194300,,,,,,,,,,,,,,,,,,,,,,w,move_up,,0,0
5830,194333,,,,,,,,,,,,,,,,,,,,,,w,move_up,,0,0
5831,194367,,,,,,,,,,,,,,,,,,,,,,w,move_up,,0,0
5832,194400,,,,,,,,,,,,,,,,,,,,,,w,move_up,,0,0
5833,194433,,,,,,,,,,,,,,,,,,,,,,w,move_up,,0,0
5834,194467,,,,,,,,,,,,,,,,,,,,,,w,move_up,,0,0
5835,194500,,,,,,,,,,,,,,,,,,,,,,w,move_up,,0,0
5836,194533,,,,,,,,,,,,,,,,,,,,,,w,move_up,,0,0
5837,194567,,,,,,,,,,,,,,,,,,,,,,w,move_up,,0,0
5838,194600,,,,,,,,,,,,,,,,,,,,,,w,move_up,,0,0
5839,194633,,,,,,,,,,,,,,,,,,,,,,w,move_up,,0,0
5840,194667,,,,,,,,,,,,,,,,,,,,,,w,move_up,,0,0
5841,194700,,,,,,,,,,,,,,,,,,,,,,w,move_up,,0,0
5842,194733,,,,,,,,,,,,,,,,,,,,,,w,move_up,,0,0
5843,194767,,,,,,,,,,,,,,,,,,,,,,w,move_up,,0,0
5844,194800,,,,,,,,,,,,,,,,,,,,,,w,move_up,,0,0
5845,194833,,,,,,,,,,,,,,,,,,,,,,w,move_up,,0,0
5846,194867,,,,,,,,,,,,,,,,,,,,,,w,move_up,,0,0
5847,194900,,,,,,,,,,,,,,,,,,,,,,w,move_up,,0,0
5848,194933,,,,,,,,,,,,,,,,,,,,,,w,move_up,,0,0
5849,194967,,,,,,,,,,,,,,,,,,,,,,w,move_up,,0,0
5850,195000,,,,,,,,,,,,,,,,,,,,,,w,move_up,,0,0
5851,195033,,,,,,,,,,,,,,,,,,,,,,w,move_up,,0,0
5852,195067,,,,,,,,,,,,,,,,,,,,,,w,move_up,,0,0
5853,195100,,,,,,,,,,,,,,,,,,,,,,w,move_up,,0,0
5854,195133,,,,,,,,,,,,,,,,,,,,,,w,move_up,,0,0
5855,195167,,,,,,,,,,,,,,,,,,,,,,w,move_up,,0,0
5856,195200,,,,,,,,,,,,,,,,,,,,,,w,move_up,,0,0
5857,195233,,,,,,,,,,,,,,,,,,,,,,w,move_up,,0,0
5858,195267,,,,,,,,,,,,,,,,,,,,,,w,move_up,,0,0
5859,195300,,,,,,,,,,,,,,,,,,,,,,w,move_up,,0,0
5860,195333,,,,,,,,,,,,,,,,,,,,,,w,move_up,,0,0
5861,195367,,,,,,,,,,,,,,,,,,,,,,w,move_up,,0,0
5862,195400,,,,,,,,,,,,,,,,,,,,,,w,move_up,,0,0
5863,195433,,,,,,,,,,,,,,,,,,,,,,w,move_up,,0,0
5864,195467,,,,,,,,,,,,,,,,,,,,,,w,move_up,,0,0
5865,195500,,,,,,,,,,,,,,,,,,,,,,w,move_up,,0,0
5866,195533,,,,,,,,,,,,,,,,,,,,,,w,move_up,,0,0
5867,195567,,,,,,,,,,,,,,,,,,,,,,w,move_up,,0,0
5868,195600,,,,,,,,,,,,,,,,,,,,,,w,move_up,,0,0
5869,195633,,,,,,,,,,,,,,,,,,,,,,w,move_up,,0,0
5870,195667,,,,,,,,,,,,,,,,,,,,,,w,move_up,,0,0
5871,195700,,,,,,,,,,,,,,,,,,,,,,w,move_up,,0,0
5872,195733,,,,,,,,,,,,,,,,,,,,,,w,move_up,,0,0
5873,195767,,,,,,,,,,,,,,,,,,,,,,w,move_up,,0,0
5874,195800,,,,,,,,,,,,,,,,,,,,,,w,move_up,,0,0
5875,195833,,,,,,,,,,,,,,,,,,,,,,w,move_up,,0,0
5876,195867,,,,,,,,,,,,,,,,,,,,,,w,move_up,,0,0
5877,195900,,,,,,,,,,,,,,,,,,,,,,w,move_up,,0,0
5878,195933,,,,,,,,,,,,,,,,,,,,,,w,move_up,,0,0
5879,195967,,,,,,,,,,,,,,,,,,,,,,w,move_up,,0,0
5880,196000,,,,,,,,,,,,,,,,,,,,,,w,move_up,,0,0
5881,196033,,,,,,,,,,,,,,,,,,,,,,w,move_up,,0,0
5882,196067,,,,,,,,,,,,,,,,,,,,,,w,move_up,,0,0
5883,196100,,,,,,,,,,,,,,,,,,,,,,w,move_up,,0,0
5884,196133,,,,,,,,,,,,,,,,,,,,,,d|w,move_up|move_right,,0,0
5885,196167,,,,,,,,,,,,,,,,,,,,,,d|w,move_up|move_right,,0,0
5886,196200,,,,,,,,,,,,,,,,,,,,,,d|w,move_up|move_right,,0,0
5887,196233,,,,,,,,,,,,,,,,,,,,,,d|w,move_up|move_right,,0,0
5888,196267,,,,,,,,,,,,,,,,,,,,,,d|w,move_up|move_right,,0,0
5889,196300,,,,,,,,,,,,,,,,,,,,,,w,move_up,,0,0
5890,196333,,,,,,,,,,,,,,,,,,,,,,w,move_up,,0,0
5891,196367,,,,,,,,,,,,,,,,,,,,,,w,move_up,,0,0
5892,196400,,,,,,,,,,,,,,,,,,,,,,w,move_up,,0,0
5893,196433,,,,,,,,,,,,,,,,,,,,,,w,move_up,,0,0
5894,196467,,,,,,,,,,,,,,,,,,,,,,w,move_up,,0,0
5895,196500,,,,,,,,,,,,,,,,,,,,,,w,move_up,,0,0
5896,196533,,,,,,,,,,,,,,,,,,,,,,w,move_up,,0,0
5897,196567,,,,,,,,,,,,,,,,,,,,,,w,move_up,,0,0
5898,196600,,,,,,,,,,,,,,,,,,,,,,w,move_up,,0,0
5899,196633,,,,,,,,,,,,,,,,,,,,,,w,move_up,,0,0
5900,196667,,,,,,,,,,,,,,,,,,,,,,w,move_up,,0,0
5901,196700,,,,,,,,,,,,,,,,,,,,,,w,move_up,,0,0
5902,196733,,,,,,,,,,,,,,,,,,,,,,w,move_up,,0,0
5903,196767,,,,,,,,,,,,,,,,,,,,,,w,move_up,,0,0
5904,196800,,,,,,,,,,,,,,,,,,,,,,w,move_up,,0,0
5905,196833,,,,,,,,,,,,,,,,,,,,,,w,move_up,,0,0
5906,196867,,,,,,,,,,,,,,,,,,,,,,w,move_up,,0,0
5907,196900,,,,,,,,,,,,,,,,,,,,,,w,move_up,,0,0
5908,196933,,,,,,,,,,,,,,,,,,,,,,w,move_up,,0,0
5909,196967,,,,,,,,,,,,,,,,,,,,,,w,move_up,,0,0
5910,197000,,,,,,,,,,,,,,,,,,,,,,w,move_up,,0,0
5911,197033,,,,,,,,,,,,,,,,,,,,,,w,move_up,,0,0
5912,197067,,,,,,,,,,,,,,,,,,,,,,w,move_up,,0,0
5913,197100,,,,,,,,,,,,,,,,,,,,,,w,move_up,,0,0
5914,197133,,,,,,,,,,,,,,,,,,,,,,w,move_up,,0,0
5915,197167,,,,,,,,,,,,,,,,,,,,,,w,move_up,,0,0
5916,197200,,,,,,,,,,,,,,,,,,,,,,w,move_up,,0,0
5917,197233,,,,,,,,,,,,,,,,,,,,,,w,move_up,,0,0
5918,197267,,,,,,,,,,,,,,,,,,,,,,w,move_up,,0,0
5919,197300,,,,,,,,,,,,,,,,,,,,,,,,,0,0
5920,197333,,,,,,,,,,,,,,,,,,,,,,,,,0,0
5921,197367,,,,,,,,,,,,,,,,,,,,,,,,,0,0
5922,197400,,,,,,,,,,,,,,,,,,,,,,,,,0,0
5923,197433,,,,,,,,,,,,,,,,,,,,,,,,,0,0
5924,197467,,,,,,,,,,,,,,,,,,,,,,,,,0,0
5925,197500,,,,,,,,,,,,,,,,,,,,,,,,,0,0
5926,197533,,,,,,,,,,,,,,,,,,,,,,,,,0,0
5927,197567,,,,,,,,,,,,,,,,,,,,,,,,,0,0
5928,197600,,,,,,,,,,,,,,,,,,,,,,,,,0,0
5929,197633,,,,,,,,,,,,,,,,,,,,,,,,,0,0
5930,197667,,,,,,,,,,,,,,,,,,,,,,,,,0,0
5931,197700,,,,,,,,,,,,,,,,,,,,,,,,,0,0
5932,197733,,,,,,,,,,,,,,,,,,,,,,e,interact,,0,0
5933,197767,,,,,,,,,,,,,,,,,,,,,,e,interact,,0,0
5934,197800,,,,,,,,,,,,,,,,,,,,,,e,interact,,0,0
5935,197833,,,,,,,,,,,,,,,,,,,,,,e,interact,,0,0
5936,197867,,,,,,,,,,,,,,,,,,,,,,,,,0,0
5937,197900,,,,,,,,,,,,,,,,,,,,,,,,,0,0
5938,197933,,,,,,,,,,,,,,,,,,,,,,,,,0,0
5939,197967,,,,,,,,,,,,,,,,,,,,,,,,,0,0
5940,198000,,,,,,,,,,,,,,,,,,,,,,,,,0,0
5941,198033,,,,,,,,,,,,,,,,,,,,,,a,move_left,,0,0
5942,198067,,,,,,,,,,,,,,,,,,,,,,a,move_left,,0,0
5943,198100,,,,,,,,,,,,,,,,,,,,,,a,move_left,,0,0
5944,198133,,,,,,,,,,,,,,,,,,,,,,a,move_left,,0,0
5945,198167,,,,,,,,,,,,,,,,,,,,,,a,move_left,,0,0
5946,198200,,,,,,,,,,,,,,,,,,,,,,a,move_left,,0,0
5947,198233,,,,,,,,,,,,,,,,,,,,,,a,move_left,,0,0
5948,198267,,,,,,,,,,,,,,,,,,,,,,a,move_left,,0,0
5949,198300,,,,,,,,,,,,,,,,,,,,,,a,move_left,,0,0
5950,198333,,,,,,,,,,,,,,,,,,,,,,a,move_left,,0,0
5951,198367,,,,,,,,,,,,,,,,,,,,,,a,move_left,,0,0
5952,198400,,,,,,,,,,,,,,,,,,,,,,a,move_left,,0,0
5953,198433,,,,,,,,,,,,,,,,,,,,,,a,move_left,,0,0
5954,198467,,,,,,,,,,,,,,,,,,,,,,a,move_left,,0,0
5955,198500,,,,,,,,,,,,,,,,,,,,,,a,move_left,,0,0
5956,198533,,,,,,,,,,,,,,,,,,,,,,a,move_left,,0,0
5957,198567,,,,,,,,,,,,,,,,,,,,,,a,move_left,,0,0
5958,198600,,,,,,,,,,,,,,,,,,,,,,a,move_left,,0,0
5959,198633,,,,,,,,,,,,,,,,,,,,,,a,move_left,,0,0
5960,198667,,,,,,,,,,,,,,,,,,,,,,a,move_left,,0,0
5961,198700,,,,,,,,,,,,,,,,,,,,,,a,move_left,,0,0
5962,198733,,,,,,,,,,,,,,,,,,,,,,a,move_left,,0,0
5963,198767,,,,,,,,,,,,,,,,,,,,,,a,move_left,,0,0
5964,198800,,,,,,,,,,,,,,,,,,,,,,,,,0,0
5965,198833,,,,,,,,,,,,,,,,,,,,,,,,,0,0
5966,198867,,,,,,,,,,,,,,,,,,,,,,,,,0,0
5967,198900,,,,,,,,,,,,,,,,,,,,,,s,move_down,,0,0
5968,198933,,,,,,,,,,,,,,,,,,,,,,s,move_down,,0,0
5969,198967,,,,,,,,,,,,,,,,,,,,,,s,move_down,,0,0
5970,199000,,,,,,,,,,,,,,,,,,,,,,s,move_down,,0,0
5971,199033,,,,,,,,,,,,,,,,,,,,,,s,move_down,,0,0
5972,199067,,,,,,,,,,,,,,,,,,,,,,s,move_down,,0,0
5973,199100,,,,,,,,,,,,,,,,,,,,,,s,move_down,,0,0
5974,199133,,,,,,,,,,,,,,,,,,,,,,s,move_down,,0,0
5975,199167,,,,,,,,,,,,,,,,,,,,,,a|s,move_left|move_down,,0,0
5976,199200,,,,,,,,,,,,,,,,,,,,,,a|s,move_left|move_down,,0,0
5977,199233,,,,,,,,,,,,,,,,,,,,,,a|s,move_left|move_down,,0,0
5978,199267,,,,,,,,,,,,,,,,,,,,,,a,move_left,,0,0
5979,199300,,,,,,,,,,,,,,,,,,,,,,a,move_left,,0,0
5980,199333,,,,,,,,,,,,,,,,,,,,,,a,move_left,,0,0
5981,199367,,,,,,,,,,,,,,,,,,,,,,a,move_left,,0,0
5982,199400,,,,,,,,,,,,,,,,,,,,,,a,move_left,,0,0
5983,199433,,,,,,,,,,,,,,,,,,,,,,a,move_left,,0,0
5984,199467,,,,,,,,,,,,,,,,,,,,,,a,move_left,,0,0
5985,199500,,,,,,,,,,,,,,,,,,,,,,a,move_left,,0,0
5986,199533,,,,,,,,,,,,,,,,,,,,,,a,move_left,,0,0
5987,199567,,,,,,,,,,,,,,,,,,,,,,a,move_left,,0,0
5988,199600,,,,,,,,,,,,,,,,,,,,,,a,move_left,,0,0
5989,199633,,,,,,,,,,,,,,,,,,,,,,a,move_left,,0,0
5990,199667,,,,,,,,,,,,,,,,,,,,,,a,move_left,,0,0
5991,199700,,,,,,,,,,,,,,,,,,,,,,a,move_left,,0,0
5992,199733,,,,,,,,,,,,,,,,,,,,,,a,move_left,,0,0
5993,199767,,,,,,,,,,,,,,,,,,,,,,a,move_left,,0,0
5994,199800,,,,,,,,,,,,,,,,,,,,,,a,move_left,,0,0
5995,199833,,,,,,,,,,,,,,,,,,,,,,a,move_left,,0,0
5996,199867,,,,,,,,,,,,,,,,,,,,,,a,move_left,,0,0
5997,199900,,,,,,,,,,,,,,,,,,,,,,a,move_left,,0,0
5998,199933,,,,,,,,,,,,,,,,,,,,,,a|w,move_up|move_left,,0,0
5999,199967,,,,,,,,,,,,,,,,,,,,,,a|w,move_up|move_left,,0,0
6000,200000,,,,,,,,,,,,,,,,,,,,,,a|w,move_up|move_left,,0,0
6001,200033,,,,,,,,,,,,,,,,,,,,,,a|w,move_up|move_left,,0,0
6002,200067,,,,,,,,,,,,,,,,,,,,,,a|w,move_up|move_left,,0,0
6003,200100,,,,,,,,,,,,,,,,,,,,,,a|w,move_up|move_left,,0,0
6004,200133,,,,,,,,,,,,,,,,,,,,,,a|w,move_up|move_left,,0,0
6005,200167,,,,,,,,,,,,,,,,,,,,,,a|w,move_up|move_left,,0,0
6006,200200,,,,,,,,,,,,,,,,,,,,,,a|w,move_up|move_left,,0,0
6007,200233,,,,,,,,,,,,,,,,,,,,,,a,move_left,,0,0
6008,200267,,,,,,,,,,,,,,,,,,,,,,,,,0,0
6009,200300,,,,,,,,,,,,,,,,,,,,,,,,,0,0
6010,200333,,,,,,,,,,,,,,,,,,,,,,,,,0,0
6011,200367,,,,,,,,,,,,,,,,,,,,,,,,,0,0
6012,200400,,,,,,,,,,,,,,,,,,,,,,d,move_right,,0,0
6013,200433,,,,,,,,,,,,,,,,,,,,,,d,move_right,,0,0
6014,200467,,,,,,,,,,,,,,,,,,,,,,d,move_right,,0,0
6015,200500,,,,,,,,,,,,,,,,,,,,,,d,move_right,,0,0
6016,200533,,,,,,,,,,,,,,,,,,,,,,d,move_right,,0,0
6017,200567,,,,,,,,,,,,,,,,,,,,,,d,move_right,,0,0
6018,200600,,,,,,,,,,,,,,,,,,,,,,d,move_right,,0,0
6019,200633,,,,,,,,,,,,,,,,,,,,,,d,move_right,,0,0
6020,200667,,,,,,,,,,,,,,,,,,,,,,d,move_right,,0,0
6021,200700,,,,,,,,,,,,,,,,,,,,,,,,,0,0
6022,200733,,,,,,,,,,,,,,,,,,,,,,,,,0,0
6023,200767,,,,,,,,,,,,,,,,,,,,,,,,,0,0
6024,200800,,,,,,,,,,,,,,,,,,,,,,,,,0,0
6025,200833,,,,,,,,,,,,,,,,,,,,,,,,,0,0
6026,200867,,,,,,,,,,,,,,,,,,,,,,,,,0,0
6027,200900,,,,,,,,,,,,,,,,,,,,,,,,,0,0
6028,200933,,,,,,,,,,,,,,,,,,,,,,,,,0,0
6029,200967,,,,,,,,,,,,,,,,,,,,,,,,,0,0
6030,201000,,,,,,,,,,,,,,,,,,,,,,,,,0,0
6031,201033,,,,,,,,,,,,,,,,,,,,,,,,,0,0
6032,201067,,,,,,,,,,,,,,,,,,,,,,,,,0,0
6033,201100,,,,,,,,,,,,,,,,,,,,,,,,,0,0
6034,201133,,,,,,,,,,,,,,,,,,,,,,,,,0,0
6035,201167,,,,,,,,,,,,,,,,,,,,,,,,,0,0
6036,201200,,,,,,,,,,,,,,,,,,,,,,,,,0,0
6037,201233,,,,,,,,,,,,,,,,,,,,,,,,,0,0
6038,201267,,,,,,,,,,,,,,,,,,,,,,,,,0,0
6039,201300,,,,,,,,,,,,,,,,,,,,,,s,move_down,,0,0
6040,201333,,,,,,,,,,,,,,,,,,,,,,s,move_down,,0,0
6041,201367,,,,,,,,,,,,,,,,,,,,,,s,move_down,,0,0
6042,201400,,,,,,,,,,,,,,,,,,,,,,s,move_down,,0,0
6043,201433,,,,,,,,,,,,,,,,,,,,,,s,move_down,,0,0
6044,201467,,,,,,,,,,,,,,,,,,,,,,,,,0,0
6045,201500,,,,,,,,,,,,,,,,,,,,,,,,,0,0
6046,201533,,,,,,,,,,,,,,,,,,,,,,,,,0,0
6047,201567,,,,,,,,,,,,,,,,,,,,,,,,,0,0
6048,201600,,,,,,,,,,,,,,,,,,,,,,e,interact,,0,0
6049,201633,,,,,,,,,,,,,,,,,,,,,,e,interact,,0,0
6050,201667,,,,,,,,,,,,,,,,,,,,,,e,interact,,0,0
6051,201700,,,,,,,,,,,,,,,,,,,,,,e,interact,,0,0
6052,201733,,,,,,,,,,,,,,,,,,,,,,e,interact,,0,0
6053,201767,,,,,,,,,,,,,,,,,,,,,,e,interact,,0,0
6054,201800,,,,,,,,,,,,,,,,,,,,,,e,interact,,0,0
6055,201833,,,,,,,,,,,,,,,,,,,,,,e,interact,,0,0
6056,201867,,,,,,,,,,,,,,,,,,,,,,e,interact,,0,0
6057,201900,,,,,,,,,,,,,,,,,,,,,,e,interact,,0,0
6058,201933,,,,,,,,,,,,,,,,,,,,,,e,interact,,0,0
6059,201967,,,,,,,,,,,,,,,,,,,,,,e,interact,,0,0
6060,202000,,,,,,,,,,,,,,,,,,,,,,e,interact,,0,0
6061,202033,,,,,,,,,,,,,,,,,,,,,,e,interact,,0,0
6062,202067,,,,,,,,,,,,,,,,,,,,,,e,interact,,0,0
6063,202100,,,,,,,,,,,,,,,,,,,,,,e,interact,,0,0
6064,202133,,,,,,,,,,,,,,,,,,,,,,e,interact,,0,0
6065,202167,,,,,,,,,,,,,,,,,,,,,,e,interact,,0,0
6066,202200,,,,,,,,,,,,,,,,,,,,,,e,interact,,0,0
6067,202233,,,,,,,,,,,,,,,,,,,,,,e,interact,,0,0
6068,202267,,,,,,,,,,,,,,,,,,,,,,e,interact,,0,0
6069,202300,,,,,,,,,,,,,,,,,,,,,,e,interact,,0,0
6070,202333,,,,,,,,,,,,,,,,,,,,,,e,interact,,0,0
6071,202367,,,,,,,,,,,,,,,,,,,,,,e,interact,,0,0
6072,202400,,,,,,,,,,,,,,,,,,,,,,e,interact,,0,0
6073,202433,,,,,,,,,,,,,,,,,,,,,,e,interact,,0,0
6074,202467,,,,,,,,,,,,,,,,,,,,,,e,interact,,0,0
6075,202500,,,,,,,,,,,,,,,,,,,,,,e,interact,,0,0
6076,202533,,,,,,,,,,,,,,,,,,,,,,e,interact,,0,0
6077,202567,,,,,,,,,,,,,,,,,,,,,,e,interact,,0,0
6078,202600,,,,,,,,,,,,,,,,,,,,,,e,interact,,0,0
6079,202633,,,,,,,,,,,,,,,,,,,,,,e,interact,,0,0
6080,202667,,,,,,,,,,,,,,,,,,,,,,e,interact,,0,0
6081,202700,,,,,,,,,,,,,,,,,,,,,,e,interact,,0,0
6082,202733,,,,,,,,,,,,,,,,,,,,,,e,interact,,0,0
6083,202767,,,,,,,,,,,,,,,,,,,,,,e,interact,,0,0
6084,202800,,,,,,,,,,,,,,,,,,,,,,e,interact,,0,0
6085,202833,,,,,,,,,,,,,,,,,,,,,,e,interact,,0,0
6086,202867,,,,,,,,,,,,,,,,,,,,,,e,interact,,0,0
6087,202900,,,,,,,,,,,,,,,,,,,,,,e,interact,,0,0
6088,202933,,,,,,,,,,,,,,,,,,,,,,e,interact,,0,0
6089,202967,,,,,,,,,,,,,,,,,,,,,,e,interact,,0,0
6090,203000,,,,,,,,,,,,,,,,,,,,,,e,interact,,0,0
6091,203033,,,,,,,,,,,,,,,,,,,,,,a,move_left,,0,0
6092,203067,,,,,,,,,,,,,,,,,,,,,,a,move_left,,0,0
6093,203100,,,,,,,,,,,,,,,,,,,,,,a,move_left,,0,0
6094,203133,,,,,,,,,,,,,,,,,,,,,,a,move_left,,0,0
6095,203167,,,,,,,,,,,,,,,,,,,,,,a,move_left,,0,0
6096,203200,,,,,,,,,,,,,,,,,,,,,,a,move_left,,0,0
6097,203233,,,,,,,,,,,,,,,,,,,,,,a,move_left,,0,0
6098,203267,,,,,,,,,,,,,,,,,,,,,,a,move_left,,0,0
6099,203300,,,,,,,,,,,,,,,,,,,,,,a,move_left,,0,0
6100,203333,,,,,,,,,,,,,,,,,,,,,,,,,0,0
6101,203367,,,,,,,,,,,,,,,,,,,,,,,,,0,0
6102,203400,,,,,,,,,,,,,,,,,,,,,,,,,0,0
6103,203433,,,,,,,,,,,,,,,,,,,,,,,,,0,0
6104,203467,,,,,,,,,,,,,,,,,,,,,,,,,0,0
6105,203500,,,,,,,,,,,,,,,,,,,,,,,,,0,0
6106,203533,,,,,,,,,,,,,,,,,,,,,,,,,0,0
6107,203567,,,,,,,,,,,,,,,,,,,,,,,,,0,0
6108,203600,,,,,,,,,,,,,,,,,,,,,,,,,0,0
6109,203633,,,,,,,,,,,,,,,,,,,,,,d,move_right,,0,0
6110,203667,,,,,,,,,,,,,,,,,,,,,,d,move_right,,0,0
6111,203700,,,,,,,,,,,,,,,,,,,,,,d,move_right,,0,0
6112,203733,,,,,,,,,,,,,,,,,,,,,,,,,0,0
6113,203767,,,,,,,,,,,,,,,,,,,,,,,,,0,0
6114,203800,,,,,,,,,,,,,,,,,,,,,,,,,0,0
6115,203833,,,,,,,,,,,,,,,,,,,,,,e,interact,,0,0
6116,203867,,,,,,,,,,,,,,,,,,,,,,e,interact,,0,0
6117,203900,,,,,,,,,,,,,,,,,,,,,,e,interact,,0,0
6118,203933,,,,,,,,,,,,,,,,,,,,,,e,interact,,0,0
6119,203967,,,,,,,,,,,,,,,,,,,,,,e,interact,,0,0
6120,204000,,,,,,,,,,,,,,,,,,,,,,e,interact,,0,0
6121,204033,,,,,,,,,,,,,,,,,,,,,,e,interact,,0,0
6122,204067,,,,,,,,,,,,,,,,,,,,,,e,interact,,0,0
6123,204100,,,,,,,,,,,,,,,,,,,,,,e,interact,,0,0
6124,204133,,,,,,,,,,,,,,,,,,,,,,e,interact,,0,0
6125,204167,,,,,,,,,,,,,,,,,,,,,,e,interact,,0,0
6126,204200,,,,,,,,,,,,,,,,,,,,,,e,interact,,0,0
6127,204233,,,,,,,,,,,,,,,,,,,,,,e,interact,,0,0
6128,204267,,,,,,,,,,,,,,,,,,,,,,e,interact,,0,0
6129,204300,,,,,,,,,,,,,,,,,,,,,,e,interact,,0,0
6130,204333,,,,,,,,,,,,,,,,,,,,,,e,interact,,0,0
6131,204367,,,,,,,,,,,,,,,,,,,,,,e,interact,,0,0
6132,204400,,,,,,,,,,,,,,,,,,,,,,e,interact,,0,0
6133,204433,,,,,,,,,,,,,,,,,,,,,,e,interact,,0,0
6134,204467,,,,,,,,,,,,,,,,,,,,,,e,interact,,0,0
6135,204500,,,,,,,,,,,,,,,,,,,,,,e,interact,,0,0
6136,204533,,,,,,,,,,,,,,,,,,,,,,e,interact,,0,0
6137,204567,,,,,,,,,,,,,,,,,,,,,,e,interact,,0,0
6138,204600,,,,,,,,,,,,,,,,,,,,,,e,interact,,0,0
6139,204633,,,,,,,,,,,,,,,,,,,,,,e,interact,,0,0
6140,204667,,,,,,,,,,,,,,,,,,,,,,e,interact,,0,0
6141,204700,,,,,,,,,,,,,,,,,,,,,,e,interact,,0,0
6142,204733,,,,,,,,,,,,,,,,,,,,,,e,interact,,0,0
6143,204767,,,,,,,,,,,,,,,,,,,,,,e,interact,,0,0
6144,204800,,,,,,,,,,,,,,,,,,,,,,e,interact,,0,0
6145,204833,,,,,,,,,,,,,,,,,,,,,,e,interact,,0,0
6146,204867,,,,,,,,,,,,,,,,,,,,,,e,interact,,0,0
6147,204900,,,,,,,,,,,,,,,,,,,,,,e,interact,,0,0
6148,204933,,,,,,,,,,,,,,,,,,,,,,e,interact,,0,0
6149,204967,,,,,,,,,,,,,,,,,,,,,,e,interact,,0,0
6150,205000,,,,,,,,,,,,,,,,,,,,,,e,interact,,0,0
6151,205033,,,,,,,,,,,,,,,,,,,,,,e,interact,,0,0
6152,205067,,,,,,,,,,,,,,,,,,,,,,e,interact,,0,0
6153,205100,,,,,,,,,,,,,,,,,,,,,,e,interact,,0,0
6154,205133,,,,,,,,,,,,,,,,,,,,,,e,interact,,0,0
6155,205167,,,,,,,,,,,,,,,,,,,,,,e,interact,,0,0
6156,205200,,,,,,,,,,,,,,,,,,,,,,e,interact,,0,0
6157,205233,,,,,,,,,,,,,,,,,,,,,,e,interact,,0,0
6158,205267,,,,,,,,,,,,,,,,,,,,,,e,interact,,0,0
6159,205300,,,,,,,,,,,,,,,,,,,,,,e,interact,,0,0
6160,205333,,,,,,,,,,,,,,,,,,,,,,e,interact,,0,0
6161,205367,,,,,,,,,,,,,,,,,,,,,,e,interact,,0,0
6162,205400,,,,,,,,,,,,,,,,,,,,,,e,interact,,0,0
6163,205433,,,,,,,,,,,,,,,,,,,,,,e,interact,,0,0
6164,205467,,,,,,,,,,,,,,,,,,,,,,e,interact,,0,0
6165,205500,,,,,,,,,,,,,,,,,,,,,,e,interact,,0,0
6166,205533,,,,,,,,,,,,,,,,,,,,,,e,interact,,0,0
6167,205567,,,,,,,,,,,,,,,,,,,,,,e,interact,,0,0
6168,205600,,,,,,,,,,,,,,,,,,,,,,e,interact,,0,0
6169,205633,,,,,,,,,,,,,,,,,,,,,,e,interact,,0,0
6170,205667,,,,,,,,,,,,,,,,,,,,,,e,interact,,0,0
6171,205700,,,,,,,,,,,,,,,,,,,,,,e,interact,,0,0
6172,205733,,,,,,,,,,,,,,,,,,,,,,e,interact,,0,0
6173,205767,,,,,,,,,,,,,,,,,,,,,,e,interact,,0,0
6174,205800,,,,,,,,,,,,,,,,,,,,,,e,interact,,0,0
6175,205833,,,,,,,,,,,,,,,,,,,,,,e,interact,,0,0
6176,205867,,,,,,,,,,,,,,,,,,,,,,e,interact,,0,0
6177,205900,,,,,,,,,,,,,,,,,,,,,,e,interact,,0,0
6178,205933,,,,,,,,,,,,,,,,,,,,,,e,interact,,0,0
6179,205967,,,,,,,,,,,,,,,,,,,,,,e,interact,,0,0
6180,206000,,,,,,,,,,,,,,,,,,,,,,e,interact,,0,0
6181,206033,,,,,,,,,,,,,,,,,,,,,,e,interact,,0,0
6182,206067,,,,,,,,,,,,,,,,,,,,,,e,interact,,0,0
6183,206100,,,,,,,,,,,,,,,,,,,,,,e,interact,,0,0
6184,206133,,,,,,,,,,,,,,,,,,,,,,e,interact,,0,0
6185,206167,,,,,,,,,,,,,,,,,,,,,,e,interact,,0,0
6186,206200,,,,,,,,,,,,,,,,,,,,,,e,interact,,0,0
6187,206233,,,,,,,,,,,,,,,,,,,,,,e,interact,,0,0
6188,206267,,,,,,,,,,,,,,,,,,,,,,e,interact,,0,0
6189,206300,,,,,,,,,,,,,,,,,,,,,,e,interact,,0,0
6190,206333,,,,,,,,,,,,,,,,,,,,,,e,interact,,0,0
6191,206367,,,,,,,,,,,,,,,,,,,,,,e,interact,,0,0
6192,206400,,,,,,,,,,,,,,,,,,,,,,e,interact,,0,0
6193,206433,,,,,,,,,,,,,,,,,,,,,,e,interact,,0,0
6194,206467,,,,,,,,,,,,,,,,,,,,,,e,interact,,0,0
6195,206500,,,,,,,,,,,,,,,,,,,,,,e,interact,,0,0
6196,206533,,,,,,,,,,,,,,,,,,,,,,e,interact,,0,0
6197,206567,,,,,,,,,,,,,,,,,,,,,,e,interact,,0,0
6198,206600,,,,,,,,,,,,,,,,,,,,,,e,interact,,0,0
6199,206633,,,,,,,,,,,,,,,,,,,,,,e,interact,,0,0
6200,206667,,,,,,,,,,,,,,,,,,,,,,e,interact,,0,0
6201,206700,,,,,,,,,,,,,,,,,,,,,,e,interact,,0,0
6202,206733,,,,,,,,,,,,,,,,,,,,,,e,interact,,0,0
6203,206767,,,,,,,,,,,,,,,,,,,,,,e,interact,,0,0
6204,206800,,,,,,,,,,,,,,,,,,,,,,e,interact,,0,0
6205,206833,,,,,,,,,,,,,,,,,,,,,,e,interact,,0,0
6206,206867,,,,,,,,,,,,,,,,,,,,,,e,interact,,0,0
6207,206900,,,,,,,,,,,,,,,,,,,,,,e,interact,,0,0
6208,206933,,,,,,,,,,,,,,,,,,,,,,e,interact,,0,0
6209,206967,,,,,,,,,,,,,,,,,,,,,,e,interact,,0,0
6210,207000,,,,,,,,,,,,,,,,,,,,,,e,interact,,0,0
6211,207033,,,,,,,,,,,,,,,,,,,,,,e,interact,,0,0
6212,207067,,,,,,,,,,,,,,,,,,,,,,e,interact,,0,0
6213,207100,,,,,,,,,,,,,,,,,,,,,,e,interact,,0,0
6214,207133,,,,,,,,,,,,,,,,,,,,,,e,interact,,0,0
6215,207167,,,,,,,,,,,,,,,,,,,,,,e,interact,,0,0
6216,207200,,,,,,,,,,,,,,,,,,,,,,e,interact,,0,0
6217,207233,,,,,,,,,,,,,,,,,,,,,,e,interact,,0,0
6218,207267,,,,,,,,,,,,,,,,,,,,,,e,interact,,0,0
6219,207300,,,,,,,,,,,,,,,,,,,,,,e,interact,,0,0
6220,207333,,,,,,,,,,,,,,,,,,,,,,e,interact,,0,0
6221,207367,,,,,,,,,,,,,,,,,,,,,,e,interact,,0,0
6222,207400,,,,,,,,,,,,,,,,,,,,,,e,interact,,0,0
6223,207433,,,,,,,,,,,,,,,,,,,,,,e,interact,,0,0
6224,207467,,,,,,,,,,,,,,,,,,,,,,e,interact,,0,0
6225,207500,,,,,,,,,,,,,,,,,,,,,,e,interact,,0,0
6226,207533,,,,,,,,,,,,,,,,,,,,,,e,interact,,0,0
6227,207567,,,,,,,,,,,,,,,,,,,,,,e,interact,,0,0
6228,207600,,,,,,,,,,,,,,,,,,,,,,e,interact,,0,0
6229,207633,,,,,,,,,,,,,,,,,,,,,,e,interact,,0,0
6230,207667,,,,,,,,,,,,,,,,,,,,,,e,interact,,0,0
6231,207700,,,,,,,,,,,,,,,,,,,,,,e,interact,,0,0
6232,207733,,,,,,,,,,,,,,,,,,,,,,e,interact,,0,0
6233,207767,,,,,,,,,,,,,,,,,,,,,,e,interact,,0,0
6234,207800,,,,,,,,,,,,,,,,,,,,,,e,interact,,0,0
6235,207833,,,,,,,,,,,,,,,,,,,,,,e,interact,,0,0
6236,207867,,,,,,,,,,,,,,,,,,,,,,e,interact,,0,0
6237,207900,,,,,,,,,,,,,,,,,,,,,,e,interact,,0,0
6238,207933,,,,,,,,,,,,,,,,,,,,,,e,interact,,0,0
6239,207967,,,,,,,,,,,,,,,,,,,,,,e,interact,,0,0
6240,208000,,,,,,,,,,,,,,,,,,,,,,e,interact,,0,0
6241,208033,,,,,,,,,,,,,,,,,,,,,,e,interact,,0,0
6242,208067,,,,,,,,,,,,,,,,,,,,,,e,interact,,0,0
6243,208100,,,,,,,,,,,,,,,,,,,,,,e,interact,,0,0
6244,208133,,,,,,,,,,,,,,,,,,,,,,e,interact,,0,0
6245,208167,,,,,,,,,,,,,,,,,,,,,,e,interact,,0,0
6246,208200,,,,,,,,,,,,,,,,,,,,,,e,interact,,0,0
6247,208233,,,,,,,,,,,,,,,,,,,,,,e,interact,,0,0
6248,208267,,,,,,,,,,,,,,,,,,,,,,e,interact,,0,0
6249,208300,,,,,,,,,,,,,,,,,,,,,,e,interact,,0,0
6250,208333,,,,,,,,,,,,,,,,,,,,,,e,interact,,0,0
6251,208367,,,,,,,,,,,,,,,,,,,,,,e,interact,,0,0
6252,208400,,,,,,,,,,,,,,,,,,,,,,e,interact,,0,0
6253,208433,,,,,,,,,,,,,,,,,,,,,,e,interact,,0,0
6254,208467,,,,,,,,,,,,,,,,,,,,,,e,interact,,0,0
6255,208500,,,,,,,,,,,,,,,,,,,,,,e,interact,,0,0
6256,208533,,,,,,,,,,,,,,,,,,,,,,e,interact,,0,0
6257,208567,,,,,,,,,,,,,,,,,,,,,,e,interact,,0,0
6258,208600,,,,,,,,,,,,,,,,,,,,,,e,interact,,0,0
6259,208633,,,,,,,,,,,,,,,,,,,,,,e,interact,,0,0
6260,208667,,,,,,,,,,,,,,,,,,,,,,e,interact,,0,0
6261,208700,,,,,,,,,,,,,,,,,,,,,,e,interact,,0,0
6262,208733,,,,,,,,,,,,,,,,,,,,,,e,interact,,0,0
6263,208767,,,,,,,,,,,,,,,,,,,,,,e,interact,,0,0
6264,208800,,,,,,,,,,,,,,,,,,,,,,e,interact,,0,0
6265,208833,,,,,,,,,,,,,,,,,,,,,,e,interact,,0,0
6266,208867,,,,,,,,,,,,,,,,,,,,,,e,interact,,0,0
6267,208900,,,,,,,,,,,,,,,,,,,,,,e,interact,,0,0
6268,208933,,,,,,,,,,,,,,,,,,,,,,e,interact,,0,0
6269,208967,,,,,,,,,,,,,,,,,,,,,,a|e,interact|move_left,,0,0
6270,209000,,,,,,,,,,,,,,,,,,,,,,a,move_left,,0,0
6271,209033,,,,,,,,,,,,,,,,,,,,,,a,move_left,,0,0
6272,209067,,,,,,,,,,,,,,,,,,,,,,a,move_left,,0,0
6273,209100,,,,,,,,,,,,,,,,,,,,,,a,move_left,,0,0
6274,209133,,,,,,,,,,,,,,,,,,,,,,a,move_left,,0,0
6275,209167,,,,,,,,,,,,,,,,,,,,,,a,move_left,,0,0
6276,209200,,,,,,,,,,,,,,,,,,,,,,a,move_left,,0,0
6277,209233,,,,,,,,,,,,,,,,,,,,,,a,move_left,,0,0
6278,209267,,,,,,,,,,,,,,,,,,,,,,a,move_left,,0,0
6279,209300,,,,,,,,,,,,,,,,,,,,,,a,move_left,,0,0
6280,209333,,,,,,,,,,,,,,,,,,,,,,,,,0,0
6281,209367,,,,,,,,,,,,,,,,,,,,,,,,,0,0
6282,209400,,,,,,,,,,,,,,,,,,,,,,a,move_left,,0,0
6283,209433,,,,,,,,,,,,,,,,,,,,,,a,move_left,,0,0
6284,209467,,,,,,,,,,,,,,,,,,,,,,a,move_left,,0,0
6285,209500,,,,,,,,,,,,,,,,,,,,,,a|e,interact|move_left,,0,0
6286,209533,,,,,,,,,,,,,,,,,,,,,,a|e,interact|move_left,,0,0
6287,209567,,,,,,,,,,,,,,,,,,,,,,a|e,interact|move_left,,0,0
6288,209600,,,,,,,,,,,,,,,,,,,,,,a|e,interact|move_left,,0,0
6289,209633,,,,,,,,,,,,,,,,,,,,,,a,move_left,,0,0
6290,209667,,,,,,,,,,,,,,,,,,,,,,,,,0,0
6291,209700,,,,,,,,,,,,,,,,,,,,,,,,,0,0
6292,209733,,,,,,,,,,,,,,,,,,,,,,,,,0,0
6293,209767,,,,,,,,,,,,,,,,,,,,,,,,,0,0
6294,209800,,,,,,,,,,,,,,,,,,,,,,,,,0,0
6295,209833,,,,,,,,,,,,,,,,,,,,,,,,,0,0
6296,209867,,,,,,,,,,,,,,,,,,,,,,,,,0,0
6297,209900,,,,,,,,,,,,,,,,,,,,,,,,,0,0
6298,209933,,,,,,,,,,,,,,,,,,,,,,,,,0,0
6299,209967,,,,,,,,,,,,,,,,,,,,,,,,,0,0
6300,210000,,,,,,,,,,,,,,,,,,,,,,,,,0,0
6301,210033,,,,,,,,,,,,,,,,,,,,,,,,,0,0
6302,210067,,,,,,,,,,,,,,,,,,,,,,e,interact,,0,0
6303,210100,,,,,,,,,,,,,,,,,,,,,,e,interact,,0,0
6304,210133,,,,,,,,,,,,,,,,,,,,,,e,interact,,0,0
6305,210167,,,,,,,,,,,,,,,,,,,,,,e,interact,,0,0
6306,210200,,,,,,,,,,,,,,,,,,,,,,,,,0,0
6307,210233,,,,,,,,,,,,,,,,,,,,,,,,,0,0
6308,210267,,,,,,,,,,,,,,,,,,,,,,,,,0,0
6309,210300,,,,,,,,,,,,,,,,,,,,,,,,,0,0
6310,210333,,,,,,,,,,,,,,,,,,,,,,,,,0,0
6311,210367,,,,,,,,,,,,,,,,,,,,,,,,,0,0
6312,210400,,,,,,,,,,,,,,,,,,,,,,a,move_left,,0,0
6313,210433,,,,,,,,,,,,,,,,,,,,,,a,move_left,,0,0
6314,210467,,,,,,,,,,,,,,,,,,,,,,a,move_left,,0,0
6315,210500,,,,,,,,,,,,,,,,,,,,,,a,move_left,,0,0
6316,210533,,,,,,,,,,,,,,,,,,,,,,a,move_left,,0,0
6317,210567,,,,,,,,,,,,,,,,,,,,,,a,move_left,,0,0
6318,210600,,,,,,,,,,,,,,,,,,,,,,a|w,move_up|move_left,,0,0
6319,210633,,,,,,,,,,,,,,,,,,,,,,a|w,move_up|move_left,,0,0
6320,210667,,,,,,,,,,,,,,,,,,,,,,a|w,move_up|move_left,,0,0
6321,210700,,,,,,,,,,,,,,,,,,,,,,a|w,move_up|move_left,,0,0
6322,210733,,,,,,,,,,,,,,,,,,,,,,a|w,move_up|move_left,,0,0
6323,210767,,,,,,,,,,,,,,,,,,,,,,a|w,move_up|move_left,,0,0
6324,210800,,,,,,,,,,,,,,,,,,,,,,a|w,move_up|move_left,,0,0
6325,210833,,,,,,,,,,,,,,,,,,,,,,a|w,move_up|move_left,,0,0
6326,210867,,,,,,,,,,,,,,,,,,,,,,a|w,move_up|move_left,,0,0
6327,210900,,,,,,,,,,,,,,,,,,,,,,a|w,move_up|move_left,,0,0
6328,210933,,,,,,,,,,,,,,,,,,,,,,a|w,move_up|move_left,,0,0
6329,210967,,,,,,,,,,,,,,,,,,,,,,w,move_up,,0,0
6330,211000,,,,,,,,,,,,,,,,,,,,,,w,move_up,,0,0
6331,211033,,,,,,,,,,,,,,,,,,,,,,w,move_up,,0,0
6332,211067,,,,,,,,,,,,,,,,,,,,,,w,move_up,,0,0
6333,211100,,,,,,,,,,,,,,,,,,,,,,w,move_up,,0,0
6334,211133,,,,,,,,,,,,,,,,,,,,,,a|w,move_up|move_left,,0,0
6335,211167,,,,,,,,,,,,,,,,,,,,,,a|w,move_up|move_left,,0,0
6336,211200,,,,,,,,,,,,,,,,,,,,,,a|w,move_up|move_left,,0,0
6337,211233,,,,,,,,,,,,,,,,,,,,,,a|w,move_up|move_left,,0,0
6338,211267,,,,,,,,,,,,,,,,,,,,,,a|w,move_up|move_left,,0,0
6339,211300,,,,,,,,,,,,,,,,,,,,,,a|w,move_up|move_left,,0,0
6340,211333,,,,,,,,,,,,,,,,,,,,,,a|w,move_up|move_left,,0,0
6341,211367,,,,,,,,,,,,,,,,,,,,,,a|w,move_up|move_left,,0,0
6342,211400,,,,,,,,,,,,,,,,,,,,,,a|w,move_up|move_left,,0,0
6343,211433,,,,,,,,,,,,,,,,,,,,,,a|w,move_up|move_left,,0,0
6344,211467,,,,,,,,,,,,,,,,,,,,,,a|w,move_up|move_left,,0,0
6345,211500,,,,,,,,,,,,,,,,,,,,,,a|w,move_up|move_left,,0,0
6346,211533,,,,,,,,,,,,,,,,,,,,,,a|w,move_up|move_left,,0,0
6347,211567,,,,,,,,,,,,,,,,,,,,,,a|w,move_up|move_left,,0,0
6348,211600,,,,,,,,,,,,,,,,,,,,,,a|w,move_up|move_left,,0,0
6349,211633,,,,,,,,,,,,,,,,,,,,,,a|w,move_up|move_left,,0,0
6350,211667,,,,,,,,,,,,,,,,,,,,,,a|w,move_up|move_left,,0,0
6351,211700,,,,,,,,,,,,,,,,,,,,,,a|w,move_up|move_left,,0,0
6352,211733,,,,,,,,,,,,,,,,,,,,,,a|w,move_up|move_left,,0,0
6353,211767,,,,,,,,,,,,,,,,,,,,,,a|w,move_up|move_left,,0,0
6354,211800,,,,,,,,,,,,,,,,,,,,,,a|w,move_up|move_left,,0,0
6355,211833,,,,,,,,,,,,,,,,,,,,,,a|w,move_up|move_left,,0,0
6356,211867,,,,,,,,,,,,,,,,,,,,,,a|w,move_up|move_left,,0,0
6357,211900,,,,,,,,,,,,,,,,,,,,,,a|w,move_up|move_left,,0,0
6358,211933,,,,,,,,,,,,,,,,,,,,,,a|w,move_up|move_left,,0,0
6359,211967,,,,,,,,,,,,,,,,,,,,,,a|w,move_up|move_left,,0,0
6360,212000,,,,,,,,,,,,,,,,,,,,,,a|w,move_up|move_left,,0,0
6361,212033,,,,,,,,,,,,,,,,,,,,,,a|w,move_up|move_left,,0,0
6362,212067,,,,,,,,,,,,,,,,,,,,,,a|w,move_up|move_left,,0,0
6363,212100,,,,,,,,,,,,,,,,,,,,,,a|w,move_up|move_left,,0,0
6364,212133,,,,,,,,,,,,,,,,,,,,,,a|w,move_up|move_left,,0,0
6365,212167,,,,,,,,,,,,,,,,,,,,,,a|w,move_up|move_left,,0,0
6366,212200,,,,,,,,,,,,,,,,,,,,,,w,move_up,,0,0
6367,212233,,,,,,,,,,,,,,,,,,,,,,w,move_up,,0,0
6368,212267,,,,,,,,,,,,,,,,,,,,,,w,move_up,,0,0
6369,212300,,,,,,,,,,,,,,,,,,,,,,w,move_up,,0,0
6370,212333,,,,,,,,,,,,,,,,,,,,,,w,move_up,,0,0
6371,212367,,,,,,,,,,,,,,,,,,,,,,w,move_up,,0,0
6372,212400,,,,,,,,,,,,,,,,,,,,,,w,move_up,,0,0
6373,212433,,,,,,,,,,,,,,,,,,,,,,w,move_up,,0,0
6374,212467,,,,,,,,,,,,,,,,,,,,,,a|w,move_up|move_left,,0,0
6375,212500,,,,,,,,,,,,,,,,,,,,,,a|w,move_up|move_left,,0,0
6376,212533,,,,,,,,,,,,,,,,,,,,,,a|w,move_up|move_left,,0,0
6377,212567,,,,,,,,,,,,,,,,,,,,,,a|w,move_up|move_left,,0,0
6378,212600,,,,,,,,,,,,,,,,,,,,,,a|w,move_up|move_left,,0,0
6379,212633,,,,,,,,,,,,,,,,,,,,,,a|w,move_up|move_left,,0,0
6380,212667,,,,,,,,,,,,,,,,,,,,,,w,move_up,,0,0
6381,212700,,,,,,,,,,,,,,,,,,,,,,w,move_up,,0,0
6382,212733,,,,,,,,,,,,,,,,,,,,,,w,move_up,,0,0
6383,212767,,,,,,,,,,,,,,,,,,,,,,w,move_up,,0,0
6384,212800,,,,,,,,,,,,,,,,,,,,,,w,move_up,,0,0
6385,212833,,,,,,,,,,,,,,,,,,,,,,w,move_up,,0,0
6386,212867,,,,,,,,,,,,,,,,,,,,,,w,move_up,,0,0
6387,212900,,,,,,,,,,,,,,,,,,,,,,w,move_up,,0,0
6388,212933,,,,,,,,,,,,,,,,,,,,,,w,move_up,,0,0
6389,212967,,,,,,,,,,,,,,,,,,,,,,w,move_up,,0,0
6390,213000,,,,,,,,,,,,,,,,,,,,,,w,move_up,,0,0
6391,213033,,,,,,,,,,,,,,,,,,,,,,w,move_up,,0,0
6392,213067,,,,,,,,,,,,,,,,,,,,,,w,move_up,,0,0
6393,213100,,,,,,,,,,,,,,,,,,,,,,w,move_up,,0,0
6394,213133,,,,,,,,,,,,,,,,,,,,,,w,move_up,,0,0
6395,213167,,,,,,,,,,,,,,,,,,,,,,w,move_up,,0,0
6396,213200,,,,,,,,,,,,,,,,,,,,,,w,move_up,,0,0
6397,213233,,,,,,,,,,,,,,,,,,,,,,w,move_up,,0,0
6398,213267,,,,,,,,,,,,,,,,,,,,,,w,move_up,,0,0
6399,213300,,,,,,,,,,,,,,,,,,,,,,w,move_up,,0,0
6400,213333,,,,,,,,,,,,,,,,,,,,,,w,move_up,,0,0
6401,213367,,,,,,,,,,,,,,,,,,,,,,w,move_up,,0,0
6402,213400,,,,,,,,,,,,,,,,,,,,,,w,move_up,,0,0
6403,213433,,,,,,,,,,,,,,,,,,,,,,w,move_up,,0,0
6404,213467,,,,,,,,,,,,,,,,,,,,,,w,move_up,,0,0
6405,213500,,,,,,,,,,,,,,,,,,,,,,w,move_up,,0,0
6406,213533,,,,,,,,,,,,,,,,,,,,,,w,move_up,,0,0
6407,213567,,,,,,,,,,,,,,,,,,,,,,w,move_up,,0,0
6408,213600,,,,,,,,,,,,,,,,,,,,,,w,move_up,,0,0
6409,213633,,,,,,,,,,,,,,,,,,,,,,a|w,move_up|move_left,,0,0
6410,213667,,,,,,,,,,,,,,,,,,,,,,a|w,move_up|move_left,,0,0
6411,213700,,,,,,,,,,,,,,,,,,,,,,a|w,move_up|move_left,,0,0
6412,213733,,,,,,,,,,,,,,,,,,,,,,a|w,move_up|move_left,,0,0
6413,213767,,,,,,,,,,,,,,,,,,,,,,a|w,move_up|move_left,,0,0
6414,213800,,,,,,,,,,,,,,,,,,,,,,a|w,move_up|move_left,,0,0
6415,213833,,,,,,,,,,,,,,,,,,,,,,a|w,move_up|move_left,,0,0
6416,213867,,,,,,,,,,,,,,,,,,,,,,w,move_up,,0,0
6417,213900,,,,,,,,,,,,,,,,,,,,,,w,move_up,,0,0
6418,213933,,,,,,,,,,,,,,,,,,,,,,w,move_up,,0,0
6419,213967,,,,,,,,,,,,,,,,,,,,,,w,move_up,,0,0
6420,214000,,,,,,,,,,,,,,,,,,,,,,w,move_up,,0,0
6421,214033,,,,,,,,,,,,,,,,,,,,,,w,move_up,,0,0
6422,214067,,,,,,,,,,,,,,,,,,,,,,w,move_up,,0,0
6423,214100,,,,,,,,,,,,,,,,,,,,,,w,move_up,,0,0
6424,214133,,,,,,,,,,,,,,,,,,,,,,a|w,move_up|move_left,,0,0
6425,214167,,,,,,,,,,,,,,,,,,,,,,a|w,move_up|move_left,,0,0
6426,214200,,,,,,,,,,,,,,,,,,,,,,a|w,move_up|move_left,,0,0
6427,214233,,,,,,,,,,,,,,,,,,,,,,a|w,move_up|move_left,,0,0
6428,214267,,,,,,,,,,,,,,,,,,,,,,a|w,move_up|move_left,,0,0
6429,214300,,,,,,,,,,,,,,,,,,,,,,a|w,move_up|move_left,,0,0
6430,214333,,,,,,,,,,,,,,,,,,,,,,a|w,move_up|move_left,,0,0
6431,214367,,,,,,,,,,,,,,,,,,,,,,a|w,move_up|move_left,,0,0
6432,214400,,,,,,,,,,,,,,,,,,,,,,a|w,move_up|move_left,,0,0
6433,214433,,,,,,,,,,,,,,,,,,,,,,a|w,move_up|move_left,,0,0
6434,214467,,,,,,,,,,,,,,,,,,,,,,a|w,move_up|move_left,,0,0
6435,214500,,,,,,,,,,,,,,,,,,,,,,a|w,move_up|move_left,,0,0
6436,214533,,,,,,,,,,,,,,,,,,,,,,a|w,move_up|move_left,,0,0
6437,214567,,,,,,,,,,,,,,,,,,,,,,a|w,move_up|move_left,,0,0
6438,214600,,,,,,,,,,,,,,,,,,,,,,a|w,move_up|move_left,,0,0
6439,214633,,,,,,,,,,,,,,,,,,,,,,a|w,move_up|move_left,,0,0
6440,214667,,,,,,,,,,,,,,,,,,,,,,w,move_up,,0,0
6441,214700,,,,,,,,,,,,,,,,,,,,,,w,move_up,,0,0
6442,214733,,,,,,,,,,,,,,,,,,,,,,w,move_up,,0,0
6443,214767,,,,,,,,,,,,,,,,,,,,,,w,move_up,,0,0
6444,214800,,,,,,,,,,,,,,,,,,,,,,w,move_up,,0,0
6445,214833,,,,,,,,,,,,,,,,,,,,,,w,move_up,,0,0
6446,214867,,,,,,,,,,,,,,,,,,,,,,w,move_up,,0,0
6447,214900,,,,,,,,,,,,,,,,,,,,,,w,move_up,,0,0
6448,214933,,,,,,,,,,,,,,,,,,,,,,w,move_up,,0,0
6449,214967,,,,,,,,,,,,,,,,,,,,,,w,move_up,,0,0
6450,215000,,,,,,,,,,,,,,,,,,,,,,w,move_up,,0,0
6451,215033,,,,,,,,,,,,,,,,,,,,,,a|w,move_up|move_left,,0,0
6452,215067,,,,,,,,,,,,,,,,,,,,,,a|w,move_up|move_left,,0,0
6453,215100,,,,,,,,,,,,,,,,,,,,,,a|w,move_up|move_left,,0,0
6454,215133,,,,,,,,,,,,,,,,,,,,,,a|w,move_up|move_left,,0,0
6455,215167,,,,,,,,,,,,,,,,,,,,,,a|w,move_up|move_left,,0,0
6456,215200,,,,,,,,,,,,,,,,,,,,,,w,move_up,,0,0
6457,215233,,,,,,,,,,,,,,,,,,,,,,w,move_up,,0,0
6458,215267,,,,,,,,,,,,,,,,,,,,,,w,move_up,,0,0
6459,215300,,,,,,,,,,,,,,,,,,,,,,w,move_up,,0,0
6460,215333,,,,,,,,,,,,,,,,,,,,,,w,move_up,,0,0
6461,215367,,,,,,,,,,,,,,,,,,,,,,w,move_up,,0,0
6462,215400,,,,,,,,,,,,,,,,,,,,,,w,move_up,,0,0
6463,215433,,,,,,,,,,,,,,,,,,,,,,w,move_up,,0,0
6464,215467,,,,,,,,,,,,,,,,,,,,,,w,move_up,,0,0
6465,215500,,,,,,,,,,,,,,,,,,,,,,w,move_up,,0,0
6466,215533,,,,,,,,,,,,,,,,,,,,,,w,move_up,,0,0
6467,215567,,,,,,,,,,,,,,,,,,,,,,w,move_up,,0,0
6468,215600,,,,,,,,,,,,,,,,,,,,,,w,move_up,,0,0
6469,215633,,,,,,,,,,,,,,,,,,,,,,w,move_up,,0,0
6470,215667,,,,,,,,,,,,,,,,,,,,,,w,move_up,,0,0
6471,215700,,,,,,,,,,,,,,,,,,,,,,w,move_up,,0,0
6472,215733,,,,,,,,,,,,,,,,,,,,,,w,move_up,,0,0
6473,215767,,,,,,,,,,,,,,,,,,,,,,w,move_up,,0,0
6474,215800,,,,,,,,,,,,,,,,,,,,,,,,,0,0
6475,215833,,,,,,,,,,,,,,,,,,,,,,,,,0,0
6476,215867,,,,,,,,,,,,,,,,,,,,,,e,interact,,0,0
6477,215900,,,,,,,,,,,,,,,,,,,,,,e,interact,,0,0
6478,215933,,,,,,,,,,,,,,,,,,,,,,e,interact,,0,0
6479,215967,,,,,,,,,,,,,,,,,,,,,,e,interact,,0,0
6480,216000,,,,,,,,,,,,,,,,,,,,,,e,interact,,0,0
6481,216033,,,,,,,,,,,,,,,,,,,,,,,,,0,0
6482,216067,,,,,,,,,,,,,,,,,,,,,,,,,0,0
6483,216100,,,,,,,,,,,,,,,,,,,,,,,,,0,0
6484,216133,,,,,,,,,,,,,,,,,,,,,,w,move_up,,0,0
6485,216167,,,,,,,,,,,,,,,,,,,,,,w,move_up,,0,0
6486,216200,,,,,,,,,,,,,,,,,,,,,,w,move_up,,0,0
6487,216233,,,,,,,,,,,,,,,,,,,,,,w,move_up,,0,0
6488,216267,,,,,,,,,,,,,,,,,,,,,,w,move_up,,0,0
6489,216300,,,,,,,,,,,,,,,,,,,,,,w,move_up,,0,0
6490,216333,,,,,,,,,,,,,,,,,,,,,,w,move_up,,0,0
6491,216367,,,,,,,,,,,,,,,,,,,,,,w,move_up,,0,0
6492,216400,,,,,,,,,,,,,,,,,,,,,,e|w,interact|move_up,,0,0
6493,216433,,,,,,,,,,,,,,,,,,,,,,e,interact,,0,0
6494,216467,,,,,,,,,,,,,,,,,,,,,,e,interact,,0,0
6495,216500,,,,,,,,,,,,,,,,,,,,,,e,interact,,0,0
6496,216533,,,,,,,,,,,,,,,,,,,,,,,,,0,0
6497,216567,,,,,,,,,,,,,,,,,,,,,,,,,0,0
6498,216600,,,,,,,,,,,,,,,,,,,,,,,,,0,0
6499,216633,,,,,,,,,,,,,,,,,,,,,,,,,0,0
6500,216667,,,,,,,,,,,,,,,,,,,,,,,,,0,0
6501,216700,,,,,,,,,,,,,,,,,,,,,,,,,0,0
6502,216733,,,,,,,,,,,,,,,,,,,,,,,,,0,0
6503,216767,,,,,,,,,,,,,,,,,,,,,,,,,0,0
6504,216800,,,,,,,,,,,,,,,,,,,,,,,,,0,0
6505,216833,,,,,,,,,,,,,,,,,,,,,,,,,0,0
6506,216867,,,,,,,,,,,,,,,,,,,,,,,,,0,0
6507,216900,,,,,,,,,,,,,,,,,,,,,,,,,0,0
6508,216933,,,,,,,,,,,,,,,,,,,,,,,,,0,0
6509,216967,,,,,,,,,,,,,,,,,,,,,,,,,0,0
6510,217000,,,,,,,,,,,,,,,,,,,,,,,,,0,0
6511,217033,,,,,,,,,,,,,,,,,,,,,,,,,0,0
6512,217067,,,,,,,,,,,,,,,,,,,,,,,,,0,0
6513,217100,,,,,,,,,,,,,,,,,,,,,,,,,0,0
6514,217133,,,,,,,,,,,,,,,,,,,,,,,,,0,0
6515,217167,,,,,,,,,,,,,,,,,,,,,,,,,0,0
6516,217200,,,,,,,,,,,,,,,,,,,,,,,,,0,0
6517,217233,,,,,,,,,,,,,,,,,,,,,,s,move_down,,0,0
6518,217267,,,,,,,,,,,,,,,,,,,,,,s,move_down,,0,0
6519,217300,,,,,,,,,,,,,,,,,,,,,,s,move_down,,0,0
6520,217333,,,,,,,,,,,,,,,,,,,,,,s,move_down,,0,0
6521,217367,,,,,,,,,,,,,,,,,,,,,,s,move_down,,0,0
6522,217400,,,,,,,,,,,,,,,,,,,,,,s,move_down,,0,0
6523,217433,,,,,,,,,,,,,,,,,,,,,,s,move_down,,0,0
6524,217467,,,,,,,,,,,,,,,,,,,,,,s,move_down,,0,0
6525,217500,,,,,,,,,,,,,,,,,,,,,,s,move_down,,0,0
6526,217533,,,,,,,,,,,,,,,,,,,,,,s,move_down,,0,0
6527,217567,,,,,,,,,,,,,,,,,,,,,,s,move_down,,0,0
6528,217600,,,,,,,,,,,,,,,,,,,,,,s,move_down,,0,0
6529,217633,,,,,,,,,,,,,,,,,,,,,,s,move_down,,0,0
6530,217667,,,,,,,,,,,,,,,,,,,,,,s,move_down,,0,0
6531,217700,,,,,,,,,,,,,,,,,,,,,,s,move_down,,0,0
6532,217733,,,,,,,,,,,,,,,,,,,,,,,,,0,0
6533,217767,,,,,,,,,,,,,,,,,,,,,,,,,0,0
6534,217800,,,,,,,,,,,,,,,,,,,,,,,,,0,0
6535,217833,,,,,,,,,,,,,,,,,,,,,,,,,0,0
6536,217867,,,,,,,,,,,,,,,,,,,,,,w,move_up,,0,0
6537,217900,,,,,,,,,,,,,,,,,,,,,,w,move_up,,0,0
6538,217933,,,,,,,,,,,,,,,,,,,,,,w,move_up,,0,0
6539,217967,,,,,,,,,,,,,,,,,,,,,,w,move_up,,0,0
6540,218000,,,,,,,,,,,,,,,,,,,,,,w,move_up,,0,0
6541,218033,,,,,,,,,,,,,,,,,,,,,,w,move_up,,0,0
6542,218067,,,,,,,,,,,,,,,,,,,,,,w,move_up,,0,0
6543,218100,,,,,,,,,,,,,,,,,,,,,,w,move_up,,0,0
6544,218133,,,,,,,,,,,,,,,,,,,,,,e|w,interact|move_up,,0,0
6545,218167,,,,,,,,,,,,,,,,,,,,,,e,interact,,0,0
6546,218200,,,,,,,,,,,,,,,,,,,,,,e,interact,,0,0
6547,218233,,,,,,,,,,,,,,,,,,,,,,e,interact,,0,0
6548,218267,,,,,,,,,,,,,,,,,,,,,,e,interact,,0,0
6549,218300,,,,,,,,,,,,,,,,,,,,,,,,,0,0
6550,218333,,,,,,,,,,,,,,,,,,,,,,e,interact,,0,0
6551,218367,,,,,,,,,,,,,,,,,,,,,,e,interact,,0,0
6552,218400,,,,,,,,,,,,,,,,,,,,,,e,interact,,0,0
6553,218433,,,,,,,,,,,,,,,,,,,,,,e,interact,,0,0
6554,218467,,,,,,,,,,,,,,,,,,,,,,,,,0,0
6555,218500,,,,,,,,,,,,,,,,,,,,,,,,,0,0
6556,218533,,,,,,,,,,,,,,,,,,,,,,,,,0,0
6557,218567,,,,,,,,,,,,,,,,,,,,,,,,,0,0
6558,218600,,,,,,,,,,,,,,,,,,,,,,,,,0,0
6559,218633,,,,,,,,,,,,,,,,,,,,,,,,,0,0
6560,218667,,,,,,,,,,,,,,,,,,,,,,,,,0,0
6561,218700,,,,,,,,,,,,,,,,,,,,,,,,,0,0
6562,218733,,,,,,,,,,,,,,,,,,,,,,e,interact,,0,0
6563,218767,,,,,,,,,,,,,,,,,,,,,,e,interact,,0,0
6564,218800,,,,,,,,,,,,,,,,,,,,,,e,interact,,0,0
6565,218833,,,,,,,,,,,,,,,,,,,,,,e,interact,,0,0
6566,218867,,,,,,,,,,,,,,,,,,,,,,,,,0,0
6567,218900,,,,,,,,,,,,,,,,,,,,,,,,,0,0
6568,218933,,,,,,,,,,,,,,,,,,,,,,,,,0,0
6569,218967,,,,,,,,,,,,,,,,,,,,,,,,,0,0
6570,219000,,,,,,,,,,,,,,,,,,,,,,,,,0,0
6571,219033,,,,,,,,,,,,,,,,,,,,,,,,,0,0
6572,219067,,,,,,,,,,,,,,,,,,,,,,s,move_down,,0,0
6573,219100,,,,,,,,,,,,,,,,,,,,,,s,move_down,,0,0
6574,219133,,,,,,,,,,,,,,,,,,,,,,s,move_down,,0,0
6575,219167,,,,,,,,,,,,,,,,,,,,,,s,move_down,,0,0
6576,219200,,,,,,,,,,,,,,,,,,,,,,s,move_down,,0,0
6577,219233,,,,,,,,,,,,,,,,,,,,,,s,move_down,,0,0
6578,219267,,,,,,,,,,,,,,,,,,,,,,s,move_down,,0,0
6579,219300,,,,,,,,,,,,,,,,,,,,,,s,move_down,,0,0
6580,219333,,,,,,,,,,,,,,,,,,,,,,s,move_down,,0,0
6581,219367,,,,,,,,,,,,,,,,,,,,,,,,,0,0
6582,219400,,,,,,,,,,,,,,,,,,,,,,d,move_right,,0,0
6583,219433,,,,,,,,,,,,,,,,,,,,,,d,move_right,,0,0
6584,219467,,,,,,,,,,,,,,,,,,,,,,d,move_right,,0,0
6585,219500,,,,,,,,,,,,,,,,,,,,,,d|w,move_up|move_right,,0,0
6586,219533,,,,,,,,,,,,,,,,,,,,,,d|w,move_up|move_right,,0,0
6587,219567,,,,,,,,,,,,,,,,,,,,,,d|w,move_up|move_right,,0,0
6588,219600,,,,,,,,,,,,,,,,,,,,,,w,move_up,,0,0
6589,219633,,,,,,,,,,,,,,,,,,,,,,w,move_up,,0,0
6590,219667,,,,,,,,,,,,,,,,,,,,,,w,move_up,,0,0
6591,219700,,,,,,,,,,,,,,,,,,,,,,w,move_up,,0,0
6592,219733,,,,,,,,,,,,,,,,,,,,,,w,move_up,,0,0
6593,219767,,,,,,,,,,,,,,,,,,,,,,w,move_up,,0,0
6594,219800,,,,,,,,,,,,,,,,,,,,,,w,move_up,,0,0
6595,219833,,,,,,,,,,,,,,,,,,,,,,w,move_up,,0,0
6596,219867,,,,,,,,,,,,,,,,,,,,,,w,move_up,,0,0
6597,219900,,,,,,,,,,,,,,,,,,,,,,w,move_up,,0,0
6598,219933,,,,,,,,,,,,,,,,,,,,,,w,move_up,,0,0
6599,219967,,,,,,,,,,,,,,,,,,,,,,w,move_up,,0,0
6600,220000,,,,,,,,,,,,,,,,,,,,,,w,move_up,,0,0
6601,220033,,,,,,,,,,,,,,,,,,,,,,w,move_up,,0,0
6602,220067,,,,,,,,,,,,,,,,,,,,,,w,move_up,,0,0
6603,220100,,,,,,,,,,,,,,,,,,,,,,w,move_up,,0,0
6604,220133,,,,,,,,,,,,,,,,,,,,,,w,move_up,,0,0
6605,220167,,,,,,,,,,,,,,,,,,,,,,w,move_up,,0,0
6606,220200,,,,,,,,,,,,,,,,,,,,,,w,move_up,,0,0
6607,220233,,,,,,,,,,,,,,,,,,,,,,w,move_up,,0,0
6608,220267,,,,,,,,,,,,,,,,,,,,,,w,move_up,,0,0
6609,220300,,,,,,,,,,,,,,,,,,,,,,w,move_up,,0,0
6610,220333,,,,,,,,,,,,,,,,,,,,,,w,move_up,,0,0
6611,220367,,,,,,,,,,,,,,,,,,,,,,w,move_up,,0,0
6612,220400,,,,,,,,,,,,,,,,,,,,,,w,move_up,,0,0
6613,220433,,,,,,,,,,,,,,,,,,,,,,w,move_up,,0,0
6614,220467,,,,,,,,,,,,,,,,,,,,,,w,move_up,,0,0
6615,220500,,,,,,,,,,,,,,,,,,,,,,w,move_up,,0,0
6616,220533,,,,,,,,,,,,,,,,,,,,,,w,move_up,,0,0
6617,220567,,,,,,,,,,,,,,,,,,,,,,w,move_up,,0,0
6618,220600,,,,,,,,,,,,,,,,,,,,,,w,move_up,,0,0
6619,220633,,,,,,,,,,,,,,,,,,,,,,w,move_up,,0,0
6620,220667,,,,,,,,,,,,,,,,,,,,,,w,move_up,,0,0
6621,220700,,,,,,,,,,,,,,,,,,,,,,w,move_up,,0,0
6622,220733,,,,,,,,,,,,,,,,,,,,,,w,move_up,,0,0
6623,220767,,,,,,,,,,,,,,,,,,,,,,w,move_up,,0,0
6624,220800,,,,,,,,,,,,,,,,,,,,,,w,move_up,,0,0
6625,220833,,,,,,,,,,,,,,,,,,,,,,w,move_up,,0,0
6626,220867,,,,,,,,,,,,,,,,,,,,,,w,move_up,,0,0
6627,220900,,,,,,,,,,,,,,,,,,,,,,w,move_up,,0,0
6628,220933,,,,,,,,,,,,,,,,,,,,,,w,move_up,,0,0
6629,220967,,,,,,,,,,,,,,,,,,,,,,w,move_up,,0,0
6630,221000,,,,,,,,,,,,,,,,,,,,,,w,move_up,,0,0
6631,221033,,,,,,,,,,,,,,,,,,,,,,w,move_up,,0,0
6632,221067,,,,,,,,,,,,,,,,,,,,,,w,move_up,,0,0
6633,221100,,,,,,,,,,,,,,,,,,,,,,w,move_up,,0,0
6634,221133,,,,,,,,,,,,,,,,,,,,,,w,move_up,,0,0
6635,221167,,,,,,,,,,,,,,,,,,,,,,w,move_up,,0,0
6636,221200,,,,,,,,,,,,,,,,,,,,,,w,move_up,,0,0
6637,221233,,,,,,,,,,,,,,,,,,,,,,w,move_up,,0,0
6638,221267,,,,,,,,,,,,,,,,,,,,,,w,move_up,,0,0
6639,221300,,,,,,,,,,,,,,,,,,,,,,w,move_up,,0,0
6640,221333,,,,,,,,,,,,,,,,,,,,,,w,move_up,,0,0
6641,221367,,,,,,,,,,,,,,,,,,,,,,w,move_up,,0,0
6642,221400,,,,,,,,,,,,,,,,,,,,,,w,move_up,,0,0
6643,221433,,,,,,,,,,,,,,,,,,,,,,w,move_up,,0,0
6644,221467,,,,,,,,,,,,,,,,,,,,,,w,move_up,,0,0
6645,221500,,,,,,,,,,,,,,,,,,,,,,w,move_up,,0,0
6646,221533,,,,,,,,,,,,,,,,,,,,,,w,move_up,,0,0
6647,221567,,,,,,,,,,,,,,,,,,,,,,w,move_up,,0,0
6648,221600,,,,,,,,,,,,,,,,,,,,,,w,move_up,,0,0
6649,221633,,,,,,,,,,,,,,,,,,,,,,w,move_up,,0,0
6650,221667,,,,,,,,,,,,,,,,,,,,,,w,move_up,,0,0
6651,221700,,,,,,,,,,,,,,,,,,,,,,w,move_up,,0,0
6652,221733,,,,,,,,,,,,,,,,,,,,,,w,move_up,,0,0
6653,221767,,,,,,,,,,,,,,,,,,,,,,w,move_up,,0,0
6654,221800,,,,,,,,,,,,,,,,,,,,,,w,move_up,,0,0
6655,221833,,,,,,,,,,,,,,,,,,,,,,w,move_up,,0,0
6656,221867,,,,,,,,,,,,,,,,,,,,,,w,move_up,,0,0
6657,221900,,,,,,,,,,,,,,,,,,,,,,w,move_up,,0,0
6658,221933,,,,,,,,,,,,,,,,,,,,,,w,move_up,,0,0
6659,221967,,,,,,,,,,,,,,,,,,,,,,w,move_up,,0,0
6660,222000,,,,,,,,,,,,,,,,,,,,,,w,move_up,,0,0
6661,222033,,,,,,,,,,,,,,,,,,,,,,w,move_up,,0,0
6662,222067,,,,,,,,,,,,,,,,,,,,,,w,move_up,,0,0
6663,222100,,,,,,,,,,,,,,,,,,,,,,w,move_up,,0,0
6664,222133,,,,,,,,,,,,,,,,,,,,,,w,move_up,,0,0
6665,222167,,,,,,,,,,,,,,,,,,,,,,w,move_up,,0,0
6666,222200,,,,,,,,,,,,,,,,,,,,,,w,move_up,,0,0
6667,222233,,,,,,,,,,,,,,,,,,,,,,w,move_up,,0,0
6668,222267,,,,,,,,,,,,,,,,,,,,,,w,move_up,,0,0
6669,222300,,,,,,,,,,,,,,,,,,,,,,w,move_up,,0,0
6670,222333,,,,,,,,,,,,,,,,,,,,,,w,move_up,,0,0
6671,222367,,,,,,,,,,,,,,,,,,,,,,w,move_up,,0,0
6672,222400,,,,,,,,,,,,,,,,,,,,,,w,move_up,,0,0
6673,222433,,,,,,,,,,,,,,,,,,,,,,w,move_up,,0,0
6674,222467,,,,,,,,,,,,,,,,,,,,,,w,move_up,,0,0
6675,222500,,,,,,,,,,,,,,,,,,,,,,w,move_up,,0,0
6676,222533,,,,,,,,,,,,,,,,,,,,,,w,move_up,,0,0
6677,222567,,,,,,,,,,,,,,,,,,,,,,w,move_up,,0,0
6678,222600,,,,,,,,,,,,,,,,,,,,,,w,move_up,,0,0
6679,222633,,,,,,,,,,,,,,,,,,,,,,w,move_up,,0,0
6680,222667,,,,,,,,,,,,,,,,,,,,,,w,move_up,,0,0
6681,222700,,,,,,,,,,,,,,,,,,,,,,w,move_up,,0,0
6682,222733,,,,,,,,,,,,,,,,,,,,,,w,move_up,,0,0
6683,222767,,,,,,,,,,,,,,,,,,,,,,w,move_up,,0,0
6684,222800,,,,,,,,,,,,,,,,,,,,,,w,move_up,,0,0
6685,222833,,,,,,,,,,,,,,,,,,,,,,w,move_up,,0,0
6686,222867,,,,,,,,,,,,,,,,,,,,,,w,move_up,,0,0
6687,222900,,,,,,,,,,,,,,,,,,,,,,w,move_up,,0,0
6688,222933,,,,,,,,,,,,,,,,,,,,,,w,move_up,,0,0
6689,222967,,,,,,,,,,,,,,,,,,,,,,w,move_up,,0,0
6690,223000,,,,,,,,,,,,,,,,,,,,,,w,move_up,,0,0
6691,223033,,,,,,,,,,,,,,,,,,,,,,w,move_up,,0,0
6692,223067,,,,,,,,,,,,,,,,,,,,,,d|w,move_up|move_right,,0,0
6693,223100,,,,,,,,,,,,,,,,,,,,,,d|w,move_up|move_right,,0,0
6694,223133,,,,,,,,,,,,,,,,,,,,,,d|w,move_up|move_right,,0,0
6695,223167,,,,,,,,,,,,,,,,,,,,,,d|w,move_up|move_right,,0,0
6696,223200,,,,,,,,,,,,,,,,,,,,,,d|w,move_up|move_right,,0,0
6697,223233,,,,,,,,,,,,,,,,,,,,,,d|w,move_up|move_right,,0,0
6698,223267,,,,,,,,,,,,,,,,,,,,,,d|w,move_up|move_right,,0,0
6699,223300,,,,,,,,,,,,,,,,,,,,,,w,move_up,,0,0
6700,223333,,,,,,,,,,,,,,,,,,,,,,w,move_up,,0,0
6701,223367,,,,,,,,,,,,,,,,,,,,,,w,move_up,,0,0
6702,223400,,,,,,,,,,,,,,,,,,,,,,w,move_up,,0,0
6703,223433,,,,,,,,,,,,,,,,,,,,,,d|w,move_up|move_right,,0,0
6704,223467,,,,,,,,,,,,,,,,,,,,,,d|w,move_up|move_right,,0,0
6705,223500,,,,,,,,,,,,,,,,,,,,,,d|w,move_up|move_right,,0,0
6706,223533,,,,,,,,,,,,,,,,,,,,,,d|w,move_up|move_right,,0,0
6707,223567,,,,,,,,,,,,,,,,,,,,,,d|w,move_up|move_right,,0,0
6708,223600,,,,,,,,,,,,,,,,,,,,,,d|w,move_up|move_right,,0,0
6709,223633,,,,,,,,,,,,,,,,,,,,,,d|w,move_up|move_right,,0,0
6710,223667,,,,,,,,,,,,,,,,,,,,,,w,move_up,,0,0
6711,223700,,,,,,,,,,,,,,,,,,,,,,w,move_up,,0,0
6712,223733,,,,,,,,,,,,,,,,,,,,,,d|w,move_up|move_right,,0,0
6713,223767,,,,,,,,,,,,,,,,,,,,,,d|w,move_up|move_right,,0,0
6714,223800,,,,,,,,,,,,,,,,,,,,,,d|w,move_up|move_right,,0,0
6715,223833,,,,,,,,,,,,,,,,,,,,,,d|w,move_up|move_right,,0,0
6716,223867,,,,,,,,,,,,,,,,,,,,,,d|w,move_up|move_right,,0,0
6717,223900,,,,,,,,,,,,,,,,,,,,,,d|w,move_up|move_right,,0,0
6718,223933,,,,,,,,,,,,,,,,,,,,,,d|w,move_up|move_right,,0,0
6719,223967,,,,,,,,,,,,,,,,,,,,,,d|w,move_up|move_right,,0,0
6720,224000,,,,,,,,,,,,,,,,,,,,,,,,,0,0
6721,224033,,,,,,,,,,,,,,,,,,,,,,,,,0,0
6722,224067,,,,,,,,,,,,,,,,,,,,,,,,,0,0
6723,224100,,,,,,,,,,,,,,,,,,,,,,,,,0,0
6724,224133,,,,,,,,,,,,,,,,,,,,,,,,,0,0
6725,224167,,,,,,,,,,,,,,,,,,,,,,,,,0,0
6726,224200,,,,,,,,,,,,,,,,,,,,,,,,,0,0
6727,224233,,,,,,,,,,,,,,,,,,,,,,,,,0,0
6728,224267,,,,,,,,,,,,,,,,,,,,,,,,,0,0
6729,224300,,,,,,,,,,,,,,,,,,,,,,,,,0,0
6730,224333,,,,,,,,,,,,,,,,,,,,,,,,,0,0
6731,224367,,,,,,,,,,,,,,,,,,,,,,,,,0,0
6732,224400,,,,,,,,,,,,,,,,,,,,,,,,,0,0
6733,224433,,,,,,,,,,,,,,,,,,,,,,,,,0,0
6734,224467,,,,,,,,,,,,,,,,,,,,,,,,,0,0
6735,224500,,,,,,,,,,,,,,,,,,,,,,,,,0,0
6736,224533,,,,,,,,,,,,,,,,,,,,,,,,,0,0
6737,224567,,,,,,,,,,,,,,,,,,,,,,,,,0,0
6738,224600,,,,,,,,,,,,,,,,,,,,,,,,,0,0
6739,224633,,,,,,,,,,,,,,,,,,,,,,,,,0,0
6740,224667,,,,,,,,,,,,,,,,,,,,,,,,,0,0
6741,224700,,,,,,,,,,,,,,,,,,,,,,,,,0,0
6742,224733,,,,,,,,,,,,,,,,,,,,,,,,,0,0
6743,224767,,,,,,,,,,,,,,,,,,,,,,,,,0,0
6744,224800,,,,,,,,,,,,,,,,,,,,,,,,,0,0
6745,224833,,,,,,,,,,,,,,,,,,,,,,,,,0,0
6746,224867,,,,,,,,,,,,,,,,,,,,,,,,,0,0
6747,224900,,,,,,,,,,,,,,,,,,,,,,,,,0,0
6748,224933,,,,,,,,,,,,,,,,,,,,,,,,,0,0
6749,224967,,,,,,,,,,,,,,,,,,,,,,,,,0,0
6750,225000,,,,,,,,,,,,,,,,,,,,,,,,,0,0
6751,225033,,,,,,,,,,,,,,,,,,,,,,,,,0,0
6752,225067,,,,,,,,,,,,,,,,,,,,,,,,,0,0
6753,225100,,,,,,,,,,,,,,,,,,,,,,,,,0,0
6754,225133,,,,,,,,,,,,,,,,,,,,,,,,,0,0
6755,225167,,,,,,,,,,,,,,,,,,,,,,,,,0,0
6756,225200,,,,,,,,,,,,,,,,,,,,,,,,,0,0
6757,225233,,,,,,,,,,,,,,,,,,,,,,,,,0,0
6758,225267,,,,,,,,,,,,,,,,,,,,,,,,,0,0
6759,225300,,,,,,,,,,,,,,,,,,,,,,,,,0,0
6760,225333,,,,,,,,,,,,,,,,,,,,,,,,,0,0
6761,225367,,,,,,,,,,,,,,,,,,,,,,,,,0,0
6762,225400,,,,,,,,,,,,,,,,,,,,,,,,,0,0
6763,225433,,,,,,,,,,,,,,,,,,,,,,,,,0,0
6764,225467,,,,,,,,,,,,,,,,,,,,,,,,,0,0
6765,225500,,,,,,,,,,,,,,,,,,,,,,e,interact,,0,0
6766,225533,,,,,,,,,,,,,,,,,,,,,,e,interact,,0,0
6767,225567,,,,,,,,,,,,,,,,,,,,,,e,interact,,0,0
6768,225600,,,,,,,,,,,,,,,,,,,,,,e,interact,,0,0
6769,225633,,,,,,,,,,,,,,,,,,,,,,,,,0,0
6770,225667,,,,,,,,,,,,,,,,,,,,,,,,,0,0
6771,225700,,,,,,,,,,,,,,,,,,,,,,,,,0,0
6772,225733,,,,,,,,,,,,,,,,,,,,,,,,,0,0
6773,225767,,,,,,,,,,,,,,,,,,,,,,,,,0,0
6774,225800,,,,,,,,,,,,,,,,,,,,,,,,,0,0
6775,225833,,,,,,,,,,,,,,,,,,,,,,,,,0,0
6776,225867,,,,,,,,,,,,,,,,,,,,,,,,,0,0
6777,225900,,,,,,,,,,,,,,,,,,,,,,s,move_down,,0,0
6778,225933,,,,,,,,,,,,,,,,,,,,,,s,move_down,,0,0
6779,225967,,,,,,,,,,,,,,,,,,,,,,s,move_down,,0,0
6780,226000,,,,,,,,,,,,,,,,,,,,,,s,move_down,,0,0
6781,226033,,,,,,,,,,,,,,,,,,,,,,s,move_down,,0,0
6782,226067,,,,,,,,,,,,,,,,,,,,,,s,move_down,,0,0
6783,226100,,,,,,,,,,,,,,,,,,,,,,a,move_left,,0,0
6784,226133,,,,,,,,,,,,,,,,,,,,,,a,move_left,,0,0
6785,226167,,,,,,,,,,,,,,,,,,,,,,a,move_left,,0,0
6786,226200,,,,,,,,,,,,,,,,,,,,,,a,move_left,,0,0
6787,226233,,,,,,,,,,,,,,,,,,,,,,a,move_left,,0,0
6788,226267,,,,,,,,,,,,,,,,,,,,,,a,move_left,,0,0
6789,226300,,,,,,,,,,,,,,,,,,,,,,a,move_left,,0,0
6790,226333,,,,,,,,,,,,,,,,,,,,,,a,move_left,,0,0
6791,226367,,,,,,,,,,,,,,,,,,,,,,a,move_left,,0,0
6792,226400,,,,,,,,,,,,,,,,,,,,,,a,move_left,,0,0
6793,226433,,,,,,,,,,,,,,,,,,,,,,a,move_left,,0,0
6794,226467,,,,,,,,,,,,,,,,,,,,,,a,move_left,,0,0
6795,226500,,,,,,,,,,,,,,,,,,,,,,a,move_left,,0,0
6796,226533,,,,,,,,,,,,,,,,,,,,,,a,move_left,,0,0
6797,226567,,,,,,,,,,,,,,,,,,,,,,a,move_left,,0,0
6798,226600,,,,,,,,,,,,,,,,,,,,,,a,move_left,,0,0
6799,226633,,,,,,,,,,,,,,,,,,,,,,a|w,move_up|move_left,,0,0
6800,226667,,,,,,,,,,,,,,,,,,,,,,a|w,move_up|move_left,,0,0
6801,226700,,,,,,,,,,,,,,,,,,,,,,a|w,move_up|move_left,,0,0
6802,226733,,,,,,,,,,,,,,,,,,,,,,a|w,move_up|move_left,,0,0
6803,226767,,,,,,,,,,,,,,,,,,,,,,a|w,move_up|move_left,,0,0
6804,226800,,,,,,,,,,,,,,,,,,,,,,a|w,move_up|move_left,,0,0
6805,226833,,,,,,,,,,,,,,,,,,,,,,a,move_left,,0,0
6806,226867,,,,,,,,,,,,,,,,,,,,,,a,move_left,,0,0
6807,226900,,,,,,,,,,,,,,,,,,,,,,a,move_left,,0,0
6808,226933,,,,,,,,,,,,,,,,,,,,,,a,move_left,,0,0
6809,226967,,,,,,,,,,,,,,,,,,,,,,a,move_left,,0,0
6810,227000,,,,,,,,,,,,,,,,,,,,,,a,move_left,,0,0
6811,227033,,,,,,,,,,,,,,,,,,,,,,a,move_left,,0,0
6812,227067,,,,,,,,,,,,,,,,,,,,,,a,move_left,,0,0
6813,227100,,,,,,,,,,,,,,,,,,,,,,a,move_left,,0,0
6814,227133,,,,,,,,,,,,,,,,,,,,,,a,move_left,,0,0
6815,227167,,,,,,,,,,,,,,,,,,,,,,a,move_left,,0,0
6816,227200,,,,,,,,,,,,,,,,,,,,,,a,move_left,,0,0
6817,227233,,,,,,,,,,,,,,,,,,,,,,a,move_left,,0,0
6818,227267,,,,,,,,,,,,,,,,,,,,,,a,move_left,,0,0
6819,227300,,,,,,,,,,,,,,,,,,,,,,a|s,move_left|move_down,,0,0
6820,227333,,,,,,,,,,,,,,,,,,,,,,a|s,move_left|move_down,,0,0
6821,227367,,,,,,,,,,,,,,,,,,,,,,a|s,move_left|move_down,,0,0
6822,227400,,,,,,,,,,,,,,,,,,,,,,a|s,move_left|move_down,,0,0
6823,227433,,,,,,,,,,,,,,,,,,,,,,a|s,move_left|move_down,,0,0
6824,227467,,,,,,,,,,,,,,,,,,,,,,a|s,move_left|move_down,,0,0
6825,227500,,,,,,,,,,,,,,,,,,,,,,a|s,move_left|move_down,,0,0
6826,227533,,,,,,,,,,,,,,,,,,,,,,a|s,move_left|move_down,,0,0
6827,227567,,,,,,,,,,,,,,,,,,,,,,a|s,move_left|move_down,,0,0
6828,227600,,,,,,,,,,,,,,,,,,,,,,a|s,move_left|move_down,,0,0
6829,227633,,,,,,,,,,,,,,,,,,,,,,a|s,move_left|move_down,,0,0
6830,227667,,,,,,,,,,,,,,,,,,,,,,a,move_left,,0,0
6831,227700,,,,,,,,,,,,,,,,,,,,,,,,,0,0
6832,227733,,,,,,,,,,,,,,,,,,,,,,,,,0,0
6833,227767,,,,,,,,,,,,,,,,,,,,,,,,,0,0
6834,227800,,,,,,,,,,,,,,,,,,,,,,,,,0,0
6835,227833,,,,,,,,,,,,,,,,,,,,,,,,,0,0
6836,227867,,,,,,,,,,,,,,,,,,,,,,,,,0,0
6837,227900,,,,,,,,,,,,,,,,,,,,,,,,,0,0
6838,227933,,,,,,,,,,,,,,,,,,,,,,,,,0,0
6839,227967,,,,,,,,,,,,,,,,,,,,,,,,,0,0
6840,228000,,,,,,,,,,,,,,,,,,,,,,w,move_up,,0,0
6841,228033,,,,,,,,,,,,,,,,,,,,,,w,move_up,,0,0
6842,228067,,,,,,,,,,,,,,,,,,,,,,w,move_up,,0,0
6843,228100,,,,,,,,,,,,,,,,,,,,,,w,move_up,,0,0
6844,228133,,,,,,,,,,,,,,,,,,,,,,w,move_up,,0,0
6845,228167,,,,,,,,,,,,,,,,,,,,,,,,,0,0
6846,228200,,,,,,,,,,,,,,,,,,,,,,,,,0,0
6847,228233,,,,,,,,,,,,,,,,,,,,,,,,,0,0
6848,228267,,,,,,,,,,,,,,,,,,,,,,,,,0,0
6849,228300,,,,,,,,,,,,,,,,,,,,,,,,,0,0
6850,228333,,,,,,,,,,,,,,,,,,,,,,,,,0,0
6851,228367,,,,,,,,,,,,,,,,,,,,,,,,,0,0
6852,228400,,,,,,,,,,,,,,,,,,,,,,,,,0,0
6853,228433,,,,,,,,,,,,,,,,,,,,,,,,,0,0
6854,228467,,,,,,,,,,,,,,,,,,,,,,,,,0,0
6855,228500,,,,,,,,,,,,,,,,,,,,,,,,,0,0
6856,228533,,,,,,,,,,,,,,,,,,,,,,,,,0,0
6857,228567,,,,,,,,,,,,,,,,,,,,,,,,,0,0
6858,228600,,,,,,,,,,,,,,,,,,,,,,,,,0,0
6859,228633,,,,,,,,,,,,,,,,,,,,,,,,,0,0
6860,228667,,,,,,,,,,,,,,,,,,,,,,,,,0,0
6861,228700,,,,,,,,,,,,,,,,,,,,,,,,,0,0
6862,228733,,,,,,,,,,,,,,,,,,,,,,,,,0,0
6863,228767,,,,,,,,,,,,,,,,,,,,,,,,,0,0
6864,228800,,,,,,,,,,,,,,,,,,,,,,,,,0,0
6865,228833,,,,,,,,,,,,,,,,,,,,,,,,,0,0
6866,228867,,,,,,,,,,,,,,,,,,,,,,,,,0,0
6867,228900,,,,,,,,,,,,,,,,,,,,,,,,,0,0
6868,228933,,,,,,,,,,,,,,,,,,,,,,,,,0,0
6869,228967,,,,,,,,,,,,,,,,,,,,,,e,interact,,0,0
6870,229000,,,,,,,,,,,,,,,,,,,,,,e,interact,,0,0
6871,229033,,,,,,,,,,,,,,,,,,,,,,e,interact,,0,0
6872,229067,,,,,,,,,,,,,,,,,,,,,,e,interact,,0,0
6873,229100,,,,,,,,,,,,,,,,,,,,,,e,interact,,0,0
6874,229133,,,,,,,,,,,,,,,,,,,,,,e,interact,,0,0
6875,229167,,,,,,,,,,,,,,,,,,,,,,e,interact,,0,0
6876,229200,,,,,,,,,,,,,,,,,,,,,,e,interact,,0,0
6877,229233,,,,,,,,,,,,,,,,,,,,,,e,interact,,0,0
6878,229267,,,,,,,,,,,,,,,,,,,,,,e,interact,,0,0
6879,229300,,,,,,,,,,,,,,,,,,,,,,e,interact,,0,0
6880,229333,,,,,,,,,,,,,,,,,,,,,,e,interact,,0,0
6881,229367,,,,,,,,,,,,,,,,,,,,,,e,interact,,0,0
6882,229400,,,,,,,,,,,,,,,,,,,,,,e,interact,,0,0
6883,229433,,,,,,,,,,,,,,,,,,,,,,e,interact,,0,0
6884,229467,,,,,,,,,,,,,,,,,,,,,,e,interact,,0,0
6885,229500,,,,,,,,,,,,,,,,,,,,,,e,interact,,0,0
6886,229533,,,,,,,,,,,,,,,,,,,,,,,,,0,0
6887,229567,,,,,,,,,,,,,,,,,,,,,,,,,0,0
6888,229600,,,,,,,,,,,,,,,,,,,,,,,,,0,0
6889,229633,,,,,,,,,,,,,,,,,,,,,,,,,0,0
6890,229667,,,,,,,,,,,,,,,,,,,,,,,,,0,0
6891,229700,,,,,,,,,,,,,,,,,,,,,,,,,0,0
6892,229733,,,,,,,,,,,,,,,,,,,,,,,,,0,0
6893,229767,,,,,,,,,,,,,,,,,,,,,,,,,0,0
6894,229800,,,,,,,,,,,,,,,,,,,,,,,,,0,0
6895,229833,,,,,,,,,,,,,,,,,,,,,,,,,0,0
6896,229867,,,,,,,,,,,,,,,,,,,,,,,,,0,0
6897,229900,,,,,,,,,,,,,,,,,,,,,,a,move_left,,0,0
6898,229933,,,,,,,,,,,,,,,,,,,,,,a,move_left,,0,0
6899,229967,,,,,,,,,,,,,,,,,,,,,,a,move_left,,0,0
6900,230000,,,,,,,,,,,,,,,,,,,,,,a,move_left,,0,0
6901,230033,,,,,,,,,,,,,,,,,,,,,,a,move_left,,0,0
6902,230067,,,,,,,,,,,,,,,,,,,,,,a,move_left,,0,0
6903,230100,,,,,,,,,,,,,,,,,,,,,,a,move_left,,0,0
6904,230133,,,,,,,,,,,,,,,,,,,,,,a,move_left,,0,0
6905,230167,,,,,,,,,,,,,,,,,,,,,,,,,0,0
6906,230200,,,,,,,,,,,,,,,,,,,,,,,,,0,0
6907,230233,,,,,,,,,,,,,,,,,,,,,,,,,0,0
6908,230267,,,,,,,,,,,,,,,,,,,,,,,,,0,0
6909,230300,,,,,,,,,,,,,,,,,,,,,,,,,0,0
6910,230333,,,,,,,,,,,,,,,,,,,,,,,,,0,0
6911,230367,,,,,,,,,,,,,,,,,,,,,,,,,0,0
6912,230400,,,,,,,,,,,,,,,,,,,,,,,,,0,0
6913,230433,,,,,,,,,,,,,,,,,,,,,,,,,0,0
6914,230467,,,,,,,,,,,,,,,,,,,,,,,,,0,0
6915,230500,,,,,,,,,,,,,,,,,,,,,,,,,0,0
6916,230533,,,,,,,,,,,,,,,,,,,,,,,,,0,0
6917,230567,,,,,,,,,,,,,,,,,,,,,,,,,0,0
6918,230600,,,,,,,,,,,,,,,,,,,,,,,,,0,0
6919,230633,,,,,,,,,,,,,,,,,,,,,,,,,0,0
6920,230667,,,,,,,,,,,,,,,,,,,,,,,,,0,0
6921,230700,,,,,,,,,,,,,,,,,,,,,,,,,0,0
6922,230733,,,,,,,,,,,,,,,,,,,,,,,,,0,0
6923,230767,,,,,,,,,,,,,,,,,,,,,,,,,0,0
6924,230800,,,,,,,,,,,,,,,,,,,,,,d,move_right,,0,0
6925,230833,,,,,,,,,,,,,,,,,,,,,,d,move_right,,0,0
6926,230867,,,,,,,,,,,,,,,,,,,,,,d,move_right,,0,0
6927,230900,,,,,,,,,,,,,,,,,,,,,,d,move_right,,0,0
6928,230933,,,,,,,,,,,,,,,,,,,,,,d,move_right,,0,0
6929,230967,,,,,,,,,,,,,,,,,,,,,,d,move_right,,0,0
6930,231000,,,,,,,,,,,,,,,,,,,,,,,,,0,0
6931,231033,,,,,,,,,,,,,,,,,,,,,,,,,0,0
6932,231067,,,,,,,,,,,,,,,,,,,,,,,,,0,0
6933,231100,,,,,,,,,,,,,,,,,,,,,,,,,0,0
6934,231133,,,,,,,,,,,,,,,,,,,,,,,,,0,0
6935,231167,,,,,,,,,,,,,,,,,,,,,,d,move_right,,0,0
6936,231200,,,,,,,,,,,,,,,,,,,,,,d,move_right,,0,0
6937,231233,,,,,,,,,,,,,,,,,,,,,,d,move_right,,0,0
6938,231267,,,,,,,,,,,,,,,,,,,,,,d,move_right,,0,0
6939,231300,,,,,,,,,,,,,,,,,,,,,,d,move_right,,0,0
6940,231333,,,,,,,,,,,,,,,,,,,,,,,,,0,0
6941,231367,,,,,,,,,,,,,,,,,,,,,,,,,0,0
6942,231400,,,,,,,,,,,,,,,,,,,,,,,,,0,0
6943,231433,,,,,,,,,,,,,,,,,,,,,,,,,0,0
6944,231467,,,,,,,,,,,,,,,,,,,,,,,,,0,0
6945,231500,,,,,,,,,,,,,,,,,,,,,,,,,0,0
6946,231533,,,,,,,,,,,,,,,,,,,,,,,,,0,0
6947,231567,,,,,,,,,,,,,,,,,,,,,,w,move_up,,0,0
6948,231600,,,,,,,,,,,,,,,,,,,,,,w,move_up,,0,0
6949,231633,,,,,,,,,,,,,,,,,,,,,,w,move_up,,0,0
6950,231667,,,,,,,,,,,,,,,,,,,,,,,,,0,0
6951,231700,,,,,,,,,,,,,,,,,,,,,,,,,0,0
6952,231733,,,,,,,,,,,,,,,,,,,,,,,,,0,0
6953,231767,,,,,,,,,,,,,,,,,,,,,,d,move_right,,0,0
6954,231800,,,,,,,,,,,,,,,,,,,,,,d,move_right,,0,0
6955,231833,,,,,,,,,,,,,,,,,,,,,,d,move_right,,0,0
6956,231867,,,,,,,,,,,,,,,,,,,,,,d,move_right,,0,0
6957,231900,,,,,,,,,,,,,,,,,,,,,,d,move_right,,0,0
6958,231933,,,,,,,,,,,,,,,,,,,,,,d,move_right,,0,0
6959,231967,,,,,,,,,,,,,,,,,,,,,,d,move_right,,0,0
6960,232000,,,,,,,,,,,,,,,,,,,,,,d,move_right,,0,0
6961,232033,,,,,,,,,,,,,,,,,,,,,,d|w,move_up|move_right,,0,0
6962,232067,,,,,,,,,,,,,,,,,,,,,,d|w,move_up|move_right,,0,0
6963,232100,,,,,,,,,,,,,,,,,,,,,,d|w,move_up|move_right,,0,0
6964,232133,,,,,,,,,,,,,,,,,,,,,,d|w,move_up|move_right,,0,0
6965,232167,,,,,,,,,,,,,,,,,,,,,,d|w,move_up|move_right,,0,0
6966,232200,,,,,,,,,,,,,,,,,,,,,,d|w,move_up|move_right,,0,0
6967,232233,,,,,,,,,,,,,,,,,,,,,,d|w,move_up|move_right,,0,0
6968,232267,,,,,,,,,,,,,,,,,,,,,,d|w,move_up|move_right,,0,0
6969,232300,,,,,,,,,,,,,,,,,,,,,,d|w,move_up|move_right,,0,0
6970,232333,,,,,,,,,,,,,,,,,,,,,,d,move_right,,0,0
6971,232367,,,,,,,,,,,,,,,,,,,,,,,,,0,0
6972,232400,,,,,,,,,,,,,,,,,,,,,,,,,0,0
6973,232433,,,,,,,,,,,,,,,,,,,,,,,,,0,0
6974,232467,,,,,,,,,,,,,,,,,,,,,,,,,0,0
6975,232500,,,,,,,,,,,,,,,,,,,,,,,,,0,0
6976,232533,,,,,,,,,,,,,,,,,,,,,,,,,0,0
6977,232567,,,,,,,,,,,,,,,,,,,,,,,,,0,0
6978,232600,,,,,,,,,,,,,,,,,,,,,,,,,0,0
6979,232633,,,,,,,,,,,,,,,,,,,,,,,,,0,0
6980,232667,,,,,,,,,,,,,,,,,,,,,,,,,0,0
6981,232700,,,,,,,,,,,,,,,,,,,,,,,,,0,0
6982,232733,,,,,,,,,,,,,,,,,,,,,,,,,0,0
6983,232767,,,,,,,,,,,,,,,,,,,,,,,,,0,0
6984,232800,,,,,,,,,,,,,,,,,,,,,,,,,0,0
6985,232833,,,,,,,,,,,,,,,,,,,,,,e,interact,,0,0
6986,232867,,,,,,,,,,,,,,,,,,,,,,e,interact,,0,0
6987,232900,,,,,,,,,,,,,,,,,,,,,,e,interact,,0,0
6988,232933,,,,,,,,,,,,,,,,,,,,,,e,interact,,0,0
6989,232967,,,,,,,,,,,,,,,,,,,,,,e,interact,,0,0
6990,233000,,,,,,,,,,,,,,,,,,,,,,e,interact,,0,0
6991,233033,,,,,,,,,,,,,,,,,,,,,,e,interact,,0,0
6992,233067,,,,,,,,,,,,,,,,,,,,,,e,interact,,0,0
6993,233100,,,,,,,,,,,,,,,,,,,,,,e,interact,,0,0
6994,233133,,,,,,,,,,,,,,,,,,,,,,e,interact,,0,0
6995,233167,,,,,,,,,,,,,,,,,,,,,,e,interact,,0,0
6996,233200,,,,,,,,,,,,,,,,,,,,,,e,interact,,0,0
6997,233233,,,,,,,,,,,,,,,,,,,,,,e,interact,,0,0
6998,233267,,,,,,,,,,,,,,,,,,,,,,e,interact,,0,0
6999,233300,,,,,,,,,,,,,,,,,,,,,,e,interact,,0,0
7000,233333,,,,,,,,,,,,,,,,,,,,,,e,interact,,0,0
7001,233367,,,,,,,,,,,,,,,,,,,,,,e,interact,,0,0
7002,233400,,,,,,,,,,,,,,,,,,,,,,e,interact,,0,0
7003,233433,,,,,,,,,,,,,,,,,,,,,,e,interact,,0,0
7004,233467,,,,,,,,,,,,,,,,,,,,,,e,interact,,0,0
7005,233500,,,,,,,,,,,,,,,,,,,,,,e,interact,,0,0
7006,233533,,,,,,,,,,,,,,,,,,,,,,e,interact,,0,0
7007,233567,,,,,,,,,,,,,,,,,,,,,,e,interact,,0,0
7008,233600,,,,,,,,,,,,,,,,,,,,,,e,interact,,0,0
7009,233633,,,,,,,,,,,,,,,,,,,,,,e,interact,,0,0
7010,233667,,,,,,,,,,,,,,,,,,,,,,e,interact,,0,0
7011,233700,,,,,,,,,,,,,,,,,,,,,,e,interact,,0,0
7012,233733,,,,,,,,,,,,,,,,,,,,,,e,interact,,0,0
7013,233767,,,,,,,,,,,,,,,,,,,,,,e,interact,,0,0
7014,233800,,,,,,,,,,,,,,,,,,,,,,e,interact,,0,0
7015,233833,,,,,,,,,,,,,,,,,,,,,,e,interact,,0,0
7016,233867,,,,,,,,,,,,,,,,,,,,,,e,interact,,0,0
7017,233900,,,,,,,,,,,,,,,,,,,,,,e,interact,,0,0
7018,233933,,,,,,,,,,,,,,,,,,,,,,e,interact,,0,0
7019,233967,,,,,,,,,,,,,,,,,,,,,,e,interact,,0,0
7020,234000,,,,,,,,,,,,,,,,,,,,,,e,interact,,0,0
7021,234033,,,,,,,,,,,,,,,,,,,,,,e,interact,,0,0
7022,234067,,,,,,,,,,,,,,,,,,,,,,e,interact,,0,0
7023,234100,,,,,,,,,,,,,,,,,,,,,,e,interact,,0,0
7024,234133,,,,,,,,,,,,,,,,,,,,,,e,interact,,0,0
7025,234167,,,,,,,,,,,,,,,,,,,,,,e,interact,,0,0
7026,234200,,,,,,,,,,,,,,,,,,,,,,e,interact,,0,0
7027,234233,,,,,,,,,,,,,,,,,,,,,,e,interact,,0,0
7028,234267,,,,,,,,,,,,,,,,,,,,,,e,interact,,0,0
7029,234300,,,,,,,,,,,,,,,,,,,,,,e,interact,,0,0
7030,234333,,,,,,,,,,,,,,,,,,,,,,e,interact,,0,0
7031,234367,,,,,,,,,,,,,,,,,,,,,,e,interact,,0,0
7032,234400,,,,,,,,,,,,,,,,,,,,,,e,interact,,0,0
7033,234433,,,,,,,,,,,,,,,,,,,,,,e,interact,,0,0
7034,234467,,,,,,,,,,,,,,,,,,,,,,e,interact,,0,0
7035,234500,,,,,,,,,,,,,,,,,,,,,,e,interact,,0,0
7036,234533,,,,,,,,,,,,,,,,,,,,,,e,interact,,0,0
7037,234567,,,,,,,,,,,,,,,,,,,,,,e,interact,,0,0
7038,234600,,,,,,,,,,,,,,,,,,,,,,e,interact,,0,0
7039,234633,,,,,,,,,,,,,,,,,,,,,,e,interact,,0,0
7040,234667,,,,,,,,,,,,,,,,,,,,,,e,interact,,0,0
7041,234700,,,,,,,,,,,,,,,,,,,,,,e,interact,,0,0
7042,234733,,,,,,,,,,,,,,,,,,,,,,e,interact,,0,0
7043,234767,,,,,,,,,,,,,,,,,,,,,,e,interact,,0,0
7044,234800,,,,,,,,,,,,,,,,,,,,,,e,interact,,0,0
7045,234833,,,,,,,,,,,,,,,,,,,,,,e,interact,,0,0
7046,234867,,,,,,,,,,,,,,,,,,,,,,e,interact,,0,0
7047,234900,,,,,,,,,,,,,,,,,,,,,,e,interact,,0,0
7048,234933,,,,,,,,,,,,,,,,,,,,,,e,interact,,0,0
7049,234967,,,,,,,,,,,,,,,,,,,,,,e,interact,,0,0
7050,235000,,,,,,,,,,,,,,,,,,,,,,e,interact,,0,0
7051,235033,,,,,,,,,,,,,,,,,,,,,,e,interact,,0,0
7052,235067,,,,,,,,,,,,,,,,,,,,,,e,interact,,0,0
7053,235100,,,,,,,,,,,,,,,,,,,,,,e,interact,,0,0
7054,235133,,,,,,,,,,,,,,,,,,,,,,e,interact,,0,0
7055,235167,,,,,,,,,,,,,,,,,,,,,,e,interact,,0,0
7056,235200,,,,,,,,,,,,,,,,,,,,,,e,interact,,0,0
7057,235233,,,,,,,,,,,,,,,,,,,,,,e,interact,,0,0
7058,235267,,,,,,,,,,,,,,,,,,,,,,e,interact,,0,0
7059,235300,,,,,,,,,,,,,,,,,,,,,,e,interact,,0,0
7060,235333,,,,,,,,,,,,,,,,,,,,,,e,interact,,0,0
7061,235367,,,,,,,,,,,,,,,,,,,,,,e,interact,,0,0
7062,235400,,,,,,,,,,,,,,,,,,,,,,e,interact,,0,0
7063,235433,,,,,,,,,,,,,,,,,,,,,,e,interact,,0,0
7064,235467,,,,,,,,,,,,,,,,,,,,,,e,interact,,0,0
7065,235500,,,,,,,,,,,,,,,,,,,,,,e,interact,,0,0
7066,235533,,,,,,,,,,,,,,,,,,,,,,e,interact,,0,0
7067,235567,,,,,,,,,,,,,,,,,,,,,,e,interact,,0,0
7068,235600,,,,,,,,,,,,,,,,,,,,,,e,interact,,0,0
7069,235633,,,,,,,,,,,,,,,,,,,,,,e,interact,,0,0
7070,235667,,,,,,,,,,,,,,,,,,,,,,e,interact,,0,0
7071,235700,,,,,,,,,,,,,,,,,,,,,,e,interact,,0,0
7072,235733,,,,,,,,,,,,,,,,,,,,,,e,interact,,0,0
7073,235767,,,,,,,,,,,,,,,,,,,,,,e,interact,,0,0
7074,235800,,,,,,,,,,,,,,,,,,,,,,e,interact,,0,0
7075,235833,,,,,,,,,,,,,,,,,,,,,,e,interact,,0,0
7076,235867,,,,,,,,,,,,,,,,,,,,,,e,interact,,0,0
7077,235900,,,,,,,,,,,,,,,,,,,,,,e,interact,,0,0
7078,235933,,,,,,,,,,,,,,,,,,,,,,e,interact,,0,0
7079,235967,,,,,,,,,,,,,,,,,,,,,,e,interact,,0,0
7080,236000,,,,,,,,,,,,,,,,,,,,,,e,interact,,0,0
7081,236033,,,,,,,,,,,,,,,,,,,,,,e,interact,,0,0
7082,236067,,,,,,,,,,,,,,,,,,,,,,e,interact,,0,0
7083,236100,,,,,,,,,,,,,,,,,,,,,,e,interact,,0,0
7084,236133,,,,,,,,,,,,,,,,,,,,,,e,interact,,0,0
7085,236167,,,,,,,,,,,,,,,,,,,,,,e,interact,,0,0
7086,236200,,,,,,,,,,,,,,,,,,,,,,e,interact,,0,0
7087,236233,,,,,,,,,,,,,,,,,,,,,,e,interact,,0,0
7088,236267,,,,,,,,,,,,,,,,,,,,,,e,interact,,0,0
7089,236300,,,,,,,,,,,,,,,,,,,,,,e,interact,,0,0
7090,236333,,,,,,,,,,,,,,,,,,,,,,e,interact,,0,0
7091,236367,,,,,,,,,,,,,,,,,,,,,,e,interact,,0,0
7092,236400,,,,,,,,,,,,,,,,,,,,,,e,interact,,0,0
7093,236433,,,,,,,,,,,,,,,,,,,,,,e,interact,,0,0
7094,236467,,,,,,,,,,,,,,,,,,,,,,e,interact,,0,0
7095,236500,,,,,,,,,,,,,,,,,,,,,,e,interact,,0,0
7096,236533,,,,,,,,,,,,,,,,,,,,,,e,interact,,0,0
7097,236567,,,,,,,,,,,,,,,,,,,,,,e,interact,,0,0
7098,236600,,,,,,,,,,,,,,,,,,,,,,e,interact,,0,0
7099,236633,,,,,,,,,,,,,,,,,,,,,,e,interact,,0,0
7100,236667,,,,,,,,,,,,,,,,,,,,,,e,interact,,0,0
7101,236700,,,,,,,,,,,,,,,,,,,,,,e,interact,,0,0
7102,236733,,,,,,,,,,,,,,,,,,,,,,e,interact,,0,0
7103,236767,,,,,,,,,,,,,,,,,,,,,,e,interact,,0,0
7104,236800,,,,,,,,,,,,,,,,,,,,,,e,interact,,0,0
7105,236833,,,,,,,,,,,,,,,,,,,,,,e,interact,,0,0
7106,236867,,,,,,,,,,,,,,,,,,,,,,e,interact,,0,0
7107,236900,,,,,,,,,,,,,,,,,,,,,,e,interact,,0,0
7108,236933,,,,,,,,,,,,,,,,,,,,,,e,interact,,0,0
7109,236967,,,,,,,,,,,,,,,,,,,,,,e,interact,,0,0
7110,237000,,,,,,,,,,,,,,,,,,,,,,e,interact,,0,0
7111,237033,,,,,,,,,,,,,,,,,,,,,,e,interact,,0,0
7112,237067,,,,,,,,,,,,,,,,,,,,,,e,interact,,0,0
7113,237100,,,,,,,,,,,,,,,,,,,,,,e,interact,,0,0
7114,237133,,,,,,,,,,,,,,,,,,,,,,e,interact,,0,0
7115,237167,,,,,,,,,,,,,,,,,,,,,,e,interact,,0,0
7116,237200,,,,,,,,,,,,,,,,,,,,,,e,interact,,0,0
7117,237233,,,,,,,,,,,,,,,,,,,,,,e,interact,,0,0
7118,237267,,,,,,,,,,,,,,,,,,,,,,e,interact,,0,0
7119,237300,,,,,,,,,,,,,,,,,,,,,,e,interact,,0,0
7120,237333,,,,,,,,,,,,,,,,,,,,,,e,interact,,0,0
7121,237367,,,,,,,,,,,,,,,,,,,,,,e,interact,,0,0
7122,237400,,,,,,,,,,,,,,,,,,,,,,e,interact,,0,0
7123,237433,,,,,,,,,,,,,,,,,,,,,,e,interact,,0,0
7124,237467,,,,,,,,,,,,,,,,,,,,,,e,interact,,0,0
7125,237500,,,,,,,,,,,,,,,,,,,,,,e,interact,,0,0
7126,237533,,,,,,,,,,,,,,,,,,,,,,e,interact,,0,0
7127,237567,,,,,,,,,,,,,,,,,,,,,,e,interact,,0,0
7128,237600,,,,,,,,,,,,,,,,,,,,,,e,interact,,0,0
7129,237633,,,,,,,,,,,,,,,,,,,,,,e,interact,,0,0
7130,237667,,,,,,,,,,,,,,,,,,,,,,e,interact,,0,0
7131,237700,,,,,,,,,,,,,,,,,,,,,,e,interact,,0,0
7132,237733,,,,,,,,,,,,,,,,,,,,,,e,interact,,0,0
7133,237767,,,,,,,,,,,,,,,,,,,,,,e,interact,,0,0
7134,237800,,,,,,,,,,,,,,,,,,,,,,e,interact,,0,0
7135,237833,,,,,,,,,,,,,,,,,,,,,,e,interact,,0,0
7136,237867,,,,,,,,,,,,,,,,,,,,,,e,interact,,0,0
7137,237900,,,,,,,,,,,,,,,,,,,,,,e,interact,,0,0
7138,237933,,,,,,,,,,,,,,,,,,,,,,e,interact,,0,0
7139,237967,,,,,,,,,,,,,,,,,,,,,,e,interact,,0,0
7140,238000,,,,,,,,,,,,,,,,,,,,,,e,interact,,0,0
7141,238033,,,,,,,,,,,,,,,,,,,,,,e,interact,,0,0
7142,238067,,,,,,,,,,,,,,,,,,,,,,e,interact,,0,0
7143,238100,,,,,,,,,,,,,,,,,,,,,,e,interact,,0,0
7144,238133,,,,,,,,,,,,,,,,,,,,,,e,interact,,0,0
7145,238167,,,,,,,,,,,,,,,,,,,,,,e,interact,,0,0
7146,238200,,,,,,,,,,,,,,,,,,,,,,e,interact,,0,0
7147,238233,,,,,,,,,,,,,,,,,,,,,,e,interact,,0,0
7148,238267,,,,,,,,,,,,,,,,,,,,,,e,interact,,0,0
7149,238300,,,,,,,,,,,,,,,,,,,,,,e,interact,,0,0
7150,238333,,,,,,,,,,,,,,,,,,,,,,e,interact,,0,0
7151,238367,,,,,,,,,,,,,,,,,,,,,,e,interact,,0,0
7152,238400,,,,,,,,,,,,,,,,,,,,,,e,interact,,0,0
7153,238433,,,,,,,,,,,,,,,,,,,,,,e,interact,,0,0
7154,238467,,,,,,,,,,,,,,,,,,,,,,e,interact,,0,0
7155,238500,,,,,,,,,,,,,,,,,,,,,,e,interact,,0,0
7156,238533,,,,,,,,,,,,,,,,,,,,,,e,interact,,0,0
7157,238567,,,,,,,,,,,,,,,,,,,,,,e,interact,,0,0
7158,238600,,,,,,,,,,,,,,,,,,,,,,e,interact,,0,0
7159,238633,,,,,,,,,,,,,,,,,,,,,,e,interact,,0,0
7160,238667,,,,,,,,,,,,,,,,,,,,,,e,interact,,0,0
7161,238700,,,,,,,,,,,,,,,,,,,,,,e,interact,,0,0
7162,238733,,,,,,,,,,,,,,,,,,,,,,e,interact,,0,0
7163,238767,,,,,,,,,,,,,,,,,,,,,,e,interact,,0,0
7164,238800,,,,,,,,,,,,,,,,,,,,,,,,,0,0
7165,238833,,,,,,,,,,,,,,,,,,,,,,,,,0,0
7166,238867,,,,,,,,,,,,,,,,,,,,,,,,,0,0
7167,238900,,,,,,,,,,,,,,,,,,,,,,,,,0,0
7168,238933,,,,,,,,,,,,,,,,,,,,,,,,,0,0
7169,238967,,,,,,,,,,,,,,,,,,,,,,,,,0,0
7170,239000,,,,,,,,,,,,,,,,,,,,,,,,,0,0
7171,239033,,,,,,,,,,,,,,,,,,,,,,,,,0,0
7172,239067,,,,,,,,,,,,,,,,,,,,,,,,,0,0
7173,239100,,,,,,,,,,,,,,,,,,,,,,,,,0,0
7174,239133,,,,,,,,,,,,,,,,,,,,,,s,move_down,,0,0
7175,239167,,,,,,,,,,,,,,,,,,,,,,s,move_down,,0,0
7176,239200,,,,,,,,,,,,,,,,,,,,,,s,move_down,,0,0
7177,239233,,,,,,,,,,,,,,,,,,,,,,s,move_down,,0,0
7178,239267,,,,,,,,,,,,,,,,,,,,,,s,move_down,,0,0
7179,239300,,,,,,,,,,,,,,,,,,,,,,s,move_down,,0,0
7180,239333,,,,,,,,,,,,,,,,,,,,,,s,move_down,,0,0
7181,239367,,,,,,,,,,,,,,,,,,,,,,,,,0,0
7182,239400,,,,,,,,,,,,,,,,,,,,,,,,,0,0
7183,239433,,,,,,,,,,,,,,,,,,,,,,,,,0,0
7184,239467,,,,,,,,,,,,,,,,,,,,,,,,,0,0
7185,239500,,,,,,,,,,,,,,,,,,,,,,,,,0,0
7186,239533,,,,,,,,,,,,,,,,,,,,,,,,,0,0
7187,239567,,,,,,,,,,,,,,,,,,,,,,,,,0,0
7188,239600,,,,,,,,,,,,,,,,,,,,,,,,,0,0
7189,239633,,,,,,,,,,,,,,,,,,,,,,,,,0,0
7190,239667,,,,,,,,,,,,,,,,,,,,,,e|w,interact|move_up,,0,0
7191,239700,,,,,,,,,,,,,,,,,,,,,,e|w,interact|move_up,,0,0
7192,239733,,,,,,,,,,,,,,,,,,,,,,e|w,interact|move_up,,0,0
7193,239767,,,,,,,,,,,,,,,,,,,,,,e|w,interact|move_up,,0,0
7194,239800,,,,,,,,,,,,,,,,,,,,,,e|w,interact|move_up,,0,0
7195,239833,,,,,,,,,,,,,,,,,,,,,,e|w,interact|move_up,,0,0
7196,239867,,,,,,,,,,,,,,,,,,,,,,w,move_up,,0,0
7197,239900,,,,,,,,,,,,,,,,,,,,,,w,move_up,,0,0
7198,239933,,,,,,,,,,,,,,,,,,,,,,e|w,interact|move_up,,0,0
7199,239967,,,,,,,,,,,,,,,,,,,,,,e,interact,,0,0
7200,240000,,,,,,,,,,,,,,,,,,,,,,e,interact,,0,0
7201,240033,,,,,,,,,,,,,,,,,,,,,,,,,0,0
7202,240067,,,,,,,,,,,,,,,,,,,,,,e,interact,,0,0
7203,240100,,,,,,,,,,,,,,,,,,,,,,e,interact,,0,0
7204,240133,,,,,,,,,,,,,,,,,,,,,,e,interact,,0,0
7205,240167,,,,,,,,,,,,,,,,,,,,,,e,interact,,0,0
7206,240200,,,,,,,,,,,,,,,,,,,,,,e,interact,,0,0
7207,240233,,,,,,,,,,,,,,,,,,,,,,e,interact,,0,0
7208,240267,,,,,,,,,,,,,,,,,,,,,,e,interact,,0,0
7209,240300,,,,,,,,,,,,,,,,,,,,,,e,interact,,0,0
7210,240333,,,,,,,,,,,,,,,,,,,,,,,,,0,0
7211,240367,,,,,,,,,,,,,,,,,,,,,,e,interact,,0,0
7212,240400,,,,,,,,,,,,,,,,,,,,,,e,interact,,0,0
7213,240433,,,,,,,,,,,,,,,,,,,,,,e,interact,,0,0
7214,240467,,,,,,,,,,,,,,,,,,,,,,,,,0,0
7215,240500,,,,,,,,,,,,,,,,,,,,,,e,interact,,0,0
7216,240533,,,,,,,,,,,,,,,,,,,,,,e,interact,,0,0
7217,240567,,,,,,,,,,,,,,,,,,,,,,e,interact,,0,0
7218,240600,,,,,,,,,,,,,,,,,,,,,,e,interact,,0,0
7219,240633,,,,,,,,,,,,,,,,,,,,,,,,,0,0
7220,240667,,,,,,,,,,,,,,,,,,,,,,,,,0,0
7221,240700,,,,,,,,,,,,,,,,,,,,,,d,move_right,,0,0
7222,240733,,,,,,,,,,,,,,,,,,,,,,d,move_right,,0,0
7223,240767,,,,,,,,,,,,,,,,,,,,,,d,move_right,,0,0
7224,240800,,,,,,,,,,,,,,,,,,,,,,d,move_right,,0,0
7225,240833,,,,,,,,,,,,,,,,,,,,,,d,move_right,,0,0
7226,240867,,,,,,,,,,,,,,,,,,,,,,d,move_right,,0,0
7227,240900,,,,,,,,,,,,,,,,,,,,,,d,move_right,,0,0
7228,240933,,,,,,,,,,,,,,,,,,,,,,d,move_right,,0,0
7229,240967,,,,,,,,,,,,,,,,,,,,,,d,move_right,,0,0
7230,241000,,,,,,,,,,,,,,,,,,,,,,d,move_right,,0,0
7231,241033,,,,,,,,,,,,,,,,,,,,,,,,,0,0
7232,241067,,,,,,,,,,,,,,,,,,,,,,,,,0,0
7233,241100,,,,,,,,,,,,,,,,,,,,,,,,,0,0
7234,241133,,,,,,,,,,,,,,,,,,,,,,,,,0,0
7235,241167,,,,,,,,,,,,,,,,,,,,,,,,,0,0
7236,241200,,,,,,,,,,,,,,,,,,,,,,,,,0,0
7237,241233,,,,,,,,,,,,,,,,,,,,,,,,,0,0
7238,241267,,,,,,,,,,,,,,,,,,,,,,d,move_right,,0,0
7239,241300,,,,,,,,,,,,,,,,,,,,,,d,move_right,,0,0
7240,241333,,,,,,,,,,,,,,,,,,,,,,d,move_right,,0,0
7241,241367,,,,,,,,,,,,,,,,,,,,,,d,move_right,,0,0
7242,241400,,,,,,,,,,,,,,,,,,,,,,,,,0,0
7243,241433,,,,,,,,,,,,,,,,,,,,,,,,,0,0
7244,241467,,,,,,,,,,,,,,,,,,,,,,,,,0,0
7245,241500,,,,,,,,,,,,,,,,,,,,,,,,,0,0
7246,241533,,,,,,,,,,,,,,,,,,,,,,,,,0,0
7247,241567,,,,,,,,,,,,,,,,,,,,,,e,interact,,0,0
7248,241600,,,,,,,,,,,,,,,,,,,,,,e,interact,,0,0
7249,241633,,,,,,,,,,,,,,,,,,,,,,e,interact,,0,0
7250,241667,,,,,,,,,,,,,,,,,,,,,,e,interact,,0,0
7251,241700,,,,,,,,,,,,,,,,,,,,,,,,,0,0
7252,241733,,,,,,,,,,,,,,,,,,,,,,,,,0,0
7253,241767,,,,,,,,,,,,,,,,,,,,,,,,,0,0
7254,241800,,,,,,,,,,,,,,,,,,,,,,,,,0,0
7255,241833,,,,,,,,,,,,,,,,,,,,,,,,,0,0
7256,241867,,,,,,,,,,,,,,,,,,,,,,,,,0,0
7257,241900,,,,,,,,,,,,,,,,,,,,,,,,,0,0
7258,241933,,,,,,,,,,,,,,,,,,,,,,,,,0,0
7259,241967,,,,,,,,,,,,,,,,,,,,,,,,,0,0
7260,242000,,,,,,,,,,,,,,,,,,,,,,,,,0,0
7261,242033,,,,,,,,,,,,,,,,,,,,,,,,,0,0
7262,242067,,,,,,,,,,,,,,,,,,,,,,,,,0,0
7263,242100,,,,,,,,,,,,,,,,,,,,,,,,,0,0
7264,242133,,,,,,,,,,,,,,,,,,,,,,w,move_up,,0,0
7265,242167,,,,,,,,,,,,,,,,,,,,,,w,move_up,,0,0
7266,242200,,,,,,,,,,,,,,,,,,,,,,w,move_up,,0,0
7267,242233,,,,,,,,,,,,,,,,,,,,,,w,move_up,,0,0
7268,242267,,,,,,,,,,,,,,,,,,,,,,w,move_up,,0,0
7269,242300,,,,,,,,,,,,,,,,,,,,,,w,move_up,,0,0
7270,242333,,,,,,,,,,,,,,,,,,,,,,w,move_up,,0,0
7271,242367,,,,,,,,,,,,,,,,,,,,,,w,move_up,,0,0
7272,242400,,,,,,,,,,,,,,,,,,,,,,,,,0,0
7273,242433,,,,,,,,,,,,,,,,,,,,,,,,,0,0
7274,242467,,,,,,,,,,,,,,,,,,,,,,,,,0,0
7275,242500,,,,,,,,,,,,,,,,,,,,,,,,,0,0
7276,242533,,,,,,,,,,,,,,,,,,,,,,,,,0,0
7277,242567,,,,,,,,,,,,,,,,,,,,,,,,,0,0
7278,242600,,,,,,,,,,,,,,,,,,,,,,d,move_right,,0,0
7279,242633,,,,,,,,,,,,,,,,,,,,,,d,move_right,,0,0
7280,242667,,,,,,,,,,,,,,,,,,,,,,d,move_right,,0,0
7281,242700,,,,,,,,,,,,,,,,,,,,,,d,move_right,,0,0
7282,242733,,,,,,,,,,,,,,,,,,,,,,d,move_right,,0,0
7283,242767,,,,,,,,,,,,,,,,,,,,,,d,move_right,,0,0
7284,242800,,,,,,,,,,,,,,,,,,,,,,,,,0,0
7285,242833,,,,,,,,,,,,,,,,,,,,,,,,,0,0
7286,242867,,,,,,,,,,,,,,,,,,,,,,,,,0,0
7287,242900,,,,,,,,,,,,,,,,,,,,,,,,,0,0
7288,242933,,,,,,,,,,,,,,,,,,,,,,,,,0,0
7289,242967,,,,,,,,,,,,,,,,,,,,,,,,,0,0
7290,243000,,,,,,,,,,,,,,,,,,,,,,,,,0,0
7291,243033,,,,,,,,,,,,,,,,,,,,,,,,,0,0
7292,243067,,,,,,,,,,,,,,,,,,,,,,,,,0,0
7293,243100,,,,,,,,,,,,,,,,,,,,,,,,,0,0
7294,243133,,,,,,,,,,,,,,,,,,,,,,,,,0,0
7295,243167,,,,,,,,,,,,,,,,,,,,,,,,,0,0
7296,243200,,,,,,,,,,,,,,,,,,,,,,,,,0,0
7297,243233,,,,,,,,,,,,,,,,,,,,,,,,,0,0
7298,243267,,,,,,,,,,,,,,,,,,,,,,,,,0,0
7299,243300,,,,,,,,,,,,,,,,,,,,,,,,,0,0
7300,243333,,,,,,,,,,,,,,,,,,,,,,,,,0,0
7301,243367,,,,,,,,,,,,,,,,,,,,,,,,,0,0
7302,243400,,,,,,,,,,,,,,,,,,,,,,w,move_up,,0,0
7303,243433,,,,,,,,,,,,,,,,,,,,,,w,move_up,,0,0
7304,243467,,,,,,,,,,,,,,,,,,,,,,w,move_up,,0,0
7305,243500,,,,,,,,,,,,,,,,,,,,,,w,move_up,,0,0
7306,243533,,,,,,,,,,,,,,,,,,,,,,a|w,move_up|move_left,,0,0
7307,243567,,,,,,,,,,,,,,,,,,,,,,a|w,move_up|move_left,,0,0
7308,243600,,,,,,,,,,,,,,,,,,,,,,a|w,move_up|move_left,,0,0
7309,243633,,,,,,,,,,,,,,,,,,,,,,a|w,move_up|move_left,,0,0
7310,243667,,,,,,,,,,,,,,,,,,,,,,a|w,move_up|move_left,,0,0
7311,243700,,,,,,,,,,,,,,,,,,,,,,a|w,move_up|move_left,,0,0
7312,243733,,,,,,,,,,,,,,,,,,,,,,a|w,move_up|move_left,,0,0
7313,243767,,,,,,,,,,,,,,,,,,,,,,a|w,move_up|move_left,,0,0
7314,243800,,,,,,,,,,,,,,,,,,,,,,a|w,move_up|move_left,,0,0
7315,243833,,,,,,,,,,,,,,,,,,,,,,a|w,move_up|move_left,,0,0
7316,243867,,,,,,,,,,,,,,,,,,,,,,a,move_left,,0,0
7317,243900,,,,,,,,,,,,,,,,,,,,,,,,,0,0
7318,243933,,,,,,,,,,,,,,,,,,,,,,,,,0,0
7319,243967,,,,,,,,,,,,,,,,,,,,,,,,,0,0
7320,244000,,,,,,,,,,,,,,,,,,,,,,,,,0,0
7321,244033,,,,,,,,,,,,,,,,,,,,,,,,,0,0
7322,244067,,,,,,,,,,,,,,,,,,,,,,,,,0,0
7323,244100,,,,,,,,,,,,,,,,,,,,,,a,move_left,,0,0
7324,244133,,,,,,,,,,,,,,,,,,,,,,a,move_left,,0,0
7325,244167,,,,,,,,,,,,,,,,,,,,,,a|w,move_up|move_left,,0,0
7326,244200,,,,,,,,,,,,,,,,,,,,,,a|w,move_up|move_left,,0,0
7327,244233,,,,,,,,,,,,,,,,,,,,,,a|w,move_up|move_left,,0,0
7328,244267,,,,,,,,,,,,,,,,,,,,,,a|w,move_up|move_left,,0,0
7329,244300,,,,,,,,,,,,,,,,,,,,,,a|w,move_up|move_left,,0,0
7330,244333,,,,,,,,,,,,,,,,,,,,,,a|w,move_up|move_left,,0,0
7331,244367,,,,,,,,,,,,,,,,,,,,,,a|w,move_up|move_left,,0,0
7332,244400,,,,,,,,,,,,,,,,,,,,,,a|w,move_up|move_left,,0,0
7333,244433,,,,,,,,,,,,,,,,,,,,,,a|w,move_up|move_left,,0,0
7334,244467,,,,,,,,,,,,,,,,,,,,,,a|w,move_up|move_left,,0,0
7335,244500,,,,,,,,,,,,,,,,,,,,,,a|w,move_up|move_left,,0,0
7336,244533,,,,,,,,,,,,,,,,,,,,,,a|w,move_up|move_left,,0,0
7337,244567,,,,,,,,,,,,,,,,,,,,,,a|w,move_up|move_left,,0,0
7338,244600,,,,,,,,,,,,,,,,,,,,,,a|w,move_up|move_left,,0,0
7339,244633,,,,,,,,,,,,,,,,,,,,,,a|w,move_up|move_left,,0,0
7340,244667,,,,,,,,,,,,,,,,,,,,,,a|w,move_up|move_left,,0,0
7341,244700,,,,,,,,,,,,,,,,,,,,,,a|w,move_up|move_left,,0,0
7342,244733,,,,,,,,,,,,,,,,,,,,,,a|w,move_up|move_left,,0,0
7343,244767,,,,,,,,,,,,,,,,,,,,,,a|w,move_up|move_left,,0,0
7344,244800,,,,,,,,,,,,,,,,,,,,,,a|w,move_up|move_left,,0,0
7345,244833,,,,,,,,,,,,,,,,,,,,,,a|w,move_up|move_left,,0,0
7346,244867,,,,,,,,,,,,,,,,,,,,,,a|w,move_up|move_left,,0,0
7347,244900,,,,,,,,,,,,,,,,,,,,,,a|w,move_up|move_left,,0,0
7348,244933,,,,,,,,,,,,,,,,,,,,,,a|w,move_up|move_left,,0,0
7349,244967,,,,,,,,,,,,,,,,,,,,,,a|w,move_up|move_left,,0,0
7350,245000,,,,,,,,,,,,,,,,,,,,,,a|w,move_up|move_left,,0,0
7351,245033,,,,,,,,,,,,,,,,,,,,,,a|w,move_up|move_left,,0,0
7352,245067,,,,,,,,,,,,,,,,,,,,,,a|w,move_up|move_left,,0,0
7353,245100,,,,,,,,,,,,,,,,,,,,,,a|w,move_up|move_left,,0,0
7354,245133,,,,,,,,,,,,,,,,,,,,,,a|w,move_up|move_left,,0,0
7355,245167,,,,,,,,,,,,,,,,,,,,,,a|w,move_up|move_left,,0,0
7356,245200,,,,,,,,,,,,,,,,,,,,,,a|w,move_up|move_left,,0,0
7357,245233,,,,,,,,,,,,,,,,,,,,,,a|w,move_up|move_left,,0,0
7358,245267,,,,,,,,,,,,,,,,,,,,,,a,move_left,,0,0
7359,245300,,,,,,,,,,,,,,,,,,,,,,a,move_left,,0,0
7360,245333,,,,,,,,,,,,,,,,,,,,,,a,move_left,,0,0
7361,245367,,,,,,,,,,,,,,,,,,,,,,a|w,move_up|move_left,,0,0
7362,245400,,,,,,,,,,,,,,,,,,,,,,a|w,move_up|move_left,,0,0
7363,245433,,,,,,,,,,,,,,,,,,,,,,a|w,move_up|move_left,,0,0
7364,245467,,,,,,,,,,,,,,,,,,,,,,w,move_up,,0,0
7365,245500,,,,,,,,,,,,,,,,,,,,,,w,move_up,,0,0
7366,245533,,,,,,,,,,,,,,,,,,,,,,w,move_up,,0,0
7367,245567,,,,,,,,,,,,,,,,,,,,,,w,move_up,,0,0
7368,245600,,,,,,,,,,,,,,,,,,,,,,w,move_up,,0,0
7369,245633,,,,,,,,,,,,,,,,,,,,,,w,move_up,,0,0
7370,245667,,,,,,,,,,,,,,,,,,,,,,w,move_up,,0,0
7371,245700,,,,,,,,,,,,,,,,,,,,,,w,move_up,,0,0
7372,245733,,,,,,,,,,,,,,,,,,,,,,w,move_up,,0,0
7373,245767,,,,,,,,,,,,,,,,,,,,,,w,move_up,,0,0
7374,245800,,,,,,,,,,,,,,,,,,,,,,w,move_up,,0,0
7375,245833,,,,,,,,,,,,,,,,,,,,,,w,move_up,,0,0
7376,245867,,,,,,,,,,,,,,,,,,,,,,w,move_up,,0,0
7377,245900,,,,,,,,,,,,,,,,,,,,,,w,move_up,,0,0
7378,245933,,,,,,,,,,,,,,,,,,,,,,w,move_up,,0,0
7379,245967,,,,,,,,,,,,,,,,,,,,,,w,move_up,,0,0
7380,246000,,,,,,,,,,,,,,,,,,,,,,w,move_up,,0,0
7381,246033,,,,,,,,,,,,,,,,,,,,,,w,move_up,,0,0
7382,246067,,,,,,,,,,,,,,,,,,,,,,w,move_up,,0,0
7383,246100,,,,,,,,,,,,,,,,,,,,,,w,move_up,,0,0
7384,246133,,,,,,,,,,,,,,,,,,,,,,w,move_up,,0,0
7385,246167,,,,,,,,,,,,,,,,,,,,,,w,move_up,,0,0
7386,246200,,,,,,,,,,,,,,,,,,,,,,w,move_up,,0,0
7387,246233,,,,,,,,,,,,,,,,,,,,,,w,move_up,,0,0
7388,246267,,,,,,,,,,,,,,,,,,,,,,w,move_up,,0,0
7389,246300,,,,,,,,,,,,,,,,,,,,,,w,move_up,,0,0
7390,246333,,,,,,,,,,,,,,,,,,,,,,w,move_up,,0,0
7391,246367,,,,,,,,,,,,,,,,,,,,,,w,move_up,,0,0
7392,246400,,,,,,,,,,,,,,,,,,,,,,w,move_up,,0,0
7393,246433,,,,,,,,,,,,,,,,,,,,,,w,move_up,,0,0
7394,246467,,,,,,,,,,,,,,,,,,,,,,w,move_up,,0,0
7395,246500,,,,,,,,,,,,,,,,,,,,,,w,move_up,,0,0
7396,246533,,,,,,,,,,,,,,,,,,,,,,w,move_up,,0,0
7397,246567,,,,,,,,,,,,,,,,,,,,,,w,move_up,,0,0
7398,246600,,,,,,,,,,,,,,,,,,,,,,w,move_up,,0,0
7399,246633,,,,,,,,,,,,,,,,,,,,,,w,move_up,,0,0
7400,246667,,,,,,,,,,,,,,,,,,,,,,w,move_up,,0,0
7401,246700,,,,,,,,,,,,,,,,,,,,,,w,move_up,,0,0
7402,246733,,,,,,,,,,,,,,,,,,,,,,w,move_up,,0,0
7403,246767,,,,,,,,,,,,,,,,,,,,,,w,move_up,,0,0
7404,246800,,,,,,,,,,,,,,,,,,,,,,a|w,move_up|move_left,,0,0
7405,246833,,,,,,,,,,,,,,,,,,,,,,a|w,move_up|move_left,,0,0
7406,246867,,,,,,,,,,,,,,,,,,,,,,a|w,move_up|move_left,,0,0
7407,246900,,,,,,,,,,,,,,,,,,,,,,a|w,move_up|move_left,,0,0
7408,246933,,,,,,,,,,,,,,,,,,,,,,a|w,move_up|move_left,,0,0
7409,246967,,,,,,,,,,,,,,,,,,,,,,a|w,move_up|move_left,,0,0
7410,247000,,,,,,,,,,,,,,,,,,,,,,a|w,move_up|move_left,,0,0
7411,247033,,,,,,,,,,,,,,,,,,,,,,a|w,move_up|move_left,,0,0
7412,247067,,,,,,,,,,,,,,,,,,,,,,a|w,move_up|move_left,,0,0
7413,247100,,,,,,,,,,,,,,,,,,,,,,a|w,move_up|move_left,,0,0
7414,247133,,,,,,,,,,,,,,,,,,,,,,a|w,move_up|move_left,,0,0
7415,247167,,,,,,,,,,,,,,,,,,,,,,a|w,move_up|move_left,,0,0
7416,247200,,,,,,,,,,,,,,,,,,,,,,a|w,move_up|move_left,,0,0
7417,247233,,,,,,,,,,,,,,,,,,,,,,w,move_up,,0,0
7418,247267,,,,,,,,,,,,,,,,,,,,,,w,move_up,,0,0
7419,247300,,,,,,,,,,,,,,,,,,,,,,w,move_up,,0,0
7420,247333,,,,,,,,,,,,,,,,,,,,,,w,move_up,,0,0
7421,247367,,,,,,,,,,,,,,,,,,,,,,w,move_up,,0,0
7422,247400,,,,,,,,,,,,,,,,,,,,,,w,move_up,,0,0
7423,247433,,,,,,,,,,,,,,,,,,,,,,w,move_up,,0,0
7424,247467,,,,,,,,,,,,,,,,,,,,,,w,move_up,,0,0
7425,247500,,,,,,,,,,,,,,,,,,,,,,w,move_up,,0,0
7426,247533,,,,,,,,,,,,,,,,,,,,,,w,move_up,,0,0
7427,247567,,,,,,,,,,,,,,,,,,,,,,w,move_up,,0,0
7428,247600,,,,,,,,,,,,,,,,,,,,,,w,move_up,,0,0
7429,247633,,,,,,,,,,,,,,,,,,,,,,w,move_up,,0,0
7430,247667,,,,,,,,,,,,,,,,,,,,,,w,move_up,,0,0
7431,247700,,,,,,,,,,,,,,,,,,,,,,w,move_up,,0,0
7432,247733,,,,,,,,,,,,,,,,,,,,,,w,move_up,,0,0
7433,247767,,,,,,,,,,,,,,,,,,,,,,w,move_up,,0,0
7434,247800,,,,,,,,,,,,,,,,,,,,,,w,move_up,,0,0
7435,247833,,,,,,,,,,,,,,,,,,,,,,w,move_up,,0,0
7436,247867,,,,,,,,,,,,,,,,,,,,,,w,move_up,,0,0
7437,247900,,,,,,,,,,,,,,,,,,,,,,w,move_up,,0,0
7438,247933,,,,,,,,,,,,,,,,,,,,,,w,move_up,,0,0
7439,247967,,,,,,,,,,,,,,,,,,,,,,w,move_up,,0,0
7440,248000,,,,,,,,,,,,,,,,,,,,,,w,move_up,,0,0
7441,248033,,,,,,,,,,,,,,,,,,,,,,w,move_up,,0,0
7442,248067,,,,,,,,,,,,,,,,,,,,,,w,move_up,,0,0
7443,248100,,,,,,,,,,,,,,,,,,,,,,w,move_up,,0,0
7444,248133,,,,,,,,,,,,,,,,,,,,,,w,move_up,,0,0
7445,248167,,,,,,,,,,,,,,,,,,,,,,w,move_up,,0,0
7446,248200,,,,,,,,,,,,,,,,,,,,,,w,move_up,,0,0
7447,248233,,,,,,,,,,,,,,,,,,,,,,w,move_up,,0,0
7448,248267,,,,,,,,,,,,,,,,,,,,,,w,move_up,,0,0
7449,248300,,,,,,,,,,,,,,,,,,,,,,w,move_up,,0,0
7450,248333,,,,,,,,,,,,,,,,,,,,,,w,move_up,,0,0
7451,248367,,,,,,,,,,,,,,,,,,,,,,w,move_up,,0,0
7452,248400,,,,,,,,,,,,,,,,,,,,,,w,move_up,,0,0
7453,248433,,,,,,,,,,,,,,,,,,,,,,w,move_up,,0,0
7454,248467,,,,,,,,,,,,,,,,,,,,,,w,move_up,,0,0
7455,248500,,,,,,,,,,,,,,,,,,,,,,w,move_up,,0,0
7456,248533,,,,,,,,,,,,,,,,,,,,,,w,move_up,,0,0
7457,248567,,,,,,,,,,,,,,,,,,,,,,w,move_up,,0,0
7458,248600,,,,,,,,,,,,,,,,,,,,,,w,move_up,,0,0
7459,248633,,,,,,,,,,,,,,,,,,,,,,w,move_up,,0,0
7460,248667,,,,,,,,,,,,,,,,,,,,,,w,move_up,,0,0
7461,248700,,,,,,,,,,,,,,,,,,,,,,w,move_up,,0,0
7462,248733,,,,,,,,,,,,,,,,,,,,,,w,move_up,,0,0
7463,248767,,,,,,,,,,,,,,,,,,,,,,w,move_up,,0,0
7464,248800,,,,,,,,,,,,,,,,,,,,,,w,move_up,,0,0
7465,248833,,,,,,,,,,,,,,,,,,,,,,w,move_up,,0,0
7466,248867,,,,,,,,,,,,,,,,,,,,,,w,move_up,,0,0
7467,248900,,,,,,,,,,,,,,,,,,,,,,w,move_up,,0,0
7468,248933,,,,,,,,,,,,,,,,,,,,,,w,move_up,,0,0
7469,248967,,,,,,,,,,,,,,,,,,,,,,w,move_up,,0,0
7470,249000,,,,,,,,,,,,,,,,,,,,,,w,move_up,,0,0
7471,249033,,,,,,,,,,,,,,,,,,,,,,a|w,move_up|move_left,,0,0
7472,249067,,,,,,,,,,,,,,,,,,,,,,a|w,move_up|move_left,,0,0
7473,249100,,,,,,,,,,,,,,,,,,,,,,a|w,move_up|move_left,,0,0
7474,249133,,,,,,,,,,,,,,,,,,,,,,a|w,move_up|move_left,,0,0
7475,249167,,,,,,,,,,,,,,,,,,,,,,a|w,move_up|move_left,,0,0
7476,249200,,,,,,,,,,,,,,,,,,,,,,a|w,move_up|move_left,,0,0
7477,249233,,,,,,,,,,,,,,,,,,,,,,a|w,move_up|move_left,,0,0
7478,249267,,,,,,,,,,,,,,,,,,,,,,a|w,move_up|move_left,,0,0
7479,249300,,,,,,,,,,,,,,,,,,,,,,a|w,move_up|move_left,,0,0
7480,249333,,,,,,,,,,,,,,,,,,,,,,a|w,move_up|move_left,,0,0
7481,249367,,,,,,,,,,,,,,,,,,,,,,w,move_up,,0,0
7482,249400,,,,,,,,,,,,,,,,,,,,,,w,move_up,,0,0
7483,249433,,,,,,,,,,,,,,,,,,,,,,w,move_up,,0,0
7484,249467,,,,,,,,,,,,,,,,,,,,,,w,move_up,,0,0
7485,249500,,,,,,,,,,,,,,,,,,,,,,w,move_up,,0,0
7486,249533,,,,,,,,,,,,,,,,,,,,,,w,move_up,,0,0
7487,249567,,,,,,,,,,,,,,,,,,,,,,w,move_up,,0,0
7488,249600,,,,,,,,,,,,,,,,,,,,,,w,move_up,,0,0
7489,249633,,,,,,,,,,,,,,,,,,,,,,w,move_up,,0,0
7490,249667,,,,,,,,,,,,,,,,,,,,,,w,move_up,,0,0
7491,249700,,,,,,,,,,,,,,,,,,,,,,w,move_up,,0,0
7492,249733,,,,,,,,,,,,,,,,,,,,,,a|w,move_up|move_left,,0,0
7493,249767,,,,,,,,,,,,,,,,,,,,,,a|w,move_up|move_left,,0,0
7494,249800,,,,,,,,,,,,,,,,,,,,,,a|w,move_up|move_left,,0,0
7495,249833,,,,,,,,,,,,,,,,,,,,,,a|w,move_up|move_left,,0,0
7496,249867,,,,,,,,,,,,,,,,,,,,,,a|w,move_up|move_left,,0,0
7497,249900,,,,,,,,,,,,,,,,,,,,,,w,move_up,,0,0
7498,249933,,,,,,,,,,,,,,,,,,,,,,w,move_up,,0,0
7499,249967,,,,,,,,,,,,,,,,,,,,,,w,move_up,,0,0
7500,250000,,,,,,,,,,,,,,,,,,,,,,w,move_up,,0,0
7501,250033,,,,,,,,,,,,,,,,,,,,,,w,move_up,,0,0
7502,250067,,,,,,,,,,,,,,,,,,,,,,w,move_up,,0,0
7503,250100,,,,,,,,,,,,,,,,,,,,,,a|w,move_up|move_left,,0,0
7504,250133,,,,,,,,,,,,,,,,,,,,,,a|w,move_up|move_left,,0,0
7505,250167,,,,,,,,,,,,,,,,,,,,,,a|w,move_up|move_left,,0,0
7506,250200,,,,,,,,,,,,,,,,,,,,,,a|w,move_up|move_left,,0,0
7507,250233,,,,,,,,,,,,,,,,,,,,,,a|w,move_up|move_left,,0,0
7508,250267,,,,,,,,,,,,,,,,,,,,,,a|w,move_up|move_left,,0,0
7509,250300,,,,,,,,,,,,,,,,,,,,,,a|w,move_up|move_left,,0,0
7510,250333,,,,,,,,,,,,,,,,,,,,,,a|w,move_up|move_left,,0,0
7511,250367,,,,,,,,,,,,,,,,,,,,,,a|w,move_up|move_left,,0,0
7512,250400,,,,,,,,,,,,,,,,,,,,,,a|w,move_up|move_left,,0,0
7513,250433,,,,,,,,,,,,,,,,,,,,,,a|w,move_up|move_left,,0,0
7514,250467,,,,,,,,,,,,,,,,,,,,,,a|w,move_up|move_left,,0,0
7515,250500,,,,,,,,,,,,,,,,,,,,,,a|w,move_up|move_left,,0,0
7516,250533,,,,,,,,,,,,,,,,,,,,,,a|w,move_up|move_left,,0,0
7517,250567,,,,,,,,,,,,,,,,,,,,,,a|w,move_up|move_left,,0,0
7518,250600,,,,,,,,,,,,,,,,,,,,,,a|w,move_up|move_left,,0,0
7519,250633,,,,,,,,,,,,,,,,,,,,,,a|w,move_up|move_left,,0,0
7520,250667,,,,,,,,,,,,,,,,,,,,,,a|w,move_up|move_left,,0,0
7521,250700,,,,,,,,,,,,,,,,,,,,,,a|w,move_up|move_left,,0,0
7522,250733,,,,,,,,,,,,,,,,,,,,,,a|w,move_up|move_left,,0,0
7523,250767,,,,,,,,,,,,,,,,,,,,,,w,move_up,,0,0
7524,250800,,,,,,,,,,,,,,,,,,,,,,w,move_up,,0,0
7525,250833,,,,,,,,,,,,,,,,,,,,,,w,move_up,,0,0
7526,250867,,,,,,,,,,,,,,,,,,,,,,w,move_up,,0,0
7527,250900,,,,,,,,,,,,,,,,,,,,,,w,move_up,,0,0
7528,250933,,,,,,,,,,,,,,,,,,,,,,a|w,move_up|move_left,,0,0
7529,250967,,,,,,,,,,,,,,,,,,,,,,a|w,move_up|move_left,,0,0
7530,251000,,,,,,,,,,,,,,,,,,,,,,a|w,move_up|move_left,,0,0
7531,251033,,,,,,,,,,,,,,,,,,,,,,a|w,move_up|move_left,,0,0
7532,251067,,,,,,,,,,,,,,,,,,,,,,a|w,move_up|move_left,,0,0
7533,251100,,,,,,,,,,,,,,,,,,,,,,a|w,move_up|move_left,,0,0
7534,251133,,,,,,,,,,,,,,,,,,,,,,a|w,move_up|move_left,,0,0
7535,251167,,,,,,,,,,,,,,,,,,,,,,w,move_up,,0,0
7536,251200,,,,,,,,,,,,,,,,,,,,,,w,move_up,,0,0
7537,251233,,,,,,,,,,,,,,,,,,,,,,w,move_up,,0,0
7538,251267,,,,,,,,,,,,,,,,,,,,,,w,move_up,,0,0
7539,251300,,,,,,,,,,,,,,,,,,,,,,w,move_up,,0,0
7540,251333,,,,,,,,,,,,,,,,,,,,,,w,move_up,,0,0
7541,251367,,,,,,,,,,,,,,,,,,,,,,w,move_up,,0,0
7542,251400,,,,,,,,,,,,,,,,,,,,,,w,move_up,,0,0
7543,251433,,,,,,,,,,,,,,,,,,,,,,w,move_up,,0,0
7544,251467,,,,,,,,,,,,,,,,,,,,,,w,move_up,,0,0
7545,251500,,,,,,,,,,,,,,,,,,,,,,w,move_up,,0,0
7546,251533,,,,,,,,,,,,,,,,,,,,,,a|w,move_up|move_left,,0,0
7547,251567,,,,,,,,,,,,,,,,,,,,,,a|w,move_up|move_left,,0,0
7548,251600,,,,,,,,,,,,,,,,,,,,,,a|w,move_up|move_left,,0,0
7549,251633,,,,,,,,,,,,,,,,,,,,,,a|w,move_up|move_left,,0,0
7550,251667,,,,,,,,,,,,,,,,,,,,,,w,move_up,,0,0
7551,251700,,,,,,,,,,,,,,,,,,,,,,w,move_up,,0,0
7552,251733,,,,,,,,,,,,,,,,,,,,,,w,move_up,,0,0
7553,251767,,,,,,,,,,,,,,,,,,,,,,w,move_up,,0,0
7554,251800,,,,,,,,,,,,,,,,,,,,,,w,move_up,,0,0
7555,251833,,,,,,,,,,,,,,,,,,,,,,w,move_up,,0,0
7556,251867,,,,,,,,,,,,,,,,,,,,,,w,move_up,,0,0
7557,251900,,,,,,,,,,,,,,,,,,,,,,w,move_up,,0,0
7558,251933,,,,,,,,,,,,,,,,,,,,,,e|w,interact|move_up,,0,0
7559,251967,,,,,,,,,,,,,,,,,,,,,,e|w,interact|move_up,,0,0
7560,252000,,,,,,,,,,,,,,,,,,,,,,e|w,interact|move_up,,0,0
7561,252033,,,,,,,,,,,,,,,,,,,,,,e|w,interact|move_up,,0,0
7562,252067,,,,,,,,,,,,,,,,,,,,,,e,interact,,0,0
7563,252100,,,,,,,,,,,,,,,,,,,,,,e,interact,,0,0
7564,252133,,,,,,,,,,,,,,,,,,,,,,e,interact,,0,0
7565,252167,,,,,,,,,,,,,,,,,,,,,,e,interact,,0,0
7566,252200,,,,,,,,,,,,,,,,,,,,,,e,interact,,0,0
7567,252233,,,,,,,,,,,,,,,,,,,,,,e,interact,,0,0
7568,252267,,,,,,,,,,,,,,,,,,,,,,e,interact,,0,0
7569,252300,,,,,,,,,,,,,,,,,,,,,,e,interact,,0,0
7570,252333,,,,,,,,,,,,,,,,,,,,,,e,interact,,0,0
7571,252367,,,,,,,,,,,,,,,,,,,,,,e,interact,,0,0
7572,252400,,,,,,,,,,,,,,,,,,,,,,e,interact,,0,0
7573,252433,,,,,,,,,,,,,,,,,,,,,,e,interact,,0,0
7574,252467,,,,,,,,,,,,,,,,,,,,,,e,interact,,0,0
7575,252500,,,,,,,,,,,,,,,,,,,,,,e,interact,,0,0
7576,252533,,,,,,,,,,,,,,,,,,,,,,e,interact,,0,0
7577,252567,,,,,,,,,,,,,,,,,,,,,,e,interact,,0,0
7578,252600,,,,,,,,,,,,,,,,,,,,,,e,interact,,0,0
7579,252633,,,,,,,,,,,,,,,,,,,,,,e,interact,,0,0
7580,252667,,,,,,,,,,,,,,,,,,,,,,e,interact,,0,0
7581,252700,,,,,,,,,,,,,,,,,,,,,,e,interact,,0,0
7582,252733,,,,,,,,,,,,,,,,,,,,,,e,interact,,0,0
7583,252767,,,,,,,,,,,,,,,,,,,,,,e,interact,,0,0
7584,252800,,,,,,,,,,,,,,,,,,,,,,,,,0,0
7585,252833,,,,,,,,,,,,,,,,,,,,,,,,,0,0
7586,252867,,,,,,,,,,,,,,,,,,,,,,,,,0,0
7587,252900,,,,,,,,,,,,,,,,,,,,,,,,,0,0
7588,252933,,,,,,,,,,,,,,,,,,,,,,,,,0,0
7589,252967,,,,,,,,,,,,,,,,,,,,,,,,,0,0
7590,253000,,,,,,,,,,,,,,,,,,,,,,,,,0,0
7591,253033,,,,,,,,,,,,,,,,,,,,,,,,,0,0
7592,253067,,,,,,,,,,,,,,,,,,,,,,,,,0,0
7593,253100,,,,,,,,,,,,,,,,,,,,,,,,,0,0
7594,253133,,,,,,,,,,,,,,,,,,,,,,,,,0,0
7595,253167,,,,,,,,,,,,,,,,,,,,,,,,,0,0
7596,253200,,,,,,,,,,,,,,,,,,,,,,,,,0,0
7597,253233,,,,,,,,,,,,,,,,,,,,,,,,,0,0
7598,253267,,,,,,,,,,,,,,,,,,,,,,,,,0,0
7599,253300,,,,,,,,,,,,,,,,,,,,,,,,,0,0
7600,253333,,,,,,,,,,,,,,,,,,,,,,,,,0,0
7601,253367,,,,,,,,,,,,,,,,,,,,,,,,,0,0
7602,253400,,,,,,,,,,,,,,,,,,,,,,,,,0,0
7603,253433,,,,,,,,,,,,,,,,,,,,,,,,,0,0
7604,253467,,,,,,,,,,,,,,,,,,,,,,,,,0,0
7605,253500,,,,,,,,,,,,,,,,,,,,,,,,,0,0
7606,253533,,,,,,,,,,,,,,,,,,,,,,,,,0,0
7607,253567,,,,,,,,,,,,,,,,,,,,,,,,,0,0
7608,253600,,,,,,,,,,,,,,,,,,,,,,,,,0,0
7609,253633,,,,,,,,,,,,,,,,,,,,,,,,,0,0
7610,253667,,,,,,,,,,,,,,,,,,,,,,,,,0,0
7611,253700,,,,,,,,,,,,,,,,,,,,,,,,,0,0
7612,253733,,,,,,,,,,,,,,,,,,,,,,,,,0,0
7613,253767,,,,,,,,,,,,,,,,,,,,,,,,,0,0
7614,253800,,,,,,,,,,,,,,,,,,,,,,,,,0,0
7615,253833,,,,,,,,,,,,,,,,,,,,,,,,,0,0
7616,253867,,,,,,,,,,,,,,,,,,,,,,,,,0,0
7617,253900,,,,,,,,,,,,,,,,,,,,,,,,,0,0
7618,253933,,,,,,,,,,,,,,,,,,,,,,,,,0,0
7619,253967,,,,,,,,,,,,,,,,,,,,,,,,,0,0
7620,254000,,,,,,,,,,,,,,,,,,,,,,,,,0,0
7621,254033,,,,,,,,,,,,,,,,,,,,,,,,,0,0
7622,254067,,,,,,,,,,,,,,,,,,,,,,,,,0,0
7623,254100,,,,,,,,,,,,,,,,,,,,,,,,,0,0
7624,254133,,,,,,,,,,,,,,,,,,,,,,,,,0,0
7625,254167,,,,,,,,,,,,,,,,,,,,,,,,,0,0
7626,254200,,,,,,,,,,,,,,,,,,,,,,w,move_up,,0,0
7627,254233,,,,,,,,,,,,,,,,,,,,,,w,move_up,,0,0
7628,254267,,,,,,,,,,,,,,,,,,,,,,w,move_up,,0,0
7629,254300,,,,,,,,,,,,,,,,,,,,,,,,,0,0
7630,254333,,,,,,,,,,,,,,,,,,,,,,,,,0,0
7631,254367,,,,,,,,,,,,,,,,,,,,,,,,,0,0
7632,254400,,,,,,,,,,,,,,,,,,,,,,,,,0,0
7633,254433,,,,,,,,,,,,,,,,,,,,,,,,,0,0
7634,254467,,,,,,,,,,,,,,,,,,,,,,,,,0,0
7635,254500,,,,,,,,,,,,,,,,,,,,,,w,move_up,,0,0
7636,254533,,,,,,,,,,,,,,,,,,,,,,w,move_up,,0,0
7637,254567,,,,,,,,,,,,,,,,,,,,,,w,move_up,,0,0
7638,254600,,,,,,,,,,,,,,,,,,,,,,w,move_up,,0,0
7639,254633,,,,,,,,,,,,,,,,,,,,,,w,move_up,,0,0
7640,254667,,,,,,,,,,,,,,,,,,,,,,w,move_up,,0,0
7641,254700,,,,,,,,,,,,,,,,,,,,,,w,move_up,,0,0
7642,254733,,,,,,,,,,,,,,,,,,,,,,w,move_up,,0,0
7643,254767,,,,,,,,,,,,,,,,,,,,,,w,move_up,,0,0
7644,254800,,,,,,,,,,,,,,,,,,,,,,w,move_up,,0,0
7645,254833,,,,,,,,,,,,,,,,,,,,,,,,,0,0
7646,254867,,,,,,,,,,,,,,,,,,,,,,,,,0,0
7647,254900,,,,,,,,,,,,,,,,,,,,,,,,,0,0
7648,254933,,,,,,,,,,,,,,,,,,,,,,,,,0,0
7649,254967,,,,,,,,,,,,,,,,,,,,,,,,,0,0
7650,255000,,,,,,,,,,,,,,,,,,,,,,,,,0,0
7651,255033,,,,,,,,,,,,,,,,,,,,,,,,,0,0
7652,255067,,,,,,,,,,,,,,,,,,,,,,,,,0,0
7653,255100,,,,,,,,,,,,,,,,,,,,,,,,,0,0
7654,255133,,,,,,,,,,,,,,,,,,,,,,,,,0,0
7655,255167,,,,,,,,,,,,,,,,,,,,,,a,move_left,,0,0
7656,255200,,,,,,,,,,,,,,,,,,,,,,a,move_left,,0,0
7657,255233,,,,,,,,,,,,,,,,,,,,,,a,move_left,,0,0
7658,255267,,,,,,,,,,,,,,,,,,,,,,a,move_left,,0,0
7659,255300,,,,,,,,,,,,,,,,,,,,,,a,move_left,,0,0
7660,255333,,,,,,,,,,,,,,,,,,,,,,a,move_left,,0,0
7661,255367,,,,,,,,,,,,,,,,,,,,,,a,move_left,,0,0
7662,255400,,,,,,,,,,,,,,,,,,,,,,a,move_left,,0,0
7663,255433,,,,,,,,,,,,,,,,,,,,,,a|w,move_up|move_left,,0,0
7664,255467,,,,,,,,,,,,,,,,,,,,,,a|w,move_up|move_left,,0,0
7665,255500,,,,,,,,,,,,,,,,,,,,,,a|w,move_up|move_left,,0,0
7666,255533,,,,,,,,,,,,,,,,,,,,,,a|w,move_up|move_left,,0,0
7667,255567,,,,,,,,,,,,,,,,,,,,,,a|w,move_up|move_left,,0,0
7668,255600,,,,,,,,,,,,,,,,,,,,,,a|w,move_up|move_left,,0,0
7669,255633,,,,,,,,,,,,,,,,,,,,,,w,move_up,,0,0
7670,255667,,,,,,,,,,,,,,,,,,,,,,w,move_up,,0,0
7671,255700,,,,,,,,,,,,,,,,,,,,,,w,move_up,,0,0
7672,255733,,,,,,,,,,,,,,,,,,,,,,w,move_up,,0,0
7673,255767,,,,,,,,,,,,,,,,,,,,,,w,move_up,,0,0
7674,255800,,,,,,,,,,,,,,,,,,,,,,w,move_up,,0,0
7675,255833,,,,,,,,,,,,,,,,,,,,,,w,move_up,,0,0
7676,255867,,,,,,,,,,,,,,,,,,,,,,a|w,move_up|move_left,,0,0
7677,255900,,,,,,,,,,,,,,,,,,,,,,a|w,move_up|move_left,,0,0
7678,255933,,,,,,,,,,,,,,,,,,,,,,a|w,move_up|move_left,,0,0
7679,255967,,,,,,,,,,,,,,,,,,,,,,a|w,move_up|move_left,,0,0
7680,256000,,,,,,,,,,,,,,,,,,,,,,a|w,move_up|move_left,,0,0
7681,256033,,,,,,,,,,,,,,,,,,,,,,a|w,move_up|move_left,,0,0
7682,256067,,,,,,,,,,,,,,,,,,,,,,a|w,move_up|move_left,,0,0
7683,256100,,,,,,,,,,,,,,,,,,,,,,a|w,move_up|move_left,,0,0
7684,256133,,,,,,,,,,,,,,,,,,,,,,a|w,move_up|move_left,,0,0
7685,256167,,,,,,,,,,,,,,,,,,,,,,a|w,move_up|move_left,,0,0
7686,256200,,,,,,,,,,,,,,,,,,,,,,a|w,move_up|move_left,,0,0
7687,256233,,,,,,,,,,,,,,,,,,,,,,a|w,move_up|move_left,,0,0
7688,256267,,,,,,,,,,,,,,,,,,,,,,,,,0,0
7689,256300,,,,,,,,,,,,,,,,,,,,,,,,,0,0
7690,256333,,,,,,,,,,,,,,,,,,,,,,,,,0,0
7691,256367,,,,,,,,,,,,,,,,,,,,,,,,,0,0
7692,256400,,,,,,,,,,,,,,,,,,,,,,,,,0,0
7693,256433,,,,,,,,,,,,,,,,,,,,,,,,,0,0
7694,256467,,,,,,,,,,,,,,,,,,,,,,,,,0,0
7695,256500,,,,,,,,,,,,,,,,,,,,,,,,,0,0
7696,256533,,,,,,,,,,,,,,,,,,,,,,s,move_down,,0,0
7697,256567,,,,,,,,,,,,,,,,,,,,,,s,move_down,,0,0
7698,256600,,,,,,,,,,,,,,,,,,,,,,s,move_down,,0,0
7699,256633,,,,,,,,,,,,,,,,,,,,,,s,move_down,,0,0
7700,256667,,,,,,,,,,,,,,,,,,,,,,s,move_down,,0,0
7701,256700,,,,,,,,,,,,,,,,,,,,,,,,,0,0
7702,256733,,,,,,,,,,,,,,,,,,,,,,d,move_right,,0,0
7703,256767,,,,,,,,,,,,,,,,,,,,,,d,move_right,,0,0
7704,256800,,,,,,,,,,,,,,,,,,,,,,d,move_right,,0,0
7705,256833,,,,,,,,,,,,,,,,,,,,,,d,move_right,,0,0
7706,256867,,,,,,,,,,,,,,,,,,,,,,d|w,move_up|move_right,,0,0
7707,256900,,,,,,,,,,,,,,,,,,,,,,d|w,move_up|move_right,,0,0
7708,256933,,,,,,,,,,,,,,,,,,,,,,d|w,move_up|move_right,,0,0
7709,256967,,,,,,,,,,,,,,,,,,,,,,d|w,move_up|move_right,,0,0
7710,257000,,,,,,,,,,,,,,,,,,,,,,d,move_right,,0,0
7711,257033,,,,,,,,,,,,,,,,,,,,,,,,,0,0
7712,257067,,,,,,,,,,,,,,,,,,,,,,,,,0,0
7713,257100,,,,,,,,,,,,,,,,,,,,,,,,,0,0
7714,257133,,,,,,,,,,,,,,,,,,,,,,,,,0,0
7715,257167,,,,,,,,,,,,,,,,,,,,,,,,,0,0
7716,257200,,,,,,,,,,,,,,,,,,,,,,,,,0,0
7717,257233,,,,,,,,,,,,,,,,,,,,,,,,,0,0
7718,257267,,,,,,,,,,,,,,,,,,,,,,,,,0,0
7719,257300,,,,,,,,,,,,,,,,,,,,,,,,,0,0
7720,257333,,,,,,,,,,,,,,,,,,,,,,,,,0,0
7721,257367,,,,,,,,,,,,,,,,,,,,,,,,,0,0
7722,257400,,,,,,,,,,,,,,,,,,,,,,,,,0,0
7723,257433,,,,,,,,,,,,,,,,,,,,,,,,,0,0
7724,257467,,,,,,,,,,,,,,,,,,,,,,,,,0,0
7725,257500,,,,,,,,,,,,,,,,,,,,,,,,,0,0
7726,257533,,,,,,,,,,,,,,,,,,,,,,,,,0,0
7727,257567,,,,,,,,,,,,,,,,,,,,,,,,,0,0
7728,257600,,,,,,,,,,,,,,,,,,,,,,s,move_down,,0,0
7729,257633,,,,,,,,,,,,,,,,,,,,,,s,move_down,,0,0
7730,257667,,,,,,,,,,,,,,,,,,,,,,s,move_down,,0,0
7731,257700,,,,,,,,,,,,,,,,,,,,,,s,move_down,,0,0
7732,257733,,,,,,,,,,,,,,,,,,,,,,s,move_down,,0,0
7733,257767,,,,,,,,,,,,,,,,,,,,,,s,move_down,,0,0
7734,257800,,,,,,,,,,,,,,,,,,,,,,s,move_down,,0,0
7735,257833,,,,,,,,,,,,,,,,,,,,,,s,move_down,,0,0
7736,257867,,,,,,,,,,,,,,,,,,,,,,s,move_down,,0,0
7737,257900,,,,,,,,,,,,,,,,,,,,,,s,move_down,,0,0
7738,257933,,,,,,,,,,,,,,,,,,,,,,s,move_down,,0,0
7739,257967,,,,,,,,,,,,,,,,,,,,,,s,move_down,,0,0
7740,258000,,,,,,,,,,,,,,,,,,,,,,,,,0,0
7741,258033,,,,,,,,,,,,,,,,,,,,,,,,,0,0
7742,258067,,,,,,,,,,,,,,,,,,,,,,,,,0,0
7743,258100,,,,,,,,,,,,,,,,,,,,,,,,,0,0
7744,258133,,,,,,,,,,,,,,,,,,,,,,,,,0,0
7745,258167,,,,,,,,,,,,,,,,,,,,,,,,,0,0
7746,258200,,,,,,,,,,,,,,,,,,,,,,,,,0,0
7747,258233,,,,,,,,,,,,,,,,,,,,,,,,,0,0
7748,258267,,,,,,,,,,,,,,,,,,,,,,,,,0,0
7749,258300,,,,,,,,,,,,,,,,,,,,,,,,,0,0
7750,258333,,,,,,,,,,,,,,,,,,,,,,,,,0,0
7751,258367,,,,,,,,,,,,,,,,,,,,,,s,move_down,,0,0
7752,258400,,,,,,,,,,,,,,,,,,,,,,s,move_down,,0,0
7753,258433,,,,,,,,,,,,,,,,,,,,,,s,move_down,,0,0
7754,258467,,,,,,,,,,,,,,,,,,,,,,s,move_down,,0,0
7755,258500,,,,,,,,,,,,,,,,,,,,,,s,move_down,,0,0
7756,258533,,,,,,,,,,,,,,,,,,,,,,s,move_down,,0,0
7757,258567,,,,,,,,,,,,,,,,,,,,,,s,move_down,,0,0
7758,258600,,,,,,,,,,,,,,,,,,,,,,s,move_down,,0,0
7759,258633,,,,,,,,,,,,,,,,,,,,,,s,move_down,,0,0
7760,258667,,,,,,,,,,,,,,,,,,,,,,,,,0,0
7761,258700,,,,,,,,,,,,,,,,,,,,,,,,,0,0
7762,258733,,,,,,,,,,,,,,,,,,,,,,,,,0,0
7763,258767,,,,,,,,,,,,,,,,,,,,,,,,,0,0
7764,258800,,,,,,,,,,,,,,,,,,,,,,,,,0,0
7765,258833,,,,,,,,,,,,,,,,,,,,,,,,,0,0
7766,258867,,,,,,,,,,,,,,,,,,,,,,,,,0,0
7767,258900,,,,,,,,,,,,,,,,,,,,,,,,,0,0
7768,258933,,,,,,,,,,,,,,,,,,,,,,,,,0,0
7769,258967,,,,,,,,,,,,,,,,,,,,,,,,,0,0
7770,259000,,,,,,,,,,,,,,,,,,,,,,,,,0,0
7771,259033,,,,,,,,,,,,,,,,,,,,,,,,,0,0
7772,259067,,,,,,,,,,,,,,,,,,,,,,a,move_left,,0,0
7773,259100,,,,,,,,,,,,,,,,,,,,,,a,move_left,,0,0
7774,259133,,,,,,,,,,,,,,,,,,,,,,a,move_left,,0,0
7775,259167,,,,,,,,,,,,,,,,,,,,,,a,move_left,,0,0
7776,259200,,,,,,,,,,,,,,,,,,,,,,a|w,move_up|move_left,,0,0
7777,259233,,,,,,,,,,,,,,,,,,,,,,a|w,move_up|move_left,,0,0
7778,259267,,,,,,,,,,,,,,,,,,,,,,a|w,move_up|move_left,,0,0
7779,259300,,,,,,,,,,,,,,,,,,,,,,a|w,move_up|move_left,,0,0
7780,259333,,,,,,,,,,,,,,,,,,,,,,a|w,move_up|move_left,,0,0
7781,259367,,,,,,,,,,,,,,,,,,,,,,a|w,move_up|move_left,,0,0
7782,259400,,,,,,,,,,,,,,,,,,,,,,a|w,move_up|move_left,,0,0
7783,259433,,,,,,,,,,,,,,,,,,,,,,a|w,move_up|move_left,,0,0
7784,259467,,,,,,,,,,,,,,,,,,,,,,a|w,move_up|move_left,,0,0
7785,259500,,,,,,,,,,,,,,,,,,,,,,a|w,move_up|move_left,,0,0
7786,259533,,,,,,,,,,,,,,,,,,,,,,a|w,move_up|move_left,,0,0
7787,259567,,,,,,,,,,,,,,,,,,,,,,a|w,move_up|move_left,,0,0
7788,259600,,,,,,,,,,,,,,,,,,,,,,w,move_up,,0,0
7789,259633,,,,,,,,,,,,,,,,,,,,,,w,move_up,,0,0
7790,259667,,,,,,,,,,,,,,,,,,,,,,w,move_up,,0,0
7791,259700,,,,,,,,,,,,,,,,,,,,,,w,move_up,,0,0
7792,259733,,,,,,,,,,,,,,,,,,,,,,w,move_up,,0,0
7793,259767,,,,,,,,,,,,,,,,,,,,,,w,move_up,,0,0
7794,259800,,,,,,,,,,,,,,,,,,,,,,w,move_up,,0,0
7795,259833,,,,,,,,,,,,,,,,,,,,,,w,move_up,,0,0
7796,259867,,,,,,,,,,,,,,,,,,,,,,w,move_up,,0,0
7797,259900,,,,,,,,,,,,,,,,,,,,,,w,move_up,,0,0
7798,259933,,,,,,,,,,,,,,,,,,,,,,w,move_up,,0,0
7799,259967,,,,,,,,,,,,,,,,,,,,,,w,move_up,,0,0
7800,260000,,,,,,,,,,,,,,,,,,,,,,w,move_up,,0,0
7801,260033,,,,,,,,,,,,,,,,,,,,,,w,move_up,,0,0
7802,260067,,,,,,,,,,,,,,,,,,,,,,w,move_up,,0,0
7803,260100,,,,,,,,,,,,,,,,,,,,,,w,move_up,,0,0
7804,260133,,,,,,,,,,,,,,,,,,,,,,w,move_up,,0,0
7805,260167,,,,,,,,,,,,,,,,,,,,,,d|w,move_up|move_right,,0,0
7806,260200,,,,,,,,,,,,,,,,,,,,,,d|w,move_up|move_right,,0,0
7807,260233,,,,,,,,,,,,,,,,,,,,,,d|w,move_up|move_right,,0,0
7808,260267,,,,,,,,,,,,,,,,,,,,,,d|w,move_up|move_right,,0,0
7809,260300,,,,,,,,,,,,,,,,,,,,,,d|w,move_up|move_right,,0,0
7810,260333,,,,,,,,,,,,,,,,,,,,,,d|w,move_up|move_right,,0,0
7811,260367,,,,,,,,,,,,,,,,,,,,,,d|w,move_up|move_right,,0,0
7812,260400,,,,,,,,,,,,,,,,,,,,,,d|w,move_up|move_right,,0,0
7813,260433,,,,,,,,,,,,,,,,,,,,,,d|w,move_up|move_right,,0,0
7814,260467,,,,,,,,,,,,,,,,,,,,,,d|w,move_up|move_right,,0,0
7815,260500,,,,,,,,,,,,,,,,,,,,,,d|w,move_up|move_right,,0,0
7816,260533,,,,,,,,,,,,,,,,,,,,,,d|w,move_up|move_right,,0,0
7817,260567,,,,,,,,,,,,,,,,,,,,,,d|w,move_up|move_right,,0,0
7818,260600,,,,,,,,,,,,,,,,,,,,,,d|w,move_up|move_right,,0,0
7819,260633,,,,,,,,,,,,,,,,,,,,,,d|w,move_up|move_right,,0,0
7820,260667,,,,,,,,,,,,,,,,,,,,,,d|w,move_up|move_right,,0,0
7821,260700,,,,,,,,,,,,,,,,,,,,,,d|w,move_up|move_right,,0,0
7822,260733,,,,,,,,,,,,,,,,,,,,,,d|w,move_up|move_right,,0,0
7823,260767,,,,,,,,,,,,,,,,,,,,,,d|w,move_up|move_right,,0,0
7824,260800,,,,,,,,,,,,,,,,,,,,,,d|w,move_up|move_right,,0,0
7825,260833,,,,,,,,,,,,,,,,,,,,,,,,,0,0
7826,260867,,,,,,,,,,,,,,,,,,,,,,,,,0,0
7827,260900,,,,,,,,,,,,,,,,,,,,,,,,,0,0
7828,260933,,,,,,,,,,,,,,,,,,,,,,,,,0,0
7829,260967,,,,,,,,,,,,,,,,,,,,,,a,move_left,,0,0
7830,261000,,,,,,,,,,,,,,,,,,,,,,a,move_left,,0,0
7831,261033,,,,,,,,,,,,,,,,,,,,,,a,move_left,,0,0
7832,261067,,,,,,,,,,,,,,,,,,,,,,a|w,move_up|move_left,,0,0
7833,261100,,,,,,,,,,,,,,,,,,,,,,a|w,move_up|move_left,,0,0
7834,261133,,,,,,,,,,,,,,,,,,,,,,a|w,move_up|move_left,,0,0
7835,261167,,,,,,,,,,,,,,,,,,,,,,a|w,move_up|move_left,,0,0
7836,261200,,,,,,,,,,,,,,,,,,,,,,a|w,move_up|move_left,,0,0
7837,261233,,,,,,,,,,,,,,,,,,,,,,a|w,move_up|move_left,,0,0
7838,261267,,,,,,,,,,,,,,,,,,,,,,a|w,move_up|move_left,,0,0
7839,261300,,,,,,,,,,,,,,,,,,,,,,w,move_up,,0,0
7840,261333,,,,,,,,,,,,,,,,,,,,,,w,move_up,,0,0
7841,261367,,,,,,,,,,,,,,,,,,,,,,w,move_up,,0,0
7842,261400,,,,,,,,,,,,,,,,,,,,,,w,move_up,,0,0
7843,261433,,,,,,,,,,,,,,,,,,,,,,w,move_up,,0,0
7844,261467,,,,,,,,,,,,,,,,,,,,,,w,move_up,,0,0
7845,261500,,,,,,,,,,,,,,,,,,,,,,w,move_up,,0,0
7846,261533,,,,,,,,,,,,,,,,,,,,,,w,move_up,,0,0
7847,261567,,,,,,,,,,,,,,,,,,,,,,w,move_up,,0,0
7848,261600,,,,,,,,,,,,,,,,,,,,,,w,move_up,,0,0
7849,261633,,,,,,,,,,,,,,,,,,,,,,w,move_up,,0,0
7850,261667,,,,,,,,,,,,,,,,,,,,,,w,move_up,,0,0
7851,261700,,,,,,,,,,,,,,,,,,,,,,w,move_up,,0,0
7852,261733,,,,,,,,,,,,,,,,,,,,,,w,move_up,,0,0
7853,261767,,,,,,,,,,,,,,,,,,,,,,w,move_up,,0,0
7854,261800,,,,,,,,,,,,,,,,,,,,,,w,move_up,,0,0
7855,261833,,,,,,,,,,,,,,,,,,,,,,w,move_up,,0,0
7856,261867,,,,,,,,,,,,,,,,,,,,,,a|w,move_up|move_left,,0,0
7857,261900,,,,,,,,,,,,,,,,,,,,,,a|w,move_up|move_left,,0,0
7858,261933,,,,,,,,,,,,,,,,,,,,,,a|w,move_up|move_left,,0,0
7859,261967,,,,,,,,,,,,,,,,,,,,,,a|w,move_up|move_left,,0,0
7860,262000,,,,,,,,,,,,,,,,,,,,,,a|w,move_up|move_left,,0,0
7861,262033,,,,,,,,,,,,,,,,,,,,,,a|w,move_up|move_left,,0,0
7862,262067,,,,,,,,,,,,,,,,,,,,,,w,move_up,,0,0
7863,262100,,,,,,,,,,,,,,,,,,,,,,w,move_up,,0,0
7864,262133,,,,,,,,,,,,,,,,,,,,,,w,move_up,,0,0
7865,262167,,,,,,,,,,,,,,,,,,,,,,w,move_up,,0,0
7866,262200,,,,,,,,,,,,,,,,,,,,,,w,move_up,,0,0
7867,262233,,,,,,,,,,,,,,,,,,,,,,w,move_up,,0,0
7868,262267,,,,,,,,,,,,,,,,,,,,,,w,move_up,,0,0
7869,262300,,,,,,,,,,,,,,,,,,,,,,w,move_up,,0,0
7870,262333,,,,,,,,,,,,,,,,,,,,,,w,move_up,,0,0
7871,262367,,,,,,,,,,,,,,,,,,,,,,w,move_up,,0,0
7872,262400,,,,,,,,,,,,,,,,,,,,,,w,move_up,,0,0
7873,262433,,,,,,,,,,,,,,,,,,,,,,w,move_up,,0,0
7874,262467,,,,,,,,,,,,,,,,,,,,,,w,move_up,,0,0
7875,262500,,,,,,,,,,,,,,,,,,,,,,w,move_up,,0,0
7876,262533,,,,,,,,,,,,,,,,,,,,,,w,move_up,,0,0
7877,262567,,,,,,,,,,,,,,,,,,,,,,w,move_up,,0,0
7878,262600,,,,,,,,,,,,,,,,,,,,,,w,move_up,,0,0
7879,262633,,,,,,,,,,,,,,,,,,,,,,w,move_up,,0,0
7880,262667,,,,,,,,,,,,,,,,,,,,,,w,move_up,,0,0
7881,262700,,,,,,,,,,,,,,,,,,,,,,w,move_up,,0,0
7882,262733,,,,,,,,,,,,,,,,,,,,,,w,move_up,,0,0
7883,262767,,,,,,,,,,,,,,,,,,,,,,w,move_up,,0,0
7884,262800,,,,,,,,,,,,,,,,,,,,,,w,move_up,,0,0
7885,262833,,,,,,,,,,,,,,,,,,,,,,w,move_up,,0,0
7886,262867,,,,,,,,,,,,,,,,,,,,,,w,move_up,,0,0
7887,262900,,,,,,,,,,,,,,,,,,,,,,w,move_up,,0,0
7888,262933,,,,,,,,,,,,,,,,,,,,,,w,move_up,,0,0
7889,262967,,,,,,,,,,,,,,,,,,,,,,w,move_up,,0,0
7890,263000,,,,,,,,,,,,,,,,,,,,,,w,move_up,,0,0
7891,263033,,,,,,,,,,,,,,,,,,,,,,d|w,move_up|move_right,,0,0
7892,263067,,,,,,,,,,,,,,,,,,,,,,d|w,move_up|move_right,,0,0
7893,263100,,,,,,,,,,,,,,,,,,,,,,d|w,move_up|move_right,,0,0
7894,263133,,,,,,,,,,,,,,,,,,,,,,d|w,move_up|move_right,,0,0
7895,263167,,,,,,,,,,,,,,,,,,,,,,d|w,move_up|move_right,,0,0
7896,263200,,,,,,,,,,,,,,,,,,,,,,d|w,move_up|move_right,,0,0
7897,263233,,,,,,,,,,,,,,,,,,,,,,w,move_up,,0,0
7898,263267,,,,,,,,,,,,,,,,,,,,,,w,move_up,,0,0
7899,263300,,,,,,,,,,,,,,,,,,,,,,w,move_up,,0,0
7900,263333,,,,,,,,,,,,,,,,,,,,,,w,move_up,,0,0
7901,263367,,,,,,,,,,,,,,,,,,,,,,w,move_up,,0,0
7902,263400,,,,,,,,,,,,,,,,,,,,,,w,move_up,,0,0
7903,263433,,,,,,,,,,,,,,,,,,,,,,w,move_up,,0,0
7904,263467,,,,,,,,,,,,,,,,,,,,,,w,move_up,,0,0
7905,263500,,,,,,,,,,,,,,,,,,,,,,w,move_up,,0,0
7906,263533,,,,,,,,,,,,,,,,,,,,,,w,move_up,,0,0
7907,263567,,,,,,,,,,,,,,,,,,,,,,w,move_up,,0,0
7908,263600,,,,,,,,,,,,,,,,,,,,,,w,move_up,,0,0
7909,263633,,,,,,,,,,,,,,,,,,,,,,w,move_up,,0,0
7910,263667,,,,,,,,,,,,,,,,,,,,,,w,move_up,,0,0
7911,263700,,,,,,,,,,,,,,,,,,,,,,w,move_up,,0,0
7912,263733,,,,,,,,,,,,,,,,,,,,,,w,move_up,,0,0
7913,263767,,,,,,,,,,,,,,,,,,,,,,w,move_up,,0,0
7914,263800,,,,,,,,,,,,,,,,,,,,,,w,move_up,,0,0
7915,263833,,,,,,,,,,,,,,,,,,,,,,w,move_up,,0,0
7916,263867,,,,,,,,,,,,,,,,,,,,,,w,move_up,,0,0
7917,263900,,,,,,,,,,,,,,,,,,,,,,w,move_up,,0,0
7918,263933,,,,,,,,,,,,,,,,,,,,,,w,move_up,,0,0
7919,263967,,,,,,,,,,,,,,,,,,,,,,w,move_up,,0,0
7920,264000,,,,,,,,,,,,,,,,,,,,,,e|w,interact|move_up,,0,0
7921,264033,,,,,,,,,,,,,,,,,,,,,,e|w,interact|move_up,,0,0
7922,264067,,,,,,,,,,,,,,,,,,,,,,e|w,interact|move_up,,0,0
7923,264100,,,,,,,,,,,,,,,,,,,,,,e|w,interact|move_up,,0,0
7924,264133,,,,,,,,,,,,,,,,,,,,,,e,interact,,0,0
7925,264167,,,,,,,,,,,,,,,,,,,,,,ctrl_l,,,0,0
7926,264200,,,,,,,,,,,,,,,,,,,,,,ctrl_l,,,0,0
7927,264233,,,,,,,,,,,,,,,,,,,,,,ctrl_l,,,0,0
7928,264267,,,,,,,,,,,,,,,,,,,,,,ctrl_l,,,0,0
7929,264300,,,,,,,,,,,,,,,,,,,,,,ctrl_l,,,0,0
7930,264333,,,,,,,,,,,,,,,,,,,,,,,,,0,0
7931,264367,,,,,,,,,,,,,,,,,,,,,,,,,0,0
7932,264400,,,,,,,,,,,,,,,,,,,,,,,,,0,0
7933,264433,,,,,,,,,,,,,,,,,,,,,,,,,0,0
7934,264467,,,,,,,,,,,,,,,,,,,,,,,,,0,0
7935,264500,,,,,,,,,,,,,,,,,,,,,,,,,0,0
7936,264533,,,,,,,,,,,,,,,,,,,,,,,,,0,0
7937,264567,,,,,,,,,,,,,,,,,,,,,,,,,0,0
7938,264600,,,,,,,,,,,,,,,,,,,,,,,,,0,0
7939,264633,,,,,,,,,,,,,,,,,,,,,,,,,0,0
7940,264667,,,,,,,,,,,,,,,,,,,,,,,,,0,0
7941,264700,,,,,,,,,,,,,,,,,,,,,,d,move_right,,0,0
7942,264733,,,,,,,,,,,,,,,,,,,,,,d,move_right,,0,0
7943,264767,,,,,,,,,,,,,,,,,,,,,,d|w,move_up|move_right,,0,0
7944,264800,,,,,,,,,,,,,,,,,,,,,,d|w,move_up|move_right,,0,0
7945,264833,,,,,,,,,,,,,,,,,,,,,,d|w,move_up|move_right,,0,0
7946,264867,,,,,,,,,,,,,,,,,,,,,,d|w,move_up|move_right,,0,0
7947,264900,,,,,,,,,,,,,,,,,,,,,,d|w,move_up|move_right,,0,0
7948,264933,,,,,,,,,,,,,,,,,,,,,,w,move_up,,0,0
7949,264967,,,,,,,,,,,,,,,,,,,,,,w,move_up,,0,0
7950,265000,,,,,,,,,,,,,,,,,,,,,,w,move_up,,0,0
7951,265033,,,,,,,,,,,,,,,,,,,,,,w,move_up,,0,0
7952,265067,,,,,,,,,,,,,,,,,,,,,,w,move_up,,0,0
7953,265100,,,,,,,,,,,,,,,,,,,,,,w,move_up,,0,0
7954,265133,,,,,,,,,,,,,,,,,,,,,,w,move_up,,0,0
7955,265167,,,,,,,,,,,,,,,,,,,,,,w,move_up,,0,0
7956,265200,,,,,,,,,,,,,,,,,,,,,,w,move_up,,0,0
7957,265233,,,,,,,,,,,,,,,,,,,,,,w,move_up,,0,0
7958,265267,,,,,,,,,,,,,,,,,,,,,,w,move_up,,0,0
7959,265300,,,,,,,,,,,,,,,,,,,,,,w,move_up,,0,0
7960,265333,,,,,,,,,,,,,,,,,,,,,,w,move_up,,0,0
7961,265367,,,,,,,,,,,,,,,,,,,,,,w,move_up,,0,0
7962,265400,,,,,,,,,,,,,,,,,,,,,,w,move_up,,0,0
7963,265433,,,,,,,,,,,,,,,,,,,,,,w,move_up,,0,0
7964,265467,,,,,,,,,,,,,,,,,,,,,,w,move_up,,0,0
7965,265500,,,,,,,,,,,,,,,,,,,,,,w,move_up,,0,0
7966,265533,,,,,,,,,,,,,,,,,,,,,,w,move_up,,0,0
7967,265567,,,,,,,,,,,,,,,,,,,,,,w,move_up,,0,0
7968,265600,,,,,,,,,,,,,,,,,,,,,,w,move_up,,0,0
7969,265633,,,,,,,,,,,,,,,,,,,,,,w,move_up,,0,0
7970,265667,,,,,,,,,,,,,,,,,,,,,,w,move_up,,0,0
7971,265700,,,,,,,,,,,,,,,,,,,,,,w,move_up,,0,0
7972,265733,,,,,,,,,,,,,,,,,,,,,,w,move_up,,0,0
7973,265767,,,,,,,,,,,,,,,,,,,,,,w,move_up,,0,0
7974,265800,,,,,,,,,,,,,,,,,,,,,,w,move_up,,0,0
7975,265833,,,,,,,,,,,,,,,,,,,,,,w,move_up,,0,0
7976,265867,,,,,,,,,,,,,,,,,,,,,,w,move_up,,0,0
7977,265900,,,,,,,,,,,,,,,,,,,,,,w,move_up,,0,0
7978,265933,,,,,,,,,,,,,,,,,,,,,,w,move_up,,0,0
7979,265967,,,,,,,,,,,,,,,,,,,,,,w,move_up,,0,0
7980,266000,,,,,,,,,,,,,,,,,,,,,,w,move_up,,0,0
7981,266033,,,,,,,,,,,,,,,,,,,,,,w,move_up,,0,0
7982,266067,,,,,,,,,,,,,,,,,,,,,,w,move_up,,0,0
7983,266100,,,,,,,,,,,,,,,,,,,,,,w,move_up,,0,0
7984,266133,,,,,,,,,,,,,,,,,,,,,,w,move_up,,0,0
7985,266167,,,,,,,,,,,,,,,,,,,,,,e|w,interact|move_up,,0,0
7986,266200,,,,,,,,,,,,,,,,,,,,,,e|w,interact|move_up,,0,0
7987,266233,,,,,,,,,,,,,,,,,,,,,,e|w,interact|move_up,,0,0
7988,266267,,,,,,,,,,,,,,,,,,,,,,e|w,interact|move_up,,0,0
7989,266300,,,,,,,,,,,,,,,,,,,,,,w,move_up,,0,0
7990,266333,,,,,,,,,,,,,,,,,,,,,,w,move_up,,0,0
7991,266367,,,,,,,,,,,,,,,,,,,,,,e|w,interact|move_up,,0,0
7992,266400,,,,,,,,,,,,,,,,,,,,,,e|w,interact|move_up,,0,0
7993,266433,,,,,,,,,,,,,,,,,,,,,,e|w,interact|move_up,,0,0
7994,266467,,,,,,,,,,,,,,,,,,,,,,e|w,interact|move_up,,0,0
7995,266500,,,,,,,,,,,,,,,,,,,,,,e|w,interact|move_up,,0,0
7996,266533,,,,,,,,,,,,,,,,,,,,,,w,move_up,,0,0
7997,266567,,,,,,,,,,,,,,,,,,,,,,e|w,interact|move_up,,0,0
7998,266600,,,,,,,,,,,,,,,,,,,,,,e|w,interact|move_up,,0,0
7999,266633,,,,,,,,,,,,,,,,,,,,,,e|w,interact|move_up,,0,0
8000,266667,,,,,,,,,,,,,,,,,,,,,,e|w,interact|move_up,,0,0
8001,266700,,,,,,,,,,,,,,,,,,,,,,w,move_up,,0,0
8002,266733,,,,,,,,,,,,,,,,,,,,,,w,move_up,,0,0
8003,266767,,,,,,,,,,,,,,,,,,,,,,w,move_up,,0,0
8004,266800,,,,,,,,,,,,,,,,,,,,,,w,move_up,,0,0
8005,266833,,,,,,,,,,,,,,,,,,,,,,w,move_up,,0,0
8006,266867,,,,,,,,,,,,,,,,,,,,,,w,move_up,,0,0
8007,266900,,,,,,,,,,,,,,,,,,,,,,w,move_up,,0,0
8008,266933,,,,,,,,,,,,,,,,,,,,,,w,move_up,,0,0
8009,266967,,,,,,,,,,,,,,,,,,,,,,,,,0,0
8010,267000,,,,,,,,,,,,,,,,,,,,,,,,,0,0
8011,267033,,,,,,,,,,,,,,,,,,,,,,,,,0,0
8012,267067,,,,,,,,,,,,,,,,,,,,,,a,move_left,,0,0
8013,267100,,,,,,,,,,,,,,,,,,,,,,a|w,move_up|move_left,,0,0
8014,267133,,,,,,,,,,,,,,,,,,,,,,a|w,move_up|move_left,,0,0
8015,267167,,,,,,,,,,,,,,,,,,,,,,a|w,move_up|move_left,,0,0
8016,267200,,,,,,,,,,,,,,,,,,,,,,a|w,move_up|move_left,,0,0
8017,267233,,,,,,,,,,,,,,,,,,,,,,a|w,move_up|move_left,,0,0
8018,267267,,,,,,,,,,,,,,,,,,,,,,a|w,move_up|move_left,,0,0
8019,267300,,,,,,,,,,,,,,,,,,,,,,w,move_up,,0,0
8020,267333,,,,,,,,,,,,,,,,,,,,,,w,move_up,,0,0
8021,267367,,,,,,,,,,,,,,,,,,,,,,w,move_up,,0,0
8022,267400,,,,,,,,,,,,,,,,,,,,,,a|w,move_up|move_left,,0,0
8023,267433,,,,,,,,,,,,,,,,,,,,,,a|w,move_up|move_left,,0,0
8024,267467,,,,,,,,,,,,,,,,,,,,,,a|e|w,interact|move_up|move_left,,0,0
8025,267500,,,,,,,,,,,,,,,,,,,,,,a|e|w,interact|move_up|move_left,,0,0
8026,267533,,,,,,,,,,,,,,,,,,,,,,a|e|w,interact|move_up|move_left,,0,0
8027,267567,,,,,,,,,,,,,,,,,,,,,,a|e|w,interact|move_up|move_left,,0,0
8028,267600,,,,,,,,,,,,,,,,,,,,,,e|w,interact|move_up,,0,0
8029,267633,,,,,,,,,,,,,,,,,,,,,,w,move_up,,0,0
8030,267667,,,,,,,,,,,,,,,,,,,,,,w,move_up,,0,0
8031,267700,,,,,,,,,,,,,,,,,,,,,,w,move_up,,0,0
8032,267733,,,,,,,,,,,,,,,,,,,,,,w,move_up,,0,0
8033,267767,,,,,,,,,,,,,,,,,,,,,,w,move_up,,0,0
8034,267800,,,,,,,,,,,,,,,,,,,,,,w,move_up,,0,0
8035,267833,,,,,,,,,,,,,,,,,,,,,,w,move_up,,0,0
8036,267867,,,,,,,,,,,,,,,,,,,,,,w,move_up,,0,0
8037,267900,,,,,,,,,,,,,,,,,,,,,,a|w,move_up|move_left,,0,0
8038,267933,,,,,,,,,,,,,,,,,,,,,,a|w,move_up|move_left,,0,0
8039,267967,,,,,,,,,,,,,,,,,,,,,,w,move_up,,0,0
8040,268000,,,,,,,,,,,,,,,,,,,,,,w,move_up,,0,0
8041,268033,,,,,,,,,,,,,,,,,,,,,,w,move_up,,0,0
8042,268067,,,,,,,,,,,,,,,,,,,,,,w,move_up,,0,0
8043,268100,,,,,,,,,,,,,,,,,,,,,,w,move_up,,0,0
8044,268133,,,,,,,,,,,,,,,,,,,,,,d|w,move_up|move_right,,0,0
8045,268167,,,,,,,,,,,,,,,,,,,,,,d|w,move_up|move_right,,0,0
8046,268200,,,,,,,,,,,,,,,,,,,,,,d|w,move_up|move_right,,0,0
8047,268233,,,,,,,,,,,,,,,,,,,,,,d|w,move_up|move_right,,0,0
8048,268267,,,,,,,,,,,,,,,,,,,,,,d|w,move_up|move_right,,0,0
8049,268300,,,,,,,,,,,,,,,,,,,,,,w,move_up,,0,0
8050,268333,,,,,,,,,,,,,,,,,,,,,,w,move_up,,0,0
8051,268367,,,,,,,,,,,,,,,,,,,,,,w,move_up,,0,0
8052,268400,,,,,,,,,,,,,,,,,,,,,,w,move_up,,0,0
8053,268433,,,,,,,,,,,,,,,,,,,,,,w,move_up,,0,0
8054,268467,,,,,,,,,,,,,,,,,,,,,,w,move_up,,0,0
8055,268500,,,,,,,,,,,,,,,,,,,,,,w,move_up,,0,0
8056,268533,,,,,,,,,,,,,,,,,,,,,,w,move_up,,0,0
8057,268567,,,,,,,,,,,,,,,,,,,,,,w,move_up,,0,0
8058,268600,,,,,,,,,,,,,,,,,,,,,,w,move_up,,0,0
8059,268633,,,,,,,,,,,,,,,,,,,,,,e|w,interact|move_up,,0,0
8060,268667,,,,,,,,,,,,,,,,,,,,,,e|w,interact|move_up,,0,0
8061,268700,,,,,,,,,,,,,,,,,,,,,,e|w,interact|move_up,,0,0
8062,268733,,,,,,,,,,,,,,,,,,,,,,e|w,interact|move_up,,0,0
8063,268767,,,,,,,,,,,,,,,,,,,,,,e|w,interact|move_up,,0,0
8064,268800,,,,,,,,,,,,,,,,,,,,,,w,move_up,,0,0
8065,268833,,,,,,,,,,,,,,,,,,,,,,e|w,interact|move_up,,0,0
8066,268867,,,,,,,,,,,,,,,,,,,,,,e|w,interact|move_up,,0,0
8067,268900,,,,,,,,,,,,,,,,,,,,,,e|w,interact|move_up,,0,0
8068,268933,,,,,,,,,,,,,,,,,,,,,,e|w,interact|move_up,,0,0
8069,268967,,,,,,,,,,,,,,,,,,,,,,w,move_up,,0,0
8070,269000,,,,,,,,,,,,,,,,,,,,,,e|w,interact|move_up,,0,0
8071,269033,,,,,,,,,,,,,,,,,,,,,,e|w,interact|move_up,,0,0
8072,269067,,,,,,,,,,,,,,,,,,,,,,e|w,interact|move_up,,0,0
8073,269100,,,,,,,,,,,,,,,,,,,,,,e|w,interact|move_up,,0,0
8074,269133,,,,,,,,,,,,,,,,,,,,,,w,move_up,,0,0
8075,269167,,,,,,,,,,,,,,,,,,,,,,w,move_up,,0,0
8076,269200,,,,,,,,,,,,,,,,,,,,,,w,move_up,,0,0
8077,269233,,,,,,,,,,,,,,,,,,,,,,w,move_up,,0,0
8078,269267,,,,,,,,,,,,,,,,,,,,,,,,,0,0
8079,269300,,,,,,,,,,,,,,,,,,,,,,,,,0,0
8080,269333,,,,,,,,,,,,,,,,,,,,,,,,,0,0
8081,269367,,,,,,,,,,,,,,,,,,,,,,,,,0,0
8082,269400,,,,,,,,,,,,,,,,,,,,,,,,,0,0
8083,269433,,,,,,,,,,,,,,,,,,,,,,w,move_up,,0,0
8084,269467,,,,,,,,,,,,,,,,,,,,,,w,move_up,,0,0
8085,269500,,,,,,,,,,,,,,,,,,,,,,w,move_up,,0,0
8086,269533,,,,,,,,,,,,,,,,,,,,,,w,move_up,,0,0
8087,269567,,,,,,,,,,,,,,,,,,,,,,e|w,interact|move_up,,0,0
8088,269600,,,,,,,,,,,,,,,,,,,,,,e|w,interact|move_up,,0,0
8089,269633,,,,,,,,,,,,,,,,,,,,,,e|w,interact|move_up,,0,0
8090,269667,,,,,,,,,,,,,,,,,,,,,,e|w,interact|move_up,,0,0
8091,269700,,,,,,,,,,,,,,,,,,,,,,w,move_up,,0,0
8092,269733,,,,,,,,,,,,,,,,,,,,,,w,move_up,,0,0
8093,269767,,,,,,,,,,,,,,,,,,,,,,w,move_up,,0,0
8094,269800,,,,,,,,,,,,,,,,,,,,,,w,move_up,,0,0
8095,269833,,,,,,,,,,,,,,,,,,,,,,w,move_up,,0,0
8096,269867,,,,,,,,,,,,,,,,,,,,,,w,move_up,,0,0
8097,269900,,,,,,,,,,,,,,,,,,,,,,w,move_up,,0,0
8098,269933,,,,,,,,,,,,,,,,,,,,,,w,move_up,,0,0
8099,269967,,,,,,,,,,,,,,,,,,,,,,w,move_up,,0,0
8100,270000,,,,,,,,,,,,,,,,,,,,,,w,move_up,,0,0
8101,270033,,,,,,,,,,,,,,,,,,,,,,w,move_up,,0,0
8102,270067,,,,,,,,,,,,,,,,,,,,,,w,move_up,,0,0
8103,270100,,,,,,,,,,,,,,,,,,,,,,w,move_up,,0,0
8104,270133,,,,,,,,,,,,,,,,,,,,,,w,move_up,,0,0
8105,270167,,,,,,,,,,,,,,,,,,,,,,w,move_up,,0,0
8106,270200,,,,,,,,,,,,,,,,,,,,,,w,move_up,,0,0
8107,270233,,,,,,,,,,,,,,,,,,,,,,w,move_up,,0,0
8108,270267,,,,,,,,,,,,,,,,,,,,,,w,move_up,,0,0
8109,270300,,,,,,,,,,,,,,,,,,,,,,w,move_up,,0,0
8110,270333,,,,,,,,,,,,,,,,,,,,,,w,move_up,,0,0
8111,270367,,,,,,,,,,,,,,,,,,,,,,w,move_up,,0,0
8112,270400,,,,,,,,,,,,,,,,,,,,,,w,move_up,,0,0
8113,270433,,,,,,,,,,,,,,,,,,,,,,w,move_up,,0,0
8114,270467,,,,,,,,,,,,,,,,,,,,,,w,move_up,,0,0
8115,270500,,,,,,,,,,,,,,,,,,,,,,w,move_up,,0,0
8116,270533,,,,,,,,,,,,,,,,,,,,,,w,move_up,,0,0
8117,270567,,,,,,,,,,,,,,,,,,,,,,w,move_up,,0,0
8118,270600,,,,,,,,,,,,,,,,,,,,,,w,move_up,,0,0
8119,270633,,,,,,,,,,,,,,,,,,,,,,d|w,move_up|move_right,,0,0
8120,270667,,,,,,,,,,,,,,,,,,,,,,d|w,move_up|move_right,,0,0
8121,270700,,,,,,,,,,,,,,,,,,,,,,d|w,move_up|move_right,,0,0
8122,270733,,,,,,,,,,,,,,,,,,,,,,d|w,move_up|move_right,,0,0
8123,270767,,,,,,,,,,,,,,,,,,,,,,d|w,move_up|move_right,,0,0
8124,270800,,,,,,,,,,,,,,,,,,,,,,d|w,move_up|move_right,,0,0
8125,270833,,,,,,,,,,,,,,,,,,,,,,d|w,move_up|move_right,,0,0
8126,270867,,,,,,,,,,,,,,,,,,,,,,d|w,move_up|move_right,,0,0
8127,270900,,,,,,,,,,,,,,,,,,,,,,w,move_up,,0,0
8128,270933,,,,,,,,,,,,,,,,,,,,,,w,move_up,,0,0
8129,270967,,,,,,,,,,,,,,,,,,,,,,w,move_up,,0,0
8130,271000,,,,,,,,,,,,,,,,,,,,,,w,move_up,,0,0
8131,271033,,,,,,,,,,,,,,,,,,,,,,w,move_up,,0,0
8132,271067,,,,,,,,,,,,,,,,,,,,,,w,move_up,,0,0
8133,271100,,,,,,,,,,,,,,,,,,,,,,w,move_up,,0,0
8134,271133,,,,,,,,,,,,,,,,,,,,,,w,move_up,,0,0
8135,271167,,,,,,,,,,,,,,,,,,,,,,w,move_up,,0,0
8136,271200,,,,,,,,,,,,,,,,,,,,,,w,move_up,,0,0
8137,271233,,,,,,,,,,,,,,,,,,,,,,w,move_up,,0,0
8138,271267,,,,,,,,,,,,,,,,,,,,,,w,move_up,,0,0
8139,271300,,,,,,,,,,,,,,,,,,,,,,w,move_up,,0,0
8140,271333,,,,,,,,,,,,,,,,,,,,,,w,move_up,,0,0
8141,271367,,,,,,,,,,,,,,,,,,,,,,w,move_up,,0,0
8142,271400,,,,,,,,,,,,,,,,,,,,,,w,move_up,,0,0
8143,271433,,,,,,,,,,,,,,,,,,,,,,w,move_up,,0,0
8144,271467,,,,,,,,,,,,,,,,,,,,,,w,move_up,,0,0
8145,271500,,,,,,,,,,,,,,,,,,,,,,w,move_up,,0,0
8146,271533,,,,,,,,,,,,,,,,,,,,,,w,move_up,,0,0
8147,271567,,,,,,,,,,,,,,,,,,,,,,w,move_up,,0,0
8148,271600,,,,,,,,,,,,,,,,,,,,,,e|w,interact|move_up,,0,0
8149,271633,,,,,,,,,,,,,,,,,,,,,,e|w,interact|move_up,,0,0
8150,271667,,,,,,,,,,,,,,,,,,,,,,e|w,interact|move_up,,0,0
8151,271700,,,,,,,,,,,,,,,,,,,,,,e|w,interact|move_up,,0,0
8152,271733,,,,,,,,,,,,,,,,,,,,,,w,move_up,,0,0
8153,271767,,,,,,,,,,,,,,,,,,,,,,w,move_up,,0,0
8154,271800,,,,,,,,,,,,,,,,,,,,,,w,move_up,,0,0
8155,271833,,,,,,,,,,,,,,,,,,,,,,e|w,interact|move_up,,0,0
8156,271867,,,,,,,,,,,,,,,,,,,,,,e|w,interact|move_up,,0,0
8157,271900,,,,,,,,,,,,,,,,,,,,,,e|w,interact|move_up,,0,0
8158,271933,,,,,,,,,,,,,,,,,,,,,,e|w,interact|move_up,,0,0
8159,271967,,,,,,,,,,,,,,,,,,,,,,w,move_up,,0,0
8160,272000,,,,,,,,,,,,,,,,,,,,,,w,move_up,,0,0
8161,272033,,,,,,,,,,,,,,,,,,,,,,e|w,interact|move_up,,0,0
8162,272067,,,,,,,,,,,,,,,,,,,,,,e|w,interact|move_up,,0,0
8163,272100,,,,,,,,,,,,,,,,,,,,,,e|w,interact|move_up,,0,0
8164,272133,,,,,,,,,,,,,,,,,,,,,,e|w,interact|move_up,,0,0
8165,272167,,,,,,,,,,,,,,,,,,,,,,w,move_up,,0,0
8166,272200,,,,,,,,,,,,,,,,,,,,,,w,move_up,,0,0
8167,272233,,,,,,,,,,,,,,,,,,,,,,w,move_up,,0,0
8168,272267,,,,,,,,,,,,,,,,,,,,,,w,move_up,,0,0
8169,272300,,,,,,,,,,,,,,,,,,,,,,w,move_up,,0,0
8170,272333,,,,,,,,,,,,,,,,,,,,,,w,move_up,,0,0
8171,272367,,,,,,,,,,,,,,,,,,,,,,w,move_up,,0,0
8172,272400,,,,,,,,,,,,,,,,,,,,,,w,move_up,,0,0
8173,272433,,,,,,,,,,,,,,,,,,,,,,w,move_up,,0,0
8174,272467,,,,,,,,,,,,,,,,,,,,,,w,move_up,,0,0
8175,272500,,,,,,,,,,,,,,,,,,,,,,w,move_up,,0,0
8176,272533,,,,,,,,,,,,,,,,,,,,,,w,move_up,,0,0
8177,272567,,,,,,,,,,,,,,,,,,,,,,w,move_up,,0,0
8178,272600,,,,,,,,,,,,,,,,,,,,,,w,move_up,,0,0
8179,272633,,,,,,,,,,,,,,,,,,,,,,w,move_up,,0,0
8180,272667,,,,,,,,,,,,,,,,,,,,,,d|w,move_up|move_right,,0,0
8181,272700,,,,,,,,,,,,,,,,,,,,,,d|w,move_up|move_right,,0,0
8182,272733,,,,,,,,,,,,,,,,,,,,,,d|w,move_up|move_right,,0,0
8183,272767,,,,,,,,,,,,,,,,,,,,,,d|w,move_up|move_right,,0,0
8184,272800,,,,,,,,,,,,,,,,,,,,,,d|w,move_up|move_right,,0,0
8185,272833,,,,,,,,,,,,,,,,,,,,,,w,move_up,,0,0
8186,272867,,,,,,,,,,,,,,,,,,,,,,w,move_up,,0,0
8187,272900,,,,,,,,,,,,,,,,,,,,,,w,move_up,,0,0
8188,272933,,,,,,,,,,,,,,,,,,,,,,w,move_up,,0,0
8189,272967,,,,,,,,,,,,,,,,,,,,,,w,move_up,,0,0
8190,273000,,,,,,,,,,,,,,,,,,,,,,w,move_up,,0,0
8191,273033,,,,,,,,,,,,,,,,,,,,,,w,move_up,,0,0
8192,273067,,,,,,,,,,,,,,,,,,,,,,w,move_up,,0,0
8193,273100,,,,,,,,,,,,,,,,,,,,,,w,move_up,,0,0
8194,273133,,,,,,,,,,,,,,,,,,,,,,w,move_up,,0,0
8195,273167,,,,,,,,,,,,,,,,,,,,,,w,move_up,,0,0
8196,273200,,,,,,,,,,,,,,,,,,,,,,w,move_up,,0,0
8197,273233,,,,,,,,,,,,,,,,,,,,,,,,,0,0
8198,273267,,,,,,,,,,,,,,,,,,,,,,,,,0,0
8199,273300,,,,,,,,,,,,,,,,,,,,,,,,,0,0
8200,273333,,,,,,,,,,,,,,,,,,,,,,,,,0,0
8201,273367,,,,,,,,,,,,,,,,,,,,,,w,move_up,,0,0
8202,273400,,,,,,,,,,,,,,,,,,,,,,w,move_up,,0,0
8203,273433,,,,,,,,,,,,,,,,,,,,,,w,move_up,,0,0
8204,273467,,,,,,,,,,,,,,,,,,,,,,d|w,move_up|move_right,,0,0
8205,273500,,,,,,,,,,,,,,,,,,,,,,d|w,move_up|move_right,,0,0
8206,273533,,,,,,,,,,,,,,,,,,,,,,d|w,move_up|move_right,,0,0
8207,273567,,,,,,,,,,,,,,,,,,,,,,d|w,move_up|move_right,,0,0
8208,273600,,,,,,,,,,,,,,,,,,,,,,d|w,move_up|move_right,,0,0
8209,273633,,,,,,,,,,,,,,,,,,,,,,d|w,move_up|move_right,,0,0
8210,273667,,,,,,,,,,,,,,,,,,,,,,w,move_up,,0,0
8211,273700,,,,,,,,,,,,,,,,,,,,,,,,,0,0
8212,273733,,,,,,,,,,,,,,,,,,,,,,,,,0,0
8213,273767,,,,,,,,,,,,,,,,,,,,,,,,,0,0
8214,273800,,,,,,,,,,,,,,,,,,,,,,,,,0,0
8215,273833,,,,,,,,,,,,,,,,,,,,,,,,,0,0
8216,273867,,,,,,,,,,,,,,,,,,,,,,,,,0,0
8217,273900,,,,,,,,,,,,,,,,,,,,,,,,,0,0
8218,273933,,,,,,,,,,,,,,,,,,,,,,,,,0,0
8219,273967,,,,,,,,,,,,,,,,,,,,,,w,move_up,,0,0
8220,274000,,,,,,,,,,,,,,,,,,,,,,w,move_up,,0,0
8221,274033,,,,,,,,,,,,,,,,,,,,,,w,move_up,,0,0
8222,274067,,,,,,,,,,,,,,,,,,,,,,w,move_up,,0,0
8223,274100,,,,,,,,,,,,,,,,,,,,,,w,move_up,,0,0
8224,274133,,,,,,,,,,,,,,,,,,,,,,w,move_up,,0,0
8225,274167,,,,,,,,,,,,,,,,,,,,,,w,move_up,,0,0
8226,274200,,,,,,,,,,,,,,,,,,,,,,,,,0,0
8227,274233,,,,,,,,,,,,,,,,,,,,,,,,,0,0
8228,274267,,,,,,,,,,,,,,,,,,,,,,,,,0,0
8229,274300,,,,,,,,,,,,,,,,,,,,,,,,,0,0
8230,274333,,,,,,,,,,,,,,,,,,,,,,d|w,move_up|move_right,,0,0
8231,274367,,,,,,,,,,,,,,,,,,,,,,d|w,move_up|move_right,,0,0
8232,274400,,,,,,,,,,,,,,,,,,,,,,d|w,move_up|move_right,,0,0
8233,274433,,,,,,,,,,,,,,,,,,,,,,d|w,move_up|move_right,,0,0
8234,274467,,,,,,,,,,,,,,,,,,,,,,d|w,move_up|move_right,,0,0
8235,274500,,,,,,,,,,,,,,,,,,,,,,d|w,move_up|move_right,,0,0
8236,274533,,,,,,,,,,,,,,,,,,,,,,d|w,move_up|move_right,,0,0
8237,274567,,,,,,,,,,,,,,,,,,,,,,d|w,move_up|move_right,,0,0
8238,274600,,,,,,,,,,,,,,,,,,,,,,d|w,move_up|move_right,,0,0
8239,274633,,,,,,,,,,,,,,,,,,,,,,d|w,move_up|move_right,,0,0
8240,274667,,,,,,,,,,,,,,,,,,,,,,d|w,move_up|move_right,,0,0
8241,274700,,,,,,,,,,,,,,,,,,,,,,d|w,move_up|move_right,,0,0
8242,274733,,,,,,,,,,,,,,,,,,,,,,d|w,move_up|move_right,,0,0
8243,274767,,,,,,,,,,,,,,,,,,,,,,d|w,move_up|move_right,,0,0
8244,274800,,,,,,,,,,,,,,,,,,,,,,d|w,move_up|move_right,,0,0
8245,274833,,,,,,,,,,,,,,,,,,,,,,,,,0,0
8246,274867,,,,,,,,,,,,,,,,,,,,,,,,,0,0
8247,274900,,,,,,,,,,,,,,,,,,,,,,,,,0,0
8248,274933,,,,,,,,,,,,,,,,,,,,,,,,,0,0
8249,274967,,,,,,,,,,,,,,,,,,,,,,,,,0,0
8250,275000,,,,,,,,,,,,,,,,,,,,,,,,,0,0
8251,275033,,,,,,,,,,,,,,,,,,,,,,,,,0,0
8252,275067,,,,,,,,,,,,,,,,,,,,,,w,move_up,,0,0
8253,275100,,,,,,,,,,,,,,,,,,,,,,d|w,move_up|move_right,,0,0
8254,275133,,,,,,,,,,,,,,,,,,,,,,d|w,move_up|move_right,,0,0
8255,275167,,,,,,,,,,,,,,,,,,,,,,d|w,move_up|move_right,,0,0
8256,275200,,,,,,,,,,,,,,,,,,,,,,d|w,move_up|move_right,,0,0
8257,275233,,,,,,,,,,,,,,,,,,,,,,d|w,move_up|move_right,,0,0
8258,275267,,,,,,,,,,,,,,,,,,,,,,d|w,move_up|move_right,,0,0
8259,275300,,,,,,,,,,,,,,,,,,,,,,d|w,move_up|move_right,,0,0
8260,275333,,,,,,,,,,,,,,,,,,,,,,d|w,move_up|move_right,,0,0
8261,275367,,,,,,,,,,,,,,,,,,,,,,d|w,move_up|move_right,,0,0
8262,275400,,,,,,,,,,,,,,,,,,,,,,d|w,move_up|move_right,,0,0
8263,275433,,,,,,,,,,,,,,,,,,,,,,d|w,move_up|move_right,,0,0
8264,275467,,,,,,,,,,,,,,,,,,,,,,w,move_up,,0,0
8265,275500,,,,,,,,,,,,,,,,,,,,,,w,move_up,,0,0
8266,275533,,,,,,,,,,,,,,,,,,,,,,w,move_up,,0,0
8267,275567,,,,,,,,,,,,,,,,,,,,,,w,move_up,,0,0
8268,275600,,,,,,,,,,,,,,,,,,,,,,w,move_up,,0,0
8269,275633,,,,,,,,,,,,,,,,,,,,,,w,move_up,,0,0
8270,275667,,,,,,,,,,,,,,,,,,,,,,w,move_up,,0,0
8271,275700,,,,,,,,,,,,,,,,,,,,,,w,move_up,,0,0
8272,275733,,,,,,,,,,,,,,,,,,,,,,w,move_up,,0,0
8273,275767,,,,,,,,,,,,,,,,,,,,,,,,,0,0
8274,275800,,,,,,,,,,,,,,,,,,,,,,,,,0,0
8275,275833,,,,,,,,,,,,,,,,,,,,,,,,,0,0
8276,275867,,,,,,,,,,,,,,,,,,,,,,,,,0,0
8277,275900,,,,,,,,,,,,,,,,,,,,,,,,,0,0
8278,275933,,,,,,,,,,,,,,,,,,,,,,,,,0,0
8279,275967,,,,,,,,,,,,,,,,,,,,,,,,,0,0
8280,276000,,,,,,,,,,,,,,,,,,,,,,,,,0,0
8281,276033,,,,,,,,,,,,,,,,,,,,,,,,,0,0
8282,276067,,,,,,,,,,,,,,,,,,,,,,,,,0,0
8283,276100,,,,,,,,,,,,,,,,,,,,,,,,,0,0
8284,276133,,,,,,,,,,,,,,,,,,,,,,,,,0,0
8285,276167,,,,,,,,,,,,,,,,,,,,,,,,,0,0
8286,276200,,,,,,,,,,,,,,,,,,,,,,,,,0,0
8287,276233,,,,,,,,,,,,,,,,,,,,,,,,,0,0
8288,276267,,,,,,,,,,,,,,,,,,,,,,,,,0,0
8289,276300,,,,,,,,,,,,,,,,,,,,,,,,,0,0
8290,276333,,,,,,,,,,,,,,,,,,,,,,,,,0,0
8291,276367,,,,,,,,,,,,,,,,,,,,,,,,,0,0
8292,276400,,,,,,,,,,,,,,,,,,,,,,,,,0,0
8293,276433,,,,,,,,,,,,,,,,,,,,,,,,,0,0
8294,276467,,,,,,,,,,,,,,,,,,,,,,,,,0,0
8295,276500,,,,,,,,,,,,,,,,,,,,,,,,,0,0
8296,276533,,,,,,,,,,,,,,,,,,,,,,,,,0,0
8297,276567,,,,,,,,,,,,,,,,,,,,,,,,,0,0
8298,276600,,,,,,,,,,,,,,,,,,,,,,,,,0,0
8299,276633,,,,,,,,,,,,,,,,,,,,,,,,,0,0
8300,276667,,,,,,,,,,,,,,,,,,,,,,,,,0,0
8301,276700,,,,,,,,,,,,,,,,,,,,,,,,,0,0
8302,276733,,,,,,,,,,,,,,,,,,,,,,,,,0,0
8303,276767,,,,,,,,,,,,,,,,,,,,,,,,,0,0
8304,276800,,,,,,,,,,,,,,,,,,,,,,,,,0,0
8305,276833,,,,,,,,,,,,,,,,,,,,,,,,,0,0
8306,276867,,,,,,,,,,,,,,,,,,,,,,,,,0,0
8307,276900,,,,,,,,,,,,,,,,,,,,,,,,,0,0
8308,276933,,,,,,,,,,,,,,,,,,,,,,,,,0,0
8309,276967,,,,,,,,,,,,,,,,,,,,,,,,,0,0
8310,277000,,,,,,,,,,,,,,,,,,,,,,,,,0,0
8311,277033,,,,,,,,,,,,,,,,,,,,,,,,,0,0
8312,277067,,,,,,,,,,,,,,,,,,,,,,,,,0,0
8313,277100,,,,,,,,,,,,,,,,,,,,,,,,,0,0
8314,277133,,,,,,,,,,,,,,,,,,,,,,,,,0,0
8315,277167,,,,,,,,,,,,,,,,,,,,,,,,,0,0
8316,277200,,,,,,,,,,,,,,,,,,,,,,,,,0,0
8317,277233,,,,,,,,,,,,,,,,,,,,,,,,,0,0
8318,277267,,,,,,,,,,,,,,,,,,,,,,,,,0,0
8319,277300,,,,,,,,,,,,,,,,,,,,,,,,,0,0
8320,277333,,,,,,,,,,,,,,,,,,,,,,,,,0,0
8321,277367,,,,,,,,,,,,,,,,,,,,,,,,,0,0
8322,277400,,,,,,,,,,,,,,,,,,,,,,,,,0,0
8323,277433,,,,,,,,,,,,,,,,,,,,,,,,,0,0
8324,277467,,,,,,,,,,,,,,,,,,,,,,w,move_up,,0,0
8325,277500,,,,,,,,,,,,,,,,,,,,,,w,move_up,,0,0
8326,277533,,,,,,,,,,,,,,,,,,,,,,w,move_up,,0,0
8327,277567,,,,,,,,,,,,,,,,,,,,,,w,move_up,,0,0
8328,277600,,,,,,,,,,,,,,,,,,,,,,w,move_up,,0,0
8329,277633,,,,,,,,,,,,,,,,,,,,,,w,move_up,,0,0
8330,277667,,,,,,,,,,,,,,,,,,,,,,w,move_up,,0,0
8331,277700,,,,,,,,,,,,,,,,,,,,,,a|w,move_up|move_left,,0,0
8332,277733,,,,,,,,,,,,,,,,,,,,,,a|w,move_up|move_left,,0,0
8333,277767,,,,,,,,,,,,,,,,,,,,,,a|w,move_up|move_left,,0,0
8334,277800,,,,,,,,,,,,,,,,,,,,,,,,,0,0
8335,277833,,,,,,,,,,,,,,,,,,,,,,,,,0,0
8336,277867,,,,,,,,,,,,,,,,,,,,,,,,,0,0
8337,277900,,,,,,,,,,,,,,,,,,,,,,,,,0,0
8338,277933,,,,,,,,,,,,,,,,,,,,,,,,,0,0
8339,277967,,,,,,,,,,,,,,,,,,,,,,,,,0,0
8340,278000,,,,,,,,,,,,,,,,,,,,,,,,,0,0
8341,278033,,,,,,,,,,,,,,,,,,,,,,,,,0,0
8342,278067,,,,,,,,,,,,,,,,,,,,,,,,,0,0
8343,278100,,,,,,,,,,,,,,,,,,,,,,,,,0,0
8344,278133,,,,,,,,,,,,,,,,,,,,,,,,,0,0
8345,278167,,,,,,,,,,,,,,,,,,,,,,,,,0,0
8346,278200,,,,,,,,,,,,,,,,,,,,,,,,,0,0
8347,278233,,,,,,,,,,,,,,,,,,,,,,,,,0,0
8348,278267,,,,,,,,,,,,,,,,,,,,,,d,move_right,,0,0
8349,278300,,,,,,,,,,,,,,,,,,,,,,d,move_right,,0,0
8350,278333,,,,,,,,,,,,,,,,,,,,,,d|w,move_up|move_right,,0,0
8351,278367,,,,,,,,,,,,,,,,,,,,,,d|w,move_up|move_right,,0,0
8352,278400,,,,,,,,,,,,,,,,,,,,,,d|w,move_up|move_right,,0,0
8353,278433,,,,,,,,,,,,,,,,,,,,,,d|w,move_up|move_right,,0,0
8354,278467,,,,,,,,,,,,,,,,,,,,,,d|w,move_up|move_right,,0,0
8355,278500,,,,,,,,,,,,,,,,,,,,,,d|w,move_up|move_right,,0,0
8356,278533,,,,,,,,,,,,,,,,,,,,,,d,move_right,,0,0
8357,278567,,,,,,,,,,,,,,,,,,,,,,,,,0,0
8358,278600,,,,,,,,,,,,,,,,,,,,,,,,,0,0
8359,278633,,,,,,,,,,,,,,,,,,,,,,,,,0,0
8360,278667,,,,,,,,,,,,,,,,,,,,,,,,,0,0
8361,278700,,,,,,,,,,,,,,,,,,,,,,,,,0,0
8362,278733,,,,,,,,,,,,,,,,,,,,,,,,,0,0
8363,278767,,,,,,,,,,,,,,,,,,,,,,,,,0,0
8364,278800,,,,,,,,,,,,,,,,,,,,,,,,,0,0
8365,278833,,,,,,,,,,,,,,,,,,,,,,,,,0,0
8366,278867,,,,,,,,,,,,,,,,,,,,,,,,,0,0
8367,278900,,,,,,,,,,,,,,,,,,,,,,,,,0,0
8368,278933,,,,,,,,,,,,,,,,,,,,,,,,,0,0
8369,278967,,,,,,,,,,,,,,,,,,,,,,,,,0,0
8370,279000,,,,,,,,,,,,,,,,,,,,,,,,,0,0
8371,279033,,,,,,,,,,,,,,,,,,,,,,,,,0,0
8372,279067,,,,,,,,,,,,,,,,,,,,,,,,,0,0
8373,279100,,,,,,,,,,,,,,,,,,,,,,,,,0,0
8374,279133,,,,,,,,,,,,,,,,,,,,,,,,,0,0
8375,279167,,,,,,,,,,,,,,,,,,,,,,,,,0,0
8376,279200,,,,,,,,,,,,,,,,,,,,,,,,,0,0
8377,279233,,,,,,,,,,,,,,,,,,,,,,,,,0,0
8378,279267,,,,,,,,,,,,,,,,,,,,,,ctrl_l,,,0,0
8379,279300,,,,,,,,,,,,,,,,,,,,,,ctrl_l,,,0,0
8380,279333,,,,,,,,,,,,,,,,,,,,,,ctrl_l,,,0,0
8381,279367,,,,,,,,,,,,,,,,,,,,,,ctrl_l,,,0,0
8382,279400,,,,,,,,,,,,,,,,,,,,,,ctrl_l,,,0,0
8383,279433,,,,,,,,,,,,,,,,,,,,,,,,,0,0
8384,279467,,,,,,,,,,,,,,,,,,,,,,,,,0,0
8385,279500,,,,,,,,,,,,,,,,,,,,,,d,move_right,,0,0
8386,279533,,,,,,,,,,,,,,,,,,,,,,d,move_right,,0,0
8387,279567,,,,,,,,,,,,,,,,,,,,,,d,move_right,,0,0
8388,279600,,,,,,,,,,,,,,,,,,,,,,d|s,move_down|move_right,,0,0
8389,279633,,,,,,,,,,,,,,,,,,,,,,d|s,move_down|move_right,,0,0
8390,279667,,,,,,,,,,,,,,,,,,,,,,d|s,move_down|move_right,,0,0
8391,279700,,,,,,,,,,,,,,,,,,,,,,d|s,move_down|move_right,,0,0
8392,279733,,,,,,,,,,,,,,,,,,,,,,d|s,move_down|move_right,,0,0
8393,279767,,,,,,,,,,,,,,,,,,,,,,d|s,move_down|move_right,,0,0
8394,279800,,,,,,,,,,,,,,,,,,,,,,d|s,move_down|move_right,,0,0
8395,279833,,,,,,,,,,,,,,,,,,,,,,d|s,move_down|move_right,,0,0
8396,279867,,,,,,,,,,,,,,,,,,,,,,d|s,move_down|move_right,,0,0
8397,279900,,,,,,,,,,,,,,,,,,,,,,d|s,move_down|move_right,,0,0
8398,279933,,,,,,,,,,,,,,,,,,,,,,s,move_down,,0,0
8399,279967,,,,,,,,,,,,,,,,,,,,,,,,,0,0
8400,280000,,,,,,,,,,,,,,,,,,,,,,,,,0,0
8401,280033,,,,,,,,,,,,,,,,,,,,,,,,,0,0
8402,280067,,,,,,,,,,,,,,,,,,,,,,,,,0,0
8403,280100,,,,,,,,,,,,,,,,,,,,,,,,,0,0
8404,280133,,,,,,,,,,,,,,,,,,,,,,,,,0,0
8405,280167,,,,,,,,,,,,,,,,,,,,,,,,,0,0
8406,280200,,,,,,,,,,,,,,,,,,,,,,,,,0,0
8407,280233,,,,,,,,,,,,,,,,,,,,,,d,move_right,,0,0
8408,280267,,,,,,,,,,,,,,,,,,,,,,d,move_right,,0,0
8409,280300,,,,,,,,,,,,,,,,,,,,,,d,move_right,,0,0
8410,280333,,,,,,,,,,,,,,,,,,,,,,d,move_right,,0,0
8411,280367,,,,,,,,,,,,,,,,,,,,,,d,move_right,,0,0
8412,280400,,,,,,,,,,,,,,,,,,,,,,d|w,move_up|move_right,,0,0
8413,280433,,,,,,,,,,,,,,,,,,,,,,d|w,move_up|move_right,,0,0
8414,280467,,,,,,,,,,,,,,,,,,,,,,d|w,move_up|move_right,,0,0
8415,280500,,,,,,,,,,,,,,,,,,,,,,w,move_up,,0,0
8416,280533,,,,,,,,,,,,,,,,,,,,,,w,move_up,,0,0
8417,280567,,,,,,,,,,,,,,,,,,,,,,w,move_up,,0,0
8418,280600,,,,,,,,,,,,,,,,,,,,,,w,move_up,,0,0
8419,280633,,,,,,,,,,,,,,,,,,,,,,w,move_up,,0,0
8420,280667,,,,,,,,,,,,,,,,,,,,,,w,move_up,,0,0
8421,280700,,,,,,,,,,,,,,,,,,,,,,w,move_up,,0,0
8422,280733,,,,,,,,,,,,,,,,,,,,,,w,move_up,,0,0
8423,280767,,,,,,,,,,,,,,,,,,,,,,w,move_up,,0,0
8424,280800,,,,,,,,,,,,,,,,,,,,,,w,move_up,,0,0
8425,280833,,,,,,,,,,,,,,,,,,,,,,a|w,move_up|move_left,,0,0
8426,280867,,,,,,,,,,,,,,,,,,,,,,a|w,move_up|move_left,,0,0
8427,280900,,,,,,,,,,,,,,,,,,,,,,a|w,move_up|move_left,,0,0
8428,280933,,,,,,,,,,,,,,,,,,,,,,a|w,move_up|move_left,,0,0
8429,280967,,,,,,,,,,,,,,,,,,,,,,a|w,move_up|move_left,,0,0
8430,281000,,,,,,,,,,,,,,,,,,,,,,a|w,move_up|move_left,,0,0
8431,281033,,,,,,,,,,,,,,,,,,,,,,a|w,move_up|move_left,,0,0
8432,281067,,,,,,,,,,,,,,,,,,,,,,a|w,move_up|move_left,,0,0
8433,281100,,,,,,,,,,,,,,,,,,,,,,a|w,move_up|move_left,,0,0
8434,281133,,,,,,,,,,,,,,,,,,,,,,a,move_left,,0,0
8435,281167,,,,,,,,,,,,,,,,,,,,,,a,move_left,,0,0
8436,281200,,,,,,,,,,,,,,,,,,,,,,a,move_left,,0,0
8437,281233,,,,,,,,,,,,,,,,,,,,,,a,move_left,,0,0
8438,281267,,,,,,,,,,,,,,,,,,,,,,,,,0,0
8439,281300,,,,,,,,,,,,,,,,,,,,,,,,,0,0
8440,281333,,,,,,,,,,,,,,,,,,,,,,,,,0,0
8441,281367,,,,,,,,,,,,,,,,,,,,,,,,,0,0
8442,281400,,,,,,,,,,,,,,,,,,,,,,,,,0,0
8443,281433,,,,,,,,,,,,,,,,,,,,,,,,,0,0
8444,281467,,,,,,,,,,,,,,,,,,,,,,a,move_left,,0,0
8445,281500,,,,,,,,,,,,,,,,,,,,,,a|w,move_up|move_left,,0,0
8446,281533,,,,,,,,,,,,,,,,,,,,,,a|w,move_up|move_left,,0,0
8447,281567,,,,,,,,,,,,,,,,,,,,,,a|w,move_up|move_left,,0,0
8448,281600,,,,,,,,,,,,,,,,,,,,,,a|w,move_up|move_left,,0,0
8449,281633,,,,,,,,,,,,,,,,,,,,,,a|w,move_up|move_left,,0,0
8450,281667,,,,,,,,,,,,,,,,,,,,,,a|w,move_up|move_left,,0,0
8451,281700,,,,,,,,,,,,,,,,,,,,,,a|w,move_up|move_left,,0,0
8452,281733,,,,,,,,,,,,,,,,,,,,,,a|w,move_up|move_left,,0,0
8453,281767,,,,,,,,,,,,,,,,,,,,,,a|w,move_up|move_left,,0,0
8454,281800,,,,,,,,,,,,,,,,,,,,,,a|w,move_up|move_left,,0,0
8455,281833,,,,,,,,,,,,,,,,,,,,,,a|w,move_up|move_left,,0,0
8456,281867,,,,,,,,,,,,,,,,,,,,,,a|w,move_up|move_left,,0,0
8457,281900,,,,,,,,,,,,,,,,,,,,,,a|w,move_up|move_left,,0,0
8458,281933,,,,,,,,,,,,,,,,,,,,,,a|w,move_up|move_left,,0,0
8459,281967,,,,,,,,,,,,,,,,,,,,,,a|w,move_up|move_left,,0,0
8460,282000,,,,,,,,,,,,,,,,,,,,,,a|w,move_up|move_left,,0,0
8461,282033,,,,,,,,,,,,,,,,,,,,,,w,move_up,,0,0
8462,282067,,,,,,,,,,,,,,,,,,,,,,w,move_up,,0,0
8463,282100,,,,,,,,,,,,,,,,,,,,,,w,move_up,,0,0
8464,282133,,,,,,,,,,,,,,,,,,,,,,w,move_up,,0,0
8465,282167,,,,,,,,,,,,,,,,,,,,,,w,move_up,,0,0
8466,282200,,,,,,,,,,,,,,,,,,,,,,a|w,move_up|move_left,,0,0
8467,282233,,,,,,,,,,,,,,,,,,,,,,a|w,move_up|move_left,,0,0
8468,282267,,,,,,,,,,,,,,,,,,,,,,a|w,move_up|move_left,,0,0
8469,282300,,,,,,,,,,,,,,,,,,,,,,a|w,move_up|move_left,,0,0
8470,282333,,,,,,,,,,,,,,,,,,,,,,a|w,move_up|move_left,,0,0
8471,282367,,,,,,,,,,,,,,,,,,,,,,a|w,move_up|move_left,,0,0
8472,282400,,,,,,,,,,,,,,,,,,,,,,a|w,move_up|move_left,,0,0
8473,282433,,,,,,,,,,,,,,,,,,,,,,a|w,move_up|move_left,,0,0
8474,282467,,,,,,,,,,,,,,,,,,,,,,a|w,move_up|move_left,,0,0
8475,282500,,,,,,,,,,,,,,,,,,,,,,a|w,move_up|move_left,,0,0
8476,282533,,,,,,,,,,,,,,,,,,,,,,a|w,move_up|move_left,,0,0
8477,282567,,,,,,,,,,,,,,,,,,,,,,a|w,move_up|move_left,,0,0
8478,282600,,,,,,,,,,,,,,,,,,,,,,a|w,move_up|move_left,,0,0
8479,282633,,,,,,,,,,,,,,,,,,,,,,a|w,move_up|move_left,,0,0
8480,282667,,,,,,,,,,,,,,,,,,,,,,a|w,move_up|move_left,,0,0
8481,282700,,,,,,,,,,,,,,,,,,,,,,a|w,move_up|move_left,,0,0
8482,282733,,,,,,,,,,,,,,,,,,,,,,a|w,move_up|move_left,,0,0
8483,282767,,,,,,,,,,,,,,,,,,,,,,a|w,move_up|move_left,,0,0
8484,282800,,,,,,,,,,,,,,,,,,,,,,a|w,move_up|move_left,,0,0
8485,282833,,,,,,,,,,,,,,,,,,,,,,a|w,move_up|move_left,,0,0
8486,282867,,,,,,,,,,,,,,,,,,,,,,a|w,move_up|move_left,,0,0
8487,282900,,,,,,,,,,,,,,,,,,,,,,a|w,move_up|move_left,,0,0
8488,282933,,,,,,,,,,,,,,,,,,,,,,a|w,move_up|move_left,,0,0
8489,282967,,,,,,,,,,,,,,,,,,,,,,a|w,move_up|move_left,,0,0
8490,283000,,,,,,,,,,,,,,,,,,,,,,a|w,move_up|move_left,,0,0
8491,283033,,,,,,,,,,,,,,,,,,,,,,a|w,move_up|move_left,,0,0
8492,283067,,,,,,,,,,,,,,,,,,,,,,a|w,move_up|move_left,,0,0
8493,283100,,,,,,,,,,,,,,,,,,,,,,a|w,move_up|move_left,,0,0
8494,283133,,,,,,,,,,,,,,,,,,,,,,a|w,move_up|move_left,,0,0
8495,283167,,,,,,,,,,,,,,,,,,,,,,a|w,move_up|move_left,,0,0
8496,283200,,,,,,,,,,,,,,,,,,,,,,a|w,move_up|move_left,,0,0
8497,283233,,,,,,,,,,,,,,,,,,,,,,a|w,move_up|move_left,,0,0
8498,283267,,,,,,,,,,,,,,,,,,,,,,a|w,move_up|move_left,,0,0
8499,283300,,,,,,,,,,,,,,,,,,,,,,a|w,move_up|move_left,,0,0
8500,283333,,,,,,,,,,,,,,,,,,,,,,a|w,move_up|move_left,,0,0
8501,283367,,,,,,,,,,,,,,,,,,,,,,a|w,move_up|move_left,,0,0
8502,283400,,,,,,,,,,,,,,,,,,,,,,a|w,move_up|move_left,,0,0
8503,283433,,,,,,,,,,,,,,,,,,,,,,a|w,move_up|move_left,,0,0
8504,283467,,,,,,,,,,,,,,,,,,,,,,a|w,move_up|move_left,,0,0
8505,283500,,,,,,,,,,,,,,,,,,,,,,a|w,move_up|move_left,,0,0
8506,283533,,,,,,,,,,,,,,,,,,,,,,a,move_left,,0,0
8507,283567,,,,,,,,,,,,,,,,,,,,,,,,,0,0
8508,283600,,,,,,,,,,,,,,,,,,,,,,,,,0,0
8509,283633,,,,,,,,,,,,,,,,,,,,,,,,,0,0
8510,283667,,,,,,,,,,,,,,,,,,,,,,,,,0,0
8511,283700,,,,,,,,,,,,,,,,,,,,,,,,,0,0
8512,283733,,,,,,,,,,,,,,,,,,,,,,,,,0,0
8513,283767,,,,,,,,,,,,,,,,,,,,,,,,,0,0
8514,283800,,,,,,,,,,,,,,,,,,,,,,,,,0,0
8515,283833,,,,,,,,,,,,,,,,,,,,,,,,,0,0
8516,283867,,,,,,,,,,,,,,,,,,,,,,,,,0,0
8517,283900,,,,,,,,,,,,,,,,,,,,,,,,,0,0
8518,283933,,,,,,,,,,,,,,,,,,,,,,,,,0,0
8519,283967,,,,,,,,,,,,,,,,,,,,,,,,,0,0
8520,284000,,,,,,,,,,,,,,,,,,,,,,,,,0,0
8521,284033,,,,,,,,,,,,,,,,,,,,,,,,,0,0
8522,284067,,,,,,,,,,,,,,,,,,,,,,w,move_up,,0,0
8523,284100,,,,,,,,,,,,,,,,,,,,,,a|w,move_up|move_left,,0,0
8524,284133,,,,,,,,,,,,,,,,,,,,,,a|w,move_up|move_left,,0,0
8525,284167,,,,,,,,,,,,,,,,,,,,,,a|w,move_up|move_left,,0,0
8526,284200,,,,,,,,,,,,,,,,,,,,,,a|w,move_up|move_left,,0,0
8527,284233,,,,,,,,,,,,,,,,,,,,,,a|w,move_up|move_left,,0,0
8528,284267,,,,,,,,,,,,,,,,,,,,,,a|w,move_up|move_left,,0,0
8529,284300,,,,,,,,,,,,,,,,,,,,,,a|w,move_up|move_left,,0,0
8530,284333,,,,,,,,,,,,,,,,,,,,,,w,move_up,,0,0
8531,284367,,,,,,,,,,,,,,,,,,,,,,w,move_up,,0,0
8532,284400,,,,,,,,,,,,,,,,,,,,,,w,move_up,,0,0
8533,284433,,,,,,,,,,,,,,,,,,,,,,w,move_up,,0,0
8534,284467,,,,,,,,,,,,,,,,,,,,,,w,move_up,,0,0
8535,284500,,,,,,,,,,,,,,,,,,,,,,w,move_up,,0,0
8536,284533,,,,,,,,,,,,,,,,,,,,,,w,move_up,,0,0
8537,284567,,,,,,,,,,,,,,,,,,,,,,w,move_up,,0,0
8538,284600,,,,,,,,,,,,,,,,,,,,,,w,move_up,,0,0
8539,284633,,,,,,,,,,,,,,,,,,,,,,w,move_up,,0,0
8540,284667,,,,,,,,,,,,,,,,,,,,,,w,move_up,,0,0
8541,284700,,,,,,,,,,,,,,,,,,,,,,a|w,move_up|move_left,,0,0
8542,284733,,,,,,,,,,,,,,,,,,,,,,a|w,move_up|move_left,,0,0
8543,284767,,,,,,,,,,,,,,,,,,,,,,a|w,move_up|move_left,,0,0
8544,284800,,,,,,,,,,,,,,,,,,,,,,a|w,move_up|move_left,,0,0
8545,284833,,,,,,,,,,,,,,,,,,,,,,a|w,move_up|move_left,,0,0
8546,284867,,,,,,,,,,,,,,,,,,,,,,a|w,move_up|move_left,,0,0
8547,284900,,,,,,,,,,,,,,,,,,,,,,a|w,move_up|move_left,,0,0
8548,284933,,,,,,,,,,,,,,,,,,,,,,a|w,move_up|move_left,,0,0
8549,284967,,,,,,,,,,,,,,,,,,,,,,a,move_left,,0,0
8550,285000,,,,,,,,,,,,,,,,,,,,,,,,,0,0
8551,285033,,,,,,,,,,,,,,,,,,,,,,,,,0,0
8552,285067,,,,,,,,,,,,,,,,,,,,,,,,,0,0
8553,285100,,,,,,,,,,,,,,,,,,,,,,,,,0,0
8554,285133,,,,,,,,,,,,,,,,,,,,,,,,,0,0
8555,285167,,,,,,,,,,,,,,,,,,,,,,,,,0,0
8556,285200,,,,,,,,,,,,,,,,,,,,,,,,,0,0
8557,285233,,,,,,,,,,,,,,,,,,,,,,,,,0,0
8558,285267,,,,,,,,,,,,,,,,,,,,,,,,,0,0
8559,285300,,,,,,,,,,,,,,,,,,,,,,w,move_up,,0,0
8560,285333,,,,,,,,,,,,,,,,,,,,,,w,move_up,,0,0
8561,285367,,,,,,,,,,,,,,,,,,,,,,w,move_up,,0,0
8562,285400,,,,,,,,,,,,,,,,,,,,,,w,move_up,,0,0
8563,285433,,,,,,,,,,,,,,,,,,,,,,w,move_up,,0,0
8564,285467,,,,,,,,,,,,,,,,,,,,,,w,move_up,,0,0
8565,285500,,,,,,,,,,,,,,,,,,,,,,w,move_up,,0,0
8566,285533,,,,,,,,,,,,,,,,,,,,,,a|w,move_up|move_left,,0,0
8567,285567,,,,,,,,,,,,,,,,,,,,,,a|w,move_up|move_left,,0,0
8568,285600,,,,,,,,,,,,,,,,,,,,,,a|w,move_up|move_left,,0,0
8569,285633,,,,,,,,,,,,,,,,,,,,,,a|w,move_up|move_left,,0,0
8570,285667,,,,,,,,,,,,,,,,,,,,,,a|w,move_up|move_left,,0,0
8571,285700,,,,,,,,,,,,,,,,,,,,,,a|w,move_up|move_left,,0,0
8572,285733,,,,,,,,,,,,,,,,,,,,,,a|w,move_up|move_left,,0,0
8573,285767,,,,,,,,,,,,,,,,,,,,,,a|w,move_up|move_left,,0,0
8574,285800,,,,,,,,,,,,,,,,,,,,,,a|w,move_up|move_left,,0,0
8575,285833,,,,,,,,,,,,,,,,,,,,,,a|w,move_up|move_left,,0,0
8576,285867,,,,,,,,,,,,,,,,,,,,,,w,move_up,,0,0
8577,285900,,,,,,,,,,,,,,,,,,,,,,w,move_up,,0,0
8578,285933,,,,,,,,,,,,,,,,,,,,,,w,move_up,,0,0
8579,285967,,,,,,,,,,,,,,,,,,,,,,w,move_up,,0,0
8580,286000,,,,,,,,,,,,,,,,,,,,,,w,move_up,,0,0
8581,286033,,,,,,,,,,,,,,,,,,,,,,w,move_up,,0,0
8582,286067,,,,,,,,,,,,,,,,,,,,,,w,move_up,,0,0
8583,286100,,,,,,,,,,,,,,,,,,,,,,w,move_up,,0,0
8584,286133,,,,,,,,,,,,,,,,,,,,,,w,move_up,,0,0
8585,286167,,,,,,,,,,,,,,,,,,,,,,w,move_up,,0,0
8586,286200,,,,,,,,,,,,,,,,,,,,,,w,move_up,,0,0
8587,286233,,,,,,,,,,,,,,,,,,,,,,w,move_up,,0,0
8588,286267,,,,,,,,,,,,,,,,,,,,,,w,move_up,,0,0
8589,286300,,,,,,,,,,,,,,,,,,,,,,w,move_up,,0,0
8590,286333,,,,,,,,,,,,,,,,,,,,,,w,move_up,,0,0
8591,286367,,,,,,,,,,,,,,,,,,,,,,w,move_up,,0,0
8592,286400,,,,,,,,,,,,,,,,,,,,,,w,move_up,,0,0
8593,286433,,,,,,,,,,,,,,,,,,,,,,w,move_up,,0,0
8594,286467,,,,,,,,,,,,,,,,,,,,,,w,move_up,,0,0
8595,286500,,,,,,,,,,,,,,,,,,,,,,w,move_up,,0,0
8596,286533,,,,,,,,,,,,,,,,,,,,,,w,move_up,,0,0
8597,286567,,,,,,,,,,,,,,,,,,,,,,d|w,move_up|move_right,,0,0
8598,286600,,,,,,,,,,,,,,,,,,,,,,d|w,move_up|move_right,,0,0
8599,286633,,,,,,,,,,,,,,,,,,,,,,d|w,move_up|move_right,,0,0
8600,286667,,,,,,,,,,,,,,,,,,,,,,d|w,move_up|move_right,,0,0
8601,286700,,,,,,,,,,,,,,,,,,,,,,d|w,move_up|move_right,,0,0
8602,286733,,,,,,,,,,,,,,,,,,,,,,d|w,move_up|move_right,,0,0
8603,286767,,,,,,,,,,,,,,,,,,,,,,d|w,move_up|move_right,,0,0
8604,286800,,,,,,,,,,,,,,,,,,,,,,d|w,move_up|move_right,,0,0
8605,286833,,,,,,,,,,,,,,,,,,,,,,d|w,move_up|move_right,,0,0
8606,286867,,,,,,,,,,,,,,,,,,,,,,d|w,move_up|move_right,,0,0
8607,286900,,,,,,,,,,,,,,,,,,,,,,d|w,move_up|move_right,,0,0
8608,286933,,,,,,,,,,,,,,,,,,,,,,d|w,move_up|move_right,,0,0
8609,286967,,,,,,,,,,,,,,,,,,,,,,d|w,move_up|move_right,,0,0
8610,287000,,,,,,,,,,,,,,,,,,,,,,d|w,move_up|move_right,,0,0
8611,287033,,,,,,,,,,,,,,,,,,,,,,d|w,move_up|move_right,,0,0
8612,287067,,,,,,,,,,,,,,,,,,,,,,d|w,move_up|move_right,,0,0
8613,287100,,,,,,,,,,,,,,,,,,,,,,d|w,move_up|move_right,,0,0
8614,287133,,,,,,,,,,,,,,,,,,,,,,d|w,move_up|move_right,,0,0
8615,287167,,,,,,,,,,,,,,,,,,,,,,d|w,move_up|move_right,,0,0
8616,287200,,,,,,,,,,,,,,,,,,,,,,d|w,move_up|move_right,,0,0
8617,287233,,,,,,,,,,,,,,,,,,,,,,d|w,move_up|move_right,,0,0
8618,287267,,,,,,,,,,,,,,,,,,,,,,w,move_up,,0,0
8619,287300,,,,,,,,,,,,,,,,,,,,,,w,move_up,,0,0
8620,287333,,,,,,,,,,,,,,,,,,,,,,w,move_up,,0,0
8621,287367,,,,,,,,,,,,,,,,,,,,,,d|w,move_up|move_right,,0,0
8622,287400,,,,,,,,,,,,,,,,,,,,,,d|w,move_up|move_right,,0,0
8623,287433,,,,,,,,,,,,,,,,,,,,,,d|w,move_up|move_right,,0,0
8624,287467,,,,,,,,,,,,,,,,,,,,,,d|w,move_up|move_right,,0,0
8625,287500,,,,,,,,,,,,,,,,,,,,,,d|w,move_up|move_right,,0,0
8626,287533,,,,,,,,,,,,,,,,,,,,,,d|w,move_up|move_right,,0,0
8627,287567,,,,,,,,,,,,,,,,,,,,,,d|w,move_up|move_right,,0,0
8628,287600,,,,,,,,,,,,,,,,,,,,,,d|w,move_up|move_right,,0,0
8629,287633,,,,,,,,,,,,,,,,,,,,,,d|w,move_up|move_right,,0,0
8630,287667,,,,,,,,,,,,,,,,,,,,,,w,move_up,,0,0
8631,287700,,,,,,,,,,,,,,,,,,,,,,w,move_up,,0,0
8632,287733,,,,,,,,,,,,,,,,,,,,,,w,move_up,,0,0
8633,287767,,,,,,,,,,,,,,,,,,,,,,w,move_up,,0,0
8634,287800,,,,,,,,,,,,,,,,,,,,,,w,move_up,,0,0
8635,287833,,,,,,,,,,,,,,,,,,,,,,w,move_up,,0,0
8636,287867,,,,,,,,,,,,,,,,,,,,,,d|w,move_up|move_right,,0,0
8637,287900,,,,,,,,,,,,,,,,,,,,,,d|w,move_up|move_right,,0,0
8638,287933,,,,,,,,,,,,,,,,,,,,,,d|w,move_up|move_right,,0,0
8639,287967,,,,,,,,,,,,,,,,,,,,,,d|w,move_up|move_right,,0,0
8640,288000,,,,,,,,,,,,,,,,,,,,,,d|w,move_up|move_right,,0,0
8641,288033,,,,,,,,,,,,,,,,,,,,,,w,move_up,,0,0
8642,288067,,,,,,,,,,,,,,,,,,,,,,w,move_up,,0,0
8643,288100,,,,,,,,,,,,,,,,,,,,,,w,move_up,,0,0
8644,288133,,,,,,,,,,,,,,,,,,,,,,w,move_up,,0,0
8645,288167,,,,,,,,,,,,,,,,,,,,,,w,move_up,,0,0
8646,288200,,,,,,,,,,,,,,,,,,,,,,w,move_up,,0,0
8647,288233,,,,,,,,,,,,,,,,,,,,,,w,move_up,,0,0
8648,288267,,,,,,,,,,,,,,,,,,,,,,w,move_up,,0,0
8649,288300,,,,,,,,,,,,,,,,,,,,,,w,move_up,,0,0
8650,288333,,,,,,,,,,,,,,,,,,,,,,w,move_up,,0,0
8651,288367,,,,,,,,,,,,,,,,,,,,,,w,move_up,,0,0
8652,288400,,,,,,,,,,,,,,,,,,,,,,w,move_up,,0,0
8653,288433,,,,,,,,,,,,,,,,,,,,,,w,move_up,,0,0
8654,288467,,,,,,,,,,,,,,,,,,,,,,w,move_up,,0,0
8655,288500,,,,,,,,,,,,,,,,,,,,,,w,move_up,,0,0
8656,288533,,,,,,,,,,,,,,,,,,,,,,w,move_up,,0,0
8657,288567,,,,,,,,,,,,,,,,,,,,,,w,move_up,,0,0
8658,288600,,,,,,,,,,,,,,,,,,,,,,w,move_up,,0,0
8659,288633,,,,,,,,,,,,,,,,,,,,,,w,move_up,,0,0
8660,288667,,,,,,,,,,,,,,,,,,,,,,w,move_up,,0,0
8661,288700,,,,,,,,,,,,,,,,,,,,,,w,move_up,,0,0
8662,288733,,,,,,,,,,,,,,,,,,,,,,w,move_up,,0,0
8663,288767,,,,,,,,,,,,,,,,,,,,,,w,move_up,,0,0
8664,288800,,,,,,,,,,,,,,,,,,,,,,a|w,move_up|move_left,,0,0
8665,288833,,,,,,,,,,,,,,,,,,,,,,a|w,move_up|move_left,,0,0
8666,288867,,,,,,,,,,,,,,,,,,,,,,a|w,move_up|move_left,,0,0
8667,288900,,,,,,,,,,,,,,,,,,,,,,a|w,move_up|move_left,,0,0
8668,288933,,,,,,,,,,,,,,,,,,,,,,a|w,move_up|move_left,,0,0
8669,288967,,,,,,,,,,,,,,,,,,,,,,a|w,move_up|move_left,,0,0
8670,289000,,,,,,,,,,,,,,,,,,,,,,a|w,move_up|move_left,,0,0
8671,289033,,,,,,,,,,,,,,,,,,,,,,a|w,move_up|move_left,,0,0
8672,289067,,,,,,,,,,,,,,,,,,,,,,a|w,move_up|move_left,,0,0
8673,289100,,,,,,,,,,,,,,,,,,,,,,w,move_up,,0,0
8674,289133,,,,,,,,,,,,,,,,,,,,,,w,move_up,,0,0
8675,289167,,,,,,,,,,,,,,,,,,,,,,w,move_up,,0,0
8676,289200,,,,,,,,,,,,,,,,,,,,,,w,move_up,,0,0
8677,289233,,,,,,,,,,,,,,,,,,,,,,w,move_up,,0,0
8678,289267,,,,,,,,,,,,,,,,,,,,,,w,move_up,,0,0
8679,289300,,,,,,,,,,,,,,,,,,,,,,w,move_up,,0,0
8680,289333,,,,,,,,,,,,,,,,,,,,,,w,move_up,,0,0
8681,289367,,,,,,,,,,,,,,,,,,,,,,w,move_up,,0,0
8682,289400,,,,,,,,,,,,,,,,,,,,,,w,move_up,,0,0
8683,289433,,,,,,,,,,,,,,,,,,,,,,w,move_up,,0,0
8684,289467,,,,,,,,,,,,,,,,,,,,,,w,move_up,,0,0
8685,289500,,,,,,,,,,,,,,,,,,,,,,w,move_up,,0,0
8686,289533,,,,,,,,,,,,,,,,,,,,,,d|w,move_up|move_right,,0,0
8687,289567,,,,,,,,,,,,,,,,,,,,,,d|w,move_up|move_right,,0,0
8688,289600,,,,,,,,,,,,,,,,,,,,,,d|w,move_up|move_right,,0,0
8689,289633,,,,,,,,,,,,,,,,,,,,,,d|w,move_up|move_right,,0,0
8690,289667,,,,,,,,,,,,,,,,,,,,,,d|w,move_up|move_right,,0,0
8691,289700,,,,,,,,,,,,,,,,,,,,,,d|w,move_up|move_right,,0,0
8692,289733,,,,,,,,,,,,,,,,,,,,,,w,move_up,,0,0
8693,289767,,,,,,,,,,,,,,,,,,,,,,w,move_up,,0,0
8694,289800,,,,,,,,,,,,,,,,,,,,,,w,move_up,,0,0
8695,289833,,,,,,,,,,,,,,,,,,,,,,w,move_up,,0,0
8696,289867,,,,,,,,,,,,,,,,,,,,,,w,move_up,,0,0
8697,289900,,,,,,,,,,,,,,,,,,,,,,w,move_up,,0,0
8698,289933,,,,,,,,,,,,,,,,,,,,,,w,move_up,,0,0
8699,289967,,,,,,,,,,,,,,,,,,,,,,w,move_up,,0,0
8700,290000,,,,,,,,,,,,,,,,,,,,,,w,move_up,,0,0
8701,290033,,,,,,,,,,,,,,,,,,,,,,w,move_up,,0,0
8702,290067,,,,,,,,,,,,,,,,,,,,,,w,move_up,,0,0
8703,290100,,,,,,,,,,,,,,,,,,,,,,w,move_up,,0,0
8704,290133,,,,,,,,,,,,,,,,,,,,,,w,move_up,,0,0
8705,290167,,,,,,,,,,,,,,,,,,,,,,w,move_up,,0,0
8706,290200,,,,,,,,,,,,,,,,,,,,,,w,move_up,,0,0
8707,290233,,,,,,,,,,,,,,,,,,,,,,w,move_up,,0,0
8708,290267,,,,,,,,,,,,,,,,,,,,,,w,move_up,,0,0
8709,290300,,,,,,,,,,,,,,,,,,,,,,w,move_up,,0,0
8710,290333,,,,,,,,,,,,,,,,,,,,,,a|w,move_up|move_left,,0,0
8711,290367,,,,,,,,,,,,,,,,,,,,,,a|w,move_up|move_left,,0,0
8712,290400,,,,,,,,,,,,,,,,,,,,,,a|w,move_up|move_left,,0,0
8713,290433,,,,,,,,,,,,,,,,,,,,,,a|w,move_up|move_left,,0,0
8714,290467,,,,,,,,,,,,,,,,,,,,,,a|w,move_up|move_left,,0,0
8715,290500,,,,,,,,,,,,,,,,,,,,,,a|w,move_up|move_left,,0,0
8716,290533,,,,,,,,,,,,,,,,,,,,,,a|w,move_up|move_left,,0,0
8717,290567,,,,,,,,,,,,,,,,,,,,,,w,move_up,,0,0
8718,290600,,,,,,,,,,,,,,,,,,,,,,w,move_up,,0,0
8719,290633,,,,,,,,,,,,,,,,,,,,,,w,move_up,,0,0
8720,290667,,,,,,,,,,,,,,,,,,,,,,,,,0,0
8721,290700,,,,,,,,,,,,,,,,,,,,,,,,,0,0
8722,290733,,,,,,,,,,,,,,,,,,,,,,,,,0,0
8723,290767,,,,,,,,,,,,,,,,,,,,,,,,,0,0
8724,290800,,,,,,,,,,,,,,,,,,,,,,,,,0,0
8725,290833,,,,,,,,,,,,,,,,,,,,,,,,,0,0
8726,290867,,,,,,,,,,,,,,,,,,,,,,a|w,move_up|move_left,,0,0
8727,290900,,,,,,,,,,,,,,,,,,,,,,a|w,move_up|move_left,,0,0
8728,290933,,,,,,,,,,,,,,,,,,,,,,a|w,move_up|move_left,,0,0
8729,290967,,,,,,,,,,,,,,,,,,,,,,a|w,move_up|move_left,,0,0
8730,291000,,,,,,,,,,,,,,,,,,,,,,a|w,move_up|move_left,,0,0
8731,291033,,,,,,,,,,,,,,,,,,,,,,a|w,move_up|move_left,,0,0
8732,291067,,,,,,,,,,,,,,,,,,,,,,a|w,move_up|move_left,,0,0
8733,291100,,,,,,,,,,,,,,,,,,,,,,a|w,move_up|move_left,,0,0
8734,291133,,,,,,,,,,,,,,,,,,,,,,w,move_up,,0,0
8735,291167,,,,,,,,,,,,,,,,,,,,,,,,,0,0
8736,291200,,,,,,,,,,,,,,,,,,,,,,,,,0,0
8737,291233,,,,,,,,,,,,,,,,,,,,,,,,,0,0
8738,291267,,,,,,,,,,,,,,,,,,,,,,,,,0,0
8739,291300,,,,,,,,,,,,,,,,,,,,,,e,interact,,0,0
8740,291333,,,,,,,,,,,,,,,,,,,,,,e,interact,,0,0
8741,291367,,,,,,,,,,,,,,,,,,,,,,e,interact,,0,0
8742,291400,,,,,,,,,,,,,,,,,,,,,,e,interact,,0,0
8743,291433,,,,,,,,,,,,,,,,,,,,,,,,,0,0
8744,291467,,,,,,,,,,,,,,,,,,,,,,e,interact,,0,0
8745,291500,,,,,,,,,,,,,,,,,,,,,,e,interact,,0,0
8746,291533,,,,,,,,,,,,,,,,,,,,,,e|w,interact|move_up,,0,0
8747,291567,,,,,,,,,,,,,,,,,,,,,,e|w,interact|move_up,,0,0
8748,291600,,,,,,,,,,,,,,,,,,,,,,w,move_up,,0,0
8749,291633,,,,,,,,,,,,,,,,,,,,,,w,move_up,,0,0
8750,291667,,,,,,,,,,,,,,,,,,,,,,w,move_up,,0,0
8751,291700,,,,,,,,,,,,,,,,,,,,,,w,move_up,,0,0
8752,291733,,,,,,,,,,,,,,,,,,,,,,w,move_up,,0,0
8753,291767,,,,,,,,,,,,,,,,,,,,,,w,move_up,,0,0
8754,291800,,,,,,,,,,,,,,,,,,,,,,e,interact,,0,0
8755,291833,,,,,,,,,,,,,,,,,,,,,,e,interact,,0,0
8756,291867,,,,,,,,,,,,,,,,,,,,,,e,interact,,0,0
8757,291900,,,,,,,,,,,,,,,,,,,,,,e,interact,,0,0
8758,291933,,,,,,,,,,,,,,,,,,,,,,,,,0,0
8759,291967,,,,,,,,,,,,,,,,,,,,,,e,interact,,0,0
8760,292000,,,,,,,,,,,,,,,,,,,,,,e,interact,,0,0
8761,292033,,,,,,,,,,,,,,,,,,,,,,e,interact,,0,0
8762,292067,,,,,,,,,,,,,,,,,,,,,,e,interact,,0,0
8763,292100,,,,,,,,,,,,,,,,,,,,,,,,,0,0
8764,292133,,,,,,,,,,,,,,,,,,,,,,e,interact,,0,0
8765,292167,,,,,,,,,,,,,,,,,,,,,,e,interact,,0,0
8766,292200,,,,,,,,,,,,,,,,,,,,,,e,interact,,0,0
8767,292233,,,,,,,,,,,,,,,,,,,,,,,,,0,0
8768,292267,,,,,,,,,,,,,,,,,,,,,,,,,0,0
8769,292300,,,,,,,,,,,,,,,,,,,,,,,,,0,0
8770,292333,,,,,,,,,,,,,,,,,,,,,,,,,0,0
8771,292367,,,,,,,,,,,,,,,,,,,,,,d,move_right,,0,0
8772,292400,,,,,,,,,,,,,,,,,,,,,,d,move_right,,0,0
8773,292433,,,,,,,,,,,,,,,,,,,,,,d,move_right,,0,0
8774,292467,,,,,,,,,,,,,,,,,,,,,,d|s,move_down|move_right,,0,0
8775,292500,,,,,,,,,,,,,,,,,,,,,,d|s,move_down|move_right,,0,0
8776,292533,,,,,,,,,,,,,,,,,,,,,,d|s,move_down|move_right,,0,0
8777,292567,,,,,,,,,,,,,,,,,,,,,,d|s,move_down|move_right,,0,0
8778,292600,,,,,,,,,,,,,,,,,,,,,,d|s,move_down|move_right,,0,0
8779,292633,,,,,,,,,,,,,,,,,,,,,,d,move_right,,0,0
8780,292667,,,,,,,,,,,,,,,,,,,,,,d,move_right,,0,0
8781,292700,,,,,,,,,,,,,,,,,,,,,,d,move_right,,0,0
8782,292733,,,,,,,,,,,,,,,,,,,,,,,,,0,0
8783,292767,,,,,,,,,,,,,,,,,,,,,,,,,0,0
8784,292800,,,,,,,,,,,,,,,,,,,,,,,,,0,0
8785,292833,,,,,,,,,,,,,,,,,,,,,,,,,0,0
8786,292867,,,,,,,,,,,,,,,,,,,,,,,,,0,0
8787,292900,,,,,,,,,,,,,,,,,,,,,,,,,0,0
8788,292933,,,,,,,,,,,,,,,,,,,,,,,,,0,0
8789,292967,,,,,,,,,,,,,,,,,,,,,,,,,0,0
8790,293000,,,,,,,,,,,,,,,,,,,,,,,,,0,0
8791,293033,,,,,,,,,,,,,,,,,,,,,,,,,0,0
8792,293067,,,,,,,,,,,,,,,,,,,,,,a,move_left,,0,0
8793,293100,,,,,,,,,,,,,,,,,,,,,,a,move_left,,0,0
8794,293133,,,,,,,,,,,,,,,,,,,,,,a|w,move_up|move_left,,0,0
8795,293167,,,,,,,,,,,,,,,,,,,,,,a|w,move_up|move_left,,0,0
8796,293200,,,,,,,,,,,,,,,,,,,,,,a|w,move_up|move_left,,0,0
8797,293233,,,,,,,,,,,,,,,,,,,,,,a|w,move_up|move_left,,0,0
8798,293267,,,,,,,,,,,,,,,,,,,,,,a|w,move_up|move_left,,0,0
8799,293300,,,,,,,,,,,,,,,,,,,,,,a|w,move_up|move_left,,0,0
8800,293333,,,,,,,,,,,,,,,,,,,,,,w,move_up,,0,0
8801,293367,,,,,,,,,,,,,,,,,,,,,,w,move_up,,0,0
8802,293400,,,,,,,,,,,,,,,,,,,,,,w,move_up,,0,0
8803,293433,,,,,,,,,,,,,,,,,,,,,,w,move_up,,0,0
8804,293467,,,,,,,,,,,,,,,,,,,,,,w,move_up,,0,0
8805,293500,,,,,,,,,,,,,,,,,,,,,,w,move_up,,0,0
8806,293533,,,,,,,,,,,,,,,,,,,,,,w,move_up,,0,0
8807,293567,,,,,,,,,,,,,,,,,,,,,,w,move_up,,0,0
8808,293600,,,,,,,,,,,,,,,,,,,,,,w,move_up,,0,0
8809,293633,,,,,,,,,,,,,,,,,,,,,,w,move_up,,0,0
8810,293667,,,,,,,,,,,,,,,,,,,,,,w,move_up,,0,0
8811,293700,,,,,,,,,,,,,,,,,,,,,,d|w,move_up|move_right,,0,0
8812,293733,,,,,,,,,,,,,,,,,,,,,,d|w,move_up|move_right,,0,0
8813,293767,,,,,,,,,,,,,,,,,,,,,,d|w,move_up|move_right,,0,0
8814,293800,,,,,,,,,,,,,,,,,,,,,,d|w,move_up|move_right,,0,0
8815,293833,,,,,,,,,,,,,,,,,,,,,,d|w,move_up|move_right,,0,0
8816,293867,,,,,,,,,,,,,,,,,,,,,,d|w,move_up|move_right,,0,0
8817,293900,,,,,,,,,,,,,,,,,,,,,,d|w,move_up|move_right,,0,0
8818,293933,,,,,,,,,,,,,,,,,,,,,,d|w,move_up|move_right,,0,0
8819,293967,,,,,,,,,,,,,,,,,,,,,,w,move_up,,0,0
8820,294000,,,,,,,,,,,,,,,,,,,,,,w,move_up,,0,0
8821,294033,,,,,,,,,,,,,,,,,,,,,,w,move_up,,0,0
8822,294067,,,,,,,,,,,,,,,,,,,,,,w,move_up,,0,0
8823,294100,,,,,,,,,,,,,,,,,,,,,,w,move_up,,0,0
8824,294133,,,,,,,,,,,,,,,,,,,,,,w,move_up,,0,0
8825,294167,,,,,,,,,,,,,,,,,,,,,,w,move_up,,0,0
8826,294200,,,,,,,,,,,,,,,,,,,,,,w,move_up,,0,0
8827,294233,,,,,,,,,,,,,,,,,,,,,,w,move_up,,0,0
8828,294267,,,,,,,,,,,,,,,,,,,,,,w,move_up,,0,0
8829,294300,,,,,,,,,,,,,,,,,,,,,,w,move_up,,0,0
8830,294333,,,,,,,,,,,,,,,,,,,,,,w,move_up,,0,0
8831,294367,,,,,,,,,,,,,,,,,,,,,,w,move_up,,0,0
8832,294400,,,,,,,,,,,,,,,,,,,,,,w,move_up,,0,0
8833,294433,,,,,,,,,,,,,,,,,,,,,,w,move_up,,0,0
8834,294467,,,,,,,,,,,,,,,,,,,,,,w,move_up,,0,0
8835,294500,,,,,,,,,,,,,,,,,,,,,,w,move_up,,0,0
8836,294533,,,,,,,,,,,,,,,,,,,,,,w,move_up,,0,0
8837,294567,,,,,,,,,,,,,,,,,,,,,,w,move_up,,0,0
8838,294600,,,,,,,,,,,,,,,,,,,,,,w,move_up,,0,0
8839,294633,,,,,,,,,,,,,,,,,,,,,,w,move_up,,0,0
8840,294667,,,,,,,,,,,,,,,,,,,,,,w,move_up,,0,0
8841,294700,,,,,,,,,,,,,,,,,,,,,,w,move_up,,0,0
8842,294733,,,,,,,,,,,,,,,,,,,,,,w,move_up,,0,0
8843,294767,,,,,,,,,,,,,,,,,,,,,,w,move_up,,0,0
8844,294800,,,,,,,,,,,,,,,,,,,,,,w,move_up,,0,0
8845,294833,,,,,,,,,,,,,,,,,,,,,,w,move_up,,0,0
8846,294867,,,,,,,,,,,,,,,,,,,,,,w,move_up,,0,0
8847,294900,,,,,,,,,,,,,,,,,,,,,,w,move_up,,0,0
8848,294933,,,,,,,,,,,,,,,,,,,,,,w,move_up,,0,0
8849,294967,,,,,,,,,,,,,,,,,,,,,,d|w,move_up|move_right,,0,0
8850,295000,,,,,,,,,,,,,,,,,,,,,,d|w,move_up|move_right,,0,0
8851,295033,,,,,,,,,,,,,,,,,,,,,,d|w,move_up|move_right,,0,0
8852,295067,,,,,,,,,,,,,,,,,,,,,,d|w,move_up|move_right,,0,0
8853,295100,,,,,,,,,,,,,,,,,,,,,,w,move_up,,0,0
8854,295133,,,,,,,,,,,,,,,,,,,,,,w,move_up,,0,0
8855,295167,,,,,,,,,,,,,,,,,,,,,,w,move_up,,0,0
8856,295200,,,,,,,,,,,,,,,,,,,,,,w,move_up,,0,0
8857,295233,,,,,,,,,,,,,,,,,,,,,,w,move_up,,0,0
8858,295267,,,,,,,,,,,,,,,,,,,,,,w,move_up,,0,0
8859,295300,,,,,,,,,,,,,,,,,,,,,,w,move_up,,0,0
8860,295333,,,,,,,,,,,,,,,,,,,,,,w,move_up,,0,0
8861,295367,,,,,,,,,,,,,,,,,,,,,,w,move_up,,0,0
8862,295400,,,,,,,,,,,,,,,,,,,,,,w,move_up,,0,0
8863,295433,,,,,,,,,,,,,,,,,,,,,,w,move_up,,0,0
8864,295467,,,,,,,,,,,,,,,,,,,,,,w,move_up,,0,0
8865,295500,,,,,,,,,,,,,,,,,,,,,,d|w,move_up|move_right,,0,0
8866,295533,,,,,,,,,,,,,,,,,,,,,,d|w,move_up|move_right,,0,0
8867,295567,,,,,,,,,,,,,,,,,,,,,,d|w,move_up|move_right,,0,0
8868,295600,,,,,,,,,,,,,,,,,,,,,,d|w,move_up|move_right,,0,0
8869,295633,,,,,,,,,,,,,,,,,,,,,,d|w,move_up|move_right,,0,0
8870,295667,,,,,,,,,,,,,,,,,,,,,,d|w,move_up|move_right,,0,0
8871,295700,,,,,,,,,,,,,,,,,,,,,,w,move_up,,0,0
8872,295733,,,,,,,,,,,,,,,,,,,,,,w,move_up,,0,0
8873,295767,,,,,,,,,,,,,,,,,,,,,,w,move_up,,0,0
8874,295800,,,,,,,,,,,,,,,,,,,,,,w,move_up,,0,0
8875,295833,,,,,,,,,,,,,,,,,,,,,,d|w,move_up|move_right,,0,0
8876,295867,,,,,,,,,,,,,,,,,,,,,,d|w,move_up|move_right,,0,0
8877,295900,,,,,,,,,,,,,,,,,,,,,,d|w,move_up|move_right,,0,0
8878,295933,,,,,,,,,,,,,,,,,,,,,,d|w,move_up|move_right,,0,0
8879,295967,,,,,,,,,,,,,,,,,,,,,,d|w,move_up|move_right,,0,0
8880,296000,,,,,,,,,,,,,,,,,,,,,,w,move_up,,0,0
8881,296033,,,,,,,,,,,,,,,,,,,,,,w,move_up,,0,0
8882,296067,,,,,,,,,,,,,,,,,,,,,,w,move_up,,0,0
8883,296100,,,,,,,,,,,,,,,,,,,,,,w,move_up,,0,0
8884,296133,,,,,,,,,,,,,,,,,,,,,,w,move_up,,0,0
8885,296167,,,,,,,,,,,,,,,,,,,,,,w,move_up,,0,0
8886,296200,,,,,,,,,,,,,,,,,,,,,,w,move_up,,0,0
8887,296233,,,,,,,,,,,,,,,,,,,,,,w,move_up,,0,0
8888,296267,,,,,,,,,,,,,,,,,,,,,,w,move_up,,0,0
8889,296300,,,,,,,,,,,,,,,,,,,,,,w,move_up,,0,0
8890,296333,,,,,,,,,,,,,,,,,,,,,,e,interact,,0,0
8891,296367,,,,,,,,,,,,,,,,,,,,,,e,interact,,0,0
8892,296400,,,,,,,,,,,,,,,,,,,,,,e,interact,,0,0
8893,296433,,,,,,,,,,,,,,,,,,,,,,e,interact,,0,0
8894,296467,,,,,,,,,,,,,,,,,,,,,,,,,0,0
8895,296500,,,,,,,,,,,,,,,,,,,,,,e,interact,,0,0
8896,296533,,,,,,,,,,,,,,,,,,,,,,e,interact,,0,0
8897,296567,,,,,,,,,,,,,,,,,,,,,,e,interact,,0,0
8898,296600,,,,,,,,,,,,,,,,,,,,,,w,move_up,,0,0
8899,296633,,,,,,,,,,,,,,,,,,,,,,w,move_up,,0,0
8900,296667,,,,,,,,,,,,,,,,,,,,,,w,move_up,,0,0
8901,296700,,,,,,,,,,,,,,,,,,,,,,w,move_up,,0,0
8902,296733,,,,,,,,,,,,,,,,,,,,,,w,move_up,,0,0
8903,296767,,,,,,,,,,,,,,,,,,,,,,w,move_up,,0,0
8904,296800,,,,,,,,,,,,,,,,,,,,,,w,move_up,,0,0
8905,296833,,,,,,,,,,,,,,,,,,,,,,w,move_up,,0,0
8906,296867,,,,,,,,,,,,,,,,,,,,,,w,move_up,,0,0
8907,296900,,,,,,,,,,,,,,,,,,,,,,w,move_up,,0,0
8908,296933,,,,,,,,,,,,,,,,,,,,,,,,,0,0
8909,296967,,,,,,,,,,,,,,,,,,,,,,e,interact,,0,0
8910,297000,,,,,,,,,,,,,,,,,,,,,,e,interact,,0,0
8911,297033,,,,,,,,,,,,,,,,,,,,,,e,interact,,0,0
8912,297067,,,,,,,,,,,,,,,,,,,,,,e,interact,,0,0
8913,297100,,,,,,,,,,,,,,,,,,,,,,,,,0,0
8914,297133,,,,,,,,,,,,,,,,,,,,,,w,move_up,,0,0
8915,297167,,,,,,,,,,,,,,,,,,,,,,w,move_up,,0,0
8916,297200,,,,,,,,,,,,,,,,,,,,,,w,move_up,,0,0
8917,297233,,,,,,,,,,,,,,,,,,,,,,w,move_up,,0,0
8918,297267,,,,,,,,,,,,,,,,,,,,,,w,move_up,,0,0
8919,297300,,,,,,,,,,,,,,,,,,,,,,w,move_up,,0,0
8920,297333,,,,,,,,,,,,,,,,,,,,,,w,move_up,,0,0
8921,297367,,,,,,,,,,,,,,,,,,,,,,d|w,move_up|move_right,,0,0
8922,297400,,,,,,,,,,,,,,,,,,,,,,d|w,move_up|move_right,,0,0
8923,297433,,,,,,,,,,,,,,,,,,,,,,d|w,move_up|move_right,,0,0
8924,297467,,,,,,,,,,,,,,,,,,,,,,d|w,move_up|move_right,,0,0
8925,297500,,,,,,,,,,,,,,,,,,,,,,d|w,move_up|move_right,,0,0
8926,297533,,,,,,,,,,,,,,,,,,,,,,d|w,move_up|move_right,,0,0
8927,297567,,,,,,,,,,,,,,,,,,,,,,d|w,move_up|move_right,,0,0
8928,297600,,,,,,,,,,,,,,,,,,,,,,d|w,move_up|move_right,,0,0
8929,297633,,,,,,,,,,,,,,,,,,,,,,w,move_up,,0,0
8930,297667,,,,,,,,,,,,,,,,,,,,,,w,move_up,,0,0
8931,297700,,,,,,,,,,,,,,,,,,,,,,w,move_up,,0,0
8932,297733,,,,,,,,,,,,,,,,,,,,,,w,move_up,,0,0
8933,297767,,,,,,,,,,,,,,,,,,,,,,w,move_up,,0,0
8934,297800,,,,,,,,,,,,,,,,,,,,,,w,move_up,,0,0
8935,297833,,,,,,,,,,,,,,,,,,,,,,d|w,move_up|move_right,,0,0
8936,297867,,,,,,,,,,,,,,,,,,,,,,d|w,move_up|move_right,,0,0
8937,297900,,,,,,,,,,,,,,,,,,,,,,d|w,move_up|move_right,,0,0
8938,297933,,,,,,,,,,,,,,,,,,,,,,d|w,move_up|move_right,,0,0
8939,297967,,,,,,,,,,,,,,,,,,,,,,d|w,move_up|move_right,,0,0
8940,298000,,,,,,,,,,,,,,,,,,,,,,d|w,move_up|move_right,,0,0
8941,298033,,,,,,,,,,,,,,,,,,,,,,d|w,move_up|move_right,,0,0
8942,298067,,,,,,,,,,,,,,,,,,,,,,d|w,move_up|move_right,,0,0
8943,298100,,,,,,,,,,,,,,,,,,,,,,d|w,move_up|move_right,,0,0
8944,298133,,,,,,,,,,,,,,,,,,,,,,d|w,move_up|move_right,,0,0
8945,298167,,,,,,,,,,,,,,,,,,,,,,d|w,move_up|move_right,,0,0
8946,298200,,,,,,,,,,,,,,,,,,,,,,d|w,move_up|move_right,,0,0
8947,298233,,,,,,,,,,,,,,,,,,,,,,d|w,move_up|move_right,,0,0
8948,298267,,,,,,,,,,,,,,,,,,,,,,d|w,move_up|move_right,,0,0
8949,298300,,,,,,,,,,,,,,,,,,,,,,d|w,move_up|move_right,,0,0
8950,298333,,,,,,,,,,,,,,,,,,,,,,d|w,move_up|move_right,,0,0
8951,298367,,,,,,,,,,,,,,,,,,,,,,d|w,move_up|move_right,,0,0
8952,298400,,,,,,,,,,,,,,,,,,,,,,d|w,move_up|move_right,,0,0
8953,298433,,,,,,,,,,,,,,,,,,,,,,d|w,move_up|move_right,,0,0
8954,298467,,,,,,,,,,,,,,,,,,,,,,w,move_up,,0,0
8955,298500,,,,,,,,,,,,,,,,,,,,,,,,,0,0
8956,298533,,,,,,,,,,,,,,,,,,,,,,,,,0,0
8957,298567,,,,,,,,,,,,,,,,,,,,,,,,,0,0
8958,298600,,,,,,,,,,,,,,,,,,,,,,e,interact,,0,0
8959,298633,,,,,,,,,,,,,,,,,,,,,,e,interact,,0,0
8960,298667,,,,,,,,,,,,,,,,,,,,,,e,interact,,0,0
8961,298700,,,,,,,,,,,,,,,,,,,,,,,,,0,0
8962,298733,,,,,,,,,,,,,,,,,,,,,,,,,0,0
8963,298767,,,,,,,,,,,,,,,,,,,,,,w,move_up,,0,0
8964,298800,,,,,,,,,,,,,,,,,,,,,,w,move_up,,0,0
8965,298833,,,,,,,,,,,,,,,,,,,,,,w,move_up,,0,0
8966,298867,,,,,,,,,,,,,,,,,,,,,,w,move_up,,0,0
8967,298900,,,,,,,,,,,,,,,,,,,,,,e|w,interact|move_up,,0,0
8968,298933,,,,,,,,,,,,,,,,,,,,,,e|w,interact|move_up,,0,0
8969,298967,,,,,,,,,,,,,,,,,,,,,,e|w,interact|move_up,,0,0
8970,299000,,,,,,,,,,,,,,,,,,,,,,e|w,interact|move_up,,0,0
8971,299033,,,,,,,,,,,,,,,,,,,,,,e|w,interact|move_up,,0,0
8972,299067,,,,,,,,,,,,,,,,,,,,,,,,,0,0
8973,299100,,,,,,,,,,,,,,,,,,,,,,,,,0,0
8974,299133,,,,,,,,,,,,,,,,,,,,,,,,,0,0
8975,299167,,,,,,,,,,,,,,,,,,,,,,,,,0,0
8976,299200,,,,,,,,,,,,,,,,,,,,,,,,,0,0
8977,299233,,,,,,,,,,,,,,,,,,,,,,,,,0,0
8978,299267,,,,,,,,,,,,,,,,,,,,,,d,move_right,,0,0
8979,299300,,,,,,,,,,,,,,,,,,,,,,d,move_right,,0,0
8980,299333,,,,,,,,,,,,,,,,,,,,,,d|w,move_up|move_right,,0,0
8981,299367,,,,,,,,,,,,,,,,,,,,,,d|w,move_up|move_right,,0,0
8982,299400,,,,,,,,,,,,,,,,,,,,,,d|w,move_up|move_right,,0,0
8983,299433,,,,,,,,,,,,,,,,,,,,,,d|w,move_up|move_right,,0,0
8984,299467,,,,,,,,,,,,,,,,,,,,,,d|w,move_up|move_right,,0,0
8985,299500,,,,,,,,,,,,,,,,,,,,,,w,move_up,,0,0
8986,299533,,,,,,,,,,,,,,,,,,,,,,w,move_up,,0,0
8987,299567,,,,,,,,,,,,,,,,,,,,,,w,move_up,,0,0
8988,299600,,,,,,,,,,,,,,,,,,,,,,w,move_up,,0,0
8989,299633,,,,,,,,,,,,,,,,,,,,,,w,move_up,,0,0
8990,299667,,,,,,,,,,,,,,,,,,,,,,w,move_up,,0,0
8991,299700,,,,,,,,,,,,,,,,,,,,,,,,,0,0
8992,299733,,,,,,,,,,,,,,,,,,,,,,,,,0,0
8993,299767,,,,,,,,,,,,,,,,,,,,,,,,,0,0
8994,299800,,,,,,,,,,,,,,,,,,,,,,w,move_up,,0,0
8995,299833,,,,,,,,,,,,,,,,,,,,,,w,move_up,,0,0
8996,299867,,,,,,,,,,,,,,,,,,,,,,w,move_up,,0,0
8997,299900,,,,,,,,,,,,,,,,,,,,,,d|w,move_up|move_right,,0,0
8998,299933,,,,,,,,,,,,,,,,,,,,,,d|w,move_up|move_right,,0,0
8999,299967,,,,,,,,,,,,,,,,,,,,,,d|w,move_up|move_right,,0,0
9000,300000,,,,,,,,,,,,,,,,,,,,,,d|w,move_up|move_right,,0,0
9001,300033,,,,,,,,,,,,,,,,,,,,,,d|w,move_up|move_right,,0,0
9002,300067,,,,,,,,,,,,,,,,,,,,,,d|w,move_up|move_right,,0,0
9003,300100,,,,,,,,,,,,,,,,,,,,,,d|w,move_up|move_right,,0,0
9004,300133,,,,,,,,,,,,,,,,,,,,,,d|w,move_up|move_right,,0,0
9005,300167,,,,,,,,,,,,,,,,,,,,,,d|w,move_up|move_right,,0,0
9006,300200,,,,,,,,,,,,,,,,,,,,,,d|w,move_up|move_right,,0,0
9007,300233,,,,,,,,,,,,,,,,,,,,,,d|w,move_up|move_right,,0,0
9008,300267,,,,,,,,,,,,,,,,,,,,,,w,move_up,,0,0
9009,300300,,,,,,,,,,,,,,,,,,,,,,w,move_up,,0,0
9010,300333,,,,,,,,,,,,,,,,,,,,,,w,move_up,,0,0
9011,300367,,,,,,,,,,,,,,,,,,,,,,,,,0,0
9012,300400,,,,,,,,,,,,,,,,,,,,,,,,,0,0
9013,300433,,,,,,,,,,,,,,,,,,,,,,,,,0,0
9014,300467,,,,,,,,,,,,,,,,,,,,,,w,move_up,,0,0
9015,300500,,,,,,,,,,,,,,,,,,,,,,w,move_up,,0,0
9016,300533,,,,,,,,,,,,,,,,,,,,,,w,move_up,,0,0
9017,300567,,,,,,,,,,,,,,,,,,,,,,w,move_up,,0,0
9018,300600,,,,,,,,,,,,,,,,,,,,,,w,move_up,,0,0
9019,300633,,,,,,,,,,,,,,,,,,,,,,w,move_up,,0,0
9020,300667,,,,,,,,,,,,,,,,,,,,,,w,move_up,,0,0
9021,300700,,,,,,,,,,,,,,,,,,,,,,w,move_up,,0,0
9022,300733,,,,,,,,,,,,,,,,,,,,,,w,move_up,,0,0
9023,300767,,,,,,,,,,,,,,,,,,,,,,w,move_up,,0,0
9024,300800,,,,,,,,,,,,,,,,,,,,,,e|w,interact|move_up,,0,0
9025,300833,,,,,,,,,,,,,,,,,,,,,,e|w,interact|move_up,,0,0
9026,300867,,,,,,,,,,,,,,,,,,,,,,e|w,interact|move_up,,0,0
9027,300900,,,,,,,,,,,,,,,,,,,,,,e|w,interact|move_up,,0,0
9028,300933,,,,,,,,,,,,,,,,,,,,,,w,move_up,,0,0
9029,300967,,,,,,,,,,,,,,,,,,,,,,e|w,interact|move_up,,0,0
9030,301000,,,,,,,,,,,,,,,,,,,,,,e|w,interact|move_up,,0,0
9031,301033,,,,,,,,,,,,,,,,,,,,,,e|w,interact|move_up,,0,0
9032,301067,,,,,,,,,,,,,,,,,,,,,,e|w,interact|move_up,,0,0
9033,301100,,,,,,,,,,,,,,,,,,,,,,w,move_up,,0,0
9034,301133,,,,,,,,,,,,,,,,,,,,,,,,,0,0
9035,301167,,,,,,,,,,,,,,,,,,,,,,,,,0,0
9036,301200,,,,,,,,,,,,,,,,,,,,,,,,,0,0
9037,301233,,,,,,,,,,,,,,,,,,,,,,,,,0,0
9038,301267,,,,,,,,,,,,,,,,,,,,,,,,,0,0
9039,301300,,,,,,,,,,,,,,,,,,,,,,w,move_up,,0,0
9040,301333,,,,,,,,,,,,,,,,,,,,,,w,move_up,,0,0
9041,301367,,,,,,,,,,,,,,,,,,,,,,e|w,interact|move_up,,0,0
9042,301400,,,,,,,,,,,,,,,,,,,,,,e|w,interact|move_up,,0,0
9043,301433,,,,,,,,,,,,,,,,,,,,,,e|w,interact|move_up,,0,0
9044,301467,,,,,,,,,,,,,,,,,,,,,,e|w,interact|move_up,,0,0
9045,301500,,,,,,,,,,,,,,,,,,,,,,e|w,interact|move_up,,0,0
9046,301533,,,,,,,,,,,,,,,,,,,,,,w,move_up,,0,0
9047,301567,,,,,,,,,,,,,,,,,,,,,,w,move_up,,0,0
9048,301600,,,,,,,,,,,,,,,,,,,,,,w,move_up,,0,0
9049,301633,,,,,,,,,,,,,,,,,,,,,,,,,0,0
9050,301667,,,,,,,,,,,,,,,,,,,,,,,,,0,0
9051,301700,,,,,,,,,,,,,,,,,,,,,,,,,0,0
9052,301733,,,,,,,,,,,,,,,,,,,,,,,,,0,0
9053,301767,,,,,,,,,,,,,,,,,,,,,,,,,0,0
9054,301800,,,,,,,,,,,,,,,,,,,,,,,,,0,0
9055,301833,,,,,,,,,,,,,,,,,,,,,,e,interact,,0,0
9056,301867,,,,,,,,,,,,,,,,,,,,,,e,interact,,0,0
9057,301900,,,,,,,,,,,,,,,,,,,,,,e,interact,,0,0
9058,301933,,,,,,,,,,,,,,,,,,,,,,e|w,interact|move_up,,0,0
9059,301967,,,,,,,,,,,,,,,,,,,,,,e|w,interact|move_up,,0,0
9060,302000,,,,,,,,,,,,,,,,,,,,,,w,move_up,,0,0
9061,302033,,,,,,,,,,,,,,,,,,,,,,w,move_up,,0,0
9062,302067,,,,,,,,,,,,,,,,,,,,,,w,move_up,,0,0
9063,302100,,,,,,,,,,,,,,,,,,,,,,w,move_up,,0,0
9064,302133,,,,,,,,,,,,,,,,,,,,,,w,move_up,,0,0
9065,302167,,,,,,,,,,,,,,,,,,,,,,w,move_up,,0,0
9066,302200,,,,,,,,,,,,,,,,,,,,,,w,move_up,,0,0
9067,302233,,,,,,,,,,,,,,,,,,,,,,w,move_up,,0,0
9068,302267,,,,,,,,,,,,,,,,,,,,,,w,move_up,,0,0
9069,302300,,,,,,,,,,,,,,,,,,,,,,w,move_up,,0,0
9070,302333,,,,,,,,,,,,,,,,,,,,,,w,move_up,,0,0
9071,302367,,,,,,,,,,,,,,,,,,,,,,w,move_up,,0,0
9072,302400,,,,,,,,,,,,,,,,,,,,,,w,move_up,,0,0
9073,302433,,,,,,,,,,,,,,,,,,,,,,w,move_up,,0,0
9074,302467,,,,,,,,,,,,,,,,,,,,,,w,move_up,,0,0
9075,302500,,,,,,,,,,,,,,,,,,,,,,w,move_up,,0,0
9076,302533,,,,,,,,,,,,,,,,,,,,,,w,move_up,,0,0
9077,302567,,,,,,,,,,,,,,,,,,,,,,w,move_up,,0,0
9078,302600,,,,,,,,,,,,,,,,,,,,,,d|w,move_up|move_right,,0,0
9079,302633,,,,,,,,,,,,,,,,,,,,,,d|w,move_up|move_right,,0,0
9080,302667,,,,,,,,,,,,,,,,,,,,,,d|w,move_up|move_right,,0,0
9081,302700,,,,,,,,,,,,,,,,,,,,,,d|w,move_up|move_right,,0,0
9082,302733,,,,,,,,,,,,,,,,,,,,,,d|w,move_up|move_right,,0,0
9083,302767,,,,,,,,,,,,,,,,,,,,,,d|w,move_up|move_right,,0,0
9084,302800,,,,,,,,,,,,,,,,,,,,,,d|w,move_up|move_right,,0,0
9085,302833,,,,,,,,,,,,,,,,,,,,,,d|w,move_up|move_right,,0,0
9086,302867,,,,,,,,,,,,,,,,,,,,,,d|w,move_up|move_right,,0,0
9087,302900,,,,,,,,,,,,,,,,,,,,,,d|w,move_up|move_right,,0,0
9088,302933,,,,,,,,,,,,,,,,,,,,,,d|w,move_up|move_right,,0,0
9089,302967,,,,,,,,,,,,,,,,,,,,,,d|w,move_up|move_right,,0,0
9090,303000,,,,,,,,,,,,,,,,,,,,,,d|w,move_up|move_right,,0,0
9091,303033,,,,,,,,,,,,,,,,,,,,,,d|w,move_up|move_right,,0,0
9092,303067,,,,,,,,,,,,,,,,,,,,,,d|w,move_up|move_right,,0,0
9093,303100,,,,,,,,,,,,,,,,,,,,,,d|w,move_up|move_right,,0,0
9094,303133,,,,,,,,,,,,,,,,,,,,,,d|w,move_up|move_right,,0,0
9095,303167,,,,,,,,,,,,,,,,,,,,,,d|w,move_up|move_right,,0,0
9096,303200,,,,,,,,,,,,,,,,,,,,,,,,,0,0
9097,303233,,,,,,,,,,,,,,,,,,,,,,,,,0,0
9098,303267,,,,,,,,,,,,,,,,,,,,,,,,,0,0
9099,303300,,,,,,,,,,,,,,,,,,,,,,d,move_right,,0,0
9100,303333,,,,,,,,,,,,,,,,,,,,,,d,move_right,,0,0
9101,303367,,,,,,,,,,,,,,,,,,,,,,d|w,move_up|move_right,,0,0
9102,303400,,,,,,,,,,,,,,,,,,,,,,d|w,move_up|move_right,,0,0
9103,303433,,,,,,,,,,,,,,,,,,,,,,d|w,move_up|move_right,,0,0
9104,303467,,,,,,,,,,,,,,,,,,,,,,d|w,move_up|move_right,,0,0
9105,303500,,,,,,,,,,,,,,,,,,,,,,d|w,move_up|move_right,,0,0
9106,303533,,,,,,,,,,,,,,,,,,,,,,d|w,move_up|move_right,,0,0
9107,303567,,,,,,,,,,,,,,,,,,,,,,d|w,move_up|move_right,,0,0
9108,303600,,,,,,,,,,,,,,,,,,,,,,d,move_right,,0,0
9109,303633,,,,,,,,,,,,,,,,,,,,,,d,move_right,,0,0
9110,303667,,,,,,,,,,,,,,,,,,,,,,d,move_right,,0,0
9111,303700,,,,,,,,,,,,,,,,,,,,,,d,move_right,,0,0
9112,303733,,,,,,,,,,,,,,,,,,,,,,,,,0,0
9113,303767,,,,,,,,,,,,,,,,,,,,,,,,,0,0
9114,303800,,,,,,,,,,,,,,,,,,,,,,,,,0,0
9115,303833,,,,,,,,,,,,,,,,,,,,,,,,,0,0
9116,303867,,,,,,,,,,,,,,,,,,,,,,,,,0,0
9117,303900,,,,,,,,,,,,,,,,,,,,,,,,,0,0
9118,303933,,,,,,,,,,,,,,,,,,,,,,,,,0,0
9119,303967,,,,,,,,,,,,,,,,,,,,,,,,,0,0
9120,304000,,,,,,,,,,,,,,,,,,,,,,,,,0,0
9121,304033,,,,,,,,,,,,,,,,,,,,,,,,,0,0
9122,304067,,,,,,,,,,,,,,,,,,,,,,w,move_up,,0,0
9123,304100,,,,,,,,,,,,,,,,,,,,,,w,move_up,,0,0
9124,304133,,,,,,,,,,,,,,,,,,,,,,w,move_up,,0,0
9125,304167,,,,,,,,,,,,,,,,,,,,,,w,move_up,,0,0
9126,304200,,,,,,,,,,,,,,,,,,,,,,w,move_up,,0,0
9127,304233,,,,,,,,,,,,,,,,,,,,,,a|w,move_up|move_left,,0,0
9128,304267,,,,,,,,,,,,,,,,,,,,,,a|w,move_up|move_left,,0,0
9129,304300,,,,,,,,,,,,,,,,,,,,,,a|w,move_up|move_left,,0,0
9130,304333,,,,,,,,,,,,,,,,,,,,,,a|w,move_up|move_left,,0,0
9131,304367,,,,,,,,,,,,,,,,,,,,,,a|w,move_up|move_left,,0,0
9132,304400,,,,,,,,,,,,,,,,,,,,,,a|w,move_up|move_left,,0,0
9133,304433,,,,,,,,,,,,,,,,,,,,,,a|w,move_up|move_left,,0,0
9134,304467,,,,,,,,,,,,,,,,,,,,,,a|w,move_up|move_left,,0,0
9135,304500,,,,,,,,,,,,,,,,,,,,,,a|w,move_up|move_left,,0,0
9136,304533,,,,,,,,,,,,,,,,,,,,,,a|w,move_up|move_left,,0,0
9137,304567,,,,,,,,,,,,,,,,,,,,,,w,move_up,,0,0
9138,304600,,,,,,,,,,,,,,,,,,,,,,w,move_up,,0,0
9139,304633,,,,,,,,,,,,,,,,,,,,,,w,move_up,,0,0
9140,304667,,,,,,,,,,,,,,,,,,,,,,w,move_up,,0,0
9141,304700,,,,,,,,,,,,,,,,,,,,,,w,move_up,,0,0
9142,304733,,,,,,,,,,,,,,,,,,,,,,w,move_up,,0,0
9143,304767,,,,,,,,,,,,,,,,,,,,,,a|w,move_up|move_left,,0,0
9144,304800,,,,,,,,,,,,,,,,,,,,,,a|w,move_up|move_left,,0,0
9145,304833,,,,,,,,,,,,,,,,,,,,,,a|w,move_up|move_left,,0,0
9146,304867,,,,,,,,,,,,,,,,,,,,,,a|w,move_up|move_left,,0,0
9147,304900,,,,,,,,,,,,,,,,,,,,,,a|w,move_up|move_left,,0,0
9148,304933,,,,,,,,,,,,,,,,,,,,,,a|w,move_up|move_left,,0,0
9149,304967,,,,,,,,,,,,,,,,,,,,,,a|w,move_up|move_left,,0,0
9150,305000,,,,,,,,,,,,,,,,,,,,,,a|w,move_up|move_left,,0,0
9151,305033,,,,,,,,,,,,,,,,,,,,,,a|w,move_up|move_left,,0,0
9152,305067,,,,,,,,,,,,,,,,,,,,,,a|w,move_up|move_left,,0,0
9153,305100,,,,,,,,,,,,,,,,,,,,,,a|w,move_up|move_left,,0,0
9154,305133,,,,,,,,,,,,,,,,,,,,,,a|w,move_up|move_left,,0,0
9155,305167,,,,,,,,,,,,,,,,,,,,,,a|w,move_up|move_left,,0,0
9156,305200,,,,,,,,,,,,,,,,,,,,,,a|w,move_up|move_left,,0,0
9157,305233,,,,,,,,,,,,,,,,,,,,,,a|w,move_up|move_left,,0,0
9158,305267,,,,,,,,,,,,,,,,,,,,,,a|w,move_up|move_left,,0,0
9159,305300,,,,,,,,,,,,,,,,,,,,,,a|w,move_up|move_left,,0,0
9160,305333,,,,,,,,,,,,,,,,,,,,,,a|w,move_up|move_left,,0,0
9161,305367,,,,,,,,,,,,,,,,,,,,,,a|w,move_up|move_left,,0,0
9162,305400,,,,,,,,,,,,,,,,,,,,,,a|w,move_up|move_left,,0,0
9163,305433,,,,,,,,,,,,,,,,,,,,,,a|w,move_up|move_left,,0,0
9164,305467,,,,,,,,,,,,,,,,,,,,,,a|w,move_up|move_left,,0,0
9165,305500,,,,,,,,,,,,,,,,,,,,,,a|w,move_up|move_left,,0,0
9166,305533,,,,,,,,,,,,,,,,,,,,,,w,move_up,,0,0
9167,305567,,,,,,,,,,,,,,,,,,,,,,w,move_up,,0,0
9168,305600,,,,,,,,,,,,,,,,,,,,,,w,move_up,,0,0
9169,305633,,,,,,,,,,,,,,,,,,,,,,a|w,move_up|move_left,,0,0
9170,305667,,,,,,,,,,,,,,,,,,,,,,a|w,move_up|move_left,,0,0
9171,305700,,,,,,,,,,,,,,,,,,,,,,a|w,move_up|move_left,,0,0
9172,305733,,,,,,,,,,,,,,,,,,,,,,a|w,move_up|move_left,,0,0
9173,305767,,,,,,,,,,,,,,,,,,,,,,a|w,move_up|move_left,,0,0
9174,305800,,,,,,,,,,,,,,,,,,,,,,a,move_left,,0,0
9175,305833,,,,,,,,,,,,,,,,,,,,,,a,move_left,,0,0
9176,305867,,,,,,,,,,,,,,,,,,,,,,a,move_left,,0,0
9177,305900,,,,,,,,,,,,,,,,,,,,,,a,move_left,,0,0
9178,305933,,,,,,,,,,,,,,,,,,,,,,a|w,move_up|move_left,,0,0
9179,305967,,,,,,,,,,,,,,,,,,,,,,a|w,move_up|move_left,,0,0
9180,306000,,,,,,,,,,,,,,,,,,,,,,a|w,move_up|move_left,,0,0
9181,306033,,,,,,,,,,,,,,,,,,,,,,a|w,move_up|move_left,,0,0
9182,306067,,,,,,,,,,,,,,,,,,,,,,a|w,move_up|move_left,,0,0
9183,306100,,,,,,,,,,,,,,,,,,,,,,a|w,move_up|move_left,,0,0
9184,306133,,,,,,,,,,,,,,,,,,,,,,w,move_up,,0,0
9185,306167,,,,,,,,,,,,,,,,,,,,,,w,move_up,,0,0
9186,306200,,,,,,,,,,,,,,,,,,,,,,w,move_up,,0,0
9187,306233,,,,,,,,,,,,,,,,,,,,,,w,move_up,,0,0
9188,306267,,,,,,,,,,,,,,,,,,,,,,w,move_up,,0,0
9189,306300,,,,,,,,,,,,,,,,,,,,,,d|w,move_up|move_right,,0,0
9190,306333,,,,,,,,,,,,,,,,,,,,,,d|w,move_up|move_right,,0,0
9191,306367,,,,,,,,,,,,,,,,,,,,,,d|w,move_up|move_right,,0,0
9192,306400,,,,,,,,,,,,,,,,,,,,,,d|w,move_up|move_right,,0,0
9193,306433,,,,,,,,,,,,,,,,,,,,,,d|w,move_up|move_right,,0,0
9194,306467,,,,,,,,,,,,,,,,,,,,,,d|w,move_up|move_right,,0,0
9195,306500,,,,,,,,,,,,,,,,,,,,,,d|w,move_up|move_right,,0,0
9196,306533,,,,,,,,,,,,,,,,,,,,,,d|w,move_up|move_right,,0,0
9197,306567,,,,,,,,,,,,,,,,,,,,,,d,move_right,,0,0
9198,306600,,,,,,,,,,,,,,,,,,,,,,d,move_right,,0,0
9199,306633,,,,,,,,,,,,,,,,,,,,,,d,move_right,,0,0
9200,306667,,,,,,,,,,,,,,,,,,,,,,d,move_right,,0,0
9201,306700,,,,,,,,,,,,,,,,,,,,,,d,move_right,,0,0
9202,306733,,,,,,,,,,,,,,,,,,,,,,d,move_right,,0,0
9203,306767,,,,,,,,,,,,,,,,,,,,,,d,move_right,,0,0
9204,306800,,,,,,,,,,,,,,,,,,,,,,d|w,move_up|move_right,,0,0
9205,306833,,,,,,,,,,,,,,,,,,,,,,d|w,move_up|move_right,,0,0
9206,306867,,,,,,,,,,,,,,,,,,,,,,d|w,move_up|move_right,,0,0
9207,306900,,,,,,,,,,,,,,,,,,,,,,d|w,move_up|move_right,,0,0
9208,306933,,,,,,,,,,,,,,,,,,,,,,d|w,move_up|move_right,,0,0
9209,306967,,,,,,,,,,,,,,,,,,,,,,d|w,move_up|move_right,,0,0
9210,307000,,,,,,,,,,,,,,,,,,,,,,d|w,move_up|move_right,,0,0
9211,307033,,,,,,,,,,,,,,,,,,,,,,d|w,move_up|move_right,,0,0
9212,307067,,,,,,,,,,,,,,,,,,,,,,d|w,move_up|move_right,,0,0
9213,307100,,,,,,,,,,,,,,,,,,,,,,w,move_up,,0,0
9214,307133,,,,,,,,,,,,,,,,,,,,,,,,,0,0
9215,307167,,,,,,,,,,,,,,,,,,,,,,,,,0,0
9216,307200,,,,,,,,,,,,,,,,,,,,,,,,,0,0
9217,307233,,,,,,,,,,,,,,,,,,,,,,,,,0,0
9218,307267,,,,,,,,,,,,,,,,,,,,,,w,move_up,,0,0
9219,307300,,,,,,,,,,,,,,,,,,,,,,w,move_up,,0,0
9220,307333,,,,,,,,,,,,,,,,,,,,,,w,move_up,,0,0
9221,307367,,,,,,,,,,,,,,,,,,,,,,w,move_up,,0,0
9222,307400,,,,,,,,,,,,,,,,,,,,,,w,move_up,,0,0
9223,307433,,,,,,,,,,,,,,,,,,,,,,w,move_up,,0,0
9224,307467,,,,,,,,,,,,,,,,,,,,,,w,move_up,,0,0
9225,307500,,,,,,,,,,,,,,,,,,,,,,w,move_up,,0,0
9226,307533,,,,,,,,,,,,,,,,,,,,,,e|w,interact|move_up,,0,0
9227,307567,,,,,,,,,,,,,,,,,,,,,,e|w,interact|move_up,,0,0
9228,307600,,,,,,,,,,,,,,,,,,,,,,e|w,interact|move_up,,0,0
9229,307633,,,,,,,,,,,,,,,,,,,,,,e|w,interact|move_up,,0,0
9230,307667,,,,,,,,,,,,,,,,,,,,,,e|w,interact|move_up,,0,0
9231,307700,,,,,,,,,,,,,,,,,,,,,,e|w,interact|move_up,,0,0
9232,307733,,,,,,,,,,,,,,,,,,,,,,e|w,interact|move_up,,0,0
9233,307767,,,,,,,,,,,,,,,,,,,,,,e|w,interact|move_up,,0,0
9234,307800,,,,,,,,,,,,,,,,,,,,,,e|w,interact|move_up,,0,0
9235,307833,,,,,,,,,,,,,,,,,,,,,,w,move_up,,0,0
9236,307867,,,,,,,,,,,,,,,,,,,,,,w,move_up,,0,0
9237,307900,,,,,,,,,,,,,,,,,,,,,,w,move_up,,0,0
9238,307933,,,,,,,,,,,,,,,,,,,,,,w,move_up,,0,0
9239,307967,,,,,,,,,,,,,,,,,,,,,,w,move_up,,0,0
9240,308000,,,,,,,,,,,,,,,,,,,,,,a|w,move_up|move_left,,0,0
9241,308033,,,,,,,,,,,,,,,,,,,,,,a|w,move_up|move_left,,0,0
9242,308067,,,,,,,,,,,,,,,,,,,,,,a|w,move_up|move_left,,0,0
9243,308100,,,,,,,,,,,,,,,,,,,,,,a|w,move_up|move_left,,0,0
9244,308133,,,,,,,,,,,,,,,,,,,,,,a|w,move_up|move_left,,0,0
9245,308167,,,,,,,,,,,,,,,,,,,,,,a|w,move_up|move_left,,0,0
9246,308200,,,,,,,,,,,,,,,,,,,,,,a|w,move_up|move_left,,0,0
9247,308233,,,,,,,,,,,,,,,,,,,,,,a|w,move_up|move_left,,0,0
9248,308267,,,,,,,,,,,,,,,,,,,,,,a|w,move_up|move_left,,0,0
9249,308300,,,,,,,,,,,,,,,,,,,,,,a|w,move_up|move_left,,0,0
9250,308333,,,,,,,,,,,,,,,,,,,,,,a|w,move_up|move_left,,0,0
9251,308367,,,,,,,,,,,,,,,,,,,,,,a|w,move_up|move_left,,0,0
9252,308400,,,,,,,,,,,,,,,,,,,,,,w,move_up,,0,0
9253,308433,,,,,,,,,,,,,,,,,,,,,,w,move_up,,0,0
9254,308467,,,,,,,,,,,,,,,,,,,,,,w,move_up,,0,0
9255,308500,,,,,,,,,,,,,,,,,,,,,,w,move_up,,0,0
9256,308533,,,,,,,,,,,,,,,,,,,,,,w,move_up,,0,0
9257,308567,,,,,,,,,,,,,,,,,,,,,,w,move_up,,0,0
9258,308600,,,,,,,,,,,,,,,,,,,,,,w,move_up,,0,0
9259,308633,,,,,,,,,,,,,,,,,,,,,,w,move_up,,0,0
9260,308667,,,,,,,,,,,,,,,,,,,,,,w,move_up,,0,0
9261,308700,,,,,,,,,,,,,,,,,,,,,,w,move_up,,0,0
9262,308733,,,,,,,,,,,,,,,,,,,,,,w,move_up,,0,0
9263,308767,,,,,,,,,,,,,,,,,,,,,,w,move_up,,0,0
9264,308800,,,,,,,,,,,,,,,,,,,,,,w,move_up,,0,0
9265,308833,,,,,,,,,,,,,,,,,,,,,,w,move_up,,0,0
9266,308867,,,,,,,,,,,,,,,,,,,,,,w,move_up,,0,0
9267,308900,,,,,,,,,,,,,,,,,,,,,,w,move_up,,0,0
9268,308933,,,,,,,,,,,,,,,,,,,,,,w,move_up,,0,0
9269,308967,,,,,,,,,,,,,,,,,,,,,,w,move_up,,0,0
9270,309000,,,,,,,,,,,,,,,,,,,,,,w,move_up,,0,0
9271,309033,,,,,,,,,,,,,,,,,,,,,,w,move_up,,0,0
9272,309067,,,,,,,,,,,,,,,,,,,,,,w,move_up,,0,0
9273,309100,,,,,,,,,,,,,,,,,,,,,,w,move_up,,0,0
9274,309133,,,,,,,,,,,,,,,,,,,,,,w,move_up,,0,0
9275,309167,,,,,,,,,,,,,,,,,,,,,,w,move_up,,0,0
9276,309200,,,,,,,,,,,,,,,,,,,,,,a|w,move_up|move_left,,0,0
9277,309233,,,,,,,,,,,,,,,,,,,,,,a|w,move_up|move_left,,0,0
9278,309267,,,,,,,,,,,,,,,,,,,,,,a|w,move_up|move_left,,0,0
9279,309300,,,,,,,,,,,,,,,,,,,,,,a|w,move_up|move_left,,0,0
9280,309333,,,,,,,,,,,,,,,,,,,,,,a|w,move_up|move_left,,0,0
9281,309367,,,,,,,,,,,,,,,,,,,,,,a|w,move_up|move_left,,0,0
9282,309400,,,,,,,,,,,,,,,,,,,,,,a|w,move_up|move_left,,0,0
9283,309433,,,,,,,,,,,,,,,,,,,,,,a|w,move_up|move_left,,0,0
9284,309467,,,,,,,,,,,,,,,,,,,,,,a|w,move_up|move_left,,0,0
9285,309500,,,,,,,,,,,,,,,,,,,,,,a|w,move_up|move_left,,0,0
9286,309533,,,,,,,,,,,,,,,,,,,,,,a|w,move_up|move_left,,0,0
9287,309567,,,,,,,,,,,,,,,,,,,,,,a|w,move_up|move_left,,0,0
9288,309600,,,,,,,,,,,,,,,,,,,,,,a|w,move_up|move_left,,0,0
9289,309633,,,,,,,,,,,,,,,,,,,,,,a|w,move_up|move_left,,0,0
9290,309667,,,,,,,,,,,,,,,,,,,,,,a|w,move_up|move_left,,0,0
9291,309700,,,,,,,,,,,,,,,,,,,,,,a|w,move_up|move_left,,0,0
9292,309733,,,,,,,,,,,,,,,,,,,,,,a|w,move_up|move_left,,0,0
9293,309767,,,,,,,,,,,,,,,,,,,,,,a|w,move_up|move_left,,0,0
9294,309800,,,,,,,,,,,,,,,,,,,,,,a|w,move_up|move_left,,0,0
9295,309833,,,,,,,,,,,,,,,,,,,,,,a|w,move_up|move_left,,0,0
9296,309867,,,,,,,,,,,,,,,,,,,,,,a|w,move_up|move_left,,0,0
9297,309900,,,,,,,,,,,,,,,,,,,,,,a|w,move_up|move_left,,0,0
9298,309933,,,,,,,,,,,,,,,,,,,,,,a|w,move_up|move_left,,0,0
9299,309967,,,,,,,,,,,,,,,,,,,,,,a|w,move_up|move_left,,0,0
9300,310000,,,,,,,,,,,,,,,,,,,,,,w,move_up,,0,0
9301,310033,,,,,,,,,,,,,,,,,,,,,,w,move_up,,0,0
9302,310067,,,,,,,,,,,,,,,,,,,,,,w,move_up,,0,0
9303,310100,,,,,,,,,,,,,,,,,,,,,,w,move_up,,0,0
9304,310133,,,,,,,,,,,,,,,,,,,,,,w,move_up,,0,0
9305,310167,,,,,,,,,,,,,,,,,,,,,,w,move_up,,0,0
9306,310200,,,,,,,,,,,,,,,,,,,,,,w,move_up,,0,0
9307,310233,,,,,,,,,,,,,,,,,,,,,,w,move_up,,0,0
9308,310267,,,,,,,,,,,,,,,,,,,,,,a|w,move_up|move_left,,0,0
9309,310300,,,,,,,,,,,,,,,,,,,,,,a|w,move_up|move_left,,0,0
9310,310333,,,,,,,,,,,,,,,,,,,,,,a|w,move_up|move_left,,0,0
9311,310367,,,,,,,,,,,,,,,,,,,,,,a|w,move_up|move_left,,0,0
9312,310400,,,,,,,,,,,,,,,,,,,,,,a|w,move_up|move_left,,0,0
9313,310433,,,,,,,,,,,,,,,,,,,,,,a|w,move_up|move_left,,0,0
9314,310467,,,,,,,,,,,,,,,,,,,,,,a|w,move_up|move_left,,0,0
9315,310500,,,,,,,,,,,,,,,,,,,,,,a|w,move_up|move_left,,0,0
9316,310533,,,,,,,,,,,,,,,,,,,,,,a|w,move_up|move_left,,0,0
9317,310567,,,,,,,,,,,,,,,,,,,,,,a|w,move_up|move_left,,0,0
9318,310600,,,,,,,,,,,,,,,,,,,,,,a|w,move_up|move_left,,0,0
9319,310633,,,,,,,,,,,,,,,,,,,,,,a|w,move_up|move_left,,0,0
9320,310667,,,,,,,,,,,,,,,,,,,,,,a|w,move_up|move_left,,0,0
9321,310700,,,,,,,,,,,,,,,,,,,,,,a|w,move_up|move_left,,0,0
9322,310733,,,,,,,,,,,,,,,,,,,,,,a|w,move_up|move_left,,0,0
9323,310767,,,,,,,,,,,,,,,,,,,,,,w,move_up,,0,0
9324,310800,,,,,,,,,,,,,,,,,,,,,,w,move_up,,0,0
9325,310833,,,,,,,,,,,,,,,,,,,,,,w,move_up,,0,0
9326,310867,,,,,,,,,,,,,,,,,,,,,,w,move_up,,0,0
9327,310900,,,,,,,,,,,,,,,,,,,,,,w,move_up,,0,0
9328,310933,,,,,,,,,,,,,,,,,,,,,,w,move_up,,0,0
9329,310967,,,,,,,,,,,,,,,,,,,,,,w,move_up,,0,0
9330,311000,,,,,,,,,,,,,,,,,,,,,,w,move_up,,0,0
9331,311033,,,,,,,,,,,,,,,,,,,,,,w,move_up,,0,0
9332,311067,,,,,,,,,,,,,,,,,,,,,,w,move_up,,0,0
9333,311100,,,,,,,,,,,,,,,,,,,,,,w,move_up,,0,0
9334,311133,,,,,,,,,,,,,,,,,,,,,,w,move_up,,0,0
9335,311167,,,,,,,,,,,,,,,,,,,,,,w,move_up,,0,0
9336,311200,,,,,,,,,,,,,,,,,,,,,,w,move_up,,0,0
9337,311233,,,,,,,,,,,,,,,,,,,,,,w,move_up,,0,0
9338,311267,,,,,,,,,,,,,,,,,,,,,,w,move_up,,0,0
9339,311300,,,,,,,,,,,,,,,,,,,,,,w,move_up,,0,0
9340,311333,,,,,,,,,,,,,,,,,,,,,,w,move_up,,0,0
9341,311367,,,,,,,,,,,,,,,,,,,,,,w,move_up,,0,0
9342,311400,,,,,,,,,,,,,,,,,,,,,,w,move_up,,0,0
9343,311433,,,,,,,,,,,,,,,,,,,,,,w,move_up,,0,0
9344,311467,,,,,,,,,,,,,,,,,,,,,,w,move_up,,0,0
9345,311500,,,,,,,,,,,,,,,,,,,,,,w,move_up,,0,0
9346,311533,,,,,,,,,,,,,,,,,,,,,,w,move_up,,0,0
9347,311567,,,,,,,,,,,,,,,,,,,,,,w,move_up,,0,0
9348,311600,,,,,,,,,,,,,,,,,,,,,,w,move_up,,0,0
9349,311633,,,,,,,,,,,,,,,,,,,,,,w,move_up,,0,0
9350,311667,,,,,,,,,,,,,,,,,,,,,,w,move_up,,0,0
9351,311700,,,,,,,,,,,,,,,,,,,,,,w,move_up,,0,0
9352,311733,,,,,,,,,,,,,,,,,,,,,,w,move_up,,0,0
9353,311767,,,,,,,,,,,,,,,,,,,,,,w,move_up,,0,0
9354,311800,,,,,,,,,,,,,,,,,,,,,,w,move_up,,0,0
9355,311833,,,,,,,,,,,,,,,,,,,,,,w,move_up,,0,0
9356,311867,,,,,,,,,,,,,,,,,,,,,,w,move_up,,0,0
9357,311900,,,,,,,,,,,,,,,,,,,,,,w,move_up,,0,0
9358,311933,,,,,,,,,,,,,,,,,,,,,,w,move_up,,0,0
9359,311967,,,,,,,,,,,,,,,,,,,,,,,,,0,0
9360,312000,,,,,,,,,,,,,,,,,,,,,,,,,0,0
9361,312033,,,,,,,,,,,,,,,,,,,,,,,,,0,0
9362,312067,,,,,,,,,,,,,,,,,,,,,,,,,0,0
9363,312100,,,,,,,,,,,,,,,,,,,,,,,,,0,0
9364,312133,,,,,,,,,,,,,,,,,,,,,,e,interact,,0,0
9365,312167,,,,,,,,,,,,,,,,,,,,,,e,interact,,0,0
9366,312200,,,,,,,,,,,,,,,,,,,,,,e,interact,,0,0
9367,312233,,,,,,,,,,,,,,,,,,,,,,e,interact,,0,0
9368,312267,,,,,,,,,,,,,,,,,,,,,,,,,0,0
9369,312300,,,,,,,,,,,,,,,,,,,,,,,,,0,0
9370,312333,,,,,,,,,,,,,,,,,,,,,,,,,0,0
9371,312367,,,,,,,,,,,,,,,,,,,,,,,,,0,0
9372,312400,,,,,,,,,,,,,,,,,,,,,,,,,0,0
9373,312433,,,,,,,,,,,,,,,,,,,,,,,,,0,0
9374,312467,,,,,,,,,,,,,,,,,,,,,,,,,0,0
9375,312500,,,,,,,,,,,,,,,,,,,,,,,,,0,0
9376,312533,,,,,,,,,,,,,,,,,,,,,,,,,0,0
9377,312567,,,,,,,,,,,,,,,,,,,,,,,,,0,0
9378,312600,,,,,,,,,,,,,,,,,,,,,,w,move_up,,0,0
9379,312633,,,,,,,,,,,,,,,,,,,,,,w,move_up,,0,0
9380,312667,,,,,,,,,,,,,,,,,,,,,,w,move_up,,0,0
9381,312700,,,,,,,,,,,,,,,,,,,,,,e|w,interact|move_up,,0,0
9382,312733,,,,,,,,,,,,,,,,,,,,,,e|w,interact|move_up,,0,0
9383,312767,,,,,,,,,,,,,,,,,,,,,,e|w,interact|move_up,,0,0
9384,312800,,,,,,,,,,,,,,,,,,,,,,e|w,interact|move_up,,0,0
9385,312833,,,,,,,,,,,,,,,,,,,,,,w,move_up,,0,0
9386,312867,,,,,,,,,,,,,,,,,,,,,,,,,0,0
9387,312900,,,,,,,,,,,,,,,,,,,,,,,,,0,0
9388,312933,,,,,,,,,,,,,,,,,,,,,,,,,0,0
9389,312967,,,,,,,,,,,,,,,,,,,,,,,,,0,0
9390,313000,,,,,,,,,,,,,,,,,,,,,,,,,0,0
9391,313033,,,,,,,,,,,,,,,,,,,,,,,,,0,0
9392,313067,,,,,,,,,,,,,,,,,,,,,,,,,0,0
9393,313100,,,,,,,,,,,,,,,,,,,,,,,,,0,0
9394,313133,,,,,,,,,,,,,,,,,,,,,,,,,0,0
9395,313167,,,,,,,,,,,,,,,,,,,,,,,,,0,0
9396,313200,,,,,,,,,,,,,,,,,,,,,,,,,0,0
9397,313233,,,,,,,,,,,,,,,,,,,,,,,,,0,0
9398,313267,,,,,,,,,,,,,,,,,,,,,,,,,0,0
9399,313300,,,,,,,,,,,,,,,,,,,,,,,,,0,0
9400,313333,,,,,,,,,,,,,,,,,,,,,,,,,0,0
9401,313367,,,,,,,,,,,,,,,,,,,,,,,,,0,0
9402,313400,,,,,,,,,,,,,,,,,,,,,,,,,0,0
9403,313433,,,,,,,,,,,,,,,,,,,,,,,,,0,0
9404,313467,,,,,,,,,,,,,,,,,,,,,,,,,0,0
9405,313500,,,,,,,,,,,,,,,,,,,,,,,,,0,0
9406,313533,,,,,,,,,,,,,,,,,,,,,,,,,0,0
9407,313567,,,,,,,,,,,,,,,,,,,,,,,,,0,0
9408,313600,,,,,,,,,,,,,,,,,,,,,,,,,0,0
9409,313633,,,,,,,,,,,,,,,,,,,,,,,,,0,0
9410,313667,,,,,,,,,,,,,,,,,,,,,,,,,0,0
9411,313700,,,,,,,,,,,,,,,,,,,,,,,,,0,0
9412,313733,,,,,,,,,,,,,,,,,,,,,,,,,0,0
9413,313767,,,,,,,,,,,,,,,,,,,,,,,,,0,0
9414,313800,,,,,,,,,,,,,,,,,,,,,,,,,0,0
9415,313833,,,,,,,,,,,,,,,,,,,,,,,,,0,0
9416,313867,,,,,,,,,,,,,,,,,,,,,,,,,0,0
9417,313900,,,,,,,,,,,,,,,,,,,,,,,,,0,0
9418,313933,,,,,,,,,,,,,,,,,,,,,,,,,0,0
9419,313967,,,,,,,,,,,,,,,,,,,,,,,,,0,0
9420,314000,,,,,,,,,,,,,,,,,,,,,,,,,0,0
9421,314033,,,,,,,,,,,,,,,,,,,,,,,,,0,0
9422,314067,,,,,,,,,,,,,,,,,,,,,,,,,0,0
9423,314100,,,,,,,,,,,,,,,,,,,,,,,,,0,0
9424,314133,,,,,,,,,,,,,,,,,,,,,,,,,0,0
9425,314167,,,,,,,,,,,,,,,,,,,,,,,,,0,0
9426,314200,,,,,,,,,,,,,,,,,,,,,,,,,0,0
9427,314233,,,,,,,,,,,,,,,,,,,,,,,,,0,0
9428,314267,,,,,,,,,,,,,,,,,,,,,,,,,0,0
9429,314300,,,,,,,,,,,,,,,,,,,,,,,,,0,0
9430,314333,,,,,,,,,,,,,,,,,,,,,,,,,0,0
9431,314367,,,,,,,,,,,,,,,,,,,,,,,,,0,0
9432,314400,,,,,,,,,,,,,,,,,,,,,,,,,0,0
9433,314433,,,,,,,,,,,,,,,,,,,,,,,,,0,0
9434,314467,,,,,,,,,,,,,,,,,,,,,,,,,0,0
9435,314500,,,,,,,,,,,,,,,,,,,,,,,,,0,0
9436,314533,,,,,,,,,,,,,,,,,,,,,,,,,0,0
9437,314567,,,,,,,,,,,,,,,,,,,,,,,,,0,0
9438,314600,,,,,,,,,,,,,,,,,,,,,,,,,0,0
9439,314633,,,,,,,,,,,,,,,,,,,,,,,,,0,0
9440,314667,,,,,,,,,,,,,,,,,,,,,,,,,0,0
9441,314700,,,,,,,,,,,,,,,,,,,,,,,,,0,0
9442,314733,,,,,,,,,,,,,,,,,,,,,,,,,0,0
9443,314767,,,,,,,,,,,,,,,,,,,,,,,,,0,0
9444,314800,,,,,,,,,,,,,,,,,,,,,,,,,0,0
9445,314833,,,,,,,,,,,,,,,,,,,,,,,,,0,0
9446,314867,,,,,,,,,,,,,,,,,,,,,,,,,0,0
9447,314900,,,,,,,,,,,,,,,,,,,,,,,,,0,0
9448,314933,,,,,,,,,,,,,,,,,,,,,,,,,0,0
9449,314967,,,,,,,,,,,,,,,,,,,,,,,,,0,0
9450,315000,,,,,,,,,,,,,,,,,,,,,,,,,0,0
9451,315033,,,,,,,,,,,,,,,,,,,,,,,,,0,0
9452,315067,,,,,,,,,,,,,,,,,,,,,,,,,0,0
9453,315100,,,,,,,,,,,,,,,,,,,,,,,,,0,0
9454,315133,,,,,,,,,,,,,,,,,,,,,,,,,0,0
9455,315167,,,,,,,,,,,,,,,,,,,,,,,,,0,0
9456,315200,,,,,,,,,,,,,,,,,,,,,,,,,0,0
9457,315233,,,,,,,,,,,,,,,,,,,,,,,,,0,0
9458,315267,,,,,,,,,,,,,,,,,,,,,,,,,0,0
9459,315300,,,,,,,,,,,,,,,,,,,,,,,,,0,0
9460,315333,,,,,,,,,,,,,,,,,,,,,,,,,0,0
9461,315367,,,,,,,,,,,,,,,,,,,,,,,,,0,0
9462,315400,,,,,,,,,,,,,,,,,,,,,,,,,0,0
9463,315433,,,,,,,,,,,,,,,,,,,,,,,,,0,0
9464,315467,,,,,,,,,,,,,,,,,,,,,,,,,0,0
9465,315500,,,,,,,,,,,,,,,,,,,,,,,,,0,0
9466,315533,,,,,,,,,,,,,,,,,,,,,,,,,0,0
9467,315567,,,,,,,,,,,,,,,,,,,,,,,,,0,0
9468,315600,,,,,,,,,,,,,,,,,,,,,,,,,0,0
9469,315633,,,,,,,,,,,,,,,,,,,,,,,,,0,0
9470,315667,,,,,,,,,,,,,,,,,,,,,,,,,0,0
9471,315700,,,,,,,,,,,,,,,,,,,,,,,,,0,0
9472,315733,,,,,,,,,,,,,,,,,,,,,,,,,0,0
9473,315767,,,,,,,,,,,,,,,,,,,,,,,,,0,0
9474,315800,,,,,,,,,,,,,,,,,,,,,,,,,0,0
9475,315833,,,,,,,,,,,,,,,,,,,,,,,,,0,0
9476,315867,,,,,,,,,,,,,,,,,,,,,,,,,0,0
9477,315900,,,,,,,,,,,,,,,,,,,,,,,,,0,0
9478,315933,,,,,,,,,,,,,,,,,,,,,,,,,0,0
9479,315967,,,,,,,,,,,,,,,,,,,,,,,,,0,0
9480,316000,,,,,,,,,,,,,,,,,,,,,,,,,0,0
9481,316033,,,,,,,,,,,,,,,,,,,,,,,,,0,0
9482,316067,,,,,,,,,,,,,,,,,,,,,,,,,0,0
9483,316100,,,,,,,,,,,,,,,,,,,,,,,,,0,0
9484,316133,,,,,,,,,,,,,,,,,,,,,,,,,0,0
9485,316167,,,,,,,,,,,,,,,,,,,,,,,,,0,0
9486,316200,,,,,,,,,,,,,,,,,,,,,,,,,0,0
9487,316233,,,,,,,,,,,,,,,,,,,,,,,,,0,0
9488,316267,,,,,,,,,,,,,,,,,,,,,,,,,0,0
9489,316300,,,,,,,,,,,,,,,,,,,,,,,,,0,0
9490,316333,,,,,,,,,,,,,,,,,,,,,,,,,0,0
9491,316367,,,,,,,,,,,,,,,,,,,,,,,,,0,0
9492,316400,,,,,,,,,,,,,,,,,,,,,,,,,0,0
9493,316433,,,,,,,,,,,,,,,,,,,,,,,,,0,0
9494,316467,,,,,,,,,,,,,,,,,,,,,,,,,0,0
9495,316500,,,,,,,,,,,,,,,,,,,,,,,,,0,0
9496,316533,,,,,,,,,,,,,,,,,,,,,,,,,0,0
9497,316567,,,,,,,,,,,,,,,,,,,,,,,,,0,0
9498,316600,,,,,,,,,,,,,,,,,,,,,,,,,0,0
9499,316633,,,,,,,,,,,,,,,,,,,,,,,,,0,0
9500,316667,,,,,,,,,,,,,,,,,,,,,,,,,0,0
9501,316700,,,,,,,,,,,,,,,,,,,,,,,,,0,0
9502,316733,,,,,,,,,,,,,,,,,,,,,,,,,0,0
9503,316767,,,,,,,,,,,,,,,,,,,,,,,,,0,0
9504,316800,,,,,,,,,,,,,,,,,,,,,,,,,0,0
9505,316833,,,,,,,,,,,,,,,,,,,,,,,,,0,0
9506,316867,,,,,,,,,,,,,,,,,,,,,,,,,0,0
9507,316900,,,,,,,,,,,,,,,,,,,,,,,,,0,0
9508,316933,,,,,,,,,,,,,,,,,,,,,,,,,0,0
9509,316967,,,,,,,,,,,,,,,,,,,,,,,,,0,0
9510,317000,,,,,,,,,,,,,,,,,,,,,,,,,0,0
9511,317033,,,,,,,,,,,,,,,,,,,,,,,,,0,0
9512,317067,,,,,,,,,,,,,,,,,,,,,,,,,0,0
9513,317100,,,,,,,,,,,,,,,,,,,,,,,,,0,0
9514,317133,,,,,,,,,,,,,,,,,,,,,,,,,0,0
9515,317167,,,,,,,,,,,,,,,,,,,,,,,,,0,0
9516,317200,,,,,,,,,,,,,,,,,,,,,,,,,0,0
9517,317233,,,,,,,,,,,,,,,,,,,,,,,,,0,0
9518,317267,,,,,,,,,,,,,,,,,,,,,,,,,0,0
9519,317300,,,,,,,,,,,,,,,,,,,,,,,,,0,0
9520,317333,,,,,,,,,,,,,,,,,,,,,,,,,0,0
9521,317367,,,,,,,,,,,,,,,,,,,,,,,,,0,0
9522,317400,,,,,,,,,,,,,,,,,,,,,,,,,0,0
9523,317433,,,,,,,,,,,,,,,,,,,,,,,,,0,0
9524,317467,,,,,,,,,,,,,,,,,,,,,,,,,0,0
9525,317500,,,,,,,,,,,,,,,,,,,,,,,,,0,0
9526,317533,,,,,,,,,,,,,,,,,,,,,,,,,0,0
9527,317567,,,,,,,,,,,,,,,,,,,,,,,,,0,0
9528,317600,,,,,,,,,,,,,,,,,,,,,,,,,0,0
9529,317633,,,,,,,,,,,,,,,,,,,,,,,,,0,0
9530,317667,,,,,,,,,,,,,,,,,,,,,,,,,0,0
9531,317700,,,,,,,,,,,,,,,,,,,,,,,,,0,0
9532,317733,,,,,,,,,,,,,,,,,,,,,,,,,0,0
9533,317767,,,,,,,,,,,,,,,,,,,,,,,,,0,0
9534,317800,,,,,,,,,,,,,,,,,,,,,,,,,0,0
9535,317833,,,,,,,,,,,,,,,,,,,,,,,,,0,0
9536,317867,,,,,,,,,,,,,,,,,,,,,,,,,0,0
9537,317900,,,,,,,,,,,,,,,,,,,,,,,,,0,0
9538,317933,,,,,,,,,,,,,,,,,,,,,,,,,0,0
9539,317967,,,,,,,,,,,,,,,,,,,,,,,,,0,0
9540,318000,,,,,,,,,,,,,,,,,,,,,,,,,0,0
9541,318033,,,,,,,,,,,,,,,,,,,,,,,,,0,0
9542,318067,,,,,,,,,,,,,,,,,,,,,,,,,0,0
9543,318100,,,,,,,,,,,,,,,,,,,,,,,,,0,0
9544,318133,,,,,,,,,,,,,,,,,,,,,,,,,0,0
9545,318167,,,,,,,,,,,,,,,,,,,,,,,,,0,0
9546,318200,,,,,,,,,,,,,,,,,,,,,,,,,0,0
9547,318233,,,,,,,,,,,,,,,,,,,,,,,,,0,0
